run_time,spot,expiration,strike,bid,ask,last,volume,open_interest,iv,delta,gamma,theta,vega
2026-08-31 13:45:18,714.71,2026-08-31,700.0,0.02,0.07,0.07,621,30098,0.3709,-0.0175,0.00612,-0.045,0.0083
2026-08-31 13:45:18,714.71,2026-08-31,701.0,0.03,0.04,0.08,13,506,0.3366,-0.0153,0.00599,-0.035,0.0073
2026-08-31 13:45:18,714.71,2026-08-31,702.0,0.08,0.09,0.09,385,487,0.3626,-0.0314,0.01021,-0.085,0.0135
2026-08-31 13:45:18,714.71,2026-08-31,703.0,0.05,0.1,0.21,17,1050,0.3314,-0.0305,0.0109,-0.075,0.0131
2026-08-31 13:45:18,714.71,2026-08-31,704.0,0.11,0.12,0.11,136,1012,0.3329,-0.044,0.01466,-0.115,0.0178
2026-08-31 13:45:18,714.71,2026-08-31,705.0,0.09,0.14,0.13,2254,9235,0.3076,-0.0472,0.01678,-0.115,0.0188
2026-08-31 13:45:18,714.71,2026-08-31,706.0,0.17,0.18,0.18,54,571,0.3086,-0.0674,0.02215,-0.175,0.0249
2026-08-31 13:45:18,714.71,2026-08-31,707.0,0.22,0.23,0.21,383,772,0.2986,-0.0857,0.02749,-0.225,0.0299
2026-08-31 13:45:18,714.71,2026-08-31,708.0,0.29,0.3,0.29,302,1167,0.2898,-0.1101,0.03402,-0.295,0.0359
2026-08-31 13:45:18,714.71,2026-08-31,709.0,0.34,0.35,0.33,169,1006,0.2709,-0.1323,0.04141,-0.345,0.0409
2026-08-31 13:45:18,714.71,2026-08-31,710.0,0.47,0.48,0.48,772,9454,0.2656,-0.1738,0.05064,-0.475,0.049
2026-08-31 13:45:18,714.71,2026-08-31,711.0,0.63,0.65,0.66,164,757,0.259,-0.2238,0.06049,-0.64,0.0571
2026-08-31 13:45:18,714.71,2026-08-31,712.0,0.86,0.91,0.86,1023,2080,0.257,-0.2876,0.06951,-0.885,0.0651
2026-08-31 13:45:18,714.71,2026-08-31,713.0,1.19,1.2,1.08,1333,782,0.2548,-0.3598,0.07694,-1.195,0.0714
2026-08-31 13:45:18,714.71,2026-08-31,714.0,1.51,1.54,1.43,1256,2032,0.2452,-0.437,0.08418,-1.525,0.0752
2026-08-31 13:45:18,714.71,2026-08-31,715.0,2.04,2.07,1.91,2178,3474,0.2515,-0.5213,0.08299,-1.76,0.076
2026-08-31 13:45:18,714.71,2026-08-31,716.0,2.53,2.56,2.44,1108,1206,0.2413,-0.6076,0.08346,-1.25,0.0733
2026-08-31 13:45:18,714.71,2026-08-31,717.0,3.23,3.28,3.11,277,846,0.2501,-0.6816,0.07478,-0.96,0.0681
2026-08-31 13:45:18,714.71,2026-08-31,718.0,3.99,4.03,3.91,197,2164,0.2559,-0.7471,0.06548,-0.715,0.061
2026-08-31 13:45:18,714.71,2026-08-31,719.0,4.73,4.77,4.75,27,1467,0.2481,-0.815,0.05638,-0.455,0.0509
2026-08-31 13:45:18,714.71,2026-08-31,720.0,5.49,5.65,5.81,38,3552,0.2425,-0.8712,0.04542,-0.275,0.0401
2026-08-31 13:45:18,714.71,2026-08-31,721.0,6.2,6.89,5.17,6,840,0.267,-0.8892,0.0371,-0.25,0.0361
2026-08-31 13:45:18,714.71,2026-08-31,722.0,7.18,8.01,7.68,5,460,0.3111,-0.8877,0.03213,-0.3,0.0364
2026-08-31 13:45:18,714.71,2026-08-31,723.0,8.14,8.97,6.89,1,382,0.3293,-0.904,0.02711,-0.26,0.0325
2026-08-31 13:45:18,714.71,2026-08-31,724.0,9.13,9.89,8.029,8033,635,0.3429,-0.9198,0.02277,-0.215,0.0284
2026-08-31 13:45:18,714.71,2026-08-31,725.0,10.36,11.04,10.6,90,4343,0.4309,-0.8915,0.02264,-0.405,0.0355
2026-08-31 13:45:18,714.71,2026-08-31,726.0,11,11.61,9.82,1,512,0.2761,-0.983,0.00802,-0.01,0.0081
2026-08-31 13:45:18,714.71,2026-08-31,727.0,12.1,12.76,10.85,1335,387,0.3884,-0.9492,0.0141,-0.135,0.0199
2026-08-31 13:45:18,714.71,2026-08-31,728.0,12.98,13.87,11.82,990,359,0.4106,-0.9528,0.01256,-0.13,0.0188
2026-08-31 13:45:18,714.71,2026-08-31,729.0,14.18,14.72,12.16,956,431,0.4482,-0.9501,0.01203,-0.155,0.0196
2026-08-31 13:46:20,714.59,2026-08-31,700.0,0.06,0.07,0.06,751,30098,0.3903,-0.0233,0.0074,-0.065,0.0105
2026-08-31 13:46:20,714.59,2026-08-31,701.0,0.03,0.04,0.07,14,506,0.3346,-0.0154,0.00607,-0.035,0.0074
2026-08-31 13:46:20,714.59,2026-08-31,702.0,0.08,0.09,0.06,438,487,0.3605,-0.0316,0.01035,-0.085,0.0135
2026-08-31 13:46:20,714.59,2026-08-31,703.0,0.05,0.06,0.09,100,1050,0.3126,-0.0244,0.00963,-0.055,0.0109
2026-08-31 13:46:20,714.59,2026-08-31,704.0,0.07,0.12,0.1,232,1012,0.3187,-0.0388,0.01384,-0.095,0.016
2026-08-31 13:46:20,714.59,2026-08-31,705.0,0.09,0.14,0.13,2679,9235,0.3051,-0.0476,0.01705,-0.115,0.0189
2026-08-31 13:46:20,714.59,2026-08-31,706.0,0.12,0.13,0.17,288,571,0.2842,-0.0544,0.02036,-0.125,0.021
2026-08-31 13:46:20,714.59,2026-08-31,707.0,0.17,0.18,0.17,514,772,0.278,-0.0738,0.02639,-0.175,0.0266
2026-08-31 13:46:20,714.59,2026-08-31,708.0,0.28,0.29,0.28,651,1167,0.2839,-0.109,0.03454,-0.285,0.0356
2026-08-31 13:46:20,714.59,2026-08-31,709.0,0.37,0.38,0.33,505,1006,0.2748,-0.1401,0.04254,-0.375,0.0424
2026-08-31 13:46:20,714.59,2026-08-31,710.0,0.44,0.46,0.44,1322,9454,0.2568,-0.1713,0.05197,-0.45,0.0484
2026-08-31 13:46:20,714.59,2026-08-31,711.0,0.61,0.66,0.64,456,757,0.254,-0.2261,0.06215,-0.635,0.0573
2026-08-31 13:46:20,714.59,2026-08-31,712.0,0.83,0.85,0.83,1774,2080,0.2454,-0.2867,0.07283,-0.84,0.0649
2026-08-31 13:46:20,714.59,2026-08-31,713.0,1.1,1.12,1.1,2309,782,0.2374,-0.3595,0.08267,-1.11,0.0712
2026-08-31 13:46:20,714.59,2026-08-31,714.0,1.5,1.52,1.45,2940,2032,0.2368,-0.4448,0.08756,-1.51,0.0753
2026-08-31 13:46:20,714.59,2026-08-31,715.0,1.91,1.99,1.91,4146,3474,0.23,-0.5341,0.09069,-1.54,0.0757
2026-08-31 13:46:20,714.59,2026-08-31,716.0,2.45,2.54,2.45,7601,1206,0.225,-0.6257,0.08839,-1.085,0.0722
2026-08-31 13:46:20,714.59,2026-08-31,717.0,3.1,3.19,3.09,1095,846,0.2219,-0.7126,0.08063,-0.735,0.0649
2026-08-31 13:46:20,714.59,2026-08-31,718.0,3.95,3.98,3.83,429,2164,0.2338,-0.7751,0.06731,-0.555,0.0571
2026-08-31 13:46:20,714.59,2026-08-31,719.0,4.67,4.89,4.74,128,1467,0.2352,-0.8347,0.05545,-0.37,0.0474
2026-08-31 13:46:20,714.59,2026-08-31,720.0,5.59,5.88,5.48,77,3552,0.2587,-0.8611,0.0449,-0.325,0.0422
2026-08-31 13:46:20,714.59,2026-08-31,721.0,6.37,6.94,6.22,33,840,0.2694,-0.8916,0.03624,-0.245,0.0354
2026-08-31 13:46:20,714.59,2026-08-31,722.0,7.32,7.84,7.46,29,460,0.275,-0.9191,0.02862,-0.17,0.0286
2026-08-31 13:46:20,714.59,2026-08-31,723.0,8.32,8.84,8.16,18,382,0.3027,-0.9253,0.02446,-0.17,0.0269
2026-08-31 13:46:20,714.59,2026-08-31,724.0,9.18,9.95,8.029,8033,635,0.3238,-0.9342,0.02076,-0.155,0.0244
2026-08-31 13:46:20,714.59,2026-08-31,725.0,10.38,10.63,10.33,126,4343,0.3214,-0.9535,0.01589,-0.095,0.0185
2026-08-31 13:46:20,714.59,2026-08-31,726.0,11.34,11.79,11.64,1,512,0.376,-0.942,0.01619,-0.155,0.0221
2026-08-31 13:46:20,714.59,2026-08-31,727.0,12.55,12.66,12.24,3,387,0.4195,-0.9371,0.01546,-0.195,0.0235
2026-08-31 13:46:20,714.59,2026-08-31,728.0,13.37,15.24,11.82,990,359,0.6521,-0.8552,0.01833,-0.895,0.0434
2026-08-31 13:46:20,714.59,2026-08-31,729.0,14.27,16.35,12.16,956,431,0.6855,-0.8602,0.01702,-0.9,0.0424
2026-08-31 13:47:21,714.18,2026-08-31,700.0,0.02,0.03,0.06,826,30098,0.3323,-0.0115,0.00475,-0.025,0.0057
2026-08-31 13:47:21,714.18,2026-08-31,701.0,0.03,0.04,0.07,86,506,0.3265,-0.0158,0.00636,-0.035,0.0075
2026-08-31 13:47:21,714.18,2026-08-31,702.0,0.08,0.09,0.08,500,487,0.3513,-0.0324,0.01085,-0.085,0.0138
2026-08-31 13:47:21,714.18,2026-08-31,703.0,0.1,0.11,0.06,254,1050,0.3402,-0.0401,0.01334,-0.105,0.0164
2026-08-31 13:47:21,714.18,2026-08-31,704.0,0.07,0.12,0.08,327,1012,0.3092,-0.0399,0.01463,-0.095,0.0164
2026-08-31 13:47:21,714.18,2026-08-31,705.0,0.14,0.15,0.15,3010,9235,0.3097,-0.0574,0.01954,-0.145,0.0219
2026-08-31 13:47:21,714.18,2026-08-31,706.0,0.14,0.15,0.18,567,571,0.2828,-0.0621,0.02275,-0.145,0.0233
2026-08-31 13:47:21,714.18,2026-08-31,707.0,0.24,0.25,0.23,830,772,0.2906,-0.0944,0.03046,-0.245,0.032
2026-08-31 13:47:21,714.18,2026-08-31,708.0,0.32,0.33,0.32,782,1167,0.2823,-0.1222,0.03774,-0.325,0.0385
2026-08-31 13:47:21,714.18,2026-08-31,709.0,0.37,0.42,0.38,622,1006,0.266,-0.1502,0.04613,-0.395,0.0444
2026-08-31 13:47:21,714.18,2026-08-31,710.0,0.51,0.52,0.51,2083,9454,0.2552,-0.1917,0.05622,-0.515,0.0519
2026-08-31 13:47:21,714.18,2026-08-31,711.0,0.74,0.75,0.74,751,757,0.2563,-0.254,0.06576,-0.745,0.0609
2026-08-31 13:47:21,714.18,2026-08-31,712.0,0.99,1,0.99,2355,2080,0.2503,-0.3204,0.07517,-0.995,0.068
2026-08-31 13:47:21,714.18,2026-08-31,713.0,1.26,1.28,1.26,2731,782,0.2385,-0.3942,0.08486,-1.27,0.0732
2026-08-31 13:47:21,714.18,2026-08-31,714.0,1.67,1.68,1.67,3844,2032,0.2339,-0.4807,0.08959,-1.675,0.0758
2026-08-31 13:47:21,714.18,2026-08-31,715.0,2.14,2.17,2.14,7456,3474,0.2275,-0.572,0.09072,-1.335,0.0746
2026-08-31 13:47:21,714.18,2026-08-31,716.0,2.71,2.81,2.71,9603,1206,0.2255,-0.6612,0.08533,-0.94,0.0696
2026-08-31 13:47:21,714.18,2026-08-31,717.0,3.42,3.47,3.42,2547,846,0.2223,-0.7446,0.07601,-0.625,0.0611
2026-08-31 13:47:21,714.18,2026-08-31,718.0,4.15,4.24,4.28,674,2164,0.216,-0.8211,0.06365,-0.375,0.0497
2026-08-31 13:47:21,714.18,2026-08-31,719.0,5.01,5.23,5.03,361,1467,0.234,-0.8581,0.05049,-0.3,0.0427
2026-08-31 13:47:21,714.18,2026-08-31,720.0,5.89,6.02,5.89,145,3552,0.2187,-0.9171,0.03673,-0.135,0.029
2026-08-31 13:47:21,714.18,2026-08-31,721.0,6.57,7.11,6.6,89,840,0.1892,-0.9698,0.019,-0.02,0.013
2026-08-31 13:47:21,714.18,2026-08-31,722.0,7.88,8.25,7.75,74,460,0.3119,-0.9038,0.02876,-0.245,0.0324
2026-08-31 13:47:21,714.18,2026-08-31,723.0,8.54,9.04,8.46,19,382,,,,,
2026-08-31 13:47:21,714.18,2026-08-31,724.0,9.62,10.2,8.029,1,635,0.3047,-0.9531,0.01692,-0.09,0.0186
2026-08-31 13:47:21,714.18,2026-08-31,725.0,10.86,10.9,10.69,145,4343,0.3107,-0.9648,0.01313,-0.06,0.0148
2026-08-31 13:47:21,714.18,2026-08-31,726.0,11.89,12.13,11.64,3,512,0.4027,-0.9361,0.01634,-0.19,0.0238
2026-08-31 13:47:21,714.18,2026-08-31,727.0,12.74,13.18,12.24,3,387,0.4053,-0.9495,0.01348,-0.14,0.0198
2026-08-31 13:47:21,714.18,2026-08-31,728.0,13.11,14.97,11.82,990,359,0.4678,-0.937,0.01391,-0.22,0.0235
2026-08-31 13:47:21,714.18,2026-08-31,729.0,14.54,16.16,12.16,956,431,0.6027,-0.898,0.01554,-0.53,0.0339
2026-08-31 13:48:23,715.75,2026-08-31,701.0,0.01,0.02,0.06,98,506,0.3225,-0.0074,0.00334,-0.015,0.0039
2026-08-31 13:48:23,715.75,2026-08-31,702.0,0.06,0.07,0.05,513,487,0.3715,-0.0243,0.00808,-0.065,0.0109
2026-08-31 13:48:23,715.75,2026-08-31,703.0,0.03,0.08,0.08,431,1050,0.3393,-0.0227,0.00836,-0.055,0.0103
2026-08-31 13:48:23,715.75,2026-08-31,704.0,0.04,0.09,0.05,358,1012,0.3254,-0.0274,0.01018,-0.065,0.012
2026-08-31 13:48:23,715.75,2026-08-31,705.0,0.1,0.11,0.07,3068,9235,0.3292,-0.0412,0.01409,-0.105,0.0168
2026-08-31 13:48:23,715.75,2026-08-31,706.0,0.12,0.13,0.13,753,571,0.3147,-0.0498,0.01717,-0.125,0.0196
2026-08-31 13:48:23,715.75,2026-08-31,707.0,0.12,0.17,0.13,1023,772,0.2979,-0.0593,0.02082,-0.145,0.0225
2026-08-31 13:48:23,715.75,2026-08-31,708.0,0.21,0.22,0.22,1063,1167,0.2973,-0.083,0.02702,-0.215,0.0291
2026-08-31 13:48:23,715.75,2026-08-31,709.0,0.23,0.24,0.24,1154,1006,0.2743,-0.0956,0.03253,-0.235,0.0323
2026-08-31 13:48:23,715.75,2026-08-31,710.0,0.35,0.36,0.36,3169,9454,0.2756,-0.1338,0.04115,-0.355,0.0411
2026-08-31 13:48:23,715.75,2026-08-31,711.0,0.43,0.44,0.44,1534,757,0.2596,-0.1654,0.05032,-0.435,0.0473
2026-08-31 13:48:23,715.75,2026-08-31,712.0,0.63,0.64,0.64,3408,2080,0.2606,-0.2219,0.05999,-0.635,0.0566
2026-08-31 13:48:23,715.75,2026-08-31,713.0,0.79,0.85,0.85,3770,782,0.2496,-0.2783,0.07065,-0.82,0.0639
2026-08-31 13:48:23,715.75,2026-08-31,714.0,1.08,1.13,1.13,5504,2032,0.245,-0.3506,0.07948,-1.105,0.0705
2026-08-31 13:48:23,715.75,2026-08-31,715.0,1.43,1.49,1.49,12983,3474,0.2398,-0.4316,0.08612,-1.46,0.0748
2026-08-31 13:48:23,715.75,2026-08-31,716.0,1.86,1.9,1.9,12838,1206,0.2322,-0.5194,0.09016,-1.63,0.0758
2026-08-31 13:48:23,715.75,2026-08-31,717.0,2.47,2.49,2.49,4181,846,0.2368,-0.6061,0.08537,-1.23,0.0732
2026-08-31 13:48:23,715.75,2026-08-31,718.0,3.06,3.14,3.12,1028,2164,0.2324,-0.6915,0.07961,-0.85,0.067
2026-08-31 13:48:23,715.75,2026-08-31,719.0,3.82,3.89,3.89,432,1467,0.2364,-0.762,0.06879,-0.605,0.0589
2026-08-31 13:48:23,715.75,2026-08-31,720.0,4.61,4.75,4.69,256,3552,0.2422,-0.819,0.05714,-0.43,0.0501
2026-08-31 13:48:23,715.75,2026-08-31,721.0,5.37,5.68,5.27,100,840,0.2417,-0.8706,0.04584,-0.275,0.0401
2026-08-31 13:48:23,715.75,2026-08-31,722.0,6.01,7.94,6.5,84,460,0.3721,-0.808,0.03856,-0.725,0.052
2026-08-31 13:48:23,715.75,2026-08-31,723.0,7.07,7.49,8.46,20,382,0.2063,-0.9663,0.01908,-0.03,0.0143
2026-08-31 13:48:23,715.75,2026-08-31,724.0,8.16,8.63,9.75,2,635,0.2891,-0.931,0.02414,-0.145,0.0253
2026-08-31 13:48:23,715.75,2026-08-31,725.0,9.36,10.96,9.6,192,4343,0.5158,-0.8231,0.02644,-0.91,0.0494
2026-08-31 13:48:23,715.75,2026-08-31,726.0,10.07,11.38,10.06,3,512,0.4497,-0.8811,0.02322,-0.475,0.0378
2026-08-31 13:48:23,715.75,2026-08-31,727.0,10.89,11.66,12.24,3,387,0.2921,-0.9772,0.00971,-0.025,0.0103
2026-08-31 13:48:23,715.75,2026-08-31,728.0,12.1,13.8,11.82,990,359,0.5693,-0.8668,0.01985,-0.7,0.0409
2026-08-31 13:48:23,715.75,2026-08-31,729.0,12.95,14.89,12.16,1,431,0.5932,-0.8756,0.01818,-0.67,0.0391
2026-08-31 13:48:23,715.75,2026-08-31,730.0,14.21,14.77,15.53,3,2000,0.4871,-0.9349,0.01369,-0.24,0.0242
2026-08-31 13:49:25,715.62,2026-08-31,701.0,0.05,0.06,0.06,141,506,0.3818,-0.0205,0.00682,-0.055,0.0094
2026-08-31 13:49:25,715.62,2026-08-31,702.0,0.06,0.07,0.06,514,487,0.369,-0.0245,0.0082,-0.065,0.0109
2026-08-31 13:49:25,715.62,2026-08-31,703.0,0.07,0.08,0.08,635,1050,0.3543,-0.0288,0.00978,-0.075,0.0125
2026-08-31 13:49:25,715.62,2026-08-31,704.0,0.04,0.09,0.09,387,1012,0.3227,-0.0276,0.01035,-0.065,0.0121
2026-08-31 13:49:25,715.62,2026-08-31,705.0,0.1,0.11,0.11,3192,9235,0.3263,-0.0416,0.01434,-0.105,0.0169
2026-08-31 13:49:25,715.62,2026-08-31,706.0,0.12,0.13,0.13,909,571,0.3117,-0.0503,0.01749,-0.125,0.0197
2026-08-31 13:49:25,715.62,2026-08-31,707.0,0.16,0.17,0.13,1125,772,0.3033,-0.0653,0.02208,-0.165,0.0242
2026-08-31 13:49:25,715.62,2026-08-31,708.0,0.16,0.17,0.21,1246,1167,0.2757,-0.0709,0.02588,-0.165,0.0258
2026-08-31 13:49:25,715.62,2026-08-31,709.0,0.23,0.28,0.24,1333,1006,0.2767,-0.1018,0.0338,-0.255,0.0338
2026-08-31 13:49:25,715.62,2026-08-31,710.0,0.36,0.37,0.32,4146,9454,0.274,-0.1377,0.04228,-0.365,0.0418
2026-08-31 13:49:25,715.62,2026-08-31,711.0,0.48,0.49,0.49,1884,757,0.2655,-0.1773,0.05153,-0.485,0.0494
2026-08-31 13:49:25,715.62,2026-08-31,712.0,0.59,0.6,0.6,4068,2080,0.2486,-0.2191,0.06254,-0.595,0.0561
2026-08-31 13:49:25,715.62,2026-08-31,713.0,0.81,0.83,0.84,4312,782,0.244,-0.2834,0.07301,-0.82,0.0643
2026-08-31 13:49:25,715.62,2026-08-31,714.0,1.09,1.1,1.1,6635,2032,0.2372,-0.3569,0.08276,-1.095,0.0709
2026-08-31 13:49:25,715.62,2026-08-31,715.0,1.45,1.47,1.47,15381,3474,0.2323,-0.4414,0.08941,-1.46,0.075
2026-08-31 13:49:25,715.62,2026-08-31,716.0,1.93,2.009,2,14052,1206,0.235,-0.5312,0.08906,-1.5845,0.0756
2026-08-31 13:49:25,715.62,2026-08-31,717.0,2.49,2.56,2.44,4800,846,0.232,-0.6202,0.08638,-1.14,0.0723
2026-08-31 13:49:25,715.62,2026-08-31,718.0,3.15,3.23,3.11,1111,2164,0.2321,-0.7026,0.07854,-0.805,0.0658
2026-08-31 13:49:25,715.62,2026-08-31,719.0,3.88,4.01,3.83,452,1467,0.2343,-0.7735,0.06761,-0.56,0.0572
2026-08-31 13:49:25,715.62,2026-08-31,720.0,4.7,4.86,4.79,288,3552,0.2402,-0.8289,0.05567,-0.395,0.0483
2026-08-31 13:49:25,715.62,2026-08-31,721.0,5.32,5.92,5.6,163,840,0.236,-0.8827,0.04391,-0.235,0.0374
2026-08-31 13:49:25,715.62,2026-08-31,722.0,6.5,7.72,6.97,84,460,0.3776,-0.81,0.03782,-0.725,0.0516
2026-08-31 13:49:25,715.62,2026-08-31,723.0,7.35,7.71,7.55,21,382,0.266,-0.9259,0.02775,-0.145,0.0267
2026-08-31 13:49:25,715.62,2026-08-31,724.0,8.26,8.77,8.53,4,635,0.287,-0.9358,0.02301,-0.13,0.0238
2026-08-31 13:49:25,715.62,2026-08-31,725.0,9.54,9.77,9.32,210,4343,0.3653,-0.9091,0.02357,-0.27,0.0311
2026-08-31 13:49:25,715.62,2026-08-31,726.0,10.31,11.48,10.06,3,512,0.4638,-0.8773,0.02306,-0.51,0.0386
2026-08-31 13:49:25,715.62,2026-08-31,727.0,11.19,11.88,12.24,3,387,0.3741,-0.9431,0.01608,-0.15,0.0217
2026-08-31 13:49:25,715.62,2026-08-31,728.0,12.49,14.16,11.82,990,359,0.6302,-0.845,0.0199,-0.94,0.0453
2026-08-31 13:49:25,715.62,2026-08-31,729.0,13.57,15.09,13.81,1,431,0.6645,-0.8508,0.0184,-0.945,0.0442
2026-08-31 13:49:25,715.62,2026-08-31,730.0,14.46,14.48,15.53,6,2000,0.4112,-0.9652,0.00984,-0.085,0.0146
2026-08-31 13:50:26,715.22,2026-08-31,701.0,0.06,0.07,0.06,511,506,0.3836,-0.0237,0.00769,-0.065,0.0106
2026-08-31 13:50:26,715.22,2026-08-31,702.0,0.06,0.07,0.07,527,487,0.3606,-0.0251,0.00856,-0.065,0.0111
2026-08-31 13:50:26,715.22,2026-08-31,703.0,0.08,0.09,0.09,682,1050,0.3532,-0.0323,0.0108,-0.085,0.0137
2026-08-31 13:50:26,715.22,2026-08-31,704.0,0.05,0.1,0.1,810,1012,0.3219,-0.0314,0.01158,-0.075,0.0134
2026-08-31 13:50:26,715.22,2026-08-31,705.0,0.11,0.12,0.08,3874,9235,0.3226,-0.0455,0.01563,-0.115,0.0181
2026-08-31 13:50:26,715.22,2026-08-31,706.0,0.09,0.1,0.14,1046,571,0.286,-0.0428,0.01679,-0.095,0.0173
2026-08-31 13:50:26,715.22,2026-08-31,707.0,0.17,0.18,0.18,1745,772,0.297,-0.07,0.02384,-0.175,0.0255
2026-08-31 13:50:26,715.22,2026-08-31,708.0,0.18,0.19,0.23,1799,1167,0.2725,-0.079,0.02849,-0.185,0.0279
2026-08-31 13:50:26,715.22,2026-08-31,709.0,0.29,0.3,0.3,2460,1006,0.2763,-0.1151,0.03706,-0.295,0.0368
2026-08-31 13:50:26,715.22,2026-08-31,710.0,0.35,0.36,0.39,11352,9454,0.2589,-0.1412,0.0456,-0.355,0.0425
2026-08-31 13:50:26,715.22,2026-08-31,711.0,0.52,0.53,0.53,3564,757,0.2594,-0.1926,0.05563,-0.525,0.0519
2026-08-31 13:50:26,715.22,2026-08-31,712.0,0.69,0.7,0.7,5700,2080,0.2503,-0.2458,0.06634,-0.695,0.0597
2026-08-31 13:50:26,715.22,2026-08-31,713.0,0.89,0.94,0.94,6077,782,0.241,-0.3105,0.07725,-0.915,0.067
2026-08-31 13:50:26,715.22,2026-08-31,714.0,1.25,1.26,1.26,9295,2032,0.2392,-0.3909,0.08462,-1.255,0.0728
2026-08-31 13:50:26,715.22,2026-08-31,715.0,1.65,1.67,1.67,19358,3474,0.2351,-0.4771,0.08934,-1.66,0.0755
2026-08-31 13:50:26,715.22,2026-08-31,716.0,2.12,2.19,2.19,16554,1206,0.2311,-0.5674,0.0897,-1.375,0.0746
2026-08-31 13:50:26,715.22,2026-08-31,717.0,2.76,2.79,2.73,5318,846,0.232,-0.654,0.08382,-0.995,0.07
2026-08-31 13:50:26,715.22,2026-08-31,718.0,3.41,3.51,3.38,1564,2164,0.2302,-0.7349,0.07505,-0.68,0.0621
2026-08-31 13:50:26,715.22,2026-08-31,719.0,4.19,4.23,4.29,484,1467,0.2259,-0.8083,0.06367,-0.43,0.0517
2026-08-31 13:50:26,715.22,2026-08-31,720.0,5.05,5.2,5.14,374,3552,0.2435,-0.847,0.05115,-0.345,0.0448
2026-08-31 13:50:26,715.22,2026-08-31,721.0,5.85,6.46,6.28,176,840,0.2838,-0.8558,0.04218,-0.375,0.0431
2026-08-31 13:50:26,715.22,2026-08-31,722.0,6.83,7.61,7,103,460,0.332,-0.8563,0.03598,-0.44,0.043
2026-08-31 13:50:26,715.22,2026-08-31,723.0,7.79,8.21,7.77,36,382,0.3036,-0.9092,0.02838,-0.22,0.031
2026-08-31 13:50:26,715.22,2026-08-31,724.0,8.63,9.51,9.15,5,635,0.3547,-0.9014,0.02583,-0.29,0.0329
2026-08-31 13:50:26,715.22,2026-08-31,725.0,9.69,10.2,10.17,256,4343,0.3392,-0.9335,0.02007,-0.165,0.0245
2026-08-31 13:50:26,715.22,2026-08-31,726.0,10.7,11.21,10.06,3,512,0.3699,-0.9354,0.01799,-0.175,0.0239
2026-08-31 13:50:26,715.22,2026-08-31,727.0,11.49,12.27,12.24,3,387,0.3592,-0.9561,0.01364,-0.1,0.0176
2026-08-31 13:50:26,715.22,2026-08-31,728.0,12.88,14.19,11.82,990,359,0.6016,-0.8644,0.01909,-0.755,0.0413
2026-08-31 13:50:26,715.22,2026-08-31,729.0,13.47,14.46,13.81,2,431,0.4525,-0.9432,0.0133,-0.185,0.0216
2026-08-31 13:50:26,715.22,2026-08-31,730.0,14.87,14.96,14.67,7,2000,0.4522,-0.9552,0.01101,-0.135,0.0179
2026-08-31 13:51:30,714.6,2026-08-31,700.0,0.05,0.06,0.05,1354,30098,0.3831,-0.0205,0.00683,-0.055,0.0094
2026-08-31 13:51:30,714.6,2026-08-31,701.0,0.06,0.07,0.06,541,506,0.3703,-0.0245,0.00821,-0.065,0.0109
2026-08-31 13:51:30,714.6,2026-08-31,702.0,0.06,0.07,0.07,646,487,0.3471,-0.026,0.00919,-0.065,0.0114
2026-08-31 13:51:30,714.6,2026-08-31,703.0,0.03,0.08,0.08,720,1050,0.315,-0.0244,0.00962,-0.055,0.0108
2026-08-31 13:51:30,714.6,2026-08-31,704.0,0.05,0.06,0.06,1117,1012,0.2919,-0.0261,0.01098,-0.055,0.0115
2026-08-31 13:51:30,714.6,2026-08-31,705.0,0.1,0.11,0.11,4359,9235,0.302,-0.0446,0.01648,-0.105,0.0178
2026-08-31 13:51:30,714.6,2026-08-31,706.0,0.13,0.14,0.1,1156,571,0.2911,-0.0572,0.02083,-0.135,0.0217
2026-08-31 13:51:30,714.6,2026-08-31,707.0,0.16,0.17,0.13,2104,772,0.2764,-0.071,0.02594,-0.165,0.0257
2026-08-31 13:51:30,714.6,2026-08-31,708.0,0.21,0.22,0.18,2251,1167,0.2651,-0.0918,0.03286,-0.215,0.0312
2026-08-31 13:51:30,714.6,2026-08-31,709.0,0.23,0.28,0.28,3479,1006,0.2464,-0.1124,0.04097,-0.255,0.0361
2026-08-31 13:51:30,714.6,2026-08-31,710.0,0.36,0.37,0.37,13132,9454,0.2406,-0.1535,0.052,-0.365,0.0448
2026-08-31 13:51:30,714.6,2026-08-31,711.0,0.45,0.5,0.5,4721,757,0.227,-0.1981,0.06482,-0.475,0.0527
2026-08-31 13:51:30,714.6,2026-08-31,712.0,0.66,0.67,0.67,7777,2080,0.2198,-0.2629,0.07844,-0.665,0.0617
2026-08-31 13:51:30,714.6,2026-08-31,713.0,0.89,0.9,0.9,8108,782,0.2089,-0.3396,0.09268,-0.895,0.0693
2026-08-31 13:51:30,714.6,2026-08-31,714.0,1.16,1.17,1.17,12820,2032,0.1928,-0.4313,0.10774,-1.165,0.0744
2026-08-31 13:51:30,714.6,2026-08-31,715.0,1.6,1.62,1.62,21976,3474,0.1871,-0.5416,0.11208,-1.21,0.0751
2026-08-31 13:51:30,714.6,2026-08-31,716.0,2.04,2.14,2.14,18030,1206,0.1701,-0.6648,0.11324,-0.69,0.0689
2026-08-31 13:51:30,714.6,2026-08-31,717.0,2.66,2.73,2.73,5698,846,0.1493,-0.7991,0.09936,-0.295,0.0531
2026-08-31 13:51:30,714.6,2026-08-31,718.0,3.37,3.45,3.58,1765,2164,0.102,-0.9594,0.04514,-0.01,0.0165
2026-08-31 13:51:30,714.6,2026-08-31,719.0,4.14,4.17,4.42,511,1467,,,,,
2026-08-31 13:51:30,714.6,2026-08-31,720.0,5,5.12,5.25,439,3552,,,,,
2026-08-31 13:51:30,714.6,2026-08-31,721.0,5.99,6.55,6.48,243,840,,,,,
2026-08-31 13:51:30,714.6,2026-08-31,722.0,6.94,7.46,7.22,106,460,,,,,
2026-08-31 13:51:30,714.6,2026-08-31,723.0,7.95,8.48,8.45,38,382,,,,,
2026-08-31 13:51:30,714.6,2026-08-31,724.0,8.9,9.12,9.15,5,635,,,,,
2026-08-31 13:51:30,714.6,2026-08-31,725.0,9.88,9.98,10.19,258,4343,,,,,
2026-08-31 13:51:30,714.6,2026-08-31,726.0,10.93,11.48,10.06,3,512,,,,,
2026-08-31 13:51:30,714.6,2026-08-31,727.0,11.82,12.31,12.43,4,387,,,,,
2026-08-31 13:51:30,714.6,2026-08-31,728.0,12.72,14.14,11.82,990,359,0.3454,-0.9785,0.00788,-0.03,0.0097
2026-08-31 13:51:30,714.6,2026-08-31,729.0,13.92,14.8,14.6,7,431,,,,,
2026-08-31 13:52:31,715.08,2026-08-31,701.0,0.01,0.02,0.02,544,506,0.3115,-0.0077,0.0036,-0.015,0.004
2026-08-31 13:52:31,715.08,2026-08-31,702.0,0.02,0.03,0.06,663,487,0.3114,-0.0122,0.00539,-0.025,0.006
2026-08-31 13:52:31,715.08,2026-08-31,703.0,0.03,0.04,0.08,1126,1050,0.3046,-0.0169,0.00727,-0.035,0.0079
2026-08-31 13:52:31,715.08,2026-08-31,704.0,0.08,0.09,0.09,1171,1012,0.3267,-0.0347,0.01242,-0.085,0.0145
2026-08-31 13:52:31,715.08,2026-08-31,705.0,0.1,0.11,0.07,4565,9235,0.3144,-0.0431,0.01541,-0.105,0.0173
2026-08-31 13:52:31,715.08,2026-08-31,706.0,0.09,0.1,0.14,1211,571,0.2833,-0.0433,0.01715,-0.095,0.0174
2026-08-31 13:52:31,715.08,2026-08-31,707.0,0.16,0.17,0.17,2211,772,0.29,-0.0682,0.02399,-0.165,0.0249
2026-08-31 13:52:31,715.08,2026-08-31,708.0,0.21,0.22,0.22,2443,1167,0.2796,-0.0879,0.03018,-0.215,0.0302
2026-08-31 13:52:31,715.08,2026-08-31,709.0,0.28,0.29,0.29,3837,1006,0.27,-0.1143,0.03786,-0.285,0.0365
2026-08-31 13:52:31,715.08,2026-08-31,710.0,0.38,0.39,0.38,14145,9454,0.2618,-0.1497,0.04704,-0.385,0.044
2026-08-31 13:52:31,715.08,2026-08-31,711.0,0.47,0.48,0.51,5458,757,0.2451,-0.1866,0.05789,-0.475,0.0507
2026-08-31 13:52:31,715.08,2026-08-31,712.0,0.64,0.69,0.68,8721,2080,0.2402,-0.2459,0.06935,-0.665,0.0596
2026-08-31 13:52:31,715.08,2026-08-31,713.0,0.94,0.95,0.95,9953,782,0.2396,-0.32,0.07895,-0.945,0.0676
2026-08-31 13:52:31,715.08,2026-08-31,714.0,1.26,1.27,1.27,14904,2032,0.2337,-0.4003,0.08746,-1.265,0.0731
2026-08-31 13:52:31,715.08,2026-08-31,715.0,1.68,1.7,1.7,24548,3474,0.2307,-0.4895,0.09142,-1.69,0.0754
2026-08-31 13:52:31,715.08,2026-08-31,716.0,2.19,2.21,2.17,18528,1206,0.227,-0.5817,0.09099,-1.28,0.0738
2026-08-31 13:52:31,715.08,2026-08-31,717.0,2.76,2.79,2.79,5870,846,0.2192,-0.6753,0.08681,-0.855,0.068
2026-08-31 13:52:31,715.08,2026-08-31,718.0,3.43,3.57,3.56,1948,2164,0.2202,-0.7554,0.07542,-0.58,0.0594
2026-08-31 13:52:31,715.08,2026-08-31,719.0,4.3,4.37,4.37,571,1467,0.2288,-0.8148,0.06175,-0.415,0.0505
2026-08-31 13:52:31,715.08,2026-08-31,720.0,5.02,5.16,5.29,454,3552,0.2046,-0.896,0.04668,-0.17,0.0341
2026-08-31 13:52:31,715.08,2026-08-31,721.0,5.37,6.05,6.11,256,840,,,,,
2026-08-31 13:52:31,715.08,2026-08-31,722.0,6.71,7.18,7.08,118,460,0.1961,-0.9677,0.01948,-0.025,0.0137
2026-08-31 13:52:31,715.08,2026-08-31,723.0,7.89,8.13,8.45,68,382,0.2582,-0.9458,0.02252,-0.09,0.0208
2026-08-31 13:52:31,715.08,2026-08-31,724.0,8.82,9.11,9.14,37,635,0.2573,-0.9652,0.01581,-0.045,0.0145
2026-08-31 13:52:31,715.08,2026-08-31,725.0,9.82,10.01,10.03,286,4343,0.2279,-0.9886,0.00691,0.005,0.0056
2026-08-31 13:52:31,715.08,2026-08-31,726.0,10.93,11.36,10.06,3,512,0.3946,-0.9257,0.01884,-0.225,0.0266
2026-08-31 13:52:31,715.08,2026-08-31,727.0,11.54,11.82,12.43,4,387,,,,,
2026-08-31 13:52:31,715.08,2026-08-31,728.0,12.87,13.86,11.82,990,359,0.5247,-0.9,0.01769,-0.445,0.0332
2026-08-31 13:52:31,715.08,2026-08-31,729.0,13.7,14.01,14.6,7,431,,,,,
2026-08-31 13:52:31,715.08,2026-08-31,730.0,14.88,14.95,14.67,7,2000,0.3251,-0.9917,0.00369,0.005,0.0043
2026-08-31 13:53:33,715.05,2026-08-31,701.0,0.01,0.06,0.06,544,506,0.3476,-0.015,0.00577,-0.035,0.0071
2026-08-31 13:53:33,715.05,2026-08-31,702.0,0.02,0.03,0.07,759,487,0.3112,-0.0122,0.00541,-0.025,0.006
2026-08-31 13:53:33,715.05,2026-08-31,703.0,0.03,0.08,0.08,1154,1050,0.326,-0.0237,0.00909,-0.055,0.0106
2026-08-31 13:53:33,715.05,2026-08-31,704.0,0.04,0.09,0.09,1306,1012,0.3115,-0.0286,0.01113,-0.065,0.0124
2026-08-31 13:53:33,715.05,2026-08-31,705.0,0.05,0.1,0.11,4799,9235,0.2951,-0.034,0.01356,-0.075,0.0143
2026-08-31 13:53:33,715.05,2026-08-31,706.0,0.12,0.13,0.09,1360,571,0.2989,-0.0524,0.01898,-0.125,0.0202
2026-08-31 13:53:33,715.05,2026-08-31,707.0,0.14,0.15,0.16,2288,772,0.2813,-0.0627,0.02323,-0.145,0.0233
2026-08-31 13:53:33,715.05,2026-08-31,708.0,0.19,0.2,0.2,2523,1167,0.2723,-0.0829,0.0297,-0.195,0.0288
2026-08-31 13:53:33,715.05,2026-08-31,709.0,0.24,0.25,0.25,4045,1006,0.2581,-0.1048,0.03727,-0.245,0.0343
2026-08-31 13:53:33,715.05,2026-08-31,710.0,0.32,0.33,0.33,15758,9454,0.2472,-0.137,0.047,-0.325,0.0414
2026-08-31 13:53:33,715.05,2026-08-31,711.0,0.4,0.41,0.41,6087,757,0.2303,-0.173,0.05887,-0.405,0.0483
2026-08-31 13:53:33,715.05,2026-08-31,712.0,0.56,0.61,0.56,9632,2080,0.2257,-0.2342,0.07197,-0.585,0.0579
2026-08-31 13:53:33,715.05,2026-08-31,713.0,0.81,0.83,0.83,11532,782,0.2198,-0.3076,0.08471,-0.82,0.0664
2026-08-31 13:53:33,715.05,2026-08-31,714.0,1.11,1.12,1.08,17629,2032,0.2117,-0.3932,0.09619,-1.115,0.0726
2026-08-31 13:53:33,715.05,2026-08-31,715.0,1.49,1.5,1.5,26933,3474,0.2032,-0.4915,0.10396,-1.495,0.0753
2026-08-31 13:53:33,715.05,2026-08-31,716.0,1.93,1.94,1.95,20268,1206,0.1888,-0.6017,0.10827,-0.985,0.0729
2026-08-31 13:53:33,715.05,2026-08-31,717.0,2.54,2.59,2.57,6117,846,0.1848,-0.7087,0.09833,-0.615,0.0648
2026-08-31 13:53:33,715.05,2026-08-31,718.0,3.19,3.22,3.31,2029,2164,0.1617,-0.8302,0.08281,-0.255,0.0477
2026-08-31 13:53:33,715.05,2026-08-31,719.0,4.019,4.08,4.07,622,1467,0.1544,-0.9102,0.05561,-0.0995,0.0306
2026-08-31 13:53:33,715.05,2026-08-31,720.0,4.84,4.87,5.01,486,3552,,,,,
2026-08-31 13:53:33,715.05,2026-08-31,721.0,5.64,6.39,6.19,269,840,0.1957,-0.9447,0.03024,-0.065,0.0211
2026-08-31 13:53:33,715.05,2026-08-31,722.0,6.57,7.19,7.08,119,460,,,,,
2026-08-31 13:53:33,715.05,2026-08-31,723.0,7.64,7.91,8.32,70,382,,,,,
2026-08-31 13:53:33,715.05,2026-08-31,724.0,8.56,9.35,9.14,47,635,0.2228,-0.9824,0.01032,-0.005,0.0082
2026-08-31 13:53:33,715.05,2026-08-31,725.0,9.43,10.24,10.03,288,4343,,,,,
2026-08-31 13:53:33,715.05,2026-08-31,726.0,10.46,10.99,10.06,3,512,,,,,
2026-08-31 13:53:33,715.05,2026-08-31,727.0,11.47,12.02,12.43,4,387,,,,,
2026-08-31 13:53:33,715.05,2026-08-31,728.0,12.51,13.89,13.02,1,359,0.4601,-0.9291,0.01561,-0.25,0.0256
2026-08-31 13:53:33,715.05,2026-08-31,729.0,13.54,13.98,14.6,7,431,,,,,
2026-08-31 13:53:33,715.05,2026-08-31,730.0,14.7,15.08,14.67,7,2000,,,,,
2026-08-31 13:54:35,715.64,2026-08-31,701.0,0.01,0.02,0.02,546,506,0.3231,-0.0075,0.00338,-0.015,0.0039
2026-08-31 13:54:35,715.64,2026-08-31,702.0,0.06,0.07,0.03,894,487,0.3722,-0.0245,0.00818,-0.065,0.0108
2026-08-31 13:54:35,715.64,2026-08-31,703.0,0.07,0.08,0.04,1160,1050,0.3574,-0.0288,0.00975,-0.075,0.0124
2026-08-31 13:54:35,715.64,2026-08-31,704.0,0.04,0.05,0.09,1477,1012,0.3069,-0.021,0.0087,-0.045,0.0095
2026-08-31 13:54:35,715.64,2026-08-31,705.0,0.09,0.1,0.1,5130,9235,0.3231,-0.0387,0.01375,-0.095,0.0158
2026-08-31 13:54:35,715.64,2026-08-31,706.0,0.11,0.12,0.12,1399,571,0.3093,-0.0474,0.01693,-0.115,0.0187
2026-08-31 13:54:35,715.64,2026-08-31,707.0,0.1,0.15,0.15,2573,772,0.2882,-0.0541,0.0202,-0.125,0.0207
2026-08-31 13:54:35,715.64,2026-08-31,708.0,0.14,0.19,0.19,2915,1167,0.2783,-0.0707,0.02577,-0.165,0.0255
2026-08-31 13:54:35,715.64,2026-08-31,709.0,0.2,0.25,0.25,4467,1006,0.2702,-0.0941,0.03291,-0.225,0.0317
2026-08-31 13:54:35,715.64,2026-08-31,710.0,0.32,0.33,0.33,16887,9454,0.2668,-0.1288,0.04173,-0.325,0.0397
2026-08-31 13:54:35,715.64,2026-08-31,711.0,0.41,0.42,0.4,7115,757,0.2536,-0.1634,0.05155,-0.415,0.0465
2026-08-31 13:54:35,715.64,2026-08-31,712.0,0.55,0.56,0.56,11622,2080,0.2441,-0.2118,0.06289,-0.555,0.0546
2026-08-31 13:54:35,715.64,2026-08-31,713.0,0.75,0.76,0.76,12944,782,0.2366,-0.2741,0.07463,-0.755,0.0629
2026-08-31 13:54:35,715.64,2026-08-31,714.0,0.98,0.99,0.99,20557,2032,0.2244,-0.3461,0.08713,-0.985,0.0696
2026-08-31 13:54:35,715.64,2026-08-31,715.0,1.33,1.34,1.34,28474,3474,0.2186,-0.4351,0.09545,-1.335,0.0743
2026-08-31 13:54:35,715.64,2026-08-31,716.0,1.81,1.83,1.88,21005,1206,0.2185,-0.5316,0.09646,-1.46,0.075
2026-08-31 13:54:35,715.64,2026-08-31,717.0,2.29,2.34,2.42,6281,846,0.2064,-0.6333,0.09667,-0.955,0.071
2026-08-31 13:54:35,715.64,2026-08-31,718.0,3.02,3.08,3.11,2129,2164,0.2147,-0.7168,0.08353,-0.69,0.0639
2026-08-31 13:54:35,715.64,2026-08-31,719.0,3.78,3.83,3.81,641,1467,0.2142,-0.7943,0.07045,-0.445,0.0537
2026-08-31 13:54:35,715.64,2026-08-31,720.0,4.66,4.81,4.76,504,3552,0.2368,-0.8327,0.05605,-0.375,0.0473
2026-08-31 13:54:35,715.64,2026-08-31,721.0,5.27,5.77,5.77,272,840,0.2151,-0.9044,0.04181,-0.16,0.032
2026-08-31 13:54:35,715.64,2026-08-31,722.0,6.58,6.72,6.77,131,460,0.2828,-0.8808,0.03732,-0.29,0.0376
2026-08-31 13:54:35,715.64,2026-08-31,723.0,7.28,7.5,7.68,70,382,0.2104,-0.9668,0.01862,-0.03,0.0139
2026-08-31 13:54:35,715.64,2026-08-31,724.0,8.35,8.75,8.47,68,635,0.3114,-0.9202,0.02524,-0.19,0.028
2026-08-31 13:54:35,715.64,2026-08-31,725.0,9.33,9.56,9.78,320,4343,0.2927,-0.9532,0.01773,-0.085,0.0185
2026-08-31 13:54:35,715.64,2026-08-31,726.0,10.29,10.68,10.06,4,512,0.3383,-0.9456,0.01728,-0.125,0.0208
2026-08-31 13:54:35,715.64,2026-08-31,727.0,11.22,11.69,12.43,4,387,0.3477,-0.9564,0.01409,-0.095,0.0174
2026-08-31 13:54:35,715.64,2026-08-31,728.0,12.29,13.95,13.02,1,359,0.5923,-0.8614,0.01978,-0.76,0.0417
2026-08-31 13:54:35,715.64,2026-08-31,729.0,13.27,13.47,14.6,7,431,0.3215,-0.9852,0.00619,-0.01,0.0071
2026-08-31 13:54:35,715.64,2026-08-31,730.0,14.1,14.83,14.67,7,2000,0.4264,-0.9607,0.01056,-0.105,0.016
2026-08-31 13:55:37,715.76,2026-08-31,701.0,0.01,0.02,0.05,547,506,0.3258,-0.0074,0.00334,-0.015,0.0039
2026-08-31 13:55:37,715.76,2026-08-31,702.0,0.06,0.07,0.07,969,487,0.3754,-0.0243,0.00807,-0.065,0.0108
2026-08-31 13:55:37,715.76,2026-08-31,703.0,0.02,0.03,0.07,1250,1050,0.3057,-0.0125,0.0056,-0.025,0.0061
2026-08-31 13:55:37,715.76,2026-08-31,704.0,0.08,0.09,0.09,1496,1012,0.3443,-0.0332,0.01141,-0.085,0.014
2026-08-31 13:55:37,715.76,2026-08-31,705.0,0.05,0.1,0.1,5299,9235,0.3128,-0.0324,0.0123,-0.075,0.0137
2026-08-31 13:55:37,715.76,2026-08-31,706.0,0.07,0.08,0.12,1496,571,0.2886,-0.0348,0.01414,-0.075,0.0145
2026-08-31 13:55:37,715.76,2026-08-31,707.0,0.1,0.11,0.15,2712,772,0.2816,-0.0476,0.01868,-0.105,0.0187
2026-08-31 13:55:37,715.76,2026-08-31,708.0,0.13,0.18,0.19,3172,1167,0.278,-0.0672,0.02483,-0.155,0.0245
2026-08-31 13:55:37,715.76,2026-08-31,709.0,0.23,0.24,0.24,4774,1006,0.2773,-0.0956,0.03248,-0.235,0.032
2026-08-31 13:55:37,715.76,2026-08-31,710.0,0.3,0.31,0.32,18157,9454,0.266,-0.1227,0.04054,-0.305,0.0383
2026-08-31 13:55:37,715.76,2026-08-31,711.0,0.4,0.41,0.42,8245,757,0.256,-0.1592,0.05027,-0.405,0.0457
2026-08-31 13:55:37,715.76,2026-08-31,712.0,0.51,0.56,0.55,12830,2080,0.2453,-0.2052,0.06149,-0.535,0.0536
2026-08-31 13:55:37,715.76,2026-08-31,713.0,0.7,0.71,0.71,14316,782,0.2341,-0.2628,0.07394,-0.705,0.0615
2026-08-31 13:55:37,715.76,2026-08-31,714.0,0.99,1.01,1.01,23226,2032,0.2328,-0.3411,0.08361,-1.0,0.0691
2026-08-31 13:55:37,715.76,2026-08-31,715.0,1.34,1.35,1.33,29937,3474,0.2272,-0.4264,0.09158,-1.345,0.0739
2026-08-31 13:55:37,715.76,2026-08-31,716.0,1.72,1.8,1.77,21566,1206,0.2192,-0.52,0.09645,-1.52,0.0751
2026-08-31 13:55:37,715.76,2026-08-31,717.0,2.32,2.35,2.41,6519,846,0.2199,-0.6144,0.09227,-1.095,0.0721
2026-08-31 13:55:37,715.76,2026-08-31,718.0,2.97,3.01,2.99,2189,2164,0.2189,-0.7033,0.08384,-0.75,0.0652
2026-08-31 13:55:37,715.76,2026-08-31,719.0,3.68,3.72,3.87,702,1467,0.2126,-0.7878,0.07238,-0.46,0.0547
2026-08-31 13:55:37,715.76,2026-08-31,720.0,4.42,4.66,4.58,531,3552,0.2165,-0.848,0.05764,-0.3,0.0443
2026-08-31 13:55:37,715.76,2026-08-31,721.0,5.14,5.66,5.82,275,840,0.2118,-0.9031,0.04295,-0.16,0.0323
2026-08-31 13:55:37,715.76,2026-08-31,722.0,6.24,6.74,6.53,131,460,0.2685,-0.8888,0.03745,-0.25,0.0357
2026-08-31 13:55:37,715.76,2026-08-31,723.0,7.09,7.47,7.58,72,382,0.2145,-0.9619,0.02047,-0.04,0.0156
2026-08-31 13:55:37,715.76,2026-08-31,724.0,8.16,8.53,8.74,69,635,0.2744,-0.9426,0.02226,-0.105,0.0217
2026-08-31 13:55:37,715.76,2026-08-31,725.0,9.04,9.68,9.59,323,4343,0.3074,-0.9426,0.01986,-0.12,0.0217
2026-08-31 13:55:37,715.76,2026-08-31,726.0,10.08,10.72,10.5,4,512,0.3514,-0.9367,0.01876,-0.16,0.0234
2026-08-31 13:55:37,715.76,2026-08-31,727.0,9.81,11.36,12.43,4,387,,,,,
2026-08-31 13:55:37,715.76,2026-08-31,728.0,12.21,13.96,13.02,1,359,0.609,-0.8526,0.02008,-0.845,0.0434
2026-08-31 13:55:37,715.76,2026-08-31,729.0,13.11,13.33,14.6,7,431,0.2322,-0.9986,0.00104,0.02,0.0009
2026-08-31 13:55:37,715.76,2026-08-31,730.0,14.43,14.75,14.67,7,2000,0.5334,-0.9183,0.01503,-0.35,0.0285
2026-08-31 13:56:40,715.5,2026-08-31,701.0,0.05,0.06,0.02,548,506,0.3831,-0.0206,0.0069,-0.055,0.0094
2026-08-31 13:56:40,715.5,2026-08-31,702.0,0.02,0.03,0.07,1075,487,0.3217,-0.0119,0.00513,-0.025,0.0058
2026-08-31 13:56:40,715.5,2026-08-31,703.0,0.02,0.03,0.07,1337,1050,0.3008,-0.0127,0.00579,-0.025,0.0062
2026-08-31 13:56:40,715.5,2026-08-31,704.0,0.03,0.08,0.08,1719,1012,0.3145,-0.0246,0.00974,-0.055,0.0108
2026-08-31 13:56:40,715.5,2026-08-31,705.0,0.09,0.1,0.1,5426,9235,0.3206,-0.039,0.01401,-0.095,0.0159
2026-08-31 13:56:40,715.5,2026-08-31,706.0,0.07,0.08,0.12,1553,571,0.2827,-0.0355,0.01469,-0.075,0.0147
2026-08-31 13:56:40,715.5,2026-08-31,707.0,0.1,0.15,0.15,2936,772,0.2854,-0.0547,0.02065,-0.125,0.0209
2026-08-31 13:56:40,715.5,2026-08-31,708.0,0.14,0.19,0.15,3325,1167,0.2752,-0.0716,0.02638,-0.165,0.0257
2026-08-31 13:56:40,715.5,2026-08-31,709.0,0.24,0.25,0.25,4944,1006,0.273,-0.1004,0.03427,-0.245,0.0331
2026-08-31 13:56:40,715.5,2026-08-31,710.0,0.28,0.29,0.29,19330,9454,0.2528,-0.1212,0.04237,-0.285,0.0379
2026-08-31 13:56:40,715.5,2026-08-31,711.0,0.38,0.39,0.39,8690,757,0.2429,-0.1597,0.05318,-0.385,0.0457
2026-08-31 13:56:40,715.5,2026-08-31,712.0,0.57,0.58,0.58,13456,2080,0.2429,-0.219,0.06462,-0.575,0.0556
2026-08-31 13:56:40,715.5,2026-08-31,713.0,0.73,0.74,0.74,15245,782,0.2279,-0.2769,0.07808,-0.735,0.063
2026-08-31 13:56:40,715.5,2026-08-31,714.0,1.04,1.06,1.06,25542,2032,0.2272,-0.3597,0.08749,-1.05,0.0704
2026-08-31 13:56:40,715.5,2026-08-31,715.0,1.41,1.42,1.42,31347,3474,0.2216,-0.4491,0.09491,-1.415,0.0744
2026-08-31 13:56:40,715.5,2026-08-31,716.0,1.88,1.9,1.85,22196,1206,0.2184,-0.5452,0.09648,-1.39,0.0746
2026-08-31 13:56:40,715.5,2026-08-31,717.0,2.41,2.47,2.47,6636,846,0.212,-0.6434,0.0935,-0.94,0.0701
2026-08-31 13:56:40,715.5,2026-08-31,718.0,3.16,3.19,3.12,2218,2164,0.2191,-0.7249,0.08096,-0.675,0.0628
2026-08-31 13:56:40,715.5,2026-08-31,719.0,3.84,3.88,3.59,707,1467,0.2036,-0.8168,0.06926,-0.36,0.0499
2026-08-31 13:56:40,715.5,2026-08-31,720.0,4.52,4.8,4.8,594,3552,0.1899,-0.8938,0.0513,-0.16,0.0345
2026-08-31 13:56:40,715.5,2026-08-31,721.0,5.19,5.79,5.68,282,840,0.1307,-0.9867,0.01388,0.01,0.0064
2026-08-31 13:56:40,715.5,2026-08-31,722.0,6.29,6.69,6.53,131,460,0.1511,-0.9883,0.01075,0.01,0.0058
2026-08-31 13:56:40,715.5,2026-08-31,723.0,7.23,7.75,7.62,73,382,0.1712,-0.9895,0.00863,0.01,0.0052
2026-08-31 13:56:40,715.5,2026-08-31,724.0,8.25,8.76,8.54,69,635,0.2138,-0.9818,0.01111,-0.005,0.0084
2026-08-31 13:56:40,715.5,2026-08-31,725.0,9.3,9.61,9.41,325,4343,,,,,
2026-08-31 13:56:40,715.5,2026-08-31,726.0,10.05,10.7,10.5,4,512,,,,,
2026-08-31 13:56:40,715.5,2026-08-31,727.0,10.88,12.87,12.43,4,387,0.464,-0.903,0.01967,-0.375,0.0323
2026-08-31 13:56:40,715.5,2026-08-31,728.0,11.86,14.32,13.02,1,359,0.5556,-0.8803,0.01911,-0.59,0.0376
2026-08-31 13:56:40,715.5,2026-08-31,729.0,13.02,13.49,14.6,7,431,,,,,
2026-08-31 13:56:40,715.5,2026-08-31,730.0,14.49,14.75,14.67,7,2000,0.4401,-0.9578,0.01088,-0.12,0.0169
2026-08-31 13:57:41,715.29,2026-08-31,701.0,0.05,0.06,0.02,569,506,0.379,-0.0209,0.00705,-0.055,0.0094
2026-08-31 13:57:41,715.29,2026-08-31,702.0,0.06,0.07,0.06,1082,487,0.3658,-0.025,0.0085,-0.065,0.011
2026-08-31 13:57:41,715.29,2026-08-31,703.0,0.06,0.07,0.07,1358,1050,0.3424,-0.0265,0.00953,-0.065,0.0115
2026-08-31 13:57:41,715.29,2026-08-31,704.0,0.07,0.08,0.04,1723,1012,0.3268,-0.0313,0.01148,-0.075,0.0132
2026-08-31 13:57:41,715.29,2026-08-31,705.0,0.05,0.06,0.1,5645,9235,0.2869,-0.0267,0.01147,-0.055,0.0116
2026-08-31 13:57:41,715.29,2026-08-31,706.0,0.11,0.12,0.12,1666,571,0.3017,-0.0486,0.01781,-0.115,0.0189
2026-08-31 13:57:41,715.29,2026-08-31,707.0,0.14,0.15,0.15,3200,772,0.2894,-0.0615,0.02235,-0.145,0.0228
2026-08-31 13:57:41,715.29,2026-08-31,708.0,0.13,0.14,0.14,3503,1167,0.2576,-0.0639,0.02588,-0.135,0.0235
2026-08-31 13:57:41,715.29,2026-08-31,709.0,0.23,0.24,0.24,5095,1006,0.264,-0.0999,0.03537,-0.235,0.0329
2026-08-31 13:57:41,715.29,2026-08-31,710.0,0.31,0.32,0.32,20295,9454,0.254,-0.1312,0.04462,-0.315,0.04
2026-08-31 13:57:41,715.29,2026-08-31,711.0,0.38,0.39,0.39,9562,757,0.2359,-0.1637,0.05576,-0.385,0.0464
2026-08-31 13:57:41,715.29,2026-08-31,712.0,0.52,0.53,0.53,14271,2080,0.2259,-0.2162,0.06908,-0.525,0.055
2026-08-31 13:57:41,715.29,2026-08-31,713.0,0.73,0.78,0.78,16675,782,0.2221,-0.2884,0.08187,-0.755,0.0641
2026-08-31 13:57:41,715.29,2026-08-31,714.0,1.06,1.07,1.07,28111,2032,0.2188,-0.3736,0.09218,-1.065,0.0711
2026-08-31 13:57:41,715.29,2026-08-31,715.0,1.42,1.45,1.45,32637,3474,0.2117,-0.4677,0.10002,-1.435,0.0747
2026-08-31 13:57:41,715.29,2026-08-31,716.0,1.91,1.93,1.94,22714,1206,0.207,-0.5692,0.10109,-1.21,0.0738
2026-08-31 13:57:41,715.29,2026-08-31,717.0,2.5,2.53,2.62,6877,846,0.2032,-0.6698,0.09493,-0.805,0.068
2026-08-31 13:57:41,715.29,2026-08-31,718.0,3.13,3.25,3.25,2329,2164,0.196,-0.7663,0.08325,-0.48,0.0575
2026-08-31 13:57:41,715.29,2026-08-31,719.0,4,4.04,3.9,723,1467,0.2011,-0.8344,0.06589,-0.31,0.0467
2026-08-31 13:57:41,715.29,2026-08-31,720.0,4.72,4.99,5.08,608,3552,0.1921,-0.902,0.04794,-0.145,0.0325
2026-08-31 13:57:41,715.29,2026-08-31,721.0,5.57,5.88,5.64,282,840,0.1614,-0.9691,0.02301,-0.015,0.0131
2026-08-31 13:57:41,715.29,2026-08-31,722.0,6.55,6.92,6.79,132,460,0.1923,-0.9672,0.02029,-0.025,0.0138
2026-08-31 13:57:41,715.29,2026-08-31,723.0,7.56,8.06,7.62,73,382,0.2591,-0.9416,0.02397,-0.1,0.0219
2026-08-31 13:57:41,715.29,2026-08-31,724.0,8.53,8.78,8.54,69,635,,,,,
2026-08-31 13:57:41,715.29,2026-08-31,725.0,9.55,9.78,9.76,335,4343,,,,,
2026-08-31 13:57:41,715.29,2026-08-31,726.0,10.43,11,10.5,4,512,0.2608,-0.9847,0.00785,-0.005,0.0072
2026-08-31 13:57:41,715.29,2026-08-31,727.0,11.52,12.62,12.43,4,387,0.4662,-0.9063,0.01911,-0.36,0.0314
2026-08-31 13:57:41,715.29,2026-08-31,728.0,12.64,12.96,13.67,2,359,0.3792,-0.9609,0.01188,-0.09,0.0159
2026-08-31 13:57:41,715.29,2026-08-31,729.0,13.62,13.92,14.6,7,431,0.3816,-0.9704,0.00938,-0.06,0.0126
2026-08-31 13:57:41,715.29,2026-08-31,730.0,14.49,14.59,14.67,7,2000,,,,,
2026-08-31 13:58:43,715.42,2026-08-31,701.0,0.05,0.06,0.05,589,506,0.3824,-0.0207,0.00696,-0.055,0.0094
2026-08-31 13:58:43,715.42,2026-08-31,702.0,0.06,0.07,0.07,1092,487,0.3693,-0.0248,0.00838,-0.065,0.0109
2026-08-31 13:58:43,715.42,2026-08-31,703.0,0.02,0.03,0.07,1485,1050,0.3,-0.0127,0.00584,-0.025,0.0062
2026-08-31 13:58:43,715.42,2026-08-31,704.0,0.03,0.08,0.08,1768,1012,0.3136,-0.0247,0.00984,-0.055,0.0109
2026-08-31 13:58:43,715.42,2026-08-31,705.0,0.05,0.1,0.1,5776,9235,0.3061,-0.0332,0.01288,-0.075,0.0139
2026-08-31 13:58:43,715.42,2026-08-31,706.0,0.06,0.07,0.11,1716,571,0.2745,-0.0322,0.01401,-0.065,0.0135
2026-08-31 13:58:43,715.42,2026-08-31,707.0,0.13,0.14,0.1,3330,772,0.2888,-0.058,0.02143,-0.135,0.0218
2026-08-31 13:58:43,715.42,2026-08-31,708.0,0.17,0.18,0.18,3623,1167,0.2775,-0.0749,0.02715,-0.175,0.0265
2026-08-31 13:58:43,715.42,2026-08-31,709.0,0.18,0.19,0.24,5374,1006,0.2521,-0.0851,0.03293,-0.185,0.0292
2026-08-31 13:58:43,715.42,2026-08-31,710.0,0.25,0.26,0.26,20891,9454,0.2428,-0.1146,0.04251,-0.255,0.0363
2026-08-31 13:58:43,715.42,2026-08-31,711.0,0.35,0.36,0.41,10144,757,0.2342,-0.1545,0.05414,-0.355,0.0446
2026-08-31 13:58:43,715.42,2026-08-31,712.0,0.5,0.51,0.51,15212,2080,0.2276,-0.2087,0.06726,-0.505,0.0539
2026-08-31 13:58:43,715.42,2026-08-31,713.0,0.7,0.71,0.75,17582,782,0.2203,-0.276,0.08091,-0.705,0.0627
2026-08-31 13:58:43,715.42,2026-08-31,714.0,1.02,1.04,1.04,30370,2032,0.2209,-0.3628,0.09052,-1.03,0.0704
2026-08-31 13:58:43,715.42,2026-08-31,715.0,1.39,1.4,1.4,34698,3474,0.2147,-0.4553,0.09845,-1.395,0.0744
2026-08-31 13:58:43,715.42,2026-08-31,716.0,1.83,1.84,1.85,23186,1206,0.2057,-0.5565,0.10238,-1.255,0.0741
2026-08-31 13:58:43,715.42,2026-08-31,717.0,2.46,2.47,2.51,7023,846,0.2087,-0.6536,0.09426,-0.885,0.0692
2026-08-31 13:58:43,715.42,2026-08-31,718.0,3.14,3.19,3.43,2354,2164,0.2086,-0.7422,0.08254,-0.585,0.0606
2026-08-31 13:58:43,715.42,2026-08-31,719.0,3.95,3.99,4.1,732,1467,0.2131,-0.812,0.06745,-0.39,0.0506
2026-08-31 13:58:43,715.42,2026-08-31,720.0,4.64,4.95,4.92,627,3552,0.2081,-0.8773,0.05206,-0.215,0.0381
2026-08-31 13:58:43,715.42,2026-08-31,721.0,5.59,6.14,5.96,285,840,0.2583,-0.8728,0.04302,-0.285,0.0391
2026-08-31 13:58:43,715.42,2026-08-31,722.0,6.56,7.12,6.79,132,460,0.283,-0.8899,0.03544,-0.26,0.0353
2026-08-31 13:58:43,715.42,2026-08-31,723.0,7.43,8.2,7.62,74,382,0.3058,-0.9044,0.02961,-0.235,0.0318
2026-08-31 13:58:43,715.42,2026-08-31,724.0,8.66,8.72,8.85,79,635,0.2868,-0.9427,0.02136,-0.11,0.0216
2026-08-31 13:58:43,715.42,2026-08-31,725.0,9.62,10.11,9.87,345,4343,0.3805,-0.9075,0.02322,-0.285,0.0311
2026-08-31 13:58:43,715.42,2026-08-31,726.0,10.47,10.74,10.5,4,512,0.281,-0.9764,0.01055,-0.025,0.0104
2026-08-31 13:58:43,715.42,2026-08-31,727.0,11.72,12.26,12.43,4,387,0.4784,-0.8983,0.01981,-0.41,0.0333
2026-08-31 13:58:43,715.42,2026-08-31,728.0,12.38,12.89,13.67,2,359,0.3521,-0.97,0.01031,-0.055,0.0128
2026-08-31 13:58:43,715.42,2026-08-31,729.0,13.6,14.15,14.6,7,431,0.4975,-0.924,0.01532,-0.295,0.0268
2026-08-31 13:58:43,715.42,2026-08-31,730.0,14.52,14.81,14.67,7,2000,0.4208,-0.9657,0.00964,-0.085,0.0143
2026-08-31 13:59:44,715.22,2026-08-31,701.0,0.05,0.06,0.05,609,506,0.3784,-0.021,0.00711,-0.055,0.0094
2026-08-31 13:59:44,715.22,2026-08-31,702.0,0.06,0.07,0.03,1099,487,0.3651,-0.0251,0.00857,-0.065,0.011
2026-08-31 13:59:44,715.22,2026-08-31,703.0,0.06,0.07,0.03,1491,1050,0.3417,-0.0266,0.00962,-0.065,0.0115
2026-08-31 13:59:44,715.22,2026-08-31,704.0,0.07,0.08,0.04,1896,1012,0.3259,-0.0314,0.01159,-0.075,0.0132
2026-08-31 13:59:44,715.22,2026-08-31,705.0,0.05,0.1,0.1,5797,9235,0.3016,-0.0337,0.01325,-0.075,0.014
2026-08-31 13:59:44,715.22,2026-08-31,706.0,0.1,0.11,0.12,1746,571,0.2952,-0.0459,0.01743,-0.105,0.018
2026-08-31 13:59:44,715.22,2026-08-31,707.0,0.13,0.14,0.14,3698,772,0.2837,-0.059,0.02214,-0.135,0.022
2026-08-31 13:59:44,715.22,2026-08-31,708.0,0.13,0.18,0.18,3684,1167,0.2645,-0.0705,0.02726,-0.155,0.0253
2026-08-31 13:59:44,715.22,2026-08-31,709.0,0.18,0.19,0.24,5569,1006,0.2465,-0.0868,0.03427,-0.185,0.0296
2026-08-31 13:59:44,715.22,2026-08-31,710.0,0.3,0.31,0.31,21447,9454,0.2498,-0.1299,0.0452,-0.305,0.0396
2026-08-31 13:59:44,715.22,2026-08-31,711.0,0.41,0.42,0.38,10785,757,0.2403,-0.1717,0.05661,-0.415,0.0477
2026-08-31 13:59:44,715.22,2026-08-31,712.0,0.56,0.57,0.57,15889,2080,0.2308,-0.2256,0.0695,-0.565,0.0562
2026-08-31 13:59:44,715.22,2026-08-31,713.0,0.73,0.74,0.74,18412,782,0.2162,-0.2891,0.08444,-0.735,0.064
2026-08-31 13:59:44,715.22,2026-08-31,714.0,1.02,1.07,1.09,32296,2032,0.2126,-0.377,0.09539,-1.045,0.0711
2026-08-31 13:59:44,715.22,2026-08-31,715.0,1.45,1.47,1.48,35692,3474,0.2109,-0.4751,0.10082,-1.46,0.0746
2026-08-31 13:59:44,715.22,2026-08-31,716.0,1.94,1.96,1.96,24059,1206,0.2058,-0.5775,0.10158,-1.165,0.0733
2026-08-31 13:59:44,715.22,2026-08-31,717.0,2.52,2.6,2.66,7139,846,0.2029,-0.6776,0.09441,-0.775,0.0672
2026-08-31 13:59:44,715.22,2026-08-31,718.0,3.27,3.29,3.25,2458,2164,0.2022,-0.7661,0.08096,-0.495,0.0574
2026-08-31 13:59:44,715.22,2026-08-31,719.0,4.059,4.1,4.18,738,1467,0.2009,-0.8401,0.06463,-0.2945,0.0455
2026-08-31 13:59:44,715.22,2026-08-31,720.0,4.87,5.14,5.06,629,3552,0.2163,-0.8789,0.04971,-0.22,0.0377
2026-08-31 13:59:44,715.22,2026-08-31,721.0,5.62,6.08,5.94,294,840,0.1928,-0.9438,0.03134,-0.065,0.0212
2026-08-31 13:59:44,715.22,2026-08-31,722.0,6.84,6.93,6.94,145,460,0.2351,-0.9365,0.02828,-0.1,0.0233
2026-08-31 13:59:44,715.22,2026-08-31,723.0,7.6,8.039,8.09,84,382,0.2251,-0.9663,0.01777,-0.0345,0.014
2026-08-31 13:59:44,715.22,2026-08-31,724.0,8.78,9.08,9.09,91,635,0.3081,-0.9339,0.02226,-0.145,0.024
2026-08-31 13:59:44,715.22,2026-08-31,725.0,9.75,9.98,10.04,357,4343,0.3026,-0.9562,0.01638,-0.08,0.0174
2026-08-31 13:59:44,715.22,2026-08-31,726.0,10.83,11.13,11.12,6,512,0.3828,-0.9313,0.01847,-0.195,0.0248
2026-08-31 13:59:44,715.22,2026-08-31,727.0,11.67,12.16,12.43,4,387,0.3799,-0.949,0.01473,-0.13,0.0196
2026-08-31 13:59:44,715.22,2026-08-31,728.0,12.83,13.05,13.67,2,359,0.4179,-0.9464,0.01392,-0.155,0.0204
2026-08-31 13:59:44,715.22,2026-08-31,729.0,13.42,13.86,14.6,7,431,,,,,
2026-08-31 13:59:44,715.22,2026-08-31,730.0,14.72,15.02,14.67,7,2000,0.4263,-0.966,0.00945,-0.085,0.0141
2026-08-31 14:00:46,715.24,2026-08-31,701.0,0.05,0.06,0.05,619,506,0.3795,-0.0209,0.00709,-0.055,0.0094
2026-08-31 14:00:46,715.24,2026-08-31,702.0,0.01,0.02,0.06,1115,487,0.2982,-0.0081,0.00397,-0.015,0.0041
2026-08-31 14:00:46,715.24,2026-08-31,703.0,0.02,0.03,0.07,1553,1050,0.2971,-0.0129,0.00598,-0.025,0.0062
2026-08-31 14:00:46,715.24,2026-08-31,704.0,0.07,0.08,0.08,1972,1012,0.327,-0.0314,0.01155,-0.075,0.0132
2026-08-31 14:00:46,715.24,2026-08-31,705.0,0.04,0.09,0.09,5834,9235,0.2951,-0.0303,0.01243,-0.065,0.0128
2026-08-31 14:00:46,715.24,2026-08-31,706.0,0.06,0.11,0.11,1845,571,0.2845,-0.0395,0.01605,-0.085,0.016
2026-08-31 14:00:46,715.24,2026-08-31,707.0,0.09,0.14,0.14,3963,772,0.2753,-0.0528,0.02094,-0.115,0.0202
2026-08-31 14:00:46,715.24,2026-08-31,708.0,0.17,0.18,0.18,3782,1167,0.2732,-0.0761,0.02801,-0.175,0.0268
2026-08-31 14:00:46,715.24,2026-08-31,709.0,0.23,0.24,0.19,5758,1006,0.2636,-0.1004,0.03571,-0.235,0.0329
2026-08-31 14:00:46,715.24,2026-08-31,710.0,0.27,0.32,0.32,22065,9454,0.2484,-0.1271,0.04484,-0.295,0.0389
2026-08-31 14:00:46,715.24,2026-08-31,711.0,0.38,0.39,0.4,11039,757,0.2351,-0.1647,0.05641,-0.385,0.0464
2026-08-31 14:00:46,715.24,2026-08-31,712.0,0.54,0.55,0.55,16549,2080,0.2285,-0.2213,0.06952,-0.545,0.0556
2026-08-31 14:00:46,715.24,2026-08-31,713.0,0.8,0.81,0.76,19338,782,0.2285,-0.297,0.08101,-0.805,0.0647
2026-08-31 14:00:46,715.24,2026-08-31,714.0,1.06,1.07,1.07,34555,2032,0.2171,-0.3768,0.09356,-1.065,0.071
2026-08-31 14:00:46,715.24,2026-08-31,715.0,1.5,1.51,1.51,36663,3474,0.2188,-0.4734,0.09728,-1.505,0.0744
2026-08-31 14:00:46,715.24,2026-08-31,716.0,2.009,2.02,2.02,24948,1206,0.2168,-0.5712,0.09683,-1.2545,0.0734
2026-08-31 14:00:46,715.24,2026-08-31,717.0,2.62,2.64,2.55,7355,846,0.2161,-0.6653,0.09014,-0.87,0.0681
2026-08-31 14:00:46,715.24,2026-08-31,718.0,3.32,3.37,3.17,2577,2164,0.2168,-0.749,0.07854,-0.585,0.0595
2026-08-31 14:00:46,715.24,2026-08-31,719.0,3.97,4.23,4.11,779,1467,0.2101,-0.8281,0.06489,-0.34,0.0477
2026-08-31 14:00:46,715.24,2026-08-31,720.0,4.69,5.13,4.94,644,3552,0.1959,-0.9009,0.04759,-0.15,0.0326
2026-08-31 14:00:46,715.24,2026-08-31,721.0,5.72,7.14,5.94,294,840,0.3497,-0.8077,0.0418,-0.67,0.0511
2026-08-31 14:00:46,715.24,2026-08-31,722.0,6.68,7.04,6.87,145,460,0.2348,-0.9364,0.02841,-0.1,0.0233
2026-08-31 14:00:46,715.24,2026-08-31,723.0,7.69,8.09,8.09,84,382,0.2745,-0.9327,0.02538,-0.13,0.0244
2026-08-31 14:00:46,715.24,2026-08-31,724.0,8.73,9.12,9.09,101,635,0.3159,-0.9287,0.02305,-0.165,0.0255
2026-08-31 14:00:46,715.24,2026-08-31,725.0,9.42,10.09,9.89,376,4343,0.2264,-0.9888,0.00697,0.005,0.0055
2026-08-31 14:00:46,715.24,2026-08-31,726.0,10.39,11.22,10.98,7,512,0.3031,-0.9697,0.0121,-0.045,0.0128
2026-08-31 14:00:46,715.24,2026-08-31,727.0,11.46,12.23,12.14,5,387,0.3545,-0.9601,0.01297,-0.085,0.0161
2026-08-31 14:00:46,715.24,2026-08-31,728.0,12.65,13.11,13.67,2,359,0.3997,-0.9539,0.01292,-0.12,0.0181
2026-08-31 14:00:46,715.24,2026-08-31,729.0,13.79,13.9,14.6,7,431,0.4026,-0.9643,0.01044,-0.085,0.0147
2026-08-31 14:00:46,715.24,2026-08-31,730.0,14.69,14.87,14.67,7,2000,0.3666,-0.9831,0.00611,-0.02,0.0078
2026-08-31 14:01:49,715.01,2026-08-31,701.0,0.01,0.06,0.06,621,506,0.3507,-0.015,0.0058,-0.035,0.0071
2026-08-31 14:01:49,715.01,2026-08-31,702.0,0.01,0.06,0.06,1115,487,0.3289,-0.0159,0.00649,-0.035,0.0074
2026-08-31 14:01:49,715.01,2026-08-31,703.0,0.06,0.07,0.07,1699,1050,0.3379,-0.0269,0.00986,-0.065,0.0116
2026-08-31 14:01:49,715.01,2026-08-31,704.0,0.07,0.08,0.08,1983,1012,0.322,-0.0319,0.0119,-0.075,0.0133
2026-08-31 14:01:49,715.01,2026-08-31,705.0,0.04,0.09,0.05,6055,9235,0.2901,-0.0308,0.01284,-0.065,0.013
2026-08-31 14:01:49,715.01,2026-08-31,706.0,0.1,0.11,0.11,1871,571,0.2908,-0.0467,0.01798,-0.105,0.0182
2026-08-31 14:01:49,715.01,2026-08-31,707.0,0.09,0.14,0.14,4011,772,0.2696,-0.0539,0.02175,-0.115,0.0204
2026-08-31 14:01:49,715.01,2026-08-31,708.0,0.14,0.19,0.18,3837,1167,0.2633,-0.0748,0.02874,-0.165,0.0264
2026-08-31 14:01:49,715.01,2026-08-31,709.0,0.19,0.24,0.24,5877,1006,0.2508,-0.0973,0.03675,-0.215,0.0321
2026-08-31 14:01:49,715.01,2026-08-31,710.0,0.32,0.33,0.29,22383,9454,0.2486,-0.1376,0.0474,-0.325,0.0411
2026-08-31 14:01:49,715.01,2026-08-31,711.0,0.44,0.45,0.44,11210,757,0.2397,-0.1823,0.05912,-0.445,0.0494
2026-08-31 14:01:49,715.01,2026-08-31,712.0,0.6,0.61,0.61,16757,2080,0.2301,-0.2388,0.07218,-0.605,0.0579
2026-08-31 14:01:49,715.01,2026-08-31,713.0,0.79,0.85,0.84,20158,782,0.2205,-0.3095,0.08568,-0.82,0.0658
2026-08-31 14:01:49,715.01,2026-08-31,714.0,1.15,1.16,1.13,35941,2032,0.2175,-0.3986,0.09507,-1.155,0.072
2026-08-31 14:01:49,715.01,2026-08-31,715.0,1.52,1.58,1.58,37458,3474,0.2102,-0.4958,0.10166,-1.55,0.0745
2026-08-31 14:01:49,715.01,2026-08-31,716.0,2.09,2.12,2.1,25192,1206,0.2111,-0.596,0.09829,-1.115,0.0723
2026-08-31 14:01:49,715.01,2026-08-31,717.0,2.69,2.7,2.67,7418,846,0.2026,-0.6975,0.09228,-0.705,0.0651
2026-08-31 14:01:49,715.01,2026-08-31,718.0,3.47,3.49,3.3,2624,2164,0.2102,-0.7741,0.07662,-0.49,0.0561
2026-08-31 14:01:49,715.01,2026-08-31,719.0,4.16,4.43,4.24,779,1467,0.211,-0.8418,0.0613,-0.305,0.0451
2026-08-31 14:01:49,715.01,2026-08-31,720.0,4.8,5.21,5.09,714,3552,0.1451,-0.9661,0.02778,-0.015,0.014
2026-08-31 14:01:49,715.01,2026-08-31,721.0,5.89,7.24,5.94,294,840,0.3396,-0.8247,0.04072,-0.575,0.0482
2026-08-31 14:01:49,715.01,2026-08-31,722.0,6.81,7.21,7.15,153,460,0.1961,-0.9708,0.01818,-0.02,0.0124
2026-08-31 14:01:49,715.01,2026-08-31,723.0,7.99,8.13,8.13,85,382,0.2528,-0.9532,0.02075,-0.07,0.0183
2026-08-31 14:01:49,715.01,2026-08-31,724.0,8.88,9.13,9.14,111,635,0.2369,-0.9779,0.0119,-0.015,0.0098
2026-08-31 14:01:49,715.01,2026-08-31,725.0,9.72,10.09,9.89,376,4343,,,,,
2026-08-31 14:01:49,715.01,2026-08-31,726.0,10.89,11.33,10.98,7,512,0.3556,-0.949,0.01578,-0.12,0.0195
2026-08-31 14:01:49,715.01,2026-08-31,727.0,12.04,12.16,12.14,5,387,0.3755,-0.9544,0.01368,-0.11,0.0179
2026-08-31 14:01:49,715.01,2026-08-31,728.0,12.62,13.06,13.67,2,359,,,,,
2026-08-31 14:01:49,715.01,2026-08-31,729.0,14.14,14.42,14.6,7,431,0.5093,-0.9263,0.0147,-0.29,0.0261
2026-08-31 14:01:49,715.01,2026-08-31,730.0,14.88,15.3,14.67,7,2000,0.4427,-0.963,0.00978,-0.1,0.0151
2026-08-31 14:02:51,714.42,2026-08-31,700.0,0.01,0.02,0.05,2046,30098,0.323,-0.0076,0.00347,-0.015,0.0039
2026-08-31 14:02:51,714.42,2026-08-31,701.0,0.01,0.06,0.04,649,506,0.3386,-0.0155,0.00619,-0.035,0.0073
2026-08-31 14:02:51,714.42,2026-08-31,702.0,0.02,0.07,0.04,1358,487,0.3287,-0.02,0.0079,-0.045,0.009
2026-08-31 14:02:51,714.42,2026-08-31,703.0,0.03,0.08,0.06,1800,1050,0.3158,-0.0247,0.00984,-0.055,0.0108
2026-08-31 14:02:51,714.42,2026-08-31,704.0,0.08,0.09,0.08,2046,1012,0.3153,-0.0363,0.01356,-0.085,0.0148
2026-08-31 14:02:51,714.42,2026-08-31,705.0,0.1,0.11,0.1,6144,9235,0.3021,-0.0452,0.01692,-0.105,0.0177
2026-08-31 14:02:51,714.42,2026-08-31,706.0,0.08,0.09,0.12,1981,571,0.2648,-0.0422,0.01826,-0.085,0.0168
2026-08-31 14:02:51,714.42,2026-08-31,707.0,0.12,0.17,0.13,4678,772,0.2676,-0.0662,0.02582,-0.145,0.024
2026-08-31 14:02:51,714.42,2026-08-31,708.0,0.21,0.22,0.21,4231,1167,0.2639,-0.0934,0.03397,-0.215,0.0311
2026-08-31 14:02:51,714.42,2026-08-31,709.0,0.24,0.29,0.27,6357,1006,0.2473,-0.1172,0.04272,-0.265,0.0366
2026-08-31 14:02:51,714.42,2026-08-31,710.0,0.35,0.4,0.36,23616,9454,0.2403,-0.159,0.05415,-0.375,0.0451
2026-08-31 14:02:51,714.42,2026-08-31,711.0,0.53,0.54,0.53,12449,757,0.2348,-0.2143,0.06668,-0.535,0.0543
2026-08-31 14:02:51,714.42,2026-08-31,712.0,0.74,0.75,0.74,18665,2080,0.2282,-0.2816,0.07941,-0.745,0.0629
2026-08-31 14:02:51,714.42,2026-08-31,713.0,1.02,1.03,1.02,22860,782,0.2218,-0.3624,0.09079,-1.025,0.0698
2026-08-31 14:02:51,714.42,2026-08-31,714.0,1.35,1.4,1.35,40310,2032,0.2135,-0.4547,0.09969,-1.375,0.0738
2026-08-31 14:02:51,714.42,2026-08-31,715.0,1.81,1.83,1.81,40638,3474,0.2051,-0.5571,0.10339,-1.24,0.0735
2026-08-31 14:02:51,714.42,2026-08-31,716.0,2.41,2.46,2.41,27743,1206,0.2058,-0.6568,0.09594,-0.855,0.0685
2026-08-31 14:02:51,714.42,2026-08-31,717.0,3.12,3.18,3.12,8044,846,0.2076,-0.7448,0.08311,-0.57,0.0598
2026-08-31 14:02:51,714.42,2026-08-31,718.0,3.78,3.86,3.88,2810,2164,0.1826,-0.8512,0.0682,-0.24,0.0432
2026-08-31 14:02:51,714.42,2026-08-31,719.0,4.81,4.91,4.69,1019,1467,0.2259,-0.8593,0.05308,-0.28,0.0416
2026-08-31 14:02:51,714.42,2026-08-31,720.0,5.64,5.66,5.66,782,3552,0.1906,-0.9403,0.03343,-0.07,0.0221
2026-08-31 14:02:51,714.42,2026-08-31,721.0,6.6,6.86,6.42,295,840,0.2502,-0.919,0.03222,-0.15,0.028
2026-08-31 14:02:51,714.42,2026-08-31,722.0,7.67,7.77,7.15,153,460,0.2746,-0.9288,0.0266,-0.14,0.0253
2026-08-31 14:02:51,714.42,2026-08-31,723.0,8.6,8.69,8.17,93,382,0.2653,-0.9572,0.01844,-0.065,0.017
2026-08-31 14:02:51,714.42,2026-08-31,724.0,9.43,9.6,9.37,166,635,,,,,
2026-08-31 14:02:51,714.42,2026-08-31,725.0,10.33,10.8,10.21,377,4343,0.2174,-0.9951,0.00348,0.015,0.0026
2026-08-31 14:02:51,714.42,2026-08-31,726.0,11.56,12.2,11.63,105,512,0.4463,-0.9153,0.01868,-0.3,0.0289
2026-08-31 14:02:51,714.42,2026-08-31,727.0,12.28,13.01,12.18,6,387,0.362,-0.9673,0.01085,-0.065,0.0136
2026-08-31 14:02:51,714.42,2026-08-31,728.0,11.8,15.2,13.67,2,359,,,,,
2026-08-31 14:02:51,714.42,2026-08-31,729.0,14.22,15.97,14.6,7,431,0.6034,-0.8988,0.01576,-0.515,0.033
2026-08-31 14:03:53,714.34,2026-08-31,700.0,0.01,0.06,0.03,2102,30098,0.3592,-0.0148,0.00559,-0.035,0.0069
2026-08-31 14:03:53,714.34,2026-08-31,701.0,0.05,0.06,0.05,702,506,0.3609,-0.022,0.00782,-0.055,0.0098
2026-08-31 14:03:53,714.34,2026-08-31,702.0,0.02,0.03,0.05,1580,487,0.3009,-0.0128,0.0059,-0.025,0.0061
2026-08-31 14:03:53,714.34,2026-08-31,703.0,0.07,0.08,0.04,1859,1050,0.3312,-0.0312,0.01141,-0.075,0.0131
2026-08-31 14:03:53,714.34,2026-08-31,704.0,0.08,0.09,0.08,2123,1012,0.3137,-0.0365,0.0137,-0.085,0.0149
2026-08-31 14:03:53,714.34,2026-08-31,705.0,0.06,0.11,0.1,6200,9235,0.2886,-0.0392,0.01581,-0.085,0.0158
2026-08-31 14:03:53,714.34,2026-08-31,706.0,0.12,0.13,0.12,1991,571,0.2844,-0.0555,0.02118,-0.125,0.0208
2026-08-31 14:03:53,714.34,2026-08-31,707.0,0.12,0.17,0.16,4759,772,0.2658,-0.0667,0.02618,-0.145,0.0241
2026-08-31 14:03:53,714.34,2026-08-31,708.0,0.17,0.18,0.2,4351,1167,0.2484,-0.0828,0.03304,-0.175,0.0284
2026-08-31 14:03:53,714.34,2026-08-31,709.0,0.25,0.3,0.25,6813,1006,0.2478,-0.1208,0.04362,-0.275,0.0374
2026-08-31 14:03:53,714.34,2026-08-31,710.0,0.35,0.36,0.35,24850,9454,0.2334,-0.156,0.05515,-0.355,0.0445
2026-08-31 14:03:53,714.34,2026-08-31,711.0,0.5,0.51,0.49,14103,757,0.2265,-0.211,0.06863,-0.505,0.0537
2026-08-31 14:03:53,714.34,2026-08-31,712.0,0.74,0.75,0.74,19539,2080,0.225,-0.2849,0.08115,-0.745,0.0631
2026-08-31 14:03:53,714.34,2026-08-31,713.0,1.02,1.03,1.02,24541,782,0.2179,-0.3673,0.09296,-1.025,0.07
2026-08-31 14:03:53,714.34,2026-08-31,714.0,1.35,1.37,1.39,42110,2032,0.2068,-0.4615,0.10327,-1.36,0.0738
2026-08-31 14:03:53,714.34,2026-08-31,715.0,1.83,1.89,1.87,42913,3474,0.2047,-0.5656,0.1034,-1.2,0.0732
2026-08-31 14:03:53,714.34,2026-08-31,716.0,2.42,2.5,2.42,29001,1206,0.202,-0.6676,0.0967,-0.8,0.0675
2026-08-31 14:03:53,714.34,2026-08-31,717.0,3.18,3.2,3.14,8562,846,0.2045,-0.755,0.08269,-0.53,0.0585
2026-08-31 14:03:53,714.34,2026-08-31,718.0,3.82,4.07,3.94,3065,2164,0.1958,-0.84,0.06683,-0.285,0.0452
2026-08-31 14:03:53,714.34,2026-08-31,719.0,4.76,4.87,4.85,1136,1467,0.1954,-0.8979,0.04902,-0.155,0.0331
2026-08-31 14:03:53,714.34,2026-08-31,720.0,5.48,5.85,5.54,837,3552,0.153,-0.9757,0.02005,-0.005,0.0106
2026-08-31 14:03:53,714.34,2026-08-31,721.0,6.69,6.73,6.42,295,840,0.2088,-0.9554,0.02425,-0.05,0.0175
2026-08-31 14:03:53,714.34,2026-08-31,722.0,7.55,7.96,7.15,153,460,0.2578,-0.9431,0.02382,-0.095,0.0212
2026-08-31 14:03:53,714.34,2026-08-31,723.0,8.65,8.78,8.49,94,382,0.2615,-0.961,0.01736,-0.055,0.0157
2026-08-31 14:03:53,714.34,2026-08-31,724.0,9.46,9.7,9.61,196,635,,,,,
2026-08-31 14:03:53,714.34,2026-08-31,725.0,10.52,10.98,10.54,378,4343,0.3322,-0.9559,0.01509,-0.09,0.0173
2026-08-31 14:03:53,714.34,2026-08-31,726.0,11.56,12.26,11.63,105,512,0.4312,-0.9243,0.01779,-0.25,0.0265
2026-08-31 14:03:53,714.34,2026-08-31,727.0,12.6,12.99,12.18,6,387,0.4074,-0.9504,0.01353,-0.135,0.0191
2026-08-31 14:03:53,714.34,2026-08-31,728.0,13.6,14.97,13.67,2,359,0.6078,-0.8825,0.01744,-0.625,0.0367
2026-08-31 14:03:53,714.34,2026-08-31,729.0,14.74,15.71,14.6,7,431,0.6217,-0.8935,0.01589,-0.565,0.0342
2026-08-31 14:04:54,714.45,2026-08-31,700.0,0.01,0.02,0.04,2108,30098,0.3245,-0.0075,0.00345,-0.015,0.0039
2026-08-31 14:04:54,714.45,2026-08-31,701.0,0.01,0.06,0.03,722,506,0.3402,-0.0155,0.00617,-0.035,0.0072
2026-08-31 14:04:54,714.45,2026-08-31,702.0,0.06,0.07,0.06,1587,487,0.3501,-0.0262,0.00935,-0.065,0.0113
2026-08-31 14:04:54,714.45,2026-08-31,703.0,0.03,0.04,0.07,1910,1050,0.2961,-0.0176,0.00789,-0.035,0.0081
2026-08-31 14:04:54,714.45,2026-08-31,704.0,0.08,0.09,0.07,2447,1012,0.3169,-0.0362,0.0135,-0.085,0.0148
2026-08-31 14:04:54,714.45,2026-08-31,705.0,0.1,0.11,0.07,6274,9235,0.3038,-0.0451,0.01684,-0.105,0.0176
2026-08-31 14:04:54,714.45,2026-08-31,706.0,0.08,0.09,0.12,2094,571,0.2663,-0.0421,0.01818,-0.085,0.0167
2026-08-31 14:04:54,714.45,2026-08-31,707.0,0.16,0.17,0.16,4830,772,0.2773,-0.0719,0.02661,-0.165,0.0254
2026-08-31 14:04:54,714.45,2026-08-31,708.0,0.17,0.22,0.17,4468,1167,0.2589,-0.0877,0.03312,-0.195,0.0296
2026-08-31 14:04:54,714.45,2026-08-31,709.0,0.24,0.29,0.25,6901,1006,0.249,-0.1168,0.04246,-0.265,0.0365
2026-08-31 14:04:54,714.45,2026-08-31,710.0,0.38,0.39,0.35,27427,9454,0.2443,-0.1606,0.05378,-0.385,0.0453
2026-08-31 14:04:54,714.45,2026-08-31,711.0,0.53,0.54,0.53,15483,757,0.2367,-0.2134,0.06619,-0.535,0.054
2026-08-31 14:04:54,714.45,2026-08-31,712.0,0.72,0.74,0.7,20240,2080,0.2278,-0.2783,0.07932,-0.73,0.0623
2026-08-31 14:04:54,714.45,2026-08-31,713.0,0.96,1.01,1.01,25834,782,0.2182,-0.3571,0.09207,-0.985,0.0693
2026-08-31 14:04:54,714.45,2026-08-31,714.0,1.37,1.38,1.34,43546,2032,0.216,-0.4522,0.09876,-1.375,0.0736
2026-08-31 14:04:54,714.45,2026-08-31,715.0,1.81,1.87,1.81,45030,3474,0.2106,-0.5527,0.10109,-1.29,0.0734
2026-08-31 14:04:54,714.45,2026-08-31,716.0,2.45,2.47,2.38,30171,1206,0.2129,-0.6494,0.09375,-0.91,0.0688
2026-08-31 14:04:54,714.45,2026-08-31,717.0,3.16,3.19,3.06,8802,846,0.216,-0.7346,0.08173,-0.625,0.0609
2026-08-31 14:04:54,714.45,2026-08-31,718.0,3.94,3.95,3.85,3140,2164,0.2151,-0.8102,0.0679,-0.395,0.0504
2026-08-31 14:04:54,714.45,2026-08-31,719.0,4.66,4.97,4.82,1160,1467,0.2218,-0.8628,0.05329,-0.265,0.0408
2026-08-31 14:04:54,714.45,2026-08-31,720.0,5.5,5.79,5.64,900,3552,0.2009,-0.9297,0.03611,-0.095,0.025
2026-08-31 14:04:54,714.45,2026-08-31,721.0,6.66,6.84,6.42,295,840,0.2668,-0.9046,0.03421,-0.2,0.0315
2026-08-31 14:04:54,714.45,2026-08-31,722.0,7.56,7.86,7.15,154,460,0.2822,-0.923,0.02756,-0.16,0.0268
2026-08-31 14:04:54,714.45,2026-08-31,723.0,8.38,8.73,8.49,95,382,0.2171,-0.9822,0.0109,-0.005,0.0082
2026-08-31 14:04:54,714.45,2026-08-31,724.0,9.52,9.93,9.41,208,635,0.3438,-0.9303,0.02096,-0.175,0.0249
2026-08-31 14:04:54,714.45,2026-08-31,725.0,10.39,10.73,10.56,383,4343,0.2663,-0.9826,0.00871,-0.01,0.008
2026-08-31 14:04:54,714.45,2026-08-31,726.0,11.39,11.59,11.63,105,512,,,,,
2026-08-31 14:04:54,714.45,2026-08-31,727.0,12.5,12.51,12.18,6,387,,,,,
2026-08-31 14:04:54,714.45,2026-08-31,728.0,13.27,14.02,13.67,2,359,0.4068,-0.9615,0.01105,-0.095,0.0155
2026-08-31 14:04:54,714.45,2026-08-31,729.0,14.67,14.95,14.6,7,431,0.5152,-0.9327,0.01361,-0.26,0.0242
2026-08-31 14:05:56,714.75,2026-08-31,700.0,0.01,0.02,0.05,2147,30098,0.3308,-0.0074,0.00334,-0.015,0.0038
2026-08-31 14:05:56,714.75,2026-08-31,701.0,0.01,0.02,0.05,728,506,0.3108,-0.0079,0.00374,-0.015,0.004
2026-08-31 14:05:56,714.75,2026-08-31,702.0,0.06,0.07,0.03,1589,487,0.3576,-0.0258,0.00903,-0.065,0.0111
2026-08-31 14:05:56,714.75,2026-08-31,703.0,0.07,0.08,0.04,1927,1050,0.342,-0.0304,0.01084,-0.075,0.0128
2026-08-31 14:05:56,714.75,2026-08-31,704.0,0.04,0.05,0.08,2452,1012,0.2918,-0.0223,0.0098,-0.045,0.0098
2026-08-31 14:05:56,714.75,2026-08-31,705.0,0.05,0.1,0.1,6284,9235,0.2929,-0.0348,0.01416,-0.075,0.0143
2026-08-31 14:05:56,714.75,2026-08-31,706.0,0.11,0.12,0.11,2127,571,0.2911,-0.0507,0.01931,-0.115,0.0193
2026-08-31 14:05:56,714.75,2026-08-31,707.0,0.1,0.11,0.11,4854,772,0.2593,-0.0518,0.02206,-0.105,0.0197
2026-08-31 14:05:56,714.75,2026-08-31,708.0,0.18,0.19,0.19,4516,1167,0.2647,-0.0824,0.03097,-0.185,0.0282
2026-08-31 14:05:56,714.75,2026-08-31,709.0,0.24,0.25,0.26,6944,1006,0.2532,-0.1081,0.03953,-0.245,0.0344
2026-08-31 14:05:56,714.75,2026-08-31,710.0,0.28,0.29,0.29,27874,9454,0.2314,-0.1318,0.04974,-0.285,0.0396
2026-08-31 14:05:56,714.75,2026-08-31,711.0,0.4,0.45,0.45,15654,757,0.2273,-0.1842,0.06313,-0.425,0.0494
2026-08-31 14:05:56,714.75,2026-08-31,712.0,0.57,0.62,0.62,20645,2080,0.2188,-0.2462,0.07763,-0.595,0.0585
2026-08-31 14:05:56,714.75,2026-08-31,713.0,0.85,0.86,0.86,27091,782,0.2145,-0.327,0.09067,-0.855,0.0669
2026-08-31 14:05:56,714.75,2026-08-31,714.0,1.13,1.15,1.15,44373,2032,0.202,-0.4174,0.1042,-1.14,0.0724
2026-08-31 14:05:56,714.75,2026-08-31,715.0,1.55,1.62,1.62,46436,3474,0.1983,-0.5238,0.10828,-1.335,0.0739
2026-08-31 14:05:56,714.75,2026-08-31,716.0,2.11,2.17,2.17,30529,1206,0.1948,-0.6321,0.1043,-0.89,0.0699
2026-08-31 14:05:56,714.75,2026-08-31,717.0,2.74,2.79,2.94,8866,846,0.1851,-0.7408,0.09432,-0.515,0.0601
2026-08-31 14:05:56,714.75,2026-08-31,718.0,3.57,3.62,3.62,3175,2164,0.1941,-0.8139,0.07441,-0.345,0.0497
2026-08-31 14:05:56,714.75,2026-08-31,719.0,4.41,4.62,4.46,1186,1467,0.212,-0.8576,0.05726,-0.265,0.0418
2026-08-31 14:05:56,714.75,2026-08-31,720.0,5.32,5.4,5.53,913,3552,0.1984,-0.9212,0.03994,-0.11,0.0273
2026-08-31 14:05:56,714.75,2026-08-31,721.0,6.31,6.86,6.42,295,840,0.2958,-0.87,0.03855,-0.335,0.0392
2026-08-31 14:05:56,714.75,2026-08-31,722.0,7.18,7.89,7.64,157,460,0.3141,-0.8907,0.03212,-0.285,0.0347
2026-08-31 14:05:56,714.75,2026-08-31,723.0,8.25,8.98,8.48,107,382,0.3679,-0.8838,0.02865,-0.365,0.0363
2026-08-31 14:05:56,714.75,2026-08-31,724.0,9.14,9.94,9.23,228,635,0.3764,-0.9046,0.02427,-0.29,0.0314
2026-08-31 14:05:56,714.75,2026-08-31,725.0,10.26,10.89,10.26,384,4343,0.4173,-0.9043,0.02195,-0.325,0.0315
2026-08-31 14:05:56,714.75,2026-08-31,726.0,11.03,11.91,11.63,105,512,0.4091,-0.9282,0.01803,-0.22,0.0254
2026-08-31 14:05:56,714.75,2026-08-31,727.0,12.27,12.51,12.18,6,387,0.4003,-0.9482,0.01429,-0.14,0.0197
2026-08-31 14:05:56,714.75,2026-08-31,728.0,13.08,13.77,13.67,2,359,0.4435,-0.9438,0.01375,-0.175,0.021
2026-08-31 14:05:56,714.75,2026-08-31,729.0,14.01,14.82,14.6,7,431,0.4645,-0.9483,0.01228,-0.165,0.0196
2026-08-31 14:07:00,713.71,2026-08-31,699.0,0.01,0.05,0.04,707,717,0.3615,-0.0128,0.00495,-0.03,0.0061
2026-08-31 14:07:00,713.71,2026-08-31,700.0,0.01,0.02,0.02,2162,30098,0.3109,-0.0079,0.00376,-0.015,0.004
2026-08-31 14:07:00,713.71,2026-08-31,701.0,0.02,0.07,0.02,752,506,0.3376,-0.0196,0.00763,-0.045,0.0088
2026-08-31 14:07:00,713.71,2026-08-31,702.0,0.07,0.08,0.05,1659,487,0.342,-0.0305,0.01089,-0.075,0.0127
2026-08-31 14:07:00,713.71,2026-08-31,703.0,0.08,0.09,0.04,2078,1050,0.3247,-0.0356,0.01304,-0.085,0.0145
2026-08-31 14:07:00,713.71,2026-08-31,704.0,0.05,0.06,0.06,2485,1012,0.2774,-0.0279,0.01248,-0.055,0.0118
2026-08-31 14:07:00,713.71,2026-08-31,705.0,0.11,0.12,0.08,6810,9235,0.2909,-0.0509,0.01943,-0.115,0.0193
2026-08-31 14:07:00,713.71,2026-08-31,706.0,0.11,0.12,0.1,2201,571,0.264,-0.0553,0.02289,-0.115,0.0207
2026-08-31 14:07:00,713.71,2026-08-31,707.0,0.19,0.2,0.13,4968,772,0.2678,-0.0855,0.03156,-0.195,0.0289
2026-08-31 14:07:00,713.71,2026-08-31,708.0,0.25,0.26,0.21,4622,1167,0.2556,-0.1112,0.04008,-0.255,0.035
2026-08-31 14:07:00,713.71,2026-08-31,709.0,0.3,0.35,0.3,7203,1006,0.2406,-0.1424,0.05059,-0.325,0.0416
2026-08-31 14:07:00,713.71,2026-08-31,710.0,0.47,0.48,0.47,29133,9454,0.2364,-0.1953,0.06312,-0.475,0.051
2026-08-31 14:07:00,713.71,2026-08-31,711.0,0.61,0.66,0.6,16467,757,0.2246,-0.2541,0.07717,-0.635,0.0593
2026-08-31 14:07:00,713.71,2026-08-31,712.0,0.89,0.9,0.89,22832,2080,0.2191,-0.3335,0.08973,-0.895,0.0673
2026-08-31 14:07:00,713.71,2026-08-31,713.0,1.23,1.24,1.23,29087,782,0.2133,-0.4254,0.09933,-1.235,0.0725
2026-08-31 14:07:00,713.71,2026-08-31,714.0,1.62,1.63,1.62,47209,2032,0.2014,-0.5278,0.10683,-1.335,0.0736
2026-08-31 14:07:00,713.71,2026-08-31,715.0,2.21,2.23,2.21,50332,3474,0.2032,-0.6311,0.10036,-0.93,0.0698
2026-08-31 14:07:00,713.71,2026-08-31,716.0,2.85,2.89,2.85,32062,1206,0.1981,-0.731,0.09008,-0.58,0.061
2026-08-31 14:07:00,713.71,2026-08-31,717.0,3.63,3.64,3.68,9210,846,0.1961,-0.815,0.07357,-0.345,0.0494
2026-08-31 14:07:00,713.71,2026-08-31,718.0,4.39,4.5,4.39,3350,2164,0.185,-0.8928,0.05394,-0.155,0.0341
2026-08-31 14:07:00,713.71,2026-08-31,719.0,5.34,5.49,4.67,1224,1467,0.2055,-0.916,0.04058,-0.125,0.0285
2026-08-31 14:07:00,713.71,2026-08-31,720.0,6.08,6.48,5.97,1001,3552,0.1482,-0.9885,0.01095,0.01,0.0056
2026-08-31 14:07:00,713.71,2026-08-31,721.0,6.74,7.4,6.38,298,840,,,,,
2026-08-31 14:07:00,713.71,2026-08-31,722.0,8.01,8.45,7.28,159,460,,,,,
2026-08-31 14:07:00,713.71,2026-08-31,723.0,8.73,9.28,8.48,115,382,,,,,
2026-08-31 14:07:00,713.71,2026-08-31,724.0,9.95,10.4,9.55,249,635,,,,,
2026-08-31 14:07:00,713.71,2026-08-31,725.0,10.63,11.46,10.82,405,4343,,,,,
2026-08-31 14:07:00,713.71,2026-08-31,726.0,11.85,12.5,11.2,107,512,,,,,
2026-08-31 14:07:00,713.71,2026-08-31,727.0,13.18,13.41,12.67,9,387,0.3176,-0.9873,0.0056,-0.005,0.0061
2026-08-31 14:07:00,713.71,2026-08-31,728.0,13.74,14.16,13.67,2,359,,,,,
2026-08-31 14:08:02,713.95,2026-08-31,699.0,0.05,0.06,0.04,727,717,0.4004,-0.0202,0.00659,-0.055,0.009
2026-08-31 14:08:02,713.95,2026-08-31,700.0,0.01,0.06,0.05,2167,30098,0.353,-0.0151,0.00583,-0.035,0.007
2026-08-31 14:08:02,713.95,2026-08-31,701.0,0.02,0.03,0.06,753,506,0.3159,-0.0123,0.00548,-0.025,0.0059
2026-08-31 14:08:02,713.95,2026-08-31,702.0,0.03,0.04,0.07,1770,487,0.3088,-0.017,0.00739,-0.035,0.0078
2026-08-31 14:08:02,713.95,2026-08-31,703.0,0.04,0.09,0.08,2099,1050,0.3159,-0.0288,0.01128,-0.065,0.0122
2026-08-31 14:08:02,713.95,2026-08-31,704.0,0.09,0.1,0.09,2495,1012,0.3123,-0.0406,0.01511,-0.095,0.0161
2026-08-31 14:08:02,713.95,2026-08-31,705.0,0.07,0.12,0.08,6841,9235,0.2865,-0.0437,0.0175,-0.095,0.0171
2026-08-31 14:08:02,713.95,2026-08-31,706.0,0.14,0.15,0.14,2223,571,0.2846,-0.0633,0.02361,-0.145,0.0229
2026-08-31 14:08:02,713.95,2026-08-31,707.0,0.18,0.19,0.15,5152,772,0.2717,-0.0809,0.02987,-0.185,0.0277
2026-08-31 14:08:02,713.95,2026-08-31,708.0,0.2,0.25,0.21,4762,1167,0.2546,-0.1006,0.03748,-0.225,0.0326
2026-08-31 14:08:02,713.95,2026-08-31,709.0,0.29,0.3,0.28,7264,1006,0.2416,-0.1313,0.04771,-0.295,0.0393
2026-08-31 14:08:02,713.95,2026-08-31,710.0,0.41,0.42,0.4,29529,9454,0.2337,-0.1774,0.06023,-0.415,0.048
2026-08-31 14:08:02,713.95,2026-08-31,711.0,0.61,0.62,0.62,16669,757,0.2317,-0.2424,0.07303,-0.615,0.0578
2026-08-31 14:08:02,713.95,2026-08-31,712.0,0.85,0.86,0.85,23708,2080,0.2252,-0.3166,0.08558,-0.855,0.0658
2026-08-31 14:08:02,713.95,2026-08-31,713.0,1.17,1.18,1.13,29648,782,0.2191,-0.4041,0.09568,-1.175,0.0716
2026-08-31 14:08:02,713.95,2026-08-31,714.0,1.54,1.59,1.57,48277,2032,0.2103,-0.5019,0.10267,-1.515,0.0737
2026-08-31 14:08:02,713.95,2026-08-31,715.0,2.05,2.06,2.05,53813,3474,0.2012,-0.608,0.10338,-1.005,0.071
2026-08-31 14:08:02,713.95,2026-08-31,716.0,2.66,2.71,2.74,32901,1206,0.1964,-0.7108,0.09419,-0.635,0.0632
2026-08-31 14:08:02,713.95,2026-08-31,717.0,3.39,3.42,3.37,9507,846,0.1893,-0.8056,0.07868,-0.355,0.0508
2026-08-31 14:08:02,713.95,2026-08-31,718.0,4.23,4.4,4.17,3525,2164,0.206,-0.8538,0.06021,-0.265,0.0423
2026-08-31 14:08:02,713.95,2026-08-31,719.0,5.1,5.35,4.99,1257,1467,0.2147,-0.8963,0.04543,-0.175,0.0333
2026-08-31 14:08:02,713.95,2026-08-31,720.0,5.99,6.25,5.8,1011,3552,0.2046,-0.9436,0.03003,-0.07,0.021
2026-08-31 14:08:02,713.95,2026-08-31,721.0,6.84,7.12,6.38,313,840,,,,,
2026-08-31 14:08:02,713.95,2026-08-31,722.0,8,8.21,7.28,159,460,0.2479,-0.9591,0.01917,-0.055,0.0162
2026-08-31 14:08:02,713.95,2026-08-31,723.0,8.96,9.39,8.67,115,382,0.3104,-0.9407,0.02059,-0.125,0.0218
2026-08-31 14:08:02,713.95,2026-08-31,724.0,9.56,10.5,9.66,259,635,0.1736,-0.999,0.00101,0.02,0.0006
2026-08-31 14:08:02,713.95,2026-08-31,725.0,10.95,11.14,10.86,407,4343,0.2543,-0.99,0.00567,0.005,0.0049
2026-08-31 14:08:02,713.95,2026-08-31,726.0,12.15,12.27,11.85,108,512,0.4065,-0.9433,0.01517,-0.16,0.0211
2026-08-31 14:08:02,713.95,2026-08-31,727.0,12.56,13.23,13,9,387,,,,,
2026-08-31 14:08:02,713.95,2026-08-31,728.0,14.11,14.45,13.67,2,359,0.4915,-0.9362,0.01376,-0.23,0.0231
2026-08-31 14:09:03,714.23,2026-08-31,700.0,0.01,0.06,0.03,2196,30098,0.3595,-0.0148,0.00566,-0.035,0.0069
2026-08-31 14:09:03,714.23,2026-08-31,701.0,0.06,0.07,0.06,753,506,0.3708,-0.025,0.00855,-0.065,0.0108
2026-08-31 14:09:03,714.23,2026-08-31,702.0,0.03,0.04,0.04,1772,487,0.3153,-0.0167,0.00713,-0.035,0.0077
2026-08-31 14:09:03,714.23,2026-08-31,703.0,0.04,0.05,0.05,2108,1050,0.3044,-0.0216,0.00918,-0.045,0.0095
2026-08-31 14:09:03,714.23,2026-08-31,704.0,0.05,0.1,0.07,2509,1012,0.3063,-0.0336,0.01322,-0.075,0.0138
2026-08-31 14:09:03,714.23,2026-08-31,705.0,0.06,0.07,0.1,6896,9235,0.2743,-0.0327,0.01443,-0.065,0.0135
2026-08-31 14:09:03,714.23,2026-08-31,706.0,0.13,0.14,0.09,2236,571,0.2882,-0.0589,0.02208,-0.135,0.0217
2026-08-31 14:09:03,714.23,2026-08-31,707.0,0.12,0.17,0.12,5240,772,0.2646,-0.0674,0.0267,-0.145,0.0241
2026-08-31 14:09:03,714.23,2026-08-31,708.0,0.17,0.22,0.21,4825,1167,0.2539,-0.0896,0.03455,-0.195,0.0299
2026-08-31 14:09:03,714.23,2026-08-31,709.0,0.25,0.26,0.25,8350,1006,0.2406,-0.117,0.04426,-0.255,0.0363
2026-08-31 14:09:03,714.23,2026-08-31,710.0,0.36,0.41,0.36,30267,9454,0.2378,-0.1649,0.05654,-0.385,0.0458
2026-08-31 14:09:03,714.23,2026-08-31,711.0,0.5,0.51,0.51,17211,757,0.2238,-0.2142,0.07061,-0.505,0.0538
2026-08-31 14:09:03,714.23,2026-08-31,712.0,0.72,0.77,0.72,24777,2080,0.2216,-0.2898,0.08367,-0.745,0.0632
2026-08-31 14:09:03,714.23,2026-08-31,713.0,1.01,1.07,1.01,30616,782,0.2158,-0.3756,0.09526,-1.04,0.07
2026-08-31 14:09:03,714.23,2026-08-31,714.0,1.4,1.41,1.4,49225,2032,0.2074,-0.4728,0.10397,-1.405,0.0735
2026-08-31 14:09:03,714.23,2026-08-31,715.0,1.96,1.97,1.96,55237,3474,0.212,-0.5748,0.10016,-1.195,0.0723
2026-08-31 14:09:03,714.23,2026-08-31,716.0,2.55,2.58,2.55,33653,1206,0.2081,-0.6744,0.09377,-0.795,0.0665
2026-08-31 14:09:03,714.23,2026-08-31,717.0,3.24,3.32,3.24,9944,846,0.2071,-0.7628,0.08082,-0.51,0.057
2026-08-31 14:09:03,714.23,2026-08-31,718.0,3.95,4.03,3.98,3603,2164,0.1859,-0.8617,0.06436,-0.22,0.0407
2026-08-31 14:09:03,714.23,2026-08-31,719.0,4.78,4.94,4.83,1319,1467,0.1781,-0.9248,0.04317,-0.09,0.0262
2026-08-31 14:09:03,714.23,2026-08-31,720.0,5.83,5.91,5.66,1019,3552,0.2103,-0.9296,0.03475,-0.1,0.0249
2026-08-31 14:09:03,714.23,2026-08-31,721.0,6.78,7.38,6.8,313,840,0.3075,-0.881,0.03505,-0.31,0.0367
2026-08-31 14:09:03,714.23,2026-08-31,722.0,7.65,7.98,7.28,160,460,0.2349,-0.9621,0.01904,-0.045,0.0152
2026-08-31 14:09:03,714.23,2026-08-31,723.0,8.69,9.24,8.67,116,382,0.3317,-0.9217,0.0239,-0.195,0.027
2026-08-31 14:09:03,714.23,2026-08-31,724.0,9.77,10.18,9.61,259,635,0.3638,-0.9247,0.02115,-0.205,0.0262
2026-08-31 14:09:03,714.23,2026-08-31,725.0,10.68,11.36,10.68,414,4343,0.409,-0.9204,0.01961,-0.25,0.0273
2026-08-31 14:09:03,714.23,2026-08-31,726.0,10.27,13.68,11.55,109,512,0.4194,-0.9332,0.01673,-0.205,0.0239
2026-08-31 14:09:03,714.23,2026-08-31,727.0,12.59,14.28,13,9,387,0.5947,-0.8736,0.0189,-0.665,0.0383
2026-08-31 14:09:03,714.23,2026-08-31,728.0,12.22,15.74,13.67,2,359,0.4757,-0.9388,0.01377,-0.21,0.0223
2026-08-31 14:09:03,714.23,2026-08-31,729.0,14.44,16.34,14.6,7,431,0.6456,-0.8882,0.01597,-0.62,0.0351
2026-08-31 14:10:05,713.92,2026-08-31,699.0,0.01,0.06,0.02,797,717,0.3753,-0.0143,0.00526,-0.035,0.0067
2026-08-31 14:10:05,713.92,2026-08-31,700.0,0.05,0.06,0.04,2232,30098,0.3778,-0.0213,0.00734,-0.055,0.0094
2026-08-31 14:10:05,713.92,2026-08-31,701.0,0.06,0.07,0.06,773,506,0.3641,-0.0255,0.00886,-0.065,0.0109
2026-08-31 14:10:05,713.92,2026-08-31,702.0,0.07,0.08,0.04,1778,487,0.3486,-0.0301,0.01062,-0.075,0.0126
2026-08-31 14:10:05,713.92,2026-08-31,703.0,0.08,0.09,0.08,2111,1050,0.3313,-0.0351,0.01268,-0.085,0.0143
2026-08-31 14:10:05,713.92,2026-08-31,704.0,0.05,0.06,0.09,2570,1012,0.2836,-0.0274,0.0121,-0.055,0.0116
2026-08-31 14:10:05,713.92,2026-08-31,705.0,0.11,0.12,0.11,7002,9235,0.2977,-0.05,0.01882,-0.115,0.019
2026-08-31 14:10:05,713.92,2026-08-31,706.0,0.1,0.15,0.14,2243,571,0.2756,-0.0575,0.02268,-0.125,0.0212
2026-08-31 14:10:05,713.92,2026-08-31,707.0,0.18,0.19,0.14,5778,772,0.2716,-0.0811,0.03003,-0.185,0.0277
2026-08-31 14:10:05,713.92,2026-08-31,708.0,0.24,0.25,0.21,5037,1167,0.2604,-0.1062,0.03823,-0.245,0.0338
2026-08-31 14:10:05,713.92,2026-08-31,709.0,0.28,0.33,0.29,8404,1006,0.2439,-0.1342,0.04814,-0.305,0.0398
2026-08-31 14:10:05,713.92,2026-08-31,710.0,0.45,0.46,0.45,30653,9454,0.2415,-0.1863,0.06028,-0.455,0.0494
2026-08-31 14:10:05,713.92,2026-08-31,711.0,0.59,0.64,0.64,19380,757,0.2311,-0.2435,0.0736,-0.615,0.0577
2026-08-31 14:10:05,713.92,2026-08-31,712.0,0.84,0.85,0.84,25356,2080,0.2228,-0.317,0.08677,-0.845,0.0656
2026-08-31 14:10:05,713.92,2026-08-31,713.0,1.16,1.22,1.16,31355,782,0.2202,-0.4072,0.09569,-1.19,0.0715
2026-08-31 14:10:05,713.92,2026-08-31,714.0,1.6,1.62,1.6,50166,2032,0.215,-0.5049,0.10072,-1.53,0.0735
2026-08-31 14:10:05,713.92,2026-08-31,715.0,2.12,2.14,2.12,56798,3474,0.2098,-0.6069,0.09951,-1.05,0.0708
2026-08-31 14:10:05,713.92,2026-08-31,716.0,2.78,2.85,2.78,38519,1206,0.2141,-0.698,0.08842,-0.735,0.0642
2026-08-31 14:10:05,713.92,2026-08-31,717.0,3.58,3.66,3.47,10332,846,0.2255,-0.7679,0.07346,-0.54,0.0562
2026-08-31 14:10:05,713.92,2026-08-31,718.0,4.41,4.46,4.34,3870,2164,0.228,-0.8317,0.05987,-0.355,0.0463
2026-08-31 14:10:05,713.92,2026-08-31,719.0,5.21,5.41,5.21,1373,1467,0.2319,-0.8804,0.04671,-0.23,0.0368
2026-08-31 14:10:05,713.92,2026-08-31,720.0,6.29,6.49,6.25,1127,3552,0.2857,-0.8734,0.03945,-0.31,0.0383
2026-08-31 14:10:05,713.92,2026-08-31,721.0,7.17,7.35,6.8,314,840,0.278,-0.9144,0.03055,-0.18,0.0288
2026-08-31 14:10:05,713.92,2026-08-31,722.0,8.15,8.39,8.15,171,460,0.3106,-0.9187,0.02629,-0.19,0.0277
2026-08-31 14:10:05,713.92,2026-08-31,723.0,9.21,9.26,9.21,121,382,0.3253,-0.933,0.02167,-0.155,0.0239
2026-08-31 14:10:05,713.92,2026-08-31,724.0,10.02,10.17,9.61,269,635,0.2638,-0.9799,0.00999,-0.015,0.0089
2026-08-31 14:10:05,713.92,2026-08-31,725.0,11.13,11.52,10.87,419,4343,0.4168,-0.9228,0.01885,-0.245,0.0267
2026-08-31 14:10:05,713.92,2026-08-31,726.0,11.99,13.25,10.4,109,512,0.5402,-0.8839,0.01964,-0.54,0.036
2026-08-31 14:10:05,713.92,2026-08-31,727.0,13.29,14.63,13,9,387,0.6596,-0.8547,0.01879,-0.88,0.042
2026-08-31 14:10:05,713.92,2026-08-31,728.0,13.97,15.71,13.67,2,359,0.6628,-0.8711,0.01722,-0.76,0.0387
2026-08-31 14:11:06,713.97,2026-08-31,699.0,0.05,0.06,0.03,797,717,0.4026,-0.0201,0.00658,-0.055,0.009
2026-08-31 14:11:06,713.97,2026-08-31,700.0,0.05,0.06,0.05,2260,30098,0.3795,-0.0212,0.0073,-0.055,0.0094
2026-08-31 14:11:06,713.97,2026-08-31,701.0,0.02,0.03,0.06,775,506,0.3177,-0.0123,0.00546,-0.025,0.0059
2026-08-31 14:11:06,713.97,2026-08-31,702.0,0.03,0.04,0.04,1803,487,0.3106,-0.017,0.00737,-0.035,0.0077
2026-08-31 14:11:06,713.97,2026-08-31,703.0,0.08,0.09,0.04,2113,1050,0.333,-0.035,0.0126,-0.085,0.0142
2026-08-31 14:11:06,713.97,2026-08-31,704.0,0.05,0.1,0.05,2654,1012,0.3009,-0.0343,0.01372,-0.075,0.014
2026-08-31 14:11:06,713.97,2026-08-31,705.0,0.07,0.08,0.08,7281,9235,0.2758,-0.037,0.01593,-0.075,0.0149
2026-08-31 14:11:06,713.97,2026-08-31,706.0,0.13,0.14,0.15,2263,571,0.282,-0.0602,0.02304,-0.135,0.022
2026-08-31 14:11:06,713.97,2026-08-31,707.0,0.17,0.18,0.13,7849,772,0.2698,-0.078,0.02938,-0.175,0.0268
2026-08-31 14:11:06,713.97,2026-08-31,708.0,0.19,0.2,0.22,5083,1167,0.2468,-0.092,0.03637,-0.195,0.0304
2026-08-31 14:11:06,713.97,2026-08-31,709.0,0.31,0.32,0.31,8476,1006,0.2484,-0.1359,0.04772,-0.315,0.0401
2026-08-31 14:11:06,713.97,2026-08-31,710.0,0.39,0.4,0.39,30986,9454,0.2312,-0.1726,0.06009,-0.395,0.047
2026-08-31 14:11:06,713.97,2026-08-31,711.0,0.56,0.61,0.6,20469,757,0.2283,-0.2368,0.0735,-0.585,0.0568
2026-08-31 14:11:06,713.97,2026-08-31,712.0,0.83,0.84,0.83,25697,2080,0.224,-0.3133,0.086,-0.835,0.0652
2026-08-31 14:11:06,713.97,2026-08-31,713.0,1.12,1.13,1.12,32207,782,0.2142,-0.3996,0.09803,-1.125,0.071
2026-08-31 14:11:06,713.97,2026-08-31,714.0,1.55,1.57,1.55,51030,2032,0.2119,-0.4999,0.10234,-1.53,0.0734
2026-08-31 14:11:06,713.97,2026-08-31,715.0,2.08,2.1,2.08,58159,3474,0.2087,-0.6026,0.10046,-1.06,0.0709
2026-08-31 14:11:06,713.97,2026-08-31,716.0,2.7,2.74,2.7,39621,1206,0.205,-0.7017,0.09194,-0.69,0.0638
2026-08-31 14:11:06,713.97,2026-08-31,717.0,3.37,3.43,3.34,10596,846,0.1923,-0.8014,0.07882,-0.37,0.0513
2026-08-31 14:11:06,713.97,2026-08-31,718.0,4.2,4.25,4.2,4002,2164,0.1887,-0.8748,0.05937,-0.195,0.0379
2026-08-31 14:11:06,713.97,2026-08-31,719.0,5.01,5.59,4.98,1400,1467,0.2412,-0.8691,0.04791,-0.27,0.0391
2026-08-31 14:11:06,713.97,2026-08-31,720.0,5.88,6.1,6.17,1130,3552,,,,,
2026-08-31 14:11:06,713.97,2026-08-31,721.0,6.83,7.38,7.23,315,840,0.2339,-0.9472,0.02504,-0.075,0.0198
2026-08-31 14:11:06,713.97,2026-08-31,722.0,8.07,8.23,8.039,176,460,0.2819,-0.9373,0.02378,-0.12,0.0227
2026-08-31 14:11:06,713.97,2026-08-31,723.0,8.81,9.14,9.3,123,382,,,,,
2026-08-31 14:11:06,713.97,2026-08-31,724.0,10.09,10.25,9.94,269,635,0.345,-0.9409,0.01856,-0.14,0.0217
2026-08-31 14:11:06,713.97,2026-08-31,725.0,11.07,11.33,11.28,421,4343,0.3855,-0.9377,0.0173,-0.17,0.0226
2026-08-31 14:11:06,713.97,2026-08-31,726.0,11.69,13.38,10.4,109,512,0.5295,-0.888,0.01956,-0.505,0.035
2026-08-31 14:11:06,713.97,2026-08-31,727.0,13.08,13.7,13,9,387,0.5146,-0.9123,0.01682,-0.36,0.0293
2026-08-31 14:11:06,713.97,2026-08-31,728.0,14.04,14.61,13.67,2,359,0.5197,-0.9257,0.0147,-0.295,0.0258
2026-08-31 14:12:10,713.87,2026-08-31,699.0,0.05,0.06,0.03,797,717,0.4008,-0.0202,0.00665,-0.055,0.009
2026-08-31 14:12:10,713.87,2026-08-31,700.0,0.05,0.06,0.05,2280,30098,0.3777,-0.0214,0.00738,-0.055,0.0094
2026-08-31 14:12:10,713.87,2026-08-31,701.0,0.06,0.07,0.06,795,506,0.3639,-0.0256,0.00891,-0.065,0.0109
2026-08-31 14:12:10,713.87,2026-08-31,702.0,0.02,0.03,0.06,1811,487,0.2944,-0.0132,0.00627,-0.025,0.0062
2026-08-31 14:12:10,713.87,2026-08-31,703.0,0.07,0.08,0.05,2113,1050,0.3236,-0.0322,0.01213,-0.075,0.0132
2026-08-31 14:12:10,713.87,2026-08-31,704.0,0.04,0.09,0.08,2755,1012,0.2913,-0.0311,0.01311,-0.065,0.0129
2026-08-31 14:12:10,713.87,2026-08-31,705.0,0.1,0.11,0.07,7287,9235,0.2917,-0.0472,0.01838,-0.105,0.0181
2026-08-31 14:12:10,713.87,2026-08-31,706.0,0.09,0.1,0.09,2788,571,0.2597,-0.0479,0.02089,-0.095,0.0183
2026-08-31 14:12:10,713.87,2026-08-31,707.0,0.13,0.18,0.16,8005,772,0.2595,-0.0728,0.02904,-0.155,0.0254
2026-08-31 14:12:10,713.87,2026-08-31,708.0,0.22,0.23,0.22,5253,1167,0.2534,-0.1015,0.03812,-0.225,0.0326
2026-08-31 14:12:10,713.87,2026-08-31,709.0,0.31,0.33,0.31,8524,1006,0.2465,-0.1387,0.04886,-0.32,0.0406
2026-08-31 14:12:10,713.87,2026-08-31,710.0,0.4,0.41,0.42,31576,9454,0.2298,-0.1772,0.06157,-0.405,0.0477
2026-08-31 14:12:10,713.87,2026-08-31,711.0,0.61,0.62,0.59,20964,757,0.2294,-0.2454,0.07467,-0.615,0.0578
2026-08-31 14:12:10,713.87,2026-08-31,712.0,0.8,0.85,0.8,26158,2080,0.2178,-0.3175,0.08912,-0.825,0.0655
2026-08-31 14:12:10,713.87,2026-08-31,713.0,1.12,1.18,1.12,32675,782,0.2121,-0.409,0.09976,-1.15,0.0713
2026-08-31 14:12:10,713.87,2026-08-31,714.0,1.58,1.64,1.59,51783,2032,0.2118,-0.5107,0.10252,-1.475,0.0732
2026-08-31 14:12:10,713.87,2026-08-31,715.0,2.12,2.14,2.12,59186,3474,0.2056,-0.615,0.10123,-0.995,0.0702
2026-08-31 14:12:10,713.87,2026-08-31,716.0,2.72,2.8,2.72,44109,1206,0.1999,-0.7166,0.09225,-0.625,0.0622
2026-08-31 14:12:10,713.87,2026-08-31,717.0,3.48,3.56,3.42,10918,846,0.1996,-0.8011,0.07614,-0.385,0.0512
2026-08-31 14:12:10,713.87,2026-08-31,718.0,4.26,4.34,4.3,4109,2164,0.1842,-0.8869,0.05669,-0.165,0.0352
2026-08-31 14:12:10,713.87,2026-08-31,719.0,5.2,5.37,4.95,1427,1467,0.2107,-0.9056,0.04346,-0.15,0.0309
2026-08-31 14:12:10,713.87,2026-08-31,720.0,6.08,6.31,5.82,1260,3552,0.203,-0.9485,0.02833,-0.06,0.0194
2026-08-31 14:12:10,713.87,2026-08-31,721.0,7.09,7.16,6.75,317,840,0.166,-0.9898,0.00887,0.01,0.005
2026-08-31 14:12:10,713.87,2026-08-31,722.0,7.89,8.14,7.75,177,460,,,,,
2026-08-31 14:12:10,713.87,2026-08-31,723.0,9.11,9.17,8.74,123,382,0.2317,-0.9832,0.00979,-0.005,0.0076
2026-08-31 14:12:10,713.87,2026-08-31,724.0,10.16,10.48,9.94,269,635,0.3679,-0.9308,0.0197,-0.185,0.0244
2026-08-31 14:12:10,713.87,2026-08-31,725.0,10.89,11.42,10.45,421,4343,0.2934,-0.9795,0.00918,-0.02,0.0091
2026-08-31 14:12:10,713.87,2026-08-31,726.0,12.18,12.78,10.4,109,512,0.4841,-0.9107,0.01816,-0.345,0.0297
2026-08-31 14:12:10,713.87,2026-08-31,727.0,13.19,13.69,13,11,387,0.499,-0.921,0.01607,-0.305,0.027
2026-08-31 14:12:10,713.87,2026-08-31,728.0,14.02,14.8,13.67,2,359,0.5155,-0.9292,0.01431,-0.275,0.0249
2026-08-31 14:13:11,713.75,2026-08-31,699.0,0.05,0.06,0.03,797,717,0.3989,-0.0204,0.00672,-0.055,0.009
2026-08-31 14:13:11,713.75,2026-08-31,700.0,0.01,0.02,0.05,2281,30098,0.3146,-0.0079,0.00374,-0.015,0.004
2026-08-31 14:13:11,713.75,2026-08-31,701.0,0.06,0.07,0.06,796,506,0.3619,-0.0257,0.00903,-0.065,0.011
2026-08-31 14:13:11,713.75,2026-08-31,702.0,0.02,0.03,0.06,1814,487,0.2925,-0.0133,0.00636,-0.025,0.0063
2026-08-31 14:13:11,713.75,2026-08-31,703.0,0.03,0.08,0.05,2118,1050,0.305,-0.0258,0.01075,-0.055,0.011
2026-08-31 14:13:11,713.75,2026-08-31,704.0,0.08,0.09,0.08,2860,1012,0.3033,-0.038,0.01488,-0.085,0.0152
2026-08-31 14:13:11,713.75,2026-08-31,705.0,0.1,0.11,0.1,7365,9235,0.2893,-0.0476,0.0187,-0.105,0.0182
2026-08-31 14:13:11,713.75,2026-08-31,706.0,0.09,0.1,0.13,2832,571,0.2572,-0.0483,0.02129,-0.095,0.0184
2026-08-31 14:13:11,713.75,2026-08-31,707.0,0.17,0.18,0.17,8216,772,0.2643,-0.0795,0.03055,-0.175,0.0271
2026-08-31 14:13:11,713.75,2026-08-31,708.0,0.22,0.23,0.22,5284,1167,0.2504,-0.1027,0.03898,-0.225,0.0328
2026-08-31 14:13:11,713.75,2026-08-31,709.0,0.27,0.28,0.31,8583,1006,0.2317,-0.1291,0.04955,-0.275,0.0386
2026-08-31 14:13:11,713.75,2026-08-31,710.0,0.39,0.44,0.42,31844,9454,0.2281,-0.1819,0.06317,-0.415,0.0484
2026-08-31 14:13:11,713.75,2026-08-31,711.0,0.6,0.61,0.6,21097,757,0.2234,-0.2477,0.07721,-0.605,0.058
2026-08-31 14:13:11,713.75,2026-08-31,712.0,0.81,0.86,0.81,26466,2080,0.2142,-0.3245,0.09157,-0.835,0.0659
2026-08-31 14:13:11,713.75,2026-08-31,713.0,1.18,1.2,1.18,33161,782,0.2116,-0.4197,0.10075,-1.19,0.0717
2026-08-31 14:13:11,713.75,2026-08-31,714.0,1.64,1.65,1.6,52747,2032,0.2091,-0.5223,0.10388,-1.4,0.073
2026-08-31 14:13:11,713.75,2026-08-31,715.0,2.13,2.21,2.13,60934,3474,0.2018,-0.6286,0.10216,-0.925,0.0693
2026-08-31 14:13:11,713.75,2026-08-31,716.0,2.79,2.88,2.77,44976,1206,0.1994,-0.7274,0.09086,-0.59,0.0609
2026-08-31 14:13:11,713.75,2026-08-31,717.0,3.54,3.67,3.59,11065,846,0.1991,-0.8102,0.07427,-0.36,0.0497
2026-08-31 14:13:11,713.75,2026-08-31,718.0,4.4,4.54,4.42,4203,2164,0.2043,-0.8691,0.05676,-0.225,0.039
2026-08-31 14:13:11,713.75,2026-08-31,719.0,5.35,5.59,5.23,1438,1467,0.2369,-0.884,0.04495,-0.225,0.0358
2026-08-31 14:13:11,713.75,2026-08-31,720.0,6.15,6.35,6.31,1263,3552,0.168,-0.9778,0.01718,-0.005,0.0097
2026-08-31 14:13:11,713.75,2026-08-31,721.0,7.28,7.52,7.14,317,840,0.275,-0.9225,0.02878,-0.155,0.0266
2026-08-31 14:13:11,713.75,2026-08-31,722.0,8.21,8.42,8.21,177,460,0.2635,-0.9544,0.01983,-0.07,0.0176
2026-08-31 14:13:11,713.75,2026-08-31,723.0,9.24,9.52,8.74,126,382,0.3225,-0.9389,0.02043,-0.135,0.0221
2026-08-31 14:13:11,713.75,2026-08-31,724.0,10.12,10.65,9.94,270,635,0.3518,-0.9417,0.01805,-0.14,0.0213
2026-08-31 14:13:11,713.75,2026-08-31,725.0,11.17,11.45,10.45,422,4343,0.3351,-0.9647,0.01265,-0.065,0.0143
2026-08-31 14:13:11,713.75,2026-08-31,726.0,12.13,12.8,10.4,124,512,0.4415,-0.9321,0.0162,-0.22,0.024
2026-08-31 14:13:11,713.75,2026-08-31,727.0,13.27,13.73,13.12,11,387,0.4835,-0.9295,0.01523,-0.255,0.0248
2026-08-31 14:13:11,713.75,2026-08-31,728.0,14.09,14.72,13.67,2,359,0.467,-0.9494,0.01216,-0.16,0.0191
2026-08-31 14:14:13,713.81,2026-08-31,699.0,0.05,0.06,0.03,797,717,0.4008,-0.0203,0.00668,-0.055,0.009
2026-08-31 14:14:13,713.81,2026-08-31,700.0,0.01,0.06,0.03,2326,30098,0.3531,-0.0152,0.00593,-0.035,0.007
2026-08-31 14:14:13,713.81,2026-08-31,701.0,0.02,0.03,0.06,801,506,0.3157,-0.0124,0.00557,-0.025,0.0059
2026-08-31 14:14:13,713.81,2026-08-31,702.0,0.06,0.07,0.06,1818,487,0.3397,-0.0273,0.0101,-0.065,0.0115
2026-08-31 14:14:13,713.81,2026-08-31,703.0,0.03,0.08,0.07,2119,1050,0.3067,-0.0258,0.01067,-0.055,0.011
2026-08-31 14:14:13,713.81,2026-08-31,704.0,0.08,0.09,0.05,2896,1012,0.3051,-0.0379,0.01476,-0.085,0.0151
2026-08-31 14:14:13,713.81,2026-08-31,705.0,0.06,0.11,0.08,7381,9235,0.2794,-0.0409,0.01715,-0.085,0.0161
2026-08-31 14:14:13,713.81,2026-08-31,706.0,0.08,0.09,0.09,2859,571,0.2534,-0.0445,0.02026,-0.085,0.0172
2026-08-31 14:14:13,713.81,2026-08-31,707.0,0.11,0.12,0.12,8305,772,0.2418,-0.0602,0.02697,-0.115,0.0219
2026-08-31 14:14:13,713.81,2026-08-31,708.0,0.21,0.22,0.21,5372,1167,0.2494,-0.0993,0.03825,-0.215,0.032
2026-08-31 14:14:13,713.81,2026-08-31,709.0,0.25,0.26,0.28,8679,1006,0.2286,-0.1229,0.04859,-0.255,0.0372
2026-08-31 14:14:13,713.81,2026-08-31,710.0,0.36,0.41,0.36,32137,9454,0.2242,-0.174,0.06257,-0.385,0.047
2026-08-31 14:14:13,713.81,2026-08-31,711.0,0.53,0.58,0.53,21250,757,0.2173,-0.2371,0.07763,-0.555,0.0565
2026-08-31 14:14:13,713.81,2026-08-31,712.0,0.77,0.78,0.75,26754,2080,0.2081,-0.3143,0.09316,-0.775,0.065
2026-08-31 14:14:13,713.81,2026-08-31,713.0,1.09,1.14,1.1,33509,782,0.2046,-0.4112,0.10385,-1.115,0.0712
2026-08-31 14:14:13,713.81,2026-08-31,714.0,1.52,1.53,1.54,53177,2032,0.1969,-0.5178,0.11054,-1.335,0.073
2026-08-31 14:14:13,713.81,2026-08-31,715.0,2.09,2.11,2.09,61878,3474,0.197,-0.6261,0.10503,-0.91,0.0694
2026-08-31 14:14:13,713.81,2026-08-31,716.0,2.78,2.81,2.78,45785,1206,0.1997,-0.7224,0.09168,-0.605,0.0614
2026-08-31 14:14:13,713.81,2026-08-31,717.0,3.49,3.59,3.45,11170,846,0.1953,-0.8111,0.07562,-0.35,0.0495
2026-08-31 14:14:13,713.81,2026-08-31,718.0,4.31,4.37,4.21,4233,2164,0.1821,-0.8933,0.05515,-0.15,0.0337
2026-08-31 14:14:13,713.81,2026-08-31,719.0,5.22,5.5,5.22,1448,1467,0.2193,-0.8997,0.0438,-0.17,0.0322
2026-08-31 14:14:13,713.81,2026-08-31,720.0,6.19,6.27,6.18,1263,3552,0.1938,-0.9581,0.02523,-0.04,0.0164
2026-08-31 14:14:13,713.81,2026-08-31,721.0,7.16,7.47,7.14,317,840,0.262,-0.9311,0.02766,-0.125,0.0243
2026-08-31 14:14:13,713.81,2026-08-31,722.0,8.1,8.39,8.21,178,460,0.2535,-0.9597,0.01869,-0.055,0.0159
2026-08-31 14:14:13,713.81,2026-08-31,723.0,8.92,9.37,9.1,126,382,,,,,
2026-08-31 14:14:13,713.81,2026-08-31,724.0,9.9,10.68,10.17,270,635,0.3307,-0.9519,0.01651,-0.1,0.0183
2026-08-31 14:14:13,713.81,2026-08-31,725.0,10.87,11.35,11.02,423,4343,,,,,
2026-08-31 14:14:13,713.81,2026-08-31,726.0,12.05,13.55,12.21,124,512,0.5661,-0.8764,0.01971,-0.61,0.0374
2026-08-31 14:14:13,713.81,2026-08-31,727.0,13.06,13.86,13.12,11,387,0.4886,-0.9268,0.01553,-0.27,0.0254
2026-08-31 14:14:13,713.81,2026-08-31,728.0,13.96,14.49,13.67,2,359,0.3785,-0.9783,0.00749,-0.035,0.0095
2026-08-31 14:15:14,714.03,2026-08-31,700.0,0.05,0.06,0.02,2327,30098,0.3832,-0.0212,0.00725,-0.055,0.0093
2026-08-31 14:15:14,714.03,2026-08-31,701.0,0.06,0.07,0.06,804,506,0.3696,-0.0253,0.00874,-0.065,0.0108
2026-08-31 14:15:14,714.03,2026-08-31,702.0,0.02,0.03,0.06,1819,487,0.2994,-0.0131,0.00614,-0.025,0.0061
2026-08-31 14:15:14,714.03,2026-08-31,703.0,0.03,0.08,0.07,2122,1050,0.3125,-0.0254,0.01035,-0.055,0.0108
2026-08-31 14:15:14,714.03,2026-08-31,704.0,0.04,0.05,0.08,2897,1012,0.2792,-0.0235,0.01085,-0.045,0.0101
2026-08-31 14:15:14,714.03,2026-08-31,705.0,0.09,0.1,0.06,7396,9235,0.2917,-0.0434,0.01727,-0.095,0.0169
2026-08-31 14:15:14,714.03,2026-08-31,706.0,0.08,0.13,0.08,2875,571,0.2707,-0.0505,0.02101,-0.105,0.019
2026-08-31 14:15:14,714.03,2026-08-31,707.0,0.11,0.16,0.11,8399,772,0.2573,-0.0655,0.0271,-0.135,0.0233
2026-08-31 14:15:14,714.03,2026-08-31,708.0,0.21,0.22,0.17,5404,1167,0.2567,-0.0971,0.03657,-0.215,0.0314
2026-08-31 14:15:14,714.03,2026-08-31,709.0,0.25,0.3,0.25,8828,1006,0.2418,-0.125,0.04655,-0.275,0.0376
2026-08-31 14:15:14,714.03,2026-08-31,710.0,0.36,0.41,0.36,32573,9454,0.2328,-0.169,0.05921,-0.385,0.0461
2026-08-31 14:15:14,714.03,2026-08-31,711.0,0.57,0.58,0.48,21423,757,0.2306,-0.233,0.07253,-0.575,0.0559
2026-08-31 14:15:14,714.03,2026-08-31,712.0,0.76,0.77,0.8,26927,2080,0.2176,-0.3015,0.08758,-0.765,0.0637
2026-08-31 14:15:14,714.03,2026-08-31,713.0,1.08,1.09,1.08,33892,782,0.2134,-0.3923,0.09847,-1.085,0.0703
2026-08-31 14:15:14,714.03,2026-08-31,714.0,1.54,1.55,1.54,54344,2032,0.2155,-0.4933,0.1012,-1.545,0.0729
2026-08-31 14:15:14,714.03,2026-08-31,715.0,2.07,2.08,2.07,62882,3474,0.2133,-0.5946,0.09939,-1.11,0.0709
2026-08-31 14:15:14,714.03,2026-08-31,716.0,2.65,2.74,2.65,46217,1206,0.2094,-0.693,0.09172,-0.73,0.0642
2026-08-31 14:15:14,714.03,2026-08-31,717.0,3.44,3.52,3.44,11300,846,0.2179,-0.7687,0.07643,-0.515,0.0557
2026-08-31 14:15:14,714.03,2026-08-31,718.0,4.18,4.46,4.21,4291,2164,0.2254,-0.8293,0.06155,-0.355,0.0464
2026-08-31 14:15:14,714.03,2026-08-31,719.0,5.18,5.22,5.16,1477,1467,0.2312,-0.8775,0.04801,-0.235,0.0371
2026-08-31 14:15:14,714.03,2026-08-31,720.0,5.93,6.23,5.93,1289,3552,0.2236,-0.9258,0.03434,-0.115,0.0257
2026-08-31 14:15:14,714.03,2026-08-31,721.0,6.99,7.61,7.14,317,840,0.3234,-0.8779,0.03424,-0.335,0.037
2026-08-31 14:15:14,714.03,2026-08-31,722.0,8.109,8.14,8,178,460,0.298,-0.9259,0.02573,-0.1595,0.0256
2026-08-31 14:15:14,714.03,2026-08-31,723.0,8.77,9.36,9.1,126,382,0.299,-0.9476,0.01959,-0.1,0.0196
2026-08-31 14:15:14,714.03,2026-08-31,724.0,9.99,10.45,10.17,280,635,0.3911,-0.9156,0.02165,-0.255,0.0283
2026-08-31 14:15:14,714.03,2026-08-31,725.0,10.97,11.4,10.83,424,4343,0.4068,-0.9271,0.01861,-0.22,0.0253
2026-08-31 14:15:14,714.03,2026-08-31,726.0,11.55,13.97,12.21,124,512,0.6061,-0.8557,0.0205,-0.795,0.0416
2026-08-31 14:15:14,714.03,2026-08-31,727.0,13.05,13.51,13.12,11,387,0.4998,-0.9188,0.01645,-0.315,0.0275
2026-08-31 14:15:14,714.03,2026-08-31,728.0,14.21,14.5,13.67,2,359,0.5554,-0.9119,0.01573,-0.39,0.0292
2026-08-31 14:15:14,714.03,2026-08-31,729.0,14.77,16.73,14.6,7,431,0.7029,-0.8732,0.01618,-0.785,0.038
2026-08-31 14:16:16,713.98,2026-08-31,699.0,0.01,0.06,0.02,810,717,0.3799,-0.0143,0.00523,-0.035,0.0066
2026-08-31 14:16:16,713.98,2026-08-31,700.0,0.05,0.06,0.05,2327,30098,0.3824,-0.0212,0.00729,-0.055,0.0093
2026-08-31 14:16:16,713.98,2026-08-31,701.0,0.02,0.07,0.06,804,506,0.3481,-0.0193,0.0074,-0.045,0.0086
2026-08-31 14:16:16,713.98,2026-08-31,702.0,0.02,0.03,0.06,1841,487,0.2985,-0.0131,0.00618,-0.025,0.0062
2026-08-31 14:16:16,713.98,2026-08-31,703.0,0.03,0.04,0.07,2132,1050,0.2904,-0.0182,0.00841,-0.035,0.0081
2026-08-31 14:16:16,713.98,2026-08-31,704.0,0.04,0.09,0.08,2897,1012,0.2957,-0.0309,0.01291,-0.065,0.0127
2026-08-31 14:16:16,713.98,2026-08-31,705.0,0.05,0.1,0.06,7420,9235,0.278,-0.037,0.01592,-0.075,0.0147
2026-08-31 14:16:16,713.98,2026-08-31,706.0,0.07,0.08,0.08,2887,571,0.2523,-0.0402,0.01878,-0.075,0.0158
2026-08-31 14:16:16,713.98,2026-08-31,707.0,0.1,0.11,0.12,8454,772,0.2423,-0.0557,0.02539,-0.105,0.0205
2026-08-31 14:16:16,713.98,2026-08-31,708.0,0.18,0.19,0.2,5504,1167,0.2454,-0.089,0.03595,-0.185,0.0294
2026-08-31 14:16:16,713.98,2026-08-31,709.0,0.21,0.22,0.28,8891,1006,0.2234,-0.1091,0.04581,-0.215,0.0341
2026-08-31 14:16:16,713.98,2026-08-31,710.0,0.32,0.33,0.32,32725,9454,0.2176,-0.156,0.06023,-0.325,0.0437
2026-08-31 14:16:16,713.98,2026-08-31,711.0,0.5,0.51,0.52,21632,757,0.2157,-0.2222,0.0756,-0.505,0.0544
2026-08-31 14:16:16,713.98,2026-08-31,712.0,0.71,0.72,0.73,27247,2080,0.2072,-0.2978,0.0916,-0.715,0.0633
2026-08-31 14:16:16,713.98,2026-08-31,713.0,0.95,1,0.97,34494,782,0.1947,-0.3888,0.10782,-0.975,0.07
2026-08-31 14:16:16,713.98,2026-08-31,714.0,1.33,1.35,1.33,55238,2032,0.1836,-0.4996,0.11899,-1.315,0.0728
2026-08-31 14:16:16,713.98,2026-08-31,715.0,1.88,1.9,1.87,64531,3474,0.1821,-0.6178,0.11471,-0.865,0.0696
2026-08-31 14:16:16,713.98,2026-08-31,716.0,2.45,2.48,2.45,47023,1206,0.1654,-0.7456,0.10617,-0.44,0.0586
2026-08-31 14:16:16,713.98,2026-08-31,717.0,3.19,3.21,3.31,11470,846,0.1512,-0.8608,0.08029,-0.175,0.0405
2026-08-31 14:16:16,713.98,2026-08-31,718.0,4.1,4.13,4.14,4375,2164,0.1581,-0.9164,0.05324,-0.09,0.0281
2026-08-31 14:16:16,713.98,2026-08-31,719.0,4.83,5.38,4.95,1523,1467,0.1831,-0.9318,0.03936,-0.08,0.024
2026-08-31 14:16:16,713.98,2026-08-31,720.0,5.9,6.02,5.93,1295,3552,,,,,
2026-08-31 14:16:16,713.98,2026-08-31,721.0,6.86,7.39,6.86,318,840,0.2473,-0.9383,0.02697,-0.1,0.0222
2026-08-31 14:16:16,713.98,2026-08-31,722.0,7.93,8.15,8,181,460,0.2193,-0.9764,0.01389,-0.015,0.0102
2026-08-31 14:16:16,713.98,2026-08-31,723.0,8.76,9.42,9.1,126,382,0.2814,-0.9589,0.01714,-0.065,0.0161
2026-08-31 14:16:16,713.98,2026-08-31,724.0,9.96,10.58,10.14,281,635,0.3899,-0.9178,0.02131,-0.245,0.0277
2026-08-31 14:16:16,713.98,2026-08-31,725.0,10.6,11.7,11.15,424,4343,0.3666,-0.9481,0.01587,-0.125,0.0194
2026-08-31 14:16:16,713.98,2026-08-31,726.0,11.97,13.76,12.21,124,512,0.6198,-0.8518,0.02044,-0.84,0.0422
2026-08-31 14:16:16,713.98,2026-08-31,727.0,12.81,13.61,13.12,11,387,0.4491,-0.9413,0.01427,-0.185,0.0214
2026-08-31 14:16:16,713.98,2026-08-31,728.0,14.01,14.77,13.67,2,359,0.5493,-0.9156,0.01544,-0.365,0.0283
2026-08-31 14:17:20,714.34,2026-08-31,700.0,0.05,0.06,0.05,2355,30098,0.3913,-0.0208,0.00702,-0.055,0.0091
2026-08-31 14:17:20,714.34,2026-08-31,701.0,0.05,0.06,0.06,804,506,0.3679,-0.022,0.00782,-0.055,0.0096
2026-08-31 14:17:20,714.34,2026-08-31,702.0,0.02,0.03,0.03,2316,487,0.3068,-0.0128,0.0059,-0.025,0.006
2026-08-31 14:17:20,714.34,2026-08-31,703.0,0.02,0.03,0.05,2134,1050,0.285,-0.0137,0.00673,-0.025,0.0064
2026-08-31 14:17:20,714.34,2026-08-31,704.0,0.07,0.08,0.05,3217,1012,0.3127,-0.0334,0.01302,-0.075,0.0135
2026-08-31 14:17:20,714.34,2026-08-31,705.0,0.08,0.09,0.08,7550,9235,0.2942,-0.0392,0.01581,-0.085,0.0155
2026-08-31 14:17:20,714.34,2026-08-31,706.0,0.1,0.11,0.1,2921,571,0.2797,-0.0493,0.01998,-0.105,0.0186
2026-08-31 14:17:20,714.34,2026-08-31,707.0,0.13,0.14,0.13,8743,772,0.2666,-0.0637,0.02565,-0.135,0.0228
2026-08-31 14:17:20,714.34,2026-08-31,708.0,0.14,0.19,0.17,5749,1167,0.2496,-0.0798,0.03259,-0.165,0.0271
2026-08-31 14:17:20,714.34,2026-08-31,709.0,0.24,0.25,0.2,9131,1006,0.2442,-0.113,0.04302,-0.245,0.035
2026-08-31 14:17:20,714.34,2026-08-31,710.0,0.33,0.34,0.31,33376,9454,0.2333,-0.1513,0.05512,-0.335,0.0428
2026-08-31 14:17:20,714.34,2026-08-31,711.0,0.47,0.48,0.47,22311,757,0.2251,-0.2052,0.06924,-0.475,0.0519
2026-08-31 14:17:20,714.34,2026-08-31,712.0,0.62,0.63,0.62,28460,2080,0.2096,-0.2673,0.08604,-0.625,0.06
2026-08-31 14:17:20,714.34,2026-08-31,713.0,0.9,0.92,0.9,36721,782,0.2053,-0.3571,0.09963,-0.91,0.068
2026-08-31 14:17:20,714.34,2026-08-31,714.0,1.3,1.31,1.27,58020,2032,0.2032,-0.4603,0.10712,-1.305,0.0724
2026-08-31 14:17:20,714.34,2026-08-31,715.0,1.72,1.79,1.74,68644,3474,0.194,-0.5708,0.11099,-1.095,0.0716
2026-08-31 14:17:20,714.34,2026-08-31,716.0,2.35,2.42,2.35,48420,1206,0.1945,-0.677,0.10122,-0.725,0.0655
2026-08-31 14:17:20,714.34,2026-08-31,717.0,3.08,3.12,2.94,11788,846,0.1923,-0.773,0.08593,-0.44,0.055
2026-08-31 14:17:20,714.34,2026-08-31,718.0,3.88,4.03,3.74,4469,2164,0.2017,-0.8375,0.0668,-0.295,0.0448
2026-08-31 14:17:20,714.34,2026-08-31,719.0,4.59,4.81,4.69,1558,1467,0.1548,-0.9491,0.03706,-0.04,0.0191
2026-08-31 14:17:20,714.34,2026-08-31,720.0,5.48,5.72,5.45,1337,3552,,,,,
2026-08-31 14:17:20,714.34,2026-08-31,721.0,6.44,7.39,6.86,319,840,0.2918,-0.8921,0.03483,-0.255,0.0338
2026-08-31 14:17:20,714.34,2026-08-31,722.0,7.64,8.23,7.53,191,460,0.3291,-0.8965,0.02998,-0.275,0.0328
2026-08-31 14:17:20,714.34,2026-08-31,723.0,8.61,9.02,9.1,128,382,0.3166,-0.931,0.023,-0.155,0.0242
2026-08-31 14:17:20,714.34,2026-08-31,724.0,9.63,10.67,9.4,296,635,0.4538,-0.8752,0.02485,-0.49,0.0375
2026-08-31 14:17:20,714.34,2026-08-31,725.0,10.34,11.6,10.61,427,4343,0.4316,-0.9092,0.02076,-0.31,0.0298
2026-08-31 14:17:20,714.34,2026-08-31,726.0,11.54,13.36,12.21,124,512,0.5961,-0.8541,0.02105,-0.79,0.0417
2026-08-31 14:17:20,714.34,2026-08-31,727.0,12.45,13.95,13.12,11,387,0.5638,-0.8871,0.01863,-0.54,0.0349
2026-08-31 14:17:20,714.34,2026-08-31,728.0,13.7,14.83,13.67,2,359,0.6139,-0.8847,0.01737,-0.605,0.0355
2026-08-31 14:17:20,714.34,2026-08-31,729.0,14.53,16.379,14.6,7,431,0.6973,-0.8709,0.01656,-0.7945,0.0384
2026-08-31 14:18:22,714.74,2026-08-31,700.0,0.01,0.02,0.02,2362,30098,0.3366,-0.0074,0.00335,-0.015,0.0037
2026-08-31 14:18:22,714.74,2026-08-31,701.0,0.01,0.02,0.03,818,506,0.3162,-0.0079,0.00375,-0.015,0.0039
2026-08-31 14:18:22,714.74,2026-08-31,702.0,0.01,0.06,0.05,2367,487,0.3308,-0.0162,0.0067,-0.035,0.0074
2026-08-31 14:18:22,714.74,2026-08-31,703.0,0.02,0.03,0.06,2295,1050,0.294,-0.0133,0.00638,-0.025,0.0062
2026-08-31 14:18:22,714.74,2026-08-31,704.0,0.03,0.08,0.06,3274,1012,0.3065,-0.0259,0.01077,-0.055,0.011
2026-08-31 14:18:22,714.74,2026-08-31,705.0,0.04,0.05,0.08,7888,9235,0.2732,-0.024,0.01134,-0.045,0.0103
2026-08-31 14:18:22,714.74,2026-08-31,706.0,0.05,0.1,0.1,2935,571,0.2725,-0.0377,0.01652,-0.075,0.015
2026-08-31 14:18:22,714.74,2026-08-31,707.0,0.08,0.09,0.13,8823,772,0.2528,-0.0448,0.02052,-0.085,0.0172
2026-08-31 14:18:22,714.74,2026-08-31,708.0,0.14,0.15,0.15,5892,1167,0.2539,-0.0706,0.02921,-0.145,0.0246
2026-08-31 14:18:22,714.74,2026-08-31,709.0,0.15,0.16,0.21,9369,1006,0.2282,-0.0817,0.03633,-0.155,0.0275
2026-08-31 14:18:22,714.74,2026-08-31,710.0,0.23,0.28,0.28,33747,9454,0.2274,-0.1239,0.04938,-0.255,0.0373
2026-08-31 14:18:22,714.74,2026-08-31,711.0,0.37,0.38,0.35,23127,757,0.2205,-0.1733,0.06377,-0.375,0.0467
2026-08-31 14:18:22,714.74,2026-08-31,712.0,0.53,0.54,0.54,29227,2080,0.2118,-0.236,0.07982,-0.535,0.0561
2026-08-31 14:18:22,714.74,2026-08-31,713.0,0.71,0.76,0.76,38269,782,0.1994,-0.313,0.09748,-0.735,0.0646
2026-08-31 14:18:22,714.74,2026-08-31,714.0,1.01,1.07,1.07,60492,2032,0.1909,-0.4125,0.11192,-1.04,0.0709
2026-08-31 14:18:22,714.74,2026-08-31,715.0,1.47,1.49,1.49,70726,3474,0.1866,-0.5272,0.11706,-1.22,0.0725
2026-08-31 14:18:22,714.74,2026-08-31,716.0,1.96,1.99,1.99,49229,1206,0.173,-0.652,0.11722,-0.715,0.0674
2026-08-31 14:18:22,714.74,2026-08-31,717.0,2.61,2.66,2.69,11889,846,0.1642,-0.7719,0.10098,-0.375,0.0551
2026-08-31 14:18:22,714.74,2026-08-31,718.0,3.4,3.48,3.68,4503,2164,0.1608,-0.8647,0.07425,-0.18,0.0396
2026-08-31 14:18:22,714.74,2026-08-31,719.0,4.19,4.47,4.43,1573,1467,0.1577,-0.9291,0.04717,-0.07,0.0247
2026-08-31 14:18:22,714.74,2026-08-31,720.0,5.19,5.37,5.7,1366,3552,0.1582,-0.9648,0.02693,-0.02,0.0141
2026-08-31 14:18:22,714.74,2026-08-31,721.0,5.99,6.89,6.65,319,840,0.2563,-0.9078,0.03541,-0.18,0.0301
2026-08-31 14:18:22,714.74,2026-08-31,722.0,7.11,7.39,7.63,199,460,0.1692,-0.9902,0.00848,0.01,0.0048
2026-08-31 14:18:22,714.74,2026-08-31,723.0,8.13,8.82,8.65,128,382,0.3281,-0.9141,0.02624,-0.215,0.0286
2026-08-31 14:18:22,714.74,2026-08-31,724.0,9.13,9.94,9.52,296,635,0.3783,-0.9077,0.024,-0.275,0.0301
2026-08-31 14:18:22,714.74,2026-08-31,725.0,9.97,10.73,10.67,436,4343,0.3283,-0.955,0.01584,-0.09,0.0173
2026-08-31 14:18:22,714.74,2026-08-31,726.0,11.03,11.57,12.21,124,512,0.3178,-0.9727,0.01087,-0.04,0.0115
2026-08-31 14:18:22,714.74,2026-08-31,727.0,11.83,12.59,13.12,11,387,,,,,
2026-08-31 14:18:22,714.74,2026-08-31,728.0,12.85,13.78,13.67,2,359,0.3775,-0.9714,0.0095,-0.055,0.0119
2026-08-31 14:18:22,714.74,2026-08-31,729.0,13.97,16.36,14.6,7,431,0.7126,-0.8592,0.01721,-0.905,0.0407
2026-08-31 14:19:23,714.39,2026-08-31,700.0,0.01,0.02,0.05,2377,30098,0.3302,-0.0076,0.00348,-0.015,0.0038
2026-08-31 14:19:23,714.39,2026-08-31,701.0,0.05,0.06,0.02,822,506,0.3703,-0.0219,0.00777,-0.055,0.0095
2026-08-31 14:19:23,714.39,2026-08-31,702.0,0.01,0.02,0.05,2416,487,0.2892,-0.0085,0.00441,-0.015,0.0042
2026-08-31 14:19:23,714.39,2026-08-31,703.0,0.02,0.07,0.06,2619,1050,0.3127,-0.0213,0.00899,-0.045,0.0093
2026-08-31 14:19:23,714.39,2026-08-31,704.0,0.07,0.08,0.07,3286,1012,0.315,-0.0332,0.01292,-0.075,0.0135
2026-08-31 14:19:23,714.39,2026-08-31,705.0,0.04,0.05,0.08,8427,9235,0.2655,-0.0247,0.01196,-0.045,0.0105
2026-08-31 14:19:23,714.39,2026-08-31,706.0,0.06,0.11,0.11,2940,571,0.2705,-0.0423,0.01834,-0.085,0.0164
2026-08-31 14:19:23,714.39,2026-08-31,707.0,0.13,0.14,0.14,8896,772,0.2689,-0.0633,0.02541,-0.135,0.0226
2026-08-31 14:19:23,714.39,2026-08-31,708.0,0.16,0.17,0.18,5961,1167,0.252,-0.0794,0.03225,-0.165,0.0269
2026-08-31 14:19:23,714.39,2026-08-31,709.0,0.22,0.23,0.24,9562,1006,0.2409,-0.1068,0.04201,-0.225,0.0335
2026-08-31 14:19:23,714.39,2026-08-31,710.0,0.3,0.31,0.32,34195,9454,0.2287,-0.1429,0.05425,-0.305,0.041
2026-08-31 14:19:23,714.39,2026-08-31,711.0,0.39,0.44,0.45,23364,757,0.2161,-0.1911,0.0693,-0.415,0.0495
2026-08-31 14:19:23,714.39,2026-08-31,712.0,0.56,0.57,0.57,29678,2080,0.2025,-0.2549,0.08715,-0.565,0.0584
2026-08-31 14:19:23,714.39,2026-08-31,713.0,0.84,0.86,0.86,39026,782,0.1999,-0.3475,0.10162,-0.85,0.0672
2026-08-31 14:19:23,714.39,2026-08-31,714.0,1.2,1.22,1.22,62049,2032,0.1941,-0.4522,0.11221,-1.21,0.072
2026-08-31 14:19:23,714.39,2026-08-31,715.0,1.6,1.68,1.68,72726,3474,0.1828,-0.5689,0.11819,-1.035,0.0715
2026-08-31 14:19:23,714.39,2026-08-31,716.0,2.24,2.25,2.3,49638,1206,0.1792,-0.6856,0.10889,-0.64,0.0645
2026-08-31 14:19:23,714.39,2026-08-31,717.0,2.86,2.98,3.04,11934,846,0.167,-0.8016,0.09172,-0.315,0.0507
2026-08-31 14:19:23,714.39,2026-08-31,718.0,3.74,3.88,3.83,4547,2164,0.1791,-0.8634,0.06721,-0.205,0.0398
2026-08-31 14:19:23,714.39,2026-08-31,719.0,4.61,4.89,4.81,1592,1467,0.1947,-0.9011,0.04914,-0.145,0.0317
2026-08-31 14:19:23,714.39,2026-08-31,720.0,5.42,5.67,5.8,1373,3552,,,,,
2026-08-31 14:19:23,714.39,2026-08-31,721.0,6.5,6.89,6.65,334,840,0.2321,-0.9394,0.02844,-0.09,0.0218
2026-08-31 14:19:23,714.39,2026-08-31,722.0,7.54,7.6,7.56,206,460,,,,,
2026-08-31 14:19:23,714.39,2026-08-31,723.0,8.25,8.76,8.55,130,382,,,,,
2026-08-31 14:19:23,714.39,2026-08-31,724.0,9.59,9.94,9.47,321,635,0.346,-0.9343,0.02032,-0.16,0.0232
2026-08-31 14:19:23,714.39,2026-08-31,725.0,10.27,10.87,10.49,444,4343,,,,,
2026-08-31 14:19:23,714.39,2026-08-31,726.0,11.2,11.58,11.57,128,512,,,,,
2026-08-31 14:19:23,714.39,2026-08-31,727.0,12.54,12.9,12.68,15,387,0.4034,-0.955,0.01292,-0.115,0.0172
2026-08-31 14:19:23,714.39,2026-08-31,728.0,13.1,13.98,13.57,6,359,,,,,
2026-08-31 14:19:23,714.39,2026-08-31,729.0,13.78,16.1,14.59,11,431,0.5572,-0.9219,0.01441,-0.335,0.0266
2026-08-31 14:20:25,714.55,2026-08-31,700.0,0.01,0.06,0.05,2382,30098,0.3724,-0.0146,0.00547,-0.035,0.0067
2026-08-31 14:20:25,714.55,2026-08-31,701.0,0.01,0.02,0.05,822,506,0.3133,-0.0079,0.00383,-0.015,0.004
2026-08-31 14:20:25,714.55,2026-08-31,702.0,0.05,0.06,0.05,2476,487,0.3508,-0.023,0.00856,-0.055,0.0099
2026-08-31 14:20:25,714.55,2026-08-31,703.0,0.02,0.03,0.06,2822,1050,0.2908,-0.0135,0.00654,-0.025,0.0063
2026-08-31 14:20:25,714.55,2026-08-31,704.0,0.03,0.04,0.07,3336,1012,0.2822,-0.0187,0.00893,-0.035,0.0083
2026-08-31 14:20:25,714.55,2026-08-31,705.0,0.04,0.09,0.05,8645,9235,0.2867,-0.0319,0.01374,-0.065,0.013
2026-08-31 14:20:25,714.55,2026-08-31,706.0,0.1,0.11,0.06,2948,571,0.2865,-0.0484,0.01931,-0.105,0.0183
2026-08-31 14:20:25,714.55,2026-08-31,707.0,0.08,0.09,0.13,8911,772,0.2485,-0.0456,0.02123,-0.085,0.0174
2026-08-31 14:20:25,714.55,2026-08-31,708.0,0.12,0.17,0.13,6138,1167,0.2492,-0.0719,0.03029,-0.145,0.0249
2026-08-31 14:20:25,714.55,2026-08-31,709.0,0.18,0.23,0.19,9799,1006,0.24,-0.0992,0.04004,-0.205,0.0317
2026-08-31 14:20:25,714.55,2026-08-31,710.0,0.31,0.32,0.32,34563,9454,0.2369,-0.1427,0.05239,-0.315,0.0409
2026-08-31 14:20:25,714.55,2026-08-31,711.0,0.43,0.44,0.44,23642,757,0.2264,-0.1913,0.06626,-0.435,0.0495
2026-08-31 14:20:25,714.55,2026-08-31,712.0,0.61,0.62,0.62,30548,2080,0.2182,-0.2571,0.08137,-0.615,0.0586
2026-08-31 14:20:25,714.55,2026-08-31,713.0,0.86,0.87,0.87,40138,782,0.2104,-0.3395,0.09582,-0.865,0.0665
2026-08-31 14:20:25,714.55,2026-08-31,714.0,1.21,1.23,1.18,63756,2032,0.2054,-0.4382,0.10566,-1.22,0.0716
2026-08-31 14:20:25,714.55,2026-08-31,715.0,1.63,1.64,1.64,73962,3474,0.1945,-0.5475,0.11215,-1.185,0.0719
2026-08-31 14:20:25,714.55,2026-08-31,716.0,2.26,2.28,2.21,50036,1206,0.199,-0.6527,0.10217,-0.82,0.0671
2026-08-31 14:20:25,714.55,2026-08-31,717.0,2.87,3.02,2.92,12010,846,0.1941,-0.7535,0.08945,-0.495,0.0573
2026-08-31 14:20:25,714.55,2026-08-31,718.0,3.68,3.81,3.76,4615,2164,0.1949,-0.8325,0.0708,-0.295,0.0455
2026-08-31 14:20:25,714.55,2026-08-31,719.0,4.54,4.76,4.61,1605,1467,0.2062,-0.8803,0.05331,-0.2,0.0363
2026-08-31 14:20:25,714.55,2026-08-31,720.0,5.24,5.57,5.52,1390,3552,,,,,
2026-08-31 14:20:25,714.55,2026-08-31,721.0,6.24,6.78,6.65,334,840,0.2134,-0.9504,0.02643,-0.06,0.0186
2026-08-31 14:20:25,714.55,2026-08-31,722.0,7.44,7.86,7.6,209,460,0.2997,-0.9121,0.0293,-0.2,0.029
2026-08-31 14:20:25,714.55,2026-08-31,723.0,8.33,8.64,8.55,130,382,0.2477,-0.9685,0.01574,-0.035,0.0129
2026-08-31 14:20:25,714.55,2026-08-31,724.0,9.19,9.72,9.75,321,635,0.2405,-0.9839,0.00922,-0.005,0.0073
2026-08-31 14:20:25,714.55,2026-08-31,725.0,10.08,11.64,10.37,444,4343,0.4585,-0.8921,0.02227,-0.41,0.0337
2026-08-31 14:20:25,714.55,2026-08-31,726.0,11.5,11.65,11.49,128,512,0.3796,-0.9495,0.01508,-0.125,0.0189
2026-08-31 14:20:25,714.55,2026-08-31,727.0,12.45,13.91,12.54,15,387,0.6105,-0.8651,0.01957,-0.73,0.0394
2026-08-31 14:20:25,714.55,2026-08-31,728.0,13.15,13.83,13.48,6,359,0.3695,-0.976,0.0084,-0.04,0.0102
2026-08-31 14:20:25,714.55,2026-08-31,729.0,14.23,15.91,14.59,11,431,0.6457,-0.8868,0.01636,-0.62,0.0349
2026-08-31 14:21:27,714.55,2026-08-31,700.0,0.05,0.06,0.05,2403,30098,0.3985,-0.0206,0.00686,-0.055,0.009
2026-08-31 14:21:27,714.55,2026-08-31,701.0,0.01,0.02,0.05,824,506,0.3138,-0.0079,0.00383,-0.015,0.004
2026-08-31 14:21:27,714.55,2026-08-31,702.0,0.01,0.06,0.04,2619,487,0.3281,-0.0164,0.00686,-0.035,0.0074
2026-08-31 14:21:27,714.55,2026-08-31,703.0,0.06,0.07,0.06,3183,1050,0.3365,-0.0277,0.01044,-0.065,0.0116
2026-08-31 14:21:27,714.55,2026-08-31,704.0,0.07,0.08,0.07,3513,1012,0.3198,-0.0329,0.01265,-0.075,0.0133
2026-08-31 14:21:27,714.55,2026-08-31,705.0,0.08,0.09,0.05,8959,9235,0.3013,-0.0386,0.01533,-0.085,0.0152
2026-08-31 14:21:27,714.55,2026-08-31,706.0,0.1,0.11,0.1,2971,571,0.2869,-0.0484,0.01932,-0.105,0.0182
2026-08-31 14:21:27,714.55,2026-08-31,707.0,0.12,0.13,0.13,9085,772,0.2695,-0.0593,0.02416,-0.125,0.0214
2026-08-31 14:21:27,714.55,2026-08-31,708.0,0.16,0.17,0.17,6470,1167,0.2573,-0.0781,0.0313,-0.165,0.0265
2026-08-31 14:21:27,714.55,2026-08-31,709.0,0.18,0.23,0.23,10226,1006,0.2404,-0.0992,0.04004,-0.205,0.0317
2026-08-31 14:21:27,714.55,2026-08-31,710.0,0.27,0.32,0.28,35304,9454,0.2323,-0.1376,0.05222,-0.295,0.0399
2026-08-31 14:21:27,714.55,2026-08-31,711.0,0.43,0.44,0.44,24204,757,0.2268,-0.1913,0.06627,-0.435,0.0494
2026-08-31 14:21:27,714.55,2026-08-31,712.0,0.61,0.62,0.62,31859,2080,0.2185,-0.2571,0.08137,-0.615,0.0585
2026-08-31 14:21:27,714.55,2026-08-31,713.0,0.83,0.84,0.84,41585,782,0.2062,-0.3362,0.09756,-0.835,0.0662
2026-08-31 14:21:27,714.55,2026-08-31,714.0,1.17,1.19,1.19,66921,2032,0.2001,-0.4366,0.10855,-1.18,0.0714
2026-08-31 14:21:27,714.55,2026-08-31,715.0,1.64,1.66,1.66,77959,3474,0.1968,-0.547,0.11098,-1.2,0.0718
2026-08-31 14:21:27,714.55,2026-08-31,716.0,2.26,2.29,2.29,50637,1206,0.2001,-0.6522,0.10185,-0.825,0.067
2026-08-31 14:21:27,714.55,2026-08-31,717.0,2.9,3.01,2.94,12148,846,0.1962,-0.7516,0.08903,-0.505,0.0574
2026-08-31 14:21:27,714.55,2026-08-31,718.0,3.61,3.75,3.75,4698,2164,0.1803,-0.8518,0.07073,-0.23,0.042
2026-08-31 14:21:27,714.55,2026-08-31,719.0,4.48,4.88,4.71,1607,1467,0.2146,-0.8712,0.05401,-0.23,0.0381
2026-08-31 14:21:27,714.55,2026-08-31,720.0,5.35,5.71,5.6,1406,3552,0.1962,-0.9355,0.03544,-0.08,0.0229
2026-08-31 14:21:27,714.55,2026-08-31,721.0,6.41,6.74,6.65,338,840,0.2432,-0.9262,0.03169,-0.125,0.0254
2026-08-31 14:21:27,714.55,2026-08-31,722.0,7.41,7.8,7.64,209,460,0.2838,-0.924,0.02778,-0.155,0.0259
2026-08-31 14:21:27,714.55,2026-08-31,723.0,8.25,8.81,8.6,131,382,0.2771,-0.9519,0.01988,-0.08,0.0181
2026-08-31 14:21:27,714.55,2026-08-31,724.0,9.58,9.74,9.75,331,635,0.3627,-0.9222,0.02214,-0.21,0.0264
2026-08-31 14:21:27,714.55,2026-08-31,725.0,10.45,11.48,10.37,446,4343,0.4889,-0.8773,0.02292,-0.515,0.0368
2026-08-31 14:21:27,714.55,2026-08-31,726.0,11.4,11.56,11.49,128,512,0.3142,-0.9765,0.00974,-0.03,0.0101
2026-08-31 14:21:27,714.55,2026-08-31,727.0,12.23,13.77,12.54,19,387,0.5632,-0.8848,0.01903,-0.55,0.0352
2026-08-31 14:21:27,714.55,2026-08-31,728.0,13.5,13.66,13.48,6,359,0.4348,-0.9537,0.0123,-0.13,0.0176
2026-08-31 14:21:27,714.55,2026-08-31,729.0,14.1,16.14,14.59,11,431,0.6608,-0.8817,0.01652,-0.67,0.0359
2026-08-31 14:22:30,714.71,2026-08-31,700.0,0.05,0.06,0.05,2428,30098,0.4027,-0.0204,0.00676,-0.055,0.0089
2026-08-31 14:22:30,714.71,2026-08-31,701.0,0.01,0.06,0.02,829,506,0.3546,-0.0153,0.006,-0.035,0.007
2026-08-31 14:22:30,714.71,2026-08-31,702.0,0.01,0.02,0.05,2639,487,0.2968,-0.0084,0.00424,-0.015,0.0041
2026-08-31 14:22:30,714.71,2026-08-31,703.0,0.02,0.07,0.07,3346,1050,0.3213,-0.0209,0.00863,-0.045,0.0091
2026-08-31 14:22:30,714.71,2026-08-31,704.0,0.07,0.08,0.07,3585,1012,0.3241,-0.0325,0.01239,-0.075,0.0132
2026-08-31 14:22:30,714.71,2026-08-31,705.0,0.08,0.09,0.05,9291,9235,0.3057,-0.0382,0.01499,-0.085,0.015
2026-08-31 14:22:30,714.71,2026-08-31,706.0,0.05,0.06,0.1,3019,571,0.2586,-0.0302,0.01462,-0.055,0.0124
2026-08-31 14:22:30,714.71,2026-08-31,707.0,0.11,0.12,0.12,9138,772,0.2694,-0.0553,0.02291,-0.115,0.0202
2026-08-31 14:22:30,714.71,2026-08-31,708.0,0.14,0.15,0.15,6801,1167,0.2544,-0.0708,0.02941,-0.145,0.0245
2026-08-31 14:22:30,714.71,2026-08-31,709.0,0.19,0.2,0.16,11495,1006,0.2423,-0.0947,0.03841,-0.195,0.0305
2026-08-31 14:22:30,714.71,2026-08-31,710.0,0.27,0.28,0.28,37514,9454,0.2329,-0.1299,0.05013,-0.275,0.0383
2026-08-31 14:22:30,714.71,2026-08-31,711.0,0.34,0.35,0.39,24927,757,0.214,-0.1669,0.06454,-0.345,0.0453
2026-08-31 14:22:30,714.71,2026-08-31,712.0,0.54,0.55,0.55,33475,2080,0.2134,-0.2391,0.08029,-0.545,0.0562
2026-08-31 14:22:30,714.71,2026-08-31,713.0,0.77,0.78,0.78,44226,782,0.2051,-0.3201,0.09628,-0.775,0.0648
2026-08-31 14:22:30,714.71,2026-08-31,714.0,1.09,1.11,1.11,69761,2032,0.1985,-0.4191,0.10869,-1.1,0.0708
2026-08-31 14:22:30,714.71,2026-08-31,715.0,1.48,1.5,1.5,79205,3474,0.1865,-0.5315,0.11773,-1.195,0.072
2026-08-31 14:22:30,714.71,2026-08-31,716.0,2.04,2.1,2.1,51241,1206,0.1848,-0.6474,0.11094,-0.775,0.0673
2026-08-31 14:22:30,714.71,2026-08-31,717.0,2.76,2.8,2.79,12255,846,0.1863,-0.7489,0.09443,-0.485,0.0577
2026-08-31 14:22:30,714.71,2026-08-31,718.0,3.5,3.53,3.53,4871,2164,0.1727,-0.8514,0.07407,-0.22,0.042
2026-08-31 14:22:30,714.71,2026-08-31,719.0,4.44,4.74,4.7,1609,1467,0.2258,-0.8508,0.05684,-0.295,0.0421
2026-08-31 14:22:30,714.71,2026-08-31,720.0,5.29,5.77,5.75,1416,3552,0.2442,-0.8821,0.04468,-0.235,0.0358
2026-08-31 14:22:30,714.71,2026-08-31,721.0,6.3,6.92,6.83,341,840,0.2989,-0.875,0.03803,-0.315,0.0373
2026-08-31 14:22:30,714.71,2026-08-31,722.0,7.22,7.68,7.8,210,460,0.2796,-0.923,0.02851,-0.155,0.0261
2026-08-31 14:22:30,714.71,2026-08-31,723.0,8.3,8.72,8.6,131,382,0.3311,-0.9144,0.0261,-0.215,0.0283
2026-08-31 14:22:30,714.71,2026-08-31,724.0,9.02,9.63,9.48,341,635,0.2644,-0.9726,0.01316,-0.03,0.0114
2026-08-31 14:22:30,714.71,2026-08-31,725.0,10.01,11.49,11.28,447,4343,0.4679,-0.8845,0.02297,-0.455,0.0353
2026-08-31 14:22:30,714.71,2026-08-31,726.0,11.13,11.78,11.49,128,512,0.3939,-0.941,0.01648,-0.16,0.0213
2026-08-31 14:22:30,714.71,2026-08-31,727.0,11.99,13.55,13.1,19,387,0.5371,-0.8933,0.01891,-0.475,0.0333
2026-08-31 14:22:30,714.71,2026-08-31,728.0,13.41,13.56,13.48,6,359,0.4622,-0.9412,0.014,-0.19,0.0212
2026-08-31 14:22:30,714.71,2026-08-31,729.0,14.13,15.74,14.59,11,431,0.6483,-0.8841,0.01663,-0.64,0.0354
2026-08-31 14:23:32,713.76,2026-08-31,699.0,0.04,0.05,0.02,880,717,0.3931,-0.0175,0.00609,-0.045,0.0078
2026-08-31 14:23:32,713.76,2026-08-31,700.0,0.01,0.06,0.05,2435,30098,0.3568,-0.0152,0.00596,-0.035,0.0069
2026-08-31 14:23:32,713.76,2026-08-31,701.0,0.05,0.06,0.02,829,506,0.3578,-0.0227,0.00835,-0.055,0.0097
2026-08-31 14:23:32,713.76,2026-08-31,702.0,0.06,0.07,0.05,2653,487,0.3431,-0.0273,0.01017,-0.065,0.0114
2026-08-31 14:23:32,713.76,2026-08-31,703.0,0.06,0.07,0.07,3614,1050,0.3185,-0.0292,0.01157,-0.065,0.012
2026-08-31 14:23:32,713.76,2026-08-31,704.0,0.07,0.08,0.07,3598,1012,0.3011,-0.0348,0.01414,-0.075,0.0139
2026-08-31 14:23:32,713.76,2026-08-31,705.0,0.05,0.1,0.09,9639,9235,0.2755,-0.0376,0.01647,-0.075,0.0148
2026-08-31 14:23:32,713.76,2026-08-31,706.0,0.07,0.08,0.07,3083,571,0.2495,-0.041,0.01951,-0.075,0.0159
2026-08-31 14:23:32,713.76,2026-08-31,707.0,0.11,0.16,0.12,9239,772,0.2526,-0.0672,0.02854,-0.135,0.0235
2026-08-31 14:23:32,713.76,2026-08-31,708.0,0.16,0.17,0.17,7049,1167,0.2345,-0.0848,0.03669,-0.165,0.0281
2026-08-31 14:23:32,713.76,2026-08-31,709.0,0.24,0.25,0.25,11830,1006,0.2273,-0.1208,0.04896,-0.245,0.0363
2026-08-31 14:23:32,713.76,2026-08-31,710.0,0.36,0.41,0.4,38203,9454,0.2254,-0.1752,0.06337,-0.385,0.0466
2026-08-31 14:23:32,713.76,2026-08-31,711.0,0.53,0.58,0.54,25457,757,0.2181,-0.2389,0.07873,-0.555,0.056
2026-08-31 14:23:32,713.76,2026-08-31,712.0,0.8,0.81,0.8,34789,2080,0.2131,-0.3207,0.09301,-0.805,0.0646
2026-08-31 14:23:32,713.76,2026-08-31,713.0,1.12,1.13,1.12,46063,782,0.2059,-0.4159,0.10492,-1.125,0.0704
2026-08-31 14:23:32,713.76,2026-08-31,714.0,1.56,1.57,1.51,71685,2032,0.2015,-0.5231,0.10943,-1.325,0.0719
2026-08-31 14:23:32,713.76,2026-08-31,715.0,2.1,2.13,2.1,80196,3474,0.1973,-0.633,0.10571,-0.875,0.068
2026-08-31 14:23:32,713.76,2026-08-31,716.0,2.76,2.79,2.71,51507,1206,0.1929,-0.7369,0.09366,-0.535,0.0589
2026-08-31 14:23:32,713.76,2026-08-31,717.0,3.47,3.64,3.51,12336,846,0.1925,-0.8217,0.07503,-0.315,0.0471
2026-08-31 14:23:32,713.76,2026-08-31,718.0,4.28,4.43,4.37,4886,2164,0.1749,-0.9082,0.05217,-0.115,0.0298
2026-08-31 14:23:32,713.76,2026-08-31,719.0,5.12,5.49,5.27,1652,1467,0.1843,-0.9406,0.03549,-0.065,0.0213
2026-08-31 14:23:32,713.76,2026-08-31,720.0,6.11,6.48,6.13,1433,3552,0.2062,-0.9516,0.02699,-0.055,0.0182
2026-08-31 14:23:32,713.76,2026-08-31,721.0,7.24,7.46,6.97,342,840,0.2603,-0.9363,0.02654,-0.11,0.0225
2026-08-31 14:23:32,713.76,2026-08-31,722.0,8.09,8.48,7.88,220,460,0.2512,-0.9639,0.01745,-0.045,0.0143
2026-08-31 14:23:32,713.76,2026-08-31,723.0,9.17,9.28,8.6,131,382,0.1939,-0.9955,0.00374,0.015,0.0024
2026-08-31 14:23:32,713.76,2026-08-31,724.0,10.25,10.49,9.48,341,635,0.3519,-0.9443,0.01767,-0.13,0.0203
2026-08-31 14:23:32,713.76,2026-08-31,725.0,11.2,11.47,11.26,448,4343,0.3592,-0.9565,0.01421,-0.095,0.0167
2026-08-31 14:23:32,713.76,2026-08-31,726.0,11.96,12.38,11.49,128,512,,,,,
2026-08-31 14:23:32,713.76,2026-08-31,727.0,12.88,14.03,13.1,19,387,0.4735,-0.9365,0.01456,-0.215,0.0225
2026-08-31 14:23:32,713.76,2026-08-31,728.0,14.05,14.12,13.48,6,359,,,,,
2026-08-31 14:24:34,713.83,2026-08-31,699.0,0.01,0.05,0.04,880,717,0.3733,-0.0128,0.0049,-0.03,0.0059
2026-08-31 14:24:34,713.83,2026-08-31,700.0,0.01,0.02,0.04,2459,30098,0.3213,-0.0078,0.00371,-0.015,0.0039
2026-08-31 14:24:34,713.83,2026-08-31,701.0,0.05,0.06,0.02,829,506,0.3599,-0.0227,0.00829,-0.055,0.0097
2026-08-31 14:24:34,713.83,2026-08-31,702.0,0.06,0.07,0.06,2781,487,0.3452,-0.0272,0.01009,-0.065,0.0113
2026-08-31 14:24:34,713.83,2026-08-31,703.0,0.02,0.03,0.06,3740,1050,0.2769,-0.0142,0.00723,-0.025,0.0065
2026-08-31 14:24:34,713.83,2026-08-31,704.0,0.03,0.08,0.07,3719,1012,0.2874,-0.0276,0.01227,-0.055,0.0115
2026-08-31 14:24:34,713.83,2026-08-31,705.0,0.09,0.1,0.09,9864,9235,0.2902,-0.0442,0.01784,-0.095,0.0168
2026-08-31 14:24:34,713.83,2026-08-31,706.0,0.07,0.08,0.12,3150,571,0.2516,-0.0408,0.01929,-0.075,0.0158
2026-08-31 14:24:34,713.83,2026-08-31,707.0,0.1,0.15,0.11,9307,772,0.2504,-0.0635,0.02757,-0.125,0.0225
2026-08-31 14:24:34,713.83,2026-08-31,708.0,0.19,0.2,0.2,7074,1167,0.2472,-0.0934,0.03746,-0.195,0.0301
2026-08-31 14:24:34,713.83,2026-08-31,709.0,0.23,0.24,0.28,12064,1006,0.2271,-0.117,0.04799,-0.235,0.0354
2026-08-31 14:24:34,713.83,2026-08-31,710.0,0.35,0.4,0.4,38936,9454,0.226,-0.1714,0.06241,-0.375,0.0459
2026-08-31 14:24:34,713.83,2026-08-31,711.0,0.51,0.56,0.56,25862,757,0.2176,-0.233,0.07794,-0.535,0.0551
2026-08-31 14:24:34,713.83,2026-08-31,712.0,0.75,0.76,0.8,36409,2080,0.2088,-0.311,0.09381,-0.755,0.0637
2026-08-31 14:24:34,713.83,2026-08-31,713.0,1.11,1.12,1.12,47928,782,0.2086,-0.4101,0.10336,-1.115,0.0701
2026-08-31 14:24:34,713.83,2026-08-31,714.0,1.54,1.56,1.56,77317,2032,0.2045,-0.5158,0.10812,-1.375,0.0719
2026-08-31 14:24:34,713.83,2026-08-31,715.0,2.029,2.04,2.05,81694,3474,0.1917,-0.6298,0.10921,-0.8595,0.0681
2026-08-31 14:24:34,713.83,2026-08-31,716.0,2.79,2.8,2.7,52147,1206,0.2045,-0.7194,0.09138,-0.62,0.0608
2026-08-31 14:24:34,713.83,2026-08-31,717.0,3.41,3.6,3.48,12381,846,0.1935,-0.8159,0.07627,-0.33,0.048
2026-08-31 14:24:34,713.83,2026-08-31,718.0,4.33,4.41,4.29,4910,2164,0.1972,-0.8776,0.05707,-0.195,0.0366
2026-08-31 14:24:34,713.83,2026-08-31,719.0,5.16,5.37,5.25,1674,1467,0.1937,-0.929,0.03887,-0.09,0.0245
2026-08-31 14:24:34,713.83,2026-08-31,720.0,6.11,6.56,6.28,1467,3552,0.2494,-0.913,0.0352,-0.16,0.0286
2026-08-31 14:24:34,713.83,2026-08-31,721.0,7.01,7.37,6.97,344,840,0.2017,-0.9747,0.01623,-0.015,0.0106
2026-08-31 14:24:34,713.83,2026-08-31,722.0,7.96,8.46,8.1,220,460,0.2426,-0.9679,0.01646,-0.035,0.013
2026-08-31 14:24:34,713.83,2026-08-31,723.0,9.21,9.54,9.11,132,382,0.3528,-0.923,0.02271,-0.2,0.0261
2026-08-31 14:24:34,713.83,2026-08-31,724.0,10.26,10.45,10.28,351,635,0.3734,-0.9323,0.01944,-0.18,0.0236
2026-08-31 14:24:34,713.83,2026-08-31,725.0,10.88,11.57,11.26,450,4343,0.3272,-0.9694,0.01172,-0.05,0.0125
2026-08-31 14:24:34,713.83,2026-08-31,726.0,11.98,12.45,11.49,128,512,0.3423,-0.9743,0.00968,-0.04,0.0108
2026-08-31 14:24:34,713.83,2026-08-31,727.0,13.19,13.89,13.1,19,387,0.5308,-0.9123,0.01664,-0.365,0.0287
2026-08-31 14:24:34,713.83,2026-08-31,728.0,14.16,14.3,13.48,6,359,0.4027,-0.9729,0.00862,-0.055,0.0113
2026-08-31 14:25:36,713.38,2026-08-31,699.0,0.04,0.05,0.04,880,717,0.3858,-0.0178,0.00633,-0.045,0.0079
2026-08-31 14:25:36,713.38,2026-08-31,700.0,0.05,0.06,0.02,2479,30098,0.3739,-0.0219,0.00778,-0.055,0.0094
2026-08-31 14:25:36,713.38,2026-08-31,701.0,0.05,0.06,0.02,829,506,0.35,-0.0233,0.00874,-0.055,0.0099
2026-08-31 14:25:36,713.38,2026-08-31,702.0,0.02,0.07,0.06,2786,487,0.3157,-0.0213,0.009,-0.045,0.0092
2026-08-31 14:25:36,713.38,2026-08-31,703.0,0.07,0.08,0.07,3746,1050,0.318,-0.0333,0.01295,-0.075,0.0133
2026-08-31 14:25:36,713.38,2026-08-31,704.0,0.04,0.09,0.08,3763,1012,0.2851,-0.0323,0.0141,-0.065,0.013
2026-08-31 14:25:36,713.38,2026-08-31,705.0,0.06,0.07,0.11,9888,9235,0.2597,-0.0351,0.01655,-0.065,0.0139
2026-08-31 14:25:36,713.38,2026-08-31,706.0,0.13,0.14,0.09,3209,571,0.2714,-0.0634,0.02548,-0.135,0.0224
2026-08-31 14:25:36,713.38,2026-08-31,707.0,0.17,0.18,0.17,9457,772,0.2579,-0.0825,0.03279,-0.175,0.0274
2026-08-31 14:25:36,713.38,2026-08-31,708.0,0.2,0.21,0.22,7295,1167,0.2368,-0.1011,0.04153,-0.205,0.0318
2026-08-31 14:25:36,713.38,2026-08-31,709.0,0.33,0.34,0.29,12472,1006,0.2379,-0.1506,0.05461,-0.335,0.0421
2026-08-31 14:25:36,713.38,2026-08-31,710.0,0.47,0.48,0.47,39770,9454,0.2298,-0.2041,0.06854,-0.475,0.051
2026-08-31 14:25:36,713.38,2026-08-31,711.0,0.68,0.69,0.63,26852,757,0.2244,-0.2749,0.08263,-0.685,0.06
2026-08-31 14:25:36,713.38,2026-08-31,712.0,0.94,0.96,0.94,37784,2080,0.2162,-0.3584,0.09603,-0.95,0.0672
2026-08-31 14:25:36,713.38,2026-08-31,713.0,1.31,1.32,1.31,51179,782,0.2099,-0.4568,0.10501,-1.315,0.0714
2026-08-31 14:25:36,713.38,2026-08-31,714.0,1.79,1.81,1.79,83746,2032,0.2061,-0.5632,0.1062,-1.18,0.0709
2026-08-31 14:25:36,713.38,2026-08-31,715.0,2.33,2.4,2.33,83022,3474,0.1981,-0.6722,0.1013,-0.745,0.065
2026-08-31 14:25:36,713.38,2026-08-31,716.0,3.05,3.09,3.05,52531,1206,0.1951,-0.7695,0.08663,-0.45,0.0547
2026-08-31 14:25:36,713.38,2026-08-31,717.0,3.89,3.97,3.73,12438,846,0.2063,-0.8327,0.06747,-0.31,0.0451
2026-08-31 14:25:36,713.38,2026-08-31,718.0,4.71,4.95,4.62,4971,2164,0.2165,-0.8799,0.05138,-0.21,0.036
2026-08-31 14:25:36,713.38,2026-08-31,719.0,5.7,5.91,5.74,1691,1467,0.2412,-0.9001,0.0404,-0.185,0.0316
2026-08-31 14:25:36,713.38,2026-08-31,720.0,6.65,6.73,6.63,1484,3552,0.2251,-0.9473,0.02654,-0.07,0.0193
2026-08-31 14:25:36,713.38,2026-08-31,721.0,7.64,7.7,7.59,349,840,0.2398,-0.9599,0.02002,-0.05,0.0155
2026-08-31 14:25:36,713.38,2026-08-31,722.0,8.58,9.4,8.1,220,460,0.3924,-0.8861,0.02731,-0.37,0.0347
2026-08-31 14:25:36,713.38,2026-08-31,723.0,9.43,9.88,9.38,134,382,0.278,-0.9715,0.01305,-0.035,0.0117
2026-08-31 14:25:36,713.38,2026-08-31,724.0,10.33,11.57,10.28,351,635,0.4428,-0.9057,0.02109,-0.33,0.0302
2026-08-31 14:25:36,713.38,2026-08-31,725.0,11.43,12.72,11.3,450,4343,0.5132,-0.8924,0.02004,-0.455,0.0333
2026-08-31 14:25:36,713.38,2026-08-31,726.0,12.56,13.78,11.49,128,512,0.573,-0.8858,0.01874,-0.55,0.0348
2026-08-31 14:25:36,713.38,2026-08-31,727.0,13.59,14.99,13.82,20,387,0.639,-0.8777,0.01763,-0.67,0.0365
2026-08-31 14:25:36,713.38,2026-08-31,728.0,14.37,15.99,14.72,7,359,0.6393,-0.8941,0.01591,-0.56,0.0329
2026-08-31 14:26:38,713.37,2026-08-31,699.0,0.01,0.05,0.04,880,717,0.3646,-0.0131,0.00514,-0.03,0.006
2026-08-31 14:26:38,713.37,2026-08-31,700.0,0.01,0.06,0.03,2520,30098,0.3499,-0.0156,0.00623,-0.035,0.007
2026-08-31 14:26:38,713.37,2026-08-31,701.0,0.05,0.06,0.04,849,506,0.3503,-0.0233,0.00875,-0.055,0.0099
2026-08-31 14:26:38,713.37,2026-08-31,702.0,0.02,0.07,0.03,2789,487,0.316,-0.0214,0.00902,-0.045,0.0092
2026-08-31 14:26:38,713.37,2026-08-31,703.0,0.03,0.08,0.06,3818,1050,0.3018,-0.0266,0.01134,-0.055,0.011
2026-08-31 14:26:38,713.37,2026-08-31,704.0,0.04,0.05,0.05,3777,1012,0.2682,-0.0247,0.01201,-0.045,0.0104
2026-08-31 14:26:38,713.37,2026-08-31,705.0,0.1,0.11,0.09,9960,9235,0.2847,-0.0491,0.01988,-0.105,0.0183
2026-08-31 14:26:38,713.37,2026-08-31,706.0,0.09,0.1,0.11,3251,571,0.252,-0.0501,0.02282,-0.095,0.0186
2026-08-31 14:26:38,713.37,2026-08-31,707.0,0.13,0.14,0.17,9527,772,0.2425,-0.0699,0.03079,-0.135,0.0241
2026-08-31 14:26:38,713.37,2026-08-31,708.0,0.25,0.26,0.22,7596,1167,0.2518,-0.1153,0.04298,-0.255,0.0349
2026-08-31 14:26:38,713.37,2026-08-31,709.0,0.35,0.36,0.33,13103,1006,0.2426,-0.1555,0.05478,-0.355,0.0429
2026-08-31 14:26:38,713.37,2026-08-31,710.0,0.49,0.5,0.45,40850,9454,0.2336,-0.2083,0.06833,-0.495,0.0515
2026-08-31 14:26:38,713.37,2026-08-31,711.0,0.66,0.67,0.69,27877,757,0.2209,-0.2723,0.08367,-0.665,0.0597
2026-08-31 14:26:38,713.37,2026-08-31,712.0,0.99,1,0.98,39237,2080,0.2227,-0.363,0.09379,-0.995,0.0674
2026-08-31 14:26:38,713.37,2026-08-31,713.0,1.33,1.38,1.33,53273,782,0.2152,-0.4588,0.10264,-1.355,0.0713
2026-08-31 14:26:38,713.37,2026-08-31,714.0,1.84,1.86,1.84,86878,2032,0.2127,-0.5624,0.10311,-1.22,0.0708
2026-08-31 14:26:38,713.37,2026-08-31,715.0,2.45,2.48,2.45,83617,3474,0.2127,-0.6621,0.09564,-0.835,0.0657
2026-08-31 14:26:38,713.37,2026-08-31,716.0,3.12,3.19,3.09,52753,1206,0.2093,-0.755,0.08361,-0.525,0.0565
2026-08-31 14:26:38,713.37,2026-08-31,717.0,3.86,4.07,3.78,12495,846,0.2124,-0.8266,0.06714,-0.335,0.046
2026-08-31 14:26:38,713.37,2026-08-31,718.0,4.75,5.01,4.75,5005,2164,0.2279,-0.8685,0.05207,-0.25,0.0383
2026-08-31 14:26:38,713.37,2026-08-31,719.0,5.67,5.91,5.65,1700,1467,0.2337,-0.9079,0.03934,-0.16,0.0297
2026-08-31 14:26:38,713.37,2026-08-31,720.0,6.53,6.71,6.44,1496,3552,0.1575,-0.9899,0.00947,0.01,0.0048
2026-08-31 14:26:38,713.37,2026-08-31,721.0,7.54,7.87,7.82,350,840,0.2551,-0.9504,0.02237,-0.075,0.0184
2026-08-31 14:26:38,713.37,2026-08-31,722.0,8.8,8.96,8.79,221,460,0.3559,-0.9089,0.02563,-0.25,0.0294
2026-08-31 14:26:38,713.37,2026-08-31,723.0,9.56,9.69,9.48,134,382,0.2299,-0.9895,0.00672,0.005,0.005
2026-08-31 14:26:38,713.37,2026-08-31,724.0,10.31,11.32,10.28,351,635,0.3897,-0.9331,0.01852,-0.185,0.0233
2026-08-31 14:26:38,713.37,2026-08-31,725.0,11.6,12.61,11.3,450,4343,0.5203,-0.8898,0.02014,-0.475,0.0338
2026-08-31 14:26:38,713.37,2026-08-31,726.0,12.69,13.95,11.49,128,512,0.6127,-0.8703,0.01919,-0.69,0.0379
2026-08-31 14:26:38,713.37,2026-08-31,727.0,13.39,14.94,13.82,20,387,0.6016,-0.8925,0.01711,-0.535,0.0332
2026-08-31 14:26:38,713.37,2026-08-31,728.0,14.59,15.61,14.72,7,359,0.6122,-0.9044,0.01543,-0.47,0.0305
2026-08-31 14:27:41,713.36,2026-08-31,699.0,0.01,0.05,0.04,881,717,0.365,-0.0131,0.00514,-0.03,0.006
2026-08-31 14:27:41,713.36,2026-08-31,700.0,0.05,0.06,0.04,2569,30098,0.3746,-0.022,0.0078,-0.055,0.0094
2026-08-31 14:27:41,713.36,2026-08-31,701.0,0.05,0.06,0.02,850,506,0.3506,-0.0233,0.00876,-0.055,0.0099
2026-08-31 14:27:41,713.36,2026-08-31,702.0,0.02,0.07,0.03,2839,487,0.3162,-0.0214,0.00903,-0.045,0.0092
2026-08-31 14:27:41,713.36,2026-08-31,703.0,0.03,0.04,0.04,3870,1050,0.2813,-0.019,0.00917,-0.035,0.0083
2026-08-31 14:27:41,713.36,2026-08-31,704.0,0.04,0.05,0.07,3847,1012,0.2684,-0.0247,0.01203,-0.045,0.0104
2026-08-31 14:27:41,713.36,2026-08-31,705.0,0.1,0.11,0.09,10038,9235,0.2849,-0.0492,0.01991,-0.105,0.0183
2026-08-31 14:27:41,713.36,2026-08-31,706.0,0.13,0.14,0.11,3265,571,0.2717,-0.0635,0.02557,-0.135,0.0223
2026-08-31 14:27:41,713.36,2026-08-31,707.0,0.13,0.14,0.18,9567,772,0.2426,-0.07,0.03086,-0.135,0.0241
2026-08-31 14:27:41,713.36,2026-08-31,708.0,0.23,0.24,0.22,7692,1167,0.246,-0.11,0.0426,-0.235,0.0337
2026-08-31 14:27:41,713.36,2026-08-31,709.0,0.29,0.3,0.33,13179,1006,0.2282,-0.1409,0.05463,-0.295,0.0401
2026-08-31 14:27:41,713.36,2026-08-31,710.0,0.43,0.48,0.47,41662,9454,0.2257,-0.2006,0.06927,-0.455,0.0503
2026-08-31 14:27:41,713.36,2026-08-31,711.0,0.67,0.68,0.67,28562,757,0.2225,-0.2742,0.0835,-0.675,0.0598
2026-08-31 14:27:41,713.36,2026-08-31,712.0,0.95,0.96,0.95,40927,2080,0.2165,-0.3601,0.09634,-0.955,0.0671
2026-08-31 14:27:41,713.36,2026-08-31,713.0,1.34,1.35,1.26,55875,782,0.2135,-0.4595,0.10365,-1.345,0.0712
2026-08-31 14:27:41,713.36,2026-08-31,714.0,1.82,1.84,1.73,88824,2032,0.2094,-0.5645,0.10481,-1.19,0.0706
2026-08-31 14:27:41,713.36,2026-08-31,715.0,2.4,2.43,2.4,84685,3474,0.2044,-0.6697,0.09882,-0.775,0.065
2026-08-31 14:27:41,713.36,2026-08-31,716.0,3.05,3.06,3.05,53354,1206,0.19,-0.7779,0.08735,-0.415,0.0534
2026-08-31 14:27:41,713.36,2026-08-31,717.0,3.77,3.99,3.86,12542,846,0.1914,-0.853,0.06699,-0.24,0.0413
2026-08-31 14:27:41,713.36,2026-08-31,718.0,4.67,4.96,4.77,5085,2164,0.2077,-0.8913,0.05003,-0.175,0.0334
2026-08-31 14:27:41,713.36,2026-08-31,719.0,5.73,5.88,5.7,1702,1467,0.2361,-0.9065,0.03946,-0.165,0.03
2026-08-31 14:27:41,713.36,2026-08-31,720.0,6.58,6.79,6.59,1518,3552,0.2121,-0.9582,0.0235,-0.045,0.016
2026-08-31 14:27:41,713.36,2026-08-31,721.0,7.66,7.78,7.64,361,840,0.2584,-0.9487,0.02272,-0.08,0.0189
2026-08-31 14:27:41,713.36,2026-08-31,722.0,8.61,8.83,8.79,221,460,0.285,-0.9528,0.01927,-0.08,0.0177
2026-08-31 14:27:41,713.36,2026-08-31,723.0,9.44,10.09,9.65,137,382,0.3354,-0.9434,0.01891,-0.125,0.0204
2026-08-31 14:27:41,713.36,2026-08-31,724.0,10.7,11.53,10.28,351,635,0.4893,-0.884,0.02226,-0.475,0.035
2026-08-31 14:27:41,713.36,2026-08-31,725.0,11.7,12.54,11.3,450,4343,0.5229,-0.8892,0.02015,-0.48,0.0339
2026-08-31 14:27:41,713.36,2026-08-31,726.0,12.65,14.02,11.49,128,512,0.6153,-0.8699,0.01918,-0.695,0.038
2026-08-31 14:27:41,713.36,2026-08-31,727.0,13.82,14.76,13.82,20,387,0.6361,-0.8799,0.01754,-0.65,0.0359
2026-08-31 14:27:41,713.36,2026-08-31,728.0,14.64,16.059,14.72,7,359,0.6852,-0.8788,0.01639,-0.7095,0.0361
2026-08-31 14:28:43,713.67,2026-08-31,699.0,0.04,0.05,0.03,882,717,0.3942,-0.0176,0.00614,-0.045,0.0078
2026-08-31 14:28:43,713.67,2026-08-31,700.0,0.05,0.06,0.04,2569,30098,0.3824,-0.0216,0.00754,-0.055,0.0093
2026-08-31 14:28:43,713.67,2026-08-31,701.0,0.05,0.06,0.02,850,506,0.3585,-0.0229,0.00844,-0.055,0.0097
2026-08-31 14:28:43,713.67,2026-08-31,702.0,0.02,0.03,0.06,2891,487,0.2975,-0.0134,0.00644,-0.025,0.0061
2026-08-31 14:28:43,713.67,2026-08-31,703.0,0.02,0.07,0.05,3983,1050,0.3002,-0.0224,0.00991,-0.045,0.0096
2026-08-31 14:28:43,713.67,2026-08-31,704.0,0.07,0.08,0.07,3852,1012,0.3012,-0.035,0.01433,-0.075,0.0139
2026-08-31 14:28:43,713.67,2026-08-31,705.0,0.05,0.1,0.06,10148,9235,0.2753,-0.0379,0.01671,-0.075,0.0148
2026-08-31 14:28:43,713.67,2026-08-31,706.0,0.11,0.12,0.12,3400,571,0.2713,-0.0555,0.02305,-0.115,0.0201
2026-08-31 14:28:43,713.67,2026-08-31,707.0,0.15,0.16,0.12,9641,772,0.2601,-0.0742,0.03012,-0.155,0.0252
2026-08-31 14:28:43,713.67,2026-08-31,708.0,0.21,0.22,0.21,7740,1167,0.2503,-0.1008,0.03937,-0.215,0.0316
2026-08-31 14:28:43,713.67,2026-08-31,709.0,0.29,0.3,0.25,13256,1006,0.2394,-0.1356,0.0508,-0.295,0.039
2026-08-31 14:28:43,713.67,2026-08-31,710.0,0.4,0.41,0.42,42101,9454,0.228,-0.1818,0.06465,-0.405,0.0473
2026-08-31 14:28:43,713.67,2026-08-31,711.0,0.58,0.59,0.59,29021,757,0.2212,-0.2475,0.07973,-0.585,0.0566
2026-08-31 14:28:43,713.67,2026-08-31,712.0,0.77,0.82,0.82,41941,2080,0.2087,-0.3246,0.09621,-0.795,0.0644
2026-08-31 14:28:43,713.67,2026-08-31,713.0,1.16,1.17,1.17,59153,782,0.2078,-0.4255,0.1053,-1.165,0.0702
2026-08-31 14:28:43,713.67,2026-08-31,714.0,1.56,1.57,1.57,90376,2032,0.1964,-0.5342,0.11295,-1.235,0.0712
2026-08-31 14:28:43,713.67,2026-08-31,715.0,2.09,2.18,2.18,85088,3474,0.1932,-0.6465,0.10741,-0.805,0.0666
2026-08-31 14:28:43,713.67,2026-08-31,716.0,2.74,2.78,2.8,53590,1206,0.1799,-0.7622,0.09595,-0.43,0.0554
2026-08-31 14:28:43,713.67,2026-08-31,717.0,3.56,3.73,3.65,12570,846,0.1974,-0.8242,0.0731,-0.315,0.0463
2026-08-31 14:28:43,713.67,2026-08-31,718.0,4.4,4.6,4.56,5146,2164,0.1964,-0.8886,0.05394,-0.17,0.034
2026-08-31 14:28:43,713.67,2026-08-31,719.0,5.28,5.48,5.5,1704,1467,0.1806,-0.9487,0.03251,-0.05,0.0189
2026-08-31 14:28:43,713.67,2026-08-31,720.0,6.12,6.33,6.38,1530,3552,,,,,
2026-08-31 14:28:43,713.67,2026-08-31,721.0,7.19,7.63,7.45,362,840,0.2503,-0.9472,0.02401,-0.08,0.0193
2026-08-31 14:28:43,713.67,2026-08-31,722.0,8.1,8.92,8.79,256,460,0.3225,-0.923,0.02499,-0.18,0.0259
2026-08-31 14:28:43,713.67,2026-08-31,723.0,9.26,9.73,9.31,140,382,0.3453,-0.932,0.02123,-0.165,0.0235
2026-08-31 14:28:43,713.67,2026-08-31,724.0,10.28,11.41,10.28,351,635,0.4908,-0.8766,0.02321,-0.515,0.0366
2026-08-31 14:28:43,713.67,2026-08-31,725.0,11.29,11.52,11.3,450,4343,0.3514,-0.9623,0.01304,-0.075,0.0147
2026-08-31 14:28:43,713.67,2026-08-31,726.0,12.37,13.95,11.49,128,512,0.6397,-0.8547,0.01991,-0.83,0.0409
2026-08-31 14:28:43,713.67,2026-08-31,727.0,13.07,14.8,13.82,20,387,0.6141,-0.8832,0.01784,-0.605,0.0352
2026-08-31 14:28:43,713.67,2026-08-31,728.0,14.44,15.79,14.72,7,359,0.6962,-0.8702,0.01694,-0.785,0.0379
2026-08-31 14:29:45,713.59,2026-08-31,699.0,0.01,0.05,0.03,885,717,0.3711,-0.0129,0.00502,-0.03,0.006
2026-08-31 14:29:45,713.59,2026-08-31,700.0,0.01,0.06,0.05,2576,30098,0.3564,-0.0154,0.00607,-0.035,0.0069
2026-08-31 14:29:45,713.59,2026-08-31,701.0,0.01,0.02,0.04,860,506,0.2981,-0.0084,0.00431,-0.015,0.0041
2026-08-31 14:29:45,713.59,2026-08-31,702.0,0.02,0.03,0.06,2892,487,0.2962,-0.0134,0.00651,-0.025,0.0062
2026-08-31 14:29:45,713.59,2026-08-31,703.0,0.07,0.08,0.07,4048,1050,0.3252,-0.0328,0.01259,-0.075,0.0131
2026-08-31 14:29:45,713.59,2026-08-31,704.0,0.08,0.09,0.07,3853,1012,0.3065,-0.0385,0.01524,-0.085,0.0149
2026-08-31 14:29:45,713.59,2026-08-31,705.0,0.09,0.1,0.07,10247,9235,0.2863,-0.045,0.01852,-0.095,0.017
2026-08-31 14:29:45,713.59,2026-08-31,706.0,0.07,0.08,0.11,3619,571,0.2474,-0.0416,0.02012,-0.075,0.0159
2026-08-31 14:29:45,713.59,2026-08-31,707.0,0.15,0.16,0.15,9818,772,0.2582,-0.0748,0.03059,-0.155,0.0253
2026-08-31 14:29:45,713.59,2026-08-31,708.0,0.21,0.22,0.2,7760,1167,0.2481,-0.1017,0.04003,-0.215,0.0318
2026-08-31 14:29:45,713.59,2026-08-31,709.0,0.29,0.3,0.28,13563,1006,0.2369,-0.137,0.05174,-0.295,0.0392
2026-08-31 14:29:45,713.59,2026-08-31,710.0,0.41,0.42,0.37,42498,9454,0.2273,-0.186,0.06587,-0.415,0.0479
2026-08-31 14:29:45,713.59,2026-08-31,711.0,0.54,0.55,0.54,29687,757,0.211,-0.2434,0.08301,-0.545,0.056
2026-08-31 14:29:45,713.59,2026-08-31,712.0,0.83,0.85,0.83,43361,2080,0.2119,-0.3344,0.09607,-0.84,0.0651
2026-08-31 14:29:45,713.59,2026-08-31,713.0,1.13,1.14,1.13,61131,782,0.1989,-0.431,0.11044,-1.135,0.0703
2026-08-31 14:29:45,713.59,2026-08-31,714.0,1.63,1.64,1.62,91454,2032,0.2005,-0.5424,0.11061,-1.225,0.071
2026-08-31 14:29:45,713.59,2026-08-31,715.0,2.14,2.23,2.14,85626,3474,0.1931,-0.6553,0.10661,-0.775,0.0659
2026-08-31 14:29:45,713.59,2026-08-31,716.0,2.88,2.91,2.88,53855,1206,0.1935,-0.754,0.09102,-0.485,0.0564
2026-08-31 14:29:45,713.59,2026-08-31,717.0,3.67,3.73,3.67,12611,846,0.1952,-0.8331,0.07163,-0.29,0.0447
2026-08-31 14:29:45,713.59,2026-08-31,718.0,4.55,4.64,4.57,5178,2164,0.2037,-0.8847,0.05337,-0.185,0.0348
2026-08-31 14:29:45,713.59,2026-08-31,719.0,5.48,5.72,5.35,1706,1467,0.2375,-0.8964,0.0424,-0.19,0.0322
2026-08-31 14:29:45,713.59,2026-08-31,720.0,6.22,6.44,6.24,1536,3552,,,,,
2026-08-31 14:29:45,713.59,2026-08-31,721.0,7.36,7.73,7.45,362,840,0.2783,-0.9297,0.02706,-0.135,0.0241
2026-08-31 14:29:45,713.59,2026-08-31,722.0,8.23,8.75,8.1,257,460,0.2796,-0.952,0.01997,-0.08,0.0179
2026-08-31 14:29:45,713.59,2026-08-31,723.0,9.37,9.75,9.21,141,382,0.3416,-0.9361,0.02049,-0.15,0.0224
2026-08-31 14:29:45,713.59,2026-08-31,724.0,10.19,11.43,10.28,351,635,0.4611,-0.8934,0.02229,-0.4,0.0329
2026-08-31 14:29:45,713.59,2026-08-31,725.0,11.18,11.42,11.3,450,4343,,,,,
2026-08-31 14:29:45,713.59,2026-08-31,726.0,12.07,12.58,11.49,128,512,,,,,
2026-08-31 14:29:45,713.59,2026-08-31,727.0,13.07,15.18,13.82,20,387,0.648,-0.8721,0.01805,-0.715,0.0374
2026-08-31 14:29:45,713.59,2026-08-31,728.0,14.24,15.95,14.72,7,359,0.6728,-0.8801,0.01661,-0.685,0.0358
2026-08-31 14:30:47,713.66,2026-08-31,699.0,0.01,0.05,0.04,910,717,0.3732,-0.0129,0.00498,-0.03,0.0059
2026-08-31 14:30:47,713.66,2026-08-31,700.0,0.01,0.02,0.05,2578,30098,0.3209,-0.0079,0.00378,-0.015,0.0039
2026-08-31 14:30:47,713.66,2026-08-31,701.0,0.01,0.02,0.02,869,506,0.3,-0.0084,0.00427,-0.015,0.0041
2026-08-31 14:30:47,713.66,2026-08-31,702.0,0.06,0.07,0.03,2892,487,0.3444,-0.0275,0.0103,-0.065,0.0113
2026-08-31 14:30:47,713.66,2026-08-31,703.0,0.02,0.07,0.07,4049,1050,0.3009,-0.0224,0.00993,-0.045,0.0095
2026-08-31 14:30:47,713.66,2026-08-31,704.0,0.07,0.08,0.08,3873,1012,0.3019,-0.035,0.01435,-0.075,0.0138
2026-08-31 14:30:47,713.66,2026-08-31,705.0,0.05,0.1,0.09,10280,9235,0.2759,-0.0379,0.01674,-0.075,0.0147
2026-08-31 14:30:47,713.66,2026-08-31,706.0,0.07,0.08,0.1,3844,571,0.2496,-0.0414,0.01987,-0.075,0.0158
2026-08-31 14:30:47,713.66,2026-08-31,707.0,0.1,0.15,0.14,9962,772,0.2481,-0.0645,0.02846,-0.125,0.0225
2026-08-31 14:30:47,713.66,2026-08-31,708.0,0.2,0.21,0.19,7784,1167,0.2476,-0.0981,0.03913,-0.205,0.0309
2026-08-31 14:30:47,713.66,2026-08-31,709.0,0.23,0.24,0.25,13652,1006,0.2237,-0.1194,0.0499,-0.235,0.0356
2026-08-31 14:30:47,713.66,2026-08-31,710.0,0.39,0.4,0.39,42762,9454,0.2262,-0.1798,0.06492,-0.395,0.0468
2026-08-31 14:30:47,713.66,2026-08-31,711.0,0.55,0.56,0.54,31215,757,0.2162,-0.2426,0.081,-0.555,0.0558
2026-08-31 14:30:47,713.66,2026-08-31,712.0,0.8,0.81,0.77,43803,2080,0.2104,-0.3263,0.09595,-0.805,0.0644
2026-08-31 14:30:47,713.66,2026-08-31,713.0,1.13,1.14,1.13,62479,782,0.2035,-0.4248,0.10781,-1.135,0.07
2026-08-31 14:30:47,713.66,2026-08-31,714.0,1.57,1.58,1.57,92849,2032,0.1977,-0.5352,0.11256,-1.235,0.071
2026-08-31 14:30:47,713.66,2026-08-31,715.0,2.12,2.13,2.12,86092,3474,0.1913,-0.6495,0.10849,-0.785,0.0662
2026-08-31 14:30:47,713.66,2026-08-31,716.0,2.76,2.79,2.78,53988,1206,0.1818,-0.7615,0.0954,-0.435,0.0553
2026-08-31 14:30:47,713.66,2026-08-31,717.0,3.48,3.7,3.42,12641,846,0.1838,-0.843,0.0732,-0.25,0.0429
2026-08-31 14:30:47,713.66,2026-08-31,718.0,4.35,4.46,4.34,5230,2164,0.1608,-0.933,0.04522,-0.065,0.0232
2026-08-31 14:30:47,713.66,2026-08-31,719.0,5.29,5.66,5.3,1710,1467,0.2174,-0.9134,0.04062,-0.135,0.0282
2026-08-31 14:30:47,713.66,2026-08-31,720.0,6.14,6.6,6.43,1537,3552,0.1952,-0.9643,0.02255,-0.03,0.014
2026-08-31 14:30:47,713.66,2026-08-31,721.0,7.15,7.5,7.2,364,840,0.158,-0.995,0.00509,0.015,0.0026
2026-08-31 14:30:47,713.66,2026-08-31,722.0,8.16,8.71,8.34,259,460,0.2862,-0.9468,0.02119,-0.095,0.0193
2026-08-31 14:30:47,713.66,2026-08-31,723.0,9.24,9.61,9.3,142,382,0.3074,-0.9538,0.01764,-0.085,0.0173
2026-08-31 14:30:47,713.66,2026-08-31,724.0,10.23,11.3,10.28,351,635,0.467,-0.8893,0.02265,-0.425,0.0337
2026-08-31 14:30:47,713.66,2026-08-31,725.0,11.39,11.61,11.3,450,4343,0.4004,-0.9413,0.01638,-0.16,0.0209
2026-08-31 14:30:47,713.66,2026-08-31,726.0,12.05,12.47,11.49,128,512,,,,,
2026-08-31 14:30:47,713.66,2026-08-31,727.0,13.24,15.1,13.82,20,387,0.6765,-0.8608,0.01835,-0.83,0.0396
2026-08-31 14:30:47,713.66,2026-08-31,728.0,14.1,15.88,14.72,7,359,0.6616,-0.8833,0.0166,-0.65,0.035
2026-08-31 14:31:49,713.47,2026-08-31,699.0,0.04,0.05,0.04,912,717,0.3915,-0.0178,0.00627,-0.045,0.0078
2026-08-31 14:31:49,713.47,2026-08-31,700.0,0.01,0.02,0.05,2630,30098,0.3175,-0.008,0.00387,-0.015,0.0039
2026-08-31 14:31:49,713.47,2026-08-31,701.0,0.05,0.06,0.05,945,506,0.3554,-0.0231,0.00864,-0.055,0.0098
2026-08-31 14:31:49,713.47,2026-08-31,702.0,0.02,0.03,0.03,2892,487,0.2945,-0.0136,0.00661,-0.025,0.0062
2026-08-31 14:31:49,713.47,2026-08-31,703.0,0.02,0.03,0.03,4052,1050,0.2721,-0.0146,0.00761,-0.025,0.0066
2026-08-31 14:31:49,713.47,2026-08-31,704.0,0.07,0.08,0.07,3958,1012,0.2975,-0.0356,0.01476,-0.075,0.014
2026-08-31 14:31:49,713.47,2026-08-31,705.0,0.05,0.06,0.08,10285,9235,0.2568,-0.0308,0.01521,-0.055,0.0124
2026-08-31 14:31:49,713.47,2026-08-31,706.0,0.07,0.12,0.11,3870,571,0.2567,-0.0496,0.0224,-0.095,0.0183
2026-08-31 14:31:49,713.47,2026-08-31,707.0,0.11,0.16,0.15,10078,772,0.2473,-0.0692,0.03019,-0.135,0.0237
2026-08-31 14:31:49,713.47,2026-08-31,708.0,0.17,0.22,0.21,7813,1167,0.2387,-0.0971,0.04038,-0.195,0.0306
2026-08-31 14:31:49,713.47,2026-08-31,709.0,0.26,0.27,0.29,13922,1006,0.2257,-0.1309,0.05284,-0.265,0.0379
2026-08-31 14:31:49,713.47,2026-08-31,710.0,0.43,0.44,0.38,43247,9454,0.2275,-0.1934,0.06765,-0.435,0.0489
2026-08-31 14:31:49,713.47,2026-08-31,711.0,0.58,0.59,0.58,31834,757,0.2134,-0.2553,0.08444,-0.585,0.0573
2026-08-31 14:31:49,713.47,2026-08-31,712.0,0.88,0.89,0.88,44330,2080,0.2132,-0.3465,0.0971,-0.885,0.0658
2026-08-31 14:31:49,713.47,2026-08-31,713.0,1.2,1.25,1.2,64421,782,0.2049,-0.4457,0.10822,-1.225,0.0705
2026-08-31 14:31:49,713.47,2026-08-31,714.0,1.67,1.73,1.67,94366,2032,0.201,-0.5557,0.11024,-1.17,0.0704
2026-08-31 14:31:49,713.47,2026-08-31,715.0,2.24,2.25,2.24,86752,3474,0.1907,-0.6706,0.10643,-0.715,0.0645
2026-08-31 14:31:49,713.47,2026-08-31,716.0,2.91,2.99,2.96,54310,1206,0.1875,-0.7726,0.09027,-0.42,0.0538
2026-08-31 14:31:49,713.47,2026-08-31,717.0,3.76,3.92,3.8,12681,846,0.2048,-0.8307,0.06915,-0.31,0.045
2026-08-31 14:31:49,713.47,2026-08-31,718.0,4.43,4.88,4.35,5254,2164,0.1895,-0.9081,0.04884,-0.125,0.0294
2026-08-31 14:31:49,713.47,2026-08-31,719.0,5.31,5.74,5.48,1726,1467,0.143,-0.9843,0.01548,0.005,0.007
2026-08-31 14:31:49,713.47,2026-08-31,720.0,6.48,6.76,6.42,1628,3552,0.2344,-0.9392,0.0288,-0.09,0.0215
2026-08-31 14:31:49,713.47,2026-08-31,721.0,7.27,7.72,7.35,365,840,,,,,
2026-08-31 14:31:49,713.47,2026-08-31,722.0,8.28,8.86,8.37,260,460,0.2577,-0.967,0.01603,-0.04,0.0131
2026-08-31 14:31:49,713.47,2026-08-31,723.0,9.4,9.85,9,144,382,0.3187,-0.9514,0.01774,-0.095,0.018
2026-08-31 14:31:49,713.47,2026-08-31,724.0,10.19,11.65,10.28,351,635,0.4633,-0.8957,0.02191,-0.39,0.0323
2026-08-31 14:31:49,713.47,2026-08-31,725.0,11.09,11.69,11.3,455,4343,,,,,
2026-08-31 14:31:49,713.47,2026-08-31,726.0,12.4,12.66,12.37,130,512,0.3016,-0.9894,0.00524,-0.0,0.005
2026-08-31 14:31:49,713.47,2026-08-31,727.0,13.48,15.18,13.27,22,387,0.6765,-0.8646,0.01804,-0.8,0.0388
2026-08-31 14:31:49,713.47,2026-08-31,728.0,14.54,15.66,14.72,7,359,0.6453,-0.8926,0.01606,-0.57,0.0329
2026-08-31 14:32:52,713.72,2026-08-31,699.0,0.04,0.05,0.04,913,717,0.3978,-0.0175,0.00611,-0.045,0.0077
2026-08-31 14:32:52,713.72,2026-08-31,700.0,0.05,0.06,0.05,2630,30098,0.386,-0.0215,0.0075,-0.055,0.0092
2026-08-31 14:32:52,713.72,2026-08-31,701.0,0.05,0.06,0.05,945,506,0.3619,-0.0228,0.00839,-0.055,0.0096
2026-08-31 14:32:52,713.72,2026-08-31,702.0,0.02,0.07,0.03,2898,487,0.3271,-0.0209,0.00862,-0.045,0.0089
2026-08-31 14:32:52,713.72,2026-08-31,703.0,0.02,0.03,0.04,4153,1050,0.278,-0.0143,0.00734,-0.025,0.0065
2026-08-31 14:32:52,713.72,2026-08-31,704.0,0.07,0.08,0.06,3959,1012,0.3043,-0.0349,0.01422,-0.075,0.0137
2026-08-31 14:32:52,713.72,2026-08-31,705.0,0.05,0.1,0.06,10311,9235,0.2783,-0.0377,0.01658,-0.075,0.0146
2026-08-31 14:32:52,713.72,2026-08-31,706.0,0.07,0.12,0.09,4328,571,0.2639,-0.0485,0.02143,-0.095,0.0179
2026-08-31 14:32:52,713.72,2026-08-31,707.0,0.14,0.15,0.14,11090,772,0.2592,-0.0707,0.02933,-0.145,0.0241
2026-08-31 14:32:52,713.72,2026-08-31,708.0,0.19,0.2,0.19,8002,1167,0.2469,-0.0945,0.03829,-0.195,0.03
2026-08-31 14:32:52,713.72,2026-08-31,709.0,0.26,0.27,0.26,14174,1006,0.2347,-0.127,0.0498,-0.265,0.0371
2026-08-31 14:32:52,713.72,2026-08-31,710.0,0.34,0.39,0.33,43956,9454,0.2227,-0.1715,0.06418,-0.365,0.0453
2026-08-31 14:32:52,713.72,2026-08-31,711.0,0.5,0.55,0.5,32183,757,0.214,-0.2349,0.08063,-0.525,0.0547
2026-08-31 14:32:52,713.72,2026-08-31,712.0,0.74,0.79,0.73,46089,2080,0.2078,-0.318,0.09641,-0.765,0.0635
2026-08-31 14:32:52,713.72,2026-08-31,713.0,1.07,1.08,1.07,66237,782,0.1991,-0.4164,0.11003,-1.075,0.0695
2026-08-31 14:32:52,713.72,2026-08-31,714.0,1.51,1.53,1.49,96169,2032,0.195,-0.529,0.11458,-1.24,0.0708
2026-08-31 14:32:52,713.72,2026-08-31,715.0,2.1,2.12,2.04,88555,3474,0.1954,-0.6404,0.10747,-0.83,0.0666
2026-08-31 14:32:52,713.72,2026-08-31,716.0,2.79,2.82,2.77,54501,1206,0.1957,-0.7407,0.09297,-0.525,0.0577
2026-08-31 14:32:52,713.72,2026-08-31,717.0,3.56,3.59,3.58,12772,846,0.1923,-0.8284,0.07436,-0.295,0.0453
2026-08-31 14:32:52,713.72,2026-08-31,718.0,4.44,4.69,4.44,5298,2164,0.2265,-0.8532,0.05697,-0.285,0.0409
2026-08-31 14:32:52,713.72,2026-08-31,719.0,5.35,5.59,5.23,1731,1467,0.2344,-0.8949,0.0436,-0.19,0.0324
2026-08-31 14:32:52,713.72,2026-08-31,720.0,6.14,6.34,6.23,1631,3552,,,,,
2026-08-31 14:32:52,713.72,2026-08-31,721.0,7.3,7.83,7.35,365,840,0.3277,-0.8914,0.03193,-0.285,0.0332
2026-08-31 14:32:52,713.72,2026-08-31,722.0,8.13,8.74,8.37,260,460,0.313,-0.9292,0.0243,-0.155,0.0241
2026-08-31 14:32:52,713.72,2026-08-31,723.0,9.31,9.43,9.18,163,382,0.3096,-0.9521,0.01809,-0.09,0.0178
2026-08-31 14:32:52,713.72,2026-08-31,724.0,10.32,11.27,10.23,355,635,0.4921,-0.8762,0.02333,-0.515,0.0364
2026-08-31 14:32:52,713.72,2026-08-31,725.0,11.16,11.42,11.36,455,4343,0.2917,-0.9841,0.00766,-0.01,0.0071
2026-08-31 14:32:52,713.72,2026-08-31,726.0,12.18,12.71,12.37,130,512,0.4299,-0.9433,0.01489,-0.165,0.0203
2026-08-31 14:32:52,713.72,2026-08-31,727.0,13.29,14.92,13.27,22,387,0.6752,-0.8609,0.01843,-0.825,0.0395
2026-08-31 14:32:52,713.72,2026-08-31,728.0,14.03,15.8,14.72,7,359,0.6573,-0.8846,0.01663,-0.635,0.0347
2026-08-31 14:33:53,713.82,2026-08-31,699.0,0.04,0.05,0.04,913,717,0.4007,-0.0174,0.00605,-0.045,0.0077
2026-08-31 14:33:53,713.82,2026-08-31,700.0,0.01,0.06,0.05,2631,30098,0.3638,-0.0152,0.00592,-0.035,0.0068
2026-08-31 14:33:53,713.82,2026-08-31,701.0,0.01,0.06,0.05,952,506,0.3409,-0.0161,0.00664,-0.035,0.0072
2026-08-31 14:33:53,713.82,2026-08-31,702.0,0.01,0.02,0.05,2911,487,0.2836,-0.0089,0.00476,-0.015,0.0043
2026-08-31 14:33:53,713.82,2026-08-31,703.0,0.02,0.03,0.03,4156,1050,0.2807,-0.0142,0.00723,-0.025,0.0064
2026-08-31 14:33:53,713.82,2026-08-31,704.0,0.07,0.08,0.07,3970,1012,0.3074,-0.0346,0.01402,-0.075,0.0136
2026-08-31 14:33:53,713.82,2026-08-31,705.0,0.04,0.09,0.08,10431,9235,0.2742,-0.0338,0.0154,-0.065,0.0133
2026-08-31 14:33:53,713.82,2026-08-31,706.0,0.1,0.11,0.07,4333,571,0.2724,-0.0515,0.0218,-0.105,0.0188
2026-08-31 14:33:53,713.82,2026-08-31,707.0,0.09,0.1,0.1,11575,772,0.2393,-0.0528,0.02533,-0.095,0.0192
2026-08-31 14:33:53,713.82,2026-08-31,708.0,0.17,0.18,0.17,8241,1167,0.2436,-0.0874,0.0367,-0.175,0.0283
2026-08-31 14:33:53,713.82,2026-08-31,709.0,0.2,0.21,0.21,14347,1006,0.2213,-0.1081,0.04719,-0.205,0.033
2026-08-31 14:33:53,713.82,2026-08-31,710.0,0.35,0.36,0.32,44388,9454,0.2245,-0.1668,0.06261,-0.355,0.0444
2026-08-31 14:33:53,713.82,2026-08-31,711.0,0.46,0.47,0.5,33241,757,0.2074,-0.2194,0.08019,-0.465,0.0526
2026-08-31 14:33:53,713.82,2026-08-31,712.0,0.69,0.74,0.69,47085,2080,0.2051,-0.3059,0.09617,-0.715,0.0624
2026-08-31 14:33:53,713.82,2026-08-31,713.0,1.04,1.06,1.05,69321,782,0.2018,-0.4065,0.10812,-1.05,0.069
2026-08-31 14:33:53,713.82,2026-08-31,714.0,1.48,1.49,1.48,99504,2032,0.1978,-0.5173,0.11334,-1.305,0.0709
2026-08-31 14:33:53,713.82,2026-08-31,715.0,2.009,2.04,2.02,89645,3474,0.1925,-0.6318,0.11016,-0.8445,0.067
2026-08-31 14:33:53,713.82,2026-08-31,716.0,2.67,2.7,2.66,55073,1206,0.188,-0.7399,0.09705,-0.505,0.0577
2026-08-31 14:33:53,713.82,2026-08-31,717.0,3.41,3.59,3.52,12918,846,0.1942,-0.8188,0.0763,-0.32,0.0468
2026-08-31 14:33:53,713.82,2026-08-31,718.0,4.22,4.53,4.26,5363,2164,0.2,-0.8778,0.05697,-0.195,0.036
2026-08-31 14:33:53,713.82,2026-08-31,719.0,5.12,5.38,5.26,1742,1467,0.1876,-0.9381,0.03658,-0.07,0.0217
2026-08-31 14:33:53,713.82,2026-08-31,720.0,6.05,6.34,6.06,1644,3552,0.1802,-0.9721,0.01999,-0.015,0.0114
2026-08-31 14:33:53,713.82,2026-08-31,721.0,7.16,7.55,7.35,365,840,0.2887,-0.9169,0.02981,-0.175,0.0272
2026-08-31 14:33:53,713.82,2026-08-31,722.0,8.039,8.38,8.27,263,460,0.2413,-0.9705,0.01563,-0.0295,0.0119
2026-08-31 14:33:53,713.82,2026-08-31,723.0,9.32,9.45,9.08,164,382,0.3597,-0.922,0.0228,-0.205,0.0259
2026-08-31 14:33:53,713.82,2026-08-31,724.0,10.02,11.58,10.25,365,635,0.5173,-0.8623,0.02393,-0.62,0.0391
2026-08-31 14:33:53,713.82,2026-08-31,725.0,11.13,11.37,11.06,456,4343,0.3466,-0.9635,0.01298,-0.07,0.0142
2026-08-31 14:33:53,713.82,2026-08-31,726.0,12.18,12.39,12.15,132,512,0.3951,-0.9565,0.01312,-0.105,0.0164
2026-08-31 14:33:53,713.82,2026-08-31,727.0,12.88,14.94,13.14,25,387,0.6481,-0.8694,0.01842,-0.73,0.0377
2026-08-31 14:33:53,713.82,2026-08-31,728.0,13.87,15.9,14,8,359,0.6748,-0.877,0.01696,-0.705,0.0362
2026-08-31 14:34:55,713.55,2026-08-31,699.0,0.04,0.05,0.04,923,717,0.3952,-0.0177,0.00622,-0.045,0.0077
2026-08-31 14:34:55,713.55,2026-08-31,700.0,0.05,0.06,0.05,2661,30098,0.3832,-0.0217,0.00764,-0.055,0.0092
2026-08-31 14:34:55,713.55,2026-08-31,701.0,0.05,0.06,0.05,952,506,0.359,-0.023,0.00856,-0.055,0.0097
2026-08-31 14:34:55,713.55,2026-08-31,702.0,0.01,0.06,0.05,2911,487,0.3122,-0.0175,0.00778,-0.035,0.0077
2026-08-31 14:34:55,713.55,2026-08-31,703.0,0.02,0.07,0.04,4215,1050,0.3002,-0.0226,0.01008,-0.045,0.0095
2026-08-31 14:34:55,713.55,2026-08-31,704.0,0.07,0.08,0.07,3979,1012,0.301,-0.0353,0.01458,-0.075,0.0138
2026-08-31 14:34:55,713.55,2026-08-31,705.0,0.04,0.05,0.08,10454,9235,0.2514,-0.0264,0.01373,-0.045,0.0109
2026-08-31 14:34:55,713.55,2026-08-31,706.0,0.06,0.07,0.1,4343,571,0.2417,-0.0378,0.01918,-0.065,0.0146
2026-08-31 14:34:55,713.55,2026-08-31,707.0,0.1,0.15,0.1,11606,772,0.2465,-0.0653,0.02908,-0.125,0.0226
2026-08-31 14:34:55,713.55,2026-08-31,708.0,0.19,0.2,0.19,8350,1167,0.2423,-0.0963,0.03969,-0.195,0.0303
2026-08-31 14:34:55,713.55,2026-08-31,709.0,0.27,0.28,0.23,14377,1006,0.2322,-0.1324,0.05198,-0.275,0.038
2026-08-31 14:34:55,713.55,2026-08-31,710.0,0.35,0.4,0.39,44588,9454,0.219,-0.178,0.06702,-0.375,0.0462
2026-08-31 14:34:55,713.55,2026-08-31,711.0,0.57,0.58,0.57,33423,757,0.2162,-0.2504,0.08288,-0.575,0.0564
2026-08-31 14:34:55,713.55,2026-08-31,712.0,0.81,0.82,0.76,47421,2080,0.2076,-0.334,0.09878,-0.815,0.0646
2026-08-31 14:34:55,713.55,2026-08-31,713.0,1.12,1.17,1.15,70508,782,0.1994,-0.4351,0.11124,-1.145,0.0699
2026-08-31 14:34:55,713.55,2026-08-31,714.0,1.62,1.63,1.62,100842,2032,0.1975,-0.5479,0.11298,-1.175,0.0703
2026-08-31 14:34:55,713.55,2026-08-31,715.0,2.14,2.23,2.14,90122,3474,0.1906,-0.6629,0.10798,-0.735,0.0648
2026-08-31 14:34:55,713.55,2026-08-31,716.0,2.92,2.95,2.87,55204,1206,0.1968,-0.7557,0.08989,-0.485,0.0557
2026-08-31 14:34:55,713.55,2026-08-31,717.0,3.66,3.72,3.6,12950,846,0.1865,-0.8489,0.07078,-0.24,0.0416
2026-08-31 14:34:55,713.55,2026-08-31,718.0,4.45,4.69,4.33,5437,2164,0.1861,-0.9091,0.04953,-0.12,0.029
2026-08-31 14:34:55,713.55,2026-08-31,719.0,5.28,5.66,5.3,1744,1467,0.1665,-0.9663,0.02535,-0.02,0.0133
2026-08-31 14:34:55,713.55,2026-08-31,720.0,6.26,6.48,6.06,1646,3552,,,,,
2026-08-31 14:34:55,713.55,2026-08-31,721.0,7.41,7.48,7.35,365,840,0.1855,-0.9876,0.00978,0.005,0.0057
2026-08-31 14:34:55,713.55,2026-08-31,722.0,8.24,8.68,8.1,264,460,0.2289,-0.9803,0.01175,-0.01,0.0085
2026-08-31 14:34:55,713.55,2026-08-31,723.0,9.16,9.6,9.08,164,382,,,,,
2026-08-31 14:34:55,713.55,2026-08-31,724.0,10.3,11.51,10.29,385,635,0.4824,-0.8856,0.02258,-0.455,0.0343
2026-08-31 14:34:55,713.55,2026-08-31,725.0,11.4,11.7,11.06,456,4343,0.3737,-0.9559,0.01405,-0.1,0.0165
2026-08-31 14:34:55,713.55,2026-08-31,726.0,12.29,12.67,12.15,132,512,0.3436,-0.9782,0.00856,-0.03,0.0093
2026-08-31 14:34:55,713.55,2026-08-31,727.0,13.09,15.14,13.14,25,387,0.6408,-0.8774,0.01786,-0.665,0.036
2026-08-31 14:34:55,713.55,2026-08-31,728.0,14.12,15.95,14,8,359,0.6502,-0.8907,0.01623,-0.585,0.0332
2026-08-31 14:35:57,713.88,2026-08-31,699.0,0.04,0.05,0.03,923,717,0.4033,-0.0174,0.00601,-0.045,0.0076
2026-08-31 14:35:57,713.88,2026-08-31,700.0,0.04,0.05,0.02,2716,30098,0.3799,-0.0183,0.00668,-0.045,0.008
2026-08-31 14:35:57,713.88,2026-08-31,701.0,0.05,0.06,0.05,952,506,0.3674,-0.0226,0.00824,-0.055,0.0095
2026-08-31 14:35:57,713.88,2026-08-31,702.0,0.01,0.02,0.05,2913,487,0.2858,-0.0088,0.00472,-0.015,0.0042
2026-08-31 14:35:57,713.88,2026-08-31,703.0,0.01,0.06,0.04,4222,1050,0.2969,-0.0183,0.00852,-0.035,0.0079
2026-08-31 14:35:57,713.88,2026-08-31,704.0,0.06,0.07,0.06,3982,1012,0.3022,-0.0311,0.01309,-0.065,0.0124
2026-08-31 14:35:57,713.88,2026-08-31,705.0,0.03,0.04,0.08,10456,9235,0.2496,-0.0213,0.01156,-0.035,0.0091
2026-08-31 14:35:57,713.88,2026-08-31,706.0,0.05,0.06,0.08,4848,571,0.2432,-0.0325,0.01686,-0.055,0.0129
2026-08-31 14:35:57,713.88,2026-08-31,707.0,0.07,0.12,0.13,11646,772,0.2417,-0.0525,0.02503,-0.095,0.019
2026-08-31 14:35:57,713.88,2026-08-31,708.0,0.11,0.16,0.15,8412,1167,0.2311,-0.0737,0.03409,-0.135,0.0247
2026-08-31 14:35:57,713.88,2026-08-31,709.0,0.16,0.21,0.21,14617,1006,0.2177,-0.1009,0.04577,-0.185,0.0313
2026-08-31 14:35:57,713.88,2026-08-31,710.0,0.29,0.3,0.3,44993,9454,0.2135,-0.1501,0.06166,-0.295,0.0414
2026-08-31 14:35:57,713.88,2026-08-31,711.0,0.42,0.43,0.39,33695,757,0.2028,-0.2088,0.07991,-0.425,0.0509
2026-08-31 14:35:57,713.88,2026-08-31,712.0,0.56,0.57,0.6,48007,2080,0.184,-0.2792,0.10305,-0.565,0.0596
2026-08-31 14:35:57,713.88,2026-08-31,713.0,0.87,0.88,0.87,72042,782,0.1803,-0.3883,0.11989,-0.875,0.0679
2026-08-31 14:35:57,713.88,2026-08-31,714.0,1.19,1.25,1.21,102311,2032,0.1653,-0.5129,0.13611,-1.1,0.0707
2026-08-31 14:35:57,713.88,2026-08-31,715.0,1.73,1.74,1.76,90982,3474,0.1551,-0.6548,0.13403,-0.615,0.0653
2026-08-31 14:35:57,713.88,2026-08-31,716.0,2.37,2.4,2.43,55449,1206,0.1417,-0.7977,0.11223,-0.265,0.05
2026-08-31 14:35:57,713.88,2026-08-31,717.0,3.04,3.11,3.15,12984,846,,,,,
2026-08-31 14:35:57,713.88,2026-08-31,718.0,4,4.24,4.08,5465,2164,0.117,-0.9756,0.02761,0.0,0.0101
2026-08-31 14:35:57,713.88,2026-08-31,719.0,4.86,5.24,5.39,1756,1467,,,,,
2026-08-31 14:35:57,713.88,2026-08-31,720.0,5.71,6.03,6.1,1660,3552,,,,,
2026-08-31 14:35:57,713.88,2026-08-31,721.0,6.89,7.49,7.35,365,840,0.2418,-0.9501,0.02403,-0.07,0.0183
2026-08-31 14:35:57,713.88,2026-08-31,722.0,7.62,8.61,8.01,269,460,0.2,-0.9884,0.00856,0.005,0.0054
2026-08-31 14:35:57,713.88,2026-08-31,723.0,8.62,9.66,9.06,170,382,0.2556,-0.9768,0.01209,-0.02,0.0097
2026-08-31 14:35:57,713.88,2026-08-31,724.0,9.57,11.48,9.57,418,635,0.4574,-0.8909,0.02305,-0.405,0.0331
2026-08-31 14:35:57,713.88,2026-08-31,725.0,10.87,11.39,11.06,456,4343,0.2893,-0.984,0.0078,-0.01,0.0071
2026-08-31 14:35:57,713.88,2026-08-31,726.0,11.85,12.41,12.15,132,512,0.3113,-0.985,0.00686,-0.01,0.0067
2026-08-31 14:35:57,713.88,2026-08-31,727.0,12.85,15.05,13.14,25,387,0.674,-0.8596,0.01867,-0.83,0.0395
2026-08-31 14:35:57,713.88,2026-08-31,728.0,13.84,15.95,14,8,359,0.6938,-0.8701,0.01719,-0.775,0.0375
2026-08-31 14:36:59,714.55,2026-08-31,700.0,0.01,0.05,0.04,2725,30098,0.3739,-0.013,0.00504,-0.03,0.0059
2026-08-31 14:36:59,714.55,2026-08-31,701.0,0.04,0.05,0.05,952,506,0.3724,-0.0187,0.00692,-0.045,0.0081
2026-08-31 14:36:59,714.55,2026-08-31,702.0,0.01,0.06,0.05,2915,487,0.336,-0.0164,0.00686,-0.035,0.0072
2026-08-31 14:36:59,714.55,2026-08-31,703.0,0.05,0.06,0.05,4224,1050,0.3353,-0.0245,0.00967,-0.055,0.0102
2026-08-31 14:36:59,714.55,2026-08-31,704.0,0.06,0.07,0.05,3985,1012,0.3195,-0.0296,0.0119,-0.065,0.0119
2026-08-31 14:36:59,714.55,2026-08-31,705.0,0.03,0.04,0.08,10456,9235,0.2658,-0.0202,0.01036,-0.035,0.0086
2026-08-31 14:36:59,714.55,2026-08-31,706.0,0.04,0.09,0.07,5252,571,0.2683,-0.0345,0.01608,-0.065,0.0135
2026-08-31 14:36:59,714.55,2026-08-31,707.0,0.1,0.11,0.07,11671,772,0.2661,-0.0527,0.02283,-0.105,0.0191
2026-08-31 14:36:59,714.55,2026-08-31,708.0,0.13,0.14,0.14,8535,1167,0.2514,-0.0686,0.02969,-0.135,0.0234
2026-08-31 14:36:59,714.55,2026-08-31,709.0,0.14,0.19,0.15,14651,1006,0.2326,-0.0868,0.03836,-0.165,0.028
2026-08-31 14:36:59,714.55,2026-08-31,710.0,0.25,0.26,0.26,45742,9454,0.2274,-0.1268,0.0516,-0.255,0.0368
2026-08-31 14:36:59,714.55,2026-08-31,711.0,0.32,0.33,0.37,33848,757,0.2085,-0.1654,0.06731,-0.325,0.044
2026-08-31 14:36:59,714.55,2026-08-31,712.0,0.53,0.54,0.54,48435,2080,0.2097,-0.243,0.08425,-0.535,0.0554
2026-08-31 14:36:59,714.55,2026-08-31,713.0,0.73,0.74,0.74,73298,782,0.1957,-0.3239,0.10366,-0.735,0.0637
2026-08-31 14:36:59,714.55,2026-08-31,714.0,1.07,1.08,1.08,103706,2032,0.19,-0.4314,0.11675,-1.075,0.0696
2026-08-31 14:36:59,714.55,2026-08-31,715.0,1.56,1.57,1.56,91519,3474,0.1897,-0.5495,0.11779,-1.12,0.0701
2026-08-31 14:36:59,714.55,2026-08-31,716.0,2.08,2.1,2.19,55598,1206,0.1767,-0.6748,0.11505,-0.645,0.0638
2026-08-31 14:36:59,714.55,2026-08-31,717.0,2.81,2.83,2.86,13014,846,0.1766,-0.78,0.09467,-0.375,0.0525
2026-08-31 14:36:59,714.55,2026-08-31,718.0,3.63,3.7,3.66,5493,2164,0.1818,-0.8552,0.0707,-0.22,0.0403
2026-08-31 14:36:59,714.55,2026-08-31,719.0,4.53,4.63,4.55,1757,1467,0.1913,-0.9032,0.05059,-0.135,0.0304
2026-08-31 14:36:59,714.55,2026-08-31,720.0,5.38,5.58,6.1,1660,3552,0.1768,-0.9576,0.02885,-0.035,0.016
2026-08-31 14:36:59,714.55,2026-08-31,721.0,6.31,7.62,7.35,365,840,0.362,-0.8397,0.03799,-0.52,0.0432
2026-08-31 14:36:59,714.55,2026-08-31,722.0,7.39,8.72,7.35,272,460,0.4195,-0.8387,0.03292,-0.61,0.0433
2026-08-31 14:36:59,714.55,2026-08-31,723.0,8.36,9.49,8.38,172,382,0.423,-0.8671,0.02867,-0.48,0.0381
2026-08-31 14:36:59,714.55,2026-08-31,724.0,9.33,11.2,9.57,430,635,0.541,-0.8341,0.026,-0.82,0.0441
2026-08-31 14:36:59,714.55,2026-08-31,725.0,10.35,10.63,10.56,457,4343,0.3105,-0.9698,0.01243,-0.045,0.0121
2026-08-31 14:36:59,714.55,2026-08-31,726.0,11.47,11.67,12.15,132,512,0.3885,-0.9497,0.01505,-0.125,0.0183
2026-08-31 14:36:59,714.55,2026-08-31,727.0,12.11,14.24,13.14,25,387,0.6255,-0.8652,0.01957,-0.73,0.0384
2026-08-31 14:36:59,714.55,2026-08-31,728.0,13.4,15.6,14,8,359,0.7406,-0.8425,0.01836,-1.055,0.0427
2026-08-31 14:36:59,714.55,2026-08-31,729.0,14.5,16.26,15.49,12,431,0.7468,-0.8578,0.01701,-0.935,0.0398
2026-08-31 14:38:03,714.5,2026-08-31,700.0,0.04,0.05,0.04,3013,30098,0.3955,-0.0177,0.00625,-0.045,0.0077
2026-08-31 14:38:03,714.5,2026-08-31,701.0,0.04,0.05,0.05,952,506,0.3719,-0.0187,0.00696,-0.045,0.0081
2026-08-31 14:38:03,714.5,2026-08-31,702.0,0.05,0.06,0.05,2935,487,0.3592,-0.0231,0.00861,-0.055,0.0097
2026-08-31 14:38:03,714.5,2026-08-31,703.0,0.05,0.06,0.05,4250,1050,0.3347,-0.0246,0.00974,-0.055,0.0102
2026-08-31 14:38:03,714.5,2026-08-31,704.0,0.06,0.07,0.03,3990,1012,0.3188,-0.0297,0.01198,-0.065,0.0119
2026-08-31 14:38:03,714.5,2026-08-31,705.0,0.07,0.08,0.06,10506,9235,0.3008,-0.0355,0.01468,-0.075,0.0138
2026-08-31 14:38:03,714.5,2026-08-31,706.0,0.04,0.09,0.09,5416,571,0.2675,-0.0347,0.01621,-0.065,0.0136
2026-08-31 14:38:03,714.5,2026-08-31,707.0,0.1,0.11,0.11,11830,772,0.2651,-0.053,0.02303,-0.105,0.0191
2026-08-31 14:38:03,714.5,2026-08-31,708.0,0.13,0.14,0.14,8713,1167,0.2503,-0.069,0.02998,-0.135,0.0235
2026-08-31 14:38:03,714.5,2026-08-31,709.0,0.14,0.19,0.19,14863,1006,0.2314,-0.0873,0.03878,-0.165,0.0281
2026-08-31 14:38:03,714.5,2026-08-31,710.0,0.26,0.27,0.27,46766,9454,0.2288,-0.1304,0.0524,-0.265,0.0375
2026-08-31 14:38:03,714.5,2026-08-31,711.0,0.34,0.39,0.34,37047,757,0.2159,-0.1767,0.06794,-0.365,0.0459
2026-08-31 14:38:03,714.5,2026-08-31,712.0,0.51,0.56,0.56,50478,2080,0.2078,-0.2449,0.08553,-0.535,0.0556
2026-08-31 14:38:03,714.5,2026-08-31,713.0,0.77,0.78,0.78,77574,782,0.1997,-0.332,0.10278,-0.775,0.0642
2026-08-31 14:38:03,714.5,2026-08-31,714.0,1.16,1.17,1.17,109365,2032,0.2001,-0.4402,0.11145,-1.165,0.0698
2026-08-31 14:38:03,714.5,2026-08-31,715.0,1.64,1.65,1.65,94443,3474,0.1975,-0.5532,0.11319,-1.15,0.0699
2026-08-31 14:38:03,714.5,2026-08-31,716.0,2.23,2.26,2.26,56268,1206,0.1959,-0.6639,0.10529,-0.75,0.0645
2026-08-31 14:38:03,714.5,2026-08-31,717.0,2.95,2.98,2.99,13210,846,0.1967,-0.7606,0.08926,-0.47,0.0549
2026-08-31 14:38:03,714.5,2026-08-31,718.0,3.61,3.76,3.75,5542,2164,0.1762,-0.8667,0.06909,-0.19,0.0381
2026-08-31 14:38:03,714.5,2026-08-31,719.0,4.54,4.78,4.69,1762,1467,0.2027,-0.8929,0.05145,-0.165,0.0326
2026-08-31 14:38:03,714.5,2026-08-31,720.0,5.46,5.74,5.54,1679,3552,0.2128,-0.9261,0.03721,-0.105,0.0248
2026-08-31 14:38:03,714.5,2026-08-31,721.0,6.44,6.56,7.35,365,840,0.1785,-0.9793,0.01576,-0.005,0.0088
2026-08-31 14:38:03,714.5,2026-08-31,722.0,7.24,7.52,7.52,273,460,,,,,
2026-08-31 14:38:03,714.5,2026-08-31,723.0,8.43,9.73,8.38,173,382,0.4521,-0.8528,0.0288,-0.585,0.0407
2026-08-31 14:38:03,714.5,2026-08-31,724.0,9.27,11.24,9.56,451,635,0.5299,-0.8409,0.02587,-0.76,0.0429
2026-08-31 14:38:03,714.5,2026-08-31,725.0,10.2,10.76,10.61,469,4343,0.2177,-0.9965,0.00272,0.015,0.0019
2026-08-31 14:38:03,714.5,2026-08-31,726.0,11.2,11.54,12.15,132,512,,,,,
2026-08-31 14:38:03,714.5,2026-08-31,727.0,11.86,13.86,13.14,25,387,0.5202,-0.9095,0.01772,-0.365,0.0288
2026-08-31 14:38:03,714.5,2026-08-31,728.0,13.33,15.21,14,8,359,0.6743,-0.8668,0.01804,-0.775,0.038
2026-08-31 14:38:03,714.5,2026-08-31,729.0,14.37,15.26,15.49,12,431,0.5635,-0.9238,0.01438,-0.32,0.0253
2026-08-31 14:39:05,714.53,2026-08-31,700.0,0.01,0.02,0.04,3014,30098,0.3429,-0.0075,0.00343,-0.015,0.0037
2026-08-31 14:39:05,714.53,2026-08-31,701.0,0.04,0.05,0.05,958,506,0.3731,-0.0187,0.00694,-0.045,0.0081
2026-08-31 14:39:05,714.53,2026-08-31,702.0,0.01,0.06,0.05,2935,487,0.3366,-0.0164,0.00688,-0.035,0.0072
2026-08-31 14:39:05,714.53,2026-08-31,703.0,0.05,0.06,0.05,4272,1050,0.3358,-0.0245,0.00971,-0.055,0.0102
2026-08-31 14:39:05,714.53,2026-08-31,704.0,0.06,0.07,0.06,3995,1012,0.3199,-0.0297,0.01194,-0.065,0.0119
2026-08-31 14:39:05,714.53,2026-08-31,705.0,0.03,0.08,0.04,10538,9235,0.2861,-0.0283,0.01283,-0.055,0.0114
2026-08-31 14:39:05,714.53,2026-08-31,706.0,0.04,0.05,0.09,5972,571,0.2521,-0.0265,0.01378,-0.045,0.0108
2026-08-31 14:39:05,714.53,2026-08-31,707.0,0.06,0.07,0.11,12008,772,0.2424,-0.0379,0.01925,-0.065,0.0145
2026-08-31 14:39:05,714.53,2026-08-31,708.0,0.14,0.15,0.15,8802,1167,0.2557,-0.0721,0.03042,-0.145,0.0242
2026-08-31 14:39:05,714.53,2026-08-31,709.0,0.19,0.2,0.2,15006,1006,0.2429,-0.0965,0.03986,-0.195,0.0302
2026-08-31 14:39:05,714.53,2026-08-31,710.0,0.27,0.28,0.28,47123,9454,0.2327,-0.1327,0.05223,-0.275,0.0379
2026-08-31 14:39:05,714.53,2026-08-31,711.0,0.36,0.41,0.41,37820,757,0.2215,-0.1808,0.06728,-0.385,0.0465
2026-08-31 14:39:05,714.53,2026-08-31,712.0,0.54,0.59,0.59,51670,2080,0.2147,-0.2494,0.08374,-0.565,0.056
2026-08-31 14:39:05,714.53,2026-08-31,713.0,0.84,0.85,0.86,80453,782,0.2122,-0.3386,0.09762,-0.845,0.0646
2026-08-31 14:39:05,714.53,2026-08-31,714.0,1.17,1.23,1.23,111425,2032,0.2071,-0.4393,0.10786,-1.2,0.0696
2026-08-31 14:39:05,714.53,2026-08-31,715.0,1.7,1.72,1.73,95487,3474,0.2091,-0.5476,0.10728,-1.24,0.0699
2026-08-31 14:39:05,714.53,2026-08-31,716.0,2.32,2.35,2.35,56546,1206,0.2126,-0.6494,0.09874,-0.865,0.0654
2026-08-31 14:39:05,714.53,2026-08-31,717.0,3.01,3.04,3.07,13248,846,0.2111,-0.7434,0.08643,-0.555,0.0569
2026-08-31 14:39:05,714.53,2026-08-31,718.0,3.93,4.019,4.019,5596,2164,0.2447,-0.7864,0.06738,-0.5045,0.0514
2026-08-31 14:39:05,714.53,2026-08-31,719.0,4.69,4.81,4.87,1765,1467,0.2339,-0.8581,0.0544,-0.28,0.0397
2026-08-31 14:39:05,714.53,2026-08-31,720.0,5.58,5.79,5.82,1684,3552,0.2501,-0.89,0.04258,-0.215,0.0332
2026-08-31 14:39:05,714.53,2026-08-31,721.0,6.46,6.86,7.35,388,840,0.2741,-0.9072,0.03433,-0.19,0.0293
2026-08-31 14:39:05,714.53,2026-08-31,722.0,7.42,7.75,7.52,276,460,0.2747,-0.9363,0.02572,-0.115,0.022
2026-08-31 14:39:05,714.53,2026-08-31,723.0,8.48,9.17,8.9,173,382,0.3903,-0.8877,0.0277,-0.355,0.0337
2026-08-31 14:39:05,714.53,2026-08-31,724.0,9.44,11.27,9.56,456,635,0.5583,-0.8278,0.02588,-0.885,0.045
2026-08-31 14:39:05,714.53,2026-08-31,725.0,10.44,10.81,10.61,477,4343,0.3781,-0.9394,0.01799,-0.155,0.0212
2026-08-31 14:39:05,714.53,2026-08-31,726.0,11.53,11.76,12.15,132,512,0.4156,-0.9386,0.01653,-0.175,0.0214
2026-08-31 14:39:05,714.53,2026-08-31,727.0,12.51,13.86,13.14,25,387,0.6245,-0.8669,0.0195,-0.715,0.038
2026-08-31 14:39:05,714.53,2026-08-31,728.0,13.33,14.88,14,8,359,0.6362,-0.8807,0.01774,-0.635,0.0352
2026-08-31 14:39:05,714.53,2026-08-31,729.0,14.73,15.32,15.49,12,431,0.645,-0.8941,0.01607,-0.555,0.0323
2026-08-31 14:40:07,714.44,2026-08-31,700.0,0.04,0.05,0.04,3061,30098,0.3952,-0.0178,0.00629,-0.045,0.0077
2026-08-31 14:40:07,714.44,2026-08-31,701.0,0.04,0.05,0.03,961,506,0.3716,-0.0188,0.00701,-0.045,0.0081
2026-08-31 14:40:07,714.44,2026-08-31,702.0,0.05,0.06,0.05,2998,487,0.3588,-0.0232,0.00867,-0.055,0.0097
2026-08-31 14:40:07,714.44,2026-08-31,703.0,0.01,0.06,0.06,4366,1050,0.3117,-0.0176,0.0079,-0.035,0.0076
2026-08-31 14:40:07,714.44,2026-08-31,704.0,0.06,0.07,0.07,4071,1012,0.3182,-0.0299,0.01209,-0.065,0.0119
2026-08-31 14:40:07,714.44,2026-08-31,705.0,0.03,0.08,0.08,10956,9235,0.2843,-0.0285,0.013,-0.055,0.0115
2026-08-31 14:40:07,714.44,2026-08-31,706.0,0.08,0.09,0.09,6033,571,0.2803,-0.0422,0.01821,-0.085,0.0159
2026-08-31 14:40:07,714.44,2026-08-31,707.0,0.06,0.11,0.07,12174,772,0.2531,-0.0461,0.02166,-0.085,0.017
2026-08-31 14:40:07,714.44,2026-08-31,708.0,0.1,0.15,0.15,8927,1167,0.2449,-0.066,0.02973,-0.125,0.0226
2026-08-31 14:40:07,714.44,2026-08-31,709.0,0.15,0.2,0.2,15683,1006,0.2337,-0.0912,0.03982,-0.175,0.0289
2026-08-31 14:40:07,714.44,2026-08-31,710.0,0.26,0.27,0.27,49345,9454,0.2272,-0.1315,0.05323,-0.265,0.0376
2026-08-31 14:40:07,714.44,2026-08-31,711.0,0.38,0.39,0.39,39217,757,0.2184,-0.1831,0.06892,-0.385,0.0467
2026-08-31 14:40:07,714.44,2026-08-31,712.0,0.55,0.56,0.56,55045,2080,0.2092,-0.2512,0.08642,-0.555,0.0562
2026-08-31 14:40:07,714.44,2026-08-31,713.0,0.78,0.79,0.82,86729,782,0.1986,-0.3374,0.10439,-0.785,0.0644
2026-08-31 14:40:07,714.44,2026-08-31,714.0,1.14,1.15,1.15,115454,2032,0.1938,-0.4456,0.11572,-1.145,0.0697
2026-08-31 14:40:07,714.44,2026-08-31,715.0,1.66,1.68,1.68,97065,3474,0.1965,-0.5611,0.11381,-1.11,0.0695
2026-08-31 14:40:07,714.44,2026-08-31,716.0,2.28,2.3,2.3,57248,1206,0.1968,-0.6706,0.10435,-0.73,0.0638
2026-08-31 14:40:07,714.44,2026-08-31,717.0,3.06,3.09,3.05,13470,846,0.2083,-0.7544,0.08573,-0.515,0.0555
2026-08-31 14:40:07,714.44,2026-08-31,718.0,3.79,3.86,3.95,5640,2164,0.1978,-0.844,0.06866,-0.265,0.0422
2026-08-31 14:40:07,714.44,2026-08-31,719.0,4.7,4.84,4.82,1779,1467,0.2188,-0.8793,0.0521,-0.21,0.0354
2026-08-31 14:40:07,714.44,2026-08-31,720.0,5.7,5.96,5.79,1698,3552,0.2695,-0.8768,0.04292,-0.27,0.0359
2026-08-31 14:40:07,714.44,2026-08-31,721.0,6.65,6.89,6.87,390,840,0.2841,-0.9027,0.03436,-0.21,0.0303
2026-08-31 14:40:07,714.44,2026-08-31,722.0,7.42,7.82,7.78,276,460,0.249,-0.956,0.02121,-0.06,0.0164
2026-08-31 14:40:07,714.44,2026-08-31,723.0,8.57,8.91,8.93,174,382,0.3345,-0.9245,0.02413,-0.18,0.0251
2026-08-31 14:40:07,714.44,2026-08-31,724.0,9.34,11.18,10.26,456,635,0.5198,-0.8481,0.02567,-0.7,0.0414
2026-08-31 14:40:07,714.44,2026-08-31,725.0,10.7,10.98,10.91,477,4343,0.4325,-0.9142,0.02055,-0.28,0.0276
2026-08-31 14:40:07,714.44,2026-08-31,726.0,11.49,11.84,12.15,132,512,0.382,-0.955,0.01407,-0.105,0.0167
2026-08-31 14:40:07,714.44,2026-08-31,727.0,12.46,13.89,13.14,25,387,0.6014,-0.8781,0.01908,-0.615,0.0357
2026-08-31 14:40:07,714.44,2026-08-31,728.0,13.52,15.14,14,8,359,0.6774,-0.8676,0.01794,-0.77,0.0378
2026-08-31 14:40:07,714.44,2026-08-31,729.0,14.51,15.48,15.49,12,431,0.6097,-0.9086,0.01529,-0.435,0.029
2026-08-31 14:41:08,714.54,2026-08-31,700.0,0.04,0.05,0.04,3114,30098,0.3982,-0.0177,0.00623,-0.045,0.0077
2026-08-31 14:41:08,714.54,2026-08-31,701.0,0.01,0.05,0.04,961,506,0.3534,-0.0137,0.00564,-0.03,0.0062
2026-08-31 14:41:08,714.54,2026-08-31,702.0,0.01,0.02,0.05,3048,487,0.3019,-0.0085,0.00433,-0.015,0.0041
2026-08-31 14:41:08,714.54,2026-08-31,703.0,0.05,0.06,0.06,4474,1050,0.3371,-0.0245,0.00969,-0.055,0.0101
2026-08-31 14:41:08,714.54,2026-08-31,704.0,0.06,0.07,0.03,4081,1012,0.3212,-0.0297,0.01192,-0.065,0.0119
2026-08-31 14:41:08,714.54,2026-08-31,705.0,0.07,0.08,0.04,10981,9235,0.3032,-0.0354,0.01461,-0.075,0.0137
2026-08-31 14:41:08,714.54,2026-08-31,706.0,0.08,0.09,0.09,6199,571,0.2834,-0.0418,0.01792,-0.085,0.0157
2026-08-31 14:41:08,714.54,2026-08-31,707.0,0.06,0.11,0.11,12307,772,0.2562,-0.0457,0.02127,-0.085,0.0169
2026-08-31 14:41:08,714.54,2026-08-31,708.0,0.13,0.14,0.13,9097,1167,0.2526,-0.0687,0.02978,-0.135,0.0233
2026-08-31 14:41:08,714.54,2026-08-31,709.0,0.18,0.19,0.19,15918,1006,0.2406,-0.0933,0.03939,-0.185,0.0294
2026-08-31 14:41:08,714.54,2026-08-31,710.0,0.25,0.26,0.26,50266,9454,0.2284,-0.127,0.05179,-0.255,0.0366
2026-08-31 14:41:08,714.54,2026-08-31,711.0,0.36,0.37,0.37,40113,757,0.2183,-0.1758,0.06731,-0.365,0.0455
2026-08-31 14:41:08,714.54,2026-08-31,712.0,0.5,0.55,0.51,57167,2080,0.2086,-0.2417,0.08502,-0.525,0.0549
2026-08-31 14:41:08,714.54,2026-08-31,713.0,0.75,0.77,0.77,91143,782,0.2002,-0.328,0.10256,-0.76,0.0636
2026-08-31 14:41:08,714.54,2026-08-31,714.0,1.15,1.16,1.13,116910,2032,0.2019,-0.4365,0.11086,-1.155,0.0693
2026-08-31 14:41:08,714.54,2026-08-31,715.0,1.58,1.65,1.66,97549,3474,0.1969,-0.5497,0.11421,-1.155,0.0697
2026-08-31 14:41:08,714.54,2026-08-31,716.0,2.18,2.21,2.21,57439,1206,0.1927,-0.6636,0.10762,-0.735,0.0642
2026-08-31 14:41:08,714.54,2026-08-31,717.0,2.93,3.01,2.86,13519,846,0.2033,-0.7513,0.08856,-0.51,0.0558
2026-08-31 14:41:08,714.54,2026-08-31,718.0,3.77,3.87,3.78,5693,2164,0.2156,-0.8165,0.06999,-0.36,0.0467
2026-08-31 14:41:08,714.54,2026-08-31,719.0,4.65,4.69,4.53,1793,1467,0.2157,-0.8777,0.0534,-0.21,0.0357
2026-08-31 14:41:08,714.54,2026-08-31,720.0,5.37,5.69,5.55,1708,3552,0.1973,-0.9404,0.0341,-0.07,0.0208
2026-08-31 14:41:08,714.54,2026-08-31,721.0,6.42,6.81,6.82,390,840,0.2622,-0.9172,0.03307,-0.155,0.0268
2026-08-31 14:41:08,714.54,2026-08-31,722.0,7.26,7.72,7.78,278,460,0.226,-0.9685,0.01784,-0.03,0.0125
2026-08-31 14:41:08,714.54,2026-08-31,723.0,8.29,8.84,8.93,175,382,0.2986,-0.9444,0.02134,-0.105,0.0197
2026-08-31 14:41:08,714.54,2026-08-31,724.0,9.56,11.22,10.26,457,635,0.5696,-0.8235,0.02586,-0.93,0.0456
2026-08-31 14:41:08,714.54,2026-08-31,725.0,10.3,10.53,10.91,477,4343,,,,,
2026-08-31 14:41:08,714.54,2026-08-31,726.0,11.28,11.58,12.15,132,512,,,,,
2026-08-31 14:41:08,714.54,2026-08-31,727.0,12.11,14.04,13.14,25,387,0.5989,-0.8775,0.01925,-0.615,0.0357
2026-08-31 14:41:08,714.54,2026-08-31,728.0,13.33,15.09,14,8,359,0.6696,-0.869,0.01805,-0.75,0.0374
2026-08-31 14:41:08,714.54,2026-08-31,729.0,14.14,15.08,15.49,12,431,0.4858,-0.9522,0.01165,-0.15,0.0175
2026-08-31 14:42:10,714.68,2026-08-31,700.0,0.01,0.05,0.04,3114,30098,0.3797,-0.0129,0.00497,-0.03,0.0058
2026-08-31 14:42:10,714.68,2026-08-31,701.0,0.04,0.05,0.04,961,506,0.3784,-0.0185,0.00683,-0.045,0.008
2026-08-31 14:42:10,714.68,2026-08-31,702.0,0.05,0.06,0.05,3051,487,0.3657,-0.0228,0.00843,-0.055,0.0095
2026-08-31 14:42:10,714.68,2026-08-31,703.0,0.05,0.06,0.06,4476,1050,0.3411,-0.0243,0.00952,-0.055,0.01
2026-08-31 14:42:10,714.68,2026-08-31,704.0,0.02,0.03,0.07,4098,1012,0.2808,-0.0143,0.00738,-0.025,0.0064
2026-08-31 14:42:10,714.68,2026-08-31,705.0,0.07,0.08,0.08,11040,9235,0.3073,-0.035,0.01431,-0.075,0.0136
2026-08-31 14:42:10,714.68,2026-08-31,706.0,0.04,0.09,0.09,6332,571,0.2737,-0.0342,0.01575,-0.065,0.0133
2026-08-31 14:42:10,714.68,2026-08-31,707.0,0.06,0.07,0.11,12611,772,0.2475,-0.0373,0.01873,-0.065,0.0143
2026-08-31 14:42:10,714.68,2026-08-31,708.0,0.12,0.13,0.13,9253,1167,0.2527,-0.0644,0.02836,-0.125,0.0221
2026-08-31 14:42:10,714.68,2026-08-31,709.0,0.13,0.18,0.18,16112,1006,0.2347,-0.0823,0.03681,-0.155,0.0267
2026-08-31 14:42:10,714.68,2026-08-31,710.0,0.19,0.2,0.2,50878,9454,0.2161,-0.1068,0.04846,-0.195,0.0323
2026-08-31 14:42:10,714.68,2026-08-31,711.0,0.29,0.3,0.3,40831,757,0.2079,-0.1544,0.06507,-0.295,0.0418
2026-08-31 14:42:10,714.68,2026-08-31,712.0,0.49,0.5,0.46,58290,2080,0.2095,-0.2306,0.0826,-0.495,0.0534
2026-08-31 14:42:10,714.68,2026-08-31,713.0,0.68,0.69,0.69,93625,782,0.1956,-0.3096,0.10255,-0.685,0.062
2026-08-31 14:42:10,714.68,2026-08-31,714.0,1.01,1.02,1.02,117797,2032,0.1905,-0.4164,0.11651,-1.015,0.0686
2026-08-31 14:42:10,714.68,2026-08-31,715.0,1.47,1.52,1.52,98136,3474,0.1909,-0.5348,0.11844,-1.175,0.0698
2026-08-31 14:42:10,714.68,2026-08-31,716.0,2.04,2.06,2.09,57617,1206,0.1848,-0.6547,0.11349,-0.73,0.0648
2026-08-31 14:42:10,714.68,2026-08-31,717.0,2.74,2.78,2.78,13617,846,0.1847,-0.7597,0.09581,-0.44,0.0547
2026-08-31 14:42:10,714.68,2026-08-31,718.0,3.6,3.68,3.69,5706,2164,0.2018,-0.8228,0.07325,-0.32,0.0457
2026-08-31 14:42:10,714.68,2026-08-31,719.0,4.52,4.67,4.83,1793,1467,0.2283,-0.8568,0.05633,-0.275,0.0397
2026-08-31 14:42:10,714.68,2026-08-31,720.0,5.43,5.48,5.46,1710,3552,0.2202,-0.9135,0.04076,-0.135,0.0277
2026-08-31 14:42:10,714.68,2026-08-31,721.0,6.39,6.83,6.82,390,840,0.3016,-0.881,0.03752,-0.29,0.0349
2026-08-31 14:42:10,714.68,2026-08-31,722.0,7.26,7.63,7.55,278,460,0.2761,-0.9324,0.02694,-0.125,0.023
2026-08-31 14:42:10,714.68,2026-08-31,723.0,8.13,8.91,9.06,176,382,0.336,-0.9183,0.02558,-0.2,0.0265
2026-08-31 14:42:10,714.68,2026-08-31,724.0,9.16,9.49,10.87,457,635,0.2438,-0.9844,0.00916,-0.005,0.0069
2026-08-31 14:42:10,714.68,2026-08-31,725.0,10.4,10.7,10.91,479,4343,0.4076,-0.9226,0.02024,-0.23,0.0255
2026-08-31 14:42:10,714.68,2026-08-31,726.0,11.31,11.32,12.15,132,512,0.2685,-0.9912,0.00506,0.005,0.0042
2026-08-31 14:42:10,714.68,2026-08-31,727.0,12.27,13.22,13.14,25,387,0.5381,-0.9003,0.01852,-0.425,0.0308
2026-08-31 14:42:10,714.68,2026-08-31,728.0,12.98,15.07,14,8,359,0.6536,-0.8727,0.01815,-0.705,0.0366
2026-08-31 14:42:10,714.68,2026-08-31,729.0,14.34,15.56,15.49,12,431,0.6657,-0.8853,0.01656,-0.63,0.034
2026-08-31 14:43:14,714.87,2026-08-31,700.0,0.01,0.05,0.04,3133,30098,0.3845,-0.0127,0.00487,-0.03,0.0058
2026-08-31 14:43:14,714.87,2026-08-31,701.0,0.01,0.05,0.04,961,506,0.3619,-0.0135,0.00543,-0.03,0.0061
2026-08-31 14:43:14,714.87,2026-08-31,702.0,0.01,0.02,0.05,3051,487,0.3098,-0.0083,0.00416,-0.015,0.004
2026-08-31 14:43:14,714.87,2026-08-31,703.0,0.05,0.06,0.05,4477,1050,0.3462,-0.024,0.0093,-0.055,0.0099
2026-08-31 14:43:14,714.87,2026-08-31,704.0,0.05,0.06,0.06,4100,1012,0.3214,-0.0256,0.01059,-0.055,0.0105
2026-08-31 14:43:14,714.87,2026-08-31,705.0,0.07,0.08,0.04,11068,9235,0.3127,-0.0345,0.01392,-0.075,0.0134
2026-08-31 14:43:14,714.87,2026-08-31,706.0,0.07,0.08,0.08,6337,571,0.2863,-0.0373,0.01619,-0.075,0.0143
2026-08-31 14:43:14,714.87,2026-08-31,707.0,0.09,0.1,0.1,12702,772,0.2719,-0.0479,0.02088,-0.095,0.0175
2026-08-31 14:43:14,714.87,2026-08-31,708.0,0.07,0.12,0.12,9316,1167,0.2439,-0.0526,0.02508,-0.095,0.0188
2026-08-31 14:43:14,714.87,2026-08-31,709.0,0.15,0.16,0.16,16836,1006,0.241,-0.0806,0.03535,-0.155,0.0262
2026-08-31 14:43:14,714.87,2026-08-31,710.0,0.17,0.18,0.22,51746,9454,0.2163,-0.0976,0.04544,-0.175,0.0303
2026-08-31 14:43:14,714.87,2026-08-31,711.0,0.26,0.27,0.31,41330,757,0.2078,-0.1419,0.0616,-0.265,0.0394
2026-08-31 14:43:14,714.87,2026-08-31,712.0,0.4,0.41,0.41,59849,2080,0.2004,-0.2045,0.08069,-0.405,0.0498
2026-08-31 14:43:14,714.87,2026-08-31,713.0,0.65,0.66,0.66,95654,782,0.2004,-0.2946,0.09802,-0.655,0.0605
2026-08-31 14:43:14,714.87,2026-08-31,714.0,0.92,0.93,0.93,118861,2032,0.1889,-0.3934,0.11599,-0.925,0.0675
2026-08-31 14:43:14,714.87,2026-08-31,715.0,1.38,1.39,1.39,98440,3474,0.1897,-0.5124,0.11975,-1.255,0.07
2026-08-31 14:43:14,714.87,2026-08-31,716.0,1.95,1.97,1.98,57658,1206,0.19,-0.6296,0.11329,-0.83,0.0663
2026-08-31 14:43:14,714.87,2026-08-31,717.0,2.58,2.61,2.61,13671,846,0.1811,-0.7458,0.10089,-0.465,0.0563
2026-08-31 14:43:14,714.87,2026-08-31,718.0,3.35,3.48,3.49,5719,2164,0.1871,-0.8273,0.07787,-0.285,0.0449
2026-08-31 14:43:14,714.87,2026-08-31,719.0,4.27,4.41,4.83,1804,1467,0.2049,-0.8723,0.05809,-0.21,0.0367
2026-08-31 14:43:14,714.87,2026-08-31,720.0,5.11,5.2,5.22,1721,3552,0.1634,-0.962,0.02885,-0.025,0.0145
2026-08-31 14:43:14,714.87,2026-08-31,721.0,5.88,6.69,6.82,450,840,0.2527,-0.9145,0.03524,-0.155,0.0274
2026-08-31 14:43:14,714.87,2026-08-31,722.0,7.07,7.61,7.63,283,460,0.3033,-0.9075,0.03113,-0.21,0.0291
2026-08-31 14:43:14,714.87,2026-08-31,723.0,8.13,8.95,8.98,178,382,0.3971,-0.8755,0.02947,-0.41,0.036
2026-08-31 14:43:14,714.87,2026-08-31,724.0,8.86,9.64,10.87,457,635,0.3257,-0.943,0.02003,-0.12,0.0201
2026-08-31 14:43:14,714.87,2026-08-31,725.0,10.01,10.16,10.45,479,4343,,,,,
2026-08-31 14:43:14,714.87,2026-08-31,726.0,10.77,11.4,12.15,132,512,,,,,
2026-08-31 14:43:14,714.87,2026-08-31,727.0,12.01,13.2,13.14,25,387,0.5486,-0.8926,0.01919,-0.475,0.0324
2026-08-31 14:43:14,714.87,2026-08-31,728.0,13.09,14.8,14,8,359,0.6772,-0.861,0.01864,-0.815,0.0389
2026-08-31 14:43:14,714.87,2026-08-31,729.0,13.78,15.22,15.49,12,431,0.5759,-0.9155,0.01533,-0.37,0.0272
2026-08-31 14:44:15,714.96,2026-08-31,700.0,0.01,0.02,0.02,3134,30098,0.3546,-0.0073,0.00327,-0.015,0.0036
2026-08-31 14:44:15,714.96,2026-08-31,701.0,0.01,0.05,0.04,961,506,0.3645,-0.0134,0.00538,-0.03,0.006
2026-08-31 14:44:15,714.96,2026-08-31,702.0,0.01,0.02,0.05,3051,487,0.3122,-0.0082,0.00411,-0.015,0.0039
2026-08-31 14:44:15,714.96,2026-08-31,703.0,0.05,0.06,0.02,4480,1050,0.349,-0.0239,0.0092,-0.055,0.0099
2026-08-31 14:44:15,714.96,2026-08-31,704.0,0.01,0.06,0.02,4166,1012,0.3022,-0.0182,0.00843,-0.035,0.0078
2026-08-31 14:44:15,714.96,2026-08-31,705.0,0.06,0.07,0.07,11082,9235,0.3077,-0.0309,0.01294,-0.065,0.0122
2026-08-31 14:44:15,714.96,2026-08-31,706.0,0.03,0.04,0.08,6340,571,0.2544,-0.0212,0.0114,-0.035,0.0089
2026-08-31 14:44:15,714.96,2026-08-31,707.0,0.09,0.1,0.1,12810,772,0.2748,-0.0475,0.02056,-0.095,0.0173
2026-08-31 14:44:15,714.96,2026-08-31,708.0,0.11,0.12,0.08,9357,1167,0.2569,-0.0593,0.02621,-0.115,0.0207
2026-08-31 14:44:15,714.96,2026-08-31,709.0,0.1,0.15,0.15,16867,1006,0.232,-0.0695,0.03284,-0.125,0.0234
2026-08-31 14:44:15,714.96,2026-08-31,710.0,0.16,0.21,0.21,52140,9454,0.2228,-0.0999,0.04491,-0.185,0.0307
2026-08-31 14:44:15,714.96,2026-08-31,711.0,0.25,0.26,0.26,41819,757,0.2088,-0.1372,0.06,-0.255,0.0385
2026-08-31 14:44:15,714.96,2026-08-31,712.0,0.43,0.44,0.44,60962,2080,0.2104,-0.2084,0.07781,-0.435,0.0503
2026-08-31 14:44:15,714.96,2026-08-31,713.0,0.64,0.65,0.65,97075,782,0.2035,-0.2884,0.09575,-0.645,0.0598
2026-08-31 14:44:15,714.96,2026-08-31,714.0,0.93,0.94,0.94,119729,2032,0.196,-0.3868,0.11148,-0.935,0.0671
2026-08-31 14:44:15,714.96,2026-08-31,715.0,1.34,1.36,1.36,98900,3474,0.1916,-0.5016,0.11884,-1.31,0.0699
2026-08-31 14:44:15,714.96,2026-08-31,716.0,1.85,1.9,1.88,57704,1206,0.186,-0.6221,0.11665,-0.835,0.0666
2026-08-31 14:44:15,714.96,2026-08-31,717.0,2.6,2.62,2.62,13741,846,0.1954,-0.7214,0.09805,-0.57,0.0588
2026-08-31 14:44:15,714.96,2026-08-31,718.0,3.29,3.43,3.4,5727,2164,0.1915,-0.8149,0.07957,-0.32,0.0468
2026-08-31 14:44:15,714.96,2026-08-31,719.0,4.22,4.32,4.4,1814,1467,0.2074,-0.8645,0.05989,-0.23,0.0381
2026-08-31 14:44:15,714.96,2026-08-31,720.0,5.05,5.19,5.34,1733,3552,0.1906,-0.9327,0.03902,-0.08,0.0228
2026-08-31 14:44:15,714.96,2026-08-31,721.0,6.02,6.79,6.79,451,840,0.3132,-0.8619,0.04019,-0.365,0.0386
2026-08-31 14:44:15,714.96,2026-08-31,722.0,6.91,7.55,7.71,283,460,0.2939,-0.912,0.03101,-0.19,0.028
2026-08-31 14:44:15,714.96,2026-08-31,723.0,8.05,8.98,8.98,181,382,0.4121,-0.8643,0.03018,-0.475,0.0382
2026-08-31 14:44:15,714.96,2026-08-31,724.0,8.84,9.7,10.87,457,635,0.3701,-0.9159,0.02381,-0.23,0.0271
2026-08-31 14:44:15,714.96,2026-08-31,725.0,9.85,10.11,10.45,489,4343,,,,,
2026-08-31 14:44:15,714.96,2026-08-31,726.0,10.97,11.39,12.15,132,512,0.3894,-0.945,0.01631,-0.14,0.0195
2026-08-31 14:44:15,714.96,2026-08-31,727.0,11.89,13.03,13.14,25,387,0.5291,-0.8996,0.01898,-0.42,0.0308
2026-08-31 14:44:15,714.96,2026-08-31,728.0,13.2,15.22,14,8,359,0.7603,-0.8313,0.0189,-1.17,0.0441
2026-08-31 14:44:15,714.96,2026-08-31,729.0,14.23,15.2,15.49,12,431,0.6714,-0.8794,0.01706,-0.675,0.0352
2026-08-31 14:45:17,714.86,2026-08-31,700.0,0.04,0.05,0.04,3136,30098,0.4082,-0.0174,0.00602,-0.045,0.0075
2026-08-31 14:45:17,714.86,2026-08-31,701.0,0.04,0.05,0.04,961,506,0.3844,-0.0184,0.0067,-0.045,0.0079
2026-08-31 14:45:17,714.86,2026-08-31,702.0,0.01,0.05,0.05,3068,487,0.3399,-0.0143,0.0061,-0.03,0.0063
2026-08-31 14:45:17,714.86,2026-08-31,703.0,0.01,0.06,0.06,4705,1050,0.324,-0.0171,0.00748,-0.035,0.0074
2026-08-31 14:45:17,714.86,2026-08-31,704.0,0.01,0.02,0.02,4214,1012,0.2675,-0.0095,0.00544,-0.015,0.0045
2026-08-31 14:45:17,714.86,2026-08-31,705.0,0.06,0.07,0.07,11093,9235,0.3056,-0.0311,0.01313,-0.065,0.0123
2026-08-31 14:45:17,714.86,2026-08-31,706.0,0.07,0.08,0.08,6373,571,0.287,-0.0373,0.01621,-0.075,0.0142
2026-08-31 14:45:17,714.86,2026-08-31,707.0,0.05,0.1,0.1,12880,772,0.2602,-0.0406,0.01917,-0.075,0.0153
2026-08-31 14:45:17,714.86,2026-08-31,708.0,0.12,0.13,0.12,9413,1167,0.2592,-0.0633,0.0274,-0.125,0.0217
2026-08-31 14:45:17,714.86,2026-08-31,709.0,0.12,0.17,0.17,16998,1006,0.2375,-0.0773,0.03486,-0.145,0.0253
2026-08-31 14:45:17,714.86,2026-08-31,710.0,0.22,0.23,0.23,53023,9454,0.2323,-0.1136,0.04736,-0.225,0.0337
2026-08-31 14:45:17,714.86,2026-08-31,711.0,0.33,0.34,0.34,42278,757,0.2251,-0.161,0.06204,-0.335,0.0427
2026-08-31 14:45:17,714.86,2026-08-31,712.0,0.45,0.5,0.5,61859,2080,0.2144,-0.2202,0.07898,-0.475,0.0518
2026-08-31 14:45:17,714.86,2026-08-31,713.0,0.71,0.72,0.72,98183,782,0.2105,-0.3038,0.09498,-0.715,0.0612
2026-08-31 14:45:17,714.86,2026-08-31,714.0,1,1.05,1.05,120465,2032,0.2038,-0.4017,0.1085,-1.025,0.0677
2026-08-31 14:45:17,714.86,2026-08-31,715.0,1.44,1.45,1.49,99055,3474,0.1982,-0.513,0.115,-1.305,0.0697
2026-08-31 14:45:17,714.86,2026-08-31,716.0,2.08,2.1,2.07,57805,1206,0.2092,-0.6193,0.10409,-0.95,0.0666
2026-08-31 14:45:17,714.86,2026-08-31,717.0,2.75,2.76,2.75,13800,846,0.2082,-0.7188,0.09264,-0.615,0.059
2026-08-31 14:45:17,714.86,2026-08-31,718.0,3.45,3.6,3.7,5752,2164,0.2094,-0.8017,0.07603,-0.385,0.0487
2026-08-31 14:45:17,714.86,2026-08-31,719.0,4.32,4.48,4.42,1830,1467,0.2191,-0.8576,0.05875,-0.26,0.0394
2026-08-31 14:45:17,714.86,2026-08-31,720.0,5.1,5.44,5.26,1743,3552,0.2137,-0.9135,0.04218,-0.13,0.0276
2026-08-31 14:45:17,714.86,2026-08-31,721.0,6.06,6.84,6.64,453,840,0.3025,-0.8746,0.039,-0.31,0.0361
2026-08-31 14:45:17,714.86,2026-08-31,722.0,7.01,7.73,7.71,284,460,0.3113,-0.9027,0.03158,-0.23,0.0301
2026-08-31 14:45:17,714.86,2026-08-31,723.0,8.07,8.9,9.17,181,382,0.38,-0.8869,0.02885,-0.345,0.0335
2026-08-31 14:45:17,714.86,2026-08-31,724.0,9.07,9.62,10.87,457,635,0.3642,-0.9219,0.02291,-0.205,0.0255
2026-08-31 14:45:17,714.86,2026-08-31,725.0,10.19,10.39,10.32,489,4343,0.3698,-0.9393,0.01857,-0.15,0.021
2026-08-31 14:45:17,714.86,2026-08-31,726.0,11.27,11.46,12.15,132,512,0.4318,-0.9273,0.01831,-0.225,0.0242
2026-08-31 14:45:17,714.86,2026-08-31,727.0,12.3,13.31,13.14,25,387,0.6055,-0.8702,0.01995,-0.665,0.037
2026-08-31 14:45:17,714.86,2026-08-31,728.0,13.29,14.9,14,8,359,0.7148,-0.8488,0.01875,-0.955,0.041
2026-08-31 14:45:17,714.86,2026-08-31,729.0,14.03,15.34,15.49,12,431,0.6371,-0.8938,0.01645,-0.545,0.0321
2026-08-31 14:46:19,714.76,2026-08-31,700.0,0.04,0.05,0.03,3137,30098,0.4067,-0.0175,0.00608,-0.045,0.0075
2026-08-31 14:46:19,714.76,2026-08-31,701.0,0.04,0.05,0.04,963,506,0.3828,-0.0185,0.00677,-0.045,0.0079
2026-08-31 14:46:19,714.76,2026-08-31,702.0,0.04,0.05,0.05,3068,487,0.3588,-0.0196,0.00758,-0.045,0.0083
2026-08-31 14:46:19,714.76,2026-08-31,703.0,0.01,0.06,0.05,4808,1050,0.3223,-0.0172,0.00757,-0.035,0.0074
2026-08-31 14:46:19,714.76,2026-08-31,704.0,0.05,0.06,0.06,4214,1012,0.3204,-0.0258,0.01074,-0.055,0.0105
2026-08-31 14:46:19,714.76,2026-08-31,705.0,0.02,0.03,0.07,11617,9235,0.2615,-0.0154,0.00847,-0.025,0.0068
2026-08-31 14:46:19,714.76,2026-08-31,706.0,0.03,0.04,0.08,6374,571,0.2506,-0.0215,0.01178,-0.035,0.009
2026-08-31 14:46:19,714.76,2026-08-31,707.0,0.09,0.1,0.1,12891,772,0.2703,-0.0483,0.02126,-0.095,0.0175
2026-08-31 14:46:19,714.76,2026-08-31,708.0,0.11,0.12,0.12,9602,1167,0.2521,-0.0604,0.02721,-0.115,0.0209
2026-08-31 14:46:19,714.76,2026-08-31,709.0,0.15,0.16,0.16,17439,1006,0.2389,-0.0815,0.03615,-0.155,0.0263
2026-08-31 14:46:19,714.76,2026-08-31,710.0,0.17,0.18,0.22,53537,9454,0.2139,-0.099,0.04663,-0.175,0.0304
2026-08-31 14:46:19,714.76,2026-08-31,711.0,0.27,0.32,0.32,42869,757,0.2124,-0.1526,0.06359,-0.295,0.0412
2026-08-31 14:46:19,714.76,2026-08-31,712.0,0.42,0.47,0.47,62808,2080,0.2049,-0.2171,0.08213,-0.445,0.0513
2026-08-31 14:46:19,714.76,2026-08-31,713.0,0.68,0.69,0.65,100192,782,0.2012,-0.3048,0.09968,-0.685,0.0611
2026-08-31 14:46:19,714.76,2026-08-31,714.0,1,1.01,1.01,121248,2032,0.1955,-0.4083,0.11378,-1.005,0.0678
2026-08-31 14:46:19,714.76,2026-08-31,715.0,1.43,1.44,1.44,99796,3474,0.19,-0.5251,0.12,-1.2,0.0695
2026-08-31 14:46:19,714.76,2026-08-31,716.0,1.95,1.97,1.98,57846,1206,0.1806,-0.6492,0.11754,-0.725,0.0647
2026-08-31 14:46:19,714.76,2026-08-31,717.0,2.69,2.72,2.73,13889,846,0.1876,-0.7496,0.09709,-0.47,0.0555
2026-08-31 14:46:19,714.76,2026-08-31,718.0,3.43,3.52,3.59,5756,2164,0.1815,-0.8438,0.07555,-0.24,0.0418
2026-08-31 14:46:19,714.76,2026-08-31,719.0,4.28,4.48,4.39,1840,1467,0.1903,-0.8966,0.05409,-0.145,0.0314
2026-08-31 14:46:19,714.76,2026-08-31,720.0,5.26,5.49,5.57,1745,3552,0.2207,-0.9109,0.04183,-0.14,0.0281
2026-08-31 14:46:19,714.76,2026-08-31,721.0,6.18,6.53,6.45,453,840,0.2436,-0.9268,0.03267,-0.12,0.0243
2026-08-31 14:46:19,714.76,2026-08-31,722.0,7.23,7.78,7.79,284,460,0.3279,-0.8944,0.0319,-0.27,0.0319
2026-08-31 14:46:19,714.76,2026-08-31,723.0,8.07,9.06,9.17,181,382,0.3792,-0.8905,0.02831,-0.33,0.0327
2026-08-31 14:46:19,714.76,2026-08-31,724.0,8.97,9.85,10.87,457,635,0.3555,-0.9294,0.02178,-0.175,0.0236
2026-08-31 14:46:19,714.76,2026-08-31,725.0,10.13,10.57,10.32,490,4343,0.3553,-0.9485,0.01701,-0.115,0.0184
2026-08-31 14:46:19,714.76,2026-08-31,726.0,11.12,11.4,12.15,132,512,0.3144,-0.9785,0.00938,-0.025,0.009
2026-08-31 14:46:19,714.76,2026-08-31,727.0,12.27,13.25,13.14,26,387,0.57,-0.8869,0.01927,-0.525,0.0335
2026-08-31 14:46:19,714.76,2026-08-31,728.0,12.99,15.03,14,8,359,0.6737,-0.8654,0.01842,-0.775,0.0378
2026-08-31 14:46:19,714.76,2026-08-31,729.0,13.88,15.18,15.49,12,431,0.5527,-0.9267,0.01441,-0.295,0.0243
2026-08-31 14:47:21,714.58,2026-08-31,700.0,0.04,0.05,0.04,3263,30098,0.403,-0.0177,0.0062,-0.045,0.0076
2026-08-31 14:47:21,714.58,2026-08-31,701.0,0.01,0.02,0.04,975,506,0.3272,-0.0079,0.00382,-0.015,0.0038
2026-08-31 14:47:21,714.58,2026-08-31,702.0,0.01,0.05,0.04,3090,487,0.3347,-0.0145,0.00631,-0.03,0.0064
2026-08-31 14:47:21,714.58,2026-08-31,703.0,0.01,0.02,0.04,4809,1050,0.2841,-0.009,0.00492,-0.015,0.0042
2026-08-31 14:47:21,714.58,2026-08-31,704.0,0.05,0.06,0.02,4215,1012,0.3164,-0.0262,0.01101,-0.055,0.0106
2026-08-31 14:47:21,714.58,2026-08-31,705.0,0.06,0.07,0.07,11635,9235,0.2995,-0.0318,0.01368,-0.065,0.0124
2026-08-31 14:47:21,714.58,2026-08-31,706.0,0.07,0.08,0.04,6388,571,0.2806,-0.0382,0.01696,-0.075,0.0145
2026-08-31 14:47:21,714.58,2026-08-31,707.0,0.05,0.06,0.1,12903,772,0.2396,-0.0334,0.01782,-0.055,0.013
2026-08-31 14:47:21,714.58,2026-08-31,708.0,0.11,0.12,0.12,9649,1167,0.2472,-0.0616,0.02822,-0.115,0.0212
2026-08-31 14:47:21,714.58,2026-08-31,709.0,0.16,0.17,0.13,17479,1006,0.2372,-0.0865,0.03815,-0.165,0.0275
2026-08-31 14:47:21,714.58,2026-08-31,710.0,0.18,0.19,0.19,53798,9454,0.2114,-0.1048,0.04929,-0.185,0.0316
2026-08-31 14:47:21,714.58,2026-08-31,711.0,0.32,0.33,0.33,43087,757,0.2129,-0.1648,0.06686,-0.325,0.0432
2026-08-31 14:47:21,714.58,2026-08-31,712.0,0.47,0.49,0.49,63182,2080,0.204,-0.2313,0.08567,-0.48,0.0531
2026-08-31 14:47:21,714.58,2026-08-31,713.0,0.66,0.67,0.67,101144,782,0.1889,-0.3127,0.10754,-0.665,0.0617
2026-08-31 14:47:21,714.58,2026-08-31,714.0,0.99,1,1.01,121785,2032,0.183,-0.4247,0.12285,-0.995,0.0683
2026-08-31 14:47:21,714.58,2026-08-31,715.0,1.44,1.46,1.51,99942,3474,0.1781,-0.5506,0.12748,-1.03,0.069
2026-08-31 14:47:21,714.58,2026-08-31,716.0,2.06,2.09,2.11,57874,1206,0.1798,-0.6717,0.11533,-0.655,0.063
2026-08-31 14:47:21,714.58,2026-08-31,717.0,2.78,2.82,2.85,13948,846,0.1793,-0.7779,0.09528,-0.38,0.0519
2026-08-31 14:47:21,714.58,2026-08-31,718.0,3.61,3.71,3.68,5758,2164,0.1887,-0.8484,0.0714,-0.24,0.0409
2026-08-31 14:47:21,714.58,2026-08-31,719.0,4.42,4.67,4.57,1850,1467,0.19,-0.907,0.05023,-0.125,0.029
2026-08-31 14:47:21,714.58,2026-08-31,720.0,5.29,5.54,5.51,1747,3552,0.1425,-0.9848,0.01544,0.005,0.0067
2026-08-31 14:47:21,714.58,2026-08-31,721.0,6.23,6.43,6.45,453,840,,,,,
2026-08-31 14:47:21,714.58,2026-08-31,722.0,7.16,7.63,7.79,284,460,,,,,
2026-08-31 14:47:21,714.58,2026-08-31,723.0,8.43,9.12,9.17,182,382,0.3937,-0.8874,0.02788,-0.355,0.0333
2026-08-31 14:47:21,714.58,2026-08-31,724.0,9.2,9.69,10.87,457,635,0.2717,-0.9755,0.01212,-0.025,0.01
2026-08-31 14:47:21,714.58,2026-08-31,725.0,10.4,10.64,10.44,490,4343,0.3525,-0.9532,0.01593,-0.1,0.0171
2026-08-31 14:47:21,714.58,2026-08-31,726.0,11.01,11.48,12.15,132,512,,,,,
2026-08-31 14:47:21,714.58,2026-08-31,727.0,12.41,13.52,13.31,26,387,0.5831,-0.8855,0.01905,-0.545,0.0337
2026-08-31 14:47:21,714.58,2026-08-31,728.0,13.15,14.72,14,8,359,0.6067,-0.894,0.01731,-0.515,0.0319
2026-08-31 14:47:21,714.58,2026-08-31,729.0,14.02,14.99,15.49,12,431,0.4467,-0.9661,0.00967,-0.085,0.0131
2026-08-31 14:48:25,714.53,2026-08-31,700.0,0.04,0.05,0.04,3265,30098,0.4027,-0.0177,0.00623,-0.045,0.0076
2026-08-31 14:48:25,714.53,2026-08-31,701.0,0.04,0.05,0.04,975,506,0.3787,-0.0187,0.00694,-0.045,0.008
2026-08-31 14:48:25,714.53,2026-08-31,702.0,0.04,0.05,0.04,3100,487,0.3546,-0.0198,0.00779,-0.045,0.0084
2026-08-31 14:48:25,714.53,2026-08-31,703.0,0.01,0.02,0.05,4811,1050,0.2837,-0.009,0.00495,-0.015,0.0042
2026-08-31 14:48:25,714.53,2026-08-31,704.0,0.01,0.06,0.02,4215,1012,0.2942,-0.0187,0.00895,-0.035,0.008
2026-08-31 14:48:25,714.53,2026-08-31,705.0,0.02,0.03,0.07,11641,9235,0.2571,-0.0157,0.00878,-0.025,0.0068
2026-08-31 14:48:25,714.53,2026-08-31,706.0,0.03,0.08,0.08,6417,571,0.2648,-0.0307,0.01504,-0.055,0.0121
2026-08-31 14:48:25,714.53,2026-08-31,707.0,0.09,0.1,0.1,12931,772,0.2648,-0.0493,0.02215,-0.095,0.0178
2026-08-31 14:48:25,714.53,2026-08-31,708.0,0.08,0.09,0.13,9731,1167,0.231,-0.0504,0.02584,-0.085,0.0181
2026-08-31 14:48:25,714.53,2026-08-31,709.0,0.16,0.17,0.17,17534,1006,0.2362,-0.087,0.03853,-0.165,0.0275
2026-08-31 14:48:25,714.53,2026-08-31,710.0,0.19,0.24,0.24,54149,9454,0.2194,-0.1152,0.05092,-0.215,0.0338
2026-08-31 14:48:25,714.53,2026-08-31,711.0,0.29,0.34,0.34,43394,757,0.2092,-0.1633,0.06773,-0.315,0.0429
2026-08-31 14:48:25,714.53,2026-08-31,712.0,0.49,0.5,0.46,63671,2080,0.2052,-0.2361,0.0863,-0.495,0.0536
2026-08-31 14:48:25,714.53,2026-08-31,713.0,0.69,0.7,0.7,102546,782,0.1918,-0.3198,0.10714,-0.695,0.0622
2026-08-31 14:48:25,714.53,2026-08-31,714.0,1.02,1.07,1.07,122428,2032,0.1878,-0.4318,0.12032,-1.045,0.0684
2026-08-31 14:48:25,714.53,2026-08-31,715.0,1.54,1.55,1.57,100170,3474,0.1886,-0.5532,0.12049,-1.08,0.0688
2026-08-31 14:48:25,714.53,2026-08-31,716.0,2.08,2.15,2.11,57880,1206,0.1816,-0.6755,0.11383,-0.65,0.0626
2026-08-31 14:48:25,714.53,2026-08-31,717.0,2.91,2.92,2.89,14003,846,0.1948,-0.7637,0.09094,-0.45,0.0536
2026-08-31 14:48:25,714.53,2026-08-31,718.0,3.61,3.72,3.83,5764,2164,0.1805,-0.8627,0.06993,-0.2,0.0382
2026-08-31 14:48:25,714.53,2026-08-31,719.0,4.43,4.7,4.85,1862,1467,0.1827,-0.9181,0.04761,-0.1,0.0263
2026-08-31 14:48:25,714.53,2026-08-31,720.0,5.52,5.73,5.64,1761,3552,0.2357,-0.9066,0.04069,-0.16,0.029
2026-08-31 14:48:25,714.53,2026-08-31,721.0,6.51,7.61,6.45,453,840,0.3865,-0.8289,0.03779,-0.595,0.0442
2026-08-31 14:48:25,714.53,2026-08-31,722.0,7.44,8.22,7.99,288,460,0.365,-0.8774,0.03198,-0.365,0.0353
2026-08-31 14:48:25,714.53,2026-08-31,723.0,8.22,9.04,9.14,183,382,0.3297,-0.9279,0.02396,-0.165,0.0239
2026-08-31 14:48:25,714.53,2026-08-31,724.0,9.4,9.98,10.87,457,635,0.3838,-0.9194,0.0224,-0.225,0.026
2026-08-31 14:48:25,714.53,2026-08-31,725.0,10.2,10.57,10.44,490,4343,,,,,
2026-08-31 14:48:25,714.53,2026-08-31,726.0,11.23,11.82,12.15,132,512,0.3534,-0.9673,0.01188,-0.06,0.0127
2026-08-31 14:48:25,714.53,2026-08-31,727.0,12.32,13.33,13.31,26,387,0.5259,-0.9102,0.01771,-0.36,0.0282
2026-08-31 14:48:25,714.53,2026-08-31,728.0,13.57,14.8,14,8,359,0.6693,-0.872,0.01797,-0.72,0.0364
2026-08-31 14:48:25,714.53,2026-08-31,729.0,14.41,15.52,15.49,12,431,0.6366,-0.9004,0.0158,-0.5,0.0304
2026-08-31 14:49:27,714.18,2026-08-31,700.0,0.04,0.05,0.03,3266,30098,0.3952,-0.018,0.00646,-0.045,0.0077
2026-08-31 14:49:27,714.18,2026-08-31,701.0,0.01,0.05,0.04,1000,506,0.35,-0.014,0.00587,-0.03,0.0062
2026-08-31 14:49:27,714.18,2026-08-31,702.0,0.04,0.05,0.02,3191,487,0.3469,-0.0203,0.00813,-0.045,0.0085
2026-08-31 14:49:27,714.18,2026-08-31,703.0,0.05,0.06,0.04,4995,1050,0.3329,-0.0251,0.01015,-0.055,0.0102
2026-08-31 14:49:27,714.18,2026-08-31,704.0,0.01,0.02,0.02,4215,1012,0.2548,-0.01,0.00602,-0.015,0.0046
2026-08-31 14:49:27,714.18,2026-08-31,705.0,0.02,0.07,0.06,11646,9235,0.2729,-0.0251,0.01237,-0.045,0.0102
2026-08-31 14:49:27,714.18,2026-08-31,706.0,0.03,0.08,0.04,6420,571,0.2563,-0.0316,0.01597,-0.055,0.0123
2026-08-31 14:49:27,714.18,2026-08-31,707.0,0.05,0.06,0.1,13000,772,0.2301,-0.0348,0.01923,-0.055,0.0133
2026-08-31 14:49:27,714.18,2026-08-31,708.0,0.13,0.14,0.14,9785,1167,0.2453,-0.0713,0.03198,-0.135,0.0236
2026-08-31 14:49:27,714.18,2026-08-31,709.0,0.18,0.19,0.19,17614,1006,0.2323,-0.0972,0.04262,-0.185,0.0298
2026-08-31 14:49:27,714.18,2026-08-31,710.0,0.22,0.23,0.27,54473,9454,0.2106,-0.1239,0.05597,-0.225,0.0355
2026-08-31 14:49:27,714.18,2026-08-31,711.0,0.34,0.39,0.39,43957,757,0.2071,-0.1853,0.07431,-0.365,0.0464
2026-08-31 14:49:27,714.18,2026-08-31,712.0,0.57,0.58,0.57,64388,2080,0.2041,-0.2659,0.0926,-0.575,0.057
2026-08-31 14:49:27,714.18,2026-08-31,713.0,0.83,0.84,0.84,104196,782,0.1954,-0.3604,0.11032,-0.835,0.065
2026-08-31 14:49:27,714.18,2026-08-31,714.0,1.17,1.18,1.18,123508,2032,0.184,-0.4737,0.12464,-1.175,0.0691
2026-08-31 14:49:27,714.18,2026-08-31,715.0,1.69,1.7,1.7,100707,3474,0.1813,-0.599,0.1228,-0.88,0.0671
2026-08-31 14:49:27,714.18,2026-08-31,716.0,2.39,2.41,2.35,57957,1206,0.189,-0.7071,0.10485,-0.585,0.0597
2026-08-31 14:49:27,714.18,2026-08-31,717.0,3.18,3.21,3.1,14077,846,0.1966,-0.7926,0.08383,-0.38,0.0497
2026-08-31 14:49:27,714.18,2026-08-31,718.0,3.87,4.04,4.08,5768,2164,0.1759,-0.8921,0.06073,-0.14,0.0322
2026-08-31 14:49:27,714.18,2026-08-31,719.0,4.87,5.14,5.06,1863,1467,0.2247,-0.8893,0.04842,-0.19,0.0328
2026-08-31 14:49:27,714.18,2026-08-31,720.0,5.9,6.03,6.03,1767,3552,0.2437,-0.9134,0.03731,-0.15,0.0274
2026-08-31 14:49:27,714.18,2026-08-31,721.0,6.81,7.18,6.45,453,840,0.2859,-0.913,0.0319,-0.18,0.0275
2026-08-31 14:49:27,714.18,2026-08-31,722.0,7.85,7.98,7.99,288,460,0.2818,-0.9432,0.02334,-0.1,0.0198
2026-08-31 14:49:27,714.18,2026-08-31,723.0,8.82,8.88,9.14,183,382,0.267,-0.9702,0.01461,-0.035,0.0118
2026-08-31 14:49:27,714.18,2026-08-31,724.0,9.84,10.08,10.87,457,635,0.3608,-0.9393,0.01919,-0.145,0.0209
2026-08-31 14:49:27,714.18,2026-08-31,725.0,10.9,11.17,10.44,490,4343,0.4233,-0.9269,0.01889,-0.22,0.0241
2026-08-31 14:49:27,714.18,2026-08-31,726.0,11.5,11.75,12.15,132,512,,,,,
2026-08-31 14:49:27,714.18,2026-08-31,727.0,12.86,13.07,13.31,26,387,0.4474,-0.9482,0.01366,-0.15,0.0184
2026-08-31 14:49:27,714.18,2026-08-31,728.0,13.74,15.56,14,8,359,0.7137,-0.8631,0.01769,-0.835,0.0381
2026-08-31 14:49:27,714.18,2026-08-31,729.0,14.64,16.35,15.49,12,431,0.705,-0.8826,0.01609,-0.68,0.0342
2026-08-31 14:50:30,714.01,2026-08-31,700.0,0.04,0.05,0.02,3272,30098,0.3917,-0.0182,0.00659,-0.045,0.0077
2026-08-31 14:50:30,714.01,2026-08-31,701.0,0.04,0.05,0.04,1001,506,0.3676,-0.0193,0.00737,-0.045,0.0081
2026-08-31 14:50:30,714.01,2026-08-31,702.0,0.04,0.05,0.04,3192,487,0.3433,-0.0205,0.00831,-0.045,0.0086
2026-08-31 14:50:30,714.01,2026-08-31,703.0,0.05,0.06,0.02,5046,1050,0.3291,-0.0254,0.01039,-0.055,0.0103
2026-08-31 14:50:30,714.01,2026-08-31,704.0,0.01,0.02,0.05,4220,1012,0.2514,-0.0101,0.00619,-0.015,0.0047
2026-08-31 14:50:30,714.01,2026-08-31,705.0,0.02,0.07,0.06,11679,9235,0.269,-0.0254,0.01272,-0.045,0.0103
2026-08-31 14:50:30,714.01,2026-08-31,706.0,0.03,0.04,0.04,6427,571,0.234,-0.0231,0.01347,-0.035,0.0095
2026-08-31 14:50:30,714.01,2026-08-31,707.0,0.06,0.11,0.07,13009,772,0.2454,-0.048,0.0235,-0.085,0.0173
2026-08-31 14:50:30,714.01,2026-08-31,708.0,0.13,0.14,0.14,9877,1167,0.2404,-0.0726,0.03317,-0.135,0.0239
2026-08-31 14:50:30,714.01,2026-08-31,709.0,0.19,0.2,0.2,17697,1006,0.2303,-0.1025,0.04478,-0.195,0.031
2026-08-31 14:50:30,714.01,2026-08-31,710.0,0.28,0.29,0.29,55429,9454,0.2207,-0.1448,0.05955,-0.285,0.0395
2026-08-31 14:50:30,714.01,2026-08-31,711.0,0.37,0.38,0.42,44565,757,0.2025,-0.1929,0.07806,-0.375,0.0475
2026-08-31 14:50:30,714.01,2026-08-31,712.0,0.57,0.58,0.58,65202,2080,0.1962,-0.2743,0.09803,-0.575,0.0577
2026-08-31 14:50:30,714.01,2026-08-31,713.0,0.88,0.89,0.89,106091,782,0.1935,-0.3786,0.11344,-0.885,0.0659
2026-08-31 14:50:30,714.01,2026-08-31,714.0,1.3,1.32,1.35,124744,2032,0.1916,-0.4957,0.1202,-1.31,0.0691
2026-08-31 14:50:30,714.01,2026-08-31,715.0,1.87,1.89,1.89,101311,3474,0.1935,-0.6131,0.11419,-0.89,0.0663
2026-08-31 14:50:30,714.01,2026-08-31,716.0,2.52,2.59,2.58,58169,1206,0.1944,-0.7198,0.09998,-0.565,0.0583
2026-08-31 14:50:30,714.01,2026-08-31,717.0,3.36,3.37,3.32,14163,846,0.2032,-0.7996,0.07964,-0.375,0.0486
2026-08-31 14:50:30,714.01,2026-08-31,718.0,4.2,4.36,4.31,5775,2164,0.2231,-0.8466,0.06122,-0.29,0.041
2026-08-31 14:50:30,714.01,2026-08-31,719.0,5.01,5.19,5.06,1863,1467,0.2035,-0.9197,0.0423,-0.11,0.0258
2026-08-31 14:50:30,714.01,2026-08-31,720.0,5.99,6.11,6.24,1776,3552,0.21,-0.9487,0.02895,-0.06,0.0182
2026-08-31 14:50:30,714.01,2026-08-31,721.0,7.1,7.28,6.45,453,840,0.2991,-0.9091,0.03157,-0.2,0.0284
2026-08-31 14:50:30,714.01,2026-08-31,722.0,8.01,8.09,7.99,289,460,0.2645,-0.9579,0.0196,-0.06,0.0156
2026-08-31 14:50:30,714.01,2026-08-31,723.0,9.06,9.12,9.14,184,382,0.3152,-0.9483,0.01939,-0.1,0.0184
2026-08-31 14:50:30,714.01,2026-08-31,724.0,10.11,10.15,10.87,457,635,0.364,-0.9413,0.01857,-0.14,0.0203
2026-08-31 14:50:30,714.01,2026-08-31,725.0,10.8,11.1,10.44,492,4343,,,,,
2026-08-31 14:50:30,714.01,2026-08-31,726.0,11.82,12.06,12.15,132,512,,,,,
2026-08-31 14:50:30,714.01,2026-08-31,727.0,12.75,13.03,13.31,26,387,,,,,
2026-08-31 14:50:30,714.01,2026-08-31,728.0,13.8,15.51,14,8,359,0.6743,-0.8802,0.0171,-0.665,0.0346
2026-08-31 14:50:30,714.01,2026-08-31,729.0,14.87,16.49,15.49,12,431,0.7151,-0.8824,0.01591,-0.69,0.0342
2026-08-31 14:51:32,714.3,2026-08-31,700.0,0.04,0.05,0.02,3293,30098,0.3992,-0.0179,0.00639,-0.045,0.0076
2026-08-31 14:51:32,714.3,2026-08-31,701.0,0.04,0.05,0.04,1004,506,0.3751,-0.019,0.00713,-0.045,0.008
2026-08-31 14:51:32,714.3,2026-08-31,702.0,0.04,0.05,0.04,3192,487,0.3508,-0.0201,0.00802,-0.045,0.0084
2026-08-31 14:51:32,714.3,2026-08-31,703.0,0.05,0.06,0.05,5049,1050,0.3368,-0.0249,0.01,-0.055,0.0101
2026-08-31 14:51:32,714.3,2026-08-31,704.0,0.01,0.02,0.02,4244,1012,0.2581,-0.0099,0.00592,-0.015,0.0046
2026-08-31 14:51:32,714.3,2026-08-31,705.0,0.02,0.07,0.06,11899,9235,0.2766,-0.0248,0.01214,-0.045,0.0101
2026-08-31 14:51:32,714.3,2026-08-31,706.0,0.07,0.08,0.06,6437,571,0.275,-0.0391,0.01777,-0.075,0.0146
2026-08-31 14:51:32,714.3,2026-08-31,707.0,0.05,0.06,0.06,13130,772,0.2339,-0.0344,0.0188,-0.055,0.0132
2026-08-31 14:51:32,714.3,2026-08-31,708.0,0.12,0.13,0.09,10030,1167,0.2452,-0.067,0.03059,-0.125,0.0225
2026-08-31 14:51:32,714.3,2026-08-31,709.0,0.16,0.17,0.17,18005,1006,0.2299,-0.0894,0.04061,-0.165,0.028
2026-08-31 14:51:32,714.3,2026-08-31,710.0,0.2,0.21,0.21,55944,9454,0.2095,-0.1156,0.05374,-0.205,0.0337
2026-08-31 14:51:32,714.3,2026-08-31,711.0,0.31,0.32,0.32,47531,757,0.2012,-0.1691,0.07244,-0.315,0.0436
2026-08-31 14:51:32,714.3,2026-08-31,712.0,0.51,0.52,0.52,67813,2080,0.1994,-0.2497,0.09206,-0.515,0.055
2026-08-31 14:51:32,714.3,2026-08-31,713.0,0.77,0.78,0.77,109806,782,0.1931,-0.3456,0.11036,-0.775,0.0638
2026-08-31 14:51:32,714.3,2026-08-31,714.0,1.1,1.15,1.11,126277,2032,0.1851,-0.4596,0.12389,-1.125,0.0687
2026-08-31 14:51:32,714.3,2026-08-31,715.0,1.58,1.59,1.58,102083,3474,0.1757,-0.5879,0.128,-0.885,0.0674
2026-08-31 14:51:32,714.3,2026-08-31,716.0,2.27,2.29,2.32,58378,1206,0.1831,-0.7013,0.10955,-0.58,0.06
2026-08-31 14:51:32,714.3,2026-08-31,717.0,2.97,2.99,2.99,14201,846,0.1716,-0.8157,0.08965,-0.28,0.0461
2026-08-31 14:51:32,714.3,2026-08-31,718.0,3.82,4.04,3.89,5798,2164,0.1977,-0.8579,0.06571,-0.23,0.0389
2026-08-31 14:51:32,714.3,2026-08-31,719.0,4.69,5.07,4.8,1873,1467,0.2185,-0.891,0.04942,-0.18,0.0323
2026-08-31 14:51:32,714.3,2026-08-31,720.0,5.77,5.85,5.77,1785,3552,0.2254,-0.9262,0.03584,-0.11,0.0242
2026-08-31 14:51:32,714.3,2026-08-31,721.0,6.64,7.03,6.45,454,840,0.2659,-0.9254,0.03064,-0.135,0.0244
2026-08-31 14:51:32,714.3,2026-08-31,722.0,7.73,7.97,8.05,290,460,0.3022,-0.9275,0.02637,-0.15,0.0239
2026-08-31 14:51:32,714.3,2026-08-31,723.0,8.54,9.36,8.66,184,382,0.3713,-0.9097,0.02535,-0.25,0.0282
2026-08-31 14:51:32,714.3,2026-08-31,724.0,9.78,10.05,10.87,457,635,0.389,-0.9228,0.02151,-0.215,0.0251
2026-08-31 14:51:32,714.3,2026-08-31,725.0,10.59,10.84,10.86,494,4343,0.2923,-0.9818,0.00883,-0.015,0.0077
2026-08-31 14:51:32,714.3,2026-08-31,726.0,11.81,11.86,12.15,132,512,0.4098,-0.9483,0.01493,-0.135,0.0183
2026-08-31 14:51:32,714.3,2026-08-31,727.0,12.63,13.16,13.31,26,387,0.4685,-0.9388,0.01492,-0.195,0.0209
2026-08-31 14:51:32,714.3,2026-08-31,728.0,13.61,15.35,14,8,359,0.6973,-0.8675,0.01776,-0.78,0.0371
2026-08-31 14:51:32,714.3,2026-08-31,729.0,14.54,16.1,15.49,12,431,0.6855,-0.8882,0.01604,-0.62,0.0329
2026-08-31 14:52:34,714.25,2026-08-31,700.0,0.01,0.02,0.03,3325,30098,0.3446,-0.0076,0.00353,-0.015,0.0036
2026-08-31 14:52:34,714.25,2026-08-31,701.0,0.01,0.05,0.02,1024,506,0.3534,-0.0139,0.00582,-0.03,0.0061
2026-08-31 14:52:34,714.25,2026-08-31,702.0,0.04,0.05,0.02,3205,487,0.3503,-0.0202,0.00806,-0.045,0.0084
2026-08-31 14:52:34,714.25,2026-08-31,703.0,0.01,0.06,0.05,5049,1050,0.3136,-0.0178,0.0081,-0.035,0.0076
2026-08-31 14:52:34,714.25,2026-08-31,704.0,0.05,0.06,0.05,4251,1012,0.3109,-0.0268,0.01153,-0.055,0.0107
2026-08-31 14:52:34,714.25,2026-08-31,705.0,0.02,0.03,0.05,11911,9235,0.2524,-0.016,0.00919,-0.025,0.0069
2026-08-31 14:52:34,714.25,2026-08-31,706.0,0.03,0.08,0.07,6453,571,0.2594,-0.0314,0.01578,-0.055,0.0122
2026-08-31 14:52:34,714.25,2026-08-31,707.0,0.05,0.06,0.09,13213,772,0.2331,-0.0345,0.01897,-0.055,0.0132
2026-08-31 14:52:34,714.25,2026-08-31,708.0,0.12,0.13,0.12,10138,1167,0.2442,-0.0673,0.03087,-0.125,0.0225
2026-08-31 14:52:34,714.25,2026-08-31,709.0,0.17,0.18,0.17,18231,1006,0.2324,-0.0932,0.04152,-0.175,0.0288
2026-08-31 14:52:34,714.25,2026-08-31,710.0,0.2,0.25,0.2,56565,9454,0.2141,-0.1228,0.05496,-0.225,0.0351
2026-08-31 14:52:34,714.25,2026-08-31,711.0,0.35,0.36,0.35,48033,757,0.2088,-0.1808,0.07298,-0.355,0.0455
2026-08-31 14:52:34,714.25,2026-08-31,712.0,0.52,0.53,0.52,69201,2080,0.1995,-0.2536,0.09293,-0.525,0.0553
2026-08-31 14:52:34,714.25,2026-08-31,713.0,0.78,0.79,0.78,112342,782,0.1925,-0.3499,0.11139,-0.785,0.064
2026-08-31 14:52:34,714.25,2026-08-31,714.0,1.12,1.13,1.12,128704,2032,0.1824,-0.4646,0.12612,-1.125,0.0686
2026-08-31 14:52:34,714.25,2026-08-31,715.0,1.66,1.67,1.66,103377,3474,0.184,-0.5896,0.12236,-0.92,0.0672
2026-08-31 14:52:34,714.25,2026-08-31,716.0,2.3,2.33,2.3,58701,1206,0.1839,-0.7057,0.1085,-0.57,0.0595
2026-08-31 14:52:34,714.25,2026-08-31,717.0,3,3.1,3.09,14262,846,0.1791,-0.8099,0.08774,-0.305,0.0469
2026-08-31 14:52:34,714.25,2026-08-31,718.0,3.85,4.07,3.89,5826,2164,0.1958,-0.8636,0.06464,-0.215,0.0378
2026-08-31 14:52:34,714.25,2026-08-31,719.0,4.87,4.98,4.76,1942,1467,0.2203,-0.8916,0.04888,-0.18,0.0321
2026-08-31 14:52:34,714.25,2026-08-31,720.0,5.74,6.05,5.77,1797,3552,0.2426,-0.9128,0.03786,-0.15,0.0274
2026-08-31 14:52:34,714.25,2026-08-31,721.0,6.79,7,6.96,454,840,0.2737,-0.9211,0.03111,-0.15,0.0254
2026-08-31 14:52:34,714.25,2026-08-31,722.0,7.71,7.87,8.02,294,460,0.2485,-0.963,0.01882,-0.045,0.014
2026-08-31 14:52:34,714.25,2026-08-31,723.0,8.58,9.24,8.66,184,382,0.3403,-0.9294,0.02299,-0.165,0.0233
2026-08-31 14:52:34,714.25,2026-08-31,724.0,9.66,10.36,10.87,457,635,0.4101,-0.9129,0.02237,-0.265,0.0274
2026-08-31 14:52:34,714.25,2026-08-31,725.0,10.7,10.85,10.68,494,4343,0.311,-0.976,0.0105,-0.03,0.0097
2026-08-31 14:52:34,714.25,2026-08-31,726.0,11.64,12.08,12.15,132,512,0.4004,-0.9532,0.01414,-0.115,0.0169
2026-08-31 14:52:34,714.25,2026-08-31,727.0,12.94,13.19,13.31,26,387,0.5235,-0.9175,0.01682,-0.32,0.0263
2026-08-31 14:52:34,714.25,2026-08-31,728.0,13.77,15.51,14,8,359,0.7304,-0.8574,0.01786,-0.895,0.0389
2026-08-31 14:52:34,714.25,2026-08-31,729.0,14.54,16.58,15.49,12,431,0.7443,-0.8697,0.01648,-0.815,0.0366
2026-08-31 14:53:38,713.92,2026-08-31,699.0,0.01,0.02,0.03,1020,717,0.3597,-0.0074,0.00328,-0.015,0.0035
2026-08-31 14:53:38,713.92,2026-08-31,700.0,0.01,0.02,0.02,3325,30098,0.3381,-0.0078,0.00367,-0.015,0.0037
2026-08-31 14:53:38,713.92,2026-08-31,701.0,0.04,0.05,0.04,1025,506,0.3673,-0.0194,0.00745,-0.045,0.0081
2026-08-31 14:53:38,713.92,2026-08-31,702.0,0.01,0.02,0.04,3205,487,0.2947,-0.0088,0.0047,-0.015,0.0041
2026-08-31 14:53:38,713.92,2026-08-31,703.0,0.05,0.06,0.05,5050,1050,0.3285,-0.0256,0.01051,-0.055,0.0103
2026-08-31 14:53:38,713.92,2026-08-31,704.0,0.05,0.06,0.02,4252,1012,0.303,-0.0275,0.0121,-0.055,0.0109
2026-08-31 14:53:38,713.92,2026-08-31,705.0,0.02,0.07,0.03,11922,9235,0.2681,-0.0256,0.01291,-0.045,0.0103
2026-08-31 14:53:38,713.92,2026-08-31,706.0,0.03,0.04,0.07,6469,571,0.2329,-0.0232,0.01369,-0.035,0.0095
2026-08-31 14:53:38,713.92,2026-08-31,707.0,0.05,0.06,0.06,13218,772,0.2247,-0.0357,0.02028,-0.055,0.0135
2026-08-31 14:53:38,713.92,2026-08-31,708.0,0.09,0.14,0.13,10188,1167,0.2302,-0.0661,0.03237,-0.115,0.0221
2026-08-31 14:53:38,713.92,2026-08-31,709.0,0.14,0.19,0.18,18361,1006,0.2184,-0.0936,0.04441,-0.165,0.0288
2026-08-31 14:53:38,713.92,2026-08-31,710.0,0.26,0.27,0.24,56745,9454,0.2134,-0.1409,0.06079,-0.265,0.0385
2026-08-31 14:53:38,713.92,2026-08-31,711.0,0.4,0.41,0.36,48262,757,0.2061,-0.2029,0.0795,-0.405,0.0487
2026-08-31 14:53:38,713.92,2026-08-31,712.0,0.59,0.61,0.59,69921,2080,0.1972,-0.2832,0.09959,-0.6,0.0583
2026-08-31 14:53:38,713.92,2026-08-31,713.0,0.89,0.9,0.89,113932,782,0.1908,-0.3868,0.11641,-0.895,0.066
2026-08-31 14:53:38,713.92,2026-08-31,714.0,1.27,1.32,1.31,130341,2032,0.1838,-0.5069,0.12593,-1.215,0.0688
2026-08-31 14:53:38,713.92,2026-08-31,715.0,1.87,1.88,1.85,104471,3474,0.1852,-0.6294,0.11837,-0.795,0.0651
2026-08-31 14:53:38,713.92,2026-08-31,716.0,2.49,2.53,2.51,58906,1206,0.1756,-0.7511,0.10471,-0.43,0.0546
2026-08-31 14:53:38,713.92,2026-08-31,717.0,3.2,3.41,3.23,14309,846,0.1743,-0.8449,0.07934,-0.225,0.0411
2026-08-31 14:53:38,713.92,2026-08-31,718.0,4.18,4.21,3.85,5850,2164,0.1776,-0.9068,0.05446,-0.115,0.0287
2026-08-31 14:53:38,713.92,2026-08-31,719.0,4.95,5.24,4.73,1943,1467,0.1571,-0.9687,0.02606,-0.015,0.0122
2026-08-31 14:53:38,713.92,2026-08-31,720.0,5.87,6.22,5.66,1803,3552,,,,,
2026-08-31 14:53:38,713.92,2026-08-31,721.0,6.95,7.21,6.96,454,840,0.189,-0.9844,0.01202,-0.0,0.0067
2026-08-31 14:53:38,713.92,2026-08-31,722.0,7.87,8.1,7.72,295,460,,,,,
2026-08-31 14:53:38,713.92,2026-08-31,723.0,8.9,9.19,8.73,185,382,,,,,
2026-08-31 14:53:38,713.92,2026-08-31,724.0,10.02,10.36,10.87,457,635,0.3526,-0.9495,0.01711,-0.11,0.0179
2026-08-31 14:53:38,713.92,2026-08-31,725.0,10.98,11.21,10.68,494,4343,0.3021,-0.9823,0.00837,-0.015,0.0075
2026-08-31 14:53:38,713.92,2026-08-31,726.0,12.06,12.29,12.15,132,512,0.3977,-0.9591,0.0128,-0.095,0.0151
2026-08-31 14:53:38,713.92,2026-08-31,727.0,12.76,13.05,13.31,26,387,,,,,
2026-08-31 14:53:38,713.92,2026-08-31,728.0,13.92,15.51,14,8,359,0.672,-0.8838,0.01688,-0.635,0.0337
2026-08-31 14:54:39,714.05,2026-08-31,700.0,0.01,0.05,0.04,3370,30098,0.3732,-0.0133,0.00532,-0.03,0.0059
2026-08-31 14:54:39,714.05,2026-08-31,701.0,0.01,0.02,0.04,1025,506,0.3198,-0.0082,0.00407,-0.015,0.0039
2026-08-31 14:54:39,714.05,2026-08-31,702.0,0.04,0.05,0.04,3206,487,0.3465,-0.0204,0.00827,-0.045,0.0085
2026-08-31 14:54:39,714.05,2026-08-31,703.0,0.05,0.06,0.03,5074,1050,0.3323,-0.0253,0.01033,-0.055,0.0102
2026-08-31 14:54:39,714.05,2026-08-31,704.0,0.05,0.06,0.05,4254,1012,0.3068,-0.0272,0.01187,-0.055,0.0108
2026-08-31 14:54:39,714.05,2026-08-31,705.0,0.06,0.07,0.05,11925,9235,0.2893,-0.0332,0.01484,-0.065,0.0127
2026-08-31 14:54:39,714.05,2026-08-31,706.0,0.03,0.08,0.07,6476,571,0.255,-0.032,0.01636,-0.055,0.0124
2026-08-31 14:54:39,714.05,2026-08-31,707.0,0.05,0.06,0.06,13239,772,0.2285,-0.0352,0.01976,-0.055,0.0134
2026-08-31 14:54:39,714.05,2026-08-31,708.0,0.08,0.13,0.13,10240,1167,0.2298,-0.0613,0.03064,-0.105,0.0209
2026-08-31 14:54:39,714.05,2026-08-31,709.0,0.16,0.17,0.13,18408,1006,0.223,-0.0921,0.04305,-0.165,0.0284
2026-08-31 14:54:39,714.05,2026-08-31,710.0,0.23,0.24,0.24,56928,9454,0.2104,-0.1294,0.05824,-0.235,0.0363
2026-08-31 14:54:39,714.05,2026-08-31,711.0,0.33,0.34,0.35,48626,757,0.1969,-0.1815,0.07784,-0.335,0.0454
2026-08-31 14:54:39,714.05,2026-08-31,712.0,0.45,0.5,0.48,70697,2080,0.1816,-0.2531,0.10233,-0.475,0.0551
2026-08-31 14:54:39,714.05,2026-08-31,713.0,0.75,0.76,0.77,114546,782,0.1771,-0.3621,0.123,-0.755,0.0645
2026-08-31 14:54:39,714.05,2026-08-31,714.0,1.11,1.12,1.15,131867,2032,0.1673,-0.4898,0.13851,-1.115,0.0686
2026-08-31 14:54:39,714.05,2026-08-31,715.0,1.61,1.63,1.65,105797,3474,0.1588,-0.6327,0.13781,-0.67,0.0648
2026-08-31 14:54:39,714.05,2026-08-31,716.0,2.24,2.28,2.28,59122,1206,0.1475,-0.7758,0.11787,-0.31,0.0515
2026-08-31 14:54:39,714.05,2026-08-31,717.0,2.97,3.08,3.07,14402,846,0.1274,-0.9087,0.07484,-0.075,0.0282
2026-08-31 14:54:39,714.05,2026-08-31,718.0,3.82,4.05,3.81,5881,2164,0.0904,-0.9941,0.01073,0.015,0.0029
2026-08-31 14:54:39,714.05,2026-08-31,719.0,4.69,4.97,4.86,1945,1467,,,,,
2026-08-31 14:54:39,714.05,2026-08-31,720.0,5.66,5.98,5.81,1807,3552,,,,,
2026-08-31 14:54:39,714.05,2026-08-31,721.0,6.67,6.98,6.96,454,840,,,,,
2026-08-31 14:54:39,714.05,2026-08-31,722.0,7.57,8.02,7.72,295,460,,,,,
2026-08-31 14:54:39,714.05,2026-08-31,723.0,8.64,9.17,8.73,185,382,,,,,
2026-08-31 14:54:39,714.05,2026-08-31,724.0,9.65,10,10.87,457,635,,,,,
2026-08-31 14:54:39,714.05,2026-08-31,725.0,10.61,10.82,10.68,494,4343,,,,,
2026-08-31 14:54:39,714.05,2026-08-31,726.0,11.45,11.96,12.15,132,512,,,,,
2026-08-31 14:54:39,714.05,2026-08-31,727.0,12.56,13.56,13.31,26,387,0.4312,-0.9575,0.01221,-0.11,0.0156
2026-08-31 14:54:39,714.05,2026-08-31,728.0,13.64,15.46,14,8,359,0.6582,-0.8869,0.01693,-0.6,0.033
2026-08-31 14:54:39,714.05,2026-08-31,729.0,14.53,16.05,15.49,12,431,0.6004,-0.9226,0.01403,-0.34,0.025
2026-08-31 14:55:41,714.5,2026-08-31,700.0,0.04,0.05,0.03,3372,30098,0.4066,-0.0177,0.00625,-0.045,0.0075
2026-08-31 14:55:41,714.5,2026-08-31,701.0,0.01,0.05,0.04,1031,506,0.3608,-0.0137,0.00566,-0.03,0.006
2026-08-31 14:55:41,714.5,2026-08-31,702.0,0.04,0.05,0.04,3208,487,0.358,-0.0199,0.00783,-0.045,0.0083
2026-08-31 14:55:41,714.5,2026-08-31,703.0,0.01,0.05,0.04,5076,1050,0.3139,-0.0156,0.00725,-0.03,0.0067
2026-08-31 14:55:41,714.5,2026-08-31,704.0,0.05,0.06,0.05,4367,1012,0.3187,-0.0263,0.01114,-0.055,0.0105
2026-08-31 14:55:41,714.5,2026-08-31,705.0,0.06,0.07,0.06,11941,9235,0.3015,-0.032,0.01385,-0.065,0.0123
2026-08-31 14:55:41,714.5,2026-08-31,706.0,0.02,0.03,0.03,6496,571,0.2357,-0.0171,0.01046,-0.025,0.0073
2026-08-31 14:55:41,714.5,2026-08-31,707.0,0.08,0.09,0.05,13472,772,0.2611,-0.0458,0.02143,-0.085,0.0165
2026-08-31 14:55:41,714.5,2026-08-31,708.0,0.07,0.08,0.08,10544,1167,0.227,-0.0464,0.02491,-0.075,0.0167
2026-08-31 14:55:41,714.5,2026-08-31,709.0,0.11,0.16,0.12,18432,1006,0.2264,-0.0769,0.03708,-0.135,0.0248
2026-08-31 14:55:41,714.5,2026-08-31,710.0,0.17,0.18,0.22,57287,9454,0.2084,-0.1025,0.04987,-0.175,0.0307
2026-08-31 14:55:41,714.5,2026-08-31,711.0,0.31,0.32,0.32,49054,757,0.2103,-0.1641,0.06841,-0.315,0.0425
2026-08-31 14:55:41,714.5,2026-08-31,712.0,0.42,0.43,0.43,71439,2080,0.1926,-0.2225,0.08998,-0.425,0.0512
2026-08-31 14:55:41,714.5,2026-08-31,713.0,0.69,0.7,0.69,115993,782,0.1922,-0.322,0.10849,-0.695,0.0616
2026-08-31 14:55:41,714.5,2026-08-31,714.0,1.03,1.04,1.03,133310,2032,0.1863,-0.4349,0.1229,-1.035,0.0677
2026-08-31 14:55:41,714.5,2026-08-31,715.0,1.5,1.51,1.52,106808,3474,0.1821,-0.5603,0.126,-1.005,0.0678
2026-08-31 14:55:41,714.5,2026-08-31,716.0,2.05,2.09,2.13,59318,1206,0.1725,-0.6905,0.11889,-0.57,0.0606
2026-08-31 14:55:41,714.5,2026-08-31,717.0,2.85,2.88,2.88,14422,846,0.1821,-0.785,0.09332,-0.365,0.0502
2026-08-31 14:55:41,714.5,2026-08-31,718.0,3.59,3.85,3.73,5893,2164,0.1891,-0.8568,0.06951,-0.22,0.0388
2026-08-31 14:55:41,714.5,2026-08-31,719.0,4.43,4.71,4.52,1948,1467,0.1734,-0.9328,0.04366,-0.07,0.0224
2026-08-31 14:55:41,714.5,2026-08-31,720.0,5.35,5.66,5.34,1826,3552,0.1585,-0.9774,0.01971,-0.005,0.0092
2026-08-31 14:55:41,714.5,2026-08-31,721.0,6.29,6.57,6.96,454,840,,,,,
2026-08-31 14:55:41,714.5,2026-08-31,722.0,7.33,7.71,7.72,296,460,0.2228,-0.9739,0.01584,-0.02,0.0104
2026-08-31 14:55:41,714.5,2026-08-31,723.0,8.22,9.1,8.73,185,382,0.3324,-0.9294,0.02364,-0.16,0.0232
2026-08-31 14:55:41,714.5,2026-08-31,724.0,9.29,10.01,10.87,457,635,0.3574,-0.9368,0.02018,-0.15,0.0213
2026-08-31 14:55:41,714.5,2026-08-31,725.0,10.47,10.51,10.68,494,4343,0.2409,-0.994,0.00413,0.01,0.0029
2026-08-31 14:55:41,714.5,2026-08-31,726.0,11.37,11.82,12.15,132,512,0.3832,-0.9577,0.01369,-0.095,0.0155
2026-08-31 14:55:41,714.5,2026-08-31,727.0,12.37,13.48,13.31,26,387,0.5557,-0.9012,0.0182,-0.425,0.0299
2026-08-31 14:55:41,714.5,2026-08-31,728.0,13.44,14.96,14,8,359,0.6728,-0.8742,0.01787,-0.7,0.0355
2026-08-31 14:55:41,714.5,2026-08-31,729.0,14.59,16.52,15.49,12,431,0.8015,-0.8487,0.01702,-1.055,0.0403
2026-08-31 14:56:43,714.85,2026-08-31,700.0,0.03,0.04,0.03,3372,30098,0.4009,-0.0144,0.0053,-0.035,0.0063
2026-08-31 14:56:43,714.85,2026-08-31,701.0,0.04,0.05,0.02,1036,506,0.3913,-0.0184,0.0067,-0.045,0.0077
2026-08-31 14:56:43,714.85,2026-08-31,702.0,0.01,0.05,0.04,3211,487,0.346,-0.0143,0.00611,-0.03,0.0062
2026-08-31 14:56:43,714.85,2026-08-31,703.0,0.04,0.05,0.04,5077,1050,0.3424,-0.0207,0.00848,-0.045,0.0086
2026-08-31 14:56:43,714.85,2026-08-31,704.0,0.01,0.06,0.05,4368,1012,0.3057,-0.0183,0.00856,-0.035,0.0077
2026-08-31 14:56:43,714.85,2026-08-31,705.0,0.01,0.06,0.05,11968,9235,0.2814,-0.0197,0.0099,-0.035,0.0082
2026-08-31 14:56:43,714.85,2026-08-31,706.0,0.02,0.03,0.03,6497,571,0.2443,-0.0166,0.00984,-0.025,0.0071
2026-08-31 14:56:43,714.85,2026-08-31,707.0,0.08,0.09,0.05,13488,772,0.2712,-0.0444,0.02013,-0.085,0.0161
2026-08-31 14:56:43,714.85,2026-08-31,708.0,0.05,0.06,0.1,10571,1167,0.2237,-0.036,0.02058,-0.055,0.0136
2026-08-31 14:56:43,714.85,2026-08-31,709.0,0.13,0.14,0.1,18465,1006,0.2376,-0.0739,0.03432,-0.135,0.024
2026-08-31 14:56:43,714.85,2026-08-31,710.0,0.14,0.19,0.19,57538,9454,0.2169,-0.0944,0.04518,-0.165,0.0289
2026-08-31 14:56:43,714.85,2026-08-31,711.0,0.25,0.26,0.26,49153,757,0.209,-0.1393,0.06183,-0.255,0.0381
2026-08-31 14:56:43,714.85,2026-08-31,712.0,0.34,0.39,0.35,71958,2080,0.1956,-0.1955,0.08221,-0.365,0.0474
2026-08-31 14:56:43,714.85,2026-08-31,713.0,0.54,0.59,0.59,116560,782,0.1885,-0.2809,0.10418,-0.565,0.0579
2026-08-31 14:56:43,714.85,2026-08-31,714.0,0.87,0.88,0.88,134433,2032,0.1843,-0.391,0.12134,-0.875,0.0659
2026-08-31 14:56:43,714.85,2026-08-31,715.0,1.25,1.3,1.3,107709,3474,0.1763,-0.5166,0.13168,-1.125,0.0684
2026-08-31 14:56:43,714.85,2026-08-31,716.0,1.84,1.85,1.83,59459,1206,0.1742,-0.6466,0.12424,-0.695,0.0638
2026-08-31 14:56:43,714.85,2026-08-31,717.0,2.54,2.57,2.58,14443,846,0.1748,-0.7603,0.1035,-0.405,0.0533
2026-08-31 14:56:43,714.85,2026-08-31,718.0,3.35,3.4,3.36,5911,2164,0.1776,-0.8468,0.07754,-0.225,0.0406
2026-08-31 14:56:43,714.85,2026-08-31,719.0,4.26,4.34,4.52,1949,1467,0.1922,-0.8937,0.0556,-0.15,0.0315
2026-08-31 14:56:43,714.85,2026-08-31,720.0,5.09,5.42,5.5,1835,3552,0.2081,-0.9234,0.04025,-0.105,0.0247
2026-08-31 14:56:43,714.85,2026-08-31,721.0,6.08,6.6,6.96,454,840,0.2712,-0.9046,0.03642,-0.19,0.0291
2026-08-31 14:56:43,714.85,2026-08-31,722.0,6.94,7.77,7.57,297,460,0.3086,-0.9092,0.03086,-0.205,0.0281
2026-08-31 14:56:43,714.85,2026-08-31,723.0,7.9,9.33,8.73,185,382,0.4216,-0.8669,0.0297,-0.465,0.0369
2026-08-31 14:56:43,714.85,2026-08-31,724.0,9.06,10.18,10.87,457,635,0.4581,-0.8745,0.02624,-0.47,0.0354
2026-08-31 14:56:43,714.85,2026-08-31,725.0,10,10.42,10.68,494,4343,0.3238,-0.9645,0.01405,-0.06,0.0134
2026-08-31 14:56:43,714.85,2026-08-31,726.0,10.86,11.2,11.45,133,512,,,,,
2026-08-31 14:56:43,714.85,2026-08-31,727.0,11.85,13.35,13.31,26,387,0.5531,-0.8961,0.01899,-0.45,0.031
2026-08-31 14:56:43,714.85,2026-08-31,728.0,12.82,15.18,14,8,359,0.7017,-0.858,0.01865,-0.85,0.0386
2026-08-31 14:56:43,714.85,2026-08-31,729.0,14.05,16.02,15.49,12,431,0.7465,-0.8605,0.01732,-0.885,0.0381
2026-08-31 14:57:44,714.99,2026-08-31,700.0,0.03,0.04,0.03,3406,30098,0.4048,-0.0143,0.00522,-0.035,0.0062
2026-08-31 14:57:44,714.99,2026-08-31,701.0,0.01,0.02,0.02,1036,506,0.3414,-0.0077,0.00364,-0.015,0.0037
2026-08-31 14:57:44,714.99,2026-08-31,702.0,0.01,0.02,0.04,3217,487,0.3197,-0.0082,0.0041,-0.015,0.0039
2026-08-31 14:57:44,714.99,2026-08-31,703.0,0.01,0.05,0.04,5077,1050,0.3263,-0.0151,0.0068,-0.03,0.0065
2026-08-31 14:57:44,714.99,2026-08-31,704.0,0.04,0.05,0.04,4380,1012,0.3216,-0.0219,0.00949,-0.045,0.009
2026-08-31 14:57:44,714.99,2026-08-31,705.0,0.01,0.02,0.02,12007,9235,0.2536,-0.0101,0.00621,-0.015,0.0046
2026-08-31 14:57:44,714.99,2026-08-31,706.0,0.02,0.07,0.06,6607,571,0.2713,-0.0255,0.01277,-0.045,0.0102
2026-08-31 14:57:44,714.99,2026-08-31,707.0,0.03,0.08,0.08,13588,772,0.2543,-0.0322,0.01654,-0.055,0.0124
2026-08-31 14:57:44,714.99,2026-08-31,708.0,0.05,0.1,0.1,10688,1167,0.2414,-0.0441,0.02255,-0.075,0.016
2026-08-31 14:57:44,714.99,2026-08-31,709.0,0.12,0.13,0.13,18676,1006,0.238,-0.0692,0.03263,-0.125,0.0228
2026-08-31 14:57:44,714.99,2026-08-31,710.0,0.12,0.17,0.17,57913,9454,0.2146,-0.0856,0.04252,-0.145,0.0268
2026-08-31 14:57:44,714.99,2026-08-31,711.0,0.19,0.2,0.2,49466,757,0.1976,-0.1173,0.0581,-0.195,0.0338
2026-08-31 14:57:44,714.99,2026-08-31,712.0,0.31,0.36,0.32,73090,2080,0.1952,-0.1833,0.0793,-0.335,0.0455
2026-08-31 14:57:44,714.99,2026-08-31,713.0,0.52,0.53,0.53,118239,782,0.1885,-0.2662,0.10159,-0.525,0.0563
2026-08-31 14:57:44,714.99,2026-08-31,714.0,0.79,0.8,0.8,136157,2032,0.1805,-0.3715,0.12214,-0.795,0.0648
2026-08-31 14:57:44,714.99,2026-08-31,715.0,1.15,1.16,1.16,109098,3474,0.1694,-0.4981,0.13734,-1.145,0.0684
2026-08-31 14:57:44,714.99,2026-08-31,716.0,1.7,1.72,1.73,59913,1206,0.1674,-0.6343,0.131,-0.7,0.0645
2026-08-31 14:57:44,714.99,2026-08-31,717.0,2.33,2.35,2.49,14513,846,0.1546,-0.773,0.11372,-0.33,0.0517
2026-08-31 14:57:44,714.99,2026-08-31,718.0,3.17,3.18,3.17,5920,2164,0.1573,-0.8655,0.0803,-0.165,0.0371
2026-08-31 14:57:44,714.99,2026-08-31,719.0,4.019,4.14,4.26,1960,1467,0.1588,-0.9278,0.05047,-0.0695,0.0236
2026-08-31 14:57:44,714.99,2026-08-31,720.0,4.88,5.22,5.5,1839,3552,0.1732,-0.9529,0.03312,-0.04,0.0169
2026-08-31 14:57:44,714.99,2026-08-31,721.0,5.99,6.74,6.96,454,840,0.3161,-0.8637,0.04032,-0.355,0.0375
2026-08-31 14:57:44,714.99,2026-08-31,722.0,6.83,7.75,7.57,297,460,0.3293,-0.8903,0.03323,-0.28,0.0322
2026-08-31 14:57:44,714.99,2026-08-31,723.0,7.9,9.19,8.73,185,382,0.4356,-0.8552,0.03049,-0.535,0.039
2026-08-31 14:57:44,714.99,2026-08-31,724.0,8.86,10.11,10.87,457,635,0.4552,-0.8727,0.02671,-0.475,0.0357
2026-08-31 14:57:44,714.99,2026-08-31,725.0,9.92,10.12,10.68,494,4343,0.2717,-0.9833,0.00892,-0.01,0.0071
2026-08-31 14:57:44,714.99,2026-08-31,726.0,10.72,11.24,11.45,133,512,,,,,
2026-08-31 14:57:44,714.99,2026-08-31,727.0,11.96,13.07,13.31,26,387,0.5666,-0.8883,0.01957,-0.505,0.0326
2026-08-31 14:57:44,714.99,2026-08-31,728.0,12.61,14.82,14,8,359,0.659,-0.8711,0.01861,-0.705,0.0361
2026-08-31 14:57:44,714.99,2026-08-31,729.0,13.72,16.12,15.49,12,431,0.7492,-0.8576,0.01753,-0.91,0.0386
2026-08-31 14:58:47,715.14,2026-08-31,701.0,0.01,0.04,0.02,1036,506,0.3682,-0.0115,0.00477,-0.025,0.0052
2026-08-31 14:58:47,715.14,2026-08-31,702.0,0.04,0.05,0.04,3218,487,0.3753,-0.0191,0.00725,-0.045,0.008
2026-08-31 14:58:47,715.14,2026-08-31,703.0,0.01,0.05,0.04,5097,1050,0.3305,-0.0149,0.00666,-0.03,0.0065
2026-08-31 14:58:47,715.14,2026-08-31,704.0,0.04,0.05,0.04,4383,1012,0.3259,-0.0217,0.00929,-0.045,0.0089
2026-08-31 14:58:47,715.14,2026-08-31,705.0,0.01,0.02,0.05,12067,9235,0.2574,-0.01,0.00606,-0.015,0.0046
2026-08-31 14:58:47,715.14,2026-08-31,706.0,0.02,0.07,0.05,6619,571,0.2757,-0.0252,0.01245,-0.045,0.0101
2026-08-31 14:58:47,715.14,2026-08-31,707.0,0.07,0.08,0.07,13639,772,0.2737,-0.0396,0.01825,-0.075,0.0146
2026-08-31 14:58:47,715.14,2026-08-31,708.0,0.08,0.09,0.09,10739,1167,0.2522,-0.0474,0.0229,-0.085,0.0169
2026-08-31 14:58:47,715.14,2026-08-31,709.0,0.11,0.12,0.12,18764,1006,0.2385,-0.0645,0.03085,-0.115,0.0216
2026-08-31 14:58:47,715.14,2026-08-31,710.0,0.11,0.12,0.16,58165,9454,0.208,-0.0724,0.03872,-0.115,0.0236
2026-08-31 14:58:47,715.14,2026-08-31,711.0,0.19,0.24,0.24,49807,757,0.2092,-0.1214,0.05631,-0.215,0.0345
2026-08-31 14:58:47,715.14,2026-08-31,712.0,0.35,0.36,0.36,73662,2080,0.2062,-0.1839,0.07536,-0.355,0.0455
2026-08-31 14:58:47,715.14,2026-08-31,713.0,0.55,0.56,0.51,119168,782,0.2015,-0.2642,0.09482,-0.555,0.056
2026-08-31 14:58:47,715.14,2026-08-31,714.0,0.82,0.83,0.83,137789,2032,0.1943,-0.3624,0.11272,-0.825,0.0642
2026-08-31 14:58:47,715.14,2026-08-31,715.0,1.25,1.26,1.23,109816,3474,0.1955,-0.4797,0.11907,-1.255,0.0682
2026-08-31 14:58:47,715.14,2026-08-31,716.0,1.76,1.78,1.78,60181,1206,0.1915,-0.5998,0.11783,-0.915,0.0661
2026-08-31 14:58:47,715.14,2026-08-31,717.0,2.47,2.5,2.46,14564,846,0.2011,-0.7021,0.10065,-0.63,0.0593
2026-08-31 14:58:47,715.14,2026-08-31,718.0,3.25,3.26,3.17,5940,2164,0.205,-0.7894,0.08225,-0.4,0.0494
2026-08-31 14:58:47,715.14,2026-08-31,719.0,4.08,4.18,3.99,1972,1467,0.2169,-0.848,0.06334,-0.275,0.0403
2026-08-31 14:58:47,715.14,2026-08-31,720.0,4.87,5.09,4.99,1847,3552,0.2072,-0.9125,0.04481,-0.125,0.0272
2026-08-31 14:58:47,715.14,2026-08-31,721.0,5.76,6.73,6.96,454,840,0.3201,-0.8547,0.04164,-0.39,0.0391
2026-08-31 14:58:47,715.14,2026-08-31,722.0,6.72,7.76,7.57,297,460,0.3549,-0.8677,0.03524,-0.385,0.0367
2026-08-31 14:58:47,715.14,2026-08-31,723.0,7.84,9.06,8.73,185,382,0.4456,-0.8453,0.0312,-0.595,0.0407
2026-08-31 14:58:47,715.14,2026-08-31,724.0,8.67,10.13,10.87,457,635,0.4695,-0.8615,0.02749,-0.545,0.0378
2026-08-31 14:58:47,715.14,2026-08-31,725.0,9.83,9.86,10.68,494,4343,0.2282,-0.9938,0.00451,0.01,0.003
2026-08-31 14:58:47,715.14,2026-08-31,726.0,9.73,11.17,11.45,133,512,,,,,
2026-08-31 14:58:47,715.14,2026-08-31,727.0,11.95,13.36,13.31,26,387,0.6442,-0.8547,0.02069,-0.8,0.0391
2026-08-31 14:58:47,715.14,2026-08-31,728.0,12.61,15.01,14,8,359,0.7197,-0.8471,0.01917,-0.955,0.0404
2026-08-31 14:58:47,715.14,2026-08-31,729.0,13.56,14.41,15.49,12,431,0.4704,-0.9551,0.01175,-0.13,0.0162
2026-08-31 14:58:47,715.14,2026-08-31,730.0,14.58,16.64,16.21,22,2000,0.7379,-0.8757,0.01623,-0.755,0.0351
2026-08-31 14:59:49,714.49,2026-08-31,700.0,0.03,0.04,0.02,3432,30098,0.3947,-0.0146,0.0055,-0.035,0.0063
2026-08-31 14:59:49,714.49,2026-08-31,701.0,0.01,0.02,0.02,1036,506,0.3319,-0.008,0.00386,-0.015,0.0037
2026-08-31 14:59:49,714.49,2026-08-31,702.0,0.01,0.05,0.04,3241,487,0.3395,-0.0146,0.00638,-0.03,0.0063
2026-08-31 14:59:49,714.49,2026-08-31,703.0,0.04,0.05,0.03,5099,1050,0.3354,-0.0212,0.00888,-0.045,0.0087
2026-08-31 14:59:49,714.49,2026-08-31,704.0,0.04,0.05,0.04,4384,1012,0.3104,-0.0227,0.01017,-0.045,0.0092
2026-08-31 14:59:49,714.49,2026-08-31,705.0,0.01,0.06,0.04,12092,9235,0.2741,-0.0203,0.01047,-0.035,0.0084
2026-08-31 14:59:49,714.49,2026-08-31,706.0,0.06,0.07,0.06,6638,571,0.2766,-0.0347,0.01626,-0.065,0.0131
2026-08-31 14:59:49,714.49,2026-08-31,707.0,0.07,0.08,0.07,13640,772,0.2563,-0.042,0.0205,-0.075,0.0153
2026-08-31 14:59:49,714.49,2026-08-31,708.0,0.1,0.11,0.1,10878,1167,0.2447,-0.0585,0.02795,-0.105,0.0199
2026-08-31 14:59:49,714.49,2026-08-31,709.0,0.1,0.15,0.1,18889,1006,0.2235,-0.0733,0.03645,-0.125,0.0238
2026-08-31 14:59:49,714.49,2026-08-31,710.0,0.16,0.17,0.17,58468,9454,0.2061,-0.099,0.0495,-0.165,0.0298
2026-08-31 14:59:49,714.49,2026-08-31,711.0,0.26,0.27,0.27,50162,757,0.1992,-0.1501,0.06857,-0.265,0.0398
2026-08-31 14:59:49,714.49,2026-08-31,712.0,0.46,0.47,0.46,74519,2080,0.2013,-0.2317,0.08872,-0.465,0.0521
2026-08-31 14:59:49,714.49,2026-08-31,713.0,0.66,0.67,0.67,119971,782,0.1881,-0.3184,0.11111,-0.665,0.0609
2026-08-31 14:59:49,714.49,2026-08-31,714.0,1.05,1.06,1.05,139819,2032,0.1899,-0.4369,0.12151,-1.055,0.0673
2026-08-31 14:59:49,714.49,2026-08-31,715.0,1.55,1.56,1.47,110511,3474,0.1899,-0.5594,0.12168,-1.045,0.0674
2026-08-31 14:59:49,714.49,2026-08-31,716.0,2.17,2.19,2.17,60483,1206,0.1906,-0.6757,0.11048,-0.67,0.0614
2026-08-31 14:59:49,714.49,2026-08-31,717.0,2.91,2.94,2.91,14598,846,0.1936,-0.7734,0.09106,-0.415,0.0514
2026-08-31 14:59:49,714.49,2026-08-31,718.0,3.62,3.82,3.35,6038,2164,0.1881,-0.8605,0.06914,-0.21,0.0379
2026-08-31 14:59:49,714.49,2026-08-31,719.0,4.39,4.69,4.43,1981,1467,0.1539,-0.9557,0.03563,-0.03,0.016
2026-08-31 14:59:49,714.49,2026-08-31,720.0,5.06,5.73,5.27,1851,3552,,,,,
2026-08-31 14:59:49,714.49,2026-08-31,721.0,6.33,6.63,6.96,454,840,,,,,
2026-08-31 14:59:49,714.49,2026-08-31,722.0,7.46,7.56,7.57,297,460,0.2002,-0.9853,0.01088,0.0,0.0064
2026-08-31 14:59:49,714.49,2026-08-31,723.0,8,9.17,8.73,185,382,0.2917,-0.9546,0.01916,-0.075,0.0163
2026-08-31 14:59:49,714.49,2026-08-31,724.0,9.07,10.28,10.87,457,635,0.367,-0.9333,0.02065,-0.165,0.0221
2026-08-31 14:59:49,714.49,2026-08-31,725.0,10.59,10.69,10.68,494,4343,0.3788,-0.9458,0.01699,-0.13,0.0188
2026-08-31 14:59:49,714.49,2026-08-31,726.0,11.44,11.74,11.45,133,512,0.3758,-0.9618,0.01293,-0.08,0.0142
2026-08-31 14:59:49,714.49,2026-08-31,727.0,12.59,13.33,13.31,26,387,0.5681,-0.898,0.01836,-0.45,0.0304
2026-08-31 14:59:49,714.49,2026-08-31,728.0,13.38,14.79,14,8,359,0.6409,-0.8876,0.01745,-0.575,0.0326
2026-08-31 14:59:49,714.49,2026-08-31,729.0,14.62,14.92,15.49,12,431,0.5578,-0.9331,0.01361,-0.26,0.0221
2026-08-31 15:00:51,714.94,2026-08-31,700.0,0.01,0.02,0.03,3445,30098,0.3639,-0.0073,0.00328,-0.015,0.0035
2026-08-31 15:00:51,714.94,2026-08-31,701.0,0.03,0.04,0.02,1062,506,0.382,-0.0151,0.00584,-0.035,0.0065
2026-08-31 15:00:51,714.94,2026-08-31,702.0,0.04,0.05,0.02,3241,487,0.3716,-0.0194,0.00743,-0.045,0.008
2026-08-31 15:00:51,714.94,2026-08-31,703.0,0.04,0.05,0.03,5100,1050,0.3469,-0.0206,0.00838,-0.045,0.0085
2026-08-31 15:00:51,714.94,2026-08-31,704.0,0.01,0.05,0.04,4404,1012,0.303,-0.0162,0.00782,-0.03,0.0069
2026-08-31 15:00:51,714.94,2026-08-31,705.0,0.05,0.06,0.05,12194,9235,0.3067,-0.0274,0.01207,-0.055,0.0108
2026-08-31 15:00:51,714.94,2026-08-31,706.0,0.02,0.03,0.06,6735,571,0.2481,-0.0164,0.00969,-0.025,0.007
2026-08-31 15:00:51,714.94,2026-08-31,707.0,0.03,0.08,0.08,13655,772,0.2543,-0.0323,0.01669,-0.055,0.0123
2026-08-31 15:00:51,714.94,2026-08-31,708.0,0.05,0.06,0.1,11398,1167,0.2276,-0.0356,0.0202,-0.055,0.0134
2026-08-31 15:00:51,714.94,2026-08-31,709.0,0.08,0.09,0.13,18979,1006,0.2184,-0.0539,0.02937,-0.085,0.0187
2026-08-31 15:00:51,714.94,2026-08-31,710.0,0.13,0.14,0.13,58822,9454,0.2103,-0.0824,0.04237,-0.135,0.0259
2026-08-31 15:00:51,714.94,2026-08-31,711.0,0.21,0.22,0.26,50538,757,0.2027,-0.125,0.05955,-0.215,0.0351
2026-08-31 15:00:51,714.94,2026-08-31,712.0,0.37,0.38,0.38,75176,2080,0.2028,-0.1951,0.07974,-0.375,0.047
2026-08-31 15:00:51,714.94,2026-08-31,713.0,0.57,0.58,0.54,121096,782,0.1959,-0.2779,0.10039,-0.575,0.0572
2026-08-31 15:00:51,714.94,2026-08-31,714.0,0.86,0.87,0.87,142401,2032,0.1893,-0.3825,0.11814,-0.865,0.0651
2026-08-31 15:00:51,714.94,2026-08-31,715.0,1.24,1.29,1.29,111624,3474,0.1828,-0.5046,0.12797,-1.205,0.068
2026-08-31 15:00:51,714.94,2026-08-31,716.0,1.83,1.84,1.81,60830,1206,0.1828,-0.63,0.12108,-0.775,0.0644
2026-08-31 15:00:51,714.94,2026-08-31,717.0,2.44,2.48,2.56,14657,846,0.1709,-0.7572,0.10728,-0.4,0.0534
2026-08-31 15:00:51,714.94,2026-08-31,718.0,3.33,3.34,3.32,6050,2164,0.1872,-0.8286,0.07967,-0.275,0.0434
2026-08-31 15:00:51,714.94,2026-08-31,719.0,4.05,4.42,4.42,1982,1467,0.198,-0.8832,0.05811,-0.175,0.0335
2026-08-31 15:00:51,714.94,2026-08-31,720.0,4.88,5.26,5.26,1862,3552,0.1535,-0.9724,0.02424,-0.01,0.0108
2026-08-31 15:00:51,714.94,2026-08-31,721.0,5.78,6.24,6.1,455,840,,,,,
2026-08-31 15:00:51,714.94,2026-08-31,722.0,7.03,7.22,7.44,300,460,0.2459,-0.9524,0.02366,-0.065,0.0169
2026-08-31 15:00:51,714.94,2026-08-31,723.0,8.039,8.08,8.73,185,382,0.212,-0.9864,0.00962,0.0005,0.0059
2026-08-31 15:00:51,714.94,2026-08-31,724.0,8.78,9.07,10.87,457,635,,,,,
2026-08-31 15:00:51,714.94,2026-08-31,725.0,10,10.2,10.68,494,4343,0.3071,-0.9713,0.01252,-0.04,0.0112
2026-08-31 15:00:51,714.94,2026-08-31,726.0,10.93,11.03,11.45,133,512,,,,,
2026-08-31 15:00:51,714.94,2026-08-31,727.0,11.68,11.89,13.31,26,387,,,,,
2026-08-31 15:00:51,714.94,2026-08-31,728.0,12.7,13.45,14,8,359,0.3505,-0.9845,0.0065,-0.015,0.0066
2026-08-31 15:00:51,714.94,2026-08-31,729.0,13.88,14.18,15.49,12,431,,,,,
2026-08-31 15:01:52,714.85,2026-08-31,700.0,0.03,0.04,0.03,3445,30098,0.4044,-0.0144,0.0053,-0.035,0.0062
2026-08-31 15:01:52,714.85,2026-08-31,701.0,0.03,0.04,0.02,1065,506,0.3806,-0.0152,0.0059,-0.035,0.0065
2026-08-31 15:01:52,714.85,2026-08-31,702.0,0.04,0.05,0.02,3298,487,0.3701,-0.0195,0.00751,-0.045,0.0081
2026-08-31 15:01:52,714.85,2026-08-31,703.0,0.04,0.05,0.04,5102,1050,0.3453,-0.0207,0.00848,-0.045,0.0085
2026-08-31 15:01:52,714.85,2026-08-31,704.0,0.04,0.05,0.02,4464,1012,0.3204,-0.0221,0.00967,-0.045,0.009
2026-08-31 15:01:52,714.85,2026-08-31,705.0,0.05,0.06,0.05,12214,9235,0.305,-0.0276,0.01223,-0.055,0.0108
2026-08-31 15:01:52,714.85,2026-08-31,706.0,0.06,0.07,0.06,6807,571,0.2871,-0.0337,0.01533,-0.065,0.0128
2026-08-31 15:01:52,714.85,2026-08-31,707.0,0.03,0.04,0.07,13706,772,0.2341,-0.0234,0.01388,-0.035,0.0094
2026-08-31 15:01:52,714.85,2026-08-31,708.0,0.05,0.1,0.1,11557,1167,0.2391,-0.0448,0.02319,-0.075,0.0161
2026-08-31 15:01:52,714.85,2026-08-31,709.0,0.12,0.13,0.13,19096,1006,0.2353,-0.0703,0.03363,-0.125,0.0229
2026-08-31 15:01:52,714.85,2026-08-31,710.0,0.18,0.19,0.19,59092,9454,0.2256,-0.1013,0.04612,-0.185,0.0302
2026-08-31 15:01:52,714.85,2026-08-31,711.0,0.22,0.27,0.27,50808,757,0.2081,-0.1363,0.06169,-0.245,0.0372
2026-08-31 15:01:52,714.85,2026-08-31,712.0,0.39,0.4,0.4,75540,2080,0.2036,-0.2029,0.08147,-0.395,0.0481
2026-08-31 15:01:52,714.85,2026-08-31,713.0,0.59,0.6,0.56,121988,782,0.1953,-0.2861,0.10231,-0.595,0.0579
2026-08-31 15:01:52,714.85,2026-08-31,714.0,0.84,0.9,0.86,143667,2032,0.1851,-0.3906,0.12182,-0.87,0.0654
2026-08-31 15:01:52,714.85,2026-08-31,715.0,1.28,1.29,1.29,112504,3474,0.1792,-0.5165,0.13062,-1.135,0.0679
2026-08-31 15:01:52,714.85,2026-08-31,716.0,1.87,1.89,1.86,60945,1206,0.1812,-0.6423,0.12099,-0.73,0.0636
2026-08-31 15:01:52,714.85,2026-08-31,717.0,2.49,2.55,2.62,14691,846,0.1696,-0.769,0.10543,-0.37,0.0518
2026-08-31 15:01:52,714.85,2026-08-31,718.0,3.41,3.49,3.45,6061,2164,0.1968,-0.8239,0.07723,-0.3,0.0441
2026-08-31 15:01:52,714.85,2026-08-31,719.0,4.17,4.32,4.45,1983,1467,0.1745,-0.9169,0.05148,-0.095,0.026
2026-08-31 15:01:52,714.85,2026-08-31,720.0,4.78,5.4,5.26,1862,3552,,,,,
2026-08-31 15:01:52,714.85,2026-08-31,721.0,6.11,6.24,6.06,470,840,0.1946,-0.9672,0.02213,-0.025,0.0125
2026-08-31 15:01:52,714.85,2026-08-31,722.0,7.06,7.36,7.44,300,460,0.2458,-0.9548,0.02274,-0.06,0.0162
2026-08-31 15:01:52,714.85,2026-08-31,723.0,7.92,8.35,8.73,185,382,0.1726,-0.997,0.00309,0.015,0.0015
2026-08-31 15:01:52,714.85,2026-08-31,724.0,9.2,9.41,10.87,457,635,0.3527,-0.9341,0.02134,-0.155,0.0218
2026-08-31 15:01:52,714.85,2026-08-31,725.0,9.81,10.29,10.68,494,4343,,,,,
2026-08-31 15:01:52,714.85,2026-08-31,726.0,11.13,11.41,11.45,133,512,0.3924,-0.9504,0.01533,-0.12,0.0174
2026-08-31 15:01:52,714.85,2026-08-31,727.0,12.13,12.22,13.31,26,387,0.3433,-0.98,0.00827,-0.025,0.0082
2026-08-31 15:01:52,714.85,2026-08-31,728.0,12.82,13.45,14,8,359,0.2664,-0.9979,0.00145,0.015,0.0011
2026-08-31 15:01:52,714.85,2026-08-31,729.0,14.05,14.53,15.49,12,431,0.487,-0.9537,0.01169,-0.14,0.0165
2026-08-31 15:02:54,714.33,2026-08-31,700.0,0.01,0.02,0.02,3478,30098,0.352,-0.0076,0.0035,-0.015,0.0036
2026-08-31 15:02:54,714.33,2026-08-31,701.0,0.03,0.04,0.02,1066,506,0.369,-0.0156,0.00626,-0.035,0.0067
2026-08-31 15:02:54,714.33,2026-08-31,702.0,0.04,0.05,0.04,3304,487,0.358,-0.0201,0.00799,-0.045,0.0083
2026-08-31 15:02:54,714.33,2026-08-31,703.0,0.01,0.02,0.04,5108,1050,0.2859,-0.0092,0.00509,-0.015,0.0042
2026-08-31 15:02:54,714.33,2026-08-31,704.0,0.01,0.05,0.02,4472,1012,0.2896,-0.0169,0.00854,-0.03,0.0071
2026-08-31 15:02:54,714.33,2026-08-31,705.0,0.01,0.02,0.05,12351,9235,0.241,-0.0107,0.00692,-0.015,0.0048
2026-08-31 15:02:54,714.33,2026-08-31,706.0,0.02,0.03,0.03,6828,571,0.2343,-0.0174,0.01079,-0.025,0.0073
2026-08-31 15:02:54,714.33,2026-08-31,707.0,0.07,0.08,0.08,13890,772,0.2531,-0.0427,0.02114,-0.075,0.0154
2026-08-31 15:02:54,714.33,2026-08-31,708.0,0.1,0.11,0.11,11773,1167,0.2411,-0.0595,0.02891,-0.105,0.0201
2026-08-31 15:02:54,714.33,2026-08-31,709.0,0.11,0.12,0.12,19324,1006,0.2152,-0.0708,0.03707,-0.115,0.023
2026-08-31 15:02:54,714.33,2026-08-31,710.0,0.18,0.23,0.22,59260,9454,0.2143,-0.1152,0.0534,-0.205,0.033
2026-08-31 15:02:54,714.33,2026-08-31,711.0,0.32,0.33,0.3,51228,757,0.2083,-0.1712,0.07185,-0.325,0.0432
2026-08-31 15:02:54,714.33,2026-08-31,712.0,0.49,0.5,0.51,76213,2080,0.2005,-0.2447,0.09224,-0.495,0.0534
2026-08-31 15:02:54,714.33,2026-08-31,713.0,0.7,0.72,0.72,123821,782,0.1876,-0.3358,0.11445,-0.71,0.0619
2026-08-31 15:02:54,714.33,2026-08-31,714.0,1.11,1.12,1.12,147300,2032,0.1888,-0.4566,0.12368,-1.115,0.0674
2026-08-31 15:02:54,714.33,2026-08-31,715.0,1.55,1.61,1.62,113832,3474,0.1804,-0.5841,0.12728,-0.905,0.0662
2026-08-31 15:02:54,714.33,2026-08-31,716.0,2.27,2.29,2.27,61356,1206,0.1894,-0.6959,0.10877,-0.605,0.0594
2026-08-31 15:02:54,714.33,2026-08-31,717.0,3,3.04,3.03,14768,846,0.1877,-0.7968,0.08869,-0.345,0.048
2026-08-31 15:02:54,714.33,2026-08-31,718.0,3.8,3.87,3.9,6087,2164,0.1809,-0.882,0.06433,-0.16,0.0336
2026-08-31 15:02:54,714.33,2026-08-31,719.0,4.7,4.86,4.66,1985,1467,0.1954,-0.9187,0.04534,-0.105,0.0256
2026-08-31 15:02:54,714.33,2026-08-31,720.0,5.24,5.93,5.5,1864,3552,,,,,
2026-08-31 15:02:54,714.33,2026-08-31,721.0,6.71,6.84,6.06,470,840,0.2543,-0.9372,0.0286,-0.1,0.021
2026-08-31 15:02:54,714.33,2026-08-31,722.0,7.55,7.92,7.48,303,460,0.2608,-0.957,0.02064,-0.06,0.0155
2026-08-31 15:02:54,714.33,2026-08-31,723.0,8.72,8.76,8.73,185,382,0.2913,-0.9587,0.01787,-0.065,0.015
2026-08-31 15:02:54,714.33,2026-08-31,724.0,9.67,9.9,10.87,457,635,0.3462,-0.9482,0.01805,-0.11,0.018
2026-08-31 15:02:54,714.33,2026-08-31,725.0,10.35,10.78,10.68,494,4343,,,,,
2026-08-31 15:02:54,714.33,2026-08-31,726.0,11.54,11.6,11.45,133,512,,,,,
2026-08-31 15:02:54,714.33,2026-08-31,727.0,12.31,12.7,13.31,26,387,,,,,
2026-08-31 15:02:54,714.33,2026-08-31,728.0,13.05,14.07,14,8,359,,,,,
2026-08-31 15:02:54,714.33,2026-08-31,729.0,13.98,14.73,15.49,12,431,,,,,
2026-08-31 15:03:57,714.15,2026-08-31,700.0,0.03,0.04,0.02,3684,30098,0.3895,-0.0149,0.00571,-0.035,0.0064
2026-08-31 15:03:57,714.15,2026-08-31,701.0,0.03,0.04,0.02,1066,506,0.3655,-0.0158,0.00639,-0.035,0.0067
2026-08-31 15:03:57,714.15,2026-08-31,702.0,0.04,0.05,0.03,3310,487,0.3544,-0.0203,0.00817,-0.045,0.0083
2026-08-31 15:03:57,714.15,2026-08-31,703.0,0.01,0.02,0.02,5112,1050,0.2826,-0.0093,0.00522,-0.015,0.0042
2026-08-31 15:03:57,714.15,2026-08-31,704.0,0.01,0.05,0.02,4472,1012,0.2859,-0.0171,0.00876,-0.03,0.0072
2026-08-31 15:03:57,714.15,2026-08-31,705.0,0.01,0.06,0.05,12372,9235,0.2677,-0.0209,0.01105,-0.035,0.0085
2026-08-31 15:03:57,714.15,2026-08-31,706.0,0.06,0.07,0.05,6837,571,0.2694,-0.0358,0.01723,-0.065,0.0133
2026-08-31 15:03:57,714.15,2026-08-31,707.0,0.07,0.08,0.08,13918,772,0.2487,-0.0434,0.02186,-0.075,0.0156
2026-08-31 15:03:57,714.15,2026-08-31,708.0,0.1,0.11,0.1,11833,1167,0.2363,-0.0606,0.02999,-0.105,0.0204
2026-08-31 15:03:57,714.15,2026-08-31,709.0,0.14,0.15,0.11,19334,1006,0.2223,-0.084,0.04092,-0.145,0.0261
2026-08-31 15:03:57,714.15,2026-08-31,710.0,0.16,0.21,0.21,59561,9454,0.2025,-0.1112,0.05521,-0.185,0.0321
2026-08-31 15:03:57,714.15,2026-08-31,711.0,0.3,0.31,0.31,51472,757,0.1971,-0.1704,0.07587,-0.305,0.043
2026-08-31 15:03:57,714.15,2026-08-31,712.0,0.45,0.46,0.42,76577,2080,0.1853,-0.2441,0.09988,-0.455,0.0532
2026-08-31 15:03:57,714.15,2026-08-31,713.0,0.65,0.7,0.7,125217,782,0.1727,-0.3442,0.12574,-0.675,0.0624
2026-08-31 15:03:57,714.15,2026-08-31,714.0,1.03,1.04,1.04,149108,2032,0.1652,-0.4754,0.14224,-1.035,0.0675
2026-08-31 15:03:57,714.15,2026-08-31,715.0,1.45,1.52,1.52,114702,3474,0.15,-0.6276,0.14883,-0.635,0.0641
2026-08-31 15:03:57,714.15,2026-08-31,716.0,2.06,2.07,2.13,61879,1206,0.126,-0.8038,0.12954,-0.215,0.0469
2026-08-31 15:03:57,714.15,2026-08-31,717.0,2.79,2.81,2.85,14808,846,,,,,
2026-08-31 15:03:57,714.15,2026-08-31,718.0,3.58,3.81,3.73,6137,2164,,,,,
2026-08-31 15:03:57,714.15,2026-08-31,719.0,4.6,4.78,4.66,1985,1467,,,,,
2026-08-31 15:03:57,714.15,2026-08-31,720.0,5.49,5.72,5.52,1867,3552,,,,,
2026-08-31 15:03:57,714.15,2026-08-31,721.0,6.52,6.81,6.06,470,840,,,,,
2026-08-31 15:03:57,714.15,2026-08-31,722.0,7.39,7.78,7.48,303,460,,,,,
2026-08-31 15:03:57,714.15,2026-08-31,723.0,8.33,9.06,8.73,185,382,,,,,
2026-08-31 15:03:57,714.15,2026-08-31,724.0,9.37,9.94,10.87,457,635,,,,,
2026-08-31 15:03:57,714.15,2026-08-31,725.0,10.4,10.58,10.68,494,4343,,,,,
2026-08-31 15:03:57,714.15,2026-08-31,726.0,11.31,11.63,11.45,133,512,,,,,
2026-08-31 15:03:57,714.15,2026-08-31,727.0,12.61,13.13,13.31,26,387,0.3547,-0.9826,0.00715,-0.02,0.0073
2026-08-31 15:03:57,714.15,2026-08-31,728.0,13.22,15.23,14,8,359,0.589,-0.9139,0.01573,-0.375,0.0266
2026-08-31 15:03:57,714.15,2026-08-31,729.0,14.64,15.15,15.49,12,431,0.4327,-0.9771,0.00741,-0.045,0.0092
2026-08-31 15:04:59,714.49,2026-08-31,700.0,0.03,0.04,0.03,3712,30098,0.398,-0.0146,0.00551,-0.035,0.0063
2026-08-31 15:04:59,714.49,2026-08-31,701.0,0.01,0.04,0.03,1087,506,0.3571,-0.0119,0.00514,-0.025,0.0053
2026-08-31 15:04:59,714.49,2026-08-31,702.0,0.01,0.02,0.04,3311,487,0.3126,-0.0085,0.00436,-0.015,0.0039
2026-08-31 15:04:59,714.49,2026-08-31,703.0,0.04,0.05,0.04,5113,1050,0.3382,-0.0212,0.00889,-0.045,0.0086
2026-08-31 15:04:59,714.49,2026-08-31,704.0,0.04,0.05,0.04,4474,1012,0.313,-0.0227,0.01018,-0.045,0.0091
2026-08-31 15:04:59,714.49,2026-08-31,705.0,0.05,0.06,0.04,12378,9235,0.2972,-0.0284,0.01292,-0.055,0.011
2026-08-31 15:04:59,714.49,2026-08-31,706.0,0.02,0.07,0.06,6842,571,0.2618,-0.0266,0.01389,-0.045,0.0104
2026-08-31 15:04:59,714.49,2026-08-31,707.0,0.04,0.09,0.09,14006,772,0.2516,-0.038,0.01942,-0.065,0.014
2026-08-31 15:04:59,714.49,2026-08-31,708.0,0.06,0.07,0.11,11960,1167,0.2238,-0.0421,0.02371,-0.065,0.0152
2026-08-31 15:04:59,714.49,2026-08-31,709.0,0.14,0.15,0.11,19534,1006,0.2334,-0.0807,0.03786,-0.145,0.0253
2026-08-31 15:04:59,714.49,2026-08-31,710.0,0.2,0.21,0.21,60167,9454,0.2207,-0.1128,0.05126,-0.205,0.0324
2026-08-31 15:04:59,714.49,2026-08-31,711.0,0.26,0.31,0.31,51754,757,0.2057,-0.1561,0.06875,-0.285,0.0405
2026-08-31 15:04:59,714.49,2026-08-31,712.0,0.42,0.43,0.43,77604,2080,0.195,-0.2231,0.09044,-0.425,0.0505
2026-08-31 15:04:59,714.49,2026-08-31,713.0,0.69,0.7,0.7,127925,782,0.1944,-0.323,0.10909,-0.695,0.0608
2026-08-31 15:04:59,714.49,2026-08-31,714.0,0.99,1,1,152981,2032,0.1822,-0.4344,0.12762,-0.995,0.0666
2026-08-31 15:04:59,714.49,2026-08-31,715.0,1.5,1.52,1.52,116310,3474,0.1843,-0.5625,0.12627,-0.995,0.0667
2026-08-31 15:04:59,714.49,2026-08-31,716.0,2.1,2.12,2.16,62384,1206,0.1801,-0.6875,0.11614,-0.595,0.0599
2026-08-31 15:04:59,714.49,2026-08-31,717.0,2.83,2.86,2.86,15297,846,0.1784,-0.7949,0.09412,-0.33,0.0481
2026-08-31 15:04:59,714.49,2026-08-31,718.0,3.63,3.78,3.73,6170,2164,0.1844,-0.8677,0.0686,-0.19,0.0362
2026-08-31 15:04:59,714.49,2026-08-31,719.0,4.56,4.94,4.79,1995,1467,0.233,-0.8716,0.05318,-0.235,0.0355
2026-08-31 15:04:59,714.49,2026-08-31,720.0,5.34,5.83,5.83,1893,3552,0.2061,-0.9415,0.03348,-0.07,0.0198
2026-08-31 15:04:59,714.49,2026-08-31,721.0,6.45,7.04,6.86,485,840,0.3006,-0.8975,0.03511,-0.23,0.0302
2026-08-31 15:04:59,714.49,2026-08-31,722.0,7.51,7.98,7.48,303,460,0.3337,-0.906,0.02969,-0.23,0.0284
2026-08-31 15:04:59,714.49,2026-08-31,723.0,8.24,9.05,8.73,185,382,0.324,-0.9378,0.02235,-0.13,0.0207
2026-08-31 15:04:59,714.49,2026-08-31,724.0,9.29,9.86,10.87,457,635,0.3112,-0.963,0.01533,-0.06,0.0137
2026-08-31 15:04:59,714.49,2026-08-31,725.0,10.39,10.75,10.68,494,4343,0.3337,-0.9672,0.01297,-0.055,0.0124
2026-08-31 15:04:59,714.49,2026-08-31,726.0,11.46,11.82,11.9,135,512,0.4076,-0.9503,0.01487,-0.125,0.0174
2026-08-31 15:04:59,714.49,2026-08-31,727.0,12.51,12.68,13.31,26,387,0.4055,-0.9641,0.0115,-0.08,0.0134
2026-08-31 15:04:59,714.49,2026-08-31,728.0,13.55,14.8,14,8,359,0.6721,-0.8785,0.01774,-0.66,0.0342
2026-08-31 15:04:59,714.49,2026-08-31,729.0,14.52,15.07,15.49,12,431,0.5717,-0.9301,0.01386,-0.28,0.0227
2026-08-31 15:06:00,714.57,2026-08-31,700.0,0.03,0.04,0.03,3714,30098,0.4007,-0.0146,0.00546,-0.035,0.0062
2026-08-31 15:06:00,714.57,2026-08-31,701.0,0.01,0.04,0.03,1089,506,0.3597,-0.0119,0.00509,-0.025,0.0052
2026-08-31 15:06:00,714.57,2026-08-31,702.0,0.01,0.05,0.04,3335,487,0.3449,-0.0145,0.00632,-0.03,0.0062
2026-08-31 15:06:00,714.57,2026-08-31,703.0,0.04,0.05,0.04,5116,1050,0.3409,-0.0211,0.00879,-0.045,0.0086
2026-08-31 15:06:00,714.57,2026-08-31,704.0,0.04,0.05,0.02,4475,1012,0.3156,-0.0226,0.01005,-0.045,0.0091
2026-08-31 15:06:00,714.57,2026-08-31,705.0,0.01,0.02,0.05,12530,9235,0.2478,-0.0105,0.00664,-0.015,0.0047
2026-08-31 15:06:00,714.57,2026-08-31,706.0,0.02,0.07,0.06,6846,571,0.2644,-0.0264,0.01369,-0.045,0.0103
2026-08-31 15:06:00,714.57,2026-08-31,707.0,0.03,0.04,0.08,14133,772,0.2287,-0.024,0.01464,-0.035,0.0096
2026-08-31 15:06:00,714.57,2026-08-31,708.0,0.05,0.06,0.1,12413,1167,0.2196,-0.0371,0.02182,-0.055,0.0137
2026-08-31 15:06:00,714.57,2026-08-31,709.0,0.09,0.14,0.14,19672,1006,0.2239,-0.0688,0.03501,-0.115,0.0224
2026-08-31 15:06:00,714.57,2026-08-31,710.0,0.18,0.19,0.19,60746,9454,0.2176,-0.105,0.04943,-0.185,0.0307
2026-08-31 15:06:00,714.57,2026-08-31,711.0,0.23,0.24,0.24,52230,757,0.1965,-0.1389,0.06667,-0.235,0.0374
2026-08-31 15:06:00,714.57,2026-08-31,712.0,0.4,0.41,0.41,78753,2080,0.195,-0.2151,0.08869,-0.405,0.0494
2026-08-31 15:06:00,714.57,2026-08-31,713.0,0.56,0.57,0.57,130940,782,0.1774,-0.2973,0.11551,-0.565,0.0585
2026-08-31 15:06:00,714.57,2026-08-31,714.0,0.88,0.93,0.93,156151,2032,0.1744,-0.4202,0.13264,-0.905,0.0661
2026-08-31 15:06:00,714.57,2026-08-31,715.0,1.3,1.32,1.32,117477,3474,0.1618,-0.5592,0.14429,-0.88,0.0667
2026-08-31 15:06:00,714.57,2026-08-31,716.0,1.89,1.95,1.97,62627,1206,0.1583,-0.7005,0.12988,-0.49,0.0587
2026-08-31 15:06:00,714.57,2026-08-31,717.0,2.6,2.67,2.71,15413,846,0.1476,-0.8324,0.10051,-0.205,0.0424
2026-08-31 15:06:00,714.57,2026-08-31,718.0,3.39,3.52,3.48,6186,2164,0.1219,-0.9507,0.04951,-0.025,0.0172
2026-08-31 15:06:00,714.57,2026-08-31,719.0,4.28,5.01,4.88,1996,1467,0.2246,-0.8762,0.05386,-0.215,0.0346
2026-08-31 15:06:00,714.57,2026-08-31,720.0,5.24,6.02,5.82,1908,3552,0.2547,-0.8943,0.04245,-0.2,0.0309
2026-08-31 15:06:00,714.57,2026-08-31,721.0,6.32,6.99,6.82,486,840,0.2966,-0.898,0.03553,-0.225,0.0301
2026-08-31 15:06:00,714.57,2026-08-31,722.0,7.19,7.85,7.48,304,460,0.2726,-0.945,0.02417,-0.09,0.0188
2026-08-31 15:06:00,714.57,2026-08-31,723.0,8.07,8.78,8.73,185,382,0.213,-0.9898,0.0075,0.005,0.0046
2026-08-31 15:06:00,714.57,2026-08-31,724.0,9.35,9.78,10.87,457,635,0.3539,-0.9405,0.01978,-0.135,0.02
2026-08-31 15:06:00,714.57,2026-08-31,725.0,10.12,10.31,10.68,494,4343,,,,,
2026-08-31 15:06:00,714.57,2026-08-31,726.0,11.08,11.31,11.58,137,512,,,,,
2026-08-31 15:06:00,714.57,2026-08-31,727.0,12.06,12.83,13.31,26,387,0.3387,-0.9841,0.00697,-0.015,0.0067
2026-08-31 15:06:00,714.57,2026-08-31,728.0,13,15.28,14,8,359,0.6846,-0.8729,0.018,-0.71,0.0352
2026-08-31 15:06:00,714.57,2026-08-31,729.0,14.43,14.86,15.49,12,431,0.5396,-0.9404,0.01299,-0.215,0.02
2026-08-31 15:07:02,714.92,2026-08-31,700.0,0.03,0.04,0.03,3748,30098,0.4095,-0.0143,0.00526,-0.035,0.0061
2026-08-31 15:07:02,714.92,2026-08-31,701.0,0.01,0.04,0.03,1090,506,0.3683,-0.0116,0.00489,-0.025,0.0051
2026-08-31 15:07:02,714.92,2026-08-31,702.0,0.01,0.05,0.02,3336,487,0.3537,-0.0142,0.00606,-0.03,0.0061
2026-08-31 15:07:02,714.92,2026-08-31,703.0,0.04,0.05,0.04,5116,1050,0.3501,-0.0206,0.0084,-0.045,0.0084
2026-08-31 15:07:02,714.92,2026-08-31,704.0,0.01,0.05,0.02,4475,1012,0.3058,-0.0162,0.00784,-0.03,0.0068
2026-08-31 15:07:02,714.92,2026-08-31,705.0,0.01,0.02,0.04,12532,9235,0.256,-0.0102,0.00628,-0.015,0.0046
2026-08-31 15:07:02,714.92,2026-08-31,706.0,0.02,0.03,0.06,6846,571,0.2502,-0.0165,0.00972,-0.025,0.0069
2026-08-31 15:07:02,714.92,2026-08-31,707.0,0.07,0.08,0.08,14146,772,0.2713,-0.0404,0.01897,-0.075,0.0147
2026-08-31 15:07:02,714.92,2026-08-31,708.0,0.09,0.1,0.1,12416,1167,0.255,-0.0523,0.02485,-0.095,0.018
2026-08-31 15:07:02,714.92,2026-08-31,709.0,0.11,0.12,0.13,19678,1006,0.235,-0.0661,0.03237,-0.115,0.0217
2026-08-31 15:07:02,714.92,2026-08-31,710.0,0.16,0.17,0.17,60838,9454,0.223,-0.0936,0.04442,-0.165,0.0282
2026-08-31 15:07:02,714.92,2026-08-31,711.0,0.19,0.24,0.21,52323,757,0.2041,-0.1254,0.05989,-0.215,0.0348
2026-08-31 15:07:02,714.92,2026-08-31,712.0,0.34,0.35,0.35,78934,2080,0.1976,-0.1881,0.08088,-0.345,0.0455
2026-08-31 15:07:02,714.92,2026-08-31,713.0,0.48,0.49,0.49,131545,782,0.1808,-0.2618,0.10667,-0.485,0.0549
2026-08-31 15:07:02,714.92,2026-08-31,714.0,0.78,0.79,0.79,157393,2032,0.1777,-0.3765,0.1266,-0.785,0.0641
2026-08-31 15:07:02,714.92,2026-08-31,715.0,1.13,1.14,1.14,117863,3474,0.1638,-0.5083,0.14423,-1.055,0.0673
2026-08-31 15:07:02,714.92,2026-08-31,716.0,1.7,1.73,1.74,62688,1206,0.1637,-0.6489,0.13421,-0.635,0.0626
2026-08-31 15:07:02,714.92,2026-08-31,717.0,2.39,2.42,2.45,15457,846,0.159,-0.778,0.11087,-0.325,0.0502
2026-08-31 15:07:02,714.92,2026-08-31,718.0,3.15,3.3,3.4,6193,2164,0.1565,-0.8759,0.0775,-0.145,0.0346
2026-08-31 15:07:02,714.92,2026-08-31,719.0,3.96,4.57,4.88,2009,1467,0.2037,-0.8802,0.05812,-0.185,0.0337
2026-08-31 15:07:02,714.92,2026-08-31,720.0,4.96,5.15,5.79,1908,3552,,,,,
2026-08-31 15:07:02,714.92,2026-08-31,721.0,5.94,7.02,6.82,486,840,0.3356,-0.8559,0.04008,-0.4,0.0383
2026-08-31 15:07:02,714.92,2026-08-31,722.0,6.98,7.99,7.83,304,460,0.3736,-0.8666,0.03416,-0.405,0.0364
2026-08-31 15:07:02,714.92,2026-08-31,723.0,7.72,8.95,8.73,185,382,0.3619,-0.9046,0.02775,-0.255,0.0286
2026-08-31 15:07:02,714.92,2026-08-31,724.0,9.03,9.98,10.87,457,635,0.4502,-0.8809,0.02618,-0.425,0.0336
2026-08-31 15:07:02,714.92,2026-08-31,725.0,10,10.04,10.68,494,4343,,,,,
2026-08-31 15:07:02,714.92,2026-08-31,726.0,10.75,11.13,11.58,137,512,,,,,
2026-08-31 15:07:02,714.92,2026-08-31,727.0,11.95,12.71,13.31,26,387,0.4864,-0.9266,0.01695,-0.25,0.0235
2026-08-31 15:07:02,714.92,2026-08-31,728.0,13,14.83,14,8,359,0.7073,-0.859,0.01873,-0.835,0.0377
2026-08-31 15:07:02,714.92,2026-08-31,729.0,13.58,15.09,15.49,12,431,0.549,-0.9327,0.01405,-0.255,0.022
2026-08-31 15:08:04,714.66,2026-08-31,700.0,0.03,0.04,0.03,3748,30098,0.4042,-0.0145,0.00541,-0.035,0.0062
2026-08-31 15:08:04,714.66,2026-08-31,701.0,0.01,0.02,0.03,1091,506,0.3403,-0.0079,0.00378,-0.015,0.0037
2026-08-31 15:08:04,714.66,2026-08-31,702.0,0.01,0.04,0.02,3336,487,0.3396,-0.0125,0.00568,-0.025,0.0055
2026-08-31 15:08:04,714.66,2026-08-31,703.0,0.01,0.02,0.03,5128,1050,0.2958,-0.009,0.00486,-0.015,0.0041
2026-08-31 15:08:04,714.66,2026-08-31,704.0,0.01,0.05,0.02,4475,1012,0.3001,-0.0165,0.00814,-0.03,0.0069
2026-08-31 15:08:04,714.66,2026-08-31,705.0,0.05,0.06,0.05,12544,9235,0.3033,-0.028,0.01258,-0.055,0.0108
2026-08-31 15:08:04,714.66,2026-08-31,706.0,0.02,0.03,0.06,6851,571,0.2444,-0.0169,0.01017,-0.025,0.0071
2026-08-31 15:08:04,714.66,2026-08-31,707.0,0.03,0.04,0.08,14200,772,0.2317,-0.0238,0.01439,-0.035,0.0095
2026-08-31 15:08:04,714.66,2026-08-31,708.0,0.09,0.1,0.1,12450,1167,0.2479,-0.0537,0.02615,-0.095,0.0184
2026-08-31 15:08:04,714.66,2026-08-31,709.0,0.09,0.14,0.1,19728,1006,0.2275,-0.0681,0.0343,-0.115,0.0221
2026-08-31 15:08:04,714.66,2026-08-31,710.0,0.16,0.21,0.17,61238,9454,0.2215,-0.1037,0.04832,-0.185,0.0304
2026-08-31 15:08:04,714.66,2026-08-31,711.0,0.25,0.3,0.26,52676,757,0.211,-0.1492,0.06538,-0.275,0.0391
2026-08-31 15:08:04,714.66,2026-08-31,712.0,0.4,0.41,0.45,79307,2080,0.1996,-0.2118,0.08616,-0.405,0.0488
2026-08-31 15:08:04,714.66,2026-08-31,713.0,0.62,0.67,0.66,133119,782,0.1963,-0.3049,0.10596,-0.645,0.059
2026-08-31 15:08:04,714.66,2026-08-31,714.0,1,1.02,0.95,158941,2032,0.1967,-0.4181,0.11788,-1.01,0.0658
2026-08-31 15:08:04,714.66,2026-08-31,715.0,1.39,1.41,1.41,118445,3474,0.1833,-0.5408,0.12856,-1.06,0.0668
2026-08-31 15:08:04,714.66,2026-08-31,716.0,2.04,2.06,1.99,62917,1206,0.1905,-0.659,0.11432,-0.71,0.0618
2026-08-31 15:08:04,714.66,2026-08-31,717.0,2.72,2.81,2.57,15478,846,0.1906,-0.7643,0.09589,-0.425,0.0518
2026-08-31 15:08:04,714.66,2026-08-31,718.0,3.47,3.65,3.66,6229,2164,0.1868,-0.8534,0.07295,-0.22,0.0387
2026-08-31 15:08:04,714.66,2026-08-31,719.0,4.28,4.65,4.32,2010,1467,0.1936,-0.9065,0.05123,-0.125,0.0281
2026-08-31 15:08:04,714.66,2026-08-31,720.0,5.09,5.54,5.79,1909,3552,,,,,
2026-08-31 15:08:04,714.66,2026-08-31,721.0,6.34,6.92,6.82,486,840,0.315,-0.8816,0.03736,-0.29,0.0334
2026-08-31 15:08:04,714.66,2026-08-31,722.0,7.04,7.9,7.83,305,460,0.2903,-0.9315,0.02702,-0.13,0.0222
2026-08-31 15:08:04,714.66,2026-08-31,723.0,8.35,9.05,8.73,185,382,0.4058,-0.8861,0.02821,-0.36,0.0325
2026-08-31 15:08:04,714.66,2026-08-31,724.0,8.79,9.78,10.87,457,635,,,,,
2026-08-31 15:08:04,714.66,2026-08-31,725.0,10.41,10.53,10.68,494,4343,0.3789,-0.9454,0.01734,-0.13,0.0186
2026-08-31 15:08:04,714.66,2026-08-31,726.0,11.38,11.44,11.58,137,512,0.3687,-0.9644,0.01261,-0.07,0.0132
2026-08-31 15:08:04,714.66,2026-08-31,727.0,12.16,13.08,13.31,26,387,0.508,-0.9225,0.01696,-0.28,0.0244
2026-08-31 15:08:04,714.66,2026-08-31,728.0,13.1,14.92,14,8,359,0.6723,-0.8765,0.01802,-0.67,0.0344
2026-08-31 15:08:04,714.66,2026-08-31,729.0,14.34,14.83,15.49,12,431,0.5533,-0.9351,0.01358,-0.245,0.0213
2026-08-31 15:09:07,714.54,2026-08-31,700.0,0.01,0.04,0.03,3748,30098,0.3842,-0.0112,0.00457,-0.025,0.005
2026-08-31 15:09:07,714.54,2026-08-31,701.0,0.01,0.04,0.02,1091,506,0.3609,-0.0119,0.00511,-0.025,0.0052
2026-08-31 15:09:07,714.54,2026-08-31,702.0,0.01,0.02,0.02,3340,487,0.316,-0.0085,0.00433,-0.015,0.0039
2026-08-31 15:09:07,714.54,2026-08-31,703.0,0.01,0.02,0.04,5128,1050,0.2937,-0.009,0.00495,-0.015,0.0041
2026-08-31 15:09:07,714.54,2026-08-31,704.0,0.04,0.05,0.02,4489,1012,0.3166,-0.0226,0.0101,-0.045,0.009
2026-08-31 15:09:07,714.54,2026-08-31,705.0,0.01,0.02,0.05,12561,9235,0.2484,-0.0105,0.00667,-0.015,0.0047
2026-08-31 15:09:07,714.54,2026-08-31,706.0,0.06,0.07,0.06,6855,571,0.2823,-0.0346,0.01612,-0.065,0.0129
2026-08-31 15:09:07,714.54,2026-08-31,707.0,0.08,0.09,0.08,14235,772,0.2682,-0.0457,0.02128,-0.085,0.0161
2026-08-31 15:09:07,714.54,2026-08-31,708.0,0.06,0.07,0.11,12520,1167,0.2269,-0.0418,0.02344,-0.065,0.015
2026-08-31 15:09:07,714.54,2026-08-31,709.0,0.1,0.11,0.15,19799,1006,0.2196,-0.065,0.03436,-0.105,0.0213
2026-08-31 15:09:07,714.54,2026-08-31,710.0,0.2,0.21,0.21,61451,9454,0.2241,-0.112,0.05055,-0.205,0.032
2026-08-31 15:09:07,714.54,2026-08-31,711.0,0.3,0.31,0.31,53592,757,0.2143,-0.1604,0.06768,-0.305,0.041
2026-08-31 15:09:07,714.54,2026-08-31,712.0,0.46,0.47,0.47,79697,2080,0.2067,-0.2297,0.08734,-0.465,0.051
2026-08-31 15:09:07,714.54,2026-08-31,713.0,0.65,0.66,0.7,134892,782,0.192,-0.3138,0.10987,-0.655,0.0596
2026-08-31 15:09:07,714.54,2026-08-31,714.0,1.03,1.04,1,160348,2032,0.1931,-0.431,0.12106,-1.035,0.0661
2026-08-31 15:09:07,714.54,2026-08-31,715.0,1.45,1.47,1.47,119143,3474,0.1827,-0.5565,0.12858,-1.0,0.0664
2026-08-31 15:09:07,714.54,2026-08-31,716.0,2.11,2.14,2.13,63019,1206,0.1901,-0.6733,0.1129,-0.665,0.0606
2026-08-31 15:09:07,714.54,2026-08-31,717.0,2.87,2.88,2.89,15939,846,0.1944,-0.7716,0.09257,-0.415,0.0508
2026-08-31 15:09:07,714.54,2026-08-31,718.0,3.71,3.77,3.85,6230,2164,0.2068,-0.8378,0.07061,-0.28,0.0413
2026-08-31 15:09:07,714.54,2026-08-31,719.0,4.61,4.72,4.85,2010,1467,0.2239,-0.8798,0.0532,-0.205,0.0337
2026-08-31 15:09:07,714.54,2026-08-31,720.0,5.59,5.74,5.8,1910,3552,0.2587,-0.8933,0.04232,-0.205,0.0309
2026-08-31 15:09:07,714.54,2026-08-31,721.0,6.55,6.58,6.82,489,840,0.2527,-0.9341,0.03017,-0.105,0.0215
2026-08-31 15:09:07,714.54,2026-08-31,722.0,7.57,7.73,7.79,305,460,0.3194,-0.9155,0.02886,-0.19,0.026
2026-08-31 15:09:07,714.54,2026-08-31,723.0,8.52,8.82,8.73,185,382,0.359,-0.9172,0.02528,-0.21,0.0256
2026-08-31 15:09:07,714.54,2026-08-31,724.0,9.42,10.08,10.87,457,635,0.4211,-0.9067,0.02357,-0.29,0.028
2026-08-31 15:09:07,714.54,2026-08-31,725.0,10.48,10.54,10.68,494,4343,0.3303,-0.9688,0.01266,-0.05,0.0118
2026-08-31 15:09:07,714.54,2026-08-31,726.0,11.4,11.65,11.58,137,512,0.3687,-0.9662,0.01212,-0.065,0.0126
2026-08-31 15:09:07,714.54,2026-08-31,727.0,12.34,12.72,13.31,26,387,0.3989,-0.9668,0.01105,-0.07,0.0125
2026-08-31 15:09:07,714.54,2026-08-31,728.0,13.71,15.02,14,8,359,0.7425,-0.855,0.01826,-0.905,0.0383
2026-08-31 15:09:07,714.54,2026-08-31,729.0,14.64,14.65,15.49,12,431,0.5276,-0.9459,0.01239,-0.185,0.0185
2026-08-31 15:10:08,714.45,2026-08-31,700.0,0.03,0.04,0.03,3748,30098,0.4007,-0.0147,0.00553,-0.035,0.0062
2026-08-31 15:10:08,714.45,2026-08-31,701.0,0.01,0.04,0.02,1091,506,0.3595,-0.012,0.00516,-0.025,0.0052
2026-08-31 15:10:08,714.45,2026-08-31,702.0,0.01,0.02,0.03,3340,487,0.3146,-0.0085,0.00438,-0.015,0.0039
2026-08-31 15:10:08,714.45,2026-08-31,703.0,0.01,0.05,0.02,5129,1050,0.3204,-0.0156,0.00729,-0.03,0.0066
2026-08-31 15:10:08,714.45,2026-08-31,704.0,0.01,0.05,0.02,4495,1012,0.2961,-0.0168,0.00839,-0.03,0.007
2026-08-31 15:10:08,714.45,2026-08-31,705.0,0.01,0.02,0.05,12564,9235,0.2468,-0.0106,0.00677,-0.015,0.0047
2026-08-31 15:10:08,714.45,2026-08-31,706.0,0.06,0.07,0.06,6856,571,0.2804,-0.0348,0.01637,-0.065,0.0129
2026-08-31 15:10:08,714.45,2026-08-31,707.0,0.07,0.08,0.07,14289,772,0.2597,-0.0422,0.02066,-0.075,0.0151
2026-08-31 15:10:08,714.45,2026-08-31,708.0,0.06,0.11,0.1,12549,1167,0.237,-0.0509,0.0263,-0.085,0.0176
2026-08-31 15:10:08,714.45,2026-08-31,709.0,0.14,0.15,0.14,19810,1006,0.2344,-0.081,0.03816,-0.145,0.0252
2026-08-31 15:10:08,714.45,2026-08-31,710.0,0.16,0.21,0.19,61755,9454,0.215,-0.1067,0.05097,-0.185,0.0309
2026-08-31 15:10:08,714.45,2026-08-31,711.0,0.29,0.3,0.28,53785,757,0.2087,-0.1598,0.06945,-0.295,0.0408
2026-08-31 15:10:08,714.45,2026-08-31,712.0,0.4,0.45,0.42,80011,2080,0.1951,-0.2245,0.0915,-0.425,0.0503
2026-08-31 15:10:08,714.45,2026-08-31,713.0,0.64,0.65,0.64,135658,782,0.1859,-0.3181,0.11436,-0.645,0.0599
2026-08-31 15:10:08,714.45,2026-08-31,714.0,1.01,1.03,1.01,161570,2032,0.1852,-0.4394,0.12688,-1.02,0.0662
2026-08-31 15:10:08,714.45,2026-08-31,715.0,1.48,1.5,1.48,119846,3474,0.1799,-0.5692,0.13016,-0.94,0.0659
2026-08-31 15:10:08,714.45,2026-08-31,716.0,2.11,2.14,2.11,63135,1206,0.1801,-0.6931,0.11624,-0.575,0.0589
2026-08-31 15:10:08,714.45,2026-08-31,717.0,2.84,2.88,2.84,16001,846,0.1771,-0.802,0.09364,-0.31,0.0467
2026-08-31 15:10:08,714.45,2026-08-31,718.0,3.66,3.8,3.7,6235,2164,0.1844,-0.8722,0.06757,-0.18,0.0351
2026-08-31 15:10:08,714.45,2026-08-31,719.0,4.5,4.72,4.85,2020,1467,0.1741,-0.9388,0.0414,-0.06,0.0203
2026-08-31 15:10:08,714.45,2026-08-31,720.0,5.36,5.61,5.65,1910,3552,,,,,
2026-08-31 15:10:08,714.45,2026-08-31,721.0,6.41,6.59,6.6,489,840,,,,,
2026-08-31 15:10:08,714.45,2026-08-31,722.0,7.34,7.62,7.79,306,460,,,,,
2026-08-31 15:10:08,714.45,2026-08-31,723.0,8.5,8.95,8.73,185,382,0.3483,-0.9261,0.02395,-0.175,0.0235
2026-08-31 15:10:08,714.45,2026-08-31,724.0,9.58,9.97,10.87,457,635,0.4002,-0.9201,0.02212,-0.225,0.0249
2026-08-31 15:10:08,714.45,2026-08-31,725.0,10.56,10.84,10.68,494,4343,0.3969,-0.9413,0.01759,-0.15,0.0197
2026-08-31 15:10:08,714.45,2026-08-31,726.0,11.6,11.81,11.58,137,512,0.4287,-0.9436,0.01578,-0.155,0.019
2026-08-31 15:10:08,714.45,2026-08-31,727.0,12.19,12.46,13.31,26,387,,,,,
2026-08-31 15:10:08,714.45,2026-08-31,728.0,13.63,14.62,14,8,359,0.6534,-0.8879,0.01739,-0.575,0.032
2026-08-31 15:10:08,714.45,2026-08-31,729.0,14.64,14.89,15.49,12,431,0.5469,-0.9408,0.01285,-0.215,0.0198
2026-08-31 15:11:10,714.45,2026-08-31,700.0,0.01,0.02,0.02,3818,30098,0.3597,-0.0075,0.00346,-0.015,0.0035
2026-08-31 15:11:10,714.45,2026-08-31,701.0,0.01,0.02,0.02,1120,506,0.3375,-0.008,0.00388,-0.015,0.0037
2026-08-31 15:11:10,714.45,2026-08-31,702.0,0.01,0.02,0.03,3350,487,0.3152,-0.0085,0.00438,-0.015,0.0039
2026-08-31 15:11:10,714.45,2026-08-31,703.0,0.01,0.02,0.02,5129,1050,0.2927,-0.0091,0.00501,-0.015,0.0041
2026-08-31 15:11:10,714.45,2026-08-31,704.0,0.01,0.05,0.02,4495,1012,0.2967,-0.0168,0.00839,-0.03,0.007
2026-08-31 15:11:10,714.45,2026-08-31,705.0,0.01,0.06,0.04,12641,9235,0.2785,-0.0203,0.01054,-0.035,0.0082
2026-08-31 15:11:10,714.45,2026-08-31,706.0,0.06,0.07,0.06,6868,571,0.2809,-0.0348,0.01637,-0.065,0.0129
2026-08-31 15:11:10,714.45,2026-08-31,707.0,0.03,0.08,0.04,14335,772,0.2457,-0.0339,0.01827,-0.055,0.0126
2026-08-31 15:11:10,714.45,2026-08-31,708.0,0.05,0.06,0.09,12685,1167,0.2183,-0.0376,0.0224,-0.055,0.0137
2026-08-31 15:11:10,714.45,2026-08-31,709.0,0.08,0.13,0.13,19915,1006,0.2176,-0.0657,0.0351,-0.105,0.0214
2026-08-31 15:11:10,714.45,2026-08-31,710.0,0.14,0.15,0.15,62072,9454,0.2017,-0.092,0.04885,-0.145,0.0276
2026-08-31 15:11:10,714.45,2026-08-31,711.0,0.27,0.28,0.27,54582,757,0.204,-0.154,0.06944,-0.275,0.0397
2026-08-31 15:11:10,714.45,2026-08-31,712.0,0.41,0.42,0.41,81256,2080,0.1935,-0.2221,0.0919,-0.415,0.0499
2026-08-31 15:11:10,714.45,2026-08-31,713.0,0.62,0.63,0.62,138497,782,0.1829,-0.3151,0.11598,-0.625,0.0595
2026-08-31 15:11:10,714.45,2026-08-31,714.0,0.9,0.91,0.91,164294,2032,0.1681,-0.4334,0.13969,-0.905,0.0659
2026-08-31 15:11:10,714.45,2026-08-31,715.0,1.34,1.36,1.35,120701,3474,0.1589,-0.5786,0.14697,-0.8,0.0655
2026-08-31 15:11:10,714.45,2026-08-31,716.0,1.93,1.96,1.96,63419,1206,0.149,-0.7297,0.13258,-0.395,0.0554
2026-08-31 15:11:10,714.45,2026-08-31,717.0,2.69,2.73,2.75,16116,846,0.1423,-0.8552,0.09552,-0.16,0.0381
2026-08-31 15:11:10,714.45,2026-08-31,718.0,3.55,3.62,3.5,6275,2164,0.1319,-0.9446,0.05069,-0.035,0.0187
2026-08-31 15:11:10,714.45,2026-08-31,719.0,4.34,4.62,4.55,2031,1467,,,,,
2026-08-31 15:11:10,714.45,2026-08-31,720.0,5.26,5.45,5.5,1934,3552,,,,,
2026-08-31 15:11:10,714.45,2026-08-31,721.0,6.18,6.51,6.6,509,840,,,,,
2026-08-31 15:11:10,714.45,2026-08-31,722.0,7.19,7.68,7.57,306,460,,,,,
2026-08-31 15:11:10,714.45,2026-08-31,723.0,8.4,8.72,8.73,185,382,0.2422,-0.9816,0.01112,-0.01,0.0076
2026-08-31 15:11:10,714.45,2026-08-31,724.0,9.31,9.97,10.87,457,635,0.3354,-0.9537,0.01727,-0.09,0.0162
2026-08-31 15:11:10,714.45,2026-08-31,725.0,10.1,10.68,10.68,494,4343,,,,,
2026-08-31 15:11:10,714.45,2026-08-31,726.0,11.08,11.66,11.58,137,512,,,,,
2026-08-31 15:11:10,714.45,2026-08-31,727.0,12.12,12.57,13.31,26,387,,,,,
2026-08-31 15:11:10,714.45,2026-08-31,728.0,13.25,14.52,14,8,359,0.5709,-0.9186,0.01576,-0.335,0.0252
2026-08-31 15:11:10,714.45,2026-08-31,729.0,14.47,15.06,15.49,12,431,0.5479,-0.9408,0.01285,-0.215,0.0197
2026-08-31 15:12:12,714.43,2026-08-31,700.0,0.03,0.04,0.03,3824,30098,0.4016,-0.0147,0.00554,-0.035,0.0062
2026-08-31 15:12:12,714.43,2026-08-31,701.0,0.03,0.04,0.03,1121,506,0.3774,-0.0155,0.00619,-0.035,0.0065
2026-08-31 15:12:12,714.43,2026-08-31,702.0,0.03,0.04,0.03,3371,487,0.3529,-0.0165,0.00696,-0.035,0.0069
2026-08-31 15:12:12,714.43,2026-08-31,703.0,0.04,0.05,0.02,5130,1050,0.341,-0.0213,0.00895,-0.045,0.0085
2026-08-31 15:12:12,714.43,2026-08-31,704.0,0.04,0.05,0.02,4526,1012,0.3155,-0.0228,0.01026,-0.045,0.009
2026-08-31 15:12:12,714.43,2026-08-31,705.0,0.05,0.06,0.05,12715,9235,0.2994,-0.0285,0.01303,-0.055,0.0109
2026-08-31 15:12:12,714.43,2026-08-31,706.0,0.06,0.07,0.03,6881,571,0.2808,-0.0349,0.01642,-0.065,0.0129
2026-08-31 15:12:12,714.43,2026-08-31,707.0,0.03,0.08,0.07,14436,772,0.2456,-0.0339,0.01834,-0.055,0.0126
2026-08-31 15:12:12,714.43,2026-08-31,708.0,0.05,0.1,0.09,12779,1167,0.2314,-0.0468,0.02528,-0.075,0.0164
2026-08-31 15:12:12,714.43,2026-08-31,709.0,0.13,0.14,0.1,19983,1006,0.2305,-0.0776,0.03769,-0.135,0.0243
2026-08-31 15:12:12,714.43,2026-08-31,710.0,0.15,0.16,0.19,63341,9454,0.205,-0.0961,0.04974,-0.155,0.0285
2026-08-31 15:12:12,714.43,2026-08-31,711.0,0.29,0.3,0.24,54999,757,0.2086,-0.1603,0.06986,-0.295,0.0407
2026-08-31 15:12:12,714.43,2026-08-31,712.0,0.4,0.41,0.4,81721,2080,0.1909,-0.2206,0.09292,-0.405,0.0496
2026-08-31 15:12:12,714.43,2026-08-31,713.0,0.63,0.68,0.63,140307,782,0.1872,-0.321,0.11442,-0.655,0.0599
2026-08-31 15:12:12,714.43,2026-08-31,714.0,0.96,0.97,0.96,171898,2032,0.1762,-0.4389,0.13383,-0.965,0.0659
2026-08-31 15:12:12,714.43,2026-08-31,715.0,1.42,1.44,1.42,121926,3474,0.1697,-0.5765,0.13806,-0.86,0.0655
2026-08-31 15:12:12,714.43,2026-08-31,716.0,2.08,2.11,2.05,64024,1206,0.1732,-0.7033,0.11949,-0.525,0.0578
2026-08-31 15:12:12,714.43,2026-08-31,717.0,2.78,2.87,2.75,16441,846,0.1664,-0.8196,0.09442,-0.255,0.0439
2026-08-31 15:12:12,714.43,2026-08-31,718.0,3.65,3.78,3.69,6297,2164,0.1754,-0.8863,0.06569,-0.145,0.0322
2026-08-31 15:12:12,714.43,2026-08-31,719.0,4.42,4.74,4.56,2038,1467,0.1433,-0.9708,0.02776,-0.01,0.0111
2026-08-31 15:12:12,714.43,2026-08-31,720.0,5.53,5.77,5.51,1947,3552,0.2151,-0.9377,0.03412,-0.08,0.0205
2026-08-31 15:12:12,714.43,2026-08-31,721.0,6.34,6.66,6.54,509,840,,,,,
2026-08-31 15:12:12,714.43,2026-08-31,722.0,7.59,7.85,7.57,306,460,0.3083,-0.9271,0.02689,-0.15,0.0232
2026-08-31 15:12:12,714.43,2026-08-31,723.0,8.55,8.81,8.73,185,382,0.3193,-0.944,0.02115,-0.11,0.0189
2026-08-31 15:12:12,714.43,2026-08-31,724.0,9.55,10.03,10.87,457,635,0.4002,-0.9213,0.02195,-0.22,0.0245
2026-08-31 15:12:12,714.43,2026-08-31,725.0,10.37,10.72,10.68,494,4343,,,,,
2026-08-31 15:12:12,714.43,2026-08-31,726.0,11.57,11.81,11.58,137,512,0.4111,-0.9518,0.01457,-0.12,0.0167
2026-08-31 15:12:12,714.43,2026-08-31,727.0,12.45,12.54,13.31,26,387,,,,,
2026-08-31 15:12:12,714.43,2026-08-31,728.0,13.62,14.95,14,8,359,0.6984,-0.8732,0.01781,-0.715,0.0348
2026-08-31 15:12:12,714.43,2026-08-31,729.0,14.26,14.9,15.49,12,431,0.3826,-0.9877,0.00498,-0.01,0.0053
2026-08-31 15:13:14,714.86,2026-08-31,700.0,0.03,0.04,0.03,3872,30098,0.4125,-0.0144,0.00529,-0.035,0.0061
2026-08-31 15:13:14,714.86,2026-08-31,701.0,0.01,0.02,0.03,1130,506,0.3477,-0.0078,0.0037,-0.015,0.0036
2026-08-31 15:13:14,714.86,2026-08-31,702.0,0.01,0.02,0.03,3371,487,0.3253,-0.0083,0.00416,-0.015,0.0038
2026-08-31 15:13:14,714.86,2026-08-31,703.0,0.04,0.05,0.02,5130,1050,0.3523,-0.0207,0.00847,-0.045,0.0083
2026-08-31 15:13:14,714.86,2026-08-31,704.0,0.01,0.05,0.04,4547,1012,0.3076,-0.0163,0.00791,-0.03,0.0068
2026-08-31 15:13:14,714.86,2026-08-31,705.0,0.05,0.06,0.02,12794,9235,0.3112,-0.0276,0.01221,-0.055,0.0106
2026-08-31 15:13:14,714.86,2026-08-31,706.0,0.01,0.06,0.05,6892,571,0.2644,-0.0214,0.0116,-0.035,0.0086
2026-08-31 15:13:14,714.86,2026-08-31,707.0,0.03,0.04,0.05,14479,772,0.2389,-0.0234,0.01385,-0.035,0.0092
2026-08-31 15:13:14,714.86,2026-08-31,708.0,0.08,0.09,0.08,12810,1167,0.2502,-0.0488,0.0242,-0.085,0.0169
2026-08-31 15:13:14,714.86,2026-08-31,709.0,0.11,0.12,0.12,20049,1006,0.2357,-0.0665,0.0328,-0.115,0.0216
2026-08-31 15:13:14,714.86,2026-08-31,710.0,0.16,0.17,0.16,63625,9454,0.2234,-0.0943,0.04508,-0.165,0.0281
2026-08-31 15:13:14,714.86,2026-08-31,711.0,0.23,0.24,0.23,55707,757,0.2097,-0.133,0.06136,-0.235,0.0359
2026-08-31 15:13:14,714.86,2026-08-31,712.0,0.31,0.32,0.32,82317,2080,0.1905,-0.1818,0.08302,-0.315,0.0441
2026-08-31 15:13:14,714.86,2026-08-31,713.0,0.55,0.56,0.55,140944,782,0.1925,-0.2786,0.10449,-0.555,0.0561
2026-08-31 15:13:14,714.86,2026-08-31,714.0,0.83,0.84,0.83,173227,2032,0.1838,-0.3867,0.1247,-0.835,0.0639
2026-08-31 15:13:14,714.86,2026-08-31,715.0,1.24,1.25,1.22,125740,3474,0.1775,-0.5158,0.13451,-1.105,0.0666
2026-08-31 15:13:14,714.86,2026-08-31,716.0,1.79,1.81,1.79,64261,1206,0.1729,-0.6506,0.12826,-0.66,0.0618
2026-08-31 15:13:14,714.86,2026-08-31,717.0,2.5,2.53,2.52,16500,846,0.1733,-0.7675,0.10556,-0.375,0.051
2026-08-31 15:13:14,714.86,2026-08-31,718.0,3.28,3.32,3.32,6316,2164,0.1646,-0.8711,0.07649,-0.16,0.0351
2026-08-31 15:13:14,714.86,2026-08-31,719.0,4.07,4.29,4.24,2078,1467,0.1522,-0.9469,0.04256,-0.04,0.0181
2026-08-31 15:13:14,714.86,2026-08-31,720.0,5.11,5.21,5.4,1947,3552,0.1669,-0.9663,0.02685,-0.02,0.0125
2026-08-31 15:13:14,714.86,2026-08-31,721.0,6.12,6.72,6.54,509,840,0.3075,-0.8817,0.03856,-0.28,0.0331
2026-08-31 15:13:14,714.86,2026-08-31,722.0,7.03,7.73,7.57,306,460,0.3291,-0.9008,0.03176,-0.24,0.0291
2026-08-31 15:13:14,714.86,2026-08-31,723.0,8.02,8.65,8.73,185,382,0.3452,-0.9188,0.02608,-0.195,0.0251
2026-08-31 15:13:14,714.86,2026-08-31,724.0,9.09,9.97,10.87,457,635,0.4464,-0.8871,0.02571,-0.39,0.032
2026-08-31 15:13:14,714.86,2026-08-31,725.0,10.09,10.25,10.68,494,4343,0.3053,-0.9755,0.01128,-0.03,0.0096
2026-08-31 15:13:14,714.86,2026-08-31,726.0,11.13,11.3,11.58,137,512,0.3701,-0.9626,0.0132,-0.075,0.0136
2026-08-31 15:13:14,714.86,2026-08-31,727.0,12.05,12.55,13.31,26,387,0.4505,-0.9444,0.01491,-0.16,0.0187
2026-08-31 15:13:14,714.86,2026-08-31,728.0,13.09,14.76,14,8,359,0.7035,-0.8641,0.01857,-0.785,0.0364
2026-08-31 15:13:14,714.86,2026-08-31,729.0,14.03,14.96,15.49,12,431,0.5991,-0.9179,0.01516,-0.355,0.0253
2026-08-31 15:14:17,714.67,2026-08-31,700.0,0.01,0.04,0.03,3913,30098,0.3906,-0.0112,0.00451,-0.025,0.0049
2026-08-31 15:14:17,714.67,2026-08-31,701.0,0.01,0.04,0.01,1135,506,0.3671,-0.0118,0.00504,-0.025,0.0051
2026-08-31 15:14:17,714.67,2026-08-31,702.0,0.01,0.02,0.03,3373,487,0.3217,-0.0084,0.00426,-0.015,0.0038
2026-08-31 15:14:17,714.67,2026-08-31,703.0,0.01,0.02,0.02,5131,1050,0.2992,-0.009,0.00486,-0.015,0.004
2026-08-31 15:14:17,714.67,2026-08-31,704.0,0.04,0.05,0.02,4590,1012,0.3227,-0.0224,0.00992,-0.045,0.0089
2026-08-31 15:14:17,714.67,2026-08-31,705.0,0.01,0.06,0.05,12808,9235,0.2855,-0.02,0.01018,-0.035,0.0081
2026-08-31 15:14:17,714.67,2026-08-31,706.0,0.02,0.03,0.04,6897,571,0.2473,-0.0168,0.01015,-0.025,0.007
2026-08-31 15:14:17,714.67,2026-08-31,707.0,0.03,0.08,0.06,14496,772,0.253,-0.0332,0.01753,-0.055,0.0123
2026-08-31 15:14:17,714.67,2026-08-31,708.0,0.09,0.1,0.09,12843,1167,0.2508,-0.0537,0.0261,-0.095,0.0182
2026-08-31 15:14:17,714.67,2026-08-31,709.0,0.13,0.14,0.1,20107,1006,0.239,-0.0754,0.0357,-0.135,0.0237
2026-08-31 15:14:17,714.67,2026-08-31,710.0,0.19,0.2,0.19,64007,9454,0.2275,-0.1069,0.0486,-0.195,0.0307
2026-08-31 15:14:17,714.67,2026-08-31,711.0,0.24,0.29,0.28,56143,757,0.2111,-0.1461,0.06513,-0.265,0.0382
2026-08-31 15:14:17,714.67,2026-08-31,712.0,0.39,0.4,0.39,82804,2080,0.2001,-0.2091,0.08621,-0.395,0.0479
2026-08-31 15:14:17,714.67,2026-08-31,713.0,0.65,0.66,0.65,142072,782,0.2006,-0.3059,0.10493,-0.655,0.0584
2026-08-31 15:14:17,714.67,2026-08-31,714.0,0.94,0.95,0.98,175210,2032,0.1894,-0.413,0.12337,-0.945,0.0649
2026-08-31 15:14:17,714.67,2026-08-31,715.0,1.45,1.46,1.45,129609,3474,0.1944,-0.5376,0.12263,-1.125,0.0662
2026-08-31 15:14:17,714.67,2026-08-31,716.0,2.05,2.06,2.02,64644,1206,0.1944,-0.6564,0.11354,-0.725,0.0613
2026-08-31 15:14:17,714.67,2026-08-31,717.0,2.71,2.81,2.89,16572,846,0.1931,-0.7629,0.09599,-0.43,0.0515
2026-08-31 15:14:17,714.67,2026-08-31,718.0,3.56,3.75,3.56,6348,2164,0.2141,-0.8223,0.07297,-0.325,0.0434
2026-08-31 15:14:17,714.67,2026-08-31,719.0,4.45,4.59,4.36,2082,1467,0.2166,-0.8827,0.05452,-0.19,0.0328
2026-08-31 15:14:17,714.67,2026-08-31,720.0,5.47,5.62,5.35,1963,3552,0.2596,-0.8889,0.04378,-0.215,0.0315
2026-08-31 15:14:17,714.67,2026-08-31,721.0,6.48,6.75,6.18,524,840,0.3164,-0.8827,0.03734,-0.285,0.0328
2026-08-31 15:14:17,714.67,2026-08-31,722.0,7.48,7.63,7.2,327,460,0.3309,-0.9059,0.03044,-0.225,0.028
2026-08-31 15:14:17,714.67,2026-08-31,723.0,8.56,8.84,8.73,185,382,0.4128,-0.8843,0.02834,-0.37,0.0325
2026-08-31 15:14:17,714.67,2026-08-31,724.0,9.22,9.84,10.87,457,635,0.3856,-0.9244,0.02216,-0.2,0.0237
2026-08-31 15:14:17,714.67,2026-08-31,725.0,10.51,10.72,10.68,494,4343,0.4513,-0.9125,0.02114,-0.285,0.0265
2026-08-31 15:14:17,714.67,2026-08-31,726.0,11.36,11.41,11.58,137,512,0.36,-0.9691,0.01164,-0.055,0.0116
2026-08-31 15:14:17,714.67,2026-08-31,727.0,12.31,12.44,13.31,26,387,0.3765,-0.9739,0.00965,-0.045,0.0101
2026-08-31 15:14:17,714.67,2026-08-31,728.0,13.53,14.47,14,8,359,0.6791,-0.8765,0.01804,-0.67,0.034
2026-08-31 15:14:17,714.67,2026-08-31,729.0,14.1,14.71,15.49,12,431,0.4553,-0.9687,0.00928,-0.075,0.0117
2026-08-31 15:15:20,714.63,2026-08-31,700.0,0.01,0.02,0.03,3916,30098,0.3663,-0.0075,0.00339,-0.015,0.0034
2026-08-31 15:15:20,714.63,2026-08-31,701.0,0.01,0.02,0.03,1144,506,0.3439,-0.0079,0.0038,-0.015,0.0036
2026-08-31 15:15:20,714.63,2026-08-31,702.0,0.03,0.04,0.01,3376,487,0.3597,-0.0163,0.0068,-0.035,0.0068
2026-08-31 15:15:20,714.63,2026-08-31,703.0,0.04,0.05,0.02,5133,1050,0.3479,-0.021,0.00872,-0.045,0.0084
2026-08-31 15:15:20,714.63,2026-08-31,704.0,0.04,0.05,0.04,4595,1012,0.3223,-0.0225,0.00997,-0.045,0.0089
2026-08-31 15:15:20,714.63,2026-08-31,705.0,0.05,0.06,0.05,12808,9235,0.3063,-0.0281,0.01264,-0.055,0.0107
2026-08-31 15:15:20,714.63,2026-08-31,706.0,0.02,0.07,0.06,6973,571,0.2702,-0.0263,0.01355,-0.045,0.0101
2026-08-31 15:15:20,714.63,2026-08-31,707.0,0.07,0.08,0.04,14528,772,0.2671,-0.0415,0.01998,-0.075,0.0148
2026-08-31 15:15:20,714.63,2026-08-31,708.0,0.09,0.1,0.09,12872,1167,0.2501,-0.0539,0.02631,-0.095,0.0182
2026-08-31 15:15:20,714.63,2026-08-31,709.0,0.07,0.08,0.08,20154,1006,0.2091,-0.0513,0.03027,-0.075,0.0175
2026-08-31 15:15:20,714.63,2026-08-31,710.0,0.16,0.17,0.17,64541,9454,0.2164,-0.0972,0.04775,-0.165,0.0286
2026-08-31 15:15:20,714.63,2026-08-31,711.0,0.2,0.21,0.24,56405,757,0.1935,-0.1275,0.06486,-0.205,0.0347
2026-08-31 15:15:20,714.63,2026-08-31,712.0,0.37,0.38,0.38,83511,2080,0.1945,-0.2056,0.08797,-0.375,0.0473
2026-08-31 15:15:20,714.63,2026-08-31,713.0,0.52,0.53,0.57,142860,782,0.1763,-0.2863,0.11604,-0.525,0.0566
2026-08-31 15:15:20,714.63,2026-08-31,714.0,0.82,0.83,0.83,177156,2032,0.1687,-0.4081,0.13841,-0.825,0.0646
2026-08-31 15:15:20,714.63,2026-08-31,715.0,1.23,1.29,1.29,130653,3474,0.1618,-0.5515,0.14698,-0.89,0.0658
2026-08-31 15:15:20,714.63,2026-08-31,716.0,1.85,1.87,1.79,64977,1206,0.1577,-0.6963,0.13332,-0.49,0.0581
2026-08-31 15:15:20,714.63,2026-08-31,717.0,2.49,2.54,2.53,16846,846,0.1325,-0.8566,0.10271,-0.145,0.0376
2026-08-31 15:15:20,714.63,2026-08-31,718.0,3.32,3.5,3.67,6375,2164,0.1299,-0.9391,0.05579,-0.04,0.02
2026-08-31 15:15:20,714.63,2026-08-31,719.0,4.09,4.56,4.55,2083,1467,,,,,
2026-08-31 15:15:20,714.63,2026-08-31,720.0,5.18,5.46,5.49,1965,3552,,,,,
2026-08-31 15:15:20,714.63,2026-08-31,721.0,6.08,6.65,6.37,539,840,0.1687,-0.9878,0.01125,0.005,0.0053
2026-08-31 15:15:20,714.63,2026-08-31,722.0,7.06,7.63,7.3,329,460,,,,,
2026-08-31 15:15:20,714.63,2026-08-31,723.0,7.96,8.78,8.73,185,382,0.224,-0.987,0.00898,-0.0,0.0056
2026-08-31 15:15:20,714.63,2026-08-31,724.0,9.01,10.04,10.87,457,635,0.3674,-0.9353,0.02067,-0.155,0.021
2026-08-31 15:15:20,714.63,2026-08-31,725.0,10.26,10.31,10.68,494,4343,,,,,
2026-08-31 15:15:20,714.63,2026-08-31,726.0,10.99,11.23,11.58,137,512,,,,,
2026-08-31 15:15:20,714.63,2026-08-31,727.0,11.85,12.7,13.31,26,387,,,,,
2026-08-31 15:15:20,714.63,2026-08-31,728.0,13.25,14.91,14,8,359,0.6934,-0.8727,0.01808,-0.71,0.0347
2026-08-31 15:15:20,714.63,2026-08-31,729.0,13.91,15.1,15.49,12,431,0.5011,-0.9554,0.0113,-0.135,0.0157
2026-08-31 15:16:21,714.59,2026-08-31,700.0,0.01,0.02,0.02,3921,30098,0.366,-0.0075,0.0034,-0.015,0.0034
2026-08-31 15:16:21,714.59,2026-08-31,701.0,0.03,0.04,0.01,1149,506,0.384,-0.0154,0.00608,-0.035,0.0064
2026-08-31 15:16:21,714.59,2026-08-31,702.0,0.01,0.04,0.02,3376,487,0.3429,-0.0126,0.00572,-0.025,0.0054
2026-08-31 15:16:21,714.59,2026-08-31,703.0,0.04,0.05,0.04,5138,1050,0.3475,-0.0211,0.00877,-0.045,0.0084
2026-08-31 15:16:21,714.59,2026-08-31,704.0,0.01,0.02,0.04,4600,1012,0.2757,-0.0097,0.00566,-0.015,0.0043
2026-08-31 15:16:21,714.59,2026-08-31,705.0,0.01,0.06,0.02,12810,9235,0.2845,-0.0201,0.01031,-0.035,0.0081
2026-08-31 15:16:21,714.59,2026-08-31,706.0,0.06,0.07,0.05,6993,571,0.2872,-0.0344,0.01599,-0.065,0.0127
2026-08-31 15:16:21,714.59,2026-08-31,707.0,0.07,0.08,0.06,14557,772,0.2665,-0.0417,0.02013,-0.075,0.0148
2026-08-31 15:16:21,714.59,2026-08-31,708.0,0.05,0.06,0.07,12901,1167,0.2241,-0.037,0.02173,-0.055,0.0134
2026-08-31 15:16:21,714.59,2026-08-31,709.0,0.08,0.09,0.1,20181,1006,0.2138,-0.0561,0.03185,-0.085,0.0188
2026-08-31 15:16:21,714.59,2026-08-31,710.0,0.14,0.19,0.14,64637,9454,0.2154,-0.0977,0.04825,-0.165,0.0286
2026-08-31 15:16:21,714.59,2026-08-31,711.0,0.26,0.27,0.22,56618,757,0.2088,-0.1478,0.06663,-0.265,0.0383
2026-08-31 15:16:21,714.59,2026-08-31,712.0,0.36,0.37,0.36,84124,2080,0.191,-0.2045,0.08947,-0.365,0.0471
2026-08-31 15:16:21,714.59,2026-08-31,713.0,0.61,0.62,0.61,143305,782,0.1902,-0.3045,0.11083,-0.615,0.0581
2026-08-31 15:16:21,714.59,2026-08-31,714.0,0.89,0.95,0.89,177920,2032,0.1811,-0.4192,0.12996,-0.92,0.0649
2026-08-31 15:16:21,714.59,2026-08-31,715.0,1.33,1.39,1.32,131654,3474,0.174,-0.5534,0.13688,-0.95,0.0656
2026-08-31 15:16:21,714.59,2026-08-31,716.0,2,2.02,1.96,65247,1206,0.1788,-0.6797,0.12053,-0.6,0.0594
2026-08-31 15:16:21,714.59,2026-08-31,717.0,2.64,2.75,2.69,16900,846,0.1676,-0.8042,0.09933,-0.285,0.0459
2026-08-31 15:16:21,714.59,2026-08-31,718.0,3.53,3.6,3.46,6388,2164,0.1739,-0.8791,0.06965,-0.155,0.0334
2026-08-31 15:16:21,714.59,2026-08-31,719.0,4.27,4.5,4.3,2084,1467,,,,,
2026-08-31 15:16:21,714.59,2026-08-31,720.0,5.37,5.51,5.11,1965,3552,0.1827,-0.9616,0.0275,-0.03,0.0138
2026-08-31 15:16:21,714.59,2026-08-31,721.0,6.33,6.63,6.37,539,840,0.2363,-0.9474,0.02738,-0.07,0.0178
2026-08-31 15:16:21,714.59,2026-08-31,722.0,7.34,7.65,7.34,330,460,0.2738,-0.9468,0.02382,-0.085,0.018
2026-08-31 15:16:21,714.59,2026-08-31,723.0,8.45,8.67,8.73,185,382,0.3364,-0.9319,0.02353,-0.15,0.0218
2026-08-31 15:16:21,714.59,2026-08-31,724.0,9.3,9.89,9.43,459,635,0.383,-0.9283,0.02151,-0.185,0.0227
2026-08-31 15:16:21,714.59,2026-08-31,725.0,10.23,10.39,10.68,494,4343,,,,,
2026-08-31 15:16:21,714.59,2026-08-31,726.0,11.29,11.59,11.58,137,512,0.3388,-0.9776,0.00948,-0.03,0.0089
2026-08-31 15:16:21,714.59,2026-08-31,727.0,12.15,13.01,13.31,26,387,0.4663,-0.9432,0.01475,-0.17,0.0189
2026-08-31 15:16:21,714.59,2026-08-31,728.0,13.34,14.8,14,8,359,0.6815,-0.878,0.01789,-0.66,0.0336
2026-08-31 15:16:21,714.59,2026-08-31,729.0,14.2,14.93,15.49,12,431,0.5155,-0.9515,0.01177,-0.155,0.0167
2026-08-31 15:17:23,714.66,2026-08-31,700.0,0.03,0.04,0.03,3922,30098,0.4108,-0.0145,0.00541,-0.035,0.0061
2026-08-31 15:17:23,714.66,2026-08-31,701.0,0.03,0.04,0.02,1149,506,0.3863,-0.0153,0.00603,-0.035,0.0064
2026-08-31 15:17:23,714.66,2026-08-31,702.0,0.01,0.04,0.02,3376,487,0.3452,-0.0125,0.00568,-0.025,0.0054
2026-08-31 15:17:23,714.66,2026-08-31,703.0,0.04,0.05,0.02,5140,1050,0.3499,-0.021,0.00869,-0.045,0.0083
2026-08-31 15:17:23,714.66,2026-08-31,704.0,0.01,0.05,0.02,4602,1012,0.305,-0.0165,0.00814,-0.03,0.0068
2026-08-31 15:17:23,714.66,2026-08-31,705.0,0.05,0.06,0.04,12938,9235,0.3082,-0.028,0.01258,-0.055,0.0106
2026-08-31 15:17:23,714.66,2026-08-31,706.0,0.02,0.07,0.06,6999,571,0.272,-0.0262,0.01349,-0.045,0.0101
2026-08-31 15:17:23,714.66,2026-08-31,707.0,0.07,0.08,0.07,14557,772,0.2689,-0.0414,0.01988,-0.075,0.0147
2026-08-31 15:17:23,714.66,2026-08-31,708.0,0.09,0.1,0.09,12939,1167,0.2519,-0.0537,0.02616,-0.095,0.0181
2026-08-31 15:17:23,714.66,2026-08-31,709.0,0.13,0.14,0.13,20770,1006,0.24,-0.0755,0.03579,-0.135,0.0236
2026-08-31 15:17:23,714.66,2026-08-31,710.0,0.19,0.2,0.15,64829,9454,0.2284,-0.1071,0.04872,-0.195,0.0306
2026-08-31 15:17:23,714.66,2026-08-31,711.0,0.25,0.26,0.29,56906,757,0.2092,-0.1433,0.06522,-0.255,0.0375
2026-08-31 15:17:23,714.66,2026-08-31,712.0,0.4,0.41,0.44,84980,2080,0.2029,-0.2119,0.08617,-0.405,0.048
2026-08-31 15:17:23,714.66,2026-08-31,713.0,0.67,0.68,0.64,143886,782,0.2046,-0.3094,0.10397,-0.675,0.0584
2026-08-31 15:17:23,714.66,2026-08-31,714.0,0.98,1.03,0.98,180315,2032,0.1991,-0.4178,0.11834,-1.005,0.0647
2026-08-31 15:17:23,714.66,2026-08-31,715.0,1.5,1.51,1.5,132934,3474,0.2022,-0.5375,0.11854,-1.165,0.0658
2026-08-31 15:17:23,714.66,2026-08-31,716.0,2.11,2.14,2.1,65652,1206,0.2059,-0.65,0.10858,-0.785,0.0614
2026-08-31 15:17:23,714.66,2026-08-31,717.0,2.78,2.86,2.82,16960,846,0.2043,-0.7527,0.09335,-0.48,0.0524
2026-08-31 15:17:23,714.66,2026-08-31,718.0,3.67,3.75,3.68,6492,2164,0.2259,-0.8115,0.07216,-0.37,0.0448
2026-08-31 15:17:23,714.66,2026-08-31,719.0,4.5,4.67,4.3,2084,1467,0.2342,-0.866,0.05565,-0.245,0.0358
2026-08-31 15:17:23,714.66,2026-08-31,720.0,5.58,5.85,5.11,1965,3552,0.3069,-0.8507,0.04571,-0.375,0.0385
2026-08-31 15:17:23,714.66,2026-08-31,721.0,6.51,6.85,6.37,539,840,0.3347,-0.871,0.03794,-0.34,0.0349
2026-08-31 15:17:23,714.66,2026-08-31,722.0,7.58,7.87,7.33,340,460,0.3841,-0.8729,0.03272,-0.385,0.0345
2026-08-31 15:17:23,714.66,2026-08-31,723.0,8.53,8.88,8.73,185,382,0.4138,-0.8853,0.02825,-0.365,0.0321
2026-08-31 15:17:23,714.66,2026-08-31,724.0,9.25,10.01,9.43,459,635,0.423,-0.906,0.02392,-0.29,0.0278
2026-08-31 15:17:23,714.66,2026-08-31,725.0,10.47,10.74,10.68,494,4343,0.4463,-0.9163,0.0208,-0.265,0.0255
2026-08-31 15:17:23,714.66,2026-08-31,726.0,11.45,11.83,11.58,137,512,0.4922,-0.9149,0.01909,-0.3,0.0258
2026-08-31 15:17:23,714.66,2026-08-31,727.0,12.37,12.67,13.31,26,387,0.4702,-0.9409,0.0151,-0.18,0.0195
2026-08-31 15:17:23,714.66,2026-08-31,728.0,13.67,14.59,14,8,359,0.7175,-0.8648,0.01828,-0.79,0.036
2026-08-31 15:17:23,714.66,2026-08-31,729.0,14.34,15.02,15.49,12,431,0.6039,-0.9207,0.01475,-0.34,0.0245
2026-08-31 15:18:25,714.26,2026-08-31,700.0,0.01,0.02,0.03,3923,30098,0.3601,-0.0076,0.00353,-0.015,0.0035
2026-08-31 15:18:25,714.26,2026-08-31,701.0,0.01,0.04,0.02,1149,506,0.3603,-0.0121,0.00528,-0.025,0.0052
2026-08-31 15:18:25,714.26,2026-08-31,702.0,0.03,0.04,0.02,3403,487,0.3527,-0.0167,0.00711,-0.035,0.0069
2026-08-31 15:18:25,714.26,2026-08-31,703.0,0.01,0.02,0.04,5140,1050,0.2922,-0.0092,0.00514,-0.015,0.0041
2026-08-31 15:18:25,714.26,2026-08-31,704.0,0.04,0.05,0.02,4611,1012,0.3146,-0.0231,0.01051,-0.045,0.009
2026-08-31 15:18:25,714.26,2026-08-31,705.0,0.01,0.02,0.02,12944,9235,0.2461,-0.0108,0.00699,-0.015,0.0047
2026-08-31 15:18:25,714.26,2026-08-31,706.0,0.02,0.03,0.04,7101,571,0.2391,-0.0175,0.01092,-0.025,0.0071
2026-08-31 15:18:25,714.26,2026-08-31,707.0,0.03,0.04,0.07,14598,772,0.2256,-0.0248,0.01557,-0.035,0.0096
2026-08-31 15:18:25,714.26,2026-08-31,708.0,0.1,0.11,0.1,13289,1167,0.2456,-0.0599,0.02931,-0.105,0.0197
2026-08-31 15:18:25,714.26,2026-08-31,709.0,0.14,0.15,0.11,20876,1006,0.2315,-0.0828,0.03987,-0.145,0.0252
2026-08-31 15:18:25,714.26,2026-08-31,710.0,0.2,0.21,0.17,64979,9454,0.2178,-0.1163,0.05433,-0.205,0.0323
2026-08-31 15:18:25,714.26,2026-08-31,711.0,0.27,0.32,0.32,57565,757,0.2041,-0.1646,0.07346,-0.295,0.041
2026-08-31 15:18:25,714.26,2026-08-31,712.0,0.43,0.48,0.48,85404,2080,0.1951,-0.2392,0.09618,-0.455,0.0513
2026-08-31 15:18:25,714.26,2026-08-31,713.0,0.72,0.73,0.73,145542,782,0.1915,-0.3425,0.11606,-0.725,0.0607
2026-08-31 15:18:25,714.26,2026-08-31,714.0,1.08,1.09,1.09,182593,2032,0.1847,-0.4631,0.13006,-1.085,0.0657
2026-08-31 15:18:25,714.26,2026-08-31,715.0,1.57,1.58,1.58,134352,3474,0.1785,-0.596,0.13124,-0.835,0.064
2026-08-31 15:18:25,714.26,2026-08-31,716.0,2.16,2.24,2.24,65864,1206,0.1721,-0.7268,0.11691,-0.46,0.055
2026-08-31 15:18:25,714.26,2026-08-31,717.0,2.91,3.01,3.01,17024,846,0.1668,-0.8374,0.08917,-0.22,0.0407
2026-08-31 15:18:25,714.26,2026-08-31,718.0,3.8,3.85,3.85,6518,2164,0.1621,-0.9169,0.05712,-0.085,0.0253
2026-08-31 15:18:25,714.26,2026-08-31,719.0,4.69,4.96,4.83,2119,1467,0.1941,-0.9286,0.04251,-0.085,0.0225
2026-08-31 15:18:25,714.26,2026-08-31,720.0,5.64,5.86,5.11,1977,3552,0.1749,-0.9756,0.01983,-0.01,0.0095
2026-08-31 15:18:25,714.26,2026-08-31,721.0,6.57,7,6.37,543,840,0.2309,-0.96,0.02259,-0.045,0.0143
2026-08-31 15:18:25,714.26,2026-08-31,722.0,7.76,7.81,7.66,340,460,0.2584,-0.9637,0.01865,-0.045,0.0132
2026-08-31 15:18:25,714.26,2026-08-31,723.0,8.51,8.78,8.73,185,382,,,,,
2026-08-31 15:18:25,714.26,2026-08-31,724.0,9.46,10.03,9.43,459,635,0.2657,-0.9859,0.00815,-0.005,0.0059
2026-08-31 15:18:25,714.26,2026-08-31,725.0,10.51,10.97,10.68,494,4343,0.2791,-0.9894,0.00609,-0.0,0.0046
2026-08-31 15:18:25,714.26,2026-08-31,726.0,11.4,11.69,11.58,137,512,,,,,
2026-08-31 15:18:25,714.26,2026-08-31,727.0,12.7,12.99,13.31,26,387,0.4388,-0.9585,0.01224,-0.105,0.0147
2026-08-31 15:18:25,714.26,2026-08-31,728.0,13.77,14.63,14,8,359,0.6311,-0.9024,0.01652,-0.46,0.0285
2026-08-31 15:18:25,714.26,2026-08-31,729.0,14.51,14.86,15.49,12,431,,,,,
2026-08-31 15:19:28,714.58,2026-08-31,700.0,0.01,0.04,0.03,3923,30098,0.3921,-0.0112,0.00455,-0.025,0.0049
2026-08-31 15:19:28,714.58,2026-08-31,701.0,0.01,0.04,0.02,1149,506,0.3684,-0.0119,0.00509,-0.025,0.0051
2026-08-31 15:19:28,714.58,2026-08-31,702.0,0.03,0.04,0.03,3404,487,0.3611,-0.0163,0.00684,-0.035,0.0067
2026-08-31 15:19:28,714.58,2026-08-31,703.0,0.04,0.05,0.04,5140,1050,0.3492,-0.0211,0.00878,-0.045,0.0084
2026-08-31 15:19:28,714.58,2026-08-31,704.0,0.04,0.05,0.04,4631,1012,0.3233,-0.0226,0.01004,-0.045,0.0088
2026-08-31 15:19:28,714.58,2026-08-31,705.0,0.01,0.06,0.02,12944,9235,0.2858,-0.0201,0.01032,-0.035,0.008
2026-08-31 15:19:28,714.58,2026-08-31,706.0,0.02,0.03,0.06,7102,571,0.2474,-0.017,0.01031,-0.025,0.007
2026-08-31 15:19:28,714.58,2026-08-31,707.0,0.03,0.04,0.04,14655,772,0.2343,-0.024,0.01461,-0.035,0.0093
2026-08-31 15:19:28,714.58,2026-08-31,708.0,0.05,0.1,0.09,13441,1167,0.2387,-0.0461,0.0245,-0.075,0.0159
2026-08-31 15:19:28,714.58,2026-08-31,709.0,0.13,0.14,0.13,20919,1006,0.2383,-0.0762,0.03643,-0.135,0.0237
2026-08-31 15:19:28,714.58,2026-08-31,710.0,0.18,0.19,0.15,65628,9454,0.2231,-0.1048,0.04931,-0.185,0.03
2026-08-31 15:19:28,714.58,2026-08-31,711.0,0.26,0.27,0.27,57650,757,0.2095,-0.1481,0.06683,-0.265,0.0382
2026-08-31 15:19:28,714.58,2026-08-31,712.0,0.4,0.41,0.41,85875,2080,0.2,-0.2148,0.08842,-0.405,0.0482
2026-08-31 15:19:28,714.58,2026-08-31,713.0,0.62,0.63,0.63,145983,782,0.1925,-0.3067,0.1105,-0.625,0.058
2026-08-31 15:19:28,714.58,2026-08-31,714.0,0.93,0.94,0.94,183817,2032,0.1838,-0.4212,0.12892,-0.935,0.0646
2026-08-31 15:19:28,714.58,2026-08-31,715.0,1.38,1.4,1.4,135130,3474,0.1787,-0.5536,0.13401,-0.97,0.0653
2026-08-31 15:19:28,714.58,2026-08-31,716.0,2,2.02,2.02,65956,1206,0.1786,-0.6821,0.12095,-0.59,0.0589
2026-08-31 15:19:28,714.58,2026-08-31,717.0,2.78,2.82,2.77,17049,846,0.189,-0.7785,0.0953,-0.38,0.0491
2026-08-31 15:19:28,714.58,2026-08-31,718.0,3.5,3.92,3.87,6542,2164,0.2113,-0.8342,0.07138,-0.29,0.0411
2026-08-31 15:19:28,714.58,2026-08-31,719.0,4.5,4.65,4.59,2120,1467,0.2105,-0.8963,0.05185,-0.155,0.0297
2026-08-31 15:19:28,714.58,2026-08-31,720.0,5.45,5.78,5.68,1980,3552,0.2585,-0.8959,0.04235,-0.195,0.0298
2026-08-31 15:19:28,714.58,2026-08-31,721.0,6.41,6.76,6.78,543,840,0.2813,-0.9146,0.03363,-0.165,0.0258
2026-08-31 15:19:28,714.58,2026-08-31,722.0,7.34,7.94,7.66,340,460,0.335,-0.9079,0.02987,-0.22,0.0273
2026-08-31 15:19:28,714.58,2026-08-31,723.0,8.29,8.71,8.73,185,382,0.3016,-0.953,0.01972,-0.08,0.0162
2026-08-31 15:19:28,714.58,2026-08-31,724.0,9.39,10,9.43,459,635,0.4217,-0.9094,0.02344,-0.275,0.0269
2026-08-31 15:19:28,714.58,2026-08-31,725.0,10.15,10.6,10.68,494,4343,,,,,
2026-08-31 15:19:28,714.58,2026-08-31,726.0,11.16,11.9,11.58,137,512,0.4056,-0.954,0.01441,-0.11,0.0159
2026-08-31 15:19:28,714.58,2026-08-31,727.0,12.42,13.01,13.31,26,387,0.5267,-0.9204,0.01702,-0.295,0.0244
2026-08-31 15:19:28,714.58,2026-08-31,728.0,13.13,14.93,14,8,359,0.6703,-0.8834,0.01771,-0.61,0.0324
2026-08-31 15:19:28,714.58,2026-08-31,729.0,14.36,14.96,15.49,12,431,0.5642,-0.9363,0.0134,-0.24,0.0206
2026-08-31 15:20:30,714.59,2026-08-31,700.0,0.03,0.04,0.03,3923,30098,0.4114,-0.0146,0.00545,-0.035,0.0061
2026-08-31 15:20:30,714.59,2026-08-31,701.0,0.01,0.04,0.01,1151,506,0.3693,-0.0119,0.00508,-0.025,0.0051
2026-08-31 15:20:30,714.59,2026-08-31,702.0,0.01,0.04,0.03,3404,487,0.3455,-0.0126,0.00572,-0.025,0.0054
2026-08-31 15:20:30,714.59,2026-08-31,703.0,0.01,0.05,0.04,5140,1050,0.3297,-0.0155,0.00716,-0.03,0.0064
2026-08-31 15:20:30,714.59,2026-08-31,704.0,0.04,0.05,0.04,4631,1012,0.3242,-0.0225,0.01003,-0.045,0.0088
2026-08-31 15:20:30,714.59,2026-08-31,705.0,0.01,0.02,0.02,12944,9235,0.2545,-0.0105,0.00662,-0.015,0.0046
2026-08-31 15:20:30,714.59,2026-08-31,706.0,0.02,0.03,0.06,7105,571,0.2481,-0.017,0.01029,-0.025,0.0069
2026-08-31 15:20:30,714.59,2026-08-31,707.0,0.07,0.08,0.04,14680,772,0.2684,-0.0417,0.02013,-0.075,0.0147
2026-08-31 15:20:30,714.59,2026-08-31,708.0,0.09,0.1,0.09,13611,1167,0.2512,-0.0541,0.02653,-0.095,0.0181
2026-08-31 15:20:30,714.59,2026-08-31,709.0,0.08,0.09,0.09,21045,1006,0.2154,-0.0561,0.03185,-0.085,0.0186
2026-08-31 15:20:30,714.59,2026-08-31,710.0,0.17,0.18,0.14,65790,9454,0.2205,-0.1013,0.04875,-0.175,0.0292
2026-08-31 15:20:30,714.59,2026-08-31,711.0,0.26,0.27,0.27,57778,757,0.2103,-0.1478,0.06664,-0.265,0.0381
2026-08-31 15:20:30,714.59,2026-08-31,712.0,0.36,0.37,0.37,86256,2080,0.1924,-0.2045,0.08947,-0.365,0.0468
2026-08-31 15:20:30,714.59,2026-08-31,713.0,0.62,0.63,0.59,146397,782,0.1934,-0.3061,0.1101,-0.625,0.0578
2026-08-31 15:20:30,714.59,2026-08-31,714.0,0.91,0.96,0.96,184711,2032,0.1848,-0.4202,0.1284,-0.935,0.0644
2026-08-31 15:20:30,714.59,2026-08-31,715.0,1.4,1.42,1.41,135894,3474,0.1829,-0.5511,0.13125,-1.0,0.0652
2026-08-31 15:20:30,714.59,2026-08-31,716.0,1.97,2.029,2,66144,1206,0.1783,-0.6815,0.12147,-0.5895,0.0588
2026-08-31 15:20:30,714.59,2026-08-31,717.0,2.76,2.78,2.74,17078,846,0.1847,-0.7831,0.09646,-0.36,0.0484
2026-08-31 15:20:30,714.59,2026-08-31,718.0,3.5,3.65,3.65,6556,2164,0.1781,-0.8752,0.07005,-0.165,0.0339
2026-08-31 15:20:30,714.59,2026-08-31,719.0,4.48,4.59,4.59,2121,1467,0.2,-0.9077,0.0502,-0.125,0.0273
2026-08-31 15:20:30,714.59,2026-08-31,720.0,5.49,5.68,5.6,1996,3552,0.2517,-0.9019,0.04172,-0.175,0.0285
2026-08-31 15:20:30,714.59,2026-08-31,721.0,6.29,6.74,6.78,543,840,0.2559,-0.934,0.03042,-0.105,0.0211
2026-08-31 15:20:30,714.59,2026-08-31,722.0,7.23,7.93,7.66,340,460,0.3159,-0.9206,0.02839,-0.17,0.0244
2026-08-31 15:20:30,714.59,2026-08-31,723.0,8.23,8.85,8.73,185,382,0.3292,-0.9375,0.02266,-0.13,0.0203
2026-08-31 15:20:30,714.59,2026-08-31,724.0,9.5,9.94,9.43,459,635,0.4348,-0.9028,0.024,-0.31,0.0283
2026-08-31 15:20:30,714.59,2026-08-31,725.0,10.42,10.44,10.68,494,4343,0.3042,-0.9801,0.00963,-0.02,0.008
2026-08-31 15:20:30,714.59,2026-08-31,726.0,11.42,11.68,11.58,137,512,0.4238,-0.9467,0.01554,-0.14,0.0179
2026-08-31 15:20:30,714.59,2026-08-31,727.0,12.22,12.79,13.31,26,387,0.424,-0.9602,0.01227,-0.095,0.0141
2026-08-31 15:20:30,714.59,2026-08-31,728.0,13.12,14.85,14,8,359,0.6602,-0.8872,0.01759,-0.575,0.0315
2026-08-31 15:20:30,714.59,2026-08-31,729.0,14.06,14.63,15.49,12,431,,,,,
2026-08-31 15:21:32,714.81,2026-08-31,700.0,0.03,0.04,0.01,3925,30098,0.4174,-0.0144,0.00532,-0.035,0.006
2026-08-31 15:21:32,714.81,2026-08-31,701.0,0.01,0.02,0.01,1153,506,0.3517,-0.0078,0.00372,-0.015,0.0035
2026-08-31 15:21:32,714.81,2026-08-31,702.0,0.01,0.04,0.03,3408,487,0.3513,-0.0124,0.00557,-0.025,0.0053
2026-08-31 15:21:32,714.81,2026-08-31,703.0,0.01,0.05,0.04,5140,1050,0.3356,-0.0153,0.00696,-0.03,0.0063
2026-08-31 15:21:32,714.81,2026-08-31,704.0,0.01,0.02,0.04,4803,1012,0.2832,-0.0095,0.00548,-0.015,0.0042
2026-08-31 15:21:32,714.81,2026-08-31,705.0,0.01,0.06,0.02,12944,9235,0.2926,-0.0198,0.00996,-0.035,0.0079
2026-08-31 15:21:32,714.81,2026-08-31,706.0,0.01,0.02,0.04,7282,571,0.2367,-0.0112,0.00756,-0.015,0.0048
2026-08-31 15:21:32,714.81,2026-08-31,707.0,0.07,0.08,0.06,14736,772,0.2752,-0.0408,0.01935,-0.075,0.0144
2026-08-31 15:21:32,714.81,2026-08-31,708.0,0.05,0.1,0.06,13634,1167,0.2462,-0.045,0.02338,-0.075,0.0156
2026-08-31 15:21:32,714.81,2026-08-31,709.0,0.07,0.12,0.12,21055,1006,0.2278,-0.0589,0.03135,-0.095,0.0193
2026-08-31 15:21:32,714.81,2026-08-31,710.0,0.11,0.12,0.15,66437,9454,0.2055,-0.0757,0.04216,-0.115,0.0235
2026-08-31 15:21:32,714.81,2026-08-31,711.0,0.22,0.23,0.23,57951,757,0.2081,-0.1307,0.06203,-0.225,0.0349
2026-08-31 15:21:32,714.81,2026-08-31,712.0,0.33,0.34,0.3,87035,2080,0.1957,-0.1889,0.084,-0.335,0.0445
2026-08-31 15:21:32,714.81,2026-08-31,713.0,0.47,0.52,0.53,147248,782,0.1819,-0.2699,0.11048,-0.495,0.0544
2026-08-31 15:21:32,714.81,2026-08-31,714.0,0.79,0.8,0.8,185860,2032,0.1771,-0.3875,0.13145,-0.795,0.063
2026-08-31 15:21:32,714.81,2026-08-31,715.0,1.15,1.2,1.2,141051,3474,0.1654,-0.5247,0.1463,-0.985,0.0655
2026-08-31 15:21:32,714.81,2026-08-31,716.0,1.71,1.72,1.73,66330,1206,0.1557,-0.6758,0.14036,-0.525,0.0592
2026-08-31 15:21:32,714.81,2026-08-31,717.0,2.44,2.48,2.46,17127,846,0.1563,-0.8001,0.10881,-0.27,0.046
2026-08-31 15:21:32,714.81,2026-08-31,718.0,3.21,3.36,3.47,6622,2164,0.1481,-0.9028,0.07053,-0.095,0.0283
2026-08-31 15:21:32,714.81,2026-08-31,719.0,4.14,4.29,4.25,2123,1467,0.1465,-0.9578,0.03738,-0.025,0.0148
2026-08-31 15:21:32,714.81,2026-08-31,720.0,5.07,5.35,5.33,2008,3552,0.1704,-0.9669,0.02634,-0.02,0.0121
2026-08-31 15:21:32,714.81,2026-08-31,721.0,5.96,6.98,6.78,543,840,0.3138,-0.8824,0.0382,-0.28,0.0324
2026-08-31 15:21:32,714.81,2026-08-31,722.0,6.91,7.75,7.66,340,460,0.2966,-0.9277,0.02819,-0.14,0.0226
2026-08-31 15:21:32,714.81,2026-08-31,723.0,8.109,9.01,8.73,185,382,0.4128,-0.8833,0.02887,-0.3695,0.0323
2026-08-31 15:21:32,714.81,2026-08-31,724.0,9.07,9.85,9.43,459,635,0.4136,-0.909,0.02406,-0.27,0.0269
2026-08-31 15:21:32,714.81,2026-08-31,725.0,9.85,10.28,10.68,494,4343,,,,,
2026-08-31 15:21:32,714.81,2026-08-31,726.0,10.84,11.45,11.58,137,512,,,,,
2026-08-31 15:21:32,714.81,2026-08-31,727.0,12.07,12.78,13.31,26,387,0.4954,-0.9299,0.01649,-0.235,0.0221
2026-08-31 15:21:32,714.81,2026-08-31,728.0,12.79,14.7,14,8,359,0.6472,-0.8885,0.01783,-0.555,0.0312
2026-08-31 15:21:32,714.81,2026-08-31,729.0,14.17,14.94,15.49,12,431,0.6135,-0.9167,0.01518,-0.365,0.0252
2026-08-31 15:22:34,715.2,2026-08-31,701.0,0.03,0.04,0.01,1153,506,0.4029,-0.0149,0.00568,-0.035,0.0062
2026-08-31 15:22:34,715.2,2026-08-31,702.0,0.01,0.02,0.03,3408,487,0.3383,-0.0081,0.00399,-0.015,0.0036
2026-08-31 15:22:34,715.2,2026-08-31,703.0,0.01,0.02,0.04,5140,1050,0.3155,-0.0087,0.00453,-0.015,0.0039
2026-08-31 15:22:34,715.2,2026-08-31,704.0,0.04,0.05,0.03,4808,1012,0.341,-0.0216,0.00923,-0.045,0.0085
2026-08-31 15:22:34,715.2,2026-08-31,705.0,0.01,0.05,0.04,12989,9235,0.2961,-0.0171,0.0087,-0.03,0.007
2026-08-31 15:22:34,715.2,2026-08-31,706.0,0.01,0.06,0.05,7300,571,0.2774,-0.0208,0.01097,-0.035,0.0082
2026-08-31 15:22:34,715.2,2026-08-31,707.0,0.07,0.08,0.07,14740,772,0.2867,-0.0394,0.01808,-0.075,0.014
2026-08-31 15:22:34,715.2,2026-08-31,708.0,0.08,0.09,0.08,13672,1167,0.2643,-0.0472,0.02266,-0.085,0.0162
2026-08-31 15:22:34,715.2,2026-08-31,709.0,0.06,0.11,0.1,21073,1006,0.2345,-0.0523,0.02774,-0.085,0.0176
2026-08-31 15:22:34,715.2,2026-08-31,710.0,0.14,0.15,0.15,66606,9454,0.231,-0.0835,0.04044,-0.145,0.0252
2026-08-31 15:22:34,715.2,2026-08-31,711.0,0.2,0.21,0.21,58074,757,0.2169,-0.1172,0.05521,-0.205,0.0323
2026-08-31 15:22:34,715.2,2026-08-31,712.0,0.27,0.32,0.32,87739,2080,0.2029,-0.1662,0.07481,-0.295,0.041
2026-08-31 15:22:34,715.2,2026-08-31,713.0,0.48,0.49,0.49,147664,782,0.1993,-0.2482,0.09667,-0.485,0.052
2026-08-31 15:22:34,715.2,2026-08-31,714.0,0.74,0.75,0.75,187336,2032,0.1925,-0.3494,0.11702,-0.745,0.0608
2026-08-31 15:22:34,715.2,2026-08-31,715.0,1.08,1.14,1.14,142166,3474,0.1854,-0.4709,0.13062,-1.11,0.0654
2026-08-31 15:22:34,715.2,2026-08-31,716.0,1.65,1.67,1.67,66480,1206,0.1873,-0.5996,0.12556,-0.86,0.0635
2026-08-31 15:22:34,715.2,2026-08-31,717.0,2.27,2.38,2.35,17189,846,0.1879,-0.7173,0.10953,-0.525,0.0556
2026-08-31 15:22:34,715.2,2026-08-31,718.0,3.08,3.23,3.12,6676,2164,0.2013,-0.7988,0.08492,-0.355,0.0462
2026-08-31 15:22:34,715.2,2026-08-31,719.0,3.86,4.12,4.01,2126,1467,0.2003,-0.8738,0.06298,-0.19,0.0341
2026-08-31 15:22:34,715.2,2026-08-31,720.0,4.9,4.99,5.15,2008,3552,0.221,-0.905,0.04655,-0.145,0.0278
2026-08-31 15:22:34,715.2,2026-08-31,721.0,5.75,6.97,6.78,543,840,0.3735,-0.8249,0.04201,-0.56,0.0424
2026-08-31 15:22:34,715.2,2026-08-31,722.0,6.88,7.8,7.66,340,460,0.4087,-0.8415,0.03601,-0.54,0.0397
2026-08-31 15:22:34,715.2,2026-08-31,723.0,7.7,8.75,8.73,185,382,0.4158,-0.8704,0.0309,-0.425,0.0347
2026-08-31 15:22:34,715.2,2026-08-31,724.0,8.67,9.82,9.43,459,635,0.4582,-0.8758,0.02722,-0.445,0.0337
2026-08-31 15:22:34,715.2,2026-08-31,725.0,9.96,9.97,10.14,495,4343,0.3897,-0.9349,0.01983,-0.165,0.0209
2026-08-31 15:22:34,715.2,2026-08-31,726.0,10.65,11.02,11.58,147,512,0.3318,-0.975,0.01074,-0.035,0.0096
2026-08-31 15:22:34,715.2,2026-08-31,727.0,11.58,12.95,13.31,26,387,0.5706,-0.8925,0.01972,-0.465,0.0304
2026-08-31 15:22:34,715.2,2026-08-31,728.0,12.57,14.51,14,8,359,0.6896,-0.8666,0.01901,-0.74,0.0354
2026-08-31 15:22:34,715.2,2026-08-31,729.0,13.66,14.72,15.49,12,431,0.6113,-0.9118,0.01592,-0.39,0.0263
2026-08-31 15:22:34,715.2,2026-08-31,730.0,14.94,16.98,16.21,22,2000,0.8767,-0.8427,0.0167,-1.16,0.0395
2026-08-31 15:23:36,715.0,2026-08-31,700.0,0.03,0.04,0.01,3925,30098,0.4235,-0.0143,0.00522,-0.035,0.0059
2026-08-31 15:23:36,715.0,2026-08-31,701.0,0.01,0.02,0.01,1153,506,0.3572,-0.0077,0.00364,-0.015,0.0035
2026-08-31 15:23:36,715.0,2026-08-31,702.0,0.01,0.04,0.03,3408,487,0.357,-0.0123,0.00545,-0.025,0.0052
2026-08-31 15:23:36,715.0,2026-08-31,703.0,0.01,0.02,0.04,5150,1050,0.3116,-0.0088,0.00465,-0.015,0.0039
2026-08-31 15:23:36,715.0,2026-08-31,704.0,0.04,0.05,0.03,4808,1012,0.3365,-0.0219,0.00948,-0.045,0.0086
2026-08-31 15:23:36,715.0,2026-08-31,705.0,0.04,0.05,0.04,12990,9235,0.3104,-0.0235,0.01092,-0.045,0.0091
2026-08-31 15:23:36,715.0,2026-08-31,706.0,0.05,0.06,0.02,7302,571,0.2936,-0.0295,0.01394,-0.055,0.011
2026-08-31 15:23:36,715.0,2026-08-31,707.0,0.07,0.08,0.07,14741,772,0.2816,-0.0401,0.01871,-0.075,0.0142
2026-08-31 15:23:36,715.0,2026-08-31,708.0,0.08,0.09,0.05,13844,1167,0.259,-0.0481,0.02355,-0.085,0.0164
2026-08-31 15:23:36,715.0,2026-08-31,709.0,0.06,0.07,0.11,21180,1006,0.2169,-0.0445,0.02639,-0.065,0.0154
2026-08-31 15:23:36,715.0,2026-08-31,710.0,0.1,0.11,0.11,67030,9454,0.2079,-0.0696,0.0392,-0.105,0.0219
2026-08-31 15:23:36,715.0,2026-08-31,711.0,0.17,0.18,0.22,58356,757,0.2006,-0.11,0.05715,-0.175,0.0308
2026-08-31 15:23:36,715.0,2026-08-31,712.0,0.27,0.28,0.32,88150,2080,0.1902,-0.1657,0.07981,-0.275,0.0408
2026-08-31 15:23:36,715.0,2026-08-31,713.0,0.45,0.5,0.5,148167,782,0.1881,-0.2557,0.10425,-0.475,0.0527
2026-08-31 15:23:36,715.0,2026-08-31,714.0,0.71,0.76,0.76,188739,2032,0.1796,-0.3641,0.12756,-0.735,0.0616
2026-08-31 15:23:36,715.0,2026-08-31,715.0,1.13,1.14,1.15,143182,3474,0.1748,-0.4969,0.13923,-1.135,0.0654
2026-08-31 15:23:36,715.0,2026-08-31,716.0,1.67,1.68,1.69,66610,1206,0.1703,-0.6369,0.13438,-0.675,0.0615
2026-08-31 15:23:36,715.0,2026-08-31,717.0,2.37,2.38,2.38,17313,846,0.1699,-0.7609,0.11136,-0.375,0.0509
2026-08-31 15:23:36,715.0,2026-08-31,718.0,3.05,3.27,3.13,6698,2164,0.1623,-0.868,0.08033,-0.16,0.035
2026-08-31 15:23:36,715.0,2026-08-31,719.0,3.97,4.14,4.24,2131,1467,0.1584,-0.9368,0.0478,-0.055,0.0204
2026-08-31 15:23:36,715.0,2026-08-31,720.0,5.03,5.16,5.17,2021,3552,0.2082,-0.9268,0.04071,-0.095,0.0228
2026-08-31 15:23:36,715.0,2026-08-31,721.0,5.83,6.7,6.74,544,840,0.3033,-0.8839,0.0393,-0.265,0.032
2026-08-31 15:23:36,715.0,2026-08-31,722.0,6.73,7.85,7.66,340,460,0.3468,-0.8884,0.03341,-0.29,0.0311
2026-08-31 15:23:36,715.0,2026-08-31,723.0,7.9,8.74,8.73,185,382,0.3917,-0.8909,0.02909,-0.32,0.0306
2026-08-31 15:23:36,715.0,2026-08-31,724.0,8.62,10.05,9.43,459,635,0.4315,-0.8956,0.02559,-0.335,0.0297
2026-08-31 15:23:36,715.0,2026-08-31,725.0,9.75,10.14,10.19,496,4343,,,,,
2026-08-31 15:23:36,715.0,2026-08-31,726.0,10.85,11.07,10.85,147,512,,,,,
2026-08-31 15:23:36,715.0,2026-08-31,727.0,11.89,12.91,13.31,26,387,0.5564,-0.9026,0.01887,-0.4,0.0282
2026-08-31 15:23:36,715.0,2026-08-31,728.0,12.55,14.41,14,8,359,0.6181,-0.8966,0.01774,-0.48,0.0295
2026-08-31 15:23:36,715.0,2026-08-31,729.0,13.63,15.03,15.49,12,431,0.5952,-0.9211,0.01508,-0.33,0.0241
2026-08-31 15:23:36,715.0,2026-08-31,730.0,14.61,16.44,16.21,22,2000,0.7016,-0.8999,0.01527,-0.525,0.0288
2026-08-31 15:24:40,715.0,2026-08-31,700.0,0.03,0.04,0.03,3975,30098,0.4243,-0.0143,0.00522,-0.035,0.0059
2026-08-31 15:24:40,715.0,2026-08-31,701.0,0.01,0.04,0.01,1153,506,0.3817,-0.0116,0.00485,-0.025,0.005
2026-08-31 15:24:40,715.0,2026-08-31,702.0,0.01,0.04,0.03,3411,487,0.3577,-0.0123,0.00545,-0.025,0.0052
2026-08-31 15:24:40,715.0,2026-08-31,703.0,0.04,0.05,0.04,5150,1050,0.3631,-0.0205,0.00832,-0.045,0.0081
2026-08-31 15:24:40,715.0,2026-08-31,704.0,0.01,0.02,0.03,4808,1012,0.2891,-0.0094,0.00534,-0.015,0.0041
2026-08-31 15:24:40,715.0,2026-08-31,705.0,0.01,0.05,0.04,12992,9235,0.2923,-0.0173,0.00897,-0.03,0.007
2026-08-31 15:24:40,715.0,2026-08-31,706.0,0.01,0.02,0.02,7304,571,0.2424,-0.011,0.00731,-0.015,0.0047
2026-08-31 15:24:40,715.0,2026-08-31,707.0,0.03,0.04,0.07,14741,772,0.2474,-0.0231,0.0135,-0.035,0.0089
2026-08-31 15:24:40,715.0,2026-08-31,708.0,0.04,0.09,0.09,13876,1167,0.2463,-0.0399,0.02133,-0.065,0.0141
2026-08-31 15:24:40,715.0,2026-08-31,709.0,0.1,0.11,0.11,21307,1006,0.24,-0.0617,0.03099,-0.105,0.0199
2026-08-31 15:24:40,715.0,2026-08-31,710.0,0.14,0.15,0.15,67170,9454,0.2252,-0.0855,0.04244,-0.145,0.0256
2026-08-31 15:24:40,715.0,2026-08-31,711.0,0.16,0.21,0.21,58537,757,0.2042,-0.1136,0.05759,-0.185,0.0315
2026-08-31 15:24:40,715.0,2026-08-31,712.0,0.3,0.31,0.33,88341,2080,0.1978,-0.1747,0.07953,-0.305,0.0421
2026-08-31 15:24:40,715.0,2026-08-31,713.0,0.47,0.48,0.48,148356,782,0.1885,-0.2557,0.10425,-0.475,0.0526
2026-08-31 15:24:40,715.0,2026-08-31,714.0,0.73,0.74,0.74,189257,2032,0.1799,-0.3641,0.12757,-0.735,0.0615
2026-08-31 15:24:40,715.0,2026-08-31,715.0,1.07,1.13,1.13,143609,3474,0.1697,-0.4969,0.14363,-1.1,0.0653
2026-08-31 15:24:40,715.0,2026-08-31,716.0,1.61,1.64,1.76,66928,1206,0.1625,-0.6436,0.14024,-0.625,0.061
2026-08-31 15:24:40,715.0,2026-08-31,717.0,2.26,2.32,2.53,17342,846,0.153,-0.7851,0.11667,-0.29,0.0478
2026-08-31 15:24:40,715.0,2026-08-31,718.0,3.06,3.28,3.22,6704,2164,0.1654,-0.8639,0.08065,-0.17,0.0357
2026-08-31 15:24:40,715.0,2026-08-31,719.0,4.07,4.33,4.28,2136,1467,0.2114,-0.8741,0.05981,-0.2,0.0339
2026-08-31 15:24:40,715.0,2026-08-31,720.0,5,5.16,5.17,2021,3552,0.2018,-0.9334,0.03912,-0.08,0.0211
2026-08-31 15:24:40,715.0,2026-08-31,721.0,6.04,6.8,6.74,544,840,0.3481,-0.8513,0.04069,-0.42,0.0379
2026-08-31 15:24:40,715.0,2026-08-31,722.0,6.94,7.84,7.66,340,460,0.3778,-0.8686,0.03447,-0.39,0.0349
2026-08-31 15:24:40,715.0,2026-08-31,723.0,7.75,8.84,8.73,185,382,0.3842,-0.8959,0.02875,-0.295,0.0296
2026-08-31 15:24:40,715.0,2026-08-31,724.0,8.8,9.75,9.43,459,635,0.4113,-0.9069,0.02474,-0.275,0.0273
2026-08-31 15:24:40,715.0,2026-08-31,725.0,9.85,10.22,10.19,496,4343,0.3124,-0.9736,0.01198,-0.035,0.01
2026-08-31 15:24:40,715.0,2026-08-31,726.0,10.85,11.35,10.85,147,512,0.3906,-0.9555,0.0147,-0.1,0.0154
2026-08-31 15:24:40,715.0,2026-08-31,727.0,11.67,12.8,13.31,26,387,0.4921,-0.9292,0.01681,-0.235,0.0222
2026-08-31 15:24:40,715.0,2026-08-31,728.0,13.03,14.77,14,8,359,0.7437,-0.8528,0.01891,-0.9,0.0377
2026-08-31 15:24:40,715.0,2026-08-31,729.0,14.13,14.85,15.49,12,431,0.6568,-0.8999,0.01634,-0.49,0.0287
2026-08-31 15:24:40,715.0,2026-08-31,730.0,14.91,16.59,16.21,22,2000,0.7753,-0.877,0.01605,-0.75,0.0333
2026-08-31 15:25:41,715.16,2026-08-31,701.0,0.01,0.02,0.01,1153,506,0.3621,-0.0077,0.00357,-0.015,0.0035
2026-08-31 15:25:41,715.16,2026-08-31,702.0,0.01,0.02,0.03,3421,487,0.3393,-0.0081,0.00401,-0.015,0.0036
2026-08-31 15:25:41,715.16,2026-08-31,703.0,0.04,0.05,0.04,5151,1050,0.3679,-0.0203,0.00816,-0.045,0.008
2026-08-31 15:25:41,715.16,2026-08-31,704.0,0.04,0.05,0.04,4809,1012,0.3419,-0.0217,0.00928,-0.045,0.0085
2026-08-31 15:25:41,715.16,2026-08-31,705.0,0.04,0.05,0.04,12998,9235,0.3157,-0.0233,0.01066,-0.045,0.009
2026-08-31 15:25:41,715.16,2026-08-31,706.0,0.01,0.06,0.02,7304,571,0.278,-0.0208,0.01104,-0.035,0.0082
2026-08-31 15:25:41,715.16,2026-08-31,707.0,0.02,0.07,0.06,14742,772,0.2625,-0.0274,0.01471,-0.045,0.0103
2026-08-31 15:25:41,715.16,2026-08-31,708.0,0.04,0.09,0.08,13998,1167,0.2513,-0.0392,0.02067,-0.065,0.0139
2026-08-31 15:25:41,715.16,2026-08-31,709.0,0.1,0.11,0.1,21453,1006,0.2454,-0.0606,0.02994,-0.105,0.0196
2026-08-31 15:25:41,715.16,2026-08-31,710.0,0.13,0.14,0.1,67263,9454,0.2269,-0.0802,0.04017,-0.135,0.0243
2026-08-31 15:25:41,715.16,2026-08-31,711.0,0.16,0.17,0.17,58611,757,0.2037,-0.1037,0.05415,-0.165,0.0294
2026-08-31 15:25:41,715.16,2026-08-31,712.0,0.3,0.31,0.26,88499,2080,0.2048,-0.1702,0.07567,-0.305,0.0414
2026-08-31 15:25:41,715.16,2026-08-31,713.0,0.47,0.48,0.48,148587,782,0.1966,-0.248,0.09852,-0.475,0.0517
2026-08-31 15:25:41,715.16,2026-08-31,714.0,0.69,0.7,0.7,190264,2032,0.183,-0.3461,0.12338,-0.695,0.0603
2026-08-31 15:25:41,715.16,2026-08-31,715.0,1.12,1.13,1.13,144219,3474,0.1858,-0.476,0.13117,-1.125,0.0651
2026-08-31 15:25:41,715.16,2026-08-31,716.0,1.65,1.67,1.69,67269,1206,0.1845,-0.6068,0.12756,-0.82,0.0628
2026-08-31 15:25:41,715.16,2026-08-31,717.0,2.28,2.37,2.35,17431,846,0.1837,-0.7274,0.11071,-0.485,0.0543
2026-08-31 15:25:41,715.16,2026-08-31,718.0,3.1,3.22,3.06,6722,2164,0.1964,-0.8095,0.0847,-0.32,0.0444
2026-08-31 15:25:41,715.16,2026-08-31,719.0,3.88,4.05,4.25,2137,1467,0.1821,-0.8997,0.05912,-0.125,0.0287
2026-08-31 15:25:41,715.16,2026-08-31,720.0,4.76,5.13,4.95,2022,3552,0.2081,-0.921,0.04331,-0.105,0.0241
2026-08-31 15:25:41,715.16,2026-08-31,721.0,5.81,6.69,6.54,545,840,0.3398,-0.851,0.0418,-0.41,0.0379
2026-08-31 15:25:41,715.16,2026-08-31,722.0,6.71,7.82,7.66,340,460,0.3822,-0.8606,0.03553,-0.425,0.0362
2026-08-31 15:25:41,715.16,2026-08-31,723.0,7.77,9,8.73,186,382,0.4529,-0.8523,0.03118,-0.545,0.0377
2026-08-31 15:25:41,715.16,2026-08-31,724.0,8.69,9.94,9.43,459,635,0.4711,-0.8716,0.02725,-0.475,0.0343
2026-08-31 15:25:41,715.16,2026-08-31,725.0,9.88,9.9,10.19,496,4343,0.3224,-0.9678,0.01371,-0.05,0.0118
2026-08-31 15:25:41,715.16,2026-08-31,726.0,10.67,11,10.85,147,512,0.2712,-0.9923,0.0048,0.005,0.0035
2026-08-31 15:25:41,715.16,2026-08-31,727.0,11.6,13.16,13.31,26,387,0.5993,-0.8832,0.02005,-0.54,0.0321
2026-08-31 15:25:41,715.16,2026-08-31,728.0,12.7,14.49,14,8,359,0.6992,-0.8653,0.01897,-0.755,0.0354
2026-08-31 15:25:41,715.16,2026-08-31,729.0,13.84,15.13,15.49,12,431,0.7031,-0.8818,0.01723,-0.645,0.0323
2026-08-31 15:25:41,715.16,2026-08-31,730.0,14.8,16.91,16.21,22,2000,0.8455,-0.8537,0.0166,-1.015,0.0375
2026-08-31 15:26:43,714.86,2026-08-31,700.0,0.01,0.04,0.03,3975,30098,0.4038,-0.0111,0.00442,-0.025,0.0047
2026-08-31 15:26:43,714.86,2026-08-31,701.0,0.01,0.04,0.01,1153,506,0.3798,-0.0117,0.00493,-0.025,0.005
2026-08-31 15:26:43,714.86,2026-08-31,702.0,0.03,0.04,0.03,3421,487,0.3728,-0.0161,0.00661,-0.035,0.0065
2026-08-31 15:26:43,714.86,2026-08-31,703.0,0.01,0.02,0.04,5151,1050,0.3102,-0.0088,0.00474,-0.015,0.0039
2026-08-31 15:26:43,714.86,2026-08-31,704.0,0.01,0.05,0.04,4809,1012,0.3151,-0.0163,0.00791,-0.03,0.0066
2026-08-31 15:26:43,714.86,2026-08-31,705.0,0.04,0.05,0.04,12999,9235,0.3085,-0.0238,0.01115,-0.045,0.0091
2026-08-31 15:26:43,714.86,2026-08-31,706.0,0.05,0.06,0.05,7306,571,0.2915,-0.0298,0.01426,-0.055,0.011
2026-08-31 15:26:43,714.86,2026-08-31,707.0,0.02,0.03,0.06,14743,772,0.2324,-0.0182,0.01177,-0.025,0.0073
2026-08-31 15:26:43,714.86,2026-08-31,708.0,0.04,0.09,0.08,14023,1167,0.2432,-0.0405,0.02194,-0.065,0.0142
2026-08-31 15:26:43,714.86,2026-08-31,709.0,0.06,0.07,0.11,21509,1006,0.2141,-0.0452,0.02726,-0.065,0.0155
2026-08-31 15:26:43,714.86,2026-08-31,710.0,0.1,0.11,0.15,67354,9454,0.2046,-0.0709,0.04065,-0.105,0.0221
2026-08-31 15:26:43,714.86,2026-08-31,711.0,0.17,0.22,0.22,58746,757,0.203,-0.1196,0.06032,-0.195,0.0325
2026-08-31 15:26:43,714.86,2026-08-31,712.0,0.33,0.34,0.33,88600,2080,0.1997,-0.1873,0.08266,-0.335,0.0439
2026-08-31 15:26:43,714.86,2026-08-31,713.0,0.47,0.48,0.51,149913,782,0.1823,-0.263,0.10979,-0.475,0.0532
2026-08-31 15:26:43,714.86,2026-08-31,714.0,0.8,0.81,0.75,191290,2032,0.1834,-0.3839,0.12773,-0.805,0.0623
2026-08-31 15:26:43,714.86,2026-08-31,715.0,1.22,1.23,1.21,144658,3474,0.1787,-0.5162,0.13687,-1.085,0.065
2026-08-31 15:26:43,714.86,2026-08-31,716.0,1.8,1.82,1.82,67388,1206,0.1786,-0.6494,0.12728,-0.67,0.0604
2026-08-31 15:26:43,714.86,2026-08-31,717.0,2.49,2.51,2.51,17454,846,0.1744,-0.7716,0.1064,-0.36,0.0493
2026-08-31 15:26:43,714.86,2026-08-31,718.0,3.26,3.47,3.4,6740,2164,0.1863,-0.8472,0.07774,-0.225,0.0385
2026-08-31 15:26:43,714.86,2026-08-31,719.0,4.2,4.26,4.25,2137,1467,0.1794,-0.9199,0.0509,-0.09,0.0243
2026-08-31 15:26:43,714.86,2026-08-31,720.0,5.19,5.36,4.95,2022,3552,0.2304,-0.9126,0.04232,-0.135,0.0259
2026-08-31 15:26:43,714.86,2026-08-31,721.0,5.97,6.79,6.65,546,840,0.302,-0.8916,0.03779,-0.24,0.0303
2026-08-31 15:26:43,714.86,2026-08-31,722.0,7.03,7.98,7.65,341,460,0.3771,-0.8747,0.03354,-0.365,0.0336
2026-08-31 15:26:43,714.86,2026-08-31,723.0,8.029,8.84,8.31,187,382,0.3903,-0.8971,0.02816,-0.2945,0.0292
2026-08-31 15:26:43,714.86,2026-08-31,724.0,9.04,9.99,9.43,459,635,0.4522,-0.8897,0.02556,-0.375,0.0307
2026-08-31 15:26:43,714.86,2026-08-31,725.0,10.03,10.53,10.19,496,4343,0.3904,-0.9424,0.01813,-0.14,0.0188
2026-08-31 15:26:43,714.86,2026-08-31,726.0,11.14,11.5,10.85,147,512,0.4413,-0.9369,0.01722,-0.18,0.0202
2026-08-31 15:26:43,714.86,2026-08-31,727.0,11.98,12.85,13.31,26,387,0.5159,-0.9227,0.01722,-0.275,0.0236
2026-08-31 15:26:43,714.86,2026-08-31,728.0,13.24,14.44,14,8,359,0.696,-0.8725,0.0184,-0.7,0.034
2026-08-31 15:26:43,714.86,2026-08-31,729.0,13.91,14.8,15.49,12,431,0.5501,-0.9398,0.01331,-0.215,0.0195
2026-08-31 15:27:44,714.86,2026-08-31,700.0,0.03,0.04,0.03,3975,30098,0.4233,-0.0144,0.0053,-0.035,0.0059
2026-08-31 15:27:44,714.86,2026-08-31,701.0,0.01,0.04,0.01,1153,506,0.3806,-0.0117,0.00493,-0.025,0.005
2026-08-31 15:27:44,714.86,2026-08-31,702.0,0.01,0.02,0.03,3421,487,0.3339,-0.0083,0.00416,-0.015,0.0037
2026-08-31 15:27:44,714.86,2026-08-31,703.0,0.01,0.05,0.04,5151,1050,0.3406,-0.0152,0.00691,-0.03,0.0062
2026-08-31 15:27:44,714.86,2026-08-31,704.0,0.04,0.05,0.04,4819,1012,0.3354,-0.0221,0.00966,-0.045,0.0086
2026-08-31 15:27:44,714.86,2026-08-31,705.0,0.04,0.05,0.04,13003,9235,0.3091,-0.0238,0.01115,-0.045,0.0091
2026-08-31 15:27:44,714.86,2026-08-31,706.0,0.01,0.02,0.02,7313,571,0.2405,-0.0112,0.00749,-0.015,0.0048
2026-08-31 15:27:44,714.86,2026-08-31,707.0,0.02,0.03,0.03,14745,772,0.2328,-0.0182,0.01177,-0.025,0.0073
2026-08-31 15:27:44,714.86,2026-08-31,708.0,0.04,0.05,0.05,14042,1167,0.228,-0.0311,0.0189,-0.045,0.0114
2026-08-31 15:27:44,714.86,2026-08-31,709.0,0.06,0.11,0.1,21564,1006,0.2265,-0.0544,0.02992,-0.085,0.0179
2026-08-31 15:27:44,714.86,2026-08-31,710.0,0.14,0.15,0.11,67434,9454,0.2217,-0.0871,0.04393,-0.145,0.0258
2026-08-31 15:27:44,714.86,2026-08-31,711.0,0.17,0.18,0.22,58834,757,0.1971,-0.1123,0.05952,-0.175,0.0311
2026-08-31 15:27:44,714.86,2026-08-31,712.0,0.32,0.33,0.33,88929,2080,0.1977,-0.1846,0.08286,-0.325,0.0434
2026-08-31 15:27:44,714.86,2026-08-31,713.0,0.5,0.51,0.51,150980,782,0.1883,-0.2692,0.10777,-0.505,0.0537
2026-08-31 15:27:44,714.86,2026-08-31,714.0,0.73,0.75,0.75,192079,2032,0.1733,-0.3772,0.13474,-0.74,0.0618
2026-08-31 15:27:44,714.86,2026-08-31,715.0,1.15,1.21,1.22,145142,3474,0.1721,-0.5169,0.14239,-1.04,0.0648
2026-08-31 15:27:44,714.86,2026-08-31,716.0,1.71,1.72,1.79,67704,1206,0.1631,-0.6633,0.13757,-0.575,0.0594
2026-08-31 15:27:44,714.86,2026-08-31,717.0,2.49,2.52,2.52,17494,846,0.1757,-0.7703,0.10613,-0.365,0.0494
2026-08-31 15:27:44,714.86,2026-08-31,718.0,3.29,3.4,3.38,6765,2164,0.1814,-0.8542,0.07755,-0.205,0.0372
2026-08-31 15:27:44,714.86,2026-08-31,719.0,4.15,4.27,4.27,2149,1467,0.171,-0.93,0.04825,-0.07,0.0218
2026-08-31 15:27:44,714.86,2026-08-31,720.0,5.19,5.31,5.21,2030,3552,0.2208,-0.922,0.04059,-0.11,0.0237
2026-08-31 15:27:44,714.86,2026-08-31,721.0,6.08,6.83,6.65,546,840,0.326,-0.8741,0.03901,-0.315,0.0337
2026-08-31 15:27:44,714.86,2026-08-31,722.0,7.15,7.72,7.65,341,460,0.3561,-0.8887,0.03274,-0.295,0.0309
2026-08-31 15:27:44,714.86,2026-08-31,723.0,8.039,8.43,8.64,187,382,0.3062,-0.9472,0.02162,-0.0945,0.0175
2026-08-31 15:27:44,714.86,2026-08-31,724.0,9.14,9.73,9.43,459,635,0.4256,-0.9039,0.02461,-0.295,0.0277
2026-08-31 15:27:44,714.86,2026-08-31,725.0,9.91,10.38,10.19,496,4343,0.2785,-0.9866,0.00757,-0.005,0.0056
2026-08-31 15:27:44,714.86,2026-08-31,726.0,10.93,11.25,10.85,147,512,,,,,
2026-08-31 15:27:44,714.86,2026-08-31,727.0,12.01,13.18,13.31,26,387,0.5846,-0.8957,0.01903,-0.455,0.0294
2026-08-31 15:27:44,714.86,2026-08-31,728.0,13.27,14.86,14,8,359,0.76,-0.8515,0.01873,-0.925,0.0377
2026-08-31 15:27:44,714.86,2026-08-31,729.0,13.8,14.97,15.49,12,431,0.5661,-0.9347,0.01381,-0.245,0.0207
2026-08-31 15:28:46,715.02,2026-08-31,701.0,0.01,0.04,0.01,1153,506,0.3851,-0.0116,0.00484,-0.025,0.0049
2026-08-31 15:28:46,715.02,2026-08-31,702.0,0.03,0.04,0.03,3421,487,0.3781,-0.0159,0.00649,-0.035,0.0065
2026-08-31 15:28:46,715.02,2026-08-31,703.0,0.04,0.05,0.04,5151,1050,0.3664,-0.0205,0.0083,-0.045,0.008
2026-08-31 15:28:46,715.02,2026-08-31,704.0,0.04,0.05,0.04,4823,1012,0.3402,-0.0219,0.00945,-0.045,0.0085
2026-08-31 15:28:46,715.02,2026-08-31,705.0,0.01,0.02,0.04,13009,9235,0.2684,-0.0101,0.00618,-0.015,0.0044
2026-08-31 15:28:46,715.02,2026-08-31,706.0,0.01,0.02,0.02,7313,571,0.2447,-0.011,0.00729,-0.015,0.0047
2026-08-31 15:28:46,715.02,2026-08-31,707.0,0.06,0.07,0.06,14760,772,0.2774,-0.0362,0.01763,-0.065,0.0129
2026-08-31 15:28:46,715.02,2026-08-31,708.0,0.08,0.09,0.08,14068,1167,0.262,-0.048,0.02346,-0.085,0.0162
2026-08-31 15:28:46,715.02,2026-08-31,709.0,0.06,0.11,0.1,21611,1006,0.2317,-0.0534,0.02886,-0.085,0.0176
2026-08-31 15:28:46,715.02,2026-08-31,710.0,0.09,0.1,0.1,67463,9454,0.2058,-0.065,0.03793,-0.095,0.0206
2026-08-31 15:28:46,715.02,2026-08-31,711.0,0.19,0.2,0.19,59001,757,0.2096,-0.1168,0.05765,-0.195,0.0319
2026-08-31 15:28:46,715.02,2026-08-31,712.0,0.29,0.3,0.29,89187,2080,0.1978,-0.1712,0.07914,-0.295,0.0413
2026-08-31 15:28:46,715.02,2026-08-31,713.0,0.41,0.42,0.42,151923,782,0.1792,-0.2412,0.10709,-0.415,0.0506
2026-08-31 15:28:46,715.02,2026-08-31,714.0,0.66,0.67,0.67,194307,2032,0.1709,-0.3537,0.13394,-0.665,0.0604
2026-08-31 15:28:46,715.02,2026-08-31,715.0,1.05,1.1,1.1,145736,3474,0.1687,-0.494,0.14561,-1.075,0.0648
2026-08-31 15:28:46,715.02,2026-08-31,716.0,1.58,1.6,1.61,68075,1206,0.16,-0.6439,0.14341,-0.61,0.0605
2026-08-31 15:28:46,715.02,2026-08-31,717.0,2.26,2.36,2.24,17551,846,0.1615,-0.7721,0.11515,-0.33,0.0491
2026-08-31 15:28:46,715.02,2026-08-31,718.0,3.06,3.2,3.27,6784,2164,0.1601,-0.872,0.0805,-0.15,0.034
2026-08-31 15:28:46,715.02,2026-08-31,719.0,3.87,4.17,3.99,2185,1467,0.1512,-0.9461,0.0446,-0.04,0.0178
2026-08-31 15:28:46,715.02,2026-08-31,720.0,4.88,5.09,5.13,2045,3552,0.1522,-0.9772,0.02186,-0.005,0.0088
2026-08-31 15:28:46,715.02,2026-08-31,721.0,5.94,6.89,6.65,546,840,0.3538,-0.8484,0.04086,-0.435,0.0381
2026-08-31 15:28:46,715.02,2026-08-31,722.0,6.83,7.96,7.65,341,460,0.3869,-0.864,0.03473,-0.415,0.0354
2026-08-31 15:28:46,715.02,2026-08-31,723.0,7.69,8.5,8.64,187,382,0.313,-0.94,0.02344,-0.115,0.0194
2026-08-31 15:28:46,715.02,2026-08-31,724.0,8.77,10.1,9.43,459,635,0.473,-0.8758,0.02668,-0.455,0.0333
2026-08-31 15:28:46,715.02,2026-08-31,725.0,9.68,10.15,10.19,496,4343,,,,,
2026-08-31 15:28:46,715.02,2026-08-31,726.0,10.98,11.14,10.85,147,512,0.379,-0.9611,0.0137,-0.08,0.0137
2026-08-31 15:28:46,715.02,2026-08-31,727.0,11.8,12.98,13.31,26,387,0.5645,-0.9011,0.01899,-0.41,0.0283
2026-08-31 15:28:46,715.02,2026-08-31,728.0,12.53,14.72,14,8,359,0.6762,-0.8774,0.01849,-0.645,0.033
2026-08-31 15:28:46,715.02,2026-08-31,729.0,13.96,14.8,15.49,12,431,0.6281,-0.9112,0.01575,-0.4,0.0261
2026-08-31 15:28:46,715.02,2026-08-31,730.0,14.58,16.8,16.21,22,2000,0.7681,-0.8807,0.01597,-0.71,0.0324
2026-08-31 15:29:50,714.66,2026-08-31,700.0,0.03,0.04,0.03,3975,30098,0.4201,-0.0145,0.00541,-0.035,0.006
2026-08-31 15:29:50,714.66,2026-08-31,701.0,0.03,0.04,0.03,1156,506,0.3951,-0.0153,0.00603,-0.035,0.0063
2026-08-31 15:29:50,714.66,2026-08-31,702.0,0.01,0.02,0.03,3451,487,0.3306,-0.0084,0.00427,-0.015,0.0037
2026-08-31 15:29:50,714.66,2026-08-31,703.0,0.01,0.05,0.04,5151,1050,0.337,-0.0154,0.0071,-0.03,0.0063
2026-08-31 15:29:50,714.66,2026-08-31,704.0,0.04,0.05,0.04,4833,1012,0.3316,-0.0224,0.00993,-0.045,0.0086
2026-08-31 15:29:50,714.66,2026-08-31,705.0,0.04,0.05,0.04,13009,9235,0.305,-0.0242,0.01149,-0.045,0.0092
2026-08-31 15:29:50,714.66,2026-08-31,706.0,0.05,0.06,0.02,7313,571,0.2877,-0.0303,0.01474,-0.055,0.0111
2026-08-31 15:29:50,714.66,2026-08-31,707.0,0.02,0.03,0.05,14761,772,0.2287,-0.0185,0.01224,-0.025,0.0073
2026-08-31 15:29:50,714.66,2026-08-31,708.0,0.04,0.05,0.08,14132,1167,0.2234,-0.0318,0.01972,-0.045,0.0116
2026-08-31 15:29:50,714.66,2026-08-31,709.0,0.1,0.11,0.11,21632,1006,0.2316,-0.0641,0.03343,-0.105,0.0203
2026-08-31 15:29:50,714.66,2026-08-31,710.0,0.1,0.15,0.11,67588,9454,0.2079,-0.0815,0.04475,-0.125,0.0244
2026-08-31 15:29:50,714.66,2026-08-31,711.0,0.21,0.22,0.18,59082,757,0.2027,-0.1304,0.06455,-0.215,0.0343
2026-08-31 15:29:50,714.66,2026-08-31,712.0,0.33,0.34,0.33,89473,2080,0.1922,-0.194,0.08828,-0.335,0.0445
2026-08-31 15:29:50,714.66,2026-08-31,713.0,0.49,0.54,0.48,152238,782,0.1807,-0.2826,0.11551,-0.515,0.0548
2026-08-31 15:29:50,714.66,2026-08-31,714.0,0.84,0.85,0.85,195137,2032,0.1782,-0.4067,0.13435,-0.845,0.0629
2026-08-31 15:29:50,714.66,2026-08-31,715.0,1.23,1.24,1.24,146466,3474,0.1647,-0.5476,0.1484,-0.895,0.0642
2026-08-31 15:29:50,714.66,2026-08-31,716.0,1.89,1.9,1.8,68437,1206,0.1715,-0.6823,0.12831,-0.555,0.0578
2026-08-31 15:29:50,714.66,2026-08-31,717.0,2.64,2.65,2.56,17575,846,0.1729,-0.7957,0.10122,-0.305,0.0459
2026-08-31 15:29:50,714.66,2026-08-31,718.0,3.44,3.52,3.52,6793,2164,0.1707,-0.8844,0.07045,-0.14,0.0316
2026-08-31 15:29:50,714.66,2026-08-31,719.0,4.14,4.51,4.32,2236,1467,0.0926,-0.998,0.00429,0.015,0.001
2026-08-31 15:29:50,714.66,2026-08-31,720.0,5.03,5.4,5.4,2051,3552,,,,,
2026-08-31 15:29:50,714.66,2026-08-31,721.0,6.2,6.89,6.65,546,840,0.2987,-0.9028,0.03552,-0.205,0.0279
2026-08-31 15:29:50,714.66,2026-08-31,722.0,7.25,7.76,7.5,342,460,0.3167,-0.9217,0.02851,-0.165,0.0237
2026-08-31 15:29:50,714.66,2026-08-31,723.0,8.33,8.45,8.64,187,382,0.2837,-0.9638,0.01727,-0.05,0.0129
2026-08-31 15:29:50,714.66,2026-08-31,724.0,9.09,9.94,9.43,459,635,0.3853,-0.9305,0.02139,-0.175,0.0216
2026-08-31 15:29:50,714.66,2026-08-31,725.0,10.28,10.59,10.19,496,4343,0.3721,-0.955,0.01571,-0.095,0.0153
2026-08-31 15:29:50,714.66,2026-08-31,726.0,11.11,11.57,10.85,147,512,0.297,-0.9901,0.00548,-0.0,0.0043
2026-08-31 15:29:50,714.66,2026-08-31,727.0,12.14,13.17,13.31,26,387,0.542,-0.917,0.0174,-0.315,0.0248
2026-08-31 15:29:50,714.66,2026-08-31,728.0,13,14.47,14,8,359,0.6064,-0.9094,0.01662,-0.395,0.0265
2026-08-31 15:29:50,714.66,2026-08-31,729.0,14.18,15.16,15.49,12,431,0.6131,-0.9223,0.01464,-0.33,0.0236
2026-08-31 15:30:52,714.33,2026-08-31,700.0,0.03,0.04,0.03,3975,30098,0.4129,-0.0148,0.0056,-0.035,0.006
2026-08-31 15:30:52,714.33,2026-08-31,701.0,0.01,0.04,0.03,1156,506,0.3702,-0.012,0.00524,-0.025,0.0051
2026-08-31 15:30:52,714.33,2026-08-31,702.0,0.01,0.04,0.03,3452,487,0.3458,-0.0128,0.00591,-0.025,0.0053
2026-08-31 15:30:52,714.33,2026-08-31,703.0,0.04,0.05,0.04,5151,1050,0.35,-0.0214,0.00907,-0.045,0.0083
2026-08-31 15:30:52,714.33,2026-08-31,704.0,0.04,0.05,0.04,4836,1012,0.3236,-0.023,0.0104,-0.045,0.0088
2026-08-31 15:30:52,714.33,2026-08-31,705.0,0.04,0.05,0.04,13011,9235,0.2969,-0.0248,0.01209,-0.045,0.0094
2026-08-31 15:30:52,714.33,2026-08-31,706.0,0.01,0.06,0.02,7313,571,0.2592,-0.0224,0.01271,-0.035,0.0086
2026-08-31 15:30:52,714.33,2026-08-31,707.0,0.03,0.08,0.06,14786,772,0.2512,-0.0343,0.0187,-0.055,0.0123
2026-08-31 15:30:52,714.33,2026-08-31,708.0,0.09,0.1,0.05,14149,1167,0.248,-0.0556,0.02799,-0.095,0.0181
2026-08-31 15:30:52,714.33,2026-08-31,709.0,0.08,0.13,0.09,21636,1006,0.2216,-0.0667,0.03613,-0.105,0.0209
2026-08-31 15:30:52,714.33,2026-08-31,710.0,0.13,0.14,0.17,67688,9454,0.201,-0.0895,0.04978,-0.135,0.0261
2026-08-31 15:30:52,714.33,2026-08-31,711.0,0.26,0.27,0.25,59182,757,0.2039,-0.1539,0.07196,-0.265,0.0383
2026-08-31 15:30:52,714.33,2026-08-31,712.0,0.41,0.42,0.36,89631,2080,0.1948,-0.2271,0.09576,-0.415,0.0487
2026-08-31 15:30:52,714.33,2026-08-31,713.0,0.65,0.66,0.65,153747,782,0.1879,-0.328,0.11892,-0.655,0.0584
2026-08-31 15:30:52,714.33,2026-08-31,714.0,1.01,1.02,1.01,195919,2032,0.183,-0.4526,0.13392,-1.015,0.064
2026-08-31 15:30:52,714.33,2026-08-31,715.0,1.46,1.47,1.5,147124,3474,0.1716,-0.5924,0.13993,-0.795,0.0627
2026-08-31 15:30:52,714.33,2026-08-31,716.0,2.11,2.21,2.11,68592,1206,0.1779,-0.7166,0.11777,-0.49,0.0547
2026-08-31 15:30:52,714.33,2026-08-31,717.0,2.83,2.94,2.88,17591,846,0.1663,-0.8373,0.09148,-0.215,0.0398
2026-08-31 15:30:52,714.33,2026-08-31,718.0,3.74,3.94,3.75,6803,2164,0.1926,-0.8787,0.06474,-0.17,0.0326
2026-08-31 15:30:52,714.33,2026-08-31,719.0,4.77,4.8,4.51,2239,1467,0.2086,-0.9152,0.04607,-0.115,0.0251
2026-08-31 15:30:52,714.33,2026-08-31,720.0,5.58,5.77,5.49,2051,3552,0.1705,-0.9794,0.018,-0.005,0.008
2026-08-31 15:30:52,714.33,2026-08-31,721.0,6.54,6.87,6.65,546,840,0.2261,-0.9648,0.02124,-0.035,0.0125
2026-08-31 15:30:52,714.33,2026-08-31,722.0,7.48,7.75,7.5,342,460,,,,,
2026-08-31 15:30:52,714.33,2026-08-31,723.0,8.43,8.63,8.64,187,382,,,,,
2026-08-31 15:30:52,714.33,2026-08-31,724.0,9.68,9.9,9.43,459,635,0.3684,-0.9459,0.01844,-0.12,0.0178
2026-08-31 15:30:52,714.33,2026-08-31,725.0,10.31,10.68,10.19,496,4343,,,,,
2026-08-31 15:30:52,714.33,2026-08-31,726.0,11.35,11.77,10.85,147,512,,,,,
2026-08-31 15:30:52,714.33,2026-08-31,727.0,12.63,13.05,13.31,26,387,0.4862,-0.9441,0.01433,-0.17,0.0182
2026-08-31 15:30:52,714.33,2026-08-31,728.0,13.63,14.42,14,8,359,0.6031,-0.9163,0.01578,-0.355,0.0249
2026-08-31 15:30:52,714.33,2026-08-31,729.0,14.55,15.12,15.49,12,431,0.5425,-0.9503,0.0117,-0.165,0.0166
2026-08-31 15:31:54,714.07,2026-08-31,700.0,0.03,0.04,0.03,3975,30098,0.4073,-0.015,0.00576,-0.035,0.0061
2026-08-31 15:31:54,714.07,2026-08-31,701.0,0.03,0.04,0.03,1156,506,0.3821,-0.0159,0.00645,-0.035,0.0064
2026-08-31 15:31:54,714.07,2026-08-31,702.0,0.03,0.04,0.03,3455,487,0.3567,-0.0169,0.00728,-0.035,0.0068
2026-08-31 15:31:54,714.07,2026-08-31,703.0,0.04,0.05,0.04,5151,1050,0.344,-0.0218,0.00939,-0.045,0.0084
2026-08-31 15:31:54,714.07,2026-08-31,704.0,0.01,0.02,0.04,4856,1012,0.2715,-0.0101,0.00613,-0.015,0.0043
2026-08-31 15:31:54,714.07,2026-08-31,705.0,0.01,0.02,0.04,13015,9235,0.2477,-0.011,0.00722,-0.015,0.0047
2026-08-31 15:31:54,714.07,2026-08-31,706.0,0.02,0.03,0.02,7313,571,0.2402,-0.0178,0.01132,-0.025,0.0071
2026-08-31 15:31:54,714.07,2026-08-31,707.0,0.07,0.08,0.04,14788,772,0.2589,-0.0438,0.02221,-0.075,0.015
2026-08-31 15:31:54,714.07,2026-08-31,708.0,0.06,0.07,0.1,14305,1167,0.2226,-0.0441,0.02598,-0.065,0.015
2026-08-31 15:31:54,714.07,2026-08-31,709.0,0.14,0.15,0.1,21675,1006,0.2309,-0.0848,0.04172,-0.145,0.0251
2026-08-31 15:31:54,714.07,2026-08-31,710.0,0.21,0.22,0.21,67709,9454,0.2192,-0.1227,0.05749,-0.215,0.0328
2026-08-31 15:31:54,714.07,2026-08-31,711.0,0.32,0.33,0.28,59226,757,0.2085,-0.1783,0.07756,-0.325,0.0421
2026-08-31 15:31:54,714.07,2026-08-31,712.0,0.49,0.5,0.45,89828,2080,0.1986,-0.2564,0.10056,-0.495,0.0519
2026-08-31 15:31:54,714.07,2026-08-31,713.0,0.72,0.77,0.72,153877,782,0.1884,-0.3595,0.12308,-0.745,0.0603
2026-08-31 15:31:54,714.07,2026-08-31,714.0,1.14,1.16,1.11,196725,2032,0.1853,-0.4877,0.13341,-1.15,0.0643
2026-08-31 15:31:54,714.07,2026-08-31,715.0,1.7,1.71,1.7,147442,3474,0.1852,-0.6194,0.12753,-0.775,0.0614
2026-08-31 15:31:54,714.07,2026-08-31,716.0,2.33,2.41,2.42,68724,1206,0.182,-0.7419,0.11008,-0.44,0.0521
2026-08-31 15:31:54,714.07,2026-08-31,717.0,3.08,3.21,3.13,17617,846,0.1772,-0.8451,0.08334,-0.215,0.0384
2026-08-31 15:31:54,714.07,2026-08-31,718.0,3.95,4.09,3.78,6813,2164,0.1742,-0.9173,0.05424,-0.09,0.0246
2026-08-31 15:31:54,714.07,2026-08-31,719.0,4.97,5.23,5.03,2245,1467,0.2384,-0.8981,0.04626,-0.17,0.0287
2026-08-31 15:31:54,714.07,2026-08-31,720.0,5.85,6.01,5.49,2051,3552,0.1703,-0.9839,0.01465,0.0,0.0065
2026-08-31 15:31:54,714.07,2026-08-31,721.0,6.95,7.01,6.65,546,840,0.2452,-0.9589,0.0223,-0.05,0.0142
2026-08-31 15:31:54,714.07,2026-08-31,722.0,7.78,8.189,7.5,342,460,0.2768,-0.9608,0.019,-0.0545,0.0137
2026-08-31 15:31:54,714.07,2026-08-31,723.0,8.96,9.17,8.91,190,382,0.3547,-0.9388,0.02115,-0.135,0.0195
2026-08-31 15:31:54,714.07,2026-08-31,724.0,10.06,10.28,9.43,459,635,0.4345,-0.9193,0.02136,-0.24,0.0241
2026-08-31 15:31:54,714.07,2026-08-31,725.0,10.69,11.13,10.19,496,4343,,,,,
2026-08-31 15:31:54,714.07,2026-08-31,726.0,11.74,12.8,10.85,147,512,0.5408,-0.9113,0.01842,-0.34,0.0259
2026-08-31 15:31:54,714.07,2026-08-31,727.0,12.73,13.12,13.31,26,387,0.3195,-0.9934,0.00357,0.005,0.003
2026-08-31 15:31:54,714.07,2026-08-31,728.0,13.8,14.78,14,8,359,0.615,-0.9166,0.01547,-0.36,0.0247
2026-08-31 15:31:54,714.07,2026-08-31,729.0,14.81,14.82,15.49,12,431,,,,,
2026-08-31 15:32:56,714.27,2026-08-31,700.0,0.03,0.04,0.03,3978,30098,0.413,-0.0148,0.00564,-0.035,0.006
2026-08-31 15:32:56,714.27,2026-08-31,701.0,0.03,0.04,0.03,1156,506,0.3878,-0.0157,0.0063,-0.035,0.0063
2026-08-31 15:32:56,714.27,2026-08-31,702.0,0.01,0.02,0.03,3455,487,0.3236,-0.0086,0.00449,-0.015,0.0038
2026-08-31 15:32:56,714.27,2026-08-31,703.0,0.04,0.05,0.04,5151,1050,0.3498,-0.0215,0.00914,-0.045,0.0083
2026-08-31 15:32:56,714.27,2026-08-31,704.0,0.04,0.05,0.03,4876,1012,0.3233,-0.0231,0.0105,-0.045,0.0088
2026-08-31 15:32:56,714.27,2026-08-31,705.0,0.05,0.06,0.05,13016,9235,0.3065,-0.0289,0.01336,-0.055,0.0106
2026-08-31 15:32:56,714.27,2026-08-31,706.0,0.06,0.07,0.04,7314,571,0.287,-0.0354,0.01688,-0.065,0.0126
2026-08-31 15:32:56,714.27,2026-08-31,707.0,0.07,0.08,0.05,14792,772,0.2653,-0.0429,0.02137,-0.075,0.0147
2026-08-31 15:32:56,714.27,2026-08-31,708.0,0.05,0.1,0.09,14316,1167,0.2354,-0.0476,0.02617,-0.075,0.016
2026-08-31 15:32:56,714.27,2026-08-31,709.0,0.13,0.14,0.13,21771,1006,0.2339,-0.0791,0.03913,-0.135,0.0237
2026-08-31 15:32:56,714.27,2026-08-31,710.0,0.15,0.16,0.16,67952,9454,0.2071,-0.0983,0.05197,-0.155,0.0279
2026-08-31 15:32:56,714.27,2026-08-31,711.0,0.25,0.26,0.29,59384,757,0.1997,-0.1523,0.07327,-0.255,0.0379
2026-08-31 15:32:56,714.27,2026-08-31,712.0,0.41,0.46,0.42,90114,2080,0.1968,-0.2343,0.09683,-0.435,0.0494
2026-08-31 15:32:56,714.27,2026-08-31,713.0,0.71,0.72,0.71,154992,782,0.1955,-0.3405,0.1165,-0.715,0.059
2026-08-31 15:32:56,714.27,2026-08-31,714.0,1.09,1.1,1.09,199057,2032,0.1919,-0.4623,0.12853,-1.095,0.0639
2026-08-31 15:32:56,714.27,2026-08-31,715.0,1.61,1.62,1.61,153332,3474,0.1906,-0.5912,0.1266,-0.885,0.0625
2026-08-31 15:32:56,714.27,2026-08-31,716.0,2.27,2.3,2.23,68959,1206,0.1935,-0.7079,0.11023,-0.555,0.0553
2026-08-31 15:32:56,714.27,2026-08-31,717.0,3.02,3.06,3,17723,846,0.1922,-0.8087,0.08804,-0.31,0.0439
2026-08-31 15:32:56,714.27,2026-08-31,718.0,3.77,3.94,3.79,6844,2164,0.1808,-0.8981,0.06113,-0.125,0.0286
2026-08-31 15:32:56,714.27,2026-08-31,719.0,4.7,4.94,4.7,2248,1467,0.2008,-0.9266,0.04307,-0.09,0.0224
2026-08-31 15:32:56,714.27,2026-08-31,720.0,5.62,5.85,5.73,2053,3552,0.1725,-0.9797,0.01767,-0.005,0.0079
2026-08-31 15:32:56,714.27,2026-08-31,721.0,6.54,7.05,6.65,546,840,0.2496,-0.9516,0.02502,-0.065,0.0162
2026-08-31 15:32:56,714.27,2026-08-31,722.0,7.71,7.94,7.69,345,460,0.2971,-0.9453,0.02317,-0.095,0.0178
2026-08-31 15:32:56,714.27,2026-08-31,723.0,8.55,9.19,8.91,190,382,0.3516,-0.9365,0.02199,-0.14,0.02
2026-08-31 15:32:56,714.27,2026-08-31,724.0,9.61,10.01,9.43,459,635,0.3467,-0.9577,0.01615,-0.08,0.0145
2026-08-31 15:32:56,714.27,2026-08-31,725.0,10.67,10.85,10.19,496,4343,0.3307,-0.9769,0.01027,-0.03,0.0088
2026-08-31 15:32:56,714.27,2026-08-31,726.0,11.59,11.96,10.85,147,512,0.3727,-0.9733,0.01029,-0.045,0.0099
2026-08-31 15:32:56,714.27,2026-08-31,727.0,12.68,12.85,13.31,26,387,0.3878,-0.978,0.00841,-0.035,0.0084
2026-08-31 15:32:56,714.27,2026-08-31,728.0,13.55,14.69,14,8,359,0.6213,-0.9117,0.01601,-0.39,0.0258
2026-08-31 15:32:56,714.27,2026-08-31,729.0,14.96,15.18,15.49,12,431,0.6338,-0.9222,0.01426,-0.34,0.0234
2026-08-31 15:33:58,714.14,2026-08-31,700.0,0.03,0.04,0.03,3978,30098,0.4107,-0.0149,0.00571,-0.035,0.0061
2026-08-31 15:33:58,714.14,2026-08-31,701.0,0.01,0.04,0.03,1156,506,0.3679,-0.0122,0.00535,-0.025,0.0051
2026-08-31 15:33:58,714.14,2026-08-31,702.0,0.03,0.04,0.03,3495,487,0.3599,-0.0168,0.00722,-0.035,0.0067
2026-08-31 15:33:58,714.14,2026-08-31,703.0,0.04,0.05,0.02,5152,1050,0.3473,-0.0217,0.00929,-0.045,0.0083
2026-08-31 15:33:58,714.14,2026-08-31,704.0,0.01,0.05,0.02,4930,1012,0.3014,-0.0172,0.00877,-0.03,0.0068
2026-08-31 15:33:58,714.14,2026-08-31,705.0,0.01,0.06,0.05,13016,9235,0.2823,-0.0209,0.01107,-0.035,0.0081
2026-08-31 15:33:58,714.14,2026-08-31,706.0,0.06,0.07,0.06,7345,571,0.284,-0.0358,0.01725,-0.065,0.0126
2026-08-31 15:33:58,714.14,2026-08-31,707.0,0.07,0.08,0.04,14799,772,0.2621,-0.0435,0.02189,-0.075,0.0148
2026-08-31 15:33:58,714.14,2026-08-31,708.0,0.09,0.1,0.06,14332,1167,0.2437,-0.0567,0.02912,-0.095,0.0183
2026-08-31 15:33:58,714.14,2026-08-31,709.0,0.09,0.14,0.11,21854,1006,0.2215,-0.0725,0.03874,-0.115,0.0222
2026-08-31 15:33:58,714.14,2026-08-31,710.0,0.19,0.2,0.19,68057,9454,0.2166,-0.1148,0.0557,-0.195,0.0311
2026-08-31 15:33:58,714.14,2026-08-31,711.0,0.25,0.3,0.27,59732,757,0.2001,-0.1617,0.07621,-0.275,0.0394
2026-08-31 15:33:58,714.14,2026-08-31,712.0,0.44,0.45,0.42,90452,2080,0.1932,-0.2422,0.10065,-0.445,0.0502
2026-08-31 15:33:58,714.14,2026-08-31,713.0,0.69,0.7,0.69,155474,782,0.1852,-0.3474,0.12414,-0.695,0.0593
2026-08-31 15:33:58,714.14,2026-08-31,714.0,1.06,1.08,1.07,200647,2032,0.1792,-0.477,0.13833,-1.07,0.064
2026-08-31 15:33:58,714.14,2026-08-31,715.0,1.58,1.6,1.54,153898,3474,0.1747,-0.6167,0.13598,-0.735,0.0613
2026-08-31 15:33:58,714.14,2026-08-31,716.0,2.29,2.31,2.19,69119,1206,0.1799,-0.7368,0.11292,-0.445,0.0524
2026-08-31 15:33:58,714.14,2026-08-31,717.0,2.95,3.1,3.06,17771,846,0.1627,-0.8604,0.08497,-0.17,0.0357
2026-08-31 15:33:58,714.14,2026-08-31,718.0,3.81,4.1,3.88,6848,2164,0.1763,-0.9115,0.05663,-0.1,0.0258
2026-08-31 15:33:58,714.14,2026-08-31,719.0,4.8,5.05,4.77,2261,1467,0.1958,-0.9372,0.03927,-0.07,0.0198
2026-08-31 15:33:58,714.14,2026-08-31,720.0,5.72,6.05,5.73,2060,3552,0.2006,-0.9642,0.0244,-0.03,0.0126
2026-08-31 15:33:58,714.14,2026-08-31,721.0,6.67,7.12,6.72,549,840,0.2365,-0.9632,0.0212,-0.04,0.0129
2026-08-31 15:33:58,714.14,2026-08-31,722.0,7.74,8.2,7.84,368,460,0.3123,-0.9394,0.02391,-0.115,0.0193
2026-08-31 15:33:58,714.14,2026-08-31,723.0,8.82,9.26,8.91,190,382,0.3774,-0.9257,0.02318,-0.185,0.0226
2026-08-31 15:33:58,714.14,2026-08-31,724.0,9.88,10.1,9.43,459,635,0.3844,-0.9427,0.0186,-0.135,0.0185
2026-08-31 15:33:58,714.14,2026-08-31,725.0,10.59,10.91,10.83,497,4343,,,,,
2026-08-31 15:33:58,714.14,2026-08-31,726.0,11.63,11.99,10.85,147,512,,,,,
2026-08-31 15:33:58,714.14,2026-08-31,727.0,13.02,13.03,13.31,26,387,0.4946,-0.9447,0.01405,-0.17,0.0179
2026-08-31 15:33:58,714.14,2026-08-31,728.0,13.63,14.64,14,8,359,0.5806,-0.9282,0.01467,-0.28,0.022
2026-08-31 15:33:58,714.14,2026-08-31,729.0,15.02,15.34,15.49,12,431,0.6327,-0.9247,0.01396,-0.325,0.0228
2026-08-31 15:35:01,714.16,2026-08-31,700.0,0.03,0.04,0.03,4028,30098,0.4119,-0.0149,0.0057,-0.035,0.006
2026-08-31 15:35:01,714.16,2026-08-31,701.0,0.01,0.02,0.03,1156,506,0.3457,-0.0081,0.00401,-0.015,0.0036
2026-08-31 15:35:01,714.16,2026-08-31,702.0,0.03,0.04,0.03,3495,487,0.361,-0.0168,0.0072,-0.035,0.0067
2026-08-31 15:35:01,714.16,2026-08-31,703.0,0.01,0.02,0.02,5152,1050,0.2989,-0.0093,0.00522,-0.015,0.004
2026-08-31 15:35:01,714.16,2026-08-31,704.0,0.01,0.02,0.04,4932,1012,0.2752,-0.01,0.00605,-0.015,0.0043
2026-08-31 15:35:01,714.16,2026-08-31,705.0,0.01,0.02,0.05,13016,9235,0.2513,-0.0109,0.00711,-0.015,0.0046
2026-08-31 15:35:01,714.16,2026-08-31,706.0,0.02,0.03,0.06,7347,571,0.2439,-0.0176,0.01113,-0.025,0.007
2026-08-31 15:35:01,714.16,2026-08-31,707.0,0.07,0.08,0.04,14801,772,0.2631,-0.0434,0.02183,-0.075,0.0148
2026-08-31 15:35:01,714.16,2026-08-31,708.0,0.05,0.06,0.06,14342,1167,0.2195,-0.0388,0.02389,-0.055,0.0135
2026-08-31 15:35:01,714.16,2026-08-31,709.0,0.08,0.09,0.09,21907,1006,0.2078,-0.0593,0.0354,-0.085,0.0189
2026-08-31 15:35:01,714.16,2026-08-31,710.0,0.19,0.2,0.16,68142,9454,0.2176,-0.1145,0.05547,-0.195,0.031
2026-08-31 15:35:01,714.16,2026-08-31,711.0,0.24,0.25,0.24,59953,757,0.1934,-0.1518,0.07581,-0.245,0.0377
2026-08-31 15:35:01,714.16,2026-08-31,712.0,0.4,0.41,0.4,90669,2080,0.1862,-0.2322,0.10222,-0.405,0.0489
2026-08-31 15:35:01,714.16,2026-08-31,713.0,0.65,0.7,0.64,156350,782,0.183,-0.3435,0.12533,-0.675,0.059
2026-08-31 15:35:01,714.16,2026-08-31,714.0,1.01,1.07,1.04,202452,2032,0.176,-0.4744,0.14109,-1.04,0.0638
2026-08-31 15:35:01,714.16,2026-08-31,715.0,1.51,1.55,1.55,154779,3474,0.1668,-0.6203,0.14235,-0.69,0.061
2026-08-31 15:35:01,714.16,2026-08-31,716.0,2.2,2.22,2.22,69525,1206,0.1649,-0.754,0.11912,-0.37,0.0505
2026-08-31 15:35:01,714.16,2026-08-31,717.0,2.99,3.08,2.98,17837,846,0.1693,-0.85,0.08588,-0.195,0.0374
2026-08-31 15:35:01,714.16,2026-08-31,718.0,3.76,4.05,3.99,6908,2164,0.1613,-0.9296,0.05215,-0.065,0.0216
2026-08-31 15:35:01,714.16,2026-08-31,719.0,4.79,5.16,4.79,2290,1467,0.2238,-0.9094,0.04546,-0.135,0.0262
2026-08-31 15:35:01,714.16,2026-08-31,720.0,5.71,6,5.68,2068,3552,0.1872,-0.9732,0.02062,-0.015,0.0099
2026-08-31 15:35:01,714.16,2026-08-31,721.0,6.7,7.15,6.72,550,840,0.2656,-0.9443,0.02638,-0.085,0.018
2026-08-31 15:35:01,714.16,2026-08-31,722.0,7.58,8.21,7.84,368,460,0.2761,-0.9603,0.01933,-0.055,0.0137
2026-08-31 15:35:01,714.16,2026-08-31,723.0,8.84,8.98,8.67,191,382,0.3155,-0.9582,0.01765,-0.07,0.0143
2026-08-31 15:35:01,714.16,2026-08-31,724.0,9.64,10.04,9.43,459,635,0.2647,-0.9892,0.00674,-0.0,0.0046
2026-08-31 15:35:01,714.16,2026-08-31,725.0,10.61,11.28,10.72,499,4343,0.3969,-0.9539,0.01519,-0.105,0.0155
2026-08-31 15:35:01,714.16,2026-08-31,726.0,11.9,12.29,10.85,147,512,0.5058,-0.9251,0.01743,-0.255,0.0227
2026-08-31 15:35:01,714.16,2026-08-31,727.0,12.85,13.06,13.31,26,387,0.4615,-0.9566,0.01244,-0.115,0.0148
2026-08-31 15:35:01,714.16,2026-08-31,728.0,13.96,14.56,14,8,359,0.639,-0.9081,0.0161,-0.42,0.0264
2026-08-31 15:35:01,714.16,2026-08-31,729.0,14.56,15.21,15.49,12,431,0.4551,-0.9776,0.00732,-0.045,0.0086
2026-08-31 15:36:03,714.16,2026-08-31,700.0,0.03,0.04,0.03,4028,30098,0.4127,-0.0149,0.0057,-0.035,0.006
2026-08-31 15:36:03,714.16,2026-08-31,701.0,0.03,0.04,0.03,1156,506,0.3873,-0.0158,0.00638,-0.035,0.0063
2026-08-31 15:36:03,714.16,2026-08-31,702.0,0.01,0.02,0.03,3498,487,0.323,-0.0087,0.00455,-0.015,0.0038
2026-08-31 15:36:03,714.16,2026-08-31,703.0,0.04,0.05,0.02,5157,1050,0.349,-0.0217,0.00928,-0.045,0.0083
2026-08-31 15:36:03,714.16,2026-08-31,704.0,0.04,0.05,0.04,4945,1012,0.3223,-0.0233,0.01066,-0.045,0.0088
2026-08-31 15:36:03,714.16,2026-08-31,705.0,0.01,0.06,0.05,13028,9235,0.2838,-0.0208,0.01104,-0.035,0.008
2026-08-31 15:36:03,714.16,2026-08-31,706.0,0.06,0.07,0.03,7347,571,0.2856,-0.0357,0.0172,-0.065,0.0126
2026-08-31 15:36:03,714.16,2026-08-31,707.0,0.07,0.08,0.06,14808,772,0.2636,-0.0434,0.02183,-0.075,0.0147
2026-08-31 15:36:03,714.16,2026-08-31,708.0,0.09,0.1,0.06,14344,1167,0.2452,-0.0567,0.02902,-0.095,0.0182
2026-08-31 15:36:03,714.16,2026-08-31,709.0,0.12,0.13,0.09,22031,1006,0.2273,-0.0763,0.03943,-0.125,0.023
2026-08-31 15:36:03,714.16,2026-08-31,710.0,0.18,0.19,0.18,69286,9454,0.2147,-0.111,0.05509,-0.185,0.0303
2026-08-31 15:36:03,714.16,2026-08-31,711.0,0.28,0.29,0.23,60281,757,0.2041,-0.1644,0.07581,-0.285,0.0396
2026-08-31 15:36:03,714.16,2026-08-31,712.0,0.44,0.45,0.44,91511,2080,0.1947,-0.2415,0.10012,-0.445,0.0499
2026-08-31 15:36:03,714.16,2026-08-31,713.0,0.7,0.71,0.66,159055,782,0.1885,-0.3475,0.12247,-0.705,0.0591
2026-08-31 15:36:03,714.16,2026-08-31,714.0,1.07,1.08,1.07,204398,2032,0.1818,-0.4751,0.13685,-1.075,0.0637
2026-08-31 15:36:03,714.16,2026-08-31,715.0,1.59,1.62,1.6,156194,3474,0.1794,-0.6122,0.13345,-0.765,0.0613
2026-08-31 15:36:03,714.16,2026-08-31,716.0,2.28,2.32,2.28,70374,1206,0.1827,-0.7327,0.1125,-0.46,0.0526
2026-08-31 15:36:03,714.16,2026-08-31,717.0,3.03,3.13,2.93,17918,846,0.1813,-0.8339,0.08594,-0.24,0.0399
2026-08-31 15:36:03,714.16,2026-08-31,718.0,3.9,4.01,3.9,6960,2164,0.1821,-0.9044,0.05828,-0.115,0.0272
2026-08-31 15:36:03,714.16,2026-08-31,719.0,4.69,5.13,4.68,2320,1467,0.196,-0.9371,0.03941,-0.07,0.0198
2026-08-31 15:36:03,714.16,2026-08-31,720.0,5.85,6.14,5.66,2080,3552,0.2662,-0.9129,0.03721,-0.155,0.0254
2026-08-31 15:36:03,714.16,2026-08-31,721.0,6.65,7.02,6.86,551,840,0.1839,-0.9894,0.00949,0.005,0.0045
2026-08-31 15:36:03,714.16,2026-08-31,722.0,7.79,7.98,7.84,368,460,0.269,-0.9644,0.01818,-0.045,0.0125
2026-08-31 15:36:03,714.16,2026-08-31,723.0,8.59,9.19,8.67,191,382,0.3009,-0.9654,0.01588,-0.05,0.0122
2026-08-31 15:36:03,714.16,2026-08-31,724.0,9.82,9.93,9.43,459,635,0.3145,-0.9735,0.01219,-0.035,0.0098
2026-08-31 15:36:03,714.16,2026-08-31,725.0,10.95,11.2,10.72,500,4343,0.4655,-0.9246,0.01907,-0.235,0.0227
2026-08-31 15:36:03,714.16,2026-08-31,726.0,11.58,12.04,10.85,147,512,,,,,
2026-08-31 15:36:03,714.16,2026-08-31,727.0,12.5,12.88,13.31,26,387,,,,,
2026-08-31 15:36:03,714.16,2026-08-31,728.0,13.49,14.56,14,8,359,0.5347,-0.9445,0.01308,-0.185,0.0179
2026-08-31 15:36:03,714.16,2026-08-31,729.0,14.93,15.19,15.49,12,431,0.5841,-0.941,0.01258,-0.22,0.0188
2026-08-31 15:37:05,714.09,2026-08-31,700.0,0.01,0.02,0.03,4028,30098,0.3688,-0.0077,0.0036,-0.015,0.0034
2026-08-31 15:37:05,714.09,2026-08-31,701.0,0.01,0.02,0.03,1156,506,0.3455,-0.0082,0.00405,-0.015,0.0036
2026-08-31 15:37:05,714.09,2026-08-31,702.0,0.01,0.04,0.03,3498,487,0.344,-0.013,0.0061,-0.025,0.0054
2026-08-31 15:37:05,714.09,2026-08-31,703.0,0.04,0.05,0.04,5170,1050,0.3479,-0.0218,0.00936,-0.045,0.0083
2026-08-31 15:37:05,714.09,2026-08-31,704.0,0.01,0.02,0.04,4956,1012,0.2746,-0.0101,0.00611,-0.015,0.0043
2026-08-31 15:37:05,714.09,2026-08-31,705.0,0.05,0.06,0.02,13058,9235,0.3039,-0.0293,0.01374,-0.055,0.0107
2026-08-31 15:37:05,714.09,2026-08-31,706.0,0.06,0.07,0.03,7347,571,0.2841,-0.036,0.01741,-0.065,0.0126
2026-08-31 15:37:05,714.09,2026-08-31,707.0,0.03,0.04,0.05,14820,772,0.2289,-0.0253,0.01612,-0.035,0.0094
2026-08-31 15:37:05,714.09,2026-08-31,708.0,0.05,0.1,0.09,14367,1167,0.2318,-0.0486,0.02723,-0.075,0.0161
2026-08-31 15:37:05,714.09,2026-08-31,709.0,0.08,0.13,0.12,22061,1006,0.2164,-0.0688,0.03833,-0.105,0.0212
2026-08-31 15:37:05,714.09,2026-08-31,710.0,0.17,0.18,0.17,69653,9454,0.2092,-0.1085,0.05573,-0.175,0.0297
2026-08-31 15:37:05,714.09,2026-08-31,711.0,0.26,0.27,0.22,60526,757,0.1965,-0.1601,0.07758,-0.265,0.0389
2026-08-31 15:37:05,714.09,2026-08-31,712.0,0.4,0.41,0.37,92257,2080,0.1836,-0.2354,0.10491,-0.405,0.0491
2026-08-31 15:37:05,714.09,2026-08-31,713.0,0.6,0.65,0.63,159740,782,0.1712,-0.3421,0.13437,-0.625,0.0587
2026-08-31 15:37:05,714.09,2026-08-31,714.0,0.95,0.96,0.98,205633,2032,0.158,-0.4826,0.15792,-0.955,0.0637
2026-08-31 15:37:05,714.09,2026-08-31,715.0,1.48,1.51,1.48,157659,3474,0.1543,-0.641,0.15168,-0.585,0.0597
2026-08-31 15:37:05,714.09,2026-08-31,716.0,2.13,2.17,2.12,70699,1206,0.1417,-0.798,0.12446,-0.24,0.045
2026-08-31 15:37:05,714.09,2026-08-31,717.0,2.9,2.97,2.89,18071,846,0.1121,-0.9465,0.06077,-0.025,0.0174
2026-08-31 15:37:05,714.09,2026-08-31,718.0,3.71,3.95,3.72,7015,2164,,,,,
2026-08-31 15:37:05,714.09,2026-08-31,719.0,4.73,5.01,4.74,2337,1467,,,,,
2026-08-31 15:37:05,714.09,2026-08-31,720.0,5.57,5.91,5.61,2080,3552,,,,,
2026-08-31 15:37:05,714.09,2026-08-31,721.0,6.55,7,6.85,551,840,,,,,
2026-08-31 15:37:05,714.09,2026-08-31,722.0,7.61,8.17,7.84,368,460,,,,,
2026-08-31 15:37:05,714.09,2026-08-31,723.0,8.74,9.22,8.67,191,382,0.3187,-0.9585,0.01745,-0.07,0.0142
2026-08-31 15:37:05,714.09,2026-08-31,724.0,9.67,10.27,9.43,459,635,0.3395,-0.9647,0.01434,-0.06,0.0124
2026-08-31 15:37:05,714.09,2026-08-31,725.0,10.66,10.96,10.57,500,4343,,,,,
2026-08-31 15:37:05,714.09,2026-08-31,726.0,11.64,11.87,10.85,147,512,,,,,
2026-08-31 15:37:05,714.09,2026-08-31,727.0,12.77,13.14,13.31,26,387,0.4066,-0.9752,0.00894,-0.045,0.0093
2026-08-31 15:37:05,714.09,2026-08-31,728.0,13.79,14.68,14,8,359,0.6057,-0.9216,0.01514,-0.325,0.0234
2026-08-31 15:37:05,714.09,2026-08-31,729.0,14.86,14.89,15.49,12,431,,,,,
2026-08-31 15:38:07,714.1,2026-08-31,700.0,0.03,0.04,0.03,4028,30098,0.4128,-0.015,0.00574,-0.035,0.006
2026-08-31 15:38:07,714.1,2026-08-31,701.0,0.01,0.02,0.03,1156,506,0.3464,-0.0082,0.00404,-0.015,0.0036
2026-08-31 15:38:07,714.1,2026-08-31,702.0,0.01,0.02,0.03,3499,487,0.3229,-0.0087,0.00459,-0.015,0.0038
2026-08-31 15:38:07,714.1,2026-08-31,703.0,0.01,0.02,0.04,5179,1050,0.2992,-0.0093,0.00526,-0.015,0.004
2026-08-31 15:38:07,714.1,2026-08-31,704.0,0.01,0.02,0.02,4956,1012,0.2754,-0.0101,0.0061,-0.015,0.0043
2026-08-31 15:38:07,714.1,2026-08-31,705.0,0.01,0.02,0.05,13059,9235,0.2513,-0.0109,0.00719,-0.015,0.0046
2026-08-31 15:38:07,714.1,2026-08-31,706.0,0.02,0.07,0.03,7349,571,0.2673,-0.0275,0.01487,-0.045,0.0101
2026-08-31 15:38:07,714.1,2026-08-31,707.0,0.07,0.08,0.05,14843,772,0.2629,-0.0437,0.02208,-0.075,0.0147
2026-08-31 15:38:07,714.1,2026-08-31,708.0,0.09,0.1,0.06,14367,1167,0.2443,-0.057,0.0294,-0.095,0.0182
2026-08-31 15:38:07,714.1,2026-08-31,709.0,0.08,0.09,0.09,22063,1006,0.2071,-0.0597,0.03595,-0.085,0.0189
2026-08-31 15:38:07,714.1,2026-08-31,710.0,0.17,0.18,0.18,69828,9454,0.21,-0.1084,0.05557,-0.175,0.0297
2026-08-31 15:38:07,714.1,2026-08-31,711.0,0.26,0.27,0.26,60820,757,0.1973,-0.1599,0.07733,-0.265,0.0388
2026-08-31 15:38:07,714.1,2026-08-31,712.0,0.41,0.42,0.41,92747,2080,0.1865,-0.2374,0.10396,-0.415,0.0493
2026-08-31 15:38:07,714.1,2026-08-31,713.0,0.61,0.62,0.65,160365,782,0.1704,-0.3398,0.13491,-0.615,0.0584
2026-08-31 15:38:07,714.1,2026-08-31,714.0,1.01,1.02,1.01,206476,2032,0.1685,-0.4821,0.14835,-1.015,0.0635
2026-08-31 15:38:07,714.1,2026-08-31,715.0,1.47,1.52,1.47,158742,3474,0.1557,-0.6386,0.15099,-0.595,0.0597
2026-08-31 15:38:07,714.1,2026-08-31,716.0,2.12,2.15,2.12,71116,1206,0.1404,-0.7994,0.12533,-0.235,0.0447
2026-08-31 15:38:07,714.1,2026-08-31,717.0,2.98,3.04,2.91,18101,846,0.1474,-0.8895,0.08031,-0.11,0.0301
2026-08-31 15:38:07,714.1,2026-08-31,718.0,3.82,3.96,3.82,7017,2164,0.1038,-0.9904,0.0156,0.01,0.0041
2026-08-31 15:38:07,714.1,2026-08-31,719.0,4.81,5.06,4.85,2360,1467,0.1782,-0.9565,0.03245,-0.035,0.0147
2026-08-31 15:38:07,714.1,2026-08-31,720.0,5.79,5.97,5.61,2080,3552,,,,,
2026-08-31 15:38:07,714.1,2026-08-31,721.0,6.81,6.99,6.85,551,840,0.1957,-0.9859,0.01151,0.0,0.0057
2026-08-31 15:38:07,714.1,2026-08-31,722.0,7.81,8.05,7.84,368,460,0.2585,-0.9713,0.01592,-0.03,0.0105
2026-08-31 15:38:07,714.1,2026-08-31,723.0,8.62,8.92,8.67,191,382,,,,,
2026-08-31 15:38:07,714.1,2026-08-31,724.0,9.84,10.21,9.43,459,635,0.3832,-0.9455,0.01807,-0.125,0.0176
2026-08-31 15:38:07,714.1,2026-08-31,725.0,10.64,11.05,10.57,501,4343,,,,,
2026-08-31 15:38:07,714.1,2026-08-31,726.0,11.89,11.98,10.85,147,512,0.3698,-0.977,0.00925,-0.035,0.0087
2026-08-31 15:38:07,714.1,2026-08-31,727.0,12.59,12.87,13.31,26,387,,,,,
2026-08-31 15:38:07,714.1,2026-08-31,728.0,13.62,14.26,14,8,359,0.4274,-0.978,0.00771,-0.04,0.0084
2026-08-31 15:38:07,714.1,2026-08-31,729.0,14.54,14.88,15.49,12,431,,,,,
2026-08-31 15:39:08,714.0,2026-08-31,699.0,0.01,0.04,0.03,1327,717,0.4172,-0.011,0.00435,-0.025,0.0046
2026-08-31 15:39:08,714.0,2026-08-31,700.0,0.03,0.04,0.03,4028,30098,0.4111,-0.015,0.00581,-0.035,0.006
2026-08-31 15:39:08,714.0,2026-08-31,701.0,0.03,0.04,0.03,1256,506,0.3856,-0.0159,0.0065,-0.035,0.0063
2026-08-31 15:39:08,714.0,2026-08-31,702.0,0.03,0.04,0.02,3501,487,0.3598,-0.017,0.00735,-0.035,0.0067
2026-08-31 15:39:08,714.0,2026-08-31,703.0,0.04,0.05,0.04,5193,1050,0.3469,-0.0219,0.00948,-0.045,0.0083
2026-08-31 15:39:08,714.0,2026-08-31,704.0,0.04,0.05,0.02,4956,1012,0.3199,-0.0235,0.01092,-0.045,0.0088
2026-08-31 15:39:08,714.0,2026-08-31,705.0,0.05,0.06,0.02,13059,9235,0.3026,-0.0295,0.01394,-0.055,0.0107
2026-08-31 15:39:08,714.0,2026-08-31,706.0,0.02,0.03,0.03,7353,571,0.2418,-0.0179,0.01147,-0.025,0.007
2026-08-31 15:39:08,714.0,2026-08-31,707.0,0.03,0.04,0.04,14882,772,0.2274,-0.0255,0.01643,-0.035,0.0095
2026-08-31 15:39:08,714.0,2026-08-31,708.0,0.05,0.1,0.06,14390,1167,0.23,-0.0491,0.02779,-0.075,0.0162
2026-08-31 15:39:08,714.0,2026-08-31,709.0,0.09,0.14,0.09,22068,1006,0.2189,-0.0738,0.04017,-0.115,0.0222
2026-08-31 15:39:08,714.0,2026-08-31,710.0,0.19,0.2,0.19,69840,9454,0.2133,-0.1172,0.05798,-0.195,0.0313
2026-08-31 15:39:08,714.0,2026-08-31,711.0,0.28,0.29,0.24,60970,757,0.1986,-0.1688,0.07976,-0.285,0.0401
2026-08-31 15:39:08,714.0,2026-08-31,712.0,0.43,0.44,0.39,92982,2080,0.186,-0.2469,0.10671,-0.435,0.0502
2026-08-31 15:39:08,714.0,2026-08-31,713.0,0.64,0.65,0.64,160844,782,0.1699,-0.3528,0.13745,-0.645,0.0591
2026-08-31 15:39:08,714.0,2026-08-31,714.0,1.01,1.07,1.01,207882,2032,0.1651,-0.497,0.15192,-1.04,0.0635
2026-08-31 15:39:08,714.0,2026-08-31,715.0,1.57,1.59,1.57,159797,3474,0.1594,-0.6504,0.14601,-0.58,0.0589
2026-08-31 15:39:08,714.0,2026-08-31,716.0,2.24,2.3,2.25,71327,1206,0.1529,-0.7919,0.11784,-0.27,0.0456
2026-08-31 15:39:08,714.0,2026-08-31,717.0,3.05,3.11,3.07,18285,846,0.1406,-0.9083,0.07364,-0.08,0.0262
2026-08-31 15:39:08,714.0,2026-08-31,718.0,4,4.14,3.71,7034,2164,0.1701,-0.9288,0.05028,-0.07,0.0216
2026-08-31 15:39:08,714.0,2026-08-31,719.0,4.83,5.08,4.98,2376,1467,,,,,
2026-08-31 15:39:08,714.0,2026-08-31,720.0,5.85,6.16,5.61,2085,3552,0.1811,-0.9806,0.01635,-0.005,0.0075
2026-08-31 15:39:08,714.0,2026-08-31,721.0,6.9,7.02,6.85,551,840,,,,,
2026-08-31 15:39:08,714.0,2026-08-31,722.0,7.85,8.26,7.84,368,460,0.2828,-0.961,0.01877,-0.055,0.0134
2026-08-31 15:39:08,714.0,2026-08-31,723.0,8.93,9.13,8.67,191,382,0.2886,-0.9739,0.0132,-0.03,0.0096
2026-08-31 15:39:08,714.0,2026-08-31,724.0,9.98,10.11,9.43,459,635,0.3303,-0.9702,0.01288,-0.045,0.0108
2026-08-31 15:39:08,714.0,2026-08-31,725.0,10.97,11.12,10.78,501,4343,0.3574,-0.9722,0.01125,-0.045,0.0102
2026-08-31 15:39:08,714.0,2026-08-31,726.0,11.96,12.25,10.85,147,512,0.4338,-0.9571,0.01323,-0.105,0.0145
2026-08-31 15:39:08,714.0,2026-08-31,727.0,12.73,12.91,13.31,26,387,,,,,
2026-08-31 15:39:08,714.0,2026-08-31,728.0,13.78,14.44,14,8,359,0.4948,-0.9603,0.01088,-0.11,0.0136
2026-08-31 15:39:08,714.0,2026-08-31,729.0,14.73,15.17,15.49,12,431,,,,,
2026-08-31 15:40:12,714.15,2026-08-31,700.0,0.03,0.04,0.03,4038,30098,0.4157,-0.0149,0.00571,-0.035,0.006
2026-08-31 15:40:12,714.15,2026-08-31,701.0,0.03,0.04,0.03,1258,506,0.3901,-0.0158,0.00639,-0.035,0.0063
2026-08-31 15:40:12,714.15,2026-08-31,702.0,0.01,0.04,0.03,3502,487,0.3475,-0.013,0.00605,-0.025,0.0053
2026-08-31 15:40:12,714.15,2026-08-31,703.0,0.01,0.05,0.02,5195,1050,0.3309,-0.0159,0.0076,-0.03,0.0063
2026-08-31 15:40:12,714.15,2026-08-31,704.0,0.04,0.05,0.02,4961,1012,0.3246,-0.0233,0.01068,-0.045,0.0087
2026-08-31 15:40:12,714.15,2026-08-31,705.0,0.01,0.02,0.05,13061,9235,0.2535,-0.0109,0.00713,-0.015,0.0046
2026-08-31 15:40:12,714.15,2026-08-31,706.0,0.06,0.07,0.03,7355,571,0.2875,-0.0358,0.01723,-0.065,0.0125
2026-08-31 15:40:12,714.15,2026-08-31,707.0,0.03,0.08,0.05,14897,772,0.2505,-0.0349,0.01938,-0.055,0.0122
2026-08-31 15:40:12,714.15,2026-08-31,708.0,0.05,0.1,0.09,14425,1167,0.235,-0.0483,0.02687,-0.075,0.0159
2026-08-31 15:40:12,714.15,2026-08-31,709.0,0.13,0.14,0.12,22225,1006,0.2331,-0.0803,0.04027,-0.135,0.0237
2026-08-31 15:40:12,714.15,2026-08-31,710.0,0.19,0.2,0.14,70313,9454,0.2193,-0.1147,0.05563,-0.195,0.0308
2026-08-31 15:40:12,714.15,2026-08-31,711.0,0.25,0.3,0.23,61401,757,0.2027,-0.1616,0.07609,-0.275,0.0389
2026-08-31 15:40:12,714.15,2026-08-31,712.0,0.44,0.45,0.44,93770,2080,0.1957,-0.242,0.10048,-0.445,0.0496
2026-08-31 15:40:12,714.15,2026-08-31,713.0,0.66,0.67,0.66,161276,782,0.1825,-0.343,0.12684,-0.665,0.0584
2026-08-31 15:40:12,714.15,2026-08-31,714.0,1.08,1.09,1.08,209685,2032,0.1841,-0.4766,0.13628,-1.085,0.0632
2026-08-31 15:40:12,714.15,2026-08-31,715.0,1.57,1.59,1.57,161655,3474,0.1756,-0.6169,0.13688,-0.73,0.0606
2026-08-31 15:40:12,714.15,2026-08-31,716.0,2.32,2.36,2.18,71840,1206,0.1904,-0.7271,0.10998,-0.49,0.0528
2026-08-31 15:40:12,714.15,2026-08-31,717.0,3.01,3.16,2.94,18424,846,0.1818,-0.836,0.08566,-0.235,0.0393
2026-08-31 15:40:12,714.15,2026-08-31,718.0,3.88,4.05,3.9,7054,2164,0.1838,-0.9046,0.05808,-0.115,0.0269
2026-08-31 15:40:12,714.15,2026-08-31,719.0,4.87,5.12,4.83,2387,1467,0.2301,-0.906,0.04591,-0.145,0.0266
2026-08-31 15:40:12,714.15,2026-08-31,720.0,5.76,6.19,5.71,2087,3552,0.2561,-0.9231,0.03548,-0.125,0.0229
2026-08-31 15:40:12,714.15,2026-08-31,721.0,6.87,7.31,6.85,551,840,0.3353,-0.8987,0.03329,-0.24,0.0281
2026-08-31 15:40:12,714.15,2026-08-31,722.0,7.65,8.29,7.84,368,460,0.3183,-0.938,0.02418,-0.12,0.0194
2026-08-31 15:40:12,714.15,2026-08-31,723.0,8.93,9.22,8.67,191,382,0.3987,-0.9166,0.02423,-0.225,0.0244
2026-08-31 15:40:12,714.15,2026-08-31,724.0,9.78,10.34,9.43,459,635,0.4255,-0.9252,0.02091,-0.21,0.0224
2026-08-31 15:40:12,714.15,2026-08-31,725.0,10.82,11.02,10.78,501,4343,0.3759,-0.9639,0.01328,-0.07,0.0126
2026-08-31 15:40:12,714.15,2026-08-31,726.0,11.7,11.99,10.85,147,512,0.299,-0.9932,0.00398,0.005,0.003
2026-08-31 15:40:12,714.15,2026-08-31,727.0,12.62,12.94,13.31,26,387,,,,,
2026-08-31 15:40:12,714.15,2026-08-31,728.0,14,14.4,14,8,359,0.6177,-0.9178,0.01548,-0.35,0.0241
2026-08-31 15:40:12,714.15,2026-08-31,729.0,14.8,15.11,15.49,12,431,0.516,-0.963,0.00987,-0.105,0.0128
2026-08-31 15:41:13,713.97,2026-08-31,699.0,0.01,0.02,0.01,1773,717,0.3924,-0.0073,0.00327,-0.015,0.0032
2026-08-31 15:41:13,713.97,2026-08-31,700.0,0.03,0.04,0.03,4060,30098,0.412,-0.0151,0.00582,-0.035,0.006
2026-08-31 15:41:13,713.97,2026-08-31,701.0,0.03,0.04,0.03,1258,506,0.3864,-0.016,0.00653,-0.035,0.0063
2026-08-31 15:41:13,713.97,2026-08-31,702.0,0.03,0.04,0.03,3503,487,0.3605,-0.017,0.00738,-0.035,0.0067
2026-08-31 15:41:13,713.97,2026-08-31,703.0,0.01,0.05,0.02,5195,1050,0.327,-0.0162,0.00779,-0.03,0.0064
2026-08-31 15:41:13,713.97,2026-08-31,704.0,0.01,0.02,0.02,4961,1012,0.2739,-0.0102,0.00623,-0.015,0.0043
2026-08-31 15:41:13,713.97,2026-08-31,705.0,0.01,0.06,0.02,13061,9235,0.2816,-0.0212,0.01139,-0.035,0.008
2026-08-31 15:41:13,713.97,2026-08-31,706.0,0.02,0.03,0.06,7357,571,0.242,-0.018,0.01153,-0.025,0.007
2026-08-31 15:41:13,713.97,2026-08-31,707.0,0.03,0.08,0.04,14897,772,0.2458,-0.0355,0.02009,-0.055,0.0124
2026-08-31 15:41:13,713.97,2026-08-31,708.0,0.09,0.1,0.09,14425,1167,0.2416,-0.0579,0.03025,-0.095,0.0183
2026-08-31 15:41:13,713.97,2026-08-31,709.0,0.13,0.14,0.13,22267,1006,0.2274,-0.0821,0.04208,-0.135,0.024
2026-08-31 15:41:13,713.97,2026-08-31,710.0,0.19,0.2,0.15,70327,9454,0.213,-0.1177,0.05847,-0.195,0.0313
2026-08-31 15:41:13,713.97,2026-08-31,711.0,0.29,0.3,0.29,61475,757,0.2006,-0.1727,0.08044,-0.295,0.0405
2026-08-31 15:41:13,713.97,2026-08-31,712.0,0.42,0.43,0.41,93979,2080,0.1832,-0.2461,0.10855,-0.425,0.0499
2026-08-31 15:41:13,713.97,2026-08-31,713.0,0.68,0.7,0.72,162243,782,0.1764,-0.3614,0.13407,-0.69,0.0593
2026-08-31 15:41:13,713.97,2026-08-31,714.0,1.08,1.13,1.08,211397,2032,0.1737,-0.5014,0.14501,-1.075,0.0632
2026-08-31 15:41:13,713.97,2026-08-31,715.0,1.66,1.68,1.66,162775,3474,0.172,-0.6444,0.13668,-0.64,0.059
2026-08-31 15:41:13,713.97,2026-08-31,716.0,2.39,2.43,2.39,72013,1206,0.1782,-0.7614,0.10978,-0.38,0.0491
2026-08-31 15:41:13,713.97,2026-08-31,717.0,3.17,3.22,3.2,18549,846,0.1703,-0.8671,0.07958,-0.165,0.034
2026-08-31 15:41:13,713.97,2026-08-31,718.0,3.97,4.13,3.97,7059,2164,0.143,-0.9613,0.03705,-0.02,0.0133
2026-08-31 15:41:13,713.97,2026-08-31,719.0,4.8,5.14,4.88,2390,1467,,,,,
2026-08-31 15:41:13,713.97,2026-08-31,720.0,5.88,6.09,5.71,2087,3552,,,,,
2026-08-31 15:41:13,713.97,2026-08-31,721.0,6.85,7.17,6.85,551,840,,,,,
2026-08-31 15:41:13,713.97,2026-08-31,722.0,7.86,8.24,7.84,368,460,0.253,-0.9765,0.01386,-0.02,0.0088
2026-08-31 15:41:13,713.97,2026-08-31,723.0,9.07,9.33,8.67,192,382,0.3814,-0.9304,0.02213,-0.17,0.0212
2026-08-31 15:41:13,713.97,2026-08-31,724.0,9.93,10.3,9.43,459,635,0.3642,-0.9572,0.01577,-0.085,0.0144
2026-08-31 15:41:13,713.97,2026-08-31,725.0,10.93,11,10.78,501,4343,,,,,
2026-08-31 15:41:13,713.97,2026-08-31,726.0,12.03,12.2,11.66,148,512,0.4218,-0.9623,0.01228,-0.085,0.013
2026-08-31 15:41:13,713.97,2026-08-31,727.0,12.7,13.26,13.31,26,387,,,,,
2026-08-31 15:41:13,713.97,2026-08-31,728.0,13.65,14.37,14,8,359,,,,,
2026-08-31 15:42:15,713.99,2026-08-31,699.0,0.03,0.04,0.01,1773,717,0.4388,-0.0143,0.00523,-0.035,0.0057
2026-08-31 15:42:15,713.99,2026-08-31,700.0,0.03,0.04,0.03,4060,30098,0.4132,-0.0151,0.00581,-0.035,0.006
2026-08-31 15:42:15,713.99,2026-08-31,701.0,0.03,0.04,0.03,1258,506,0.3875,-0.0159,0.00652,-0.035,0.0063
2026-08-31 15:42:15,713.99,2026-08-31,702.0,0.01,0.04,0.03,3503,487,0.3449,-0.0131,0.00618,-0.025,0.0053
2026-08-31 15:42:15,713.99,2026-08-31,703.0,0.01,0.02,0.02,5195,1050,0.2989,-0.0094,0.00535,-0.015,0.004
2026-08-31 15:42:15,713.99,2026-08-31,704.0,0.01,0.02,0.02,4961,1012,0.2748,-0.0102,0.00621,-0.015,0.0043
2026-08-31 15:42:15,713.99,2026-08-31,705.0,0.05,0.06,0.02,13074,9235,0.304,-0.0295,0.01397,-0.055,0.0106
2026-08-31 15:42:15,713.99,2026-08-31,706.0,0.06,0.07,0.04,7357,571,0.2839,-0.0363,0.01774,-0.065,0.0126
2026-08-31 15:42:15,713.99,2026-08-31,707.0,0.03,0.08,0.04,14901,772,0.2468,-0.0355,0.02003,-0.055,0.0124
2026-08-31 15:42:15,713.99,2026-08-31,708.0,0.09,0.1,0.09,14432,1167,0.2426,-0.0578,0.03015,-0.095,0.0183
2026-08-31 15:42:15,713.99,2026-08-31,709.0,0.09,0.1,0.13,22294,1006,0.2102,-0.0653,0.03828,-0.095,0.0201
2026-08-31 15:42:15,713.99,2026-08-31,710.0,0.19,0.2,0.15,70405,9454,0.214,-0.1174,0.05823,-0.195,0.0312
2026-08-31 15:42:15,713.99,2026-08-31,711.0,0.25,0.26,0.25,61506,757,0.1915,-0.1598,0.08031,-0.255,0.0384
2026-08-31 15:42:15,713.99,2026-08-31,712.0,0.41,0.46,0.45,94125,2080,0.1864,-0.2477,0.10732,-0.435,0.05
2026-08-31 15:42:15,713.99,2026-08-31,713.0,0.7,0.71,0.65,162538,782,0.1802,-0.3619,0.13157,-0.705,0.0593
2026-08-31 15:42:15,713.99,2026-08-31,714.0,1.09,1.1,1.09,212283,2032,0.1736,-0.4992,0.14534,-1.08,0.0631
2026-08-31 15:42:15,713.99,2026-08-31,715.0,1.59,1.62,1.59,163357,3474,0.163,-0.6503,0.14372,-0.59,0.0585
2026-08-31 15:42:15,713.99,2026-08-31,716.0,2.36,2.4,2.26,72207,1206,0.1747,-0.7646,0.11136,-0.365,0.0486
2026-08-31 15:42:15,713.99,2026-08-31,717.0,3.04,3.25,3.04,18923,846,0.1594,-0.8823,0.07833,-0.13,0.0312
2026-08-31 15:42:15,713.99,2026-08-31,718.0,3.94,4.17,4.01,7070,2164,0.156,-0.9469,0.04385,-0.04,0.0171
2026-08-31 15:42:15,713.99,2026-08-31,719.0,4.84,5.28,4.85,2393,1467,0.1895,-0.9516,0.03353,-0.045,0.0159
2026-08-31 15:42:15,713.99,2026-08-31,720.0,5.79,6.11,5.71,2088,3552,,,,,
2026-08-31 15:42:15,713.99,2026-08-31,721.0,6.81,7.32,6.85,551,840,0.2521,-0.9595,0.02185,-0.05,0.0138
2026-08-31 15:42:15,713.99,2026-08-31,722.0,7.9,8.13,7.84,368,460,0.224,-0.9876,0.00908,-0.0,0.0051
2026-08-31 15:42:15,713.99,2026-08-31,723.0,8.74,9.35,8.72,192,382,0.2906,-0.974,0.01314,-0.03,0.0095
2026-08-31 15:42:15,713.99,2026-08-31,724.0,9.74,10.38,9.43,460,635,0.3325,-0.9703,0.01284,-0.045,0.0107
2026-08-31 15:42:15,713.99,2026-08-31,725.0,10.7,10.99,10.78,501,4343,,,,,
2026-08-31 15:42:15,713.99,2026-08-31,726.0,12.08,12.09,11.66,148,512,0.4101,-0.9664,0.01151,-0.07,0.0118
2026-08-31 15:42:15,713.99,2026-08-31,727.0,12.63,13.28,13.31,26,387,,,,,
2026-08-31 15:42:15,713.99,2026-08-31,728.0,13.98,14.2,14,8,359,0.4697,-0.9687,0.0095,-0.075,0.0112
2026-08-31 15:43:17,714.39,2026-08-31,700.0,0.01,0.02,0.03,4060,30098,0.3801,-0.0076,0.00348,-0.015,0.0033
2026-08-31 15:43:17,714.39,2026-08-31,701.0,0.01,0.02,0.03,1258,506,0.3566,-0.008,0.00391,-0.015,0.0035
2026-08-31 15:43:17,714.39,2026-08-31,702.0,0.01,0.02,0.03,3503,487,0.3329,-0.0085,0.00442,-0.015,0.0037
2026-08-31 15:43:17,714.39,2026-08-31,703.0,0.01,0.02,0.02,5195,1050,0.309,-0.0091,0.00505,-0.015,0.0039
2026-08-31 15:43:17,714.39,2026-08-31,704.0,0.01,0.02,0.02,4961,1012,0.285,-0.0098,0.00584,-0.015,0.0041
2026-08-31 15:43:17,714.39,2026-08-31,705.0,0.05,0.06,0.02,13076,9235,0.3159,-0.0286,0.01311,-0.055,0.0103
2026-08-31 15:43:17,714.39,2026-08-31,706.0,0.06,0.07,0.04,7357,571,0.2962,-0.035,0.01654,-0.065,0.0122
2026-08-31 15:43:17,714.39,2026-08-31,707.0,0.07,0.08,0.07,14948,772,0.2741,-0.0425,0.0209,-0.075,0.0143
2026-08-31 15:43:17,714.39,2026-08-31,708.0,0.08,0.09,0.09,14435,1167,0.25,-0.0512,0.02665,-0.085,0.0166
2026-08-31 15:43:17,714.39,2026-08-31,709.0,0.07,0.08,0.11,22363,1006,0.2127,-0.0529,0.0321,-0.075,0.017
2026-08-31 15:43:17,714.39,2026-08-31,710.0,0.16,0.17,0.16,70802,9454,0.2192,-0.1004,0.05087,-0.165,0.0278
2026-08-31 15:43:17,714.39,2026-08-31,711.0,0.19,0.24,0.19,61692,757,0.1973,-0.1361,0.0701,-0.215,0.0345
2026-08-31 15:43:17,714.39,2026-08-31,712.0,0.35,0.36,0.35,94753,2080,0.1893,-0.2095,0.09629,-0.355,0.0454
2026-08-31 15:43:17,714.39,2026-08-31,713.0,0.52,0.53,0.56,163522,782,0.1726,-0.3022,0.12803,-0.525,0.0551
2026-08-31 15:43:17,714.39,2026-08-31,714.0,0.88,0.89,0.88,212880,2032,0.1708,-0.4395,0.14625,-0.885,0.0623
2026-08-31 15:43:17,714.39,2026-08-31,715.0,1.32,1.38,1.32,164539,3474,0.1627,-0.5909,0.15127,-0.74,0.0613
2026-08-31 15:43:17,714.39,2026-08-31,716.0,1.98,2.06,1.98,72448,1206,0.1637,-0.7306,0.12778,-0.41,0.0521
2026-08-31 15:43:17,714.39,2026-08-31,717.0,2.76,2.95,2.79,18947,846,0.1752,-0.825,0.0932,-0.245,0.0407
2026-08-31 15:43:17,714.39,2026-08-31,718.0,3.73,3.76,3.64,7075,2164,0.1833,-0.892,0.06413,-0.135,0.0293
2026-08-31 15:43:17,714.39,2026-08-31,719.0,4.65,5.17,4.84,2400,1467,0.2718,-0.8564,0.05277,-0.3,0.0358
2026-08-31 15:43:17,714.39,2026-08-31,720.0,5.64,6.12,5.88,2089,3552,0.3017,-0.8783,0.04241,-0.27,0.0319
2026-08-31 15:43:17,714.39,2026-08-31,721.0,6.57,7.35,6.85,551,840,0.3643,-0.8723,0.03633,-0.35,0.033
2026-08-31 15:43:17,714.39,2026-08-31,722.0,7.69,8.25,7.45,369,460,0.4052,-0.8803,0.03122,-0.36,0.0315
2026-08-31 15:43:17,714.39,2026-08-31,723.0,8.48,9.09,8.72,192,382,0.3712,-0.927,0.02367,-0.175,0.0219
2026-08-31 15:43:17,714.39,2026-08-31,724.0,9.38,10.24,9.75,460,635,0.4155,-0.9263,0.0213,-0.2,0.0221
2026-08-31 15:43:17,714.39,2026-08-31,725.0,10.77,10.96,10.53,523,4343,0.4727,-0.9198,0.01995,-0.255,0.0235
2026-08-31 15:43:17,714.39,2026-08-31,726.0,11.66,12,11.66,151,512,0.4899,-0.9308,0.01721,-0.22,0.021
2026-08-31 15:43:17,714.39,2026-08-31,727.0,12.41,13.08,13.31,26,387,0.4748,-0.9516,0.01341,-0.135,0.0159
2026-08-31 15:43:17,714.39,2026-08-31,728.0,13.53,14.65,14,8,359,0.6631,-0.8996,0.01682,-0.48,0.0278
2026-08-31 15:43:17,714.39,2026-08-31,729.0,14.81,15.45,15.49,12,431,0.7127,-0.899,0.01571,-0.52,0.0279
2026-08-31 15:44:19,714.21,2026-08-31,700.0,0.01,0.02,0.03,4060,30098,0.3768,-0.0077,0.00355,-0.015,0.0033
2026-08-31 15:44:19,714.21,2026-08-31,701.0,0.03,0.04,0.03,1258,506,0.3948,-0.0157,0.00635,-0.035,0.0062
2026-08-31 15:44:19,714.21,2026-08-31,702.0,0.01,0.04,0.03,3503,487,0.3518,-0.0129,0.006,-0.025,0.0052
2026-08-31 15:44:19,714.21,2026-08-31,703.0,0.01,0.05,0.02,5195,1050,0.3351,-0.0159,0.00754,-0.03,0.0063
2026-08-31 15:44:19,714.21,2026-08-31,704.0,0.04,0.05,0.02,4963,1012,0.3288,-0.0232,0.01059,-0.045,0.0086
2026-08-31 15:44:19,714.21,2026-08-31,705.0,0.01,0.02,0.05,13108,9235,0.257,-0.0108,0.00705,-0.015,0.0045
2026-08-31 15:44:19,714.21,2026-08-31,706.0,0.02,0.07,0.06,7359,571,0.2736,-0.0273,0.01458,-0.045,0.0099
2026-08-31 15:44:19,714.21,2026-08-31,707.0,0.03,0.08,0.07,14953,772,0.2542,-0.0347,0.01915,-0.055,0.0121
2026-08-31 15:44:19,714.21,2026-08-31,708.0,0.09,0.1,0.09,14492,1167,0.2507,-0.0563,0.02872,-0.095,0.0179
2026-08-31 15:44:19,714.21,2026-08-31,709.0,0.07,0.08,0.08,22378,1006,0.2075,-0.0541,0.03359,-0.075,0.0173
2026-08-31 15:44:19,714.21,2026-08-31,710.0,0.12,0.13,0.13,70913,9454,0.1981,-0.0869,0.05069,-0.125,0.0249
2026-08-31 15:44:19,714.21,2026-08-31,711.0,0.2,0.21,0.2,62346,757,0.1876,-0.1366,0.07406,-0.205,0.0345
2026-08-31 15:44:19,714.21,2026-08-31,712.0,0.38,0.39,0.38,95427,2080,0.1877,-0.225,0.1014,-0.385,0.0472
2026-08-31 15:44:19,714.21,2026-08-31,713.0,0.6,0.62,0.6,163904,782,0.1779,-0.3302,0.12923,-0.61,0.0571
2026-08-31 15:44:19,714.21,2026-08-31,714.0,0.95,0.96,0.95,213589,2032,0.1693,-0.4656,0.14905,-0.955,0.0626
2026-08-31 15:44:19,714.21,2026-08-31,715.0,1.45,1.47,1.44,165837,3474,0.1632,-0.6177,0.14836,-0.67,0.0601
2026-08-31 15:44:19,714.21,2026-08-31,716.0,2.13,2.16,2.05,72666,1206,0.1623,-0.7554,0.12284,-0.355,0.0495
2026-08-31 15:44:19,714.21,2026-08-31,717.0,2.84,2.96,2.94,19126,846,0.145,-0.8871,0.08389,-0.11,0.0302
2026-08-31 15:44:19,714.21,2026-08-31,718.0,3.81,3.94,3.82,7096,2164,0.1712,-0.9184,0.05597,-0.085,0.0238
2026-08-31 15:44:19,714.21,2026-08-31,719.0,4.67,5.17,4.82,2401,1467,0.2239,-0.9109,0.04567,-0.13,0.0254
2026-08-31 15:44:19,714.21,2026-08-31,720.0,5.78,6.02,5.69,2103,3552,0.2492,-0.9282,0.03489,-0.11,0.0216
2026-08-31 15:44:19,714.21,2026-08-31,721.0,6.73,7.29,6.85,551,840,0.3285,-0.9031,0.03314,-0.22,0.027
2026-08-31 15:44:19,714.21,2026-08-31,722.0,7.69,8.32,7.45,369,460,0.3615,-0.9121,0.02801,-0.215,0.0251
2026-08-31 15:44:19,714.21,2026-08-31,723.0,8.6,9.19,8.72,192,382,0.3418,-0.947,0.02008,-0.105,0.017
2026-08-31 15:44:19,714.21,2026-08-31,724.0,9.7,10.15,9.75,460,635,0.3898,-0.9426,0.01874,-0.135,0.0181
2026-08-31 15:44:19,714.21,2026-08-31,725.0,10.59,10.81,10.73,528,4343,,,,,
2026-08-31 15:44:19,714.21,2026-08-31,726.0,11.75,12.35,11.62,151,512,0.5152,-0.9241,0.0176,-0.26,0.0225
2026-08-31 15:44:19,714.21,2026-08-31,727.0,12.51,13.46,13.31,26,387,0.5159,-0.9397,0.01471,-0.195,0.0188
2026-08-31 15:44:19,714.21,2026-08-31,728.0,13.81,14.27,14,8,359,0.5755,-0.933,0.01432,-0.25,0.0204
2026-08-31 15:44:19,714.21,2026-08-31,729.0,14.93,15.35,15.49,12,431,0.6539,-0.9211,0.01428,-0.35,0.0232
