run_time,spot,expiration,strike,bid,ask,last,volume,open_interest,iv,delta,gamma,theta,vega
2026-09-08 19:15:15,719.23,2026-09-08,713.0,6.15,6.26,6.32,2172,1004,,,,,
2026-09-08 19:15:15,719.23,2026-09-08,714.0,5.1,5.26,5.33,5150,1011,,,,,
2026-09-08 19:15:15,719.23,2026-09-08,715.0,4.059,4.3,4.33,17830,1504,,,,,
2026-09-08 19:15:15,719.23,2026-09-08,716.0,3.12,3.32,3.29,50618,760,,,,,
2026-09-08 19:15:15,719.23,2026-09-08,717.0,2.26,2.32,2.34,143163,1445,0.2396,0.9204,0.09318,-0.06,0.0098
2026-09-08 19:15:15,719.23,2026-09-08,718.0,1.33,1.36,1.38,217954,1043,0.1919,0.834,0.19578,-0.115,0.0165
2026-09-08 19:15:15,719.23,2026-09-08,719.0,0.61,0.62,0.62,331054,1083,0.1851,0.5755,0.31898,-0.385,0.026
2026-09-08 19:15:15,719.23,2026-09-08,720.0,0.15,0.2,0.2,592146,3484,0.1739,0.2534,0.27738,-0.175,0.0212
2026-09-08 19:15:15,719.23,2026-09-08,721.0,0.06,0.07,0.03,380598,2038,0.2073,0.0999,0.12747,-0.065,0.0116
2026-09-08 19:15:15,719.23,2026-09-08,722.0,0.04,0.05,0.02,223273,1093,0.2665,0.0593,0.06674,-0.045,0.0078
2026-09-08 19:15:15,719.23,2026-09-08,723.0,0.03,0.04,0.02,106894,1102,0.3239,0.0403,0.04037,-0.035,0.0058
2026-09-08 19:15:15,719.23,2026-09-08,724.0,0.01,0.04,0.02,74268,872,0.3704,0.0267,0.02513,-0.025,0.0041
2026-09-08 19:15:15,719.23,2026-09-08,725.0,0.01,0.02,0.03,40533,2462,0.4023,0.0158,0.01481,-0.015,0.0026
2026-09-08 19:15:15,719.23,2026-09-08,726.0,0.01,0.02,0.03,20233,2045,0.4613,0.014,0.01163,-0.015,0.0024
2026-09-08 19:16:16,719.29,2026-09-08,713.0,6.11,6.2,6.32,2172,1004,,,,,
2026-09-08 19:16:16,719.29,2026-09-08,714.0,5.07,5.32,5.33,5153,1011,,,,,
2026-09-08 19:16:16,719.29,2026-09-08,715.0,4.09,4.39,4.13,17846,1504,,,,,
2026-09-08 19:16:16,719.29,2026-09-08,716.0,3.12,3.38,3.33,50690,760,,,,,
2026-09-08 19:16:16,719.29,2026-09-08,717.0,2.19,2.29,2.28,143173,1445,,,,,
2026-09-08 19:16:16,719.29,2026-09-08,718.0,1.27,1.35,1.31,218027,1043,0.1139,0.959,0.11777,-0.015,0.0058
2026-09-08 19:16:16,719.29,2026-09-08,719.0,0.56,0.61,0.61,331841,1083,0.1603,0.6117,0.36433,-0.29,0.0251
2026-09-08 19:16:16,719.29,2026-09-08,720.0,0.18,0.19,0.19,593134,3484,0.1726,0.2679,0.29082,-0.185,0.0216
2026-09-08 19:16:16,719.29,2026-09-08,721.0,0.06,0.07,0.03,380873,2038,0.2041,0.1022,0.13317,-0.065,0.0117
2026-09-08 19:16:16,719.29,2026-09-08,722.0,0.04,0.05,0.04,223329,1093,0.2646,0.0602,0.06884,-0.045,0.0078
2026-09-08 19:16:16,719.29,2026-09-08,723.0,0.03,0.04,0.03,107114,1102,0.323,0.0408,0.04135,-0.035,0.0057
2026-09-08 19:16:16,719.29,2026-09-08,724.0,0.03,0.04,0.01,74286,872,0.3924,0.0345,0.02964,-0.035,0.005
2026-09-08 19:16:16,719.29,2026-09-08,725.0,0.03,0.04,0.03,40568,2462,0.4598,0.03,0.02256,-0.035,0.0045
2026-09-08 19:16:16,719.29,2026-09-08,726.0,0.03,0.04,0.03,20244,2045,0.5257,0.0267,0.01789,-0.035,0.004
2026-09-08 19:17:16,719.18,2026-09-08,713.0,6.05,6.12,6.32,2172,1004,,,,,
2026-09-08 19:17:16,719.18,2026-09-08,714.0,5.09,5.26,5.27,5153,1011,,,,,
2026-09-08 19:17:16,719.18,2026-09-08,715.0,4.04,4.22,4.13,17846,1504,,,,,
2026-09-08 19:17:16,719.18,2026-09-08,716.0,3.11,3.18,3.28,50690,760,,,,,
2026-09-08 19:17:16,719.18,2026-09-08,717.0,2.09,2.22,2.27,143185,1445,,,,,
2026-09-08 19:17:16,719.18,2026-09-08,718.0,1.23,1.24,1.22,218177,1043,0.1462,0.8952,0.19159,-0.05,0.0118
2026-09-08 19:17:16,719.18,2026-09-08,719.0,0.52,0.53,0.51,332179,1083,0.1642,0.5702,0.36891,-0.34,0.0255
2026-09-08 19:17:16,719.18,2026-09-08,720.0,0.12,0.17,0.17,594509,3484,0.1685,0.2289,0.27721,-0.145,0.0196
2026-09-08 19:17:16,719.18,2026-09-08,721.0,0.05,0.06,0.03,380953,2038,0.2069,0.0887,0.1198,-0.055,0.0104
2026-09-08 19:17:16,719.18,2026-09-08,722.0,0.01,0.05,0.04,223343,1093,0.2542,0.0444,0.05689,-0.03,0.0061
2026-09-08 19:17:16,719.18,2026-09-08,723.0,0.01,0.04,0.02,107137,1102,0.315,0.0314,0.03462,-0.025,0.0046
2026-09-08 19:17:16,719.18,2026-09-08,724.0,0.01,0.04,0.03,74312,872,0.3821,0.0265,0.02479,-0.025,0.004
2026-09-08 19:17:16,719.18,2026-09-08,725.0,0.03,0.04,0.01,40585,2462,0.4727,0.0296,0.02195,-0.035,0.0044
2026-09-08 19:17:16,719.18,2026-09-08,726.0,0.03,0.04,0.03,20244,2045,0.5391,0.0264,0.01748,-0.035,0.004
2026-09-08 19:18:17,719.11,2026-09-08,713.0,5.87,6.11,6.32,2172,1004,,,,,
2026-09-08 19:18:17,719.11,2026-09-08,714.0,5.04,5.21,5.27,5155,1011,0.3692,0.985,0.01598,-0.015,0.0024
2026-09-08 19:18:17,719.11,2026-09-08,715.0,4.019,4.21,4.13,17846,1504,0.2445,0.9958,0.00794,-0.0045,0.0008
2026-09-08 19:18:17,719.11,2026-09-08,716.0,3.03,3.15,3.28,50691,760,,,,,
2026-09-08 19:18:17,719.11,2026-09-08,717.0,2.02,2.18,2.27,143219,1445,,,,,
2026-09-08 19:18:17,719.11,2026-09-08,718.0,1.24,1.27,1.28,218244,1043,0.2037,0.8035,0.2123,-0.145,0.0177
2026-09-08 19:18:17,719.11,2026-09-08,719.0,0.49,0.54,0.54,332983,1083,0.1787,0.5395,0.34685,-0.405,0.0254
2026-09-08 19:18:17,719.11,2026-09-08,720.0,0.15,0.16,0.16,595832,3484,0.1845,0.2267,0.25485,-0.155,0.0193
2026-09-08 19:18:17,719.11,2026-09-08,721.0,0.05,0.06,0.02,381171,2038,0.2158,0.0865,0.11406,-0.055,0.0101
2026-09-08 19:18:17,719.11,2026-09-08,722.0,0.01,0.05,0.02,223400,1093,0.2628,0.0436,0.05488,-0.03,0.0059
2026-09-08 19:18:17,719.11,2026-09-08,723.0,0.03,0.04,0.01,107251,1102,0.3441,0.0395,0.03865,-0.035,0.0055
2026-09-08 19:18:17,719.11,2026-09-08,724.0,0.03,0.04,0.03,74315,872,0.4148,0.0335,0.02807,-0.035,0.0048
2026-09-08 19:18:17,719.11,2026-09-08,725.0,0.03,0.04,0.03,40585,2462,0.4835,0.0293,0.02155,-0.035,0.0043
2026-09-08 19:18:17,719.11,2026-09-08,726.0,0.01,0.04,0.03,20245,2045,0.5222,0.0203,0.01468,-0.025,0.0031
2026-09-08 19:19:17,718.99,2026-09-08,712.0,6.8,7.05,7.31,1217,746,,,,,
2026-09-08 19:19:17,718.99,2026-09-08,713.0,5.85,6.08,6.32,2174,1004,,,,,
2026-09-08 19:19:17,718.99,2026-09-08,714.0,4.87,4.98,5.03,5165,1011,,,,,
2026-09-08 19:19:17,718.99,2026-09-08,715.0,3.79,4.09,4.13,17869,1504,,,,,
2026-09-08 19:19:17,718.99,2026-09-08,716.0,2.88,2.97,3.23,50691,760,,,,,
2026-09-08 19:19:17,718.99,2026-09-08,717.0,2.02,2.08,1.99,143256,1445,0.2308,0.9142,0.1073,-0.06,0.0099
2026-09-08 19:19:17,718.99,2026-09-08,718.0,1.15,1.17,1.16,218403,1043,0.2061,0.7771,0.22875,-0.17,0.0189
2026-09-08 19:19:17,718.99,2026-09-08,719.0,0.43,0.48,0.48,334118,1083,0.1817,0.4977,0.3469,-0.455,0.0252
2026-09-08 19:19:17,718.99,2026-09-08,720.0,0.12,0.13,0.13,597475,3484,0.1841,0.194,0.23586,-0.125,0.0174
2026-09-08 19:19:17,718.99,2026-09-08,721.0,0.01,0.06,0.06,381582,2038,0.2059,0.0621,0.09387,-0.035,0.0077
2026-09-08 19:19:17,718.99,2026-09-08,722.0,0.04,0.05,0.04,223523,1093,0.2983,0.0561,0.05983,-0.045,0.0071
2026-09-08 19:19:17,718.99,2026-09-08,723.0,0.01,0.04,0.03,107395,1102,0.3364,0.0303,0.03225,-0.025,0.0043
2026-09-08 19:19:17,718.99,2026-09-08,724.0,0.01,0.04,0.01,74350,872,0.4047,0.0258,0.02341,-0.025,0.0038
2026-09-08 19:19:17,718.99,2026-09-08,725.0,0.03,0.04,0.03,40586,2462,0.4977,0.0289,0.02094,-0.035,0.0042
2026-09-08 19:20:17,718.9,2026-09-08,712.0,6.84,7.18,7.31,1217,746,0.6976,0.9447,0.02564,-0.105,0.007
2026-09-08 19:20:17,718.9,2026-09-08,713.0,5.84,6.05,6.06,2175,1004,0.5075,0.9694,0.02179,-0.04,0.0043
2026-09-08 19:20:17,718.9,2026-09-08,714.0,4.79,4.91,4.93,5166,1011,,,,,
2026-09-08 19:20:17,718.9,2026-09-08,715.0,3.82,4,4.07,17875,1504,0.2464,0.9945,0.01014,-0.005,0.001
2026-09-08 19:20:17,718.9,2026-09-08,716.0,2.87,3.06,3.23,50694,760,0.3119,0.9327,0.06684,-0.06,0.0081
2026-09-08 19:20:17,718.9,2026-09-08,717.0,1.92,1.97,2.05,143267,1445,0.2043,0.9328,0.1019,-0.04,0.0081
2026-09-08 19:20:17,718.9,2026-09-08,718.0,1.01,1.04,1.07,218464,1043,0.1711,0.8023,0.26002,-0.12,0.0174
2026-09-08 19:20:17,718.9,2026-09-08,719.0,0.42,0.43,0.44,334932,1083,0.1885,0.469,0.33771,-0.425,0.0249
2026-09-08 19:20:17,718.9,2026-09-08,720.0,0.12,0.13,0.13,599962,3484,0.196,0.1865,0.21909,-0.125,0.0168
2026-09-08 19:20:17,718.9,2026-09-08,721.0,0.05,0.06,0.05,381825,2038,0.2391,0.0811,0.10054,-0.055,0.0094
2026-09-08 19:20:17,718.9,2026-09-08,722.0,0.01,0.02,0.02,223670,1093,0.2523,0.0252,0.03731,-0.015,0.0037
2026-09-08 19:20:17,718.9,2026-09-08,723.0,0.03,0.04,0.03,107411,1102,0.3679,0.038,0.03599,-0.035,0.0052
2026-09-08 19:20:17,718.9,2026-09-08,724.0,0.03,0.04,0.01,74380,872,0.4399,0.0326,0.02649,-0.035,0.0045
2026-09-08 19:20:17,718.9,2026-09-08,725.0,0.03,0.04,0.02,40586,2462,0.51,0.0286,0.02052,-0.035,0.0041
2026-09-08 19:21:20,718.87,2026-09-08,712.0,6.64,6.92,7.31,1220,746,,,,,
2026-09-08 19:21:20,718.87,2026-09-08,713.0,5.69,5.94,6.04,2175,1004,,,,,
2026-09-08 19:21:20,718.87,2026-09-08,714.0,4.86,5.04,4.86,5168,1011,0.5056,0.9419,0.03728,-0.08,0.0072
2026-09-08 19:21:20,718.87,2026-09-08,715.0,3.79,3.97,3.97,17997,1504,0.2822,0.9872,0.01895,-0.01,0.002
2026-09-08 19:21:20,718.87,2026-09-08,716.0,2.86,2.87,2.91,50694,760,,,,,
2026-09-08 19:21:20,718.87,2026-09-08,717.0,1.85,1.95,1.97,143302,1445,0.1908,0.9446,0.09515,-0.03,0.0069
2026-09-08 19:21:20,718.87,2026-09-08,718.0,1.03,1.06,1.08,218630,1043,0.1995,0.7613,0.25202,-0.175,0.0191
2026-09-08 19:21:20,718.87,2026-09-08,719.0,0.35,0.36,0.36,336542,1083,0.169,0.4515,0.38002,-0.355,0.0244
2026-09-08 19:21:20,718.87,2026-09-08,720.0,0.11,0.12,0.12,602197,3484,0.1964,0.1762,0.21385,-0.115,0.016
2026-09-08 19:21:20,718.87,2026-09-08,721.0,0.05,0.06,0.05,381942,2038,0.2453,0.0802,0.0985,-0.055,0.0092
2026-09-08 19:21:20,718.87,2026-09-08,722.0,0.04,0.05,0.02,223687,1093,0.3157,0.0546,0.05681,-0.045,0.0068
2026-09-08 19:21:20,718.87,2026-09-08,723.0,0.01,0.04,0.03,107414,1102,0.3538,0.0297,0.03092,-0.025,0.0042
2026-09-08 19:21:20,718.87,2026-09-08,724.0,0.01,0.04,0.02,74380,872,0.4236,0.0253,0.02262,-0.025,0.0036
2026-09-08 19:21:20,718.87,2026-09-08,725.0,0.03,0.04,0.02,40591,2462,0.5193,0.0285,0.02035,-0.035,0.004
2026-09-08 19:22:20,719.09,2026-09-08,713.0,5.8,5.92,6.04,2178,1004,,,,,
2026-09-08 19:22:20,719.09,2026-09-08,714.0,4.68,4.91,5.01,5172,1011,,,,,
2026-09-08 19:22:20,719.09,2026-09-08,715.0,3.71,4.03,4.01,18038,1504,,,,,
2026-09-08 19:22:20,719.09,2026-09-08,716.0,2.76,2.99,2.91,50694,760,,,,,
2026-09-08 19:22:20,719.09,2026-09-08,717.0,1.87,2,2.1,143311,1445,,,,,
2026-09-08 19:22:20,719.09,2026-09-08,718.0,1.01,1.03,1.13,218711,1043,,,,,
2026-09-08 19:22:20,719.09,2026-09-08,719.0,0.38,0.39,0.4,337851,1083,0.1387,0.5437,0.46956,-0.295,0.0241
2026-09-08 19:22:20,719.09,2026-09-08,720.0,0.06,0.07,0.07,603384,3484,0.1416,0.1465,0.26617,-0.065,0.014
2026-09-08 19:22:20,719.09,2026-09-08,721.0,0.04,0.05,0.05,382297,2038,0.218,0.0757,0.10739,-0.045,0.0087
2026-09-08 19:22:20,719.09,2026-09-08,722.0,0.01,0.04,0.04,223943,1093,0.2688,0.0382,0.05068,-0.025,0.005
2026-09-08 19:22:20,719.09,2026-09-08,723.0,0.03,0.04,0.02,107537,1102,0.3637,0.0393,0.03838,-0.035,0.0052
2026-09-08 19:22:20,719.09,2026-09-08,724.0,0.03,0.04,0.02,74381,872,0.4381,0.0334,0.02791,-0.035,0.0045
2026-09-08 19:22:20,719.09,2026-09-08,725.0,0.03,0.04,0.03,40591,2462,0.5103,0.0292,0.02145,-0.035,0.0041
2026-09-08 19:22:20,719.09,2026-09-08,726.0,0.01,0.02,0.03,20246,2045,0.5118,0.0137,0.01127,-0.015,0.0021
2026-09-08 19:23:20,718.8,2026-09-08,712.0,6.64,6.83,6.89,1220,746,,,,,
2026-09-08 19:23:20,718.8,2026-09-08,713.0,5.65,5.81,5.91,2178,1004,,,,,
2026-09-08 19:23:20,718.8,2026-09-08,714.0,4.81,4.95,4.94,5173,1011,0.5136,0.9412,0.03802,-0.08,0.007
2026-09-08 19:23:20,718.8,2026-09-08,715.0,3.75,3.9,3.93,18038,1504,0.3361,0.9707,0.03309,-0.025,0.004
2026-09-08 19:23:20,718.8,2026-09-08,716.0,2.76,2.86,2.91,50694,760,0.2197,0.9834,0.0313,-0.01,0.0025
2026-09-08 19:23:20,718.8,2026-09-08,717.0,1.82,1.89,1.86,143324,1445,0.2209,0.9134,0.11902,-0.055,0.0095
2026-09-08 19:23:20,718.8,2026-09-08,718.0,0.99,1.02,1.02,219027,1043,0.2114,0.7368,0.25725,-0.205,0.0196
2026-09-08 19:23:20,718.8,2026-09-08,719.0,0.32,0.37,0.37,339418,1083,0.1824,0.4286,0.35856,-0.345,0.0236
2026-09-08 19:23:20,718.8,2026-09-08,720.0,0.09,0.1,0.1,604574,3484,0.1961,0.1548,0.20228,-0.095,0.0143
2026-09-08 19:23:20,718.8,2026-09-08,721.0,0.04,0.05,0.05,382916,2038,0.2463,0.069,0.08983,-0.045,0.008
2026-09-08 19:23:20,718.8,2026-09-08,722.0,0.03,0.04,0.03,224005,1093,0.3137,0.0452,0.05054,-0.035,0.0057
2026-09-08 19:23:20,718.8,2026-09-08,723.0,0.01,0.04,0.02,107556,1102,0.3685,0.0293,0.03018,-0.025,0.004
2026-09-08 19:23:20,718.8,2026-09-08,724.0,0.01,0.04,0.02,74382,872,0.4401,0.0251,0.02218,-0.025,0.0035
2026-09-08 19:23:20,718.8,2026-09-08,725.0,0.01,0.02,0.01,40606,2462,0.4729,0.0149,0.01329,-0.015,0.0023
2026-09-08 19:24:21,718.72,2026-09-08,712.0,6.82,6.86,6.89,1221,746,0.7426,0.9382,0.02775,-0.12,0.0072
2026-09-08 19:24:21,718.72,2026-09-08,713.0,5.81,5.83,5.91,2181,1004,0.6283,0.9391,0.0324,-0.1,0.0071
2026-09-08 19:24:21,718.72,2026-09-08,714.0,4.77,4.89,4.94,5173,1011,0.5533,0.9263,0.04264,-0.11,0.0083
2026-09-08 19:24:21,718.72,2026-09-08,715.0,3.71,3.94,3.87,18051,1504,0.4564,0.9167,0.05673,-0.105,0.0091
2026-09-08 19:24:21,718.72,2026-09-08,716.0,2.68,2.83,2.87,50701,760,0.2774,0.9518,0.06103,-0.035,0.0059
2026-09-08 19:24:21,718.72,2026-09-08,717.0,1.75,1.83,1.89,143338,1445,0.2314,0.8962,0.13172,-0.07,0.0107
2026-09-08 19:24:21,718.72,2026-09-08,718.0,0.95,0.97,0.94,219227,1043,0.2209,0.71,0.2618,-0.24,0.0203
2026-09-08 19:24:21,718.72,2026-09-08,719.0,0.3,0.35,0.35,340233,1083,0.1907,0.4031,0.34297,-0.325,0.0229
2026-09-08 19:24:21,718.72,2026-09-08,720.0,0.05,0.1,0.1,605515,3484,0.1924,0.1313,0.18703,-0.075,0.0126
2026-09-08 19:24:21,718.72,2026-09-08,721.0,0.04,0.05,0.05,383303,2038,0.2568,0.0674,0.08582,-0.045,0.0077
2026-09-08 19:24:21,718.72,2026-09-08,722.0,0.01,0.04,0.03,224049,1093,0.3048,0.035,0.04286,-0.025,0.0046
2026-09-08 19:24:21,718.72,2026-09-08,723.0,0.01,0.02,0.02,107568,1102,0.3498,0.0198,0.02316,-0.015,0.0028
2026-09-08 19:24:21,718.72,2026-09-08,724.0,0.03,0.04,0.03,74382,872,0.4782,0.0317,0.02518,-0.035,0.0042
2026-09-08 19:24:21,718.72,2026-09-08,725.0,0.01,0.04,0.03,40619,2462,0.5228,0.0218,0.01683,-0.025,0.0031
2026-09-08 19:25:21,718.7,2026-09-08,712.0,6.61,6.8,7.03,1221,746,0.433,0.9962,0.0045,-0.005,0.0007
2026-09-08 19:25:21,718.7,2026-09-08,713.0,5.58,5.68,5.79,2181,1004,,,,,
2026-09-08 19:25:21,718.7,2026-09-08,714.0,4.56,4.77,4.94,5174,1011,,,,,
2026-09-08 19:25:21,718.7,2026-09-08,715.0,3.6,3.74,3.69,18051,1504,,,,,
2026-09-08 19:25:21,718.7,2026-09-08,716.0,2.65,2.73,2.76,50705,760,,,,,
2026-09-08 19:25:21,718.7,2026-09-08,717.0,1.68,1.82,1.82,143345,1445,0.2124,0.9155,0.12494,-0.05,0.009
2026-09-08 19:25:21,718.7,2026-09-08,718.0,0.86,0.89,0.87,219270,1043,0.1879,0.7393,0.2962,-0.175,0.0189
2026-09-08 19:25:21,718.7,2026-09-08,719.0,0.3,0.31,0.3,341310,1083,0.1881,0.3933,0.35041,-0.305,0.0224
2026-09-08 19:25:21,718.7,2026-09-08,720.0,0.07,0.08,0.08,606748,3484,0.1973,0.1301,0.18391,-0.075,0.0124
2026-09-08 19:25:21,718.7,2026-09-08,721.0,0.04,0.05,0.02,383515,2038,0.2623,0.067,0.08487,-0.045,0.0076
2026-09-08 19:25:21,718.7,2026-09-08,722.0,0.03,0.04,0.03,224085,1093,0.3309,0.0443,0.04846,-0.035,0.0055
2026-09-08 19:25:21,718.7,2026-09-08,723.0,0.03,0.04,0.01,107632,1102,0.41,0.0367,0.03362,-0.035,0.0047
2026-09-08 19:25:21,718.7,2026-09-08,724.0,0.01,0.02,0.03,74382,872,0.4255,0.0168,0.01683,-0.015,0.0024
2026-09-08 19:25:21,718.7,2026-09-08,725.0,0.01,0.02,0.03,40634,2462,0.4933,0.0147,0.01297,-0.015,0.0022
2026-09-08 19:26:23,718.58,2026-09-08,712.0,6.52,6.67,7.03,1221,746,0.515,0.9873,0.01105,-0.015,0.0019
2026-09-08 19:26:23,718.58,2026-09-08,713.0,5.43,5.69,5.79,2181,1004,,,,,
2026-09-08 19:26:23,718.58,2026-09-08,714.0,4.53,4.6,4.75,5174,1011,,,,,
2026-09-08 19:26:23,718.58,2026-09-08,715.0,3.51,3.79,3.69,18051,1504,0.414,0.9346,0.05353,-0.07,0.0073
2026-09-08 19:26:23,718.58,2026-09-08,716.0,2.54,2.65,2.7,50722,760,0.2314,0.9742,0.04515,-0.015,0.0034
2026-09-08 19:26:23,718.58,2026-09-08,717.0,1.62,1.73,1.69,143404,1445,0.246,0.869,0.1505,-0.095,0.0122
2026-09-08 19:26:23,718.58,2026-09-08,718.0,0.82,0.83,0.84,219465,1043,0.2089,0.6864,0.29529,-0.245,0.0204
2026-09-08 19:26:23,718.58,2026-09-08,719.0,0.23,0.24,0.24,342555,1083,0.1791,0.3426,0.35713,-0.235,0.0211
2026-09-08 19:26:23,718.58,2026-09-08,720.0,0.03,0.04,0.04,607974,3484,0.1736,0.0779,0.14602,-0.035,0.0084
2026-09-08 19:26:23,718.58,2026-09-08,721.0,0.01,0.02,0.02,383899,2038,0.2235,0.0302,0.0532,-0.015,0.0039
2026-09-08 19:26:23,718.58,2026-09-08,722.0,0.01,0.02,0.02,224154,1093,0.2983,0.0234,0.03224,-0.015,0.0032
2026-09-08 19:26:23,718.58,2026-09-08,723.0,0.01,0.02,0.03,107659,1102,0.3703,0.0193,0.02208,-0.015,0.0027
2026-09-08 19:26:23,718.58,2026-09-08,724.0,0.03,0.04,0.02,74420,872,0.5033,0.0311,0.02426,-0.035,0.004
2026-09-08 19:26:23,718.58,2026-09-08,725.0,0.03,0.04,0.01,40634,2462,0.5789,0.0275,0.01904,-0.035,0.0036
2026-09-08 19:27:23,718.7,2026-09-08,712.0,6.73,6.88,7.03,1221,746,0.7525,0.9434,0.02672,-0.105,0.0064
2026-09-08 19:27:23,718.7,2026-09-08,713.0,5.67,5.87,5.79,2181,1004,0.6073,0.9523,0.02889,-0.07,0.0056
2026-09-08 19:27:23,718.7,2026-09-08,714.0,4.57,4.88,4.75,5174,1011,0.4265,0.9747,0.02441,-0.025,0.0033
2026-09-08 19:27:23,718.7,2026-09-08,715.0,3.65,3.88,3.69,18051,1504,0.424,0.9392,0.05016,-0.065,0.0068
2026-09-08 19:27:23,718.7,2026-09-08,716.0,2.68,2.81,2.79,50732,760,0.3049,0.9418,0.06742,-0.045,0.0066
2026-09-08 19:27:23,718.7,2026-09-08,717.0,1.71,1.94,1.82,143428,1445,0.287,0.8531,0.14151,-0.125,0.013
2026-09-08 19:27:23,718.7,2026-09-08,718.0,0.95,0.97,0.89,219618,1043,0.2382,0.6991,0.25819,-0.26,0.0197
2026-09-08 19:27:23,718.7,2026-09-08,719.0,0.33,0.34,0.32,342907,1083,0.2077,0.4002,0.32872,-0.335,0.0219
2026-09-08 19:27:23,718.7,2026-09-08,720.0,0.05,0.1,0.08,608495,3484,0.2034,0.1301,0.18389,-0.075,0.012
2026-09-08 19:27:23,718.7,2026-09-08,721.0,0.01,0.05,0.05,384242,2038,0.2478,0.0511,0.07476,-0.03,0.0059
2026-09-08 19:27:23,718.7,2026-09-08,722.0,0.01,0.02,0.03,224210,1093,0.2938,0.024,0.03397,-0.015,0.0032
2026-09-08 19:27:23,718.7,2026-09-08,723.0,0.03,0.04,0.02,107788,1102,0.4226,0.0367,0.03362,-0.035,0.0046
2026-09-08 19:27:23,718.7,2026-09-08,724.0,0.03,0.04,0.03,74424,872,0.5016,0.0316,0.02504,-0.035,0.004
2026-09-08 19:27:23,718.7,2026-09-08,725.0,0.01,0.04,0.01,40634,2462,0.5481,0.0217,0.01675,-0.025,0.0029
2026-09-08 19:28:23,718.87,2026-09-08,712.0,6.88,7.07,7.03,1221,746,0.7796,0.9443,0.02585,-0.105,0.0063
2026-09-08 19:28:23,718.87,2026-09-08,713.0,5.81,5.92,5.79,2181,1004,,,,,
2026-09-08 19:28:23,718.87,2026-09-08,714.0,4.7,4.86,4.75,5174,1011,,,,,
2026-09-08 19:28:23,718.87,2026-09-08,715.0,3.84,3.94,3.98,18052,1504,0.3538,0.9756,0.02905,-0.02,0.0032
2026-09-08 19:28:23,718.87,2026-09-08,716.0,2.74,2.88,2.79,50732,760,,,,,
2026-09-08 19:28:23,718.87,2026-09-08,717.0,1.8,1.94,1.97,143448,1445,,,,,
2026-09-08 19:28:23,718.87,2026-09-08,718.0,0.91,0.97,0.99,219633,1043,0.1531,0.8468,0.27707,-0.07,0.0132
2026-09-08 19:28:23,718.87,2026-09-08,719.0,0.33,0.34,0.35,343349,1083,0.178,0.4489,0.39887,-0.335,0.0221
2026-09-08 19:28:23,718.87,2026-09-08,720.0,0.09,0.1,0.1,609481,3484,0.203,0.1597,0.21482,-0.095,0.0135
2026-09-08 19:28:23,718.87,2026-09-08,721.0,0.04,0.05,0.04,384773,2038,0.2588,0.0705,0.09358,-0.045,0.0075
2026-09-08 19:28:23,718.87,2026-09-08,722.0,0.01,0.02,0.02,224279,1093,0.2855,0.025,0.03669,-0.015,0.0033
2026-09-08 19:28:23,718.87,2026-09-08,723.0,0.03,0.04,0.03,107798,1102,0.4153,0.0378,0.03556,-0.035,0.0046
2026-09-08 19:28:23,718.87,2026-09-08,724.0,0.03,0.04,0.03,74426,872,0.4959,0.0324,0.02623,-0.035,0.004
2026-09-08 19:28:23,718.87,2026-09-08,725.0,0.03,0.04,0.03,40635,2462,0.5744,0.0285,0.02035,-0.035,0.0036
2026-09-08 19:29:24,719.0,2026-09-08,712.0,7,7.01,7.03,1221,746,0.4828,0.9961,0.0044,-0.005,0.0006
2026-09-08 19:29:24,719.0,2026-09-08,713.0,5.87,6.14,5.79,2181,1004,0.4203,0.9955,0.00566,-0.005,0.0007
2026-09-08 19:29:24,719.0,2026-09-08,714.0,4.81,5.03,4.75,5174,1011,,,,,
2026-09-08 19:29:24,719.0,2026-09-08,715.0,3.83,4.019,4.019,18057,1504,,,,,
2026-09-08 19:29:24,719.0,2026-09-08,716.0,2.96,3.1,2.89,50741,760,0.3143,0.9596,0.05041,-0.03,0.0048
2026-09-08 19:29:24,719.0,2026-09-08,717.0,2,2.04,1.94,143506,1445,0.2082,0.9605,0.07475,-0.02,0.0047
2026-09-08 19:29:24,719.0,2026-09-08,718.0,1.05,1.11,1.17,219650,1043,0.1787,0.8469,0.24108,-0.08,0.013
2026-09-08 19:29:24,719.0,2026-09-08,719.0,0.37,0.42,0.42,344337,1083,0.1801,0.501,0.40384,-0.395,0.0219
2026-09-08 19:29:24,719.0,2026-09-08,720.0,0.11,0.12,0.08,610559,3484,0.2045,0.1872,0.23966,-0.115,0.0147
2026-09-08 19:29:24,719.0,2026-09-08,721.0,0.01,0.02,0.04,384854,2038,0.2001,0.0346,0.06973,-0.015,0.0042
2026-09-08 19:29:24,719.0,2026-09-08,722.0,0.03,0.04,0.03,224321,1093,0.326,0.0473,0.05516,-0.035,0.0054
2026-09-08 19:29:24,719.0,2026-09-08,723.0,0.03,0.04,0.01,107799,1102,0.4112,0.0387,0.03718,-0.035,0.0046
2026-09-08 19:29:24,719.0,2026-09-08,724.0,0.03,0.04,0.03,74426,872,0.4934,0.033,0.0272,-0.035,0.004
2026-09-08 19:29:24,719.0,2026-09-08,725.0,0.03,0.04,0.03,40635,2462,0.5734,0.0289,0.02099,-0.035,0.0036
2026-09-08 19:29:24,719.0,2026-09-08,726.0,0.01,0.02,0.03,20249,2045,0.5743,0.0136,0.01105,-0.015,0.0019
2026-09-08 19:30:24,718.92,2026-09-08,712.0,6.53,6.94,7.03,1221,746,,,,,
2026-09-08 19:30:24,718.92,2026-09-08,713.0,5.48,5.73,5.79,2291,1004,,,,,
2026-09-08 19:30:24,718.92,2026-09-08,714.0,4.51,4.71,4.75,5178,1011,,,,,
2026-09-08 19:30:24,718.92,2026-09-08,715.0,3.64,3.84,3.88,18169,1504,,,,,
2026-09-08 19:30:24,718.92,2026-09-08,716.0,2.66,2.78,2.96,50741,760,,,,,
2026-09-08 19:30:24,718.92,2026-09-08,717.0,1.62,1.77,1.82,143567,1445,,,,,
2026-09-08 19:30:24,718.92,2026-09-08,718.0,0.83,0.86,0.86,219719,1043,,,,,
2026-09-08 19:30:24,718.92,2026-09-08,719.0,0.29,0.3,0.3,344966,1083,0.1546,0.4628,0.47637,-0.295,0.0214
2026-09-08 19:30:24,718.92,2026-09-08,720.0,0.04,0.05,0.05,612519,3484,0.1612,0.1077,0.21306,-0.045,0.01
2026-09-08 19:30:24,718.92,2026-09-08,721.0,0.01,0.02,0.02,385038,2038,0.2102,0.0336,0.06597,-0.015,0.004
2026-09-08 19:30:24,718.92,2026-09-08,722.0,0.01,0.04,0.03,224336,1093,0.3177,0.0366,0.04681,-0.025,0.0043
2026-09-08 19:30:24,718.92,2026-09-08,723.0,0.01,0.04,0.02,107800,1102,0.4003,0.0299,0.03145,-0.025,0.0037
2026-09-08 19:30:24,718.92,2026-09-08,724.0,0.01,0.04,0.01,74434,872,0.4803,0.0255,0.02294,-0.025,0.0032
2026-09-08 19:30:24,718.92,2026-09-08,725.0,0.03,0.04,0.03,40637,2462,0.5896,0.0286,0.02059,-0.035,0.0035
2026-09-08 19:31:26,718.61,2026-09-08,712.0,6.47,6.85,7.03,1221,746,0.6984,0.9638,0.02147,-0.055,0.0042
2026-09-08 19:31:26,718.61,2026-09-08,713.0,5.61,5.75,5.73,2297,1004,0.6499,0.9492,0.03033,-0.075,0.0055
2026-09-08 19:31:26,718.61,2026-09-08,714.0,4.46,4.65,4.8,5178,1011,,,,,
2026-09-08 19:31:26,718.61,2026-09-08,715.0,3.6,3.8,3.74,18169,1504,0.4861,0.9201,0.05766,-0.095,0.0079
2026-09-08 19:31:26,718.61,2026-09-08,716.0,2.59,2.72,2.96,50741,760,0.3248,0.9356,0.07315,-0.05,0.0067
2026-09-08 19:31:26,718.61,2026-09-08,717.0,1.64,1.72,1.73,143577,1445,0.2513,0.8867,0.14426,-0.075,0.0102
2026-09-08 19:31:26,718.61,2026-09-08,718.0,0.79,0.85,0.87,219792,1043,0.2147,0.7035,0.30407,-0.215,0.0183
2026-09-08 19:31:26,718.61,2026-09-08,719.0,0.29,0.3,0.3,345349,1083,0.2202,0.3683,0.32322,-0.295,0.02
2026-09-08 19:31:26,718.61,2026-09-08,720.0,0.04,0.05,0.09,613965,3484,0.1979,0.0922,0.15774,-0.045,0.0088
2026-09-08 19:31:26,718.61,2026-09-08,721.0,0.01,0.02,0.05,385384,2038,0.2404,0.0304,0.05399,-0.015,0.0036
2026-09-08 19:31:26,718.61,2026-09-08,722.0,0.03,0.04,0.03,224468,1093,0.3729,0.0434,0.04661,-0.035,0.0049
2026-09-08 19:31:26,718.61,2026-09-08,723.0,0.03,0.04,0.01,107831,1102,0.4598,0.0362,0.0326,-0.035,0.0042
2026-09-08 19:31:26,718.61,2026-09-08,724.0,0.03,0.04,0.02,74732,872,0.5439,0.0312,0.02442,-0.035,0.0037
2026-09-08 19:31:26,718.61,2026-09-08,725.0,0.03,0.04,0.01,40955,2462,0.626,0.0276,0.01915,-0.035,0.0034
2026-09-08 19:32:26,718.97,2026-09-08,712.0,6.74,7.05,7.03,1221,746,,,,,
2026-09-08 19:32:26,718.97,2026-09-08,713.0,6,6.08,5.59,2297,1004,0.686,0.9537,0.02716,-0.07,0.005
2026-09-08 19:32:26,718.97,2026-09-08,714.0,4.75,4.95,4.8,5178,1011,,,,,
2026-09-08 19:32:26,718.97,2026-09-08,715.0,3.96,3.99,3.91,18198,1504,0.3082,0.9935,0.01139,-0.005,0.001
2026-09-08 19:32:26,718.97,2026-09-08,716.0,2.95,3.06,2.85,50780,760,0.3394,0.9542,0.05444,-0.035,0.005
2026-09-08 19:32:26,718.97,2026-09-08,717.0,1.98,2.009,1.73,143577,1445,0.2265,0.9531,0.08313,-0.0245,0.0051
2026-09-08 19:32:26,718.97,2026-09-08,718.0,1.05,1.08,1.12,219894,1043,0.1964,0.8294,0.24809,-0.095,0.0132
2026-09-08 19:32:26,718.97,2026-09-08,719.0,0.42,0.43,0.43,346545,1083,0.2114,0.49,0.3624,-0.425,0.0208
2026-09-08 19:32:26,718.97,2026-09-08,720.0,0.06,0.11,0.11,615524,3484,0.1969,0.1582,0.23563,-0.085,0.0126
2026-09-08 19:32:26,718.97,2026-09-08,721.0,0.04,0.05,0.04,387014,2038,0.2671,0.0727,0.09944,-0.045,0.0072
2026-09-08 19:32:26,718.97,2026-09-08,722.0,0.01,0.04,0.02,225416,1093,0.3249,0.0371,0.04789,-0.025,0.0042
2026-09-08 19:32:26,718.97,2026-09-08,723.0,0.03,0.04,0.01,107945,1102,0.4359,0.0385,0.03679,-0.035,0.0043
2026-09-08 19:32:26,718.97,2026-09-08,724.0,0.01,0.02,0.03,74737,872,0.4562,0.0175,0.0182,-0.015,0.0023
2026-09-08 19:32:26,718.97,2026-09-08,725.0,0.03,0.04,0.03,41010,2462,0.6068,0.0288,0.02083,-0.035,0.0034
2026-09-08 19:33:27,718.79,2026-09-08,712.0,6.82,6.85,7.03,1221,746,0.7145,0.9694,0.01895,-0.045,0.0035
2026-09-08 19:33:27,718.79,2026-09-08,713.0,5.72,5.79,5.59,2297,1004,,,,,
2026-09-08 19:33:27,718.79,2026-09-08,714.0,4.73,4.78,4.8,5178,1011,,,,,
2026-09-08 19:33:27,718.79,2026-09-08,715.0,3.76,3.88,3.98,18212,1504,0.4093,0.9656,0.03645,-0.03,0.0039
2026-09-08 19:33:27,718.79,2026-09-08,716.0,2.67,2.84,2.99,50799,760,,,,,
2026-09-08 19:33:27,718.79,2026-09-08,717.0,1.78,1.81,1.73,143583,1445,0.1565,0.9876,0.04021,-0.005,0.0016
2026-09-08 19:33:27,718.79,2026-09-08,718.0,0.93,0.96,1.01,220222,1043,0.2164,0.7634,0.27907,-0.155,0.0158
2026-09-08 19:33:27,718.79,2026-09-08,719.0,0.28,0.29,0.29,347481,1083,0.1865,0.4137,0.40887,-0.285,0.0199
2026-09-08 19:33:27,718.79,2026-09-08,720.0,0.05,0.1,0.1,617474,3484,0.2145,0.1354,0.19857,-0.075,0.0111
2026-09-08 19:33:27,718.79,2026-09-08,721.0,0.04,0.05,0.02,388064,2038,0.2905,0.0688,0.08928,-0.045,0.0068
2026-09-08 19:33:27,718.79,2026-09-08,722.0,0.03,0.04,0.03,225685,1093,0.3696,0.0451,0.05031,-0.035,0.0049
2026-09-08 19:33:27,718.79,2026-09-08,723.0,0.01,0.04,0.01,108153,1102,0.4339,0.0293,0.03007,-0.025,0.0034
2026-09-08 19:33:27,718.79,2026-09-08,724.0,0.01,0.04,0.01,74939,872,0.518,0.025,0.02211,-0.025,0.003
2026-09-08 19:33:27,718.79,2026-09-08,725.0,0.03,0.04,0.01,41072,2462,0.6335,0.0282,0.01997,-0.035,0.0033
2026-09-08 19:34:27,718.75,2026-09-08,712.0,6.6,7.05,7.03,1221,746,0.7983,0.9553,0.02356,-0.075,0.0047
2026-09-08 19:34:27,718.75,2026-09-08,713.0,5.8,5.91,5.59,2297,1004,0.7543,0.937,0.03272,-0.105,0.0062
2026-09-08 19:34:27,718.75,2026-09-08,714.0,4.66,4.89,4.8,5179,1011,0.4875,0.9746,0.02424,-0.025,0.003
2026-09-08 19:34:27,718.75,2026-09-08,715.0,3.64,3.84,3.93,18213,1504,,,,,
2026-09-08 19:34:27,718.75,2026-09-08,716.0,2.7,2.84,2.88,50800,760,0.2969,0.9682,0.04805,-0.02,0.0036
2026-09-08 19:34:27,718.75,2026-09-08,717.0,1.78,1.86,1.94,143599,1445,0.2774,0.8967,0.12933,-0.07,0.009
2026-09-08 19:34:27,718.75,2026-09-08,718.0,0.94,1,0.96,220442,1043,0.2544,0.7226,0.26284,-0.22,0.0168
2026-09-08 19:34:27,718.75,2026-09-08,719.0,0.31,0.32,0.35,349112,1083,0.214,0.4087,0.36229,-0.315,0.0195
2026-09-08 19:34:27,718.75,2026-09-08,720.0,0.05,0.06,0.1,620997,3484,0.204,0.1113,0.18549,-0.055,0.0095
2026-09-08 19:34:27,718.75,2026-09-08,721.0,0.04,0.05,0.02,388277,2038,0.3003,0.068,0.08726,-0.045,0.0066
2026-09-08 19:34:27,718.75,2026-09-08,722.0,0.01,0.04,0.02,225873,1093,0.3574,0.0353,0.04341,-0.025,0.0039
2026-09-08 19:34:27,718.75,2026-09-08,723.0,0.01,0.02,0.01,108257,1102,0.4109,0.0199,0.0234,-0.015,0.0024
2026-09-08 19:34:27,718.75,2026-09-08,724.0,0.03,0.04,0.01,74954,872,0.5623,0.0319,0.02538,-0.035,0.0036
2026-09-08 19:34:27,718.75,2026-09-08,725.0,0,0.03,0.01,41079,2462,0.5402,0.0108,0.01055,-0.01,0.0014
2026-09-08 19:35:27,718.7,2026-09-08,712.0,6.7,6.77,7.03,1221,746,0.7199,0.9717,0.01836,-0.04,0.0032
2026-09-08 19:35:27,718.7,2026-09-08,713.0,5.74,5.84,5.84,2298,1004,0.7472,0.9408,0.03214,-0.095,0.0058
2026-09-08 19:35:27,718.7,2026-09-08,714.0,4.7,4.71,4.98,5179,1011,0.4247,0.9881,0.01485,-0.01,0.0015
2026-09-08 19:35:27,718.7,2026-09-08,715.0,3.74,3.86,3.85,18216,1504,0.5481,0.916,0.0573,-0.105,0.0076
2026-09-08 19:35:27,718.7,2026-09-08,716.0,2.64,2.86,2.88,50801,760,0.3682,0.9326,0.07211,-0.055,0.0064
2026-09-08 19:35:27,718.7,2026-09-08,717.0,1.78,1.84,1.83,143647,1445,0.3216,0.8592,0.14151,-0.115,0.011
2026-09-08 19:35:27,718.7,2026-09-08,718.0,0.91,0.94,0.94,220737,1043,0.2563,0.7104,0.27184,-0.23,0.0168
2026-09-08 19:35:27,718.7,2026-09-08,719.0,0.28,0.33,0.32,350388,1083,0.2247,0.3919,0.34825,-0.305,0.0189
2026-09-08 19:35:27,718.7,2026-09-08,720.0,0.09,0.1,0.1,623466,3484,0.2535,0.1479,0.18557,-0.095,0.0113
2026-09-08 19:35:27,718.7,2026-09-08,721.0,0.04,0.05,0.04,388714,2038,0.3122,0.0669,0.0846,-0.045,0.0064
2026-09-08 19:35:27,718.7,2026-09-08,722.0,0.01,0.02,0.02,225966,1093,0.3392,0.024,0.03389,-0.015,0.0028
2026-09-08 19:35:27,718.7,2026-09-08,723.0,0.01,0.02,0.02,108271,1102,0.4238,0.0197,0.02296,-0.015,0.0023
2026-09-08 19:35:27,718.7,2026-09-08,724.0,0.01,0.04,0.01,75048,872,0.5471,0.0247,0.02154,-0.025,0.0028
2026-09-08 19:35:27,718.7,2026-09-08,725.0,0,0.03,0.02,41103,2462,0.6113,0.0184,0.015,-0.02,0.0022
2026-09-08 19:36:29,718.72,2026-09-08,712.0,6.56,6.78,7.03,1221,746,,,,,
2026-09-08 19:36:29,718.72,2026-09-08,713.0,5.65,5.94,5.86,2300,1004,0.7285,0.9498,0.02955,-0.075,0.005
2026-09-08 19:36:29,718.72,2026-09-08,714.0,4.64,4.76,4.98,5179,1011,,,,,
2026-09-08 19:36:29,718.72,2026-09-08,715.0,3.61,3.91,3.8,18230,1504,0.4535,0.9567,0.04218,-0.04,0.0044
2026-09-08 19:36:29,718.72,2026-09-08,716.0,2.68,2.88,2.76,50820,760,0.3867,0.929,0.07306,-0.06,0.0065
2026-09-08 19:36:29,718.72,2026-09-08,717.0,1.71,1.83,1.85,143683,1445,0.2609,0.9154,0.1236,-0.05,0.0075
2026-09-08 19:36:29,718.72,2026-09-08,718.0,0.9,0.92,0.97,221176,1043,0.2414,0.7333,0.28324,-0.19,0.0158
2026-09-08 19:36:29,718.72,2026-09-08,719.0,0.27,0.28,0.28,352329,1083,0.208,0.3905,0.38392,-0.275,0.0184
2026-09-08 19:36:29,718.72,2026-09-08,720.0,0.04,0.09,0.09,625731,3484,0.227,0.121,0.18439,-0.065,0.0097
2026-09-08 19:36:29,718.72,2026-09-08,721.0,0.01,0.02,0.04,389211,2038,0.2544,0.0315,0.0579,-0.015,0.0034
2026-09-08 19:36:29,718.72,2026-09-08,722.0,0.01,0.04,0.03,226105,1093,0.3754,0.035,0.04285,-0.025,0.0037
2026-09-08 19:36:29,718.72,2026-09-08,723.0,0.01,0.02,0.03,108294,1102,0.4309,0.0198,0.02316,-0.015,0.0023
2026-09-08 19:36:29,718.72,2026-09-08,724.0,0,0.01,0.01,75189,872,0.4867,0.0123,0.01368,-0.01,0.0015
2026-09-08 19:36:29,718.72,2026-09-08,725.0,0,0.01,0.01,41106,2462,0.5655,0.0108,0.01047,-0.01,0.0014
2026-09-08 19:37:29,718.68,2026-09-08,712.0,6.58,6.8,7.03,1221,746,0.5483,0.9954,0.00517,-0.005,0.0006
2026-09-08 19:37:29,718.68,2026-09-08,713.0,5.58,5.79,5.86,2300,1004,,,,,
2026-09-08 19:37:29,718.68,2026-09-08,714.0,4.63,4.79,4.98,5182,1011,0.5141,0.9742,0.02482,-0.025,0.0028
2026-09-08 19:37:29,718.68,2026-09-08,715.0,3.61,3.73,3.76,18230,1504,,,,,
2026-09-08 19:37:29,718.68,2026-09-08,716.0,2.6,2.84,2.78,50848,760,0.347,0.9506,0.06263,-0.035,0.0048
2026-09-08 19:37:29,718.68,2026-09-08,717.0,1.69,1.81,1.81,143738,1445,0.2818,0.8988,0.13356,-0.065,0.0083
2026-09-08 19:37:29,718.68,2026-09-08,718.0,0.85,0.91,0.86,221298,1043,0.2438,0.7256,0.29067,-0.195,0.0157
2026-09-08 19:37:29,718.68,2026-09-08,719.0,0.26,0.27,0.27,355493,1083,0.2145,0.3782,0.37689,-0.265,0.0179
2026-09-08 19:37:29,718.68,2026-09-08,720.0,0.08,0.09,0.08,628494,3484,0.2567,0.1386,0.18317,-0.085,0.0104
2026-09-08 19:37:29,718.68,2026-09-08,721.0,0.01,0.02,0.03,389657,2038,0.2634,0.0311,0.05666,-0.015,0.0033
2026-09-08 19:37:29,718.68,2026-09-08,722.0,0.01,0.02,0.02,233643,1093,0.3551,0.0239,0.03374,-0.015,0.0026
2026-09-08 19:37:29,718.68,2026-09-08,723.0,0.03,0.04,0.03,108809,1102,0.5102,0.0367,0.03345,-0.035,0.0038
2026-09-08 19:37:29,718.68,2026-09-08,724.0,0,0.01,0.01,75209,872,0.5004,0.0123,0.01354,-0.01,0.0015
2026-09-08 19:37:29,718.68,2026-09-08,725.0,0,0.01,0.01,41128,2462,0.5808,0.0107,0.01038,-0.01,0.0013
2026-09-08 19:38:30,718.67,2026-09-08,712.0,6.61,6.95,7.03,1221,746,0.9341,0.9411,0.02734,-0.11,0.0054
2026-09-08 19:38:30,718.67,2026-09-08,713.0,5.63,5.8,5.86,2301,1004,0.6848,0.9649,0.02458,-0.045,0.0036
2026-09-08 19:38:30,718.67,2026-09-08,714.0,4.53,4.85,4.71,5183,1011,0.5054,0.9783,0.02236,-0.02,0.0024
2026-09-08 19:38:30,718.67,2026-09-08,715.0,3.56,3.87,3.73,18247,1504,0.4807,0.9523,0.04496,-0.045,0.0046
2026-09-08 19:38:30,718.67,2026-09-08,716.0,2.63,2.86,2.79,50849,760,0.4214,0.9167,0.07913,-0.075,0.007
2026-09-08 19:38:30,718.67,2026-09-08,717.0,1.72,1.88,1.81,143826,1445,0.3545,0.8481,0.14434,-0.13,0.0108
2026-09-08 19:38:30,718.67,2026-09-08,718.0,0.92,0.95,0.95,221557,1043,0.2911,0.6925,0.26275,-0.265,0.0162
2026-09-08 19:38:30,718.67,2026-09-08,719.0,0.3,0.31,0.31,356455,1083,0.2456,0.3858,0.33885,-0.305,0.0176
2026-09-08 19:38:30,718.67,2026-09-08,720.0,0.07,0.08,0.07,629464,3484,0.2546,0.1284,0.1793,-0.075,0.0096
2026-09-08 19:38:30,718.67,2026-09-08,721.0,0.04,0.05,0.04,389811,2038,0.3364,0.0665,0.08344,-0.045,0.0059
2026-09-08 19:38:30,718.67,2026-09-08,722.0,0.03,0.04,0.03,233731,1093,0.4232,0.044,0.04785,-0.035,0.0043
2026-09-08 19:38:30,718.67,2026-09-08,723.0,0.03,0.04,0.03,108897,1102,0.5235,0.0366,0.03329,-0.035,0.0037
2026-09-08 19:38:30,718.67,2026-09-08,724.0,0,0.01,0.01,75237,872,0.5132,0.0122,0.01348,-0.01,0.0015
2026-09-08 19:38:30,718.67,2026-09-08,725.0,0,0.01,0.01,41547,2462,0.5955,0.0107,0.01034,-0.01,0.0013
2026-09-08 19:39:30,718.69,2026-09-08,712.0,6.61,6.88,7.03,1221,746,0.8344,0.9639,0.02116,-0.055,0.0036
2026-09-08 19:39:30,718.69,2026-09-08,713.0,5.55,5.89,5.72,2302,1004,0.6549,0.9742,0.02042,-0.03,0.0027
2026-09-08 19:39:30,718.69,2026-09-08,714.0,4.59,4.69,4.76,5183,1011,,,,,
2026-09-08 19:39:30,718.69,2026-09-08,715.0,3.6,3.84,3.74,18297,1504,0.4568,0.9646,0.03805,-0.03,0.0035
2026-09-08 19:39:30,718.69,2026-09-08,716.0,2.63,2.85,2.77,50853,760,0.3939,0.9366,0.07039,-0.05,0.0056
2026-09-08 19:39:30,718.69,2026-09-08,717.0,1.67,1.82,1.77,143979,1445,0.283,0.9089,0.12901,-0.055,0.0074
2026-09-08 19:39:30,718.69,2026-09-08,718.0,0.87,0.9,0.9,221938,1043,0.2565,0.7263,0.28923,-0.195,0.0149
2026-09-08 19:39:30,718.69,2026-09-08,719.0,0.23,0.24,0.28,359492,1083,0.2061,0.3695,0.40809,-0.235,0.0169
2026-09-08 19:39:30,718.69,2026-09-08,720.0,0.03,0.08,0.04,631415,3484,0.2356,0.1082,0.17577,-0.055,0.0083
2026-09-08 19:39:30,718.69,2026-09-08,721.0,0.01,0.05,0.02,390032,2038,0.3137,0.0509,0.07429,-0.03,0.0047
2026-09-08 19:39:30,718.69,2026-09-08,722.0,0.03,0.04,0.03,234001,1093,0.4313,0.0442,0.04824,-0.035,0.0042
2026-09-08 19:39:30,718.69,2026-09-08,723.0,0.03,0.04,0.03,108939,1102,0.5342,0.0367,0.0335,-0.035,0.0036
2026-09-08 19:39:30,718.69,2026-09-08,724.0,0,0.03,0.02,75256,872,0.5785,0.0209,0.01935,-0.02,0.0023
2026-09-08 19:39:30,718.69,2026-09-08,725.0,0,0.03,0.02,41549,2462,0.6694,0.0184,0.01498,-0.02,0.002
2026-09-08 19:40:30,718.76,2026-09-08,712.0,6.84,6.92,7.03,1222,746,1.0018,0.9399,0.02722,-0.115,0.0052
2026-09-08 19:40:30,718.76,2026-09-08,713.0,5.74,5.87,5.75,2302,1004,0.714,0.9682,0.02285,-0.04,0.0031
2026-09-08 19:40:30,718.76,2026-09-08,714.0,4.75,4.87,4.76,5183,1011,0.6239,0.9602,0.03142,-0.045,0.0038
2026-09-08 19:40:30,718.76,2026-09-08,715.0,3.75,3.92,3.64,18315,1504,0.5667,0.9363,0.05034,-0.07,0.0055
2026-09-08 19:40:30,718.76,2026-09-08,716.0,2.83,2.92,2.85,50862,760,0.5027,0.8964,0.08186,-0.11,0.0079
2026-09-08 19:40:30,718.76,2026-09-08,717.0,1.7,1.92,1.75,144009,1445,0.2849,0.9221,0.11689,-0.045,0.0064
2026-09-08 19:40:30,718.76,2026-09-08,718.0,0.97,1.02,0.97,222286,1043,0.3011,0.7199,0.25547,-0.23,0.0147
2026-09-08 19:40:30,718.76,2026-09-08,719.0,0.28,0.29,0.28,361962,1083,0.2238,0.4059,0.3959,-0.285,0.017
2026-09-08 19:40:30,718.76,2026-09-08,720.0,0.07,0.08,0.04,633181,3484,0.254,0.1339,0.1942,-0.075,0.0094
2026-09-08 19:40:30,718.76,2026-09-08,721.0,0.04,0.05,0.04,391823,2038,0.3421,0.0683,0.08799,-0.045,0.0058
2026-09-08 19:40:30,718.76,2026-09-08,722.0,0.01,0.04,0.02,234559,1093,0.4077,0.0354,0.04369,-0.025,0.0034
2026-09-08 19:40:30,718.76,2026-09-08,723.0,0.01,0.02,0.02,108951,1102,0.469,0.0199,0.02352,-0.015,0.0021
2026-09-08 19:40:30,718.76,2026-09-08,724.0,0,0.01,0.01,75357,872,0.5307,0.0124,0.01386,-0.01,0.0014
2026-09-08 19:40:30,718.76,2026-09-08,725.0,0,0.03,0.01,41676,2462,0.6172,0.0108,0.01059,-0.01,0.0013
2026-09-08 19:41:32,718.78,2026-09-08,712.0,6.83,6.94,6.69,1222,746,1.0111,0.9435,0.02638,-0.105,0.0048
2026-09-08 19:41:32,718.78,2026-09-08,713.0,5.73,5.76,5.75,2305,1004,,,,,
2026-09-08 19:41:32,718.78,2026-09-08,714.0,4.63,4.9,4.76,5183,1011,,,,,
2026-09-08 19:41:32,718.78,2026-09-08,715.0,3.77,3.79,3.64,18315,1504,,,,,
2026-09-08 19:41:32,718.78,2026-09-08,716.0,2.71,2.9,2.77,50862,760,0.3689,0.962,0.05258,-0.025,0.0035
2026-09-08 19:41:32,718.78,2026-09-08,717.0,1.77,1.91,1.73,144151,1445,0.3173,0.9067,0.12344,-0.06,0.0071
2026-09-08 19:41:32,718.78,2026-09-08,718.0,0.89,0.96,0.89,222568,1043,0.2503,0.7685,0.28588,-0.145,0.013
2026-09-08 19:41:32,718.78,2026-09-08,719.0,0.25,0.26,0.25,364617,1083,0.2081,0.4027,0.43656,-0.255,0.0165
2026-09-08 19:41:32,718.78,2026-09-08,720.0,0.03,0.04,0.07,634021,3484,0.209,0.0857,0.1759,-0.035,0.0067
2026-09-08 19:41:32,718.78,2026-09-08,721.0,0.01,0.05,0.04,392308,2038,0.3203,0.0523,0.07834,-0.03,0.0046
2026-09-08 19:41:32,718.78,2026-09-08,722.0,0.01,0.02,0.03,234580,1093,0.3827,0.0244,0.0352,-0.015,0.0024
2026-09-08 19:41:32,718.78,2026-09-08,723.0,0,0.03,0.01,108955,1102,0.453,0.0147,0.01925,-0.01,0.0016
2026-09-08 19:41:32,718.78,2026-09-08,724.0,0,0.03,0.01,75447,872,0.5439,0.0124,0.01392,-0.01,0.0014
2026-09-08 19:41:32,718.78,2026-09-08,725.0,0,0.03,0.01,41750,2462,0.6329,0.0109,0.01063,-0.01,0.0012
2026-09-08 19:42:33,718.54,2026-09-08,712.0,6.57,6.65,6.69,1222,746,0.93,0.9563,0.02404,-0.07,0.0038
2026-09-08 19:42:33,718.54,2026-09-08,713.0,5.59,5.62,5.7,2308,1004,0.8014,0.9534,0.02938,-0.065,0.004
2026-09-08 19:42:33,718.54,2026-09-08,714.0,4.46,4.64,4.76,5184,1011,0.4923,0.9873,0.01605,-0.01,0.0014
2026-09-08 19:42:33,718.54,2026-09-08,715.0,3.54,3.7,3.72,18318,1504,0.5893,0.9274,0.0566,-0.08,0.0057
2026-09-08 19:42:33,718.54,2026-09-08,716.0,2.49,2.59,2.58,50870,760,,,,,
2026-09-08 19:42:33,718.54,2026-09-08,717.0,1.57,1.68,1.64,144216,1445,0.3249,0.8745,0.15349,-0.085,0.0085
2026-09-08 19:42:33,718.54,2026-09-08,718.0,0.71,0.73,0.73,223280,1043,0.2371,0.7095,0.34898,-0.18,0.0142
2026-09-08 19:42:33,718.54,2026-09-08,719.0,0.14,0.15,0.15,366978,1083,0.1962,0.2862,0.4189,-0.145,0.0141
2026-09-08 19:42:33,718.54,2026-09-08,720.0,0.05,0.06,0.06,634893,3484,0.2762,0.1014,0.15501,-0.055,0.0073
2026-09-08 19:42:33,718.54,2026-09-08,721.0,0.04,0.05,0.04,393381,2038,0.3895,0.0641,0.0778,-0.045,0.0052
2026-09-08 19:42:33,718.54,2026-09-08,722.0,0.03,0.04,0.01,234589,1093,0.4845,0.0428,0.0454,-0.035,0.0038
2026-09-08 19:42:33,718.54,2026-09-08,723.0,0,0.01,0.01,108955,1102,0.4887,0.0141,0.0177,-0.01,0.0015
2026-09-08 19:42:33,718.54,2026-09-08,724.0,0,0.01,0.01,75520,872,0.5817,0.012,0.01299,-0.01,0.0013
2026-09-08 19:42:33,718.54,2026-09-08,725.0,0,0.01,0.01,41750,2462,0.6728,0.0105,0.01002,-0.01,0.0012
2026-09-08 19:43:33,718.63,2026-09-08,712.0,6.41,6.68,6.69,1222,746,,,,,
2026-09-08 19:43:33,718.63,2026-09-08,713.0,5.56,5.57,5.7,2308,1004,,,,,
2026-09-08 19:43:33,718.63,2026-09-08,714.0,4.44,4.59,4.61,5185,1011,,,,,
2026-09-08 19:43:33,718.63,2026-09-08,715.0,3.6,3.62,3.72,18318,1504,,,,,
2026-09-08 19:43:33,718.63,2026-09-08,716.0,2.59,2.65,2.71,50871,760,,,,,
2026-09-08 19:43:33,718.63,2026-09-08,717.0,1.55,1.71,1.64,144274,1445,,,,,
2026-09-08 19:43:33,718.63,2026-09-08,718.0,0.77,0.81,0.81,223531,1043,0.2479,0.737,0.32743,-0.16,0.0131
2026-09-08 19:43:33,718.63,2026-09-08,719.0,0.15,0.16,0.16,367965,1083,0.1899,0.3146,0.46512,-0.155,0.0143
2026-09-08 19:43:33,718.63,2026-09-08,720.0,0.05,0.06,0.06,635518,3484,0.2717,0.1053,0.16689,-0.055,0.0073
2026-09-08 19:43:33,718.63,2026-09-08,721.0,0.01,0.04,0.04,393491,2038,0.3448,0.0441,0.06723,-0.025,0.0037
2026-09-08 19:43:33,718.63,2026-09-08,722.0,0.03,0.04,0.01,234798,1093,0.4886,0.0436,0.04707,-0.035,0.0037
2026-09-08 19:43:33,718.63,2026-09-08,723.0,0,0.03,0.01,109483,1102,0.4946,0.0143,0.01826,-0.01,0.0015
2026-09-08 19:43:33,718.63,2026-09-08,724.0,0,0.03,0.01,77694,872,0.5906,0.0122,0.01333,-0.01,0.0013
2026-09-08 19:43:33,718.63,2026-09-08,725.0,0,0.03,0.01,41782,2462,0.6847,0.0107,0.01024,-0.01,0.0011
2026-09-08 19:44:33,718.56,2026-09-08,712.0,6.41,6.62,6.69,1222,746,,,,,
2026-09-08 19:44:33,718.56,2026-09-08,713.0,5.33,5.75,5.57,2312,1004,,,,,
2026-09-08 19:44:33,718.56,2026-09-08,714.0,4.49,4.65,4.67,5196,1011,0.5263,0.9873,0.01606,-0.01,0.0013
2026-09-08 19:44:33,718.56,2026-09-08,715.0,3.5,3.62,3.63,18331,1504,,,,,
2026-09-08 19:44:33,718.56,2026-09-08,716.0,2.48,2.69,2.69,50900,760,0.3777,0.9595,0.05915,-0.025,0.0034
2026-09-08 19:44:33,718.56,2026-09-08,717.0,1.53,1.63,1.63,144414,1445,0.2421,0.9513,0.10704,-0.02,0.0039
2026-09-08 19:44:33,718.56,2026-09-08,718.0,0.72,0.74,0.73,224092,1043,0.2489,0.7189,0.34796,-0.17,0.0131
2026-09-08 19:44:33,718.56,2026-09-08,719.0,0.17,0.18,0.18,369659,1083,0.2264,0.3095,0.39989,-0.175,0.0137
2026-09-08 19:44:33,718.56,2026-09-08,720.0,0.01,0.02,0.02,637380,3484,0.2158,0.0436,0.11003,-0.015,0.0036
2026-09-08 19:44:33,718.56,2026-09-08,721.0,0.03,0.04,0.02,393742,2038,0.3898,0.0545,0.07272,-0.035,0.0043
2026-09-08 19:44:33,718.56,2026-09-08,722.0,0.03,0.04,0.01,234920,1093,0.5127,0.043,0.04576,-0.035,0.0036
2026-09-08 19:44:33,718.56,2026-09-08,723.0,0,0.01,0.02,109642,1102,0.5736,0.0239,0.02517,-0.02,0.0022
2026-09-08 19:44:33,718.56,2026-09-08,724.0,0,0.01,0.01,77698,872,0.6165,0.0121,0.01306,-0.01,0.0012
2026-09-08 19:44:33,718.56,2026-09-08,725.0,0,0.01,0.01,41784,2462,0.7134,0.0106,0.01007,-0.01,0.0011
2026-09-08 19:45:34,718.37,2026-09-08,712.0,6.48,6.66,6.69,1222,746,1.2695,0.9103,0.0339,-0.2,0.0061
2026-09-08 19:45:34,718.37,2026-09-08,713.0,5.55,5.78,5.64,2313,1004,1.2507,0.8746,0.04382,-0.295,0.0078
2026-09-08 19:45:34,718.37,2026-09-08,714.0,4.53,4.75,4.55,5196,1011,1.0545,0.8659,0.05445,-0.27,0.0081
2026-09-08 19:45:34,718.37,2026-09-08,715.0,3.41,3.68,3.72,18333,1504,0.7703,0.8785,0.06961,-0.175,0.0076
2026-09-08 19:45:34,718.37,2026-09-08,716.0,2.54,2.73,2.55,50921,760,0.7006,0.8166,0.10069,-0.265,0.01
2026-09-08 19:45:34,718.37,2026-09-08,717.0,1.5,1.69,1.56,144454,1445,0.4722,0.7803,0.16646,-0.225,0.0111
2026-09-08 19:45:34,718.37,2026-09-08,718.0,0.7,0.79,0.75,224618,1043,0.3593,0.6084,0.28401,-0.375,0.0145
2026-09-08 19:45:34,718.37,2026-09-08,719.0,0.18,0.19,0.22,371307,1083,0.2849,0.2791,0.31337,-0.185,0.0127
2026-09-08 19:45:34,718.37,2026-09-08,720.0,0.05,0.06,0.06,638583,3484,0.3293,0.0948,0.13612,-0.055,0.0064
2026-09-08 19:45:34,718.37,2026-09-08,721.0,0.01,0.02,0.03,394822,2038,0.3657,0.0284,0.04718,-0.015,0.0024
2026-09-08 19:45:34,718.37,2026-09-08,722.0,0.03,0.04,0.03,235294,1093,0.554,0.0414,0.0425,-0.035,0.0033
2026-09-08 19:45:34,718.37,2026-09-08,723.0,0,0.03,0.01,110032,1102,0.5551,0.0137,0.01672,-0.01,0.0013
2026-09-08 19:45:34,718.37,2026-09-08,724.0,0,0.03,0.01,78009,872,0.657,0.0117,0.01239,-0.01,0.0012
2026-09-08 19:45:34,718.37,2026-09-08,725.0,0,0.01,0.01,41961,2462,0.7569,0.0103,0.00963,-0.01,0.001
2026-09-08 19:46:35,718.19,2026-09-08,712.0,6.05,6.27,6.69,1222,746,,,,,
2026-09-08 19:46:35,718.19,2026-09-08,713.0,5.06,5.29,5.41,2323,1004,,,,,
2026-09-08 19:46:35,718.19,2026-09-08,714.0,4.11,4.41,4.55,5196,1011,0.7445,0.9405,0.04385,-0.07,0.0043
2026-09-08 19:46:35,718.19,2026-09-08,715.0,3.08,3.37,3.33,18391,1504,0.5184,0.9557,0.04983,-0.035,0.0034
2026-09-08 19:46:35,718.19,2026-09-08,716.0,2.24,2.36,2.56,50923,760,0.5137,0.8808,0.10686,-0.11,0.0072
2026-09-08 19:46:35,718.19,2026-09-08,717.0,1.24,1.37,1.37,144503,1445,0.3453,0.8296,0.20238,-0.115,0.0092
2026-09-08 19:46:35,718.19,2026-09-08,718.0,0.49,0.51,0.51,225062,1043,0.2747,0.5762,0.39317,-0.31,0.0142
2026-09-08 19:46:35,718.19,2026-09-08,719.0,0.11,0.16,0.16,372661,1083,0.2914,0.2222,0.28185,-0.135,0.0108
2026-09-08 19:46:35,718.19,2026-09-08,720.0,0.01,0.02,0.05,639673,3484,0.2791,0.0371,0.08017,-0.015,0.0029
2026-09-08 19:46:35,718.19,2026-09-08,721.0,0.01,0.02,0.03,394901,2038,0.4011,0.027,0.04289,-0.015,0.0023
2026-09-08 19:46:35,718.19,2026-09-08,722.0,0.01,0.02,0.03,235398,1093,0.5177,0.0216,0.0275,-0.015,0.0019
2026-09-08 19:46:35,718.19,2026-09-08,723.0,0,0.01,0.01,110089,1102,0.5954,0.0133,0.01577,-0.01,0.0012
2026-09-08 19:46:35,718.19,2026-09-08,724.0,0,0.03,0.03,78394,872,0.8232,0.0264,0.02051,-0.03,0.0022
2026-09-08 19:46:35,718.19,2026-09-08,725.0,0,0.01,0.01,41966,2462,0.8042,0.0101,0.00923,-0.01,0.001
2026-09-08 19:47:36,718.29,2026-09-08,712.0,6.15,6.44,6.33,1223,746,0.7112,0.9946,0.00625,-0.005,0.0005
2026-09-08 19:47:36,718.29,2026-09-08,713.0,5.08,5.28,5.44,2324,1004,,,,,
2026-09-08 19:47:36,718.29,2026-09-08,714.0,4.19,4.3,4.55,5196,1011,,,,,
2026-09-08 19:47:36,718.29,2026-09-08,715.0,3.07,3.41,3.42,18441,1504,,,,,
2026-09-08 19:47:36,718.29,2026-09-08,716.0,2.26,2.41,2.34,50974,760,0.4374,0.9338,0.08428,-0.045,0.0045
2026-09-08 19:47:36,718.29,2026-09-08,717.0,1.25,1.4,1.38,144625,1445,0.2654,0.9186,0.16263,-0.035,0.0053
2026-09-08 19:47:36,718.29,2026-09-08,718.0,0.6,0.62,0.62,225662,1043,0.3233,0.6021,0.34215,-0.32,0.0135
2026-09-08 19:47:36,718.29,2026-09-08,719.0,0.17,0.18,0.18,374396,1083,0.3175,0.2613,0.29364,-0.175,0.0113
2026-09-08 19:47:36,718.29,2026-09-08,720.0,0.01,0.02,0.02,640057,3484,0.277,0.0387,0.08677,-0.015,0.0029
2026-09-08 19:47:36,718.29,2026-09-08,721.0,0.03,0.04,0.03,394996,2038,0.4729,0.0507,0.06322,-0.035,0.0036
2026-09-08 19:47:36,718.29,2026-09-08,722.0,0.03,0.04,0.03,235447,1093,0.6084,0.0408,0.04124,-0.035,0.0031
2026-09-08 19:47:36,718.29,2026-09-08,723.0,0,0.01,0.01,110122,1102,0.6079,0.0135,0.01629,-0.01,0.0012
2026-09-08 19:47:36,718.29,2026-09-08,724.0,0,0.03,0.01,78394,872,0.7177,0.0116,0.01212,-0.01,0.0011
2026-09-08 19:47:36,718.29,2026-09-08,725.0,0,0.03,0.01,41976,2462,0.8254,0.0102,0.00945,-0.01,0.0009
2026-09-08 19:48:36,718.12,2026-09-08,712.0,5.89,6.12,6.35,1224,746,,,,,
2026-09-08 19:48:36,718.12,2026-09-08,713.0,5.02,5.17,5.44,2324,1004,,,,,
2026-09-08 19:48:36,718.12,2026-09-08,714.0,4.03,4.16,4.16,5197,1011,,,,,
2026-09-08 19:48:36,718.12,2026-09-08,715.0,3.04,3.19,3.36,18466,1504,,,,,
2026-09-08 19:48:36,718.12,2026-09-08,716.0,2.06,2.25,2.35,50975,760,0.3938,0.9472,0.08184,-0.03,0.0036
2026-09-08 19:48:36,718.12,2026-09-08,717.0,1.2,1.29,1.27,144630,1445,0.3673,0.8208,0.21312,-0.12,0.0087
2026-09-08 19:48:36,718.12,2026-09-08,718.0,0.5,0.52,0.52,225852,1043,0.3332,0.5452,0.35585,-0.385,0.0133
2026-09-08 19:48:36,718.12,2026-09-08,719.0,0.13,0.14,0.14,376093,1083,0.3304,0.2147,0.26428,-0.135,0.0098
2026-09-08 19:48:36,718.12,2026-09-08,720.0,0.04,0.05,0.02,640253,3484,0.3916,0.0765,0.10979,-0.045,0.0048
2026-09-08 19:48:36,718.12,2026-09-08,721.0,0.03,0.04,0.03,395247,2038,0.5172,0.0487,0.05839,-0.035,0.0034
2026-09-08 19:48:36,718.12,2026-09-08,722.0,0,0.03,0.01,235467,1093,0.5365,0.0157,0.02191,-0.01,0.0013
2026-09-08 19:48:36,718.12,2026-09-08,723.0,0,0.03,0.01,110139,1102,0.6534,0.0131,0.01545,-0.01,0.0011
2026-09-08 19:48:36,718.12,2026-09-08,724.0,0,0.03,0.01,78397,872,0.7675,0.0114,0.0116,-0.01,0.001
2026-09-08 19:48:36,718.12,2026-09-08,725.0,0,0.03,0.01,42683,2462,0.8796,0.01,0.0091,-0.01,0.0009
2026-09-08 19:49:36,718.2,2026-09-08,712.0,6.07,6.49,6.32,1226,746,1.202,0.9478,0.0278,-0.085,0.0034
2026-09-08 19:49:36,718.2,2026-09-08,713.0,5.19,5.33,5.44,2324,1004,0.9881,0.9511,0.03214,-0.065,0.0032
2026-09-08 19:49:36,718.2,2026-09-08,714.0,4.15,4.22,4.27,5199,1011,,,,,
2026-09-08 19:49:36,718.2,2026-09-08,715.0,3.21,3.31,3.3,18469,1504,0.6735,0.932,0.06105,-0.065,0.0042
2026-09-08 19:49:36,718.2,2026-09-08,716.0,2.15,2.4,2.38,50987,760,0.5344,0.9015,0.10174,-0.08,0.0055
2026-09-08 19:49:36,718.2,2026-09-08,717.0,1.22,1.36,1.35,144724,1445,0.368,0.846,0.20198,-0.095,0.0076
2026-09-08 19:49:36,718.2,2026-09-08,718.0,0.56,0.57,0.57,226339,1043,0.3617,0.5676,0.34052,-0.37,0.0126
2026-09-08 19:49:36,718.2,2026-09-08,719.0,0.1,0.15,0.15,377349,1083,0.3192,0.2153,0.28694,-0.125,0.0093
2026-09-08 19:49:36,718.2,2026-09-08,720.0,0.01,0.05,0.05,640838,3484,0.3631,0.0601,0.10292,-0.03,0.0038
2026-09-08 19:49:36,718.2,2026-09-08,721.0,0.01,0.04,0.03,395270,2038,0.4976,0.0391,0.0533,-0.025,0.0027
2026-09-08 19:49:36,718.2,2026-09-08,722.0,0,0.01,0.01,235479,1093,0.5531,0.0159,0.02252,-0.01,0.0013
2026-09-08 19:49:36,718.2,2026-09-08,723.0,0,0.01,0.01,110145,1102,0.6757,0.0133,0.0158,-0.01,0.0011
2026-09-08 19:49:36,718.2,2026-09-08,724.0,0,0.03,0.01,78407,872,0.7955,0.0115,0.01182,-0.01,0.001
2026-09-08 19:49:36,718.2,2026-09-08,725.0,0,0.01,0.01,42684,2462,0.9129,0.0101,0.00924,-0.01,0.0009
2026-09-08 19:50:37,718.22,2026-09-08,712.0,6.23,6.28,6.47,1226,746,1.099,0.9696,0.02065,-0.04,0.0021
2026-09-08 19:50:37,718.22,2026-09-08,713.0,5.07,5.41,5.44,2324,1004,0.8763,0.9756,0.02153,-0.025,0.0017
2026-09-08 19:50:37,718.22,2026-09-08,714.0,4.08,4.36,4.9,5200,1011,0.5757,0.9923,0.01216,-0.005,0.0006
2026-09-08 19:50:37,718.22,2026-09-08,715.0,3.11,3.4,2.98,18476,1504,0.6413,0.9513,0.05189,-0.04,0.0031
2026-09-08 19:50:37,718.22,2026-09-08,716.0,2.17,2.38,2.32,50999,760,0.5255,0.9182,0.09485,-0.06,0.0046
2026-09-08 19:50:37,718.22,2026-09-08,717.0,1.26,1.37,1.19,144772,1445,0.3985,0.8431,0.19872,-0.1,0.0073
2026-09-08 19:50:37,718.22,2026-09-08,718.0,0.5,0.53,0.57,226917,1043,0.3288,0.5858,0.39057,-0.3,0.0118
2026-09-08 19:50:37,718.22,2026-09-08,719.0,0.13,0.14,0.14,378580,1083,0.3421,0.2253,0.2891,-0.135,0.0091
2026-09-08 19:50:37,718.22,2026-09-08,720.0,0.01,0.02,0.04,641505,3484,0.3298,0.0375,0.08172,-0.015,0.0025
2026-09-08 19:50:37,718.22,2026-09-08,721.0,0.03,0.04,0.03,395471,2038,0.5557,0.0498,0.06094,-0.035,0.0031
2026-09-08 19:50:37,718.22,2026-09-08,722.0,0,0.01,0.01,235858,1093,0.5794,0.0159,0.0227,-0.01,0.0012
2026-09-08 19:50:37,718.22,2026-09-08,723.0,0,0.01,0.01,110370,1102,0.7085,0.0133,0.0159,-0.01,0.001
2026-09-08 19:50:37,718.22,2026-09-08,724.0,0,0.01,0.01,78551,872,0.8345,0.0115,0.01188,-0.01,0.0009
2026-09-08 19:50:37,718.22,2026-09-08,725.0,0,0.03,0.01,42684,2462,0.9581,0.0101,0.00929,-0.01,0.0008
2026-09-08 19:51:39,718.13,2026-09-08,712.0,6.08,6.4,6.47,1226,746,1.3922,0.9393,0.03016,-0.105,0.0034
2026-09-08 19:51:39,718.13,2026-09-08,713.0,5.04,5.38,5.38,2325,1004,1.1252,0.9455,0.0343,-0.075,0.0032
2026-09-08 19:51:39,718.13,2026-09-08,714.0,3.99,4.34,4.9,5202,1011,0.79,0.9668,0.03271,-0.03,0.0021
2026-09-08 19:51:39,718.13,2026-09-08,715.0,3.05,3.25,3.5,18478,1504,0.5565,0.9758,0.0357,-0.015,0.0016
2026-09-08 19:51:39,718.13,2026-09-08,716.0,2.06,2.33,2.27,51018,760,0.542,0.9162,0.09927,-0.06,0.0044
2026-09-08 19:51:39,718.13,2026-09-08,717.0,1.2,1.34,1.34,145152,1445,0.4513,0.8107,0.20957,-0.135,0.0077
2026-09-08 19:51:39,718.13,2026-09-08,718.0,0.51,0.52,0.51,227229,1043,0.3889,0.5488,0.35577,-0.38,0.0113
2026-09-08 19:51:39,718.13,2026-09-08,719.0,0.12,0.13,0.09,379704,1083,0.3714,0.2084,0.26989,-0.125,0.0082
2026-09-08 19:51:39,718.13,2026-09-08,720.0,0.01,0.04,0.04,641861,3484,0.3999,0.052,0.09292,-0.025,0.003
2026-09-08 19:51:39,718.13,2026-09-08,721.0,0.01,0.04,0.02,395968,2038,0.5647,0.0386,0.05175,-0.025,0.0024
2026-09-08 19:51:39,718.13,2026-09-08,722.0,0,0.03,0.01,235890,1093,0.6253,0.0157,0.02199,-0.01,0.0011
2026-09-08 19:51:39,718.13,2026-09-08,723.0,0,0.03,0.01,110402,1102,0.7619,0.0131,0.0155,-0.01,0.001
2026-09-08 19:51:39,718.13,2026-09-08,724.0,0,0.01,0.01,78551,872,0.8952,0.0114,0.01163,-0.01,0.0009
2026-09-08 19:51:39,718.13,2026-09-08,725.0,0,0.01,0.01,42684,2462,1.0261,0.0101,0.00912,-0.01,0.0008
2026-09-08 19:52:39,717.98,2026-09-08,711.0,7.01,7.04,7.26,1187,475,1.3978,0.9694,0.01842,-0.045,0.0019
2026-09-08 19:52:39,717.98,2026-09-08,712.0,5.98,6.2,6.47,1226,746,1.4706,0.9363,0.03162,-0.11,0.0033
2026-09-08 19:52:39,717.98,2026-09-08,713.0,4.8,5.14,5.34,2327,1004,,,,,
2026-09-08 19:52:39,717.98,2026-09-08,714.0,3.94,4.14,4.31,5203,1011,0.9355,0.9443,0.04477,-0.06,0.003
2026-09-08 19:52:39,717.98,2026-09-08,715.0,2.89,3.16,3.07,18505,1504,0.6999,0.9443,0.05986,-0.045,0.003
2026-09-08 19:52:39,717.98,2026-09-08,716.0,1.95,2.11,2.27,51018,760,0.5221,0.9217,0.10441,-0.05,0.0039
2026-09-08 19:52:39,717.98,2026-09-08,717.0,1.11,1.13,1.13,145180,1445,0.447,0.7936,0.23788,-0.14,0.0077
2026-09-08 19:52:39,717.98,2026-09-08,718.0,0.37,0.42,0.42,227610,1043,0.378,0.4926,0.39319,-0.395,0.0107
2026-09-08 19:52:39,717.98,2026-09-08,719.0,0.06,0.11,0.11,380949,1083,0.3798,0.1589,0.23766,-0.085,0.0065
2026-09-08 19:52:39,717.98,2026-09-08,720.0,0.03,0.04,0.02,642295,3484,0.4878,0.0618,0.09315,-0.035,0.0033
2026-09-08 19:52:39,717.98,2026-09-08,721.0,0.01,0.02,0.02,396000,2038,0.5757,0.0256,0.03863,-0.015,0.0016
2026-09-08 19:52:39,717.98,2026-09-08,722.0,0,0.01,0.01,235904,1093,0.6898,0.0152,0.02072,-0.01,0.001
2026-09-08 19:52:39,717.98,2026-09-08,723.0,0,0.01,0.01,110487,1102,0.8348,0.0128,0.01477,-0.01,0.0009
2026-09-08 19:52:39,717.98,2026-09-08,724.0,0,0.03,0.01,78554,872,0.9766,0.0111,0.01117,-0.01,0.0008
2026-09-08 19:53:39,717.76,2026-09-08,711.0,6.52,6.96,7.26,1187,475,,,,,
2026-09-08 19:53:39,717.76,2026-09-08,712.0,5.81,5.86,6.47,1226,746,1.4167,0.9496,0.02941,-0.075,0.0026
2026-09-08 19:53:39,717.76,2026-09-08,713.0,4.67,4.85,5.34,2327,1004,,,,,
2026-09-08 19:53:39,717.76,2026-09-08,714.0,3.6,3.95,3.92,5204,1011,0.7463,0.9788,0.0274,-0.015,0.0013
2026-09-08 19:53:39,717.76,2026-09-08,715.0,2.61,2.93,3.07,18506,1504,0.5384,0.9804,0.03546,-0.01,0.0012
2026-09-08 19:53:39,717.76,2026-09-08,716.0,1.7,1.93,2.009,51021,760,0.5272,0.9103,0.12331,-0.055,0.004
2026-09-08 19:53:39,717.76,2026-09-08,717.0,0.89,0.92,0.91,145200,1445,0.4224,0.7653,0.29172,-0.145,0.0077
2026-09-08 19:53:39,717.76,2026-09-08,718.0,0.3,0.32,0.32,227892,1043,0.4213,0.41,0.37025,-0.31,0.0097
2026-09-08 19:53:39,717.76,2026-09-08,719.0,0.04,0.09,0.09,382386,1083,0.4284,0.1231,0.19081,-0.065,0.0051
2026-09-08 19:53:39,717.76,2026-09-08,720.0,0.03,0.04,0.04,643002,3484,0.5696,0.0577,0.08138,-0.035,0.0029
2026-09-08 19:53:39,717.76,2026-09-08,721.0,0.03,0.04,0.02,396514,2038,0.7636,0.0448,0.04965,-0.035,0.0024
2026-09-08 19:53:39,717.76,2026-09-08,722.0,0,0.01,0.01,236039,1093,0.7775,0.0146,0.01911,-0.01,0.0009
2026-09-08 19:53:39,717.76,2026-09-08,723.0,0,0.03,0.01,110501,1102,0.9328,0.0124,0.01383,-0.01,0.0008
2026-09-08 19:53:39,717.76,2026-09-08,724.0,0,0.03,0.01,78561,872,1.0849,0.0108,0.01057,-0.01,0.0007
2026-09-08 19:54:40,717.34,2026-09-08,711.0,6.07,6.56,7.26,1187,475,,,,,
2026-09-08 19:54:40,717.34,2026-09-08,712.0,5.31,5.52,6.47,1226,746,1.474,0.9444,0.03332,-0.08,0.0026
2026-09-08 19:54:40,717.34,2026-09-08,713.0,4.38,4.46,5.34,2327,1004,1.2692,0.9335,0.04454,-0.085,0.0029
2026-09-08 19:54:40,717.34,2026-09-08,714.0,3.34,3.57,3.63,5234,1011,1.1332,0.9021,0.06678,-0.12,0.0039
2026-09-08 19:54:40,717.34,2026-09-08,715.0,2.29,2.57,2.81,18536,1504,0.8197,0.8945,0.09748,-0.095,0.0042
2026-09-08 19:54:40,717.34,2026-09-08,716.0,1.39,1.57,2.009,51031,760,0.643,0.8189,0.17937,-0.145,0.006
2026-09-08 19:54:40,717.34,2026-09-08,717.0,0.62,0.66,0.63,145234,1445,0.497,0.6165,0.33638,-0.305,0.0087
2026-09-08 19:54:40,717.34,2026-09-08,718.0,0.17,0.18,0.18,228510,1043,0.4691,0.2679,0.30735,-0.175,0.0075
2026-09-08 19:54:40,717.34,2026-09-08,719.0,0.06,0.07,0.07,384090,1083,0.5767,0.1036,0.13669,-0.065,0.0041
2026-09-08 19:54:40,717.34,2026-09-08,720.0,0.01,0.02,0.04,643653,3484,0.6095,0.0281,0.04628,-0.015,0.0015
2026-09-08 19:54:40,717.34,2026-09-08,721.0,0.01,0.02,0.03,396559,2038,0.7956,0.0222,0.02911,-0.015,0.0012
2026-09-08 19:54:40,717.34,2026-09-08,722.0,0,0.01,0.01,236081,1093,0.9208,0.0136,0.01653,-0.01,0.0008
2026-09-08 19:54:40,717.34,2026-09-08,723.0,0,0.01,0.01,110547,1102,1.0886,0.0117,0.01227,-0.01,0.0007
2026-09-08 19:54:40,717.34,2026-09-08,724.0,0,0.03,0.01,78565,872,1.2532,0.0103,0.00955,-0.01,0.0006
2026-09-08 19:55:40,717.64,2026-09-08,711.0,6.56,6.76,7.26,1187,475,1.4751,0.9862,0.01163,-0.015,0.0007
2026-09-08 19:55:40,717.64,2026-09-08,712.0,5.51,5.81,6.47,1226,746,1.2811,0.9843,0.01493,-0.015,0.0008
2026-09-08 19:55:40,717.64,2026-09-08,713.0,4.64,4.7,5.34,2327,1004,1.175,0.9732,0.02564,-0.025,0.0013
2026-09-08 19:55:40,717.64,2026-09-08,714.0,3.64,3.78,3.63,5236,1011,1.1595,0.9375,0.05158,-0.065,0.0025
2026-09-08 19:55:40,717.64,2026-09-08,715.0,2.57,2.76,2.71,18566,1504,0.708,0.9657,0.05222,-0.02,0.0016
2026-09-08 19:55:40,717.64,2026-09-08,716.0,1.63,1.72,1.83,51033,760,0.5246,0.9366,0.1152,-0.03,0.0026
2026-09-08 19:55:40,717.64,2026-09-08,717.0,0.81,0.85,0.92,145268,1445,0.5279,0.7241,0.30773,-0.185,0.0069
2026-09-08 19:55:40,717.64,2026-09-08,718.0,0.23,0.24,0.23,229185,1043,0.4712,0.3575,0.38505,-0.235,0.0077
2026-09-08 19:55:40,717.64,2026-09-08,719.0,0.06,0.07,0.03,384722,1083,0.5525,0.117,0.17289,-0.065,0.004
2026-09-08 19:55:40,717.64,2026-09-08,720.0,0.01,0.04,0.04,644681,3484,0.6706,0.0442,0.06779,-0.025,0.0019
2026-09-08 19:55:40,717.64,2026-09-08,721.0,0.03,0.04,0.03,396658,2038,0.9514,0.0437,0.04734,-0.035,0.0019
2026-09-08 19:55:40,717.64,2026-09-08,722.0,0,0.03,0.01,236122,1093,0.9638,0.0143,0.01835,-0.01,0.0007
2026-09-08 19:55:40,717.64,2026-09-08,723.0,0,0.03,0.01,110563,1102,1.1515,0.0122,0.01338,-0.01,0.0007
2026-09-08 19:55:40,717.64,2026-09-08,724.0,0,0.01,0.01,78565,872,1.3353,0.0107,0.01028,-0.01,0.0006
2026-09-08 19:56:42,717.73,2026-09-08,711.0,6.5,6.75,7.26,1187,475,,,,,
2026-09-08 19:56:42,717.73,2026-09-08,712.0,5.61,5.83,6.47,1235,746,,,,,
2026-09-08 19:56:42,717.73,2026-09-08,713.0,4.74,4.83,5.34,2327,1004,1.5772,0.9533,0.03449,-0.055,0.0018
2026-09-08 19:56:42,717.73,2026-09-08,714.0,3.65,3.79,3.75,5236,1011,,,,,
2026-09-08 19:56:42,717.73,2026-09-08,715.0,2.68,2.83,2.88,18576,1504,0.8675,0.9605,0.05473,-0.025,0.0015
2026-09-08 19:56:42,717.73,2026-09-08,716.0,1.76,1.84,1.83,51034,760,0.771,0.8947,0.13158,-0.07,0.0033
2026-09-08 19:56:42,717.73,2026-09-08,717.0,0.84,0.88,0.9,145330,1445,0.5462,0.772,0.30802,-0.13,0.0054
2026-09-08 19:56:42,717.73,2026-09-08,718.0,0.23,0.25,0.23,229366,1043,0.5008,0.3824,0.42413,-0.24,0.0069
2026-09-08 19:56:42,717.73,2026-09-08,719.0,0.02,0.07,0.07,385716,1083,0.5451,0.0976,0.17613,-0.045,0.0031
2026-09-08 19:56:42,717.73,2026-09-08,720.0,0.03,0.04,0.04,645755,3484,0.7986,0.0572,0.07996,-0.035,0.0021
2026-09-08 19:56:42,717.73,2026-09-08,721.0,0.03,0.04,0.03,396800,2038,1.0675,0.0445,0.04903,-0.035,0.0017
2026-09-08 19:56:42,717.73,2026-09-08,722.0,0,0.01,0.01,236178,1093,1.0853,0.0145,0.01891,-0.01,0.0007
2026-09-08 19:56:42,717.73,2026-09-08,723.0,0,0.03,0.01,110565,1102,1.3007,0.0124,0.01371,-0.01,0.0006
2026-09-08 19:56:42,717.73,2026-09-08,724.0,0,0.03,0.01,78565,872,1.5116,0.0108,0.01049,-0.01,0.0005
2026-09-08 19:57:42,717.84,2026-09-08,711.0,6.72,6.84,7.26,1187,475,,,,,
2026-09-08 19:57:42,717.84,2026-09-08,712.0,5.63,5.95,6.03,1239,746,,,,,
2026-09-08 19:57:42,717.84,2026-09-08,713.0,4.75,4.91,5.34,2327,1004,,,,,
2026-09-08 19:57:42,717.84,2026-09-08,714.0,3.68,3.89,3.75,5236,1011,,,,,
2026-09-08 19:57:42,717.84,2026-09-08,715.0,2.71,2.91,3.07,18584,1504,,,,,
2026-09-08 19:57:42,717.84,2026-09-08,716.0,1.72,1.96,1.82,51038,760,,,,,
2026-09-08 19:57:42,717.84,2026-09-08,717.0,0.89,1,0.86,145374,1445,0.6513,0.8059,0.28198,-0.105,0.0041
2026-09-08 19:57:42,717.84,2026-09-08,718.0,0.27,0.29,0.27,229611,1043,0.593,0.4288,0.4422,-0.28,0.0059
2026-09-08 19:57:42,717.84,2026-09-08,719.0,0.05,0.06,0.06,388525,1083,0.6477,0.1162,0.20159,-0.055,0.0029
2026-09-08 19:57:42,717.84,2026-09-08,720.0,0.03,0.04,0.02,647544,3484,0.9215,0.0591,0.08534,-0.035,0.0018
2026-09-08 19:57:42,717.84,2026-09-08,721.0,0,0.01,0.01,397294,2038,1.0069,0.0183,0.02976,-0.01,0.0007
2026-09-08 19:57:42,717.84,2026-09-08,722.0,0,0.01,0.01,236256,1093,1.2732,0.0148,0.01967,-0.01,0.0006
2026-09-08 19:57:42,717.84,2026-09-08,723.0,0,0.01,0.01,110565,1102,1.5323,0.0126,0.01416,-0.01,0.0005
2026-09-08 19:57:42,717.84,2026-09-08,724.0,0,0.03,0.01,78565,872,1.7858,0.0109,0.01078,-0.01,0.0004
2026-09-08 19:58:43,717.76,2026-09-08,711.0,6.74,7.03,7.26,1187,475,3.9915,0.936,0.02802,-0.125,0.0014
2026-09-08 19:58:43,717.76,2026-09-08,712.0,5.75,5.89,5.96,1253,746,3.0169,0.9567,0.0272,-0.06,0.001
2026-09-08 19:58:43,717.76,2026-09-08,713.0,4.82,5.03,5.34,2327,1004,3.2699,0.9043,0.0464,-0.165,0.0019
2026-09-08 19:58:43,717.76,2026-09-08,714.0,3.65,3.96,3.75,5236,1011,2.0208,0.9522,0.04393,-0.045,0.0011
2026-09-08 19:58:43,717.76,2026-09-08,715.0,2.82,3.04,2.95,18600,1504,2.2347,0.8657,0.08641,-0.17,0.0024
2026-09-08 19:58:43,717.76,2026-09-08,716.0,1.8,1.96,1.9,51063,760,1.4708,0.8578,0.1365,-0.12,0.0025
2026-09-08 19:58:43,717.76,2026-09-08,717.0,0.88,0.94,0.94,145527,1445,0.9547,0.7617,0.28952,-0.15,0.0035
2026-09-08 19:58:43,717.76,2026-09-08,718.0,0.19,0.2,0.25,231120,1043,0.6707,0.375,0.50464,-0.195,0.0042
2026-09-08 19:58:43,717.76,2026-09-08,719.0,0.01,0.06,0.06,391341,1083,0.8046,0.0848,0.17227,-0.035,0.0017
2026-09-08 19:58:43,717.76,2026-09-08,720.0,0.03,0.04,0.03,648177,3484,1.267,0.0577,0.08137,-0.035,0.0013
2026-09-08 19:58:43,717.76,2026-09-08,721.0,0,0.01,0.01,397774,2038,1.3744,0.0179,0.02867,-0.01,0.0005
2026-09-08 19:58:43,717.76,2026-09-08,722.0,0,0.01,0.01,236320,1093,1.7295,0.0146,0.01911,-0.01,0.0004
2026-09-08 19:58:43,717.76,2026-09-08,723.0,0,0.01,0.01,110595,1102,2.075,0.0124,0.01383,-0.01,0.0004
2026-09-08 19:58:43,717.76,2026-09-08,724.0,0,0.01,0.01,78565,872,2.4132,0.0108,0.01057,-0.01,0.0003
2026-09-08 19:59:43,718.22,2026-09-08,712.0,5.95,6.24,5.85,1300,746,,,,,
2026-09-08 19:59:43,718.22,2026-09-08,713.0,5.08,5.32,5.34,2327,1004,,,,,
2026-09-08 19:59:43,718.22,2026-09-08,714.0,4.09,4.33,3.75,5236,1011,,,,,
2026-09-08 19:59:43,718.22,2026-09-08,715.0,3.01,3.42,2.85,18602,1504,,,,,
2026-09-08 19:59:43,718.22,2026-09-08,716.0,2.2,2.32,1.71,51065,760,1.5058,0.9317,0.08836,-0.045,0.0013
2026-09-08 19:59:43,718.22,2026-09-08,717.0,1.2,1.33,1.02,145723,1445,0.9863,0.8935,0.18803,-0.05,0.0018
2026-09-08 19:59:43,718.22,2026-09-08,718.0,0.46,0.48,0.47,231651,1043,0.891,0.5965,0.4387,-0.255,0.0038
2026-09-08 19:59:43,718.22,2026-09-08,719.0,0.04,0.09,0.05,393397,1083,0.7902,0.1583,0.3086,-0.065,0.0024
2026-09-08 19:59:43,718.22,2026-09-08,720.0,0.03,0.04,0.02,648733,3484,1.2007,0.0671,0.10922,-0.035,0.0013
2026-09-08 19:59:43,718.22,2026-09-08,721.0,0,0.01,0.01,397993,2038,1.367,0.0201,0.03592,-0.01,0.0005
2026-09-08 19:59:43,718.22,2026-09-08,722.0,0,0.01,0.01,236387,1093,1.7747,0.0159,0.02269,-0.01,0.0004
2026-09-08 19:59:43,718.22,2026-09-08,723.0,0,0.01,0.01,110615,1102,2.17,0.0133,0.0159,-0.01,0.0003
2026-09-08 19:59:43,718.22,2026-09-08,724.0,0,0.03,0.01,78565,872,2.556,0.0115,0.01188,-0.01,0.0003
2026-09-08 19:59:43,718.22,2026-09-08,725.0,0,0.01,0.01,42685,2462,2.9346,0.0101,0.00929,-0.01,0.0003
2026-09-08 20:00:43,718.59,2026-09-08,712.0,6.26,6.67,6.56,1300,746,,,,,
2026-09-08 20:00:43,718.59,2026-09-08,713.0,5.15,5.73,5.53,2334,1004,,,,,
2026-09-08 20:00:43,718.59,2026-09-08,714.0,4.21,4.73,4.41,5260,1011,,,,,
2026-09-08 20:00:43,718.59,2026-09-08,715.0,3.29,3.62,3.41,18664,1504,,,,,
2026-09-08 20:00:43,718.59,2026-09-08,716.0,2.29,2.72,2.45,51133,760,,,,,
2026-09-08 20:00:43,718.59,2026-09-08,717.0,1.36,1.59,1.35,146025,1445,,,,,
2026-09-08 20:00:43,718.59,2026-09-08,718.0,0.56,0.57,0.4,233138,1043,,,,,
2026-09-08 20:00:43,718.59,2026-09-08,719.0,0.06,0.07,0.06,402186,1083,0.5286,0.2172,0.56091,-0.065,0.0029
2026-09-08 20:00:43,718.59,2026-09-08,720.0,0.01,0.04,0.03,655052,3484,0.9271,0.0627,0.13423,-0.025,0.0012
2026-09-08 20:00:43,718.59,2026-09-08,721.0,0,0.03,0.02,401385,2038,1.3597,0.0372,0.06026,-0.02,0.0008
2026-09-08 20:00:43,718.59,2026-09-08,722.0,0,0.01,0.01,239647,1093,1.6227,0.0173,0.02655,-0.01,0.0004
2026-09-08 20:00:43,718.59,2026-09-08,723.0,0,0.01,0.01,110737,1102,2.0219,0.0142,0.018,-0.01,0.0004
2026-09-08 20:00:43,718.59,2026-09-08,724.0,0,0.01,0.01,78604,872,2.4109,0.0121,0.01317,-0.01,0.0003
2026-09-08 20:00:43,718.59,2026-09-08,725.0,0,0.01,0.02,42744,2462,3.0717,0.0181,0.01463,-0.02,0.0004
2026-09-08 20:01:45,718.59,2026-09-08,712.0,6.26,6.67,6.56,1300,746,,,,,
2026-09-08 20:01:45,718.59,2026-09-08,713.0,5.15,5.73,5.3,2334,1004,,,,,
2026-09-08 20:01:45,718.59,2026-09-08,714.0,4.21,4.73,4.21,5270,1011,,,,,
2026-09-08 20:01:45,718.59,2026-09-08,715.0,3.29,3.62,3.21,18666,1504,,,,,
2026-09-08 20:01:45,718.59,2026-09-08,716.0,2.29,2.72,2.27,51135,760,,,,,
2026-09-08 20:01:45,718.59,2026-09-08,717.0,1.36,1.59,1.13,146048,1445,,,,,
2026-09-08 20:01:45,718.59,2026-09-08,718.0,0.56,0.57,0.32,233357,1043,,,,,
2026-09-08 20:01:45,718.59,2026-09-08,719.0,0.06,0.07,0.02,403536,1083,0.5286,0.2172,0.56091,-0.065,0.0029
2026-09-08 20:01:45,718.59,2026-09-08,720.0,0.01,0.04,0.03,655493,3484,0.9271,0.0627,0.13423,-0.025,0.0012
2026-09-08 20:01:45,718.59,2026-09-08,721.0,0,0.03,0.01,402527,2038,1.2093,0.0224,0.04447,-0.01,0.0005
2026-09-08 20:01:45,718.59,2026-09-08,722.0,0,0.01,0.02,239792,1093,1.8088,0.029,0.03686,-0.02,0.0007
2026-09-08 20:01:45,718.59,2026-09-08,723.0,0,0.01,0.01,110752,1102,2.0219,0.0142,0.018,-0.01,0.0004
2026-09-08 20:01:45,718.59,2026-09-08,724.0,0,0.01,0.01,78611,872,2.4109,0.0121,0.01317,-0.01,0.0003
2026-09-08 20:01:45,718.59,2026-09-08,725.0,0,0.01,0.01,42748,2462,2.792,0.0106,0.01014,-0.01,0.0003
2026-09-08 20:02:46,717.99,2026-09-08,711.0,7.05,7.62,7.3,1188,475,,,,,
2026-09-08 20:02:46,717.99,2026-09-08,712.0,6.26,6.67,6.56,1300,746,,,,,
2026-09-08 20:02:46,717.99,2026-09-08,713.0,5.15,5.73,5.3,2334,1004,,,,,
2026-09-08 20:02:46,717.99,2026-09-08,714.0,4.21,4.73,4.21,5270,1011,4.6196,0.81,0.05932,-0.48,0.0027
2026-09-08 20:02:46,717.99,2026-09-08,715.0,3.29,3.62,2.98,18701,1504,3.8363,0.7856,0.07678,-0.465,0.0029
2026-09-08 20:02:46,717.99,2026-09-08,716.0,2.29,2.72,1.98,51143,760,3.2176,0.7349,0.10281,-0.515,0.0032
2026-09-08 20:02:46,717.99,2026-09-08,717.0,1.36,1.59,0.97,146094,1445,2.2646,0.6712,0.16123,-0.485,0.0036
2026-09-08 20:02:46,717.99,2026-09-08,718.0,0.56,0.57,0.23,233654,1043,1.4426,0.4976,0.27924,-0.565,0.004
2026-09-08 20:02:46,717.99,2026-09-08,719.0,0.06,0.07,0.04,404595,1083,0.9356,0.1382,0.23808,-0.065,0.0022
2026-09-08 20:02:46,717.99,2026-09-08,720.0,0.01,0.04,0.03,655717,3484,1.2269,0.0494,0.08402,-0.025,0.001
2026-09-08 20:02:46,717.99,2026-09-08,721.0,0,0.03,0.01,403047,2038,1.4605,0.019,0.032,-0.01,0.0005
2026-09-08 20:02:46,717.99,2026-09-08,722.0,0,0.01,0.01,239998,1093,1.8652,0.0153,0.0208,-0.01,0.0004
2026-09-08 20:02:46,717.99,2026-09-08,723.0,0,0.01,0.01,110752,1102,2.2583,0.0128,0.01482,-0.01,0.0003
2026-09-08 20:02:46,717.99,2026-09-08,724.0,0,0.01,0.02,78639,872,2.9109,0.019,0.01611,-0.02,0.0005
2026-09-08 20:03:46,717.99,2026-09-08,711.0,7.05,7.62,7.3,1188,475,,,,,
2026-09-08 20:03:46,717.99,2026-09-08,712.0,6.26,6.67,6.56,1300,746,,,,,
2026-09-08 20:03:46,717.99,2026-09-08,713.0,5.15,5.73,4.99,2344,1004,,,,,
2026-09-08 20:03:46,717.99,2026-09-08,714.0,4.21,4.73,4.21,5270,1011,4.6196,0.81,0.05932,-0.48,0.0027
2026-09-08 20:03:46,717.99,2026-09-08,715.0,3.29,3.62,3.06,18701,1504,3.8363,0.7856,0.07678,-0.465,0.0029
2026-09-08 20:03:46,717.99,2026-09-08,716.0,2.29,2.72,2.029,51145,760,3.2176,0.7349,0.10281,-0.515,0.0032
2026-09-08 20:03:46,717.99,2026-09-08,717.0,1.36,1.59,0.97,146191,1445,2.2646,0.6712,0.16123,-0.485,0.0036
2026-09-08 20:03:46,717.99,2026-09-08,718.0,0.56,0.57,0.2,234074,1043,1.4426,0.4976,0.27924,-0.565,0.004
2026-09-08 20:03:46,717.99,2026-09-08,719.0,0.06,0.07,0.02,405991,1083,0.9356,0.1382,0.23808,-0.065,0.0022
2026-09-08 20:03:46,717.99,2026-09-08,720.0,0.01,0.04,0.02,656538,3484,1.2269,0.0494,0.08402,-0.025,0.001
2026-09-08 20:03:46,717.99,2026-09-08,721.0,0,0.03,0.01,403112,2038,1.4605,0.019,0.032,-0.01,0.0005
2026-09-08 20:03:46,717.99,2026-09-08,722.0,0,0.01,0.01,240030,1093,1.8652,0.0153,0.0208,-0.01,0.0004
2026-09-08 20:03:46,717.99,2026-09-08,723.0,0,0.01,0.01,110752,1102,2.2583,0.0128,0.01482,-0.01,0.0003
2026-09-08 20:03:46,717.99,2026-09-08,724.0,0,0.01,0.01,78640,872,2.6426,0.0112,0.0112,-0.01,0.0003
2026-09-08 20:04:46,717.84,2026-09-08,711.0,7.05,7.62,6.81,1189,475,,,,,
2026-09-08 20:04:46,717.84,2026-09-08,712.0,6.26,6.67,6.56,1300,746,,,,,
2026-09-08 20:04:46,717.84,2026-09-08,713.0,5.15,5.73,4.99,2344,1004,,,,,
2026-09-08 20:04:46,717.84,2026-09-08,714.0,4.21,4.73,3.79,5272,1011,,,,,
2026-09-08 20:04:46,717.84,2026-09-08,715.0,3.29,3.62,2.83,18704,1504,4.2192,0.753,0.07557,-0.615,0.0031
2026-09-08 20:04:46,717.84,2026-09-08,716.0,2.29,2.72,1.79,51161,760,3.5395,0.7013,0.09901,-0.665,0.0034
2026-09-08 20:04:46,717.84,2026-09-08,717.0,1.36,1.59,0.96,146341,1445,2.5313,0.632,0.15038,-0.635,0.0037
2026-09-08 20:04:46,717.84,2026-09-08,718.0,0.56,0.57,0.2,234495,1043,1.6246,0.4608,0.24681,-0.565,0.0039
2026-09-08 20:04:46,717.84,2026-09-08,719.0,0.06,0.07,0.04,407308,1083,1.0293,0.1279,0.20521,-0.065,0.0021
2026-09-08 20:04:46,717.84,2026-09-08,720.0,0.01,0.04,0.03,656766,3484,1.2998,0.047,0.07624,-0.025,0.001
2026-09-08 20:04:46,717.84,2026-09-08,721.0,0,0.03,0.02,403255,2038,1.7002,0.0306,0.04111,-0.02,0.0007
2026-09-08 20:04:46,717.84,2026-09-08,722.0,0,0.01,0.01,240059,1093,1.9252,0.0148,0.01967,-0.01,0.0004
2026-09-08 20:04:46,717.84,2026-09-08,723.0,0,0.01,0.01,110791,1102,2.3169,0.0126,0.01416,-0.01,0.0003
2026-09-08 20:04:46,717.84,2026-09-08,724.0,0,0.01,0.01,78643,872,2.7002,0.0109,0.01078,-0.01,0.0003
2026-09-08 20:05:46,717.71,2026-09-08,711.0,7.05,7.62,6.84,1194,475,,,,,
2026-09-08 20:05:46,717.71,2026-09-08,712.0,6.26,6.67,6.56,1301,746,,,,,
2026-09-08 20:05:46,717.71,2026-09-08,713.0,5.15,5.73,4.85,2357,1004,,,,,
2026-09-08 20:05:46,717.71,2026-09-08,714.0,4.21,4.73,3.86,5280,1011,,,,,
2026-09-08 20:05:46,717.71,2026-09-08,715.0,3.29,3.62,2.98,18788,1504,4.5197,0.7291,0.07403,-0.745,0.0033
2026-09-08 20:05:46,717.71,2026-09-08,716.0,2.29,2.72,1.94,51196,760,3.7954,0.6766,0.09559,-0.795,0.0036
2026-09-08 20:05:46,717.71,2026-09-08,717.0,1.36,1.59,0.7,146839,1445,2.7439,0.6039,0.14186,-0.765,0.0038
2026-09-08 20:05:46,717.71,2026-09-08,718.0,0.56,0.57,0.12,235254,1043,1.7732,0.4349,0.22423,-0.565,0.0039
2026-09-08 20:05:46,717.71,2026-09-08,719.0,0.06,0.07,0.04,408847,1083,1.1089,0.1203,0.1826,-0.065,0.002
2026-09-08 20:05:46,717.71,2026-09-08,720.0,0.01,0.04,0.01,657033,3484,1.3624,0.0451,0.07042,-0.025,0.0009
2026-09-08 20:05:46,717.71,2026-09-08,721.0,0,0.03,0.01,403698,2038,1.5758,0.0177,0.02802,-0.01,0.0004
2026-09-08 20:05:46,717.71,2026-09-08,722.0,0,0.01,0.01,240101,1093,1.977,0.0145,0.01877,-0.01,0.0004
2026-09-08 20:05:46,717.71,2026-09-08,723.0,0,0.01,0.01,110839,1102,2.3676,0.0123,0.01363,-0.01,0.0003
2026-09-08 20:05:46,717.71,2026-09-08,724.0,0,0.01,0.01,78985,872,2.75,0.0108,0.01044,-0.01,0.0003
2026-09-08 20:06:48,717.68,2026-09-08,711.0,7.05,7.62,6.84,1194,475,,,,,
2026-09-08 20:06:48,717.68,2026-09-08,712.0,6.26,6.67,5.73,1301,746,,,,,
2026-09-08 20:06:48,717.68,2026-09-08,713.0,5.15,5.73,4.85,2357,1004,,,,,
2026-09-08 20:06:48,717.68,2026-09-08,714.0,4.21,4.73,3.72,5300,1011,,,,,
2026-09-08 20:06:48,717.68,2026-09-08,715.0,3.29,3.62,2.98,18788,1504,4.5859,0.724,0.07364,-0.775,0.0033
2026-09-08 20:06:48,717.68,2026-09-08,716.0,2.29,2.72,1.83,51217,760,3.8521,0.6714,0.09481,-0.825,0.0036
2026-09-08 20:06:48,717.68,2026-09-08,717.0,1.36,1.59,0.77,146854,1445,2.7911,0.598,0.14001,-0.795,0.0038
2026-09-08 20:06:48,717.68,2026-09-08,718.0,0.56,0.57,0.15,235732,1043,1.8065,0.4295,0.21959,-0.565,0.0039
2026-09-08 20:06:48,717.68,2026-09-08,719.0,0.06,0.07,0.04,409265,1083,1.127,0.1188,0.17799,-0.065,0.002
2026-09-08 20:06:48,717.68,2026-09-08,720.0,0.01,0.04,0.01,658357,3484,1.3768,0.0447,0.06918,-0.025,0.0009
2026-09-08 20:06:48,717.68,2026-09-08,721.0,0,0.03,0.01,404498,2038,1.5881,0.0176,0.02764,-0.01,0.0004
2026-09-08 20:06:48,717.68,2026-09-08,722.0,0,0.01,0.01,240161,1093,1.989,0.0144,0.01857,-0.01,0.0004
2026-09-08 20:06:48,717.68,2026-09-08,723.0,0,0.01,0.01,110840,1102,2.3793,0.0123,0.01351,-0.01,0.0003
2026-09-08 20:06:48,717.68,2026-09-08,724.0,0,0.01,0.01,78989,872,2.7614,0.0107,0.01036,-0.01,0.0003
2026-09-08 20:07:48,717.94,2026-09-08,711.0,7.05,7.62,6.84,1194,475,,,,,
2026-09-08 20:07:48,717.94,2026-09-08,712.0,6.26,6.67,6.01,1307,746,,,,,
2026-09-08 20:07:48,717.94,2026-09-08,713.0,5.15,5.73,4.85,2357,1004,,,,,
2026-09-08 20:07:48,717.94,2026-09-08,714.0,4.21,4.73,3.72,5300,1011,4.7668,0.7996,0.05938,-0.53,0.0028
2026-09-08 20:07:48,717.94,2026-09-08,715.0,3.29,3.62,2.98,18788,1504,3.9692,0.7741,0.07648,-0.515,0.003
2026-09-08 20:07:48,717.94,2026-09-08,716.0,2.29,2.72,1.97,51222,760,3.3287,0.723,0.10159,-0.565,0.0033
2026-09-08 20:07:48,717.94,2026-09-08,717.0,1.36,1.59,0.97,146917,1445,2.3566,0.6572,0.15751,-0.535,0.0036
2026-09-08 20:07:48,717.94,2026-09-08,718.0,0.56,0.57,0.22,236230,1043,1.5047,0.4844,0.26752,-0.565,0.0039
2026-09-08 20:07:48,717.94,2026-09-08,719.0,0.06,0.07,0.04,410553,1083,0.9671,0.1345,0.22616,-0.065,0.0021
2026-09-08 20:07:48,717.94,2026-09-08,720.0,0.01,0.04,0.01,658580,3484,1.2513,0.0485,0.08129,-0.025,0.001
2026-09-08 20:07:48,717.94,2026-09-08,721.0,0,0.03,0.01,404789,2038,1.4812,0.0187,0.03122,-0.01,0.0005
2026-09-08 20:07:48,717.94,2026-09-08,722.0,0,0.01,0.01,240183,1093,1.8852,0.0151,0.02041,-0.01,0.0004
2026-09-08 20:07:48,717.94,2026-09-08,723.0,0,0.01,0.01,110947,1102,2.2778,0.0128,0.01459,-0.01,0.0003
2026-09-08 20:07:48,717.94,2026-09-08,724.0,0,0.01,0.01,79018,872,2.6618,0.0111,0.01106,-0.01,0.0003
2026-09-08 20:08:49,717.91,2026-09-08,711.0,7.05,7.62,6.69,1196,475,,,,,
2026-09-08 20:08:49,717.91,2026-09-08,712.0,6.26,6.67,5.88,1308,746,,,,,
2026-09-08 20:08:49,717.91,2026-09-08,713.0,5.15,5.73,4.79,2370,1004,,,,,
2026-09-08 20:08:49,717.91,2026-09-08,714.0,4.21,4.73,3.84,5301,1011,4.8522,0.7937,0.05935,-0.56,0.0028
2026-09-08 20:08:49,717.91,2026-09-08,715.0,3.29,3.62,2.98,18788,1504,4.0462,0.7675,0.07625,-0.545,0.003
2026-09-08 20:08:49,717.91,2026-09-08,716.0,2.29,2.72,1.92,51295,760,3.3934,0.7162,0.10083,-0.595,0.0034
2026-09-08 20:08:49,717.91,2026-09-08,717.0,1.36,1.59,0.93,147051,1445,2.4102,0.6492,0.15532,-0.565,0.0037
2026-09-08 20:08:49,717.91,2026-09-08,718.0,0.56,0.57,0.23,238292,1043,1.5413,0.4769,0.26095,-0.565,0.0039
2026-09-08 20:08:49,717.91,2026-09-08,719.0,0.06,0.07,0.02,411103,1083,0.9859,0.1324,0.21949,-0.065,0.0021
2026-09-08 20:08:49,717.91,2026-09-08,720.0,0.01,0.04,0.01,658789,3484,1.2659,0.0481,0.07972,-0.025,0.001
2026-09-08 20:08:49,717.91,2026-09-08,721.0,0,0.03,0.01,404911,2038,1.4936,0.0186,0.03077,-0.01,0.0005
2026-09-08 20:08:49,717.91,2026-09-08,722.0,0,0.01,0.01,240228,1093,1.8972,0.015,0.02018,-0.01,0.0004
2026-09-08 20:08:49,717.91,2026-09-08,723.0,0,0.01,0.01,110949,1102,2.2896,0.0127,0.01446,-0.01,0.0003
2026-09-08 20:08:49,717.91,2026-09-08,724.0,0,0.01,0.01,79026,872,2.6733,0.011,0.01098,-0.01,0.0003
2026-09-08 20:09:49,717.96,2026-09-08,711.0,7.05,7.62,6.69,1196,475,,,,,
2026-09-08 20:09:49,717.96,2026-09-08,712.0,6.26,6.67,5.79,1308,746,,,,,
2026-09-08 20:09:49,717.96,2026-09-08,713.0,5.15,5.73,4.67,2374,1004,,,,,
2026-09-08 20:09:49,717.96,2026-09-08,714.0,4.21,4.73,3.84,5301,1011,4.7087,0.8037,0.05937,-0.51,0.0027
2026-09-08 20:09:49,717.96,2026-09-08,715.0,3.29,3.62,2.98,18798,1504,3.9168,0.7786,0.07662,-0.495,0.0029
2026-09-08 20:09:49,717.96,2026-09-08,716.0,2.29,2.72,1.89,51390,760,3.2848,0.7276,0.10209,-0.545,0.0033
2026-09-08 20:09:49,717.96,2026-09-08,717.0,1.36,1.59,0.88,147347,1445,2.3202,0.6627,0.15899,-0.515,0.0036
2026-09-08 20:09:49,717.96,2026-09-08,718.0,0.56,0.57,0.17,240156,1043,1.4801,0.4895,0.27209,-0.565,0.0039
2026-09-08 20:09:49,717.96,2026-09-08,719.0,0.06,0.07,0.04,413450,1083,0.9545,0.136,0.2308,-0.065,0.0022
2026-09-08 20:09:49,717.96,2026-09-08,720.0,0.01,0.04,0.02,659059,3484,1.2416,0.0489,0.08236,-0.025,0.001
2026-09-08 20:09:49,717.96,2026-09-08,721.0,0,0.03,0.01,405015,2038,1.4729,0.0188,0.03153,-0.01,0.0005
2026-09-08 20:09:49,717.96,2026-09-08,722.0,0,0.01,0.01,240233,1093,1.8772,0.0152,0.02056,-0.01,0.0004
2026-09-08 20:09:49,717.96,2026-09-08,723.0,0,0.01,0.01,110951,1102,2.27,0.0128,0.01468,-0.01,0.0003
2026-09-08 20:09:49,717.96,2026-09-08,724.0,0,0.01,0.01,79026,872,2.6541,0.0111,0.01112,-0.01,0.0003
2026-09-08 20:10:49,718.05,2026-09-08,712.0,6.26,6.67,5.79,1308,746,,,,,
2026-09-08 20:10:49,718.05,2026-09-08,713.0,5.15,5.73,4.67,2374,1004,4.9861,0.8484,0.04754,-0.39,0.0023
2026-09-08 20:10:49,718.05,2026-09-08,714.0,4.21,4.73,4.03,5303,1011,4.4332,0.8233,0.05907,-0.42,0.0026
2026-09-08 20:10:49,718.05,2026-09-08,715.0,3.29,3.62,2.85,18802,1504,3.6681,0.8006,0.07692,-0.405,0.0028
2026-09-08 20:10:49,718.05,2026-09-08,716.0,2.29,2.72,1.78,51419,760,3.0782,0.7503,0.10416,-0.455,0.0031
2026-09-08 20:10:49,718.05,2026-09-08,717.0,1.36,1.59,0.87,147717,1445,2.1493,0.6897,0.16579,-0.425,0.0035
2026-09-08 20:10:49,718.05,2026-09-08,718.0,0.56,0.57,0.22,242137,1043,1.3657,0.5151,0.29473,-0.515,0.0039
2026-09-08 20:10:49,718.05,2026-09-08,719.0,0.06,0.07,0.04,414439,1083,0.8975,0.1429,0.25391,-0.065,0.0022
2026-09-08 20:10:49,718.05,2026-09-08,720.0,0.01,0.04,0.01,659392,3484,1.1976,0.0504,0.08752,-0.025,0.001
2026-09-08 20:10:49,718.05,2026-09-08,721.0,0,0.03,0.02,405075,2038,1.6059,0.0322,0.04533,-0.02,0.0007
2026-09-08 20:10:49,718.05,2026-09-08,722.0,0,0.01,0.01,240268,1093,1.8411,0.0154,0.02128,-0.01,0.0004
2026-09-08 20:10:49,718.05,2026-09-08,723.0,0,0.01,0.01,110956,1102,2.2348,0.013,0.01509,-0.01,0.0003
2026-09-08 20:10:49,718.05,2026-09-08,724.0,0,0.01,0.01,79028,872,2.6195,0.0112,0.01138,-0.01,0.0003
2026-09-08 20:10:49,718.05,2026-09-08,725.0,0,0.01,0.01,44503,2462,2.9972,0.01,0.00895,-0.01,0.0003
2026-09-08 20:11:52,718.05,2026-09-08,712.0,6.26,6.67,5.79,1308,746,,,,,
2026-09-08 20:11:52,718.05,2026-09-08,713.0,5.15,5.73,4.83,2375,1004,4.9861,0.8484,0.04754,-0.39,0.0023
2026-09-08 20:11:52,718.05,2026-09-08,714.0,4.21,4.73,3.9,5306,1011,4.4332,0.8233,0.05907,-0.42,0.0026
2026-09-08 20:11:52,718.05,2026-09-08,715.0,3.29,3.62,2.87,18913,1504,3.6681,0.8006,0.07692,-0.405,0.0028
2026-09-08 20:11:52,718.05,2026-09-08,716.0,2.29,2.72,1.91,51433,760,3.0782,0.7503,0.10416,-0.455,0.0031
2026-09-08 20:11:52,718.05,2026-09-08,717.0,1.36,1.59,0.83,147829,1445,2.1493,0.6897,0.16579,-0.425,0.0035
2026-09-08 20:11:52,718.05,2026-09-08,718.0,0.56,0.57,0.25,242537,1043,1.3657,0.5151,0.29473,-0.515,0.0039
2026-09-08 20:11:52,718.05,2026-09-08,719.0,0.06,0.07,0.03,414572,1083,0.8975,0.1429,0.25391,-0.065,0.0022
2026-09-08 20:11:52,718.05,2026-09-08,720.0,0.01,0.04,0.01,660003,3484,1.1976,0.0504,0.08752,-0.025,0.001
2026-09-08 20:11:52,718.05,2026-09-08,721.0,0,0.03,0.01,405200,2038,1.4357,0.0193,0.03297,-0.01,0.0005
2026-09-08 20:11:52,718.05,2026-09-08,722.0,0,0.01,0.01,240270,1093,1.8411,0.0154,0.02128,-0.01,0.0004
2026-09-08 20:11:52,718.05,2026-09-08,723.0,0,0.01,0.01,111016,1102,2.2348,0.013,0.01509,-0.01,0.0003
2026-09-08 20:11:52,718.05,2026-09-08,724.0,0,0.01,0.01,79028,872,2.6195,0.0112,0.01138,-0.01,0.0003
2026-09-08 20:11:52,718.05,2026-09-08,725.0,0,0.01,0.01,44523,2462,2.9972,0.01,0.00895,-0.01,0.0003
2026-09-08 20:12:52,717.93,2026-09-08,711.0,7.05,7.62,6.69,1196,475,,,,,
2026-09-08 20:12:52,717.93,2026-09-08,712.0,6.26,6.67,5.79,1308,746,,,,,
2026-09-08 20:12:52,717.93,2026-09-08,713.0,5.15,5.73,4.83,2375,1004,,,,,
2026-09-08 20:12:52,717.93,2026-09-08,714.0,4.21,4.73,3.9,5306,1011,4.7955,0.7976,0.05937,-0.54,0.0028
2026-09-08 20:12:52,717.93,2026-09-08,715.0,3.29,3.62,2.83,18914,1504,3.9951,0.7718,0.07641,-0.525,0.003
2026-09-08 20:12:52,717.93,2026-09-08,716.0,2.29,2.72,1.89,51487,760,3.3504,0.7207,0.10134,-0.575,0.0033
2026-09-08 20:12:52,717.93,2026-09-08,717.0,1.36,1.59,0.94,147939,1445,2.3746,0.6545,0.15677,-0.545,0.0037
2026-09-08 20:12:52,717.93,2026-09-08,718.0,0.56,0.57,0.16,242923,1043,1.517,0.4819,0.2653,-0.565,0.0039
2026-09-08 20:12:52,717.93,2026-09-08,719.0,0.06,0.07,0.03,414788,1083,0.9734,0.1338,0.2239,-0.065,0.0021
2026-09-08 20:12:52,717.93,2026-09-08,720.0,0.01,0.04,0.01,660302,3484,1.2562,0.0484,0.08076,-0.025,0.001
2026-09-08 20:12:52,717.93,2026-09-08,721.0,0,0.03,0.01,405245,2038,1.4853,0.0187,0.03107,-0.01,0.0005
2026-09-08 20:12:52,717.93,2026-09-08,722.0,0,0.01,0.01,241277,1093,1.8892,0.0151,0.02033,-0.01,0.0004
2026-09-08 20:12:52,717.93,2026-09-08,723.0,0,0.01,0.01,111154,1102,2.2817,0.0127,0.01455,-0.01,0.0003
2026-09-08 20:12:52,717.93,2026-09-08,724.0,0,0.01,0.01,79029,872,2.6656,0.0111,0.01103,-0.01,0.0003
2026-09-08 20:13:53,717.93,2026-09-08,711.0,7.05,7.62,6.89,1199,475,,,,,
2026-09-08 20:13:53,717.93,2026-09-08,712.0,6.26,6.67,5.88,1309,746,,,,,
2026-09-08 20:13:53,717.93,2026-09-08,713.0,5.15,5.73,4.83,2375,1004,,,,,
2026-09-08 20:13:53,717.93,2026-09-08,714.0,4.21,4.73,3.9,5306,1011,4.7955,0.7976,0.05937,-0.54,0.0028
2026-09-08 20:13:53,717.93,2026-09-08,715.0,3.29,3.62,2.86,18915,1504,3.9951,0.7718,0.07641,-0.525,0.003
2026-09-08 20:13:53,717.93,2026-09-08,716.0,2.29,2.72,1.9,51522,760,3.3504,0.7207,0.10134,-0.575,0.0033
2026-09-08 20:13:53,717.93,2026-09-08,717.0,1.36,1.59,0.83,147997,1445,2.3746,0.6545,0.15677,-0.545,0.0037
2026-09-08 20:13:53,717.93,2026-09-08,718.0,0.56,0.57,0.17,243820,1043,1.517,0.4819,0.2653,-0.565,0.0039
2026-09-08 20:13:53,717.93,2026-09-08,719.0,0.06,0.07,0.01,415849,1083,0.9734,0.1338,0.2239,-0.065,0.0021
2026-09-08 20:13:53,717.93,2026-09-08,720.0,0.01,0.04,0.01,660508,3484,1.2562,0.0484,0.08076,-0.025,0.001
2026-09-08 20:13:53,717.93,2026-09-08,721.0,0,0.03,0.01,405246,2038,1.4853,0.0187,0.03107,-0.01,0.0005
2026-09-08 20:13:53,717.93,2026-09-08,722.0,0,0.01,0.01,241283,1093,1.8892,0.0151,0.02033,-0.01,0.0004
2026-09-08 20:13:53,717.93,2026-09-08,723.0,0,0.01,0.01,111160,1102,2.2817,0.0127,0.01455,-0.01,0.0003
2026-09-08 20:13:53,717.93,2026-09-08,724.0,0,0.01,0.01,79029,872,2.6656,0.0111,0.01103,-0.01,0.0003
2026-09-08 20:14:54,717.95,2026-09-08,711.0,7.05,7.62,6.89,1199,475,,,,,
2026-09-08 20:14:54,717.95,2026-09-08,712.0,6.26,6.67,5.88,1309,746,,,,,
2026-09-08 20:14:54,717.95,2026-09-08,713.0,5.15,5.73,4.83,2375,1004,,,,,
2026-09-08 20:14:54,717.95,2026-09-08,714.0,4.21,4.73,3.96,5316,1011,4.7379,0.8016,0.05937,-0.52,0.0028
2026-09-08 20:14:54,717.95,2026-09-08,715.0,3.29,3.62,3.19,18918,1504,3.9431,0.7763,0.07655,-0.505,0.003
2026-09-08 20:14:54,717.95,2026-09-08,716.0,2.29,2.72,2.14,51576,760,3.3068,0.7253,0.10184,-0.555,0.0033
2026-09-08 20:14:54,717.95,2026-09-08,717.0,1.36,1.59,1,148318,1445,2.3385,0.6599,0.15825,-0.525,0.0036
2026-09-08 20:14:54,717.95,2026-09-08,718.0,0.56,0.57,0.15,246373,1043,1.4924,0.4869,0.26979,-0.565,0.0039
2026-09-08 20:14:54,717.95,2026-09-08,719.0,0.06,0.07,0.01,419812,1083,0.9608,0.1352,0.22846,-0.065,0.0022
2026-09-08 20:14:54,717.95,2026-09-08,720.0,0.01,0.04,0.01,663134,3484,1.2464,0.0487,0.08182,-0.025,0.001
2026-09-08 20:14:54,717.95,2026-09-08,721.0,0,0.03,0.01,405246,2038,1.4771,0.0188,0.03138,-0.01,0.0005
2026-09-08 20:14:54,717.95,2026-09-08,722.0,0,0.01,0.01,241311,1093,1.8812,0.0151,0.02048,-0.01,0.0004
2026-09-08 20:14:54,717.95,2026-09-08,723.0,0,0.01,0.01,111160,1102,2.2739,0.0128,0.01464,-0.01,0.0003
2026-09-08 20:14:54,717.95,2026-09-08,724.0,0,0.01,0.01,79029,872,2.658,0.0111,0.01109,-0.01,0.0003
2026-09-08 20:15:54,718.1,2026-09-08,712.0,6.26,6.67,5.88,1309,746,,,,,
2026-09-08 20:15:54,718.1,2026-09-08,713.0,5.15,5.73,4.83,2375,1004,4.7976,0.86,0.04684,-0.34,0.0022
2026-09-08 20:15:54,718.1,2026-09-08,714.0,4.21,4.73,3.96,5316,1011,4.2682,0.8354,0.05863,-0.37,0.0025
2026-09-08 20:15:54,718.1,2026-09-08,715.0,3.29,3.62,3.11,18929,1504,3.5192,0.8143,0.07677,-0.355,0.0027
2026-09-08 20:15:54,718.1,2026-09-08,716.0,2.29,2.72,2.14,51578,760,2.956,0.7643,0.10512,-0.405,0.003
2026-09-08 20:15:54,718.1,2026-09-08,717.0,1.36,1.59,1.11,148353,1445,2.0482,0.7068,0.16959,-0.375,0.0034
2026-09-08 20:15:54,718.1,2026-09-08,718.0,0.56,0.57,0.23,246828,1043,1.2994,0.5313,0.30901,-0.465,0.0039
2026-09-08 20:15:54,718.1,2026-09-08,719.0,0.06,0.07,0.03,421290,1083,0.8654,0.1472,0.26857,-0.065,0.0023
2026-09-08 20:15:54,718.1,2026-09-08,720.0,0.01,0.04,0.01,664233,3484,1.173,0.0513,0.09062,-0.025,0.001
2026-09-08 20:15:54,718.1,2026-09-08,721.0,0,0.03,0.01,405252,2038,1.4149,0.0195,0.03382,-0.01,0.0005
2026-09-08 20:15:54,718.1,2026-09-08,722.0,0,0.01,0.01,241369,1093,1.821,0.0156,0.02169,-0.01,0.0004
2026-09-08 20:15:54,718.1,2026-09-08,723.0,0,0.01,0.01,111212,1102,2.2152,0.0131,0.01533,-0.01,0.0003
2026-09-08 20:15:54,718.1,2026-09-08,724.0,0,0.01,0.01,79032,872,2.6003,0.0113,0.01153,-0.01,0.0003
2026-09-08 20:15:54,718.1,2026-09-08,725.0,0,0.01,0.01,44544,2462,2.9782,0.01,0.00905,-0.01,0.0003
2026-09-08 20:16:56,718.1,2026-09-08,712.0,6.26,6.67,5.88,1309,746,,,,,
2026-09-08 20:16:56,718.1,2026-09-08,713.0,5.15,5.73,4.83,2375,1004,4.7976,0.86,0.04684,-0.34,0.0022
2026-09-08 20:16:56,718.1,2026-09-08,714.0,4.21,4.73,3.96,5316,1011,4.2682,0.8354,0.05863,-0.37,0.0025
2026-09-08 20:16:56,718.1,2026-09-08,715.0,3.29,3.62,3.11,18931,1504,3.5192,0.8143,0.07677,-0.355,0.0027
2026-09-08 20:16:56,718.1,2026-09-08,716.0,2.29,2.72,2.14,51588,760,2.956,0.7643,0.10512,-0.405,0.003
2026-09-08 20:16:56,718.1,2026-09-08,717.0,1.36,1.59,1.11,148569,1445,2.0482,0.7068,0.16959,-0.375,0.0034
2026-09-08 20:16:56,718.1,2026-09-08,718.0,0.56,0.57,0.23,247190,1043,1.2994,0.5313,0.30901,-0.465,0.0039
2026-09-08 20:16:56,718.1,2026-09-08,719.0,0.06,0.07,0.03,421913,1083,0.8654,0.1472,0.26857,-0.065,0.0023
2026-09-08 20:16:56,718.1,2026-09-08,720.0,0.01,0.04,0.01,666027,3484,1.173,0.0513,0.09062,-0.025,0.001
2026-09-08 20:16:56,718.1,2026-09-08,721.0,0,0.03,0.01,405332,2038,1.4149,0.0195,0.03382,-0.01,0.0005
2026-09-08 20:16:56,718.1,2026-09-08,722.0,0,0.01,0.01,241399,1093,1.821,0.0156,0.02169,-0.01,0.0004
2026-09-08 20:16:56,718.1,2026-09-08,723.0,0,0.01,0.01,111212,1102,2.2152,0.0131,0.01533,-0.01,0.0003
2026-09-08 20:16:56,718.1,2026-09-08,724.0,0,0.01,0.01,79032,872,2.6003,0.0113,0.01153,-0.01,0.0003
2026-09-08 20:16:56,718.1,2026-09-08,725.0,0,0.01,0.01,44544,2462,2.9782,0.01,0.00905,-0.01,0.0003
2026-09-08 20:17:57,718.1,2026-09-08,712.0,6.26,6.67,5.88,1309,746,,,,,
2026-09-08 20:17:57,718.1,2026-09-08,713.0,5.15,5.73,4.95,2378,1004,4.7976,0.86,0.04684,-0.34,0.0022
2026-09-08 20:17:57,718.1,2026-09-08,714.0,4.21,4.73,3.96,5316,1011,4.2682,0.8354,0.05863,-0.37,0.0025
2026-09-08 20:17:57,718.1,2026-09-08,715.0,3.29,3.62,3.11,18931,1504,3.5192,0.8143,0.07677,-0.355,0.0027
2026-09-08 20:17:57,718.1,2026-09-08,716.0,2.29,2.72,1.96,51592,760,2.956,0.7643,0.10512,-0.405,0.003
2026-09-08 20:17:57,718.1,2026-09-08,717.0,1.36,1.59,0.97,148591,1445,2.0482,0.7068,0.16959,-0.375,0.0034
2026-09-08 20:17:57,718.1,2026-09-08,718.0,0.56,0.57,0.2,247827,1043,1.2994,0.5313,0.30901,-0.465,0.0039
2026-09-08 20:17:57,718.1,2026-09-08,719.0,0.06,0.07,0.02,422353,1083,0.8654,0.1472,0.26857,-0.065,0.0023
2026-09-08 20:17:57,718.1,2026-09-08,720.0,0.01,0.04,0.01,666610,3484,1.173,0.0513,0.09062,-0.025,0.001
2026-09-08 20:17:57,718.1,2026-09-08,721.0,0,0.03,0.01,405342,2038,1.4149,0.0195,0.03382,-0.01,0.0005
2026-09-08 20:17:57,718.1,2026-09-08,722.0,0,0.01,0.01,241400,1093,1.821,0.0156,0.02169,-0.01,0.0004
2026-09-08 20:17:57,718.1,2026-09-08,723.0,0,0.01,0.01,111213,1102,2.2152,0.0131,0.01533,-0.01,0.0003
2026-09-08 20:17:57,718.1,2026-09-08,724.0,0,0.01,0.01,79032,872,2.6003,0.0113,0.01153,-0.01,0.0003
2026-09-08 20:17:57,718.1,2026-09-08,725.0,0,0.01,0.01,44545,2462,2.9782,0.01,0.00905,-0.01,0.0003
2026-09-08 20:18:57,718.1,2026-09-08,712.0,6.26,6.67,5.88,1309,746,,,,,
2026-09-08 20:18:57,718.1,2026-09-08,713.0,5.15,5.73,4.95,2378,1004,4.7976,0.86,0.04684,-0.34,0.0022
2026-09-08 20:18:57,718.1,2026-09-08,714.0,4.21,4.73,3.96,5316,1011,4.2682,0.8354,0.05863,-0.37,0.0025
2026-09-08 20:18:57,718.1,2026-09-08,715.0,3.29,3.62,2.84,18938,1504,3.5192,0.8143,0.07677,-0.355,0.0027
2026-09-08 20:18:57,718.1,2026-09-08,716.0,2.29,2.72,1.87,51595,760,2.956,0.7643,0.10512,-0.405,0.003
2026-09-08 20:18:57,718.1,2026-09-08,717.0,1.36,1.59,0.87,148602,1445,2.0482,0.7068,0.16959,-0.375,0.0034
2026-09-08 20:18:57,718.1,2026-09-08,718.0,0.56,0.57,0.2,248662,1043,1.2994,0.5313,0.30901,-0.465,0.0039
2026-09-08 20:18:57,718.1,2026-09-08,719.0,0.06,0.07,0.02,422780,1083,0.8654,0.1472,0.26857,-0.065,0.0023
2026-09-08 20:18:57,718.1,2026-09-08,720.0,0.01,0.04,0.02,666776,3484,1.173,0.0513,0.09062,-0.025,0.001
2026-09-08 20:18:57,718.1,2026-09-08,721.0,0,0.03,0.01,405356,2038,1.4149,0.0195,0.03382,-0.01,0.0005
2026-09-08 20:18:57,718.1,2026-09-08,722.0,0,0.01,0.01,241400,1093,1.821,0.0156,0.02169,-0.01,0.0004
2026-09-08 20:18:57,718.1,2026-09-08,723.0,0,0.01,0.01,111213,1102,2.2152,0.0131,0.01533,-0.01,0.0003
2026-09-08 20:18:57,718.1,2026-09-08,724.0,0,0.01,0.01,79032,872,2.6003,0.0113,0.01153,-0.01,0.0003
2026-09-08 20:18:57,718.1,2026-09-08,725.0,0,0.01,0.01,44547,2462,2.9782,0.01,0.00905,-0.01,0.0003
2026-09-08 20:19:58,717.92,2026-09-08,711.0,7.05,7.62,7,1200,475,,,,,
2026-09-08 20:19:58,717.92,2026-09-08,712.0,6.26,6.67,5.86,1311,746,,,,,
2026-09-08 20:19:58,717.92,2026-09-08,713.0,5.15,5.73,4.95,2378,1004,,,,,
2026-09-08 20:19:58,717.92,2026-09-08,714.0,4.21,4.73,3.96,5316,1011,4.824,0.7957,0.05937,-0.55,0.0028
2026-09-08 20:19:58,717.92,2026-09-08,715.0,3.29,3.62,2.84,18938,1504,4.0208,0.7696,0.07633,-0.535,0.003
2026-09-08 20:19:58,717.92,2026-09-08,716.0,2.29,2.72,1.87,51595,760,3.372,0.7184,0.10109,-0.585,0.0033
2026-09-08 20:19:58,717.92,2026-09-08,717.0,1.36,1.59,0.87,148649,1445,2.3924,0.6518,0.15605,-0.555,0.0037
2026-09-08 20:19:58,717.92,2026-09-08,718.0,0.56,0.57,0.2,248924,1043,1.5291,0.4794,0.26311,-0.565,0.0039
2026-09-08 20:19:58,717.92,2026-09-08,719.0,0.06,0.07,0.02,422814,1083,0.9796,0.1331,0.22168,-0.065,0.0021
2026-09-08 20:19:58,717.92,2026-09-08,720.0,0.01,0.04,0.01,666921,3484,1.261,0.0482,0.08024,-0.025,0.001
2026-09-08 20:19:58,717.92,2026-09-08,721.0,0,0.03,0.01,405367,2038,1.4895,0.0186,0.03092,-0.01,0.0005
2026-09-08 20:19:58,717.92,2026-09-08,722.0,0,0.01,0.01,241401,1093,1.8932,0.015,0.02026,-0.01,0.0004
2026-09-08 20:19:58,717.92,2026-09-08,723.0,0,0.01,0.01,111372,1102,2.2857,0.0127,0.01451,-0.01,0.0003
2026-09-08 20:19:58,717.92,2026-09-08,724.0,0,0.01,0.01,79036,872,2.6695,0.0111,0.011,-0.01,0.0003
2026-09-08 20:20:58,717.92,2026-09-08,711.0,7.05,7.62,6.83,1201,475,,,,,
2026-09-08 20:20:58,717.92,2026-09-08,712.0,6.26,6.67,5.86,1311,746,,,,,
2026-09-08 20:20:58,717.92,2026-09-08,713.0,5.15,5.73,4.95,2378,1004,,,,,
2026-09-08 20:20:58,717.92,2026-09-08,714.0,4.21,4.73,3.96,5316,1011,4.824,0.7957,0.05937,-0.55,0.0028
2026-09-08 20:20:58,717.92,2026-09-08,715.0,3.29,3.62,2.77,18943,1504,4.0208,0.7696,0.07633,-0.535,0.003
2026-09-08 20:20:58,717.92,2026-09-08,716.0,2.29,2.72,1.87,51603,760,3.372,0.7184,0.10109,-0.585,0.0033
2026-09-08 20:20:58,717.92,2026-09-08,717.0,1.36,1.59,0.87,148748,1445,2.3924,0.6518,0.15605,-0.555,0.0037
2026-09-08 20:20:58,717.92,2026-09-08,718.0,0.56,0.57,0.2,250023,1043,1.5291,0.4794,0.26311,-0.565,0.0039
2026-09-08 20:20:58,717.92,2026-09-08,719.0,0.06,0.07,0.01,423682,1083,0.9796,0.1331,0.22168,-0.065,0.0021
2026-09-08 20:20:58,717.92,2026-09-08,720.0,0.01,0.04,0.01,669819,3484,1.261,0.0482,0.08024,-0.025,0.001
2026-09-08 20:20:58,717.92,2026-09-08,721.0,0,0.03,0.01,405373,2038,1.4895,0.0186,0.03092,-0.01,0.0005
2026-09-08 20:20:58,717.92,2026-09-08,722.0,0,0.01,0.01,241401,1093,1.8932,0.015,0.02026,-0.01,0.0004
2026-09-08 20:20:58,717.92,2026-09-08,723.0,0,0.01,0.01,111372,1102,2.2857,0.0127,0.01451,-0.01,0.0003
2026-09-08 20:20:58,717.92,2026-09-08,724.0,0,0.01,0.01,79036,872,2.6695,0.0111,0.011,-0.01,0.0003
2026-09-08 20:22:00,717.92,2026-09-08,711.0,7.05,7.62,6.83,1201,475,,,,,
2026-09-08 20:22:00,717.92,2026-09-08,712.0,6.26,6.67,5.86,1311,746,,,,,
2026-09-08 20:22:00,717.92,2026-09-08,713.0,5.15,5.73,4.95,2378,1004,,,,,
2026-09-08 20:22:00,717.92,2026-09-08,714.0,4.21,4.73,3.96,5316,1011,4.824,0.7957,0.05937,-0.55,0.0028
2026-09-08 20:22:00,717.92,2026-09-08,715.0,3.29,3.62,2.77,18945,1504,4.0208,0.7696,0.07633,-0.535,0.003
2026-09-08 20:22:00,717.92,2026-09-08,716.0,2.29,2.72,1.87,51605,760,3.372,0.7184,0.10109,-0.585,0.0033
2026-09-08 20:22:00,717.92,2026-09-08,717.0,1.36,1.59,0.87,148913,1445,2.3924,0.6518,0.15605,-0.555,0.0037
2026-09-08 20:22:00,717.92,2026-09-08,718.0,0.56,0.57,0.2,250791,1043,1.5291,0.4794,0.26311,-0.565,0.0039
2026-09-08 20:22:00,717.92,2026-09-08,719.0,0.06,0.07,0.01,424004,1083,0.9796,0.1331,0.22168,-0.065,0.0021
2026-09-08 20:22:00,717.92,2026-09-08,720.0,0.01,0.04,0.01,669987,3484,1.261,0.0482,0.08024,-0.025,0.001
2026-09-08 20:22:00,717.92,2026-09-08,721.0,0,0.03,0.01,405378,2038,1.4895,0.0186,0.03092,-0.01,0.0005
2026-09-08 20:22:00,717.92,2026-09-08,722.0,0,0.01,0.01,241401,1093,1.8932,0.015,0.02026,-0.01,0.0004
2026-09-08 20:22:00,717.92,2026-09-08,723.0,0,0.01,0.01,111372,1102,2.2857,0.0127,0.01451,-0.01,0.0003
2026-09-08 20:22:00,717.92,2026-09-08,724.0,0,0.01,0.01,79036,872,2.6695,0.0111,0.011,-0.01,0.0003
2026-09-08 20:23:00,717.92,2026-09-08,711.0,7.05,7.62,6.83,1201,475,,,,,
2026-09-08 20:23:00,717.92,2026-09-08,712.0,6.26,6.67,5.86,1312,746,,,,,
2026-09-08 20:23:00,717.92,2026-09-08,713.0,5.15,5.73,4.95,2379,1004,,,,,
2026-09-08 20:23:00,717.92,2026-09-08,714.0,4.21,4.73,3.96,5317,1011,4.824,0.7957,0.05937,-0.55,0.0028
2026-09-08 20:23:00,717.92,2026-09-08,715.0,3.29,3.62,2.9,18945,1504,4.0208,0.7696,0.07633,-0.535,0.003
2026-09-08 20:23:00,717.92,2026-09-08,716.0,2.29,2.72,1.9,51610,760,3.372,0.7184,0.10109,-0.585,0.0033
2026-09-08 20:23:00,717.92,2026-09-08,717.0,1.36,1.59,0.96,148921,1445,2.3924,0.6518,0.15605,-0.555,0.0037
2026-09-08 20:23:00,717.92,2026-09-08,718.0,0.56,0.57,0.2,251096,1043,1.5291,0.4794,0.26311,-0.565,0.0039
2026-09-08 20:23:00,717.92,2026-09-08,719.0,0.06,0.07,0.02,424020,1083,0.9796,0.1331,0.22168,-0.065,0.0021
2026-09-08 20:23:00,717.92,2026-09-08,720.0,0.01,0.04,0.01,669988,3484,1.261,0.0482,0.08024,-0.025,0.001
2026-09-08 20:23:00,717.92,2026-09-08,721.0,0,0.03,0.01,405379,2038,1.4895,0.0186,0.03092,-0.01,0.0005
2026-09-08 20:23:00,717.92,2026-09-08,722.0,0,0.01,0.01,241401,1093,1.8932,0.015,0.02026,-0.01,0.0004
2026-09-08 20:23:00,717.92,2026-09-08,723.0,0,0.01,0.01,111372,1102,2.2857,0.0127,0.01451,-0.01,0.0003
2026-09-08 20:23:00,717.92,2026-09-08,724.0,0,0.01,0.01,79036,872,2.6695,0.0111,0.011,-0.01,0.0003
2026-09-08 20:24:01,717.98,2026-09-08,711.0,7.05,7.62,6.83,1201,475,,,,,
2026-09-08 20:24:01,717.98,2026-09-08,712.0,6.26,6.67,5.89,1312,746,,,,,
2026-09-08 20:24:01,717.98,2026-09-08,713.0,5.15,5.73,4.98,2379,1004,,,,,
2026-09-08 20:24:01,717.98,2026-09-08,714.0,4.21,4.73,3.95,5317,1011,4.6496,0.8078,0.05934,-0.49,0.0027
2026-09-08 20:24:01,717.98,2026-09-08,715.0,3.29,3.62,2.9,18945,1504,3.8634,0.7832,0.07673,-0.475,0.0029
2026-09-08 20:24:01,717.98,2026-09-08,716.0,2.29,2.72,1.87,51610,760,3.2402,0.7324,0.10258,-0.525,0.0033
2026-09-08 20:24:01,717.98,2026-09-08,717.0,1.36,1.59,0.87,148923,1445,2.2833,0.6683,0.16048,-0.495,0.0036
2026-09-08 20:24:01,717.98,2026-09-08,718.0,0.56,0.57,0.2,251172,1043,1.4551,0.4949,0.27681,-0.565,0.004
2026-09-08 20:24:01,717.98,2026-09-08,719.0,0.06,0.07,0.01,424059,1083,0.9419,0.1374,0.23561,-0.065,0.0022
2026-09-08 20:24:01,717.98,2026-09-08,720.0,0.01,0.04,0.01,670028,3484,1.2318,0.0492,0.08346,-0.025,0.001
2026-09-08 20:24:01,717.98,2026-09-08,721.0,0,0.03,0.01,405379,2038,1.4647,0.0189,0.03184,-0.01,0.0005
2026-09-08 20:24:01,717.98,2026-09-08,722.0,0,0.01,0.01,241407,1093,1.8692,0.0152,0.02072,-0.01,0.0004
2026-09-08 20:24:01,717.98,2026-09-08,723.0,0,0.01,0.01,111372,1102,2.2622,0.0128,0.01477,-0.01,0.0003
2026-09-08 20:24:01,717.98,2026-09-08,724.0,0,0.01,0.01,79036,872,2.6464,0.0111,0.01117,-0.01,0.0003
2026-09-08 20:25:01,717.98,2026-09-08,711.0,7.05,7.62,6.83,1201,475,,,,,
2026-09-08 20:25:01,717.98,2026-09-08,712.0,6.26,6.67,5.89,1312,746,,,,,
2026-09-08 20:25:01,717.98,2026-09-08,713.0,5.15,5.73,4.98,2379,1004,,,,,
2026-09-08 20:25:01,717.98,2026-09-08,714.0,4.21,4.73,3.95,5329,1011,4.6496,0.8078,0.05934,-0.49,0.0027
2026-09-08 20:25:01,717.98,2026-09-08,715.0,3.29,3.62,2.9,18946,1504,3.8634,0.7832,0.07673,-0.475,0.0029
2026-09-08 20:25:01,717.98,2026-09-08,716.0,2.29,2.72,1.87,51665,760,3.2402,0.7324,0.10258,-0.525,0.0033
2026-09-08 20:25:01,717.98,2026-09-08,717.0,1.36,1.59,0.9,149008,1445,2.2833,0.6683,0.16048,-0.495,0.0036
2026-09-08 20:25:01,717.98,2026-09-08,718.0,0.56,0.57,0.2,254251,1043,1.4551,0.4949,0.27681,-0.565,0.004
2026-09-08 20:25:01,717.98,2026-09-08,719.0,0.06,0.07,0.02,424275,1083,0.9419,0.1374,0.23561,-0.065,0.0022
2026-09-08 20:25:01,717.98,2026-09-08,720.0,0.01,0.04,0.01,670030,3484,1.2318,0.0492,0.08346,-0.025,0.001
2026-09-08 20:25:01,717.98,2026-09-08,721.0,0,0.03,0.01,405580,2038,1.4647,0.0189,0.03184,-0.01,0.0005
2026-09-08 20:25:01,717.98,2026-09-08,722.0,0,0.01,0.01,241576,1093,1.8692,0.0152,0.02072,-0.01,0.0004
2026-09-08 20:25:01,717.98,2026-09-08,723.0,0,0.01,0.01,111472,1102,2.2622,0.0128,0.01477,-0.01,0.0003
2026-09-08 20:25:01,717.98,2026-09-08,724.0,0,0.01,0.01,79038,872,2.6464,0.0111,0.01117,-0.01,0.0003
2026-09-08 20:26:02,717.98,2026-09-08,711.0,7.05,7.62,6.83,1201,475,,,,,
2026-09-08 20:26:02,717.98,2026-09-08,712.0,6.26,6.67,5.89,1312,746,,,,,
2026-09-08 20:26:02,717.98,2026-09-08,713.0,5.15,5.73,4.98,2379,1004,,,,,
2026-09-08 20:26:02,717.98,2026-09-08,714.0,4.21,4.73,3.95,5329,1011,4.6496,0.8078,0.05934,-0.49,0.0027
2026-09-08 20:26:02,717.98,2026-09-08,715.0,3.29,3.62,2.96,18947,1504,3.8634,0.7832,0.07673,-0.475,0.0029
2026-09-08 20:26:02,717.98,2026-09-08,716.0,2.29,2.72,2.05,51666,760,3.2402,0.7324,0.10258,-0.525,0.0033
2026-09-08 20:26:02,717.98,2026-09-08,717.0,1.36,1.59,0.98,149018,1445,2.2833,0.6683,0.16048,-0.495,0.0036
2026-09-08 20:26:02,717.98,2026-09-08,718.0,0.56,0.57,0.22,254332,1043,1.4551,0.4949,0.27681,-0.565,0.004
2026-09-08 20:26:02,717.98,2026-09-08,719.0,0.06,0.07,0.01,424385,1083,0.9419,0.1374,0.23561,-0.065,0.0022
2026-09-08 20:26:02,717.98,2026-09-08,720.0,0.01,0.04,0.01,670030,3484,1.2318,0.0492,0.08346,-0.025,0.001
2026-09-08 20:26:02,717.98,2026-09-08,721.0,0,0.03,0.01,405580,2038,1.4647,0.0189,0.03184,-0.01,0.0005
2026-09-08 20:26:02,717.98,2026-09-08,722.0,0,0.01,0.01,241576,1093,1.8692,0.0152,0.02072,-0.01,0.0004
2026-09-08 20:26:02,717.98,2026-09-08,723.0,0,0.01,0.01,111613,1102,2.2622,0.0128,0.01477,-0.01,0.0003
2026-09-08 20:26:02,717.98,2026-09-08,724.0,0,0.01,0.01,79038,872,2.6464,0.0111,0.01117,-0.01,0.0003
2026-09-08 20:27:04,717.98,2026-09-08,711.0,7.05,7.62,6.83,1201,475,,,,,
2026-09-08 20:27:04,717.98,2026-09-08,712.0,6.26,6.67,5.89,1312,746,,,,,
2026-09-08 20:27:04,717.98,2026-09-08,713.0,5.15,5.73,4.98,2380,1004,,,,,
2026-09-08 20:27:04,717.98,2026-09-08,714.0,4.21,4.73,3.95,5329,1011,4.6496,0.8078,0.05934,-0.49,0.0027
2026-09-08 20:27:04,717.98,2026-09-08,715.0,3.29,3.62,3.04,18947,1504,3.8634,0.7832,0.07673,-0.475,0.0029
2026-09-08 20:27:04,717.98,2026-09-08,716.0,2.29,2.72,2.05,51666,760,3.2402,0.7324,0.10258,-0.525,0.0033
2026-09-08 20:27:04,717.98,2026-09-08,717.0,1.36,1.59,0.96,149022,1445,2.2833,0.6683,0.16048,-0.495,0.0036
2026-09-08 20:27:04,717.98,2026-09-08,718.0,0.56,0.57,0.23,254945,1043,1.4551,0.4949,0.27681,-0.565,0.004
2026-09-08 20:27:04,717.98,2026-09-08,719.0,0.06,0.07,0.01,424401,1083,0.9419,0.1374,0.23561,-0.065,0.0022
2026-09-08 20:27:04,717.98,2026-09-08,720.0,0.01,0.04,0.01,670030,3484,1.2318,0.0492,0.08346,-0.025,0.001
2026-09-08 20:27:04,717.98,2026-09-08,721.0,0,0.03,0.01,405581,2038,1.4647,0.0189,0.03184,-0.01,0.0005
2026-09-08 20:27:04,717.98,2026-09-08,722.0,0,0.01,0.01,241740,1093,1.8692,0.0152,0.02072,-0.01,0.0004
2026-09-08 20:27:04,717.98,2026-09-08,723.0,0,0.01,0.01,111623,1102,2.2622,0.0128,0.01477,-0.01,0.0003
2026-09-08 20:27:04,717.98,2026-09-08,724.0,0,0.01,0.01,79138,872,2.6464,0.0111,0.01117,-0.01,0.0003
2026-09-08 20:28:04,717.98,2026-09-08,711.0,7.05,7.62,6.83,1201,475,,,,,
2026-09-08 20:28:04,717.98,2026-09-08,712.0,6.26,6.67,5.89,1312,746,,,,,
2026-09-08 20:28:04,717.98,2026-09-08,713.0,5.15,5.73,4.88,2380,1004,,,,,
2026-09-08 20:28:04,717.98,2026-09-08,714.0,4.21,4.73,3.95,5329,1011,4.6496,0.8078,0.05934,-0.49,0.0027
2026-09-08 20:28:04,717.98,2026-09-08,715.0,3.29,3.62,3.04,18947,1504,3.8634,0.7832,0.07673,-0.475,0.0029
2026-09-08 20:28:04,717.98,2026-09-08,716.0,2.29,2.72,2.05,51666,760,3.2402,0.7324,0.10258,-0.525,0.0033
2026-09-08 20:28:04,717.98,2026-09-08,717.0,1.36,1.59,0.9,149022,1445,2.2833,0.6683,0.16048,-0.495,0.0036
2026-09-08 20:28:04,717.98,2026-09-08,718.0,0.56,0.57,0.2,255603,1043,1.4551,0.4949,0.27681,-0.565,0.004
2026-09-08 20:28:04,717.98,2026-09-08,719.0,0.06,0.07,0.01,424411,1083,0.9419,0.1374,0.23561,-0.065,0.0022
2026-09-08 20:28:04,717.98,2026-09-08,720.0,0.01,0.04,0.01,670037,3484,1.2318,0.0492,0.08346,-0.025,0.001
2026-09-08 20:28:04,717.98,2026-09-08,721.0,0,0.03,0.01,405581,2038,1.4647,0.0189,0.03184,-0.01,0.0005
2026-09-08 20:28:04,717.98,2026-09-08,722.0,0,0.01,0.01,241740,1093,1.8692,0.0152,0.02072,-0.01,0.0004
2026-09-08 20:28:04,717.98,2026-09-08,723.0,0,0.01,0.03,111623,1102,2.6706,0.0294,0.0253,-0.03,0.0007
2026-09-08 20:28:04,717.98,2026-09-08,724.0,0,0.01,0.01,79139,872,2.6464,0.0111,0.01117,-0.01,0.0003
2026-09-08 20:29:04,718.01,2026-09-08,712.0,6.26,6.67,5.89,1312,746,,,,,
2026-09-08 20:29:04,718.01,2026-09-08,713.0,5.15,5.73,4.88,2380,1004,,,,,
2026-09-08 20:29:04,718.01,2026-09-08,714.0,4.21,4.73,3.95,5329,1011,4.5587,0.8143,0.05926,-0.46,0.0026
2026-09-08 20:29:04,718.01,2026-09-08,715.0,3.29,3.62,3.04,18947,1504,3.7814,0.7905,0.07685,-0.445,0.0029
2026-09-08 20:29:04,718.01,2026-09-08,716.0,2.29,2.72,2.05,51666,760,3.172,0.7399,0.10328,-0.495,0.0032
2026-09-08 20:29:04,718.01,2026-09-08,717.0,1.36,1.59,0.88,149069,1445,2.2268,0.6772,0.16274,-0.465,0.0036
2026-09-08 20:29:04,718.01,2026-09-08,718.0,0.56,0.57,0.2,255800,1043,1.4172,0.5032,0.28422,-0.555,0.004
2026-09-08 20:29:04,718.01,2026-09-08,719.0,0.06,0.07,0.01,424422,1083,0.9229,0.1397,0.24316,-0.065,0.0022
2026-09-08 20:29:04,718.01,2026-09-08,720.0,0.01,0.04,0.01,670038,3484,1.2171,0.0497,0.08516,-0.025,0.001
2026-09-08 20:29:04,718.01,2026-09-08,721.0,0,0.03,0.01,405583,2038,1.4523,0.0191,0.03232,-0.01,0.0005
2026-09-08 20:29:04,718.01,2026-09-08,722.0,0,0.01,0.01,241750,1093,1.8571,0.0153,0.02095,-0.01,0.0004
2026-09-08 20:29:04,718.01,2026-09-08,723.0,0,0.01,0.03,111623,1102,2.6573,0.0295,0.02552,-0.03,0.0007
2026-09-08 20:29:04,718.01,2026-09-08,724.0,0,0.01,0.01,79139,872,2.6349,0.0112,0.01126,-0.01,0.0003
2026-09-08 20:29:04,718.01,2026-09-08,725.0,0,0.01,0.01,44670,2462,3.0123,0.0099,0.00887,-0.01,0.0003
2026-09-08 20:30:05,718.01,2026-09-08,712.0,6.26,6.67,5.89,1312,746,,,,,
2026-09-08 20:30:05,718.01,2026-09-08,713.0,5.15,5.73,4.88,2380,1004,,,,,
2026-09-08 20:30:05,718.01,2026-09-08,714.0,4.21,4.73,3.95,5329,1011,4.5587,0.8143,0.05926,-0.46,0.0026
2026-09-08 20:30:05,718.01,2026-09-08,715.0,3.29,3.62,3.04,18947,1504,3.7814,0.7905,0.07685,-0.445,0.0029
2026-09-08 20:30:05,718.01,2026-09-08,716.0,2.29,2.72,2.05,51666,760,3.172,0.7399,0.10328,-0.495,0.0032
2026-09-08 20:30:05,718.01,2026-09-08,717.0,1.36,1.59,0.98,149069,1445,2.2268,0.6772,0.16274,-0.465,0.0036
2026-09-08 20:30:05,718.01,2026-09-08,718.0,0.56,0.57,0.2,255800,1043,1.4172,0.5032,0.28422,-0.555,0.004
2026-09-08 20:30:05,718.01,2026-09-08,719.0,0.06,0.07,0.01,424422,1083,0.9229,0.1397,0.24316,-0.065,0.0022
2026-09-08 20:30:05,718.01,2026-09-08,720.0,0.01,0.04,0.01,670038,3484,1.2171,0.0497,0.08516,-0.025,0.001
2026-09-08 20:30:05,718.01,2026-09-08,721.0,0,0.03,0.01,405583,2038,1.4523,0.0191,0.03232,-0.01,0.0005
2026-09-08 20:30:05,718.01,2026-09-08,722.0,0,0.01,0.01,241750,1093,1.8571,0.0153,0.02095,-0.01,0.0004
2026-09-08 20:30:05,718.01,2026-09-08,723.0,0,0.01,0.03,111623,1102,2.6573,0.0295,0.02552,-0.03,0.0007
2026-09-08 20:30:05,718.01,2026-09-08,724.0,0,0.01,0.01,79139,872,2.6349,0.0112,0.01126,-0.01,0.0003
2026-09-08 20:30:05,718.01,2026-09-08,725.0,0,0.01,0.01,44670,2462,3.0123,0.0099,0.00887,-0.01,0.0003
