run_time,spot,expiration,strike,bid,ask,last,volume,open_interest,iv,delta,gamma,theta,vega
2026-09-01 19:15:15,707.53,2026-09-01,701.0,6.31,6.66,6.31,1258,93,,,,,
2026-09-01 19:15:15,707.53,2026-09-01,702.0,5.48,5.61,5.48,1634,223,0.3874,0.986,0.01408,-0.015,0.0023
2026-09-01 19:15:15,707.53,2026-09-01,703.0,4.49,4.51,4.49,3179,268,,,,,
2026-09-01 19:15:15,707.53,2026-09-01,704.0,3.39,3.65,3.39,13498,498,,,,,
2026-09-01 19:15:15,707.53,2026-09-01,705.0,2.48,2.61,2.48,43693,1072,0.1989,0.9747,0.04543,-0.015,0.0038
2026-09-01 19:15:15,707.53,2026-09-01,706.0,1.66,1.73,1.66,98503,353,0.2561,0.8209,0.15644,-0.165,0.0171
2026-09-01 19:15:15,707.53,2026-09-01,707.0,0.96,0.98,0.96,188576,456,0.2575,0.6248,0.22563,-0.44,0.0248
2026-09-01 19:15:15,707.53,2026-09-01,708.0,0.43,0.48,0.43,341738,631,0.2544,0.3897,0.23101,-0.455,0.025
2026-09-01 19:15:15,707.53,2026-09-01,709.0,0.18,0.19,0.18,377177,500,0.2615,0.1956,0.1618,-0.185,0.018
2026-09-01 19:15:15,707.53,2026-09-01,710.0,0.07,0.08,0.07,383607,3008,0.2797,0.0889,0.08812,-0.075,0.0105
2026-09-01 19:15:15,707.53,2026-09-01,711.0,0.04,0.05,0.04,280572,425,0.3236,0.0509,0.04953,-0.045,0.0068
2026-09-01 19:15:15,707.53,2026-09-01,712.0,0.01,0.02,0.01,243358,397,0.329,0.0191,0.02172,-0.015,0.003
2026-09-01 19:15:15,707.53,2026-09-01,713.0,0.03,0.04,0.03,120812,567,0.4463,0.0309,0.02395,-0.035,0.0046
2026-09-01 19:15:15,707.53,2026-09-01,714.0,0.03,0.04,0.02,74165,591,0.5128,0.0274,0.01884,-0.035,0.0041
2026-09-01 19:16:16,707.57,2026-09-01,701.0,6.46,6.67,6.48,1258,93,,,,,
2026-09-01 19:16:16,707.57,2026-09-01,702.0,5.41,5.63,5.46,1634,223,,,,,
2026-09-01 19:16:16,707.57,2026-09-01,703.0,4.46,4.66,4.42,3183,268,,,,,
2026-09-01 19:16:16,707.57,2026-09-01,704.0,3.46,3.63,3.45,13581,498,,,,,
2026-09-01 19:16:16,707.57,2026-09-01,705.0,2.56,2.62,2.49,44025,1072,0.2158,0.9679,0.05163,-0.02,0.0046
2026-09-01 19:16:16,707.57,2026-09-01,706.0,1.62,1.7,1.62,99775,353,0.214,0.873,0.15069,-0.09,0.0134
2026-09-01 19:16:16,707.57,2026-09-01,707.0,0.91,0.92,0.91,190544,456,0.2272,0.6524,0.25201,-0.345,0.0238
2026-09-01 19:16:16,707.57,2026-09-01,708.0,0.4,0.41,0.44,343249,631,0.2308,0.3875,0.2571,-0.405,0.0247
2026-09-01 19:16:16,707.57,2026-09-01,709.0,0.17,0.18,0.13,378014,500,0.2545,0.193,0.16678,-0.175,0.0177
2026-09-01 19:16:16,707.57,2026-09-01,710.0,0.03,0.04,0.04,383874,3008,0.2343,0.0546,0.07318,-0.035,0.0071
2026-09-01 19:16:16,707.57,2026-09-01,711.0,0.04,0.05,0.04,280660,425,0.3243,0.0513,0.0503,-0.045,0.0068
2026-09-01 19:16:16,707.57,2026-09-01,712.0,0.03,0.04,0.03,243361,397,0.3797,0.036,0.03226,-0.035,0.0051
2026-09-01 19:16:16,707.57,2026-09-01,713.0,0.01,0.02,0.01,120825,567,0.3927,0.0165,0.01623,-0.015,0.0027
2026-09-01 19:16:16,707.57,2026-09-01,714.0,0.01,0.04,0.01,74180,591,0.489,0.0214,0.01626,-0.025,0.0033
2026-09-01 19:17:17,707.39,2026-09-01,701.0,6.23,6.55,6.48,1258,93,,,,,
2026-09-01 19:17:17,707.39,2026-09-01,702.0,5.22,5.43,5.46,1635,223,,,,,
2026-09-01 19:17:17,707.39,2026-09-01,703.0,4.26,4.45,4.25,3234,268,,,,,
2026-09-01 19:17:17,707.39,2026-09-01,704.0,3.49,3.57,3.47,13617,498,0.4229,0.897,0.06649,-0.135,0.0114
2026-09-01 19:17:17,707.39,2026-09-01,705.0,2.48,2.55,2.45,44371,1072,0.3182,0.882,0.09743,-0.12,0.0126
2026-09-01 19:17:17,707.39,2026-09-01,706.0,1.6,1.66,1.65,100316,353,0.2862,0.7786,0.16278,-0.235,0.0189
2026-09-01 19:17:17,707.39,2026-09-01,707.0,0.89,0.9,0.89,191966,456,0.2665,0.593,0.22834,-0.5,0.0247
2026-09-01 19:17:17,707.39,2026-09-01,708.0,0.39,0.4,0.39,344529,631,0.2564,0.3567,0.22811,-0.395,0.0238
2026-09-01 19:17:17,707.39,2026-09-01,709.0,0.12,0.17,0.12,378571,500,0.2583,0.1659,0.15121,-0.145,0.0159
2026-09-01 19:17:17,707.39,2026-09-01,710.0,0.02,0.03,0.06,383971,3008,0.2345,0.0413,0.0591,-0.025,0.0056
2026-09-01 19:17:17,707.39,2026-09-01,711.0,0.01,0.02,0.04,280672,425,0.2809,0.0225,0.02985,-0.015,0.0034
2026-09-01 19:17:17,707.39,2026-09-01,712.0,0.01,0.02,0.03,243407,397,0.3454,0.0187,0.02078,-0.015,0.0029
2026-09-01 19:17:17,707.39,2026-09-01,713.0,0.03,0.04,0.02,120926,567,0.4662,0.0304,0.02314,-0.035,0.0044
2026-09-01 19:17:17,707.39,2026-09-01,714.0,0.03,0.04,0.01,74182,591,0.534,0.027,0.01829,-0.035,0.004
2026-09-01 19:18:17,707.48,2026-09-01,701.0,6.2,6.4,6.48,1258,93,,,,,
2026-09-01 19:18:17,707.48,2026-09-01,702.0,5.28,5.55,5.18,1638,223,,,,,
2026-09-01 19:18:17,707.48,2026-09-01,703.0,4.36,4.57,4.36,3264,268,,,,,
2026-09-01 19:18:17,707.48,2026-09-01,704.0,3.42,3.48,3.44,13659,498,,,,,
2026-09-01 19:18:17,707.48,2026-09-01,705.0,2.42,2.56,2.51,44673,1072,0.2027,0.974,0.04721,-0.015,0.0038
2026-09-01 19:18:17,707.48,2026-09-01,706.0,1.63,1.67,1.63,101321,353,0.2653,0.8121,0.16118,-0.175,0.017
2026-09-01 19:18:17,707.48,2026-09-01,707.0,0.86,0.92,0.87,195140,456,0.2476,0.6206,0.24386,-0.415,0.024
2026-09-01 19:18:17,707.48,2026-09-01,708.0,0.37,0.42,0.37,346266,631,0.2472,0.3691,0.2422,-0.395,0.0238
2026-09-01 19:18:17,707.48,2026-09-01,709.0,0.11,0.16,0.11,379489,500,0.2466,0.1642,0.15919,-0.135,0.0156
2026-09-01 19:18:17,707.48,2026-09-01,710.0,0.06,0.07,0.06,384285,3008,0.2843,0.0801,0.08307,-0.065,0.0094
2026-09-01 19:18:17,707.48,2026-09-01,711.0,0.04,0.05,0.04,280706,425,0.3394,0.0504,0.04849,-0.045,0.0065
2026-09-01 19:18:17,707.48,2026-09-01,712.0,0.01,0.04,0.01,243456,397,0.3733,0.0278,0.02712,-0.025,0.004
2026-09-01 19:18:17,707.48,2026-09-01,713.0,0.01,0.02,0.03,120944,567,0.4081,0.0163,0.01581,-0.015,0.0026
2026-09-01 19:18:17,707.48,2026-09-01,714.0,0.03,0.04,0.01,74182,591,0.535,0.0272,0.01861,-0.035,0.004
2026-09-01 19:19:18,707.48,2026-09-01,701.0,6.42,6.57,6.48,1258,93,0.4672,0.9875,0.01114,-0.015,0.002
2026-09-01 19:19:18,707.48,2026-09-01,702.0,5.36,5.47,5.36,1646,223,,,,,
2026-09-01 19:19:18,707.48,2026-09-01,703.0,4.29,4.55,4.3,3275,268,,,,,
2026-09-01 19:19:18,707.48,2026-09-01,704.0,3.32,3.5,3.41,13789,498,,,,,
2026-09-01 19:19:18,707.48,2026-09-01,705.0,2.49,2.55,2.44,44904,1072,0.2519,0.9437,0.07225,-0.04,0.0071
2026-09-01 19:19:18,707.48,2026-09-01,706.0,1.65,1.66,1.65,103442,353,0.2692,0.8124,0.16068,-0.175,0.0168
2026-09-01 19:19:18,707.48,2026-09-01,707.0,0.88,0.95,0.88,200261,456,0.2599,0.6177,0.23574,-0.435,0.0237
2026-09-01 19:19:18,707.48,2026-09-01,708.0,0.38,0.43,0.38,349076,631,0.2537,0.372,0.23949,-0.405,0.0235
2026-09-01 19:19:18,707.48,2026-09-01,709.0,0.12,0.13,0.12,380776,500,0.2426,0.158,0.15978,-0.125,0.015
2026-09-01 19:19:18,707.48,2026-09-01,710.0,0.02,0.03,0.06,384839,3008,0.2338,0.0422,0.06186,-0.025,0.0056
2026-09-01 19:19:18,707.48,2026-09-01,711.0,0.01,0.05,0.03,280861,425,0.3173,0.038,0.0418,-0.03,0.0051
2026-09-01 19:19:18,707.48,2026-09-01,712.0,0.03,0.04,0.03,243559,397,0.4002,0.0355,0.03136,-0.035,0.0049
2026-09-01 19:19:18,707.48,2026-09-01,713.0,0.03,0.04,0.03,121081,567,0.4715,0.0307,0.02364,-0.035,0.0043
2026-09-01 19:19:18,707.48,2026-09-01,714.0,0.03,0.04,0.01,74301,591,0.5412,0.0272,0.01863,-0.035,0.0039
2026-09-01 19:20:18,707.4,2026-09-01,701.0,6.16,6.48,6.48,1258,93,,,,,
2026-09-01 19:20:18,707.4,2026-09-01,702.0,5.18,5.52,5.4,1646,223,,,,,
2026-09-01 19:20:18,707.4,2026-09-01,703.0,4.35,4.49,4.19,3277,268,0.3562,0.9782,0.02377,-0.02,0.0032
2026-09-01 19:20:18,707.4,2026-09-01,704.0,3.28,3.44,3.28,13842,498,,,,,
2026-09-01 19:20:18,707.4,2026-09-01,705.0,2.4,2.57,2.39,45047,1072,0.2998,0.9044,0.09213,-0.085,0.0104
2026-09-01 19:20:18,707.4,2026-09-01,706.0,1.62,1.66,1.53,104508,353,0.3004,0.7768,0.16168,-0.24,0.0184
2026-09-01 19:20:18,707.4,2026-09-01,707.0,0.84,0.86,0.84,202584,456,0.2563,0.6012,0.24498,-0.45,0.0237
2026-09-01 19:20:18,707.4,2026-09-01,708.0,0.35,0.4,0.39,351602,631,0.2565,0.3528,0.23562,-0.375,0.0228
2026-09-01 19:20:18,707.4,2026-09-01,709.0,0.12,0.17,0.15,381173,500,0.2675,0.1662,0.15166,-0.145,0.0153
2026-09-01 19:20:18,707.4,2026-09-01,710.0,0.06,0.07,0.06,385551,3008,0.298,0.0786,0.08011,-0.065,0.009
2026-09-01 19:20:18,707.4,2026-09-01,711.0,0.04,0.05,0.04,280941,425,0.3538,0.0496,0.04714,-0.045,0.0063
2026-09-01 19:20:18,707.4,2026-09-01,712.0,0.01,0.02,0.01,243568,397,0.358,0.0187,0.02081,-0.015,0.0028
2026-09-01 19:20:18,707.4,2026-09-01,713.0,0.01,0.04,0.03,121082,567,0.4572,0.0237,0.01991,-0.025,0.0034
2026-09-01 19:20:18,707.4,2026-09-01,714.0,0.01,0.02,0.03,74302,591,0.4872,0.0142,0.01209,-0.015,0.0022
2026-09-01 19:21:20,707.18,2026-09-01,701.0,6.06,6.42,6.15,1273,93,0.5863,0.9598,0.02431,-0.06,0.0052
2026-09-01 19:21:20,707.18,2026-09-01,702.0,5.06,5.23,5.4,1650,223,,,,,
2026-09-01 19:21:20,707.18,2026-09-01,703.0,4.18,4.33,4.14,3281,268,0.4494,0.9384,0.04464,-0.075,0.0074
2026-09-01 19:21:20,707.18,2026-09-01,704.0,3.1,3.27,3.1,13886,498,0.2124,0.9934,0.01441,-0.005,0.0011
2026-09-01 19:21:20,707.18,2026-09-01,705.0,2.26,2.32,2.2,45277,1072,0.3052,0.8815,0.10716,-0.11,0.012
2026-09-01 19:21:20,707.18,2026-09-01,706.0,1.44,1.48,1.44,105596,353,0.2977,0.7443,0.17812,-0.28,0.0195
2026-09-01 19:21:20,707.18,2026-09-01,707.0,0.72,0.77,0.72,205060,456,0.2686,0.545,0.24333,-0.565,0.024
2026-09-01 19:21:20,707.18,2026-09-01,708.0,0.29,0.34,0.3,353282,631,0.2656,0.3063,0.21792,-0.315,0.0213
2026-09-01 19:21:20,707.18,2026-09-01,709.0,0.08,0.09,0.09,381777,500,0.2495,0.1153,0.12853,-0.085,0.0118
2026-09-01 19:21:20,707.18,2026-09-01,710.0,0.01,0.02,0.02,385761,3008,0.2405,0.027,0.0427,-0.015,0.0038
2026-09-01 19:21:20,707.18,2026-09-01,711.0,0.04,0.05,0.02,280959,425,0.376,0.0476,0.04352,-0.045,0.006
2026-09-01 19:21:20,707.18,2026-09-01,712.0,0.01,0.04,0.03,243576,397,0.4089,0.0265,0.02476,-0.025,0.0037
2026-09-01 19:21:20,707.18,2026-09-01,713.0,0.01,0.04,0.03,121153,567,0.4786,0.0231,0.01882,-0.025,0.0033
2026-09-01 19:21:20,707.18,2026-09-01,714.0,0.03,0.04,0.03,74424,591,0.5767,0.0263,0.01746,-0.035,0.0037
2026-09-01 19:22:21,707.21,2026-09-01,701.0,6.08,6.43,6.2,1273,93,0.565,0.9677,0.0214,-0.045,0.0043
2026-09-01 19:22:21,707.21,2026-09-01,702.0,5.2,5.27,5.16,1663,223,0.4393,0.9768,0.02087,-0.025,0.0033
2026-09-01 19:22:21,707.21,2026-09-01,703.0,4.17,4.37,4.17,3295,268,0.4361,0.9475,0.04111,-0.06,0.0064
2026-09-01 19:22:21,707.21,2026-09-01,704.0,3.22,3.38,3.22,13937,498,0.3884,0.9173,0.06561,-0.09,0.0091
2026-09-01 19:22:21,707.21,2026-09-01,705.0,2.26,2.38,2.26,45439,1072,0.3123,0.8824,0.10555,-0.11,0.0118
2026-09-01 19:22:21,707.21,2026-09-01,706.0,1.39,1.46,1.5,106161,353,0.2708,0.7733,0.18586,-0.215,0.018
2026-09-01 19:22:21,707.21,2026-09-01,707.0,0.73,0.78,0.78,207027,456,0.2695,0.5528,0.24518,-0.545,0.0237
2026-09-01 19:22:21,707.21,2026-09-01,708.0,0.35,0.36,0.36,355149,631,0.2835,0.3217,0.21124,-0.355,0.0214
2026-09-01 19:22:21,707.21,2026-09-01,709.0,0.13,0.14,0.14,383176,500,0.2886,0.1509,0.13553,-0.135,0.014
2026-09-01 19:22:21,707.21,2026-09-01,710.0,0.01,0.02,0.02,385993,3008,0.2415,0.0272,0.04336,-0.015,0.0038
2026-09-01 19:22:21,707.21,2026-09-01,711.0,0.04,0.05,0.04,280968,425,0.3786,0.0479,0.04398,-0.045,0.006
2026-09-01 19:22:21,707.21,2026-09-01,712.0,0.03,0.04,0.01,243576,397,0.4365,0.034,0.0289,-0.035,0.0045
2026-09-01 19:22:21,707.21,2026-09-01,713.0,0.01,0.02,0.01,121156,567,0.4474,0.0157,0.01474,-0.015,0.0024
2026-09-01 19:22:21,707.21,2026-09-01,714.0,0.01,0.02,0.01,74425,591,0.5127,0.0139,0.01158,-0.015,0.0021
2026-09-01 19:23:22,707.42,2026-09-01,701.0,6.25,6.53,6.32,1279,93,,,,,
2026-09-01 19:23:22,707.42,2026-09-01,702.0,5.36,5.52,5.17,1663,223,0.4434,0.9813,0.0175,-0.02,0.0027
2026-09-01 19:23:22,707.42,2026-09-01,703.0,4.41,4.64,4.37,3298,268,0.5214,0.9254,0.04576,-0.105,0.0083
2026-09-01 19:23:22,707.42,2026-09-01,704.0,3.41,3.58,3.41,14061,498,0.395,0.9295,0.05786,-0.075,0.008
2026-09-01 19:23:22,707.42,2026-09-01,705.0,2.43,2.57,2.42,45670,1072,0.309,0.9084,0.09018,-0.08,0.0097
2026-09-01 19:23:22,707.42,2026-09-01,706.0,1.62,1.63,1.57,106817,353,0.2949,0.7935,0.16384,-0.205,0.0169
2026-09-01 19:23:22,707.42,2026-09-01,707.0,0.87,0.88,0.87,208974,456,0.2726,0.6039,0.23939,-0.455,0.0228
2026-09-01 19:23:22,707.42,2026-09-01,708.0,0.41,0.42,0.41,356391,631,0.2819,0.3647,0.22576,-0.415,0.0222
2026-09-01 19:23:22,707.42,2026-09-01,709.0,0.15,0.16,0.11,383975,500,0.2829,0.173,0.15319,-0.155,0.0151
2026-09-01 19:23:22,707.42,2026-09-01,710.0,0.06,0.07,0.06,386106,3008,0.3084,0.079,0.08087,-0.065,0.0087
2026-09-01 19:23:22,707.42,2026-09-01,711.0,0.04,0.05,0.02,281036,425,0.3667,0.0498,0.04749,-0.045,0.0061
2026-09-01 19:23:22,707.42,2026-09-01,712.0,0.03,0.04,0.01,243579,397,0.4264,0.0351,0.03078,-0.035,0.0046
2026-09-01 19:23:22,707.42,2026-09-01,713.0,0.01,0.02,0.01,121158,567,0.4393,0.0162,0.01558,-0.015,0.0024
2026-09-01 19:23:22,707.42,2026-09-01,714.0,0.03,0.04,0.02,74435,591,0.5749,0.027,0.01838,-0.035,0.0037
2026-09-01 19:24:22,707.4,2026-09-01,701.0,6.44,6.59,6.33,1299,93,0.7196,0.9379,0.02919,-0.115,0.0071
2026-09-01 19:24:22,707.4,2026-09-01,702.0,5.34,5.55,5.46,1670,223,0.5175,0.9642,0.02613,-0.045,0.0046
2026-09-01 19:24:22,707.4,2026-09-01,703.0,4.41,4.55,4.51,3312,268,0.4945,0.9377,0.04262,-0.08,0.0071
2026-09-01 19:24:22,707.4,2026-09-01,704.0,3.34,3.49,3.35,14064,498,0.2879,0.9791,0.02998,-0.015,0.0029
2026-09-01 19:24:22,707.4,2026-09-01,705.0,2.4,2.59,2.5,45733,1072,0.3265,0.8974,0.09405,-0.095,0.0104
2026-09-01 19:24:22,707.4,2026-09-01,706.0,1.59,1.64,1.59,107256,353,0.3026,0.7875,0.1647,-0.215,0.0169
2026-09-01 19:24:22,707.4,2026-09-01,707.0,0.87,0.89,0.83,210480,456,0.284,0.5965,0.23414,-0.48,0.0226
2026-09-01 19:24:22,707.4,2026-09-01,708.0,0.38,0.39,0.38,358925,631,0.2754,0.3551,0.23218,-0.385,0.0217
2026-09-01 19:24:22,707.4,2026-09-01,709.0,0.15,0.16,0.12,384230,500,0.2892,0.1719,0.15135,-0.155,0.0148
2026-09-01 19:24:22,707.4,2026-09-01,710.0,0.06,0.07,0.06,386292,3008,0.3145,0.0786,0.0801,-0.065,0.0085
2026-09-01 19:24:22,707.4,2026-09-01,711.0,0.01,0.05,0.04,281073,425,0.3455,0.0374,0.04051,-0.03,0.0047
2026-09-01 19:24:22,707.4,2026-09-01,712.0,0.03,0.04,0.03,243586,397,0.434,0.035,0.03059,-0.035,0.0045
2026-09-01 19:24:22,707.4,2026-09-01,713.0,0.03,0.04,0.03,121173,567,0.5101,0.0304,0.02316,-0.035,0.004
2026-09-01 19:24:22,707.4,2026-09-01,714.0,0.01,0.02,0.03,74492,591,0.5142,0.0142,0.01209,-0.015,0.0021
2026-09-01 19:25:23,707.52,2026-09-01,701.0,6.37,6.6,6.33,1299,93,,,,,
2026-09-01 19:25:23,707.52,2026-09-01,702.0,5.38,5.64,5.37,1671,223,,,,,
2026-09-01 19:25:23,707.52,2026-09-01,703.0,4.36,4.72,4.39,3317,268,0.3911,0.9784,0.02302,-0.02,0.003
2026-09-01 19:25:23,707.52,2026-09-01,704.0,3.48,3.62,3.47,14096,498,0.3418,0.9641,0.04019,-0.03,0.0045
2026-09-01 19:25:23,707.52,2026-09-01,705.0,2.57,2.65,2.59,45857,1072,0.3382,0.9036,0.08796,-0.09,0.0098
2026-09-01 19:25:23,707.52,2026-09-01,706.0,1.65,1.68,1.65,107953,353,0.2768,0.8314,0.15837,-0.145,0.0145
2026-09-01 19:25:23,707.52,2026-09-01,707.0,0.95,0.96,0.95,214067,456,0.2889,0.624,0.2288,-0.435,0.0218
2026-09-01 19:25:23,707.52,2026-09-01,708.0,0.42,0.43,0.42,360886,631,0.2774,0.3825,0.23954,-0.425,0.0219
2026-09-01 19:25:23,707.52,2026-09-01,709.0,0.15,0.16,0.15,384611,500,0.2792,0.1788,0.16301,-0.155,0.015
2026-09-01 19:25:23,707.52,2026-09-01,710.0,0.02,0.07,0.06,386615,3008,0.2825,0.0638,0.07703,-0.045,0.0072
2026-09-01 19:25:23,707.52,2026-09-01,711.0,0.04,0.05,0.03,281084,425,0.3687,0.0508,0.04933,-0.045,0.006
2026-09-01 19:25:23,707.52,2026-09-01,712.0,0.03,0.04,0.01,243599,397,0.4308,0.0357,0.03175,-0.035,0.0045
2026-09-01 19:25:23,707.52,2026-09-01,713.0,0.03,0.04,0.03,121202,567,0.5083,0.0309,0.02389,-0.035,0.004
2026-09-01 19:25:23,707.52,2026-09-01,714.0,0.01,0.02,0.03,74503,591,0.5134,0.0144,0.01243,-0.015,0.0021
2026-09-01 19:26:25,707.36,2026-09-01,701.0,6.43,6.46,6.33,1299,93,0.6911,0.9493,0.02668,-0.085,0.0059
2026-09-01 19:26:25,707.36,2026-09-01,702.0,5.26,5.53,5.37,1671,223,0.506,0.9702,0.02367,-0.035,0.0038
2026-09-01 19:26:25,707.36,2026-09-01,703.0,4.42,4.5,4.39,3329,268,0.5329,0.9271,0.04599,-0.1,0.0078
2026-09-01 19:26:25,707.36,2026-09-01,704.0,3.28,3.52,3.41,14102,498,0.3541,0.954,0.04822,-0.04,0.0055
2026-09-01 19:26:25,707.36,2026-09-01,705.0,2.41,2.6,2.47,46052,1072,0.3769,0.8669,0.10091,-0.145,0.0122
2026-09-01 19:26:25,707.36,2026-09-01,706.0,1.56,1.57,1.6,108886,353,0.3004,0.7892,0.17003,-0.205,0.0163
2026-09-01 19:26:25,707.36,2026-09-01,707.0,0.85,0.86,0.86,217899,456,0.2919,0.5873,0.23591,-0.495,0.022
2026-09-01 19:26:25,707.36,2026-09-01,708.0,0.36,0.37,0.37,364421,631,0.2808,0.3443,0.23193,-0.365,0.0208
2026-09-01 19:26:25,707.36,2026-09-01,709.0,0.1,0.15,0.15,386484,500,0.2809,0.1517,0.14793,-0.125,0.0133
2026-09-01 19:26:25,707.36,2026-09-01,710.0,0.06,0.07,0.06,387214,3008,0.3278,0.0779,0.07859,-0.065,0.0082
2026-09-01 19:26:25,707.36,2026-09-01,711.0,0.04,0.05,0.04,281313,425,0.3881,0.0493,0.04644,-0.045,0.0058
2026-09-01 19:26:25,707.36,2026-09-01,712.0,0.01,0.04,0.01,243797,397,0.4249,0.0273,0.02615,-0.025,0.0036
2026-09-01 19:26:25,707.36,2026-09-01,713.0,0.03,0.04,0.03,121208,567,0.5285,0.0303,0.02293,-0.035,0.0039
2026-09-01 19:26:25,707.36,2026-09-01,714.0,0.03,0.04,0.03,74504,591,0.605,0.0269,0.01815,-0.035,0.0035
2026-09-01 19:27:25,707.42,2026-09-01,701.0,6.31,6.52,6.33,1299,93,,,,,
2026-09-01 19:27:25,707.42,2026-09-01,702.0,5.33,5.58,5.36,1673,223,0.5187,0.9704,0.02331,-0.035,0.0037
2026-09-01 19:27:25,707.42,2026-09-01,703.0,4.37,4.57,4.37,3332,268,0.4696,0.9552,0.03609,-0.05,0.0053
2026-09-01 19:27:25,707.42,2026-09-01,704.0,3.4,3.46,3.38,14106,498,0.2826,0.9854,0.02351,-0.01,0.0021
2026-09-01 19:27:25,707.42,2026-09-01,705.0,2.37,2.5,2.36,46422,1072,0.2266,0.9728,0.0497,-0.015,0.0035
2026-09-01 19:27:25,707.42,2026-09-01,706.0,1.57,1.58,1.57,109084,353,0.2802,0.8194,0.16849,-0.155,0.0146
2026-09-01 19:27:25,707.42,2026-09-01,707.0,0.84,0.86,0.84,218985,456,0.2774,0.608,0.24867,-0.43,0.0214
2026-09-01 19:27:25,707.42,2026-09-01,708.0,0.32,0.33,0.35,366876,631,0.2555,0.3427,0.2583,-0.325,0.0205
2026-09-01 19:27:25,707.42,2026-09-01,709.0,0.13,0.14,0.1,387016,500,0.2857,0.1611,0.15366,-0.135,0.0136
2026-09-01 19:27:25,707.42,2026-09-01,710.0,0.02,0.03,0.06,387716,3008,0.2665,0.0415,0.05987,-0.025,0.0049
2026-09-01 19:27:25,707.42,2026-09-01,711.0,0.01,0.02,0.04,281373,425,0.3198,0.0226,0.03015,-0.015,0.003
2026-09-01 19:27:25,707.42,2026-09-01,712.0,0.01,0.02,0.03,243801,397,0.3938,0.0188,0.02094,-0.015,0.0026
2026-09-01 19:27:25,707.42,2026-09-01,713.0,0.03,0.04,0.03,121439,567,0.5319,0.0305,0.02328,-0.035,0.0038
2026-09-01 19:27:25,707.42,2026-09-01,714.0,0,0.01,0.03,74505,591,0.5946,0.0241,0.01713,-0.03,0.0032
2026-09-01 19:28:26,707.37,2026-09-01,701.0,6.22,6.53,6.33,1299,93,0.4435,0.9958,0.0051,-0.005,0.0007
2026-09-01 19:28:26,707.37,2026-09-01,702.0,5.2,5.42,5.36,1684,223,,,,,
2026-09-01 19:28:26,707.37,2026-09-01,703.0,4.2,4.44,4.3,3335,268,,,,,
2026-09-01 19:28:26,707.37,2026-09-01,704.0,3.28,3.47,3.34,14109,498,0.2514,0.9929,0.01425,-0.005,0.0011
2026-09-01 19:28:26,707.37,2026-09-01,705.0,2.46,2.55,2.34,46612,1072,0.3814,0.8724,0.09988,-0.135,0.0114
2026-09-01 19:28:26,707.37,2026-09-01,706.0,1.55,1.63,1.56,109340,353,0.3207,0.783,0.16711,-0.22,0.0161
2026-09-01 19:28:26,707.37,2026-09-01,707.0,0.81,0.86,0.82,220261,456,0.289,0.5933,0.24495,-0.465,0.0213
2026-09-01 19:28:26,707.37,2026-09-01,708.0,0.32,0.37,0.37,369354,631,0.278,0.3405,0.24061,-0.345,0.0201
2026-09-01 19:28:26,707.37,2026-09-01,709.0,0.08,0.09,0.13,387511,500,0.2554,0.1229,0.14529,-0.085,0.0111
2026-09-01 19:28:26,707.37,2026-09-01,710.0,0.01,0.06,0.04,387871,3008,0.2938,0.0518,0.06585,-0.035,0.0058
2026-09-01 19:28:26,707.37,2026-09-01,711.0,0.01,0.05,0.02,281432,425,0.3696,0.0371,0.04004,-0.03,0.0044
2026-09-01 19:28:26,707.37,2026-09-01,712.0,0.01,0.02,0.02,243802,397,0.4038,0.0186,0.02061,-0.015,0.0025
2026-09-01 19:28:26,707.37,2026-09-01,713.0,0.01,0.04,0.01,121439,567,0.515,0.0236,0.01975,-0.025,0.0031
2026-09-01 19:28:26,707.37,2026-09-01,714.0,0,0.03,0.01,74508,591,0.5197,0.0103,0.00963,-0.01,0.0015
2026-09-01 19:29:26,707.59,2026-09-01,701.0,6.67,6.8,6.33,1300,93,0.8386,0.9288,0.03006,-0.145,0.0073
2026-09-01 19:29:26,707.59,2026-09-01,702.0,5.49,5.7,5.47,1700,223,0.4015,0.9952,0.00638,-0.005,0.0007
2026-09-01 19:29:26,707.59,2026-09-01,703.0,4.66,4.8,4.3,3336,268,0.6315,0.9122,0.04679,-0.14,0.0086
2026-09-01 19:29:26,707.59,2026-09-01,704.0,3.56,3.82,3.41,14119,498,0.4819,0.9173,0.05865,-0.1,0.0082
2026-09-01 19:29:26,707.59,2026-09-01,705.0,2.66,2.82,2.75,46690,1072,0.4259,0.8711,0.09152,-0.15,0.0113
2026-09-01 19:29:26,707.59,2026-09-01,706.0,1.78,1.79,1.73,109600,353,0.3389,0.8086,0.14907,-0.195,0.0147
2026-09-01 19:29:26,707.59,2026-09-01,707.0,0.95,1,0.95,221406,456,0.2955,0.6452,0.23346,-0.385,0.0201
2026-09-01 19:29:26,707.59,2026-09-01,708.0,0.39,0.44,0.43,371215,631,0.2773,0.3929,0.25699,-0.415,0.0207
2026-09-01 19:29:26,707.59,2026-09-01,709.0,0.16,0.17,0.15,388342,500,0.2952,0.1888,0.16975,-0.165,0.0146
2026-09-01 19:29:26,707.59,2026-09-01,710.0,0.06,0.07,0.05,388169,3008,0.3207,0.0825,0.08795,-0.065,0.0082
2026-09-01 19:29:26,707.59,2026-09-01,711.0,0.01,0.02,0.02,281461,425,0.3169,0.0234,0.03238,-0.015,0.003
2026-09-01 19:29:26,707.59,2026-09-01,712.0,0.03,0.04,0.03,243844,397,0.4526,0.0361,0.03245,-0.035,0.0043
2026-09-01 19:29:26,707.59,2026-09-01,713.0,0.03,0.04,0.03,121441,567,0.5352,0.0312,0.02433,-0.035,0.0038
2026-09-01 19:29:26,707.59,2026-09-01,714.0,0,0.01,0.01,74508,591,0.5128,0.0106,0.01015,-0.01,0.0015
2026-09-01 19:30:27,707.51,2026-09-01,701.0,6.35,6.66,6.55,1300,93,,,,,
2026-09-01 19:30:27,707.51,2026-09-01,702.0,5.35,5.66,5.62,1710,223,,,,,
2026-09-01 19:30:27,707.51,2026-09-01,703.0,4.4,4.56,4.56,3338,268,,,,,
2026-09-01 19:30:27,707.51,2026-09-01,704.0,3.45,3.68,3.6,14149,498,0.4186,0.9437,0.05101,-0.055,0.006
2026-09-01 19:30:27,707.51,2026-09-01,705.0,2.52,2.63,2.63,46859,1072,0.3356,0.9214,0.0824,-0.065,0.0078
2026-09-01 19:30:27,707.51,2026-09-01,706.0,1.6,1.67,1.72,110245,353,0.2832,0.8434,0.15971,-0.125,0.0127
2026-09-01 19:30:27,707.51,2026-09-01,707.0,0.86,0.88,0.88,224073,456,0.2735,0.6383,0.25832,-0.36,0.0199
2026-09-01 19:30:27,707.51,2026-09-01,708.0,0.34,0.35,0.35,374495,631,0.2623,0.3632,0.26968,-0.345,0.0199
2026-09-01 19:30:27,707.51,2026-09-01,709.0,0.1,0.11,0.11,391119,500,0.2651,0.1454,0.1624,-0.105,0.0121
2026-09-01 19:30:27,707.51,2026-09-01,710.0,0.06,0.07,0.06,388279,3008,0.3342,0.0808,0.08449,-0.065,0.0079
2026-09-01 19:30:27,707.51,2026-09-01,711.0,0.04,0.05,0.02,282300,425,0.4001,0.0507,0.04913,-0.045,0.0055
2026-09-01 19:30:27,707.51,2026-09-01,712.0,0.03,0.04,0.01,243852,397,0.4671,0.0356,0.03165,-0.035,0.0042
2026-09-01 19:30:27,707.51,2026-09-01,713.0,0.03,0.04,0.03,121448,567,0.551,0.0308,0.02382,-0.035,0.0037
2026-09-01 19:30:27,707.51,2026-09-01,714.0,0,0.03,0.01,74510,591,0.5272,0.0105,0.00995,-0.01,0.0015
2026-09-01 19:31:30,707.13,2026-09-01,701.0,6.2,6.38,6.55,1300,93,0.8421,0.9204,0.03378,-0.16,0.0077
2026-09-01 19:31:30,707.13,2026-09-01,702.0,5.01,5.44,5.62,1711,223,0.6491,0.9366,0.03682,-0.095,0.0065
2026-09-01 19:31:30,707.13,2026-09-01,703.0,4.1,4.41,4.25,3391,268,0.5874,0.9126,0.05194,-0.125,0.0083
2026-09-01 19:31:30,707.13,2026-09-01,704.0,3.18,3.31,3.37,14164,498,0.4679,0.9015,0.07125,-0.115,0.009
2026-09-01 19:31:30,707.13,2026-09-01,705.0,2.23,2.36,2.35,47215,1072,0.3986,0.8486,0.11308,-0.165,0.0122
2026-09-01 19:31:30,707.13,2026-09-01,706.0,1.4,1.41,1.41,110653,353,0.3364,0.7415,0.18467,-0.275,0.0168
2026-09-01 19:31:30,707.13,2026-09-01,707.0,0.72,0.73,0.73,225077,456,0.3164,0.5323,0.2414,-0.595,0.0207
2026-09-01 19:31:30,707.13,2026-09-01,708.0,0.28,0.29,0.29,377162,631,0.3011,0.2903,0.2185,-0.285,0.0178
2026-09-01 19:31:30,707.13,2026-09-01,709.0,0.06,0.11,0.11,391972,500,0.2964,0.1135,0.12461,-0.085,0.01
2026-09-01 19:31:30,707.13,2026-09-01,710.0,0.01,0.02,0.02,388406,3008,0.2843,0.0266,0.04162,-0.015,0.0032
2026-09-01 19:31:30,707.13,2026-09-01,711.0,0.04,0.05,0.02,282393,425,0.4427,0.0472,0.04275,-0.045,0.0051
2026-09-01 19:31:30,707.13,2026-09-01,712.0,0.01,0.04,0.02,244316,397,0.4804,0.0263,0.02439,-0.025,0.0032
2026-09-01 19:31:30,707.13,2026-09-01,713.0,0.01,0.02,0.03,121805,567,0.5204,0.0156,0.01443,-0.015,0.002
2026-09-01 19:31:30,707.13,2026-09-01,714.0,0,0.03,0.02,74734,591,0.6201,0.0172,0.0132,-0.02,0.0022
2026-09-01 19:32:32,706.97,2026-09-01,700.0,6.76,7.19,7.22,1177,333,0.5197,0.9959,0.00461,-0.005,0.0006
2026-09-01 19:32:32,706.97,2026-09-01,701.0,5.85,6.07,6.55,1300,93,,,,,
2026-09-01 19:32:32,706.97,2026-09-01,702.0,4.86,5.18,5.07,1714,223,0.5634,0.9586,0.03077,-0.05,0.0045
2026-09-01 19:32:32,706.97,2026-09-01,703.0,3.86,4.059,4.32,3393,268,,,,,
2026-09-01 19:32:32,706.97,2026-09-01,704.0,2.91,3.04,3.22,14168,498,0.2432,0.9917,0.01816,-0.005,0.0012
2026-09-01 19:32:32,706.97,2026-09-01,705.0,2.029,2.17,2.13,47312,1072,0.3556,0.8616,0.1215,-0.1295,0.0113
2026-09-01 19:32:32,706.97,2026-09-01,706.0,1.25,1.28,1.3,111356,353,0.3289,0.7189,0.20064,-0.295,0.0172
2026-09-01 19:32:32,706.97,2026-09-01,707.0,0.61,0.62,0.62,225948,456,0.3086,0.4933,0.25296,-0.615,0.0204
2026-09-01 19:32:32,706.97,2026-09-01,708.0,0.2,0.25,0.25,379617,631,0.2967,0.2493,0.20929,-0.225,0.0162
2026-09-01 19:32:32,706.97,2026-09-01,709.0,0.04,0.05,0.05,392462,500,0.2721,0.0727,0.09944,-0.045,0.0071
2026-09-01 19:32:32,706.97,2026-09-01,710.0,0.01,0.05,0.04,388654,3008,0.3424,0.0422,0.05142,-0.03,0.0046
2026-09-01 19:32:32,706.97,2026-09-01,711.0,0.04,0.05,0.03,282407,425,0.4658,0.0459,0.04047,-0.045,0.0049
2026-09-01 19:32:32,706.97,2026-09-01,712.0,0.03,0.04,0.02,244330,397,0.5322,0.0329,0.02697,-0.035,0.0037
2026-09-01 19:32:32,706.97,2026-09-01,713.0,0.01,0.02,0.01,122611,567,0.5424,0.0152,0.01386,-0.015,0.002
2026-09-01 19:33:32,707.06,2026-09-01,701.0,5.93,6.28,6.55,1300,93,0.6623,0.9667,0.0223,-0.045,0.0037
2026-09-01 19:33:32,707.06,2026-09-01,702.0,4.93,5.21,5.07,1714,223,0.4432,0.9889,0.01315,-0.01,0.0015
2026-09-01 19:33:32,707.06,2026-09-01,703.0,4,4.21,4.16,3443,268,0.4772,0.9557,0.03907,-0.045,0.0047
2026-09-01 19:33:32,707.06,2026-09-01,704.0,2.98,3.25,3.13,14223,498,0.3977,0.9381,0.06115,-0.055,0.0061
2026-09-01 19:33:32,707.06,2026-09-01,705.0,2.1,2.24,2.21,47437,1072,0.3551,0.877,0.11425,-0.11,0.0102
2026-09-01 19:33:32,707.06,2026-09-01,706.0,1.28,1.32,1.36,111488,353,0.3163,0.7488,0.20079,-0.24,0.016
2026-09-01 19:33:32,707.06,2026-09-01,707.0,0.67,0.68,0.68,226632,456,0.3217,0.5157,0.24702,-0.615,0.02
2026-09-01 19:33:32,707.06,2026-09-01,708.0,0.23,0.28,0.28,380451,631,0.3063,0.2712,0.21565,-0.255,0.0166
2026-09-01 19:33:32,707.06,2026-09-01,709.0,0.05,0.1,0.1,393334,500,0.3049,0.103,0.11726,-0.075,0.009
2026-09-01 19:33:32,707.06,2026-09-01,710.0,0.01,0.02,0.05,388767,3008,0.3011,0.0262,0.04019,-0.015,0.003
2026-09-01 19:33:32,707.06,2026-09-01,711.0,0.04,0.05,0.02,282426,425,0.4661,0.0466,0.04173,-0.045,0.0049
2026-09-01 19:33:32,707.06,2026-09-01,712.0,0.01,0.04,0.03,244334,397,0.5046,0.026,0.02389,-0.025,0.003
2026-09-01 19:33:32,707.06,2026-09-01,713.0,0.03,0.04,0.03,122621,567,0.6219,0.0291,0.02129,-0.035,0.0033
2026-09-01 19:33:32,707.06,2026-09-01,714.0,0,0.01,0.01,74843,591,0.5909,0.01,0.00897,-0.01,0.0013
2026-09-01 19:34:33,707.16,2026-09-01,701.0,6.13,6.22,6.55,1300,93,0.5709,0.9863,0.01249,-0.015,0.0017
2026-09-01 19:34:33,707.16,2026-09-01,702.0,5.06,5.4,5.07,1718,223,0.6459,0.9487,0.03313,-0.07,0.0052
2026-09-01 19:34:33,707.16,2026-09-01,703.0,4.24,4.38,4.39,3444,268,0.6559,0.9025,0.0534,-0.15,0.0085
2026-09-01 19:34:33,707.16,2026-09-01,704.0,3.14,3.35,3.32,14225,498,0.461,0.919,0.06614,-0.085,0.0074
2026-09-01 19:34:33,707.16,2026-09-01,705.0,2.25,2.41,2.31,47713,1072,0.4302,0.8472,0.11155,-0.17,0.0116
2026-09-01 19:34:33,707.16,2026-09-01,706.0,1.48,1.52,1.47,111853,353,0.4011,0.7226,0.16982,-0.34,0.0165
2026-09-01 19:34:33,707.16,2026-09-01,707.0,0.74,0.75,0.79,227399,456,0.3369,0.5393,0.23954,-0.585,0.0195
2026-09-01 19:34:33,707.16,2026-09-01,708.0,0.27,0.28,0.28,383596,631,0.3075,0.2902,0.22633,-0.275,0.0168
2026-09-01 19:34:33,707.16,2026-09-01,709.0,0.11,0.12,0.12,394118,500,0.3396,0.1361,0.1307,-0.115,0.0107
2026-09-01 19:34:33,707.16,2026-09-01,710.0,0.01,0.02,0.05,388978,3008,0.2982,0.0268,0.04225,-0.015,0.0031
2026-09-01 19:34:33,707.16,2026-09-01,711.0,0.04,0.05,0.04,282506,425,0.4655,0.0475,0.0432,-0.045,0.0049
2026-09-01 19:34:33,707.16,2026-09-01,712.0,0.03,0.04,0.03,244353,397,0.5356,0.0338,0.02848,-0.035,0.0037
2026-09-01 19:34:33,707.16,2026-09-01,713.0,0.03,0.04,0.01,122627,567,0.6252,0.0295,0.02181,-0.035,0.0033
2026-09-01 19:34:33,707.16,2026-09-01,714.0,0,0.01,0.01,74843,591,0.5949,0.0101,0.00917,-0.01,0.0013
2026-09-01 19:35:34,707.44,2026-09-01,701.0,6.45,6.62,6.55,1303,93,0.8386,0.9455,0.0273,-0.095,0.0053
2026-09-01 19:35:34,707.44,2026-09-01,702.0,5.38,5.61,5.38,1718,223,0.655,0.9583,0.02821,-0.055,0.0043
2026-09-01 19:35:34,707.44,2026-09-01,703.0,4.27,4.5,4.36,3476,268,,,,,
2026-09-01 19:35:34,707.44,2026-09-01,704.0,3.34,3.46,3.46,14226,498,,,,,
2026-09-01 19:35:34,707.44,2026-09-01,705.0,2.45,2.59,2.45,47802,1072,0.3815,0.9083,0.08948,-0.08,0.0079
2026-09-01 19:35:34,707.44,2026-09-01,706.0,1.57,1.61,1.57,112534,353,0.3227,0.8233,0.16662,-0.15,0.0125
2026-09-01 19:35:34,707.44,2026-09-01,707.0,0.9,0.91,0.9,228415,456,0.3436,0.6055,0.23225,-0.465,0.0186
2026-09-01 19:35:34,707.44,2026-09-01,708.0,0.37,0.38,0.36,385079,631,0.3191,0.3588,0.24277,-0.375,0.018
2026-09-01 19:35:34,707.44,2026-09-01,709.0,0.08,0.09,0.09,396029,500,0.2815,0.126,0.15243,-0.085,0.01
2026-09-01 19:35:34,707.44,2026-09-01,710.0,0.01,0.02,0.04,389580,3008,0.2791,0.0289,0.04907,-0.015,0.0032
2026-09-01 19:35:34,707.44,2026-09-01,711.0,0.04,0.05,0.04,282755,425,0.447,0.05,0.04784,-0.045,0.005
2026-09-01 19:35:34,707.44,2026-09-01,712.0,0.01,0.02,0.01,244359,397,0.453,0.0189,0.02108,-0.015,0.0022
2026-09-01 19:35:34,707.44,2026-09-01,713.0,0.03,0.04,0.01,122627,567,0.6124,0.0306,0.0234,-0.035,0.0033
2026-09-01 19:35:34,707.44,2026-09-01,714.0,0,0.03,0.01,74856,591,0.5852,0.0104,0.00979,-0.01,0.0013
2026-09-01 19:36:36,707.18,2026-09-01,701.0,6.16,6.27,6.59,1303,93,0.6678,0.9758,0.01802,-0.03,0.0027
2026-09-01 19:36:36,707.18,2026-09-01,702.0,5.17,5.39,5.22,1719,223,0.7228,0.9369,0.03635,-0.095,0.0058
2026-09-01 19:36:36,707.18,2026-09-01,703.0,4.11,4.33,4.42,3477,268,0.4957,0.9639,0.03393,-0.035,0.0037
2026-09-01 19:36:36,707.18,2026-09-01,704.0,3.14,3.35,3.29,14230,498,0.4453,0.936,0.05967,-0.06,0.0059
2026-09-01 19:36:36,707.18,2026-09-01,705.0,2.25,2.39,2.36,47850,1072,0.4193,0.8662,0.10912,-0.135,0.0102
2026-09-01 19:36:36,707.18,2026-09-01,706.0,1.42,1.45,1.47,112763,353,0.364,0.7558,0.18278,-0.25,0.0148
2026-09-01 19:36:36,707.18,2026-09-01,707.0,0.74,0.76,0.76,229494,456,0.3468,0.5458,0.24224,-0.565,0.0187
2026-09-01 19:36:36,707.18,2026-09-01,708.0,0.29,0.3,0.31,386308,631,0.3285,0.3003,0.22446,-0.295,0.0164
2026-09-01 19:36:36,707.18,2026-09-01,709.0,0.06,0.11,0.11,396804,500,0.3202,0.1154,0.12885,-0.085,0.0092
2026-09-01 19:36:36,707.18,2026-09-01,710.0,0.01,0.02,0.05,389913,3008,0.3088,0.027,0.04279,-0.015,0.0029
2026-09-01 19:36:36,707.18,2026-09-01,711.0,0.04,0.05,0.04,282780,425,0.483,0.0477,0.04358,-0.045,0.0047
2026-09-01 19:36:36,707.18,2026-09-01,712.0,0.03,0.04,0.03,246857,397,0.5563,0.0339,0.02868,-0.035,0.0036
2026-09-01 19:36:36,707.18,2026-09-01,713.0,0.01,0.02,0.03,122755,567,0.5697,0.0157,0.01464,-0.015,0.0019
2026-09-01 19:36:36,707.18,2026-09-01,714.0,0,0.03,0.01,74856,591,0.6185,0.0101,0.00923,-0.01,0.0013
2026-09-01 19:37:37,707.26,2026-09-01,701.0,6.11,6.3,6.59,1303,93,,,,,
2026-09-01 19:37:37,707.26,2026-09-01,702.0,5.14,5.3,5.22,1720,223,,,,,
2026-09-01 19:37:37,707.26,2026-09-01,703.0,4.2,4.32,4.42,3477,268,,,,,
2026-09-01 19:37:37,707.26,2026-09-01,704.0,3.13,3.32,3.29,14231,498,,,,,
2026-09-01 19:37:37,707.26,2026-09-01,705.0,2.32,2.36,2.36,47901,1072,0.377,0.9038,0.09809,-0.08,0.0079
2026-09-01 19:37:37,707.26,2026-09-01,706.0,1.47,1.5,1.48,112932,353,0.367,0.7724,0.17826,-0.225,0.0139
2026-09-01 19:37:37,707.26,2026-09-01,707.0,0.79,0.81,0.79,230608,456,0.3592,0.5631,0.23766,-0.54,0.0182
2026-09-01 19:37:37,707.26,2026-09-01,708.0,0.32,0.33,0.33,387587,631,0.34,0.3194,0.22774,-0.325,0.0165
2026-09-01 19:37:37,707.26,2026-09-01,709.0,0.11,0.12,0.11,397186,500,0.3486,0.1404,0.13865,-0.115,0.0103
2026-09-01 19:37:37,707.26,2026-09-01,710.0,0.05,0.06,0.03,390050,3008,0.3974,0.0682,0.07176,-0.055,0.0061
2026-09-01 19:37:37,707.26,2026-09-01,711.0,0.04,0.05,0.04,283252,425,0.486,0.0483,0.04477,-0.045,0.0046
2026-09-01 19:37:37,707.26,2026-09-01,712.0,0.01,0.02,0.03,246861,397,0.4894,0.0183,0.01989,-0.015,0.0021
2026-09-01 19:37:37,707.26,2026-09-01,713.0,0.03,0.04,0.03,122755,567,0.6572,0.0299,0.02236,-0.035,0.0031
2026-09-01 19:37:37,707.26,2026-09-01,714.0,0,0.03,0.01,74856,591,0.6263,0.0102,0.00939,-0.01,0.0013
2026-09-01 19:38:38,707.2,2026-09-01,701.0,6.19,6.21,6.59,1303,93,,,,,
2026-09-01 19:38:38,707.2,2026-09-01,702.0,5.15,5.21,5.38,1746,223,,,,,
2026-09-01 19:38:38,707.2,2026-09-01,703.0,4.09,4.38,4.38,3478,268,0.5205,0.9639,0.03381,-0.035,0.0036
2026-09-01 19:38:38,707.2,2026-09-01,704.0,3.11,3.33,3.4,14236,498,0.3751,0.9712,0.0389,-0.02,0.003
2026-09-01 19:38:38,707.2,2026-09-01,705.0,2.21,2.41,2.34,48060,1072,0.4141,0.8814,0.10624,-0.11,0.0089
2026-09-01 19:38:38,707.2,2026-09-01,706.0,1.41,1.49,1.47,113005,353,0.3835,0.757,0.18103,-0.25,0.0141
2026-09-01 19:38:38,707.2,2026-09-01,707.0,0.76,0.77,0.77,232632,456,0.3667,0.5489,0.23948,-0.565,0.0179
2026-09-01 19:38:38,707.2,2026-09-01,708.0,0.29,0.31,0.27,389905,631,0.3441,0.3038,0.22542,-0.3,0.0158
2026-09-01 19:38:38,707.2,2026-09-01,709.0,0.06,0.07,0.11,397422,500,0.3091,0.0988,0.12487,-0.065,0.0078
2026-09-01 19:38:38,707.2,2026-09-01,710.0,0.04,0.05,0.05,390117,3008,0.3957,0.0588,0.06576,-0.045,0.0053
2026-09-01 19:38:38,707.2,2026-09-01,711.0,0.03,0.04,0.04,283279,425,0.4799,0.0401,0.03991,-0.035,0.0039
2026-09-01 19:38:38,707.2,2026-09-01,712.0,0.01,0.02,0.03,247096,397,0.5063,0.0181,0.01952,-0.015,0.002
2026-09-01 19:38:38,707.2,2026-09-01,713.0,0,0.03,0.03,122757,567,0.6612,0.0265,0.02057,-0.03,0.0028
2026-09-01 19:38:38,707.2,2026-09-01,714.0,0,0.03,0.01,74856,591,0.646,0.0101,0.00926,-0.01,0.0012
2026-09-01 19:39:39,707.32,2026-09-01,701.0,6.12,6.5,6.59,1303,93,,,,,
2026-09-01 19:39:39,707.32,2026-09-01,702.0,5.26,5.34,5.2,1746,223,,,,,
2026-09-01 19:39:39,707.32,2026-09-01,703.0,4.19,4.35,4.38,3478,268,,,,,
2026-09-01 19:39:39,707.32,2026-09-01,704.0,3.3,3.44,3.43,14247,498,0.474,0.9449,0.0534,-0.05,0.0049
2026-09-01 19:39:39,707.32,2026-09-01,705.0,2.38,2.42,2.49,48079,1072,0.4031,0.9052,0.09512,-0.08,0.0074
2026-09-01 19:39:39,707.32,2026-09-01,706.0,1.48,1.51,1.57,113149,353,0.3559,0.8011,0.17818,-0.175,0.0123
2026-09-01 19:39:39,707.32,2026-09-01,707.0,0.76,0.81,0.81,233171,456,0.3481,0.5835,0.25469,-0.465,0.0172
2026-09-01 19:39:39,707.32,2026-09-01,708.0,0.31,0.32,0.32,391424,631,0.338,0.3245,0.24182,-0.315,0.0158
2026-09-01 19:39:39,707.32,2026-09-01,709.0,0.06,0.11,0.11,397903,500,0.325,0.1207,0.14046,-0.085,0.0088
2026-09-01 19:39:39,707.32,2026-09-01,710.0,0.01,0.02,0.04,390343,3008,0.3177,0.028,0.04593,-0.015,0.0028
2026-09-01 19:39:39,707.32,2026-09-01,711.0,0.03,0.04,0.03,283341,425,0.479,0.041,0.04172,-0.035,0.0039
2026-09-01 19:39:39,707.32,2026-09-01,712.0,0.01,0.04,0.03,247259,397,0.5498,0.0271,0.02583,-0.025,0.0028
2026-09-01 19:39:39,707.32,2026-09-01,713.0,0,0.01,0.01,122759,567,0.5662,0.0117,0.01223,-0.01,0.0013
2026-09-01 19:39:39,707.32,2026-09-01,714.0,0,0.01,0.01,74856,591,0.6516,0.0103,0.00952,-0.01,0.0012
2026-09-01 19:40:39,707.27,2026-09-01,701.0,6.16,6.2,6.59,1303,93,,,,,
2026-09-01 19:40:39,707.27,2026-09-01,702.0,5.17,5.26,5.19,1747,223,,,,,
2026-09-01 19:40:39,707.27,2026-09-01,703.0,4.22,4.36,4.38,3478,268,0.5025,0.9766,0.02562,-0.02,0.0024
2026-09-01 19:40:39,707.27,2026-09-01,704.0,3.25,3.39,3.43,14249,498,0.4805,0.9443,0.0545,-0.05,0.0048
2026-09-01 19:40:39,707.27,2026-09-01,705.0,2.31,2.39,2.39,48120,1072,0.4069,0.9039,0.09763,-0.08,0.0073
2026-09-01 19:40:39,707.27,2026-09-01,706.0,1.45,1.51,1.49,113310,353,0.3849,0.7798,0.17938,-0.21,0.0127
2026-09-01 19:40:39,707.27,2026-09-01,707.0,0.71,0.76,0.74,234075,456,0.3445,0.5732,0.26535,-0.465,0.0168
2026-09-01 19:40:39,707.27,2026-09-01,708.0,0.28,0.29,0.29,393355,631,0.3374,0.3077,0.24295,-0.285,0.0151
2026-09-01 19:40:39,707.27,2026-09-01,709.0,0.09,0.1,0.1,398338,500,0.3518,0.1265,0.13755,-0.095,0.0089
2026-09-01 19:40:39,707.27,2026-09-01,710.0,0.01,0.02,0.02,390498,3008,0.3309,0.0276,0.04472,-0.015,0.0027
2026-09-01 19:40:39,707.27,2026-09-01,711.0,0.03,0.04,0.02,283398,425,0.4968,0.0406,0.04095,-0.035,0.0037
2026-09-01 19:40:39,707.27,2026-09-01,712.0,0.01,0.04,0.03,247275,397,0.569,0.0269,0.02543,-0.025,0.0027
2026-09-01 19:40:39,707.27,2026-09-01,713.0,0,0.01,0.01,122788,567,0.5852,0.0116,0.01206,-0.01,0.0013
2026-09-01 19:40:39,707.27,2026-09-01,714.0,0,0.01,0.01,74856,591,0.6727,0.0102,0.00941,-0.01,0.0012
2026-09-01 19:41:41,707.51,2026-09-01,701.0,6.25,6.51,6.59,1303,93,,,,,
2026-09-01 19:41:41,707.51,2026-09-01,702.0,5.43,5.5,5.19,1747,223,,,,,
2026-09-01 19:41:41,707.51,2026-09-01,703.0,4.45,4.47,4.38,3478,268,,,,,
2026-09-01 19:41:41,707.51,2026-09-01,704.0,3.38,3.45,3.45,14259,498,,,,,
2026-09-01 19:41:41,707.51,2026-09-01,705.0,2.39,2.49,2.49,48167,1072,,,,,
2026-09-01 19:41:41,707.51,2026-09-01,706.0,1.55,1.59,1.58,113415,353,0.2869,0.8968,0.14989,-0.06,0.0075
2026-09-01 19:41:41,707.51,2026-09-01,707.0,0.84,0.86,0.85,234435,456,0.3349,0.6431,0.26678,-0.34,0.0156
2026-09-01 19:41:41,707.51,2026-09-01,708.0,0.33,0.34,0.34,394503,631,0.327,0.3605,0.27413,-0.335,0.0156
2026-09-01 19:41:41,707.51,2026-09-01,709.0,0.11,0.12,0.12,399283,500,0.3472,0.1527,0.16274,-0.115,0.0098
2026-09-01 19:41:41,707.51,2026-09-01,710.0,0.04,0.05,0.02,390603,3008,0.3899,0.0636,0.0766,-0.045,0.0052
2026-09-01 19:41:41,707.51,2026-09-01,711.0,0.03,0.04,0.02,283434,425,0.4838,0.0426,0.04487,-0.035,0.0038
2026-09-01 19:41:41,707.51,2026-09-01,712.0,0.01,0.04,0.01,247281,397,0.5599,0.0279,0.02741,-0.025,0.0027
2026-09-01 19:41:41,707.51,2026-09-01,713.0,0,0.03,0.01,122821,567,0.5795,0.012,0.01288,-0.01,0.0013
2026-09-01 19:41:41,707.51,2026-09-01,714.0,0,0.03,0.01,75012,591,0.6698,0.0105,0.00995,-0.01,0.0012
2026-09-01 19:42:42,707.46,2026-09-01,701.0,6.39,6.5,6.59,1303,93,,,,,
2026-09-01 19:42:42,707.46,2026-09-01,702.0,5.28,5.54,5.19,1747,223,,,,,
2026-09-01 19:42:42,707.46,2026-09-01,703.0,4.31,4.48,4.38,3478,268,,,,,
2026-09-01 19:42:42,707.46,2026-09-01,704.0,3.41,3.52,3.44,14259,498,0.3968,0.9843,0.02442,-0.01,0.0016
2026-09-01 19:42:42,707.46,2026-09-01,705.0,2.46,2.49,2.45,48183,1072,0.3353,0.9648,0.05708,-0.02,0.0032
2026-09-01 19:42:42,707.46,2026-09-01,706.0,1.54,1.55,1.56,113454,353,0.3244,0.8661,0.16402,-0.09,0.0088
2026-09-01 19:42:42,707.46,2026-09-01,707.0,0.78,0.84,0.84,234769,456,0.3412,0.6294,0.27277,-0.355,0.0153
2026-09-01 19:42:42,707.46,2026-09-01,708.0,0.32,0.33,0.33,395236,631,0.3427,0.3483,0.26582,-0.325,0.015
2026-09-01 19:42:42,707.46,2026-09-01,709.0,0.1,0.11,0.11,399447,500,0.3551,0.1425,0.15631,-0.105,0.0091
2026-09-01 19:42:42,707.46,2026-09-01,710.0,0.04,0.05,0.05,390882,3008,0.408,0.0627,0.07446,-0.045,0.005
2026-09-01 19:42:42,707.46,2026-09-01,711.0,0.03,0.04,0.03,283455,425,0.504,0.0421,0.04392,-0.035,0.0036
2026-09-01 19:42:42,707.46,2026-09-01,712.0,0.03,0.04,0.03,247303,397,0.6168,0.0353,0.0311,-0.035,0.0032
2026-09-01 19:42:42,707.46,2026-09-01,713.0,0,0.03,0.01,122823,567,0.6013,0.0119,0.01269,-0.01,0.0013
2026-09-01 19:42:42,707.46,2026-09-01,714.0,0,0.01,0.01,75012,591,0.6941,0.0104,0.00982,-0.01,0.0011
2026-09-01 19:43:42,707.18,2026-09-01,701.0,6.23,6.28,6.59,1303,93,0.9351,0.9545,0.02597,-0.07,0.0038
2026-09-01 19:43:42,707.18,2026-09-01,702.0,5.16,5.29,5.19,1747,223,0.7277,0.9655,0.02664,-0.04,0.003
2026-09-01 19:43:42,707.18,2026-09-01,703.0,4.14,4.26,4.38,3480,268,0.5144,0.981,0.0229,-0.015,0.0018
2026-09-01 19:43:42,707.18,2026-09-01,704.0,3.26,3.35,3.31,14267,498,0.6348,0.8996,0.07042,-0.12,0.0069
2026-09-01 19:43:42,707.18,2026-09-01,705.0,2.3,2.39,2.34,48238,1072,0.5313,0.8527,0.11012,-0.16,0.0091
2026-09-01 19:43:42,707.18,2026-09-01,706.0,1.37,1.43,1.44,113651,353,0.4076,0.7706,0.18896,-0.215,0.0119
2026-09-01 19:43:42,707.18,2026-09-01,707.0,0.72,0.73,0.73,235856,456,0.3997,0.5475,0.25174,-0.54,0.0156
2026-09-01 19:43:42,707.18,2026-09-01,708.0,0.22,0.23,0.28,396609,631,0.3415,0.2729,0.24723,-0.225,0.0131
2026-09-01 19:43:42,707.18,2026-09-01,709.0,0.09,0.1,0.1,399692,500,0.3965,0.1231,0.13048,-0.095,0.008
2026-09-01 19:43:42,707.18,2026-09-01,710.0,0.01,0.02,0.04,390936,3008,0.37,0.027,0.04278,-0.015,0.0025
2026-09-01 19:43:42,707.18,2026-09-01,711.0,0.03,0.04,0.02,283558,425,0.5513,0.04,0.03969,-0.035,0.0034
2026-09-01 19:43:42,707.18,2026-09-01,712.0,0.03,0.04,0.01,247390,397,0.6665,0.0339,0.02868,-0.035,0.003
2026-09-01 19:43:42,707.18,2026-09-01,713.0,0,0.03,0.01,122868,567,0.6459,0.0114,0.01179,-0.01,0.0012
2026-09-01 19:43:42,707.18,2026-09-01,714.0,0,0.03,0.01,75052,591,0.7411,0.0101,0.00923,-0.01,0.0011
2026-09-01 19:44:42,707.41,2026-09-01,701.0,6.44,6.54,6.43,1306,93,1.0204,0.9513,0.02596,-0.08,0.0039
2026-09-01 19:44:42,707.41,2026-09-01,702.0,5.45,5.55,5.39,1752,223,0.9141,0.9406,0.03387,-0.09,0.0045
2026-09-01 19:44:42,707.41,2026-09-01,703.0,4.34,4.49,4.46,3485,268,0.4723,0.993,0.01082,-0.005,0.0007
2026-09-01 19:44:42,707.41,2026-09-01,704.0,3.45,3.55,3.48,14279,498,0.6398,0.9196,0.06112,-0.09,0.0057
2026-09-01 19:44:42,707.41,2026-09-01,705.0,2.45,2.54,2.54,48339,1072,0.4865,0.9036,0.09203,-0.085,0.0065
2026-09-01 19:44:42,707.41,2026-09-01,706.0,1.56,1.6,1.54,113874,353,0.4227,0.8097,0.16842,-0.17,0.0104
2026-09-01 19:44:42,707.41,2026-09-01,707.0,0.78,0.8,0.8,237900,456,0.3686,0.6154,0.27179,-0.38,0.0146
2026-09-01 19:44:42,707.41,2026-09-01,708.0,0.28,0.33,0.32,400162,631,0.3613,0.335,0.2643,-0.305,0.0139
2026-09-01 19:44:42,707.41,2026-09-01,709.0,0.06,0.11,0.11,401011,500,0.3608,0.1246,0.14923,-0.085,0.0078
2026-09-01 19:44:42,707.41,2026-09-01,710.0,0.04,0.05,0.05,391290,3008,0.44,0.062,0.07278,-0.045,0.0047
2026-09-01 19:44:42,707.41,2026-09-01,711.0,0.03,0.04,0.03,283564,425,0.5417,0.0417,0.04316,-0.035,0.0034
2026-09-01 19:44:42,707.41,2026-09-01,712.0,0.03,0.04,0.01,247403,397,0.6615,0.0351,0.03068,-0.035,0.003
2026-09-01 19:44:42,707.41,2026-09-01,713.0,0,0.01,0.01,122869,567,0.6443,0.0118,0.01253,-0.01,0.0012
2026-09-01 19:44:42,707.41,2026-09-01,714.0,0,0.01,0.01,75056,591,0.7429,0.0104,0.00972,-0.01,0.0011
2026-09-01 19:45:43,707.74,2026-09-01,701.0,6.74,6.79,6.43,1306,93,0.8946,0.9801,0.01463,-0.025,0.0018
2026-09-01 19:45:43,707.74,2026-09-01,702.0,5.79,5.92,5.52,1753,223,1.0461,0.9328,0.03374,-0.115,0.0048
2026-09-01 19:45:43,707.74,2026-09-01,703.0,4.74,4.88,4.45,3486,268,0.8068,0.9453,0.03724,-0.07,0.0041
2026-09-01 19:45:43,707.74,2026-09-01,704.0,3.76,3.91,3.55,14301,498,0.7194,0.9215,0.05522,-0.095,0.0054
2026-09-01 19:45:43,707.74,2026-09-01,705.0,2.73,2.9,2.7,48370,1072,0.5361,0.9178,0.07677,-0.075,0.0056
2026-09-01 19:45:43,707.74,2026-09-01,706.0,1.81,1.87,1.81,113942,353,0.4176,0.8713,0.13637,-0.1,0.0077
2026-09-01 19:45:43,707.74,2026-09-01,707.0,1.02,1.09,1.02,239164,456,0.4181,0.685,0.23035,-0.315,0.0131
2026-09-01 19:45:43,707.74,2026-09-01,708.0,0.44,0.45,0.44,402964,631,0.384,0.4278,0.27704,-0.445,0.0145
2026-09-01 19:45:43,707.74,2026-09-01,709.0,0.16,0.17,0.17,403229,500,0.4033,0.1991,0.18772,-0.165,0.0103
2026-09-01 19:45:43,707.74,2026-09-01,710.0,0.01,0.02,0.02,391859,3008,0.3292,0.0317,0.05862,-0.015,0.0026
2026-09-01 19:45:43,707.74,2026-09-01,711.0,0.01,0.04,0.03,284016,425,0.4868,0.0352,0.04321,-0.025,0.0029
2026-09-01 19:45:43,707.74,2026-09-01,712.0,0,0.01,0.02,247811,397,0.5849,0.0246,0.02673,-0.02,0.0021
2026-09-01 19:45:43,707.74,2026-09-01,713.0,0,0.01,0.02,123132,567,0.6982,0.021,0.01963,-0.02,0.0019
2026-09-01 19:45:43,707.74,2026-09-01,714.0,0,0.01,0.03,75061,591,0.8612,0.025,0.01842,-0.03,0.0022
2026-09-01 19:46:45,707.38,2026-09-01,701.0,6.59,6.72,6.27,1307,93,1.4619,0.8924,0.03565,-0.27,0.0066
2026-09-01 19:46:45,707.38,2026-09-01,702.0,5.54,5.66,5.52,1753,223,1.2123,0.896,0.04195,-0.215,0.0064
2026-09-01 19:46:45,707.38,2026-09-01,703.0,4.54,4.68,4.42,3491,268,1.0599,0.8793,0.05336,-0.225,0.0071
2026-09-01 19:46:45,707.38,2026-09-01,704.0,3.49,3.62,3.45,14321,498,0.8122,0.8808,0.06905,-0.17,0.0071
2026-09-01 19:46:45,707.38,2026-09-01,705.0,2.58,2.67,2.55,48425,1072,0.7187,0.8259,0.10066,-0.24,0.0091
2026-09-01 19:46:45,707.38,2026-09-01,706.0,1.71,1.78,1.72,114245,353,0.6252,0.7345,0.14769,-0.36,0.0116
2026-09-01 19:46:45,707.38,2026-09-01,707.0,0.95,0.97,0.95,240337,456,0.5306,0.5817,0.2073,-0.575,0.0139
2026-09-01 19:46:45,707.38,2026-09-01,708.0,0.37,0.42,0.37,405780,631,0.4636,0.355,0.22618,-0.395,0.0132
2026-09-01 19:46:45,707.38,2026-09-01,709.0,0.1,0.11,0.1,404511,500,0.4183,0.1391,0.14918,-0.105,0.0079
2026-09-01 19:46:45,707.38,2026-09-01,710.0,0.01,0.06,0.02,392529,3008,0.4516,0.052,0.06631,-0.035,0.0038
2026-09-01 19:46:45,707.38,2026-09-01,711.0,0.01,0.02,0.03,284297,425,0.5058,0.0224,0.02971,-0.015,0.0019
2026-09-01 19:46:45,707.38,2026-09-01,712.0,0,0.03,0.01,247827,397,0.5868,0.0137,0.0168,-0.01,0.0012
2026-09-01 19:46:45,707.38,2026-09-01,713.0,0,0.01,0.01,123645,567,0.6949,0.0118,0.01244,-0.01,0.0011
2026-09-01 19:46:45,707.38,2026-09-01,714.0,0,0.03,0.03,75061,591,0.9368,0.024,0.017,-0.03,0.002
2026-09-01 19:47:45,707.75,2026-09-01,701.0,6.74,6.91,6.27,1307,93,1.1737,0.955,0.02366,-0.075,0.0032
2026-09-01 19:47:45,707.75,2026-09-01,702.0,5.54,5.79,5.52,1753,223,,,,,
2026-09-01 19:47:45,707.75,2026-09-01,703.0,4.69,4.79,4.57,3494,268,,,,,
2026-09-01 19:47:45,707.75,2026-09-01,704.0,3.58,3.84,3.6,14346,498,,,,,
2026-09-01 19:47:45,707.75,2026-09-01,705.0,2.72,2.87,2.69,48591,1072,0.5156,0.9414,0.06642,-0.045,0.004
2026-09-01 19:47:45,707.75,2026-09-01,706.0,1.89,1.92,1.86,114544,353,0.5234,0.8369,0.13782,-0.155,0.0084
2026-09-01 19:47:45,707.75,2026-09-01,707.0,1.09,1.11,1.09,242942,456,0.483,0.676,0.21795,-0.35,0.0123
2026-09-01 19:47:45,707.75,2026-09-01,708.0,0.48,0.49,0.48,407542,631,0.4414,0.4348,0.26112,-0.485,0.0134
2026-09-01 19:47:45,707.75,2026-09-01,709.0,0.13,0.14,0.13,405473,500,0.4013,0.1814,0.19245,-0.135,0.009
2026-09-01 19:47:45,707.75,2026-09-01,710.0,0.01,0.06,0.02,393205,3008,0.417,0.0575,0.08092,-0.035,0.0039
2026-09-01 19:47:45,707.75,2026-09-01,711.0,0.03,0.04,0.03,284733,425,0.5586,0.0447,0.04946,-0.035,0.0032
2026-09-01 19:47:45,707.75,2026-09-01,712.0,0,0.03,0.01,248095,397,0.5685,0.0146,0.01905,-0.01,0.0013
2026-09-01 19:47:45,707.75,2026-09-01,713.0,0,0.01,0.01,123647,567,0.6818,0.0124,0.0138,-0.01,0.0011
2026-09-01 19:47:45,707.75,2026-09-01,714.0,0,0.01,0.03,75061,591,0.929,0.0251,0.01846,-0.03,0.002
2026-09-01 19:48:46,707.93,2026-09-01,701.0,6.9,7.08,6.27,1307,93,1.1992,0.9623,0.02094,-0.06,0.0027
2026-09-01 19:48:46,707.93,2026-09-01,702.0,5.82,6.12,5.52,1754,223,0.9798,0.9686,0.02207,-0.04,0.0023
2026-09-01 19:48:46,707.93,2026-09-01,703.0,4.88,5.03,4.57,3495,268,0.7746,0.9746,0.02333,-0.025,0.0019
2026-09-01 19:48:46,707.93,2026-09-01,704.0,3.9,4.04,3.6,14354,498,0.6989,0.9578,0.03938,-0.04,0.0029
2026-09-01 19:48:46,707.93,2026-09-01,705.0,2.92,3.06,2.87,48613,1072,0.6033,0.9318,0.06668,-0.06,0.0043
2026-09-01 19:48:46,707.93,2026-09-01,706.0,1.94,2.16,1.91,114757,353,0.5356,0.8653,0.12371,-0.12,0.0071
2026-09-01 19:48:46,707.93,2026-09-01,707.0,1.24,1.26,1.24,243715,456,0.5264,0.7061,0.19999,-0.32,0.0113
2026-09-01 19:48:46,707.93,2026-09-01,708.0,0.59,0.6,0.59,408578,631,0.4819,0.4829,0.25278,-0.595,0.013
2026-09-01 19:48:46,707.93,2026-09-01,709.0,0.21,0.22,0.21,405939,500,0.4633,0.2408,0.20543,-0.215,0.0102
2026-09-01 19:48:46,707.93,2026-09-01,710.0,0.06,0.07,0.06,393313,3008,0.4721,0.0907,0.10572,-0.065,0.0053
2026-09-01 19:48:46,707.93,2026-09-01,711.0,0.03,0.04,0.02,284774,425,0.5569,0.0465,0.05344,-0.035,0.0032
2026-09-01 19:48:46,707.93,2026-09-01,712.0,0,0.03,0.02,248344,397,0.6347,0.0255,0.02857,-0.02,0.0019
2026-09-01 19:48:46,707.93,2026-09-01,713.0,0,0.03,0.02,123653,567,0.7631,0.0216,0.02072,-0.02,0.0017
2026-09-01 19:48:46,707.93,2026-09-01,714.0,0,0.03,0.03,75061,591,0.9462,0.0256,0.01926,-0.03,0.002
2026-09-01 19:49:46,707.78,2026-09-01,701.0,6.58,6.77,6.27,1307,93,,,,,
2026-09-01 19:49:46,707.78,2026-09-01,702.0,5.59,5.81,5.92,1754,223,,,,,
2026-09-01 19:49:46,707.78,2026-09-01,703.0,4.71,4.9,4.85,3495,268,0.7637,0.9781,0.02193,-0.02,0.0016
2026-09-01 19:49:46,707.78,2026-09-01,704.0,3.63,3.84,3.9,14354,498,,,,,
2026-09-01 19:49:46,707.78,2026-09-01,705.0,2.7,2.89,2.8,48753,1072,0.4317,0.9809,0.03458,-0.01,0.0015
2026-09-01 19:49:46,707.78,2026-09-01,706.0,1.78,1.98,1.81,114928,353,0.4949,0.8767,0.13202,-0.095,0.0064
2026-09-01 19:49:46,707.78,2026-09-01,707.0,1.01,1.02,1.01,246351,456,0.4279,0.7222,0.25105,-0.23,0.0105
2026-09-01 19:49:46,707.78,2026-09-01,708.0,0.4,0.41,0.4,410256,631,0.4055,0.4331,0.31078,-0.405,0.0123
2026-09-01 19:49:46,707.78,2026-09-01,709.0,0.15,0.16,0.11,406801,500,0.4549,0.1967,0.19519,-0.155,0.0087
2026-09-01 19:49:46,707.78,2026-09-01,710.0,0.02,0.07,0.06,393557,3008,0.4765,0.0687,0.08898,-0.045,0.0041
2026-09-01 19:49:46,707.78,2026-09-01,711.0,0.03,0.04,0.03,284789,425,0.6058,0.0451,0.05019,-0.035,0.003
2026-09-01 19:49:46,707.78,2026-09-01,712.0,0,0.03,0.01,248662,397,0.6175,0.0147,0.01929,-0.01,0.0012
2026-09-01 19:49:46,707.78,2026-09-01,713.0,0,0.01,0.01,123686,567,0.7416,0.0125,0.01394,-0.01,0.001
2026-09-01 19:49:46,707.78,2026-09-01,714.0,0,0.03,0.01,75065,591,0.863,0.0109,0.01064,-0.01,0.0009
2026-09-01 19:50:47,707.61,2026-09-01,701.0,6.66,6.84,6.27,1307,93,1.521,0.9302,0.02974,-0.14,0.004
2026-09-01 19:50:47,707.61,2026-09-01,702.0,5.47,5.74,5.92,1754,223,,,,,
2026-09-01 19:50:47,707.61,2026-09-01,703.0,4.5,4.71,4.42,3547,268,,,,,
2026-09-01 19:50:47,707.61,2026-09-01,704.0,3.59,3.77,3.9,14354,498,0.8117,0.9341,0.0533,-0.07,0.0038
2026-09-01 19:50:47,707.61,2026-09-01,705.0,2.6,2.77,2.55,48788,1072,0.644,0.915,0.08157,-0.075,0.0046
2026-09-01 19:50:47,707.61,2026-09-01,706.0,1.66,1.77,1.73,114977,353,0.5009,0.8616,0.14881,-0.105,0.0065
2026-09-01 19:50:47,707.61,2026-09-01,707.0,0.95,0.97,0.94,247939,456,0.5133,0.6564,0.24189,-0.35,0.0109
2026-09-01 19:50:47,707.61,2026-09-01,708.0,0.35,0.36,0.38,411987,631,0.4457,0.3844,0.28932,-0.355,0.0113
2026-09-01 19:50:47,707.61,2026-09-01,709.0,0.12,0.13,0.12,407881,500,0.4812,0.1654,0.17437,-0.125,0.0074
2026-09-01 19:50:47,707.61,2026-09-01,710.0,0.04,0.05,0.04,393909,3008,0.5323,0.0653,0.08073,-0.045,0.0038
2026-09-01 19:50:47,707.61,2026-09-01,711.0,0.01,0.02,0.03,284838,425,0.5744,0.0235,0.03264,-0.015,0.0016
2026-09-01 19:50:47,707.61,2026-09-01,712.0,0,0.01,0.01,248664,397,0.6737,0.0142,0.01813,-0.01,0.0011
2026-09-01 19:50:47,707.61,2026-09-01,713.0,0,0.03,0.01,123803,567,0.8039,0.0121,0.01325,-0.01,0.0009
2026-09-01 19:50:47,707.61,2026-09-01,714.0,0,0.01,0.01,75072,591,0.9314,0.0106,0.01019,-0.01,0.0008
2026-09-01 19:51:51,707.5,2026-09-01,701.0,6.46,6.77,6.27,1307,93,1.5278,0.938,0.02874,-0.115,0.0034
2026-09-01 19:51:51,707.5,2026-09-01,702.0,5.38,5.68,5.92,1754,223,1.0298,0.9731,0.0217,-0.03,0.0017
2026-09-01 19:51:51,707.5,2026-09-01,703.0,4.55,4.69,4.59,3549,268,1.162,0.9189,0.04643,-0.12,0.0042
2026-09-01 19:51:51,707.5,2026-09-01,704.0,3.41,3.65,3.9,14354,498,0.708,0.9626,0.04141,-0.03,0.0023
2026-09-01 19:51:51,707.5,2026-09-01,705.0,2.48,2.72,2.64,48792,1072,0.7163,0.8956,0.09075,-0.1,0.005
2026-09-01 19:51:51,707.5,2026-09-01,706.0,1.58,1.74,1.58,115057,353,0.5886,0.8206,0.15977,-0.16,0.0073
2026-09-01 19:51:51,707.5,2026-09-01,707.0,0.81,0.83,0.81,249161,456,0.4798,0.6464,0.27827,-0.32,0.0104
2026-09-01 19:51:51,707.5,2026-09-01,708.0,0.29,0.35,0.34,413502,631,0.4795,0.3546,0.27867,-0.32,0.0104
2026-09-01 19:51:51,707.5,2026-09-01,709.0,0.07,0.08,0.12,408179,500,0.4572,0.1199,0.157,-0.075,0.0056
2026-09-01 19:51:51,707.5,2026-09-01,710.0,0.04,0.05,0.04,394400,3008,0.5865,0.0634,0.07618,-0.045,0.0035
2026-09-01 19:51:51,707.5,2026-09-01,711.0,0.03,0.04,0.02,284932,425,0.7271,0.0425,0.04468,-0.035,0.0025
2026-09-01 19:51:51,707.5,2026-09-01,712.0,0,0.03,0.02,248676,397,0.8112,0.0236,0.02468,-0.02,0.0016
2026-09-01 19:51:51,707.5,2026-09-01,713.0,0,0.03,0.01,123813,567,0.8703,0.012,0.01284,-0.01,0.0009
2026-09-01 19:51:51,707.5,2026-09-01,714.0,0,0.01,0.01,75096,591,1.0057,0.0105,0.00993,-0.01,0.0008
2026-09-01 19:52:54,707.37,2026-09-01,701.0,6.26,6.36,6.27,1307,93,,,,,
2026-09-01 19:52:54,707.37,2026-09-01,702.0,5.25,5.45,5.92,1754,223,,,,,
2026-09-01 19:52:54,707.37,2026-09-01,703.0,4.17,4.33,4.43,3549,268,,,,,
2026-09-01 19:52:54,707.37,2026-09-01,704.0,3.16,3.35,3.9,14354,498,,,,,
2026-09-01 19:52:54,707.37,2026-09-01,705.0,2.12,2.42,2.4,48827,1072,,,,,
2026-09-01 19:52:54,707.37,2026-09-01,706.0,1.29,1.37,1.51,115165,353,,,,,
2026-09-01 19:52:54,707.37,2026-09-01,707.0,0.61,0.62,0.67,250507,456,0.3887,0.6433,0.36905,-0.245,0.0097
2026-09-01 19:52:54,707.37,2026-09-01,708.0,0.16,0.22,0.18,414165,631,0.4184,0.2817,0.3104,-0.19,0.0088
2026-09-01 19:52:54,707.37,2026-09-01,709.0,0.03,0.08,0.09,408420,500,0.477,0.0948,0.13608,-0.055,0.0044
2026-09-01 19:52:54,707.37,2026-09-01,710.0,0.01,0.04,0.04,394716,3008,0.5801,0.041,0.05826,-0.025,0.0023
2026-09-01 19:52:54,707.37,2026-09-01,711.0,0,0.01,0.01,285773,425,0.6526,0.0165,0.02417,-0.01,0.0011
2026-09-01 19:52:54,707.37,2026-09-01,712.0,0,0.03,0.01,249044,397,0.8038,0.0137,0.01672,-0.01,0.0009
2026-09-01 19:52:54,707.37,2026-09-01,713.0,0,0.01,0.01,123890,567,0.9514,0.0117,0.01239,-0.01,0.0008
2026-09-01 19:52:54,707.37,2026-09-01,714.0,0,0.01,0.01,75099,591,1.0961,0.0103,0.00963,-0.01,0.0007
2026-09-01 19:53:54,706.82,2026-09-01,700.0,6.53,6.82,7.49,1188,333,,,,,
2026-09-01 19:53:54,706.82,2026-09-01,701.0,5.61,5.9,6.27,1307,93,,,,,
2026-09-01 19:53:54,706.82,2026-09-01,702.0,4.72,4.9,5.19,1756,223,,,,,
2026-09-01 19:53:54,706.82,2026-09-01,703.0,3.65,3.93,4.43,3549,268,,,,,
2026-09-01 19:53:54,706.82,2026-09-01,704.0,2.73,2.95,3.9,14354,498,0.6376,0.9673,0.04757,-0.02,0.0018
2026-09-01 19:53:54,706.82,2026-09-01,705.0,1.8,1.99,2.4,48827,1072,0.6083,0.8937,0.12535,-0.075,0.0044
2026-09-01 19:53:54,706.82,2026-09-01,706.0,1,1.06,1.05,115344,353,0.5422,0.7357,0.25075,-0.21,0.0079
2026-09-01 19:53:54,706.82,2026-09-01,707.0,0.42,0.43,0.45,251031,456,0.5311,0.4445,0.3092,-0.425,0.0095
2026-09-01 19:53:54,706.82,2026-09-01,708.0,0.14,0.15,0.1,414704,631,0.5649,0.1932,0.2017,-0.145,0.0066
2026-09-01 19:53:54,706.82,2026-09-01,709.0,0.01,0.05,0.05,408633,500,0.559,0.0529,0.08023,-0.03,0.0026
2026-09-01 19:53:54,706.82,2026-09-01,710.0,0,0.03,0.02,395213,3008,0.7033,0.0305,0.04075,-0.02,0.0017
2026-09-01 19:53:54,706.82,2026-09-01,711.0,0,0.03,0.02,285886,425,0.8827,0.025,0.02748,-0.02,0.0014
2026-09-01 19:53:54,706.82,2026-09-01,712.0,0,0.01,0.01,249077,397,0.9566,0.0125,0.01408,-0.01,0.0008
2026-09-01 19:53:54,706.82,2026-09-01,713.0,0,0.01,0.01,124466,567,1.1142,0.0109,0.01073,-0.01,0.0007
2026-09-01 19:54:54,707.09,2026-09-01,701.0,5.95,6.25,6.27,1307,93,1.2782,0.9852,0.01329,-0.015,0.0008
2026-09-01 19:54:54,707.09,2026-09-01,702.0,4.86,5.14,5.19,1756,223,,,,,
2026-09-01 19:54:54,707.09,2026-09-01,703.0,3.95,4.21,4.43,3549,268,,,,,
2026-09-01 19:54:54,707.09,2026-09-01,704.0,2.9,3.22,3.03,14356,498,,,,,
2026-09-01 19:54:54,707.09,2026-09-01,705.0,1.92,2.26,2.009,48872,1072,0.4326,0.9859,0.03763,-0.005,0.0008
2026-09-01 19:54:54,707.09,2026-09-01,706.0,1.16,1.26,1.17,115475,353,0.5549,0.8135,0.21983,-0.125,0.0059
2026-09-01 19:54:54,707.09,2026-09-01,707.0,0.51,0.57,0.5,251599,456,0.5656,0.5277,0.31996,-0.455,0.0088
2026-09-01 19:54:54,707.09,2026-09-01,708.0,0.13,0.18,0.18,415671,631,0.5467,0.2238,0.24869,-0.155,0.0066
2026-09-01 19:54:54,707.09,2026-09-01,709.0,0.01,0.02,0.02,409012,500,0.482,0.0357,0.07405,-0.015,0.0017
2026-09-01 19:54:54,707.09,2026-09-01,710.0,0,0.03,0.01,395241,3008,0.64,0.0194,0.03357,-0.01,0.001
2026-09-01 19:54:54,707.09,2026-09-01,711.0,0,0.01,0.01,285911,425,0.8228,0.0155,0.02157,-0.01,0.0009
2026-09-01 19:54:54,707.09,2026-09-01,712.0,0,0.03,0.02,249239,397,1.1062,0.0221,0.02168,-0.02,0.0012
2026-09-01 19:54:54,707.09,2026-09-01,713.0,0,0.01,0.01,124466,567,1.1737,0.0113,0.01148,-0.01,0.0007
2026-09-01 19:54:54,707.09,2026-09-01,714.0,0,0.01,0.01,75106,591,1.3438,0.01,0.00902,-0.01,0.0006
2026-09-01 19:55:55,707.39,2026-09-01,701.0,6.24,6.52,6.27,1307,93,,,,,
2026-09-01 19:55:55,707.39,2026-09-01,702.0,5.35,5.48,5.19,1756,223,1.3433,0.9797,0.01851,-0.02,0.001
2026-09-01 19:55:55,707.39,2026-09-01,703.0,4.24,4.56,4.43,3549,268,0.9273,0.9921,0.01184,-0.005,0.0004
2026-09-01 19:55:55,707.39,2026-09-01,704.0,3.32,3.57,3.32,14363,498,1.0816,0.945,0.05217,-0.05,0.0022
2026-09-01 19:55:55,707.39,2026-09-01,705.0,2.34,2.49,2.42,48904,1072,0.6814,0.9631,0.06008,-0.02,0.0016
2026-09-01 19:55:55,707.39,2026-09-01,706.0,1.5,1.52,1.52,115655,353,0.7057,0.8426,0.17308,-0.115,0.0047
2026-09-01 19:55:55,707.39,2026-09-01,707.0,0.7,0.72,0.73,252856,456,0.6198,0.6273,0.3099,-0.315,0.0075
2026-09-01 19:55:55,707.39,2026-09-01,708.0,0.23,0.24,0.25,416534,631,0.6075,0.3071,0.29352,-0.235,0.0069
2026-09-01 19:55:55,707.39,2026-09-01,709.0,0.03,0.08,0.08,409847,500,0.6222,0.0957,0.13858,-0.055,0.0033
2026-09-01 19:55:55,707.39,2026-09-01,710.0,0.01,0.02,0.03,395455,3008,0.6933,0.0286,0.04782,-0.015,0.0013
2026-09-01 19:55:55,707.39,2026-09-01,711.0,0,0.03,0.01,286571,425,0.8558,0.0165,0.02443,-0.01,0.0008
2026-09-01 19:55:55,707.39,2026-09-01,712.0,0,0.01,0.02,249290,397,1.1689,0.0232,0.02386,-0.02,0.0011
2026-09-01 19:55:55,707.39,2026-09-01,713.0,0,0.01,0.01,124467,567,1.2503,0.0118,0.01248,-0.01,0.0006
2026-09-01 19:55:55,707.39,2026-09-01,714.0,0,0.01,0.01,75165,591,1.4413,0.0104,0.00968,-0.01,0.0005
2026-09-01 19:56:57,707.1,2026-09-01,701.0,5.91,6.15,6.27,1307,93,,,,,
2026-09-01 19:56:57,707.1,2026-09-01,702.0,4.98,5.13,5.19,1756,223,,,,,
2026-09-01 19:56:57,707.1,2026-09-01,703.0,4.13,4.18,4.31,3550,268,1.5094,0.9452,0.04317,-0.06,0.0019
2026-09-01 19:56:57,707.1,2026-09-01,704.0,2.99,3.21,3.32,14363,498,0.7899,0.9895,0.02071,-0.005,0.0005
2026-09-01 19:56:57,707.1,2026-09-01,705.0,2.029,2.18,2.1,48909,1072,0.6208,0.9765,0.05254,-0.0095,0.0009
2026-09-01 19:56:57,707.1,2026-09-01,706.0,1.24,1.27,1.26,115826,353,0.795,0.7912,0.21218,-0.16,0.0049
2026-09-01 19:56:57,707.1,2026-09-01,707.0,0.49,0.56,0.56,254246,456,0.7007,0.5321,0.33332,-0.43,0.0068
2026-09-01 19:56:57,707.1,2026-09-01,708.0,0.16,0.17,0.14,417926,631,0.7212,0.231,0.24789,-0.165,0.0052
2026-09-01 19:56:57,707.1,2026-09-01,709.0,0.01,0.02,0.02,410477,500,0.6199,0.0358,0.07459,-0.015,0.0013
2026-09-01 19:56:57,707.1,2026-09-01,710.0,0.03,0.04,0.03,395486,3008,1.0241,0.0483,0.05757,-0.035,0.0017
2026-09-01 19:56:57,707.1,2026-09-01,711.0,0,0.03,0.01,286581,425,1.0604,0.0156,0.02165,-0.01,0.0007
2026-09-01 19:56:57,707.1,2026-09-01,712.0,0,0.03,0.01,249304,397,1.2897,0.0131,0.01531,-0.01,0.0006
2026-09-01 19:56:57,707.1,2026-09-01,713.0,0,0.01,0.01,124468,567,1.5137,0.0113,0.01151,-0.01,0.0005
2026-09-01 19:56:57,707.1,2026-09-01,714.0,0,0.01,0.01,75199,591,1.7335,0.01,0.00904,-0.01,0.0005
2026-09-01 19:57:57,707.07,2026-09-01,701.0,5.98,6.29,6.27,1307,93,2.5708,0.9559,0.02605,-0.065,0.0013
2026-09-01 19:57:57,707.07,2026-09-01,702.0,4.96,5.22,5.19,1756,223,1.8037,0.9787,0.02036,-0.02,0.0007
2026-09-01 19:57:57,707.07,2026-09-01,703.0,3.97,4.1,4.31,3550,268,,,,,
2026-09-01 19:57:57,707.07,2026-09-01,704.0,2.88,3.15,3.16,14364,498,,,,,
2026-09-01 19:57:57,707.07,2026-09-01,705.0,1.98,2.16,2.16,48922,1072,,,,,
2026-09-01 19:57:57,707.07,2026-09-01,706.0,1.17,1.19,1.25,115870,353,0.828,0.8236,0.22459,-0.11,0.0036
2026-09-01 19:57:57,707.07,2026-09-01,707.0,0.46,0.48,0.48,255006,456,0.781,0.526,0.36589,-0.4,0.0055
2026-09-01 19:57:57,707.07,2026-09-01,708.0,0.11,0.12,0.12,418657,631,0.7709,0.1937,0.25563,-0.115,0.0038
2026-09-01 19:57:57,707.07,2026-09-01,709.0,0.05,0.06,0.06,410808,500,1.009,0.0853,0.11103,-0.055,0.0022
2026-09-01 19:57:57,707.07,2026-09-01,710.0,0.01,0.02,0.02,395706,3008,1.0813,0.0262,0.04036,-0.015,0.0008
2026-09-01 19:57:57,707.07,2026-09-01,711.0,0,0.03,0.01,286667,425,1.3031,0.0155,0.02144,-0.01,0.0005
2026-09-01 19:57:57,707.07,2026-09-01,712.0,0,0.01,0.01,249417,397,1.5831,0.013,0.01519,-0.01,0.0005
2026-09-01 19:57:57,707.07,2026-09-01,713.0,0,0.03,0.01,124672,567,1.8567,0.0113,0.01144,-0.01,0.0004
2026-09-01 19:57:57,707.07,2026-09-01,714.0,0,0.01,0.01,75199,591,2.1252,0.01,0.00899,-0.01,0.0004
2026-09-01 19:58:58,707.49,2026-09-01,701.0,6.18,6.48,6.27,1307,93,,,,,
2026-09-01 19:58:58,707.49,2026-09-01,702.0,5.31,5.55,5.19,1756,223,,,,,
2026-09-01 19:58:58,707.49,2026-09-01,703.0,4.3,4.56,4.31,3550,268,,,,,
2026-09-01 19:58:58,707.49,2026-09-01,704.0,3.29,3.59,3.27,14366,498,,,,,
2026-09-01 19:58:58,707.49,2026-09-01,705.0,2.27,2.64,2.16,48922,1072,,,,,
2026-09-01 19:58:58,707.49,2026-09-01,706.0,1.43,1.59,1.55,115947,353,0.925,0.9482,0.11566,-0.02,0.0011
2026-09-01 19:58:58,707.49,2026-09-01,707.0,0.67,0.7,0.73,256067,456,0.9926,0.6912,0.35812,-0.195,0.0035
2026-09-01 19:58:58,707.49,2026-09-01,708.0,0.18,0.23,0.19,419187,631,1.0383,0.3104,0.34311,-0.205,0.0035
2026-09-01 19:58:58,707.49,2026-09-01,709.0,0.02,0.07,0.07,411223,500,1.123,0.0877,0.1432,-0.045,0.0016
2026-09-01 19:58:58,707.49,2026-09-01,710.0,0.01,0.02,0.03,395878,3008,1.337,0.0293,0.05044,-0.015,0.0007
2026-09-01 19:58:58,707.49,2026-09-01,711.0,0,0.01,0.01,286709,425,1.6637,0.0169,0.02542,-0.01,0.0004
2026-09-01 19:58:58,707.49,2026-09-01,712.0,0,0.01,0.02,249513,397,2.2843,0.0236,0.02459,-0.02,0.0006
2026-09-01 19:58:58,707.49,2026-09-01,713.0,0,0.01,0.01,124702,567,2.4501,0.0119,0.01281,-0.01,0.0003
2026-09-01 19:58:58,707.49,2026-09-01,714.0,0,0.03,0.01,75297,591,2.8305,0.0105,0.0099,-0.01,0.0003
2026-09-01 19:59:58,707.64,2026-09-01,701.0,5.69,7.89,6.27,1307,93,4.7114,0.927,0.03015,-0.15,0.0014
2026-09-01 19:59:58,707.64,2026-09-01,702.0,3.78,7.29,5.19,1756,223,,,,,
2026-09-01 19:59:58,707.64,2026-09-01,703.0,3.8,5.95,4.31,3550,268,4.0683,0.88,0.05037,-0.235,0.002
2026-09-01 19:59:58,707.64,2026-09-01,704.0,3.2,4.8,3.27,14367,498,3.9725,0.8274,0.0659,-0.36,0.0025
2026-09-01 19:59:58,707.64,2026-09-01,705.0,2.51,2.85,2.51,48927,1072,1.7082,0.9438,0.06786,-0.04,0.0011
2026-09-01 19:59:58,707.64,2026-09-01,706.0,1.53,1.73,1.59,115992,353,,,,,
2026-09-01 19:59:58,707.64,2026-09-01,707.0,0.83,0.91,0.87,256667,456,1.2439,0.7013,0.28579,-0.23,0.0034
2026-09-01 19:59:58,707.64,2026-09-01,708.0,0.3,0.33,0.32,419856,631,1.2153,0.3811,0.32127,-0.315,0.0037
2026-09-01 19:59:58,707.64,2026-09-01,709.0,0.08,0.09,0.08,411779,500,1.2662,0.136,0.17657,-0.085,0.0021
2026-09-01 19:59:58,707.64,2026-09-01,710.0,0.03,0.04,0.02,395998,3008,1.5152,0.0557,0.07596,-0.035,0.0011
2026-09-01 19:59:58,707.64,2026-09-01,711.0,0,0.01,0.02,286813,425,1.8144,0.0293,0.03766,-0.02,0.0007
2026-09-01 19:59:58,707.64,2026-09-01,712.0,0,0.01,0.02,249543,397,2.2541,0.0242,0.02584,-0.02,0.0006
2026-09-01 19:59:58,707.64,2026-09-01,713.0,0,0.03,0.01,124712,567,2.4286,0.0122,0.01336,-0.01,0.0003
2026-09-01 19:59:58,707.64,2026-09-01,714.0,0,0.03,0.01,75297,591,2.8158,0.0107,0.01027,-0.01,0.0003
2026-09-01 20:00:58,707.95,2026-09-01,701.0,4.64,8.3,6.27,1307,93,,,,,
2026-09-01 20:00:58,707.95,2026-09-01,702.0,3.46,7.34,5.61,1777,223,,,,,
2026-09-01 20:00:58,707.95,2026-09-01,703.0,3.33,6.13,4.41,3555,268,,,,,
2026-09-01 20:00:58,707.95,2026-09-01,704.0,2.15,5.34,3.45,14385,498,,,,,
2026-09-01 20:00:58,707.95,2026-09-01,705.0,2.69,2.78,2.49,49198,1072,,,,,
2026-09-01 20:00:58,707.95,2026-09-01,706.0,1.54,1.85,1.65,116590,353,,,,,
2026-09-01 20:00:58,707.95,2026-09-01,707.0,0.86,0.91,0.85,259385,456,,,,,
2026-09-01 20:00:58,707.95,2026-09-01,708.0,0.26,0.3,0.31,426977,631,0.7811,0.4741,0.5219,-0.28,0.0039
2026-09-01 20:00:58,707.95,2026-09-01,709.0,0.08,0.09,0.09,415092,500,1.0639,0.1564,0.23078,-0.085,0.0023
2026-09-01 20:00:58,707.95,2026-09-01,710.0,0.01,0.02,0.04,400596,3008,1.1479,0.034,0.06727,-0.015,0.0007
2026-09-01 20:00:58,707.95,2026-09-01,711.0,0,0.01,0.01,288551,425,1.4979,0.0188,0.03138,-0.01,0.0004
2026-09-01 20:00:58,707.95,2026-09-01,712.0,0,0.03,0.01,251607,397,1.9077,0.0151,0.02049,-0.01,0.0004
2026-09-01 20:00:58,707.95,2026-09-01,713.0,0,0.03,0.01,124742,567,2.3059,0.0128,0.01464,-0.01,0.0003
2026-09-01 20:00:58,707.95,2026-09-01,714.0,0,0.01,0.01,75538,591,2.6953,0.0111,0.01109,-0.01,0.0003
2026-09-01 20:02:01,707.53,2026-09-01,701.0,4.64,8.3,6.27,1307,93,,,,,
2026-09-01 20:02:01,707.53,2026-09-01,702.0,3.46,7.34,5.53,1780,223,,,,,
2026-09-01 20:02:01,707.53,2026-09-01,703.0,3.33,6.13,4.55,3578,268,3.8171,0.8893,0.05072,-0.2,0.0018
2026-09-01 20:02:01,707.53,2026-09-01,704.0,2.15,5.34,3.45,14393,498,3.2716,0.8666,0.06743,-0.215,0.0021
2026-09-01 20:02:01,707.53,2026-09-01,705.0,2.69,2.78,2.69,49211,1072,2.5722,0.8441,0.09529,-0.205,0.0023
2026-09-01 20:02:01,707.53,2026-09-01,706.0,1.54,1.85,1.58,116720,353,1.7214,0.8194,0.15654,-0.165,0.0026
2026-09-01 20:02:01,707.53,2026-09-01,707.0,0.86,0.91,0.8,259935,456,1.4953,0.6422,0.25581,-0.355,0.0036
2026-09-01 20:02:01,707.53,2026-09-01,708.0,0.26,0.3,0.24,428734,631,1.2292,0.348,0.30812,-0.28,0.0036
2026-09-01 20:02:01,707.53,2026-09-01,709.0,0.08,0.09,0.07,415650,500,1.3359,0.1302,0.16244,-0.085,0.0021
2026-09-01 20:02:01,707.53,2026-09-01,710.0,0.01,0.02,0.04,400874,3008,1.3394,0.0297,0.05161,-0.015,0.0007
2026-09-01 20:02:01,707.53,2026-09-01,711.0,0,0.01,0.02,288707,425,1.8638,0.0286,0.03596,-0.02,0.0006
2026-09-01 20:02:01,707.53,2026-09-01,712.0,0,0.03,0.01,251614,397,2.0774,0.014,0.01764,-0.01,0.0003
2026-09-01 20:02:01,707.53,2026-09-01,713.0,0,0.03,0.01,124742,567,2.4719,0.012,0.01295,-0.01,0.0003
2026-09-01 20:02:01,707.53,2026-09-01,714.0,0,0.01,0.01,75593,591,2.8584,0.0105,0.01,-0.01,0.0003
2026-09-01 20:03:01,707.53,2026-09-01,701.0,4.64,8.3,6.27,1317,93,,,,,
2026-09-01 20:03:01,707.53,2026-09-01,702.0,3.46,7.34,5.53,1789,223,,,,,
2026-09-01 20:03:01,707.53,2026-09-01,703.0,3.33,6.13,4.55,3589,268,3.8171,0.8893,0.05072,-0.2,0.0018
2026-09-01 20:03:01,707.53,2026-09-01,704.0,2.15,5.34,3.66,14423,498,3.2716,0.8666,0.06743,-0.215,0.0021
2026-09-01 20:03:01,707.53,2026-09-01,705.0,2.69,2.78,2.71,49249,1072,2.5722,0.8441,0.09529,-0.205,0.0023
2026-09-01 20:03:01,707.53,2026-09-01,706.0,1.54,1.85,1.71,116766,353,1.7214,0.8194,0.15654,-0.165,0.0026
2026-09-01 20:03:01,707.53,2026-09-01,707.0,0.86,0.91,0.75,260234,456,1.4953,0.6422,0.25581,-0.355,0.0036
2026-09-01 20:03:01,707.53,2026-09-01,708.0,0.26,0.3,0.26,430000,631,1.2292,0.348,0.30812,-0.28,0.0036
2026-09-01 20:03:01,707.53,2026-09-01,709.0,0.08,0.09,0.03,416339,500,1.3359,0.1302,0.16244,-0.085,0.0021
2026-09-01 20:03:01,707.53,2026-09-01,710.0,0.01,0.02,0.04,401118,3008,1.3394,0.0297,0.05161,-0.015,0.0007
2026-09-01 20:03:01,707.53,2026-09-01,711.0,0,0.01,0.01,288758,425,1.6726,0.017,0.02587,-0.01,0.0004
2026-09-01 20:03:01,707.53,2026-09-01,712.0,0,0.03,0.01,251620,397,2.0774,0.014,0.01764,-0.01,0.0003
2026-09-01 20:03:01,707.53,2026-09-01,713.0,0,0.03,0.01,124743,567,2.4719,0.012,0.01295,-0.01,0.0003
2026-09-01 20:03:01,707.53,2026-09-01,714.0,0,0.01,0.01,75594,591,2.8584,0.0105,0.01,-0.01,0.0003
2026-09-01 20:04:02,707.53,2026-09-01,701.0,4.64,8.3,6.56,1317,93,,,,,
2026-09-01 20:04:02,707.53,2026-09-01,702.0,3.46,7.34,5.8,1789,223,,,,,
2026-09-01 20:04:02,707.53,2026-09-01,703.0,3.33,6.13,4.53,3589,268,3.8171,0.8893,0.05072,-0.2,0.0018
2026-09-01 20:04:02,707.53,2026-09-01,704.0,2.15,5.34,3.6,14423,498,3.2716,0.8666,0.06743,-0.215,0.0021
2026-09-01 20:04:02,707.53,2026-09-01,705.0,2.69,2.78,2.67,49275,1072,2.5722,0.8441,0.09529,-0.205,0.0023
2026-09-01 20:04:02,707.53,2026-09-01,706.0,1.54,1.85,1.67,116879,353,1.7214,0.8194,0.15654,-0.165,0.0026
2026-09-01 20:04:02,707.53,2026-09-01,707.0,0.86,0.91,0.78,261035,456,1.4953,0.6422,0.25581,-0.355,0.0036
2026-09-01 20:04:02,707.53,2026-09-01,708.0,0.26,0.3,0.27,432202,631,1.2292,0.348,0.30812,-0.28,0.0036
2026-09-01 20:04:02,707.53,2026-09-01,709.0,0.08,0.09,0.03,417160,500,1.3359,0.1302,0.16244,-0.085,0.0021
2026-09-01 20:04:02,707.53,2026-09-01,710.0,0.01,0.02,0.04,401400,3008,1.3394,0.0297,0.05161,-0.015,0.0007
2026-09-01 20:04:02,707.53,2026-09-01,711.0,0,0.01,0.01,288808,425,1.6726,0.017,0.02587,-0.01,0.0004
2026-09-01 20:04:02,707.53,2026-09-01,712.0,0,0.03,0.01,251621,397,2.0774,0.014,0.01764,-0.01,0.0003
2026-09-01 20:04:02,707.53,2026-09-01,713.0,0,0.03,0.01,124743,567,2.4719,0.012,0.01295,-0.01,0.0003
2026-09-01 20:04:02,707.53,2026-09-01,714.0,0,0.01,0.01,75594,591,2.8584,0.0105,0.01,-0.01,0.0003
2026-09-01 20:05:02,707.82,2026-09-01,701.0,4.64,8.3,6.56,1317,93,,,,,
2026-09-01 20:05:02,707.82,2026-09-01,702.0,3.46,7.34,5.8,1789,223,,,,,
2026-09-01 20:05:02,707.82,2026-09-01,703.0,3.33,6.13,4.53,3589,268,,,,,
2026-09-01 20:05:02,707.82,2026-09-01,704.0,2.15,5.34,3.6,14426,498,,,,,
2026-09-01 20:05:02,707.82,2026-09-01,705.0,2.69,2.78,2.78,49286,1072,,,,,
2026-09-01 20:05:02,707.82,2026-09-01,706.0,1.54,1.85,1.81,116923,353,,,,,
2026-09-01 20:05:02,707.82,2026-09-01,707.0,0.86,0.91,0.92,262628,456,0.826,0.8457,0.29463,-0.065,0.0023
2026-09-01 20:05:02,707.82,2026-09-01,708.0,0.26,0.3,0.35,433177,631,0.9316,0.4218,0.43018,-0.28,0.0038
2026-09-01 20:05:02,707.82,2026-09-01,709.0,0.08,0.09,0.06,418241,500,1.1498,0.147,0.2049,-0.085,0.0022
2026-09-01 20:05:02,707.82,2026-09-01,710.0,0.01,0.02,0.03,402649,3008,1.2076,0.0325,0.06166,-0.015,0.0007
2026-09-01 20:05:02,707.82,2026-09-01,711.0,0,0.01,0.01,288934,425,1.5522,0.0182,0.02948,-0.01,0.0004
2026-09-01 20:05:02,707.82,2026-09-01,712.0,0,0.03,0.01,251629,397,1.9604,0.0148,0.01953,-0.01,0.0004
2026-09-01 20:05:02,707.82,2026-09-01,713.0,0,0.03,0.01,124916,567,2.3574,0.0125,0.01408,-0.01,0.0003
2026-09-01 20:05:02,707.82,2026-09-01,714.0,0,0.01,0.01,75611,591,2.7459,0.0109,0.01073,-0.01,0.0003
2026-09-01 20:06:03,707.82,2026-09-01,701.0,4.64,8.3,6.56,1317,93,,,,,
2026-09-01 20:06:03,707.82,2026-09-01,702.0,3.46,7.34,5.8,1789,223,,,,,
2026-09-01 20:06:03,707.82,2026-09-01,703.0,3.33,6.13,4.53,3589,268,,,,,
2026-09-01 20:06:03,707.82,2026-09-01,704.0,2.15,5.34,3.65,14426,498,,,,,
2026-09-01 20:06:03,707.82,2026-09-01,705.0,2.69,2.78,2.64,49286,1072,,,,,
2026-09-01 20:06:03,707.82,2026-09-01,706.0,1.54,1.85,1.61,116963,353,,,,,
2026-09-01 20:06:03,707.82,2026-09-01,707.0,0.86,0.91,0.72,262829,456,0.826,0.8457,0.29463,-0.065,0.0023
2026-09-01 20:06:03,707.82,2026-09-01,708.0,0.26,0.3,0.21,434502,631,0.9316,0.4218,0.43018,-0.28,0.0038
2026-09-01 20:06:03,707.82,2026-09-01,709.0,0.08,0.09,0.06,420296,500,1.1498,0.147,0.2049,-0.085,0.0022
2026-09-01 20:06:03,707.82,2026-09-01,710.0,0.01,0.02,0.03,402728,3008,1.2076,0.0325,0.06166,-0.015,0.0007
2026-09-01 20:06:03,707.82,2026-09-01,711.0,0,0.01,0.01,288946,425,1.5522,0.0182,0.02948,-0.01,0.0004
2026-09-01 20:06:03,707.82,2026-09-01,712.0,0,0.03,0.01,251659,397,1.9604,0.0148,0.01953,-0.01,0.0004
2026-09-01 20:06:03,707.82,2026-09-01,713.0,0,0.03,0.01,124916,567,2.3574,0.0125,0.01408,-0.01,0.0003
2026-09-01 20:06:03,707.82,2026-09-01,714.0,0,0.01,0.01,75612,591,2.7459,0.0109,0.01073,-0.01,0.0003
2026-09-01 20:07:05,707.82,2026-09-01,701.0,4.64,8.3,6.56,1317,93,,,,,
2026-09-01 20:07:05,707.82,2026-09-01,702.0,3.46,7.34,5.51,1791,223,,,,,
2026-09-01 20:07:05,707.82,2026-09-01,703.0,3.33,6.13,4.53,3589,268,,,,,
2026-09-01 20:07:05,707.82,2026-09-01,704.0,2.15,5.34,3.65,14426,498,,,,,
2026-09-01 20:07:05,707.82,2026-09-01,705.0,2.69,2.78,2.64,49320,1072,,,,,
2026-09-01 20:07:05,707.82,2026-09-01,706.0,1.54,1.85,1.57,117033,353,,,,,
2026-09-01 20:07:05,707.82,2026-09-01,707.0,0.86,0.91,0.81,263889,456,0.826,0.8457,0.29463,-0.065,0.0023
2026-09-01 20:07:05,707.82,2026-09-01,708.0,0.26,0.3,0.27,435081,631,0.9316,0.4218,0.43018,-0.28,0.0038
2026-09-01 20:07:05,707.82,2026-09-01,709.0,0.08,0.09,0.03,420823,500,1.1498,0.147,0.2049,-0.085,0.0022
2026-09-01 20:07:05,707.82,2026-09-01,710.0,0.01,0.02,0.03,402827,3008,1.2076,0.0325,0.06166,-0.015,0.0007
2026-09-01 20:07:05,707.82,2026-09-01,711.0,0,0.01,0.01,289315,425,1.5522,0.0182,0.02948,-0.01,0.0004
2026-09-01 20:07:05,707.82,2026-09-01,712.0,0,0.03,0.01,251667,397,1.9604,0.0148,0.01953,-0.01,0.0004
2026-09-01 20:07:05,707.82,2026-09-01,713.0,0,0.03,0.01,124942,567,2.3574,0.0125,0.01408,-0.01,0.0003
2026-09-01 20:07:05,707.82,2026-09-01,714.0,0,0.01,0.01,75690,591,2.7459,0.0109,0.01073,-0.01,0.0003
2026-09-01 20:08:05,707.82,2026-09-01,701.0,4.64,8.3,6.56,1317,93,,,,,
2026-09-01 20:08:05,707.82,2026-09-01,702.0,3.46,7.34,5.51,1791,223,,,,,
2026-09-01 20:08:05,707.82,2026-09-01,703.0,3.33,6.13,4.53,3589,268,,,,,
2026-09-01 20:08:05,707.82,2026-09-01,704.0,2.15,5.34,3.65,14436,498,,,,,
2026-09-01 20:08:05,707.82,2026-09-01,705.0,2.69,2.78,2.53,49341,1072,,,,,
2026-09-01 20:08:05,707.82,2026-09-01,706.0,1.54,1.85,1.75,117229,353,,,,,
2026-09-01 20:08:05,707.82,2026-09-01,707.0,0.86,0.91,0.96,264636,456,0.826,0.8457,0.29463,-0.065,0.0023
2026-09-01 20:08:05,707.82,2026-09-01,708.0,0.26,0.3,0.32,436012,631,0.9316,0.4218,0.43018,-0.28,0.0038
2026-09-01 20:08:05,707.82,2026-09-01,709.0,0.08,0.09,0.05,421877,500,1.1498,0.147,0.2049,-0.085,0.0022
2026-09-01 20:08:05,707.82,2026-09-01,710.0,0.01,0.02,0.01,403689,3008,1.2076,0.0325,0.06166,-0.015,0.0007
2026-09-01 20:08:05,707.82,2026-09-01,711.0,0,0.01,0.01,289318,425,1.5522,0.0182,0.02948,-0.01,0.0004
2026-09-01 20:08:05,707.82,2026-09-01,712.0,0,0.03,0.01,251680,397,1.9604,0.0148,0.01953,-0.01,0.0004
2026-09-01 20:08:05,707.82,2026-09-01,713.0,0,0.03,0.01,124945,567,2.3574,0.0125,0.01408,-0.01,0.0003
2026-09-01 20:08:05,707.82,2026-09-01,714.0,0,0.01,0.01,75693,591,2.7459,0.0109,0.01073,-0.01,0.0003
2026-09-01 20:09:06,707.82,2026-09-01,701.0,4.64,8.3,6.56,1317,93,,,,,
2026-09-01 20:09:06,707.82,2026-09-01,702.0,3.46,7.34,5.51,1791,223,,,,,
2026-09-01 20:09:06,707.82,2026-09-01,703.0,3.33,6.13,4.53,3599,268,,,,,
2026-09-01 20:09:06,707.82,2026-09-01,704.0,2.15,5.34,3.73,14436,498,,,,,
2026-09-01 20:09:06,707.82,2026-09-01,705.0,2.69,2.78,2.57,49362,1072,,,,,
2026-09-01 20:09:06,707.82,2026-09-01,706.0,1.54,1.85,1.79,117481,353,,,,,
2026-09-01 20:09:06,707.82,2026-09-01,707.0,0.86,0.91,0.88,265268,456,0.826,0.8457,0.29463,-0.065,0.0023
2026-09-01 20:09:06,707.82,2026-09-01,708.0,0.26,0.3,0.24,436684,631,0.9316,0.4218,0.43018,-0.28,0.0038
2026-09-01 20:09:06,707.82,2026-09-01,709.0,0.08,0.09,0.02,423036,500,1.1498,0.147,0.2049,-0.085,0.0022
2026-09-01 20:09:06,707.82,2026-09-01,710.0,0.01,0.02,0.01,403819,3008,1.2076,0.0325,0.06166,-0.015,0.0007
2026-09-01 20:09:06,707.82,2026-09-01,711.0,0,0.01,0.01,289546,425,1.5522,0.0182,0.02948,-0.01,0.0004
2026-09-01 20:09:06,707.82,2026-09-01,712.0,0,0.03,0.01,252677,397,1.9604,0.0148,0.01953,-0.01,0.0004
2026-09-01 20:09:06,707.82,2026-09-01,713.0,0,0.03,0.01,124946,567,2.3574,0.0125,0.01408,-0.01,0.0003
2026-09-01 20:09:06,707.82,2026-09-01,714.0,0,0.01,0.01,75694,591,2.7459,0.0109,0.01073,-0.01,0.0003
2026-09-01 20:10:06,707.82,2026-09-01,701.0,4.64,8.3,6.56,1317,93,,,,,
2026-09-01 20:10:06,707.82,2026-09-01,702.0,3.46,7.34,5.57,1793,223,,,,,
2026-09-01 20:10:06,707.82,2026-09-01,703.0,3.33,6.13,4.7,3600,268,,,,,
2026-09-01 20:10:06,707.82,2026-09-01,704.0,2.15,5.34,3.72,14454,498,,,,,
2026-09-01 20:10:06,707.82,2026-09-01,705.0,2.69,2.78,2.62,49429,1072,,,,,
2026-09-01 20:10:06,707.82,2026-09-01,706.0,1.54,1.85,1.65,117586,353,,,,,
2026-09-01 20:10:06,707.82,2026-09-01,707.0,0.86,0.91,0.8,266418,456,0.826,0.8457,0.29463,-0.065,0.0023
2026-09-01 20:10:06,707.82,2026-09-01,708.0,0.26,0.3,0.26,437949,631,0.9316,0.4218,0.43018,-0.28,0.0038
2026-09-01 20:10:06,707.82,2026-09-01,709.0,0.08,0.09,0.02,423482,500,1.1498,0.147,0.2049,-0.085,0.0022
2026-09-01 20:10:06,707.82,2026-09-01,710.0,0.01,0.02,0.01,404215,3008,1.2076,0.0325,0.06166,-0.015,0.0007
2026-09-01 20:10:06,707.82,2026-09-01,711.0,0,0.01,0.01,289574,425,1.5522,0.0182,0.02948,-0.01,0.0004
2026-09-01 20:10:06,707.82,2026-09-01,712.0,0,0.03,0.01,252692,397,1.9604,0.0148,0.01953,-0.01,0.0004
2026-09-01 20:10:06,707.82,2026-09-01,713.0,0,0.03,0.01,124951,567,2.3574,0.0125,0.01408,-0.01,0.0003
2026-09-01 20:10:06,707.82,2026-09-01,714.0,0,0.01,0.01,75694,591,2.7459,0.0109,0.01073,-0.01,0.0003
2026-09-01 20:11:07,707.82,2026-09-01,701.0,4.64,8.3,6.56,1317,93,,,,,
2026-09-01 20:11:07,707.82,2026-09-01,702.0,3.46,7.34,5.57,1793,223,,,,,
2026-09-01 20:11:07,707.82,2026-09-01,703.0,3.33,6.13,4.67,3611,268,,,,,
2026-09-01 20:11:07,707.82,2026-09-01,704.0,2.15,5.34,3.65,14454,498,,,,,
2026-09-01 20:11:07,707.82,2026-09-01,705.0,2.69,2.78,2.56,49441,1072,,,,,
2026-09-01 20:11:07,707.82,2026-09-01,706.0,1.54,1.85,1.58,117668,353,,,,,
2026-09-01 20:11:07,707.82,2026-09-01,707.0,0.86,0.91,0.77,267012,456,0.826,0.8457,0.29463,-0.065,0.0023
2026-09-01 20:11:07,707.82,2026-09-01,708.0,0.26,0.3,0.18,438727,631,0.9316,0.4218,0.43018,-0.28,0.0038
2026-09-01 20:11:07,707.82,2026-09-01,709.0,0.08,0.09,0.02,423950,500,1.1498,0.147,0.2049,-0.085,0.0022
2026-09-01 20:11:07,707.82,2026-09-01,710.0,0.01,0.02,0.03,404553,3008,1.2076,0.0325,0.06166,-0.015,0.0007
2026-09-01 20:11:07,707.82,2026-09-01,711.0,0,0.01,0.01,289597,425,1.5522,0.0182,0.02948,-0.01,0.0004
2026-09-01 20:11:07,707.82,2026-09-01,712.0,0,0.03,0.01,252694,397,1.9604,0.0148,0.01953,-0.01,0.0004
2026-09-01 20:11:07,707.82,2026-09-01,713.0,0,0.03,0.01,124951,567,2.3574,0.0125,0.01408,-0.01,0.0003
2026-09-01 20:11:07,707.82,2026-09-01,714.0,0,0.01,0.01,75695,591,2.7459,0.0109,0.01073,-0.01,0.0003
2026-09-01 20:12:09,707.82,2026-09-01,701.0,4.64,8.3,6.56,1317,93,,,,,
2026-09-01 20:12:09,707.82,2026-09-01,702.0,3.46,7.34,5.57,1793,223,,,,,
2026-09-01 20:12:09,707.82,2026-09-01,703.0,3.33,6.13,4.61,3611,268,,,,,
2026-09-01 20:12:09,707.82,2026-09-01,704.0,2.15,5.34,3.65,14464,498,,,,,
2026-09-01 20:12:09,707.82,2026-09-01,705.0,2.69,2.78,2.54,49442,1072,,,,,
2026-09-01 20:12:09,707.82,2026-09-01,706.0,1.54,1.85,1.55,117715,353,,,,,
2026-09-01 20:12:09,707.82,2026-09-01,707.0,0.86,0.91,0.81,267495,456,0.826,0.8457,0.29463,-0.065,0.0023
2026-09-01 20:12:09,707.82,2026-09-01,708.0,0.26,0.3,0.21,439164,631,0.9316,0.4218,0.43018,-0.28,0.0038
2026-09-01 20:12:09,707.82,2026-09-01,709.0,0.08,0.09,0.03,426135,500,1.1498,0.147,0.2049,-0.085,0.0022
2026-09-01 20:12:09,707.82,2026-09-01,710.0,0.01,0.02,0.01,404702,3008,1.2076,0.0325,0.06166,-0.015,0.0007
2026-09-01 20:12:09,707.82,2026-09-01,711.0,0,0.01,0.01,289625,425,1.5522,0.0182,0.02948,-0.01,0.0004
2026-09-01 20:12:09,707.82,2026-09-01,712.0,0,0.03,0.01,252705,397,1.9604,0.0148,0.01953,-0.01,0.0004
2026-09-01 20:12:09,707.82,2026-09-01,713.0,0,0.03,0.01,124956,567,2.3574,0.0125,0.01408,-0.01,0.0003
2026-09-01 20:12:09,707.82,2026-09-01,714.0,0,0.01,0.01,75696,591,2.7459,0.0109,0.01073,-0.01,0.0003
2026-09-01 20:13:09,707.82,2026-09-01,701.0,4.64,8.3,6.56,1317,93,,,,,
2026-09-01 20:13:09,707.82,2026-09-01,702.0,3.46,7.34,5.57,1793,223,,,,,
2026-09-01 20:13:09,707.82,2026-09-01,703.0,3.33,6.13,4.56,3622,268,,,,,
2026-09-01 20:13:09,707.82,2026-09-01,704.0,2.15,5.34,3.58,14474,498,,,,,
2026-09-01 20:13:09,707.82,2026-09-01,705.0,2.69,2.78,2.51,49444,1072,,,,,
2026-09-01 20:13:09,707.82,2026-09-01,706.0,1.54,1.85,1.66,117823,353,,,,,
2026-09-01 20:13:09,707.82,2026-09-01,707.0,0.86,0.91,0.77,268349,456,0.826,0.8457,0.29463,-0.065,0.0023
2026-09-01 20:13:09,707.82,2026-09-01,708.0,0.26,0.3,0.16,439730,631,0.9316,0.4218,0.43018,-0.28,0.0038
2026-09-01 20:13:09,707.82,2026-09-01,709.0,0.08,0.09,0.04,426634,500,1.1498,0.147,0.2049,-0.085,0.0022
2026-09-01 20:13:09,707.82,2026-09-01,710.0,0.01,0.02,0.03,405011,3008,1.2076,0.0325,0.06166,-0.015,0.0007
2026-09-01 20:13:09,707.82,2026-09-01,711.0,0,0.01,0.01,289629,425,1.5522,0.0182,0.02948,-0.01,0.0004
2026-09-01 20:13:09,707.82,2026-09-01,712.0,0,0.03,0.01,252709,397,1.9604,0.0148,0.01953,-0.01,0.0004
2026-09-01 20:13:09,707.82,2026-09-01,713.0,0,0.03,0.01,124958,567,2.3574,0.0125,0.01408,-0.01,0.0003
2026-09-01 20:13:09,707.82,2026-09-01,714.0,0,0.01,0.01,75696,591,2.7459,0.0109,0.01073,-0.01,0.0003
2026-09-01 20:14:09,707.82,2026-09-01,701.0,4.64,8.3,6.56,1317,93,,,,,
2026-09-01 20:14:09,707.82,2026-09-01,702.0,3.46,7.34,5.57,1793,223,,,,,
2026-09-01 20:14:09,707.82,2026-09-01,703.0,3.33,6.13,4.66,3627,268,,,,,
2026-09-01 20:14:09,707.82,2026-09-01,704.0,2.15,5.34,3.64,14597,498,,,,,
2026-09-01 20:14:09,707.82,2026-09-01,705.0,2.69,2.78,2.61,49534,1072,,,,,
2026-09-01 20:14:09,707.82,2026-09-01,706.0,1.54,1.85,1.68,118027,353,,,,,
2026-09-01 20:14:09,707.82,2026-09-01,707.0,0.86,0.91,0.74,268957,456,0.826,0.8457,0.29463,-0.065,0.0023
2026-09-01 20:14:09,707.82,2026-09-01,708.0,0.26,0.3,0.17,443713,631,0.9316,0.4218,0.43018,-0.28,0.0038
2026-09-01 20:14:09,707.82,2026-09-01,709.0,0.08,0.09,0.04,427385,500,1.1498,0.147,0.2049,-0.085,0.0022
2026-09-01 20:14:09,707.82,2026-09-01,710.0,0.01,0.02,0.01,405241,3008,1.2076,0.0325,0.06166,-0.015,0.0007
2026-09-01 20:14:09,707.82,2026-09-01,711.0,0,0.01,0.01,289644,425,1.5522,0.0182,0.02948,-0.01,0.0004
2026-09-01 20:14:09,707.82,2026-09-01,712.0,0,0.03,0.01,252712,397,1.9604,0.0148,0.01953,-0.01,0.0004
2026-09-01 20:14:09,707.82,2026-09-01,713.0,0,0.03,0.01,124975,567,2.3574,0.0125,0.01408,-0.01,0.0003
2026-09-01 20:14:09,707.82,2026-09-01,714.0,0,0.01,0.01,75698,591,2.7459,0.0109,0.01073,-0.01,0.0003
2026-09-01 20:15:10,707.82,2026-09-01,701.0,4.64,8.3,6.56,1317,93,,,,,
2026-09-01 20:15:10,707.82,2026-09-01,702.0,3.46,7.34,5.57,1793,223,,,,,
2026-09-01 20:15:10,707.82,2026-09-01,703.0,3.33,6.13,4.66,3629,268,,,,,
2026-09-01 20:15:10,707.82,2026-09-01,704.0,2.15,5.34,3.76,14597,498,,,,,
2026-09-01 20:15:10,707.82,2026-09-01,705.0,2.69,2.78,2.95,49608,1072,,,,,
2026-09-01 20:15:10,707.82,2026-09-01,706.0,1.54,1.85,1.9,118230,353,,,,,
2026-09-01 20:15:10,707.82,2026-09-01,707.0,0.86,0.91,0.93,269491,456,0.826,0.8457,0.29463,-0.065,0.0023
2026-09-01 20:15:10,707.82,2026-09-01,708.0,0.26,0.3,0.27,445492,631,0.9316,0.4218,0.43018,-0.28,0.0038
2026-09-01 20:15:10,707.82,2026-09-01,709.0,0.08,0.09,0.05,430206,500,1.1498,0.147,0.2049,-0.085,0.0022
2026-09-01 20:15:10,707.82,2026-09-01,710.0,0.01,0.02,0.03,405661,3008,1.2076,0.0325,0.06166,-0.015,0.0007
2026-09-01 20:15:10,707.82,2026-09-01,711.0,0,0.01,0.01,289667,425,1.5522,0.0182,0.02948,-0.01,0.0004
2026-09-01 20:15:10,707.82,2026-09-01,712.0,0,0.03,0.01,252814,397,1.9604,0.0148,0.01953,-0.01,0.0004
2026-09-01 20:15:10,707.82,2026-09-01,713.0,0,0.03,0.01,124991,567,2.3574,0.0125,0.01408,-0.01,0.0003
2026-09-01 20:15:10,707.82,2026-09-01,714.0,0,0.01,0.01,75699,591,2.7459,0.0109,0.01073,-0.01,0.0003
2026-09-01 20:16:12,708.0,2026-09-01,701.0,4.64,8.3,6.56,1317,93,,,,,
2026-09-01 20:16:12,708.0,2026-09-01,702.0,3.46,7.34,5.57,1793,223,,,,,
2026-09-01 20:16:12,708.0,2026-09-01,703.0,3.33,6.13,4.94,3629,268,,,,,
2026-09-01 20:16:12,708.0,2026-09-01,704.0,2.15,5.34,3.76,14612,498,,,,,
2026-09-01 20:16:12,708.0,2026-09-01,705.0,2.69,2.78,2.59,49608,1072,,,,,
2026-09-01 20:16:12,708.0,2026-09-01,706.0,1.54,1.85,1.84,118232,353,,,,,
2026-09-01 20:16:12,708.0,2026-09-01,707.0,0.86,0.91,0.83,269706,456,,,,,
2026-09-01 20:16:12,708.0,2026-09-01,708.0,0.26,0.3,0.27,447156,631,0.7186,0.5002,0.56847,-0.28,0.0039
2026-09-01 20:16:12,708.0,2026-09-01,709.0,0.08,0.09,0.05,430321,500,1.0303,0.1605,0.24231,-0.085,0.0024
2026-09-01 20:16:12,708.0,2026-09-01,710.0,0.01,0.02,0.01,405798,3008,1.1248,0.0346,0.06965,-0.015,0.0007
2026-09-01 20:16:12,708.0,2026-09-01,711.0,0,0.01,0.01,289669,425,1.4769,0.019,0.03216,-0.01,0.0005
2026-09-01 20:16:12,708.0,2026-09-01,712.0,0,0.03,0.01,252841,397,1.8874,0.0153,0.02088,-0.01,0.0004
2026-09-01 20:16:12,708.0,2026-09-01,713.0,0,0.03,0.01,124994,567,2.2861,0.0129,0.01486,-0.01,0.0003
2026-09-01 20:16:12,708.0,2026-09-01,714.0,0,0.01,0.01,75799,591,2.6759,0.0112,0.01123,-0.01,0.0003
2026-09-01 20:16:12,708.0,2026-09-01,715.0,0,0.03,0.01,99857,1407,3.0585,0.0099,0.00885,-0.01,0.0003
2026-09-01 20:17:15,708.0,2026-09-01,701.0,4.64,8.3,6.56,1317,93,,,,,
2026-09-01 20:17:15,708.0,2026-09-01,702.0,3.46,7.34,5.57,1793,223,,,,,
2026-09-01 20:17:15,708.0,2026-09-01,703.0,3.33,6.13,4.94,3629,268,,,,,
2026-09-01 20:17:15,708.0,2026-09-01,704.0,2.15,5.34,3.81,14612,498,,,,,
2026-09-01 20:17:15,708.0,2026-09-01,705.0,2.69,2.78,2.65,49610,1072,,,,,
2026-09-01 20:17:15,708.0,2026-09-01,706.0,1.54,1.85,1.67,118256,353,,,,,
2026-09-01 20:17:15,708.0,2026-09-01,707.0,0.86,0.91,0.84,270139,456,,,,,
2026-09-01 20:17:15,708.0,2026-09-01,708.0,0.26,0.3,0.27,451162,631,0.7186,0.5002,0.56847,-0.28,0.0039
2026-09-01 20:17:15,708.0,2026-09-01,709.0,0.08,0.09,0.05,430677,500,1.0303,0.1605,0.24231,-0.085,0.0024
2026-09-01 20:17:15,708.0,2026-09-01,710.0,0.01,0.02,0.01,406113,3008,1.1248,0.0346,0.06965,-0.015,0.0007
2026-09-01 20:17:15,708.0,2026-09-01,711.0,0,0.01,0.01,289670,425,1.4769,0.019,0.03216,-0.01,0.0005
2026-09-01 20:17:15,708.0,2026-09-01,712.0,0,0.03,0.01,252861,397,1.8874,0.0153,0.02088,-0.01,0.0004
2026-09-01 20:17:15,708.0,2026-09-01,713.0,0,0.03,0.01,125095,567,2.2861,0.0129,0.01486,-0.01,0.0003
2026-09-01 20:17:15,708.0,2026-09-01,714.0,0,0.01,0.01,75799,591,2.6759,0.0112,0.01123,-0.01,0.0003
2026-09-01 20:17:15,708.0,2026-09-01,715.0,0,0.03,0.01,99858,1407,3.0585,0.0099,0.00885,-0.01,0.0003
2026-09-01 20:18:15,708.0,2026-09-01,701.0,4.64,8.3,6.56,1317,93,,,,,
2026-09-01 20:18:15,708.0,2026-09-01,702.0,3.46,7.34,5.57,1793,223,,,,,
2026-09-01 20:18:15,708.0,2026-09-01,703.0,3.33,6.13,4.94,3629,268,,,,,
2026-09-01 20:18:15,708.0,2026-09-01,704.0,2.15,5.34,3.81,14613,498,,,,,
2026-09-01 20:18:15,708.0,2026-09-01,705.0,2.69,2.78,2.65,49622,1072,,,,,
2026-09-01 20:18:15,708.0,2026-09-01,706.0,1.54,1.85,1.67,118263,353,,,,,
2026-09-01 20:18:15,708.0,2026-09-01,707.0,0.86,0.91,0.83,270199,456,,,,,
2026-09-01 20:18:15,708.0,2026-09-01,708.0,0.26,0.3,0.22,451398,631,0.7186,0.5002,0.56847,-0.28,0.0039
2026-09-01 20:18:15,708.0,2026-09-01,709.0,0.08,0.09,0.04,430773,500,1.0303,0.1605,0.24231,-0.085,0.0024
2026-09-01 20:18:15,708.0,2026-09-01,710.0,0.01,0.02,0.01,406383,3008,1.1248,0.0346,0.06965,-0.015,0.0007
2026-09-01 20:18:15,708.0,2026-09-01,711.0,0,0.01,0.01,289671,425,1.4769,0.019,0.03216,-0.01,0.0005
2026-09-01 20:18:15,708.0,2026-09-01,712.0,0,0.03,0.01,252865,397,1.8874,0.0153,0.02088,-0.01,0.0004
2026-09-01 20:18:15,708.0,2026-09-01,713.0,0,0.03,0.01,125252,567,2.2861,0.0129,0.01486,-0.01,0.0003
2026-09-01 20:18:15,708.0,2026-09-01,714.0,0,0.01,0.01,75872,591,2.6759,0.0112,0.01123,-0.01,0.0003
2026-09-01 20:18:15,708.0,2026-09-01,715.0,0,0.03,0.01,99858,1407,3.0585,0.0099,0.00885,-0.01,0.0003
2026-09-01 20:19:16,708.0,2026-09-01,701.0,4.64,8.3,6.56,1317,93,,,,,
2026-09-01 20:19:16,708.0,2026-09-01,702.0,3.46,7.34,5.57,1794,223,,,,,
2026-09-01 20:19:16,708.0,2026-09-01,703.0,3.33,6.13,4.94,3629,268,,,,,
2026-09-01 20:19:16,708.0,2026-09-01,704.0,2.15,5.34,3.81,14613,498,,,,,
2026-09-01 20:19:16,708.0,2026-09-01,705.0,2.69,2.78,2.53,49622,1072,,,,,
2026-09-01 20:19:16,708.0,2026-09-01,706.0,1.54,1.85,1.67,118270,353,,,,,
2026-09-01 20:19:16,708.0,2026-09-01,707.0,0.86,0.91,0.85,270297,456,,,,,
2026-09-01 20:19:16,708.0,2026-09-01,708.0,0.26,0.3,0.26,451896,631,0.7186,0.5002,0.56847,-0.28,0.0039
2026-09-01 20:19:16,708.0,2026-09-01,709.0,0.08,0.09,0.05,431144,500,1.0303,0.1605,0.24231,-0.085,0.0024
2026-09-01 20:19:16,708.0,2026-09-01,710.0,0.01,0.02,0.01,406514,3008,1.1248,0.0346,0.06965,-0.015,0.0007
2026-09-01 20:19:16,708.0,2026-09-01,711.0,0,0.01,0.01,289672,425,1.4769,0.019,0.03216,-0.01,0.0005
2026-09-01 20:19:16,708.0,2026-09-01,712.0,0,0.03,0.01,252865,397,1.8874,0.0153,0.02088,-0.01,0.0004
2026-09-01 20:19:16,708.0,2026-09-01,713.0,0,0.03,0.01,125252,567,2.2861,0.0129,0.01486,-0.01,0.0003
2026-09-01 20:19:16,708.0,2026-09-01,714.0,0,0.01,0.01,75872,591,2.6759,0.0112,0.01123,-0.01,0.0003
2026-09-01 20:19:16,708.0,2026-09-01,715.0,0,0.03,0.01,99877,1407,3.0585,0.0099,0.00885,-0.01,0.0003
2026-09-01 20:20:16,708.0,2026-09-01,701.0,4.64,8.3,6.56,1317,93,,,,,
2026-09-01 20:20:16,708.0,2026-09-01,702.0,3.46,7.34,5.72,1794,223,,,,,
2026-09-01 20:20:16,708.0,2026-09-01,703.0,3.33,6.13,4.94,3629,268,,,,,
2026-09-01 20:20:16,708.0,2026-09-01,704.0,2.15,5.34,3.81,14613,498,,,,,
2026-09-01 20:20:16,708.0,2026-09-01,705.0,2.69,2.78,2.53,49622,1072,,,,,
2026-09-01 20:20:16,708.0,2026-09-01,706.0,1.54,1.85,1.89,118281,353,,,,,
2026-09-01 20:20:16,708.0,2026-09-01,707.0,0.86,0.91,0.93,270381,456,,,,,
2026-09-01 20:20:16,708.0,2026-09-01,708.0,0.26,0.3,0.27,452445,631,0.7186,0.5002,0.56847,-0.28,0.0039
2026-09-01 20:20:16,708.0,2026-09-01,709.0,0.08,0.09,0.05,431234,500,1.0303,0.1605,0.24231,-0.085,0.0024
2026-09-01 20:20:16,708.0,2026-09-01,710.0,0.01,0.02,0.02,406624,3008,1.1248,0.0346,0.06965,-0.015,0.0007
2026-09-01 20:20:16,708.0,2026-09-01,711.0,0,0.01,0.01,289680,425,1.4769,0.019,0.03216,-0.01,0.0005
2026-09-01 20:20:16,708.0,2026-09-01,712.0,0,0.03,0.01,252865,397,1.8874,0.0153,0.02088,-0.01,0.0004
2026-09-01 20:20:16,708.0,2026-09-01,713.0,0,0.03,0.01,125252,567,2.2861,0.0129,0.01486,-0.01,0.0003
2026-09-01 20:20:16,708.0,2026-09-01,714.0,0,0.01,0.01,75872,591,2.6759,0.0112,0.01123,-0.01,0.0003
2026-09-01 20:20:16,708.0,2026-09-01,715.0,0,0.03,0.01,99887,1407,3.0585,0.0099,0.00885,-0.01,0.0003
2026-09-01 20:21:17,708.0,2026-09-01,701.0,4.64,8.3,6.56,1317,93,,,,,
2026-09-01 20:21:17,708.0,2026-09-01,702.0,3.46,7.34,5.72,1794,223,,,,,
2026-09-01 20:21:17,708.0,2026-09-01,703.0,3.33,6.13,4.94,3629,268,,,,,
2026-09-01 20:21:17,708.0,2026-09-01,704.0,2.15,5.34,3.81,14643,498,,,,,
2026-09-01 20:21:17,708.0,2026-09-01,705.0,2.69,2.78,2.53,49622,1072,,,,,
2026-09-01 20:21:17,708.0,2026-09-01,706.0,1.54,1.85,1.67,118289,353,,,,,
2026-09-01 20:21:17,708.0,2026-09-01,707.0,0.86,0.91,0.83,270520,456,,,,,
2026-09-01 20:21:17,708.0,2026-09-01,708.0,0.26,0.3,0.2,452918,631,0.7186,0.5002,0.56847,-0.28,0.0039
2026-09-01 20:21:17,708.0,2026-09-01,709.0,0.08,0.09,0.03,431337,500,1.0303,0.1605,0.24231,-0.085,0.0024
2026-09-01 20:21:17,708.0,2026-09-01,710.0,0.01,0.02,0.01,406709,3008,1.1248,0.0346,0.06965,-0.015,0.0007
2026-09-01 20:21:17,708.0,2026-09-01,711.0,0,0.01,0.01,289681,425,1.4769,0.019,0.03216,-0.01,0.0005
2026-09-01 20:21:17,708.0,2026-09-01,712.0,0,0.03,0.01,252868,397,1.8874,0.0153,0.02088,-0.01,0.0004
2026-09-01 20:21:17,708.0,2026-09-01,713.0,0,0.03,0.01,125252,567,2.2861,0.0129,0.01486,-0.01,0.0003
2026-09-01 20:21:17,708.0,2026-09-01,714.0,0,0.01,0.01,75872,591,2.6759,0.0112,0.01123,-0.01,0.0003
2026-09-01 20:21:17,708.0,2026-09-01,715.0,0,0.03,0.01,99900,1407,3.0585,0.0099,0.00885,-0.01,0.0003
2026-09-01 20:22:20,708.3,2026-09-01,702.0,3.46,7.34,5.72,1794,223,,,,,
2026-09-01 20:22:20,708.3,2026-09-01,703.0,3.33,6.13,4.94,3629,268,,,,,
2026-09-01 20:22:20,708.3,2026-09-01,704.0,2.15,5.34,3.81,14643,498,,,,,
2026-09-01 20:22:20,708.3,2026-09-01,705.0,2.69,2.78,2.53,49622,1072,,,,,
2026-09-01 20:22:20,708.3,2026-09-01,706.0,1.54,1.85,1.67,118295,353,,,,,
2026-09-01 20:22:20,708.3,2026-09-01,707.0,0.86,0.91,0.9,270547,456,,,,,
2026-09-01 20:22:20,708.3,2026-09-01,708.0,0.26,0.3,0.25,453234,631,,,,,
2026-09-01 20:22:20,708.3,2026-09-01,709.0,0.08,0.09,0.04,431562,500,0.8218,0.1919,0.34009,-0.085,0.0027
2026-09-01 20:22:20,708.3,2026-09-01,710.0,0.01,0.02,0.02,406714,3008,0.9845,0.0388,0.08744,-0.015,0.0008
2026-09-01 20:22:20,708.3,2026-09-01,711.0,0,0.01,0.01,289682,425,1.3503,0.0206,0.03761,-0.01,0.0005
2026-09-01 20:22:20,708.3,2026-09-01,712.0,0,0.03,0.01,252872,397,1.7649,0.0162,0.02348,-0.01,0.0004
2026-09-01 20:22:20,708.3,2026-09-01,713.0,0,0.03,0.01,125254,567,2.1666,0.0135,0.01634,-0.01,0.0003
2026-09-01 20:22:20,708.3,2026-09-01,714.0,0,0.01,0.01,76072,591,2.5587,0.0116,0.01216,-0.01,0.0003
2026-09-01 20:22:20,708.3,2026-09-01,715.0,0,0.03,0.01,100000,1407,2.9431,0.0102,0.00947,-0.01,0.0003
2026-09-01 20:23:20,708.3,2026-09-01,702.0,3.46,7.34,5.72,1794,223,,,,,
2026-09-01 20:23:20,708.3,2026-09-01,703.0,3.33,6.13,4.94,3629,268,,,,,
2026-09-01 20:23:20,708.3,2026-09-01,704.0,2.15,5.34,3.81,14643,498,,,,,
2026-09-01 20:23:20,708.3,2026-09-01,705.0,2.69,2.78,2.53,49622,1072,,,,,
2026-09-01 20:23:20,708.3,2026-09-01,706.0,1.54,1.85,1.88,118300,353,,,,,
2026-09-01 20:23:20,708.3,2026-09-01,707.0,0.86,0.91,0.93,270555,456,,,,,
2026-09-01 20:23:20,708.3,2026-09-01,708.0,0.26,0.3,0.27,453403,631,,,,,
2026-09-01 20:23:20,708.3,2026-09-01,709.0,0.08,0.09,0.05,431659,500,0.8218,0.1919,0.34009,-0.085,0.0027
2026-09-01 20:23:20,708.3,2026-09-01,710.0,0.01,0.02,0.02,406859,3008,0.9845,0.0388,0.08744,-0.015,0.0008
2026-09-01 20:23:20,708.3,2026-09-01,711.0,0,0.01,0.01,289685,425,1.3503,0.0206,0.03761,-0.01,0.0005
2026-09-01 20:23:20,708.3,2026-09-01,712.0,0,0.03,0.01,252872,397,1.7649,0.0162,0.02348,-0.01,0.0004
2026-09-01 20:23:20,708.3,2026-09-01,713.0,0,0.03,0.01,125284,567,2.1666,0.0135,0.01634,-0.01,0.0003
2026-09-01 20:23:20,708.3,2026-09-01,714.0,0,0.01,0.01,76092,591,2.5587,0.0116,0.01216,-0.01,0.0003
2026-09-01 20:23:20,708.3,2026-09-01,715.0,0,0.03,0.01,100000,1407,2.9431,0.0102,0.00947,-0.01,0.0003
2026-09-01 20:24:21,708.3,2026-09-01,702.0,3.46,7.34,5.72,1794,223,,,,,
2026-09-01 20:24:21,708.3,2026-09-01,703.0,3.33,6.13,4.94,3629,268,,,,,
2026-09-01 20:24:21,708.3,2026-09-01,704.0,2.15,5.34,3.81,14643,498,,,,,
2026-09-01 20:24:21,708.3,2026-09-01,705.0,2.69,2.78,2.53,49622,1072,,,,,
2026-09-01 20:24:21,708.3,2026-09-01,706.0,1.54,1.85,1.81,118309,353,,,,,
2026-09-01 20:24:21,708.3,2026-09-01,707.0,0.86,0.91,0.9,270586,456,,,,,
2026-09-01 20:24:21,708.3,2026-09-01,708.0,0.26,0.3,0.27,453680,631,,,,,
2026-09-01 20:24:21,708.3,2026-09-01,709.0,0.08,0.09,0.05,431691,500,0.8218,0.1919,0.34009,-0.085,0.0027
2026-09-01 20:24:21,708.3,2026-09-01,710.0,0.01,0.02,0.01,406936,3008,0.9845,0.0388,0.08744,-0.015,0.0008
2026-09-01 20:24:21,708.3,2026-09-01,711.0,0,0.01,0.01,289687,425,1.3503,0.0206,0.03761,-0.01,0.0005
2026-09-01 20:24:21,708.3,2026-09-01,712.0,0,0.03,0.01,252872,397,1.7649,0.0162,0.02348,-0.01,0.0004
2026-09-01 20:24:21,708.3,2026-09-01,713.0,0,0.03,0.01,125284,567,2.1666,0.0135,0.01634,-0.01,0.0003
2026-09-01 20:24:21,708.3,2026-09-01,714.0,0,0.01,0.01,76092,591,2.5587,0.0116,0.01216,-0.01,0.0003
2026-09-01 20:24:21,708.3,2026-09-01,715.0,0,0.03,0.01,100000,1407,2.9431,0.0102,0.00947,-0.01,0.0003
2026-09-01 20:25:21,708.3,2026-09-01,702.0,3.46,7.34,5.72,1794,223,,,,,
2026-09-01 20:25:21,708.3,2026-09-01,703.0,3.33,6.13,4.94,3629,268,,,,,
2026-09-01 20:25:21,708.3,2026-09-01,704.0,2.15,5.34,3.81,14643,498,,,,,
2026-09-01 20:25:21,708.3,2026-09-01,705.0,2.69,2.78,2.7,49627,1072,,,,,
2026-09-01 20:25:21,708.3,2026-09-01,706.0,1.54,1.85,1.72,118313,353,,,,,
2026-09-01 20:25:21,708.3,2026-09-01,707.0,0.86,0.91,0.9,272092,456,,,,,
2026-09-01 20:25:21,708.3,2026-09-01,708.0,0.26,0.3,0.23,453788,631,,,,,
2026-09-01 20:25:21,708.3,2026-09-01,709.0,0.08,0.09,0.03,431959,500,0.8218,0.1919,0.34009,-0.085,0.0027
2026-09-01 20:25:21,708.3,2026-09-01,710.0,0.01,0.02,0.01,407380,3008,0.9845,0.0388,0.08744,-0.015,0.0008
2026-09-01 20:25:21,708.3,2026-09-01,711.0,0,0.01,0.01,289689,425,1.3503,0.0206,0.03761,-0.01,0.0005
2026-09-01 20:25:21,708.3,2026-09-01,712.0,0,0.03,0.01,252990,397,1.7649,0.0162,0.02348,-0.01,0.0004
2026-09-01 20:25:21,708.3,2026-09-01,713.0,0,0.03,0.01,125287,567,2.1666,0.0135,0.01634,-0.01,0.0003
2026-09-01 20:25:21,708.3,2026-09-01,714.0,0,0.01,0.01,76142,591,2.5587,0.0116,0.01216,-0.01,0.0003
2026-09-01 20:25:21,708.3,2026-09-01,715.0,0,0.03,0.01,100000,1407,2.9431,0.0102,0.00947,-0.01,0.0003
2026-09-01 20:26:22,708.3,2026-09-01,702.0,3.46,7.34,5.72,1794,223,,,,,
2026-09-01 20:26:22,708.3,2026-09-01,703.0,3.33,6.13,4.94,3629,268,,,,,
2026-09-01 20:26:22,708.3,2026-09-01,704.0,2.15,5.34,3.81,14663,498,,,,,
2026-09-01 20:26:22,708.3,2026-09-01,705.0,2.69,2.78,2.7,49627,1072,,,,,
2026-09-01 20:26:22,708.3,2026-09-01,706.0,1.54,1.85,1.67,118319,353,,,,,
2026-09-01 20:26:22,708.3,2026-09-01,707.0,0.86,0.91,0.83,272106,456,,,,,
2026-09-01 20:26:22,708.3,2026-09-01,708.0,0.26,0.3,0.2,453962,631,,,,,
2026-09-01 20:26:22,708.3,2026-09-01,709.0,0.08,0.09,0.03,432184,500,0.8218,0.1919,0.34009,-0.085,0.0027
2026-09-01 20:26:22,708.3,2026-09-01,710.0,0.01,0.02,0.01,407527,3008,0.9845,0.0388,0.08744,-0.015,0.0008
2026-09-01 20:26:22,708.3,2026-09-01,711.0,0,0.01,0.01,289733,425,1.3503,0.0206,0.03761,-0.01,0.0005
2026-09-01 20:26:22,708.3,2026-09-01,712.0,0,0.03,0.01,253000,397,1.7649,0.0162,0.02348,-0.01,0.0004
2026-09-01 20:26:22,708.3,2026-09-01,713.0,0,0.03,0.01,125387,567,2.1666,0.0135,0.01634,-0.01,0.0003
2026-09-01 20:26:22,708.3,2026-09-01,714.0,0,0.01,0.01,76247,591,2.5587,0.0116,0.01216,-0.01,0.0003
2026-09-01 20:26:22,708.3,2026-09-01,715.0,0,0.03,0.01,100125,1407,2.9431,0.0102,0.00947,-0.01,0.0003
2026-09-01 20:27:24,708.0,2026-09-01,701.0,4.64,8.3,6.56,1317,93,,,,,
2026-09-01 20:27:24,708.0,2026-09-01,702.0,3.46,7.34,5.72,1794,223,,,,,
2026-09-01 20:27:24,708.0,2026-09-01,703.0,3.33,6.13,4.94,3629,268,,,,,
2026-09-01 20:27:24,708.0,2026-09-01,704.0,2.15,5.34,3.81,14663,498,,,,,
2026-09-01 20:27:24,708.0,2026-09-01,705.0,2.69,2.78,2.7,49628,1072,,,,,
2026-09-01 20:27:24,708.0,2026-09-01,706.0,1.54,1.85,1.67,119324,353,,,,,
2026-09-01 20:27:24,708.0,2026-09-01,707.0,0.86,0.91,0.83,272126,456,,,,,
2026-09-01 20:27:24,708.0,2026-09-01,708.0,0.26,0.3,0.2,454252,631,0.7186,0.5002,0.56847,-0.28,0.0039
2026-09-01 20:27:24,708.0,2026-09-01,709.0,0.08,0.09,0.03,432347,500,1.0303,0.1605,0.24231,-0.085,0.0024
2026-09-01 20:27:24,708.0,2026-09-01,710.0,0.01,0.02,0.02,407815,3008,1.1248,0.0346,0.06965,-0.015,0.0007
2026-09-01 20:27:24,708.0,2026-09-01,711.0,0,0.01,0.01,289733,425,1.4769,0.019,0.03216,-0.01,0.0005
2026-09-01 20:27:24,708.0,2026-09-01,712.0,0,0.03,0.01,253030,397,1.8874,0.0153,0.02088,-0.01,0.0004
2026-09-01 20:27:24,708.0,2026-09-01,713.0,0,0.03,0.01,125387,567,2.2861,0.0129,0.01486,-0.01,0.0003
2026-09-01 20:27:24,708.0,2026-09-01,714.0,0,0.01,0.01,76247,591,2.6759,0.0112,0.01123,-0.01,0.0003
2026-09-01 20:27:24,708.0,2026-09-01,715.0,0,0.03,0.01,100125,1407,3.0585,0.0099,0.00885,-0.01,0.0003
2026-09-01 20:28:24,708.0,2026-09-01,701.0,4.64,8.3,6.56,1317,93,,,,,
2026-09-01 20:28:24,708.0,2026-09-01,702.0,3.46,7.34,5.72,1794,223,,,,,
2026-09-01 20:28:24,708.0,2026-09-01,703.0,3.33,6.13,4.94,3629,268,,,,,
2026-09-01 20:28:24,708.0,2026-09-01,704.0,2.15,5.34,3.81,14663,498,,,,,
2026-09-01 20:28:24,708.0,2026-09-01,705.0,2.69,2.78,2.71,49629,1072,,,,,
2026-09-01 20:28:24,708.0,2026-09-01,706.0,1.54,1.85,1.67,119330,353,,,,,
2026-09-01 20:28:24,708.0,2026-09-01,707.0,0.86,0.91,0.83,272137,456,,,,,
2026-09-01 20:28:24,708.0,2026-09-01,708.0,0.26,0.3,0.2,454658,631,0.7186,0.5002,0.56847,-0.28,0.0039
2026-09-01 20:28:24,708.0,2026-09-01,709.0,0.08,0.09,0.02,432416,500,1.0303,0.1605,0.24231,-0.085,0.0024
2026-09-01 20:28:24,708.0,2026-09-01,710.0,0.01,0.02,0.01,407857,3008,1.1248,0.0346,0.06965,-0.015,0.0007
2026-09-01 20:28:24,708.0,2026-09-01,711.0,0,0.01,0.01,289733,425,1.4769,0.019,0.03216,-0.01,0.0005
2026-09-01 20:28:24,708.0,2026-09-01,712.0,0,0.03,0.01,253030,397,1.8874,0.0153,0.02088,-0.01,0.0004
2026-09-01 20:28:24,708.0,2026-09-01,713.0,0,0.03,0.01,125387,567,2.2861,0.0129,0.01486,-0.01,0.0003
2026-09-01 20:28:24,708.0,2026-09-01,714.0,0,0.01,0.01,76247,591,2.6759,0.0112,0.01123,-0.01,0.0003
2026-09-01 20:28:24,708.0,2026-09-01,715.0,0,0.03,0.01,100125,1407,3.0585,0.0099,0.00885,-0.01,0.0003
2026-09-01 20:29:25,708.0,2026-09-01,701.0,4.64,8.3,6.56,1317,93,,,,,
2026-09-01 20:29:25,708.0,2026-09-01,702.0,3.46,7.34,5.72,1794,223,,,,,
2026-09-01 20:29:25,708.0,2026-09-01,703.0,3.33,6.13,4.94,3629,268,,,,,
2026-09-01 20:29:25,708.0,2026-09-01,704.0,2.15,5.34,3.81,14663,498,,,,,
2026-09-01 20:29:25,708.0,2026-09-01,705.0,2.69,2.78,2.71,49629,1072,,,,,
2026-09-01 20:29:25,708.0,2026-09-01,706.0,1.54,1.85,1.74,119332,353,,,,,
2026-09-01 20:29:25,708.0,2026-09-01,707.0,0.86,0.91,0.83,272160,456,,,,,
2026-09-01 20:29:25,708.0,2026-09-01,708.0,0.26,0.3,0.2,456492,631,0.7186,0.5002,0.56847,-0.28,0.0039
2026-09-01 20:29:25,708.0,2026-09-01,709.0,0.08,0.09,0.02,432929,500,1.0303,0.1605,0.24231,-0.085,0.0024
2026-09-01 20:29:25,708.0,2026-09-01,710.0,0.01,0.02,0.01,408085,3008,1.1248,0.0346,0.06965,-0.015,0.0007
2026-09-01 20:29:25,708.0,2026-09-01,711.0,0,0.01,0.01,289735,425,1.4769,0.019,0.03216,-0.01,0.0005
2026-09-01 20:29:25,708.0,2026-09-01,712.0,0,0.03,0.01,253030,397,1.8874,0.0153,0.02088,-0.01,0.0004
2026-09-01 20:29:25,708.0,2026-09-01,713.0,0,0.03,0.01,125387,567,2.2861,0.0129,0.01486,-0.01,0.0003
2026-09-01 20:29:25,708.0,2026-09-01,714.0,0,0.01,0.01,76287,591,2.6759,0.0112,0.01123,-0.01,0.0003
2026-09-01 20:29:25,708.0,2026-09-01,715.0,0,0.03,0.01,100226,1407,3.0585,0.0099,0.00885,-0.01,0.0003
