run_time,spot,expiration,strike,bid,ask,last,volume,open_interest,iv,delta,gamma,theta,vega
2026-08-20 13:45:14,714.3,2026-08-20,700.0,12.58,14.9,17,21,37,,,,,
2026-08-20 13:45:14,714.3,2026-08-20,701.0,13.06,14.26,15.24,25,,0.4999,0.9218,0.01533,-0.36,0.0279
2026-08-20 13:45:14,714.3,2026-08-20,702.0,11.65,12.98,15.38,4,7,,,,,
2026-08-20 13:45:14,714.3,2026-08-20,703.0,10.11,11.96,13.73,4,52,,,,,
2026-08-20 13:45:14,714.3,2026-08-20,704.0,9.5,11.03,13,30,6,,,,,
2026-08-20 13:45:14,714.3,2026-08-20,705.0,9.05,10.01,11.33,6,63,0.3383,0.9277,0.02134,-0.23,0.0263
2026-08-20 13:45:14,714.3,2026-08-20,706.0,8.65,8.98,10.71,80,7,0.3927,0.8693,0.02836,-0.515,0.0405
2026-08-20 13:45:14,714.3,2026-08-20,707.0,7.44,7.79,9.5,26,4,0.3078,0.8957,0.03081,-0.315,0.0345
2026-08-20 13:45:14,714.3,2026-08-20,708.0,6.57,6.83,6.96,15,12,0.2987,0.8683,0.03746,-0.4,0.0407
2026-08-20 13:45:14,714.3,2026-08-20,709.0,5.75,5.82,6.13,12,94,0.2844,0.8386,0.04512,-0.485,0.0467
2026-08-20 13:45:14,714.3,2026-08-20,710.0,5.14,5.2,5.01,1567,259,0.3189,0.7633,0.05072,-0.87,0.0589
2026-08-20 13:45:14,714.3,2026-08-20,711.0,4.34,4.36,4.37,142,65,0.3057,0.7174,0.05799,-1.05,0.0645
2026-08-20 13:45:14,714.3,2026-08-20,712.0,3.58,3.61,3.55,1146,313,0.2956,0.6614,0.06488,-1.295,0.0698
2026-08-20 13:45:14,714.3,2026-08-20,713.0,2.82,2.89,2.82,1884,94,0.2801,0.5993,0.07236,-1.555,0.0737
2026-08-20 13:45:14,714.3,2026-08-20,714.0,2.24,2.32,2.24,1967,212,0.278,0.5257,0.07507,-1.98,0.0759
2026-08-20 13:45:14,714.3,2026-08-20,715.0,1.73,1.78,1.73,1723,214,0.2728,0.4496,0.07607,-1.755,0.0755
2026-08-20 13:45:14,714.3,2026-08-20,716.0,1.28,1.29,1.28,1143,290,0.2643,0.3711,0.07496,-1.285,0.0721
2026-08-20 13:45:14,714.3,2026-08-20,717.0,0.95,0.97,0.95,1163,1003,0.2654,0.3,0.06868,-0.96,0.0663
2026-08-20 13:45:14,714.3,2026-08-20,718.0,0.63,0.64,0.66,882,1836,0.255,0.2264,0.06187,-0.635,0.0574
2026-08-20 13:45:14,714.3,2026-08-20,719.0,0.46,0.47,0.46,472,945,0.2602,0.1747,0.05187,-0.465,0.0491
2026-08-20 13:45:14,714.3,2026-08-20,720.0,0.31,0.32,0.31,743,2008,0.26,0.1277,0.04215,-0.315,0.0399
2026-08-20 13:45:14,714.3,2026-08-20,721.0,0.17,0.18,0.18,498,958,0.249,0.0813,0.03169,-0.175,0.0287
2026-08-20 13:45:14,714.3,2026-08-20,722.0,0.15,0.16,0.15,466,3838,0.2689,0.0687,0.02581,-0.155,0.0253
2026-08-20 13:45:14,714.3,2026-08-20,723.0,0.11,0.12,0.12,274,2009,0.2773,0.0519,0.02008,-0.115,0.0203
2026-08-20 13:45:14,714.3,2026-08-20,724.0,0.04,0.09,0.09,156,691,0.2719,0.0321,0.01389,-0.065,0.0137
2026-08-20 13:45:14,714.3,2026-08-20,725.0,0.02,0.03,0.03,484,2386,0.2544,0.0146,0.00763,-0.025,0.0071
2026-08-20 13:45:14,714.3,2026-08-20,726.0,0.01,0.02,0.02,35,659,0.257,0.0091,0.00503,-0.015,0.0047
2026-08-20 13:45:14,714.3,2026-08-20,727.0,0.01,0.02,0.04,50,761,0.276,0.0086,0.00442,-0.015,0.0044
2026-08-20 13:45:14,714.3,2026-08-20,728.0,0.04,0.05,0.04,73,1221,0.3416,0.019,0.00711,-0.045,0.0088
2026-08-20 13:45:14,714.3,2026-08-20,729.0,0.01,0.02,0.04,88,776,0.3135,0.0076,0.00352,-0.015,0.004
2026-08-20 13:46:17,713.49,2026-08-20,699.0,13.89,16.01,16.55,2,1,0.5705,0.9128,0.01461,-0.46,0.0302
2026-08-20 13:46:17,713.49,2026-08-20,700.0,12.86,15.39,17,21,37,0.5925,0.8884,0.01686,-0.635,0.0362
2026-08-20 13:46:17,713.49,2026-08-20,701.0,12.19,12.77,11.97,1,,,,,,
2026-08-20 13:46:17,713.49,2026-08-20,702.0,11.24,13.03,11.61,4,7,0.5309,0.8762,0.02025,-0.645,0.0389
2026-08-20 13:46:17,713.49,2026-08-20,703.0,10.33,11.72,10.15,6,52,0.4698,0.8832,0.02196,-0.535,0.0373
2026-08-20 13:46:17,713.49,2026-08-20,704.0,9.35,10.84,13,30,6,0.4551,0.8669,0.02483,-0.605,0.0409
2026-08-20 13:46:17,713.49,2026-08-20,705.0,8.4,9.84,8.27,31,63,0.4275,0.8551,0.02801,-0.63,0.0433
2026-08-20 13:46:17,713.49,2026-08-20,706.0,7.56,7.68,7.6,27,7,0.2477,0.9458,0.02333,-0.13,0.0209
2026-08-20 13:46:17,713.49,2026-08-20,707.0,6.92,7.11,6.98,88,4,0.3352,0.8486,0.0368,-0.525,0.0446
2026-08-20 13:46:17,713.49,2026-08-20,708.0,6.01,6.15,6.13,28,12,0.3138,0.8241,0.04332,-0.59,0.0492
2026-08-20 13:46:17,713.49,2026-08-20,709.0,5.03,5.16,5.28,20,94,0.2798,0.8034,0.05204,-0.605,0.0527
2026-08-20 13:46:17,713.49,2026-08-20,710.0,4.26,4.33,4.4,1642,259,0.2755,0.7503,0.0606,-0.805,0.0604
2026-08-20 13:46:17,713.49,2026-08-20,711.0,3.63,3.66,3.63,223,65,0.2852,0.6799,0.06591,-1.155,0.068
2026-08-20 13:46:17,713.49,2026-08-20,712.0,2.95,2.99,2.99,2132,313,0.2808,0.6129,0.07165,-1.48,0.0728
2026-08-20 13:46:17,713.49,2026-08-20,713.0,2.35,2.36,2.36,3760,94,0.2753,0.5404,0.07576,-1.865,0.0755
2026-08-20 13:46:17,713.49,2026-08-20,714.0,1.85,1.87,1.87,5040,212,0.2759,0.4644,0.07569,-1.86,0.0756
2026-08-20 13:46:17,713.49,2026-08-20,715.0,1.43,1.44,1.44,4637,214,0.2758,0.3899,0.07311,-1.435,0.073
2026-08-20 13:46:17,713.49,2026-08-20,716.0,1.06,1.07,1.04,2147,290,0.2731,0.3176,0.06862,-1.065,0.0678
2026-08-20 13:46:17,713.49,2026-08-20,717.0,0.7,0.75,0.75,4346,1003,0.2635,0.2449,0.0627,-0.725,0.0598
2026-08-20 13:46:17,713.49,2026-08-20,718.0,0.52,0.53,0.53,2118,1836,0.266,0.1893,0.0535,-0.525,0.0515
2026-08-20 13:46:17,713.49,2026-08-20,719.0,0.32,0.37,0.37,1552,945,0.2619,0.137,0.04402,-0.345,0.0417
2026-08-20 13:46:17,713.49,2026-08-20,720.0,0.2,0.21,0.21,2157,2008,0.2542,0.0914,0.03397,-0.205,0.0313
2026-08-20 13:46:17,713.49,2026-08-20,721.0,0.17,0.18,0.19,673,958,0.2721,0.0756,0.02751,-0.175,0.0271
2026-08-20 13:46:17,713.49,2026-08-20,722.0,0.08,0.09,0.14,811,3838,0.2573,0.0427,0.01856,-0.085,0.0173
2026-08-20 13:46:17,713.49,2026-08-20,723.0,0.05,0.06,0.1,543,2009,0.2606,0.0289,0.01329,-0.055,0.0125
2026-08-20 13:46:17,713.49,2026-08-20,724.0,0.03,0.04,0.04,603,691,0.2637,0.0191,0.0093,-0.035,0.0089
2026-08-20 13:46:17,713.49,2026-08-20,725.0,0.06,0.07,0.03,1022,2386,0.3138,0.0284,0.01089,-0.065,0.0124
2026-08-20 13:46:17,713.49,2026-08-20,726.0,0.01,0.06,0.02,289,659,0.3056,0.0168,0.00718,-0.035,0.0079
2026-08-20 13:46:17,713.49,2026-08-20,727.0,0.04,0.05,0.04,2132,761,0.3384,0.0192,0.00726,-0.045,0.0089
2026-08-20 13:46:17,713.49,2026-08-20,728.0,0.01,0.02,0.03,156,1221,0.3107,0.0077,0.00359,-0.015,0.004
2026-08-20 13:47:18,713.04,2026-08-20,699.0,13.75,16.02,16.55,2,1,0.6668,0.8709,0.01663,-0.845,0.04
2026-08-20 13:47:18,713.04,2026-08-20,700.0,12.71,14.78,13.69,3,37,0.5981,0.8788,0.01774,-0.705,0.0383
2026-08-20 13:47:18,713.04,2026-08-20,701.0,12.16,12.93,12.8,2,,0.5112,0.8962,0.01858,-0.505,0.0342
2026-08-20 13:47:18,713.04,2026-08-20,702.0,11.09,12.74,11.61,4,7,0.572,0.8494,0.02152,-0.875,0.0444
2026-08-20 13:47:18,713.04,2026-08-20,703.0,10.07,11.68,11.1,6,52,0.5282,0.8455,0.02371,-0.835,0.0451
2026-08-20 13:47:18,713.04,2026-08-20,704.0,9.07,11.01,13,30,6,0.5271,0.8207,0.02615,-1.0,0.0497
2026-08-20 13:47:18,713.04,2026-08-20,705.0,8.26,9.93,8.95,52,63,0.5005,0.805,0.02901,-1.055,0.0523
2026-08-20 13:47:18,713.04,2026-08-20,706.0,7.44,7.51,7.6,27,7,0.3331,0.87,0.03344,-0.435,0.0402
2026-08-20 13:47:18,713.04,2026-08-20,707.0,6.54,6.6,6.69,93,4,0.3214,0.8418,0.03958,-0.53,0.0459
2026-08-20 13:47:18,713.04,2026-08-20,708.0,5.59,5.83,5.86,88,12,0.3135,0.8044,0.0464,-0.67,0.0524
2026-08-20 13:47:18,713.04,2026-08-20,709.0,4.82,4.84,4.93,100,94,0.2961,0.7668,0.05442,-0.79,0.0581
2026-08-20 13:47:18,713.04,2026-08-20,710.0,4.059,4.07,4.17,1720,259,0.2915,0.7116,0.06167,-1.0245,0.0648
2026-08-20 13:47:18,713.04,2026-08-20,711.0,3.43,3.46,3.46,268,65,0.2997,0.6431,0.06555,-1.405,0.0708
2026-08-20 13:47:18,713.04,2026-08-20,712.0,2.76,2.79,2.79,2308,313,0.2911,0.5777,0.0708,-1.735,0.0743
2026-08-20 13:47:18,713.04,2026-08-20,713.0,2.14,2.23,2.23,4529,94,0.2844,0.5061,0.07388,-2.145,0.0757
2026-08-20 13:47:18,713.04,2026-08-20,714.0,1.68,1.7,1.7,6519,212,0.2805,0.4316,0.0738,-1.69,0.0746
2026-08-20 13:47:18,713.04,2026-08-20,715.0,1.26,1.28,1.27,5769,214,0.2766,0.3576,0.07106,-1.27,0.0709
2026-08-20 13:47:18,713.04,2026-08-20,716.0,0.92,0.93,0.93,2921,290,0.2728,0.2869,0.06575,-0.925,0.0647
2026-08-20 13:47:18,713.04,2026-08-20,717.0,0.61,0.66,0.66,5261,1003,0.2663,0.2197,0.05851,-0.635,0.0562
2026-08-20 13:47:18,713.04,2026-08-20,718.0,0.41,0.46,0.46,2682,1836,0.2642,0.1642,0.04932,-0.435,0.047
2026-08-20 13:47:18,713.04,2026-08-20,719.0,0.31,0.32,0.32,2378,945,0.2694,0.1245,0.04014,-0.315,0.039
2026-08-20 13:47:18,713.04,2026-08-20,720.0,0.21,0.22,0.22,3186,2008,0.2709,0.0904,0.03166,-0.215,0.0309
2026-08-20 13:47:18,713.04,2026-08-20,721.0,0.15,0.16,0.16,1063,958,0.2771,0.0673,0.02474,-0.155,0.0247
2026-08-20 13:47:18,713.04,2026-08-20,722.0,0.07,0.08,0.12,1035,3838,0.2626,0.0377,0.01647,-0.075,0.0156
2026-08-20 13:47:18,713.04,2026-08-20,723.0,0.04,0.05,0.05,847,2009,0.2626,0.0241,0.01136,-0.045,0.0107
2026-08-20 13:47:18,713.04,2026-08-20,724.0,0.06,0.07,0.07,779,691,0.302,0.0294,0.01168,-0.065,0.0127
2026-08-20 13:47:18,713.04,2026-08-20,725.0,0.01,0.06,0.06,1151,2386,0.2948,0.0174,0.00767,-0.035,0.0082
2026-08-20 13:47:18,713.04,2026-08-20,726.0,0.01,0.05,0.05,487,659,0.3088,0.0145,0.00628,-0.03,0.007
2026-08-20 13:47:18,713.04,2026-08-20,727.0,0.04,0.05,0.05,2187,761,0.3486,0.0187,0.00692,-0.045,0.0087
2026-08-20 13:47:18,713.04,2026-08-20,728.0,0.03,0.04,0.04,201,1221,0.3565,0.0147,0.00549,-0.035,0.0071
2026-08-20 13:48:19,713.0,2026-08-20,698.0,13.74,17.05,18.16,7,2,0.5649,0.9229,0.01349,-0.395,0.0274
2026-08-20 13:48:19,713.0,2026-08-20,699.0,12.42,16.05,16.55,2,1,0.4716,0.9441,0.0126,-0.235,0.0214
2026-08-20 13:48:19,713.0,2026-08-20,700.0,12.95,13.16,13.18,6,37,0.3219,0.9845,0.00638,-0.055,0.0074
2026-08-20 13:48:19,713.0,2026-08-20,701.0,10.93,14.08,12.8,2,,0.5107,0.8959,0.01865,-0.505,0.0343
2026-08-20 13:48:19,713.0,2026-08-20,702.0,9.64,12.71,11.61,5,7,0.363,0.9472,0.01564,-0.175,0.0204
2026-08-20 13:48:19,713.0,2026-08-20,703.0,9.9,11.36,10.72,8,52,0.4799,0.8677,0.02353,-0.63,0.0406
2026-08-20 13:48:19,713.0,2026-08-20,704.0,8.95,9.77,13,30,6,0.3753,0.8999,0.02468,-0.36,0.0333
2026-08-20 13:48:19,713.0,2026-08-20,705.0,8.119,10.1,8.46,65,63,0.5101,0.7998,0.02897,-1.1095,0.0531
2026-08-20 13:48:19,713.0,2026-08-20,706.0,7.39,7.52,7.44,42,7,0.3372,0.8661,0.03377,-0.455,0.0409
2026-08-20 13:48:19,713.0,2026-08-20,707.0,6.35,6.51,6.53,129,4,0.2978,0.8588,0.03965,-0.43,0.0424
2026-08-20 13:48:19,713.0,2026-08-20,708.0,5.53,5.61,5.79,93,12,0.2929,0.8189,0.04742,-0.57,0.0499
2026-08-20 13:48:19,713.0,2026-08-20,709.0,4.71,4.83,4.81,105,94,0.2915,0.7684,0.05516,-0.77,0.0578
2026-08-20 13:48:19,713.0,2026-08-20,710.0,4.059,4.12,4.13,1739,259,0.3001,0.7041,0.06072,-1.0895,0.0655
2026-08-20 13:48:19,713.0,2026-08-20,711.0,3.35,3.38,3.35,280,65,0.2924,0.644,0.06722,-1.365,0.0707
2026-08-20 13:48:19,713.0,2026-08-20,712.0,2.58,2.66,2.75,2438,313,0.2738,0.5795,0.07533,-1.62,0.0741
2026-08-20 13:48:19,713.0,2026-08-20,713.0,2.08,2.09,2.09,5264,94,0.2742,0.5031,0.07673,-2.085,0.0756
2026-08-20 13:48:19,713.0,2026-08-20,714.0,1.53,1.59,1.59,7382,212,0.2657,0.4245,0.07776,-1.56,0.0743
2026-08-20 13:48:19,713.0,2026-08-20,715.0,1.21,1.22,1.22,6613,214,0.2712,0.3518,0.07216,-1.215,0.0704
2026-08-20 13:48:19,713.0,2026-08-20,716.0,0.87,0.88,0.85,3443,290,0.2672,0.2799,0.06644,-0.875,0.0638
2026-08-20 13:48:19,713.0,2026-08-20,717.0,0.57,0.58,0.58,5540,1003,0.2574,0.2091,0.05891,-0.575,0.0545
2026-08-20 13:48:19,713.0,2026-08-20,718.0,0.42,0.43,0.43,3082,1836,0.2639,0.1616,0.04894,-0.425,0.0464
2026-08-20 13:48:19,713.0,2026-08-20,719.0,0.29,0.3,0.26,2746,945,0.2658,0.1195,0.03956,-0.295,0.0378
2026-08-20 13:48:19,713.0,2026-08-20,720.0,0.2,0.21,0.21,3852,2008,0.2692,0.0874,0.03113,-0.205,0.0301
2026-08-20 13:48:19,713.0,2026-08-20,721.0,0.1,0.15,0.15,1349,958,0.2657,0.0581,0.02305,-0.125,0.022
2026-08-20 13:48:19,713.0,2026-08-20,722.0,0.1,0.11,0.07,1227,3838,0.2814,0.0476,0.01859,-0.105,0.0188
2026-08-20 13:48:19,713.0,2026-08-20,723.0,0.07,0.08,0.08,1047,2009,0.2876,0.0349,0.01413,-0.075,0.0146
2026-08-20 13:48:19,713.0,2026-08-20,724.0,0.02,0.03,0.07,961,691,0.2621,0.0143,0.00731,-0.025,0.0069
2026-08-20 13:48:19,713.0,2026-08-20,725.0,0.01,0.02,0.02,1354,2386,0.2643,0.009,0.00483,-0.015,0.0046
2026-08-20 13:48:19,713.0,2026-08-20,726.0,0.04,0.05,0.05,546,659,0.3288,0.0198,0.00769,-0.045,0.0091
2026-08-20 13:48:19,713.0,2026-08-20,727.0,0.01,0.05,0.02,2248,761,0.3303,0.0137,0.00559,-0.03,0.0066
2026-08-20 13:48:19,713.0,2026-08-20,728.0,0.03,0.04,0.03,210,1221,0.3579,0.0146,0.00546,-0.035,0.007
2026-08-20 13:49:21,712.29,2026-08-20,698.0,13.52,16.37,18.16,7,2,0.6259,0.8906,0.01582,-0.65,0.0354
2026-08-20 13:49:21,712.29,2026-08-20,699.0,12.12,15.03,16.55,2,1,0.4732,0.9342,0.0143,-0.28,0.0242
2026-08-20 13:49:21,712.29,2026-08-20,700.0,12.22,13.36,13.18,6,37,0.5182,0.8987,0.01807,-0.495,0.0335
2026-08-20 13:49:21,712.29,2026-08-20,701.0,11.04,12.96,12.8,5,,0.5428,0.8683,0.02079,-0.705,0.0404
2026-08-20 13:49:21,712.29,2026-08-20,702.0,9.79,12.5,11.75,8,7,0.5426,0.8461,0.02311,-0.85,0.0449
2026-08-20 13:49:21,712.29,2026-08-20,703.0,9.25,11.1,10.38,8,52,0.5136,0.8345,0.0256,-0.88,0.047
2026-08-20 13:49:21,712.29,2026-08-20,704.0,8.189,9.54,9.6,2,6,0.4091,0.8613,0.02857,-0.5695,0.0418
2026-08-20 13:49:21,712.29,2026-08-20,705.0,7.47,7.88,7.89,68,63,0.3285,0.8826,0.03171,-0.38,0.0373
2026-08-20 13:49:21,712.29,2026-08-20,706.0,6.65,6.66,7.02,42,7,0.291,0.8762,0.03713,-0.36,0.0387
2026-08-20 13:49:21,712.29,2026-08-20,707.0,5.87,6.03,6.33,129,4,0.3214,0.8111,0.04447,-0.655,0.0511
2026-08-20 13:49:21,712.29,2026-08-20,708.0,5.04,5.18,5.06,95,12,0.312,0.7697,0.0515,-0.815,0.0575
2026-08-20 13:49:21,712.29,2026-08-20,709.0,4.23,4.3,4.59,106,94,0.2955,0.7253,0.05967,-0.97,0.0631
2026-08-20 13:49:21,712.29,2026-08-20,710.0,3.64,3.66,3.61,2356,259,0.3065,0.657,0.06341,-1.355,0.0695
2026-08-20 13:49:21,712.29,2026-08-20,711.0,2.9,2.97,2.82,300,65,0.2938,0.5952,0.06974,-1.64,0.0733
2026-08-20 13:49:21,712.29,2026-08-20,712.0,2.3,2.36,2.38,2715,313,0.2874,0.5247,0.07325,-2.035,0.0753
2026-08-20 13:49:21,712.29,2026-08-20,713.0,1.78,1.83,1.83,5676,94,0.282,0.4505,0.07421,-1.805,0.0749
2026-08-20 13:49:21,712.29,2026-08-20,714.0,1.33,1.4,1.4,8448,212,0.278,0.376,0.07217,-1.365,0.0718
2026-08-20 13:49:21,712.29,2026-08-20,715.0,0.96,1.02,1.02,7603,214,0.2724,0.3029,0.06777,-0.99,0.0661
2026-08-20 13:49:21,712.29,2026-08-20,716.0,0.68,0.69,0.69,3890,290,0.2661,0.2338,0.06089,-0.685,0.058
2026-08-20 13:49:21,712.29,2026-08-20,717.0,0.51,0.52,0.52,6713,1003,0.2727,0.1837,0.05152,-0.515,0.0503
2026-08-20 13:49:21,712.29,2026-08-20,718.0,0.31,0.36,0.36,4469,1836,0.2673,0.1322,0.04233,-0.335,0.0405
2026-08-20 13:49:21,712.29,2026-08-20,719.0,0.2,0.21,0.25,3390,945,0.2613,0.0898,0.03279,-0.205,0.0307
2026-08-20 13:49:21,712.29,2026-08-20,720.0,0.16,0.17,0.17,4298,2008,0.2752,0.0716,0.02623,-0.165,0.0258
2026-08-20 13:49:21,712.29,2026-08-20,721.0,0.07,0.08,0.12,1620,958,0.2575,0.0385,0.01714,-0.075,0.0158
2026-08-20 13:49:21,712.29,2026-08-20,722.0,0.08,0.09,0.09,1346,3838,0.2878,0.0389,0.01549,-0.085,0.0159
2026-08-20 13:49:21,712.29,2026-08-20,723.0,0.06,0.07,0.03,1141,2009,0.2973,0.0299,0.01208,-0.065,0.0128
2026-08-20 13:49:21,712.29,2026-08-20,724.0,0.05,0.06,0.06,1006,691,0.3114,0.0248,0.00986,-0.055,0.011
2026-08-20 13:49:21,712.29,2026-08-20,725.0,0.01,0.02,0.02,1506,2386,0.2784,0.0086,0.00442,-0.015,0.0044
2026-08-20 13:49:21,712.29,2026-08-20,726.0,0.04,0.05,0.04,584,659,0.3445,0.019,0.00711,-0.045,0.0088
2026-08-20 13:49:21,712.29,2026-08-20,727.0,0.03,0.04,0.02,2257,761,0.3527,0.0149,0.00563,-0.035,0.0071
2026-08-20 13:50:22,712.63,2026-08-20,698.0,13.67,16.329,18.16,7,2,0.5466,0.9251,0.01369,-0.3695,0.0267
2026-08-20 13:50:22,712.63,2026-08-20,699.0,12.1,15.02,16.55,2,1,,,,,
2026-08-20 13:50:22,712.63,2026-08-20,700.0,12.31,13.01,13.01,70,37,0.266,0.9945,0.00313,-0.03,0.003
2026-08-20 13:50:22,712.63,2026-08-20,701.0,11.28,13.24,12,5,,0.5352,0.8787,0.01993,-0.63,0.0381
2026-08-20 13:50:22,712.63,2026-08-20,702.0,9.52,12.35,11.06,14,7,0.4073,0.9192,0.01946,-0.305,0.0283
2026-08-20 13:50:22,712.63,2026-08-20,703.0,9.27,11.45,11.13,15,52,0.4927,0.8532,0.02469,-0.73,0.0434
2026-08-20 13:50:22,712.63,2026-08-20,704.0,8.26,9.58,9.6,2,6,0.3434,0.9108,0.02485,-0.29,0.0305
2026-08-20 13:50:22,712.63,2026-08-20,705.0,7.77,7.83,8.05,111,63,0.271,0.9339,0.02508,-0.17,0.0243
2026-08-20 13:50:22,712.63,2026-08-20,706.0,6.99,7.16,7.02,42,7,0.3236,0.8637,0.03574,-0.445,0.0413
2026-08-20 13:50:22,712.63,2026-08-20,707.0,6.05,6.11,6.35,132,4,0.2908,0.85,0.04243,-0.45,0.0441
2026-08-20 13:50:22,712.63,2026-08-20,708.0,5.11,5.25,5.47,115,12,0.2763,0.8153,0.05108,-0.55,0.0504
2026-08-20 13:50:22,712.63,2026-08-20,709.0,4.45,4.51,4.65,131,94,0.2907,0.7486,0.05801,-0.85,0.0602
2026-08-20 13:50:22,712.63,2026-08-20,710.0,3.69,3.72,3.86,2590,259,0.2818,0.6923,0.06602,-1.075,0.0665
2026-08-20 13:50:22,712.63,2026-08-20,711.0,3,3.03,3.03,455,65,0.277,0.6253,0.07241,-1.385,0.0716
2026-08-20 13:50:22,712.63,2026-08-20,712.0,2.38,2.41,2.41,3538,313,0.2724,0.5518,0.07684,-1.765,0.0748
2026-08-20 13:50:22,712.63,2026-08-20,713.0,1.85,1.87,1.87,7514,94,0.2691,0.4741,0.07828,-1.86,0.0752
2026-08-20 13:50:22,712.63,2026-08-20,714.0,1.34,1.4,1.45,13063,212,0.2612,0.3938,0.07793,-1.37,0.0727
2026-08-20 13:50:22,712.63,2026-08-20,715.0,1.04,1.05,1.05,11527,214,0.2654,0.3213,0.07143,-1.045,0.0677
2026-08-20 13:50:22,712.63,2026-08-20,716.0,0.74,0.76,0.76,6241,290,0.2637,0.2524,0.0641,-0.75,0.0604
2026-08-20 13:50:22,712.63,2026-08-20,717.0,0.52,0.53,0.53,8821,1003,0.2627,0.1922,0.05505,-0.525,0.0516
2026-08-20 13:50:22,712.63,2026-08-20,718.0,0.35,0.36,0.36,7139,1836,0.2614,0.1412,0.04531,-0.355,0.0423
2026-08-20 13:50:22,712.63,2026-08-20,719.0,0.21,0.26,0.26,4960,945,0.2611,0.1007,0.03576,-0.235,0.0333
2026-08-20 13:50:22,712.63,2026-08-20,720.0,0.13,0.18,0.18,6325,2008,0.2625,0.0707,0.02728,-0.155,0.0256
2026-08-20 13:50:22,712.63,2026-08-20,721.0,0.12,0.13,0.13,4277,958,0.2762,0.0564,0.02172,-0.125,0.0214
2026-08-20 13:50:22,712.63,2026-08-20,722.0,0.05,0.1,0.1,2063,3838,0.2736,0.0365,0.01547,-0.075,0.0151
2026-08-20 13:50:22,712.63,2026-08-20,723.0,0.03,0.04,0.08,1517,2009,0.2625,0.0193,0.00949,-0.035,0.0089
2026-08-20 13:50:22,712.63,2026-08-20,724.0,0.05,0.06,0.06,1077,691,0.3042,0.0253,0.01028,-0.055,0.0112
2026-08-20 13:50:22,712.63,2026-08-20,725.0,0.01,0.05,0.05,1669,2386,0.2981,0.015,0.00674,-0.03,0.0072
2026-08-20 13:50:22,712.63,2026-08-20,726.0,0.04,0.05,0.04,712,659,0.3377,0.0193,0.00737,-0.045,0.0089
2026-08-20 13:50:22,712.63,2026-08-20,727.0,0.03,0.04,0.03,3289,761,0.3462,0.0151,0.00583,-0.035,0.0072
2026-08-20 13:51:25,712.37,2026-08-20,698.0,13.62,15.81,18.16,7,2,0.5308,0.9277,0.01375,-0.345,0.026
2026-08-20 13:51:25,712.37,2026-08-20,699.0,12.15,15.23,16.55,2,1,0.4926,0.928,0.01476,-0.32,0.0259
2026-08-20 13:51:25,712.37,2026-08-20,700.0,12.14,13.42,13.01,70,37,0.4953,0.9106,0.0173,-0.41,0.0305
2026-08-20 13:51:25,712.37,2026-08-20,701.0,11.02,13.2,12,5,,0.5554,0.8651,0.02072,-0.74,0.0409
2026-08-20 13:51:25,712.37,2026-08-20,702.0,9.58,11.84,12.23,14,7,0.4124,0.9117,0.02059,-0.34,0.0302
2026-08-20 13:51:25,712.37,2026-08-20,703.0,8.93,11.26,11.23,19,52,0.4835,0.8515,0.02539,-0.725,0.0437
2026-08-20 13:51:25,712.37,2026-08-20,704.0,8.01,9.62,9.6,2,6,0.3814,0.8807,0.0277,-0.445,0.0376
2026-08-20 13:51:25,712.37,2026-08-20,705.0,7.14,7.57,8,113,63,,,,,
2026-08-20 13:51:25,712.37,2026-08-20,706.0,6.46,6.51,7.02,42,7,0.2131,0.9452,0.0276,-0.115,0.0209
2026-08-20 13:51:25,712.37,2026-08-20,707.0,5.7,5.72,6.44,143,4,0.2564,0.8691,0.04394,-0.34,0.0401
2026-08-20 13:51:25,712.37,2026-08-20,708.0,4.82,4.88,5.54,119,12,0.2531,0.8227,0.05443,-0.48,0.049
2026-08-20 13:51:25,712.37,2026-08-20,709.0,4.059,4.11,4.26,132,94,0.2576,0.759,0.06412,-0.7145,0.0588
2026-08-20 13:51:25,712.37,2026-08-20,710.0,3.31,3.32,3.32,2604,259,0.2506,0.695,0.0741,-0.945,0.0661
2026-08-20 13:51:25,712.37,2026-08-20,711.0,2.73,2.75,2.9,499,65,0.2615,0.6125,0.07762,-1.37,0.0722
2026-08-20 13:51:25,712.37,2026-08-20,712.0,2.14,2.16,2.16,3760,313,0.2589,0.5333,0.08139,-1.78,0.075
2026-08-20 13:51:25,712.37,2026-08-20,713.0,1.66,1.68,1.68,8318,94,0.2602,0.4521,0.08068,-1.67,0.0747
2026-08-20 13:51:25,712.37,2026-08-20,714.0,1.24,1.25,1.25,15273,212,0.2581,0.372,0.07769,-1.245,0.0713
2026-08-20 13:51:25,712.37,2026-08-20,715.0,0.9,0.91,0.91,14076,214,0.2568,0.2966,0.07141,-0.905,0.0653
2026-08-20 13:51:25,712.37,2026-08-20,716.0,0.64,0.65,0.65,7471,290,0.2568,0.2298,0.06264,-0.645,0.0573
2026-08-20 13:51:25,712.37,2026-08-20,717.0,0.4,0.41,0.46,10206,1003,0.2481,0.164,0.05283,-0.405,0.0466
2026-08-20 13:51:25,712.37,2026-08-20,718.0,0.27,0.32,0.32,8349,1836,0.2555,0.1239,0.04245,-0.295,0.0386
2026-08-20 13:51:25,712.37,2026-08-20,719.0,0.17,0.18,0.22,5620,945,0.2497,0.0818,0.0321,-0.175,0.0285
2026-08-20 13:51:25,712.37,2026-08-20,720.0,0.11,0.16,0.16,6956,2008,0.2618,0.0631,0.0251,-0.135,0.0234
2026-08-20 13:51:25,712.37,2026-08-20,721.0,0.07,0.12,0.12,5005,958,0.2681,0.0457,0.01897,-0.095,0.0181
2026-08-20 13:51:25,712.37,2026-08-20,722.0,0.04,0.09,0.09,2300,3838,0.2732,0.0323,0.01403,-0.065,0.0136
2026-08-20 13:51:25,712.37,2026-08-20,723.0,0.02,0.07,0.07,1635,2009,0.2791,0.0229,0.01033,-0.045,0.0103
2026-08-20 13:51:25,712.37,2026-08-20,724.0,0.05,0.06,0.06,1179,691,0.3106,0.0249,0.00995,-0.055,0.011
2026-08-20 13:51:25,712.37,2026-08-20,725.0,0.04,0.05,0.05,1811,2386,0.3225,0.0202,0.00802,-0.045,0.0092
2026-08-20 13:51:25,712.37,2026-08-20,726.0,0.04,0.05,0.05,833,659,0.3439,0.0191,0.00717,-0.045,0.0088
2026-08-20 13:51:25,712.37,2026-08-20,727.0,0.03,0.04,0.04,3298,761,0.3521,0.0149,0.00567,-0.035,0.0071
2026-08-20 13:52:26,712.05,2026-08-20,698.0,13.34,15.63,18.16,7,2,0.5534,0.9149,0.01494,-0.43,0.0293
2026-08-20 13:52:26,712.05,2026-08-20,699.0,12.04,14.9,16.55,1,1,0.5185,0.9129,0.01624,-0.415,0.0298
2026-08-20 13:52:26,712.05,2026-08-20,700.0,11.87,13.33,13.01,72,37,0.5276,0.8912,0.01878,-0.545,0.0351
2026-08-20 13:52:26,712.05,2026-08-20,701.0,10.56,12.84,12,5,,0.5222,0.8733,0.02113,-0.645,0.0391
2026-08-20 13:52:26,712.05,2026-08-20,702.0,9.44,12.07,12.23,18,7,0.5021,0.8599,0.02355,-0.7,0.0419
2026-08-20 13:52:26,712.05,2026-08-20,703.0,9.01,11,10.83,26,52,0.5219,0.8255,0.02619,-0.95,0.0485
2026-08-20 13:52:26,712.05,2026-08-20,704.0,8.06,9.79,9.6,2,6,0.4687,0.8229,0.02943,-0.87,0.0489
2026-08-20 13:52:26,712.05,2026-08-20,705.0,7.18,7.41,7.84,115,63,0.2812,0.911,0.03042,-0.24,0.0303
2026-08-20 13:52:26,712.05,2026-08-20,706.0,6.45,6.53,6.62,43,7,0.303,0.8585,0.0393,-0.435,0.0422
2026-08-20 13:52:26,712.05,2026-08-20,707.0,5.57,5.69,5.83,154,4,0.2981,0.819,0.04691,-0.575,0.0496
2026-08-20 13:52:26,712.05,2026-08-20,708.0,4.74,4.91,5.04,120,12,0.2958,0.7697,0.05456,-0.77,0.0572
2026-08-20 13:52:26,712.05,2026-08-20,709.0,4,4.07,4.22,134,94,0.2877,0.7166,0.06249,-0.98,0.0638
2026-08-20 13:52:26,712.05,2026-08-20,710.0,3.37,3.39,3.44,2650,259,0.2915,0.649,0.06754,-1.325,0.0698
2026-08-20 13:52:26,712.05,2026-08-20,711.0,2.65,2.69,2.77,514,65,0.2781,0.5829,0.07452,-1.615,0.0735
2026-08-20 13:52:26,712.05,2026-08-20,712.0,2.11,2.12,2.14,4023,313,0.2764,0.5073,0.07663,-2.06,0.0751
2026-08-20 13:52:26,712.05,2026-08-20,713.0,1.61,1.62,1.62,8579,94,0.2719,0.4299,0.07672,-1.615,0.074
2026-08-20 13:52:26,712.05,2026-08-20,714.0,1.23,1.24,1.24,16841,212,0.2732,0.3558,0.07242,-1.235,0.0702
2026-08-20 13:52:26,712.05,2026-08-20,715.0,0.85,0.9,0.9,15849,214,0.2666,0.2818,0.06725,-0.875,0.0636
2026-08-20 13:52:26,712.05,2026-08-20,716.0,0.59,0.6,0.6,9022,290,0.2607,0.2137,0.05931,-0.595,0.0548
2026-08-20 13:52:26,712.05,2026-08-20,717.0,0.43,0.44,0.44,13860,1003,0.2659,0.1645,0.04947,-0.435,0.0466
2026-08-20 13:52:26,712.05,2026-08-20,718.0,0.29,0.3,0.3,9382,1836,0.2659,0.1201,0.03997,-0.295,0.0377
2026-08-20 13:52:26,712.05,2026-08-20,719.0,0.16,0.17,0.17,6213,945,0.2555,0.0765,0.02988,-0.165,0.0271
2026-08-20 13:52:26,712.05,2026-08-20,720.0,0.09,0.1,0.1,7449,2008,0.2515,0.0484,0.02122,-0.095,0.0189
2026-08-20 13:52:26,712.05,2026-08-20,721.0,0.1,0.11,0.11,5198,958,0.282,0.0478,0.01874,-0.105,0.0187
2026-08-20 13:52:26,712.05,2026-08-20,722.0,0.07,0.08,0.08,2372,3838,0.2882,0.035,0.01424,-0.075,0.0146
2026-08-20 13:52:26,712.05,2026-08-20,723.0,0.02,0.07,0.07,1683,2009,0.2865,0.0224,0.0099,-0.045,0.0101
2026-08-20 13:52:26,712.05,2026-08-20,724.0,0.05,0.06,0.06,1282,691,0.3181,0.0244,0.00957,-0.055,0.0108
2026-08-20 13:52:26,712.05,2026-08-20,725.0,0.01,0.02,0.02,1920,2386,0.2842,0.0084,0.00429,-0.015,0.0043
2026-08-20 13:52:26,712.05,2026-08-20,726.0,0.01,0.02,0.05,855,659,0.3032,0.008,0.00382,-0.015,0.0041
2026-08-20 13:52:26,712.05,2026-08-20,727.0,0.01,0.02,0.04,3322,761,0.3221,0.0075,0.00343,-0.015,0.0039
2026-08-20 13:53:27,711.45,2026-08-20,697.0,13.42,16.07,15.64,1,14,0.5152,0.9354,0.01304,-0.295,0.0237
2026-08-20 13:53:27,711.45,2026-08-20,698.0,12.5,15.14,18.16,7,2,0.5157,0.9208,0.01523,-0.37,0.0277
2026-08-20 13:53:27,711.45,2026-08-20,699.0,11.12,14.45,14.53,1,1,0.4738,0.9222,0.01636,-0.335,0.0274
2026-08-20 13:53:27,711.45,2026-08-20,700.0,9.95,13.08,13.15,74,37,0.303,0.9791,0.00883,-0.065,0.0094
2026-08-20 13:53:27,711.45,2026-08-20,701.0,9.86,10.91,12,5,,,,,,
2026-08-20 13:53:27,711.45,2026-08-20,702.0,8.37,11.27,12.06,19,7,0.3957,0.9011,0.02342,-0.37,0.0327
2026-08-20 13:53:27,711.45,2026-08-20,703.0,7.78,10.39,10.56,27,52,0.4328,0.854,0.02816,-0.635,0.043
2026-08-20 13:53:27,711.45,2026-08-20,704.0,7.78,8,9.6,2,6,0.3516,0.8732,0.03148,-0.44,0.0391
2026-08-20 13:53:27,711.45,2026-08-20,705.0,6.99,7.21,7.84,115,63,0.3653,0.8294,0.03695,-0.65,0.0476
2026-08-20 13:53:27,711.45,2026-08-20,706.0,6.19,6.27,6.62,43,7,0.3536,0.7971,0.0425,-0.78,0.0531
2026-08-20 13:53:27,711.45,2026-08-20,707.0,5.46,5.52,5.74,154,4,0.359,0.7485,0.04727,-1.04,0.0599
2026-08-20 13:53:27,711.45,2026-08-20,708.0,4.5,4.58,4.42,121,12,0.3234,0.718,0.05559,-1.09,0.0635
2026-08-20 13:53:27,711.45,2026-08-20,709.0,3.75,3.9,4.22,136,94,0.3193,0.6616,0.06097,-1.375,0.0687
2026-08-20 13:53:27,711.45,2026-08-20,710.0,3.15,3.19,3.03,2663,259,0.3154,0.5997,0.0652,-1.72,0.0726
2026-08-20 13:53:27,711.45,2026-08-20,711.0,2.52,2.56,2.44,543,65,0.3065,0.5342,0.06902,-2.09,0.0747
2026-08-20 13:53:27,711.45,2026-08-20,712.0,1.97,2.02,2.02,4063,313,0.3,0.4642,0.07049,-1.995,0.0747
2026-08-20 13:53:27,711.45,2026-08-20,713.0,1.5,1.51,1.51,8772,94,0.2912,0.3915,0.07021,-1.505,0.0722
2026-08-20 13:53:27,711.45,2026-08-20,714.0,1.15,1.16,1.16,18014,212,0.2918,0.324,0.06556,-1.155,0.0675
2026-08-20 13:53:27,711.45,2026-08-20,715.0,0.8,0.81,0.81,17529,214,0.2819,0.2543,0.06055,-0.805,0.0602
2026-08-20 13:53:27,711.45,2026-08-20,716.0,0.53,0.58,0.58,9575,290,0.2767,0.1936,0.0528,-0.555,0.0516
2026-08-20 13:53:27,711.45,2026-08-20,717.0,0.38,0.39,0.39,14752,1003,0.276,0.145,0.04394,-0.385,0.0428
2026-08-20 13:53:27,711.45,2026-08-20,718.0,0.26,0.27,0.27,10040,1836,0.2769,0.1065,0.03531,-0.265,0.0345
2026-08-20 13:53:27,711.45,2026-08-20,719.0,0.18,0.19,0.19,6727,945,0.2803,0.0781,0.02771,-0.185,0.0274
2026-08-20 13:53:27,711.45,2026-08-20,720.0,0.12,0.13,0.13,8069,2008,0.2826,0.0556,0.02112,-0.125,0.0211
2026-08-20 13:53:27,711.45,2026-08-20,721.0,0.08,0.09,0.09,5289,958,0.286,0.0394,0.01584,-0.085,0.016
2026-08-20 13:53:27,711.45,2026-08-20,722.0,0.06,0.07,0.07,2529,3838,0.2957,0.0303,0.01233,-0.065,0.0129
2026-08-20 13:53:27,711.45,2026-08-20,723.0,0.01,0.06,0.06,1864,2009,0.2892,0.0178,0.00808,-0.035,0.0083
2026-08-20 13:53:27,711.45,2026-08-20,724.0,0.01,0.05,0.05,1318,691,0.3036,0.0149,0.00659,-0.03,0.0071
2026-08-20 13:53:27,711.45,2026-08-20,725.0,0.01,0.05,0.05,2069,2386,0.3241,0.014,0.00587,-0.03,0.0067
2026-08-20 13:53:27,711.45,2026-08-20,726.0,0.01,0.02,0.04,869,659,0.3154,0.0077,0.00358,-0.015,0.004
2026-08-20 13:54:28,711.74,2026-08-20,697.0,13.69,16.079,15.64,1,14,0.4491,0.9621,0.00979,-0.1495,0.0155
2026-08-20 13:54:28,711.74,2026-08-20,698.0,12.63,15.24,18.16,7,2,0.4522,0.9498,0.0122,-0.2,0.0194
2026-08-20 13:54:28,711.74,2026-08-20,699.0,11.38,14.06,14.53,1,1,,,,,
2026-08-20 13:54:28,711.74,2026-08-20,700.0,10.41,13.34,13.15,74,37,0.3672,0.9577,0.01308,-0.14,0.0169
2026-08-20 13:54:28,711.74,2026-08-20,701.0,9.95,11.41,12,5,,,,,,
2026-08-20 13:54:28,711.74,2026-08-20,702.0,8.88,11.16,10.99,21,7,0.3769,0.9183,0.02135,-0.285,0.0283
2026-08-20 13:54:28,711.74,2026-08-20,703.0,8.06,10.24,10.22,31,52,0.3869,0.8885,0.02615,-0.415,0.0356
2026-08-20 13:54:28,711.74,2026-08-20,704.0,7.92,8.02,9.6,2,6,0.3006,0.9172,0.02705,-0.235,0.0286
2026-08-20 13:54:28,711.74,2026-08-20,705.0,7.09,7.33,7.84,115,63,0.3367,0.8596,0.03528,-0.475,0.0418
2026-08-20 13:54:28,711.74,2026-08-20,706.0,6.24,6.29,6.62,43,7,0.3143,0.8374,0.04168,-0.53,0.0462
2026-08-20 13:54:28,711.74,2026-08-20,707.0,5.38,5.47,5.45,156,4,0.3093,0.7956,0.04885,-0.69,0.0532
2026-08-20 13:54:28,711.74,2026-08-20,708.0,4.68,4.77,4.69,126,12,0.3203,0.7358,0.05439,-0.99,0.0614
2026-08-20 13:54:28,711.74,2026-08-20,709.0,3.89,3.98,3.84,140,94,0.3076,0.6852,0.06151,-1.2,0.0667
2026-08-20 13:54:28,711.74,2026-08-20,710.0,3.15,3.26,3.24,2672,259,0.2965,0.6255,0.06812,-1.47,0.0711
2026-08-20 13:54:28,711.74,2026-08-20,711.0,2.56,2.64,2.62,577,65,0.2941,0.556,0.07155,-1.865,0.0741
2026-08-20 13:54:28,711.74,2026-08-20,712.0,2.04,2.05,2.029,4314,313,0.289,0.4836,0.07347,-2.045,0.0748
2026-08-20 13:54:28,711.74,2026-08-20,713.0,1.55,1.6,1.58,9008,94,0.2855,0.4098,0.07254,-1.575,0.073
2026-08-20 13:54:28,711.74,2026-08-20,714.0,1.16,1.17,1.17,19008,212,0.2799,0.3362,0.06946,-1.165,0.0685
2026-08-20 13:54:28,711.74,2026-08-20,715.0,0.79,0.84,0.84,20245,214,0.2718,0.2641,0.0641,-0.815,0.0614
2026-08-20 13:54:28,711.74,2026-08-20,716.0,0.55,0.56,0.59,10588,290,0.2663,0.1997,0.05595,-0.555,0.0525
2026-08-20 13:54:28,711.74,2026-08-20,717.0,0.36,0.41,0.36,15424,1003,0.2667,0.1492,0.0464,-0.385,0.0436
2026-08-20 13:54:28,711.74,2026-08-20,718.0,0.23,0.24,0.23,11145,1836,0.2597,0.1017,0.03646,-0.235,0.0334
2026-08-20 13:54:28,711.74,2026-08-20,719.0,0.18,0.19,0.19,7331,945,0.2726,0.08,0.02906,-0.185,0.0279
2026-08-20 13:54:28,711.74,2026-08-20,720.0,0.08,0.13,0.13,8463,2008,0.2656,0.0505,0.02084,-0.105,0.0195
2026-08-20 13:54:28,711.74,2026-08-20,721.0,0.05,0.06,0.1,5465,958,0.2585,0.0294,0.0138,-0.055,0.0126
2026-08-20 13:54:28,711.74,2026-08-20,722.0,0.03,0.04,0.04,2664,3838,0.262,0.0195,0.00963,-0.035,0.0089
2026-08-20 13:54:28,711.74,2026-08-20,723.0,0.05,0.06,0.06,2024,2009,0.304,0.0255,0.01042,-0.055,0.0112
2026-08-20 13:54:28,711.74,2026-08-20,724.0,0.04,0.05,0.05,1378,691,0.3162,0.0206,0.00837,-0.045,0.0093
2026-08-20 13:54:28,711.74,2026-08-20,725.0,0.04,0.05,0.05,2111,2386,0.3378,0.0195,0.00746,-0.045,0.0089
2026-08-20 13:54:28,711.74,2026-08-20,726.0,0.01,0.02,0.02,871,659,0.3103,0.0078,0.00369,-0.015,0.004
2026-08-20 13:55:29,712.63,2026-08-20,698.0,12.87,15.19,18.16,7,2,,,,,
2026-08-20 13:55:29,712.63,2026-08-20,699.0,11.62,14.41,14.53,1,1,,,,,
2026-08-20 13:55:29,712.63,2026-08-20,700.0,10.76,13.27,13.27,76,37,,,,,
2026-08-20 13:55:29,712.63,2026-08-20,701.0,9.97,11.89,12,5,,,,,,
2026-08-20 13:55:29,712.63,2026-08-20,702.0,8.91,10.8,10.42,21,7,,,,,
2026-08-20 13:55:29,712.63,2026-08-20,703.0,7.97,10.44,10.46,31,52,,,,,
2026-08-20 13:55:29,712.63,2026-08-20,704.0,7.82,9.84,9.6,2,6,0.3133,0.9312,0.02254,-0.2,0.0249
2026-08-20 13:55:29,712.63,2026-08-20,705.0,7.47,7.82,7.84,134,63,,,,,
2026-08-20 13:55:29,712.63,2026-08-20,706.0,6.63,6.91,6.62,43,7,0.2327,0.9374,0.02821,-0.14,0.0231
2026-08-20 13:55:29,712.63,2026-08-20,707.0,5.79,5.8,5.89,385,4,0.2145,0.9211,0.03656,-0.165,0.0276
2026-08-20 13:55:29,712.63,2026-08-20,708.0,4.99,5.1,4.81,160,12,0.2501,0.8408,0.05168,-0.415,0.0455
2026-08-20 13:55:29,712.63,2026-08-20,709.0,4.23,4.27,4.32,348,94,0.253,0.7806,0.06226,-0.62,0.0555
2026-08-20 13:55:29,712.63,2026-08-20,710.0,3.49,3.51,3.62,2758,259,0.2523,0.7137,0.07186,-0.87,0.0638
2026-08-20 13:55:29,712.63,2026-08-20,711.0,2.84,2.91,2.83,640,65,0.2592,0.6343,0.07731,-1.245,0.0706
2026-08-20 13:55:29,712.63,2026-08-20,712.0,2.29,2.31,2.21,4642,313,0.2615,0.5542,0.08053,-1.67,0.0742
2026-08-20 13:55:29,712.63,2026-08-20,713.0,1.74,1.76,1.76,9621,94,0.2563,0.4725,0.08274,-1.75,0.0747
2026-08-20 13:55:29,712.63,2026-08-20,714.0,1.26,1.28,1.28,20670,212,0.2492,0.3879,0.08192,-1.27,0.0719
2026-08-20 13:55:29,712.63,2026-08-20,715.0,0.94,0.95,0.95,22743,214,0.2523,0.3114,0.07466,-0.945,0.0663
2026-08-20 13:55:29,712.63,2026-08-20,716.0,0.62,0.67,0.67,11631,290,0.2477,0.2372,0.06644,-0.645,0.058
2026-08-20 13:55:29,712.63,2026-08-20,717.0,0.45,0.46,0.45,16494,1003,0.2506,0.1791,0.05563,-0.455,0.0491
2026-08-20 13:55:29,712.63,2026-08-20,718.0,0.26,0.31,0.31,12228,1836,0.2459,0.1248,0.04455,-0.285,0.0386
2026-08-20 13:55:29,712.63,2026-08-20,719.0,0.2,0.21,0.21,7867,945,0.2536,0.0926,0.03486,-0.205,0.0311
2026-08-20 13:55:29,712.63,2026-08-20,720.0,0.14,0.15,0.15,9251,2008,0.2603,0.0677,0.02678,-0.145,0.0246
2026-08-20 13:55:29,712.63,2026-08-20,721.0,0.1,0.11,0.11,5807,958,0.2683,0.05,0.02049,-0.105,0.0194
2026-08-20 13:55:29,712.63,2026-08-20,722.0,0.07,0.08,0.04,2777,3838,0.2755,0.0365,0.01547,-0.075,0.015
2026-08-20 13:55:29,712.63,2026-08-20,723.0,0.02,0.03,0.03,2227,2009,0.2518,0.015,0.008,-0.025,0.0071
2026-08-20 13:55:29,712.63,2026-08-20,724.0,0.01,0.02,0.06,1528,691,0.2548,0.0093,0.00525,-0.015,0.0047
2026-08-20 13:55:29,712.63,2026-08-20,725.0,0.01,0.02,0.05,2371,2386,0.2741,0.0087,0.00461,-0.015,0.0044
2026-08-20 13:55:29,712.63,2026-08-20,726.0,0.01,0.04,0.02,904,659,0.313,0.0123,0.00544,-0.025,0.006
2026-08-20 13:55:29,712.63,2026-08-20,727.0,0.01,0.04,0.03,3344,761,0.333,0.0116,0.00487,-0.025,0.0057
2026-08-20 13:56:31,713.39,2026-08-20,699.0,12.68,14.78,14.41,3,1,,,,,
2026-08-20 13:56:31,713.39,2026-08-20,700.0,11.37,13.48,13.27,76,37,,,,,
2026-08-20 13:56:31,713.39,2026-08-20,701.0,10.7,12.83,12,5,,,,,,
2026-08-20 13:56:31,713.39,2026-08-20,702.0,9.38,11.87,11.84,25,7,,,,,
2026-08-20 13:56:31,713.39,2026-08-20,703.0,9.16,10.53,10.46,31,52,,,,,
2026-08-20 13:56:31,713.39,2026-08-20,704.0,7.86,9.6,9.6,2,6,,,,,
2026-08-20 13:56:31,713.39,2026-08-20,705.0,8.15,8.46,8.79,135,63,,,,,
2026-08-20 13:56:31,713.39,2026-08-20,706.0,7.24,7.51,7.68,49,7,,,,,
2026-08-20 13:56:31,713.39,2026-08-20,707.0,6.47,6.52,6.93,387,4,0.21,0.9492,0.0265,-0.105,0.0196
2026-08-20 13:56:31,713.39,2026-08-20,708.0,5.68,5.73,6.16,188,12,0.2522,0.8752,0.04346,-0.315,0.0386
2026-08-20 13:56:31,713.39,2026-08-20,709.0,4.84,4.89,4.97,360,94,0.2543,0.8241,0.05422,-0.475,0.0485
2026-08-20 13:56:31,713.39,2026-08-20,710.0,4,4.1,4.44,2781,259,0.2505,0.7676,0.065,-0.66,0.0573
2026-08-20 13:56:31,713.39,2026-08-20,711.0,3.38,3.43,3.44,736,65,0.2635,0.6886,0.07149,-1.015,0.0663
2026-08-20 13:56:31,713.39,2026-08-20,712.0,2.68,2.71,2.71,4807,313,0.255,0.6174,0.07974,-1.305,0.0716
2026-08-20 13:56:31,713.39,2026-08-20,713.0,2.009,2.029,2.029,10139,94,0.2414,0.5374,0.08771,-1.629,0.0745
2026-08-20 13:56:31,713.39,2026-08-20,714.0,1.59,1.61,1.61,22077,212,0.2511,0.4516,0.08408,-1.6,0.0743
2026-08-20 13:56:31,713.39,2026-08-20,715.0,1.17,1.19,1.19,25619,214,0.2493,0.3684,0.08062,-1.18,0.0707
2026-08-20 13:56:31,713.39,2026-08-20,716.0,0.83,0.85,0.85,13085,290,0.2473,0.2899,0.07378,-0.84,0.0642
2026-08-20 13:56:31,713.39,2026-08-20,717.0,0.56,0.57,0.57,17254,1003,0.2432,0.2173,0.06443,-0.565,0.0552
2026-08-20 13:56:31,713.39,2026-08-20,718.0,0.38,0.39,0.41,12937,1836,0.2444,0.16,0.05307,-0.385,0.0456
2026-08-20 13:56:31,713.39,2026-08-20,719.0,0.22,0.27,0.27,8586,945,0.2428,0.1114,0.04166,-0.245,0.0356
2026-08-20 13:56:31,713.39,2026-08-20,720.0,0.17,0.18,0.15,10044,2008,0.2506,0.082,0.03221,-0.175,0.0284
2026-08-20 13:56:31,713.39,2026-08-20,721.0,0.12,0.13,0.13,5944,958,0.2583,0.0601,0.0246,-0.125,0.0224
2026-08-20 13:56:31,713.39,2026-08-20,722.0,0.05,0.1,0.1,2883,3838,0.2573,0.0388,0.0174,-0.075,0.0158
2026-08-20 13:56:31,713.39,2026-08-20,723.0,0.06,0.07,0.04,2314,2009,0.2743,0.0324,0.01408,-0.065,0.0136
2026-08-20 13:56:31,713.39,2026-08-20,724.0,0.05,0.06,0.02,1564,691,0.2894,0.0267,0.01136,-0.055,0.0116
2026-08-20 13:56:31,713.39,2026-08-20,725.0,0.04,0.05,0.05,2614,2386,0.3022,0.0215,0.00908,-0.045,0.0097
2026-08-20 13:56:31,713.39,2026-08-20,726.0,0.03,0.04,0.04,905,659,0.3121,0.0167,0.00709,-0.035,0.0078
2026-08-20 13:56:31,713.39,2026-08-20,727.0,0.03,0.04,0.04,3350,761,0.333,0.0158,0.00632,-0.035,0.0074
2026-08-20 13:56:31,713.39,2026-08-20,728.0,0.03,0.04,0.03,691,1221,0.3537,0.0149,0.00568,-0.035,0.0071
2026-08-20 13:57:33,711.88,2026-08-20,697.0,14.32,16.4,15.64,1,14,0.5994,0.9118,0.01428,-0.48,0.0299
2026-08-20 13:57:33,711.88,2026-08-20,698.0,13.73,15.73,18.16,7,2,0.6732,0.8696,0.01685,-0.85,0.0396
2026-08-20 13:57:33,711.88,2026-08-20,699.0,12.39,14.83,14.64,3,1,0.6089,0.8753,0.01806,-0.73,0.0384
2026-08-20 13:57:33,711.88,2026-08-20,700.0,11.78,13.68,13.27,76,37,0.6047,0.8576,0.01992,-0.85,0.0421
2026-08-20 13:57:33,711.88,2026-08-20,701.0,10.69,11.82,12.16,7,,0.4432,0.9085,0.01984,-0.375,0.0307
2026-08-20 13:57:33,711.88,2026-08-20,702.0,9.6,11.02,11.84,25,7,0.4292,0.894,0.02281,-0.43,0.0342
2026-08-20 13:57:33,711.88,2026-08-20,703.0,8.99,10.21,10.46,31,52,0.4696,0.8477,0.02683,-0.72,0.044
2026-08-20 13:57:33,711.88,2026-08-20,704.0,8,9.49,9.6,2,6,0.4646,0.8214,0.03006,-0.865,0.0488
2026-08-20 13:57:33,711.88,2026-08-20,705.0,7.07,7.34,8.79,135,63,0.3039,0.8896,0.03318,-0.325,0.0352
2026-08-20 13:57:33,711.88,2026-08-20,706.0,6.45,6.5,6.64,54,7,0.3348,0.8292,0.04055,-0.595,0.0474
2026-08-20 13:57:33,711.88,2026-08-20,707.0,5.46,5.51,6.15,388,4,0.2997,0.811,0.04827,-0.605,0.0506
2026-08-20 13:57:33,711.88,2026-08-20,708.0,4.7,4.72,6.16,188,12,0.3011,0.7577,0.05552,-0.83,0.0584
2026-08-20 13:57:33,711.88,2026-08-20,709.0,3.96,3.99,3.97,373,94,0.2997,0.6994,0.06211,-1.095,0.0651
2026-08-20 13:57:33,711.88,2026-08-20,710.0,3.2,3.23,3.35,2808,259,0.2861,0.6405,0.06992,-1.335,0.0699
2026-08-20 13:57:33,711.88,2026-08-20,711.0,2.59,2.63,2.82,770,65,0.2857,0.5685,0.0736,-1.73,0.0735
2026-08-20 13:57:33,711.88,2026-08-20,712.0,2.09,2.1,2.06,4885,313,0.2875,0.4942,0.07423,-2.095,0.0746
2026-08-20 13:57:33,711.88,2026-08-20,713.0,1.59,1.61,1.61,10377,94,0.2819,0.4189,0.07414,-1.6,0.073
2026-08-20 13:57:33,711.88,2026-08-20,714.0,1.14,1.2,1.2,23108,212,0.2746,0.3429,0.07161,-1.17,0.0687
2026-08-20 13:57:33,711.88,2026-08-20,715.0,0.82,0.87,0.81,27274,214,0.2715,0.2724,0.06543,-0.845,0.0621
2026-08-20 13:57:33,711.88,2026-08-20,716.0,0.6,0.61,0.6,13707,290,0.2713,0.2112,0.05702,-0.605,0.0541
2026-08-20 13:57:33,711.88,2026-08-20,717.0,0.4,0.41,0.41,18188,1003,0.2674,0.1555,0.04778,-0.405,0.0446
2026-08-20 13:57:33,711.88,2026-08-20,718.0,0.23,0.24,0.28,13633,1836,0.2564,0.1032,0.03746,-0.235,0.0336
2026-08-20 13:57:33,711.88,2026-08-20,719.0,0.18,0.19,0.19,9334,945,0.2696,0.081,0.02979,-0.185,0.0281
2026-08-20 13:57:33,711.88,2026-08-20,720.0,0.12,0.13,0.13,10838,2008,0.2727,0.0575,0.0226,-0.125,0.0215
2026-08-20 13:57:33,711.88,2026-08-20,721.0,0.04,0.05,0.09,6201,958,0.2478,0.0257,0.0129,-0.045,0.0112
2026-08-20 13:57:33,711.88,2026-08-20,722.0,0.06,0.07,0.07,2987,3838,0.2872,0.0312,0.01308,-0.065,0.0131
2026-08-20 13:57:33,711.88,2026-08-20,723.0,0.01,0.02,0.02,2396,2009,0.2509,0.0095,0.00544,-0.015,0.0048
2026-08-20 13:57:33,711.88,2026-08-20,724.0,0.04,0.05,0.05,1606,691,0.3144,0.0208,0.00852,-0.045,0.0094
2026-08-20 13:57:33,711.88,2026-08-20,725.0,0.01,0.02,0.02,2662,2386,0.2897,0.0084,0.0042,-0.015,0.0043
2026-08-20 13:57:33,711.88,2026-08-20,726.0,0.01,0.04,0.02,928,659,0.3293,0.0118,0.005,-0.025,0.0058
2026-08-20 13:58:34,711.82,2026-08-20,697.0,13.53,16.73,15.64,1,14,0.5374,0.9334,0.01288,-0.315,0.0241
2026-08-20 13:58:34,711.82,2026-08-20,698.0,12.07,15.53,18.16,7,2,,,,,
2026-08-20 13:58:34,711.82,2026-08-20,699.0,12.45,14.88,14.64,3,1,0.6379,0.8635,0.01837,-0.85,0.0408
2026-08-20 13:58:34,711.82,2026-08-20,700.0,10.36,13.86,13.27,76,37,0.4435,0.9261,0.0169,-0.295,0.0261
2026-08-20 13:58:34,711.82,2026-08-20,701.0,9.53,12.19,12.16,7,,0.2662,0.9861,0.00712,-0.045,0.0066
2026-08-20 13:58:34,711.82,2026-08-20,702.0,9.75,11.3,11.84,25,7,0.5007,0.8569,0.02418,-0.71,0.0422
2026-08-20 13:58:34,711.82,2026-08-20,703.0,8.69,10.22,10.46,31,52,0.4495,0.8567,0.02695,-0.64,0.0422
2026-08-20 13:58:34,711.82,2026-08-20,704.0,7.86,8.27,9.6,2,6,0.3099,0.9141,0.02712,-0.25,0.0293
2026-08-20 13:58:34,711.82,2026-08-20,705.0,7.21,7.39,8.79,135,63,0.3437,0.8588,0.03489,-0.485,0.0418
2026-08-20 13:58:34,711.82,2026-08-20,706.0,6.27,6.39,6.31,61,7,0.3157,0.841,0.04112,-0.515,0.0452
2026-08-20 13:58:34,711.82,2026-08-20,707.0,5.4,5.65,5.5,389,4,0.3179,0.7944,0.04796,-0.71,0.0531
2026-08-20 13:58:34,711.82,2026-08-20,708.0,4.73,4.85,4.67,198,12,0.3232,0.7395,0.05382,-0.975,0.0606
2026-08-20 13:58:34,711.82,2026-08-20,709.0,4.01,4.03,3.89,375,94,0.3139,0.6876,0.06041,-1.205,0.0661
2026-08-20 13:58:34,711.82,2026-08-20,710.0,3.25,3.34,3.27,2826,259,0.3038,0.6286,0.06666,-1.48,0.0706
2026-08-20 13:58:34,711.82,2026-08-20,711.0,2.69,2.72,2.7,920,65,0.304,0.5602,0.0695,-1.89,0.0736
2026-08-20 13:58:34,711.82,2026-08-20,712.0,2.09,2.12,2.02,4964,313,0.2935,0.4896,0.07279,-2.105,0.0744
2026-08-20 13:58:34,711.82,2026-08-20,713.0,1.58,1.64,1.58,10414,94,0.2874,0.4157,0.0727,-1.61,0.0728
2026-08-20 13:58:34,711.82,2026-08-20,714.0,1.21,1.22,1.21,24092,212,0.2848,0.3436,0.0692,-1.215,0.0687
2026-08-20 13:58:34,711.82,2026-08-20,715.0,0.87,0.89,0.89,28669,214,0.2804,0.2744,0.06369,-0.88,0.0622
2026-08-20 13:58:34,711.82,2026-08-20,716.0,0.61,0.62,0.62,14092,290,0.2761,0.2113,0.05613,-0.615,0.054
2026-08-20 13:58:34,711.82,2026-08-20,717.0,0.38,0.43,0.43,18831,1003,0.27,0.1545,0.04718,-0.405,0.0444
2026-08-20 13:58:34,711.82,2026-08-20,718.0,0.28,0.29,0.29,14184,1836,0.2731,0.115,0.03808,-0.285,0.0362
2026-08-20 13:58:34,711.82,2026-08-20,719.0,0.15,0.2,0.19,9555,945,0.2682,0.0778,0.02906,-0.175,0.0272
2026-08-20 13:58:34,711.82,2026-08-20,720.0,0.09,0.1,0.1,11093,2008,0.2598,0.0474,0.02038,-0.095,0.0184
2026-08-20 13:58:34,711.82,2026-08-20,721.0,0.09,0.1,0.1,6300,958,0.2849,0.0438,0.01743,-0.095,0.0173
2026-08-20 13:58:34,711.82,2026-08-20,722.0,0.06,0.07,0.07,3218,3838,0.2892,0.031,0.01296,-0.065,0.0131
2026-08-20 13:58:34,711.82,2026-08-20,723.0,0.05,0.06,0.06,2570,2009,0.3039,0.0256,0.01053,-0.055,0.0111
2026-08-20 13:58:34,711.82,2026-08-20,724.0,0.04,0.05,0.05,1616,691,0.3163,0.0207,0.00845,-0.045,0.0093
2026-08-20 13:58:34,711.82,2026-08-20,725.0,0.03,0.04,0.04,2674,2386,0.3257,0.0161,0.00663,-0.035,0.0075
2026-08-20 13:58:34,711.82,2026-08-20,726.0,0.03,0.04,0.04,936,659,0.3466,0.0153,0.00594,-0.035,0.0072
2026-08-20 13:59:35,712.16,2026-08-20,698.0,12.41,16.07,18.16,7,2,0.3782,0.9792,0.00711,-0.075,0.0093
2026-08-20 13:59:35,712.16,2026-08-20,699.0,12.43,14.65,14.64,3,1,0.513,0.9189,0.0157,-0.375,0.028
2026-08-20 13:59:35,712.16,2026-08-20,700.0,10.53,13.84,13.27,76,37,,,,,
2026-08-20 13:59:35,712.16,2026-08-20,701.0,9.72,12.08,12.16,7,,,,,,
2026-08-20 13:59:35,712.16,2026-08-20,702.0,9.73,11.35,11.84,25,7,0.4224,0.9045,0.02153,-0.375,0.0316
2026-08-20 13:59:35,712.16,2026-08-20,703.0,8.71,10.51,10.46,31,52,0.4117,0.8868,0.025,-0.445,0.0358
2026-08-20 13:59:35,712.16,2026-08-20,704.0,8.61,8.88,9.6,2,6,0.4132,0.8586,0.02909,-0.58,0.0418
2026-08-20 13:59:35,712.16,2026-08-20,705.0,7.51,7.68,8.79,135,63,0.3422,0.872,0.03278,-0.43,0.039
2026-08-20 13:59:35,712.16,2026-08-20,706.0,6.74,6.99,6.67,77,7,0.3679,0.8187,0.03842,-0.7,0.0492
2026-08-20 13:59:35,712.16,2026-08-20,707.0,5.98,6.03,6.03,408,4,0.3562,0.7847,0.04402,-0.84,0.0545
2026-08-20 13:59:35,712.16,2026-08-20,708.0,5.09,5.26,4.67,198,12,0.3444,0.7448,0.05002,-1.01,0.0599
2026-08-20 13:59:35,712.16,2026-08-20,709.0,4.38,4.4,4.16,383,94,0.3338,0.6975,0.05606,-1.225,0.0651
2026-08-20 13:59:35,712.16,2026-08-20,710.0,3.56,3.65,3.58,2833,259,0.3167,0.6461,0.06297,-1.44,0.0693
2026-08-20 13:59:35,712.16,2026-08-20,711.0,2.96,3.02,2.89,925,65,0.3161,0.5814,0.06627,-1.825,0.0728
2026-08-20 13:59:35,712.16,2026-08-20,712.0,2.29,2.33,2.27,5079,313,0.2979,0.5149,0.07177,-2.145,0.0743
2026-08-20 13:59:35,712.16,2026-08-20,713.0,1.78,1.8,1.83,10559,94,0.2919,0.4421,0.07252,-1.79,0.0736
2026-08-20 13:59:35,712.16,2026-08-20,714.0,1.36,1.37,1.36,24737,212,0.2888,0.3697,0.07009,-1.365,0.0704
2026-08-20 13:59:35,712.16,2026-08-20,715.0,0.94,0.99,0.95,30373,214,0.2784,0.2956,0.06651,-0.965,0.0644
2026-08-20 13:59:35,712.16,2026-08-20,716.0,0.69,0.7,0.68,14484,290,0.2769,0.2318,0.05906,-0.695,0.0569
2026-08-20 13:59:35,712.16,2026-08-20,717.0,0.43,0.45,0.48,19435,1003,0.2657,0.1674,0.05055,-0.44,0.0467
2026-08-20 13:59:35,712.16,2026-08-20,718.0,0.28,0.33,0.33,14702,1836,0.2677,0.1237,0.04095,-0.305,0.0381
2026-08-20 13:59:35,712.16,2026-08-20,719.0,0.21,0.22,0.21,9874,945,0.2722,0.0914,0.03235,-0.215,0.0306
2026-08-20 13:59:35,712.16,2026-08-20,720.0,0.14,0.15,0.15,11413,2008,0.2746,0.065,0.02477,-0.145,0.0237
2026-08-20 13:59:35,712.16,2026-08-20,721.0,0.05,0.1,0.06,6379,958,0.2643,0.0381,0.01679,-0.075,0.0154
2026-08-20 13:59:35,712.16,2026-08-20,722.0,0.03,0.04,0.04,3233,3838,0.2544,0.0201,0.01026,-0.035,0.0091
2026-08-20 13:59:35,712.16,2026-08-20,723.0,0.05,0.06,0.06,2583,2009,0.2962,0.0263,0.01102,-0.055,0.0114
2026-08-20 13:59:35,712.16,2026-08-20,724.0,0.04,0.05,0.02,1651,691,0.3089,0.0212,0.00882,-0.045,0.0095
2026-08-20 13:59:35,712.16,2026-08-20,725.0,0.03,0.04,0.04,2712,2386,0.3187,0.0165,0.0069,-0.035,0.0077
2026-08-20 13:59:35,712.16,2026-08-20,726.0,0.03,0.04,0.03,954,659,0.3396,0.0156,0.00617,-0.035,0.0073
2026-08-20 13:59:35,712.16,2026-08-20,727.0,0.03,0.04,0.03,3754,761,0.3604,0.0148,0.00556,-0.035,0.007
2026-08-20 14:00:36,713.05,2026-08-20,699.0,12.03,14.6,14.64,3,1,,,,,
2026-08-20 14:00:36,713.05,2026-08-20,700.0,11.1,13.61,13.27,76,37,,,,,
2026-08-20 14:00:36,713.05,2026-08-20,701.0,10.11,12.47,12.16,7,,,,,,
2026-08-20 14:00:36,713.05,2026-08-20,702.0,9.51,11.22,11.84,25,7,,,,,
2026-08-20 14:00:36,713.05,2026-08-20,703.0,8.63,10.31,10.46,31,52,,,,,
2026-08-20 14:00:36,713.05,2026-08-20,704.0,9.13,9.23,9.6,2,6,0.2945,0.9522,0.01813,-0.13,0.0186
2026-08-20 14:00:36,713.05,2026-08-20,705.0,8.2,8.4,8.37,140,63,0.3173,0.9156,0.02616,-0.25,0.0289
2026-08-20 14:00:36,713.05,2026-08-20,706.0,7.41,7.48,6.8,91,7,0.3294,0.8772,0.0331,-0.395,0.0379
2026-08-20 14:00:36,713.05,2026-08-20,707.0,6.46,6.5,6.53,421,4,0.3047,0.8593,0.03931,-0.43,0.0416
2026-08-20 14:00:36,713.05,2026-08-20,708.0,5.59,5.64,4.67,198,12,0.2988,0.8205,0.04701,-0.565,0.0488
2026-08-20 14:00:36,713.05,2026-08-20,709.0,4.85,4.96,5.01,403,94,0.3133,0.7589,0.05334,-0.855,0.0581
2026-08-20 14:00:36,713.05,2026-08-20,710.0,4.019,4.19,4.15,2856,259,0.3021,0.7089,0.06087,-1.0545,0.0639
2026-08-20 14:00:36,713.05,2026-08-20,711.0,3.32,3.35,3.45,962,65,0.2884,0.6515,0.06877,-1.285,0.069
2026-08-20 14:00:36,713.05,2026-08-20,712.0,2.69,2.76,2.69,5195,313,0.2889,0.5803,0.07256,-1.675,0.0729
2026-08-20 14:00:36,713.05,2026-08-20,713.0,2.14,2.16,2.12,10905,94,0.2843,0.5068,0.07526,-2.1,0.0744
2026-08-20 14:00:36,713.05,2026-08-20,714.0,1.62,1.64,1.64,25998,212,0.2769,0.4301,0.07607,-1.63,0.0732
2026-08-20 14:00:36,713.05,2026-08-20,715.0,1.2,1.21,1.21,33065,214,0.2719,0.3533,0.07332,-1.205,0.0693
2026-08-20 14:00:36,713.05,2026-08-20,716.0,0.8,0.86,0.85,15305,290,0.2623,0.2762,0.06836,-0.83,0.0623
2026-08-20 14:00:36,713.05,2026-08-20,717.0,0.59,0.6,0.6,20416,1003,0.2635,0.2136,0.05924,-0.595,0.0543
2026-08-20 14:00:36,713.05,2026-08-20,718.0,0.4,0.41,0.41,15524,1836,0.2622,0.1583,0.04943,-0.405,0.0451
2026-08-20 14:00:36,713.05,2026-08-20,719.0,0.26,0.27,0.26,10244,945,0.2605,0.1127,0.0394,-0.265,0.0357
2026-08-20 14:00:36,713.05,2026-08-20,720.0,0.17,0.18,0.17,12036,2008,0.2618,0.0794,0.03028,-0.175,0.0276
2026-08-20 14:00:36,713.05,2026-08-20,721.0,0.11,0.12,0.12,6742,958,0.2642,0.0551,0.02262,-0.115,0.0208
2026-08-20 14:00:36,713.05,2026-08-20,722.0,0.07,0.08,0.08,3330,3838,0.2672,0.0377,0.01649,-0.075,0.0153
2026-08-20 14:00:36,713.05,2026-08-20,723.0,0.01,0.02,0.02,2631,2009,0.2284,0.0104,0.00646,-0.015,0.0051
2026-08-20 14:00:36,713.05,2026-08-20,724.0,0.04,0.05,0.05,1712,691,0.2895,0.0224,0.00989,-0.045,0.01
2026-08-20 14:00:36,713.05,2026-08-20,725.0,0.03,0.04,0.04,3270,2386,0.3,0.0174,0.00768,-0.035,0.008
2026-08-20 14:00:36,713.05,2026-08-20,726.0,0.01,0.04,0.02,1778,659,0.3065,0.0126,0.00571,-0.025,0.0061
2026-08-20 14:00:36,713.05,2026-08-20,727.0,0.03,0.04,0.02,3760,761,0.3421,0.0155,0.00609,-0.035,0.0072
2026-08-20 14:00:36,713.05,2026-08-20,728.0,0.01,0.02,0.02,828,1221,0.3254,0.0075,0.00343,-0.015,0.0039
2026-08-20 14:01:40,712.66,2026-08-20,698.0,13.06,15.87,18.16,7,2,,,,,
2026-08-20 14:01:40,712.66,2026-08-20,699.0,12.01,14.92,14.64,3,1,,,,,
2026-08-20 14:01:40,712.66,2026-08-20,700.0,11.3,13.58,13.27,76,37,,,,,
2026-08-20 14:01:40,712.66,2026-08-20,701.0,11.19,12.63,12.36,8,,0.4225,0.9337,0.01638,-0.25,0.024
2026-08-20 14:01:40,712.66,2026-08-20,702.0,9.6,11.43,11.84,25,7,,,,,
2026-08-20 14:01:40,712.66,2026-08-20,703.0,8.71,10.49,10.46,31,52,,,,,
2026-08-20 14:01:40,712.66,2026-08-20,704.0,8.94,9.03,9.6,2,6,0.3612,0.9039,0.02536,-0.325,0.0317
2026-08-20 14:01:40,712.66,2026-08-20,705.0,7.99,8,8.46,140,63,0.333,0.8944,0.02946,-0.335,0.034
2026-08-20 14:01:40,712.66,2026-08-20,706.0,7.1,7.3,7.33,100,7,0.3523,0.8481,0.03586,-0.54,0.0437
2026-08-20 14:01:40,712.66,2026-08-20,707.0,6.25,6.36,6.29,429,4,0.3386,0.8185,0.04186,-0.645,0.0491
2026-08-20 14:01:40,712.66,2026-08-20,708.0,5.42,5.54,5.38,207,12,0.333,0.777,0.04815,-0.82,0.0555
2026-08-20 14:01:40,712.66,2026-08-20,709.0,4.55,4.68,4.59,419,94,0.3141,0.7374,0.05577,-0.955,0.0607
2026-08-20 14:01:40,712.66,2026-08-20,710.0,3.84,3.91,3.9,2867,259,0.309,0.6813,0.0621,-1.215,0.0664
2026-08-20 14:01:40,712.66,2026-08-20,711.0,3.13,3.15,3.15,1072,65,0.2965,0.6213,0.06895,-1.48,0.0708
2026-08-20 14:01:40,712.66,2026-08-20,712.0,2.43,2.45,2.45,5324,313,0.2806,0.5534,0.07573,-1.78,0.0736
2026-08-20 14:01:40,712.66,2026-08-20,713.0,1.89,1.95,1.94,11432,94,0.2795,0.477,0.07657,-1.92,0.0741
2026-08-20 14:01:40,712.66,2026-08-20,714.0,1.46,1.48,1.48,27255,212,0.2776,0.4007,0.07482,-1.47,0.0719
2026-08-20 14:01:40,712.66,2026-08-20,715.0,1.06,1.07,1.07,34577,214,0.2711,0.3244,0.07129,-1.065,0.0669
2026-08-20 14:01:40,712.66,2026-08-20,716.0,0.72,0.73,0.73,16747,290,0.2623,0.2499,0.06508,-0.725,0.0591
2026-08-20 14:01:40,712.66,2026-08-20,717.0,0.48,0.53,0.52,21148,1003,0.2617,0.1892,0.05558,-0.505,0.0504
2026-08-20 14:01:40,712.66,2026-08-20,718.0,0.35,0.36,0.36,16149,1836,0.2645,0.1416,0.04557,-0.355,0.0417
2026-08-20 14:01:40,712.66,2026-08-20,719.0,0.19,0.24,0.24,10458,945,0.2581,0.0957,0.03538,-0.215,0.0316
2026-08-20 14:01:40,712.66,2026-08-20,720.0,0.11,0.16,0.16,12315,2008,0.2575,0.0647,0.02638,-0.135,0.0235
2026-08-20 14:01:40,712.66,2026-08-20,721.0,0.1,0.11,0.12,6853,958,0.2699,0.0501,0.02059,-0.105,0.0192
2026-08-20 14:01:40,712.66,2026-08-20,722.0,0.03,0.04,0.08,3573,3838,0.2441,0.0209,0.01107,-0.035,0.0094
2026-08-20 14:01:40,712.66,2026-08-20,723.0,0.01,0.02,0.06,3094,2009,0.2366,0.0101,0.00609,-0.015,0.005
2026-08-20 14:01:40,712.66,2026-08-20,724.0,0.04,0.05,0.05,1751,691,0.2987,0.0219,0.00939,-0.045,0.0097
2026-08-20 14:01:40,712.66,2026-08-20,725.0,0.01,0.02,0.04,3309,2386,0.2759,0.0088,0.00463,-0.015,0.0044
2026-08-20 14:01:40,712.66,2026-08-20,726.0,0.01,0.04,0.02,1836,659,0.3151,0.0123,0.00545,-0.025,0.006
2026-08-20 14:01:40,712.66,2026-08-20,727.0,0.03,0.04,0.03,3761,761,0.3509,0.0151,0.00585,-0.035,0.0071
2026-08-20 14:02:42,712.28,2026-08-20,698.0,13.12,15.89,18.16,7,2,0.4846,0.9465,0.0121,-0.225,0.0202
2026-08-20 14:02:42,712.28,2026-08-20,699.0,12.27,14.98,14.64,3,1,0.5076,0.9238,0.0152,-0.345,0.0266
2026-08-20 14:02:42,712.28,2026-08-20,700.0,11.12,13.86,13.27,76,37,0.4228,0.9436,0.01445,-0.21,0.0211
2026-08-20 14:02:42,712.28,2026-08-20,701.0,10.94,12.47,12,13,,0.4746,0.903,0.01948,-0.425,0.0319
2026-08-20 14:02:42,712.28,2026-08-20,702.0,9.56,10.67,11.84,25,7,,,,,
2026-08-20 14:02:42,712.28,2026-08-20,703.0,8.59,10.44,10.46,31,52,0.3492,0.9262,0.02156,-0.235,0.026
2026-08-20 14:02:42,712.28,2026-08-20,704.0,8.44,8.49,9.6,2,6,0.3007,0.9331,0.02322,-0.185,0.0241
2026-08-20 14:02:42,712.28,2026-08-20,705.0,7.45,7.78,8.46,140,63,0.3217,0.8912,0.03124,-0.335,0.0347
2026-08-20 14:02:42,712.28,2026-08-20,706.0,6.7,6.88,7.13,101,7,0.3327,0.8481,0.03804,-0.51,0.0437
2026-08-20 14:02:42,712.28,2026-08-20,707.0,6.05,6.11,5.95,450,4,0.3549,0.7916,0.04353,-0.8,0.0533
2026-08-20 14:02:42,712.28,2026-08-20,708.0,5.02,5.16,5.1,208,12,0.3163,0.7699,0.0517,-0.81,0.0564
2026-08-20 14:02:42,712.28,2026-08-20,709.0,4.3,4.36,4.43,449,94,0.3132,0.7166,0.05821,-1.05,0.0629
2026-08-20 14:02:42,712.28,2026-08-20,710.0,3.51,3.59,3.73,2933,259,0.299,0.6623,0.0658,-1.27,0.0679
2026-08-20 14:02:42,712.28,2026-08-20,711.0,2.96,2.99,2.86,1152,65,0.3061,0.5921,0.06831,-1.695,0.0721
2026-08-20 14:02:42,712.28,2026-08-20,712.0,2.27,2.29,2.19,5476,313,0.287,0.524,0.0747,-2.0,0.074
2026-08-20 14:02:42,712.28,2026-08-20,713.0,1.78,1.8,1.66,12217,94,0.2862,0.4492,0.07445,-1.79,0.0735
2026-08-20 14:02:42,712.28,2026-08-20,714.0,1.29,1.3,1.22,28822,212,0.274,0.3707,0.07424,-1.295,0.0702
2026-08-20 14:02:42,712.28,2026-08-20,715.0,0.95,0.96,0.86,36493,214,0.2728,0.2987,0.0685,-0.955,0.0644
2026-08-20 14:02:42,712.28,2026-08-20,716.0,0.66,0.67,0.64,17714,290,0.2681,0.2304,0.06105,-0.665,0.0564
2026-08-20 14:02:42,712.28,2026-08-20,717.0,0.39,0.44,0.44,21980,1003,0.2574,0.1644,0.05181,-0.415,0.046
2026-08-20 14:02:42,712.28,2026-08-20,718.0,0.25,0.3,0.3,17095,1836,0.2571,0.1179,0.04138,-0.275,0.0367
2026-08-20 14:02:42,712.28,2026-08-20,719.0,0.2,0.21,0.2,11317,945,0.2666,0.0896,0.03269,-0.205,0.0301
2026-08-20 14:02:42,712.28,2026-08-20,720.0,0.13,0.14,0.14,12800,2008,0.2683,0.0626,0.02472,-0.135,0.0229
2026-08-20 14:02:42,712.28,2026-08-20,721.0,0.09,0.1,0.06,7119,958,0.2747,0.0454,0.01871,-0.095,0.0177
2026-08-20 14:02:42,712.28,2026-08-20,722.0,0.07,0.08,0.07,3671,3838,0.2869,0.0356,0.0147,-0.075,0.0145
2026-08-20 14:02:42,712.28,2026-08-20,723.0,0.05,0.06,0.02,3244,2009,0.2948,0.0265,0.01119,-0.055,0.0114
2026-08-20 14:02:42,712.28,2026-08-20,724.0,0.01,0.02,0.04,1778,691,0.2643,0.0091,0.00501,-0.015,0.0046
2026-08-20 14:02:42,712.28,2026-08-20,725.0,0.01,0.04,0.04,3350,2386,0.3031,0.0128,0.00586,-0.025,0.0061
2026-08-20 14:02:42,712.28,2026-08-20,726.0,0.03,0.04,0.02,1869,659,0.3387,0.0157,0.00625,-0.035,0.0073
2026-08-20 14:02:42,712.28,2026-08-20,727.0,0.01,0.02,0.02,3786,761,0.3223,0.0076,0.00351,-0.015,0.0039
2026-08-20 14:03:43,711.62,2026-08-20,697.0,13.99,16.75,15.64,1,14,0.6779,0.8823,0.01571,-0.75,0.0366
2026-08-20 14:03:43,711.62,2026-08-20,698.0,13.39,15.66,18.16,7,2,0.6842,0.8633,0.01727,-0.905,0.0406
2026-08-20 14:03:43,711.62,2026-08-20,699.0,12.11,14.74,14.64,3,1,0.6248,0.8665,0.01861,-0.805,0.0399
2026-08-20 14:03:43,711.62,2026-08-20,700.0,11.16,13.54,13.1,109,37,0.5717,0.8677,0.02022,-0.73,0.0397
2026-08-20 14:03:43,711.62,2026-08-20,701.0,10.45,11.98,12,38,,0.5032,0.8763,0.02192,-0.595,0.0379
2026-08-20 14:03:43,711.62,2026-08-20,702.0,9.46,10.91,11.84,25,7,0.4618,0.8729,0.02433,-0.565,0.0386
2026-08-20 14:03:43,711.62,2026-08-20,703.0,8.59,9.56,10.46,31,52,0.3994,0.881,0.02687,-0.455,0.0368
2026-08-20 14:03:43,711.62,2026-08-20,704.0,7.88,7.97,8.22,4,6,0.3242,0.9003,0.02916,-0.305,0.0325
2026-08-20 14:03:43,711.62,2026-08-20,705.0,6.94,7.18,7.04,143,63,0.3287,0.8643,0.03578,-0.44,0.0404
2026-08-20 14:03:43,711.62,2026-08-20,706.0,6.19,6.24,6.05,170,7,0.3283,0.8252,0.04235,-0.595,0.0477
2026-08-20 14:03:43,711.62,2026-08-20,707.0,5.33,5.38,5.37,452,4,0.3173,0.787,0.04943,-0.735,0.0538
2026-08-20 14:03:43,711.62,2026-08-20,708.0,4.46,4.63,4.58,228,12,0.3088,0.7396,0.05675,-0.925,0.0601
2026-08-20 14:03:43,711.62,2026-08-20,709.0,3.69,3.78,3.76,456,94,0.2932,0.6882,0.06511,-1.115,0.0655
2026-08-20 14:03:43,711.62,2026-08-20,710.0,3.04,3.07,3.04,3505,259,0.2892,0.6218,0.07096,-1.435,0.0704
2026-08-20 14:03:43,711.62,2026-08-20,711.0,2.4,2.5,2.47,1237,65,0.2862,0.5496,0.07466,-1.83,0.0733
2026-08-20 14:03:43,711.62,2026-08-20,712.0,1.87,1.89,1.97,6007,313,0.2779,0.4736,0.07731,-1.88,0.0738
2026-08-20 14:03:43,711.62,2026-08-20,713.0,1.45,1.47,1.49,13081,94,0.2797,0.398,0.07447,-1.46,0.0715
2026-08-20 14:03:43,711.62,2026-08-20,714.0,1.07,1.08,1.08,29708,212,0.2757,0.3237,0.07033,-1.075,0.0666
2026-08-20 14:03:43,711.62,2026-08-20,715.0,0.73,0.78,0.78,38052,214,0.2702,0.2528,0.06384,-0.755,0.0592
2026-08-20 14:03:43,711.62,2026-08-20,716.0,0.49,0.5,0.5,18741,290,0.2624,0.1866,0.0552,-0.495,0.0497
2026-08-20 14:03:43,711.62,2026-08-20,717.0,0.32,0.33,0.38,22498,1003,0.2597,0.1343,0.04496,-0.325,0.0401
2026-08-20 14:03:43,711.62,2026-08-20,718.0,0.25,0.26,0.26,17750,1836,0.2727,0.1057,0.03617,-0.255,0.0339
2026-08-20 14:03:43,711.62,2026-08-20,719.0,0.12,0.13,0.14,12344,945,0.2554,0.0613,0.0256,-0.125,0.0224
2026-08-20 14:03:43,711.62,2026-08-20,720.0,0.07,0.12,0.12,13048,2008,0.2667,0.0466,0.01974,-0.095,0.0181
2026-08-20 14:03:43,711.62,2026-08-20,721.0,0.04,0.09,0.09,7288,958,0.2723,0.0329,0.01456,-0.065,0.0136
2026-08-20 14:03:43,711.62,2026-08-20,722.0,0.02,0.03,0.07,3777,3838,0.2552,0.0149,0.00798,-0.025,0.007
2026-08-20 14:03:43,711.62,2026-08-20,723.0,0.01,0.06,0.05,3271,2009,0.2897,0.018,0.00826,-0.035,0.0082
2026-08-20 14:03:43,711.62,2026-08-20,724.0,0.04,0.05,0.04,1793,691,0.3229,0.0205,0.00826,-0.045,0.0092
2026-08-20 14:03:43,711.62,2026-08-20,725.0,0.03,0.04,0.02,3366,2386,0.3323,0.016,0.00649,-0.035,0.0074
2026-08-20 14:03:43,711.62,2026-08-20,726.0,0.01,0.04,0.03,1880,659,0.3375,0.0116,0.00486,-0.025,0.0056
2026-08-20 14:04:45,711.73,2026-08-20,697.0,14.16,16.16,15.64,1,14,0.5838,0.9173,0.01411,-0.43,0.0282
2026-08-20 14:04:45,711.73,2026-08-20,698.0,13.22,15.61,18.16,7,2,0.6314,0.8843,0.01669,-0.685,0.0361
2026-08-20 14:04:45,711.73,2026-08-20,699.0,12.45,14.46,14.64,3,1,0.6089,0.8749,0.01828,-0.725,0.0381
2026-08-20 14:04:45,711.73,2026-08-20,700.0,11.4,13.71,12.9,111,37,0.5997,0.8589,0.02016,-0.825,0.0414
2026-08-20 14:04:45,711.73,2026-08-20,701.0,10.29,12.21,11.95,38,,0.487,0.8865,0.02133,-0.52,0.0356
2026-08-20 14:04:45,711.73,2026-08-20,702.0,9.52,10.97,11.84,25,7,0.4528,0.8805,0.0238,-0.515,0.0369
2026-08-20 14:04:45,711.73,2026-08-20,703.0,8.59,9.74,10.46,31,52,0.3981,0.885,0.02635,-0.435,0.0359
2026-08-20 14:04:45,711.73,2026-08-20,704.0,8.02,8.22,8.22,4,6,0.353,0.8845,0.02981,-0.39,0.036
2026-08-20 14:04:45,711.73,2026-08-20,705.0,6.91,7.17,7.24,168,63,0.298,0.8914,0.03379,-0.31,0.0345
2026-08-20 14:04:45,711.73,2026-08-20,706.0,6.18,6.28,6.38,181,7,0.3121,0.8423,0.04174,-0.5,0.0446
2026-08-20 14:04:45,711.73,2026-08-20,707.0,5.31,5.37,5.39,506,4,0.2981,0.8073,0.04962,-0.61,0.0506
2026-08-20 14:04:45,711.73,2026-08-20,708.0,4.46,4.48,4.48,229,12,0.2823,0.7654,0.05879,-0.74,0.0568
2026-08-20 14:04:45,711.73,2026-08-20,709.0,3.74,3.75,3.75,528,94,0.2834,0.7017,0.06614,-1.015,0.0642
2026-08-20 14:04:45,711.73,2026-08-20,710.0,3.09,3.14,3.02,3662,259,0.2884,0.6302,0.07075,-1.385,0.0699
2026-08-20 14:04:45,711.73,2026-08-20,711.0,2.43,2.53,2.53,1492,65,0.2824,0.5586,0.07553,-1.75,0.073
2026-08-20 14:04:45,711.73,2026-08-20,712.0,1.9,1.97,1.97,6407,313,0.2786,0.4822,0.0773,-1.935,0.0737
2026-08-20 14:04:45,711.73,2026-08-20,713.0,1.44,1.49,1.44,15430,94,0.2746,0.4044,0.07625,-1.465,0.0717
2026-08-20 14:04:45,711.73,2026-08-20,714.0,1.09,1.11,1.11,30702,212,0.2745,0.3305,0.07134,-1.1,0.067
2026-08-20 14:04:45,711.73,2026-08-20,715.0,0.73,0.74,0.74,39587,214,0.2625,0.2534,0.06588,-0.735,0.0592
2026-08-20 14:04:45,711.73,2026-08-20,716.0,0.5,0.55,0.55,19551,290,0.2645,0.1943,0.05621,-0.525,0.0509
2026-08-20 14:04:45,711.73,2026-08-20,717.0,0.36,0.38,0.38,23279,1003,0.2672,0.1459,0.04629,-0.37,0.0423
2026-08-20 14:04:45,711.73,2026-08-20,718.0,0.25,0.26,0.25,18293,1836,0.2696,0.1068,0.0369,-0.255,0.0341
2026-08-20 14:04:45,711.73,2026-08-20,719.0,0.12,0.13,0.13,12650,945,0.2527,0.0619,0.0261,-0.125,0.0226
2026-08-20 14:04:45,711.73,2026-08-20,720.0,0.07,0.12,0.12,13750,2008,0.2642,0.0471,0.0201,-0.095,0.0182
2026-08-20 14:04:45,711.73,2026-08-20,721.0,0.04,0.05,0.09,7551,958,0.2538,0.0254,0.0126,-0.045,0.0109
2026-08-20 14:04:45,711.73,2026-08-20,722.0,0.06,0.07,0.03,4111,3838,0.2937,0.0308,0.01281,-0.065,0.0129
2026-08-20 14:04:45,711.73,2026-08-20,723.0,0.01,0.02,0.05,3290,2009,0.2564,0.0094,0.00533,-0.015,0.0047
2026-08-20 14:04:45,711.73,2026-08-20,724.0,0.01,0.05,0.04,1804,691,0.3024,0.0151,0.00682,-0.03,0.0071
2026-08-20 14:04:45,711.73,2026-08-20,725.0,0.01,0.02,0.03,3395,2386,0.2956,0.0083,0.00413,-0.015,0.0042
2026-08-20 14:04:45,711.73,2026-08-20,726.0,0.01,0.04,0.03,1975,659,0.3357,0.0117,0.00492,-0.025,0.0057
2026-08-20 14:05:46,711.63,2026-08-20,697.0,14.34,16.16,15.64,1,14,0.6418,0.8957,0.01526,-0.615,0.0334
2026-08-20 14:05:46,711.63,2026-08-20,698.0,13.01,15.09,18.16,7,2,0.5463,0.9152,0.0154,-0.415,0.0287
2026-08-20 14:05:46,711.63,2026-08-20,699.0,12.16,14.52,14.64,3,1,0.6014,0.8764,0.01838,-0.705,0.0377
2026-08-20 14:05:46,711.63,2026-08-20,700.0,11.45,13.37,12.79,111,37,0.5852,0.8632,0.02027,-0.775,0.0405
2026-08-20 14:05:46,711.63,2026-08-20,701.0,10.14,12.15,11.95,38,,0.4819,0.8873,0.02149,-0.51,0.0354
2026-08-20 14:05:46,711.63,2026-08-20,702.0,9.41,10.34,11.84,25,7,0.3634,0.9269,0.02068,-0.24,0.0257
2026-08-20 14:05:46,711.63,2026-08-20,703.0,8.48,9.82,10.46,31,52,0.417,0.872,0.02717,-0.515,0.0387
2026-08-20 14:05:46,711.63,2026-08-20,704.0,7.85,8.189,8.22,4,6,0.3489,0.8847,0.03018,-0.3845,0.0359
2026-08-20 14:05:46,711.63,2026-08-20,705.0,7.06,7.25,7.27,347,63,0.3494,0.8509,0.03597,-0.52,0.0429
2026-08-20 14:05:46,711.63,2026-08-20,706.0,6.09,6.14,6.24,247,7,0.3047,0.8444,0.04244,-0.48,0.0441
2026-08-20 14:05:46,711.63,2026-08-20,707.0,5.24,5.29,5.25,530,4,0.2988,0.8023,0.05036,-0.63,0.0514
2026-08-20 14:05:46,711.63,2026-08-20,708.0,4.56,4.6,4.51,241,12,0.3137,0.7378,0.05622,-0.945,0.0602
2026-08-20 14:05:46,711.63,2026-08-20,709.0,3.74,3.84,3.81,555,94,0.3009,0.6853,0.06388,-1.155,0.0656
2026-08-20 14:05:46,711.63,2026-08-20,710.0,3.11,3.13,3.14,3817,259,0.298,0.6198,0.06918,-1.485,0.0704
2026-08-20 14:05:46,711.63,2026-08-20,711.0,2.5,2.52,2.49,1614,65,0.2941,0.5496,0.07286,-1.875,0.0731
2026-08-20 14:05:46,711.63,2026-08-20,712.0,1.94,1.95,1.93,7020,313,0.2866,0.4756,0.07521,-1.945,0.0736
2026-08-20 14:05:46,711.63,2026-08-20,713.0,1.42,1.44,1.44,16337,94,0.2754,0.3973,0.07579,-1.43,0.0712
2026-08-20 14:05:46,711.63,2026-08-20,714.0,1.08,1.09,1.09,31527,212,0.2773,0.3252,0.07027,-1.085,0.0665
2026-08-20 14:05:46,711.63,2026-08-20,715.0,0.77,0.78,0.78,41126,214,0.2738,0.2559,0.0636,-0.775,0.0594
2026-08-20 14:05:46,711.63,2026-08-20,716.0,0.54,0.55,0.5,20130,290,0.2725,0.1958,0.0549,-0.545,0.0511
2026-08-20 14:05:46,711.63,2026-08-20,717.0,0.32,0.33,0.37,23914,1003,0.2599,0.1345,0.0451,-0.325,0.04
2026-08-20 14:05:46,711.63,2026-08-20,718.0,0.2,0.25,0.25,18490,1836,0.2639,0.0981,0.03551,-0.225,0.032
2026-08-20 14:05:46,711.63,2026-08-20,719.0,0.12,0.13,0.13,12894,945,0.2557,0.0614,0.02567,-0.125,0.0224
2026-08-20 14:05:46,711.63,2026-08-20,720.0,0.11,0.12,0.08,14106,2008,0.2776,0.0533,0.02115,-0.115,0.02
2026-08-20 14:05:46,711.63,2026-08-20,721.0,0.04,0.09,0.09,7682,958,0.2727,0.033,0.0146,-0.065,0.0136
2026-08-20 14:05:46,711.63,2026-08-20,722.0,0.02,0.03,0.07,4162,3838,0.2557,0.015,0.008,-0.025,0.007
2026-08-20 14:05:46,711.63,2026-08-20,723.0,0.05,0.06,0.05,3448,2009,0.3111,0.0253,0.01029,-0.055,0.0109
2026-08-20 14:05:46,711.63,2026-08-20,724.0,0.04,0.05,0.04,1830,691,0.3235,0.0205,0.00827,-0.045,0.0091
2026-08-20 14:05:46,711.63,2026-08-20,725.0,0.01,0.04,0.03,3538,2386,0.3179,0.0123,0.00544,-0.025,0.0059
2026-08-20 14:05:46,711.63,2026-08-20,726.0,0.03,0.04,0.02,1979,659,0.354,0.0151,0.00583,-0.035,0.007
2026-08-20 14:06:51,712.7,2026-08-20,698.0,13.17,15.31,18.16,7,2,,,,,
2026-08-20 14:06:51,712.7,2026-08-20,699.0,12.07,14.41,14.64,3,1,,,,,
2026-08-20 14:06:51,712.7,2026-08-20,700.0,11.34,13.13,12.79,111,37,,,,,
2026-08-20 14:06:51,712.7,2026-08-20,701.0,10.49,12.03,11.95,38,,,,,,
2026-08-20 14:06:51,712.7,2026-08-20,702.0,9.84,11.1,11.84,25,7,,,,,
2026-08-20 14:06:51,712.7,2026-08-20,703.0,8.51,9.93,10.46,31,52,,,,,
2026-08-20 14:06:51,712.7,2026-08-20,704.0,8.81,8.98,8.22,4,6,0.3203,0.9314,0.02235,-0.2,0.0244
2026-08-20 14:06:51,712.7,2026-08-20,705.0,7.98,8.039,7.45,350,63,0.3305,0.8988,0.02899,-0.3145,0.0327
2026-08-20 14:06:51,712.7,2026-08-20,706.0,7,7.08,6.42,310,7,0.3073,0.8835,0.03451,-0.345,0.0362
2026-08-20 14:06:51,712.7,2026-08-20,707.0,6.18,6.41,6.18,547,4,0.3331,0.8256,0.0418,-0.6,0.0475
2026-08-20 14:06:51,712.7,2026-08-20,708.0,5.27,5.45,4.93,252,12,0.308,0.7983,0.04946,-0.665,0.052
2026-08-20 14:06:51,712.7,2026-08-20,709.0,4.52,4.53,4.13,578,94,0.2969,0.7527,0.0576,-0.83,0.0584
2026-08-20 14:06:51,712.7,2026-08-20,710.0,3.73,3.83,3.73,3995,259,0.293,0.6937,0.06483,-1.085,0.0648
2026-08-20 14:06:51,712.7,2026-08-20,711.0,2.99,3.09,2.99,1717,65,0.2812,0.6309,0.07262,-1.345,0.0697
2026-08-20 14:06:51,712.7,2026-08-20,712.0,2.46,2.48,2.46,7719,313,0.2841,0.5557,0.07527,-1.775,0.073
2026-08-20 14:06:51,712.7,2026-08-20,713.0,1.82,1.83,1.82,17705,94,0.2664,0.4783,0.08094,-1.825,0.0736
2026-08-20 14:06:51,712.7,2026-08-20,714.0,1.42,1.43,1.42,32837,212,0.2714,0.4004,0.07708,-1.425,0.0714
2026-08-20 14:06:51,712.7,2026-08-20,715.0,0.98,1.03,0.98,43105,214,0.2624,0.3202,0.0738,-1.005,0.0661
2026-08-20 14:06:51,712.7,2026-08-20,716.0,0.68,0.73,0.68,21202,290,0.2594,0.2481,0.06605,-0.705,0.0585
2026-08-20 14:06:51,712.7,2026-08-20,717.0,0.47,0.48,0.47,24995,1003,0.2563,0.1844,0.05626,-0.475,0.0492
2026-08-20 14:06:51,712.7,2026-08-20,718.0,0.33,0.34,0.33,18960,1836,0.2604,0.1376,0.04573,-0.335,0.0406
2026-08-20 14:06:51,712.7,2026-08-20,719.0,0.19,0.24,0.2,13190,945,0.2589,0.096,0.03561,-0.215,0.0315
2026-08-20 14:06:51,712.7,2026-08-20,720.0,0.16,0.17,0.16,15148,2008,0.2706,0.0741,0.02805,-0.165,0.0259
2026-08-20 14:06:51,712.7,2026-08-20,721.0,0.11,0.12,0.08,8032,958,0.276,0.0535,0.02135,-0.115,0.0201
2026-08-20 14:06:51,712.7,2026-08-20,722.0,0.07,0.08,0.07,4229,3838,0.2783,0.0367,0.01562,-0.075,0.0148
2026-08-20 14:06:51,712.7,2026-08-20,723.0,0.05,0.06,0.02,3495,2009,0.2868,0.0272,0.01185,-0.055,0.0116
2026-08-20 14:06:51,712.7,2026-08-20,724.0,0.01,0.02,0.04,1877,691,0.2575,0.0094,0.0053,-0.015,0.0047
2026-08-20 14:06:51,712.7,2026-08-20,725.0,0.01,0.02,0.03,3967,2386,0.2772,0.0088,0.00465,-0.015,0.0044
2026-08-20 14:06:51,712.7,2026-08-20,726.0,0.01,0.02,0.03,2000,659,0.2967,0.0083,0.00411,-0.015,0.0042
2026-08-20 14:06:51,712.7,2026-08-20,727.0,0.03,0.04,0.03,5109,761,0.3528,0.0152,0.00587,-0.035,0.0071
2026-08-20 14:07:52,712.42,2026-08-20,698.0,13.37,15.24,18.16,7,2,,,,,
2026-08-20 14:07:52,712.42,2026-08-20,699.0,12.33,14.55,14.64,3,1,,,,,
2026-08-20 14:07:52,712.42,2026-08-20,700.0,11.03,13.2,12.79,111,37,,,,,
2026-08-20 14:07:52,712.42,2026-08-20,701.0,10.53,11.86,11.95,38,,,,,,
2026-08-20 14:07:52,712.42,2026-08-20,702.0,10.11,10.8,11.84,25,7,0.2324,0.993,0.00453,-0.03,0.0036
2026-08-20 14:07:52,712.42,2026-08-20,703.0,8.41,10.22,10.46,31,52,,,,,
2026-08-20 14:07:52,712.42,2026-08-20,704.0,8.48,8.62,8.22,14,6,0.2787,0.9512,0.01968,-0.125,0.0187
2026-08-20 14:07:52,712.42,2026-08-20,705.0,7.59,7.97,7.78,421,63,0.3345,0.8884,0.03081,-0.355,0.035
2026-08-20 14:07:52,712.42,2026-08-20,706.0,6.81,6.9,6.57,326,7,0.3211,0.8638,0.03689,-0.43,0.0403
2026-08-20 14:07:52,712.42,2026-08-20,707.0,5.98,6.03,5.95,568,4,0.3194,0.8244,0.04386,-0.58,0.0476
2026-08-20 14:07:52,712.42,2026-08-20,708.0,5.23,5.28,5.23,569,12,0.3282,0.7707,0.05009,-0.83,0.0559
2026-08-20 14:07:52,712.42,2026-08-20,709.0,4.3,4.4,4.37,638,94,0.3017,0.7339,0.059,-0.925,0.0605
2026-08-20 14:07:52,712.42,2026-08-20,710.0,3.63,3.66,3.56,4120,259,0.301,0.6719,0.0651,-1.22,0.0666
2026-08-20 14:07:52,712.42,2026-08-20,711.0,2.88,2.91,2.83,1843,65,0.2848,0.6099,0.07305,-1.47,0.0708
2026-08-20 14:07:52,712.42,2026-08-20,712.0,2.25,2.31,2.25,9409,313,0.2787,0.536,0.07731,-1.855,0.0733
2026-08-20 14:07:52,712.42,2026-08-20,713.0,1.74,1.76,1.74,19927,94,0.2738,0.4577,0.07857,-1.75,0.0732
2026-08-20 14:07:52,712.42,2026-08-20,714.0,1.27,1.32,1.27,34424,212,0.2683,0.3781,0.07685,-1.295,0.0701
2026-08-20 14:07:52,712.42,2026-08-20,715.0,0.93,0.95,0.9,44601,214,0.2657,0.3026,0.07125,-0.94,0.0644
2026-08-20 14:07:52,712.42,2026-08-20,716.0,0.65,0.66,0.66,22005,290,0.2623,0.2328,0.0632,-0.655,0.0564
2026-08-20 14:07:52,712.42,2026-08-20,717.0,0.41,0.46,0.41,25902,1003,0.2583,0.1711,0.05335,-0.435,0.0469
2026-08-20 14:07:52,712.42,2026-08-20,718.0,0.3,0.31,0.3,19485,1836,0.2622,0.127,0.04304,-0.305,0.0384
2026-08-20 14:07:52,712.42,2026-08-20,719.0,0.16,0.21,0.2,13492,945,0.2574,0.0852,0.03283,-0.185,0.0287
2026-08-20 14:07:52,712.42,2026-08-20,720.0,0.13,0.14,0.11,15415,2008,0.2663,0.0634,0.02533,-0.135,0.0229
2026-08-20 14:07:52,712.42,2026-08-20,721.0,0.05,0.06,0.09,8184,958,0.2469,0.0311,0.0154,-0.055,0.0129
2026-08-20 14:07:52,712.42,2026-08-20,722.0,0.02,0.07,0.03,4534,3838,0.2616,0.0248,0.01202,-0.045,0.0107
2026-08-20 14:07:52,712.42,2026-08-20,723.0,0.01,0.06,0.05,3524,2009,0.2735,0.0191,0.00921,-0.035,0.0086
2026-08-20 14:07:52,712.42,2026-08-20,724.0,0.01,0.05,0.04,1887,691,0.2888,0.0158,0.00745,-0.03,0.0073
2026-08-20 14:07:52,712.42,2026-08-20,725.0,0.03,0.04,0.03,4095,2386,0.3167,0.0167,0.00712,-0.035,0.0077
2026-08-20 14:07:52,712.42,2026-08-20,726.0,0.03,0.04,0.03,2029,659,0.338,0.0158,0.00635,-0.035,0.0073
2026-08-20 14:07:52,712.42,2026-08-20,727.0,0.03,0.04,0.03,5180,761,0.3591,0.015,0.00571,-0.035,0.007
2026-08-20 14:08:54,711.73,2026-08-20,697.0,14.22,16.059,15.64,1,14,0.5799,0.9199,0.01394,-0.4095,0.0274
2026-08-20 14:08:54,711.73,2026-08-20,698.0,13.26,15.17,18.16,7,2,0.5753,0.9065,0.01579,-0.485,0.0307
2026-08-20 14:08:54,711.73,2026-08-20,699.0,12.12,14.29,14.64,3,1,0.5407,0.9033,0.01722,-0.475,0.0315
2026-08-20 14:08:54,711.73,2026-08-20,700.0,11.44,13.37,12.79,111,37,0.5655,0.8742,0.01988,-0.675,0.038
2026-08-20 14:08:54,711.73,2026-08-20,701.0,10.54,12.11,10.75,48,,0.5105,0.877,0.02168,-0.595,0.0374
2026-08-20 14:08:54,711.73,2026-08-20,702.0,9.59,10.8,11.84,25,7,0.4416,0.8877,0.0235,-0.465,0.0351
2026-08-20 14:08:54,711.73,2026-08-20,703.0,8.34,10.11,10.46,31,52,0.4168,0.8757,0.02674,-0.495,0.0377
2026-08-20 14:08:54,711.73,2026-08-20,704.0,8.54,8.74,8,20,6,0.4758,0.815,0.0305,-0.91,0.0491
2026-08-20 14:08:54,711.73,2026-08-20,705.0,7.53,7.6,7.53,533,63,0.4222,0.8103,0.03492,-0.835,0.0499
2026-08-20 14:08:54,711.73,2026-08-20,706.0,6.64,6.79,6.57,349,7,0.411,0.779,0.03926,-0.985,0.0546
2026-08-20 14:08:54,711.73,2026-08-20,707.0,5.64,5.73,5.75,579,4,0.364,0.7632,0.04609,-0.955,0.0568
2026-08-20 14:08:54,711.73,2026-08-20,708.0,5.05,5.1,5.05,623,12,0.384,0.7045,0.04888,-1.345,0.0635
2026-08-20 14:08:54,711.73,2026-08-20,709.0,4.19,4.23,4.15,719,94,0.356,0.6647,0.05565,-1.48,0.067
2026-08-20 14:08:54,711.73,2026-08-20,710.0,3.36,3.51,3.44,4405,259,0.3358,0.6133,0.06196,-1.705,0.0704
2026-08-20 14:08:54,711.73,2026-08-20,711.0,2.78,2.82,2.78,2683,65,0.3281,0.5512,0.06556,-2.07,0.0728
2026-08-20 14:08:54,711.73,2026-08-20,712.0,2.13,2.16,2.13,11298,313,0.3089,0.4841,0.07014,-2.145,0.0733
2026-08-20 14:08:54,711.73,2026-08-20,713.0,1.62,1.64,1.62,22089,94,0.2993,0.4118,0.07068,-1.63,0.0716
2026-08-20 14:08:54,711.73,2026-08-20,714.0,1.2,1.22,1.2,36284,212,0.2925,0.3396,0.06806,-1.21,0.0674
2026-08-20 14:08:54,711.73,2026-08-20,715.0,0.88,0.9,0.88,47344,214,0.2899,0.2729,0.06233,-0.89,0.0611
2026-08-20 14:08:54,711.73,2026-08-20,716.0,0.62,0.63,0.62,22936,290,0.2854,0.2109,0.05503,-0.625,0.0531
2026-08-20 14:08:54,711.73,2026-08-20,717.0,0.42,0.43,0.42,27242,1003,0.2815,0.1572,0.04643,-0.425,0.0442
2026-08-20 14:08:54,711.73,2026-08-20,718.0,0.28,0.29,0.27,20219,1836,0.2799,0.1141,0.03749,-0.285,0.0355
2026-08-20 14:08:54,711.73,2026-08-20,719.0,0.19,0.2,0.15,13804,945,0.2819,0.0827,0.02939,-0.195,0.028
2026-08-20 14:08:54,711.73,2026-08-20,720.0,0.13,0.14,0.1,16441,2008,0.2858,0.0598,0.0226,-0.135,0.0219
2026-08-20 14:08:54,711.73,2026-08-20,721.0,0.05,0.06,0.09,8798,958,0.2639,0.0294,0.01379,-0.055,0.0123
2026-08-20 14:08:54,711.73,2026-08-20,722.0,0.02,0.07,0.06,4853,3838,0.2781,0.0235,0.01086,-0.045,0.0102
2026-08-20 14:08:54,711.73,2026-08-20,723.0,0.05,0.06,0.05,3668,2009,0.3103,0.0255,0.01041,-0.055,0.0109
2026-08-20 14:08:54,711.73,2026-08-20,724.0,0.04,0.05,0.02,1946,691,0.3228,0.0206,0.00837,-0.045,0.0091
2026-08-20 14:08:54,711.73,2026-08-20,725.0,0.03,0.04,0.02,4149,2386,0.3324,0.0161,0.00657,-0.035,0.0074
2026-08-20 14:08:54,711.73,2026-08-20,726.0,0.03,0.04,0.01,2057,659,0.3535,0.0152,0.00589,-0.035,0.007
2026-08-20 14:09:55,712.5,2026-08-20,698.0,12.79,16.17,18.16,7,2,,,,,
2026-08-20 14:09:55,712.5,2026-08-20,699.0,11.94,15.03,14.64,3,1,,,,,
2026-08-20 14:09:55,712.5,2026-08-20,700.0,11.2,13.86,12.79,111,37,0.2745,0.9939,0.00342,-0.03,0.0032
2026-08-20 14:09:55,712.5,2026-08-20,701.0,10.24,12.73,10.95,53,,,,,,
2026-08-20 14:09:55,712.5,2026-08-20,702.0,9.55,10.93,10.12,27,7,,,,,
2026-08-20 14:09:55,712.5,2026-08-20,703.0,8.38,10.3,10.46,31,52,,,,,
2026-08-20 14:09:55,712.5,2026-08-20,704.0,8.56,9.18,8,20,6,0.3744,0.8943,0.02654,-0.37,0.0336
2026-08-20 14:09:55,712.5,2026-08-20,705.0,7.94,8.32,7.69,564,63,0.4073,0.8448,0.03183,-0.63,0.0438
2026-08-20 14:09:55,712.5,2026-08-20,706.0,6.95,7.22,6.88,364,7,0.3611,0.8392,0.03676,-0.585,0.0449
2026-08-20 14:09:55,712.5,2026-08-20,707.0,6.34,6.5,5.94,589,4,0.3898,0.7818,0.04112,-0.92,0.0542
2026-08-20 14:09:55,712.5,2026-08-20,708.0,5.35,5.52,5.21,636,12,0.3509,0.7603,0.04814,-0.935,0.0571
2026-08-20 14:09:55,712.5,2026-08-20,709.0,4.65,4.73,4.6,811,94,0.3489,0.7104,0.05332,-1.19,0.0629
2026-08-20 14:09:55,712.5,2026-08-20,710.0,3.78,3.83,3.93,4648,259,0.3184,0.6684,0.06198,-1.305,0.0667
2026-08-20 14:09:55,712.5,2026-08-20,711.0,3.07,3.12,3.16,3479,65,0.3075,0.6076,0.06796,-1.595,0.0707
2026-08-20 14:09:55,712.5,2026-08-20,712.0,2.49,2.52,2.49,12571,313,0.3048,0.5386,0.07085,-2.005,0.073
2026-08-20 14:09:55,712.5,2026-08-20,713.0,1.87,1.91,1.87,23520,94,0.2891,0.4655,0.07478,-1.89,0.0731
2026-08-20 14:09:55,712.5,2026-08-20,714.0,1.39,1.45,1.39,37253,212,0.2828,0.3895,0.07377,-1.42,0.0705
2026-08-20 14:09:55,712.5,2026-08-20,715.0,0.99,1.01,0.99,48639,214,0.2722,0.3117,0.07066,-1.0,0.065
2026-08-20 14:09:55,712.5,2026-08-20,716.0,0.73,0.74,0.7,23618,290,0.274,0.2465,0.06261,-0.735,0.058
2026-08-20 14:09:55,712.5,2026-08-20,717.0,0.45,0.5,0.45,27824,1003,0.2647,0.1804,0.05398,-0.475,0.0483
2026-08-20 14:09:55,712.5,2026-08-20,718.0,0.28,0.33,0.3,20452,1836,0.2605,0.1279,0.04368,-0.305,0.0385
2026-08-20 14:09:55,712.5,2026-08-20,719.0,0.17,0.22,0.19,13852,945,0.2594,0.0887,0.03367,-0.195,0.0295
2026-08-20 14:09:55,712.5,2026-08-20,720.0,0.1,0.11,0.11,16726,2008,0.2511,0.0539,0.02371,-0.105,0.0201
2026-08-20 14:09:55,712.5,2026-08-20,721.0,0.06,0.07,0.06,8844,958,0.2531,0.0353,0.01673,-0.065,0.0143
2026-08-20 14:09:55,712.5,2026-08-20,722.0,0.07,0.08,0.04,4865,3838,0.2844,0.0362,0.01518,-0.075,0.0146
2026-08-20 14:09:55,712.5,2026-08-20,723.0,0.05,0.06,0.02,3725,2009,0.2927,0.0269,0.01153,-0.055,0.0114
2026-08-20 14:09:55,712.5,2026-08-20,724.0,0.01,0.02,0.02,1976,691,0.2626,0.0093,0.00516,-0.015,0.0046
2026-08-20 14:09:55,712.5,2026-08-20,725.0,0.01,0.02,0.02,4166,2386,0.2823,0.0087,0.00453,-0.015,0.0043
2026-08-20 14:09:55,712.5,2026-08-20,726.0,0.01,0.02,0.02,2892,659,0.3019,0.0082,0.00402,-0.015,0.0041
2026-08-20 14:09:55,712.5,2026-08-20,727.0,0.03,0.04,0.02,5236,761,0.3585,0.015,0.00575,-0.035,0.007
2026-08-20 14:10:56,712.9,2026-08-20,698.0,13.18,16.129,18.16,7,2,,,,,
2026-08-20 14:10:56,712.9,2026-08-20,699.0,12.57,14.82,14.64,3,1,,,,,
2026-08-20 14:10:56,712.9,2026-08-20,700.0,11.23,13.64,12.79,111,37,,,,,
2026-08-20 14:10:56,712.9,2026-08-20,701.0,10.6,12.42,11.79,58,,,,,,
2026-08-20 14:10:56,712.9,2026-08-20,702.0,9.55,11.71,10.12,27,7,,,,,
2026-08-20 14:10:56,712.9,2026-08-20,703.0,8.6,10.56,10.46,31,52,,,,,
2026-08-20 14:10:56,712.9,2026-08-20,704.0,8.53,9.82,8,20,6,0.3566,0.9154,0.02367,-0.275,0.0285
2026-08-20 14:10:56,712.9,2026-08-20,705.0,8.039,8.44,8.01,606,63,0.3465,0.8954,0.02849,-0.3395,0.0333
2026-08-20 14:10:56,712.9,2026-08-20,706.0,7.48,7.63,7.24,449,7,0.3915,0.8345,0.03459,-0.655,0.0457
2026-08-20 14:10:56,712.9,2026-08-20,707.0,6.51,6.69,6.66,605,4,0.3635,0.8146,0.04003,-0.7,0.0491
2026-08-20 14:10:56,712.9,2026-08-20,708.0,5.69,5.78,5.58,696,12,0.35,0.7801,0.04604,-0.835,0.0544
2026-08-20 14:10:56,712.9,2026-08-20,709.0,4.84,4.9,4.9,867,94,0.3313,0.7422,0.05306,-0.97,0.0593
2026-08-20 14:10:56,712.9,2026-08-20,710.0,4.11,4.12,3.92,4969,259,0.3247,0.6896,0.05918,-1.215,0.0648
2026-08-20 14:10:56,712.9,2026-08-20,711.0,3.33,3.38,3.34,4099,65,0.3097,0.6338,0.06614,-1.455,0.0691
2026-08-20 14:10:56,712.9,2026-08-20,712.0,2.65,2.74,2.74,14458,313,0.301,0.5677,0.07111,-1.795,0.0722
2026-08-20 14:10:56,712.9,2026-08-20,713.0,2.04,2.08,2.08,27133,94,0.2864,0.4954,0.0758,-2.06,0.0733
2026-08-20 14:10:56,712.9,2026-08-20,714.0,1.58,1.6,1.6,39290,212,0.2843,0.4196,0.07482,-1.59,0.0718
2026-08-20 14:10:56,712.9,2026-08-20,715.0,1.11,1.13,1.13,51644,214,0.271,0.3396,0.07356,-1.12,0.0673
2026-08-20 14:10:56,712.9,2026-08-20,716.0,0.81,0.82,0.82,24401,290,0.2705,0.2693,0.06646,-0.815,0.0607
2026-08-20 14:10:56,712.9,2026-08-20,717.0,0.55,0.56,0.54,28942,1003,0.2658,0.2034,0.05791,-0.555,0.0519
2026-08-20 14:10:56,712.9,2026-08-20,718.0,0.33,0.38,0.32,21273,1836,0.2597,0.1452,0.0478,-0.355,0.0419
2026-08-20 14:10:56,712.9,2026-08-20,719.0,0.24,0.25,0.23,14040,945,0.2633,0.106,0.03785,-0.245,0.0336
2026-08-20 14:10:56,712.9,2026-08-20,720.0,0.11,0.16,0.15,17317,2008,0.2542,0.0662,0.02752,-0.135,0.0236
2026-08-20 14:10:56,712.9,2026-08-20,721.0,0.1,0.11,0.07,9162,958,0.2671,0.0512,0.0214,-0.105,0.0193
2026-08-20 14:10:56,712.9,2026-08-20,722.0,0.04,0.05,0.07,4915,3838,0.2517,0.0257,0.01294,-0.045,0.011
2026-08-20 14:10:56,712.9,2026-08-20,723.0,0.06,0.07,0.03,3734,2009,0.2918,0.0312,0.01312,-0.065,0.0129
2026-08-20 14:10:56,712.9,2026-08-20,724.0,0.01,0.02,0.03,2060,691,0.2549,0.0095,0.00545,-0.015,0.0047
2026-08-20 14:10:56,712.9,2026-08-20,725.0,0.04,0.05,0.04,4233,2386,0.3195,0.0208,0.00854,-0.045,0.0092
2026-08-20 14:10:56,712.9,2026-08-20,726.0,0.01,0.04,0.03,2974,659,0.3142,0.0125,0.00561,-0.025,0.0059
2026-08-20 14:10:56,712.9,2026-08-20,727.0,0.03,0.04,0.02,5236,761,0.3504,0.0153,0.006,-0.035,0.0071
2026-08-20 14:11:59,712.59,2026-08-20,698.0,13.58,16.149,18.16,7,2,0.5232,0.9389,0.0126,-0.2745,0.0222
2026-08-20 14:11:59,712.59,2026-08-20,699.0,12.55,15.08,14.64,3,1,0.472,0.9445,0.01294,-0.225,0.0205
2026-08-20 14:11:59,712.59,2026-08-20,700.0,11.37,13.63,12.79,111,37,,,,,
2026-08-20 14:11:59,712.59,2026-08-20,701.0,10.44,12.48,11.25,59,,,,,,
2026-08-20 14:11:59,712.59,2026-08-20,702.0,9.79,11.85,10.47,29,7,0.3898,0.9333,0.0181,-0.23,0.0237
2026-08-20 14:11:59,712.59,2026-08-20,703.0,8.43,10.31,10.46,31,52,,,,,
2026-08-20 14:11:59,712.59,2026-08-20,704.0,8.67,9.63,9.5,22,6,0.4302,0.8651,0.02751,-0.56,0.0398
2026-08-20 14:11:59,712.59,2026-08-20,705.0,7.92,7.98,7.87,612,63,0.3432,0.8888,0.03011,-0.36,0.0347
2026-08-20 14:11:59,712.59,2026-08-20,706.0,7.13,7.22,6.89,505,7,0.3654,0.8404,0.03626,-0.585,0.0445
2026-08-20 14:11:59,712.59,2026-08-20,707.0,6.07,6.2,6.15,618,4,0.3199,0.8325,0.04272,-0.545,0.046
2026-08-20 14:11:59,712.59,2026-08-20,708.0,5.17,5.34,5.21,721,12,0.3062,0.7961,0.05045,-0.665,0.0519
2026-08-20 14:11:59,712.59,2026-08-20,709.0,4.43,4.48,4.31,954,94,0.3006,0.7455,0.05819,-0.865,0.0588
2026-08-20 14:11:59,712.59,2026-08-20,710.0,3.71,3.76,3.6,5171,259,0.2995,0.6844,0.06475,-1.145,0.0652
2026-08-20 14:11:59,712.59,2026-08-20,711.0,2.96,3.04,2.97,4529,65,0.287,0.6217,0.07225,-1.41,0.0697
2026-08-20 14:11:59,712.59,2026-08-20,712.0,2.37,2.39,2.37,16723,313,0.2818,0.5485,0.07664,-1.79,0.0726
2026-08-20 14:11:59,712.59,2026-08-20,713.0,1.77,1.82,1.77,29880,94,0.2711,0.4702,0.08003,-1.795,0.0729
2026-08-20 14:11:59,712.59,2026-08-20,714.0,1.33,1.35,1.33,41439,212,0.2672,0.3898,0.07829,-1.34,0.0703
2026-08-20 14:11:59,712.59,2026-08-20,715.0,0.91,0.96,0.91,53662,214,0.2586,0.3086,0.07425,-0.935,0.0646
2026-08-20 14:11:59,712.59,2026-08-20,716.0,0.6,0.61,0.61,25444,290,0.2481,0.2296,0.06668,-0.605,0.0556
2026-08-20 14:11:59,712.59,2026-08-20,717.0,0.42,0.43,0.39,30169,1003,0.2516,0.1723,0.05531,-0.425,0.0468
2026-08-20 14:11:59,712.59,2026-08-20,718.0,0.24,0.29,0.26,21673,1836,0.2476,0.1191,0.04383,-0.265,0.0365
2026-08-20 14:11:59,712.59,2026-08-20,719.0,0.14,0.15,0.17,14400,945,0.2394,0.0741,0.03195,-0.145,0.0257
2026-08-20 14:11:59,712.59,2026-08-20,720.0,0.08,0.13,0.11,18031,2008,0.2494,0.0543,0.02409,-0.105,0.0202
2026-08-20 14:11:59,712.59,2026-08-20,721.0,0.09,0.1,0.09,9341,958,0.2703,0.0465,0.01965,-0.095,0.0179
2026-08-20 14:11:59,712.59,2026-08-20,722.0,0.07,0.08,0.04,5058,3838,0.283,0.0364,0.01538,-0.075,0.0146
2026-08-20 14:11:59,712.59,2026-08-20,723.0,0.05,0.06,0.04,3845,2009,0.2914,0.027,0.01167,-0.055,0.0114
2026-08-20 14:11:59,712.59,2026-08-20,724.0,0.01,0.02,0.04,4051,691,0.2615,0.0093,0.00523,-0.015,0.0046
2026-08-20 14:11:59,712.59,2026-08-20,725.0,0.01,0.05,0.02,4246,2386,0.3082,0.015,0.00671,-0.03,0.0069
2026-08-20 14:11:59,712.59,2026-08-20,726.0,0.01,0.02,0.01,2997,659,0.301,0.0082,0.00406,-0.015,0.0041
2026-08-20 14:11:59,712.59,2026-08-20,727.0,0.03,0.04,0.02,5236,761,0.3576,0.0151,0.0058,-0.035,0.007
2026-08-20 14:12:59,712.67,2026-08-20,698.0,13.58,15.71,18.16,7,2,,,,,
2026-08-20 14:12:59,712.67,2026-08-20,699.0,12.3,15.08,14.64,3,1,0.2104,0.9998,0.00016,-0.02,0.0001
2026-08-20 14:12:59,712.67,2026-08-20,700.0,11.5,13.79,12.79,111,37,,,,,
2026-08-20 14:12:59,712.67,2026-08-20,701.0,11.47,12.48,11.25,59,,0.4519,0.9237,0.01734,-0.305,0.0263
2026-08-20 14:12:59,712.67,2026-08-20,702.0,10.73,11.79,10.47,29,7,0.5096,0.8772,0.02179,-0.59,0.0372
2026-08-20 14:12:59,712.67,2026-08-20,703.0,8.54,10.34,10.46,31,52,,,,,
2026-08-20 14:12:59,712.67,2026-08-20,704.0,8.57,9.55,9.5,23,6,0.3874,0.892,0.02615,-0.39,0.034
2026-08-20 14:12:59,712.67,2026-08-20,705.0,8.15,8.31,7.91,622,63,0.3987,0.8564,0.03102,-0.56,0.0415
2026-08-20 14:12:59,712.67,2026-08-20,706.0,6.99,7.11,7.14,587,7,0.3188,0.876,0.03505,-0.38,0.0375
2026-08-20 14:12:59,712.67,2026-08-20,707.0,6.3,6.36,6.18,635,4,0.3477,0.8164,0.04173,-0.66,0.0486
2026-08-20 14:12:59,712.67,2026-08-20,708.0,5.35,5.56,5.35,744,12,0.3325,0.7815,0.04845,-0.785,0.054
2026-08-20 14:12:59,712.67,2026-08-20,709.0,4.67,4.72,4.67,1211,94,0.3314,0.7304,0.05445,-1.025,0.0605
2026-08-20 14:12:59,712.67,2026-08-20,710.0,3.81,3.86,3.66,5405,259,0.3068,0.6857,0.06316,-1.165,0.065
2026-08-20 14:12:59,712.67,2026-08-20,711.0,3.1,3.13,3.1,5042,65,0.2968,0.6237,0.06984,-1.445,0.0695
2026-08-20 14:12:59,712.67,2026-08-20,712.0,2.46,2.54,2.46,18949,313,0.2927,0.5527,0.07378,-1.83,0.0724
2026-08-20 14:12:59,712.67,2026-08-20,713.0,1.87,1.93,1.87,31718,94,0.2807,0.4774,0.07749,-1.9,0.0729
2026-08-20 14:12:59,712.67,2026-08-20,714.0,1.38,1.4,1.38,42854,212,0.2703,0.3971,0.07791,-1.39,0.0706
2026-08-20 14:12:59,712.67,2026-08-20,715.0,0.99,1.04,0.99,56724,214,0.2674,0.3201,0.07303,-1.015,0.0655
2026-08-20 14:12:59,712.67,2026-08-20,716.0,0.71,0.72,0.62,26535,290,0.2644,0.2487,0.06545,-0.715,0.058
2026-08-20 14:12:59,712.67,2026-08-20,717.0,0.43,0.44,0.4,31356,1003,0.2512,0.1759,0.05624,-0.435,0.0474
2026-08-20 14:12:59,712.67,2026-08-20,718.0,0.31,0.32,0.29,22468,1836,0.2585,0.1326,0.04531,-0.315,0.0393
2026-08-20 14:12:59,712.67,2026-08-20,719.0,0.2,0.21,0.18,14671,945,0.2587,0.093,0.03512,-0.205,0.0305
2026-08-20 14:12:59,712.67,2026-08-20,720.0,0.09,0.1,0.12,18591,2008,0.2426,0.0511,0.02363,-0.095,0.0192
2026-08-20 14:12:59,712.67,2026-08-20,721.0,0.04,0.05,0.07,9543,958,0.2346,0.0274,0.0147,-0.045,0.0116
2026-08-20 14:12:59,712.67,2026-08-20,722.0,0.02,0.03,0.06,5235,3838,0.2358,0.0162,0.00938,-0.025,0.0074
2026-08-20 14:12:59,712.67,2026-08-20,723.0,0.01,0.06,0.03,4035,2009,0.2701,0.0194,0.00954,-0.035,0.0086
2026-08-20 14:12:59,712.67,2026-08-20,724.0,0.01,0.05,0.04,4180,691,0.2855,0.0161,0.00769,-0.03,0.0074
2026-08-20 14:12:59,712.67,2026-08-20,725.0,0.04,0.05,0.04,4381,2386,0.3256,0.0205,0.00831,-0.045,0.0091
2026-08-20 14:12:59,712.67,2026-08-20,726.0,0.01,0.04,0.03,3034,659,0.32,0.0123,0.00546,-0.025,0.0059
2026-08-20 14:12:59,712.67,2026-08-20,727.0,0.03,0.04,0.01,5263,761,0.3564,0.0152,0.00585,-0.035,0.007
2026-08-20 14:14:01,713.26,2026-08-20,699.0,12.42,14.73,14.64,3,1,,,,,
2026-08-20 14:14:01,713.26,2026-08-20,700.0,11.23,13.92,12.79,111,37,,,,,
2026-08-20 14:14:01,713.26,2026-08-20,701.0,11.7,12.41,11.25,69,,,,,,
2026-08-20 14:14:01,713.26,2026-08-20,702.0,10.7,11.52,10.47,29,7,,,,,
2026-08-20 14:14:01,713.26,2026-08-20,703.0,8.36,10.46,10.46,32,52,,,,,
2026-08-20 14:14:01,713.26,2026-08-20,704.0,8.42,9.5,8.54,23,6,,,,,
2026-08-20 14:14:01,713.26,2026-08-20,705.0,8.119,8.38,8.29,653,63,,,,,
2026-08-20 14:14:01,713.26,2026-08-20,706.0,7.07,7.34,7.25,601,7,,,,,
2026-08-20 14:14:01,713.26,2026-08-20,707.0,6.26,6.29,6.45,678,4,,,,,
2026-08-20 14:14:01,713.26,2026-08-20,708.0,5.44,5.58,5.44,757,12,0.2365,0.8902,0.04339,-0.25,0.0344
2026-08-20 14:14:01,713.26,2026-08-20,709.0,4.53,4.59,4.53,1254,94,0.2165,0.8613,0.05581,-0.3,0.0405
2026-08-20 14:14:01,713.26,2026-08-20,710.0,3.81,3.85,3.87,5446,259,0.2352,0.7784,0.06908,-0.57,0.0544
2026-08-20 14:14:01,713.26,2026-08-20,711.0,3.15,3.16,3.15,5309,65,0.2454,0.6956,0.07794,-0.895,0.064
2026-08-20 14:14:01,713.26,2026-08-20,712.0,2.42,2.51,2.53,19588,313,0.2401,0.6159,0.08695,-1.205,0.0699
2026-08-20 14:14:01,713.26,2026-08-20,713.0,1.88,1.96,1.88,32447,94,0.2434,0.5263,0.08938,-1.66,0.0728
2026-08-20 14:14:01,713.26,2026-08-20,714.0,1.38,1.44,1.38,43492,212,0.2391,0.4359,0.09,-1.41,0.0721
2026-08-20 14:14:01,713.26,2026-08-20,715.0,0.97,0.98,1.02,58075,214,0.2323,0.3442,0.08659,-0.975,0.0674
2026-08-20 14:14:01,713.26,2026-08-20,716.0,0.7,0.71,0.7,27594,290,0.2374,0.267,0.07569,-0.705,0.0602
2026-08-20 14:14:01,713.26,2026-08-20,717.0,0.43,0.44,0.46,31686,1003,0.2293,0.1891,0.06448,-0.435,0.0495
2026-08-20 14:14:01,713.26,2026-08-20,718.0,0.26,0.31,0.31,22864,1836,0.2313,0.1339,0.05099,-0.285,0.0395
2026-08-20 14:14:01,713.26,2026-08-20,719.0,0.2,0.21,0.2,14743,945,0.2409,0.0987,0.03943,-0.205,0.0318
2026-08-20 14:14:01,713.26,2026-08-20,720.0,0.09,0.1,0.12,18674,2008,0.2271,0.0541,0.02642,-0.095,0.0201
2026-08-20 14:14:01,713.26,2026-08-20,721.0,0.09,0.1,0.09,9643,958,0.2535,0.0493,0.02197,-0.095,0.0186
2026-08-20 14:14:01,713.26,2026-08-20,722.0,0.02,0.03,0.04,5293,3838,0.2232,0.017,0.01034,-0.025,0.0077
2026-08-20 14:14:01,713.26,2026-08-20,723.0,0.01,0.06,0.03,4135,2009,0.2571,0.0203,0.01041,-0.035,0.009
2026-08-20 14:14:01,713.26,2026-08-20,724.0,0.04,0.05,0.04,4434,691,0.2902,0.0228,0.01017,-0.045,0.0099
2026-08-20 14:14:01,713.26,2026-08-20,725.0,0.01,0.02,0.04,4896,2386,0.2687,0.0091,0.005,-0.015,0.0045
2026-08-20 14:14:01,713.26,2026-08-20,726.0,0.01,0.02,0.03,3136,659,0.2884,0.0085,0.0044,-0.015,0.0043
2026-08-20 14:14:01,713.26,2026-08-20,727.0,0.03,0.04,0.02,5264,761,0.3441,0.0156,0.00623,-0.035,0.0072
2026-08-20 14:14:01,713.26,2026-08-20,728.0,0.03,0.04,0.01,1363,1221,0.3653,0.0148,0.00561,-0.035,0.0069
2026-08-20 14:15:02,712.56,2026-08-20,698.0,13.18,15.91,18.16,7,2,,,,,
2026-08-20 14:15:02,712.56,2026-08-20,699.0,12.3,14.65,14.64,3,1,,,,,
2026-08-20 14:15:02,712.56,2026-08-20,700.0,11.35,13.9,12.79,111,37,0.3388,0.9801,0.00779,-0.065,0.0088
2026-08-20 14:15:02,712.56,2026-08-20,701.0,11.46,12.43,11.6,94,,0.4787,0.9102,0.01855,-0.385,0.0296
2026-08-20 14:15:02,712.56,2026-08-20,702.0,10.37,11.49,10.47,29,7,0.4425,0.9074,0.02052,-0.37,0.0303
2026-08-20 14:15:02,712.56,2026-08-20,703.0,8.42,10.49,9.55,32,52,,,,,
2026-08-20 14:15:02,712.56,2026-08-20,704.0,8.63,9.66,8.54,23,6,0.4374,0.8614,0.02768,-0.585,0.0403
2026-08-20 14:15:02,712.56,2026-08-20,705.0,7.51,7.98,7.73,654,63,0.2853,0.9288,0.02613,-0.185,0.0248
2026-08-20 14:15:02,712.56,2026-08-20,706.0,6.57,6.82,6.7,737,7,0.2355,0.9383,0.02832,-0.135,0.0222
2026-08-20 14:15:02,712.56,2026-08-20,707.0,5.86,5.92,5.85,681,4,0.2692,0.8736,0.04222,-0.33,0.0379
2026-08-20 14:15:02,712.56,2026-08-20,708.0,4.94,4.98,5.01,832,12,0.2513,0.8425,0.05249,-0.4,0.044
2026-08-20 14:15:02,712.56,2026-08-20,709.0,4.11,4.19,4.24,1302,94,0.2518,0.7835,0.06383,-0.59,0.0536
2026-08-20 14:15:02,712.56,2026-08-20,710.0,3.36,3.4,3.53,5609,259,0.2482,0.7169,0.0747,-0.82,0.0618
2026-08-20 14:15:02,712.56,2026-08-20,711.0,2.71,2.8,2.9,5602,65,0.2556,0.634,0.08065,-1.195,0.0687
2026-08-20 14:15:02,712.56,2026-08-20,712.0,2.16,2.19,2.19,20379,313,0.257,0.5505,0.08436,-1.615,0.0722
2026-08-20 14:15:02,712.56,2026-08-20,713.0,1.64,1.66,1.66,34617,94,0.2543,0.4653,0.08562,-1.65,0.0726
2026-08-20 14:15:02,712.56,2026-08-20,714.0,1.17,1.22,1.23,45182,212,0.2493,0.3789,0.08359,-1.195,0.0694
2026-08-20 14:15:02,712.56,2026-08-20,715.0,0.82,0.84,0.84,59835,214,0.2447,0.2954,0.07729,-0.83,0.063
2026-08-20 14:15:02,712.56,2026-08-20,716.0,0.56,0.57,0.57,28343,290,0.2431,0.222,0.06705,-0.565,0.0543
2026-08-20 14:15:02,712.56,2026-08-20,717.0,0.4,0.41,0.41,32271,1003,0.2495,0.1675,0.05503,-0.405,0.0458
2026-08-20 14:15:02,712.56,2026-08-20,718.0,0.27,0.28,0.28,23884,1836,0.2524,0.1213,0.04375,-0.275,0.0368
2026-08-20 14:15:02,712.56,2026-08-20,719.0,0.14,0.15,0.15,14982,945,0.2413,0.0739,0.03176,-0.145,0.0255
2026-08-20 14:15:02,712.56,2026-08-20,720.0,0.12,0.13,0.12,18926,2008,0.2608,0.061,0.02533,-0.125,0.022
2026-08-20 14:15:02,712.56,2026-08-20,721.0,0.04,0.05,0.06,9706,958,0.2379,0.0272,0.01443,-0.045,0.0114
2026-08-20 14:15:02,712.56,2026-08-20,722.0,0.02,0.07,0.05,5427,3838,0.2612,0.025,0.01227,-0.045,0.0107
2026-08-20 14:15:02,712.56,2026-08-20,723.0,0.05,0.06,0.05,4220,2009,0.2934,0.027,0.01163,-0.055,0.0114
2026-08-20 14:15:02,712.56,2026-08-20,724.0,0.04,0.05,0.04,4456,691,0.3067,0.0217,0.00927,-0.045,0.0095
2026-08-20 14:15:02,712.56,2026-08-20,725.0,0.01,0.02,0.02,4992,2386,0.2832,0.0087,0.00457,-0.015,0.0043
2026-08-20 14:15:02,712.56,2026-08-20,726.0,0.03,0.04,0.01,3150,659,0.3386,0.0159,0.00644,-0.035,0.0073
2026-08-20 14:15:02,712.56,2026-08-20,727.0,0.01,0.04,0.03,5266,761,0.3438,0.0116,0.00483,-0.025,0.0055
2026-08-20 14:16:04,711.98,2026-08-20,697.0,14.22,16.96,15.64,1,14,0.6608,0.8976,0.01483,-0.61,0.0325
2026-08-20 14:16:04,711.98,2026-08-20,698.0,13.41,15.74,18.16,7,2,0.6237,0.8948,0.01603,-0.595,0.0332
2026-08-20 14:16:04,711.98,2026-08-20,699.0,12.31,14.83,14.64,3,1,0.5895,0.8906,0.01745,-0.59,0.0341
2026-08-20 14:16:04,711.98,2026-08-20,700.0,11.52,13.74,12.79,111,37,0.573,0.8784,0.01935,-0.65,0.0368
2026-08-20 14:16:04,711.98,2026-08-20,701.0,10.72,12.31,11.9,104,,0.5075,0.8861,0.02086,-0.535,0.0351
2026-08-20 14:16:04,711.98,2026-08-20,702.0,9.69,10.15,10.47,29,7,,,,,
2026-08-20 14:16:04,711.98,2026-08-20,703.0,8.66,10.44,9.55,32,52,0.4492,0.8671,0.02625,-0.57,0.0391
2026-08-20 14:16:04,711.98,2026-08-20,704.0,7.82,9.58,8.54,23,6,0.4494,0.8386,0.0299,-0.72,0.0446
2026-08-20 14:16:04,711.98,2026-08-20,705.0,7.02,7.23,8.039,654,63,0.2524,0.9374,0.02679,-0.145,0.0224
2026-08-20 14:16:04,711.98,2026-08-20,706.0,6.24,6.39,6.9,737,7,0.2853,0.8776,0.03903,-0.335,0.0369
2026-08-20 14:16:04,711.98,2026-08-20,707.0,5.28,5.44,5.72,688,4,0.2623,0.854,0.04794,-0.38,0.0417
2026-08-20 14:16:04,711.98,2026-08-20,708.0,4.5,4.54,4.56,847,12,0.2596,0.8028,0.05871,-0.54,0.0506
2026-08-20 14:16:04,711.98,2026-08-20,709.0,3.79,3.89,3.78,1358,94,0.2746,0.7273,0.06645,-0.86,0.0605
2026-08-20 14:16:04,711.98,2026-08-20,710.0,3.14,3.17,3.12,5690,259,0.2753,0.6565,0.07335,-1.175,0.067
2026-08-20 14:16:04,711.98,2026-08-20,711.0,2.49,2.5,2.45,5812,65,0.2692,0.5822,0.07964,-1.515,0.0711
2026-08-20 14:16:04,711.98,2026-08-20,712.0,1.88,1.96,1.9,20986,313,0.2642,0.5014,0.08289,-1.92,0.0727
2026-08-20 14:16:04,711.98,2026-08-20,713.0,1.45,1.47,1.46,35621,94,0.2639,0.419,0.08129,-1.46,0.0712
2026-08-20 14:16:04,711.98,2026-08-20,714.0,1.06,1.08,1.08,46256,212,0.2619,0.3389,0.07674,-1.07,0.0667
2026-08-20 14:16:04,711.98,2026-08-20,715.0,0.76,0.77,0.77,60595,214,0.261,0.2655,0.06898,-0.765,0.0597
2026-08-20 14:16:04,711.98,2026-08-20,716.0,0.49,0.54,0.54,28706,290,0.2572,0.1981,0.05944,-0.515,0.0507
2026-08-20 14:16:04,711.98,2026-08-20,717.0,0.32,0.37,0.33,32688,1003,0.2569,0.1442,0.04853,-0.345,0.0414
2026-08-20 14:16:04,711.98,2026-08-20,718.0,0.2,0.21,0.21,24292,1836,0.2507,0.0959,0.03727,-0.205,0.031
2026-08-20 14:16:04,711.98,2026-08-20,719.0,0.12,0.17,0.17,15122,945,0.2584,0.0699,0.02849,-0.145,0.0244
2026-08-20 14:16:04,711.98,2026-08-20,720.0,0.07,0.12,0.12,19309,2008,0.262,0.0481,0.02095,-0.095,0.0182
2026-08-20 14:16:04,711.98,2026-08-20,721.0,0.08,0.09,0.09,10033,958,0.2817,0.041,0.01713,-0.085,0.016
2026-08-20 14:16:04,711.98,2026-08-20,722.0,0.02,0.03,0.06,5443,3838,0.2519,0.0154,0.00842,-0.025,0.007
2026-08-20 14:16:04,711.98,2026-08-20,723.0,0.05,0.06,0.05,4276,2009,0.3076,0.0259,0.01075,-0.055,0.011
2026-08-20 14:16:04,711.98,2026-08-20,724.0,0.04,0.05,0.04,4462,691,0.3205,0.0209,0.00862,-0.045,0.0092
2026-08-20 14:16:04,711.98,2026-08-20,725.0,0.04,0.05,0.04,5011,2386,0.3427,0.0197,0.00767,-0.045,0.0087
2026-08-20 14:16:04,711.98,2026-08-20,726.0,0.03,0.04,0.02,3154,659,0.3518,0.0154,0.00605,-0.035,0.0071
2026-08-20 14:17:07,711.5,2026-08-20,697.0,14.55,16.39,15.64,1,14,0.7452,0.8628,0.01621,-0.97,0.0399
2026-08-20 14:17:07,711.5,2026-08-20,698.0,13.2,15.46,18.16,7,2,0.6744,0.8692,0.01734,-0.83,0.0386
2026-08-20 14:17:07,711.5,2026-08-20,699.0,12.38,14.71,14.64,3,1,0.691,0.8449,0.01899,-1.045,0.0433
2026-08-20 14:17:07,711.5,2026-08-20,700.0,11.19,13.58,12.79,111,37,0.6171,0.8517,0.02064,-0.885,0.0421
2026-08-20 14:17:07,711.5,2026-08-20,701.0,10.39,11.66,11.9,114,,0.4898,0.8843,0.0219,-0.525,0.0354
2026-08-20 14:17:07,711.5,2026-08-20,702.0,9.61,10.33,10.47,34,7,0.441,0.8852,0.02419,-0.47,0.0352
2026-08-20 14:17:07,711.5,2026-08-20,703.0,8.5,10.55,9.55,33,52,0.5353,0.8127,0.02765,-1.025,0.0489
2026-08-20 14:17:07,711.5,2026-08-20,704.0,7.6,9.75,8.54,23,6,0.5248,0.788,0.03039,-1.175,0.0527
2026-08-20 14:17:07,711.5,2026-08-20,705.0,6.92,6.96,8.039,657,63,0.3311,0.8628,0.03649,-0.44,0.0399
2026-08-20 14:17:07,711.5,2026-08-20,706.0,5.95,6.07,6.07,845,7,0.3118,0.837,0.04348,-0.51,0.0448
2026-08-20 14:17:07,711.5,2026-08-20,707.0,5.13,5.17,5.2,754,4,0.3025,0.7964,0.05148,-0.65,0.0514
2026-08-20 14:17:07,711.5,2026-08-20,708.0,4.39,4.42,4.42,892,12,0.3062,0.7383,0.05849,-0.905,0.0591
2026-08-20 14:17:07,711.5,2026-08-20,709.0,3.66,3.7,3.78,1387,94,0.3031,0.678,0.06509,-1.18,0.0652
2026-08-20 14:17:07,711.5,2026-08-20,710.0,2.94,2.97,2.97,5781,259,0.2911,0.6146,0.07227,-1.455,0.0695
2026-08-20 14:17:07,711.5,2026-08-20,711.0,2.32,2.34,2.34,5943,65,0.2842,0.5416,0.07683,-1.83,0.0721
2026-08-20 14:17:07,711.5,2026-08-20,712.0,1.76,1.83,1.83,21886,313,0.2794,0.4638,0.07826,-1.795,0.0722
2026-08-20 14:17:07,711.5,2026-08-20,713.0,1.35,1.37,1.37,36780,94,0.2775,0.3861,0.07585,-1.36,0.0695
2026-08-20 14:17:07,711.5,2026-08-20,714.0,0.94,1,1,47258,212,0.2707,0.3086,0.07157,-0.97,0.064
2026-08-20 14:17:07,711.5,2026-08-20,715.0,0.66,0.67,0.67,61494,214,0.2649,0.2364,0.06406,-0.665,0.056
2026-08-20 14:17:07,711.5,2026-08-20,716.0,0.44,0.45,0.45,29205,290,0.2615,0.1746,0.05415,-0.445,0.0468
2026-08-20 14:17:07,711.5,2026-08-20,717.0,0.32,0.33,0.33,33152,1003,0.2688,0.1326,0.04391,-0.325,0.039
2026-08-20 14:17:07,711.5,2026-08-20,718.0,0.18,0.19,0.23,24607,1836,0.259,0.0858,0.03329,-0.185,0.0285
2026-08-20 14:17:07,711.5,2026-08-20,719.0,0.11,0.16,0.16,15682,945,0.2682,0.0638,0.02565,-0.135,0.0227
2026-08-20 14:17:07,711.5,2026-08-20,720.0,0.06,0.07,0.11,19542,2008,0.2561,0.0353,0.01673,-0.065,0.0141
2026-08-20 14:17:07,711.5,2026-08-20,721.0,0.08,0.09,0.08,10838,958,0.2944,0.0395,0.01595,-0.085,0.0155
2026-08-20 14:17:07,711.5,2026-08-20,722.0,0.02,0.07,0.03,5466,3838,0.2868,0.0231,0.01051,-0.045,0.01
2026-08-20 14:17:07,711.5,2026-08-20,723.0,0.01,0.06,0.05,4278,2009,0.298,0.0179,0.00813,-0.035,0.008
2026-08-20 14:17:07,711.5,2026-08-20,724.0,0.04,0.05,0.02,4463,691,0.3319,0.0203,0.00814,-0.045,0.0089
2026-08-20 14:17:07,711.5,2026-08-20,725.0,0.01,0.02,0.03,5037,2386,0.3055,0.0082,0.00402,-0.015,0.0041
2026-08-20 14:17:07,711.5,2026-08-20,726.0,0.03,0.04,0.03,3155,659,0.3628,0.015,0.00575,-0.035,0.0069
2026-08-20 14:18:08,711.68,2026-08-20,697.0,14.47,16.37,15.64,1,14,0.6914,0.8834,0.01561,-0.74,0.0356
2026-08-20 14:18:08,711.68,2026-08-20,698.0,13.34,15.2,18.16,7,2,0.6146,0.894,0.01642,-0.59,0.0332
2026-08-20 14:18:08,711.68,2026-08-20,699.0,12.25,14.39,14.64,3,1,0.5959,0.8834,0.01812,-0.64,0.0356
2026-08-20 14:18:08,711.68,2026-08-20,700.0,11.5,13.8,12.79,111,37,0.6444,0.8454,0.02034,-0.97,0.0432
2026-08-20 14:18:08,711.68,2026-08-20,701.0,10.23,12.04,11,114,,0.4759,0.8951,0.02104,-0.455,0.033
2026-08-20 14:18:08,711.68,2026-08-20,702.0,9.41,9.98,10.21,34,7,,,,,
2026-08-20 14:18:08,711.68,2026-08-20,703.0,8.5,10.62,9.48,33,52,0.5124,0.8284,0.02738,-0.88,0.0462
2026-08-20 14:18:08,711.68,2026-08-20,704.0,7.51,9.75,8.54,23,6,0.4886,0.8104,0.03057,-0.95,0.0492
2026-08-20 14:18:08,711.68,2026-08-20,705.0,6.82,6.99,7.17,674,63,0.2755,0.9114,0.03209,-0.225,0.0291
2026-08-20 14:18:08,711.68,2026-08-20,706.0,6.25,6.3,6.32,856,7,0.3375,0.826,0.04193,-0.595,0.0466
2026-08-20 14:18:08,711.68,2026-08-20,707.0,5.19,5.26,5.44,770,4,0.2888,0.8168,0.05061,-0.545,0.0482
2026-08-20 14:18:08,711.68,2026-08-20,708.0,4.43,4.63,4.5,896,12,0.3051,0.7498,0.05741,-0.85,0.0577
2026-08-20 14:18:08,711.68,2026-08-20,709.0,3.79,3.82,3.76,1466,94,0.3039,0.6895,0.06401,-1.125,0.0641
2026-08-20 14:18:08,711.68,2026-08-20,710.0,3.09,3.13,2.97,5990,259,0.2979,0.625,0.07014,-1.43,0.0688
2026-08-20 14:18:08,711.68,2026-08-20,711.0,2.4,2.47,2.47,6503,65,0.2855,0.5552,0.07625,-1.755,0.0717
2026-08-20 14:18:08,711.68,2026-08-20,712.0,1.84,1.91,1.91,22936,313,0.2791,0.4778,0.07863,-1.875,0.0723
2026-08-20 14:18:08,711.68,2026-08-20,713.0,1.42,1.44,1.44,38092,94,0.2778,0.3997,0.0766,-1.43,0.0701
2026-08-20 14:18:08,711.68,2026-08-20,714.0,1.03,1.05,1.05,48403,212,0.2732,0.3229,0.07239,-1.04,0.0651
2026-08-20 14:18:08,711.68,2026-08-20,715.0,0.73,0.74,0.72,62568,214,0.2698,0.2518,0.06513,-0.735,0.0579
2026-08-20 14:18:08,711.68,2026-08-20,716.0,0.49,0.5,0.5,29847,290,0.2656,0.1878,0.0559,-0.495,0.0489
2026-08-20 14:18:08,711.68,2026-08-20,717.0,0.29,0.34,0.34,33986,1003,0.2605,0.1328,0.04539,-0.315,0.039
2026-08-20 14:18:08,711.68,2026-08-20,718.0,0.23,0.24,0.22,25135,1836,0.2704,0.1012,0.03608,-0.235,0.0321
2026-08-20 14:18:08,711.68,2026-08-20,719.0,0.12,0.13,0.12,15868,945,0.2591,0.0616,0.02587,-0.125,0.0221
2026-08-20 14:18:08,711.68,2026-08-20,720.0,0.06,0.11,0.07,19894,2008,0.2649,0.0434,0.01914,-0.085,0.0167
2026-08-20 14:18:08,711.68,2026-08-20,721.0,0.08,0.09,0.08,11172,958,0.2903,0.0401,0.01638,-0.085,0.0157
2026-08-20 14:18:08,711.68,2026-08-20,722.0,0.02,0.07,0.06,5483,3838,0.283,0.0234,0.01078,-0.045,0.01
2026-08-20 14:18:08,711.68,2026-08-20,723.0,0.05,0.06,0.05,4497,2009,0.3157,0.0254,0.01035,-0.055,0.0108
2026-08-20 14:18:08,711.68,2026-08-20,724.0,0.04,0.05,0.03,4562,691,0.3283,0.0206,0.00832,-0.045,0.009
2026-08-20 14:18:08,711.68,2026-08-20,725.0,0.03,0.04,0.02,5068,2386,0.3379,0.016,0.00653,-0.035,0.0073
2026-08-20 14:18:08,711.68,2026-08-20,726.0,0.03,0.04,0.03,3160,659,0.3594,0.0152,0.00586,-0.035,0.0069
2026-08-20 14:19:09,711.18,2026-08-20,697.0,14.25,16.36,15.64,1,14,0.7739,0.8492,0.01669,-1.125,0.0424
2026-08-20 14:19:09,711.18,2026-08-20,698.0,11.97,15.17,18.16,7,2,0.5346,0.9167,0.01584,-0.39,0.0278
2026-08-20 14:19:09,711.18,2026-08-20,699.0,11.74,14.29,14.64,3,1,0.6314,0.8608,0.01938,-0.835,0.0401
2026-08-20 14:19:09,711.18,2026-08-20,700.0,10.68,13.11,12.79,111,37,0.5659,0.8662,0.02105,-0.715,0.0391
2026-08-20 14:19:09,711.18,2026-08-20,701.0,10.26,11.98,11,114,,0.5833,0.8364,0.02337,-0.94,0.0447
2026-08-20 14:19:09,711.18,2026-08-20,702.0,9.14,9.93,10.21,62,7,0.3976,0.9017,0.02408,-0.355,0.0314
2026-08-20 14:19:09,711.18,2026-08-20,703.0,8.4,10.43,9.48,33,52,0.566,0.7915,0.02799,-1.235,0.052
2026-08-20 14:19:09,711.18,2026-08-20,704.0,7.35,9.5,8.54,55,6,0.5265,0.778,0.03121,-1.245,0.0539
2026-08-20 14:19:09,711.18,2026-08-20,705.0,6.89,6.97,7.3,682,63,0.39,0.8123,0.03813,-0.75,0.0488
2026-08-20 14:19:09,711.18,2026-08-20,706.0,5.71,5.77,6.33,869,7,0.3118,0.8234,0.04592,-0.56,0.047
2026-08-20 14:19:09,711.18,2026-08-20,707.0,5,5.03,5.47,785,4,0.3248,0.7643,0.05233,-0.835,0.0557
2026-08-20 14:19:09,711.18,2026-08-20,708.0,4.27,4.3,4.18,899,12,0.3255,0.7082,0.05824,-1.105,0.0622
2026-08-20 14:19:09,711.18,2026-08-20,709.0,3.56,3.59,3.45,1503,94,0.3203,0.6495,0.06389,-1.395,0.0671
2026-08-20 14:19:09,711.18,2026-08-20,710.0,2.78,2.79,2.77,6121,259,0.2953,0.5903,0.07268,-1.605,0.0704
2026-08-20 14:19:09,711.18,2026-08-20,711.0,2.2,2.21,2.14,7043,65,0.2912,0.5166,0.07558,-2.025,0.0722
2026-08-20 14:19:09,711.18,2026-08-20,712.0,1.66,1.67,1.67,23753,313,0.2822,0.4392,0.07715,-1.665,0.0714
2026-08-20 14:19:09,711.18,2026-08-20,713.0,1.24,1.25,1.25,38566,94,0.279,0.3623,0.07419,-1.245,0.0679
2026-08-20 14:19:09,711.18,2026-08-20,714.0,0.9,0.91,0.91,48997,212,0.2764,0.2895,0.06833,-0.905,0.0619
2026-08-20 14:19:09,711.18,2026-08-20,715.0,0.63,0.64,0.64,63418,214,0.2736,0.2232,0.06025,-0.635,0.0541
2026-08-20 14:19:09,711.18,2026-08-20,716.0,0.4,0.41,0.42,30364,290,0.2653,0.1605,0.05075,-0.405,0.0442
2026-08-20 14:19:09,711.18,2026-08-20,717.0,0.24,0.29,0.29,34398,1003,0.264,0.1142,0.04038,-0.265,0.035
2026-08-20 14:19:09,711.18,2026-08-20,718.0,0.18,0.19,0.16,25467,1836,0.2694,0.0833,0.0314,-0.185,0.0277
2026-08-20 14:19:09,711.18,2026-08-20,719.0,0.13,0.14,0.14,15969,945,0.278,0.0621,0.0243,-0.135,0.0222
2026-08-20 14:19:09,711.18,2026-08-20,720.0,0.06,0.11,0.1,20299,2008,0.2783,0.0416,0.01767,-0.085,0.0161
2026-08-20 14:19:09,711.18,2026-08-20,721.0,0.03,0.04,0.04,11344,958,0.2616,0.0201,0.01028,-0.035,0.0088
2026-08-20 14:19:09,711.18,2026-08-20,722.0,0.02,0.03,0.03,5497,3838,0.2706,0.0145,0.0075,-0.025,0.0067
2026-08-20 14:19:09,711.18,2026-08-20,723.0,0.01,0.06,0.04,4598,2009,0.306,0.0175,0.00781,-0.035,0.0078
2026-08-20 14:19:09,711.18,2026-08-20,724.0,0.01,0.02,0.02,4667,691,0.2931,0.0085,0.00436,-0.015,0.0042
2026-08-20 14:19:09,711.18,2026-08-20,725.0,0.03,0.04,0.03,5106,2386,0.3494,0.0156,0.00618,-0.035,0.0071
2026-08-20 14:19:09,711.18,2026-08-20,726.0,0.03,0.04,0.03,3411,659,0.3708,0.0148,0.00556,-0.035,0.0068
2026-08-20 14:20:10,711.24,2026-08-20,697.0,13.92,16.379,15.64,1,14,0.7242,0.8663,0.01647,-0.9095,0.039
2026-08-20 14:20:10,711.24,2026-08-20,698.0,11.95,15.15,18.16,7,2,0.5066,0.9289,0.01484,-0.31,0.0246
2026-08-20 14:20:10,711.24,2026-08-20,699.0,11.82,14.37,14.64,3,1,0.6395,0.8594,0.01931,-0.855,0.0404
2026-08-20 14:20:10,711.24,2026-08-20,700.0,10.68,13.05,12.79,111,37,0.545,0.8766,0.02069,-0.625,0.0369
2026-08-20 14:20:10,711.24,2026-08-20,701.0,10.11,12.01,11,114,,0.5588,0.8484,0.02323,-0.82,0.0425
2026-08-20 14:20:10,711.24,2026-08-20,702.0,9.26,9.99,9.83,62,7,0.4095,0.8969,0.02424,-0.385,0.0325
2026-08-20 14:20:10,711.24,2026-08-20,703.0,8.39,10.33,9.48,33,52,0.5468,0.8015,0.02818,-1.12,0.0504
2026-08-20 14:20:10,711.24,2026-08-20,704.0,7.51,9.27,7.96,158,6,0.5119,0.7866,0.03142,-1.15,0.0526
2026-08-20 14:20:10,711.24,2026-08-20,705.0,6.41,6.82,6.96,761,63,0.3069,0.8721,0.03767,-0.375,0.0378
2026-08-20 14:20:10,711.24,2026-08-20,706.0,5.63,5.71,5.94,881,7,0.2855,0.8476,0.04564,-0.43,0.0426
2026-08-20 14:20:10,711.24,2026-08-20,707.0,4.77,4.88,4.76,806,4,0.2808,0.8009,0.05498,-0.585,0.0505
2026-08-20 14:20:10,711.24,2026-08-20,708.0,4.13,4.17,4.25,900,12,0.2968,0.7299,0.06162,-0.91,0.0598
2026-08-20 14:20:10,711.24,2026-08-20,709.0,3.41,3.45,3.43,1615,94,0.293,0.6667,0.06862,-1.19,0.0658
2026-08-20 14:20:10,711.24,2026-08-20,710.0,2.63,2.73,2.76,6257,259,0.2756,0.6012,0.07744,-1.44,0.0698
2026-08-20 14:20:10,711.24,2026-08-20,711.0,2.12,2.14,2.13,7705,65,0.2769,0.5221,0.07954,-1.89,0.072
2026-08-20 14:20:10,711.24,2026-08-20,712.0,1.57,1.62,1.62,24651,313,0.2691,0.4409,0.08107,-1.595,0.0714
2026-08-20 14:20:10,711.24,2026-08-20,713.0,1.18,1.2,1.2,39525,94,0.2681,0.3613,0.07724,-1.19,0.0677
2026-08-20 14:20:10,711.24,2026-08-20,714.0,0.84,0.86,0.86,49672,212,0.2651,0.2853,0.07085,-0.85,0.0614
2026-08-20 14:20:10,711.24,2026-08-20,715.0,0.55,0.56,0.56,64036,214,0.2565,0.2116,0.0624,-0.555,0.0524
2026-08-20 14:20:10,711.24,2026-08-20,716.0,0.4,0.41,0.41,30938,290,0.2635,0.1616,0.05138,-0.405,0.0443
2026-08-20 14:20:10,711.24,2026-08-20,717.0,0.23,0.28,0.28,34891,1003,0.2596,0.1123,0.04065,-0.255,0.0345
2026-08-20 14:20:10,711.24,2026-08-20,718.0,0.15,0.16,0.16,25753,1836,0.2568,0.0748,0.03041,-0.155,0.0255
2026-08-20 14:20:10,711.24,2026-08-20,719.0,0.13,0.14,0.14,16148,945,0.2767,0.0624,0.02455,-0.135,0.0222
2026-08-20 14:20:10,711.24,2026-08-20,720.0,0.09,0.1,0.09,20586,2008,0.2831,0.0452,0.01859,-0.095,0.0172
2026-08-20 14:20:10,711.24,2026-08-20,721.0,0.07,0.08,0.07,11524,958,0.2956,0.0355,0.01461,-0.075,0.0141
2026-08-20 14:20:10,711.24,2026-08-20,722.0,0.02,0.07,0.05,5561,3838,0.2941,0.0227,0.01014,-0.045,0.0098
2026-08-20 14:20:10,711.24,2026-08-20,723.0,0.05,0.06,0.05,4650,2009,0.327,0.0247,0.00979,-0.055,0.0105
2026-08-20 14:20:10,711.24,2026-08-20,724.0,0.04,0.05,0.04,4670,691,0.3393,0.02,0.0079,-0.045,0.0088
2026-08-20 14:20:10,711.24,2026-08-20,725.0,0.03,0.04,0.03,5130,2386,0.3486,0.0156,0.00622,-0.035,0.0071
2026-08-20 14:20:10,711.24,2026-08-20,726.0,0.01,0.04,0.02,3411,659,0.3536,0.0114,0.00467,-0.025,0.0054
2026-08-20 14:21:11,712.43,2026-08-20,698.0,13.07,15.34,18.16,7,2,,,,,
2026-08-20 14:21:11,712.43,2026-08-20,699.0,12.22,13.94,14.64,3,1,,,,,
2026-08-20 14:21:11,712.43,2026-08-20,700.0,10.9,13.41,12.79,111,37,,,,,
2026-08-20 14:21:11,712.43,2026-08-20,701.0,9.96,12.44,11,114,,,,,,
2026-08-20 14:21:11,712.43,2026-08-20,702.0,9.08,11.19,9.83,67,7,,,,,
2026-08-20 14:21:11,712.43,2026-08-20,703.0,8.189,10.15,9.48,33,52,,,,,
2026-08-20 14:21:11,712.43,2026-08-20,704.0,8.15,9.29,8.28,158,6,0.3531,0.9091,0.02561,-0.29,0.0296
2026-08-20 14:21:11,712.43,2026-08-20,705.0,7.57,7.71,7.79,766,63,0.294,0.921,0.02769,-0.21,0.0266
2026-08-20 14:21:11,712.43,2026-08-20,706.0,6.83,7,6.92,894,7,0.3413,0.854,0.03709,-0.485,0.0414
2026-08-20 14:21:11,712.43,2026-08-20,707.0,5.88,6,6.17,834,4,0.3107,0.8358,0.04403,-0.51,0.0448
2026-08-20 14:21:11,712.43,2026-08-20,708.0,5.02,5.17,5.13,980,12,0.304,0.7926,0.05202,-0.665,0.0517
2026-08-20 14:21:11,712.43,2026-08-20,709.0,4.26,4.3,4.19,1647,94,0.2951,0.7427,0.06044,-0.85,0.0584
2026-08-20 14:21:11,712.43,2026-08-20,710.0,3.44,3.6,3.56,6476,259,0.2871,0.683,0.06858,-1.09,0.0644
2026-08-20 14:21:11,712.43,2026-08-20,711.0,2.83,2.88,2.83,8141,65,0.2842,0.6125,0.07449,-1.425,0.0693
2026-08-20 14:21:11,712.43,2026-08-20,712.0,2.22,2.26,2.19,26313,313,0.2782,0.537,0.07893,-1.81,0.0718
2026-08-20 14:21:11,712.43,2026-08-20,713.0,1.61,1.62,1.61,41241,94,0.2601,0.4548,0.08427,-1.615,0.0717
2026-08-20 14:21:11,712.43,2026-08-20,714.0,1.22,1.24,1.24,50933,212,0.2638,0.374,0.07941,-1.23,0.0685
2026-08-20 14:21:11,712.43,2026-08-20,715.0,0.86,0.88,0.87,65126,214,0.2595,0.2949,0.0735,-0.87,0.0624
2026-08-20 14:21:11,712.43,2026-08-20,716.0,0.55,0.6,0.56,31954,290,0.2526,0.2201,0.06482,-0.575,0.0536
2026-08-20 14:21:11,712.43,2026-08-20,717.0,0.4,0.41,0.4,35501,1003,0.2566,0.165,0.05349,-0.405,0.0449
2026-08-20 14:21:11,712.43,2026-08-20,718.0,0.27,0.28,0.27,26469,1836,0.2591,0.1197,0.04261,-0.275,0.0361
2026-08-20 14:21:11,712.43,2026-08-20,719.0,0.14,0.19,0.15,16244,945,0.255,0.0793,0.032,-0.165,0.0267
2026-08-20 14:21:11,712.43,2026-08-20,720.0,0.12,0.13,0.12,20986,2008,0.2668,0.0603,0.02476,-0.125,0.0216
2026-08-20 14:21:11,712.43,2026-08-20,721.0,0.09,0.1,0.06,11626,958,0.2781,0.0459,0.01915,-0.095,0.0174
2026-08-20 14:21:11,712.43,2026-08-20,722.0,0.03,0.08,0.04,5564,3838,0.2756,0.0287,0.01317,-0.055,0.0119
2026-08-20 14:21:11,712.43,2026-08-20,723.0,0.01,0.02,0.02,4858,2009,0.2481,0.0099,0.00588,-0.015,0.0048
2026-08-20 14:21:11,712.43,2026-08-20,724.0,0.04,0.05,0.04,4675,691,0.3125,0.0215,0.00912,-0.045,0.0093
2026-08-20 14:21:11,712.43,2026-08-20,725.0,0.03,0.04,0.02,5176,2386,0.3228,0.0167,0.00712,-0.035,0.0075
2026-08-20 14:21:11,712.43,2026-08-20,726.0,0.01,0.04,0.01,3418,659,0.3289,0.0122,0.00531,-0.025,0.0057
2026-08-20 14:21:11,712.43,2026-08-20,727.0,0.01,0.04,0.03,5398,761,0.3497,0.0115,0.00477,-0.025,0.0055
2026-08-20 14:22:14,712.2,2026-08-20,698.0,13.23,15.06,18.16,7,2,,,,,
2026-08-20 14:22:14,712.2,2026-08-20,699.0,12,14.28,14.64,3,1,,,,,
2026-08-20 14:22:14,712.2,2026-08-20,700.0,11.19,13.45,12.79,111,37,0.3852,0.9622,0.01184,-0.125,0.0149
2026-08-20 14:22:14,712.2,2026-08-20,701.0,10.27,12.04,11,114,,,,,,
2026-08-20 14:22:14,712.2,2026-08-20,702.0,9.12,11.37,10.5,68,7,0.2703,0.9827,0.00879,-0.05,0.0077
2026-08-20 14:22:14,712.2,2026-08-20,703.0,8.22,10.46,9.48,33,52,0.3168,0.948,0.01861,-0.145,0.0192
2026-08-20 14:22:14,712.2,2026-08-20,704.0,8.13,9.22,8.28,158,6,0.4025,0.8733,0.0286,-0.48,0.0375
2026-08-20 14:22:14,712.2,2026-08-20,705.0,7.42,7.79,7.95,766,63,0.3495,0.8757,0.0325,-0.41,0.037
2026-08-20 14:22:14,712.2,2026-08-20,706.0,6.41,6.75,7.18,934,7,0.3086,0.8696,0.03806,-0.385,0.0383
2026-08-20 14:22:14,712.2,2026-08-20,707.0,5.73,5.79,5.88,850,4,0.3144,0.8228,0.04578,-0.565,0.0469
2026-08-20 14:22:14,712.2,2026-08-20,708.0,4.8,4.88,4.9,1017,12,0.2912,0.7904,0.05476,-0.645,0.052
2026-08-20 14:22:14,712.2,2026-08-20,709.0,4.08,4.12,4.07,1674,94,0.2944,0.7291,0.06232,-0.905,0.0598
2026-08-20 14:22:14,712.2,2026-08-20,710.0,3.27,3.34,3.35,6638,259,0.279,0.6714,0.07177,-1.11,0.0653
2026-08-20 14:22:14,712.2,2026-08-20,711.0,2.66,2.71,2.71,8211,65,0.2807,0.5962,0.07643,-1.49,0.0699
2026-08-20 14:22:14,712.2,2026-08-20,712.0,2.07,2.09,2.009,27481,313,0.2737,0.5187,0.08066,-1.885,0.0719
2026-08-20 14:22:14,712.2,2026-08-20,713.0,1.55,1.57,1.57,41914,94,0.2674,0.4368,0.08159,-1.56,0.0711
2026-08-20 14:22:14,712.2,2026-08-20,714.0,1.11,1.12,1.08,51491,212,0.2598,0.3532,0.07921,-1.115,0.0671
2026-08-20 14:22:14,712.2,2026-08-20,715.0,0.74,0.79,0.78,65967,214,0.2536,0.273,0.0726,-0.765,0.06
2026-08-20 14:22:14,712.2,2026-08-20,716.0,0.49,0.5,0.5,32240,290,0.2471,0.1995,0.06268,-0.495,0.0505
2026-08-20 14:22:14,712.2,2026-08-20,717.0,0.36,0.37,0.37,35818,1003,0.2564,0.1522,0.05086,-0.365,0.0425
2026-08-20 14:22:14,712.2,2026-08-20,718.0,0.19,0.2,0.21,26725,1836,0.243,0.0951,0.03854,-0.195,0.0305
2026-08-20 14:22:14,712.2,2026-08-20,719.0,0.16,0.17,0.17,16420,945,0.2624,0.0775,0.03063,-0.165,0.0262
2026-08-20 14:22:14,712.2,2026-08-20,720.0,0.11,0.12,0.12,21199,2008,0.269,0.0558,0.02317,-0.115,0.0203
2026-08-20 14:22:14,712.2,2026-08-20,721.0,0.08,0.09,0.08,12138,958,0.2788,0.0417,0.01771,-0.085,0.0161
2026-08-20 14:22:14,712.2,2026-08-20,722.0,0.02,0.07,0.03,5630,3838,0.2726,0.0243,0.01161,-0.045,0.0103
2026-08-20 14:22:14,712.2,2026-08-20,723.0,0.05,0.06,0.03,4934,2009,0.3053,0.0263,0.01106,-0.055,0.011
2026-08-20 14:22:14,712.2,2026-08-20,724.0,0.04,0.05,0.04,4676,691,0.3184,0.0212,0.00886,-0.045,0.0092
2026-08-20 14:22:14,712.2,2026-08-20,725.0,0.03,0.04,0.03,5203,2386,0.3285,0.0165,0.00693,-0.035,0.0074
2026-08-20 14:22:14,712.2,2026-08-20,726.0,0.03,0.04,0.03,3449,659,0.3502,0.0156,0.00619,-0.035,0.0071
2026-08-20 14:22:14,712.2,2026-08-20,727.0,0.03,0.04,0.03,5404,761,0.3717,0.0148,0.00557,-0.035,0.0068
2026-08-20 14:23:15,712.87,2026-08-20,698.0,12.95,15.1,18.16,7,2,,,,,
2026-08-20 14:23:15,712.87,2026-08-20,699.0,12.14,14.33,14.64,3,1,,,,,
2026-08-20 14:23:15,712.87,2026-08-20,700.0,11.06,13.31,12.79,111,37,,,,,
2026-08-20 14:23:15,712.87,2026-08-20,701.0,10.11,12.12,11,114,,,,,,
2026-08-20 14:23:15,712.87,2026-08-20,702.0,10.37,11.18,10.5,68,7,,,,,
2026-08-20 14:23:15,712.87,2026-08-20,703.0,8.33,10.17,9.48,33,52,,,,,
2026-08-20 14:23:15,712.87,2026-08-20,704.0,8.89,9.21,8.28,165,6,0.3268,0.9358,0.02131,-0.185,0.0227
2026-08-20 14:23:15,712.87,2026-08-20,705.0,7.21,8.41,7.95,821,63,,,,,
2026-08-20 14:23:15,712.87,2026-08-20,706.0,6.98,7.17,6.74,948,7,0.2776,0.9169,0.03054,-0.21,0.0276
2026-08-20 14:23:15,712.87,2026-08-20,707.0,6,6.31,6,876,4,0.2716,0.8867,0.03919,-0.29,0.0347
2026-08-20 14:23:15,712.87,2026-08-20,708.0,5.23,5.27,5.23,1040,12,0.2619,0.8509,0.04913,-0.385,0.0419
2026-08-20 14:23:15,712.87,2026-08-20,709.0,4.44,4.5,4.44,1687,94,0.2702,0.7888,0.05931,-0.605,0.0522
2026-08-20 14:23:15,712.87,2026-08-20,710.0,3.68,3.75,3.68,6768,259,0.2702,0.7245,0.0685,-0.85,0.0603
2026-08-20 14:23:15,712.87,2026-08-20,711.0,2.98,3.04,3,8328,65,0.2674,0.6534,0.07649,-1.145,0.0666
2026-08-20 14:23:15,712.87,2026-08-20,712.0,2.29,2.37,2.29,28166,313,0.2577,0.5768,0.08419,-1.465,0.0706
2026-08-20 14:23:15,712.87,2026-08-20,713.0,1.8,1.81,1.8,42827,94,0.2587,0.4914,0.08546,-1.805,0.072
2026-08-20 14:23:15,712.87,2026-08-20,714.0,1.31,1.32,1.27,51937,212,0.2524,0.4046,0.08507,-1.315,0.0699
2026-08-20 14:23:15,712.87,2026-08-20,715.0,0.89,0.9,0.92,66791,214,0.2432,0.3163,0.08108,-0.895,0.0642
2026-08-20 14:23:15,712.87,2026-08-20,716.0,0.6,0.65,0.64,32720,290,0.2442,0.2412,0.07075,-0.625,0.0562
2026-08-20 14:23:15,712.87,2026-08-20,717.0,0.39,0.4,0.39,36015,1003,0.239,0.1715,0.059,-0.395,0.0459
2026-08-20 14:23:15,712.87,2026-08-20,718.0,0.28,0.29,0.28,27074,1836,0.248,0.128,0.04677,-0.285,0.0378
2026-08-20 14:23:15,712.87,2026-08-20,719.0,0.15,0.16,0.16,16721,945,0.2391,0.0795,0.0343,-0.155,0.0267
2026-08-20 14:23:15,712.87,2026-08-20,720.0,0.09,0.1,0.13,21324,2008,0.241,0.0521,0.02449,-0.095,0.0192
2026-08-20 14:23:15,712.87,2026-08-20,721.0,0.09,0.1,0.09,12154,958,0.2675,0.0476,0.02055,-0.095,0.0179
2026-08-20 14:23:15,712.87,2026-08-20,722.0,0.06,0.07,0.06,5679,3838,0.2736,0.0335,0.01511,-0.065,0.0135
2026-08-20 14:23:15,712.87,2026-08-20,723.0,0.01,0.02,0.05,4935,2009,0.2398,0.0102,0.00628,-0.015,0.0049
2026-08-20 14:23:15,712.87,2026-08-20,724.0,0.01,0.05,0.04,4677,691,0.2855,0.0163,0.00789,-0.03,0.0073
2026-08-20 14:23:15,712.87,2026-08-20,725.0,0.01,0.04,0.02,5257,2386,0.2996,0.0133,0.0063,-0.025,0.0061
2026-08-20 14:23:15,712.87,2026-08-20,726.0,0.01,0.02,0.02,3449,659,0.3004,0.0083,0.0042,-0.015,0.0041
2026-08-20 14:23:15,712.87,2026-08-20,727.0,0.03,0.04,0.03,5409,761,0.3575,0.0153,0.00597,-0.035,0.007
2026-08-20 14:24:15,713.35,2026-08-20,699.0,12.44,15.01,14.64,3,1,,,,,
2026-08-20 14:24:15,713.35,2026-08-20,700.0,11.61,13.99,12.79,111,37,,,,,
2026-08-20 14:24:15,713.35,2026-08-20,701.0,10.6,12.74,11,114,,,,,,
2026-08-20 14:24:15,713.35,2026-08-20,702.0,10.52,11.61,10.5,68,7,,,,,
2026-08-20 14:24:15,713.35,2026-08-20,703.0,9.14,10.78,9.48,33,52,,,,,
2026-08-20 14:24:15,713.35,2026-08-20,704.0,8.57,9.93,8.81,165,6,,,,,
2026-08-20 14:24:15,713.35,2026-08-20,705.0,8.05,8.72,7.72,821,63,0.2073,0.9879,0.0084,-0.035,0.0057
2026-08-20 14:24:15,713.35,2026-08-20,706.0,7.45,7.64,7.31,976,7,0.2869,0.9245,0.02751,-0.195,0.0257
2026-08-20 14:24:15,713.35,2026-08-20,707.0,6.55,6.7,6.34,880,4,0.2832,0.8955,0.03548,-0.275,0.0327
2026-08-20 14:24:15,713.35,2026-08-20,708.0,5.62,5.83,5.64,1065,12,0.277,0.8606,0.04445,-0.375,0.04
2026-08-20 14:24:15,713.35,2026-08-20,709.0,4.82,4.88,4.82,1706,94,0.2686,0.8182,0.05453,-0.5,0.0476
2026-08-20 14:24:15,713.35,2026-08-20,710.0,4.019,4.18,4.13,6856,259,0.2751,0.7532,0.06364,-0.7495,0.0569
2026-08-20 14:24:15,713.35,2026-08-20,711.0,3.33,3.4,3.33,8545,65,0.2724,0.6868,0.07215,-1.015,0.0639
2026-08-20 14:24:15,713.35,2026-08-20,712.0,2.63,2.64,2.72,29066,313,0.2604,0.6161,0.08136,-1.285,0.0689
2026-08-20 14:24:15,713.35,2026-08-20,713.0,2.05,2.08,2.1,44367,94,0.2607,0.5327,0.0846,-1.715,0.0717
2026-08-20 14:24:15,713.35,2026-08-20,714.0,1.5,1.57,1.5,52628,212,0.2547,0.4467,0.08609,-1.535,0.0713
2026-08-20 14:24:15,713.35,2026-08-20,715.0,1.11,1.12,1.04,67819,214,0.252,0.3612,0.08243,-1.115,0.0675
2026-08-20 14:24:15,713.35,2026-08-20,716.0,0.77,0.78,0.77,33442,290,0.2486,0.2801,0.07512,-0.775,0.0607
2026-08-20 14:24:15,713.35,2026-08-20,717.0,0.48,0.49,0.48,36272,1003,0.2393,0.2015,0.06518,-0.485,0.0507
2026-08-20 14:24:15,713.35,2026-08-20,718.0,0.34,0.35,0.3,27623,1836,0.2465,0.1502,0.05252,-0.345,0.0421
2026-08-20 14:24:15,713.35,2026-08-20,719.0,0.19,0.24,0.19,16899,945,0.2449,0.1026,0.04049,-0.215,0.0322
2026-08-20 14:24:15,713.35,2026-08-20,720.0,0.15,0.16,0.12,21434,2008,0.2544,0.0755,0.03103,-0.155,0.0257
2026-08-20 14:24:15,713.35,2026-08-20,721.0,0.11,0.12,0.11,12183,958,0.2652,0.0566,0.02379,-0.115,0.0205
2026-08-20 14:24:15,713.35,2026-08-20,722.0,0.03,0.08,0.05,5733,3838,0.2543,0.0309,0.01521,-0.055,0.0126
2026-08-20 14:24:15,713.35,2026-08-20,723.0,0.05,0.06,0.02,5033,2009,0.2784,0.0286,0.01301,-0.055,0.0118
2026-08-20 14:24:15,713.35,2026-08-20,724.0,0.04,0.05,0.02,4809,691,0.2925,0.0229,0.0103,-0.045,0.0098
2026-08-20 14:24:15,713.35,2026-08-20,725.0,0.03,0.04,0.03,5272,2386,0.3037,0.0177,0.00798,-0.035,0.0079
2026-08-20 14:24:15,713.35,2026-08-20,726.0,0.01,0.04,0.02,3452,659,0.3107,0.0128,0.00591,-0.025,0.006
2026-08-20 14:24:15,713.35,2026-08-20,727.0,0.01,0.04,0.03,5409,761,0.3317,0.0121,0.00527,-0.025,0.0057
2026-08-20 14:24:15,713.35,2026-08-20,728.0,0.03,0.04,0.01,1823,1221,0.3689,0.0149,0.00566,-0.035,0.0068
2026-08-20 14:25:16,713.0,2026-08-20,699.0,12.66,16.03,14.64,3,1,0.5443,0.9269,0.01417,-0.34,0.025
2026-08-20 14:25:16,713.0,2026-08-20,700.0,11.61,14.9,12.79,111,37,0.4765,0.9381,0.01424,-0.25,0.022
2026-08-20 14:25:16,713.0,2026-08-20,701.0,10.68,13.74,11,114,,0.4268,0.9435,0.0148,-0.205,0.0205
2026-08-20 14:25:16,713.0,2026-08-20,702.0,10.97,11.85,10.5,68,7,0.4749,0.9043,0.01989,-0.405,0.0306
2026-08-20 14:25:16,713.0,2026-08-20,703.0,9.13,10.96,9.48,33,52,0.2526,0.9869,0.00739,-0.04,0.006
2026-08-20 14:25:16,713.0,2026-08-20,704.0,8.32,9.76,8.81,165,6,0.222,0.9886,0.00749,-0.035,0.0054
2026-08-20 14:25:16,713.0,2026-08-20,705.0,7.93,8.56,7.72,821,63,0.3242,0.9173,0.02612,-0.24,0.0274
2026-08-20 14:25:16,713.0,2026-08-20,706.0,7.23,7.52,7.34,1018,7,0.3333,0.8813,0.03311,-0.37,0.0357
2026-08-20 14:25:16,713.0,2026-08-20,707.0,6.35,6.55,6.51,892,4,0.3181,0.8556,0.0397,-0.445,0.0409
2026-08-20 14:25:16,713.0,2026-08-20,708.0,5.48,5.53,5.61,1079,12,0.2942,0.8305,0.04771,-0.5,0.0454
2026-08-20 14:25:16,713.0,2026-08-20,709.0,4.56,4.57,4.84,1716,94,0.2679,0.7998,0.05813,-0.56,0.0504
2026-08-20 14:25:16,713.0,2026-08-20,710.0,3.8,3.82,3.99,7001,259,0.2699,0.7349,0.06747,-0.805,0.0589
2026-08-20 14:25:16,713.0,2026-08-20,711.0,3.1,3.22,3.22,8947,65,0.277,0.6592,0.07358,-1.155,0.066
2026-08-20 14:25:16,713.0,2026-08-20,712.0,2.45,2.48,2.48,29724,313,0.2662,0.5861,0.08136,-1.46,0.0701
2026-08-20 14:25:16,713.0,2026-08-20,713.0,1.82,1.85,1.85,45926,94,0.2539,0.5034,0.08731,-1.83,0.0718
2026-08-20 14:25:16,713.0,2026-08-20,714.0,1.3,1.32,1.4,54214,212,0.2443,0.4134,0.08862,-1.31,0.0701
2026-08-20 14:25:16,713.0,2026-08-20,715.0,0.97,0.99,0.99,69426,214,0.2501,0.3317,0.08064,-0.98,0.0653
2026-08-20 14:25:16,713.0,2026-08-20,716.0,0.62,0.63,0.7,34389,290,0.2389,0.2458,0.07327,-0.625,0.0567
2026-08-20 14:25:16,713.0,2026-08-20,717.0,0.39,0.4,0.46,37468,1003,0.2345,0.1745,0.06098,-0.395,0.0463
2026-08-20 14:25:16,713.0,2026-08-20,718.0,0.3,0.31,0.31,29048,1836,0.2491,0.135,0.04844,-0.305,0.0391
2026-08-20 14:25:16,713.0,2026-08-20,719.0,0.15,0.16,0.21,17079,945,0.2357,0.0807,0.03529,-0.155,0.0269
2026-08-20 14:25:16,713.0,2026-08-20,720.0,0.09,0.1,0.1,21897,2008,0.2379,0.0528,0.02515,-0.095,0.0194
2026-08-20 14:25:16,713.0,2026-08-20,721.0,0.09,0.1,0.09,13315,958,0.2645,0.0482,0.02103,-0.095,0.018
2026-08-20 14:25:16,713.0,2026-08-20,722.0,0.03,0.04,0.07,5739,3838,0.2446,0.0215,0.0117,-0.035,0.0093
2026-08-20 14:25:16,713.0,2026-08-20,723.0,0.01,0.06,0.05,5061,2009,0.2673,0.0199,0.01002,-0.035,0.0087
2026-08-20 14:25:16,713.0,2026-08-20,724.0,0.04,0.05,0.03,4825,691,0.301,0.0224,0.00983,-0.045,0.0096
2026-08-20 14:25:16,713.0,2026-08-20,725.0,0.01,0.04,0.03,5535,2386,0.2975,0.0134,0.00641,-0.025,0.0062
2026-08-20 14:25:16,713.0,2026-08-20,726.0,0.01,0.04,0.01,3452,659,0.3186,0.0126,0.00568,-0.025,0.0059
2026-08-20 14:25:16,713.0,2026-08-20,727.0,0.01,0.04,0.03,5409,761,0.3396,0.0119,0.00507,-0.025,0.0056
2026-08-20 14:25:16,713.0,2026-08-20,728.0,0.01,0.02,0.01,1824,1221,0.3381,0.0075,0.00341,-0.015,0.0037
2026-08-20 14:26:17,712.85,2026-08-20,698.0,13.39,16.07,18.16,7,2,,,,,
2026-08-20 14:26:17,712.85,2026-08-20,699.0,12.62,15.72,14.64,3,1,0.5325,0.9294,0.01414,-0.32,0.0243
2026-08-20 14:26:17,712.85,2026-08-20,700.0,11.44,14.88,12.79,111,37,0.4985,0.9274,0.01542,-0.31,0.0248
2026-08-20 14:26:17,712.85,2026-08-20,701.0,10.54,14.12,11,114,,0.5271,0.8981,0.01879,-0.48,0.032
2026-08-20 14:26:17,712.85,2026-08-20,702.0,10.78,11.53,10.5,68,7,0.436,0.9199,0.01901,-0.305,0.0267
2026-08-20 14:26:17,712.85,2026-08-20,703.0,9.3,11.2,9.48,34,52,0.4369,0.8983,0.02264,-0.4,0.0319
2026-08-20 14:26:17,712.85,2026-08-20,704.0,8.41,10,8.81,165,6,0.3903,0.8994,0.02515,-0.355,0.0317
2026-08-20 14:26:17,712.85,2026-08-20,705.0,7.91,8.36,8.33,831,63,0.3356,0.906,0.02781,-0.285,0.0301
2026-08-20 14:26:17,712.85,2026-08-20,706.0,7.03,7.69,7.31,1024,7,0.3649,0.8549,0.03479,-0.51,0.041
2026-08-20 14:26:17,712.85,2026-08-20,707.0,6.02,6.22,6.47,901,4,0.2665,0.8915,0.03889,-0.27,0.0334
2026-08-20 14:26:17,712.85,2026-08-20,708.0,5.39,5.41,5.44,1103,12,0.2996,0.8191,0.04892,-0.55,0.0473
2026-08-20 14:26:17,712.85,2026-08-20,709.0,4.47,4.51,4.55,1818,94,0.2775,0.7829,0.05896,-0.64,0.0528
2026-08-20 14:26:17,712.85,2026-08-20,710.0,3.71,3.75,3.73,7077,259,0.2758,0.7204,0.06792,-0.88,0.0604
2026-08-20 14:26:17,712.85,2026-08-20,711.0,2.95,2.96,3.04,9112,65,0.2618,0.6559,0.07826,-1.105,0.0661
2026-08-20 14:26:17,712.85,2026-08-20,712.0,2.38,2.4,2.4,30088,313,0.2687,0.5729,0.08128,-1.54,0.0705
2026-08-20 14:26:17,712.85,2026-08-20,713.0,1.73,1.81,1.81,46846,94,0.256,0.49,0.08674,-1.77,0.0716
2026-08-20 14:26:17,712.85,2026-08-20,714.0,1.29,1.31,1.31,55829,212,0.2523,0.4028,0.08541,-1.3,0.0695
2026-08-20 14:26:17,712.85,2026-08-20,715.0,0.87,0.92,0.92,70088,214,0.2451,0.3156,0.08076,-0.895,0.0639
2026-08-20 14:26:17,712.85,2026-08-20,716.0,0.58,0.63,0.63,35270,290,0.2424,0.2375,0.071,-0.605,0.0555
2026-08-20 14:26:17,712.85,2026-08-20,717.0,0.36,0.41,0.41,37866,1003,0.2385,0.1689,0.05883,-0.385,0.0453
2026-08-20 14:26:17,712.85,2026-08-20,718.0,0.23,0.24,0.24,29351,1836,0.2358,0.1143,0.04563,-0.235,0.0347
2026-08-20 14:26:17,712.85,2026-08-20,719.0,0.14,0.19,0.19,17159,945,0.2444,0.0826,0.03471,-0.165,0.0274
2026-08-20 14:26:17,712.85,2026-08-20,720.0,0.08,0.13,0.13,22052,2008,0.2476,0.0557,0.02525,-0.105,0.0202
2026-08-20 14:26:17,712.85,2026-08-20,721.0,0.05,0.1,0.09,13477,958,0.2571,0.0403,0.01877,-0.075,0.0156
2026-08-20 14:26:17,712.85,2026-08-20,722.0,0.02,0.07,0.07,5765,3838,0.2586,0.0256,0.01284,-0.045,0.0107
2026-08-20 14:26:17,712.85,2026-08-20,723.0,0.01,0.06,0.05,5223,2009,0.2713,0.0197,0.00979,-0.035,0.0086
2026-08-20 14:26:17,712.85,2026-08-20,724.0,0.01,0.02,0.04,4924,691,0.2617,0.0095,0.00542,-0.015,0.0046
2026-08-20 14:26:17,712.85,2026-08-20,725.0,0.03,0.04,0.03,5540,2386,0.3159,0.0172,0.00749,-0.035,0.0076
2026-08-20 14:26:17,712.85,2026-08-20,726.0,0.03,0.04,0.03,3464,659,0.3378,0.0162,0.00666,-0.035,0.0073
2026-08-20 14:26:17,712.85,2026-08-20,727.0,0.03,0.04,0.03,5419,761,0.3595,0.0153,0.00596,-0.035,0.0069
2026-08-20 14:27:20,712.46,2026-08-20,698.0,13.34,16.16,18.16,7,2,0.5389,0.9359,0.01298,-0.29,0.0225
2026-08-20 14:27:20,712.46,2026-08-20,699.0,12.24,15.58,14.64,3,1,0.5702,0.9096,0.01593,-0.45,0.0292
2026-08-20 14:27:20,712.46,2026-08-20,700.0,11.54,14.32,12.79,111,37,0.5448,0.9025,0.01764,-0.47,0.0309
2026-08-20 14:27:20,712.46,2026-08-20,701.0,10.44,13.41,11,114,,0.5107,0.8981,0.01944,-0.465,0.0319
2026-08-20 14:27:20,712.46,2026-08-20,702.0,10.5,11.56,10.5,71,7,0.508,0.8781,0.02221,-0.57,0.0362
2026-08-20 14:27:20,712.46,2026-08-20,703.0,9.11,10.96,9.89,34,52,0.4748,0.8702,0.02483,-0.575,0.0379
2026-08-20 14:27:20,712.46,2026-08-20,704.0,8.36,9.87,8.81,165,6,0.4592,0.8513,0.02816,-0.655,0.0415
2026-08-20 14:27:20,712.46,2026-08-20,705.0,7.58,7.81,8.33,847,63,0.3069,0.9148,0.02835,-0.235,0.028
2026-08-20 14:27:20,712.46,2026-08-20,706.0,6.73,7.04,7.03,1030,7,0.3305,0.8649,0.03666,-0.425,0.0389
2026-08-20 14:27:20,712.46,2026-08-20,707.0,5.9,6.02,5.82,957,4,0.3124,0.838,0.04381,-0.5,0.044
2026-08-20 14:27:20,712.46,2026-08-20,708.0,5.03,5.26,5.08,1123,12,0.3119,0.7903,0.0515,-0.685,0.0516
2026-08-20 14:27:20,712.46,2026-08-20,709.0,4.24,4.3,4.39,1821,94,0.2922,0.7484,0.06087,-0.81,0.0571
2026-08-20 14:27:20,712.46,2026-08-20,710.0,3.45,3.54,3.43,7134,259,0.2827,0.6893,0.06971,-1.035,0.0633
2026-08-20 14:27:20,712.46,2026-08-20,711.0,2.79,2.87,2.87,9201,65,0.2806,0.6172,0.07589,-1.37,0.0684
2026-08-20 14:27:20,712.46,2026-08-20,712.0,2.23,2.25,2.13,30328,313,0.2785,0.5396,0.07951,-1.78,0.0712
2026-08-20 14:27:20,712.46,2026-08-20,713.0,1.62,1.68,1.68,47767,94,0.2655,0.4578,0.08337,-1.65,0.0711
2026-08-20 14:27:20,712.46,2026-08-20,714.0,1.18,1.24,1.24,56843,212,0.2616,0.3743,0.08081,-1.21,0.0679
2026-08-20 14:27:20,712.46,2026-08-20,715.0,0.85,0.86,0.86,70842,214,0.258,0.2943,0.07453,-0.855,0.0618
2026-08-20 14:27:20,712.46,2026-08-20,716.0,0.57,0.59,0.59,35446,290,0.2546,0.2217,0.06518,-0.58,0.0533
2026-08-20 14:27:20,712.46,2026-08-20,717.0,0.37,0.39,0.36,38372,1003,0.2522,0.1602,0.05387,-0.38,0.0436
2026-08-20 14:27:20,712.46,2026-08-20,718.0,0.24,0.25,0.25,29829,1836,0.2519,0.1122,0.04225,-0.245,0.0342
2026-08-20 14:27:20,712.46,2026-08-20,719.0,0.12,0.17,0.17,17275,945,0.2487,0.0731,0.03115,-0.145,0.0249
2026-08-20 14:27:20,712.46,2026-08-20,720.0,0.07,0.12,0.12,22098,2008,0.2535,0.0501,0.02275,-0.095,0.0185
2026-08-20 14:27:20,712.46,2026-08-20,721.0,0.04,0.09,0.07,13923,958,0.2607,0.0352,0.01661,-0.065,0.0139
2026-08-20 14:27:20,712.46,2026-08-20,722.0,0.02,0.07,0.06,5823,3838,0.2684,0.0248,0.01208,-0.045,0.0104
2026-08-20 14:27:20,712.46,2026-08-20,723.0,0.01,0.02,0.05,5226,2009,0.2498,0.0099,0.00591,-0.015,0.0047
2026-08-20 14:27:20,712.46,2026-08-20,724.0,0.01,0.02,0.04,6136,691,0.2702,0.0092,0.00513,-0.015,0.0045
2026-08-20 14:27:20,712.46,2026-08-20,725.0,0.03,0.04,0.03,5553,2386,0.3251,0.0168,0.00715,-0.035,0.0075
2026-08-20 14:27:20,712.46,2026-08-20,726.0,0.01,0.04,0.02,3538,659,0.3313,0.0122,0.00533,-0.025,0.0057
2026-08-20 14:27:20,712.46,2026-08-20,727.0,0.01,0.04,0.02,5425,761,0.3523,0.0115,0.00478,-0.025,0.0054
2026-08-20 14:28:21,712.39,2026-08-20,698.0,13.3,15.51,18.16,7,2,,,,,
2026-08-20 14:28:21,712.39,2026-08-20,699.0,12.62,14.75,14.64,3,1,0.5104,0.9317,0.01442,-0.295,0.0236
2026-08-20 14:28:21,712.39,2026-08-20,700.0,11.63,13.73,12.79,111,37,0.4785,0.929,0.01586,-0.29,0.0243
2026-08-20 14:28:21,712.39,2026-08-20,701.0,10.42,11.84,11,114,,,,,,
2026-08-20 14:28:21,712.39,2026-08-20,702.0,9.88,11.8,10.7,71,7,0.4718,0.894,0.02169,-0.45,0.0328
2026-08-20 14:28:21,712.39,2026-08-20,703.0,8.93,10.75,9.89,34,52,0.4385,0.8874,0.02437,-0.45,0.0342
2026-08-20 14:28:21,712.39,2026-08-20,704.0,7.77,9.68,8.81,166,6,0.3705,0.8998,0.02651,-0.335,0.0315
2026-08-20 14:28:21,712.39,2026-08-20,705.0,7.15,7.77,7.48,848,63,0.2254,0.9678,0.01788,-0.07,0.0129
2026-08-20 14:28:21,712.39,2026-08-20,706.0,6.7,6.92,6.45,1031,7,0.3273,0.865,0.03706,-0.42,0.0388
2026-08-20 14:28:21,712.39,2026-08-20,707.0,5.72,5.93,5.54,957,4,0.2952,0.8488,0.04436,-0.435,0.0419
2026-08-20 14:28:21,712.39,2026-08-20,708.0,5.04,5.06,4.78,1128,12,0.3047,0.7924,0.05249,-0.66,0.0512
2026-08-20 14:28:21,712.39,2026-08-20,709.0,4.059,4.12,3.91,1932,94,0.27,0.7614,0.06414,-0.6995,0.0555
2026-08-20 14:28:21,712.39,2026-08-20,710.0,3.42,3.45,3.41,7163,259,0.2812,0.6855,0.07054,-1.045,0.0635
2026-08-20 14:28:21,712.39,2026-08-20,711.0,2.67,2.7,2.74,9276,65,0.2661,0.6178,0.08011,-1.295,0.0683
2026-08-20 14:28:21,712.39,2026-08-20,712.0,2.07,2.09,2.12,30537,313,0.2618,0.5361,0.08482,-1.69,0.0711
2026-08-20 14:28:21,712.39,2026-08-20,713.0,1.51,1.52,1.52,49033,94,0.2513,0.449,0.08798,-1.515,0.0708
2026-08-20 14:28:21,712.39,2026-08-20,714.0,1.15,1.16,1.16,58166,212,0.2577,0.3665,0.0816,-1.155,0.0674
2026-08-20 14:28:21,712.39,2026-08-20,715.0,0.74,0.79,0.81,71624,214,0.247,0.2803,0.07621,-0.765,0.0603
2026-08-20 14:28:21,712.39,2026-08-20,716.0,0.49,0.5,0.5,35821,290,0.2415,0.2045,0.06564,-0.495,0.0508
2026-08-20 14:28:21,712.39,2026-08-20,717.0,0.31,0.36,0.36,38904,1003,0.2445,0.1486,0.05294,-0.335,0.0415
2026-08-20 14:28:21,712.39,2026-08-20,718.0,0.19,0.2,0.24,30452,1836,0.2391,0.0971,0.04013,-0.195,0.0307
2026-08-20 14:28:21,712.39,2026-08-20,719.0,0.11,0.12,0.16,17352,945,0.2383,0.0624,0.02879,-0.115,0.022
2026-08-20 14:28:21,712.39,2026-08-20,720.0,0.06,0.07,0.07,22200,2008,0.2377,0.0382,0.01951,-0.065,0.0149
2026-08-20 14:28:21,712.39,2026-08-20,721.0,0.03,0.08,0.08,14188,958,0.2553,0.031,0.01531,-0.055,0.0125
2026-08-20 14:28:21,712.39,2026-08-20,722.0,0.05,0.06,0.04,5828,3838,0.2795,0.0286,0.01309,-0.055,0.0117
2026-08-20 14:28:21,712.39,2026-08-20,723.0,0.04,0.05,0.04,5239,2009,0.2938,0.023,0.01035,-0.045,0.0097
2026-08-20 14:28:21,712.39,2026-08-20,724.0,0.04,0.05,0.03,6140,691,0.3168,0.0215,0.00907,-0.045,0.0092
2026-08-20 14:28:21,712.39,2026-08-20,725.0,0.01,0.04,0.03,5559,2386,0.3122,0.0129,0.00594,-0.025,0.0059
2026-08-20 14:28:21,712.39,2026-08-20,726.0,0.03,0.04,0.01,3551,659,0.3491,0.0158,0.00632,-0.035,0.0071
2026-08-20 14:28:21,712.39,2026-08-20,727.0,0.03,0.04,0.02,5425,761,0.3708,0.0149,0.00568,-0.035,0.0067
2026-08-20 14:29:22,711.93,2026-08-20,697.0,14.63,16.91,15.64,1,14,0.7396,0.8756,0.01553,-0.84,0.0366
2026-08-20 14:29:22,711.93,2026-08-20,698.0,13.67,15.76,18.16,7,2,0.6896,0.8755,0.01667,-0.785,0.0367
2026-08-20 14:29:22,711.93,2026-08-20,699.0,12.7,14.77,14.64,3,1,0.6597,0.8681,0.01814,-0.805,0.0381
2026-08-20 14:29:22,711.93,2026-08-20,700.0,11.27,13.94,12.79,111,37,0.5898,0.8753,0.01952,-0.675,0.0367
2026-08-20 14:29:22,711.93,2026-08-20,701.0,10.4,12.17,11,122,,0.4593,0.9117,0.01952,-0.355,0.0286
2026-08-20 14:29:22,711.93,2026-08-20,702.0,9.71,11.86,10.7,71,7,0.5628,0.8423,0.02398,-0.855,0.043
2026-08-20 14:29:22,711.93,2026-08-20,703.0,9,10.99,9.89,34,52,0.5704,0.8136,0.02633,-1.065,0.0479
2026-08-20 14:29:22,711.93,2026-08-20,704.0,8.039,9.89,9.25,166,6,0.5241,0.8053,0.02943,-1.0345,0.0492
2026-08-20 14:29:22,711.93,2026-08-20,705.0,6.82,7.62,7.96,848,63,0.3097,0.8974,0.03234,-0.29,0.0319
2026-08-20 14:29:22,711.93,2026-08-20,706.0,6.17,6.21,6.62,1031,7,0.2677,0.8949,0.03806,-0.26,0.0325
2026-08-20 14:29:22,711.93,2026-08-20,707.0,5.12,5.32,5.61,1043,4,0.2428,0.8746,0.04758,-0.29,0.0368
2026-08-20 14:29:22,711.93,2026-08-20,708.0,4.36,4.51,4.76,1133,12,0.2558,0.8079,0.05981,-0.505,0.0488
2026-08-20 14:29:22,711.93,2026-08-20,709.0,3.56,3.67,3.76,1946,94,0.2478,0.7489,0.07199,-0.685,0.0569
2026-08-20 14:29:22,711.93,2026-08-20,710.0,2.91,2.94,3,7222,259,0.2507,0.6697,0.08092,-0.995,0.0647
2026-08-20 14:29:22,711.93,2026-08-20,711.0,2.24,2.32,2.36,9338,65,0.2479,0.5862,0.08801,-1.35,0.0696
2026-08-20 14:29:22,711.93,2026-08-20,712.0,1.71,1.77,1.77,30891,313,0.2478,0.4967,0.09016,-1.74,0.0712
2026-08-20 14:29:22,711.93,2026-08-20,713.0,1.25,1.26,1.26,49570,94,0.2427,0.4054,0.08948,-1.255,0.0692
2026-08-20 14:29:22,711.93,2026-08-20,714.0,0.87,0.88,0.91,58815,212,0.2394,0.3171,0.08332,-0.875,0.0636
2026-08-20 14:29:22,711.93,2026-08-20,715.0,0.59,0.6,0.6,72725,214,0.2386,0.2384,0.0727,-0.595,0.0553
2026-08-20 14:29:22,711.93,2026-08-20,716.0,0.42,0.43,0.39,36273,290,0.2456,0.1793,0.05969,-0.425,0.0467
2026-08-20 14:29:22,711.93,2026-08-20,717.0,0.27,0.28,0.25,39170,1003,0.2457,0.1263,0.04726,-0.275,0.037
2026-08-20 14:29:22,711.93,2026-08-20,718.0,0.14,0.15,0.19,35729,1836,0.2359,0.0767,0.03419,-0.145,0.0257
2026-08-20 14:29:22,711.93,2026-08-20,719.0,0.08,0.13,0.13,17570,945,0.2469,0.0561,0.02563,-0.105,0.0202
2026-08-20 14:29:22,711.93,2026-08-20,720.0,0.05,0.1,0.1,22968,2008,0.2566,0.0406,0.01903,-0.075,0.0156
2026-08-20 14:29:22,711.93,2026-08-20,721.0,0.07,0.08,0.04,14411,958,0.2821,0.0374,0.01619,-0.075,0.0146
2026-08-20 14:29:22,711.93,2026-08-20,722.0,0.01,0.06,0.05,5844,3838,0.2711,0.0198,0.00991,-0.035,0.0086
2026-08-20 14:29:22,711.93,2026-08-20,723.0,0.04,0.05,0.04,5259,2009,0.3051,0.0223,0.00973,-0.045,0.0095
2026-08-20 14:29:22,711.93,2026-08-20,724.0,0.01,0.05,0.04,6213,691,0.3091,0.0153,0.00699,-0.03,0.0069
2026-08-20 14:29:22,711.93,2026-08-20,725.0,0.03,0.04,0.03,5586,2386,0.338,0.0162,0.00672,-0.035,0.0072
2026-08-20 14:29:22,711.93,2026-08-20,726.0,0.03,0.04,0.01,3569,659,0.3599,0.0154,0.00602,-0.035,0.0069
2026-08-20 14:30:23,712.0,2026-08-20,697.0,14.13,16.95,15.64,1,14,0.6533,0.9051,0.0145,-0.54,0.0301
2026-08-20 14:30:23,712.0,2026-08-20,698.0,12.66,15.74,18.16,7,2,0.4845,0.95,0.01193,-0.2,0.0184
2026-08-20 14:30:23,712.0,2026-08-20,699.0,12.03,14.65,14.64,3,1,0.5188,0.9232,0.01558,-0.34,0.0257
2026-08-20 14:30:23,712.0,2026-08-20,700.0,11.32,13.94,12.79,111,37,0.5806,0.8806,0.01925,-0.63,0.0355
2026-08-20 14:30:23,712.0,2026-08-20,701.0,9.73,11.94,11.5,124,,,,,,
2026-08-20 14:30:23,712.0,2026-08-20,702.0,9.94,11.47,10.7,71,7,0.53,0.8587,0.0237,-0.705,0.0399
2026-08-20 14:30:23,712.0,2026-08-20,703.0,8.7,10.94,9.89,34,52,0.5205,0.8376,0.02648,-0.82,0.0438
2026-08-20 14:30:23,712.0,2026-08-20,704.0,7.81,9.85,8.66,168,6,0.4845,0.8263,0.0297,-0.83,0.0457
2026-08-20 14:30:23,712.0,2026-08-20,705.0,7.08,7.68,7.49,852,63,0.339,0.8792,0.03324,-0.38,0.0358
2026-08-20 14:30:23,712.0,2026-08-20,706.0,6.36,6.56,6.43,1042,7,0.3246,0.8528,0.03978,-0.46,0.0411
2026-08-20 14:30:23,712.0,2026-08-20,707.0,5.53,5.66,5.59,1151,4,0.3172,0.8145,0.04728,-0.595,0.0477
2026-08-20 14:30:23,712.0,2026-08-20,708.0,4.61,4.65,4.74,1157,12,0.2839,0.7881,0.05724,-0.63,0.0517
2026-08-20 14:30:23,712.0,2026-08-20,709.0,3.82,3.86,3.82,2057,94,0.2781,0.7303,0.06665,-0.84,0.0589
2026-08-20 14:30:23,712.0,2026-08-20,710.0,3.09,3.12,3.01,7333,259,0.2717,0.6631,0.07538,-1.105,0.0651
2026-08-20 14:30:23,712.0,2026-08-20,711.0,2.44,2.47,2.49,9456,65,0.2676,0.5859,0.08166,-1.455,0.0695
2026-08-20 14:30:23,712.0,2026-08-20,712.0,1.88,1.91,1.88,31556,313,0.2651,0.5029,0.08441,-1.895,0.0711
2026-08-20 14:30:23,712.0,2026-08-20,713.0,1.39,1.4,1.38,50640,94,0.2591,0.4172,0.0845,-1.395,0.0696
2026-08-20 14:30:23,712.0,2026-08-20,714.0,0.98,0.99,0.94,59912,212,0.2534,0.3319,0.08034,-0.985,0.0647
2026-08-20 14:30:23,712.0,2026-08-20,715.0,0.67,0.68,0.68,73683,214,0.2501,0.2534,0.07176,-0.675,0.0571
2026-08-20 14:30:23,712.0,2026-08-20,716.0,0.4,0.45,0.42,36890,290,0.2433,0.1809,0.06067,-0.425,0.0469
2026-08-20 14:30:23,712.0,2026-08-20,717.0,0.29,0.3,0.3,39930,1003,0.249,0.1325,0.04827,-0.295,0.0382
2026-08-20 14:30:23,712.0,2026-08-20,718.0,0.19,0.2,0.16,41055,1836,0.2522,0.0932,0.03706,-0.195,0.0297
2026-08-20 14:30:23,712.0,2026-08-20,719.0,0.13,0.14,0.09,17743,945,0.2591,0.0668,0.02802,-0.135,0.0231
2026-08-20 14:30:23,712.0,2026-08-20,720.0,0.05,0.1,0.1,23209,2008,0.2551,0.0408,0.01925,-0.075,0.0156
2026-08-20 14:30:23,712.0,2026-08-20,721.0,0.03,0.08,0.04,14718,958,0.2657,0.03,0.01438,-0.055,0.0121
2026-08-20 14:30:23,712.0,2026-08-20,722.0,0.01,0.02,0.02,5855,3838,0.2399,0.0103,0.00641,-0.015,0.0049
2026-08-20 14:30:23,712.0,2026-08-20,723.0,0.04,0.05,0.03,5297,2009,0.3039,0.0224,0.00982,-0.045,0.0095
2026-08-20 14:30:23,712.0,2026-08-20,724.0,0.01,0.02,0.03,6215,691,0.281,0.009,0.00483,-0.015,0.0043
2026-08-20 14:30:23,712.0,2026-08-20,725.0,0.03,0.04,0.02,5586,2386,0.337,0.0163,0.00677,-0.035,0.0073
2026-08-20 14:30:23,712.0,2026-08-20,726.0,0.03,0.04,0.02,3666,659,0.3589,0.0154,0.00606,-0.035,0.0069
2026-08-20 14:30:23,712.0,2026-08-20,727.0,0.03,0.04,0.02,5526,761,0.3806,0.0146,0.00546,-0.035,0.0066
2026-08-20 14:31:25,712.12,2026-08-20,698.0,12.82,15.89,18.16,7,2,0.5068,0.944,0.01251,-0.235,0.0201
2026-08-20 14:31:25,712.12,2026-08-20,699.0,12.01,14.82,14.64,3,1,0.5049,0.9308,0.01481,-0.295,0.0237
2026-08-20 14:31:25,712.12,2026-08-20,700.0,11.56,13.99,12.79,111,37,0.5926,0.8786,0.01912,-0.655,0.0359
2026-08-20 14:31:25,712.12,2026-08-20,701.0,9.92,11.67,11.5,124,,,,,,
2026-08-20 14:31:25,712.12,2026-08-20,702.0,9.86,11.64,10,98,7,0.5158,0.8683,0.02324,-0.63,0.038
2026-08-20 14:31:25,712.12,2026-08-20,703.0,8.7,10.77,9.89,34,52,0.4763,0.8623,0.02596,-0.615,0.0392
2026-08-20 14:31:25,712.12,2026-08-20,704.0,7.85,9.88,8.66,168,6,0.4708,0.837,0.02937,-0.745,0.0438
2026-08-20 14:31:25,712.12,2026-08-20,705.0,7.12,7.79,7.31,901,63,0.3306,0.8893,0.03208,-0.335,0.0336
2026-08-20 14:31:25,712.12,2026-08-20,706.0,6.2,6.38,6.36,1055,7,0.2436,0.9229,0.03335,-0.17,0.0258
2026-08-20 14:31:25,712.12,2026-08-20,707.0,5.36,5.39,5.56,1158,4,0.2402,0.8867,0.04491,-0.255,0.0342
2026-08-20 14:31:25,712.12,2026-08-20,708.0,4.58,4.59,4.69,1170,12,0.2557,0.8199,0.05766,-0.465,0.0467
2026-08-20 14:31:25,712.12,2026-08-20,709.0,3.65,3.79,3.88,2084,94,0.2415,0.7687,0.07083,-0.6,0.0542
2026-08-20 14:31:25,712.12,2026-08-20,710.0,2.93,2.97,3.17,7588,259,0.235,0.6967,0.08351,-0.83,0.0622
2026-08-20 14:31:25,712.12,2026-08-20,711.0,2.32,2.33,2.44,9835,65,0.2388,0.6068,0.09044,-1.205,0.0685
2026-08-20 14:31:25,712.12,2026-08-20,712.0,1.77,1.78,1.86,32368,313,0.24,0.5142,0.0933,-1.655,0.071
2026-08-20 14:31:25,712.12,2026-08-20,713.0,1.25,1.31,1.37,51929,94,0.2357,0.4199,0.09314,-1.28,0.0696
2026-08-20 14:31:25,712.12,2026-08-20,714.0,0.91,0.92,0.97,61932,212,0.2368,0.3308,0.08597,-0.915,0.0645
2026-08-20 14:31:25,712.12,2026-08-20,715.0,0.65,0.66,0.66,75331,214,0.2417,0.2545,0.07454,-0.655,0.0571
2026-08-20 14:31:25,712.12,2026-08-20,716.0,0.38,0.43,0.43,37792,290,0.2348,0.1793,0.06261,-0.405,0.0466
2026-08-20 14:31:25,712.12,2026-08-20,717.0,0.23,0.24,0.29,40315,1003,0.2289,0.1179,0.04847,-0.235,0.0352
2026-08-20 14:31:25,712.12,2026-08-20,718.0,0.18,0.19,0.19,41660,1836,0.2454,0.0913,0.03756,-0.185,0.0292
2026-08-20 14:31:25,712.12,2026-08-20,719.0,0.12,0.13,0.14,17929,945,0.2517,0.0642,0.02802,-0.125,0.0224
2026-08-20 14:31:25,712.12,2026-08-20,720.0,0.09,0.1,0.1,23684,2008,0.2643,0.0486,0.02144,-0.095,0.018
2026-08-20 14:31:25,712.12,2026-08-20,721.0,0.03,0.08,0.07,14768,958,0.2632,0.0303,0.01465,-0.055,0.0122
2026-08-20 14:31:25,712.12,2026-08-20,722.0,0.05,0.06,0.05,5860,3838,0.2874,0.0281,0.01258,-0.055,0.0115
2026-08-20 14:31:25,712.12,2026-08-20,723.0,0.04,0.05,0.02,5310,2009,0.3015,0.0225,0.00998,-0.045,0.0095
2026-08-20 14:31:25,712.12,2026-08-20,724.0,0.01,0.05,0.04,6228,691,0.3058,0.0155,0.00716,-0.03,0.0069
2026-08-20 14:31:25,712.12,2026-08-20,725.0,0.01,0.04,0.02,5591,2386,0.3195,0.0127,0.00575,-0.025,0.0058
2026-08-20 14:31:25,712.12,2026-08-20,726.0,0.03,0.04,0.03,3678,659,0.3568,0.0155,0.00614,-0.035,0.0069
2026-08-20 14:31:25,712.12,2026-08-20,727.0,0.03,0.04,0.02,5537,761,0.3785,0.0147,0.00553,-0.035,0.0066
2026-08-20 14:32:29,712.25,2026-08-20,698.0,13,15.68,18.16,7,2,0.4113,0.976,0.00773,-0.085,0.0101
2026-08-20 14:32:29,712.25,2026-08-20,699.0,11.72,15.09,14.64,3,1,0.4362,0.9585,0.01146,-0.15,0.0158
2026-08-20 14:32:29,712.25,2026-08-20,700.0,11.67,13.65,12.79,111,37,0.5209,0.9104,0.01747,-0.405,0.0288
2026-08-20 14:32:29,712.25,2026-08-20,701.0,9.88,11.99,10.74,134,,,,,,
2026-08-20 14:32:29,712.25,2026-08-20,702.0,9.92,11.45,9.73,99,7,0.4642,0.8961,0.02186,-0.43,0.0321
2026-08-20 14:32:29,712.25,2026-08-20,703.0,8.8,10.91,9.89,34,52,0.478,0.8653,0.02551,-0.6,0.0385
2026-08-20 14:32:29,712.25,2026-08-20,704.0,8,9.89,8.66,168,6,0.4638,0.8449,0.0289,-0.69,0.0424
2026-08-20 14:32:29,712.25,2026-08-20,705.0,7.26,8.02,7.19,927,63,0.3501,0.8808,0.03199,-0.385,0.0354
2026-08-20 14:32:29,712.25,2026-08-20,706.0,6.6,6.85,6.49,1094,7,0.3373,0.8543,0.03813,-0.47,0.0407
2026-08-20 14:32:29,712.25,2026-08-20,707.0,5.67,5.97,5.81,1170,4,0.3217,0.8237,0.04528,-0.565,0.046
2026-08-20 14:32:29,712.25,2026-08-20,708.0,5.04,5.09,4.86,1173,12,0.3296,0.769,0.05194,-0.81,0.0541
2026-08-20 14:32:29,712.25,2026-08-20,709.0,4.12,4.26,4.08,2119,94,0.3069,0.7275,0.06088,-0.935,0.0591
2026-08-20 14:32:29,712.25,2026-08-20,710.0,3.31,3.39,3.37,7650,259,0.2841,0.6753,0.07123,-1.095,0.064
2026-08-20 14:32:29,712.25,2026-08-20,711.0,2.65,2.74,2.65,10092,65,0.2813,0.602,0.07714,-1.44,0.0686
2026-08-20 14:32:29,712.25,2026-08-20,712.0,2.029,2.13,2.09,33331,313,0.2735,0.5238,0.0819,-1.8245,0.0708
2026-08-20 14:32:29,712.25,2026-08-20,713.0,1.57,1.59,1.51,52848,94,0.2707,0.4414,0.08199,-1.58,0.0702
2026-08-20 14:32:29,712.25,2026-08-20,714.0,1.12,1.14,1.07,63012,212,0.263,0.3574,0.07982,-1.13,0.0663
2026-08-20 14:32:29,712.25,2026-08-20,715.0,0.73,0.74,0.73,77185,214,0.2497,0.2711,0.07461,-0.735,0.0589
2026-08-20 14:32:29,712.25,2026-08-20,716.0,0.52,0.53,0.48,38848,290,0.2545,0.2066,0.0631,-0.525,0.0508
2026-08-20 14:32:29,712.25,2026-08-20,717.0,0.3,0.35,0.32,43380,1003,0.2485,0.1439,0.05132,-0.325,0.0403
2026-08-20 14:32:29,712.25,2026-08-20,718.0,0.18,0.19,0.22,42059,1836,0.2416,0.0926,0.03862,-0.185,0.0295
2026-08-20 14:32:29,712.25,2026-08-20,719.0,0.1,0.15,0.13,18192,945,0.2482,0.065,0.02874,-0.125,0.0226
2026-08-20 14:32:29,712.25,2026-08-20,720.0,0.05,0.1,0.09,23815,2008,0.2493,0.0417,0.02013,-0.075,0.0159
2026-08-20 14:32:29,712.25,2026-08-20,721.0,0.07,0.08,0.04,14821,958,0.275,0.0383,0.01703,-0.075,0.0148
2026-08-20 14:32:29,712.25,2026-08-20,722.0,0.01,0.06,0.05,5861,3838,0.2648,0.0203,0.0104,-0.035,0.0087
2026-08-20 14:32:29,712.25,2026-08-20,723.0,0.04,0.05,0.04,5320,2009,0.2988,0.0228,0.01016,-0.045,0.0096
2026-08-20 14:32:29,712.25,2026-08-20,724.0,0.04,0.05,0.04,6380,691,0.322,0.0213,0.00892,-0.045,0.0091
2026-08-20 14:32:29,712.25,2026-08-20,725.0,0.03,0.04,0.01,5720,2386,0.3323,0.0166,0.00698,-0.035,0.0073
2026-08-20 14:32:29,712.25,2026-08-20,726.0,0.01,0.04,0.03,3691,659,0.3384,0.012,0.00521,-0.025,0.0056
2026-08-20 14:32:29,712.25,2026-08-20,727.0,0.03,0.04,0.01,5537,761,0.3761,0.0148,0.00561,-0.035,0.0067
2026-08-20 14:33:30,712.62,2026-08-20,698.0,12.62,15.48,18.16,7,2,,,,,
2026-08-20 14:33:30,712.62,2026-08-20,699.0,11.99,14.7,14.64,3,1,,,,,
2026-08-20 14:33:30,712.62,2026-08-20,700.0,11.63,13.93,12.79,111,37,0.4255,0.9547,0.0126,-0.16,0.0169
2026-08-20 14:33:30,712.62,2026-08-20,701.0,9.93,11.99,10.74,134,,,,,,
2026-08-20 14:33:30,712.62,2026-08-20,702.0,9.76,11.86,10.03,105,7,0.3855,0.9418,0.01698,-0.19,0.0207
2026-08-20 14:33:30,712.62,2026-08-20,703.0,8.88,10.92,9.89,34,52,0.3936,0.9182,0.02162,-0.28,0.0268
2026-08-20 14:33:30,712.62,2026-08-20,704.0,7.93,9.81,8.66,168,6,0.3514,0.9188,0.02409,-0.25,0.0267
2026-08-20 14:33:30,712.62,2026-08-20,705.0,7.31,7.88,7.28,985,63,,,,,
2026-08-20 14:33:30,712.62,2026-08-20,706.0,6.65,6.81,6.74,1094,7,0.232,0.9476,0.02599,-0.11,0.019
2026-08-20 14:33:30,712.62,2026-08-20,707.0,5.85,6.06,5.98,1177,4,0.2803,0.873,0.04181,-0.335,0.037
2026-08-20 14:33:30,712.62,2026-08-20,708.0,5.09,5.19,4.76,1180,12,0.2876,0.8198,0.0514,-0.52,0.0466
2026-08-20 14:33:30,712.62,2026-08-20,709.0,4.19,4.25,4.34,2153,94,0.2634,0.7832,0.06276,-0.6,0.0521
2026-08-20 14:33:30,712.62,2026-08-20,710.0,3.58,3.62,3.46,7793,259,0.2844,0.7009,0.06875,-0.98,0.0617
2026-08-20 14:33:30,712.62,2026-08-20,711.0,2.82,2.86,2.78,10518,65,0.2698,0.6352,0.07842,-1.22,0.0667
2026-08-20 14:33:30,712.62,2026-08-20,712.0,2.15,2.21,2.16,34207,313,0.2602,0.5563,0.08546,-1.56,0.0701
2026-08-20 14:33:30,712.62,2026-08-20,713.0,1.58,1.61,1.63,53609,94,0.2497,0.4688,0.08968,-1.595,0.0706
2026-08-20 14:33:30,712.62,2026-08-20,714.0,1.19,1.2,1.12,65054,212,0.2529,0.3823,0.08491,-1.195,0.0677
2026-08-20 14:33:30,712.62,2026-08-20,715.0,0.78,0.79,0.78,78411,214,0.2413,0.2922,0.08015,-0.785,0.061
2026-08-20 14:33:30,712.62,2026-08-20,716.0,0.54,0.56,0.5,39357,290,0.2446,0.221,0.06834,-0.55,0.0527
2026-08-20 14:33:30,712.62,2026-08-20,717.0,0.36,0.37,0.36,43732,1003,0.2452,0.1598,0.05583,-0.365,0.0432
2026-08-20 14:33:30,712.62,2026-08-20,718.0,0.23,0.24,0.23,42431,1836,0.246,0.1114,0.04342,-0.235,0.0337
2026-08-20 14:33:30,712.62,2026-08-20,719.0,0.15,0.16,0.15,18286,945,0.2503,0.0776,0.03268,-0.155,0.0258
2026-08-20 14:33:30,712.62,2026-08-20,720.0,0.1,0.11,0.1,23949,2008,0.2567,0.0545,0.02422,-0.105,0.0196
2026-08-20 14:33:30,712.62,2026-08-20,721.0,0.07,0.08,0.07,14862,958,0.2659,0.0395,0.01806,-0.075,0.0152
2026-08-20 14:33:30,712.62,2026-08-20,722.0,0.05,0.06,0.05,5885,3838,0.276,0.0292,0.01355,-0.055,0.0118
2026-08-20 14:33:30,712.62,2026-08-20,723.0,0.01,0.02,0.03,5340,2009,0.2488,0.01,0.00605,-0.015,0.0047
2026-08-20 14:33:30,712.62,2026-08-20,724.0,0.04,0.05,0.02,6384,691,0.3139,0.0218,0.00934,-0.045,0.0093
2026-08-20 14:33:30,712.62,2026-08-20,725.0,0.01,0.02,0.03,5780,2386,0.2899,0.0087,0.0046,-0.015,0.0042
2026-08-20 14:33:30,712.62,2026-08-20,726.0,0.01,0.04,0.03,3692,659,0.331,0.0123,0.00543,-0.025,0.0057
2026-08-20 14:33:30,712.62,2026-08-20,727.0,0.03,0.04,0.01,5537,761,0.3686,0.0151,0.00582,-0.035,0.0068
2026-08-20 14:34:31,712.5,2026-08-20,698.0,12.81,15.66,18.16,7,2,,,,,
2026-08-20 14:34:31,712.5,2026-08-20,699.0,12.27,15.07,14.64,3,1,0.4564,0.9547,0.01177,-0.17,0.0169
2026-08-20 14:34:31,712.5,2026-08-20,700.0,11.58,14.07,12.79,111,37,0.5005,0.9236,0.01618,-0.325,0.0255
2026-08-20 14:34:31,712.5,2026-08-20,701.0,10.28,12.04,10.74,134,,,,,,
2026-08-20 14:34:31,712.5,2026-08-20,702.0,9.96,11.7,9.76,106,7,0.4401,0.9136,0.02018,-0.33,0.0279
2026-08-20 14:34:31,712.5,2026-08-20,703.0,8.85,10.79,9.89,34,52,0.4049,0.9099,0.02265,-0.32,0.0288
2026-08-20 14:34:31,712.5,2026-08-20,704.0,8.24,9.75,8.66,168,6,0.4247,0.8735,0.02756,-0.495,0.0368
2026-08-20 14:34:31,712.5,2026-08-20,705.0,7.51,8.13,7.63,986,63,0.3401,0.8958,0.03,-0.32,0.0321
2026-08-20 14:34:31,712.5,2026-08-20,706.0,6.61,6.79,6.67,1109,7,0.2677,0.9167,0.0323,-0.2,0.0272
2026-08-20 14:34:31,712.5,2026-08-20,707.0,5.82,6.08,5.7,1181,4,0.3057,0.8475,0.04348,-0.45,0.0418
2026-08-20 14:34:31,712.5,2026-08-20,708.0,4.99,5.03,5.36,1189,12,0.2813,0.8192,0.05275,-0.51,0.0466
2026-08-20 14:34:31,712.5,2026-08-20,709.0,4.24,4.3,4.34,2176,94,0.2901,0.7547,0.06115,-0.77,0.0558
2026-08-20 14:34:31,712.5,2026-08-20,710.0,3.41,3.42,3.47,7926,259,0.2684,0.7032,0.07271,-0.915,0.0613
2026-08-20 14:34:31,712.5,2026-08-20,711.0,2.69,2.71,2.69,11040,65,0.2607,0.6302,0.08169,-1.2,0.0669
2026-08-20 14:34:31,712.5,2026-08-20,712.0,2.02,2.08,2.02,35186,313,0.2515,0.5476,0.08882,-1.55,0.0702
2026-08-20 14:34:31,712.5,2026-08-20,713.0,1.58,1.59,1.58,54714,94,0.2566,0.4592,0.08724,-1.585,0.0704
2026-08-20 14:34:31,712.5,2026-08-20,714.0,1.1,1.11,1.1,65955,212,0.2467,0.3687,0.08624,-1.105,0.0669
2026-08-20 14:34:31,712.5,2026-08-20,715.0,0.71,0.73,0.71,79129,214,0.2366,0.2785,0.08003,-0.72,0.0595
2026-08-20 14:34:31,712.5,2026-08-20,716.0,0.52,0.53,0.5,39742,290,0.2452,0.2131,0.06687,-0.525,0.0515
2026-08-20 14:34:31,712.5,2026-08-20,717.0,0.33,0.34,0.32,44410,1003,0.2429,0.1505,0.05426,-0.335,0.0414
2026-08-20 14:34:31,712.5,2026-08-20,718.0,0.2,0.21,0.2,42593,1836,0.2411,0.1013,0.04144,-0.205,0.0314
2026-08-20 14:34:31,712.5,2026-08-20,719.0,0.1,0.15,0.13,18373,945,0.2419,0.0666,0.03014,-0.125,0.0229
2026-08-20 14:34:31,712.5,2026-08-20,720.0,0.05,0.1,0.09,24132,2008,0.2436,0.0427,0.02104,-0.075,0.0161
2026-08-20 14:34:31,712.5,2026-08-20,721.0,0.07,0.08,0.04,14877,958,0.2695,0.0391,0.01771,-0.075,0.015
2026-08-20 14:34:31,712.5,2026-08-20,722.0,0.05,0.06,0.05,5921,3838,0.2794,0.0289,0.01331,-0.055,0.0117
2026-08-20 14:34:31,712.5,2026-08-20,723.0,0.04,0.05,0.04,5347,2009,0.2939,0.0231,0.01051,-0.045,0.0097
2026-08-20 14:34:31,712.5,2026-08-20,724.0,0.04,0.05,0.02,6487,691,0.3172,0.0216,0.0092,-0.045,0.0092
2026-08-20 14:34:31,712.5,2026-08-20,725.0,0.03,0.04,0.03,5849,2386,0.3278,0.0168,0.00718,-0.035,0.0074
2026-08-20 14:34:31,712.5,2026-08-20,726.0,0.01,0.04,0.03,3692,659,0.3341,0.0122,0.00535,-0.025,0.0056
2026-08-20 14:34:31,712.5,2026-08-20,727.0,0.03,0.04,0.01,5537,761,0.3718,0.015,0.00575,-0.035,0.0067
2026-08-20 14:35:32,711.7,2026-08-20,697.0,14.08,16.73,15.64,1,14,0.7004,0.8868,0.0155,-0.705,0.0339
2026-08-20 14:35:32,711.7,2026-08-20,698.0,13.01,15.54,18.16,7,2,0.6271,0.8956,0.01633,-0.575,0.032
2026-08-20 14:35:32,711.7,2026-08-20,699.0,12.19,15.01,14.64,3,1,0.6824,0.8581,0.01861,-0.9,0.0397
2026-08-20 14:35:32,711.7,2026-08-20,700.0,11.51,13.6,12.79,111,37,0.6344,0.8557,0.02025,-0.855,0.0402
2026-08-20 14:35:32,711.7,2026-08-20,701.0,10.25,12.07,10.74,134,,0.491,0.8944,0.02104,-0.46,0.0323
2026-08-20 14:35:32,711.7,2026-08-20,702.0,9.76,11.63,9.76,107,7,0.5914,0.8272,0.02445,-0.995,0.0452
2026-08-20 14:35:32,711.7,2026-08-20,703.0,8.57,10.84,9.89,34,52,0.5541,0.8165,0.0271,-1.005,0.047
2026-08-20 14:35:32,711.7,2026-08-20,704.0,7.7,9.87,8.66,168,6,0.5301,0.798,0.03005,-1.085,0.0498
2026-08-20 14:35:32,711.7,2026-08-20,705.0,6.85,7.1,7,993,63,0.3005,0.8987,0.03334,-0.275,0.0313
2026-08-20 14:35:32,711.7,2026-08-20,706.0,6.04,6.24,6.15,1153,7,0.3115,0.8523,0.0419,-0.44,0.0408
2026-08-20 14:35:32,711.7,2026-08-20,707.0,5.35,5.39,5.33,1187,4,0.3232,0.7974,0.04936,-0.67,0.0499
2026-08-20 14:35:32,711.7,2026-08-20,708.0,4.47,4.48,4.39,1226,12,0.3007,0.7596,0.05852,-0.775,0.055
2026-08-20 14:35:32,711.7,2026-08-20,709.0,3.63,3.72,3.72,2227,94,0.2887,0.7044,0.06764,-0.975,0.0611
2026-08-20 14:35:32,711.7,2026-08-20,710.0,2.99,3.02,3.02,8177,259,0.2882,0.6335,0.07385,-1.305,0.0666
2026-08-20 14:35:32,711.7,2026-08-20,711.0,2.32,2.36,2.36,11917,65,0.2779,0.5595,0.08027,-1.64,0.0698
2026-08-20 14:35:32,711.7,2026-08-20,712.0,1.7,1.78,1.78,37185,313,0.2661,0.4775,0.08466,-1.74,0.0704
2026-08-20 14:35:32,711.7,2026-08-20,713.0,1.29,1.31,1.31,56422,94,0.265,0.3936,0.08209,-1.3,0.068
2026-08-20 14:35:32,711.7,2026-08-20,714.0,0.91,0.92,0.92,68487,212,0.2596,0.3111,0.07696,-0.915,0.0625
2026-08-20 14:35:32,711.7,2026-08-20,715.0,0.58,0.59,0.63,82510,214,0.2489,0.2295,0.0689,-0.585,0.0536
2026-08-20 14:35:32,711.7,2026-08-20,716.0,0.37,0.42,0.42,42516,290,0.2501,0.1681,0.05679,-0.395,0.0444
2026-08-20 14:35:32,711.7,2026-08-20,717.0,0.22,0.23,0.23,45653,1003,0.2415,0.1095,0.04389,-0.225,0.0331
2026-08-20 14:35:32,711.7,2026-08-20,718.0,0.17,0.18,0.18,43290,1836,0.2565,0.0845,0.03415,-0.175,0.0274
2026-08-20 14:35:32,711.7,2026-08-20,719.0,0.07,0.08,0.08,18574,945,0.239,0.0435,0.02183,-0.075,0.0163
2026-08-20 14:35:32,711.7,2026-08-20,720.0,0.08,0.09,0.09,24225,2008,0.2714,0.0434,0.0192,-0.085,0.0163
2026-08-20 14:35:32,711.7,2026-08-20,721.0,0.06,0.07,0.03,15044,958,0.2834,0.0331,0.01474,-0.065,0.0131
2026-08-20 14:35:32,711.7,2026-08-20,722.0,0.05,0.06,0.04,6037,3838,0.2996,0.0272,0.01185,-0.055,0.0111
2026-08-20 14:35:32,711.7,2026-08-20,723.0,0.01,0.05,0.02,5348,2009,0.2951,0.0161,0.00772,-0.03,0.0071
2026-08-20 14:35:32,711.7,2026-08-20,724.0,0.01,0.04,0.03,6530,691,0.3093,0.0131,0.00617,-0.025,0.006
2026-08-20 14:35:32,711.7,2026-08-20,725.0,0.03,0.04,0.03,5871,2386,0.3464,0.016,0.00654,-0.035,0.0071
2026-08-20 14:35:32,711.7,2026-08-20,726.0,0.01,0.02,0.03,3695,659,0.3301,0.0078,0.00367,-0.015,0.0038
2026-08-20 14:36:33,712.61,2026-08-20,698.0,12.95,15.49,18.16,7,2,,,,,
2026-08-20 14:36:33,712.61,2026-08-20,699.0,12.28,14.82,14.64,3,1,,,,,
2026-08-20 14:36:33,712.61,2026-08-20,700.0,10.74,13.92,12.79,111,37,,,,,
2026-08-20 14:36:33,712.61,2026-08-20,701.0,10.09,12.22,10.74,134,,,,,,
2026-08-20 14:36:33,712.61,2026-08-20,702.0,9.47,11.68,10.69,107,7,,,,,
2026-08-20 14:36:33,712.61,2026-08-20,703.0,8.67,10.64,9.89,34,52,0.2568,0.9838,0.00892,-0.045,0.0072
2026-08-20 14:36:33,712.61,2026-08-20,704.0,7.88,9.86,8.66,168,6,0.3565,0.9165,0.02436,-0.26,0.0271
2026-08-20 14:36:33,712.61,2026-08-20,705.0,7.1,7.86,7.69,996,63,,,,,
2026-08-20 14:36:33,712.61,2026-08-20,706.0,6.78,6.98,6.72,1194,7,0.296,0.8991,0.03376,-0.27,0.0312
2026-08-20 14:36:33,712.61,2026-08-20,707.0,5.98,6.07,6.07,1199,4,0.3021,0.8558,0.04251,-0.415,0.0401
2026-08-20 14:36:33,712.61,2026-08-20,708.0,5.03,5.14,4.81,1247,12,0.2788,0.8279,0.05176,-0.475,0.0451
2026-08-20 14:36:33,712.61,2026-08-20,709.0,4.19,4.21,4.08,2247,94,0.2623,0.7846,0.06308,-0.59,0.0517
2026-08-20 14:36:33,712.61,2026-08-20,710.0,3.45,3.54,3.46,8276,259,0.2696,0.7109,0.07172,-0.885,0.0604
2026-08-20 14:36:33,712.61,2026-08-20,711.0,2.79,2.83,2.83,12520,65,0.2675,0.6361,0.07939,-1.2,0.0664
2026-08-20 14:36:33,712.61,2026-08-20,712.0,2.16,2.18,2.18,38095,313,0.2608,0.5555,0.08569,-1.56,0.0698
2026-08-20 14:36:33,712.61,2026-08-20,713.0,1.57,1.63,1.63,57800,94,0.2522,0.4681,0.08918,-1.6,0.0703
2026-08-20 14:36:33,712.61,2026-08-20,714.0,1.16,1.18,1.18,70985,212,0.251,0.38,0.08581,-1.17,0.0673
2026-08-20 14:36:33,712.61,2026-08-20,715.0,0.8,0.82,0.82,85152,214,0.2471,0.295,0.079,-0.81,0.061
2026-08-20 14:36:33,712.61,2026-08-20,716.0,0.49,0.5,0.5,43122,290,0.2356,0.2105,0.06931,-0.495,0.051
2026-08-20 14:36:33,712.61,2026-08-20,717.0,0.3,0.31,0.31,46140,1003,0.2323,0.145,0.05549,-0.305,0.0403
2026-08-20 14:36:33,712.61,2026-08-20,718.0,0.17,0.18,0.18,43553,1836,0.2285,0.0931,0.04122,-0.175,0.0294
2026-08-20 14:36:33,712.61,2026-08-20,719.0,0.1,0.11,0.11,18776,945,0.2304,0.06,0.02926,-0.105,0.0211
2026-08-20 14:36:33,712.61,2026-08-20,720.0,0.05,0.1,0.1,24299,2008,0.2414,0.0431,0.02147,-0.075,0.0162
2026-08-20 14:36:33,712.61,2026-08-20,721.0,0.06,0.07,0.07,15066,958,0.2605,0.0356,0.01703,-0.065,0.0139
2026-08-20 14:36:33,712.61,2026-08-20,722.0,0.05,0.06,0.02,6040,3838,0.2776,0.0291,0.01353,-0.055,0.0117
2026-08-20 14:36:33,712.61,2026-08-20,723.0,0.01,0.02,0.02,5407,2009,0.2501,0.01,0.00604,-0.015,0.0047
2026-08-20 14:36:33,712.61,2026-08-20,724.0,0.01,0.02,0.03,6530,691,0.2709,0.0093,0.00524,-0.015,0.0044
2026-08-20 14:36:33,712.61,2026-08-20,725.0,0.03,0.04,0.01,5905,2386,0.3263,0.0169,0.00728,-0.035,0.0074
2026-08-20 14:36:33,712.61,2026-08-20,726.0,0.01,0.04,0.03,3696,659,0.3328,0.0123,0.00542,-0.025,0.0056
2026-08-20 14:36:33,712.61,2026-08-20,727.0,0.03,0.04,0.03,5578,761,0.3706,0.0151,0.00581,-0.035,0.0067
2026-08-20 14:37:35,712.87,2026-08-20,698.0,12.62,15.54,18.16,7,2,,,,,
2026-08-20 14:37:35,712.87,2026-08-20,699.0,11.84,14.64,14.64,3,1,,,,,
2026-08-20 14:37:35,712.87,2026-08-20,700.0,11.01,13.93,12.79,111,37,,,,,
2026-08-20 14:37:35,712.87,2026-08-20,701.0,10.22,12.35,10.74,134,,,,,,
2026-08-20 14:37:35,712.87,2026-08-20,702.0,9.56,11.87,10.69,107,7,,,,,
2026-08-20 14:37:35,712.87,2026-08-20,703.0,8.59,10.64,9.89,34,52,,,,,
2026-08-20 14:37:35,712.87,2026-08-20,704.0,8.189,9.42,8.66,168,6,,,,,
2026-08-20 14:37:35,712.87,2026-08-20,705.0,7.43,8.29,7.87,996,63,,,,,
2026-08-20 14:37:35,712.87,2026-08-20,706.0,7.08,7.1,6.72,1194,7,0.2878,0.914,0.03089,-0.22,0.0277
2026-08-20 14:37:35,712.87,2026-08-20,707.0,6.03,6.19,6.02,1201,4,0.2626,0.8995,0.03799,-0.24,0.0311
2026-08-20 14:37:35,712.87,2026-08-20,708.0,5.32,5.37,5.2,1255,12,0.2891,0.8326,0.04908,-0.475,0.0442
2026-08-20 14:37:35,712.87,2026-08-20,709.0,4.37,4.48,4.37,2258,94,0.2665,0.7973,0.05998,-0.555,0.0498
2026-08-20 14:37:35,712.87,2026-08-20,710.0,3.73,3.76,3.63,8394,259,0.2807,0.7216,0.06773,-0.875,0.0593
2026-08-20 14:37:35,712.87,2026-08-20,711.0,2.88,3,2.97,12618,65,0.2621,0.6598,0.07919,-1.07,0.0647
2026-08-20 14:37:35,712.87,2026-08-20,712.0,2.3,2.32,2.3,38669,313,0.2602,0.578,0.08518,-1.44,0.0691
2026-08-20 14:37:35,712.87,2026-08-20,713.0,1.68,1.76,1.68,58488,94,0.252,0.4913,0.08965,-1.72,0.0704
2026-08-20 14:37:35,712.87,2026-08-20,714.0,1.23,1.25,1.2,72515,212,0.2468,0.4006,0.08871,-1.24,0.0682
2026-08-20 14:37:35,712.87,2026-08-20,715.0,0.88,0.89,0.82,86135,214,0.2468,0.3153,0.08157,-0.885,0.0627
2026-08-20 14:37:35,712.87,2026-08-20,716.0,0.57,0.58,0.57,43910,290,0.2402,0.233,0.07212,-0.575,0.054
2026-08-20 14:37:35,712.87,2026-08-20,717.0,0.32,0.37,0.36,46633,1003,0.2328,0.16,0.0592,-0.345,0.043
2026-08-20 14:37:35,712.87,2026-08-20,718.0,0.24,0.25,0.24,44234,1836,0.2421,0.1174,0.04606,-0.245,0.0348
2026-08-20 14:37:35,712.87,2026-08-20,719.0,0.1,0.11,0.15,18888,945,0.2233,0.0617,0.03088,-0.105,0.0215
2026-08-20 14:37:35,712.87,2026-08-20,720.0,0.05,0.1,0.06,24329,2008,0.2348,0.0442,0.02254,-0.075,0.0165
2026-08-20 14:37:35,712.87,2026-08-20,721.0,0.06,0.07,0.03,15232,958,0.2543,0.0364,0.01779,-0.065,0.0141
2026-08-20 14:37:35,712.87,2026-08-20,722.0,0.05,0.06,0.05,6060,3838,0.2716,0.0297,0.01408,-0.055,0.0119
2026-08-20 14:37:35,712.87,2026-08-20,723.0,0.04,0.05,0.03,5419,2009,0.2865,0.0238,0.01107,-0.045,0.0099
2026-08-20 14:37:35,712.87,2026-08-20,724.0,0.01,0.04,0.03,6532,691,0.2843,0.0142,0.00718,-0.025,0.0064
2026-08-20 14:37:35,712.87,2026-08-20,725.0,0.01,0.02,0.03,5932,2386,0.2865,0.0089,0.00475,-0.015,0.0042
2026-08-20 14:37:35,712.87,2026-08-20,726.0,0.01,0.02,0.03,3707,659,0.3069,0.0083,0.0042,-0.015,0.004
2026-08-20 14:37:35,712.87,2026-08-20,727.0,0.03,0.04,0.01,5579,761,0.3653,0.0153,0.00598,-0.035,0.0068
2026-08-20 14:38:36,712.53,2026-08-20,698.0,13.3,15.94,18.16,7,2,0.4271,0.9749,0.00779,-0.09,0.0103
2026-08-20 14:38:36,712.53,2026-08-20,699.0,12.19,14.56,14.64,3,1,,,,,
2026-08-20 14:38:36,712.53,2026-08-20,700.0,11.19,13.75,12.79,113,37,,,,,
2026-08-20 14:38:36,712.53,2026-08-20,701.0,10.19,12.38,10.74,135,,,,,,
2026-08-20 14:38:36,712.53,2026-08-20,702.0,9.6,11.68,10.69,107,7,0.3407,0.962,0.01376,-0.11,0.0146
2026-08-20 14:38:36,712.53,2026-08-20,703.0,8.76,10.17,9.89,34,52,,,,,
2026-08-20 14:38:36,712.53,2026-08-20,704.0,8.05,9.48,9,170,6,0.3458,0.9216,0.02403,-0.235,0.0258
2026-08-20 14:38:36,712.53,2026-08-20,705.0,7.63,8.119,7.87,997,63,0.3509,0.891,0.03022,-0.3445,0.0329
2026-08-20 14:38:36,712.53,2026-08-20,706.0,6.67,6.81,6.72,1194,7,0.2741,0.914,0.03251,-0.21,0.0277
2026-08-20 14:38:36,712.53,2026-08-20,707.0,5.82,6.1,6.19,1207,4,0.3039,0.8517,0.0432,-0.43,0.0408
2026-08-20 14:38:36,712.53,2026-08-20,708.0,5.02,5.15,5.27,1257,12,0.2939,0.8119,0.05209,-0.555,0.0475
2026-08-20 14:38:36,712.53,2026-08-20,709.0,4.19,4.2,4.53,2342,94,0.2741,0.7704,0.06282,-0.665,0.0534
2026-08-20 14:38:36,712.53,2026-08-20,710.0,3.47,3.51,3.54,8545,259,0.279,0.6995,0.07079,-0.96,0.0613
2026-08-20 14:38:36,712.53,2026-08-20,711.0,2.73,2.79,2.76,12742,65,0.2685,0.6297,0.07983,-1.23,0.0665
2026-08-20 14:38:36,712.53,2026-08-20,712.0,2.12,2.16,2.16,39246,313,0.2637,0.5483,0.08524,-1.61,0.0698
2026-08-20 14:38:36,712.53,2026-08-20,713.0,1.55,1.61,1.61,60024,94,0.2555,0.4613,0.0882,-1.58,0.07
2026-08-20 14:38:36,712.53,2026-08-20,714.0,1.12,1.14,1.14,73551,212,0.2503,0.3724,0.08578,-1.13,0.0667
2026-08-20 14:38:36,712.53,2026-08-20,715.0,0.74,0.75,0.75,87281,214,0.2409,0.2832,0.07973,-0.745,0.0596
2026-08-20 14:38:36,712.53,2026-08-20,716.0,0.47,0.48,0.53,45274,290,0.2356,0.2043,0.0683,-0.475,0.05
2026-08-20 14:38:36,712.53,2026-08-20,717.0,0.33,0.34,0.34,49803,1003,0.2433,0.151,0.05463,-0.335,0.0413
2026-08-20 14:38:36,712.53,2026-08-20,718.0,0.17,0.22,0.22,45046,1836,0.2384,0.0986,0.04134,-0.195,0.0306
2026-08-20 14:38:36,712.53,2026-08-20,719.0,0.09,0.14,0.14,19393,945,0.2381,0.0632,0.02959,-0.115,0.0219
2026-08-20 14:38:36,712.53,2026-08-20,720.0,0.05,0.1,0.1,24592,2008,0.2443,0.0428,0.02115,-0.075,0.016
2026-08-20 14:38:36,712.53,2026-08-20,721.0,0.06,0.07,0.07,15646,958,0.2634,0.0354,0.0168,-0.065,0.0137
2026-08-20 14:38:36,712.53,2026-08-20,722.0,0.01,0.02,0.05,6118,3838,0.2316,0.0108,0.00697,-0.015,0.005
2026-08-20 14:38:36,712.53,2026-08-20,723.0,0.01,0.05,0.02,5429,2009,0.2775,0.0171,0.00865,-0.03,0.0075
2026-08-20 14:38:36,712.53,2026-08-20,724.0,0.01,0.04,0.03,6532,691,0.2924,0.0138,0.00686,-0.025,0.0062
2026-08-20 14:38:36,712.53,2026-08-20,725.0,0.01,0.02,0.03,5933,2386,0.2941,0.0087,0.00455,-0.015,0.0042
2026-08-20 14:38:36,712.53,2026-08-20,726.0,0.01,0.02,0.03,3708,659,0.3145,0.0082,0.00403,-0.015,0.0039
2026-08-20 14:38:36,712.53,2026-08-20,727.0,0.01,0.02,0.03,5584,761,0.3347,0.0077,0.00361,-0.015,0.0037
2026-08-20 14:39:37,713.7,2026-08-20,699.0,12.56,15.05,14.64,3,1,,,,,
2026-08-20 14:39:37,713.7,2026-08-20,700.0,11.98,13.72,13.2,113,37,,,,,
2026-08-20 14:39:37,713.7,2026-08-20,701.0,10.75,12.59,12.12,135,,,,,,
2026-08-20 14:39:37,713.7,2026-08-20,702.0,9.87,11.72,10.69,107,7,,,,,
2026-08-20 14:39:37,713.7,2026-08-20,703.0,8.69,10.96,10.44,35,52,,,,,
2026-08-20 14:39:37,713.7,2026-08-20,704.0,8.2,9.92,9,170,6,,,,,
2026-08-20 14:39:37,713.7,2026-08-20,705.0,8.13,8.87,8.58,999,63,,,,,
2026-08-20 14:39:37,713.7,2026-08-20,706.0,7.58,7.99,6.72,1194,7,0.2484,0.9621,0.01883,-0.085,0.0145
2026-08-20 14:39:37,713.7,2026-08-20,707.0,6.91,7.12,6.45,1319,4,0.314,0.8895,0.03409,-0.315,0.0332
2026-08-20 14:39:37,713.7,2026-08-20,708.0,5.92,6.01,5.92,1278,12,0.2653,0.8909,0.03998,-0.265,0.0329
2026-08-20 14:39:37,713.7,2026-08-20,709.0,5.11,5.19,5.13,2373,94,0.2775,0.8343,0.05089,-0.45,0.0439
2026-08-20 14:39:37,713.7,2026-08-20,710.0,4.32,4.36,4.36,8756,259,0.2766,0.7789,0.06093,-0.64,0.0523
2026-08-20 14:39:37,713.7,2026-08-20,711.0,3.56,3.59,3.56,13170,65,0.2732,0.7154,0.07048,-0.875,0.0598
2026-08-20 14:39:37,713.7,2026-08-20,712.0,2.81,2.89,2.81,39912,313,0.2658,0.6446,0.07953,-1.15,0.0656
2026-08-20 14:39:37,713.7,2026-08-20,713.0,2.18,2.19,2.18,61386,94,0.2566,0.5644,0.08708,-1.485,0.0694
2026-08-20 14:39:37,713.7,2026-08-20,714.0,1.61,1.63,1.61,75017,212,0.2499,0.4758,0.09043,-1.62,0.0702
2026-08-20 14:39:37,713.7,2026-08-20,715.0,1.11,1.16,1.11,89171,214,0.2415,0.3829,0.08968,-1.135,0.0672
2026-08-20 14:39:37,713.7,2026-08-20,716.0,0.74,0.79,0.74,46428,290,0.2361,0.2931,0.08267,-0.765,0.0606
2026-08-20 14:39:37,713.7,2026-08-20,717.0,0.51,0.52,0.51,51577,1003,0.2365,0.2169,0.07048,-0.515,0.0518
2026-08-20 14:39:37,713.7,2026-08-20,718.0,0.28,0.29,0.32,45574,1836,0.2248,0.1413,0.05653,-0.285,0.0395
2026-08-20 14:39:37,713.7,2026-08-20,719.0,0.2,0.21,0.16,19497,945,0.2362,0.1036,0.04326,-0.205,0.0317
2026-08-20 14:39:37,713.7,2026-08-20,720.0,0.09,0.1,0.09,25071,2008,0.2237,0.0566,0.02888,-0.095,0.0201
2026-08-20 14:39:37,713.7,2026-08-20,721.0,0.08,0.09,0.05,15751,958,0.2458,0.0475,0.02285,-0.085,0.0174
2026-08-20 14:39:37,713.7,2026-08-20,722.0,0.06,0.07,0.06,6200,3838,0.2591,0.0359,0.01729,-0.065,0.0139
2026-08-20 14:39:37,713.7,2026-08-20,723.0,0.01,0.05,0.04,5431,2009,0.251,0.0187,0.01033,-0.03,0.008
2026-08-20 14:39:37,713.7,2026-08-20,724.0,0.03,0.04,0.03,6534,691,0.28,0.0194,0.00958,-0.035,0.0083
2026-08-20 14:39:37,713.7,2026-08-20,725.0,0.03,0.04,0.02,5988,2386,0.3028,0.0181,0.00835,-0.035,0.0078
2026-08-20 14:39:37,713.7,2026-08-20,726.0,0.01,0.04,0.03,3709,659,0.3104,0.0131,0.00617,-0.025,0.0059
2026-08-20 14:39:37,713.7,2026-08-20,727.0,0.03,0.04,0.03,5584,761,0.3477,0.016,0.00654,-0.035,0.0071
2026-08-20 14:39:37,713.7,2026-08-20,728.0,0,0.03,0.01,1845,1221,0.3161,0.0056,0.00288,-0.01,0.0028
2026-08-20 14:40:38,713.51,2026-08-20,699.0,12.81,14.63,14.64,3,1,,,,,
2026-08-20 14:40:38,713.51,2026-08-20,700.0,11.68,13.99,13.2,113,37,,,,,
2026-08-20 14:40:38,713.51,2026-08-20,701.0,10.67,12.83,12.12,135,,,,,,
2026-08-20 14:40:38,713.51,2026-08-20,702.0,9.87,11.89,11.2,112,7,,,,,
2026-08-20 14:40:38,713.51,2026-08-20,703.0,8.95,11.13,10.44,35,52,,,,,
2026-08-20 14:40:38,713.51,2026-08-20,704.0,8.43,10.04,9,170,6,,,,,
2026-08-20 14:40:38,713.51,2026-08-20,705.0,8.119,8.83,8.58,999,63,,,,,
2026-08-20 14:40:38,713.51,2026-08-20,706.0,7.37,7.96,6.72,1194,7,0.2821,0.9368,0.02499,-0.155,0.0218
2026-08-20 14:40:38,713.51,2026-08-20,707.0,6.61,6.63,6.6,1345,4,0.2313,0.9468,0.02662,-0.11,0.0191
2026-08-20 14:40:38,713.51,2026-08-20,708.0,5.61,5.89,5.65,1288,12,0.2518,0.8955,0.04091,-0.24,0.0319
2026-08-20 14:40:38,713.51,2026-08-20,709.0,4.87,4.92,4.83,2387,94,0.2557,0.8445,0.05309,-0.385,0.042
2026-08-20 14:40:38,713.51,2026-08-20,710.0,4.059,4.11,4.03,8826,259,0.2564,0.7845,0.06487,-0.5745,0.0515
2026-08-20 14:40:38,713.51,2026-08-20,711.0,3.28,3.32,3.28,13228,65,0.2503,0.7185,0.07666,-0.79,0.0594
2026-08-20 14:40:38,713.51,2026-08-20,712.0,2.57,2.62,2.57,40392,313,0.246,0.6394,0.08653,-1.085,0.0658
2026-08-20 14:40:38,713.51,2026-08-20,713.0,1.96,1.99,1.96,62362,94,0.242,0.5506,0.09296,-1.465,0.0696
2026-08-20 14:40:38,713.51,2026-08-20,714.0,1.44,1.46,1.39,75971,212,0.2387,0.4565,0.09448,-1.45,0.0697
2026-08-20 14:40:38,713.51,2026-08-20,715.0,0.96,1.02,1.01,91132,214,0.2307,0.3597,0.09217,-0.99,0.0658
2026-08-20 14:40:38,713.51,2026-08-20,716.0,0.64,0.65,0.67,47099,290,0.2253,0.2676,0.08309,-0.645,0.0579
2026-08-20 14:40:38,713.51,2026-08-20,717.0,0.4,0.45,0.43,52090,1003,0.2267,0.1933,0.06879,-0.425,0.0482
2026-08-20 14:40:38,713.51,2026-08-20,718.0,0.24,0.29,0.28,46985,1836,0.2267,0.1324,0.05373,-0.265,0.0377
2026-08-20 14:40:38,713.51,2026-08-20,719.0,0.17,0.18,0.19,19619,945,0.2328,0.092,0.04032,-0.175,0.029
2026-08-20 14:40:38,713.51,2026-08-20,720.0,0.12,0.13,0.12,25212,2008,0.2436,0.0667,0.0302,-0.125,0.0227
2026-08-20 14:40:38,713.51,2026-08-20,721.0,0.07,0.08,0.05,15757,958,0.2453,0.0427,0.02107,-0.075,0.016
2026-08-20 14:40:38,713.51,2026-08-20,722.0,0.05,0.06,0.05,6209,3838,0.2568,0.0313,0.01562,-0.055,0.0124
2026-08-20 14:40:38,713.51,2026-08-20,723.0,0.04,0.05,0.02,5432,2009,0.2723,0.0249,0.01218,-0.045,0.0103
2026-08-20 14:40:38,713.51,2026-08-20,724.0,0.01,0.04,0.02,6537,691,0.2714,0.0148,0.00786,-0.025,0.0066
2026-08-20 14:40:38,713.51,2026-08-20,725.0,0.01,0.04,0.03,5993,2386,0.2933,0.0138,0.00684,-0.025,0.0062
2026-08-20 14:40:38,713.51,2026-08-20,726.0,0.03,0.04,0.03,3709,659,0.3302,0.0168,0.00719,-0.035,0.0073
2026-08-20 14:40:38,713.51,2026-08-20,727.0,0.03,0.04,0.03,5584,761,0.3526,0.0159,0.00641,-0.035,0.007
2026-08-20 14:40:38,713.51,2026-08-20,728.0,0,0.01,0.01,1845,1221,0.3204,0.0056,0.00282,-0.01,0.0028
2026-08-20 14:41:39,713.47,2026-08-20,699.0,12.68,14.69,14.64,3,1,,,,,
2026-08-20 14:41:39,713.47,2026-08-20,700.0,11.65,14.15,13.2,113,37,,,,,
2026-08-20 14:41:39,713.47,2026-08-20,701.0,12.15,13.02,12.12,135,,0.3969,0.965,0.01107,-0.115,0.0136
2026-08-20 14:41:39,713.47,2026-08-20,702.0,9.93,11.8,11.09,112,7,,,,,
2026-08-20 14:41:39,713.47,2026-08-20,703.0,8.87,10.95,10.44,35,52,,,,,
2026-08-20 14:41:39,713.47,2026-08-20,704.0,8.48,9.69,9,170,6,,,,,
2026-08-20 14:41:39,713.47,2026-08-20,705.0,8,8.78,8.58,999,63,,,,,
2026-08-20 14:41:39,713.47,2026-08-20,706.0,7.53,7.85,6.72,1194,7,0.3083,0.9184,0.02788,-0.22,0.0265
2026-08-20 14:41:39,713.47,2026-08-20,707.0,6.51,6.88,6.71,1356,4,0.2785,0.9093,0.03341,-0.225,0.0287
2026-08-20 14:41:39,713.47,2026-08-20,708.0,5.64,5.83,5.62,1304,12,0.2585,0.8882,0.04191,-0.265,0.0334
2026-08-20 14:41:39,713.47,2026-08-20,709.0,4.81,5.02,4.93,2390,94,0.2686,0.831,0.05346,-0.445,0.0443
2026-08-20 14:41:39,713.47,2026-08-20,710.0,4,4.03,4.07,8907,259,0.2494,0.7886,0.06606,-0.545,0.0508
2026-08-20 14:41:39,713.47,2026-08-20,711.0,3.32,3.35,3.32,13306,65,0.2614,0.7076,0.07488,-0.865,0.0603
2026-08-20 14:41:39,713.47,2026-08-20,712.0,2.67,2.68,2.67,40658,313,0.2623,0.6281,0.08212,-1.205,0.0664
2026-08-20 14:41:39,713.47,2026-08-20,713.0,2,2.02,2,63417,94,0.2506,0.5454,0.09007,-1.54,0.0696
2026-08-20 14:41:39,713.47,2026-08-20,714.0,1.47,1.48,1.44,77318,212,0.2453,0.4539,0.09202,-1.475,0.0696
2026-08-20 14:41:39,713.47,2026-08-20,715.0,1.01,1.02,1.01,92557,214,0.2371,0.3595,0.08983,-1.015,0.0657
2026-08-20 14:41:39,713.47,2026-08-20,716.0,0.71,0.72,0.71,47627,290,0.2395,0.2765,0.07956,-0.715,0.0587
2026-08-20 14:41:39,713.47,2026-08-20,717.0,0.46,0.47,0.45,52615,1003,0.2369,0.2007,0.06745,-0.465,0.0493
2026-08-20 14:41:39,713.47,2026-08-20,718.0,0.28,0.29,0.28,47424,1836,0.2338,0.1373,0.0535,-0.285,0.0386
2026-08-20 14:41:39,713.47,2026-08-20,719.0,0.18,0.19,0.18,19693,945,0.2378,0.0948,0.04041,-0.185,0.0296
2026-08-20 14:41:39,713.47,2026-08-20,720.0,0.11,0.12,0.11,25306,2008,0.2406,0.0629,0.02924,-0.115,0.0217
2026-08-20 14:41:39,713.47,2026-08-20,721.0,0.04,0.09,0.08,15785,958,0.2402,0.0385,0.0198,-0.065,0.0147
2026-08-20 14:41:39,713.47,2026-08-20,722.0,0.06,0.07,0.06,6263,3838,0.2659,0.0352,0.01664,-0.065,0.0136
2026-08-20 14:41:39,713.47,2026-08-20,723.0,0.01,0.05,0.02,5603,2009,0.2571,0.0183,0.00996,-0.03,0.0079
2026-08-20 14:41:39,713.47,2026-08-20,724.0,0.03,0.04,0.03,6588,691,0.2863,0.0191,0.00927,-0.035,0.0082
2026-08-20 14:41:39,713.47,2026-08-20,725.0,0.03,0.04,0.02,6043,2386,0.3091,0.0179,0.0081,-0.035,0.0077
2026-08-20 14:41:39,713.47,2026-08-20,726.0,0.01,0.02,0.03,3709,659,0.2963,0.0087,0.00452,-0.015,0.0041
2026-08-20 14:41:39,713.47,2026-08-20,727.0,0.03,0.04,0.03,5585,761,0.354,0.0158,0.00638,-0.035,0.007
2026-08-20 14:41:39,713.47,2026-08-20,728.0,0,0.01,0.01,1846,1221,0.3217,0.0056,0.00281,-0.01,0.0028
2026-08-20 14:42:42,713.39,2026-08-20,699.0,12.63,15.82,14.64,3,1,,,,,
2026-08-20 14:42:42,713.39,2026-08-20,700.0,11.63,14.92,13.2,113,37,,,,,
2026-08-20 14:42:42,713.39,2026-08-20,701.0,10.85,13.76,12.12,135,,,,,,
2026-08-20 14:42:42,713.39,2026-08-20,702.0,11.03,12.73,11.09,112,7,0.5281,0.8942,0.01976,-0.49,0.0321
2026-08-20 14:42:42,713.39,2026-08-20,703.0,8.9,11.03,10.44,35,52,,,,,
2026-08-20 14:42:42,713.39,2026-08-20,704.0,8.41,10.04,9,170,6,,,,,
2026-08-20 14:42:42,713.39,2026-08-20,705.0,8.26,8.81,8.58,1010,63,0.3039,0.9442,0.02111,-0.145,0.0197
2026-08-20 14:42:42,713.39,2026-08-20,706.0,7.28,7.83,6.72,1194,7,0.2841,0.9331,0.02605,-0.165,0.0227
2026-08-20 14:42:42,713.39,2026-08-20,707.0,6.67,6.99,6.47,1365,4,0.3396,0.8612,0.03718,-0.44,0.0388
2026-08-20 14:42:42,713.39,2026-08-20,708.0,5.97,6.08,5.8,1329,12,0.347,0.8151,0.04387,-0.635,0.0468
2026-08-20 14:42:42,713.39,2026-08-20,709.0,5.03,5.07,5.06,2418,94,0.3112,0.7923,0.05249,-0.66,0.0502
2026-08-20 14:42:42,713.39,2026-08-20,710.0,4.2,4.3,4.01,8981,259,0.3046,0.7401,0.06074,-0.86,0.0568
2026-08-20 14:42:42,713.39,2026-08-20,711.0,3.42,3.51,3.42,13649,65,0.292,0.6826,0.06963,-1.075,0.0625
2026-08-20 14:42:42,713.39,2026-08-20,712.0,2.73,2.75,2.69,41232,313,0.2799,0.6144,0.07794,-1.35,0.067
2026-08-20 14:42:42,713.39,2026-08-20,713.0,2.06,2.12,2.06,64707,94,0.2687,0.5359,0.08435,-1.7,0.0696
2026-08-20 14:42:42,713.39,2026-08-20,714.0,1.55,1.58,1.55,78681,212,0.2638,0.4504,0.0856,-1.565,0.0694
2026-08-20 14:42:42,713.39,2026-08-20,715.0,1.1,1.11,1.1,93759,214,0.2556,0.3625,0.08371,-1.105,0.0657
2026-08-20 14:42:42,713.39,2026-08-20,716.0,0.7,0.75,0.7,48155,290,0.2454,0.2748,0.07755,-0.725,0.0585
2026-08-20 14:42:42,713.39,2026-08-20,717.0,0.44,0.45,0.48,52994,1003,0.2364,0.1944,0.06642,-0.445,0.0482
2026-08-20 14:42:42,713.39,2026-08-20,718.0,0.3,0.31,0.26,48027,1836,0.2422,0.1411,0.05272,-0.305,0.0392
2026-08-20 14:42:42,713.39,2026-08-20,719.0,0.15,0.2,0.18,20206,945,0.2374,0.0908,0.03929,-0.175,0.0287
2026-08-20 14:42:42,713.39,2026-08-20,720.0,0.08,0.13,0.12,25663,2008,0.2386,0.0587,0.02799,-0.105,0.0205
2026-08-20 14:42:42,713.39,2026-08-20,721.0,0.04,0.09,0.08,16239,958,0.2427,0.0382,0.01951,-0.065,0.0145
2026-08-20 14:42:42,713.39,2026-08-20,722.0,0.05,0.06,0.05,6284,3838,0.2606,0.031,0.01531,-0.055,0.0123
2026-08-20 14:42:42,713.39,2026-08-20,723.0,0.04,0.05,0.04,5624,2009,0.2761,0.0247,0.01196,-0.045,0.0101
2026-08-20 14:42:42,713.39,2026-08-20,724.0,0.03,0.04,0.03,6590,691,0.2886,0.019,0.00917,-0.035,0.0081
2026-08-20 14:42:42,713.39,2026-08-20,725.0,0.03,0.04,0.03,6109,2386,0.3115,0.0178,0.00802,-0.035,0.0077
2026-08-20 14:42:42,713.39,2026-08-20,726.0,0.03,0.04,0.03,3709,659,0.3341,0.0167,0.00709,-0.035,0.0073
2026-08-20 14:42:42,713.39,2026-08-20,727.0,0.03,0.04,0.03,5589,761,0.3564,0.0158,0.00632,-0.035,0.0069
2026-08-20 14:42:42,713.39,2026-08-20,728.0,0,0.01,0.01,1847,1221,0.3238,0.0055,0.00279,-0.01,0.0028
2026-08-20 14:43:43,713.84,2026-08-20,699.0,13.23,15.9,14.64,3,1,,,,,
2026-08-20 14:43:43,713.84,2026-08-20,700.0,12.04,14.41,13.2,113,37,,,,,
2026-08-20 14:43:43,713.84,2026-08-20,701.0,11.13,13.55,12.12,135,,,,,,
2026-08-20 14:43:43,713.84,2026-08-20,702.0,11.22,12.48,11.09,112,7,,,,,
2026-08-20 14:43:43,713.84,2026-08-20,703.0,9.2,11.1,10.44,35,52,,,,,
2026-08-20 14:43:43,713.84,2026-08-20,704.0,8.7,10.11,9,170,6,,,,,
2026-08-20 14:43:43,713.84,2026-08-20,705.0,8.51,8.98,8.49,1011,63,,,,,
2026-08-20 14:43:43,713.84,2026-08-20,706.0,7.87,8.13,7.86,1196,7,0.2976,0.9356,0.02416,-0.165,0.022
2026-08-20 14:43:43,713.84,2026-08-20,707.0,7.05,7.26,6.78,1373,4,0.3221,0.8897,0.03341,-0.32,0.033
2026-08-20 14:43:43,713.84,2026-08-20,708.0,6.14,6.28,6.08,1337,12,0.3029,0.8669,0.04054,-0.375,0.0377
2026-08-20 14:43:43,713.84,2026-08-20,709.0,5.2,5.28,5.14,2458,94,0.2739,0.8458,0.04951,-0.405,0.0416
2026-08-20 14:43:43,713.84,2026-08-20,710.0,4.29,4.33,4.29,9071,259,0.2509,0.8113,0.06152,-0.475,0.0473
2026-08-20 14:43:43,713.84,2026-08-20,711.0,3.52,3.56,3.48,13763,65,0.252,0.7425,0.07314,-0.705,0.0565
2026-08-20 14:43:43,713.84,2026-08-20,712.0,2.82,2.84,2.83,41958,313,0.2507,0.6649,0.08299,-0.995,0.0638
2026-08-20 14:43:43,713.84,2026-08-20,713.0,2.16,2.19,2.16,65680,94,0.2456,0.5799,0.0909,-1.34,0.0685
2026-08-20 14:43:43,713.84,2026-08-20,714.0,1.59,1.61,1.59,79863,212,0.2394,0.4872,0.09514,-1.6,0.0698
2026-08-20 14:43:43,713.84,2026-08-20,715.0,1.09,1.1,1.09,94571,214,0.2294,0.3888,0.09545,-1.095,0.0671
2026-08-20 14:43:43,713.84,2026-08-20,716.0,0.76,0.77,0.76,49096,290,0.2311,0.2991,0.08582,-0.765,0.0608
2026-08-20 14:43:43,713.84,2026-08-20,717.0,0.46,0.47,0.48,53366,1003,0.2226,0.211,0.07416,-0.465,0.0506
2026-08-20 14:43:43,713.84,2026-08-20,718.0,0.28,0.33,0.29,48267,1836,0.2264,0.1491,0.05859,-0.305,0.0407
2026-08-20 14:43:43,713.84,2026-08-20,719.0,0.16,0.17,0.2,20302,945,0.2201,0.0921,0.04287,-0.165,0.0289
2026-08-20 14:43:43,713.84,2026-08-20,720.0,0.09,0.1,0.13,25688,2008,0.2213,0.0575,0.02971,-0.095,0.0202
2026-08-20 14:43:43,713.84,2026-08-20,721.0,0.04,0.09,0.08,16293,958,0.2314,0.0399,0.02121,-0.065,0.015
2026-08-20 14:43:43,713.84,2026-08-20,722.0,0.02,0.07,0.03,6295,3838,0.2414,0.0278,0.01513,-0.045,0.0112
2026-08-20 14:43:43,713.84,2026-08-20,723.0,0.01,0.02,0.04,5649,2009,0.2265,0.0111,0.00733,-0.015,0.0051
2026-08-20 14:43:43,713.84,2026-08-20,724.0,0.04,0.05,0.03,6591,691,0.2897,0.0237,0.01102,-0.045,0.0098
2026-08-20 14:43:43,713.84,2026-08-20,725.0,0.01,0.04,0.01,6127,2386,0.2875,0.0141,0.00715,-0.025,0.0063
2026-08-20 14:43:43,713.84,2026-08-20,726.0,0.03,0.04,0.03,3714,659,0.3244,0.0171,0.00748,-0.035,0.0074
2026-08-20 14:43:43,713.84,2026-08-20,727.0,0.03,0.04,0.03,5589,761,0.3468,0.0162,0.00665,-0.035,0.0071
2026-08-20 14:43:43,713.84,2026-08-20,728.0,0,0.01,0.01,1848,1221,0.3155,0.0057,0.00293,-0.01,0.0028
2026-08-20 14:44:44,713.88,2026-08-20,699.0,13.15,15.36,14.64,3,1,,,,,
2026-08-20 14:44:44,713.88,2026-08-20,700.0,11.78,14.75,13.2,113,37,,,,,
2026-08-20 14:44:44,713.88,2026-08-20,701.0,10.9,13.3,12.12,135,,,,,,
2026-08-20 14:44:44,713.88,2026-08-20,702.0,11.19,11.88,11.09,112,7,,,,,
2026-08-20 14:44:44,713.88,2026-08-20,703.0,9.81,11.35,10.44,35,52,,,,,
2026-08-20 14:44:44,713.88,2026-08-20,704.0,8.65,10.26,9,170,6,,,,,
2026-08-20 14:44:44,713.88,2026-08-20,705.0,8.47,9.16,8.63,1022,63,,,,,
2026-08-20 14:44:44,713.88,2026-08-20,706.0,7.74,8.31,7.8,1198,7,0.2923,0.9402,0.02324,-0.15,0.0208
2026-08-20 14:44:44,713.88,2026-08-20,707.0,6.85,7.19,6.85,1380,4,0.2606,0.9362,0.02743,-0.145,0.0218
2026-08-20 14:44:44,713.88,2026-08-20,708.0,5.98,6.09,5.99,1348,12,0.2368,0.9239,0.03455,-0.16,0.025
2026-08-20 14:44:44,713.88,2026-08-20,709.0,5,5.22,5.09,2486,94,0.2304,0.8891,0.04696,-0.235,0.0331
2026-08-20 14:44:44,713.88,2026-08-20,710.0,4.21,4.27,4.31,9319,259,0.2285,0.8364,0.06178,-0.365,0.0432
2026-08-20 14:44:44,713.88,2026-08-20,711.0,3.46,3.56,3.5,14006,65,0.2417,0.7546,0.07446,-0.635,0.055
2026-08-20 14:44:44,713.88,2026-08-20,712.0,2.76,2.77,2.76,42598,313,0.2366,0.6777,0.08671,-0.89,0.0627
2026-08-20 14:44:44,713.88,2026-08-20,713.0,2.05,2.08,2.05,66502,94,0.2264,0.5904,0.09818,-1.19,0.0679
2026-08-20 14:44:44,713.88,2026-08-20,714.0,1.52,1.53,1.49,80301,212,0.2262,0.4904,0.10085,-1.525,0.0697
2026-08-20 14:44:44,713.88,2026-08-20,715.0,1.09,1.11,1.09,95250,214,0.2281,0.3919,0.09632,-1.1,0.0672
2026-08-20 14:44:44,713.88,2026-08-20,716.0,0.7,0.71,0.73,49647,290,0.2196,0.2928,0.08957,-0.705,0.0601
2026-08-20 14:44:44,713.88,2026-08-20,717.0,0.48,0.49,0.48,53767,1003,0.2252,0.2164,0.07448,-0.485,0.0513
2026-08-20 14:44:44,713.88,2026-08-20,718.0,0.3,0.31,0.3,48496,1836,0.2253,0.1499,0.05917,-0.305,0.0407
2026-08-20 14:44:44,713.88,2026-08-20,719.0,0.15,0.16,0.19,21128,945,0.2157,0.089,0.04272,-0.155,0.0282
2026-08-20 14:44:44,713.88,2026-08-20,720.0,0.13,0.14,0.09,25917,2008,0.2385,0.0728,0.03319,-0.135,0.0242
2026-08-20 14:44:44,713.88,2026-08-20,721.0,0.08,0.09,0.06,16298,958,0.2429,0.0483,0.02361,-0.085,0.0175
2026-08-20 14:44:44,713.88,2026-08-20,722.0,0.06,0.07,0.03,6360,3838,0.2566,0.0365,0.01781,-0.065,0.014
2026-08-20 14:44:44,713.88,2026-08-20,723.0,0.04,0.05,0.04,5649,2009,0.2651,0.0257,0.01289,-0.045,0.0104
2026-08-20 14:44:44,713.88,2026-08-20,724.0,0.01,0.05,0.04,6630,691,0.2719,0.0175,0.0091,-0.03,0.0076
2026-08-20 14:44:44,713.88,2026-08-20,725.0,0.03,0.04,0.01,6175,2386,0.3012,0.0183,0.00854,-0.035,0.0079
2026-08-20 14:44:44,713.88,2026-08-20,726.0,0.01,0.04,0.03,3723,659,0.309,0.0133,0.00631,-0.025,0.006
2026-08-20 14:44:44,713.88,2026-08-20,727.0,0.01,0.02,0.03,5590,761,0.3099,0.0083,0.0042,-0.015,0.004
2026-08-20 14:44:44,713.88,2026-08-20,728.0,0,0.03,0.01,1854,1221,0.3152,0.0057,0.00294,-0.01,0.0028
2026-08-20 14:45:45,713.85,2026-08-20,699.0,13.33,15.68,14.64,3,1,,,,,
2026-08-20 14:45:45,713.85,2026-08-20,700.0,12.16,14.45,13.2,113,37,,,,,
2026-08-20 14:45:45,713.85,2026-08-20,701.0,10.92,12.91,12.12,165,,,,,,
2026-08-20 14:45:45,713.85,2026-08-20,702.0,10.98,12.24,11.09,112,7,,,,,
2026-08-20 14:45:45,713.85,2026-08-20,703.0,9.46,11.35,10.44,35,52,,,,,
2026-08-20 14:45:45,713.85,2026-08-20,704.0,8.59,10.13,9,170,6,,,,,
2026-08-20 14:45:45,713.85,2026-08-20,705.0,8.62,9.31,8.77,1038,63,0.3016,0.9553,0.01791,-0.115,0.0165
2026-08-20 14:45:45,713.85,2026-08-20,706.0,7.74,8.38,7.68,1209,7,0.3182,0.9234,0.0259,-0.21,0.0251
2026-08-20 14:45:45,713.85,2026-08-20,707.0,6.99,7.21,6.83,1397,4,0.3012,0.906,0.0319,-0.25,0.0293
2026-08-20 14:45:45,713.85,2026-08-20,708.0,6.05,6.24,6.05,1370,12,0.282,0.885,0.03943,-0.295,0.0339
2026-08-20 14:45:45,713.85,2026-08-20,709.0,5.15,5.16,5.03,2507,94,0.2499,0.8693,0.04869,-0.305,0.0371
2026-08-20 14:45:45,713.85,2026-08-20,710.0,4.4,4.42,4.29,9519,259,0.2699,0.7958,0.06018,-0.56,0.0495
2026-08-20 14:45:45,713.85,2026-08-20,711.0,3.5,3.54,3.55,14167,65,0.2473,0.7482,0.0739,-0.67,0.0557
2026-08-20 14:45:45,713.85,2026-08-20,712.0,2.79,2.81,2.79,43297,313,0.2453,0.67,0.0846,-0.95,0.0632
2026-08-20 14:45:45,713.85,2026-08-20,713.0,2.1,2.16,2.1,67388,94,0.2385,0.5838,0.09371,-1.28,0.0681
2026-08-20 14:45:45,713.85,2026-08-20,714.0,1.53,1.58,1.53,81395,212,0.2326,0.4882,0.09821,-1.555,0.0696
2026-08-20 14:45:45,713.85,2026-08-20,715.0,1.07,1.12,1.04,95966,214,0.2292,0.3898,0.09588,-1.095,0.067
2026-08-20 14:45:45,713.85,2026-08-20,716.0,0.7,0.71,0.7,50063,290,0.2211,0.2916,0.08891,-0.705,0.0599
2026-08-20 14:45:45,713.85,2026-08-20,717.0,0.48,0.49,0.47,54181,1003,0.2266,0.2156,0.07399,-0.485,0.0511
2026-08-20 14:45:45,713.85,2026-08-20,718.0,0.26,0.31,0.28,48850,1836,0.2216,0.144,0.05866,-0.285,0.0396
2026-08-20 14:45:45,713.85,2026-08-20,719.0,0.15,0.16,0.15,21204,945,0.2168,0.0888,0.04247,-0.155,0.0281
2026-08-20 14:45:45,713.85,2026-08-20,720.0,0.12,0.13,0.12,25987,2008,0.2355,0.0691,0.03234,-0.125,0.0232
2026-08-20 14:45:45,713.85,2026-08-20,721.0,0.04,0.09,0.05,16513,958,0.2317,0.0399,0.02127,-0.065,0.015
2026-08-20 14:45:45,713.85,2026-08-20,722.0,0.06,0.07,0.03,6363,3838,0.2577,0.0364,0.01773,-0.065,0.0139
2026-08-20 14:45:45,713.85,2026-08-20,723.0,0.01,0.02,0.03,5684,2009,0.2269,0.0111,0.00735,-0.015,0.0051
2026-08-20 14:45:45,713.85,2026-08-20,724.0,0.01,0.05,0.04,6630,691,0.2729,0.0175,0.00906,-0.03,0.0075
2026-08-20 14:45:45,713.85,2026-08-20,725.0,0.01,0.02,0.01,6209,2386,0.2694,0.0095,0.00541,-0.015,0.0044
2026-08-20 14:45:45,713.85,2026-08-20,726.0,0.03,0.04,0.03,3725,659,0.3251,0.0172,0.00749,-0.035,0.0074
2026-08-20 14:45:45,713.85,2026-08-20,727.0,0.03,0.04,0.03,5590,761,0.3476,0.0162,0.00666,-0.035,0.007
2026-08-20 14:45:45,713.85,2026-08-20,728.0,0,0.03,0.02,1863,1221,0.3434,0.0099,0.0044,-0.02,0.0046
2026-08-20 14:46:47,713.65,2026-08-20,699.0,13.1,15.34,14.64,3,1,,,,,
2026-08-20 14:46:47,713.65,2026-08-20,700.0,12.07,14.71,13.2,113,37,,,,,
2026-08-20 14:46:47,713.65,2026-08-20,701.0,11,13.1,11.5,165,,,,,,
2026-08-20 14:46:47,713.65,2026-08-20,702.0,11.25,12.24,11.09,112,7,0.3632,0.9688,0.0111,-0.095,0.0122
2026-08-20 14:46:47,713.65,2026-08-20,703.0,9.52,11.32,10.44,35,52,,,,,
2026-08-20 14:46:47,713.65,2026-08-20,704.0,8.82,10.41,9,170,6,,,,,
2026-08-20 14:46:47,713.65,2026-08-20,705.0,8.5,9.14,8.77,1038,63,0.3258,0.9383,0.02145,-0.17,0.0212
2026-08-20 14:46:47,713.65,2026-08-20,706.0,7.51,8.34,7.68,1209,7,0.3365,0.9065,0.0285,-0.275,0.0291
2026-08-20 14:46:47,713.65,2026-08-20,707.0,6.63,7.1,6.98,1397,4,0.283,0.9134,0.03199,-0.215,0.0275
2026-08-20 14:46:47,713.65,2026-08-20,708.0,5.93,6.08,5.78,1373,12,0.2925,0.8687,0.0418,-0.355,0.0371
2026-08-20 14:46:47,713.65,2026-08-20,709.0,5.13,5.15,5.1,2543,94,0.2879,0.8257,0.05126,-0.49,0.0448
2026-08-20 14:46:47,713.65,2026-08-20,710.0,4.25,4.41,4.24,9544,259,0.2853,0.7714,0.06088,-0.68,0.0527
2026-08-20 14:46:47,713.65,2026-08-20,711.0,3.54,3.58,3.44,14295,65,0.2798,0.7095,0.07028,-0.91,0.0597
2026-08-20 14:46:47,713.65,2026-08-20,712.0,2.75,2.78,2.71,43747,313,0.2607,0.6446,0.082,-1.115,0.0649
2026-08-20 14:46:47,713.65,2026-08-20,713.0,2.11,2.13,2.05,68204,94,0.2542,0.5612,0.08903,-1.47,0.0687
2026-08-20 14:46:47,713.65,2026-08-20,714.0,1.49,1.55,1.5,81872,212,0.2418,0.4698,0.09445,-1.52,0.0693
2026-08-20 14:46:47,713.65,2026-08-20,715.0,1.07,1.09,1.07,96445,214,0.2389,0.3757,0.09118,-1.08,0.0661
2026-08-20 14:46:47,713.65,2026-08-20,716.0,0.68,0.73,0.75,50349,290,0.2312,0.2826,0.08396,-0.705,0.0589
2026-08-20 14:46:47,713.65,2026-08-20,717.0,0.43,0.48,0.43,54640,1003,0.2294,0.2035,0.0708,-0.455,0.0493
2026-08-20 14:46:47,713.65,2026-08-20,718.0,0.25,0.3,0.25,48909,1836,0.2266,0.1376,0.05572,-0.275,0.0383
2026-08-20 14:46:47,713.65,2026-08-20,719.0,0.14,0.15,0.18,21297,945,0.2198,0.0831,0.03996,-0.145,0.0267
2026-08-20 14:46:47,713.65,2026-08-20,720.0,0.12,0.13,0.07,26041,2008,0.2418,0.0677,0.03105,-0.125,0.0228
2026-08-20 14:46:47,713.65,2026-08-20,721.0,0.08,0.09,0.08,16517,958,0.2499,0.0472,0.02264,-0.085,0.0172
2026-08-20 14:46:47,713.65,2026-08-20,722.0,0.02,0.07,0.04,6367,3838,0.2472,0.0274,0.01465,-0.045,0.011
2026-08-20 14:46:47,713.65,2026-08-20,723.0,0.01,0.05,0.03,5685,2009,0.255,0.0186,0.01024,-0.03,0.0079
2026-08-20 14:46:47,713.65,2026-08-20,724.0,0.04,0.05,0.02,6634,691,0.2956,0.0234,0.01073,-0.045,0.0096
2026-08-20 14:46:47,713.65,2026-08-20,725.0,0.03,0.04,0.03,6240,2386,0.3074,0.0181,0.00829,-0.035,0.0077
2026-08-20 14:46:47,713.65,2026-08-20,726.0,0.03,0.04,0.03,3725,659,0.3302,0.017,0.00731,-0.035,0.0073
2026-08-20 14:46:47,713.65,2026-08-20,727.0,0.01,0.02,0.01,5591,761,0.3156,0.0082,0.00409,-0.015,0.0039
2026-08-20 14:46:47,713.65,2026-08-20,728.0,0,0.03,0.01,1863,1221,0.3207,0.0056,0.00287,-0.01,0.0028
2026-08-20 14:47:51,713.17,2026-08-20,699.0,13.12,15.74,14.64,3,1,0.5334,0.9397,0.0129,-0.26,0.0208
2026-08-20 14:47:51,713.17,2026-08-20,700.0,11.98,14.85,13.2,113,37,0.4965,0.9393,0.01394,-0.245,0.0209
2026-08-20 14:47:51,713.17,2026-08-20,701.0,11.16,13.1,11.5,165,,,,,,
2026-08-20 14:47:51,713.17,2026-08-20,702.0,11.2,12.21,11.09,112,7,0.5389,0.887,0.02047,-0.535,0.0333
2026-08-20 14:47:51,713.17,2026-08-20,703.0,9.77,11.38,10.44,35,52,0.4642,0.8993,0.02186,-0.405,0.0307
2026-08-20 14:47:51,713.17,2026-08-20,704.0,8.72,10.23,9,170,6,0.3973,0.9106,0.02341,-0.305,0.0281
2026-08-20 14:47:51,713.17,2026-08-20,705.0,8.08,8.96,8.77,1038,63,0.3793,0.8951,0.02757,-0.35,0.0316
2026-08-20 14:47:51,713.17,2026-08-20,706.0,7.16,8.2,7.42,1221,7,0.3893,0.8583,0.03317,-0.51,0.039
2026-08-20 14:47:51,713.17,2026-08-20,707.0,6.37,6.95,6.31,1464,4,0.347,0.8496,0.03873,-0.49,0.0406
2026-08-20 14:47:51,713.17,2026-08-20,708.0,5.38,5.65,5.99,1382,12,0.2732,0.8643,0.04588,-0.345,0.0379
2026-08-20 14:47:51,713.17,2026-08-20,709.0,4.6,4.65,4.51,2553,94,0.2619,0.8228,0.05709,-0.455,0.0452
2026-08-20 14:47:51,713.17,2026-08-20,710.0,3.74,3.82,3.74,9582,259,0.2517,0.7684,0.06969,-0.61,0.053
2026-08-20 14:47:51,713.17,2026-08-20,711.0,3.03,3.06,2.94,14421,65,0.2508,0.6935,0.08054,-0.875,0.061
2026-08-20 14:47:51,713.17,2026-08-20,712.0,2.34,2.38,2.28,44409,313,0.2454,0.6109,0.08989,-1.19,0.0666
2026-08-20 14:47:51,713.17,2026-08-20,713.0,1.75,1.76,1.75,69338,94,0.2393,0.5192,0.0958,-1.585,0.0693
2026-08-20 14:47:51,713.17,2026-08-20,714.0,1.22,1.23,1.22,83966,212,0.2304,0.4208,0.09767,-1.225,0.068
2026-08-20 14:47:51,713.17,2026-08-20,715.0,0.82,0.83,0.82,97640,214,0.2257,0.3233,0.09155,-0.825,0.0624
2026-08-20 14:47:51,713.17,2026-08-20,716.0,0.57,0.58,0.56,50730,290,0.2309,0.243,0.07801,-0.575,0.0544
2026-08-20 14:47:51,713.17,2026-08-20,717.0,0.32,0.37,0.37,54901,1003,0.2251,0.1663,0.06377,-0.345,0.0434
2026-08-20 14:47:51,713.17,2026-08-20,718.0,0.19,0.2,0.25,49039,1836,0.2208,0.1062,0.04778,-0.195,0.0319
2026-08-20 14:47:51,713.17,2026-08-20,719.0,0.1,0.15,0.12,21398,945,0.227,0.0715,0.0346,-0.125,0.0237
2026-08-20 14:47:51,713.17,2026-08-20,720.0,0.06,0.11,0.1,26108,2008,0.2363,0.0497,0.02499,-0.085,0.0178
2026-08-20 14:47:51,713.17,2026-08-20,721.0,0.07,0.08,0.07,16575,958,0.2573,0.0414,0.01983,-0.075,0.0154
2026-08-20 14:47:51,713.17,2026-08-20,722.0,0.05,0.06,0.06,6390,3838,0.2684,0.0305,0.01477,-0.055,0.012
2026-08-20 14:47:51,713.17,2026-08-20,723.0,0.04,0.05,0.03,5691,2009,0.2838,0.0243,0.01157,-0.045,0.0099
2026-08-20 14:47:51,713.17,2026-08-20,724.0,0.04,0.05,0.02,6639,691,0.3077,0.0226,0.01004,-0.045,0.0093
2026-08-20 14:47:51,713.17,2026-08-20,725.0,0.03,0.04,0.03,6254,2386,0.3192,0.0175,0.0078,-0.035,0.0075
2026-08-20 14:47:51,713.17,2026-08-20,726.0,0.03,0.04,0.03,3725,659,0.3419,0.0165,0.00691,-0.035,0.0071
2026-08-20 14:47:51,713.17,2026-08-20,727.0,0.03,0.04,0.03,5597,761,0.3644,0.0156,0.00617,-0.035,0.0068
2026-08-20 14:47:51,713.17,2026-08-20,728.0,0,0.01,0.01,1903,1221,0.3309,0.0055,0.00272,-0.01,0.0027
2026-08-20 14:48:52,712.86,2026-08-20,698.0,14.08,16.29,18.16,7,2,0.5853,0.9317,0.01298,-0.325,0.0229
2026-08-20 14:48:52,712.86,2026-08-20,699.0,13,15.55,14.64,3,1,0.59,0.9157,0.01511,-0.415,0.0268
2026-08-20 14:48:52,712.86,2026-08-20,700.0,11.88,14.81,13.2,113,37,0.5818,0.9023,0.01709,-0.485,0.0299
2026-08-20 14:48:52,712.86,2026-08-20,701.0,10.97,13.27,11.5,165,,0.4649,0.932,0.01628,-0.26,0.0228
2026-08-20 14:48:52,712.86,2026-08-20,702.0,10.64,12.83,11.09,112,7,0.6201,0.8477,0.0219,-0.875,0.0408
2026-08-20 14:48:52,712.86,2026-08-20,703.0,9.82,11.03,10.44,35,52,0.5025,0.8744,0.0237,-0.565,0.0358
2026-08-20 14:48:52,712.86,2026-08-20,704.0,8.68,10.19,9,170,6,0.4691,0.8651,0.02667,-0.575,0.0376
2026-08-20 14:48:52,712.86,2026-08-20,705.0,7.99,8.67,8.77,1038,63,0.4046,0.8716,0.02989,-0.47,0.0364
2026-08-20 14:48:52,712.86,2026-08-20,706.0,7,7.34,7.33,1222,7,0.3231,0.892,0.03311,-0.31,0.0322
2026-08-20 14:48:52,712.86,2026-08-20,707.0,5.96,6.22,6.15,1472,4,0.2638,0.902,0.03779,-0.23,0.03
2026-08-20 14:48:52,712.86,2026-08-20,708.0,5.19,5.31,5.42,1383,12,0.2739,0.8494,0.04922,-0.39,0.0405
2026-08-20 14:48:52,712.86,2026-08-20,709.0,4.4,4.44,4.56,2578,94,0.272,0.796,0.06004,-0.56,0.0491
2026-08-20 14:48:52,712.86,2026-08-20,710.0,3.58,3.72,3.65,9715,259,0.2707,0.7316,0.07023,-0.79,0.0572
2026-08-20 14:48:52,712.86,2026-08-20,711.0,2.92,2.95,2.92,14491,65,0.2671,0.6588,0.07919,-1.075,0.0636
2026-08-20 14:48:52,712.86,2026-08-20,712.0,2.25,2.27,2.23,45200,313,0.2584,0.579,0.08727,-1.4,0.0678
2026-08-20 14:48:52,712.86,2026-08-20,713.0,1.62,1.63,1.63,70500,94,0.2435,0.4897,0.09442,-1.625,0.0692
2026-08-20 14:48:52,712.86,2026-08-20,714.0,1.15,1.16,1.18,85041,212,0.2391,0.3946,0.09282,-1.155,0.0668
2026-08-20 14:48:52,712.86,2026-08-20,715.0,0.82,0.83,0.83,98873,214,0.242,0.3079,0.08381,-0.825,0.061
2026-08-20 14:48:52,712.86,2026-08-20,716.0,0.54,0.55,0.54,51487,290,0.2393,0.2273,0.07269,-0.545,0.0523
2026-08-20 14:48:52,712.86,2026-08-20,717.0,0.3,0.35,0.35,55300,1003,0.2325,0.1548,0.05902,-0.325,0.0413
2026-08-20 14:48:52,712.86,2026-08-20,718.0,0.17,0.18,0.22,49406,1836,0.2249,0.0958,0.04361,-0.175,0.0295
2026-08-20 14:48:52,712.86,2026-08-20,719.0,0.09,0.14,0.14,21460,945,0.2322,0.0655,0.03165,-0.115,0.0221
2026-08-20 14:48:52,712.86,2026-08-20,720.0,0.09,0.1,0.09,26290,2008,0.2509,0.052,0.02447,-0.095,0.0185
2026-08-20 14:48:52,712.86,2026-08-20,721.0,0.03,0.04,0.04,16586,958,0.2334,0.0232,0.01354,-0.035,0.0095
2026-08-20 14:48:52,712.86,2026-08-20,722.0,0.01,0.02,0.02,6392,3838,0.2282,0.0111,0.00737,-0.015,0.0051
2026-08-20 14:48:52,712.86,2026-08-20,723.0,0.01,0.02,0.02,5692,2009,0.2496,0.0102,0.00627,-0.015,0.0047
2026-08-20 14:48:52,712.86,2026-08-20,724.0,0.04,0.05,0.02,6640,691,0.3158,0.0221,0.00964,-0.045,0.0092
2026-08-20 14:48:52,712.86,2026-08-20,725.0,0.01,0.04,0.03,6272,2386,0.3118,0.0133,0.00629,-0.025,0.0059
2026-08-20 14:48:52,712.86,2026-08-20,726.0,0.03,0.04,0.03,3727,659,0.3496,0.0162,0.00666,-0.035,0.007
2026-08-20 14:48:52,712.86,2026-08-20,727.0,0.03,0.04,0.01,5638,761,0.3721,0.0153,0.00597,-0.035,0.0067
2026-08-20 14:49:53,713.02,2026-08-20,699.0,12.79,15.85,14.64,3,1,0.5493,0.9328,0.01368,-0.3,0.0225
2026-08-20 14:49:53,713.02,2026-08-20,700.0,12,14.92,13.2,113,37,0.5725,0.9089,0.01653,-0.44,0.0284
2026-08-20 14:49:53,713.02,2026-08-20,701.0,11.05,13.05,11.5,165,,0.2882,0.9926,0.00412,-0.03,0.0036
2026-08-20 14:49:53,713.02,2026-08-20,702.0,10.44,11.3,11.09,112,7,,,,,
2026-08-20 14:49:53,713.02,2026-08-20,703.0,9.8,11.05,10.44,35,52,0.4608,0.8984,0.02225,-0.405,0.0308
2026-08-20 14:49:53,713.02,2026-08-20,704.0,8.8,10.27,9,170,6,0.4592,0.8748,0.02592,-0.515,0.0357
2026-08-20 14:49:53,713.02,2026-08-20,705.0,7.86,8.17,7.95,1043,63,,,,,
2026-08-20 14:49:53,713.02,2026-08-20,706.0,6.71,7.35,6.87,1246,7,,,,,
2026-08-20 14:49:53,713.02,2026-08-20,707.0,6,6.24,6,1502,4,0.2158,0.9479,0.02851,-0.1,0.0185
2026-08-20 14:49:53,713.02,2026-08-20,708.0,5.22,5.49,5.16,1395,12,0.2661,0.8644,0.04726,-0.335,0.0377
2026-08-20 14:49:53,713.02,2026-08-20,709.0,4.56,4.6,4.39,2595,94,0.2791,0.7998,0.05794,-0.56,0.0485
2026-08-20 14:49:53,713.02,2026-08-20,710.0,3.64,3.78,3.58,9851,259,0.2607,0.751,0.07025,-0.69,0.0549
2026-08-20 14:49:53,713.02,2026-08-20,711.0,2.91,3.01,2.84,14612,65,0.2545,0.6794,0.08119,-0.94,0.062
2026-08-20 14:49:53,713.02,2026-08-20,712.0,2.22,2.26,2.28,45809,313,0.2419,0.5991,0.09229,-1.22,0.067
2026-08-20 14:49:53,713.02,2026-08-20,713.0,1.65,1.7,1.65,71552,94,0.2397,0.5048,0.09611,-1.655,0.0691
2026-08-20 14:49:53,713.02,2026-08-20,714.0,1.21,1.22,1.17,86172,212,0.2389,0.4093,0.09393,-1.215,0.0673
2026-08-20 14:49:53,713.02,2026-08-20,715.0,0.83,0.84,0.83,99963,214,0.2358,0.3168,0.08718,-0.835,0.0617
2026-08-20 14:49:53,713.02,2026-08-20,716.0,0.5,0.51,0.47,51850,290,0.225,0.225,0.07694,-0.505,0.0519
2026-08-20 14:49:53,713.02,2026-08-20,717.0,0.34,0.35,0.28,55618,1003,0.2316,0.1631,0.0614,-0.345,0.0427
2026-08-20 14:49:53,713.02,2026-08-20,718.0,0.2,0.21,0.17,49603,1836,0.2297,0.1075,0.04648,-0.205,0.032
2026-08-20 14:49:53,713.02,2026-08-20,719.0,0.13,0.14,0.1,21536,945,0.2364,0.074,0.0342,-0.135,0.0243
2026-08-20 14:49:53,713.02,2026-08-20,720.0,0.08,0.09,0.08,26360,2008,0.2413,0.049,0.02427,-0.085,0.0176
2026-08-20 14:49:53,713.02,2026-08-20,721.0,0.06,0.07,0.06,16619,958,0.2553,0.0369,0.01826,-0.065,0.014
2026-08-20 14:49:53,713.02,2026-08-20,722.0,0.05,0.06,0.04,6523,3838,0.2731,0.0301,0.01442,-0.055,0.0118
2026-08-20 14:49:53,713.02,2026-08-20,723.0,0.01,0.05,0.04,5697,2009,0.2711,0.0177,0.0093,-0.03,0.0076
2026-08-20 14:49:53,713.02,2026-08-20,724.0,0.01,0.05,0.02,6640,691,0.294,0.0165,0.00806,-0.03,0.0071
2026-08-20 14:49:53,713.02,2026-08-20,725.0,0.01,0.04,0.03,6288,2386,0.3087,0.0134,0.00642,-0.025,0.0059
2026-08-20 14:49:53,713.02,2026-08-20,726.0,0.03,0.04,0.02,3747,659,0.3465,0.0163,0.00679,-0.035,0.0071
2026-08-20 14:49:53,713.02,2026-08-20,727.0,0.03,0.04,0.01,5638,761,0.369,0.0154,0.00607,-0.035,0.0067
2026-08-20 14:49:53,713.02,2026-08-20,728.0,0,0.03,0.01,1907,1221,0.335,0.0054,0.00268,-0.01,0.0027
2026-08-20 14:50:53,712.7,2026-08-20,698.0,14.15,16.28,18.16,7,2,0.6557,0.9066,0.01473,-0.515,0.0288
2026-08-20 14:50:53,712.7,2026-08-20,699.0,13.1,15.4,14.64,3,1,0.6338,0.8983,0.01621,-0.55,0.0307
2026-08-20 14:50:53,712.7,2026-08-20,700.0,12.3,14.58,13.2,113,37,0.6556,0.873,0.01837,-0.74,0.036
2026-08-20 14:50:53,712.7,2026-08-20,701.0,11,12.9,11.5,165,,0.4572,0.9333,0.01637,-0.25,0.0224
2026-08-20 14:50:53,712.7,2026-08-20,702.0,10.63,11.08,11.09,112,7,0.3805,0.9502,0.01563,-0.155,0.0178
2026-08-20 14:50:53,712.7,2026-08-20,703.0,9.72,10.97,10.44,35,52,0.5202,0.8631,0.02437,-0.645,0.0379
2026-08-20 14:50:53,712.7,2026-08-20,704.0,8.57,10.42,9,170,6,0.5196,0.8372,0.0274,-0.795,0.0425
2026-08-20 14:50:53,712.7,2026-08-20,705.0,7.75,8.109,7.65,1048,63,0.3244,0.9175,0.02715,-0.2295,0.0263
2026-08-20 14:50:53,712.7,2026-08-20,706.0,6.82,7.42,6.84,1249,7,0.3505,0.8683,0.03523,-0.42,0.0369
2026-08-20 14:50:53,712.7,2026-08-20,707.0,5.84,6.05,6,1503,4,0.2644,0.8961,0.03949,-0.245,0.0312
2026-08-20 14:50:53,712.7,2026-08-20,708.0,4.96,5.01,5.11,1414,12,0.2416,0.8721,0.05008,-0.285,0.0361
2026-08-20 14:50:53,712.7,2026-08-20,709.0,4.18,4.23,4.33,2601,94,0.255,0.802,0.06313,-0.505,0.0481
2026-08-20 14:50:53,712.7,2026-08-20,710.0,3.39,3.42,3.45,10005,259,0.2491,0.7375,0.07572,-0.705,0.0563
2026-08-20 14:50:53,712.7,2026-08-20,711.0,2.7,2.73,2.7,14847,65,0.2499,0.6559,0.08521,-1.015,0.0636
2026-08-20 14:50:53,712.7,2026-08-20,712.0,2.009,2.06,2.009,46807,313,0.2395,0.57,0.09488,-1.3345,0.0679
2026-08-20 14:50:53,712.7,2026-08-20,713.0,1.54,1.55,1.54,72688,94,0.2439,0.4745,0.09444,-1.545,0.0688
2026-08-20 14:50:53,712.7,2026-08-20,714.0,1.05,1.06,1.04,86849,212,0.2341,0.3769,0.09386,-1.055,0.0656
2026-08-20 14:50:53,712.7,2026-08-20,715.0,0.71,0.72,0.69,101863,214,0.2323,0.2862,0.08472,-0.715,0.0588
2026-08-20 14:50:53,712.7,2026-08-20,716.0,0.46,0.47,0.46,53626,290,0.2312,0.207,0.07153,-0.465,0.0494
2026-08-20 14:50:53,712.7,2026-08-20,717.0,0.25,0.26,0.26,56582,1003,0.2213,0.1328,0.05612,-0.255,0.0371
2026-08-20 14:50:53,712.7,2026-08-20,718.0,0.18,0.19,0.15,49830,1836,0.2342,0.0973,0.04249,-0.185,0.0297
2026-08-20 14:50:53,712.7,2026-08-20,719.0,0.11,0.12,0.11,21606,945,0.2377,0.0644,0.03062,-0.115,0.0217
2026-08-20 14:50:53,712.7,2026-08-20,720.0,0.08,0.09,0.08,26564,2008,0.2506,0.0475,0.02285,-0.085,0.0171
2026-08-20 14:50:53,712.7,2026-08-20,721.0,0.02,0.03,0.06,16675,958,0.2262,0.0177,0.01117,-0.025,0.0075
2026-08-20 14:50:53,712.7,2026-08-20,722.0,0.01,0.06,0.03,6631,3838,0.2619,0.021,0.01114,-0.035,0.0087
2026-08-20 14:50:53,712.7,2026-08-20,723.0,0.04,0.05,0.02,5749,2009,0.2967,0.0235,0.01081,-0.045,0.0096
2026-08-20 14:50:53,712.7,2026-08-20,724.0,0.01,0.02,0.04,6652,691,0.2752,0.0094,0.0053,-0.015,0.0044
2026-08-20 14:50:53,712.7,2026-08-20,725.0,0.03,0.04,0.03,6295,2386,0.3317,0.017,0.00736,-0.035,0.0073
2026-08-20 14:50:53,712.7,2026-08-20,726.0,0.01,0.04,0.03,3751,659,0.3384,0.0124,0.00548,-0.025,0.0055
2026-08-20 14:50:53,712.7,2026-08-20,727.0,0.03,0.04,0.01,5646,761,0.377,0.0152,0.00587,-0.035,0.0066
2026-08-20 14:51:54,712.52,2026-08-20,698.0,13.69,16.43,18.16,7,2,0.6595,0.903,0.01508,-0.54,0.0296
2026-08-20 14:51:54,712.52,2026-08-20,699.0,12.81,15.63,14.64,3,1,0.6749,0.8814,0.01704,-0.7,0.0342
2026-08-20 14:51:54,712.52,2026-08-20,700.0,11.99,14.71,13.2,113,37,0.6747,0.8632,0.01882,-0.83,0.0378
2026-08-20 14:51:54,712.52,2026-08-20,701.0,11.03,13.4,11.5,165,,0.6015,0.8704,0.02034,-0.695,0.0364
2026-08-20 14:51:54,712.52,2026-08-20,702.0,10.48,10.89,11.09,112,7,0.3816,0.9471,0.01638,-0.165,0.0186
2026-08-20 14:51:54,712.52,2026-08-20,703.0,9.4,11.08,10.44,35,52,0.5339,0.8529,0.02499,-0.72,0.0397
2026-08-20 14:51:54,712.52,2026-08-20,704.0,8.64,10.4,8.66,172,6,0.5597,0.815,0.02765,-1.0,0.046
2026-08-20 14:51:54,712.52,2026-08-20,705.0,7.59,7.75,7.65,1048,63,0.2859,0.9382,0.02471,-0.15,0.021
2026-08-20 14:51:54,712.52,2026-08-20,706.0,6.78,7.38,7.05,1261,7,0.3801,0.8428,0.03667,-0.56,0.0415
2026-08-20 14:51:54,712.52,2026-08-20,707.0,5.83,6.05,5.85,1505,4,0.3077,0.8534,0.04326,-0.42,0.0396
2026-08-20 14:51:54,712.52,2026-08-20,708.0,4.91,5,4.94,1433,12,0.2731,0.8339,0.05292,-0.435,0.043
2026-08-20 14:51:54,712.52,2026-08-20,709.0,4.15,4.19,4.22,2628,94,0.2767,0.7723,0.06326,-0.65,0.0521
2026-08-20 14:51:54,712.52,2026-08-20,710.0,3.28,3.35,3.3,10078,259,0.2566,0.7182,0.07628,-0.795,0.0583
2026-08-20 14:51:54,712.52,2026-08-20,711.0,2.62,2.64,2.64,14985,65,0.2553,0.6378,0.08513,-1.11,0.0647
2026-08-20 14:51:54,712.52,2026-08-20,712.0,1.97,1.99,2,47451,313,0.2467,0.5515,0.09294,-1.46,0.0682
2026-08-20 14:51:54,712.52,2026-08-20,713.0,1.4,1.46,1.46,73481,94,0.2398,0.4567,0.09588,-1.43,0.0684
2026-08-20 14:51:54,712.52,2026-08-20,714.0,0.96,1.01,1.01,87418,212,0.2339,0.3598,0.09269,-0.985,0.0645
2026-08-20 14:51:54,712.52,2026-08-20,715.0,0.67,0.68,0.68,102892,214,0.2345,0.2727,0.08215,-0.675,0.0573
2026-08-20 14:51:54,712.52,2026-08-20,716.0,0.43,0.44,0.44,54035,290,0.2328,0.1957,0.0688,-0.435,0.0477
2026-08-20 14:51:54,712.52,2026-08-20,717.0,0.27,0.28,0.28,57123,1003,0.2335,0.1354,0.054,-0.275,0.0375
2026-08-20 14:51:54,712.52,2026-08-20,718.0,0.13,0.18,0.18,49998,1836,0.2298,0.0854,0.03939,-0.155,0.0269
2026-08-20 14:51:54,712.52,2026-08-20,719.0,0.11,0.12,0.12,21630,945,0.2435,0.0632,0.02953,-0.115,0.0214
2026-08-20 14:51:54,712.52,2026-08-20,720.0,0.08,0.09,0.08,26728,2008,0.256,0.0467,0.02211,-0.085,0.0168
2026-08-20 14:51:54,712.52,2026-08-20,721.0,0.02,0.07,0.05,16688,958,0.2528,0.0271,0.01432,-0.045,0.0108
2026-08-20 14:51:54,712.52,2026-08-20,722.0,0.01,0.02,0.03,6631,3838,0.2368,0.0108,0.00696,-0.015,0.0049
2026-08-20 14:51:54,712.52,2026-08-20,723.0,0.04,0.05,0.02,5751,2009,0.3016,0.0232,0.01054,-0.045,0.0095
2026-08-20 14:51:54,712.52,2026-08-20,724.0,0.03,0.04,0.02,6751,691,0.3135,0.0179,0.00815,-0.035,0.0076
2026-08-20 14:51:54,712.52,2026-08-20,725.0,0.03,0.04,0.01,6320,2386,0.3365,0.0168,0.0072,-0.035,0.0072
2026-08-20 14:51:54,712.52,2026-08-20,726.0,0.01,0.02,0.03,3751,659,0.3214,0.0082,0.00403,-0.015,0.0039
2026-08-20 14:51:54,712.52,2026-08-20,727.0,0.03,0.04,0.03,5646,761,0.3818,0.015,0.00576,-0.035,0.0065
2026-08-20 14:52:57,712.87,2026-08-20,698.0,13.87,16.239,18.16,7,2,0.5178,0.9547,0.01068,-0.1845,0.0164
2026-08-20 14:52:57,712.87,2026-08-20,699.0,13.23,15.26,14.64,3,1,0.5789,0.9212,0.01474,-0.375,0.0253
2026-08-20 14:52:57,712.87,2026-08-20,700.0,12.3,14.46,13.2,113,37,0.5944,0.8992,0.01723,-0.51,0.0304
2026-08-20 14:52:57,712.87,2026-08-20,701.0,10.92,13.19,11.5,165,,0.432,0.9469,0.01453,-0.185,0.0186
2026-08-20 14:52:57,712.87,2026-08-20,702.0,10.44,11,11.09,112,7,,,,,
2026-08-20 14:52:57,712.87,2026-08-20,703.0,9.58,10.99,10.44,35,52,0.4614,0.8958,0.02275,-0.415,0.0312
2026-08-20 14:52:57,712.87,2026-08-20,704.0,8.41,10.2,8.91,173,6,0.4331,0.8857,0.02591,-0.435,0.0333
2026-08-20 14:52:57,712.87,2026-08-20,705.0,8.15,8.17,7.65,1048,63,0.3528,0.9048,0.02786,-0.29,0.0292
2026-08-20 14:52:57,712.87,2026-08-20,706.0,6.65,7.17,7.13,1262,7,0.1927,0.9816,0.01361,-0.04,0.0078
2026-08-20 14:52:57,712.87,2026-08-20,707.0,6.21,6.27,6.23,1513,4,0.3079,0.8683,0.04025,-0.37,0.0368
2026-08-20 14:52:57,712.87,2026-08-20,708.0,5.19,5.33,5.3,1442,12,0.2761,0.8495,0.04912,-0.39,0.0403
2026-08-20 14:52:57,712.87,2026-08-20,709.0,4.54,4.64,4.4,2675,94,0.306,0.7713,0.05741,-0.72,0.0522
2026-08-20 14:52:57,712.87,2026-08-20,710.0,3.63,3.71,3.54,10166,259,0.2747,0.7306,0.06978,-0.8,0.0569
2026-08-20 14:52:57,712.87,2026-08-20,711.0,2.95,2.96,2.84,15072,65,0.2711,0.6584,0.0786,-1.085,0.0632
2026-08-20 14:52:57,712.87,2026-08-20,712.0,2.21,2.24,2.17,48044,313,0.2541,0.5816,0.08922,-1.355,0.0673
2026-08-20 14:52:57,712.87,2026-08-20,713.0,1.62,1.67,1.67,74361,94,0.2474,0.4907,0.09358,-1.645,0.0687
2026-08-20 14:52:57,712.87,2026-08-20,714.0,1.13,1.19,1.17,88815,212,0.2409,0.3956,0.09281,-1.16,0.0664
2026-08-20 14:52:57,712.87,2026-08-20,715.0,0.75,0.76,0.78,104303,214,0.2314,0.2994,0.08711,-0.755,0.0599
2026-08-20 14:52:57,712.87,2026-08-20,716.0,0.47,0.48,0.51,54384,290,0.2268,0.2142,0.07462,-0.475,0.0502
2026-08-20 14:52:57,712.87,2026-08-20,717.0,0.32,0.33,0.32,58096,1003,0.2337,0.155,0.05917,-0.325,0.0411
2026-08-20 14:52:57,712.87,2026-08-20,718.0,0.15,0.2,0.2,50063,1836,0.226,0.0959,0.04371,-0.175,0.0293
2026-08-20 14:52:57,712.87,2026-08-20,719.0,0.08,0.09,0.13,21667,945,0.2188,0.0535,0.02887,-0.085,0.0187
2026-08-20 14:52:57,712.87,2026-08-20,720.0,0.04,0.09,0.05,26835,2008,0.2342,0.04,0.02135,-0.065,0.0148
2026-08-20 14:52:57,712.87,2026-08-20,721.0,0.06,0.07,0.06,16691,958,0.2606,0.0364,0.01779,-0.065,0.0138
2026-08-20 14:52:57,712.87,2026-08-20,722.0,0.01,0.02,0.02,6725,3838,0.2295,0.0111,0.00738,-0.015,0.005
2026-08-20 14:52:57,712.87,2026-08-20,723.0,0.01,0.05,0.02,5781,2009,0.276,0.0175,0.00909,-0.03,0.0074
2026-08-20 14:52:57,712.87,2026-08-20,724.0,0.01,0.02,0.03,7558,691,0.2725,0.0095,0.00543,-0.015,0.0044
2026-08-20 14:52:57,712.87,2026-08-20,725.0,0.03,0.04,0.03,6411,2386,0.3288,0.0172,0.00751,-0.035,0.0073
2026-08-20 14:52:57,712.87,2026-08-20,726.0,0.01,0.04,0.03,3751,659,0.3357,0.0125,0.00559,-0.025,0.0056
2026-08-20 14:52:57,712.87,2026-08-20,727.0,0.03,0.04,0.03,5646,761,0.3743,0.0153,0.00598,-0.035,0.0066
2026-08-20 14:53:57,712.92,2026-08-20,698.0,13.84,16.78,18.16,7,2,0.6194,0.9228,0.01358,-0.39,0.0249
2026-08-20 14:53:57,712.92,2026-08-20,699.0,13.19,15.51,14.64,3,1,0.6025,0.9139,0.01516,-0.43,0.027
2026-08-20 14:53:57,712.92,2026-08-20,700.0,11.88,14.49,13.2,113,37,0.5036,0.9349,0.01466,-0.265,0.0218
2026-08-20 14:53:57,712.92,2026-08-20,701.0,11.16,12.96,11.5,165,,0.4079,0.9573,0.01294,-0.14,0.0156
2026-08-20 14:53:57,712.92,2026-08-20,702.0,10.48,11.55,11.09,112,7,0.3488,0.9672,0.01221,-0.095,0.0126
2026-08-20 14:53:57,712.92,2026-08-20,703.0,9.44,11.07,10.44,35,52,0.4368,0.9094,0.02172,-0.335,0.0281
2026-08-20 14:53:57,712.92,2026-08-20,704.0,8.44,10.29,9.02,174,6,0.4385,0.8844,0.02582,-0.445,0.0335
2026-08-20 14:53:57,712.92,2026-08-20,705.0,7.98,8.32,7.87,1049,63,0.3332,0.9188,0.02624,-0.23,0.0259
2026-08-20 14:53:57,712.92,2026-08-20,706.0,6.56,7.51,7.16,1264,7,0.2515,0.9468,0.02504,-0.115,0.0186
2026-08-20 14:53:57,712.92,2026-08-20,707.0,6.02,6.14,6.23,1513,4,0.2423,0.9241,0.03426,-0.16,0.0246
2026-08-20 14:53:57,712.92,2026-08-20,708.0,4.98,5.17,5.31,1462,12,0.2088,0.9165,0.04274,-0.155,0.0264
2026-08-20 14:53:57,712.92,2026-08-20,709.0,4.29,4.34,4.28,2676,94,0.2411,0.8302,0.06097,-0.395,0.0435
2026-08-20 14:53:57,712.92,2026-08-20,710.0,3.41,3.51,3.66,10723,259,0.2298,0.7726,0.07632,-0.54,0.0519
2026-08-20 14:53:57,712.92,2026-08-20,711.0,2.76,2.77,2.89,15189,65,0.2356,0.685,0.08766,-0.845,0.0611
2026-08-20 14:53:57,712.92,2026-08-20,712.0,2.029,2.06,2.07,48281,313,0.2231,0.5976,0.10082,-1.1245,0.0666
2026-08-20 14:53:57,712.92,2026-08-20,713.0,1.49,1.5,1.55,74991,94,0.2223,0.4946,0.1043,-1.495,0.0686
2026-08-20 14:53:57,712.92,2026-08-20,714.0,1.03,1.04,1.14,89284,212,0.2194,0.3903,0.10168,-1.035,0.066
2026-08-20 14:53:57,712.92,2026-08-20,715.0,0.67,0.68,0.68,104787,214,0.2159,0.2905,0.09225,-0.675,0.0589
2026-08-20 14:53:57,712.92,2026-08-20,716.0,0.45,0.46,0.46,54603,290,0.221,0.2116,0.07614,-0.455,0.0498
2026-08-20 14:53:57,712.92,2026-08-20,717.0,0.24,0.29,0.29,58731,1003,0.2171,0.1397,0.05949,-0.265,0.0382
2026-08-20 14:53:57,712.92,2026-08-20,718.0,0.18,0.19,0.19,50502,1836,0.2281,0.0998,0.04466,-0.185,0.0302
2026-08-20 14:53:57,712.92,2026-08-20,719.0,0.07,0.12,0.13,21856,945,0.2229,0.058,0.03025,-0.095,0.02
2026-08-20 14:53:57,712.92,2026-08-20,720.0,0.04,0.09,0.08,26870,2008,0.2332,0.0402,0.02156,-0.065,0.0149
2026-08-20 14:53:57,712.92,2026-08-20,721.0,0.06,0.07,0.03,16843,958,0.2597,0.0366,0.01795,-0.065,0.0138
2026-08-20 14:53:57,712.92,2026-08-20,722.0,0.05,0.06,0.05,6747,3838,0.2775,0.0298,0.01419,-0.055,0.0117
2026-08-20 14:53:57,712.92,2026-08-20,723.0,0.01,0.05,0.04,5812,2009,0.2753,0.0176,0.00916,-0.03,0.0075
2026-08-20 14:53:57,712.92,2026-08-20,724.0,0.03,0.04,0.01,7571,691,0.3051,0.0184,0.00859,-0.035,0.0078
2026-08-20 14:53:57,712.92,2026-08-20,725.0,0.01,0.04,0.03,6411,2386,0.3131,0.0133,0.00634,-0.025,0.0059
2026-08-20 14:53:57,712.92,2026-08-20,726.0,0.03,0.04,0.03,3751,659,0.3511,0.0162,0.00671,-0.035,0.007
2026-08-20 14:53:57,712.92,2026-08-20,727.0,0.01,0.02,0.03,5647,761,0.3348,0.0079,0.00376,-0.015,0.0037
2026-08-20 14:54:59,712.28,2026-08-20,698.0,13.28,15.97,18.16,7,2,0.5822,0.9269,0.0139,-0.345,0.0238
2026-08-20 14:54:59,712.28,2026-08-20,699.0,12.63,15.36,14.64,3,1,0.6744,0.8786,0.01743,-0.715,0.0346
2026-08-20 14:54:59,712.28,2026-08-20,700.0,11.92,14.3,13.2,113,37,0.6694,0.8617,0.01922,-0.83,0.0379
2026-08-20 14:54:59,712.28,2026-08-20,701.0,10.79,13.05,11.5,165,,0.5807,0.8749,0.02067,-0.64,0.0353
2026-08-20 14:54:59,712.28,2026-08-20,702.0,10.12,11.57,11.09,112,7,0.5232,0.8773,0.02263,-0.565,0.0349
2026-08-20 14:54:59,712.28,2026-08-20,703.0,9.05,11.34,10.44,35,52,0.5745,0.8306,0.02562,-0.915,0.0433
2026-08-20 14:54:59,712.28,2026-08-20,704.0,8.34,10.2,9.7,176,6,0.5506,0.8133,0.02842,-0.99,0.0461
2026-08-20 14:54:59,712.28,2026-08-20,705.0,7.15,7.74,7.87,1049,63,0.2872,0.9322,0.0266,-0.165,0.0225
2026-08-20 14:54:59,712.28,2026-08-20,706.0,6.42,7.47,7.4,1268,7,0.3973,0.8245,0.03788,-0.665,0.0443
2026-08-20 14:54:59,712.28,2026-08-20,707.0,5.55,5.79,5.83,1547,4,0.2927,0.8559,0.04518,-0.39,0.0389
2026-08-20 14:54:59,712.28,2026-08-20,708.0,4.68,4.81,4.83,1472,12,0.272,0.823,0.05563,-0.465,0.0445
2026-08-20 14:54:59,712.28,2026-08-20,709.0,3.92,3.93,4.05,2741,94,0.2666,0.766,0.06702,-0.645,0.0526
2026-08-20 14:54:59,712.28,2026-08-20,710.0,3.08,3.2,3.2,10904,259,0.2571,0.7001,0.07879,-0.86,0.0596
2026-08-20 14:54:59,712.28,2026-08-20,711.0,2.48,2.51,2.48,15257,65,0.259,0.6162,0.08595,-1.215,0.0655
2026-08-20 14:54:59,712.28,2026-08-20,712.0,1.86,1.88,1.88,49564,313,0.2509,0.5288,0.09243,-1.59,0.0683
2026-08-20 14:54:59,712.28,2026-08-20,713.0,1.31,1.33,1.36,76295,94,0.2405,0.4336,0.09532,-1.32,0.0675
2026-08-20 14:54:59,712.28,2026-08-20,714.0,0.93,0.94,0.94,91744,212,0.2405,0.3412,0.08892,-0.935,0.063
2026-08-20 14:54:59,712.28,2026-08-20,715.0,0.57,0.62,0.62,108431,214,0.2326,0.2505,0.07971,-0.595,0.0546
2026-08-20 14:54:59,712.28,2026-08-20,716.0,0.35,0.4,0.4,55237,290,0.2307,0.1761,0.0654,-0.375,0.0444
2026-08-20 14:54:59,712.28,2026-08-20,717.0,0.24,0.25,0.25,59353,1003,0.235,0.1231,0.05052,-0.245,0.0349
2026-08-20 14:54:59,712.28,2026-08-20,718.0,0.15,0.16,0.16,51139,1836,0.2386,0.0831,0.03738,-0.155,0.0263
2026-08-20 14:54:59,712.28,2026-08-20,719.0,0.1,0.11,0.11,22091,945,0.2469,0.058,0.02739,-0.105,0.0199
2026-08-20 14:54:59,712.28,2026-08-20,720.0,0.03,0.08,0.08,28646,2008,0.2434,0.0335,0.01786,-0.055,0.0128
2026-08-20 14:54:59,712.28,2026-08-20,721.0,0.05,0.06,0.06,17318,958,0.2691,0.0307,0.01503,-0.055,0.0119
2026-08-20 14:54:59,712.28,2026-08-20,722.0,0.01,0.02,0.04,6799,3838,0.2433,0.0106,0.0067,-0.015,0.0048
2026-08-20 14:54:59,712.28,2026-08-20,723.0,0.04,0.05,0.04,5812,2009,0.3091,0.0228,0.0102,-0.045,0.0093
2026-08-20 14:54:59,712.28,2026-08-20,724.0,0.01,0.02,0.02,7626,691,0.2861,0.0091,0.00501,-0.015,0.0042
2026-08-20 14:54:59,712.28,2026-08-20,725.0,0.03,0.04,0.03,6412,2386,0.3438,0.0166,0.007,-0.035,0.0071
2026-08-20 14:54:59,712.28,2026-08-20,726.0,0.01,0.04,0.03,3751,659,0.3501,0.0121,0.00522,-0.025,0.0054
2026-08-20 14:54:59,712.28,2026-08-20,727.0,0.03,0.04,0.03,5647,761,0.3892,0.0148,0.00562,-0.035,0.0064
2026-08-20 14:56:00,712.65,2026-08-20,698.0,13.52,15.87,18.16,7,2,0.3844,0.9879,0.00477,-0.045,0.0054
2026-08-20 14:56:00,712.65,2026-08-20,699.0,12.71,15.16,14.64,3,1,0.5371,0.9339,0.01395,-0.285,0.022
2026-08-20 14:56:00,712.65,2026-08-20,700.0,11.7,13.98,13.2,113,37,0.4599,0.9481,0.01347,-0.19,0.0182
2026-08-20 14:56:00,712.65,2026-08-20,701.0,10.65,13.13,11.5,165,,0.4551,0.9349,0.01627,-0.24,0.0217
2026-08-20 14:56:00,712.65,2026-08-20,702.0,10.08,11.53,11.09,117,7,0.3824,0.95,0.01575,-0.155,0.0177
2026-08-20 14:56:00,712.65,2026-08-20,703.0,9.26,10.99,10.44,35,52,0.4749,0.8852,0.02381,-0.475,0.0332
2026-08-20 14:56:00,712.65,2026-08-20,704.0,8.16,10.37,9.7,176,6,0.4776,0.8579,0.02746,-0.615,0.0385
2026-08-20 14:56:00,712.65,2026-08-20,705.0,7.23,7.97,7.87,1049,63,,,,,
2026-08-20 14:56:00,712.65,2026-08-20,706.0,6.43,7.53,7.35,1273,7,0.3259,0.8855,0.03463,-0.33,0.0332
2026-08-20 14:56:00,712.65,2026-08-20,707.0,5.9,6.1,5.83,1560,4,0.2961,0.8697,0.04176,-0.35,0.0363
2026-08-20 14:56:00,712.65,2026-08-20,708.0,5.07,5.19,5.04,1614,12,0.2905,0.8274,0.05132,-0.48,0.0438
2026-08-20 14:56:00,712.65,2026-08-20,709.0,4.25,4.31,4.3,2761,94,0.2804,0.7789,0.06179,-0.63,0.0509
2026-08-20 14:56:00,712.65,2026-08-20,710.0,3.48,3.52,3.45,10950,259,0.2742,0.7163,0.07207,-0.85,0.0581
2026-08-20 14:56:00,712.65,2026-08-20,711.0,2.72,2.75,2.71,15452,65,0.2604,0.647,0.08326,-1.085,0.0637
2026-08-20 14:56:00,712.65,2026-08-20,712.0,2.029,2.04,2,50599,313,0.2458,0.5642,0.09349,-1.3845,0.0675
2026-08-20 14:56:00,712.65,2026-08-20,713.0,1.51,1.52,1.52,78338,94,0.245,0.4697,0.09471,-1.515,0.0682
2026-08-20 14:56:00,712.65,2026-08-20,714.0,1.05,1.06,1.06,93793,212,0.239,0.3737,0.09248,-1.055,0.0649
2026-08-20 14:56:00,712.65,2026-08-20,715.0,0.7,0.71,0.71,112046,214,0.235,0.2825,0.08395,-0.705,0.0579
2026-08-20 14:56:00,712.65,2026-08-20,716.0,0.43,0.45,0.45,57348,290,0.2301,0.2003,0.07108,-0.44,0.048
2026-08-20 14:56:00,712.65,2026-08-20,717.0,0.27,0.28,0.28,60281,1003,0.2304,0.1376,0.05571,-0.275,0.0377
2026-08-20 14:56:00,712.65,2026-08-20,718.0,0.16,0.17,0.17,52507,1836,0.2308,0.0901,0.04109,-0.165,0.0279
2026-08-20 14:56:00,712.65,2026-08-20,719.0,0.06,0.07,0.07,22314,945,0.2144,0.0434,0.02504,-0.065,0.0158
2026-08-20 14:56:00,712.65,2026-08-20,720.0,0.07,0.08,0.08,29084,2008,0.2479,0.0433,0.02162,-0.075,0.0157
2026-08-20 14:56:00,712.65,2026-08-20,721.0,0.05,0.06,0.06,17604,958,0.2599,0.0317,0.01599,-0.055,0.0122
2026-08-20 14:56:00,712.65,2026-08-20,722.0,0.04,0.05,0.04,6907,3838,0.276,0.0252,0.01244,-0.045,0.0101
2026-08-20 14:56:00,712.65,2026-08-20,723.0,0.01,0.05,0.04,5813,2009,0.2826,0.0172,0.0088,-0.03,0.0073
2026-08-20 14:56:00,712.65,2026-08-20,724.0,0.01,0.04,0.03,7636,691,0.2979,0.014,0.00697,-0.025,0.0061
2026-08-20 14:56:00,712.65,2026-08-20,725.0,0.01,0.02,0.01,6427,2386,0.2998,0.0088,0.00462,-0.015,0.0041
2026-08-20 14:56:00,712.65,2026-08-20,726.0,0.01,0.04,0.03,3756,659,0.3424,0.0123,0.00545,-0.025,0.0055
2026-08-20 14:56:00,712.65,2026-08-20,727.0,0.01,0.02,0.01,5658,761,0.3417,0.0078,0.00365,-0.015,0.0037
2026-08-20 14:57:01,712.39,2026-08-20,698.0,13.5,16.03,18.16,7,2,0.5981,0.9237,0.01402,-0.37,0.0245
2026-08-20 14:57:01,712.39,2026-08-20,699.0,12.53,15.35,14.64,3,1,0.6284,0.8975,0.01663,-0.545,0.0306
2026-08-20 14:57:01,712.39,2026-08-20,700.0,11.82,14.32,13.2,113,37,0.633,0.8778,0.01871,-0.675,0.0346
2026-08-20 14:57:01,712.39,2026-08-20,701.0,10.8,13.37,11.5,165,,0.6007,0.8701,0.02058,-0.69,0.0362
2026-08-20 14:57:01,712.39,2026-08-20,702.0,10.08,11.38,10.34,117,7,0.4551,0.912,0.02052,-0.335,0.0273
2026-08-20 14:57:01,712.39,2026-08-20,703.0,9.26,11.39,10.44,35,52,0.5844,0.8302,0.0253,-0.93,0.0432
2026-08-20 14:57:01,712.39,2026-08-20,704.0,8.32,10.43,9.7,176,6,0.555,0.8154,0.02808,-0.98,0.0456
2026-08-20 14:57:01,712.39,2026-08-20,705.0,7.3,7.65,7.87,1049,63,0.2448,0.9627,0.01945,-0.08,0.0139
2026-08-20 14:57:01,712.39,2026-08-20,706.0,6.4,7.32,7.38,1273,7,0.3549,0.8567,0.03726,-0.465,0.0387
2026-08-20 14:57:01,712.39,2026-08-20,707.0,5.71,5.92,5.88,1580,4,0.3057,0.8515,0.0443,-0.42,0.0396
2026-08-20 14:57:01,712.39,2026-08-20,708.0,4.86,4.9,4.97,1617,12,0.282,0.8215,0.05412,-0.485,0.0446
2026-08-20 14:57:01,712.39,2026-08-20,709.0,3.92,3.94,4.1,2770,94,0.2509,0.7881,0.06749,-0.535,0.0495
2026-08-20 14:57:01,712.39,2026-08-20,710.0,3.23,3.25,3.37,11520,259,0.2612,0.7068,0.077,-0.845,0.0589
2026-08-20 14:57:01,712.39,2026-08-20,711.0,2.48,2.55,2.57,15506,65,0.2519,0.6298,0.08766,-1.12,0.0646
2026-08-20 14:57:01,712.39,2026-08-20,712.0,1.86,1.91,1.96,51356,313,0.2449,0.5404,0.09475,-1.49,0.0679
2026-08-20 14:57:01,712.39,2026-08-20,713.0,1.33,1.34,1.34,79071,94,0.2361,0.4433,0.09779,-1.335,0.0675
2026-08-20 14:57:01,712.39,2026-08-20,714.0,0.9,0.92,0.92,94816,212,0.231,0.3452,0.09325,-0.91,0.063
2026-08-20 14:57:01,712.39,2026-08-20,715.0,0.58,0.59,0.59,113111,214,0.2262,0.2531,0.08267,-0.585,0.0547
2026-08-20 14:57:01,712.39,2026-08-20,716.0,0.39,0.4,0.42,57994,290,0.2313,0.1836,0.06716,-0.395,0.0454
2026-08-20 14:57:01,712.39,2026-08-20,717.0,0.24,0.25,0.25,60796,1003,0.2317,0.1249,0.0519,-0.245,0.0352
2026-08-20 14:57:01,712.39,2026-08-20,718.0,0.11,0.16,0.16,52630,1836,0.2279,0.0771,0.03708,-0.135,0.0247
2026-08-20 14:57:01,712.39,2026-08-20,719.0,0.1,0.11,0.11,22472,945,0.2444,0.0587,0.02801,-0.105,0.02
2026-08-20 14:57:01,712.39,2026-08-20,720.0,0.07,0.08,0.08,29358,2008,0.2554,0.0423,0.02064,-0.075,0.0154
2026-08-20 14:57:01,712.39,2026-08-20,721.0,0.05,0.06,0.06,17697,958,0.267,0.031,0.01532,-0.055,0.012
2026-08-20 14:57:01,712.39,2026-08-20,722.0,0.01,0.02,0.02,7029,3838,0.2415,0.0107,0.00682,-0.015,0.0048
2026-08-20 14:57:01,712.39,2026-08-20,723.0,0.01,0.05,0.02,5968,2009,0.289,0.0169,0.00849,-0.03,0.0072
2026-08-20 14:57:01,712.39,2026-08-20,724.0,0.03,0.04,0.03,7653,691,0.3191,0.0178,0.00802,-0.035,0.0075
2026-08-20 14:57:01,712.39,2026-08-20,725.0,0.01,0.04,0.01,6431,2386,0.3266,0.0129,0.00594,-0.025,0.0057
2026-08-20 14:57:01,712.39,2026-08-20,726.0,0.03,0.04,0.03,3760,659,0.3652,0.0158,0.00633,-0.035,0.0068
2026-08-20 14:57:01,712.39,2026-08-20,727.0,0.01,0.04,0.03,5666,761,0.3706,0.0115,0.00475,-0.025,0.0051
2026-08-20 14:58:04,712.25,2026-08-20,698.0,13.49,15.83,18.16,7,2,0.6122,0.9171,0.01461,-0.415,0.0261
2026-08-20 14:58:04,712.25,2026-08-20,699.0,12.31,15.15,14.64,3,1,0.6044,0.904,0.01651,-0.485,0.0291
2026-08-20 14:58:04,712.25,2026-08-20,700.0,11.9,13.9,13.2,113,37,0.623,0.8791,0.01891,-0.655,0.0343
2026-08-20 14:58:04,712.25,2026-08-20,701.0,10.56,12.92,11.5,166,,0.539,0.8925,0.02009,-0.495,0.0316
2026-08-20 14:58:04,712.25,2026-08-20,702.0,10.25,11.42,10.34,118,7,0.5318,0.8739,0.02281,-0.59,0.0354
2026-08-20 14:58:04,712.25,2026-08-20,703.0,9.2,11.28,10.44,35,52,0.5943,0.8228,0.02561,-0.995,0.0444
2026-08-20 14:58:04,712.25,2026-08-20,704.0,8.33,10.23,9.7,176,6,0.5618,0.8088,0.02841,-1.035,0.0465
2026-08-20 14:58:04,712.25,2026-08-20,705.0,7.32,7.94,7.87,1049,63,0.3647,0.8804,0.03206,-0.385,0.0341
2026-08-20 14:58:04,712.25,2026-08-20,706.0,6.35,7.5,7.38,1275,7,0.4013,0.822,0.03804,-0.68,0.0445
2026-08-20 14:58:04,712.25,2026-08-20,707.0,5.58,5.69,5.56,1580,4,0.2929,0.8554,0.0455,-0.39,0.0388
2026-08-20 14:58:04,712.25,2026-08-20,708.0,4.71,4.92,5.02,1620,12,0.2949,0.8031,0.05509,-0.57,0.0473
2026-08-20 14:58:04,712.25,2026-08-20,709.0,3.98,4.04,4.19,2797,94,0.2888,0.7475,0.06479,-0.765,0.0545
2026-08-20 14:58:04,712.25,2026-08-20,710.0,3.16,3.27,3.29,11541,259,0.275,0.6865,0.07551,-0.97,0.0605
2026-08-20 14:58:04,712.25,2026-08-20,711.0,2.45,2.47,2.52,15547,65,0.2582,0.614,0.08678,-1.215,0.0653
2026-08-20 14:58:04,712.25,2026-08-20,712.0,1.82,1.91,1.88,51708,313,0.2542,0.5253,0.09177,-1.62,0.068
2026-08-20 14:58:04,712.25,2026-08-20,713.0,1.3,1.36,1.36,80292,94,0.2455,0.4314,0.09377,-1.33,0.0671
2026-08-20 14:58:04,712.25,2026-08-20,714.0,0.89,0.94,0.94,96403,212,0.2404,0.3373,0.089,-0.915,0.0624
2026-08-20 14:58:04,712.25,2026-08-20,715.0,0.57,0.58,0.58,114885,214,0.2317,0.2457,0.07961,-0.575,0.0537
2026-08-20 14:58:04,712.25,2026-08-20,716.0,0.35,0.36,0.36,58898,290,0.2287,0.1705,0.06495,-0.355,0.0433
2026-08-20 14:58:04,712.25,2026-08-20,717.0,0.19,0.24,0.24,61793,1003,0.2285,0.1136,0.04933,-0.215,0.0328
2026-08-20 14:58:04,712.25,2026-08-20,718.0,0.15,0.16,0.16,52894,1836,0.2409,0.0828,0.0371,-0.155,0.026
2026-08-20 14:58:04,712.25,2026-08-20,719.0,0.05,0.06,0.1,22574,945,0.2194,0.0369,0.02154,-0.055,0.0138
2026-08-20 14:58:04,712.25,2026-08-20,720.0,0.07,0.08,0.04,29740,2008,0.2599,0.0417,0.02009,-0.075,0.0152
2026-08-20 14:58:04,712.25,2026-08-20,721.0,0.05,0.06,0.06,17815,958,0.2713,0.0306,0.01495,-0.055,0.0118
2026-08-20 14:58:04,712.25,2026-08-20,722.0,0.01,0.05,0.04,7078,3838,0.2698,0.018,0.00962,-0.03,0.0076
2026-08-20 14:58:04,712.25,2026-08-20,723.0,0.01,0.05,0.04,6002,2009,0.2931,0.0167,0.00831,-0.03,0.0071
2026-08-20 14:58:04,712.25,2026-08-20,724.0,0.01,0.02,0.02,7659,691,0.2884,0.0091,0.00499,-0.015,0.0042
2026-08-20 14:58:04,712.25,2026-08-20,725.0,0.03,0.04,0.03,6431,2386,0.3464,0.0165,0.00697,-0.035,0.007
2026-08-20 14:58:04,712.25,2026-08-20,726.0,0.01,0.02,0.02,3762,659,0.3306,0.008,0.0039,-0.015,0.0038
2026-08-20 14:58:04,712.25,2026-08-20,727.0,0.03,0.04,0.03,5678,761,0.392,0.0148,0.0056,-0.035,0.0064
2026-08-20 14:59:05,712.58,2026-08-20,698.0,13.41,15.94,18.16,7,2,0.4487,0.9734,0.00805,-0.095,0.0105
2026-08-20 14:59:05,712.58,2026-08-20,699.0,12.59,15.2,14.64,3,1,0.5511,0.9289,0.01446,-0.315,0.0232
2026-08-20 14:59:05,712.58,2026-08-20,700.0,12.09,14.33,13.2,113,37,0.6284,0.8837,0.01826,-0.63,0.0334
2026-08-20 14:59:05,712.58,2026-08-20,701.0,10.45,13.13,12.54,166,,0.4411,0.9406,0.01571,-0.21,0.0201
2026-08-20 14:59:05,712.58,2026-08-20,702.0,9.99,11.44,11.3,121,7,0.3707,0.9548,0.01504,-0.135,0.0162
2026-08-20 14:59:05,712.58,2026-08-20,703.0,9.18,11.2,10.44,35,52,0.5136,0.8664,0.02462,-0.61,0.0368
2026-08-20 14:59:05,712.58,2026-08-20,704.0,8.189,10.21,9.7,176,6,0.4786,0.8567,0.02771,-0.6195,0.0386
2026-08-20 14:59:05,712.58,2026-08-20,705.0,7.27,7.72,7.87,1049,63,,,,,
2026-08-20 14:59:05,712.58,2026-08-20,706.0,6.19,7.49,7.54,1276,7,0.303,0.9009,0.03375,-0.26,0.0297
2026-08-20 14:59:05,712.58,2026-08-20,707.0,5.88,5.93,5.56,1581,4,0.2881,0.8744,0.04205,-0.325,0.0352
2026-08-20 14:59:05,712.58,2026-08-20,708.0,5.06,5.12,4.7,1640,12,0.296,0.8205,0.05189,-0.51,0.0447
2026-08-20 14:59:05,712.58,2026-08-20,709.0,4.19,4.23,3.79,2830,94,0.2788,0.777,0.06278,-0.63,0.0509
2026-08-20 14:59:05,712.58,2026-08-20,710.0,3.35,3.41,3.36,11585,259,0.2635,0.7198,0.07494,-0.8,0.0574
2026-08-20 14:59:05,712.58,2026-08-20,711.0,2.65,2.68,2.4,15554,65,0.2578,0.6432,0.08485,-1.085,0.0636
2026-08-20 14:59:05,712.58,2026-08-20,712.0,1.99,2.009,1.98,51788,313,0.2477,0.5575,0.09349,-1.4195,0.0673
2026-08-20 14:59:05,712.58,2026-08-20,713.0,1.41,1.46,1.46,81330,94,0.2393,0.4619,0.09732,-1.435,0.0677
2026-08-20 14:59:05,712.58,2026-08-20,714.0,0.96,0.97,0.97,97035,212,0.2302,0.3616,0.09546,-0.965,0.0639
2026-08-20 14:59:05,712.58,2026-08-20,715.0,0.61,0.66,0.66,115433,214,0.2273,0.2689,0.08514,-0.635,0.0563
2026-08-20 14:59:05,712.58,2026-08-20,716.0,0.36,0.37,0.37,59396,290,0.218,0.1812,0.07091,-0.365,0.0449
2026-08-20 14:59:05,712.58,2026-08-20,717.0,0.2,0.21,0.21,62420,1003,0.2143,0.1153,0.05323,-0.205,0.0332
2026-08-20 14:59:05,712.58,2026-08-20,718.0,0.15,0.16,0.16,53025,1836,0.2306,0.086,0.03991,-0.155,0.0268
2026-08-20 14:59:05,712.58,2026-08-20,719.0,0.09,0.1,0.06,22632,945,0.2347,0.0559,0.02816,-0.095,0.0192
2026-08-20 14:59:05,712.58,2026-08-20,720.0,0.07,0.08,0.04,29855,2008,0.2511,0.043,0.02134,-0.075,0.0156
2026-08-20 14:59:05,712.58,2026-08-20,721.0,0.05,0.06,0.06,17836,958,0.2631,0.0315,0.0158,-0.055,0.0121
2026-08-20 14:59:05,712.58,2026-08-20,722.0,0.04,0.05,0.04,7079,3838,0.2792,0.0251,0.0123,-0.045,0.01
2026-08-20 14:59:05,712.58,2026-08-20,723.0,0.01,0.02,0.02,6003,2009,0.26,0.01,0.00601,-0.015,0.0045
2026-08-20 14:59:05,712.58,2026-08-20,724.0,0.03,0.04,0.02,7660,691,0.3158,0.018,0.00822,-0.035,0.0075
2026-08-20 14:59:05,712.58,2026-08-20,725.0,0.03,0.04,0.03,6513,2386,0.339,0.0169,0.00725,-0.035,0.0071
2026-08-20 14:59:05,712.58,2026-08-20,726.0,0.03,0.04,0.01,3763,659,0.3621,0.0159,0.00646,-0.035,0.0068
2026-08-20 14:59:05,712.58,2026-08-20,727.0,0.03,0.04,0.03,5681,761,0.3849,0.0151,0.0058,-0.035,0.0065
2026-08-20 15:00:06,713.12,2026-08-20,699.0,12.45,15.35,14.64,3,1,,,,,
2026-08-20 15:00:06,713.12,2026-08-20,700.0,11.81,14.04,13.2,113,37,,,,,
2026-08-20 15:00:06,713.12,2026-08-20,701.0,10.67,13.09,12.54,166,,,,,,
2026-08-20 15:00:06,713.12,2026-08-20,702.0,9.98,11.32,11.55,121,7,,,,,
2026-08-20 15:00:06,713.12,2026-08-20,703.0,9.07,11.11,10.44,35,52,,,,,
2026-08-20 15:00:06,713.12,2026-08-20,704.0,8.109,10.2,9.7,176,6,0.2297,0.9907,0.00638,-0.0295,0.0043
2026-08-20 15:00:06,713.12,2026-08-20,705.0,7.08,8.49,7.87,1050,63,,,,,
2026-08-20 15:00:06,713.12,2026-08-20,706.0,6.26,7.46,7.33,1276,7,,,,,
2026-08-20 15:00:06,713.12,2026-08-20,707.0,6.03,6.38,6.26,1581,4,0.2109,0.9573,0.0253,-0.08,0.0155
2026-08-20 15:00:06,713.12,2026-08-20,708.0,5.15,5.48,5.29,1646,12,0.2305,0.9061,0.04267,-0.19,0.0285
2026-08-20 15:00:06,713.12,2026-08-20,709.0,4.44,4.67,4.4,2831,94,0.2598,0.8269,0.05785,-0.43,0.0436
2026-08-20 15:00:06,713.12,2026-08-20,710.0,3.76,3.81,3.81,11601,259,0.2643,0.7588,0.06922,-0.66,0.0531
2026-08-20 15:00:06,713.12,2026-08-20,711.0,3,3.02,3.05,15578,65,0.2553,0.6902,0.08111,-0.885,0.0601
2026-08-20 15:00:06,713.12,2026-08-20,712.0,2.26,2.27,2.31,51956,313,0.2401,0.6112,0.09372,-1.14,0.0653
2026-08-20 15:00:06,713.12,2026-08-20,713.0,1.64,1.65,1.66,82033,94,0.2315,0.5155,0.10111,-1.52,0.0679
2026-08-20 15:00:06,713.12,2026-08-20,714.0,1.16,1.18,1.18,98120,212,0.2296,0.4144,0.09963,-1.17,0.0664
2026-08-20 15:00:06,713.12,2026-08-20,715.0,0.78,0.79,0.79,116299,214,0.2261,0.316,0.09235,-0.785,0.0606
2026-08-20 15:00:06,713.12,2026-08-20,716.0,0.44,0.49,0.49,60183,290,0.2164,0.2203,0.0804,-0.465,0.0505
2026-08-20 15:00:06,713.12,2026-08-20,717.0,0.29,0.3,0.3,62911,1003,0.2194,0.1522,0.06301,-0.295,0.0401
2026-08-20 15:00:06,713.12,2026-08-20,718.0,0.17,0.18,0.14,53292,1836,0.2203,0.0989,0.04641,-0.175,0.0297
2026-08-20 15:00:06,713.12,2026-08-20,719.0,0.06,0.11,0.11,22712,945,0.214,0.055,0.03054,-0.085,0.019
2026-08-20 15:00:06,713.12,2026-08-20,720.0,0.07,0.08,0.04,29940,2008,0.2364,0.0454,0.02368,-0.075,0.0162
2026-08-20 15:00:06,713.12,2026-08-20,721.0,0.01,0.02,0.06,17878,958,0.2043,0.0124,0.00926,-0.015,0.0055
2026-08-20 15:00:06,713.12,2026-08-20,722.0,0.04,0.05,0.04,7108,3838,0.2659,0.0262,0.01341,-0.045,0.0103
2026-08-20 15:00:06,713.12,2026-08-20,723.0,0.01,0.02,0.03,6039,2009,0.2484,0.0104,0.00653,-0.015,0.0047
2026-08-20 15:00:06,713.12,2026-08-20,724.0,0.01,0.02,0.03,7660,691,0.2701,0.0097,0.00563,-0.015,0.0044
2026-08-20 15:00:06,713.12,2026-08-20,725.0,0.03,0.04,0.03,6718,2386,0.3267,0.0175,0.00775,-0.035,0.0073
2026-08-20 15:00:06,713.12,2026-08-20,726.0,0.01,0.02,0.03,3763,659,0.3128,0.0085,0.00433,-0.015,0.0039
2026-08-20 15:00:06,713.12,2026-08-20,727.0,0.03,0.04,0.02,5686,761,0.3728,0.0155,0.00614,-0.035,0.0066
2026-08-20 15:00:06,713.12,2026-08-20,728.0,0,0.01,0.01,2197,1221,0.3386,0.0055,0.00271,-0.01,0.0027
2026-08-20 15:01:09,713.41,2026-08-20,699.0,12.65,15.53,14.64,3,1,,,,,
2026-08-20 15:01:09,713.41,2026-08-20,700.0,12.02,14.2,13.2,113,37,,,,,
2026-08-20 15:01:09,713.41,2026-08-20,701.0,10.76,13.09,12.54,166,,,,,,
2026-08-20 15:01:09,713.41,2026-08-20,702.0,9.97,11.86,11.55,121,7,,,,,
2026-08-20 15:01:09,713.41,2026-08-20,703.0,9.05,11.37,10.44,35,52,,,,,
2026-08-20 15:01:09,713.41,2026-08-20,704.0,8.05,10.23,9.7,176,6,,,,,
2026-08-20 15:01:09,713.41,2026-08-20,705.0,7.06,8.71,8.51,1050,63,,,,,
2026-08-20 15:01:09,713.41,2026-08-20,706.0,6.14,7.86,7.33,1276,7,,,,,
2026-08-20 15:01:09,713.41,2026-08-20,707.0,6.05,6.82,6.26,1582,4,0.1592,0.9915,0.00856,-0.025,0.0039
2026-08-20 15:01:09,713.41,2026-08-20,708.0,5.45,5.91,5.46,1655,12,0.2666,0.8858,0.04259,-0.27,0.0329
2026-08-20 15:01:09,713.41,2026-08-20,709.0,4.8,4.81,4.72,2869,94,0.2632,0.8401,0.05431,-0.395,0.0414
2026-08-20 15:01:09,713.41,2026-08-20,710.0,3.98,4.019,4.04,11617,259,0.2639,0.7789,0.06615,-0.5895,0.0505
2026-08-20 15:01:09,713.41,2026-08-20,711.0,3.15,3.19,3.19,15613,65,0.2488,0.7182,0.07979,-0.76,0.0574
2026-08-20 15:01:09,713.41,2026-08-20,712.0,2.35,2.42,2.47,52147,313,0.2314,0.6427,0.09478,-0.975,0.0635
2026-08-20 15:01:09,713.41,2026-08-20,713.0,1.75,1.76,1.85,83020,94,0.2258,0.5454,0.1032,-1.345,0.0674
2026-08-20 15:01:09,713.41,2026-08-20,714.0,1.21,1.26,1.26,99194,212,0.2215,0.4407,0.10469,-1.235,0.0671
2026-08-20 15:01:09,713.41,2026-08-20,715.0,0.76,0.81,0.84,117461,214,0.2114,0.3321,0.10094,-0.785,0.0618
2026-08-20 15:01:09,713.41,2026-08-20,716.0,0.46,0.52,0.52,60478,290,0.209,0.2358,0.0866,-0.49,0.0524
2026-08-20 15:01:09,713.41,2026-08-20,717.0,0.28,0.29,0.31,63240,1003,0.2064,0.1557,0.06806,-0.285,0.0406
2026-08-20 15:01:09,713.41,2026-08-20,718.0,0.16,0.17,0.18,53488,1836,0.2078,0.099,0.0493,-0.165,0.0296
2026-08-20 15:01:09,713.41,2026-08-20,719.0,0.1,0.11,0.07,22827,945,0.2158,0.0656,0.03477,-0.105,0.0217
2026-08-20 15:01:09,713.41,2026-08-20,720.0,0.07,0.08,0.08,30095,2008,0.2289,0.0467,0.02508,-0.075,0.0166
2026-08-20 15:01:09,713.41,2026-08-20,721.0,0.01,0.06,0.06,17913,958,0.2244,0.0244,0.015,-0.035,0.0097
2026-08-20 15:01:09,713.41,2026-08-20,722.0,0.01,0.02,0.02,7133,3838,0.2205,0.0116,0.0081,-0.015,0.0052
2026-08-20 15:01:09,713.41,2026-08-20,723.0,0.01,0.02,0.03,6039,2009,0.2425,0.0107,0.00684,-0.015,0.0048
2026-08-20 15:01:09,713.41,2026-08-20,724.0,0.01,0.04,0.03,7660,691,0.2829,0.0147,0.00774,-0.025,0.0063
2026-08-20 15:01:09,713.41,2026-08-20,725.0,0.03,0.04,0.03,6761,2386,0.3205,0.0178,0.00804,-0.035,0.0075
2026-08-20 15:01:09,713.41,2026-08-20,726.0,0.01,0.02,0.03,3763,659,0.3072,0.0086,0.00448,-0.015,0.004
2026-08-20 15:01:09,713.41,2026-08-20,727.0,0.03,0.04,0.01,5690,761,0.3668,0.0158,0.00634,-0.035,0.0067
2026-08-20 15:01:09,713.41,2026-08-20,728.0,0,0.03,0.01,2222,1221,0.3333,0.0055,0.00279,-0.01,0.0027
2026-08-20 15:02:10,714.37,2026-08-20,700.0,12.55,14.89,13.2,113,37,,,,,
2026-08-20 15:02:10,714.37,2026-08-20,701.0,11.72,13.87,12.54,166,,,,,,
2026-08-20 15:02:10,714.37,2026-08-20,702.0,10.68,12.84,11.55,121,7,,,,,
2026-08-20 15:02:10,714.37,2026-08-20,703.0,9.41,11.56,10.44,35,52,,,,,
2026-08-20 15:02:10,714.37,2026-08-20,704.0,8.76,10.75,9.7,176,6,,,,,
2026-08-20 15:02:10,714.37,2026-08-20,705.0,7.73,9.75,8.51,1050,63,,,,,
2026-08-20 15:02:10,714.37,2026-08-20,706.0,8.17,8.72,8.2,1277,7,0.2688,0.9678,0.0158,-0.075,0.0123
2026-08-20 15:02:10,714.37,2026-08-20,707.0,7.17,7.74,7.05,1582,4,0.2492,0.9604,0.02017,-0.085,0.0145
2026-08-20 15:02:10,714.37,2026-08-20,708.0,6.2,6.84,6.53,1779,12,0.2551,0.9308,0.03067,-0.15,0.0226
2026-08-20 15:02:10,714.37,2026-08-20,709.0,5.53,5.94,5.39,2877,94,0.2922,0.8625,0.04424,-0.365,0.0374
2026-08-20 15:02:10,714.37,2026-08-20,710.0,4.69,4.86,4.64,11628,259,0.2641,0.8372,0.05479,-0.405,0.0419
2026-08-20 15:02:10,714.37,2026-08-20,711.0,4,4.019,3.74,15820,65,0.272,0.7695,0.06572,-0.6395,0.0517
2026-08-20 15:02:10,714.37,2026-08-20,712.0,3.11,3.17,3.11,52420,313,0.2486,0.7152,0.08027,-0.77,0.0577
2026-08-20 15:02:10,714.37,2026-08-20,713.0,2.45,2.47,2.35,83775,94,0.2473,0.6305,0.08976,-1.09,0.0642
2026-08-20 15:02:10,714.37,2026-08-20,714.0,1.8,1.81,1.8,100817,212,0.2365,0.5395,0.09872,-1.435,0.0675
2026-08-20 15:02:10,714.37,2026-08-20,715.0,1.23,1.29,1.23,118562,214,0.2279,0.4383,0.10169,-1.26,0.067
2026-08-20 15:02:10,714.37,2026-08-20,716.0,0.85,0.86,0.78,61315,290,0.225,0.3378,0.09555,-0.855,0.0622
2026-08-20 15:02:10,714.37,2026-08-20,717.0,0.47,0.53,0.46,64189,1003,0.2128,0.2363,0.08519,-0.5,0.0524
2026-08-20 15:02:10,714.37,2026-08-20,718.0,0.27,0.32,0.31,53890,1836,0.2104,0.1576,0.06732,-0.295,0.041
2026-08-20 15:02:10,714.37,2026-08-20,719.0,0.15,0.16,0.18,22857,945,0.2057,0.0948,0.04824,-0.155,0.0287
2026-08-20 15:02:10,714.37,2026-08-20,720.0,0.12,0.13,0.11,30223,2008,0.2259,0.0731,0.03615,-0.125,0.0236
2026-08-20 15:02:10,714.37,2026-08-20,721.0,0.08,0.09,0.06,18043,958,0.2359,0.0507,0.026,-0.085,0.0177
2026-08-20 15:02:10,714.37,2026-08-20,722.0,0.06,0.07,0.06,7176,3838,0.2507,0.0381,0.01943,-0.065,0.0141
2026-08-20 15:02:10,714.37,2026-08-20,723.0,0.01,0.05,0.03,6059,2009,0.2442,0.0197,0.01154,-0.03,0.0081
2026-08-20 15:02:10,714.37,2026-08-20,724.0,0.01,0.02,0.02,7661,691,0.2435,0.0106,0.00679,-0.015,0.0048
2026-08-20 15:02:10,714.37,2026-08-20,725.0,0.03,0.04,0.01,6767,2386,0.298,0.019,0.00914,-0.035,0.0079
2026-08-20 15:02:10,714.37,2026-08-20,726.0,0.03,0.04,0.03,3763,659,0.3215,0.0177,0.008,-0.035,0.0074
2026-08-20 15:02:10,714.37,2026-08-20,727.0,0.01,0.04,0.03,5690,761,0.329,0.0129,0.00593,-0.025,0.0056
2026-08-20 15:02:10,714.37,2026-08-20,728.0,0,0.03,0.01,2222,1221,0.3141,0.0058,0.00311,-0.01,0.0028
2026-08-20 15:02:10,714.37,2026-08-20,729.0,0,0.01,0.01,2956,776,0.3342,0.0055,0.00278,-0.01,0.0027
2026-08-20 15:03:13,713.89,2026-08-20,699.0,13.32,15.83,14.64,3,1,,,,,
2026-08-20 15:03:13,713.89,2026-08-20,700.0,12.77,14.81,13.2,113,37,,,,,
2026-08-20 15:03:13,713.89,2026-08-20,701.0,11.38,13.78,12.54,166,,,,,,
2026-08-20 15:03:13,713.89,2026-08-20,702.0,10.7,12.8,11.55,121,7,,,,,
2026-08-20 15:03:13,713.89,2026-08-20,703.0,9.56,11.9,10.44,35,52,,,,,
2026-08-20 15:03:13,713.89,2026-08-20,704.0,8.97,10.82,9.7,176,6,,,,,
2026-08-20 15:03:13,713.89,2026-08-20,705.0,7.91,9.24,8.51,1050,63,,,,,
2026-08-20 15:03:13,713.89,2026-08-20,706.0,7.85,8.82,8.2,1279,7,0.4078,0.8758,0.02962,-0.445,0.0348
2026-08-20 15:03:13,713.89,2026-08-20,707.0,6.89,7.1,7.05,1584,4,0.2488,0.9503,0.02433,-0.105,0.0174
2026-08-20 15:03:13,713.89,2026-08-20,708.0,5.96,6.3,5.91,1782,12,0.2744,0.8993,0.03789,-0.24,0.0299
2026-08-20 15:03:13,713.89,2026-08-20,709.0,5.09,5.3,5.05,2883,94,0.2589,0.8696,0.04828,-0.305,0.036
2026-08-20 15:03:13,713.89,2026-08-20,710.0,4.38,4.44,4.32,11650,259,0.2711,0.8037,0.06018,-0.52,0.047
2026-08-20 15:03:13,713.89,2026-08-20,711.0,3.51,3.58,3.53,15957,65,0.2536,0.7518,0.07358,-0.655,0.0537
2026-08-20 15:03:13,713.89,2026-08-20,712.0,2.75,2.77,2.75,52701,313,0.2415,0.6805,0.08724,-0.87,0.0606
2026-08-20 15:03:13,713.89,2026-08-20,713.0,2.11,2.14,2.06,84472,94,0.2412,0.5889,0.09507,-1.235,0.066
2026-08-20 15:03:13,713.89,2026-08-20,714.0,1.54,1.56,1.54,102495,212,0.2358,0.4919,0.09971,-1.55,0.0677
2026-08-20 15:03:13,713.89,2026-08-20,715.0,1.02,1.08,1.02,119365,214,0.2266,0.3892,0.09975,-1.05,0.065
2026-08-20 15:03:13,713.89,2026-08-20,716.0,0.69,0.71,0.69,61980,290,0.2247,0.2927,0.09018,-0.7,0.0583
2026-08-20 15:03:13,713.89,2026-08-20,717.0,0.39,0.4,0.39,64702,1003,0.2129,0.1972,0.07684,-0.395,0.0471
2026-08-20 15:03:13,713.89,2026-08-20,718.0,0.22,0.23,0.26,54134,1836,0.2103,0.1269,0.0583,-0.225,0.0353
2026-08-20 15:03:13,713.89,2026-08-20,719.0,0.12,0.13,0.16,22935,945,0.2103,0.0778,0.04081,-0.125,0.0247
2026-08-20 15:03:13,713.89,2026-08-20,720.0,0.1,0.11,0.07,30343,2008,0.2319,0.0618,0.031,-0.105,0.0207
2026-08-20 15:03:13,713.89,2026-08-20,721.0,0.07,0.08,0.08,18046,958,0.2439,0.0443,0.02262,-0.075,0.0159
2026-08-20 15:03:13,713.89,2026-08-20,722.0,0.05,0.06,0.05,7293,3838,0.2564,0.0324,0.01666,-0.055,0.0123
2026-08-20 15:03:13,713.89,2026-08-20,723.0,0.01,0.02,0.05,6224,2009,0.2326,0.0111,0.0074,-0.015,0.005
2026-08-20 15:03:13,713.89,2026-08-20,724.0,0.04,0.05,0.04,7708,691,0.2977,0.0238,0.0111,-0.045,0.0095
2026-08-20 15:03:13,713.89,2026-08-20,725.0,0.03,0.04,0.03,6819,2386,0.3101,0.0184,0.00856,-0.035,0.0076
2026-08-20 15:03:13,713.89,2026-08-20,726.0,0.03,0.04,0.03,3775,659,0.3336,0.0172,0.00753,-0.035,0.0072
2026-08-20 15:03:13,713.89,2026-08-20,727.0,0.03,0.04,0.03,5690,761,0.3568,0.0162,0.00669,-0.035,0.0069
2026-08-20 15:03:13,713.89,2026-08-20,728.0,0,0.01,0.01,2223,1221,0.3245,0.0057,0.00295,-0.01,0.0028
2026-08-20 15:04:14,714.25,2026-08-20,700.0,12.79,14.87,13.2,113,37,,,,,
2026-08-20 15:04:14,714.25,2026-08-20,701.0,11.39,13.92,12.54,166,,,,,,
2026-08-20 15:04:14,714.25,2026-08-20,702.0,10.49,12.49,11.55,121,7,,,,,
2026-08-20 15:04:14,714.25,2026-08-20,703.0,9.52,11.9,10.44,35,52,,,,,
2026-08-20 15:04:14,714.25,2026-08-20,704.0,8.81,10.64,9.7,176,6,,,,,
2026-08-20 15:04:14,714.25,2026-08-20,705.0,7.97,9.3,8.51,1050,63,,,,,
2026-08-20 15:04:14,714.25,2026-08-20,706.0,7.6,8.95,7.57,1279,7,0.2004,0.9929,0.00582,-0.025,0.0034
2026-08-20 15:04:14,714.25,2026-08-20,707.0,6.78,7.5,6.73,1584,4,,,,,
2026-08-20 15:04:14,714.25,2026-08-20,708.0,6.24,6.43,5.89,1805,12,0.2188,0.9555,0.02535,-0.085,0.0159
2026-08-20 15:04:14,714.25,2026-08-20,709.0,5.37,5.67,5.36,2887,94,0.262,0.8837,0.04406,-0.27,0.0331
2026-08-20 15:04:14,714.25,2026-08-20,710.0,4.52,4.76,4.57,11676,259,0.2568,0.8381,0.05635,-0.39,0.0415
2026-08-20 15:04:14,714.25,2026-08-20,711.0,3.65,3.79,3.78,16073,65,0.2337,0.7966,0.0714,-0.47,0.0479
2026-08-20 15:04:14,714.25,2026-08-20,712.0,2.97,2.98,2.97,53145,313,0.2358,0.7161,0.08484,-0.725,0.0574
2026-08-20 15:04:14,714.25,2026-08-20,713.0,2.27,2.31,2.27,85224,94,0.2334,0.6269,0.09575,-1.04,0.0641
2026-08-20 15:04:14,714.25,2026-08-20,714.0,1.7,1.73,1.7,103895,212,0.2335,0.528,0.10061,-1.465,0.0674
2026-08-20 15:04:14,714.25,2026-08-20,715.0,1.17,1.19,1.16,120878,214,0.2245,0.4247,0.103,-1.18,0.0664
2026-08-20 15:04:14,714.25,2026-08-20,716.0,0.76,0.77,0.76,62649,290,0.2175,0.3202,0.09707,-0.765,0.0606
2026-08-20 15:04:14,714.25,2026-08-20,717.0,0.47,0.52,0.47,65432,1003,0.218,0.2309,0.0824,-0.495,0.0516
2026-08-20 15:04:14,714.25,2026-08-20,718.0,0.27,0.28,0.27,54506,1836,0.2108,0.1492,0.06505,-0.275,0.0394
2026-08-20 15:04:14,714.25,2026-08-20,719.0,0.15,0.2,0.15,23109,945,0.2173,0.1005,0.04785,-0.175,0.0298
2026-08-20 15:04:14,714.25,2026-08-20,720.0,0.12,0.13,0.12,30630,2008,0.2304,0.0722,0.03521,-0.125,0.0233
2026-08-20 15:04:14,714.25,2026-08-20,721.0,0.04,0.05,0.05,18052,958,0.2132,0.0319,0.01985,-0.045,0.0121
2026-08-20 15:04:14,714.25,2026-08-20,722.0,0.02,0.07,0.03,7341,3838,0.2389,0.0289,0.0163,-0.045,0.0112
2026-08-20 15:04:14,714.25,2026-08-20,723.0,0.05,0.06,0.05,6258,2009,0.2733,0.0307,0.01496,-0.055,0.0117
2026-08-20 15:04:14,714.25,2026-08-20,724.0,0.01,0.05,0.04,7713,691,0.2717,0.018,0.00962,-0.03,0.0075
2026-08-20 15:04:14,714.25,2026-08-20,725.0,0.01,0.04,0.03,6832,2386,0.2877,0.0145,0.00757,-0.025,0.0062
2026-08-20 15:04:14,714.25,2026-08-20,726.0,0.01,0.04,0.03,3780,659,0.3104,0.0136,0.00661,-0.025,0.0059
2026-08-20 15:04:14,714.25,2026-08-20,727.0,0.03,0.04,0.03,5690,761,0.3489,0.0165,0.00697,-0.035,0.007
2026-08-20 15:04:14,714.25,2026-08-20,728.0,0,0.03,0.01,2227,1221,0.3176,0.0058,0.00307,-0.01,0.0028
2026-08-20 15:04:14,714.25,2026-08-20,729.0,0,0.03,0.01,3102,776,0.3379,0.0055,0.00275,-0.01,0.0027
2026-08-20 15:05:15,713.53,2026-08-20,699.0,13.48,15.46,14.64,3,1,,,,,
2026-08-20 15:05:15,713.53,2026-08-20,700.0,12.6,14.64,13.2,113,37,0.4207,0.9731,0.00873,-0.09,0.0105
2026-08-20 15:05:15,713.53,2026-08-20,701.0,11.6,13.98,12.54,166,,0.4985,0.9343,0.01518,-0.26,0.0216
2026-08-20 15:05:15,713.53,2026-08-20,702.0,10.43,12.49,11.55,121,7,,,,,
2026-08-20 15:05:15,713.53,2026-08-20,703.0,9.61,11.8,10.44,35,52,0.3956,0.9446,0.01675,-0.175,0.0189
2026-08-20 15:05:15,713.53,2026-08-20,704.0,8.97,10.86,9.7,176,6,0.449,0.8983,0.02341,-0.385,0.03
2026-08-20 15:05:15,713.53,2026-08-20,705.0,7.79,9.3,8,1060,63,,,,,
2026-08-20 15:05:15,713.53,2026-08-20,706.0,7.6,8.86,7.57,1279,7,0.4622,0.8357,0.0317,-0.7,0.0418
2026-08-20 15:05:15,713.53,2026-08-20,707.0,6.63,6.84,6.73,1584,4,0.2844,0.9149,0.03239,-0.205,0.0263
2026-08-20 15:05:15,713.53,2026-08-20,708.0,5.82,6.01,5.82,1810,12,0.3055,0.8605,0.04302,-0.385,0.0375
2026-08-20 15:05:15,713.53,2026-08-20,709.0,4.89,5.09,5.03,2889,94,0.2853,0.8289,0.05272,-0.46,0.0429
2026-08-20 15:05:15,713.53,2026-08-20,710.0,4.019,4.04,4.19,11793,259,0.2526,0.7985,0.0659,-0.4995,0.0475
2026-08-20 15:05:15,713.53,2026-08-20,711.0,3.17,3.2,3.24,16098,65,0.2376,0.7384,0.08104,-0.655,0.055
2026-08-20 15:05:15,713.53,2026-08-20,712.0,2.52,2.55,2.51,53669,313,0.2446,0.6471,0.08988,-1.005,0.0628
2026-08-20 15:05:15,713.53,2026-08-20,713.0,1.91,1.94,1.91,85928,94,0.2429,0.5542,0.0963,-1.395,0.0668
2026-08-20 15:05:15,713.53,2026-08-20,714.0,1.29,1.3,1.29,104904,212,0.224,0.4535,0.10467,-1.295,0.0669
2026-08-20 15:05:15,713.53,2026-08-20,715.0,0.92,0.94,0.92,121884,214,0.2296,0.3552,0.09598,-0.93,0.0629
2026-08-20 15:05:15,713.53,2026-08-20,716.0,0.55,0.57,0.55,63109,290,0.2181,0.254,0.08696,-0.56,0.0542
2026-08-20 15:05:15,713.53,2026-08-20,717.0,0.37,0.38,0.39,65670,1003,0.2242,0.1823,0.06982,-0.375,0.0447
2026-08-20 15:05:15,713.53,2026-08-20,718.0,0.22,0.23,0.24,54577,1836,0.2239,0.1209,0.05315,-0.225,0.034
2026-08-20 15:05:15,713.53,2026-08-20,719.0,0.1,0.15,0.1,23170,945,0.2224,0.0745,0.03749,-0.125,0.0238
2026-08-20 15:05:15,713.53,2026-08-20,720.0,0.06,0.07,0.06,30890,2008,0.2208,0.0428,0.0244,-0.065,0.0154
2026-08-20 15:05:15,713.53,2026-08-20,721.0,0.03,0.04,0.05,18052,958,0.2229,0.0247,0.01535,-0.035,0.0098
2026-08-20 15:05:15,713.53,2026-08-20,722.0,0.06,0.07,0.03,7354,3838,0.2748,0.0354,0.0168,-0.065,0.0132
2026-08-20 15:05:15,713.53,2026-08-20,723.0,0.01,0.06,0.05,6258,2009,0.272,0.0207,0.01084,-0.035,0.0084
2026-08-20 15:05:15,713.53,2026-08-20,724.0,0.01,0.05,0.04,7713,691,0.2894,0.0171,0.00865,-0.03,0.0071
2026-08-20 15:05:15,713.53,2026-08-20,725.0,0.03,0.04,0.02,6853,2386,0.3198,0.0179,0.00816,-0.035,0.0075
2026-08-20 15:05:15,713.53,2026-08-20,726.0,0.03,0.04,0.01,3780,659,0.3433,0.0168,0.00721,-0.035,0.0071
2026-08-20 15:05:15,713.53,2026-08-20,727.0,0.03,0.04,0.03,5690,761,0.3665,0.0159,0.00642,-0.035,0.0067
2026-08-20 15:05:15,713.53,2026-08-20,728.0,0,0.03,0.01,2227,1221,0.3331,0.0056,0.00283,-0.01,0.0027
2026-08-20 15:06:16,712.62,2026-08-20,698.0,14.41,16.28,18.16,7,2,0.7389,0.8843,0.01566,-0.725,0.0328
2026-08-20 15:06:16,712.62,2026-08-20,699.0,13.54,15.63,14.64,3,1,0.7693,0.858,0.01734,-0.965,0.0379
2026-08-20 15:06:16,712.62,2026-08-20,700.0,12.5,14.53,13.2,113,37,0.7123,0.8579,0.01874,-0.895,0.0379
2026-08-20 15:06:16,712.62,2026-08-20,701.0,11.17,13.69,12.54,166,,0.6513,0.8593,0.02036,-0.81,0.0376
2026-08-20 15:06:16,712.62,2026-08-20,702.0,10.14,11.7,11.55,125,7,0.4562,0.9192,0.01949,-0.3,0.0252
2026-08-20 15:06:16,712.62,2026-08-20,703.0,9.26,10.66,10.44,35,52,0.438,0.9066,0.02262,-0.34,0.0281
2026-08-20 15:06:16,712.62,2026-08-20,704.0,8.56,10.47,9.7,176,6,0.5536,0.8259,0.02754,-0.895,0.0433
2026-08-20 15:06:16,712.62,2026-08-20,705.0,7.57,8.13,8,1065,63,0.3307,0.9166,0.02755,-0.23,0.0259
2026-08-20 15:06:16,712.62,2026-08-20,706.0,6.44,8.59,7.57,1279,7,0.4698,0.8018,0.03518,-0.895,0.0469
2026-08-20 15:06:16,712.62,2026-08-20,707.0,5.67,6.33,6.73,1624,4,0.3085,0.8627,0.04226,-0.38,0.037
2026-08-20 15:06:16,712.62,2026-08-20,708.0,5.01,5.03,5.52,1811,12,0.2753,0.8429,0.05184,-0.4,0.0405
2026-08-20 15:06:16,712.62,2026-08-20,709.0,4.12,4.17,4.26,2896,94,0.2626,0.796,0.06405,-0.525,0.0477
2026-08-20 15:06:16,712.62,2026-08-20,710.0,3.24,3.34,3.38,11819,259,0.2454,0.7395,0.07853,-0.67,0.0547
2026-08-20 15:06:16,712.62,2026-08-20,711.0,2.55,2.65,2.61,16175,65,0.2464,0.6546,0.08879,-0.98,0.0621
2026-08-20 15:06:16,712.62,2026-08-20,712.0,2,2.009,2.009,53870,313,0.2481,0.5618,0.09431,-1.3845,0.0664
2026-08-20 15:06:16,712.62,2026-08-20,713.0,1.4,1.41,1.49,86431,94,0.235,0.4646,0.10037,-1.405,0.0669
2026-08-20 15:06:16,712.62,2026-08-20,714.0,0.99,1,1,105576,212,0.2355,0.3668,0.09491,-0.995,0.0634
2026-08-20 15:06:16,712.62,2026-08-20,715.0,0.65,0.71,0.71,122539,214,0.2362,0.2776,0.08425,-0.68,0.0565
2026-08-20 15:06:16,712.62,2026-08-20,716.0,0.44,0.45,0.47,63432,290,0.2364,0.2006,0.07042,-0.445,0.0472
2026-08-20 15:06:16,712.62,2026-08-20,717.0,0.28,0.29,0.28,66123,1003,0.2382,0.1398,0.05542,-0.285,0.0375
2026-08-20 15:06:16,712.62,2026-08-20,718.0,0.17,0.18,0.17,55789,1836,0.2395,0.0932,0.0413,-0.175,0.0281
2026-08-20 15:06:16,712.62,2026-08-20,719.0,0.11,0.12,0.11,23212,945,0.2463,0.0638,0.03012,-0.115,0.0211
2026-08-20 15:06:16,712.62,2026-08-20,720.0,0.08,0.09,0.05,30988,2008,0.2593,0.0471,0.02251,-0.085,0.0166
2026-08-20 15:06:16,712.62,2026-08-20,721.0,0.06,0.07,0.06,18058,958,0.2732,0.0357,0.01705,-0.065,0.0132
2026-08-20 15:06:16,712.62,2026-08-20,722.0,0.05,0.06,0.05,7357,3838,0.2911,0.0291,0.01355,-0.055,0.0112
2026-08-20 15:06:16,712.62,2026-08-20,723.0,0.01,0.06,0.05,6261,2009,0.2948,0.0193,0.00947,-0.035,0.0079
2026-08-20 15:06:16,712.62,2026-08-20,724.0,0.01,0.02,0.04,7715,691,0.2841,0.0093,0.00524,-0.015,0.0042
2026-08-20 15:06:16,712.62,2026-08-20,725.0,0.03,0.04,0.03,6885,2386,0.3422,0.0169,0.00728,-0.035,0.0071
2026-08-20 15:06:16,712.62,2026-08-20,726.0,0.03,0.04,0.02,3785,659,0.3656,0.016,0.00648,-0.035,0.0067
2026-08-20 15:06:16,712.62,2026-08-20,727.0,0.01,0.02,0.03,5690,761,0.3483,0.0078,0.00364,-0.015,0.0036
2026-08-20 15:07:17,712.47,2026-08-20,698.0,14.31,16.49,18.16,7,2,0.7952,0.8651,0.01623,-0.935,0.0365
2026-08-20 15:07:17,712.47,2026-08-20,699.0,13.59,15.36,14.64,3,1,0.7766,0.8535,0.01758,-1.01,0.0386
2026-08-20 15:07:17,712.47,2026-08-20,700.0,12.26,14.19,13.2,113,37,0.671,0.8695,0.0188,-0.76,0.0357
2026-08-20 15:07:17,712.47,2026-08-20,701.0,11.59,13.53,12.54,166,,0.718,0.8333,0.0207,-1.095,0.042
2026-08-20 15:07:17,712.47,2026-08-20,702.0,10.49,11.94,10.64,125,7,0.5923,0.8571,0.02266,-0.75,0.0379
2026-08-20 15:07:17,712.47,2026-08-20,703.0,9.34,10.75,10.44,35,52,0.5083,0.8693,0.02485,-0.58,0.0357
2026-08-20 15:07:17,712.47,2026-08-20,704.0,8.37,10.64,9.7,176,6,0.5809,0.8107,0.02772,-1.04,0.0455
2026-08-20 15:07:17,712.47,2026-08-20,705.0,7.44,7.96,7.72,1065,63,0.3282,0.9142,0.0284,-0.235,0.0263
2026-08-20 15:07:17,712.47,2026-08-20,706.0,6.55,8.71,7.57,1279,7,0.5193,0.774,0.03444,-1.165,0.0506
2026-08-20 15:07:17,712.47,2026-08-20,707.0,5.7,6.25,5.95,1626,4,0.3362,0.8359,0.04377,-0.51,0.0416
2026-08-20 15:07:17,712.47,2026-08-20,708.0,4.8,4.84,5.05,1811,12,0.2585,0.8502,0.05359,-0.355,0.0392
2026-08-20 15:07:17,712.47,2026-08-20,709.0,3.94,4.1,4.1,2909,94,0.2625,0.7864,0.06595,-0.555,0.0489
2026-08-20 15:07:17,712.47,2026-08-20,710.0,3.29,3.33,3.28,11961,259,0.2694,0.7096,0.07563,-0.845,0.0576
2026-08-20 15:07:17,712.47,2026-08-20,711.0,2.53,2.54,2.62,16204,65,0.2525,0.6378,0.08832,-1.07,0.063
2026-08-20 15:07:17,712.47,2026-08-20,712.0,1.91,1.93,1.98,54313,313,0.2487,0.5471,0.09473,-1.455,0.0666
2026-08-20 15:07:17,712.47,2026-08-20,713.0,1.42,1.43,1.44,86962,94,0.2491,0.452,0.09458,-1.425,0.0666
2026-08-20 15:07:17,712.47,2026-08-20,714.0,0.96,1.01,1,106435,212,0.2432,0.3564,0.09118,-0.985,0.0627
2026-08-20 15:07:17,712.47,2026-08-20,715.0,0.6,0.66,0.63,122946,214,0.2351,0.2634,0.08259,-0.63,0.0549
2026-08-20 15:07:17,712.47,2026-08-20,716.0,0.43,0.44,0.43,63744,290,0.2412,0.1942,0.06782,-0.435,0.0462
2026-08-20 15:07:17,712.47,2026-08-20,717.0,0.22,0.27,0.27,66447,1003,0.2332,0.1259,0.05277,-0.245,0.0348
2026-08-20 15:07:17,712.47,2026-08-20,718.0,0.17,0.18,0.17,56128,1836,0.245,0.0915,0.03992,-0.175,0.0276
2026-08-20 15:07:17,712.47,2026-08-20,719.0,0.11,0.12,0.11,23260,945,0.2515,0.0628,0.0292,-0.115,0.0208
2026-08-20 15:07:17,712.47,2026-08-20,720.0,0.04,0.05,0.08,31049,2008,0.2352,0.0295,0.01697,-0.045,0.0113
2026-08-20 15:07:17,712.47,2026-08-20,721.0,0.06,0.07,0.04,18072,958,0.2778,0.0352,0.01662,-0.065,0.0131
2026-08-20 15:07:17,712.47,2026-08-20,722.0,0.05,0.06,0.05,7357,3838,0.2956,0.0288,0.01323,-0.055,0.0111
2026-08-20 15:07:17,712.47,2026-08-20,723.0,0.01,0.06,0.05,6263,2009,0.2991,0.0191,0.00926,-0.035,0.0078
2026-08-20 15:07:17,712.47,2026-08-20,724.0,0.04,0.05,0.04,7735,691,0.3354,0.0216,0.00916,-0.045,0.0087
2026-08-20 15:07:17,712.47,2026-08-20,725.0,0.03,0.04,0.01,6887,2386,0.3465,0.0168,0.00715,-0.035,0.007
2026-08-20 15:07:17,712.47,2026-08-20,726.0,0.01,0.02,0.02,3785,659,0.331,0.0081,0.004,-0.015,0.0037
2026-08-20 15:07:17,712.47,2026-08-20,727.0,0.03,0.04,0.03,5700,761,0.393,0.015,0.00573,-0.035,0.0064
2026-08-20 15:08:20,712.85,2026-08-20,698.0,14.44,16.86,18.16,7,2,0.7723,0.8785,0.01556,-0.8,0.0339
2026-08-20 15:08:20,712.85,2026-08-20,699.0,13.16,15.3,14.64,3,1,0.5957,0.9203,0.01482,-0.38,0.0249
2026-08-20 15:08:20,712.85,2026-08-20,700.0,12.35,14.52,13.2,113,37,0.6339,0.8901,0.01765,-0.585,0.0316
2026-08-20 15:08:20,712.85,2026-08-20,701.0,11.45,13.34,12.54,166,,0.5856,0.8895,0.01919,-0.545,0.0317
2026-08-20 15:08:20,712.85,2026-08-20,702.0,10.41,11.77,10.64,125,7,0.4397,0.9316,0.01785,-0.24,0.0221
2026-08-20 15:08:20,712.85,2026-08-20,703.0,9.43,10.9,10.44,35,52,0.438,0.9124,0.02163,-0.315,0.0267
2026-08-20 15:08:20,712.85,2026-08-20,704.0,8.34,10.51,9.7,176,6,0.4844,0.8649,0.02671,-0.575,0.0365
2026-08-20 15:08:20,712.85,2026-08-20,705.0,7.29,8.119,7.99,1069,63,,,,,
2026-08-20 15:08:20,712.85,2026-08-20,706.0,6.52,8.67,7.57,1279,7,0.4479,0.8219,0.03465,-0.745,0.0438
2026-08-20 15:08:20,712.85,2026-08-20,707.0,5.52,5.99,6.05,1628,4,,,,,
2026-08-20 15:08:20,712.85,2026-08-20,708.0,5.04,5.17,4.97,1823,12,0.2456,0.8824,0.04782,-0.255,0.0331
2026-08-20 15:08:20,712.85,2026-08-20,709.0,4.2,4.25,4.2,2910,94,0.2396,0.8331,0.06215,-0.375,0.042
2026-08-20 15:08:20,712.85,2026-08-20,710.0,3.39,3.44,3.32,11991,259,0.2372,0.7654,0.07706,-0.565,0.0516
2026-08-20 15:08:20,712.85,2026-08-20,711.0,2.61,2.7,2.7,16295,65,0.231,0.686,0.09145,-0.805,0.0596
2026-08-20 15:08:20,712.85,2026-08-20,712.0,2,2.029,1.98,54667,313,0.2304,0.5898,0.1005,-1.1645,0.0653
2026-08-20 15:08:20,712.85,2026-08-20,713.0,1.43,1.49,1.5,87976,94,0.2277,0.4872,0.10428,-1.46,0.067
2026-08-20 15:08:20,712.85,2026-08-20,714.0,1.02,1.03,1.04,107259,212,0.2275,0.3845,0.10004,-1.025,0.0642
2026-08-20 15:08:20,712.85,2026-08-20,715.0,0.69,0.7,0.69,123851,214,0.2282,0.2901,0.08935,-0.695,0.0575
2026-08-20 15:08:20,712.85,2026-08-20,716.0,0.4,0.45,0.45,64024,290,0.2232,0.2029,0.07534,-0.425,0.0474
2026-08-20 15:08:20,712.85,2026-08-20,717.0,0.23,0.24,0.27,66641,1003,0.2168,0.1293,0.05791,-0.235,0.0354
2026-08-20 15:08:20,712.85,2026-08-20,718.0,0.13,0.18,0.17,56207,1836,0.2254,0.0888,0.04246,-0.155,0.027
2026-08-20 15:08:20,712.85,2026-08-20,719.0,0.07,0.08,0.08,23405,945,0.2194,0.049,0.02753,-0.075,0.017
2026-08-20 15:08:20,712.85,2026-08-20,720.0,0.04,0.05,0.06,31110,2008,0.2255,0.0306,0.01829,-0.045,0.0116
2026-08-20 15:08:20,712.85,2026-08-20,721.0,0.02,0.03,0.04,18119,958,0.2293,0.018,0.01148,-0.025,0.0074
2026-08-20 15:08:20,712.85,2026-08-20,722.0,0.01,0.06,0.04,7379,3838,0.2659,0.0212,0.0114,-0.035,0.0086
2026-08-20 15:08:20,712.85,2026-08-20,723.0,0.01,0.02,0.02,6289,2009,0.2581,0.0102,0.00626,-0.015,0.0046
2026-08-20 15:08:20,712.85,2026-08-20,724.0,0.01,0.02,0.02,7748,691,0.28,0.0095,0.00541,-0.015,0.0043
2026-08-20 15:08:20,712.85,2026-08-20,725.0,0.03,0.04,0.03,6889,2386,0.3379,0.0172,0.00749,-0.035,0.0071
2026-08-20 15:08:20,712.85,2026-08-20,726.0,0.01,0.02,0.02,3788,659,0.3232,0.0083,0.00419,-0.015,0.0038
2026-08-20 15:08:20,712.85,2026-08-20,727.0,0.03,0.04,0.03,5700,761,0.3846,0.0153,0.00596,-0.035,0.0065
2026-08-20 15:09:21,712.27,2026-08-20,698.0,14.2,16.25,18.16,7,2,0.7951,0.8629,0.01648,-0.95,0.0368
2026-08-20 15:09:21,712.27,2026-08-20,699.0,12.89,15.07,14.64,3,1,0.6879,0.8795,0.01741,-0.705,0.0336
2026-08-20 15:09:21,712.27,2026-08-20,700.0,11.81,12.39,13.2,113,37,,,,,
2026-08-20 15:09:21,712.27,2026-08-20,701.0,11.11,11.48,12.54,166,,0.2446,0.9973,0.00204,-0.02,0.0014
2026-08-20 15:09:21,712.27,2026-08-20,702.0,9.88,11.64,10.64,125,7,0.5118,0.8879,0.02224,-0.485,0.0319
2026-08-20 15:09:21,712.27,2026-08-20,703.0,8.94,10.54,10.44,35,52,0.4696,0.8839,0.02485,-0.465,0.0327
2026-08-20 15:09:21,712.27,2026-08-20,704.0,8.07,10.24,9.7,176,6,0.5391,0.8238,0.02867,-0.88,0.0434
2026-08-20 15:09:21,712.27,2026-08-20,705.0,7.03,7.63,7.99,1070,63,0.2264,0.9736,0.01616,-0.055,0.0103
2026-08-20 15:09:21,712.27,2026-08-20,706.0,6.18,8.2,7.57,1279,7,0.4618,0.7946,0.03678,-0.915,0.0476
2026-08-20 15:09:21,712.27,2026-08-20,707.0,5.33,5.64,6.16,1631,4,0.2467,0.9012,0.0421,-0.21,0.0291
2026-08-20 15:09:21,712.27,2026-08-20,708.0,4.51,4.62,4.56,1834,12,0.2351,0.8634,0.05557,-0.29,0.0367
2026-08-20 15:09:21,712.27,2026-08-20,709.0,3.67,3.71,3.95,2921,94,0.2257,0.8093,0.07194,-0.415,0.0456
2026-08-20 15:09:21,712.27,2026-08-20,710.0,2.95,2.98,3.06,12025,259,0.2336,0.7222,0.08571,-0.69,0.0562
2026-08-20 15:09:21,712.27,2026-08-20,711.0,2.21,2.24,2.34,16452,65,0.2233,0.6362,0.10038,-0.95,0.0629
2026-08-20 15:09:21,712.27,2026-08-20,712.0,1.69,1.76,1.7,55041,313,0.2357,0.5306,0.10075,-1.45,0.0666
2026-08-20 15:09:21,712.27,2026-08-20,713.0,1.22,1.24,1.24,89088,94,0.2331,0.4292,0.10056,-1.23,0.0658
2026-08-20 15:09:21,712.27,2026-08-20,714.0,0.83,0.85,0.85,108721,212,0.2311,0.3307,0.09363,-0.84,0.0607
2026-08-20 15:09:21,712.27,2026-08-20,715.0,0.5,0.51,0.51,124995,214,0.2213,0.2338,0.08265,-0.505,0.0513
2026-08-20 15:09:21,712.27,2026-08-20,716.0,0.34,0.35,0.35,65177,290,0.2295,0.1687,0.0655,-0.345,0.0422
2026-08-20 15:09:21,712.27,2026-08-20,717.0,0.21,0.22,0.22,67457,1003,0.2319,0.114,0.04967,-0.215,0.0323
2026-08-20 15:09:21,712.27,2026-08-20,718.0,0.09,0.1,0.15,56411,1836,0.2184,0.0604,0.03272,-0.095,0.02
2026-08-20 15:09:21,712.27,2026-08-20,719.0,0.09,0.1,0.1,23661,945,0.2478,0.0542,0.02648,-0.095,0.0184
2026-08-20 15:09:21,712.27,2026-08-20,720.0,0.07,0.08,0.07,31350,2008,0.2641,0.0418,0.0202,-0.075,0.015
2026-08-20 15:09:21,712.27,2026-08-20,721.0,0.01,0.06,0.05,18295,958,0.2562,0.022,0.01223,-0.035,0.0088
2026-08-20 15:09:21,712.27,2026-08-20,722.0,0.01,0.02,0.02,7473,3838,0.2493,0.0106,0.00669,-0.015,0.0047
2026-08-20 15:09:21,712.27,2026-08-20,723.0,0.01,0.05,0.04,6320,2009,0.298,0.0168,0.00835,-0.03,0.007
2026-08-20 15:09:21,712.27,2026-08-20,724.0,0.03,0.04,0.03,7761,691,0.3287,0.0176,0.0079,-0.035,0.0073
2026-08-20 15:09:21,712.27,2026-08-20,725.0,0.03,0.04,0.03,6889,2386,0.3523,0.0166,0.00699,-0.035,0.0069
2026-08-20 15:09:21,712.27,2026-08-20,726.0,0.03,0.04,0.01,3788,659,0.3757,0.0157,0.00624,-0.035,0.0066
2026-08-20 15:09:21,712.27,2026-08-20,727.0,0.01,0.04,0.03,5703,761,0.3811,0.0114,0.00469,-0.025,0.005
2026-08-20 15:10:22,712.14,2026-08-20,698.0,13.69,15.86,18.16,7,2,0.6977,0.8915,0.01596,-0.63,0.0311
2026-08-20 15:10:22,712.14,2026-08-20,699.0,13.1,14.82,14.64,3,1,0.7161,0.8682,0.01784,-0.815,0.0357
2026-08-20 15:10:22,712.14,2026-08-20,700.0,11.61,12.35,13.2,113,37,,,,,
2026-08-20 15:10:22,712.14,2026-08-20,701.0,10.88,11.45,12.54,166,,0.2429,0.9972,0.0021,-0.02,0.0014
2026-08-20 15:10:22,712.14,2026-08-20,702.0,10.07,11.37,10.64,125,7,0.5352,0.875,0.02301,-0.575,0.0344
2026-08-20 15:10:22,712.14,2026-08-20,703.0,8.89,10.47,10.44,35,52,0.4865,0.8728,0.02563,-0.535,0.0348
2026-08-20 15:10:22,712.14,2026-08-20,704.0,7.99,9.88,9.7,176,6,0.5137,0.8319,0.02925,-0.79,0.042
2026-08-20 15:10:22,712.14,2026-08-20,705.0,7.09,7.38,7.38,1070,63,0.2509,0.9572,0.0217,-0.09,0.0152
2026-08-20 15:10:22,712.14,2026-08-20,706.0,5.99,7.95,7.57,1279,7,0.4379,0.8025,0.03796,-0.825,0.0465
2026-08-20 15:10:22,712.14,2026-08-20,707.0,5.26,5.77,5.75,1631,4,0.2902,0.858,0.04633,-0.37,0.0376
2026-08-20 15:10:22,712.14,2026-08-20,708.0,4.49,4.56,4.56,1834,12,0.2537,0.8382,0.05779,-0.38,0.041
2026-08-20 15:10:22,712.14,2026-08-20,709.0,3.54,3.69,3.92,2933,94,0.2324,0.7934,0.07347,-0.47,0.0477
2026-08-20 15:10:22,712.14,2026-08-20,710.0,2.88,2.91,2.96,12094,259,0.238,0.7078,0.08633,-0.75,0.0574
2026-08-20 15:10:22,712.14,2026-08-20,711.0,2.21,2.25,2.33,16460,65,0.2374,0.6163,0.09624,-1.085,0.0638
2026-08-20 15:10:22,712.14,2026-08-20,712.0,1.63,1.69,1.71,55482,313,0.2366,0.5174,0.10077,-1.515,0.0666
2026-08-20 15:10:22,712.14,2026-08-20,713.0,1.14,1.16,1.16,89954,94,0.2297,0.4147,0.10152,-1.15,0.0652
2026-08-20 15:10:22,712.14,2026-08-20,714.0,0.81,0.82,0.82,109495,212,0.2344,0.3207,0.09134,-0.815,0.0598
2026-08-20 15:10:22,712.14,2026-08-20,715.0,0.55,0.57,0.57,125421,214,0.2383,0.2395,0.07792,-0.56,0.0519
2026-08-20 15:10:22,712.14,2026-08-20,716.0,0.29,0.34,0.3,65339,290,0.2278,0.1581,0.06338,-0.315,0.0403
2026-08-20 15:10:22,712.14,2026-08-20,717.0,0.16,0.21,0.21,67959,1003,0.2272,0.1026,0.04708,-0.185,0.0299
2026-08-20 15:10:22,712.14,2026-08-20,718.0,0.13,0.14,0.14,56718,1836,0.2411,0.075,0.03511,-0.135,0.0237
2026-08-20 15:10:22,712.14,2026-08-20,719.0,0.05,0.1,0.09,23704,945,0.2404,0.0454,0.02377,-0.075,0.016
2026-08-20 15:10:22,712.14,2026-08-20,720.0,0.03,0.08,0.05,31415,2008,0.2535,0.0331,0.01743,-0.055,0.0123
2026-08-20 15:10:22,712.14,2026-08-20,721.0,0.05,0.06,0.03,18323,958,0.2797,0.0304,0.01471,-0.055,0.0115
2026-08-20 15:10:22,712.14,2026-08-20,722.0,0.05,0.06,0.02,7522,3838,0.3056,0.0281,0.01262,-0.055,0.0108
2026-08-20 15:10:22,712.14,2026-08-20,723.0,0.04,0.05,0.04,6325,2009,0.3206,0.0226,0.01001,-0.045,0.009
2026-08-20 15:10:22,712.14,2026-08-20,724.0,0.03,0.04,0.03,7803,691,0.3324,0.0175,0.00777,-0.035,0.0072
2026-08-20 15:10:22,712.14,2026-08-20,725.0,0.03,0.04,0.03,6889,2386,0.3561,0.0164,0.00689,-0.035,0.0069
2026-08-20 15:10:22,712.14,2026-08-20,726.0,0.01,0.02,0.01,3788,659,0.3398,0.008,0.00386,-0.015,0.0037
2026-08-20 15:10:22,712.14,2026-08-20,727.0,0.01,0.02,0.01,5703,761,0.361,0.0076,0.00346,-0.015,0.0035
2026-08-20 15:11:23,711.84,2026-08-20,697.0,14.09,16.8,15.7,2,14,0.7173,0.8967,0.01502,-0.61,0.03
2026-08-20 15:11:23,711.84,2026-08-20,698.0,12.9,15.52,18.16,7,2,0.5973,0.9209,0.0148,-0.375,0.0246
2026-08-20 15:11:23,711.84,2026-08-20,699.0,12.41,14.42,14.64,3,1,0.6361,0.8906,0.01765,-0.58,0.0312
2026-08-20 15:11:23,711.84,2026-08-20,700.0,10.94,13.08,13.2,113,37,0.4402,0.9488,0.01433,-0.175,0.0175
2026-08-20 15:11:23,711.84,2026-08-20,701.0,10.27,11.89,12.54,166,,0.4446,0.9305,0.018,-0.245,0.0223
2026-08-20 15:11:23,711.84,2026-08-20,702.0,9.53,11.56,10.64,125,7,0.562,0.8565,0.02414,-0.71,0.0378
2026-08-20 15:11:23,711.84,2026-08-20,703.0,8.34,10.45,10.44,35,52,0.483,0.8668,0.02671,-0.56,0.0359
2026-08-20 15:11:23,711.84,2026-08-20,704.0,7.47,9.53,9.7,176,6,0.4719,0.8434,0.03048,-0.665,0.04
2026-08-20 15:11:23,711.84,2026-08-20,705.0,6.64,6.99,6.87,1074,63,,,,,
2026-08-20 15:11:23,711.84,2026-08-20,706.0,5.71,7.96,7.57,1279,7,0.4616,0.7789,0.03856,-1.0,0.0495
2026-08-20 15:11:23,711.84,2026-08-20,707.0,5.05,5.21,5.75,1632,4,0.2585,0.8712,0.04875,-0.295,0.0351
2026-08-20 15:11:23,711.84,2026-08-20,708.0,4.17,4.26,4.56,1834,12,0.2418,0.8315,0.06237,-0.38,0.042
2026-08-20 15:11:23,711.84,2026-08-20,709.0,3.36,3.5,3.53,2940,94,0.244,0.7596,0.07646,-0.595,0.0519
2026-08-20 15:11:23,711.84,2026-08-20,710.0,2.78,2.82,2.75,12148,259,0.2585,0.6675,0.08425,-0.965,0.0606
2026-08-20 15:11:23,711.84,2026-08-20,711.0,2.02,2.06,2.06,16481,65,0.2372,0.5864,0.09845,-1.205,0.065
2026-08-20 15:11:23,711.84,2026-08-20,712.0,1.56,1.57,1.55,55995,313,0.2461,0.4868,0.09712,-1.565,0.0665
2026-08-20 15:11:23,711.84,2026-08-20,713.0,1.07,1.09,1.09,91059,94,0.2385,0.3876,0.09627,-1.08,0.0639
2026-08-20 15:11:23,711.84,2026-08-20,714.0,0.67,0.73,0.73,110286,212,0.2314,0.2901,0.08872,-0.7,0.0571
2026-08-20 15:11:23,711.84,2026-08-20,715.0,0.41,0.46,0.46,127667,214,0.2275,0.2046,0.0748,-0.435,0.0473
2026-08-20 15:11:23,711.84,2026-08-20,716.0,0.24,0.29,0.29,65758,290,0.2271,0.1381,0.05819,-0.265,0.0368
2026-08-20 15:11:23,711.84,2026-08-20,717.0,0.17,0.18,0.14,68394,1003,0.2347,0.0955,0.04335,-0.175,0.0283
2026-08-20 15:11:23,711.84,2026-08-20,718.0,0.11,0.12,0.12,57043,1836,0.2423,0.0653,0.03148,-0.115,0.0212
2026-08-20 15:11:23,711.84,2026-08-20,719.0,0.04,0.09,0.08,23756,945,0.2429,0.0398,0.0212,-0.065,0.0143
2026-08-20 15:11:23,711.84,2026-08-20,720.0,0.06,0.07,0.05,31493,2008,0.2701,0.0363,0.01768,-0.065,0.0133
2026-08-20 15:11:23,711.84,2026-08-20,721.0,0.01,0.06,0.03,18348,958,0.2681,0.0212,0.01138,-0.035,0.0085
2026-08-20 15:11:23,711.84,2026-08-20,722.0,0.04,0.05,0.05,7522,3838,0.3041,0.0237,0.01102,-0.045,0.0093
2026-08-20 15:11:23,711.84,2026-08-20,723.0,0.01,0.02,0.04,6325,2009,0.2822,0.0095,0.0054,-0.015,0.0042
2026-08-20 15:11:23,711.84,2026-08-20,724.0,0.01,0.04,0.03,7825,691,0.3248,0.0132,0.00627,-0.025,0.0057
2026-08-20 15:11:23,711.84,2026-08-20,725.0,0.03,0.04,0.03,6894,2386,0.3641,0.0162,0.00664,-0.035,0.0067
2026-08-20 15:11:23,711.84,2026-08-20,726.0,0.03,0.04,0.03,3791,659,0.3875,0.0153,0.00595,-0.035,0.0064
2026-08-20 15:12:24,711.76,2026-08-20,697.0,14.15,16.81,15.7,2,14,0.7514,0.8854,0.01548,-0.72,0.0322
2026-08-20 15:12:24,711.76,2026-08-20,698.0,12.87,15.85,18.16,7,2,0.677,0.8929,0.01636,-0.6,0.0307
2026-08-20 15:12:24,711.76,2026-08-20,699.0,12.5,14.76,14.64,3,1,0.7195,0.861,0.01849,-0.87,0.0369
2026-08-20 15:12:24,711.76,2026-08-20,700.0,11.68,12.89,13.2,113,37,0.581,0.8915,0.01925,-0.525,0.031
2026-08-20 15:12:24,711.76,2026-08-20,701.0,10.35,11.73,12.54,166,,0.4582,0.9235,0.01884,-0.28,0.0239
2026-08-20 15:12:24,711.76,2026-08-20,702.0,9.51,11.78,10.64,125,7,0.6046,0.8377,0.0244,-0.885,0.0409
2026-08-20 15:12:24,711.76,2026-08-20,703.0,8.36,10.57,10.44,35,52,0.5196,0.8478,0.02722,-0.705,0.0392
2026-08-20 15:12:24,711.76,2026-08-20,704.0,7.47,9.67,9.7,176,6,0.5047,0.8255,0.03062,-0.81,0.0428
2026-08-20 15:12:24,711.76,2026-08-20,705.0,6.78,7,6.87,1074,63,0.2634,0.9401,0.02713,-0.13,0.0198
2026-08-20 15:12:24,711.76,2026-08-20,706.0,5.63,7.37,7.57,1279,7,0.4046,0.8067,0.04071,-0.74,0.0457
2026-08-20 15:12:24,711.76,2026-08-20,707.0,5.1,5.32,5.2,1634,4,0.2966,0.835,0.05027,-0.45,0.0413
2026-08-20 15:12:24,711.76,2026-08-20,708.0,4.31,4.43,4.41,1836,12,0.2896,0.7848,0.06062,-0.61,0.0487
2026-08-20 15:12:24,711.76,2026-08-20,709.0,3.45,3.56,3.52,2943,94,0.269,0.7338,0.0733,-0.745,0.0547
2026-08-20 15:12:24,711.76,2026-08-20,710.0,2.74,2.81,2.75,12224,259,0.263,0.6589,0.08379,-1.015,0.0611
2026-08-20 15:12:24,711.76,2026-08-20,711.0,2.08,2.16,2.16,16606,65,0.2566,0.5733,0.09179,-1.36,0.0653
2026-08-20 15:12:24,711.76,2026-08-20,712.0,1.51,1.59,1.56,56514,313,0.2498,0.4798,0.09581,-1.55,0.0663
2026-08-20 15:12:24,711.76,2026-08-20,713.0,1.06,1.11,1.1,91788,94,0.2443,0.383,0.09384,-1.085,0.0635
2026-08-20 15:12:24,711.76,2026-08-20,714.0,0.73,0.75,0.73,111635,212,0.2426,0.2923,0.08506,-0.74,0.0572
2026-08-20 15:12:24,711.76,2026-08-20,715.0,0.46,0.47,0.47,128364,214,0.2374,0.2088,0.07265,-0.465,0.0478
2026-08-20 15:12:24,711.76,2026-08-20,716.0,0.24,0.29,0.29,66341,290,0.2303,0.1367,0.0571,-0.265,0.0365
2026-08-20 15:12:24,711.76,2026-08-20,717.0,0.14,0.19,0.18,68988,1003,0.234,0.0913,0.04212,-0.165,0.0273
2026-08-20 15:12:24,711.76,2026-08-20,718.0,0.07,0.08,0.12,57235,1836,0.2239,0.0485,0.027,-0.075,0.0168
2026-08-20 15:12:24,711.76,2026-08-20,719.0,0.08,0.09,0.07,23919,945,0.2584,0.0477,0.0231,-0.085,0.0165
2026-08-20 15:12:24,711.76,2026-08-20,720.0,0.02,0.07,0.05,31671,2008,0.2558,0.0276,0.01493,-0.045,0.0106
2026-08-20 15:12:24,711.76,2026-08-20,721.0,0.05,0.06,0.05,18349,958,0.2909,0.0295,0.01384,-0.055,0.0112
2026-08-20 15:12:24,711.76,2026-08-20,722.0,0.01,0.02,0.05,7557,3838,0.2623,0.0101,0.00618,-0.015,0.0045
2026-08-20 15:12:24,711.76,2026-08-20,723.0,0.04,0.05,0.02,6327,2009,0.3314,0.022,0.00951,-0.045,0.0087
2026-08-20 15:12:24,711.76,2026-08-20,724.0,0.01,0.02,0.03,7837,691,0.3063,0.0088,0.00468,-0.015,0.004
2026-08-20 15:12:24,711.76,2026-08-20,725.0,0.03,0.04,0.03,6894,2386,0.3666,0.0161,0.00659,-0.035,0.0067
2026-08-20 15:12:24,711.76,2026-08-20,726.0,0.01,0.02,0.03,3815,659,0.3494,0.0078,0.0037,-0.015,0.0036
2026-08-20 15:13:27,712.26,2026-08-20,698.0,12.72,15.49,18.16,7,2,,,,,
2026-08-20 15:13:27,712.26,2026-08-20,699.0,12.49,14.46,14.64,3,1,0.5042,0.9457,0.01313,-0.21,0.0183
2026-08-20 15:13:27,712.26,2026-08-20,700.0,11.45,13.19,13.2,113,37,0.3558,0.982,0.00747,-0.055,0.0073
2026-08-20 15:13:27,712.26,2026-08-20,701.0,10.49,12.1,12.54,166,,0.287,0.9915,0.00485,-0.03,0.0039
2026-08-20 15:13:27,712.26,2026-08-20,702.0,9.4,11.41,10.64,125,7,0.3744,0.9523,0.01595,-0.14,0.0165
2026-08-20 15:13:27,712.26,2026-08-20,703.0,8.37,10.33,10.44,35,52,0.3081,0.9661,0.01468,-0.085,0.0125
2026-08-20 15:13:27,712.26,2026-08-20,704.0,7.64,9.77,9.7,176,6,0.4285,0.8798,0.02811,-0.44,0.0333
2026-08-20 15:13:27,712.26,2026-08-20,705.0,6.76,7.74,6.87,1074,63,,,,,
2026-08-20 15:13:27,712.26,2026-08-20,706.0,5.63,7.19,7.57,1279,7,0.2556,0.9316,0.03105,-0.145,0.0219
2026-08-20 15:13:27,712.26,2026-08-20,707.0,5.17,5.79,5.31,1636,4,0.2499,0.8995,0.04239,-0.215,0.0293
2026-08-20 15:13:27,712.26,2026-08-20,708.0,4.64,4.76,4.39,1855,12,0.2732,0.8285,0.056,-0.435,0.0423
2026-08-20 15:13:27,712.26,2026-08-20,709.0,3.81,3.88,3.52,2943,94,0.2616,0.7761,0.06875,-0.58,0.0497
2026-08-20 15:13:27,712.26,2026-08-20,710.0,3.04,3.08,3.07,12255,259,0.2533,0.7072,0.0816,-0.795,0.0572
2026-08-20 15:13:27,712.26,2026-08-20,711.0,2.35,2.38,2.38,16732,65,0.2482,0.6231,0.092,-1.1,0.0632
2026-08-20 15:13:27,712.26,2026-08-20,712.0,1.69,1.77,1.76,56828,313,0.239,0.5294,0.10011,-1.465,0.0662
2026-08-20 15:13:27,712.26,2026-08-20,713.0,1.19,1.21,1.21,92402,94,0.2309,0.4269,0.10216,-1.2,0.0652
2026-08-20 15:13:27,712.26,2026-08-20,714.0,0.78,0.79,0.79,112246,212,0.2242,0.3236,0.09637,-0.785,0.0597
2026-08-20 15:13:27,712.26,2026-08-20,715.0,0.48,0.53,0.55,129938,214,0.2234,0.2334,0.08241,-0.505,0.0509
2026-08-20 15:13:27,712.26,2026-08-20,716.0,0.32,0.33,0.29,66707,290,0.2267,0.1633,0.0654,-0.325,0.041
2026-08-20 15:13:27,712.26,2026-08-20,717.0,0.16,0.17,0.2,69375,1003,0.2174,0.0972,0.04752,-0.165,0.0286
2026-08-20 15:13:27,712.26,2026-08-20,718.0,0.09,0.14,0.1,57272,1836,0.2298,0.0684,0.03453,-0.115,0.0219
2026-08-20 15:13:27,712.26,2026-08-20,719.0,0.05,0.06,0.08,24024,945,0.2247,0.037,0.02163,-0.055,0.0134
2026-08-20 15:13:27,712.26,2026-08-20,720.0,0.02,0.03,0.03,31736,2008,0.2214,0.0187,0.0124,-0.025,0.0076
2026-08-20 15:13:27,712.26,2026-08-20,721.0,0.01,0.06,0.05,18363,958,0.2583,0.022,0.01221,-0.035,0.0087
2026-08-20 15:13:27,712.26,2026-08-20,722.0,0.01,0.05,0.04,7560,3838,0.2765,0.018,0.00965,-0.03,0.0074
2026-08-20 15:13:27,712.26,2026-08-20,723.0,0.04,0.05,0.04,6329,2009,0.3193,0.0228,0.01017,-0.045,0.009
2026-08-20 15:13:27,712.26,2026-08-20,724.0,0.01,0.04,0.02,7859,691,0.3159,0.0136,0.00663,-0.025,0.0058
2026-08-20 15:13:27,712.26,2026-08-20,725.0,0.01,0.04,0.03,6894,2386,0.3389,0.0128,0.00585,-0.025,0.0055
2026-08-20 15:13:27,712.26,2026-08-20,726.0,0.01,0.02,0.01,3815,659,0.3389,0.0081,0.00391,-0.015,0.0037
2026-08-20 15:13:27,712.26,2026-08-20,727.0,0.03,0.04,0.03,5744,761,0.4019,0.0148,0.00561,-0.035,0.0062
2026-08-20 15:14:28,712.53,2026-08-20,698.0,13.11,15.59,18.16,7,2,,,,,
2026-08-20 15:14:28,712.53,2026-08-20,699.0,12.51,14.3,14.64,3,1,,,,,
2026-08-20 15:14:28,712.53,2026-08-20,700.0,11.61,13.22,13.2,113,37,,,,,
2026-08-20 15:14:28,712.53,2026-08-20,701.0,10.22,11.78,12.54,166,,,,,,
2026-08-20 15:14:28,712.53,2026-08-20,702.0,9.64,11.66,10.64,125,7,0.3698,0.9586,0.01444,-0.12,0.0147
2026-08-20 15:14:28,712.53,2026-08-20,703.0,8.38,10.61,10.44,35,52,,,,,
2026-08-20 15:14:28,712.53,2026-08-20,704.0,7.94,9.74,9.7,176,6,0.3962,0.9051,0.02566,-0.31,0.028
2026-08-20 15:14:28,712.53,2026-08-20,705.0,6.79,7.73,6.87,1074,63,,,,,
2026-08-20 15:14:28,712.53,2026-08-20,706.0,6.66,7.04,7.57,1279,7,0.3292,0.8862,0.03523,-0.32,0.032
2026-08-20 15:14:28,712.53,2026-08-20,707.0,5.15,6.13,5.4,1636,4,0.2163,0.9397,0.03328,-0.11,0.0199
2026-08-20 15:14:28,712.53,2026-08-20,708.0,4.85,4.94,4.98,1877,12,0.267,0.8489,0.05284,-0.365,0.0389
2026-08-20 15:14:28,712.53,2026-08-20,709.0,4.07,4.12,4.14,2954,94,0.2708,0.7863,0.06473,-0.565,0.0484
2026-08-20 15:14:28,712.53,2026-08-20,710.0,3.17,3.27,3.3,12374,259,0.2483,0.7329,0.07975,-0.69,0.0546
2026-08-20 15:14:28,712.53,2026-08-20,711.0,2.48,2.57,2.61,17096,65,0.2473,0.648,0.09037,-0.995,0.0616
2026-08-20 15:14:28,712.53,2026-08-20,712.0,1.88,1.9,1.9,57758,313,0.2419,0.5553,0.09836,-1.36,0.0656
2026-08-20 15:14:28,712.53,2026-08-20,713.0,1.33,1.35,1.35,93808,94,0.2348,0.4548,0.10165,-1.34,0.0658
2026-08-20 15:14:28,712.53,2026-08-20,714.0,0.85,0.86,0.86,114452,212,0.2214,0.3475,0.10045,-0.855,0.0613
2026-08-20 15:14:28,712.53,2026-08-20,715.0,0.52,0.58,0.55,132091,214,0.2201,0.2522,0.08736,-0.55,0.053
2026-08-20 15:14:28,712.53,2026-08-20,716.0,0.34,0.35,0.35,67182,290,0.2212,0.1749,0.07013,-0.345,0.0428
2026-08-20 15:14:28,712.53,2026-08-20,717.0,0.21,0.22,0.22,69615,1003,0.2248,0.1178,0.05286,-0.215,0.0328
2026-08-20 15:14:28,712.53,2026-08-20,718.0,0.1,0.15,0.15,57307,1836,0.2263,0.0745,0.03748,-0.125,0.0234
2026-08-20 15:14:28,712.53,2026-08-20,719.0,0.05,0.06,0.09,24087,945,0.2177,0.038,0.02287,-0.055,0.0137
2026-08-20 15:14:28,712.53,2026-08-20,720.0,0.07,0.08,0.07,31888,2008,0.2593,0.0428,0.02114,-0.075,0.0151
2026-08-20 15:14:28,712.53,2026-08-20,721.0,0.05,0.06,0.04,18371,958,0.2714,0.0314,0.01566,-0.055,0.0117
2026-08-20 15:14:28,712.53,2026-08-20,722.0,0.04,0.05,0.03,7566,3838,0.2879,0.025,0.01221,-0.045,0.0097
2026-08-20 15:14:28,712.53,2026-08-20,723.0,0.04,0.05,0.04,6333,2009,0.3131,0.0232,0.01055,-0.045,0.0091
2026-08-20 15:14:28,712.53,2026-08-20,724.0,0.01,0.04,0.02,7874,691,0.3102,0.0138,0.00686,-0.025,0.0059
2026-08-20 15:14:28,712.53,2026-08-20,725.0,0.03,0.04,0.03,6894,2386,0.3493,0.0168,0.00721,-0.035,0.0069
2026-08-20 15:14:28,712.53,2026-08-20,726.0,0.01,0.04,0.01,3815,659,0.3561,0.0122,0.00537,-0.025,0.0053
2026-08-20 15:14:28,712.53,2026-08-20,727.0,0.01,0.04,0.02,5767,761,0.3787,0.0116,0.00481,-0.025,0.005
2026-08-20 15:15:28,712.39,2026-08-20,698.0,13.14,15.49,18.16,7,2,,,,,
2026-08-20 15:15:28,712.39,2026-08-20,699.0,12.45,14.51,14.64,3,1,0.421,0.9741,0.00862,-0.085,0.01
2026-08-20 15:15:28,712.39,2026-08-20,700.0,11.47,13.08,13.2,113,37,,,,,
2026-08-20 15:15:28,712.39,2026-08-20,701.0,10.28,11.87,12.54,166,,,,,,
2026-08-20 15:15:28,712.39,2026-08-20,702.0,9.41,11.52,10.64,125,7,0.3264,0.974,0.01118,-0.07,0.01
2026-08-20 15:15:28,712.39,2026-08-20,703.0,8.65,10.36,10.44,35,52,0.3312,0.9582,0.01628,-0.11,0.0148
2026-08-20 15:15:28,712.39,2026-08-20,704.0,7.66,9.53,9.7,176,6,0.3491,0.9287,0.02353,-0.2,0.0226
2026-08-20 15:15:28,712.39,2026-08-20,705.0,6.96,7.6,6.87,1074,63,,,,,
2026-08-20 15:15:28,712.39,2026-08-20,706.0,6.16,6.95,7.57,1280,7,0.2673,0.9274,0.03116,-0.16,0.0229
2026-08-20 15:15:28,712.39,2026-08-20,707.0,5.37,5.72,5.4,1636,4,0.2307,0.9226,0.0379,-0.15,0.024
2026-08-20 15:15:28,712.39,2026-08-20,708.0,4.71,4.76,4.77,1877,12,0.2557,0.8524,0.05441,-0.34,0.0382
2026-08-20 15:15:28,712.39,2026-08-20,709.0,3.93,3.96,4.019,2958,94,0.2622,0.7852,0.06719,-0.55,0.0484
2026-08-20 15:15:28,712.39,2026-08-20,710.0,3.13,3.19,3.03,12401,259,0.2556,0.7167,0.07991,-0.765,0.0561
2026-08-20 15:15:28,712.39,2026-08-20,711.0,2.35,2.39,2.31,17220,65,0.2367,0.6416,0.09519,-0.975,0.0619
2026-08-20 15:15:28,712.39,2026-08-20,712.0,1.8,1.83,1.83,58232,313,0.2422,0.542,0.09884,-1.42,0.0658
2026-08-20 15:15:28,712.39,2026-08-20,713.0,1.26,1.28,1.29,94873,94,0.2338,0.4407,0.10182,-1.27,0.0654
2026-08-20 15:15:28,712.39,2026-08-20,714.0,0.84,0.86,0.82,115835,212,0.2286,0.3387,0.09655,-0.85,0.0606
2026-08-20 15:15:28,712.39,2026-08-20,715.0,0.5,0.51,0.51,134524,214,0.2182,0.2382,0.08563,-0.505,0.0513
2026-08-20 15:15:28,712.39,2026-08-20,716.0,0.33,0.34,0.34,67806,290,0.2247,0.169,0.06767,-0.335,0.0418
2026-08-20 15:15:28,712.39,2026-08-20,717.0,0.2,0.21,0.21,69820,1003,0.227,0.1125,0.05081,-0.205,0.0317
2026-08-20 15:15:28,712.39,2026-08-20,718.0,0.09,0.1,0.09,63837,1836,0.2171,0.0612,0.03364,-0.095,0.0201
2026-08-20 15:15:28,712.39,2026-08-20,719.0,0.05,0.1,0.08,24377,945,0.2353,0.0466,0.025,-0.075,0.0162
2026-08-20 15:15:28,712.39,2026-08-20,720.0,0.03,0.04,0.04,32438,2008,0.2307,0.0244,0.01495,-0.035,0.0095
2026-08-20 15:15:28,712.39,2026-08-20,721.0,0.01,0.06,0.04,18375,958,0.2559,0.0222,0.01248,-0.035,0.0088
2026-08-20 15:15:28,712.39,2026-08-20,722.0,0.01,0.02,0.03,7609,3838,0.2493,0.0107,0.00682,-0.015,0.0047
2026-08-20 15:15:28,712.39,2026-08-20,723.0,0.01,0.05,0.02,6333,2009,0.2983,0.0169,0.00849,-0.03,0.007
2026-08-20 15:15:28,712.39,2026-08-20,724.0,0.03,0.04,0.03,7887,691,0.3293,0.0178,0.00802,-0.035,0.0073
2026-08-20 15:15:28,712.39,2026-08-20,725.0,0.03,0.04,0.03,6894,2386,0.3532,0.0167,0.00709,-0.035,0.0069
2026-08-20 15:15:28,712.39,2026-08-20,726.0,0.01,0.02,0.02,3817,659,0.3373,0.0081,0.00397,-0.015,0.0037
2026-08-20 15:15:28,712.39,2026-08-20,727.0,0.01,0.04,0.01,5794,761,0.3825,0.0115,0.00475,-0.025,0.005
2026-08-20 15:16:30,712.03,2026-08-20,698.0,12.75,15.44,18.16,7,2,0.4159,0.9807,0.00684,-0.065,0.0078
2026-08-20 15:16:30,712.03,2026-08-20,699.0,12.38,14.61,14.64,3,1,0.6096,0.9055,0.01671,-0.465,0.0279
2026-08-20 15:16:30,712.03,2026-08-20,700.0,11.41,13.09,13.2,113,37,0.4744,0.9399,0.0152,-0.22,0.0197
2026-08-20 15:16:30,712.03,2026-08-20,701.0,10.29,12.19,12.54,166,,0.4381,0.9384,0.01678,-0.21,0.0201
2026-08-20 15:16:30,712.03,2026-08-20,702.0,9.63,11.48,10.64,125,7,0.5219,0.8807,0.02309,-0.525,0.0329
2026-08-20 15:16:30,712.03,2026-08-20,703.0,8.56,10.45,10.44,35,52,0.4698,0.8805,0.02568,-0.475,0.033
2026-08-20 15:16:30,712.03,2026-08-20,704.0,7.71,9.74,9.7,176,6,0.4914,0.8417,0.02973,-0.695,0.04
2026-08-20 15:16:30,712.03,2026-08-20,705.0,7.13,7.41,6.87,1075,63,0.321,0.9095,0.03072,-0.24,0.027
2026-08-20 15:16:30,712.03,2026-08-20,706.0,6.23,6.85,6.74,1280,7,0.3646,0.844,0.03968,-0.51,0.0396
2026-08-20 15:16:30,712.03,2026-08-20,707.0,5.22,5.85,5.4,1645,4,0.3229,0.8295,0.04748,-0.505,0.0419
2026-08-20 15:16:30,712.03,2026-08-20,708.0,4.37,4.43,4.96,1883,12,0.2495,0.8381,0.05944,-0.37,0.0406
2026-08-20 15:16:30,712.03,2026-08-20,709.0,3.58,3.68,3.66,2985,94,0.2563,0.7653,0.07247,-0.6,0.0508
2026-08-20 15:16:30,712.03,2026-08-20,710.0,2.89,2.92,2.91,12486,259,0.2563,0.6867,0.08363,-0.875,0.0586
2026-08-20 15:16:30,712.03,2026-08-20,711.0,2.2,2.21,2.21,17350,65,0.247,0.6023,0.09443,-1.175,0.0638
2026-08-20 15:16:30,712.03,2026-08-20,712.0,1.61,1.64,1.64,59160,313,0.2428,0.5057,0.09936,-1.595,0.066
2026-08-20 15:16:30,712.03,2026-08-20,713.0,1.11,1.12,1.13,96741,94,0.2341,0.4038,0.10006,-1.115,0.064
2026-08-20 15:16:30,712.03,2026-08-20,714.0,0.7,0.75,0.75,119225,212,0.2277,0.3031,0.09277,-0.725,0.0578
2026-08-20 15:16:30,712.03,2026-08-20,715.0,0.43,0.48,0.48,139403,214,0.2251,0.215,0.07849,-0.455,0.0483
2026-08-20 15:16:30,712.03,2026-08-20,716.0,0.29,0.3,0.3,70659,290,0.2297,0.1503,0.06146,-0.295,0.0386
2026-08-20 15:16:30,712.03,2026-08-20,717.0,0.14,0.19,0.19,71840,1003,0.2266,0.0943,0.04486,-0.165,0.0278
2026-08-20 15:16:30,712.03,2026-08-20,718.0,0.08,0.13,0.13,69185,1836,0.2336,0.0628,0.03194,-0.105,0.0204
2026-08-20 15:16:30,712.03,2026-08-20,719.0,0.04,0.09,0.09,25551,945,0.2396,0.0406,0.02202,-0.065,0.0144
2026-08-20 15:16:30,712.03,2026-08-20,720.0,0.02,0.03,0.03,33782,2008,0.2284,0.0183,0.01186,-0.025,0.0074
2026-08-20 15:16:30,712.03,2026-08-20,721.0,0.01,0.06,0.04,18390,958,0.2656,0.0215,0.01174,-0.035,0.0085
2026-08-20 15:16:30,712.03,2026-08-20,722.0,0.01,0.02,0.02,7650,3838,0.2581,0.0104,0.00644,-0.015,0.0045
2026-08-20 15:16:30,712.03,2026-08-20,723.0,0.01,0.05,0.02,6356,2009,0.3077,0.0165,0.00807,-0.03,0.0068
2026-08-20 15:16:30,712.03,2026-08-20,724.0,0.03,0.04,0.02,7897,691,0.3388,0.0174,0.00766,-0.035,0.0071
2026-08-20 15:16:30,712.03,2026-08-20,725.0,0.01,0.04,0.03,6899,2386,0.3462,0.0126,0.00569,-0.025,0.0054
2026-08-20 15:16:30,712.03,2026-08-20,726.0,0.01,0.02,0.01,3837,659,0.346,0.0079,0.00381,-0.015,0.0036
2026-08-20 15:16:30,712.03,2026-08-20,727.0,0.03,0.04,0.01,5915,761,0.4097,0.0147,0.00548,-0.035,0.0061
2026-08-20 15:17:31,712.2,2026-08-20,698.0,13.14,15.57,18.16,7,2,0.5055,0.9578,0.01078,-0.16,0.0149
2026-08-20 15:17:31,712.2,2026-08-20,699.0,12.35,14.29,14.64,3,1,0.4518,0.9635,0.01072,-0.125,0.0132
2026-08-20 15:17:31,712.2,2026-08-20,700.0,11.77,12.96,13.2,113,37,0.4528,0.9508,0.01362,-0.17,0.0168
2026-08-20 15:17:31,712.2,2026-08-20,701.0,10.45,12.12,12.54,166,,0.3679,0.9689,0.01155,-0.09,0.0116
2026-08-20 15:17:31,712.2,2026-08-20,702.0,9.44,10.41,10.64,125,7,,,,,
2026-08-20 15:17:31,712.2,2026-08-20,703.0,8.51,10.37,10.44,35,52,0.3959,0.9226,0.02218,-0.245,0.0239
2026-08-20 15:17:31,712.2,2026-08-20,704.0,7.94,9.74,9.7,176,6,0.4861,0.8496,0.0291,-0.645,0.0386
2026-08-20 15:17:31,712.2,2026-08-20,705.0,7.16,7.38,7.46,1075,63,0.245,0.9636,0.01971,-0.075,0.0132
2026-08-20 15:17:31,712.2,2026-08-20,706.0,6.08,6.8,6.8,1284,7,0.2946,0.9008,0.03587,-0.245,0.0288
2026-08-20 15:17:31,712.2,2026-08-20,707.0,5.23,5.63,5.78,1648,4,0.256,0.8926,0.04373,-0.235,0.0305
2026-08-20 15:17:31,712.2,2026-08-20,708.0,4.52,4.56,4.75,1889,12,0.2502,0.8474,0.05709,-0.345,0.0389
2026-08-20 15:17:31,712.2,2026-08-20,709.0,3.61,3.67,3.75,2986,94,0.2322,0.8002,0.07299,-0.445,0.0462
2026-08-20 15:17:31,712.2,2026-08-20,710.0,2.9,2.93,2.95,12529,259,0.2383,0.7142,0.0864,-0.72,0.0561
2026-08-20 15:17:31,712.2,2026-08-20,711.0,2.24,2.26,2.27,17794,65,0.2386,0.6219,0.09649,-1.055,0.0628
2026-08-20 15:17:31,712.2,2026-08-20,712.0,1.62,1.64,1.64,59529,313,0.2311,0.5232,0.10438,-1.435,0.0658
2026-08-20 15:17:31,712.2,2026-08-20,713.0,1.13,1.15,1.15,97916,94,0.2278,0.4181,0.10382,-1.14,0.0645
2026-08-20 15:17:31,712.2,2026-08-20,714.0,0.74,0.75,0.75,122256,212,0.2228,0.3145,0.09651,-0.745,0.0586
2026-08-20 15:17:31,712.2,2026-08-20,715.0,0.47,0.48,0.48,142381,214,0.2222,0.2248,0.08171,-0.475,0.0495
2026-08-20 15:17:31,712.2,2026-08-20,716.0,0.25,0.26,0.26,72142,290,0.2131,0.142,0.06387,-0.255,0.0371
2026-08-20 15:17:31,712.2,2026-08-20,717.0,0.14,0.15,0.15,73625,1003,0.2141,0.0889,0.04552,-0.145,0.0266
2026-08-20 15:17:31,712.2,2026-08-20,718.0,0.12,0.13,0.13,70330,1836,0.2382,0.0717,0.03478,-0.125,0.0226
2026-08-20 15:17:31,712.2,2026-08-20,719.0,0.04,0.05,0.05,26102,945,0.2202,0.0318,0.01962,-0.045,0.0118
2026-08-20 15:17:31,712.2,2026-08-20,720.0,0.02,0.07,0.07,34250,2008,0.2466,0.0288,0.01613,-0.045,0.0108
2026-08-20 15:17:31,712.2,2026-08-20,721.0,0.05,0.06,0.02,18629,958,0.2819,0.0305,0.01482,-0.055,0.0114
2026-08-20 15:17:31,712.2,2026-08-20,722.0,0.04,0.05,0.04,7804,3838,0.2981,0.0243,0.01161,-0.045,0.0094
2026-08-20 15:17:31,712.2,2026-08-20,723.0,0.01,0.02,0.02,6392,2009,0.2771,0.0097,0.00568,-0.015,0.0043
2026-08-20 15:17:31,712.2,2026-08-20,724.0,0.01,0.02,0.03,7988,691,0.2993,0.0091,0.00495,-0.015,0.004
2026-08-20 15:17:31,712.2,2026-08-20,725.0,0.01,0.04,0.03,6911,2386,0.3429,0.0127,0.0058,-0.025,0.0054
2026-08-20 15:17:31,712.2,2026-08-20,726.0,0.03,0.04,0.03,3847,659,0.383,0.0156,0.00619,-0.035,0.0065
2026-08-20 15:17:31,712.2,2026-08-20,727.0,0.03,0.04,0.03,6034,761,0.4065,0.0148,0.00557,-0.035,0.0062
2026-08-20 15:18:33,712.21,2026-08-20,698.0,13.11,15.37,18.16,7,2,0.3704,0.9908,0.00406,-0.035,0.0041
2026-08-20 15:18:33,712.21,2026-08-20,699.0,12.18,14.79,14.64,3,1,0.5425,0.9331,0.01451,-0.28,0.0214
2026-08-20 15:18:33,712.21,2026-08-20,700.0,11.36,13.15,13.2,113,37,0.3508,0.9837,0.00704,-0.05,0.0067
2026-08-20 15:18:33,712.21,2026-08-20,701.0,10.43,11.82,12.54,166,,,,,,
2026-08-20 15:18:33,712.21,2026-08-20,702.0,9.48,10.61,10.64,127,7,,,,,
2026-08-20 15:18:33,712.21,2026-08-20,703.0,8.33,10.37,10.44,35,52,0.3491,0.9471,0.01875,-0.145,0.0178
2026-08-20 15:18:33,712.21,2026-08-20,704.0,7.67,9.71,9.7,176,6,0.4436,0.8721,0.02862,-0.485,0.0345
2026-08-20 15:18:33,712.21,2026-08-20,705.0,7.16,7.43,7.46,1075,63,0.2565,0.9573,0.0215,-0.09,0.015
2026-08-20 15:18:33,712.21,2026-08-20,706.0,6.08,6.76,6.8,1284,7,0.2847,0.9091,0.03488,-0.215,0.027
2026-08-20 15:18:33,712.21,2026-08-20,707.0,5.26,5.6,5.78,1648,4,0.2535,0.8957,0.04332,-0.225,0.0298
2026-08-20 15:18:33,712.21,2026-08-20,708.0,4.64,4.7,4.48,1890,12,0.2803,0.8212,0.05657,-0.465,0.0431
2026-08-20 15:18:33,712.21,2026-08-20,709.0,3.82,3.86,3.76,2992,94,0.2723,0.7651,0.06848,-0.635,0.0506
2026-08-20 15:18:33,712.21,2026-08-20,710.0,2.96,3,2.91,12536,259,0.249,0.7071,0.08379,-0.775,0.0567
2026-08-20 15:18:33,712.21,2026-08-20,711.0,2.27,2.34,2.34,17865,65,0.2469,0.6192,0.09365,-1.1,0.0628
2026-08-20 15:18:33,712.21,2026-08-20,712.0,1.69,1.72,1.65,59877,313,0.2422,0.5232,0.0998,-1.5,0.0656
2026-08-20 15:18:33,712.21,2026-08-20,713.0,1.16,1.22,1.19,98756,94,0.2354,0.4216,0.10086,-1.19,0.0645
2026-08-20 15:18:33,712.21,2026-08-20,714.0,0.79,0.8,0.8,123238,212,0.2312,0.3215,0.09405,-0.795,0.059
2026-08-20 15:18:33,712.21,2026-08-20,715.0,0.5,0.51,0.51,143464,214,0.2282,0.2312,0.08099,-0.505,0.0502
2026-08-20 15:18:33,712.21,2026-08-20,716.0,0.26,0.27,0.27,73237,290,0.2158,0.1453,0.06416,-0.265,0.0376
2026-08-20 15:18:33,712.21,2026-08-20,717.0,0.19,0.2,0.2,74071,1003,0.2317,0.1067,0.04816,-0.195,0.0303
2026-08-20 15:18:33,712.21,2026-08-20,718.0,0.12,0.13,0.13,71243,1836,0.2383,0.0718,0.03486,-0.125,0.0226
2026-08-20 15:18:33,712.21,2026-08-20,719.0,0.08,0.09,0.09,26226,945,0.2482,0.0499,0.02515,-0.085,0.017
2026-08-20 15:18:33,712.21,2026-08-20,720.0,0.02,0.03,0.07,34320,2008,0.2249,0.0186,0.01226,-0.025,0.0075
2026-08-20 15:18:33,712.21,2026-08-20,721.0,0.05,0.06,0.06,18631,958,0.2822,0.0305,0.01485,-0.055,0.0114
2026-08-20 15:18:33,712.21,2026-08-20,722.0,0.01,0.02,0.04,7805,3838,0.255,0.0105,0.00662,-0.015,0.0046
2026-08-20 15:18:33,712.21,2026-08-20,723.0,0.01,0.05,0.04,6412,2009,0.3046,0.0167,0.00826,-0.03,0.0068
2026-08-20 15:18:33,712.21,2026-08-20,724.0,0.03,0.04,0.03,7999,691,0.3358,0.0176,0.00783,-0.035,0.0071
2026-08-20 15:18:33,712.21,2026-08-20,725.0,0.01,0.04,0.03,6921,2386,0.3433,0.0127,0.00581,-0.025,0.0054
2026-08-20 15:18:33,712.21,2026-08-20,726.0,0.01,0.02,0.01,3859,659,0.3433,0.008,0.00388,-0.015,0.0036
2026-08-20 15:18:33,712.21,2026-08-20,727.0,0.01,0.04,0.03,6052,761,0.3889,0.0114,0.00465,-0.025,0.0049
2026-08-20 15:19:34,712.37,2026-08-20,698.0,12.73,15.84,18.16,7,2,,,,,
2026-08-20 15:19:34,712.37,2026-08-20,699.0,12.25,14.75,14.64,3,1,0.4657,0.9615,0.01091,-0.135,0.0138
2026-08-20 15:19:34,712.37,2026-08-20,700.0,11.39,12.97,13.2,113,37,,,,,
2026-08-20 15:19:34,712.37,2026-08-20,701.0,10.14,12.11,12.54,166,,,,,,
2026-08-20 15:19:34,712.37,2026-08-20,702.0,9.33,10.88,10.62,127,7,,,,,
2026-08-20 15:19:34,712.37,2026-08-20,703.0,8.45,10.48,10.44,35,52,0.3259,0.9612,0.01568,-0.1,0.0138
2026-08-20 15:19:34,712.37,2026-08-20,704.0,7.88,9.67,9.7,176,6,0.4276,0.8855,0.02749,-0.41,0.0318
2026-08-20 15:19:34,712.37,2026-08-20,705.0,7,7.66,7.46,1085,63,,,,,
2026-08-20 15:19:34,712.37,2026-08-20,706.0,6.15,6.7,6.8,1284,7,0.2109,0.9678,0.02079,-0.06,0.0119
2026-08-20 15:19:34,712.37,2026-08-20,707.0,5.2,5.75,5.78,1648,4,0.2133,0.9384,0.03466,-0.11,0.02
2026-08-20 15:19:34,712.37,2026-08-20,708.0,4.63,4.78,4.68,1901,12,0.2565,0.8518,0.0548,-0.34,0.0381
2026-08-20 15:19:34,712.37,2026-08-20,709.0,3.92,3.97,3.99,2997,94,0.269,0.779,0.06707,-0.58,0.0488
2026-08-20 15:19:34,712.37,2026-08-20,710.0,3.12,3.17,3.09,12590,259,0.2586,0.7135,0.07998,-0.78,0.056
2026-08-20 15:19:34,712.37,2026-08-20,711.0,2.41,2.44,2.43,17872,65,0.2505,0.6324,0.0914,-1.06,0.062
2026-08-20 15:19:34,712.37,2026-08-20,712.0,1.79,1.81,1.76,59959,313,0.2441,0.5389,0.09884,-1.435,0.0653
2026-08-20 15:19:34,712.37,2026-08-20,713.0,1.24,1.25,1.24,99155,94,0.2337,0.4372,0.10247,-1.245,0.0648
2026-08-20 15:19:34,712.37,2026-08-20,714.0,0.82,0.83,0.83,123994,212,0.2278,0.3341,0.09708,-0.825,0.0599
2026-08-20 15:19:34,712.37,2026-08-20,715.0,0.48,0.49,0.49,144754,214,0.2172,0.2331,0.08559,-0.485,0.0503
2026-08-20 15:19:34,712.37,2026-08-20,716.0,0.27,0.32,0.32,73728,290,0.2177,0.1575,0.0672,-0.295,0.0396
2026-08-20 15:19:34,712.37,2026-08-20,717.0,0.15,0.2,0.16,74560,1003,0.2198,0.102,0.04923,-0.175,0.0293
2026-08-20 15:19:34,712.37,2026-08-20,718.0,0.12,0.13,0.13,71733,1836,0.2336,0.0731,0.03611,-0.125,0.0228
2026-08-20 15:19:34,712.37,2026-08-20,719.0,0.08,0.09,0.05,26271,945,0.244,0.0507,0.02597,-0.085,0.0172
2026-08-20 15:19:34,712.37,2026-08-20,720.0,0.02,0.03,0.03,34607,2008,0.2214,0.0189,0.01265,-0.025,0.0076
2026-08-20 15:19:34,712.37,2026-08-20,721.0,0.01,0.06,0.06,18708,958,0.2585,0.0222,0.01242,-0.035,0.0087
2026-08-20 15:19:34,712.37,2026-08-20,722.0,0.04,0.05,0.04,7811,3838,0.2948,0.0247,0.01191,-0.045,0.0095
2026-08-20 15:19:34,712.37,2026-08-20,723.0,0.01,0.02,0.04,6444,2009,0.2743,0.0098,0.00582,-0.015,0.0043
2026-08-20 15:19:34,712.37,2026-08-20,724.0,0.01,0.04,0.03,7999,691,0.317,0.0137,0.00671,-0.025,0.0058
2026-08-20 15:19:34,712.37,2026-08-20,725.0,0.01,0.04,0.01,7026,2386,0.3402,0.0129,0.00592,-0.025,0.0055
2026-08-20 15:19:34,712.37,2026-08-20,726.0,0.01,0.02,0.01,3859,659,0.3404,0.0081,0.00396,-0.015,0.0036
2026-08-20 15:19:34,712.37,2026-08-20,727.0,0.01,0.04,0.01,6076,761,0.3859,0.0115,0.00473,-0.025,0.0049
2026-08-20 15:20:35,712.05,2026-08-20,698.0,12.7,15.3,18.16,7,2,,,,,
2026-08-20 15:20:35,712.05,2026-08-20,699.0,12.29,14.81,14.64,3,1,0.6273,0.9011,0.01691,-0.5,0.0286
2026-08-20 15:20:35,712.05,2026-08-20,700.0,11.71,12.36,13.2,113,37,,,,,
2026-08-20 15:20:35,712.05,2026-08-20,701.0,10.29,12.01,12.54,166,,0.3744,0.9655,0.01242,-0.1,0.0125
2026-08-20 15:20:35,712.05,2026-08-20,702.0,9.63,10.66,10.62,127,7,0.3424,0.9647,0.01386,-0.095,0.0128
2026-08-20 15:20:35,712.05,2026-08-20,703.0,8.55,10.59,10.44,35,52,0.4875,0.874,0.02586,-0.52,0.034
2026-08-20 15:20:35,712.05,2026-08-20,704.0,7.86,9.47,9.7,176,6,0.4752,0.852,0.02961,-0.615,0.0379
2026-08-20 15:20:35,712.05,2026-08-20,705.0,7.12,7.47,7.81,1085,63,0.326,0.9084,0.03075,-0.245,0.027
2026-08-20 15:20:35,712.05,2026-08-20,706.0,6.08,6.79,6.8,1284,7,0.3347,0.8671,0.0391,-0.385,0.0353
2026-08-20 15:20:35,712.05,2026-08-20,707.0,5.2,5.88,5.78,1651,4,0.3225,0.8325,0.04735,-0.49,0.0412
2026-08-20 15:20:35,712.05,2026-08-20,708.0,4.48,4.5,4.58,1903,12,0.269,0.8229,0.05881,-0.44,0.0426
2026-08-20 15:20:35,712.05,2026-08-20,709.0,3.53,3.69,3.68,3031,94,0.2511,0.7729,0.07314,-0.56,0.0495
2026-08-20 15:20:35,712.05,2026-08-20,710.0,2.8,2.9,2.88,12608,259,0.2462,0.6966,0.08644,-0.8,0.0574
2026-08-20 15:20:35,712.05,2026-08-20,711.0,2.12,2.14,2.18,17918,65,0.2351,0.61,0.09942,-1.08,0.063
2026-08-20 15:20:35,712.05,2026-08-20,712.0,1.54,1.55,1.57,60116,313,0.2308,0.508,0.10526,-1.495,0.0655
2026-08-20 15:20:35,712.05,2026-08-20,713.0,1.08,1.1,1.1,100059,94,0.2306,0.4037,0.1023,-1.09,0.0636
2026-08-20 15:20:35,712.05,2026-08-20,714.0,0.67,0.68,0.68,125188,212,0.2196,0.297,0.09601,-0.675,0.0568
2026-08-20 15:20:35,712.05,2026-08-20,715.0,0.4,0.41,0.41,146723,214,0.2153,0.2045,0.08026,-0.405,0.0466
2026-08-20 15:20:35,712.05,2026-08-20,716.0,0.27,0.28,0.28,74848,290,0.2253,0.145,0.06163,-0.275,0.0374
2026-08-20 15:20:35,712.05,2026-08-20,717.0,0.13,0.18,0.18,76321,1003,0.2239,0.091,0.04452,-0.155,0.0269
2026-08-20 15:20:35,712.05,2026-08-20,718.0,0.07,0.08,0.12,72347,1836,0.2186,0.0501,0.02878,-0.075,0.017
2026-08-20 15:20:35,712.05,2026-08-20,719.0,0.08,0.09,0.09,26313,945,0.2537,0.0491,0.0244,-0.085,0.0167
2026-08-20 15:20:35,712.05,2026-08-20,720.0,0.06,0.07,0.07,34746,2008,0.2686,0.037,0.01835,-0.065,0.0133
2026-08-20 15:20:35,712.05,2026-08-20,721.0,0.01,0.02,0.05,18830,958,0.2368,0.0113,0.00761,-0.015,0.0049
2026-08-20 15:20:35,712.05,2026-08-20,722.0,0.01,0.02,0.04,7823,3838,0.2595,0.0104,0.00646,-0.015,0.0045
2026-08-20 15:20:35,712.05,2026-08-20,723.0,0.04,0.05,0.04,6448,2009,0.3289,0.0224,0.00988,-0.045,0.0088
2026-08-20 15:20:35,712.05,2026-08-20,724.0,0.01,0.04,0.02,8000,691,0.325,0.0134,0.00645,-0.025,0.0056
2026-08-20 15:20:35,712.05,2026-08-20,725.0,0.01,0.02,0.01,7028,2386,0.3262,0.0084,0.00429,-0.015,0.0038
2026-08-20 15:20:35,712.05,2026-08-20,726.0,0.03,0.04,0.02,3861,659,0.3887,0.0155,0.00609,-0.035,0.0064
2026-08-20 15:20:35,712.05,2026-08-20,727.0,0.01,0.02,0.02,6123,761,0.3697,0.0075,0.00342,-0.015,0.0034
2026-08-20 15:21:36,711.76,2026-08-20,697.0,14.48,16.7,15.7,2,14,0.7975,0.8754,0.01572,-0.83,0.0336
2026-08-20 15:21:36,711.76,2026-08-20,698.0,13.07,15.65,18.16,7,2,0.6883,0.8928,0.01637,-0.6,0.0302
2026-08-20 15:21:36,711.76,2026-08-20,699.0,12.13,14.45,14.64,3,1,0.6286,0.896,0.01753,-0.53,0.0296
2026-08-20 15:21:36,711.76,2026-08-20,700.0,11.53,12.71,13.2,113,37,0.5321,0.9144,0.01794,-0.36,0.0256
2026-08-20 15:21:36,711.76,2026-08-20,701.0,10.43,12.17,12.54,166,,0.5588,0.8835,0.0214,-0.54,0.0321
2026-08-20 15:21:36,711.76,2026-08-20,702.0,9.52,10.62,10.62,127,7,0.4443,0.9127,0.02181,-0.31,0.026
2026-08-20 15:21:36,711.76,2026-08-20,703.0,8.4,10.48,10.44,36,52,0.5217,0.8507,0.0272,-0.68,0.0381
2026-08-20 15:21:36,711.76,2026-08-20,704.0,7.83,9.54,9.7,176,6,0.5398,0.8134,0.03035,-0.925,0.044
2026-08-20 15:21:36,711.76,2026-08-20,705.0,6.84,7.08,7.81,1085,63,0.2995,0.9179,0.0309,-0.2,0.0248
2026-08-20 15:21:36,711.76,2026-08-20,706.0,5.76,6.63,6.8,1284,7,0.3379,0.8535,0.04146,-0.435,0.0376
2026-08-20 15:21:36,711.76,2026-08-20,707.0,4.9,5.38,5.87,1651,4,0.2838,0.8495,0.05028,-0.38,0.0383
2026-08-20 15:21:36,711.76,2026-08-20,708.0,4.22,4.29,4.31,1905,12,0.2698,0.8051,0.06238,-0.495,0.0452
2026-08-20 15:21:36,711.76,2026-08-20,709.0,3.33,3.43,3.39,3048,94,0.2498,0.7526,0.07723,-0.62,0.0518
2026-08-20 15:21:36,711.76,2026-08-20,710.0,2.6,2.69,2.72,12753,259,0.2456,0.6718,0.08983,-0.885,0.0592
2026-08-20 15:21:36,711.76,2026-08-20,711.0,2.009,2.029,2.029,18008,65,0.2451,0.5778,0.09746,-1.259,0.0641
2026-08-20 15:21:36,711.76,2026-08-20,712.0,1.45,1.47,1.48,60858,313,0.2401,0.4784,0.10128,-1.46,0.0653
2026-08-20 15:21:36,711.76,2026-08-20,713.0,0.96,1.01,1.01,101267,94,0.2323,0.375,0.09967,-0.985,0.0621
2026-08-20 15:21:36,711.76,2026-08-20,714.0,0.65,0.66,0.66,127099,212,0.2313,0.2799,0.08881,-0.655,0.0551
2026-08-20 15:21:36,711.76,2026-08-20,715.0,0.37,0.42,0.42,148374,214,0.2261,0.1933,0.07404,-0.395,0.0449
2026-08-20 15:21:36,711.76,2026-08-20,716.0,0.21,0.22,0.22,75563,290,0.2196,0.1214,0.05606,-0.215,0.033
2026-08-20 15:21:36,711.76,2026-08-20,717.0,0.12,0.13,0.13,76703,1003,0.222,0.0766,0.03955,-0.125,0.0236
2026-08-20 15:21:36,711.76,2026-08-20,718.0,0.06,0.11,0.11,72774,1836,0.2334,0.0528,0.02818,-0.085,0.0177
2026-08-20 15:21:36,711.76,2026-08-20,719.0,0.03,0.08,0.08,26414,945,0.242,0.0351,0.01955,-0.055,0.0127
2026-08-20 15:21:36,711.76,2026-08-20,720.0,0.02,0.07,0.07,35102,2008,0.26,0.0276,0.01492,-0.045,0.0104
2026-08-20 15:21:36,711.76,2026-08-20,721.0,0.01,0.02,0.04,18842,958,0.2439,0.011,0.00724,-0.015,0.0047
2026-08-20 15:21:36,711.76,2026-08-20,722.0,0.04,0.05,0.04,7848,3838,0.3116,0.0236,0.0109,-0.045,0.0091
2026-08-20 15:21:36,711.76,2026-08-20,723.0,0.01,0.02,0.04,6457,2009,0.2891,0.0094,0.00535,-0.015,0.0041
2026-08-20 15:21:36,711.76,2026-08-20,724.0,0.01,0.04,0.02,9150,691,0.3325,0.0132,0.00622,-0.025,0.0055
2026-08-20 15:21:36,711.76,2026-08-20,725.0,0.01,0.04,0.02,7040,2386,0.3557,0.0124,0.00551,-0.025,0.0053
2026-08-20 15:21:36,711.76,2026-08-20,726.0,0.01,0.04,0.02,3861,659,0.3787,0.0117,0.00493,-0.025,0.005
2026-08-20 15:22:37,711.59,2026-08-20,697.0,14.52,16.2,15.7,2,14,0.7746,0.8799,0.01581,-0.77,0.0327
2026-08-20 15:22:37,711.59,2026-08-20,698.0,12.86,15.28,18.16,7,2,0.642,0.906,0.01598,-0.48,0.0274
2026-08-20 15:22:37,711.59,2026-08-20,699.0,12.51,14.24,14.64,3,1,0.7024,0.8677,0.01864,-0.785,0.035
2026-08-20 15:22:37,711.59,2026-08-20,700.0,11.36,12.48,13.2,113,37,0.5155,0.9184,0.0179,-0.33,0.0247
2026-08-20 15:22:37,711.59,2026-08-20,701.0,10.48,12.06,12.54,166,,0.595,0.8655,0.02226,-0.68,0.0354
2026-08-20 15:22:37,711.59,2026-08-20,702.0,9.36,10.54,10.62,127,7,0.4578,0.9028,0.02297,-0.36,0.0281
2026-08-20 15:22:37,711.59,2026-08-20,703.0,8.36,10.68,9.88,36,52,0.5777,0.8221,0.02758,-0.93,0.0426
2026-08-20 15:22:37,711.59,2026-08-20,704.0,7.37,9.48,9.7,176,6,0.5129,0.8207,0.03122,-0.835,0.0428
2026-08-20 15:22:37,711.59,2026-08-20,705.0,6.65,6.77,7.81,1085,63,0.2581,0.9425,0.02731,-0.12,0.0188
2026-08-20 15:22:37,711.59,2026-08-20,706.0,5.59,6.58,6.8,1284,7,0.3473,0.8402,0.04282,-0.495,0.0397
2026-08-20 15:22:37,711.59,2026-08-20,707.0,4.77,4.91,5.87,1651,4,0.2414,0.8798,0.05076,-0.25,0.0327
2026-08-20 15:22:37,711.59,2026-08-20,708.0,3.92,4.019,4.09,1906,12,0.2366,0.8257,0.06647,-0.3795,0.042
2026-08-20 15:22:37,711.59,2026-08-20,709.0,3.17,3.21,3.29,3067,94,0.2383,0.7496,0.08167,-0.6,0.052
2026-08-20 15:22:37,711.59,2026-08-20,710.0,2.43,2.45,2.58,12861,259,0.2306,0.6661,0.09651,-0.85,0.0595
2026-08-20 15:22:37,711.59,2026-08-20,711.0,1.85,1.87,1.94,18099,65,0.2359,0.5635,0.10213,-1.27,0.0644
2026-08-20 15:22:37,711.59,2026-08-20,712.0,1.28,1.34,1.36,61578,313,0.2297,0.4593,0.10567,-1.31,0.0649
2026-08-20 15:22:37,711.59,2026-08-20,713.0,0.9,0.91,0.89,102186,94,0.2298,0.3564,0.09925,-0.905,0.0609
2026-08-20 15:22:37,711.59,2026-08-20,714.0,0.58,0.59,0.59,128284,212,0.2273,0.2609,0.08745,-0.585,0.0531
2026-08-20 15:22:37,711.59,2026-08-20,715.0,0.32,0.33,0.33,150111,214,0.2175,0.1711,0.07147,-0.325,0.0415
2026-08-20 15:22:37,711.59,2026-08-20,716.0,0.22,0.23,0.23,76193,290,0.2293,0.1218,0.05394,-0.225,0.0331
2026-08-20 15:22:37,711.59,2026-08-20,717.0,0.1,0.15,0.15,76961,1003,0.228,0.075,0.038,-0.125,0.0231
2026-08-20 15:22:37,711.59,2026-08-20,718.0,0.06,0.07,0.07,72879,1836,0.2266,0.0431,0.02471,-0.065,0.015
2026-08-20 15:22:37,711.59,2026-08-20,719.0,0.03,0.04,0.08,26571,945,0.2289,0.0248,0.01553,-0.035,0.0095
2026-08-20 15:22:37,711.59,2026-08-20,720.0,0.02,0.07,0.06,35224,2008,0.265,0.0272,0.01449,-0.045,0.0103
2026-08-20 15:22:37,711.59,2026-08-20,721.0,0.05,0.06,0.05,18883,958,0.3008,0.0291,0.01348,-0.055,0.0108
2026-08-20 15:22:37,711.59,2026-08-20,722.0,0.01,0.02,0.04,7849,3838,0.271,0.01,0.00602,-0.015,0.0044
2026-08-20 15:22:37,711.59,2026-08-20,723.0,0.01,0.02,0.04,6457,2009,0.2935,0.0093,0.00522,-0.015,0.0041
2026-08-20 15:22:37,711.59,2026-08-20,724.0,0.01,0.04,0.03,9981,691,0.3372,0.013,0.00609,-0.025,0.0055
2026-08-20 15:22:37,711.59,2026-08-20,725.0,0.01,0.02,0.02,7057,2386,0.3377,0.0082,0.00406,-0.015,0.0037
2026-08-20 15:22:37,711.59,2026-08-20,726.0,0.03,0.04,0.02,3861,659,0.4013,0.0151,0.0058,-0.035,0.0062
2026-08-20 15:23:40,711.45,2026-08-20,697.0,14.23,16.2,15.7,2,14,0.7707,0.8792,0.01599,-0.77,0.0328
2026-08-20 15:23:40,711.45,2026-08-20,698.0,12.95,15.34,18.16,7,2,0.7114,0.8808,0.01715,-0.7,0.0325
2026-08-20 15:23:40,711.45,2026-08-20,699.0,12.37,14.26,14.64,3,1,0.722,0.8589,0.01899,-0.87,0.0365
2026-08-20 15:23:40,711.45,2026-08-20,700.0,11.36,12.3,13.2,116,37,0.533,0.9091,0.01882,-0.385,0.0267
2026-08-20 15:23:40,711.45,2026-08-20,701.0,10.36,11.96,12.54,166,,0.6003,0.8606,0.02266,-0.715,0.0362
2026-08-20 15:23:40,711.45,2026-08-20,702.0,9.45,10.49,10.62,127,7,0.5072,0.8764,0.02469,-0.525,0.0333
2026-08-20 15:23:40,711.45,2026-08-20,703.0,8.26,9.76,9.88,36,52,0.4803,0.8625,0.02805,-0.565,0.0359
2026-08-20 15:23:40,711.45,2026-08-20,704.0,7.36,9.5,9.7,176,6,0.5418,0.8037,0.03132,-0.985,0.0452
2026-08-20 15:23:40,711.45,2026-08-20,705.0,6.33,6.59,7.81,1085,63,,,,,
2026-08-20 15:23:40,711.45,2026-08-20,706.0,5.51,6.5,6.8,1284,7,0.358,0.8271,0.0438,-0.56,0.0417
2026-08-20 15:23:40,711.45,2026-08-20,707.0,4.67,4.8,5.87,1652,4,0.2482,0.8661,0.05333,-0.29,0.0352
2026-08-20 15:23:40,711.45,2026-08-20,708.0,3.89,3.93,4.019,1940,12,0.2505,0.8029,0.06792,-0.465,0.0453
2026-08-20 15:23:40,711.45,2026-08-20,709.0,3.09,3.13,3.17,3077,94,0.2439,0.7331,0.08261,-0.665,0.0536
2026-08-20 15:23:40,711.45,2026-08-20,710.0,2.39,2.41,2.45,12945,259,0.2403,0.6465,0.09485,-0.955,0.0606
2026-08-20 15:23:40,711.45,2026-08-20,711.0,1.77,1.79,1.84,18265,65,0.2365,0.5487,0.10265,-1.335,0.0646
2026-08-20 15:23:40,711.45,2026-08-20,712.0,1.26,1.31,1.31,62962,313,0.2365,0.4455,0.10246,-1.285,0.0645
2026-08-20 15:23:40,711.45,2026-08-20,713.0,0.83,0.84,0.89,103782,94,0.227,0.34,0.09895,-0.835,0.0598
2026-08-20 15:23:40,711.45,2026-08-20,714.0,0.52,0.53,0.53,130193,212,0.2233,0.2441,0.08614,-0.525,0.0512
2026-08-20 15:23:40,711.45,2026-08-20,715.0,0.34,0.35,0.35,151712,214,0.2287,0.1727,0.06851,-0.345,0.0417
2026-08-20 15:23:40,711.45,2026-08-20,716.0,0.21,0.22,0.22,76762,290,0.232,0.1165,0.05175,-0.215,0.032
2026-08-20 15:23:40,711.45,2026-08-20,717.0,0.09,0.14,0.14,77560,1003,0.2286,0.0699,0.03595,-0.115,0.0219
2026-08-20 15:23:40,711.45,2026-08-20,718.0,0.09,0.1,0.06,73180,1836,0.2494,0.0551,0.02739,-0.095,0.0182
2026-08-20 15:23:40,711.45,2026-08-20,719.0,0.07,0.08,0.08,27051,945,0.2664,0.0425,0.02082,-0.075,0.0148
2026-08-20 15:23:40,711.45,2026-08-20,720.0,0.01,0.06,0.06,35521,2008,0.2587,0.0223,0.01259,-0.035,0.0087
2026-08-20 15:23:40,711.45,2026-08-20,721.0,0.01,0.05,0.02,18946,958,0.2774,0.0183,0.00992,-0.03,0.0073
2026-08-20 15:23:40,711.45,2026-08-20,722.0,0.01,0.05,0.02,7909,3838,0.3019,0.017,0.00855,-0.03,0.0069
2026-08-20 15:23:40,711.45,2026-08-20,723.0,0.01,0.03,0.03,6487,2009,0.3085,0.0116,0.00601,-0.02,0.0049
2026-08-20 15:23:40,711.45,2026-08-20,724.0,0.01,0.04,0.03,9988,691,0.3413,0.0129,0.00598,-0.025,0.0054
2026-08-20 15:23:40,711.45,2026-08-20,725.0,0.01,0.02,0.01,7074,2386,0.3416,0.0081,0.00399,-0.015,0.0036
2026-08-20 15:23:40,711.45,2026-08-20,726.0,0.03,0.04,0.02,3861,659,0.4055,0.015,0.00571,-0.035,0.0062
2026-08-20 15:24:41,711.42,2026-08-20,697.0,14.17,16.26,15.7,2,14,0.7788,0.8768,0.01607,-0.795,0.0332
2026-08-20 15:24:41,711.42,2026-08-20,698.0,13.09,15.28,18.16,7,2,0.7315,0.8744,0.01735,-0.765,0.0336
2026-08-20 15:24:41,711.42,2026-08-20,699.0,12.15,14.1,14.64,3,1,0.6753,0.8747,0.01876,-0.705,0.0336
2026-08-20 15:24:41,711.42,2026-08-20,700.0,11.28,12.7,12.21,116,37,0.5962,0.8838,0.02014,-0.57,0.0318
2026-08-20 15:24:41,711.42,2026-08-20,701.0,9.94,11.3,12.54,166,,0.4208,0.9381,0.01781,-0.2,0.0199
2026-08-20 15:24:41,711.42,2026-08-20,702.0,9.2,10.72,10.62,127,7,0.5117,0.8741,0.02483,-0.54,0.0337
2026-08-20 15:24:41,711.42,2026-08-20,703.0,8.09,9.74,9.88,36,52,0.4602,0.8724,0.02787,-0.495,0.034
2026-08-20 15:24:41,711.42,2026-08-20,704.0,7.06,9.33,9.7,176,6,0.4935,0.8253,0.03204,-0.775,0.0419
2026-08-20 15:24:41,711.42,2026-08-20,705.0,6.17,6.71,7.81,1085,63,0.1549,0.9949,0.00589,-0.02,0.0024
2026-08-20 15:24:41,711.42,2026-08-20,706.0,5.36,6.42,6.8,1284,7,0.3354,0.8421,0.04417,-0.47,0.0393
2026-08-20 15:24:41,711.42,2026-08-20,707.0,4.83,4.85,4.66,1655,4,0.2819,0.8346,0.05416,-0.42,0.0405
2026-08-20 15:24:41,711.42,2026-08-20,708.0,3.84,3.92,3.96,1967,12,0.2488,0.8032,0.06844,-0.46,0.0451
2026-08-20 15:24:41,711.42,2026-08-20,709.0,3.1,3.13,3.09,3112,94,0.2487,0.7275,0.08202,-0.695,0.0541
2026-08-20 15:24:41,711.42,2026-08-20,710.0,2.45,2.46,2.39,13064,259,0.2524,0.6378,0.09122,-1.035,0.061
2026-08-20 15:24:41,711.42,2026-08-20,711.0,1.79,1.81,1.81,18429,65,0.2421,0.5451,0.10054,-1.38,0.0645
2026-08-20 15:24:41,711.42,2026-08-20,712.0,1.23,1.24,1.29,63912,313,0.2309,0.4414,0.10499,-1.235,0.0643
2026-08-20 15:24:41,711.42,2026-08-20,713.0,0.81,0.86,0.86,105122,94,0.2288,0.3385,0.09817,-0.835,0.0596
2026-08-20 15:24:41,711.42,2026-08-20,714.0,0.56,0.57,0.55,131625,212,0.2327,0.2505,0.08397,-0.565,0.0518
2026-08-20 15:24:41,711.42,2026-08-20,715.0,0.29,0.31,0.31,153498,214,0.2191,0.1601,0.06823,-0.3,0.0396
2026-08-20 15:24:41,711.42,2026-08-20,716.0,0.21,0.22,0.22,77912,290,0.2333,0.1161,0.05144,-0.215,0.0318
2026-08-20 15:24:41,711.42,2026-08-20,717.0,0.13,0.14,0.14,77954,1003,0.2387,0.0773,0.03727,-0.135,0.0236
2026-08-20 15:24:41,711.42,2026-08-20,718.0,0.05,0.06,0.06,73413,1836,0.2252,0.0376,0.02234,-0.055,0.0133
2026-08-20 15:24:41,711.42,2026-08-20,719.0,0.07,0.08,0.07,27159,945,0.2676,0.0424,0.02072,-0.075,0.0147
2026-08-20 15:24:41,711.42,2026-08-20,720.0,0.05,0.06,0.02,35956,2008,0.2798,0.0311,0.01538,-0.055,0.0114
2026-08-20 15:24:41,711.42,2026-08-20,721.0,0.01,0.05,0.02,19001,958,0.2786,0.0183,0.00988,-0.03,0.0073
2026-08-20 15:24:41,711.42,2026-08-20,722.0,0.01,0.05,0.03,7973,3838,0.3031,0.0169,0.00852,-0.03,0.0068
2026-08-20 15:24:41,711.42,2026-08-20,723.0,0.03,0.04,0.02,6494,2009,0.3346,0.0178,0.00805,-0.035,0.0071
2026-08-20 15:24:41,711.42,2026-08-20,724.0,0.03,0.04,0.03,10001,691,0.3589,0.0167,0.00711,-0.035,0.0068
2026-08-20 15:24:41,711.42,2026-08-20,725.0,0.03,0.04,0.01,7176,2386,0.383,0.0158,0.00634,-0.035,0.0064
2026-08-20 15:24:41,711.42,2026-08-20,726.0,0.03,0.04,0.02,3861,659,0.4069,0.0149,0.0057,-0.035,0.0061
2026-08-20 15:25:41,711.13,2026-08-20,697.0,14.11,16.329,15.7,2,14,0.8522,0.8512,0.01675,-1.0895,0.0377
2026-08-20 15:25:41,711.13,2026-08-20,698.0,13.02,15.19,18.16,7,2,0.7811,0.8542,0.01803,-0.975,0.0372
2026-08-20 15:25:41,711.13,2026-08-20,699.0,11.96,14.36,14.64,3,1,0.7547,0.8432,0.01958,-1.03,0.039
2026-08-20 15:25:41,711.13,2026-08-20,700.0,11.19,12.66,12.21,116,37,0.6521,0.8572,0.02129,-0.795,0.0366
2026-08-20 15:25:41,711.13,2026-08-20,701.0,10.01,11.37,12.54,166,,0.5459,0.8767,0.02299,-0.56,0.0331
2026-08-20 15:25:41,711.13,2026-08-20,702.0,9.12,10.7,10.62,127,7,0.5672,0.8427,0.02612,-0.78,0.0391
2026-08-20 15:25:41,711.13,2026-08-20,703.0,8.3,9.45,9.88,36,52,0.5171,0.8368,0.02935,-0.745,0.04
2026-08-20 15:25:41,711.13,2026-08-20,704.0,7.07,9.31,9.7,176,6,0.5463,0.7926,0.03224,-1.06,0.0465
2026-08-20 15:25:41,711.13,2026-08-20,705.0,6.33,6.34,7.81,1086,63,0.2826,0.9111,0.03504,-0.205,0.0261
2026-08-20 15:25:41,711.13,2026-08-20,706.0,5.35,5.64,6.8,1285,7,0.2969,0.8587,0.04645,-0.365,0.0364
2026-08-20 15:25:41,711.13,2026-08-20,707.0,4.57,4.58,4.59,1662,4,0.2765,0.8235,0.0577,-0.445,0.0421
2026-08-20 15:25:41,711.13,2026-08-20,708.0,3.65,3.74,3.96,1968,12,0.2585,0.7745,0.0715,-0.565,0.0488
2026-08-20 15:25:41,711.13,2026-08-20,709.0,2.87,2.97,3.17,3115,94,0.2514,0.7016,0.08492,-0.79,0.0563
2026-08-20 15:25:41,711.13,2026-08-20,710.0,2.2,2.27,2.32,13200,259,0.2466,0.6137,0.0955,-1.105,0.0622
2026-08-20 15:25:41,711.13,2026-08-20,711.0,1.67,1.68,1.68,18627,65,0.247,0.5156,0.09933,-1.545,0.0648
2026-08-20 15:25:41,711.13,2026-08-20,712.0,1.12,1.17,1.17,64579,313,0.2366,0.4132,0.10132,-1.145,0.0633
2026-08-20 15:25:41,711.13,2026-08-20,713.0,0.78,0.79,0.79,106551,94,0.2369,0.3162,0.09245,-0.785,0.0578
2026-08-20 15:25:41,711.13,2026-08-20,714.0,0.46,0.47,0.51,133148,212,0.2267,0.2205,0.08048,-0.465,0.0482
2026-08-20 15:25:41,711.13,2026-08-20,715.0,0.31,0.32,0.32,155311,214,0.235,0.1577,0.06312,-0.315,0.0392
2026-08-20 15:25:41,711.13,2026-08-20,716.0,0.19,0.2,0.2,78827,290,0.2377,0.1057,0.0473,-0.195,0.0297
2026-08-20 15:25:41,711.13,2026-08-20,717.0,0.08,0.09,0.13,78359,1003,0.2243,0.0551,0.03056,-0.085,0.0181
2026-08-20 15:25:41,711.13,2026-08-20,718.0,0.09,0.1,0.06,73978,1836,0.2599,0.0534,0.02574,-0.095,0.0177
2026-08-20 15:25:41,711.13,2026-08-20,719.0,0.07,0.08,0.07,27178,945,0.2764,0.0413,0.01968,-0.075,0.0144
2026-08-20 15:25:41,711.13,2026-08-20,720.0,0.05,0.06,0.05,35985,2008,0.2883,0.0303,0.01467,-0.055,0.0112
2026-08-20 15:25:41,711.13,2026-08-20,721.0,0.04,0.05,0.02,19036,958,0.3047,0.0242,0.0115,-0.045,0.0092
2026-08-20 15:25:41,711.13,2026-08-20,722.0,0.04,0.05,0.04,8088,3838,0.3303,0.0226,0.00999,-0.045,0.0087
2026-08-20 15:25:41,711.13,2026-08-20,723.0,0.03,0.04,0.02,6501,2009,0.3425,0.0175,0.00776,-0.035,0.007
2026-08-20 15:25:41,711.13,2026-08-20,724.0,0.01,0.02,0.01,10024,691,0.3279,0.0085,0.00433,-0.015,0.0037
2026-08-20 15:25:41,711.13,2026-08-20,725.0,0.03,0.04,0.01,7176,2386,0.3909,0.0155,0.00614,-0.035,0.0063
2026-08-20 15:25:41,711.13,2026-08-20,726.0,0.01,0.04,0.02,3862,659,0.3963,0.0113,0.00462,-0.025,0.0048
2026-08-20 15:26:42,711.31,2026-08-20,697.0,14,15.66,15.7,2,14,0.6873,0.9042,0.01525,-0.52,0.0276
2026-08-20 15:26:42,711.31,2026-08-20,698.0,12.78,14.76,18.16,7,2,0.6298,0.9073,0.01625,-0.46,0.0269
2026-08-20 15:26:42,711.31,2026-08-20,699.0,11.77,14,14.64,3,1,0.6334,0.8883,0.01851,-0.575,0.0308
2026-08-20 15:26:42,711.31,2026-08-20,700.0,10.69,12.43,12.21,117,37,0.4754,0.9313,0.01715,-0.25,0.0215
2026-08-20 15:26:42,711.31,2026-08-20,701.0,10.01,11.28,12.54,166,,0.4775,0.9112,0.02075,-0.335,0.0261
2026-08-20 15:26:42,711.31,2026-08-20,702.0,8.94,10.72,10.62,127,7,0.5035,0.876,0.02507,-0.52,0.0332
2026-08-20 15:26:42,711.31,2026-08-20,703.0,8.02,9.78,9.88,36,52,0.4847,0.8579,0.0286,-0.59,0.0365
2026-08-20 15:26:42,711.31,2026-08-20,704.0,7.39,9.02,9.7,176,6,0.5187,0.8109,0.03216,-0.895,0.0439
2026-08-20 15:26:42,711.31,2026-08-20,705.0,6.01,6.62,6.46,1087,63,,,,,
2026-08-20 15:26:42,711.31,2026-08-20,706.0,5.49,5.56,5.52,1288,7,0.258,0.8998,0.042,-0.215,0.0285
2026-08-20 15:26:42,711.31,2026-08-20,707.0,4.7,4.75,4.58,1663,4,0.2773,0.8335,0.05553,-0.415,0.0405
2026-08-20 15:26:42,711.31,2026-08-20,708.0,3.78,3.88,3.75,1984,12,0.2579,0.7881,0.06926,-0.52,0.047
2026-08-20 15:26:42,711.31,2026-08-20,709.0,3.02,3.07,2.95,3428,94,0.2514,0.7171,0.08297,-0.735,0.0549
2026-08-20 15:26:42,711.31,2026-08-20,710.0,2.29,2.37,2.37,13387,259,0.2443,0.6322,0.0951,-1.02,0.0611
2026-08-20 15:26:42,711.31,2026-08-20,711.0,1.72,1.73,1.74,19327,65,0.2406,0.5344,0.10184,-1.415,0.0645
2026-08-20 15:26:42,711.31,2026-08-20,712.0,1.16,1.18,1.21,65746,313,0.229,0.4291,0.10569,-1.17,0.0637
2026-08-20 15:26:42,711.31,2026-08-20,713.0,0.79,0.81,0.77,108870,94,0.23,0.3279,0.09684,-0.8,0.0586
2026-08-20 15:26:42,711.31,2026-08-20,714.0,0.51,0.52,0.52,134943,212,0.229,0.237,0.08313,-0.515,0.0501
2026-08-20 15:26:42,711.31,2026-08-20,715.0,0.27,0.28,0.32,156484,214,0.2179,0.1505,0.06611,-0.275,0.0379
2026-08-20 15:26:42,711.31,2026-08-20,716.0,0.19,0.2,0.2,80164,290,0.2317,0.1081,0.0494,-0.195,0.0301
2026-08-20 15:26:42,711.31,2026-08-20,717.0,0.08,0.13,0.13,79178,1003,0.2295,0.0648,0.03398,-0.105,0.0205
2026-08-20 15:26:42,711.31,2026-08-20,718.0,0.08,0.09,0.09,74264,1836,0.2491,0.0504,0.02568,-0.085,0.0168
2026-08-20 15:26:42,711.31,2026-08-20,719.0,0.02,0.03,0.03,27626,945,0.226,0.0188,0.01251,-0.025,0.0074
2026-08-20 15:26:42,711.31,2026-08-20,720.0,0.05,0.06,0.05,36212,2008,0.2839,0.0308,0.0151,-0.055,0.0113
2026-08-20 15:26:42,711.31,2026-08-20,721.0,0.01,0.05,0.04,19082,958,0.2824,0.0181,0.00971,-0.03,0.0072
2026-08-20 15:26:42,711.31,2026-08-20,722.0,0.01,0.02,0.02,8119,3838,0.2795,0.0098,0.00578,-0.015,0.0042
2026-08-20 15:26:42,711.31,2026-08-20,723.0,0.01,0.04,0.02,6504,2009,0.3229,0.0136,0.00666,-0.025,0.0057
2026-08-20 15:26:42,711.31,2026-08-20,724.0,0.01,0.02,0.03,10046,691,0.3244,0.0086,0.00443,-0.015,0.0038
2026-08-20 15:26:42,711.31,2026-08-20,725.0,0.03,0.04,0.03,7181,2386,0.3872,0.0157,0.00627,-0.035,0.0064
2026-08-20 15:26:42,711.31,2026-08-20,726.0,0.01,0.04,0.03,3887,659,0.3928,0.0114,0.0047,-0.025,0.0049
2026-08-20 15:27:43,711.46,2026-08-20,697.0,13.58,15.9,15.7,2,14,0.5931,0.9369,0.0129,-0.28,0.0201
2026-08-20 15:27:43,711.46,2026-08-20,698.0,12.85,14.89,18.16,7,2,0.617,0.9145,0.01565,-0.41,0.0253
2026-08-20 15:27:43,711.46,2026-08-20,699.0,11.85,14.03,14.64,3,1,0.6078,0.9007,0.01774,-0.48,0.0283
2026-08-20 15:27:43,711.46,2026-08-20,700.0,10.77,12.54,11.9,117,37,0.4535,0.943,0.01558,-0.195,0.0185
2026-08-20 15:27:43,711.46,2026-08-20,701.0,9.73,11.34,12.54,166,,0.3415,0.9721,0.01159,-0.075,0.0104
2026-08-20 15:27:43,711.46,2026-08-20,702.0,8.67,10.57,10.62,127,7,0.3719,0.9439,0.01877,-0.16,0.0183
2026-08-20 15:27:43,711.46,2026-08-20,703.0,7.73,9.75,9.88,36,52,0.393,0.9106,0.02539,-0.28,0.0262
2026-08-20 15:27:43,711.46,2026-08-20,704.0,7.6,9.08,9.7,176,6,0.5227,0.8143,0.03161,-0.88,0.0433
2026-08-20 15:27:43,711.46,2026-08-20,705.0,6.21,6.81,6.58,1089,63,0.2082,0.9733,0.0183,-0.05,0.01
2026-08-20 15:27:43,711.46,2026-08-20,706.0,5.63,5.95,5.52,1288,7,0.3007,0.8712,0.04316,-0.33,0.034
2026-08-20 15:27:43,711.46,2026-08-20,707.0,4.92,5.08,4.58,1663,4,0.3138,0.8125,0.05297,-0.54,0.0436
2026-08-20 15:27:43,711.46,2026-08-20,708.0,4.16,4.21,4.08,2090,12,0.3073,0.7592,0.06258,-0.725,0.0504
2026-08-20 15:27:43,711.46,2026-08-20,709.0,3.24,3.28,3.24,3446,94,0.2715,0.7147,0.07727,-0.8,0.055
2026-08-20 15:27:43,711.46,2026-08-20,710.0,2.5,2.58,2.57,13599,259,0.2636,0.6365,0.08793,-1.08,0.0608
2026-08-20 15:27:43,711.46,2026-08-20,711.0,1.85,1.92,1.9,19719,65,0.2533,0.5473,0.09656,-1.425,0.0641
2026-08-20 15:27:43,711.46,2026-08-20,712.0,1.29,1.34,1.34,66855,313,0.2419,0.4479,0.10099,-1.315,0.064
2026-08-20 15:27:43,711.46,2026-08-20,713.0,0.86,0.91,0.85,110152,94,0.2362,0.3463,0.09646,-0.885,0.0597
2026-08-20 15:27:43,711.46,2026-08-20,714.0,0.56,0.57,0.57,135918,212,0.232,0.2521,0.08495,-0.565,0.0517
2026-08-20 15:27:43,711.46,2026-08-20,715.0,0.3,0.31,0.34,157124,214,0.22,0.1625,0.06899,-0.305,0.0398
2026-08-20 15:27:43,711.46,2026-08-20,716.0,0.2,0.21,0.21,80358,290,0.23,0.1135,0.05162,-0.205,0.0311
2026-08-20 15:27:43,711.46,2026-08-20,717.0,0.12,0.13,0.13,79290,1003,0.2344,0.0739,0.03688,-0.125,0.0227
2026-08-20 15:27:43,711.46,2026-08-20,718.0,0.04,0.05,0.09,74847,1836,0.2173,0.0327,0.02075,-0.045,0.0118
2026-08-20 15:27:43,711.46,2026-08-20,719.0,0.06,0.07,0.06,27751,945,0.2608,0.0384,0.01975,-0.065,0.0135
2026-08-20 15:27:43,711.46,2026-08-20,720.0,0.05,0.06,0.05,36379,2008,0.2803,0.0312,0.01548,-0.055,0.0114
2026-08-20 15:27:43,711.46,2026-08-20,721.0,0.01,0.05,0.02,19103,958,0.2791,0.0183,0.00994,-0.03,0.0073
2026-08-20 15:27:43,711.46,2026-08-20,722.0,0.01,0.02,0.04,8120,3838,0.2766,0.0099,0.00591,-0.015,0.0043
2026-08-20 15:27:43,711.46,2026-08-20,723.0,0.03,0.04,0.03,6508,2009,0.3355,0.0178,0.00809,-0.035,0.0071
2026-08-20 15:27:43,711.46,2026-08-20,724.0,0.03,0.04,0.01,10059,691,0.36,0.0168,0.00714,-0.035,0.0067
2026-08-20 15:27:43,711.46,2026-08-20,725.0,0.01,0.04,0.03,7263,2386,0.3668,0.0122,0.00533,-0.025,0.0051
2026-08-20 15:27:43,711.46,2026-08-20,726.0,0.03,0.04,0.03,3887,659,0.4082,0.015,0.00572,-0.035,0.0061
2026-08-20 15:28:46,711.79,2026-08-20,697.0,13.58,15.71,15.7,2,14,,,,,
2026-08-20 15:28:46,711.79,2026-08-20,698.0,12.74,14.94,18.16,7,2,0.3984,0.9849,0.0059,-0.05,0.0061
2026-08-20 15:28:46,711.79,2026-08-20,699.0,11.83,14.15,14.64,3,1,0.4986,0.9461,0.01357,-0.2,0.0177
2026-08-20 15:28:46,711.79,2026-08-20,700.0,10.68,12.48,11.9,117,37,,,,,
2026-08-20 15:28:46,711.79,2026-08-20,701.0,9.8,11.5,12.54,166,,,,,,
2026-08-20 15:28:46,711.79,2026-08-20,702.0,8.8,10.6,10.62,127,7,,,,,
2026-08-20 15:28:46,711.79,2026-08-20,703.0,7.8,8.9,9.88,36,52,,,,,
2026-08-20 15:28:46,711.79,2026-08-20,704.0,7.76,9.03,9.7,176,6,0.4695,0.8507,0.03062,-0.605,0.0376
2026-08-20 15:28:46,711.79,2026-08-20,705.0,6.22,6.87,6.58,1089,63,,,,,
2026-08-20 15:28:46,711.79,2026-08-20,706.0,6.01,6.18,5.87,1293,7,0.3061,0.8813,0.04012,-0.305,0.0321
2026-08-20 15:28:46,711.79,2026-08-20,707.0,4.91,5.14,5.06,1706,4,0.2468,0.8871,0.04801,-0.235,0.031
2026-08-20 15:28:46,711.79,2026-08-20,708.0,4.14,4.19,4.19,2106,12,0.2466,0.8314,0.06312,-0.375,0.0407
2026-08-20 15:28:46,711.79,2026-08-20,709.0,3.37,3.42,3.31,3467,94,0.2517,0.7561,0.07707,-0.605,0.0507
2026-08-20 15:28:46,711.79,2026-08-20,710.0,2.63,2.66,2.55,13718,259,0.2454,0.6767,0.09052,-0.855,0.0581
2026-08-20 15:28:46,711.79,2026-08-20,711.0,1.94,1.97,1.89,20134,65,0.2355,0.5849,0.10239,-1.165,0.063
2026-08-20 15:28:46,711.79,2026-08-20,712.0,1.32,1.37,1.37,68318,313,0.2232,0.4796,0.11039,-1.345,0.0644
2026-08-20 15:28:46,711.79,2026-08-20,713.0,0.91,0.92,0.88,111891,94,0.2221,0.3708,0.10523,-0.915,0.0611
2026-08-20 15:28:46,711.79,2026-08-20,714.0,0.53,0.54,0.6,137435,212,0.2105,0.2606,0.09544,-0.535,0.0525
2026-08-20 15:28:46,711.79,2026-08-20,715.0,0.31,0.32,0.37,158133,214,0.2092,0.1737,0.07583,-0.315,0.0415
2026-08-20 15:28:46,711.79,2026-08-20,716.0,0.21,0.22,0.22,80606,290,0.2214,0.1219,0.0565,-0.215,0.0327
2026-08-20 15:28:46,711.79,2026-08-20,717.0,0.13,0.14,0.14,79527,1003,0.2282,0.0808,0.04058,-0.135,0.0242
2026-08-20 15:28:46,711.79,2026-08-20,718.0,0.04,0.05,0.09,75056,1836,0.2086,0.0339,0.02233,-0.045,0.0122
2026-08-20 15:28:46,711.79,2026-08-20,719.0,0.06,0.07,0.06,27851,945,0.2519,0.0397,0.02101,-0.065,0.0138
2026-08-20 15:28:46,711.79,2026-08-20,720.0,0.05,0.06,0.02,36397,2008,0.2718,0.0321,0.01637,-0.055,0.0116
2026-08-20 15:28:46,711.79,2026-08-20,721.0,0.01,0.05,0.04,19104,958,0.2713,0.0188,0.01047,-0.03,0.0074
2026-08-20 15:28:46,711.79,2026-08-20,722.0,0.01,0.05,0.04,8120,3838,0.2961,0.0174,0.00898,-0.03,0.007
2026-08-20 15:28:46,711.79,2026-08-20,723.0,0.01,0.02,0.03,6508,2009,0.2922,0.0094,0.00537,-0.015,0.0041
2026-08-20 15:28:46,711.79,2026-08-20,724.0,0.03,0.04,0.03,10071,691,0.3524,0.0171,0.00744,-0.035,0.0069
2026-08-20 15:28:46,711.79,2026-08-20,725.0,0.03,0.04,0.03,7320,2386,0.3768,0.0161,0.00661,-0.035,0.0065
2026-08-20 15:28:46,711.79,2026-08-20,726.0,0.03,0.04,0.01,3893,659,0.4009,0.0152,0.00592,-0.035,0.0062
2026-08-20 15:29:47,711.86,2026-08-20,697.0,14.07,16.12,15.7,2,14,0.5841,0.9453,0.01174,-0.235,0.0179
2026-08-20 15:29:47,711.86,2026-08-20,698.0,12.8,14.99,18.16,7,2,0.3717,0.9904,0.0043,-0.035,0.0042
2026-08-20 15:29:47,711.86,2026-08-20,699.0,11.93,14.22,14.64,3,1,0.5101,0.9434,0.01382,-0.215,0.0184
2026-08-20 15:29:47,711.86,2026-08-20,700.0,10.92,12.38,11.9,117,37,,,,,
2026-08-20 15:29:47,711.86,2026-08-20,701.0,10,11.53,12.54,166,,,,,,
2026-08-20 15:29:47,711.86,2026-08-20,702.0,8.88,10.85,10.62,127,7,,,,,
2026-08-20 15:29:47,711.86,2026-08-20,703.0,7.79,9.26,9.88,36,52,,,,,
2026-08-20 15:29:47,711.86,2026-08-20,704.0,7.8,8.96,9.7,176,6,0.4498,0.8634,0.03014,-0.52,0.0353
2026-08-20 15:29:47,711.86,2026-08-20,705.0,6.1,7.22,7.11,1090,63,,,,,
2026-08-20 15:29:47,711.86,2026-08-20,706.0,5.85,6.11,5.87,1293,7,0.2386,0.9376,0.0319,-0.12,0.0198
2026-08-20 15:29:47,711.86,2026-08-20,707.0,4.94,5.28,5,1706,4,0.2546,0.8836,0.04763,-0.25,0.0316
2026-08-20 15:29:47,711.86,2026-08-20,708.0,4.18,4.34,4.22,2124,12,0.2561,0.8272,0.06187,-0.4,0.0413
2026-08-20 15:29:47,711.86,2026-08-20,709.0,3.35,3.52,3.55,3489,94,0.2495,0.7637,0.07653,-0.575,0.0497
2026-08-20 15:29:47,711.86,2026-08-20,710.0,2.69,2.73,2.7,13884,259,0.2489,0.681,0.08892,-0.85,0.0576
2026-08-20 15:29:47,711.86,2026-08-20,711.0,1.98,2.009,1.98,20303,65,0.2357,0.5921,0.10207,-1.1345,0.0627
2026-08-20 15:29:47,711.86,2026-08-20,712.0,1.38,1.43,1.43,69463,313,0.2277,0.4875,0.1085,-1.405,0.0644
2026-08-20 15:29:47,711.86,2026-08-20,713.0,0.95,0.96,0.96,113328,94,0.2247,0.3794,0.10492,-0.955,0.0614
2026-08-20 15:29:47,711.86,2026-08-20,714.0,0.6,0.61,0.61,139168,212,0.2205,0.2764,0.094,-0.605,0.054
2026-08-20 15:29:47,711.86,2026-08-20,715.0,0.32,0.33,0.37,159410,214,0.209,0.1784,0.07733,-0.325,0.0421
2026-08-20 15:29:47,711.86,2026-08-20,716.0,0.18,0.19,0.23,80951,290,0.2098,0.1128,0.05652,-0.185,0.0309
2026-08-20 15:29:47,711.86,2026-08-20,717.0,0.09,0.1,0.14,79667,1003,0.2084,0.0648,0.03762,-0.095,0.0204
2026-08-20 15:29:47,711.86,2026-08-20,718.0,0.09,0.1,0.1,75134,1836,0.2394,0.0576,0.02985,-0.095,0.0186
2026-08-20 15:29:47,711.86,2026-08-20,719.0,0.02,0.07,0.07,27905,945,0.2344,0.0307,0.01832,-0.045,0.0112
2026-08-20 15:29:47,711.86,2026-08-20,720.0,0.01,0.02,0.05,36474,2008,0.2219,0.0121,0.0088,-0.015,0.0051
2026-08-20 15:29:47,711.86,2026-08-20,721.0,0.01,0.05,0.04,19106,958,0.2701,0.0189,0.01059,-0.03,0.0075
2026-08-20 15:29:47,711.86,2026-08-20,722.0,0.01,0.05,0.02,8133,3838,0.2949,0.0175,0.00907,-0.03,0.007
2026-08-20 15:29:47,711.86,2026-08-20,723.0,0.03,0.04,0.03,6508,2009,0.3267,0.0183,0.00852,-0.035,0.0073
2026-08-20 15:29:47,711.86,2026-08-20,724.0,0.01,0.02,0.03,10084,691,0.3137,0.0089,0.00474,-0.015,0.0039
2026-08-20 15:29:47,711.86,2026-08-20,725.0,0.03,0.04,0.01,7322,2386,0.3757,0.0162,0.00666,-0.035,0.0065
2026-08-20 15:29:47,711.86,2026-08-20,726.0,0.03,0.04,0.03,3895,659,0.3999,0.0153,0.00597,-0.035,0.0062
2026-08-20 15:30:48,711.75,2026-08-20,697.0,13.67,16.16,15.7,2,14,0.5387,0.9578,0.01037,-0.165,0.0145
2026-08-20 15:30:48,711.75,2026-08-20,698.0,12.86,15.25,18.16,7,2,0.5851,0.9308,0.01413,-0.305,0.0214
2026-08-20 15:30:48,711.75,2026-08-20,699.0,11.89,13.95,14.64,3,1,0.4815,0.9522,0.01284,-0.17,0.016
2026-08-20 15:30:48,711.75,2026-08-20,700.0,10.66,12.34,11.9,117,37,,,,,
2026-08-20 15:30:48,711.75,2026-08-20,701.0,9.88,11.36,12.54,166,,,,,,
2026-08-20 15:30:48,711.75,2026-08-20,702.0,8.94,10.83,10.62,127,7,0.3684,0.9517,0.01691,-0.135,0.0162
2026-08-20 15:30:48,711.75,2026-08-20,703.0,7.85,9.27,9.88,36,52,,,,,
2026-08-20 15:30:48,711.75,2026-08-20,704.0,7.62,9.13,9.7,176,6,0.475,0.8475,0.03081,-0.625,0.038
2026-08-20 15:30:48,711.75,2026-08-20,705.0,6.77,7,7.11,1090,63,0.2751,0.9379,0.02762,-0.135,0.0197
2026-08-20 15:30:48,711.75,2026-08-20,706.0,5.71,6.08,5.87,1293,7,0.2474,0.9272,0.03471,-0.145,0.0223
2026-08-20 15:30:48,711.75,2026-08-20,707.0,4.75,5.09,5.09,1718,4,0.2237,0.9081,0.04575,-0.17,0.0266
2026-08-20 15:30:48,711.75,2026-08-20,708.0,4.04,4.1,4.17,2128,12,0.232,0.8445,0.06391,-0.32,0.0385
2026-08-20 15:30:48,711.75,2026-08-20,709.0,3.17,3.27,3.38,3521,94,0.2233,0.7802,0.08228,-0.47,0.0477
2026-08-20 15:30:48,711.75,2026-08-20,710.0,2.42,2.46,2.6,13968,259,0.2152,0.6958,0.10092,-0.69,0.0564
2026-08-20 15:30:48,711.75,2026-08-20,711.0,1.85,1.87,1.87,20382,65,0.225,0.5847,0.10759,-1.11,0.0628
2026-08-20 15:30:48,711.75,2026-08-20,712.0,1.29,1.31,1.31,69914,313,0.22,0.4746,0.11234,-1.3,0.0641
2026-08-20 15:30:48,711.75,2026-08-20,713.0,0.82,0.83,0.83,113939,94,0.2105,0.3589,0.11024,-0.825,0.0602
2026-08-20 15:30:48,711.75,2026-08-20,714.0,0.49,0.5,0.5,139919,212,0.2055,0.2509,0.09619,-0.495,0.0513
2026-08-20 15:30:48,711.75,2026-08-20,715.0,0.29,0.34,0.33,159717,214,0.2117,0.1726,0.07494,-0.315,0.0412
2026-08-20 15:30:48,711.75,2026-08-20,716.0,0.2,0.21,0.21,81185,290,0.2206,0.1179,0.0556,-0.205,0.0318
2026-08-20 15:30:48,711.75,2026-08-20,717.0,0.13,0.14,0.14,79806,1003,0.2304,0.0804,0.0402,-0.135,0.024
2026-08-20 15:30:48,711.75,2026-08-20,718.0,0.08,0.09,0.09,75488,1836,0.2377,0.0528,0.02812,-0.085,0.0173
2026-08-20 15:30:48,711.75,2026-08-20,719.0,0.02,0.07,0.07,28349,945,0.2379,0.0303,0.01792,-0.045,0.0111
2026-08-20 15:30:48,711.75,2026-08-20,720.0,0.01,0.02,0.02,36489,2008,0.2249,0.012,0.00862,-0.015,0.005
2026-08-20 15:30:48,711.75,2026-08-20,721.0,0.01,0.02,0.02,19130,958,0.2483,0.011,0.00723,-0.015,0.0047
2026-08-20 15:30:48,711.75,2026-08-20,722.0,0.01,0.05,0.04,8144,3838,0.2982,0.0173,0.00893,-0.03,0.0069
2026-08-20 15:30:48,711.75,2026-08-20,723.0,0.01,0.02,0.02,6518,2009,0.2942,0.0094,0.00534,-0.015,0.0041
2026-08-20 15:30:48,711.75,2026-08-20,724.0,0.01,0.04,0.03,10098,691,0.3384,0.0132,0.00621,-0.025,0.0055
2026-08-20 15:30:48,711.75,2026-08-20,725.0,0.03,0.04,0.01,7322,2386,0.3792,0.0161,0.00658,-0.035,0.0065
2026-08-20 15:30:48,711.75,2026-08-20,726.0,0.01,0.02,0.03,3895,659,0.3614,0.0078,0.00369,-0.015,0.0035
2026-08-20 15:31:49,711.66,2026-08-20,697.0,13.98,16.079,15.7,2,14,0.646,0.9244,0.01372,-0.3695,0.0229
2026-08-20 15:31:49,711.66,2026-08-20,698.0,12.61,15.03,18.16,7,2,0.5037,0.9565,0.0114,-0.16,0.0148
2026-08-20 15:31:49,711.66,2026-08-20,699.0,11.68,14.23,14.64,3,1,0.5455,0.9285,0.01556,-0.295,0.0219
2026-08-20 15:31:49,711.66,2026-08-20,700.0,10.85,12.52,11.9,117,37,0.2939,0.9937,0.00376,-0.025,0.0029
2026-08-20 15:31:49,711.66,2026-08-20,701.0,9.96,11.52,12.54,166,,0.3545,0.9707,0.0117,-0.08,0.0107
2026-08-20 15:31:49,711.66,2026-08-20,702.0,8.7,10.5,10.62,127,7,,,,,
2026-08-20 15:31:49,711.66,2026-08-20,703.0,7.73,9.25,9.88,36,52,,,,,
2026-08-20 15:31:49,711.66,2026-08-20,704.0,7.46,9.03,9.7,176,6,0.4616,0.852,0.03114,-0.585,0.0371
2026-08-20 15:31:49,711.66,2026-08-20,705.0,6.61,6.9,7.12,1100,63,0.2504,0.9524,0.02462,-0.095,0.0159
2026-08-20 15:31:49,711.66,2026-08-20,706.0,5.63,6.17,5.87,1293,7,0.2818,0.8964,0.03976,-0.24,0.029
2026-08-20 15:31:49,711.66,2026-08-20,707.0,4.76,4.95,4.95,1740,4,0.2301,0.8981,0.0481,-0.195,0.0286
2026-08-20 15:31:49,711.66,2026-08-20,708.0,3.99,4.05,4.27,2130,12,0.2389,0.832,0.06538,-0.36,0.0404
2026-08-20 15:31:49,711.66,2026-08-20,709.0,3.17,3.29,3.15,3538,94,0.2399,0.7574,0.0811,-0.57,0.0503
2026-08-20 15:31:49,711.66,2026-08-20,710.0,2.39,2.44,2.54,13982,259,0.2222,0.6816,0.09992,-0.755,0.0574
2026-08-20 15:31:49,711.66,2026-08-20,711.0,1.8,1.87,1.84,20484,65,0.2297,0.5736,0.10618,-1.175,0.063
2026-08-20 15:31:49,711.66,2026-08-20,712.0,1.23,1.24,1.28,70387,313,0.2169,0.4639,0.11396,-1.235,0.0639
2026-08-20 15:31:49,711.66,2026-08-20,713.0,0.81,0.82,0.85,114792,94,0.2145,0.3515,0.10757,-0.815,0.0596
2026-08-20 15:31:49,711.66,2026-08-20,714.0,0.49,0.54,0.54,140671,212,0.2142,0.251,0.09247,-0.515,0.0512
2026-08-20 15:31:49,711.66,2026-08-20,715.0,0.32,0.33,0.29,160388,214,0.2183,0.1729,0.0729,-0.325,0.0411
2026-08-20 15:31:49,711.66,2026-08-20,716.0,0.16,0.21,0.21,81416,290,0.2179,0.1097,0.05356,-0.185,0.0302
2026-08-20 15:31:49,711.66,2026-08-20,717.0,0.09,0.1,0.1,80098,1003,0.2156,0.0632,0.03581,-0.095,0.0199
2026-08-20 15:31:49,711.66,2026-08-20,718.0,0.04,0.05,0.09,75507,1836,0.2134,0.0334,0.02168,-0.045,0.012
2026-08-20 15:31:49,711.66,2026-08-20,719.0,0.02,0.03,0.03,28360,945,0.2192,0.0194,0.01341,-0.025,0.0076
2026-08-20 15:31:49,711.66,2026-08-20,720.0,0.05,0.06,0.05,36540,2008,0.2769,0.0317,0.01601,-0.055,0.0115
2026-08-20 15:31:49,711.66,2026-08-20,721.0,0.04,0.05,0.03,19139,958,0.2941,0.0252,0.01245,-0.045,0.0095
2026-08-20 15:31:49,711.66,2026-08-20,722.0,0.01,0.02,0.04,8144,3838,0.274,0.0101,0.00608,-0.015,0.0043
2026-08-20 15:31:49,711.66,2026-08-20,723.0,0.01,0.02,0.02,6518,2009,0.2969,0.0094,0.00527,-0.015,0.004
2026-08-20 15:31:49,711.66,2026-08-20,724.0,0.01,0.04,0.02,10110,691,0.3412,0.0131,0.00614,-0.025,0.0054
2026-08-20 15:31:49,711.66,2026-08-20,725.0,0.03,0.04,0.01,7322,2386,0.3821,0.016,0.00651,-0.035,0.0064
2026-08-20 15:31:49,711.66,2026-08-20,726.0,0.01,0.02,0.03,3897,659,0.3641,0.0078,0.00366,-0.015,0.0034
2026-08-20 15:32:51,711.45,2026-08-20,697.0,14.03,15.9,15.7,2,14,0.6984,0.9053,0.01505,-0.515,0.027
2026-08-20 15:32:51,711.45,2026-08-20,698.0,12.78,14.98,18.16,7,2,0.6305,0.9117,0.01583,-0.43,0.0257
2026-08-20 15:32:51,711.45,2026-08-20,699.0,11.93,14.22,14.64,3,1,0.662,0.8833,0.01847,-0.625,0.0315
2026-08-20 15:32:51,711.45,2026-08-20,700.0,11,12.27,11.9,117,37,0.4522,0.9451,0.01532,-0.185,0.0178
2026-08-20 15:32:51,711.45,2026-08-20,701.0,9.65,11.6,12.54,166,,0.4151,0.9439,0.01698,-0.175,0.0181
2026-08-20 15:32:51,711.45,2026-08-20,702.0,8.77,10.7,10.62,127,7,0.4333,0.9156,0.02227,-0.285,0.0248
2026-08-20 15:32:51,711.45,2026-08-20,703.0,7.76,9.29,9.88,36,52,0.2888,0.9672,0.0158,-0.075,0.0117
2026-08-20 15:32:51,711.45,2026-08-20,704.0,7.34,9.07,9.7,176,6,0.4975,0.828,0.03196,-0.755,0.0409
2026-08-20 15:32:51,711.45,2026-08-20,705.0,6.61,6.72,6.92,1110,63,0.3014,0.911,0.03331,-0.215,0.0258
2026-08-20 15:32:51,711.45,2026-08-20,706.0,5.6,5.87,5.87,1293,7,0.2895,0.8819,0.04258,-0.285,0.0317
2026-08-20 15:32:51,711.45,2026-08-20,707.0,4.71,4.96,4.79,1749,4,0.2786,0.8427,0.05385,-0.385,0.0386
2026-08-20 15:32:51,711.45,2026-08-20,708.0,4.03,4.11,4.04,2131,12,0.2885,0.7746,0.06489,-0.62,0.0482
2026-08-20 15:32:51,711.45,2026-08-20,709.0,3.18,3.19,3.21,3545,94,0.2616,0.723,0.07982,-0.735,0.0537
2026-08-20 15:32:51,711.45,2026-08-20,710.0,2.42,2.44,2.46,13997,259,0.2489,0.6444,0.09331,-0.98,0.0597
2026-08-20 15:32:51,711.45,2026-08-20,711.0,1.77,1.78,1.78,20718,65,0.2393,0.5493,0.10313,-1.325,0.0635
2026-08-20 15:32:51,711.45,2026-08-20,712.0,1.23,1.29,1.29,71169,313,0.2362,0.445,0.10428,-1.26,0.0634
2026-08-20 15:32:51,711.45,2026-08-20,713.0,0.82,0.84,0.78,115875,94,0.2297,0.3397,0.0994,-0.83,0.0587
2026-08-20 15:32:51,711.45,2026-08-20,714.0,0.52,0.53,0.48,141659,212,0.2269,0.2442,0.08625,-0.525,0.0503
2026-08-20 15:32:51,711.45,2026-08-20,715.0,0.31,0.32,0.27,160918,214,0.225,0.165,0.06876,-0.315,0.0398
2026-08-20 15:32:51,711.45,2026-08-20,716.0,0.15,0.2,0.2,81633,290,0.2225,0.1031,0.05029,-0.175,0.0288
2026-08-20 15:32:51,711.45,2026-08-20,717.0,0.08,0.13,0.13,80144,1003,0.2276,0.0659,0.03508,-0.105,0.0205
2026-08-20 15:32:51,711.45,2026-08-20,718.0,0.04,0.09,0.09,76265,1836,0.235,0.0424,0.02398,-0.065,0.0145
2026-08-20 15:32:51,711.45,2026-08-20,719.0,0.02,0.03,0.06,28379,945,0.225,0.019,0.01286,-0.025,0.0074
2026-08-20 15:32:51,711.45,2026-08-20,720.0,0.05,0.06,0.05,36582,2008,0.2833,0.0312,0.01545,-0.055,0.0113
2026-08-20 15:32:51,711.45,2026-08-20,721.0,0.04,0.05,0.04,19147,958,0.3003,0.0248,0.01206,-0.045,0.0093
2026-08-20 15:32:51,711.45,2026-08-20,722.0,0.04,0.05,0.04,8204,3838,0.3263,0.0231,0.01043,-0.045,0.0088
2026-08-20 15:32:51,711.45,2026-08-20,723.0,0.03,0.04,0.03,6557,2009,0.3389,0.0178,0.00808,-0.035,0.007
2026-08-20 15:32:51,711.45,2026-08-20,724.0,0.01,0.04,0.03,10122,691,0.347,0.0129,0.00598,-0.025,0.0053
2026-08-20 15:32:51,711.45,2026-08-20,725.0,0.01,0.02,0.01,7322,2386,0.3473,0.0081,0.00399,-0.015,0.0036
2026-08-20 15:32:51,711.45,2026-08-20,726.0,0.03,0.04,0.03,3897,659,0.4123,0.015,0.00572,-0.035,0.0061
2026-08-20 15:33:53,710.97,2026-08-20,696.0,14.59,16.87,16.91,5,8,0.8032,0.8825,0.01534,-0.76,0.0315
2026-08-20 15:33:53,710.97,2026-08-20,697.0,13.97,15.66,15.7,2,14,0.7902,0.87,0.01674,-0.845,0.0338
2026-08-20 15:33:53,710.97,2026-08-20,698.0,12.73,15.2,18.16,7,2,0.7921,0.8515,0.01827,-0.995,0.037
2026-08-20 15:33:53,710.97,2026-08-20,699.0,11.61,13.76,14.64,3,1,0.6729,0.8709,0.01956,-0.715,0.0337
2026-08-20 15:33:53,710.97,2026-08-20,700.0,11.02,12.63,11.9,117,37,0.6721,0.8502,0.02167,-0.855,0.0373
2026-08-20 15:33:53,710.97,2026-08-20,701.0,9.77,11.49,12.54,166,,0.5777,0.8631,0.02371,-0.66,0.0351
2026-08-20 15:33:53,710.97,2026-08-20,702.0,8.81,10.77,10.45,128,7,0.5797,0.8369,0.02657,-0.82,0.0394
2026-08-20 15:33:53,710.97,2026-08-20,703.0,7.97,9.31,9.88,36,52,0.4992,0.844,0.02996,-0.67,0.0383
2026-08-20 15:33:53,710.97,2026-08-20,704.0,7.12,8.97,9.7,176,6,0.5507,0.789,0.0328,-1.075,0.0462
2026-08-20 15:33:53,710.97,2026-08-20,705.0,6.11,6.15,6.92,1110,63,0.2632,0.9237,0.03406,-0.16,0.0229
2026-08-20 15:33:53,710.97,2026-08-20,706.0,5.17,5.53,5.87,1293,7,0.2993,0.8528,0.0481,-0.38,0.0368
2026-08-20 15:33:53,710.97,2026-08-20,707.0,4.23,4.39,5.12,1751,4,0.2479,0.8439,0.06037,-0.34,0.0383
2026-08-20 15:33:53,710.97,2026-08-20,708.0,3.45,3.49,3.68,2134,12,0.2415,0.7815,0.07635,-0.5,0.0472
2026-08-20 15:33:53,710.97,2026-08-20,709.0,2.65,2.66,2.82,3559,94,0.2277,0.7083,0.09422,-0.685,0.0549
2026-08-20 15:33:53,710.97,2026-08-20,710.0,2.08,2.12,2.21,14021,259,0.2443,0.6007,0.09882,-1.13,0.0618
2026-08-20 15:33:53,710.97,2026-08-20,711.0,1.44,1.45,1.58,20779,65,0.2275,0.4994,0.10959,-1.445,0.0638
2026-08-20 15:33:53,710.97,2026-08-20,712.0,1.01,1.02,1.01,71558,313,0.2297,0.3923,0.1046,-1.015,0.0615
2026-08-20 15:33:53,710.97,2026-08-20,713.0,0.63,0.64,0.68,116830,94,0.2223,0.2867,0.09573,-0.635,0.0545
2026-08-20 15:33:53,710.97,2026-08-20,714.0,0.42,0.43,0.43,142225,212,0.229,0.2065,0.0779,-0.425,0.0456
2026-08-20 15:33:53,710.97,2026-08-20,715.0,0.21,0.26,0.27,161346,214,0.223,0.1315,0.05975,-0.235,0.0341
2026-08-20 15:33:53,710.97,2026-08-20,716.0,0.16,0.17,0.17,81776,290,0.2364,0.0936,0.04422,-0.165,0.0267
2026-08-20 15:33:53,710.97,2026-08-20,717.0,0.07,0.12,0.12,80226,1003,0.2382,0.0583,0.03057,-0.095,0.0186
2026-08-20 15:33:53,710.97,2026-08-20,718.0,0.04,0.05,0.09,76399,1836,0.2335,0.031,0.01873,-0.045,0.0112
2026-08-20 15:33:53,710.97,2026-08-20,719.0,0.06,0.07,0.03,28491,945,0.2779,0.0368,0.01809,-0.065,0.0129
2026-08-20 15:33:53,710.97,2026-08-20,720.0,0.05,0.06,0.05,36661,2008,0.2971,0.03,0.0143,-0.055,0.0109
2026-08-20 15:33:53,710.97,2026-08-20,721.0,0.01,0.02,0.04,19148,958,0.2682,0.0103,0.00638,-0.015,0.0044
2026-08-20 15:33:53,710.97,2026-08-20,722.0,0.01,0.02,0.02,8232,3838,0.2912,0.0096,0.0055,-0.015,0.0041
2026-08-20 15:33:53,710.97,2026-08-20,723.0,0.03,0.04,0.02,6563,2009,0.3518,0.0173,0.0076,-0.035,0.0068
2026-08-20 15:33:53,710.97,2026-08-20,724.0,0.01,0.02,0.01,10156,691,0.3366,0.0084,0.00425,-0.015,0.0037
2026-08-20 15:33:53,710.97,2026-08-20,725.0,0.01,0.02,0.03,7323,2386,0.359,0.0079,0.00378,-0.015,0.0035
2026-08-20 15:34:54,711.01,2026-08-20,697.0,13.33,15.88,15.7,2,14,0.7139,0.8945,0.01601,-0.595,0.0291
2026-08-20 15:34:54,711.01,2026-08-20,698.0,12.82,14.84,18.16,7,2,0.7462,0.8669,0.01805,-0.82,0.0343
2026-08-20 15:34:54,711.01,2026-08-20,699.0,11.43,13.81,14.64,3,1,0.6434,0.8825,0.01918,-0.61,0.0315
2026-08-20 15:34:54,711.01,2026-08-20,700.0,10.46,12.34,11.9,117,37,0.5311,0.9059,0.01978,-0.39,0.0268
2026-08-20 15:34:54,711.01,2026-08-20,701.0,9.46,10.98,12.54,166,,0.421,0.934,0.01908,-0.21,0.0205
2026-08-20 15:34:54,711.01,2026-08-20,702.0,8.59,10.47,10.45,128,7,0.4999,0.8736,0.02599,-0.52,0.0331
2026-08-20 15:34:54,711.01,2026-08-20,703.0,7.55,9.22,9.88,36,52,0.4162,0.8886,0.02855,-0.375,0.0303
2026-08-20 15:34:54,711.01,2026-08-20,704.0,6.75,8.77,9.7,176,6,0.4795,0.8232,0.03389,-0.75,0.0414
2026-08-20 15:34:54,711.01,2026-08-20,705.0,5.87,6.28,6.92,1110,63,0.212,0.9632,0.02376,-0.065,0.0128
2026-08-20 15:34:54,711.01,2026-08-20,706.0,4.95,5.32,5.87,1293,7,0.216,0.9285,0.03957,-0.125,0.0218
2026-08-20 15:34:54,711.01,2026-08-20,707.0,4.36,4.41,5.12,1751,4,0.259,0.8362,0.05974,-0.375,0.0395
2026-08-20 15:34:54,711.01,2026-08-20,708.0,3.5,3.55,3.52,2136,12,0.247,0.7798,0.07512,-0.515,0.0473
2026-08-20 15:34:54,711.01,2026-08-20,709.0,2.77,2.8,2.73,3565,94,0.2466,0.6977,0.0886,-0.775,0.0557
2026-08-20 15:34:54,711.01,2026-08-20,710.0,2.06,2.09,2.04,14036,259,0.2368,0.608,0.10164,-1.065,0.0614
2026-08-20 15:34:54,711.01,2026-08-20,711.0,1.47,1.5,1.45,20964,65,0.2311,0.5038,0.1081,-1.475,0.0637
2026-08-20 15:34:54,711.01,2026-08-20,712.0,1.01,1.02,1.04,72208,313,0.2275,0.3953,0.106,-1.015,0.0615
2026-08-20 15:34:54,711.01,2026-08-20,713.0,0.66,0.67,0.67,117954,94,0.2261,0.2934,0.09532,-0.665,0.055
2026-08-20 15:34:54,711.01,2026-08-20,714.0,0.36,0.41,0.41,143149,212,0.2187,0.1984,0.07977,-0.385,0.0445
2026-08-20 15:34:54,711.01,2026-08-20,715.0,0.2,0.21,0.21,162242,214,0.2129,0.1223,0.05964,-0.205,0.0324
2026-08-20 15:34:54,711.01,2026-08-20,716.0,0.11,0.12,0.16,81834,290,0.2152,0.0749,0.04115,-0.115,0.0226
2026-08-20 15:34:54,711.01,2026-08-20,717.0,0.1,0.11,0.07,80264,1003,0.2426,0.0626,0.0318,-0.105,0.0197
2026-08-20 15:34:54,711.01,2026-08-20,718.0,0.03,0.04,0.08,76402,1836,0.2232,0.0259,0.0169,-0.035,0.0096
2026-08-20 15:34:54,711.01,2026-08-20,719.0,0.01,0.02,0.06,28628,945,0.2207,0.0123,0.00905,-0.015,0.0051
2026-08-20 15:34:54,711.01,2026-08-20,720.0,0.05,0.06,0.05,38761,2008,0.2966,0.0301,0.01439,-0.055,0.0109
2026-08-20 15:34:54,711.01,2026-08-20,721.0,0.04,0.05,0.04,19148,958,0.3132,0.024,0.0113,-0.045,0.009
2026-08-20 15:34:54,711.01,2026-08-20,722.0,0.01,0.05,0.04,8284,3838,0.3192,0.0165,0.00805,-0.03,0.0065
2026-08-20 15:34:54,711.01,2026-08-20,723.0,0.01,0.04,0.03,6564,2009,0.3352,0.0134,0.00641,-0.025,0.0055
2026-08-20 15:34:54,711.01,2026-08-20,724.0,0.01,0.04,0.03,10168,691,0.359,0.0126,0.00568,-0.025,0.0052
2026-08-20 15:34:54,711.01,2026-08-20,725.0,0.01,0.02,0.03,7323,2386,0.3587,0.0079,0.0038,-0.015,0.0035
2026-08-20 15:34:54,711.01,2026-08-20,726.0,0.03,0.04,0.03,3908,659,0.4248,0.0146,0.00547,-0.035,0.0059
2026-08-20 15:35:55,710.97,2026-08-20,696.0,14.44,17.04,16.91,5,8,0.8095,0.8816,0.01536,-0.77,0.0316
2026-08-20 15:35:55,710.97,2026-08-20,697.0,13.81,15.44,15.7,2,14,0.734,0.8879,0.01629,-0.655,0.0304
2026-08-20 15:35:55,710.97,2026-08-20,698.0,12.35,14.76,18.16,7,2,0.673,0.8905,0.01747,-0.585,0.0299
2026-08-20 15:35:55,710.97,2026-08-20,699.0,11.68,13.56,14.64,3,1,0.6557,0.8778,0.01939,-0.65,0.0323
2026-08-20 15:35:55,710.97,2026-08-20,700.0,10.57,12.68,11.9,117,37,0.6182,0.8709,0.02137,-0.655,0.0336
2026-08-20 15:35:55,710.97,2026-08-20,701.0,9.72,11.15,12.54,166,,0.5203,0.8885,0.0229,-0.465,0.0303
2026-08-20 15:35:55,710.97,2026-08-20,702.0,8.73,10.64,10.45,128,7,0.5545,0.8484,0.02658,-0.715,0.0374
2026-08-20 15:35:55,710.97,2026-08-20,703.0,7.77,9.1,9.88,36,52,0.4438,0.8729,0.02944,-0.465,0.0332
2026-08-20 15:35:55,710.97,2026-08-20,704.0,6.87,8.85,7.99,177,6,0.5116,0.8069,0.03361,-0.89,0.0437
2026-08-20 15:35:55,710.97,2026-08-20,705.0,5.83,6.2,6.92,1110,63,0.1934,0.9745,0.01925,-0.045,0.0095
2026-08-20 15:35:55,710.97,2026-08-20,706.0,5,5.24,5.87,1293,7,0.226,0.918,0.04206,-0.15,0.0241
2026-08-20 15:35:55,710.97,2026-08-20,707.0,4.14,4.24,5.12,1751,4,0.2148,0.8789,0.05879,-0.22,0.0321
2026-08-20 15:35:55,710.97,2026-08-20,708.0,3.43,3.48,3.5,2137,12,0.2392,0.7845,0.07675,-0.485,0.0466
2026-08-20 15:35:55,710.97,2026-08-20,709.0,2.66,2.7,2.8,3570,94,0.2332,0.7046,0.09291,-0.71,0.055
2026-08-20 15:35:55,710.97,2026-08-20,710.0,2.02,2.05,2.02,14052,259,0.2347,0.605,0.10297,-1.065,0.0614
2026-08-20 15:35:55,710.97,2026-08-20,711.0,1.44,1.46,1.45,21130,65,0.2292,0.4994,0.10921,-1.45,0.0636
2026-08-20 15:35:55,710.97,2026-08-20,712.0,0.98,1,1,72844,313,0.2265,0.3904,0.10634,-0.99,0.0612
2026-08-20 15:35:55,710.97,2026-08-20,713.0,0.62,0.63,0.63,119274,94,0.2213,0.2851,0.09626,-0.625,0.0541
2026-08-20 15:35:55,710.97,2026-08-20,714.0,0.38,0.39,0.39,144478,212,0.2209,0.1971,0.07882,-0.385,0.0442
2026-08-20 15:35:55,710.97,2026-08-20,715.0,0.19,0.2,0.2,163524,214,0.2117,0.1181,0.05865,-0.195,0.0315
2026-08-20 15:35:55,710.97,2026-08-20,716.0,0.15,0.16,0.16,82146,290,0.2335,0.09,0.04366,-0.155,0.0259
2026-08-20 15:35:55,710.97,2026-08-20,717.0,0.1,0.11,0.07,80918,1003,0.2443,0.0623,0.03152,-0.105,0.0196
2026-08-20 15:35:55,710.97,2026-08-20,718.0,0.07,0.08,0.04,76451,1836,0.2573,0.0446,0.02297,-0.075,0.015
2026-08-20 15:35:55,710.97,2026-08-20,719.0,0.01,0.06,0.05,28641,945,0.2512,0.0234,0.01381,-0.035,0.0088
2026-08-20 15:35:55,710.97,2026-08-20,720.0,0.05,0.06,0.04,38871,2008,0.2982,0.03,0.0143,-0.055,0.0108
2026-08-20 15:35:55,710.97,2026-08-20,721.0,0.04,0.05,0.04,19148,958,0.3148,0.0239,0.01123,-0.045,0.009
2026-08-20 15:35:55,710.97,2026-08-20,722.0,0.01,0.02,0.02,8302,3838,0.2923,0.0096,0.0055,-0.015,0.0041
2026-08-20 15:35:55,710.97,2026-08-20,723.0,0.03,0.04,0.03,6564,2009,0.3531,0.0173,0.0076,-0.035,0.0068
2026-08-20 15:35:55,710.97,2026-08-20,724.0,0.01,0.02,0.03,10180,691,0.3379,0.0084,0.00425,-0.015,0.0036
2026-08-20 15:35:55,710.97,2026-08-20,725.0,0.03,0.04,0.01,7394,2386,0.4024,0.0154,0.00604,-0.035,0.0062
2026-08-20 15:36:56,710.83,2026-08-20,696.0,14.56,16.66,16.91,5,8,0.8089,0.8801,0.01555,-0.78,0.0318
2026-08-20 15:36:56,710.83,2026-08-20,697.0,13.64,15.88,15.7,2,14,0.8141,0.8619,0.01703,-0.93,0.0351
2026-08-20 15:36:56,710.83,2026-08-20,698.0,12.29,14.75,18.16,7,2,0.703,0.8785,0.01805,-0.69,0.0321
2026-08-20 15:36:56,710.83,2026-08-20,699.0,11.62,13.5,14.64,3,1,0.6758,0.8684,0.01985,-0.73,0.0339
2026-08-20 15:36:56,710.83,2026-08-20,700.0,10.45,11.41,11.9,117,37,0.3809,0.9647,0.01284,-0.1,0.0124
2026-08-20 15:36:56,710.83,2026-08-20,701.0,9.5,11.18,12.54,166,,0.5307,0.8812,0.02354,-0.51,0.0316
2026-08-20 15:36:56,710.83,2026-08-20,702.0,8.71,10.45,10.45,128,7,0.5592,0.8431,0.02702,-0.75,0.0382
2026-08-20 15:36:56,710.83,2026-08-20,703.0,7.72,9.3,9.88,36,52,0.499,0.8413,0.0305,-0.68,0.0385
2026-08-20 15:36:56,710.83,2026-08-20,704.0,6.92,8.56,7.98,178,6,0.511,0.803,0.03415,-0.91,0.0441
2026-08-20 15:36:56,710.83,2026-08-20,705.0,5.95,6.13,6.92,1110,63,0.2802,0.9066,0.03745,-0.21,0.0265
2026-08-20 15:36:56,710.83,2026-08-20,706.0,5.03,5.15,5.87,1293,7,0.2606,0.8802,0.04821,-0.26,0.0318
2026-08-20 15:36:56,710.83,2026-08-20,707.0,4.3,4.35,4.24,1773,4,0.2812,0.8066,0.06135,-0.495,0.0436
2026-08-20 15:36:56,710.83,2026-08-20,708.0,3.36,3.38,3.36,2140,12,0.2447,0.769,0.07823,-0.54,0.0484
2026-08-20 15:36:56,710.83,2026-08-20,709.0,2.61,2.71,2.67,3638,94,0.2474,0.6817,0.09069,-0.83,0.0567
2026-08-20 15:36:56,710.83,2026-08-20,710.0,1.96,1.98,1.98,14202,259,0.2381,0.5894,0.10269,-1.14,0.0618
2026-08-20 15:36:56,710.83,2026-08-20,711.0,1.43,1.45,1.41,21554,65,0.239,0.4848,0.10491,-1.44,0.0634
2026-08-20 15:36:56,710.83,2026-08-20,712.0,0.97,0.99,0.99,73935,313,0.2341,0.3793,0.10221,-0.98,0.0605
2026-08-20 15:36:56,710.83,2026-08-20,713.0,0.58,0.64,0.64,120340,94,0.2263,0.2758,0.09286,-0.61,0.0531
2026-08-20 15:36:56,710.83,2026-08-20,714.0,0.34,0.39,0.39,145956,212,0.223,0.188,0.07604,-0.365,0.0429
2026-08-20 15:36:56,710.83,2026-08-20,715.0,0.23,0.24,0.24,164269,214,0.2297,0.129,0.05758,-0.235,0.0335
2026-08-20 15:36:56,710.83,2026-08-20,716.0,0.1,0.15,0.15,82379,290,0.2264,0.0772,0.04021,-0.125,0.023
2026-08-20 15:36:56,710.83,2026-08-20,717.0,0.05,0.1,0.1,81071,1003,0.2323,0.0489,0.0274,-0.075,0.0161
2026-08-20 15:36:56,710.83,2026-08-20,718.0,0.03,0.04,0.04,76712,1836,0.229,0.0254,0.01628,-0.035,0.0094
2026-08-20 15:36:56,710.83,2026-08-20,719.0,0.01,0.02,0.06,28691,945,0.2259,0.0121,0.00875,-0.015,0.005
2026-08-20 15:36:56,710.83,2026-08-20,720.0,0.05,0.06,0.05,38902,2008,0.3027,0.0296,0.01399,-0.055,0.0107
2026-08-20 15:36:56,710.83,2026-08-20,721.0,0.04,0.05,0.02,19149,958,0.3192,0.0237,0.01101,-0.045,0.0089
2026-08-20 15:36:56,710.83,2026-08-20,722.0,0.01,0.02,0.03,8313,3838,0.2962,0.0095,0.0054,-0.015,0.004
2026-08-20 15:36:56,710.83,2026-08-20,723.0,0.03,0.04,0.02,6622,2009,0.3574,0.0171,0.00747,-0.035,0.0068
2026-08-20 15:36:56,710.83,2026-08-20,724.0,0.03,0.04,0.02,10194,691,0.3821,0.0161,0.00664,-0.035,0.0064
2026-08-20 15:36:56,710.83,2026-08-20,725.0,0.03,0.04,0.02,7419,2386,0.4066,0.0153,0.00595,-0.035,0.0061
2026-08-20 15:37:57,710.88,2026-08-20,696.0,14.52,16.53,16.91,5,8,0.7697,0.8926,0.01513,-0.65,0.0293
2026-08-20 15:37:57,710.88,2026-08-20,697.0,13.71,15.6,15.7,2,14,0.7731,0.8753,0.01675,-0.78,0.0326
2026-08-20 15:37:57,710.88,2026-08-20,698.0,12.52,14.48,18.16,7,2,0.6854,0.8856,0.01778,-0.625,0.0307
2026-08-20 15:37:57,710.88,2026-08-20,699.0,11.37,13.44,14.64,3,1,0.6159,0.8913,0.01907,-0.53,0.0296
2026-08-20 15:37:57,710.88,2026-08-20,700.0,10.67,11.56,11.5,118,37,0.4668,0.9314,0.01784,-0.24,0.021
2026-08-20 15:37:57,710.88,2026-08-20,701.0,9.39,10.89,12.54,166,,0.4443,0.9218,0.02072,-0.265,0.0232
2026-08-20 15:37:57,710.88,2026-08-20,702.0,8.58,10.73,9.49,131,7,0.57,0.8402,0.02687,-0.78,0.0386
2026-08-20 15:37:57,710.88,2026-08-20,703.0,7.5,9.24,9.88,36,52,0.4508,0.8673,0.02998,-0.495,0.0341
2026-08-20 15:37:57,710.88,2026-08-20,704.0,7.11,8.81,7.98,178,6,0.5528,0.7868,0.03314,-1.085,0.0462
2026-08-20 15:37:57,710.88,2026-08-20,705.0,5.83,6.36,6.24,1124,63,0.2861,0.9041,0.03746,-0.22,0.027
2026-08-20 15:37:57,710.88,2026-08-20,706.0,5.19,5.29,5.87,1293,7,0.2937,0.8545,0.04901,-0.365,0.0363
2026-08-20 15:37:57,710.88,2026-08-20,707.0,4.33,4.57,4.49,1782,4,0.3018,0.7932,0.05962,-0.575,0.0453
2026-08-20 15:37:57,710.88,2026-08-20,708.0,3.56,3.58,3.61,2148,12,0.2785,0.7448,0.07266,-0.695,0.051
2026-08-20 15:37:57,710.88,2026-08-20,709.0,2.84,2.88,2.85,3653,94,0.2776,0.6674,0.08246,-0.985,0.0577
2026-08-20 15:37:57,710.88,2026-08-20,710.0,2.13,2.15,2.17,14264,259,0.2618,0.586,0.09375,-1.265,0.0618
2026-08-20 15:37:57,710.88,2026-08-20,711.0,1.55,1.56,1.55,21921,65,0.2541,0.4903,0.09888,-1.555,0.0633
2026-08-20 15:37:57,710.88,2026-08-20,712.0,1.04,1.05,1.05,75578,313,0.2425,0.3877,0.09952,-1.045,0.0608
2026-08-20 15:37:57,710.88,2026-08-20,713.0,0.62,0.67,0.63,121429,94,0.2309,0.2836,0.09241,-0.645,0.0538
2026-08-20 15:37:57,710.88,2026-08-20,714.0,0.42,0.43,0.38,146948,212,0.2351,0.2036,0.07583,-0.425,0.0449
2026-08-20 15:37:57,710.88,2026-08-20,715.0,0.2,0.21,0.21,165560,214,0.2193,0.12,0.05748,-0.205,0.0317
2026-08-20 15:37:57,710.88,2026-08-20,716.0,0.14,0.15,0.11,83326,290,0.2337,0.0854,0.04208,-0.145,0.0248
2026-08-20 15:37:57,710.88,2026-08-20,717.0,0.05,0.1,0.1,81408,1003,0.2314,0.0491,0.02767,-0.075,0.0161
2026-08-20 15:37:57,710.88,2026-08-20,718.0,0.07,0.08,0.07,76835,1836,0.2612,0.0442,0.02255,-0.075,0.0148
2026-08-20 15:37:57,710.88,2026-08-20,719.0,0.05,0.06,0.05,28895,945,0.2745,0.0323,0.01661,-0.055,0.0115
2026-08-20 15:37:57,710.88,2026-08-20,720.0,0.01,0.06,0.02,39026,2008,0.2807,0.0213,0.01145,-0.035,0.0081
2026-08-20 15:37:57,710.88,2026-08-20,721.0,0.04,0.05,0.02,19149,958,0.3186,0.0238,0.01108,-0.045,0.0089
2026-08-20 15:37:57,710.88,2026-08-20,722.0,0.03,0.04,0.02,8336,3838,0.3318,0.0183,0.00854,-0.035,0.0071
2026-08-20 15:37:57,710.88,2026-08-20,723.0,0.03,0.04,0.02,6635,2009,0.3569,0.0172,0.00751,-0.035,0.0068
2026-08-20 15:37:57,710.88,2026-08-20,724.0,0.03,0.04,0.02,10207,691,0.3817,0.0162,0.00667,-0.035,0.0064
2026-08-20 15:37:57,710.88,2026-08-20,725.0,0.03,0.04,0.01,7532,2386,0.4063,0.0153,0.00598,-0.035,0.0061
2026-08-20 15:39:00,710.46,2026-08-20,696.0,13.94,16.32,16.91,5,8,0.7641,0.8882,0.01573,-0.675,0.0301
2026-08-20 15:39:00,710.46,2026-08-20,697.0,12.92,15.6,15.7,2,14,0.7661,0.8707,0.01737,-0.805,0.0334
2026-08-20 15:39:00,710.46,2026-08-20,698.0,11.99,14.26,18.16,7,2,0.6853,0.8784,0.01861,-0.67,0.032
2026-08-20 15:39:00,710.46,2026-08-20,699.0,11.26,13.3,14.64,3,1,0.691,0.8565,0.02069,-0.825,0.0358
2026-08-20 15:39:00,710.46,2026-08-20,700.0,9.88,11.55,11.5,118,37,0.4632,0.9256,0.01919,-0.26,0.0223
2026-08-20 15:39:00,710.46,2026-08-20,701.0,9.43,10.92,12.54,167,,0.5797,0.852,0.02517,-0.72,0.0366
2026-08-20 15:39:00,710.46,2026-08-20,702.0,8.4,10.38,9.49,131,7,0.592,0.8201,0.02799,-0.935,0.0415
2026-08-20 15:39:00,710.46,2026-08-20,703.0,7.46,8.07,9.88,36,52,0.3769,0.8966,0.03013,-0.31,0.0285
2026-08-20 15:39:00,710.46,2026-08-20,704.0,6.51,8.71,7.98,178,6,0.5492,0.7745,0.03454,-1.155,0.0475
2026-08-20 15:39:00,710.46,2026-08-20,705.0,5.52,5.82,6.44,1137,63,0.2699,0.9012,0.04072,-0.215,0.0275
2026-08-20 15:39:00,710.46,2026-08-20,706.0,4.58,4.77,5.21,1296,7,0.2347,0.8867,0.05167,-0.22,0.0304
2026-08-20 15:39:00,710.46,2026-08-20,707.0,3.97,4.01,4.11,1792,4,0.2743,0.7893,0.06649,-0.535,0.0457
2026-08-20 15:39:00,710.46,2026-08-20,708.0,3.06,3.17,3.27,2172,12,0.251,0.7342,0.08255,-0.66,0.0519
2026-08-20 15:39:00,710.46,2026-08-20,709.0,2.4,2.42,2.54,3710,94,0.2483,0.647,0.09453,-0.955,0.0588
2026-08-20 15:39:00,710.46,2026-08-20,710.0,1.78,1.79,1.84,14960,259,0.2437,0.5496,0.10261,-1.33,0.0627
2026-08-20 15:39:00,710.46,2026-08-20,711.0,1.24,1.26,1.21,23242,65,0.2374,0.445,0.10513,-1.25,0.0626
2026-08-20 15:39:00,710.46,2026-08-20,712.0,0.82,0.84,0.83,77899,313,0.2325,0.34,0.09954,-0.83,0.058
2026-08-20 15:39:00,710.46,2026-08-20,713.0,0.53,0.54,0.55,123680,94,0.2316,0.2463,0.08598,-0.535,0.0499
2026-08-20 15:39:00,710.46,2026-08-20,714.0,0.32,0.33,0.33,148558,212,0.2303,0.1678,0.06881,-0.325,0.0397
2026-08-20 15:39:00,710.46,2026-08-20,715.0,0.2,0.21,0.21,166697,214,0.2355,0.1134,0.05155,-0.205,0.0304
2026-08-20 15:39:00,710.46,2026-08-20,716.0,0.09,0.1,0.1,84751,290,0.2254,0.0617,0.0341,-0.095,0.0193
2026-08-20 15:39:00,710.46,2026-08-20,717.0,0.05,0.1,0.1,82346,1003,0.2446,0.0469,0.02531,-0.075,0.0155
2026-08-20 15:39:00,710.46,2026-08-20,718.0,0.03,0.08,0.07,76961,1836,0.259,0.0341,0.01844,-0.055,0.012
2026-08-20 15:39:00,710.46,2026-08-20,719.0,0.01,0.02,0.05,29005,945,0.2359,0.0117,0.00817,-0.015,0.0048
2026-08-20 15:39:00,710.46,2026-08-20,720.0,0.01,0.06,0.03,39324,2008,0.2923,0.0206,0.01071,-0.035,0.0079
2026-08-20 15:39:00,710.46,2026-08-20,721.0,0.04,0.05,0.04,19280,958,0.3305,0.0231,0.01044,-0.045,0.0086
2026-08-20 15:39:00,710.46,2026-08-20,722.0,0.03,0.04,0.02,8381,3838,0.3433,0.0178,0.00808,-0.035,0.007
2026-08-20 15:39:00,710.46,2026-08-20,723.0,0.01,0.04,0.01,6689,2009,0.3514,0.0129,0.00599,-0.025,0.0053
2026-08-20 15:39:00,710.46,2026-08-20,724.0,0.01,0.04,0.03,10227,691,0.3753,0.0122,0.00533,-0.025,0.005
2026-08-20 15:39:00,710.46,2026-08-20,725.0,0.03,0.04,0.03,7536,2386,0.4176,0.015,0.00572,-0.035,0.006
2026-08-20 15:40:01,710.33,2026-08-20,696.0,13.75,16.19,16.91,5,8,0.7493,0.8911,0.01577,-0.64,0.0295
2026-08-20 15:40:01,710.33,2026-08-20,697.0,13.05,15.45,15.7,2,14,0.7962,0.8599,0.0177,-0.92,0.0352
2026-08-20 15:40:01,710.33,2026-08-20,698.0,11.82,14.25,18.16,7,2,0.6927,0.874,0.01891,-0.705,0.0327
2026-08-20 15:40:01,710.33,2026-08-20,699.0,11.09,13.27,14.64,3,1,0.6943,0.8532,0.02095,-0.85,0.0363
2026-08-20 15:40:01,710.33,2026-08-20,700.0,10.22,10.99,11.5,118,37,0.4665,0.9221,0.01977,-0.275,0.023
2026-08-20 15:40:01,710.33,2026-08-20,701.0,9.33,9.6,9.97,167,,0.3629,0.95,0.01799,-0.135,0.0163
2026-08-20 15:40:01,710.33,2026-08-20,702.0,8.43,10.62,9.49,131,7,0.6478,0.796,0.02768,-1.195,0.0448
2026-08-20 15:40:01,710.33,2026-08-20,703.0,7.37,8.3,9.88,36,52,0.4341,0.8603,0.03242,-0.505,0.0351
2026-08-20 15:40:01,710.33,2026-08-20,704.0,6.46,8.67,7.98,178,6,0.561,0.7659,0.0346,-1.235,0.0484
2026-08-20 15:40:01,710.33,2026-08-20,705.0,5.5,5.72,5.75,1137,63,0.2879,0.8816,0.04358,-0.28,0.0313
2026-08-20 15:40:01,710.33,2026-08-20,706.0,4.58,4.73,5.21,1301,7,0.2619,0.8546,0.05519,-0.325,0.0361
2026-08-20 15:40:01,710.33,2026-08-20,707.0,3.76,3.79,3.84,1792,4,0.2491,0.8037,0.07036,-0.445,0.0437
2026-08-20 15:40:01,710.33,2026-08-20,708.0,3.06,3.09,3.07,2186,12,0.2611,0.7164,0.0821,-0.745,0.0535
2026-08-20 15:40:01,710.33,2026-08-20,709.0,2.28,2.36,2.39,3718,94,0.2471,0.6359,0.09621,-0.99,0.0593
2026-08-20 15:40:01,710.33,2026-08-20,710.0,1.71,1.72,1.68,15131,259,0.2438,0.5368,0.10313,-1.385,0.0628
2026-08-20 15:40:01,710.33,2026-08-20,711.0,1.19,1.2,1.2,23715,65,0.2379,0.4319,0.10462,-1.195,0.0621
2026-08-20 15:40:01,710.33,2026-08-20,712.0,0.79,0.8,0.8,79540,313,0.2341,0.3284,0.09772,-0.795,0.0571
2026-08-20 15:40:01,710.33,2026-08-20,713.0,0.5,0.51,0.51,125210,94,0.2321,0.2357,0.08395,-0.505,0.0486
2026-08-20 15:40:01,710.33,2026-08-20,714.0,0.26,0.31,0.31,149800,212,0.2256,0.1538,0.06651,-0.285,0.0375
2026-08-20 15:40:01,710.33,2026-08-20,715.0,0.15,0.2,0.2,167587,214,0.2303,0.1015,0.04878,-0.175,0.028
2026-08-20 15:40:01,710.33,2026-08-20,716.0,0.12,0.13,0.13,85443,290,0.2445,0.0728,0.03582,-0.125,0.0219
2026-08-20 15:40:01,710.33,2026-08-20,717.0,0.09,0.1,0.1,83002,1003,0.2611,0.0545,0.02677,-0.095,0.0174
2026-08-20 15:40:01,710.33,2026-08-20,718.0,0.03,0.08,0.08,77101,1836,0.2631,0.0337,0.01802,-0.055,0.0118
2026-08-20 15:40:01,710.33,2026-08-20,719.0,0.05,0.06,0.05,29079,945,0.2909,0.0309,0.01515,-0.055,0.011
2026-08-20 15:40:01,710.33,2026-08-20,720.0,0.01,0.06,0.02,39929,2008,0.2962,0.0204,0.01051,-0.035,0.0078
2026-08-20 15:40:01,710.33,2026-08-20,721.0,0.01,0.02,0.04,19338,958,0.2865,0.0098,0.00579,-0.015,0.0041
2026-08-20 15:40:01,710.33,2026-08-20,722.0,0.03,0.04,0.02,8445,3838,0.3472,0.0177,0.00795,-0.035,0.0069
2026-08-20 15:40:01,710.33,2026-08-20,723.0,0.03,0.04,0.03,6730,2009,0.3722,0.0166,0.00704,-0.035,0.0065
2026-08-20 15:40:01,710.33,2026-08-20,724.0,0.03,0.04,0.03,10228,691,0.397,0.0157,0.00628,-0.035,0.0062
2026-08-20 15:40:01,710.33,2026-08-20,725.0,0.01,0.04,0.01,7539,2386,0.4028,0.0115,0.00471,-0.025,0.0047
2026-08-20 15:41:02,710.45,2026-08-20,696.0,14.22,16.14,16.91,5,8,0.785,0.8828,0.01589,-0.73,0.031
2026-08-20 15:41:02,710.45,2026-08-20,697.0,12.72,15.28,15.7,2,14,0.6862,0.8969,0.01659,-0.55,0.0283
2026-08-20 15:41:02,710.45,2026-08-20,698.0,11.98,14.13,18.16,7,2,0.667,0.8855,0.0184,-0.605,0.0305
2026-08-20 15:41:02,710.45,2026-08-20,699.0,11.28,13.5,14.64,3,1,0.725,0.8459,0.02076,-0.94,0.0374
2026-08-20 15:41:02,710.45,2026-08-20,700.0,10.24,11.12,11.5,118,37,0.4509,0.9316,0.01855,-0.23,0.0208
2026-08-20 15:41:02,710.45,2026-08-20,701.0,9.43,9.71,9.97,167,,0.3577,0.9548,0.01686,-0.12,0.015
2026-08-20 15:41:02,710.45,2026-08-20,702.0,8.48,10.43,9.49,131,7,0.6109,0.8135,0.02785,-1.005,0.0423
2026-08-20 15:41:02,710.45,2026-08-20,703.0,7.39,7.76,9.88,36,52,0.2984,0.945,0.02364,-0.125,0.0175
2026-08-20 15:41:02,710.45,2026-08-20,704.0,6.41,8.41,7.98,178,6,0.509,0.7924,0.03566,-0.96,0.0451
2026-08-20 15:41:02,710.45,2026-08-20,705.0,5.53,5.68,5.75,1138,63,0.2472,0.9208,0.03787,-0.155,0.0233
2026-08-20 15:41:02,710.45,2026-08-20,706.0,4.68,4.8,4.73,1301,7,0.2572,0.8659,0.05329,-0.29,0.0341
2026-08-20 15:41:02,710.45,2026-08-20,707.0,3.93,3.99,3.84,1798,4,0.2697,0.7938,0.06704,-0.51,0.045
2026-08-20 15:41:02,710.45,2026-08-20,708.0,3.07,3.11,3.15,2197,12,0.2479,0.7371,0.08345,-0.64,0.0514
2026-08-20 15:41:02,710.45,2026-08-20,709.0,2.37,2.4,2.46,3743,94,0.2455,0.6486,0.0958,-0.935,0.0585
2026-08-20 15:41:02,710.45,2026-08-20,710.0,1.72,1.77,1.77,15191,259,0.2387,0.5502,0.10515,-1.295,0.0624
2026-08-20 15:41:02,710.45,2026-08-20,711.0,1.19,1.24,1.25,24370,65,0.2331,0.4432,0.10743,-1.215,0.0623
2026-08-20 15:41:02,710.45,2026-08-20,712.0,0.77,0.78,0.78,80883,313,0.2242,0.3331,0.10284,-0.775,0.0573
2026-08-20 15:41:02,710.45,2026-08-20,713.0,0.47,0.48,0.53,126170,94,0.2206,0.2342,0.08819,-0.475,0.0484
2026-08-20 15:41:02,710.45,2026-08-20,714.0,0.27,0.28,0.33,150415,212,0.2184,0.1536,0.06875,-0.275,0.0373
2026-08-20 15:41:02,710.45,2026-08-20,715.0,0.15,0.2,0.2,168208,214,0.2263,0.1031,0.05028,-0.175,0.0283
2026-08-20 15:41:02,710.45,2026-08-20,716.0,0.12,0.13,0.13,86074,290,0.241,0.0738,0.03679,-0.125,0.0221
2026-08-20 15:41:02,710.45,2026-08-20,717.0,0.05,0.1,0.1,83284,1003,0.2457,0.0469,0.02528,-0.075,0.0154
2026-08-20 15:41:02,710.45,2026-08-20,718.0,0.03,0.04,0.07,77231,1836,0.2411,0.0245,0.01511,-0.035,0.0091
2026-08-20 15:41:02,710.45,2026-08-20,719.0,0.01,0.02,0.05,29292,945,0.237,0.0117,0.00816,-0.015,0.0048
2026-08-20 15:41:02,710.45,2026-08-20,720.0,0.05,0.06,0.03,40090,2008,0.3157,0.0288,0.0132,-0.055,0.0104
2026-08-20 15:41:02,710.45,2026-08-20,721.0,0.01,0.02,0.02,19503,958,0.2842,0.0099,0.0059,-0.015,0.0042
2026-08-20 15:41:02,710.45,2026-08-20,722.0,0.01,0.02,0.03,8461,3838,0.3075,0.0092,0.00512,-0.015,0.0039
2026-08-20 15:41:02,710.45,2026-08-20,723.0,0.03,0.04,0.03,6743,2009,0.3699,0.0167,0.00714,-0.035,0.0066
2026-08-20 15:41:02,710.45,2026-08-20,724.0,0.01,0.02,0.01,10229,691,0.3533,0.0081,0.00399,-0.015,0.0035
2026-08-20 15:41:02,710.45,2026-08-20,725.0,0.03,0.04,0.02,7559,2386,0.4194,0.015,0.00572,-0.035,0.006
2026-08-20 15:42:03,710.48,2026-08-20,696.0,14.23,16.54,16.91,5,8,0.8418,0.8675,0.01618,-0.905,0.0337
2026-08-20 15:42:03,710.48,2026-08-20,697.0,13.03,15.63,15.7,2,14,0.785,0.8668,0.01741,-0.85,0.0339
2026-08-20 15:42:03,710.48,2026-08-20,698.0,11.99,14.22,18.16,7,2,0.676,0.8834,0.01842,-0.625,0.0308
2026-08-20 15:42:03,710.48,2026-08-20,699.0,11.26,13.52,14.64,3,1,0.7196,0.8488,0.0207,-0.91,0.0369
2026-08-20 15:42:03,710.48,2026-08-20,700.0,10.51,10.67,11.5,118,37,0.3826,0.9608,0.01407,-0.11,0.0133
2026-08-20 15:42:03,710.48,2026-08-20,701.0,9.53,9.8,9.97,167,,0.3972,0.9374,0.01969,-0.185,0.0194
2026-08-20 15:42:03,710.48,2026-08-20,702.0,8.45,10.61,9.49,133,7,0.624,0.8098,0.02765,-1.05,0.0427
2026-08-20 15:42:03,710.48,2026-08-20,703.0,7.43,7.89,9.88,36,52,0.3281,0.9282,0.02651,-0.18,0.0215
2026-08-20 15:42:03,710.48,2026-08-20,704.0,6.34,8.51,7.98,178,6,0.508,0.7943,0.0356,-0.945,0.0448
2026-08-20 15:42:03,710.48,2026-08-20,705.0,5.56,5.72,5.92,1139,63,0.2509,0.9192,0.03793,-0.16,0.0236
2026-08-20 15:42:03,710.48,2026-08-20,706.0,4.64,4.9,4.73,1301,7,0.2589,0.8664,0.05291,-0.29,0.0339
2026-08-20 15:42:03,710.48,2026-08-20,707.0,3.85,3.96,3.88,1817,4,0.2521,0.8121,0.06792,-0.425,0.0424
2026-08-20 15:42:03,710.48,2026-08-20,708.0,3.13,3.17,3.09,2208,12,0.2558,0.7336,0.08159,-0.67,0.0517
2026-08-20 15:42:03,710.48,2026-08-20,709.0,2.34,2.36,2.33,3777,94,0.2366,0.6571,0.0987,-0.87,0.0579
2026-08-20 15:42:03,710.48,2026-08-20,710.0,1.75,1.78,1.78,15312,259,0.2397,0.5533,0.1048,-1.285,0.0622
2026-08-20 15:42:03,710.48,2026-08-20,711.0,1.22,1.24,1.24,25513,65,0.2338,0.4465,0.10743,-1.23,0.0622
2026-08-20 15:42:03,710.48,2026-08-20,712.0,0.77,0.82,0.82,83144,313,0.2263,0.3374,0.10256,-0.795,0.0575
2026-08-20 15:42:03,710.48,2026-08-20,713.0,0.47,0.48,0.48,127608,94,0.2195,0.2354,0.08902,-0.475,0.0484
2026-08-20 15:42:03,710.48,2026-08-20,714.0,0.31,0.32,0.32,151010,212,0.2281,0.1657,0.06933,-0.315,0.0392
2026-08-20 15:42:03,710.48,2026-08-20,715.0,0.19,0.2,0.2,168795,214,0.2326,0.1105,0.05152,-0.195,0.0297
2026-08-20 15:42:03,710.48,2026-08-20,716.0,0.12,0.13,0.13,86369,290,0.2405,0.0741,0.03704,-0.125,0.0221
2026-08-20 15:42:03,710.48,2026-08-20,717.0,0.09,0.1,0.1,83444,1003,0.2574,0.0553,0.02758,-0.095,0.0176
2026-08-20 15:42:03,710.48,2026-08-20,718.0,0.03,0.04,0.04,77590,1836,0.2407,0.0246,0.01519,-0.035,0.0091
2026-08-20 15:42:03,710.48,2026-08-20,719.0,0.01,0.02,0.05,29507,945,0.2367,0.0117,0.0082,-0.015,0.0048
2026-08-20 15:42:03,710.48,2026-08-20,720.0,0.05,0.06,0.02,40144,2008,0.3154,0.0288,0.01326,-0.055,0.0104
2026-08-20 15:42:03,710.48,2026-08-20,721.0,0.01,0.05,0.04,19603,958,0.312,0.017,0.00859,-0.03,0.0066
2026-08-20 15:42:03,710.48,2026-08-20,722.0,0.03,0.04,0.03,8492,3838,0.3447,0.0179,0.00811,-0.035,0.0069
2026-08-20 15:42:03,710.48,2026-08-20,723.0,0.01,0.02,0.03,6755,2009,0.3304,0.0087,0.00452,-0.015,0.0037
2026-08-20 15:42:03,710.48,2026-08-20,724.0,0.01,0.02,0.01,10243,691,0.3533,0.0082,0.00401,-0.015,0.0035
2026-08-20 15:42:03,710.48,2026-08-20,725.0,0.03,0.04,0.01,7560,2386,0.4195,0.015,0.00573,-0.035,0.006
2026-08-20 15:43:05,710.73,2026-08-20,696.0,13.87,16.19,16.91,5,8,0.6331,0.9337,0.01294,-0.305,0.0202
2026-08-20 15:43:05,710.73,2026-08-20,697.0,13.13,15.54,15.7,2,14,0.72,0.8915,0.01646,-0.61,0.0293
2026-08-20 15:43:05,710.73,2026-08-20,698.0,11.87,14.52,18.16,7,2,0.6327,0.9032,0.01724,-0.47,0.0269
2026-08-20 15:43:05,710.73,2026-08-20,699.0,11.22,13.54,14.64,3,1,0.6571,0.8757,0.01986,-0.655,0.0322
2026-08-20 15:43:05,710.73,2026-08-20,700.0,10.43,11.23,11.5,118,37,0.3867,0.9629,0.01334,-0.105,0.0127
2026-08-20 15:43:05,710.73,2026-08-20,701.0,9.66,9.98,9.97,167,,0.3492,0.9634,0.01462,-0.095,0.0126
2026-08-20 15:43:05,710.73,2026-08-20,702.0,8.75,10.22,9.36,133,7,0.5642,0.8409,0.02734,-0.76,0.0381
2026-08-20 15:43:05,710.73,2026-08-20,703.0,7.48,7.93,9.88,38,52,,,,,
2026-08-20 15:43:05,710.73,2026-08-20,704.0,6.5,8.36,7.98,178,6,0.4638,0.8249,0.03538,-0.705,0.0405
2026-08-20 15:43:05,710.73,2026-08-20,705.0,5.41,6.13,6.04,1139,63,0.1898,0.9735,0.0206,-0.045,0.0097
2026-08-20 15:43:05,710.73,2026-08-20,706.0,4.97,5.13,4.73,1302,7,0.2793,0.8614,0.05037,-0.325,0.0347
2026-08-20 15:43:05,710.73,2026-08-20,707.0,4.11,4.15,3.96,1820,4,0.2586,0.8227,0.06397,-0.405,0.0408
2026-08-20 15:43:05,710.73,2026-08-20,708.0,3.28,3.33,3.33,2235,12,0.2508,0.7579,0.07927,-0.58,0.0491
2026-08-20 15:43:05,710.73,2026-08-20,709.0,2.49,2.5,2.54,3800,94,0.2337,0.6833,0.09694,-0.77,0.0559
2026-08-20 15:43:05,710.73,2026-08-20,710.0,1.83,1.89,1.9,15587,259,0.2331,0.5811,0.10667,-1.135,0.0614
2026-08-20 15:43:05,710.73,2026-08-20,711.0,1.33,1.34,1.34,25931,65,0.2331,0.4727,0.10867,-1.335,0.0625
2026-08-20 15:43:05,710.73,2026-08-20,712.0,0.83,0.85,0.85,85376,313,0.2199,0.3587,0.10816,-0.84,0.0587
2026-08-20 15:43:05,710.73,2026-08-20,713.0,0.51,0.52,0.56,128721,94,0.2159,0.2538,0.0944,-0.515,0.0503
2026-08-20 15:43:05,710.73,2026-08-20,714.0,0.34,0.35,0.35,152220,212,0.2255,0.18,0.07405,-0.345,0.0412
2026-08-20 15:43:05,710.73,2026-08-20,715.0,0.21,0.22,0.22,169290,214,0.2303,0.1208,0.05553,-0.215,0.0316
2026-08-20 15:43:05,710.73,2026-08-20,716.0,0.09,0.14,0.14,86457,290,0.2282,0.0723,0.03837,-0.115,0.0216
2026-08-20 15:43:05,710.73,2026-08-20,717.0,0.05,0.1,0.1,86714,1003,0.2383,0.0483,0.02679,-0.075,0.0158
2026-08-20 15:43:05,710.73,2026-08-20,718.0,0.03,0.08,0.04,77622,1836,0.2533,0.035,0.01941,-0.055,0.0121
2026-08-20 15:43:05,710.73,2026-08-20,719.0,0.01,0.02,0.05,29596,945,0.2312,0.012,0.00858,-0.015,0.0049
2026-08-20 15:43:05,710.73,2026-08-20,720.0,0.01,0.02,0.02,40162,2008,0.2551,0.011,0.0072,-0.015,0.0045
2026-08-20 15:43:05,710.73,2026-08-20,721.0,0.04,0.05,0.02,19629,958,0.3258,0.0235,0.01084,-0.045,0.0087
2026-08-20 15:43:05,710.73,2026-08-20,722.0,0.01,0.02,0.03,8515,3838,0.3022,0.0094,0.00532,-0.015,0.004
2026-08-20 15:43:05,710.73,2026-08-20,723.0,0.01,0.02,0.02,6771,2009,0.3253,0.0088,0.00466,-0.015,0.0037
2026-08-20 15:43:05,710.73,2026-08-20,724.0,0.01,0.02,0.02,10243,691,0.3483,0.0083,0.00412,-0.015,0.0035
2026-08-20 15:43:05,710.73,2026-08-20,725.0,0.03,0.04,0.03,7575,2386,0.4141,0.0152,0.00588,-0.035,0.006
2026-08-20 15:44:08,710.49,2026-08-20,696.0,13.94,16.69,16.91,5,8,0.8214,0.8744,0.01605,-0.825,0.0324
2026-08-20 15:44:08,710.49,2026-08-20,697.0,13,15.12,15.7,2,14,0.699,0.8947,0.01663,-0.57,0.0286
2026-08-20 15:44:08,710.49,2026-08-20,698.0,11.96,14.14,18.16,7,2,0.6575,0.8909,0.01814,-0.56,0.0293
2026-08-20 15:44:08,710.49,2026-08-20,699.0,11.44,13.54,14.64,3,1,0.747,0.841,0.02069,-1.0,0.038
2026-08-20 15:44:08,710.49,2026-08-20,700.0,10.47,11.14,11.5,118,37,0.4928,0.9155,0.02006,-0.315,0.0243
2026-08-20 15:44:08,710.49,2026-08-20,701.0,9.39,10.15,9.97,167,,0.4429,0.9167,0.02208,-0.28,0.024
2026-08-20 15:44:08,710.49,2026-08-20,702.0,8.24,8.78,9.36,133,7,0.2123,0.995,0.00437,-0.02,0.0023
2026-08-20 15:44:08,710.49,2026-08-20,703.0,7.48,8.02,8,38,52,0.3636,0.9079,0.02899,-0.26,0.0259
2026-08-20 15:44:08,710.49,2026-08-20,704.0,6.49,8.58,7.98,178,6,0.5327,0.7848,0.03501,-1.045,0.0458
2026-08-20 15:44:08,710.49,2026-08-20,705.0,5.58,5.82,6.04,1140,63,0.2721,0.903,0.04025,-0.21,0.0269
2026-08-20 15:44:08,710.49,2026-08-20,706.0,4.65,4.93,4.91,1302,7,0.2633,0.8638,0.05291,-0.3,0.0342
2026-08-20 15:44:08,710.49,2026-08-20,707.0,3.83,3.91,3.97,1821,4,0.2427,0.8228,0.06829,-0.38,0.0407
2026-08-20 15:44:08,710.49,2026-08-20,708.0,3.11,3.16,3.13,2271,12,0.2525,0.7379,0.08231,-0.645,0.0511
2026-08-20 15:44:08,710.49,2026-08-20,709.0,2.37,2.4,2.43,3828,94,0.2425,0.655,0.0969,-0.895,0.0578
2026-08-20 15:44:08,710.49,2026-08-20,710.0,1.75,1.77,1.77,15683,259,0.239,0.5547,0.10549,-1.27,0.0619
2026-08-20 15:44:08,710.49,2026-08-20,711.0,1.18,1.19,1.24,26354,65,0.2268,0.4456,0.11117,-1.185,0.062
2026-08-20 15:44:08,710.49,2026-08-20,712.0,0.76,0.81,0.81,86890,313,0.2249,0.3368,0.10355,-0.785,0.0572
2026-08-20 15:44:08,710.49,2026-08-20,713.0,0.46,0.47,0.47,129625,94,0.2179,0.2336,0.08969,-0.465,0.048
2026-08-20 15:44:08,710.49,2026-08-20,714.0,0.31,0.32,0.32,153023,212,0.2286,0.1659,0.06952,-0.315,0.0391
2026-08-20 15:44:08,710.49,2026-08-20,715.0,0.15,0.2,0.2,169928,214,0.2263,0.1037,0.0508,-0.175,0.0282
2026-08-20 15:44:08,710.49,2026-08-20,716.0,0.12,0.13,0.13,86739,290,0.2411,0.0742,0.03713,-0.125,0.022
2026-08-20 15:44:08,710.49,2026-08-20,717.0,0.09,0.1,0.1,86830,1003,0.2582,0.0554,0.02764,-0.095,0.0175
2026-08-20 15:44:08,710.49,2026-08-20,718.0,0.03,0.08,0.07,77639,1836,0.2606,0.0342,0.01856,-0.055,0.0119
2026-08-20 15:44:08,710.49,2026-08-20,719.0,0.01,0.06,0.05,29689,945,0.2681,0.0224,0.01268,-0.035,0.0084
2026-08-20 15:44:08,710.49,2026-08-20,720.0,0.01,0.02,0.02,40199,2008,0.2613,0.0107,0.00692,-0.015,0.0044
2026-08-20 15:44:08,710.49,2026-08-20,721.0,0.04,0.05,0.04,19696,958,0.3328,0.0231,0.01049,-0.045,0.0086
2026-08-20 15:44:08,710.49,2026-08-20,722.0,0.01,0.02,0.02,8541,3838,0.3084,0.0093,0.00515,-0.015,0.0039
2026-08-20 15:44:08,710.49,2026-08-20,723.0,0.03,0.04,0.02,6783,2009,0.3711,0.0168,0.00717,-0.035,0.0065
2026-08-20 15:44:08,710.49,2026-08-20,724.0,0.03,0.04,0.02,10243,691,0.3961,0.0158,0.00639,-0.035,0.0062
2026-08-20 15:44:08,710.49,2026-08-20,725.0,0.03,0.04,0.03,7576,2386,0.4209,0.015,0.00574,-0.035,0.0059
2026-08-20 15:45:09,710.41,2026-08-20,696.0,13.89,16.63,16.91,5,8,0.8262,0.8722,0.01617,-0.845,0.0327
2026-08-20 15:45:09,710.41,2026-08-20,697.0,12.87,15.32,15.7,2,14,0.7346,0.8826,0.01714,-0.68,0.0308
2026-08-20 15:45:09,710.41,2026-08-20,698.0,12.02,14.32,18.16,7,2,0.7183,0.8695,0.01888,-0.755,0.0332
2026-08-20 15:45:09,710.41,2026-08-20,699.0,11.41,13.62,14.64,3,1,0.7713,0.8324,0.02079,-1.1,0.0392
2026-08-20 15:45:09,710.41,2026-08-20,700.0,10.21,11.17,11.5,118,37,0.4742,0.9224,0.01958,-0.275,0.0227
2026-08-20 15:45:09,710.41,2026-08-20,701.0,9.3,9.84,9.97,167,,0.3812,0.9447,0.01872,-0.155,0.0175
2026-08-20 15:45:09,710.41,2026-08-20,702.0,8.49,8.81,9.36,133,7,0.387,0.92,0.02456,-0.235,0.0233
2026-08-20 15:45:09,710.41,2026-08-20,703.0,7.41,8.109,8,38,52,0.392,0.8892,0.03082,-0.3445,0.0296
2026-08-20 15:45:09,710.41,2026-08-20,704.0,6.39,8.6,7.98,178,6,0.5378,0.7804,0.03515,-1.08,0.0463
2026-08-20 15:45:09,710.41,2026-08-20,705.0,5.48,5.73,5.56,1143,63,0.2624,0.9084,0.04009,-0.19,0.0257
2026-08-20 15:45:09,710.41,2026-08-20,706.0,4.56,4.79,4.77,1305,7,0.2489,0.8737,0.05326,-0.26,0.0324
2026-08-20 15:45:09,710.41,2026-08-20,707.0,3.76,3.82,4.03,1822,4,0.2387,0.8221,0.06976,-0.375,0.0408
2026-08-20 15:45:09,710.41,2026-08-20,708.0,2.97,2.99,3,2275,12,0.2333,0.7484,0.08737,-0.565,0.0499
2026-08-20 15:45:09,710.41,2026-08-20,709.0,2.31,2.34,2.37,3850,94,0.2411,0.6488,0.09833,-0.91,0.058
2026-08-20 15:45:09,710.41,2026-08-20,710.0,1.64,1.71,1.68,15733,259,0.2324,0.5481,0.10893,-1.26,0.062
2026-08-20 15:45:09,710.41,2026-08-20,711.0,1.13,1.14,1.19,26826,65,0.2245,0.4365,0.11215,-1.135,0.0616
2026-08-20 15:45:09,710.41,2026-08-20,712.0,0.73,0.78,0.78,87791,313,0.2245,0.3285,0.10294,-0.755,0.0565
2026-08-20 15:45:09,710.41,2026-08-20,713.0,0.44,0.49,0.49,131306,94,0.2219,0.2307,0.08761,-0.465,0.0476
2026-08-20 15:45:09,710.41,2026-08-20,714.0,0.29,0.3,0.26,153601,212,0.227,0.1586,0.06812,-0.295,0.0378
2026-08-20 15:45:09,710.41,2026-08-20,715.0,0.14,0.19,0.19,170454,214,0.2258,0.099,0.04933,-0.165,0.0273
2026-08-20 15:45:09,710.41,2026-08-20,716.0,0.12,0.13,0.13,86859,290,0.2441,0.0735,0.0365,-0.125,0.0218
2026-08-20 15:45:09,710.41,2026-08-20,717.0,0.09,0.1,0.1,86989,1003,0.261,0.0549,0.02722,-0.095,0.0174
2026-08-20 15:45:09,710.41,2026-08-20,718.0,0.03,0.08,0.08,77652,1836,0.2633,0.034,0.0183,-0.055,0.0118
2026-08-20 15:45:09,710.41,2026-08-20,719.0,0.01,0.02,0.05,29732,945,0.2397,0.0116,0.00811,-0.015,0.0048
2026-08-20 15:45:09,710.41,2026-08-20,720.0,0.05,0.06,0.03,40214,2008,0.3192,0.0287,0.01313,-0.055,0.0103
2026-08-20 15:45:09,710.41,2026-08-20,721.0,0.01,0.02,0.02,19740,958,0.2874,0.0099,0.00587,-0.015,0.0041
2026-08-20 15:45:09,710.41,2026-08-20,722.0,0.01,0.04,0.02,8557,3838,0.3322,0.0137,0.00676,-0.025,0.0055
2026-08-20 15:45:09,710.41,2026-08-20,723.0,0.01,0.04,0.03,6800,2009,0.3566,0.0129,0.00596,-0.025,0.0052
2026-08-20 15:45:09,710.41,2026-08-20,724.0,0.01,0.02,0.02,10243,691,0.357,0.0081,0.00398,-0.015,0.0035
2026-08-20 15:45:09,710.41,2026-08-20,725.0,0.01,0.02,0.03,7578,2386,0.3797,0.0077,0.00356,-0.015,0.0033
