run_time,spot,expiration,strike,bid,ask,last,volume,open_interest,iv,delta,gamma,theta,vega
2026-09-11 19:15:17,715.71,2026-09-11,709.0,0.03,0.04,0.03,41475,1525,0.5281,-0.0263,0.01752,-0.035,0.004
2026-09-11 19:15:17,715.71,2026-09-11,710.0,0.01,0.02,0.02,85283,7191,0.4043,-0.0157,0.01479,-0.015,0.0026
2026-09-11 19:15:17,715.71,2026-09-11,711.0,0.01,0.02,0.03,82989,1547,0.3428,-0.0182,0.01979,-0.015,0.003
2026-09-11 19:15:17,715.71,2026-09-11,712.0,0.04,0.05,0.04,104845,3156,0.3396,-0.0483,0.04472,-0.045,0.0066
2026-09-11 19:15:17,715.71,2026-09-11,713.0,0.01,0.02,0.02,160839,1827,0.2149,-0.0276,0.04477,-0.015,0.0042
2026-09-11 19:15:17,715.71,2026-09-11,714.0,0.08,0.09,0.08,321277,2784,0.2203,-0.1189,0.13672,-0.085,0.0131
2026-09-11 19:15:17,715.71,2026-09-11,715.0,0.16,0.21,0.19,461052,5756,0.173,-0.2659,0.28735,-0.185,0.0217
2026-09-11 19:15:17,715.71,2026-09-11,716.0,0.59,0.61,0.52,528533,2242,0.1676,-0.6021,0.34867,-0.31,0.0255
2026-09-11 19:15:17,715.71,2026-09-11,717.0,1.28,1.36,1.33,302490,1677,0.1381,-0.9208,0.16184,-0.03,0.0097
2026-09-11 19:15:17,715.71,2026-09-11,718.0,2.27,2.38,2.37,71787,5358,0.222,-0.9403,0.08097,-0.035,0.0078
2026-09-11 19:15:17,715.71,2026-09-11,719.0,3.28,3.29,3.3,16067,2854,,,,,
2026-09-11 19:15:17,715.71,2026-09-11,720.0,4.3,4.53,4.18,13446,5446,0.4776,-0.9121,0.05062,-0.125,0.0105
2026-09-11 19:15:17,715.71,2026-09-11,721.0,5.15,5.37,5.39,3407,1229,,,,,
2026-09-11 19:15:17,715.71,2026-09-11,722.0,6.37,6.44,5.97,2277,727,0.6261,-0.9347,0.03079,-0.115,0.0084
2026-09-11 19:16:19,715.59,2026-09-11,709.0,0.03,0.04,0.03,41500,1525,0.5263,-0.0267,0.01799,-0.035,0.004
2026-09-11 19:16:19,715.59,2026-09-11,710.0,0.01,0.04,0.03,85356,7191,0.4339,-0.0235,0.01963,-0.025,0.0036
2026-09-11 19:16:19,715.59,2026-09-11,711.0,0.01,0.02,0.02,82991,1547,0.3393,-0.0186,0.02058,-0.015,0.003
2026-09-11 19:16:19,715.59,2026-09-11,712.0,0.04,0.05,0.04,104934,3156,0.3347,-0.0494,0.04676,-0.045,0.0067
2026-09-11 19:16:19,715.59,2026-09-11,713.0,0.05,0.06,0.05,161246,1827,0.2705,-0.0703,0.07638,-0.055,0.0088
2026-09-11 19:16:19,715.59,2026-09-11,714.0,0.09,0.1,0.09,321379,2784,0.2191,-0.1321,0.14966,-0.095,0.014
2026-09-11 19:16:19,715.59,2026-09-11,715.0,0.19,0.2,0.19,461289,5756,0.1643,-0.2899,0.31923,-0.195,0.0223
2026-09-11 19:16:19,715.59,2026-09-11,716.0,0.66,0.67,0.62,529374,2242,0.1656,-0.6467,0.34413,-0.255,0.0242
2026-09-11 19:16:19,715.59,2026-09-11,717.0,1.4,1.47,1.42,302813,1677,0.1438,-0.933,0.1384,-0.025,0.0085
2026-09-11 19:16:19,715.59,2026-09-11,718.0,2.29,2.49,2.23,71817,5358,,,,,
2026-09-11 19:16:19,715.59,2026-09-11,719.0,3.31,3.51,3.28,16074,2854,0.207,-0.9941,0.01245,-0.0,0.0011
2026-09-11 19:16:19,715.59,2026-09-11,720.0,4.24,4.48,4.26,13448,5446,,,,,
2026-09-11 19:16:19,715.59,2026-09-11,721.0,5.19,5.37,5.19,3407,1229,,,,,
2026-09-11 19:16:19,715.59,2026-09-11,722.0,6.32,6.42,5.97,2277,727,,,,,
2026-09-11 19:17:20,715.6,2026-09-11,709.0,0.03,0.04,0.03,41554,1525,0.5329,-0.0267,0.01797,-0.035,0.004
2026-09-11 19:17:20,715.6,2026-09-11,710.0,0.01,0.04,0.02,85602,7191,0.4394,-0.0235,0.0196,-0.025,0.0036
2026-09-11 19:17:20,715.6,2026-09-11,711.0,0.01,0.04,0.02,83146,1547,0.3723,-0.0272,0.02615,-0.025,0.004
2026-09-11 19:17:20,715.6,2026-09-11,712.0,0.04,0.05,0.02,105031,3156,0.3391,-0.0493,0.04667,-0.045,0.0066
2026-09-11 19:17:20,715.6,2026-09-11,713.0,0.01,0.06,0.05,161293,1827,0.2484,-0.0519,0.0664,-0.035,0.0069
2026-09-11 19:17:20,715.6,2026-09-11,714.0,0.08,0.09,0.08,321652,2784,0.2148,-0.1238,0.1477,-0.085,0.0132
2026-09-11 19:17:20,715.6,2026-09-11,715.0,0.19,0.2,0.19,464246,5756,0.167,-0.2891,0.31755,-0.195,0.022
2026-09-11 19:17:20,715.6,2026-09-11,716.0,0.54,0.59,0.58,530886,2242,0.1263,-0.6893,0.43383,-0.16,0.0228
2026-09-11 19:17:20,715.6,2026-09-11,717.0,1.35,1.4,1.31,304233,1677,,,,,
2026-09-11 19:17:20,715.6,2026-09-11,718.0,2.29,2.37,2.25,72116,5358,,,,,
2026-09-11 19:17:20,715.6,2026-09-11,719.0,3.21,3.44,3.35,16074,2854,,,,,
2026-09-11 19:17:20,715.6,2026-09-11,720.0,4.2,4.41,4.21,13675,5446,,,,,
2026-09-11 19:17:20,715.6,2026-09-11,721.0,5.25,5.41,5.19,3407,1229,,,,,
2026-09-11 19:17:20,715.6,2026-09-11,722.0,6.24,6.51,5.97,2277,727,,,,,
2026-09-11 19:18:21,715.75,2026-09-11,709.0,0.01,0.02,0.02,41557,1525,0.4841,-0.0138,0.01145,-0.015,0.0022
2026-09-11 19:18:21,715.75,2026-09-11,710.0,0.01,0.02,0.02,85651,7191,0.4215,-0.0157,0.01463,-0.015,0.0025
2026-09-11 19:18:21,715.75,2026-09-11,711.0,0.01,0.04,0.02,83196,1547,0.3874,-0.0266,0.02492,-0.025,0.0039
2026-09-11 19:18:21,715.75,2026-09-11,712.0,0.04,0.05,0.04,105071,3156,0.3549,-0.0479,0.04408,-0.045,0.0063
2026-09-11 19:18:21,715.75,2026-09-11,713.0,0.01,0.06,0.05,161340,1827,0.2632,-0.0499,0.06142,-0.035,0.0066
2026-09-11 19:18:21,715.75,2026-09-11,714.0,0.04,0.05,0.05,321778,2784,0.1958,-0.0796,0.11877,-0.045,0.0094
2026-09-11 19:18:21,715.75,2026-09-11,715.0,0.14,0.19,0.17,466325,5756,0.1745,-0.2489,0.28517,-0.165,0.0202
2026-09-11 19:18:21,715.75,2026-09-11,716.0,0.49,0.54,0.54,532718,2242,0.1489,-0.6027,0.40665,-0.265,0.0246
2026-09-11 19:18:21,715.75,2026-09-11,717.0,1.3,1.33,1.26,304406,1677,0.1702,-0.8747,0.19018,-0.065,0.0131
2026-09-11 19:18:21,715.75,2026-09-11,718.0,2.22,2.37,2.22,72270,5358,0.239,-0.9296,0.08859,-0.045,0.0086
2026-09-11 19:18:21,715.75,2026-09-11,719.0,3.21,3.35,3.35,16076,2854,0.295,-0.9576,0.04811,-0.03,0.0058
2026-09-11 19:18:21,715.75,2026-09-11,720.0,4.26,4.41,4.23,13675,5446,0.4485,-0.9306,0.04669,-0.085,0.0085
2026-09-11 19:18:21,715.75,2026-09-11,721.0,5.26,5.4,5.19,3407,1229,0.5216,-0.9419,0.03494,-0.08,0.0074
2026-09-11 19:18:21,715.75,2026-09-11,722.0,6.11,6.44,5.97,2277,727,0.4909,-0.9765,0.01772,-0.025,0.0035
2026-09-11 19:19:23,715.81,2026-09-11,709.0,0.03,0.04,0.02,41568,1525,0.5608,-0.0261,0.01715,-0.035,0.0038
2026-09-11 19:19:23,715.81,2026-09-11,710.0,0.01,0.04,0.03,85653,7191,0.4647,-0.0229,0.01854,-0.025,0.0034
2026-09-11 19:19:23,715.81,2026-09-11,711.0,0.03,0.04,0.02,83237,1547,0.4198,-0.0336,0.02831,-0.035,0.0047
2026-09-11 19:19:23,715.81,2026-09-11,712.0,0.04,0.05,0.04,105077,3156,0.3639,-0.0474,0.04314,-0.045,0.0062
2026-09-11 19:19:23,715.81,2026-09-11,713.0,0.05,0.06,0.02,161366,1827,0.2986,-0.0667,0.06883,-0.055,0.0081
2026-09-11 19:19:23,715.81,2026-09-11,714.0,0.03,0.04,0.08,321880,2784,0.1918,-0.0662,0.10657,-0.035,0.0081
2026-09-11 19:19:23,715.81,2026-09-11,715.0,0.15,0.16,0.16,467625,5756,0.179,-0.235,0.27285,-0.155,0.0193
2026-09-11 19:19:23,715.81,2026-09-11,716.0,0.49,0.5,0.5,534667,2242,0.157,-0.575,0.39673,-0.305,0.0247
2026-09-11 19:19:23,715.81,2026-09-11,717.0,1.2,1.29,1.26,305090,1677,0.1587,-0.8826,0.19734,-0.055,0.0124
2026-09-11 19:19:23,715.81,2026-09-11,718.0,2.13,2.25,2.21,72431,5358,0.144,-0.992,0.0241,-0.0,0.0014
2026-09-11 19:19:23,715.81,2026-09-11,719.0,3.12,3.23,3.2,16102,2854,,,,,
2026-09-11 19:19:23,715.81,2026-09-11,720.0,4.08,4.35,4.23,13675,5446,0.3563,-0.9686,0.03151,-0.025,0.0044
2026-09-11 19:19:23,715.81,2026-09-11,721.0,5.05,5.27,5.12,3410,1229,,,,,
2026-09-11 19:19:23,715.81,2026-09-11,722.0,6.03,6.39,5.97,2277,727,0.4777,-0.9797,0.01631,-0.02,0.0031
2026-09-11 19:20:25,715.71,2026-09-11,709.0,0.03,0.04,0.03,41570,1525,0.5612,-0.0263,0.01752,-0.035,0.0038
2026-09-11 19:20:25,715.71,2026-09-11,710.0,0.01,0.02,0.02,85762,7191,0.4297,-0.0157,0.01479,-0.015,0.0025
2026-09-11 19:20:25,715.71,2026-09-11,711.0,0.01,0.04,0.03,83246,1547,0.3946,-0.0267,0.02523,-0.025,0.0038
2026-09-11 19:20:25,715.71,2026-09-11,712.0,0.01,0.02,0.04,105100,3156,0.2973,-0.0219,0.02827,-0.015,0.0032
2026-09-11 19:20:25,715.71,2026-09-11,713.0,0.04,0.05,0.04,161376,1827,0.2813,-0.0598,0.06799,-0.045,0.0074
2026-09-11 19:20:25,715.71,2026-09-11,714.0,0.07,0.08,0.08,322637,2784,0.2258,-0.1106,0.13458,-0.075,0.0117
2026-09-11 19:20:25,715.71,2026-09-11,715.0,0.13,0.14,0.16,468679,5756,0.1585,-0.2344,0.31166,-0.135,0.0191
2026-09-11 19:20:25,715.71,2026-09-11,716.0,0.54,0.55,0.54,535402,2242,0.155,-0.6172,0.39639,-0.255,0.0237
2026-09-11 19:20:25,715.71,2026-09-11,717.0,1.29,1.34,1.33,305324,1677,0.1407,-0.9294,0.15463,-0.025,0.0084
2026-09-11 19:20:25,715.71,2026-09-11,718.0,2.19,2.31,2.18,72494,5358,,,,,
2026-09-11 19:20:25,715.71,2026-09-11,719.0,3.16,3.32,3.14,16114,2854,,,,,
2026-09-11 19:20:25,715.71,2026-09-11,720.0,4.16,4.3,4.14,13676,5446,,,,,
2026-09-11 19:20:25,715.71,2026-09-11,721.0,5.21,5.45,5.12,3413,1229,0.4721,-0.9637,0.02718,-0.04,0.0049
2026-09-11 19:20:25,715.71,2026-09-11,722.0,6.06,6.24,5.97,2277,727,,,,,
2026-09-11 19:21:29,715.73,2026-09-11,709.0,0.03,0.04,0.03,41696,1525,0.5703,-0.0263,0.01745,-0.035,0.0037
2026-09-11 19:21:29,715.73,2026-09-11,710.0,0.01,0.04,0.02,85848,7191,0.4717,-0.0231,0.01893,-0.025,0.0034
2026-09-11 19:21:29,715.73,2026-09-11,711.0,0.03,0.04,0.03,83251,1547,0.4252,-0.034,0.02899,-0.035,0.0046
2026-09-11 19:21:29,715.73,2026-09-11,712.0,0.01,0.05,0.03,105139,3156,0.3401,-0.0362,0.03808,-0.03,0.0049
2026-09-11 19:21:29,715.73,2026-09-11,713.0,0.01,0.05,0.04,161404,1827,0.2639,-0.0451,0.05873,-0.03,0.0058
2026-09-11 19:21:29,715.73,2026-09-11,714.0,0.07,0.08,0.07,322689,2784,0.2308,-0.1098,0.13281,-0.075,0.0115
2026-09-11 19:21:29,715.73,2026-09-11,715.0,0.18,0.19,0.15,469170,5756,0.189,-0.2632,0.2819,-0.185,0.02
2026-09-11 19:21:29,715.73,2026-09-11,716.0,0.54,0.59,0.54,537373,2242,0.1708,-0.6007,0.36904,-0.295,0.0237
2026-09-11 19:21:29,715.73,2026-09-11,717.0,1.33,1.37,1.37,305633,1677,0.1903,-0.8612,0.18982,-0.08,0.0136
2026-09-11 19:21:29,715.73,2026-09-11,718.0,2.18,2.35,2.23,72511,5358,,,,,
2026-09-11 19:21:29,715.73,2026-09-11,719.0,3.13,3.41,3.19,16117,2854,0.2094,-0.9945,0.01234,0.0,0.001
2026-09-11 19:21:29,715.73,2026-09-11,720.0,4.18,4.35,4.14,13676,5446,,,,,
2026-09-11 19:21:29,715.73,2026-09-11,721.0,5.15,5.48,5.08,3413,1229,0.4868,-0.9606,0.02854,-0.045,0.0052
2026-09-11 19:21:29,715.73,2026-09-11,722.0,6.19,6.45,5.97,2277,727,0.5711,-0.9626,0.02334,-0.05,0.005
2026-09-11 19:22:30,715.68,2026-09-11,709.0,0.03,0.04,0.01,41820,1525,0.5744,-0.0264,0.01764,-0.035,0.0037
2026-09-11 19:22:30,715.68,2026-09-11,710.0,0.01,0.04,0.01,85904,7191,0.4746,-0.0233,0.01917,-0.025,0.0033
2026-09-11 19:22:30,715.68,2026-09-11,711.0,0.03,0.04,0.03,83254,1547,0.4272,-0.0343,0.02943,-0.035,0.0046
2026-09-11 19:22:30,715.68,2026-09-11,712.0,0.01,0.02,0.04,105223,3156,0.3034,-0.022,0.02861,-0.015,0.0032
2026-09-11 19:22:30,715.68,2026-09-11,713.0,0.01,0.05,0.02,161429,1827,0.2635,-0.0457,0.06024,-0.03,0.0058
2026-09-11 19:22:30,715.68,2026-09-11,714.0,0.03,0.08,0.08,323074,2784,0.2105,-0.0927,0.13041,-0.055,0.01
2026-09-11 19:22:30,715.68,2026-09-11,715.0,0.16,0.17,0.17,472254,5756,0.1747,-0.2588,0.30643,-0.165,0.0196
2026-09-11 19:22:30,715.68,2026-09-11,716.0,0.54,0.55,0.54,539570,2242,0.151,-0.6359,0.41144,-0.225,0.0227
2026-09-11 19:22:30,715.68,2026-09-11,717.0,1.28,1.33,1.32,306389,1677,,,,,
2026-09-11 19:22:30,715.68,2026-09-11,718.0,2.21,2.32,2.27,72637,5358,,,,,
2026-09-11 19:22:30,715.68,2026-09-11,719.0,3.24,3.35,3.23,16133,2854,,,,,
2026-09-11 19:22:30,715.68,2026-09-11,720.0,4.22,4.45,4.25,13705,5446,0.3526,-0.9782,0.02442,-0.015,0.0031
2026-09-11 19:22:30,715.68,2026-09-11,721.0,5.14,5.46,5.08,3413,1229,,,,,
2026-09-11 19:22:30,715.68,2026-09-11,722.0,6.26,6.37,5.97,2277,727,,,,,
2026-09-11 19:23:31,715.66,2026-09-11,709.0,0.03,0.04,0.03,41924,1525,0.581,-0.0265,0.01772,-0.035,0.0037
2026-09-11 19:23:31,715.66,2026-09-11,710.0,0.03,0.04,0.02,85928,7191,0.507,-0.0299,0.02243,-0.035,0.004
2026-09-11 19:23:31,715.66,2026-09-11,711.0,0.03,0.04,0.02,83262,1547,0.4316,-0.0344,0.02961,-0.035,0.0045
2026-09-11 19:23:31,715.66,2026-09-11,712.0,0.04,0.05,0.04,105229,3156,0.3719,-0.0487,0.04556,-0.045,0.006
2026-09-11 19:23:31,715.66,2026-09-11,713.0,0.01,0.02,0.02,161477,1827,0.2342,-0.028,0.046,-0.015,0.0038
2026-09-11 19:23:31,715.66,2026-09-11,714.0,0.03,0.08,0.08,323319,2784,0.2115,-0.0933,0.1323,-0.055,0.0099
2026-09-11 19:23:31,715.66,2026-09-11,715.0,0.17,0.18,0.18,475036,5756,0.1796,-0.2678,0.3076,-0.175,0.0196
2026-09-11 19:23:31,715.66,2026-09-11,716.0,0.53,0.54,0.54,541326,2242,0.1428,-0.654,0.43329,-0.195,0.022
2026-09-11 19:23:31,715.66,2026-09-11,717.0,1.4,1.42,1.36,306643,1677,0.1949,-0.8749,0.17732,-0.07,0.0123
2026-09-11 19:23:31,715.66,2026-09-11,718.0,2.3,2.36,2.35,72703,5358,,,,,
2026-09-11 19:23:31,715.66,2026-09-11,719.0,3.21,3.44,3.26,16146,2854,,,,,
2026-09-11 19:23:31,715.66,2026-09-11,720.0,4.16,4.46,4.31,13707,5446,,,,,
2026-09-11 19:23:31,715.66,2026-09-11,721.0,5.14,5.34,5.08,3413,1229,,,,,
2026-09-11 19:23:31,715.66,2026-09-11,722.0,6.12,6.51,5.97,2277,727,,,,,
2026-09-11 19:24:32,715.8,2026-09-11,709.0,0.01,0.02,0.03,41924,1525,0.5283,-0.0137,0.01131,-0.015,0.0021
2026-09-11 19:24:32,715.8,2026-09-11,710.0,0.01,0.04,0.02,85955,7191,0.497,-0.0229,0.01857,-0.025,0.0032
2026-09-11 19:24:32,715.8,2026-09-11,711.0,0.03,0.04,0.02,83266,1547,0.4489,-0.0337,0.02835,-0.035,0.0044
2026-09-11 19:24:32,715.8,2026-09-11,712.0,0.04,0.05,0.04,105243,3156,0.3891,-0.0474,0.04322,-0.045,0.0058
2026-09-11 19:24:32,715.8,2026-09-11,713.0,0.01,0.05,0.04,161537,1827,0.2811,-0.0443,0.0566,-0.03,0.0055
2026-09-11 19:24:32,715.8,2026-09-11,714.0,0.02,0.07,0.03,323460,2784,0.2172,-0.0781,0.11432,-0.045,0.0086
2026-09-11 19:24:32,715.8,2026-09-11,715.0,0.14,0.15,0.15,477815,5756,0.1853,-0.229,0.27807,-0.145,0.0178
2026-09-11 19:24:32,715.8,2026-09-11,716.0,0.43,0.44,0.48,543353,2242,0.1405,-0.5921,0.47002,-0.24,0.0228
2026-09-11 19:24:32,715.8,2026-09-11,717.0,1.2,1.29,1.29,307198,1677,0.1657,-0.8893,0.19388,-0.05,0.0111
2026-09-11 19:24:32,715.8,2026-09-11,718.0,2.16,2.25,2.24,72742,5358,0.1943,-0.9724,0.05567,-0.01,0.0037
2026-09-11 19:24:32,715.8,2026-09-11,719.0,3.16,3.21,3.29,16154,2854,,,,,
2026-09-11 19:24:32,715.8,2026-09-11,720.0,4.25,4.42,4.37,13707,5446,0.5423,-0.9048,0.05312,-0.14,0.01
2026-09-11 19:24:32,715.8,2026-09-11,721.0,5.14,5.35,5.08,3413,1229,0.5108,-0.9574,0.03022,-0.05,0.0053
2026-09-11 19:24:32,715.8,2026-09-11,722.0,6.13,6.36,5.97,2277,727,0.589,-0.9623,0.0237,-0.05,0.0048
2026-09-11 19:25:34,715.74,2026-09-11,709.0,0.03,0.04,0.03,41940,1525,0.6039,-0.0263,0.01741,-0.035,0.0035
2026-09-11 19:25:34,715.74,2026-09-11,710.0,0.03,0.04,0.03,85980,7191,0.528,-0.0296,0.02198,-0.035,0.0039
2026-09-11 19:25:34,715.74,2026-09-11,711.0,0.03,0.04,0.02,83273,1547,0.4505,-0.034,0.02891,-0.035,0.0044
2026-09-11 19:25:34,715.74,2026-09-11,712.0,0.01,0.04,0.03,105327,3156,0.349,-0.0317,0.03518,-0.025,0.0041
2026-09-11 19:25:34,715.74,2026-09-11,713.0,0.01,0.02,0.02,161578,1827,0.2471,-0.0274,0.04407,-0.015,0.0037
2026-09-11 19:25:34,715.74,2026-09-11,714.0,0.02,0.07,0.07,324214,2784,0.2143,-0.0799,0.11965,-0.045,0.0086
2026-09-11 19:25:34,715.74,2026-09-11,715.0,0.1,0.15,0.15,482023,5756,0.1681,-0.2227,0.30618,-0.125,0.0173
2026-09-11 19:25:34,715.74,2026-09-11,716.0,0.46,0.51,0.51,547022,2242,0.1473,-0.6185,0.44662,-0.225,0.0221
2026-09-11 19:25:34,715.74,2026-09-11,717.0,1.28,1.32,1.32,307752,1677,0.1648,-0.9059,0.17583,-0.04,0.0097
2026-09-11 19:25:34,715.74,2026-09-11,718.0,2.11,2.27,2.3,72797,5358,,,,,
2026-09-11 19:25:34,715.74,2026-09-11,719.0,3.09,3.26,3.27,16158,2854,,,,,
2026-09-11 19:25:34,715.74,2026-09-11,720.0,4.17,4.39,4.37,13707,5446,0.3783,-0.9736,0.02795,-0.02,0.0035
2026-09-11 19:25:34,715.74,2026-09-11,721.0,5.12,5.28,5.26,3434,1229,,,,,
2026-09-11 19:25:34,715.74,2026-09-11,722.0,6.24,6.35,5.97,2277,727,0.5677,-0.9708,0.02025,-0.035,0.0039
2026-09-11 19:26:37,715.8,2026-09-11,709.0,0.03,0.04,0.03,41941,1525,0.6179,-0.0261,0.01719,-0.035,0.0035
2026-09-11 19:26:37,715.8,2026-09-11,710.0,0.01,0.02,0.03,86034,7191,0.4742,-0.0156,0.01444,-0.015,0.0022
2026-09-11 19:26:37,715.8,2026-09-11,711.0,0.03,0.04,0.02,83274,1547,0.4623,-0.0337,0.0284,-0.035,0.0043
2026-09-11 19:26:37,715.8,2026-09-11,712.0,0.03,0.04,0.03,105370,3156,0.3816,-0.0398,0.03944,-0.035,0.0049
2026-09-11 19:26:37,715.8,2026-09-11,713.0,0.01,0.05,0.02,161681,1827,0.2893,-0.0443,0.05674,-0.03,0.0053
2026-09-11 19:26:37,715.8,2026-09-11,714.0,0.06,0.07,0.07,324844,2784,0.2453,-0.0984,0.12398,-0.065,0.0099
2026-09-11 19:26:37,715.8,2026-09-11,715.0,0.08,0.09,0.09,486111,5756,0.1533,-0.1793,0.29929,-0.085,0.0149
2026-09-11 19:26:37,715.8,2026-09-11,716.0,0.39,0.44,0.44,550388,2242,0.1344,-0.6017,0.50347,-0.215,0.022
2026-09-11 19:26:37,715.8,2026-09-11,717.0,1.16,1.22,1.22,308522,1677,,,,,
2026-09-11 19:26:37,715.8,2026-09-11,718.0,2.12,2.23,2.24,72826,5358,,,,,
2026-09-11 19:26:37,715.8,2026-09-11,719.0,3.05,3.32,3.35,16161,2854,,,,,
2026-09-11 19:26:37,715.8,2026-09-11,720.0,4.07,4.28,4.39,13712,5446,,,,,
2026-09-11 19:26:37,715.8,2026-09-11,721.0,5.14,5.35,5.21,3434,1229,0.5167,-0.9604,0.029,-0.045,0.0049
2026-09-11 19:26:37,715.8,2026-09-11,722.0,6,6.15,5.97,2277,727,,,,,
2026-09-11 19:27:39,715.78,2026-09-11,709.0,0.03,0.04,0.02,41943,1525,0.6261,-0.0261,0.01726,-0.035,0.0034
2026-09-11 19:27:39,715.78,2026-09-11,710.0,0.01,0.04,0.03,86049,7191,0.5184,-0.023,0.01869,-0.025,0.0031
2026-09-11 19:27:39,715.78,2026-09-11,711.0,0.03,0.04,0.03,83278,1547,0.4679,-0.0338,0.02857,-0.035,0.0042
2026-09-11 19:27:39,715.78,2026-09-11,712.0,0.01,0.02,0.02,105386,3156,0.3341,-0.0216,0.0275,-0.015,0.0029
2026-09-11 19:27:39,715.78,2026-09-11,713.0,0.01,0.05,0.04,161974,1827,0.2921,-0.0445,0.0573,-0.03,0.0053
2026-09-11 19:27:39,715.78,2026-09-11,714.0,0.06,0.07,0.07,324902,2784,0.2471,-0.0991,0.12563,-0.065,0.0098
2026-09-11 19:27:39,715.78,2026-09-11,715.0,0.14,0.15,0.15,489125,5756,0.1906,-0.2322,0.2852,-0.145,0.0171
2026-09-11 19:27:39,715.78,2026-09-11,716.0,0.5,0.51,0.51,551896,2242,0.1724,-0.5889,0.40191,-0.285,0.0218
2026-09-11 19:27:39,715.78,2026-09-11,717.0,1.32,1.35,1.3,308779,1677,0.2278,-0.8291,0.19851,-0.115,0.0143
2026-09-11 19:27:39,715.78,2026-09-11,718.0,2.16,2.34,2.26,72846,5358,0.246,-0.9455,0.08,-0.03,0.0062
2026-09-11 19:27:39,715.78,2026-09-11,719.0,3.2,3.33,3.35,16161,2854,0.3576,-0.9449,0.05546,-0.045,0.0063
2026-09-11 19:27:39,715.78,2026-09-11,720.0,4.05,4.31,4.31,13714,5446,,,,,
2026-09-11 19:27:39,715.78,2026-09-11,721.0,5.15,5.23,5.21,3434,1229,,,,,
2026-09-11 19:27:39,715.78,2026-09-11,722.0,6.12,6.25,5.97,2277,727,,,,,
2026-09-11 19:28:40,715.7,2026-09-11,709.0,0.03,0.04,0.02,41952,1525,0.6296,-0.0264,0.01758,-0.035,0.0034
2026-09-11 19:28:40,715.7,2026-09-11,710.0,0.03,0.04,0.03,86164,7191,0.5499,-0.0297,0.02223,-0.035,0.0037
2026-09-11 19:28:40,715.7,2026-09-11,711.0,0.03,0.04,0.03,83290,1547,0.4686,-0.0342,0.0293,-0.035,0.0042
2026-09-11 19:28:40,715.7,2026-09-11,712.0,0.03,0.04,0.02,105399,3156,0.3851,-0.0406,0.04101,-0.035,0.0048
2026-09-11 19:28:40,715.7,2026-09-11,713.0,0.04,0.05,0.04,162183,1827,0.3148,-0.06,0.0685,-0.045,0.0066
2026-09-11 19:28:40,715.7,2026-09-11,714.0,0.02,0.07,0.07,325086,2784,0.2203,-0.0813,0.1236,-0.045,0.0083
2026-09-11 19:28:40,715.7,2026-09-11,715.0,0.1,0.15,0.15,491374,5756,0.1701,-0.2289,0.32221,-0.125,0.0167
2026-09-11 19:28:40,715.7,2026-09-11,716.0,0.51,0.52,0.51,552928,2242,0.1552,-0.6379,0.43704,-0.21,0.0207
2026-09-11 19:28:40,715.7,2026-09-11,717.0,1.34,1.38,1.35,309024,1677,0.1925,-0.8894,0.17748,-0.055,0.0104
2026-09-11 19:28:40,715.7,2026-09-11,718.0,2.23,2.33,2.33,72868,5358,,,,,
2026-09-11 19:28:40,715.7,2026-09-11,719.0,3.18,3.39,3.35,16161,2854,,,,,
2026-09-11 19:28:40,715.7,2026-09-11,720.0,4.31,4.38,4.36,13745,5446,0.448,-0.9583,0.03599,-0.04,0.0049
2026-09-11 19:28:40,715.7,2026-09-11,721.0,5.17,5.26,5.21,3434,1229,,,,,
2026-09-11 19:28:40,715.7,2026-09-11,722.0,6.12,6.37,5.97,2277,727,,,,,
2026-09-11 19:29:41,715.54,2026-09-11,709.0,0.01,0.04,0.01,41955,1525,0.595,-0.0209,0.01556,-0.025,0.0027
2026-09-11 19:29:41,715.54,2026-09-11,710.0,0.01,0.02,0.03,86170,7191,0.4785,-0.0161,0.01549,-0.015,0.0022
2026-09-11 19:29:41,715.54,2026-09-11,711.0,0.03,0.04,0.03,84025,1547,0.4635,-0.0351,0.03073,-0.035,0.0042
2026-09-11 19:29:41,715.54,2026-09-11,712.0,0.03,0.04,0.03,105637,3156,0.3782,-0.0419,0.04352,-0.035,0.0049
2026-09-11 19:29:41,715.54,2026-09-11,713.0,0.04,0.05,0.04,162245,1827,0.3056,-0.0624,0.07401,-0.045,0.0067
2026-09-11 19:29:41,715.54,2026-09-11,714.0,0.02,0.03,0.07,325435,2784,0.1817,-0.0589,0.11896,-0.025,0.0064
2026-09-11 19:29:41,715.54,2026-09-11,715.0,0.16,0.17,0.17,492420,5756,0.1732,-0.2821,0.35899,-0.165,0.0184
2026-09-11 19:29:41,715.54,2026-09-11,716.0,0.56,0.57,0.57,554479,2242,0.1281,-0.7446,0.46165,-0.105,0.0175
2026-09-11 19:29:41,715.54,2026-09-11,717.0,1.47,1.5,1.5,309246,1677,0.1763,-0.9358,0.13114,-0.025,0.0068
2026-09-11 19:29:41,715.54,2026-09-11,718.0,2.45,2.51,2.45,72892,5358,0.2561,-0.961,0.06063,-0.02,0.0046
2026-09-11 19:29:41,715.54,2026-09-11,719.0,3.38,3.43,3.44,16169,2854,,,,,
2026-09-11 19:29:41,715.54,2026-09-11,720.0,4.43,4.46,4.36,13745,5446,,,,,
2026-09-11 19:29:41,715.54,2026-09-11,721.0,5.33,5.57,5.21,3444,1229,,,,,
2026-09-11 19:29:41,715.54,2026-09-11,722.0,6.29,6.35,5.97,2277,727,,,,,
2026-09-11 19:30:43,715.58,2026-09-11,709.0,0.03,0.04,0.03,42001,1525,0.6415,-0.0268,0.01805,-0.035,0.0033
2026-09-11 19:30:43,715.58,2026-09-11,710.0,0.03,0.04,0.01,86215,7191,0.5588,-0.0302,0.02293,-0.035,0.0037
2026-09-11 19:30:43,715.58,2026-09-11,711.0,0.03,0.04,0.02,85649,1547,0.4745,-0.0349,0.0304,-0.035,0.0041
2026-09-11 19:30:43,715.58,2026-09-11,712.0,0.03,0.04,0.02,105653,3156,0.3878,-0.0416,0.04293,-0.035,0.0047
2026-09-11 19:30:43,715.58,2026-09-11,713.0,0.01,0.05,0.04,162340,1827,0.2888,-0.047,0.06362,-0.03,0.0052
2026-09-11 19:30:43,715.58,2026-09-11,714.0,0.06,0.07,0.06,325511,2784,0.2376,-0.1067,0.1449,-0.065,0.0098
2026-09-11 19:30:43,715.58,2026-09-11,715.0,0.12,0.13,0.13,495316,5756,0.1587,-0.2478,0.37324,-0.125,0.0169
2026-09-11 19:30:43,715.58,2026-09-11,716.0,0.56,0.57,0.56,556145,2242,0.1446,-0.7079,0.44467,-0.14,0.0183
2026-09-11 19:30:43,715.58,2026-09-11,717.0,1.36,1.44,1.4,309905,1677,,,,,
2026-09-11 19:30:43,715.58,2026-09-11,718.0,2.37,2.47,2.41,72938,5358,,,,,
2026-09-11 19:30:43,715.58,2026-09-11,719.0,3.33,3.5,3.39,16186,2854,,,,,
2026-09-11 19:30:43,715.58,2026-09-11,720.0,4.31,4.55,4.36,13750,5446,0.3568,-0.9896,0.01445,-0.005,0.0015
2026-09-11 19:30:43,715.58,2026-09-11,721.0,5.29,5.41,5.44,3444,1229,,,,,
2026-09-11 19:30:43,715.58,2026-09-11,722.0,6.34,6.44,5.97,2277,727,,,,,
2026-09-11 19:31:46,715.65,2026-09-11,709.0,0.03,0.04,0.02,42154,1525,0.6595,-0.0265,0.01776,-0.035,0.0032
2026-09-11 19:31:46,715.65,2026-09-11,710.0,0.01,0.04,0.03,86256,7191,0.5445,-0.0233,0.01933,-0.025,0.0029
2026-09-11 19:31:46,715.65,2026-09-11,711.0,0.01,0.02,0.03,86440,1547,0.4266,-0.0184,0.02018,-0.015,0.0024
2026-09-11 19:31:46,715.65,2026-09-11,712.0,0.01,0.04,0.02,105790,3156,0.3778,-0.0322,0.03643,-0.025,0.0038
2026-09-11 19:31:46,715.65,2026-09-11,713.0,0.01,0.02,0.04,163482,1827,0.2653,-0.0281,0.04626,-0.015,0.0034
2026-09-11 19:31:46,715.65,2026-09-11,714.0,0.06,0.07,0.07,325735,2784,0.2503,-0.1037,0.1373,-0.065,0.0095
2026-09-11 19:31:46,715.65,2026-09-11,715.0,0.16,0.17,0.17,496225,5756,0.1967,-0.2634,0.3166,-0.165,0.0171
2026-09-11 19:31:46,715.65,2026-09-11,716.0,0.5,0.51,0.55,557001,2242,0.1429,-0.6787,0.47789,-0.155,0.0188
2026-09-11 19:31:46,715.65,2026-09-11,717.0,1.33,1.41,1.4,310047,1677,0.164,-0.9413,0.13617,-0.02,0.0061
2026-09-11 19:31:46,715.65,2026-09-11,718.0,2.36,2.48,2.37,72939,5358,0.3317,-0.9109,0.09264,-0.07,0.0085
2026-09-11 19:31:46,715.65,2026-09-11,719.0,3.34,3.43,3.38,16239,2854,0.376,-0.9548,0.04828,-0.035,0.005
2026-09-11 19:31:46,715.65,2026-09-11,720.0,4.3,4.56,4.32,13754,5446,0.5462,-0.9347,0.04444,-0.08,0.0067
2026-09-11 19:31:46,715.65,2026-09-11,721.0,5.32,5.41,5.37,3450,1229,0.4846,-0.9819,0.0175,-0.015,0.0023
2026-09-11 19:31:46,715.65,2026-09-11,722.0,6.16,6.43,5.97,2277,727,,,,,
2026-09-11 19:32:47,715.65,2026-09-11,709.0,0.03,0.04,0.03,42279,1525,0.6718,-0.0265,0.01776,-0.035,0.0032
2026-09-11 19:32:47,715.65,2026-09-11,710.0,0.03,0.04,0.02,86257,7191,0.5862,-0.0299,0.02249,-0.035,0.0035
2026-09-11 19:32:47,715.65,2026-09-11,711.0,0.01,0.04,0.02,86455,1547,0.4708,-0.027,0.02571,-0.025,0.0032
2026-09-11 19:32:47,715.65,2026-09-11,712.0,0.03,0.04,0.03,105831,3156,0.4091,-0.041,0.04172,-0.035,0.0045
2026-09-11 19:32:47,715.65,2026-09-11,713.0,0.04,0.05,0.03,163497,1827,0.3334,-0.0607,0.07004,-0.045,0.0062
2026-09-11 19:32:47,715.65,2026-09-11,714.0,0.06,0.07,0.03,325983,2784,0.2549,-0.1037,0.13731,-0.065,0.0093
2026-09-11 19:32:47,715.65,2026-09-11,715.0,0.16,0.17,0.13,497404,5756,0.2003,-0.2634,0.31662,-0.165,0.0168
2026-09-11 19:32:47,715.65,2026-09-11,716.0,0.5,0.55,0.51,558318,2242,0.1563,-0.6672,0.45145,-0.175,0.0187
2026-09-11 19:32:47,715.65,2026-09-11,717.0,1.33,1.45,1.33,310225,1677,0.1947,-0.9104,0.16148,-0.04,0.0083
2026-09-11 19:32:47,715.65,2026-09-11,718.0,2.33,2.38,2.32,72993,5358,0.214,-0.9833,0.03767,-0.005,0.0021
2026-09-11 19:32:47,715.65,2026-09-11,719.0,3.27,3.5,3.3,16280,2854,0.3828,-0.9548,0.04825,-0.035,0.0049
2026-09-11 19:32:47,715.65,2026-09-11,720.0,4.38,4.43,4.38,13760,5446,0.5145,-0.949,0.03958,-0.055,0.0054
2026-09-11 19:32:47,715.65,2026-09-11,721.0,5.26,5.57,5.38,3450,1229,0.6267,-0.9504,0.03174,-0.065,0.0053
2026-09-11 19:32:47,715.65,2026-09-11,722.0,6.19,6.37,6.35,2278,727,,,,,
2026-09-11 19:33:48,715.61,2026-09-11,709.0,0.03,0.04,0.03,42280,1525,0.6809,-0.0267,0.01793,-0.035,0.0031
2026-09-11 19:33:48,715.61,2026-09-11,710.0,0.03,0.04,0.02,86289,7191,0.5936,-0.0301,0.02275,-0.035,0.0034
2026-09-11 19:33:48,715.61,2026-09-11,711.0,0.01,0.04,0.03,86494,1547,0.476,-0.0272,0.02607,-0.025,0.0032
2026-09-11 19:33:48,715.61,2026-09-11,712.0,0.01,0.02,0.02,105996,3156,0.3568,-0.0223,0.0295,-0.015,0.0027
2026-09-11 19:33:48,715.61,2026-09-11,713.0,0.04,0.05,0.02,163604,1827,0.3353,-0.0614,0.07163,-0.045,0.0061
2026-09-11 19:33:48,715.61,2026-09-11,714.0,0.06,0.07,0.06,326605,2784,0.2547,-0.1055,0.14179,-0.065,0.0092
2026-09-11 19:33:48,715.61,2026-09-11,715.0,0.16,0.17,0.15,498246,5756,0.1969,-0.2707,0.33283,-0.165,0.0167
2026-09-11 19:33:48,715.61,2026-09-11,716.0,0.55,0.56,0.54,559423,2242,0.1591,-0.6876,0.44061,-0.16,0.0179
2026-09-11 19:33:48,715.61,2026-09-11,717.0,1.38,1.41,1.36,310593,1677,0.1145,-0.992,0.03802,-0.0,0.0011
2026-09-11 19:33:48,715.61,2026-09-11,718.0,2.36,2.44,2.32,72999,5358,0.2214,-0.9837,0.03643,-0.005,0.0021
2026-09-11 19:33:48,715.61,2026-09-11,719.0,3.27,3.51,3.3,16281,2854,,,,,
2026-09-11 19:33:48,715.61,2026-09-11,720.0,4.28,4.44,4.33,13762,5446,,,,,
2026-09-11 19:33:48,715.61,2026-09-11,721.0,5.2,5.39,5.38,3450,1229,,,,,
2026-09-11 19:33:48,715.61,2026-09-11,722.0,6.38,6.57,6.35,2278,727,0.7668,-0.9496,0.02681,-0.08,0.0052
2026-09-11 19:34:50,715.69,2026-09-11,709.0,0.03,0.04,0.02,42285,1525,0.702,-0.0264,0.0176,-0.035,0.003
2026-09-11 19:34:50,715.69,2026-09-11,710.0,0.01,0.04,0.03,86290,7191,0.5801,-0.0232,0.01913,-0.025,0.0027
2026-09-11 19:34:50,715.69,2026-09-11,711.0,0.03,0.04,0.03,86530,1547,0.5223,-0.0343,0.02935,-0.035,0.0038
2026-09-11 19:34:50,715.69,2026-09-11,712.0,0.03,0.04,0.02,105998,3156,0.4291,-0.0407,0.04109,-0.035,0.0043
2026-09-11 19:34:50,715.69,2026-09-11,713.0,0.04,0.05,0.04,164508,1827,0.3507,-0.0601,0.06868,-0.045,0.0059
2026-09-11 19:34:50,715.69,2026-09-11,714.0,0.02,0.03,0.03,326764,2784,0.2145,-0.0554,0.10527,-0.025,0.0055
2026-09-11 19:34:50,715.69,2026-09-11,715.0,0.11,0.12,0.15,499601,5756,0.1823,-0.2215,0.32934,-0.115,0.0147
2026-09-11 19:34:50,715.69,2026-09-11,716.0,0.51,0.52,0.49,561279,2242,0.1714,-0.6417,0.44017,-0.205,0.0185
2026-09-11 19:34:50,715.69,2026-09-11,717.0,1.33,1.38,1.36,311159,1677,0.2038,-0.9022,0.171,-0.045,0.0085
2026-09-11 19:34:50,715.69,2026-09-11,718.0,2.33,2.37,2.35,73010,5358,0.3045,-0.9367,0.08241,-0.04,0.0062
2026-09-11 19:34:50,715.69,2026-09-11,719.0,3.33,3.52,3.3,16281,2854,0.5135,-0.9026,0.06771,-0.115,0.0085
2026-09-11 19:34:50,715.69,2026-09-11,720.0,4.24,4.5,4.33,13770,5446,0.5401,-0.9457,0.0412,-0.06,0.0055
2026-09-11 19:34:50,715.69,2026-09-11,721.0,5.32,5.37,5.38,3450,1229,0.5784,-0.9674,0.02542,-0.035,0.0036
2026-09-11 19:34:50,715.69,2026-09-11,722.0,6.16,6.5,6.35,2278,727,0.6131,-0.9806,0.01553,-0.02,0.0023
2026-09-11 19:35:51,715.62,2026-09-11,709.0,0.01,0.02,0.02,42285,1525,0.6252,-0.014,0.0118,-0.015,0.0017
2026-09-11 19:35:51,715.62,2026-09-11,710.0,0.01,0.04,0.03,86298,7191,0.5861,-0.0234,0.01948,-0.025,0.0027
2026-09-11 19:35:51,715.62,2026-09-11,711.0,0.01,0.02,0.02,86546,1547,0.4588,-0.0185,0.02038,-0.015,0.0022
2026-09-11 19:35:51,715.62,2026-09-11,712.0,0.03,0.04,0.03,106009,3156,0.4314,-0.0412,0.0422,-0.035,0.0043
2026-09-11 19:35:51,715.62,2026-09-11,713.0,0.01,0.02,0.02,164513,1827,0.2842,-0.0283,0.04704,-0.015,0.0031
2026-09-11 19:35:51,715.62,2026-09-11,714.0,0.06,0.07,0.06,326835,2784,0.2671,-0.1049,0.14028,-0.065,0.0088
2026-09-11 19:35:51,715.62,2026-09-11,715.0,0.16,0.17,0.16,500796,5756,0.2076,-0.2682,0.32731,-0.165,0.016
2026-09-11 19:35:51,715.62,2026-09-11,716.0,0.54,0.55,0.54,562021,2242,0.1658,-0.6809,0.44431,-0.165,0.0173
2026-09-11 19:35:51,715.62,2026-09-11,717.0,1.44,1.48,1.38,311468,1677,0.2538,-0.8682,0.17348,-0.08,0.0104
2026-09-11 19:35:51,715.62,2026-09-11,718.0,2.39,2.49,2.3,73211,5358,0.3485,-0.9198,0.08812,-0.06,0.0072
2026-09-11 19:35:51,715.62,2026-09-11,719.0,3.21,3.41,3.3,16281,2854,,,,,
2026-09-11 19:35:51,715.62,2026-09-11,720.0,4.42,4.53,4.3,13770,5446,0.6168,-0.9275,0.04613,-0.095,0.0067
2026-09-11 19:35:51,715.62,2026-09-11,721.0,5.3,5.37,5.38,3450,1229,,,,,
2026-09-11 19:35:51,715.62,2026-09-11,722.0,6.32,6.44,6.35,2278,727,0.4591,-0.9978,0.00308,-0.0,0.0003
2026-09-11 19:36:54,715.64,2026-09-11,709.0,0.03,0.04,0.02,42285,1525,0.7283,-0.0266,0.0178,-0.035,0.0029
2026-09-11 19:36:54,715.64,2026-09-11,710.0,0.03,0.04,0.01,86307,7191,0.6354,-0.03,0.02255,-0.035,0.0032
2026-09-11 19:36:54,715.64,2026-09-11,711.0,0.03,0.04,0.02,86565,1547,0.5405,-0.0345,0.0298,-0.035,0.0036
2026-09-11 19:36:54,715.64,2026-09-11,712.0,0.01,0.02,0.03,106009,3156,0.383,-0.0222,0.02909,-0.015,0.0025
2026-09-11 19:36:54,715.64,2026-09-11,713.0,0.01,0.02,0.02,164569,1827,0.2924,-0.0281,0.04653,-0.015,0.0031
2026-09-11 19:36:54,715.64,2026-09-11,714.0,0.06,0.07,0.06,327066,2784,0.2755,-0.1041,0.13831,-0.065,0.0086
2026-09-11 19:36:54,715.64,2026-09-11,715.0,0.14,0.15,0.12,501501,5756,0.2027,-0.252,0.33199,-0.145,0.0151
2026-09-11 19:36:54,715.64,2026-09-11,716.0,0.52,0.53,0.53,563057,2242,0.1657,-0.6757,0.45758,-0.165,0.0171
2026-09-11 19:36:54,715.64,2026-09-11,717.0,1.37,1.44,1.37,311578,1677,0.2186,-0.9046,0.16349,-0.045,0.008
2026-09-11 19:36:54,715.64,2026-09-11,718.0,2.31,2.42,2.35,73228,5358,0.2319,-0.9838,0.03671,-0.005,0.0019
2026-09-11 19:36:54,715.64,2026-09-11,719.0,3.35,3.51,3.3,16281,2854,0.4801,-0.9292,0.05948,-0.07,0.0064
2026-09-11 19:36:54,715.64,2026-09-11,720.0,4.28,4.39,4.35,13771,5446,,,,,
2026-09-11 19:36:54,715.64,2026-09-11,721.0,5.15,5.42,5.38,3450,1229,,,,,
2026-09-11 19:36:54,715.64,2026-09-11,722.0,6.27,6.54,6.35,2278,727,0.7304,-0.966,0.02178,-0.045,0.0036
2026-09-11 19:37:56,715.68,2026-09-11,709.0,0.03,0.04,0.01,42294,1525,0.7487,-0.0264,0.01764,-0.035,0.0028
2026-09-11 19:37:56,715.68,2026-09-11,710.0,0.03,0.04,0.03,86537,7191,0.6537,-0.0298,0.02232,-0.035,0.0031
2026-09-11 19:37:56,715.68,2026-09-11,711.0,0.03,0.04,0.03,86565,1547,0.5568,-0.0343,0.02944,-0.035,0.0035
2026-09-11 19:37:56,715.68,2026-09-11,712.0,0.01,0.02,0.03,106016,3156,0.3954,-0.022,0.02862,-0.015,0.0024
2026-09-11 19:37:56,715.68,2026-09-11,713.0,0.01,0.02,0.04,164600,1827,0.3029,-0.0278,0.04553,-0.015,0.003
2026-09-11 19:37:56,715.68,2026-09-11,714.0,0.02,0.07,0.05,327331,2784,0.2607,-0.0817,0.12501,-0.045,0.007
2026-09-11 19:37:56,715.68,2026-09-11,715.0,0.09,0.1,0.1,502159,5756,0.1782,-0.2046,0.3434,-0.095,0.0132
2026-09-11 19:37:56,715.68,2026-09-11,716.0,0.45,0.46,0.51,563895,2242,0.1436,-0.6836,0.53428,-0.135,0.0165
2026-09-11 19:37:56,715.68,2026-09-11,717.0,1.31,1.33,1.36,311682,1677,0.1164,-0.9927,0.03754,0.0,0.0009
2026-09-11 19:37:56,715.68,2026-09-11,718.0,2.33,2.36,2.35,73275,5358,0.2967,-0.9537,0.07052,-0.025,0.0045
2026-09-11 19:37:56,715.68,2026-09-11,719.0,3.29,3.52,3.3,16281,2854,0.5091,-0.9194,0.06335,-0.085,0.0069
2026-09-11 19:37:56,715.68,2026-09-11,720.0,4.19,4.45,4.32,13773,5446,0.3349,-0.9972,0.00552,-0.0,0.0004
2026-09-11 19:37:56,715.68,2026-09-11,721.0,5.33,5.42,5.38,3450,1229,0.6701,-0.9557,0.0301,-0.055,0.0043
2026-09-11 19:37:56,715.68,2026-09-11,722.0,6.34,6.52,6.35,2278,727,0.8838,-0.9373,0.0301,-0.11,0.0057
2026-09-11 19:38:57,715.66,2026-09-11,709.0,0.03,0.04,0.03,42305,1525,0.7648,-0.0265,0.01772,-0.035,0.0028
2026-09-11 19:38:57,715.66,2026-09-11,710.0,0.03,0.04,0.02,86546,7191,0.6675,-0.0299,0.02243,-0.035,0.0031
2026-09-11 19:38:57,715.66,2026-09-11,711.0,0.01,0.02,0.02,86570,1547,0.495,-0.0184,0.02012,-0.015,0.002
2026-09-11 19:38:57,715.66,2026-09-11,712.0,0.01,0.02,0.03,106023,3156,0.403,-0.0221,0.02885,-0.015,0.0024
2026-09-11 19:38:57,715.66,2026-09-11,713.0,0.04,0.05,0.04,164628,1827,0.3801,-0.0606,0.06971,-0.045,0.0054
2026-09-11 19:38:57,715.66,2026-09-11,714.0,0.06,0.07,0.06,327663,2784,0.2911,-0.1034,0.13638,-0.065,0.0081
2026-09-11 19:38:57,715.66,2026-09-11,715.0,0.1,0.15,0.15,503095,5756,0.2016,-0.2341,0.33595,-0.125,0.0139
2026-09-11 19:38:57,715.66,2026-09-11,716.0,0.5,0.51,0.51,565266,2242,0.1695,-0.6703,0.47167,-0.165,0.0164
2026-09-11 19:38:57,715.66,2026-09-11,717.0,1.31,1.36,1.36,312018,1677,,,,,
2026-09-11 19:38:57,715.66,2026-09-11,718.0,2.26,2.43,2.38,73297,5358,0.2405,-0.984,0.03682,-0.005,0.0018
2026-09-11 19:38:57,715.66,2026-09-11,719.0,3.28,3.38,3.34,16319,2854,,,,,
2026-09-11 19:38:57,715.66,2026-09-11,720.0,4.34,4.52,4.32,13773,5446,0.6476,-0.9296,0.04598,-0.09,0.0061
2026-09-11 19:38:57,715.66,2026-09-11,721.0,5.16,5.35,5.38,3450,1229,,,,,
2026-09-11 19:38:57,715.66,2026-09-11,722.0,6.27,6.52,6.36,2280,727,0.7903,-0.9609,0.02365,-0.055,0.0038
2026-09-11 19:39:58,715.66,2026-09-11,709.0,0.01,0.02,0.03,42307,1525,0.69,-0.014,0.01169,-0.015,0.0016
2026-09-11 19:39:58,715.66,2026-09-11,710.0,0.03,0.04,0.03,86569,7191,0.6843,-0.0299,0.02243,-0.035,0.003
2026-09-11 19:39:58,715.66,2026-09-11,711.0,0.01,0.02,0.03,86581,1547,0.5074,-0.0184,0.02012,-0.015,0.002
2026-09-11 19:39:58,715.66,2026-09-11,712.0,0.01,0.04,0.01,106063,3156,0.4496,-0.0322,0.0363,-0.025,0.0032
2026-09-11 19:39:58,715.66,2026-09-11,713.0,0.04,0.05,0.02,164651,1827,0.3897,-0.0606,0.06971,-0.045,0.0053
2026-09-11 19:39:58,715.66,2026-09-11,714.0,0.06,0.07,0.06,327841,2784,0.2984,-0.1034,0.13639,-0.065,0.0079
2026-09-11 19:39:58,715.66,2026-09-11,715.0,0.09,0.1,0.13,504625,5756,0.1838,-0.2074,0.35245,-0.095,0.0126
2026-09-11 19:39:58,715.66,2026-09-11,716.0,0.46,0.51,0.46,565987,2242,0.1611,-0.6828,0.50061,-0.145,0.0157
2026-09-11 19:39:58,715.66,2026-09-11,717.0,1.36,1.4,1.32,312132,1677,0.2252,-0.9105,0.16253,-0.04,0.0071
2026-09-11 19:39:58,715.66,2026-09-11,718.0,2.29,2.34,2.34,73392,5358,,,,,
2026-09-11 19:39:58,715.66,2026-09-11,719.0,3.32,3.36,3.25,16326,2854,0.2763,-0.9968,0.0079,-0.0,0.0004
2026-09-11 19:39:58,715.66,2026-09-11,720.0,4.27,4.48,4.32,13773,5446,0.5491,-0.9626,0.03362,-0.035,0.0036
2026-09-11 19:39:58,715.66,2026-09-11,721.0,5.33,5.46,5.29,3458,1229,0.7054,-0.9559,0.02993,-0.055,0.0041
2026-09-11 19:39:58,715.66,2026-09-11,722.0,6.28,6.53,6.25,2282,727,0.8356,-0.9561,0.02517,-0.065,0.0041
2026-09-11 19:41:00,715.74,2026-09-11,709.0,0.03,0.04,0.03,42319,1525,0.8124,-0.0263,0.01743,-0.035,0.0026
2026-09-11 19:41:00,715.74,2026-09-11,710.0,0.01,0.02,0.03,86582,7191,0.6224,-0.0157,0.0147,-0.015,0.0017
2026-09-11 19:41:00,715.74,2026-09-11,711.0,0.01,0.02,0.01,86997,1547,0.528,-0.0182,0.01965,-0.015,0.0019
2026-09-11 19:41:00,715.74,2026-09-11,712.0,0.03,0.04,0.03,106198,3156,0.4987,-0.0403,0.04041,-0.035,0.0037
2026-09-11 19:41:00,715.74,2026-09-11,713.0,0.01,0.05,0.04,165972,1827,0.3761,-0.0451,0.05862,-0.03,0.0041
2026-09-11 19:41:00,715.74,2026-09-11,714.0,0.06,0.07,0.05,328898,2784,0.3163,-0.1006,0.12953,-0.065,0.0076
2026-09-11 19:41:00,715.74,2026-09-11,715.0,0.12,0.13,0.12,506928,5756,0.2253,-0.2235,0.30819,-0.125,0.0129
2026-09-11 19:41:00,715.74,2026-09-11,716.0,0.44,0.45,0.46,568438,2242,0.1715,-0.6395,0.50726,-0.18,0.0161
2026-09-11 19:41:00,715.74,2026-09-11,717.0,1.27,1.31,1.28,312991,1677,0.1981,-0.9306,0.1564,-0.025,0.0057
2026-09-11 19:41:00,715.74,2026-09-11,718.0,2.24,2.3,2.26,73476,5358,0.2454,-0.9838,0.03829,-0.005,0.0017
2026-09-11 19:41:00,715.74,2026-09-11,719.0,3.15,3.31,3.25,16326,2854,,,,,
2026-09-11 19:41:00,715.74,2026-09-11,720.0,4.16,4.39,4.32,13773,5446,0.4593,-0.9842,0.02002,-0.01,0.0017
2026-09-11 19:41:00,715.74,2026-09-11,721.0,5.29,5.41,5.3,3460,1229,0.7813,-0.9403,0.03527,-0.085,0.0051
2026-09-11 19:41:00,715.74,2026-09-11,722.0,6.23,6.41,6.25,2282,727,0.8234,-0.9606,0.02402,-0.055,0.0037
2026-09-11 19:42:03,715.74,2026-09-11,709.0,0.03,0.04,0.01,42319,1525,0.8365,-0.0263,0.01741,-0.035,0.0025
2026-09-11 19:42:03,715.74,2026-09-11,710.0,0.03,0.04,0.03,86608,7191,0.7313,-0.0296,0.02199,-0.035,0.0028
2026-09-11 19:42:03,715.74,2026-09-11,711.0,0.03,0.04,0.01,87019,1547,0.6239,-0.034,0.02892,-0.035,0.0032
2026-09-11 19:42:03,715.74,2026-09-11,712.0,0.01,0.04,0.02,106249,3156,0.4834,-0.0317,0.0352,-0.025,0.003
2026-09-11 19:42:03,715.74,2026-09-11,713.0,0.01,0.05,0.02,166364,1827,0.3876,-0.045,0.05847,-0.03,0.004
2026-09-11 19:42:03,715.74,2026-09-11,714.0,0.01,0.02,0.05,329021,2784,0.2351,-0.0381,0.08417,-0.015,0.0035
2026-09-11 19:42:03,715.74,2026-09-11,715.0,0.06,0.11,0.11,507830,5756,0.1991,-0.1864,0.32216,-0.085,0.0112
2026-09-11 19:42:03,715.74,2026-09-11,716.0,0.43,0.44,0.43,569211,2242,0.1721,-0.6403,0.51973,-0.175,0.0156
2026-09-11 19:42:03,715.74,2026-09-11,717.0,1.23,1.27,1.23,313713,1677,,,,,
2026-09-11 19:42:03,715.74,2026-09-11,718.0,2.19,2.31,2.24,73521,5358,,,,,
2026-09-11 19:42:03,715.74,2026-09-11,719.0,3.22,3.3,3.25,16357,2854,0.2825,-0.997,0.00766,-0.0,0.0004
2026-09-11 19:42:03,715.74,2026-09-11,720.0,4.25,4.27,4.32,13775,5446,0.3595,-0.9976,0.00493,0.0,0.0003
2026-09-11 19:42:03,715.74,2026-09-11,721.0,5.12,5.32,5.3,3460,1229,,,,,
2026-09-11 19:42:03,715.74,2026-09-11,722.0,6.1,6.38,6.25,2285,727,,,,,
2026-09-11 19:43:05,715.77,2026-09-11,709.0,0.01,0.02,0.01,42361,1525,0.7613,-0.0138,0.0114,-0.015,0.0014
2026-09-11 19:43:05,715.77,2026-09-11,710.0,0.03,0.04,0.03,86639,7191,0.7563,-0.0295,0.02182,-0.035,0.0027
2026-09-11 19:43:05,715.77,2026-09-11,711.0,0.03,0.04,0.03,87028,1547,0.6458,-0.0338,0.02866,-0.035,0.0031
2026-09-11 19:43:05,715.77,2026-09-11,712.0,0.01,0.04,0.01,106450,3156,0.5011,-0.0315,0.0348,-0.025,0.0029
2026-09-11 19:43:05,715.77,2026-09-11,713.0,0.04,0.05,0.04,166567,1827,0.4376,-0.0589,0.06611,-0.045,0.0048
2026-09-11 19:43:05,715.77,2026-09-11,714.0,0.05,0.06,0.05,329162,2784,0.3255,-0.0897,0.12259,-0.055,0.0066
2026-09-11 19:43:05,715.77,2026-09-11,715.0,0.04,0.09,0.09,508997,5756,0.1908,-0.1595,0.3135,-0.065,0.0099
2026-09-11 19:43:05,715.77,2026-09-11,716.0,0.31,0.32,0.31,571011,2242,0.1095,-0.6965,0.7857,-0.085,0.0142
2026-09-11 19:43:05,715.77,2026-09-11,717.0,1.1,1.17,1.16,314105,1677,,,,,
2026-09-11 19:43:05,715.77,2026-09-11,718.0,2.07,2.18,2.21,73567,5358,,,,,
2026-09-11 19:43:05,715.77,2026-09-11,719.0,3.16,3.2,3.2,16358,2854,,,,,
2026-09-11 19:43:05,715.77,2026-09-11,720.0,4.17,4.35,4.22,13778,5446,0.5688,-0.9659,0.03273,-0.03,0.0031
2026-09-11 19:43:05,715.77,2026-09-11,721.0,5.06,5.29,5.3,3464,1229,,,,,
2026-09-11 19:43:05,715.77,2026-09-11,722.0,5.98,6.3,6.16,2285,727,,,,,
2026-09-11 19:44:06,715.77,2026-09-11,709.0,0.03,0.04,0.03,42362,1525,0.8921,-0.0262,0.0173,-0.035,0.0024
2026-09-11 19:44:06,715.77,2026-09-11,710.0,0.01,0.02,0.01,86640,7191,0.6841,-0.0156,0.01456,-0.015,0.0015
2026-09-11 19:44:06,715.77,2026-09-11,711.0,0.03,0.04,0.02,87030,1547,0.6663,-0.0338,0.02866,-0.035,0.003
2026-09-11 19:44:06,715.77,2026-09-11,712.0,0.01,0.02,0.02,106983,3156,0.4755,-0.0216,0.02762,-0.015,0.002
2026-09-11 19:44:06,715.77,2026-09-11,713.0,0.04,0.05,0.03,166584,1827,0.4515,-0.0589,0.06611,-0.045,0.0046
2026-09-11 19:44:06,715.77,2026-09-11,714.0,0.04,0.05,0.05,329446,2784,0.3194,-0.0791,0.11723,-0.045,0.0058
2026-09-11 19:44:06,715.77,2026-09-11,715.0,0.09,0.1,0.1,510301,5756,0.2262,-0.193,0.30771,-0.095,0.0108
2026-09-11 19:44:06,715.77,2026-09-11,716.0,0.4,0.41,0.42,572608,2242,0.1754,-0.6298,0.54705,-0.175,0.0149
2026-09-11 19:44:06,715.77,2026-09-11,717.0,1.28,1.29,1.29,314530,1677,0.258,-0.8866,0.18925,-0.055,0.0076
2026-09-11 19:44:06,715.77,2026-09-11,718.0,2.2,2.25,2.26,73609,5358,,,,,
2026-09-11 19:44:06,715.77,2026-09-11,719.0,3.17,3.26,3.24,16359,2854,,,,,
2026-09-11 19:44:06,715.77,2026-09-11,720.0,4.25,4.31,4.27,13780,5446,0.6444,-0.9516,0.03961,-0.05,0.004
2026-09-11 19:44:06,715.77,2026-09-11,721.0,5.11,5.27,5.35,3469,1229,,,,,
2026-09-11 19:44:06,715.77,2026-09-11,722.0,5.98,6.28,6.2,2286,727,,,,,
2026-09-11 19:45:08,715.82,2026-09-11,709.0,0.01,0.02,0.02,42366,1525,0.8172,-0.0137,0.01127,-0.015,0.0013
2026-09-11 19:45:08,715.82,2026-09-11,710.0,0.01,0.04,0.01,86666,7191,0.7691,-0.0228,0.0185,-0.025,0.0021
2026-09-11 19:45:08,715.82,2026-09-11,711.0,0.01,0.02,0.01,87096,1547,0.606,-0.0179,0.01913,-0.015,0.0017
2026-09-11 19:45:08,715.82,2026-09-11,712.0,0.03,0.04,0.03,107024,3156,0.5741,-0.0397,0.03917,-0.035,0.0033
2026-09-11 19:45:08,715.82,2026-09-11,713.0,0.01,0.02,0.03,166597,1827,0.385,-0.0268,0.0423,-0.015,0.0024
2026-09-11 19:45:08,715.82,2026-09-11,714.0,0.04,0.05,0.04,329664,2784,0.3373,-0.0777,0.11324,-0.045,0.0055
2026-09-11 19:45:08,715.82,2026-09-11,715.0,0.04,0.05,0.05,512190,5756,0.1885,-0.126,0.28859,-0.045,0.0079
2026-09-11 19:45:08,715.82,2026-09-11,716.0,0.31,0.36,0.36,574228,2242,0.1545,-0.6195,0.64772,-0.155,0.0145
2026-09-11 19:45:08,715.82,2026-09-11,717.0,1.13,1.23,1.19,314759,1677,0.1227,-0.9942,0.03546,0.0,0.0006
2026-09-11 19:45:08,715.82,2026-09-11,718.0,2.18,2.22,2.25,73623,5358,0.3288,-0.9588,0.07046,-0.02,0.0034
2026-09-11 19:45:08,715.82,2026-09-11,719.0,3.18,3.23,3.24,16359,2854,0.4651,-0.9633,0.04537,-0.025,0.0031
2026-09-11 19:45:08,715.82,2026-09-11,720.0,4.12,4.18,4.27,13790,5446,,,,,
2026-09-11 19:45:08,715.82,2026-09-11,721.0,5.04,5.26,5.37,3469,1229,,,,,
2026-09-11 19:45:08,715.82,2026-09-11,722.0,6.07,6.09,6.2,2286,727,,,,,
2026-09-11 19:46:09,715.87,2026-09-11,709.0,0.01,0.04,0.01,42368,1525,0.9171,-0.0202,0.01447,-0.025,0.0018
2026-09-11 19:46:09,715.87,2026-09-11,710.0,0,0.01,0.01,86666,7191,0.7034,-0.0113,0.01144,-0.01,0.0011
2026-09-11 19:46:09,715.87,2026-09-11,711.0,0.03,0.04,0.03,87149,1547,0.7257,-0.0334,0.02787,-0.035,0.0027
2026-09-11 19:46:09,715.87,2026-09-11,712.0,0.01,0.02,0.01,107029,3156,0.5203,-0.0212,0.02662,-0.015,0.0019
2026-09-11 19:46:09,715.87,2026-09-11,713.0,0.03,0.04,0.02,166633,1827,0.4716,-0.0485,0.05816,-0.035,0.0037
2026-09-11 19:46:09,715.87,2026-09-11,714.0,0.01,0.02,0.04,329763,2784,0.2833,-0.0362,0.07639,-0.015,0.0029
2026-09-11 19:46:09,715.87,2026-09-11,715.0,0.09,0.1,0.06,513080,5756,0.2604,-0.1824,0.27658,-0.095,0.0097
2026-09-11 19:46:09,715.87,2026-09-11,716.0,0.34,0.35,0.31,575584,2242,0.1861,-0.5776,0.57266,-0.21,0.0144
2026-09-11 19:46:09,715.87,2026-09-11,717.0,1.1,1.13,1.09,315037,1677,,,,,
2026-09-11 19:46:09,715.87,2026-09-11,718.0,2.11,2.17,2.07,73649,5358,0.2714,-0.9837,0.04078,-0.005,0.0015
2026-09-11 19:46:09,715.87,2026-09-11,719.0,3.02,3.11,3.24,16359,2854,,,,,
2026-09-11 19:46:09,715.87,2026-09-11,720.0,4.14,4.19,4.2,13790,5446,0.6166,-0.9655,0.03371,-0.03,0.0028
2026-09-11 19:46:09,715.87,2026-09-11,721.0,5.08,5.19,5.37,3469,1229,0.4734,-0.9984,0.00304,0.0,0.0002
2026-09-11 19:46:09,715.87,2026-09-11,722.0,6.1,6.14,6.2,2286,727,,,,,
2026-09-11 19:47:12,715.63,2026-09-11,709.0,0.01,0.02,0.01,42388,1525,0.86,-0.014,0.01177,-0.015,0.0013
2026-09-11 19:47:12,715.63,2026-09-11,710.0,0,0.01,0.02,86671,7191,0.779,-0.0198,0.01746,-0.02,0.0017
2026-09-11 19:47:12,715.63,2026-09-11,711.0,0.01,0.02,0.03,87167,1547,0.6314,-0.0185,0.02032,-0.015,0.0016
2026-09-11 19:47:12,715.63,2026-09-11,712.0,0.01,0.02,0.03,107366,3156,0.5134,-0.0222,0.02921,-0.015,0.0019
2026-09-11 19:47:12,715.63,2026-09-11,713.0,0.03,0.04,0.03,166794,1827,0.4582,-0.0515,0.06527,-0.035,0.0037
2026-09-11 19:47:12,715.63,2026-09-11,714.0,0.01,0.05,0.04,329839,2784,0.3042,-0.0641,0.11682,-0.03,0.0044
2026-09-11 19:47:12,715.63,2026-09-11,715.0,0.09,0.14,0.14,513781,5756,0.2428,-0.2306,0.35484,-0.115,0.0107
2026-09-11 19:47:12,715.63,2026-09-11,716.0,0.52,0.53,0.53,576720,2242,0.2169,-0.685,0.46399,-0.155,0.0125
2026-09-11 19:47:12,715.63,2026-09-11,717.0,1.36,1.39,1.37,315057,1677,0.1934,-0.9774,0.07861,-0.005,0.0019
2026-09-11 19:47:12,715.63,2026-09-11,718.0,2.23,2.46,2.35,73654,5358,,,,,
2026-09-11 19:47:12,715.63,2026-09-11,719.0,3.16,3.35,3.24,16359,2854,,,,,
2026-09-11 19:47:12,715.63,2026-09-11,720.0,4.25,4.42,4.2,13790,5446,,,,,
2026-09-11 19:47:12,715.63,2026-09-11,721.0,5.22,5.38,5.37,3469,1229,,,,,
2026-09-11 19:47:12,715.63,2026-09-11,722.0,6.24,6.47,6.2,2286,727,,,,,
2026-09-11 19:48:14,715.65,2026-09-11,709.0,0.03,0.04,0.01,42389,1525,1.0221,-0.0265,0.01774,-0.035,0.0021
2026-09-11 19:48:14,715.65,2026-09-11,710.0,0,0.03,0.02,86671,7191,0.8152,-0.0197,0.01735,-0.02,0.0016
2026-09-11 19:48:14,715.65,2026-09-11,711.0,0.01,0.02,0.03,87214,1547,0.6613,-0.0184,0.02016,-0.015,0.0015
2026-09-11 19:48:14,715.65,2026-09-11,712.0,0.03,0.04,0.03,107592,3156,0.6227,-0.0409,0.04165,-0.035,0.003
2026-09-11 19:48:14,715.65,2026-09-11,713.0,0.01,0.02,0.02,166818,1827,0.4115,-0.028,0.04616,-0.015,0.0022
2026-09-11 19:48:14,715.65,2026-09-11,714.0,0.04,0.05,0.04,329988,2784,0.3529,-0.0825,0.1274,-0.045,0.0052
2026-09-11 19:48:14,715.65,2026-09-11,715.0,0.09,0.1,0.14,515149,5756,0.2386,-0.2082,0.35499,-0.095,0.0097
2026-09-11 19:48:14,715.65,2026-09-11,716.0,0.45,0.5,0.5,577828,2242,0.1987,-0.6954,0.52037,-0.13,0.0119
2026-09-11 19:48:14,715.65,2026-09-11,717.0,1.32,1.35,1.4,315652,1677,,,,,
2026-09-11 19:48:14,715.65,2026-09-11,718.0,2.32,2.44,2.45,73705,5358,0.4363,-0.9433,0.07711,-0.035,0.0039
2026-09-11 19:48:14,715.65,2026-09-11,719.0,3.25,3.51,3.24,16359,2854,0.5788,-0.9556,0.04789,-0.035,0.0032
2026-09-11 19:48:14,715.65,2026-09-11,720.0,4.29,4.35,4.2,13790,5446,,,,,
2026-09-11 19:48:14,715.65,2026-09-11,721.0,5.24,5.45,5.37,3469,1229,0.5251,-0.9986,0.00254,-0.0,0.0002
2026-09-11 19:48:14,715.65,2026-09-11,722.0,6.22,6.53,6.2,2286,727,0.9524,-0.9748,0.01825,-0.03,0.002
2026-09-11 19:49:15,715.53,2026-09-11,709.0,0.03,0.04,0.01,42394,1525,1.053,-0.0269,0.01824,-0.035,0.002
2026-09-11 19:49:15,715.53,2026-09-11,710.0,0,0.01,0.02,86671,7191,0.8372,-0.0201,0.01794,-0.02,0.0016
2026-09-11 19:49:15,715.53,2026-09-11,711.0,0.01,0.04,0.01,87266,1547,0.733,-0.0275,0.02671,-0.025,0.002
2026-09-11 19:49:15,715.53,2026-09-11,712.0,0.03,0.04,0.03,107646,3156,0.6336,-0.042,0.04371,-0.035,0.0029
2026-09-11 19:49:15,715.53,2026-09-11,713.0,0.01,0.02,0.02,166900,1827,0.4138,-0.029,0.04949,-0.015,0.0021
2026-09-11 19:49:15,715.53,2026-09-11,714.0,0.04,0.05,0.05,330147,2784,0.3482,-0.0867,0.14026,-0.045,0.0051
2026-09-11 19:49:15,715.53,2026-09-11,715.0,0.11,0.12,0.15,515918,5756,0.241,-0.2478,0.40569,-0.115,0.0102
2026-09-11 19:49:15,715.53,2026-09-11,716.0,0.55,0.6,0.55,579171,2242,0.2169,-0.7481,0.45488,-0.105,0.0103
2026-09-11 19:49:15,715.53,2026-09-11,717.0,1.41,1.5,1.42,315743,1677,,,,,
2026-09-11 19:49:15,715.53,2026-09-11,718.0,2.44,2.45,2.43,73736,5358,,,,,
2026-09-11 19:49:15,715.53,2026-09-11,719.0,3.37,3.42,3.24,16359,2854,,,,,
2026-09-11 19:49:15,715.53,2026-09-11,720.0,4.28,4.44,4.2,13790,5446,,,,,
2026-09-11 19:49:15,715.53,2026-09-11,721.0,5.29,5.4,5.37,3469,1229,,,,,
2026-09-11 19:49:15,715.53,2026-09-11,722.0,6.36,6.5,6.2,2286,727,,,,,
2026-09-11 19:50:16,715.25,2026-09-11,709.0,0,0.01,0.01,42479,1525,0.888,-0.0107,0.01036,-0.01,0.0009
2026-09-11 19:50:16,715.25,2026-09-11,710.0,0,0.01,0.02,86707,7191,0.8424,-0.0209,0.01939,-0.02,0.0015
2026-09-11 19:50:16,715.25,2026-09-11,711.0,0.01,0.04,0.01,87266,1547,0.7309,-0.0288,0.0293,-0.025,0.002
2026-09-11 19:50:16,715.25,2026-09-11,712.0,0.01,0.04,0.01,107678,3156,0.5852,-0.0351,0.04298,-0.025,0.0024
2026-09-11 19:50:16,715.25,2026-09-11,713.0,0.01,0.05,0.02,166940,1827,0.45,-0.0516,0.07639,-0.03,0.0033
2026-09-11 19:50:16,715.25,2026-09-11,714.0,0.07,0.08,0.08,330221,2784,0.3654,-0.1325,0.19076,-0.075,0.0066
2026-09-11 19:50:16,715.25,2026-09-11,715.0,0.22,0.27,0.22,517034,5756,0.2905,-0.3893,0.42924,-0.245,0.0118
2026-09-11 19:50:16,715.25,2026-09-11,716.0,0.81,0.92,0.81,581448,2242,0.3077,-0.7855,0.30834,-0.115,0.009
2026-09-11 19:50:16,715.25,2026-09-11,717.0,1.75,1.8,1.78,315848,1677,0.3555,-0.9449,0.1019,-0.025,0.0034
2026-09-11 19:50:16,715.25,2026-09-11,718.0,2.76,2.91,2.71,73804,5358,0.6655,-0.9098,0.0795,-0.085,0.005
2026-09-11 19:50:16,715.25,2026-09-11,719.0,3.64,3.84,3.24,16359,2854,,,,,
2026-09-11 19:50:16,715.25,2026-09-11,720.0,4.76,4.82,4.2,13790,5446,0.8667,-0.962,0.03103,-0.04,0.0025
2026-09-11 19:50:16,715.25,2026-09-11,721.0,5.65,5.83,5.37,3482,1229,,,,,
2026-09-11 19:50:16,715.25,2026-09-11,722.0,6.74,6.86,6.2,2286,727,1.2011,-0.9653,0.02077,-0.05,0.0024
2026-09-11 19:51:18,715.24,2026-09-11,709.0,0,0.03,0.01,42479,1525,0.9375,-0.0107,0.01039,-0.01,0.0008
2026-09-11 19:51:18,715.24,2026-09-11,710.0,0,0.03,0.01,86736,7191,0.805,-0.0123,0.01363,-0.01,0.0009
2026-09-11 19:51:18,715.24,2026-09-11,711.0,0.03,0.04,0.01,87268,1547,0.8181,-0.0368,0.03385,-0.035,0.0023
2026-09-11 19:51:18,715.24,2026-09-11,712.0,0.03,0.04,0.01,107687,3156,0.6572,-0.0446,0.04919,-0.035,0.0027
2026-09-11 19:51:18,715.24,2026-09-11,713.0,0.01,0.02,0.02,166951,1827,0.4158,-0.0317,0.05894,-0.015,0.0021
2026-09-11 19:51:18,715.24,2026-09-11,714.0,0.06,0.07,0.04,330278,2784,0.3677,-0.1228,0.19,-0.065,0.0059
2026-09-11 19:51:18,715.24,2026-09-11,715.0,0.23,0.24,0.19,518492,5756,0.2946,-0.3893,0.4474,-0.235,0.0112
2026-09-11 19:51:18,715.24,2026-09-11,716.0,0.81,0.84,0.8,582152,2242,0.2641,-0.8383,0.31889,-0.065,0.0071
2026-09-11 19:51:18,715.24,2026-09-11,717.0,1.66,1.75,1.67,316002,1677,,,,,
2026-09-11 19:51:18,715.24,2026-09-11,718.0,2.57,2.8,2.57,73815,5358,,,,,
2026-09-11 19:51:18,715.24,2026-09-11,719.0,3.58,3.77,3.24,16359,2854,,,,,
2026-09-11 19:51:18,715.24,2026-09-11,720.0,4.65,4.8,4.57,13795,5446,,,,,
2026-09-11 19:51:18,715.24,2026-09-11,721.0,5.63,5.75,5.72,3482,1229,,,,,
2026-09-11 19:51:18,715.24,2026-09-11,722.0,6.5,6.95,6.2,2286,727,,,,,
2026-09-11 19:52:21,715.24,2026-09-11,709.0,0,0.03,0.01,42479,1525,0.9998,-0.0107,0.01039,-0.01,0.0008
2026-09-11 19:52:21,715.24,2026-09-11,710.0,0,0.01,0.01,86758,7191,0.8585,-0.0123,0.01363,-0.01,0.0009
2026-09-11 19:52:21,715.24,2026-09-11,711.0,0.03,0.04,0.01,87280,1547,0.8724,-0.0368,0.03385,-0.035,0.0022
2026-09-11 19:52:21,715.24,2026-09-11,712.0,0.03,0.04,0.03,107700,3156,0.7008,-0.0446,0.04919,-0.035,0.0026
2026-09-11 19:52:21,715.24,2026-09-11,713.0,0.03,0.04,0.03,166976,1827,0.5221,-0.0574,0.08083,-0.035,0.0031
2026-09-11 19:52:21,715.24,2026-09-11,714.0,0.06,0.07,0.04,330405,2784,0.3922,-0.1228,0.19001,-0.065,0.0055
2026-09-11 19:52:21,715.24,2026-09-11,715.0,0.23,0.24,0.22,519181,5756,0.3142,-0.3893,0.44744,-0.235,0.0105
2026-09-11 19:52:21,715.24,2026-09-11,716.0,0.85,0.87,0.85,582913,2242,0.3302,-0.8001,0.31065,-0.1,0.0076
2026-09-11 19:52:21,715.24,2026-09-11,717.0,1.64,1.83,1.69,316065,1677,,,,,
2026-09-11 19:52:21,715.24,2026-09-11,718.0,2.61,2.86,2.64,73853,5358,,,,,
2026-09-11 19:52:21,715.24,2026-09-11,719.0,3.63,3.86,3.61,16360,2854,,,,,
2026-09-11 19:52:21,715.24,2026-09-11,720.0,4.61,4.79,4.6,13795,5446,,,,,
2026-09-11 19:52:21,715.24,2026-09-11,721.0,5.7,5.9,5.72,3482,1229,1.1431,-0.9669,0.02366,-0.04,0.002
2026-09-11 19:52:21,715.24,2026-09-11,722.0,6.5,6.85,6.2,2286,727,,,,,
2026-09-11 19:53:22,715.44,2026-09-11,709.0,0,0.03,0.01,42579,1525,1.1039,-0.0105,0.00989,-0.01,0.0007
2026-09-11 19:53:22,715.44,2026-09-11,710.0,0,0.03,0.01,86859,7191,0.9526,-0.0119,0.01286,-0.01,0.0008
2026-09-11 19:53:22,715.44,2026-09-11,711.0,0.03,0.04,0.01,87381,1547,0.9732,-0.0356,0.03173,-0.035,0.002
2026-09-11 19:53:22,715.44,2026-09-11,712.0,0.03,0.04,0.03,107761,3156,0.7901,-0.0427,0.0453,-0.035,0.0023
2026-09-11 19:53:22,715.44,2026-09-11,713.0,0.01,0.02,0.03,167124,1827,0.5113,-0.0298,0.05215,-0.015,0.0017
2026-09-11 19:53:22,715.44,2026-09-11,714.0,0.04,0.05,0.04,330559,2784,0.4238,-0.0901,0.15098,-0.045,0.0041
2026-09-11 19:53:22,715.44,2026-09-11,715.0,0.14,0.15,0.11,519728,5756,0.3138,-0.29,0.42954,-0.145,0.0087
2026-09-11 19:53:22,715.44,2026-09-11,716.0,0.58,0.67,0.62,584211,2242,0.249,-0.8116,0.42674,-0.065,0.0069
2026-09-11 19:53:22,715.44,2026-09-11,717.0,1.51,1.57,1.47,316104,1677,,,,,
2026-09-11 19:53:22,715.44,2026-09-11,718.0,2.42,2.74,2.43,73857,5358,0.5593,-0.9639,0.05582,-0.02,0.002
2026-09-11 19:53:22,715.44,2026-09-11,719.0,3.51,3.69,3.61,16401,2854,0.831,-0.9536,0.04602,-0.04,0.0025
2026-09-11 19:53:22,715.44,2026-09-11,720.0,4.48,4.77,4.6,13795,5446,1.1154,-0.9455,0.03901,-0.065,0.0028
2026-09-11 19:53:22,715.44,2026-09-11,721.0,5.51,5.69,5.72,3482,1229,1.1925,-0.9661,0.02485,-0.04,0.0019
2026-09-11 19:53:22,715.44,2026-09-11,722.0,6.51,6.61,6.2,2286,727,0.8053,-0.9993,0.0012,-0.0,0.0001
2026-09-11 19:54:23,715.55,2026-09-11,709.0,0,0.03,0.01,42579,1525,1.218,-0.0103,0.00963,-0.01,0.0006
2026-09-11 19:54:23,715.55,2026-09-11,710.0,0,0.01,0.01,86863,7191,1.0539,-0.0118,0.01247,-0.01,0.0007
2026-09-11 19:54:23,715.55,2026-09-11,711.0,0,0.03,0.02,87443,1547,0.9823,-0.0233,0.02397,-0.02,0.0013
2026-09-11 19:54:23,715.55,2026-09-11,712.0,0.01,0.02,0.03,107798,3156,0.7611,-0.0226,0.0302,-0.015,0.0013
2026-09-11 19:54:23,715.55,2026-09-11,713.0,0.01,0.04,0.02,167131,1827,0.6319,-0.0417,0.06034,-0.025,0.0021
2026-09-11 19:54:23,715.55,2026-09-11,714.0,0.01,0.05,0.02,330586,2784,0.4419,-0.0663,0.1247,-0.03,0.003
2026-09-11 19:54:23,715.55,2026-09-11,715.0,0.1,0.11,0.11,520001,5756,0.3265,-0.2351,0.40291,-0.105,0.0072
2026-09-11 19:54:23,715.55,2026-09-11,716.0,0.5,0.54,0.51,584723,2242,0.2446,-0.7842,0.51252,-0.07,0.0068
2026-09-11 19:54:23,715.55,2026-09-11,717.0,1.4,1.52,1.39,316134,1677,0.3378,-0.9667,0.09399,-0.01,0.0017
2026-09-11 19:54:23,715.55,2026-09-11,718.0,2.33,2.51,2.38,73900,5358,,,,,
2026-09-11 19:54:23,715.55,2026-09-11,719.0,3.37,3.49,3.4,16402,2854,,,,,
2026-09-11 19:54:23,715.55,2026-09-11,720.0,4.35,4.5,4.6,13795,5446,,,,,
2026-09-11 19:54:23,715.55,2026-09-11,721.0,5.22,5.61,5.72,3483,1229,,,,,
2026-09-11 19:54:23,715.55,2026-09-11,722.0,6.28,6.49,6.2,2286,727,,,,,
2026-09-11 19:55:25,715.22,2026-09-11,709.0,0,0.01,0.01,42616,1525,1.2871,-0.0108,0.01045,-0.01,0.0006
2026-09-11 19:55:25,715.22,2026-09-11,710.0,0,0.01,0.01,86894,7191,1.1045,-0.0124,0.01373,-0.01,0.0007
2026-09-11 19:55:25,715.22,2026-09-11,711.0,0,0.01,0.02,87444,1547,1.019,-0.0246,0.02682,-0.02,0.0012
2026-09-11 19:55:25,715.22,2026-09-11,712.0,0.03,0.04,0.03,107845,3156,0.8998,-0.0448,0.04972,-0.035,0.002
2026-09-11 19:55:25,715.22,2026-09-11,713.0,0.01,0.02,0.03,167141,1827,0.5676,-0.032,0.0599,-0.015,0.0015
2026-09-11 19:55:25,715.22,2026-09-11,714.0,0.04,0.05,0.04,331205,2784,0.4498,-0.1,0.18483,-0.045,0.0037
2026-09-11 19:55:25,715.22,2026-09-11,715.0,0.14,0.15,0.14,521005,5756,0.2817,-0.3585,0.62808,-0.145,0.0079
2026-09-11 19:55:25,715.22,2026-09-11,716.0,0.75,0.86,0.75,586001,2242,0.2644,-0.9199,0.26653,-0.02,0.0031
2026-09-11 19:55:25,715.22,2026-09-11,717.0,1.75,1.78,1.76,316320,1677,,,,,
2026-09-11 19:55:25,715.22,2026-09-11,718.0,2.67,2.92,2.67,73920,5358,0.6439,-0.9795,0.03639,-0.01,0.001
2026-09-11 19:55:25,715.22,2026-09-11,719.0,3.59,3.85,3.6,16411,2854,,,,,
2026-09-11 19:55:25,715.22,2026-09-11,720.0,4.68,4.85,4.6,13796,5446,,,,,
2026-09-11 19:55:25,715.22,2026-09-11,721.0,5.68,5.93,5.32,3498,1229,1.3245,-0.9802,0.01716,-0.02,0.001
2026-09-11 19:55:25,715.22,2026-09-11,722.0,6.54,6.83,6.2,2286,727,,,,,
2026-09-11 19:56:26,715.32,2026-09-11,709.0,0,0.01,0.01,42640,1525,1.4812,-0.0106,0.0102,-0.01,0.0005
2026-09-11 19:56:26,715.32,2026-09-11,710.0,0,0.01,0.01,86915,7191,1.2743,-0.0122,0.01333,-0.01,0.0006
2026-09-11 19:56:26,715.32,2026-09-11,711.0,0,0.03,0.01,87759,1547,1.0636,-0.0143,0.01838,-0.01,0.0007
2026-09-11 19:56:26,715.32,2026-09-11,712.0,0.03,0.04,0.01,107857,3156,1.0467,-0.0439,0.04767,-0.035,0.0017
2026-09-11 19:56:26,715.32,2026-09-11,713.0,0.01,0.02,0.03,167245,1827,0.6681,-0.031,0.05624,-0.015,0.0013
2026-09-11 19:56:26,715.32,2026-09-11,714.0,0.04,0.05,0.05,332980,2784,0.5409,-0.0953,0.16835,-0.045,0.0032
2026-09-11 19:56:26,715.32,2026-09-11,715.0,0.09,0.14,0.14,522677,5756,0.324,-0.3003,0.57705,-0.115,0.0065
2026-09-11 19:56:26,715.32,2026-09-11,716.0,0.69,0.74,0.69,586723,2242,0.3015,-0.8887,0.33799,-0.03,0.0035
2026-09-11 19:56:26,715.32,2026-09-11,717.0,1.65,1.7,1.65,316530,1677,,,,,
2026-09-11 19:56:26,715.32,2026-09-11,718.0,2.62,2.84,2.63,73927,5358,0.929,-0.9393,0.06952,-0.045,0.0022
2026-09-11 19:56:26,715.32,2026-09-11,719.0,3.56,3.75,3.66,16414,2854,,,,,
2026-09-11 19:56:26,715.32,2026-09-11,720.0,4.66,4.76,4.55,13806,5446,1.3037,-0.9728,0.02587,-0.025,0.0012
2026-09-11 19:56:26,715.32,2026-09-11,721.0,5.55,5.83,5.32,3498,1229,1.2362,-0.9931,0.00841,-0.005,0.0004
2026-09-11 19:56:26,715.32,2026-09-11,722.0,6.66,6.83,6.2,2286,727,2.0336,-0.9604,0.02257,-0.06,0.0016
2026-09-11 19:57:30,715.39,2026-09-11,709.0,0,0.03,0.01,42663,1525,1.7862,-0.0105,0.01,-0.01,0.0004
2026-09-11 19:57:30,715.39,2026-09-11,710.0,0,0.03,0.01,86916,7191,1.5397,-0.012,0.01303,-0.01,0.0005
2026-09-11 19:57:30,715.39,2026-09-11,711.0,0,0.01,0.01,87808,1547,1.2888,-0.0141,0.01787,-0.01,0.0006
2026-09-11 19:57:30,715.39,2026-09-11,712.0,0.01,0.04,0.03,107947,3156,1.1959,-0.034,0.04041,-0.025,0.0012
2026-09-11 19:57:30,715.39,2026-09-11,713.0,0.03,0.04,0.03,167288,1827,0.9624,-0.0549,0.07399,-0.035,0.0017
2026-09-11 19:57:30,715.39,2026-09-11,714.0,0.01,0.05,0.04,333141,2784,0.61,-0.071,0.1427,-0.03,0.0021
2026-09-11 19:57:30,715.39,2026-09-11,715.0,0.09,0.1,0.09,523823,5756,0.3909,-0.2583,0.53013,-0.095,0.005
2026-09-11 19:57:30,715.39,2026-09-11,716.0,0.6,0.64,0.64,589122,2242,0.2738,-0.9215,0.34315,-0.015,0.0023
2026-09-11 19:57:30,715.39,2026-09-11,717.0,1.56,1.68,1.56,316635,1677,0.5895,-0.9593,0.09506,-0.015,0.0014
2026-09-11 19:57:30,715.39,2026-09-11,718.0,2.55,2.64,2.57,73943,5358,,,,,
2026-09-11 19:57:30,715.39,2026-09-11,719.0,3.49,3.66,3.61,16424,2854,,,,,
2026-09-11 19:57:30,715.39,2026-09-11,720.0,4.45,4.71,4.46,13808,5446,,,,,
2026-09-11 19:57:30,715.39,2026-09-11,721.0,5.56,5.72,5.32,3498,1229,1.9077,-0.9695,0.02316,-0.035,0.0011
2026-09-11 19:57:30,715.39,2026-09-11,722.0,6.58,6.84,6.2,2286,727,2.6856,-0.9414,0.02793,-0.105,0.0018
2026-09-11 19:58:31,715.18,2026-09-11,709.0,0,0.03,0.01,42666,1525,2.2571,-0.0108,0.01055,-0.01,0.0003
2026-09-11 19:58:31,715.18,2026-09-11,710.0,0,0.01,0.01,87283,7191,1.935,-0.0124,0.01388,-0.01,0.0004
2026-09-11 19:58:31,715.18,2026-09-11,711.0,0,0.03,0.01,87897,1547,1.6069,-0.0147,0.0193,-0.01,0.0004
2026-09-11 19:58:31,715.18,2026-09-11,712.0,0.01,0.04,0.01,107969,3156,1.4754,-0.0356,0.04433,-0.025,0.0009
2026-09-11 19:58:31,715.18,2026-09-11,713.0,0.03,0.04,0.03,167686,1827,1.1634,-0.0585,0.0838,-0.035,0.0014
2026-09-11 19:58:31,715.18,2026-09-11,714.0,0.01,0.05,0.04,333398,2784,0.699,-0.0792,0.17608,-0.03,0.0018
2026-09-11 19:58:31,715.18,2026-09-11,715.0,0.11,0.16,0.12,525088,5756,0.4458,-0.3678,0.70558,-0.135,0.0045
2026-09-11 19:58:31,715.18,2026-09-11,716.0,0.8,0.84,0.8,590529,2242,0.2243,-0.9989,0.01424,0.0,0.0
2026-09-11 19:58:31,715.18,2026-09-11,717.0,1.76,1.79,1.77,317079,1677,,,,,
2026-09-11 19:58:31,715.18,2026-09-11,718.0,2.63,2.84,2.67,73952,5358,,,,,
2026-09-11 19:58:31,715.18,2026-09-11,719.0,3.57,3.81,3.54,16435,2854,,,,,
2026-09-11 19:58:31,715.18,2026-09-11,720.0,4.7,4.81,4.68,13819,5446,,,,,
2026-09-11 19:58:31,715.18,2026-09-11,721.0,5.55,5.85,5.32,3498,1229,,,,,
2026-09-11 19:58:31,715.18,2026-09-11,722.0,6.48,6.85,6.2,2286,727,,,,,
2026-09-11 19:59:32,714.82,2026-09-11,708.0,0,0.03,0.01,30310,3798,2.9901,-0.01,0.00904,-0.01,0.0003
2026-09-11 19:59:32,714.82,2026-09-11,709.0,0,0.03,0.01,42695,1525,2.6027,-0.0113,0.01158,-0.01,0.0003
2026-09-11 19:59:32,714.82,2026-09-11,710.0,0,0.01,0.01,87529,7191,2.2089,-0.0131,0.01551,-0.01,0.0003
2026-09-11 19:59:32,714.82,2026-09-11,711.0,0,0.03,0.01,87898,1547,1.8069,-0.0157,0.02214,-0.01,0.0004
2026-09-11 19:59:32,714.82,2026-09-11,712.0,0.03,0.04,0.01,107969,3156,1.7342,-0.0491,0.05944,-0.035,0.001
2026-09-11 19:59:32,714.82,2026-09-11,713.0,0.03,0.04,0.02,167931,1827,1.2278,-0.066,0.10599,-0.035,0.0013
2026-09-11 19:59:32,714.82,2026-09-11,714.0,0.01,0.02,0.02,333628,2784,0.5467,-0.0639,0.23218,-0.015,0.0012
2026-09-11 19:59:32,714.82,2026-09-11,715.0,0.29,0.3,0.25,527687,5756,0.4874,-0.6458,0.77405,-0.115,0.0037
2026-09-11 19:59:32,714.82,2026-09-11,716.0,1.05,1.2,1.05,591467,2242,,,,,
2026-09-11 19:59:32,714.82,2026-09-11,717.0,1.97,2.18,2.02,317185,1677,,,,,
2026-09-11 19:59:32,714.82,2026-09-11,718.0,3.01,3.16,2.93,73969,5358,,,,,
2026-09-11 19:59:32,714.82,2026-09-11,719.0,3.96,4.2,3.93,16446,2854,,,,,
2026-09-11 19:59:32,714.82,2026-09-11,720.0,5.06,5.3,4.82,13821,5446,1.4583,-0.9998,0.00044,-0.0,0.0
2026-09-11 19:59:32,714.82,2026-09-11,721.0,5.94,6.13,5.32,3498,1229,,,,,
2026-09-11 20:00:34,714.89,2026-09-11,708.0,0,0.03,0.01,30422,3798,3.0167,-0.0099,0.00889,-0.01,0.0003
2026-09-11 20:00:34,714.89,2026-09-11,709.0,0,0.01,0.01,43132,1525,2.6297,-0.0112,0.01137,-0.01,0.0003
2026-09-11 20:00:34,714.89,2026-09-11,710.0,0,0.01,0.01,88970,7191,2.2364,-0.013,0.01517,-0.01,0.0003
2026-09-11 20:00:34,714.89,2026-09-11,711.0,0,0.03,0.01,88509,1547,1.8351,-0.0155,0.02154,-0.01,0.0004
2026-09-11 20:00:34,714.89,2026-09-11,712.0,0.03,0.04,0.03,108873,3156,1.7684,-0.0483,0.0575,-0.035,0.001
2026-09-11 20:00:34,714.89,2026-09-11,713.0,0,0.03,0.01,169258,1827,0.9943,-0.0267,0.06307,-0.01,0.0006
2026-09-11 20:00:34,714.89,2026-09-11,714.0,0.01,0.02,0.03,336017,2784,0.5827,-0.0605,0.20872,-0.015,0.0012
2026-09-11 20:00:34,714.89,2026-09-11,715.0,0.29,0.3,0.27,537636,5756,0.5998,-0.5736,0.66304,-0.185,0.0039
2026-09-11 20:00:34,714.89,2026-09-11,716.0,1.07,1.19,1.07,596250,2242,0.7368,-0.9365,0.1714,-0.02,0.0012
2026-09-11 20:00:34,714.89,2026-09-11,717.0,2.08,2.23,2.11,317820,1677,1.4537,-0.9291,0.09464,-0.045,0.0013
2026-09-11 20:00:34,714.89,2026-09-11,718.0,2.94,3.27,2.92,74133,5358,,,,,
2026-09-11 20:00:34,714.89,2026-09-11,719.0,3.88,4.29,4.019,16596,2854,,,,,
2026-09-11 20:00:34,714.89,2026-09-11,720.0,4.75,5.21,4.89,13889,5446,,,,,
2026-09-11 20:00:34,714.89,2026-09-11,721.0,5.81,6.32,6.06,3500,1229,,,,,
2026-09-11 20:01:35,714.94,2026-09-11,708.0,0,0.03,0.01,30510,3798,3.0357,-0.0099,0.00879,-0.01,0.0003
2026-09-11 20:01:35,714.94,2026-09-11,709.0,0,0.01,0.01,43197,1525,2.649,-0.0112,0.01122,-0.01,0.0003
2026-09-11 20:01:35,714.94,2026-09-11,710.0,0,0.01,0.01,88984,7191,2.2561,-0.0129,0.01493,-0.01,0.0003
2026-09-11 20:01:35,714.94,2026-09-11,711.0,0,0.03,0.01,88533,1547,1.8553,-0.0154,0.02112,-0.01,0.0004
2026-09-11 20:01:35,714.94,2026-09-11,712.0,0.03,0.04,0.03,108878,3156,1.7928,-0.0477,0.05617,-0.035,0.001
2026-09-11 20:01:35,714.94,2026-09-11,713.0,0,0.03,0.01,169431,1827,1.0162,-0.0262,0.06072,-0.01,0.0006
2026-09-11 20:01:35,714.94,2026-09-11,714.0,0.01,0.02,0.03,343140,2784,0.6082,-0.0583,0.1943,-0.015,0.0011
2026-09-11 20:01:35,714.94,2026-09-11,715.0,0.29,0.3,0.15,538070,5756,0.6709,-0.5359,0.60056,-0.235,0.0039
2026-09-11 20:01:35,714.94,2026-09-11,716.0,1.07,1.19,0.93,597462,2242,0.9945,-0.8598,0.2272,-0.07,0.0022
2026-09-11 20:01:35,714.94,2026-09-11,717.0,2.08,2.23,1.98,318436,1677,1.7317,-0.8856,0.11326,-0.095,0.0019
2026-09-11 20:01:35,714.94,2026-09-11,718.0,2.94,3.27,2.97,74238,5358,1.9407,-0.9445,0.05851,-0.045,0.0011
2026-09-11 20:01:35,714.94,2026-09-11,719.0,3.88,4.29,3.98,16640,2854,2.1825,-0.9699,0.03169,-0.025,0.0007
2026-09-11 20:01:35,714.94,2026-09-11,720.0,4.75,5.21,4.97,13981,5446,,,,,
2026-09-11 20:01:35,714.94,2026-09-11,721.0,5.81,6.32,6.07,3507,1229,2.4591,-0.9936,0.00747,-0.005,0.0002
2026-09-11 20:02:38,714.94,2026-09-11,708.0,0,0.03,0.01,30530,3798,3.0357,-0.0099,0.00879,-0.01,0.0003
2026-09-11 20:02:38,714.94,2026-09-11,709.0,0,0.01,0.01,43207,1525,2.649,-0.0112,0.01122,-0.01,0.0003
2026-09-11 20:02:38,714.94,2026-09-11,710.0,0,0.01,0.01,88988,7191,2.2561,-0.0129,0.01493,-0.01,0.0003
2026-09-11 20:02:38,714.94,2026-09-11,711.0,0,0.03,0.02,88533,1547,2.0615,-0.0259,0.02961,-0.02,0.0006
2026-09-11 20:02:38,714.94,2026-09-11,712.0,0.03,0.04,0.03,108883,3156,1.7928,-0.0477,0.05617,-0.035,0.001
2026-09-11 20:02:38,714.94,2026-09-11,713.0,0,0.03,0.01,169447,1827,1.0162,-0.0262,0.06072,-0.01,0.0006
2026-09-11 20:02:38,714.94,2026-09-11,714.0,0.01,0.02,0.02,343302,2784,0.6082,-0.0583,0.1943,-0.015,0.0011
2026-09-11 20:02:38,714.94,2026-09-11,715.0,0.29,0.3,0.17,538689,5756,0.6709,-0.5359,0.60056,-0.235,0.0039
2026-09-11 20:02:38,714.94,2026-09-11,716.0,1.07,1.19,1.01,598143,2242,0.9945,-0.8598,0.2272,-0.07,0.0022
2026-09-11 20:02:38,714.94,2026-09-11,717.0,2.08,2.23,1.98,318531,1677,1.7317,-0.8856,0.11326,-0.095,0.0019
2026-09-11 20:02:38,714.94,2026-09-11,718.0,2.94,3.27,3.03,74318,5358,1.9407,-0.9445,0.05851,-0.045,0.0011
2026-09-11 20:02:38,714.94,2026-09-11,719.0,3.88,4.29,3.98,16640,2854,2.1825,-0.9699,0.03169,-0.025,0.0007
2026-09-11 20:02:38,714.94,2026-09-11,720.0,4.75,5.21,4.99,13988,5446,,,,,
2026-09-11 20:02:38,714.94,2026-09-11,721.0,5.81,6.32,6.07,3507,1229,2.4591,-0.9936,0.00747,-0.005,0.0002
2026-09-11 20:03:39,714.94,2026-09-11,708.0,0,0.03,0.01,30673,3798,3.0357,-0.0099,0.00879,-0.01,0.0003
2026-09-11 20:03:39,714.94,2026-09-11,709.0,0,0.01,0.01,43257,1525,2.649,-0.0112,0.01122,-0.01,0.0003
2026-09-11 20:03:39,714.94,2026-09-11,710.0,0,0.01,0.01,89014,7191,2.2561,-0.0129,0.01493,-0.01,0.0003
2026-09-11 20:03:39,714.94,2026-09-11,711.0,0,0.03,0.01,88538,1547,1.8553,-0.0154,0.02112,-0.01,0.0004
2026-09-11 20:03:39,714.94,2026-09-11,712.0,0.03,0.04,0.03,108985,3156,1.7928,-0.0477,0.05617,-0.035,0.001
2026-09-11 20:03:39,714.94,2026-09-11,713.0,0,0.03,0.01,169464,1827,1.0162,-0.0262,0.06072,-0.01,0.0006
2026-09-11 20:03:39,714.94,2026-09-11,714.0,0.01,0.02,0.03,343410,2784,0.6082,-0.0583,0.1943,-0.015,0.0011
2026-09-11 20:03:39,714.94,2026-09-11,715.0,0.29,0.3,0.24,545035,5756,0.6709,-0.5359,0.60056,-0.235,0.0039
2026-09-11 20:03:39,714.94,2026-09-11,716.0,1.07,1.19,0.98,598945,2242,0.9945,-0.8598,0.2272,-0.07,0.0022
2026-09-11 20:03:39,714.94,2026-09-11,717.0,2.08,2.23,2.02,318698,1677,1.7317,-0.8856,0.11326,-0.095,0.0019
2026-09-11 20:03:39,714.94,2026-09-11,718.0,2.94,3.27,2.98,74349,5358,1.9407,-0.9445,0.05851,-0.045,0.0011
2026-09-11 20:03:39,714.94,2026-09-11,719.0,3.88,4.29,4.03,16655,2854,2.1825,-0.9699,0.03169,-0.025,0.0007
2026-09-11 20:03:39,714.94,2026-09-11,720.0,4.75,5.21,5.03,14029,5446,,,,,
2026-09-11 20:03:39,714.94,2026-09-11,721.0,5.81,6.32,6.07,3507,1229,2.4591,-0.9936,0.00747,-0.005,0.0002
2026-09-11 20:04:40,714.88,2026-09-11,708.0,0,0.03,0.01,30674,3798,3.0129,-0.0099,0.00891,-0.01,0.0003
2026-09-11 20:04:40,714.88,2026-09-11,709.0,0,0.01,0.01,43296,1525,2.6259,-0.0112,0.0114,-0.01,0.0003
2026-09-11 20:04:40,714.88,2026-09-11,710.0,0,0.01,0.01,89015,7191,2.2325,-0.013,0.01522,-0.01,0.0003
2026-09-11 20:04:40,714.88,2026-09-11,711.0,0,0.03,0.01,88538,1547,1.8311,-0.0155,0.02162,-0.01,0.0004
2026-09-11 20:04:40,714.88,2026-09-11,712.0,0.03,0.04,0.03,109013,3156,1.7635,-0.0484,0.05777,-0.035,0.001
2026-09-11 20:04:40,714.88,2026-09-11,713.0,0,0.03,0.01,169546,1827,0.9899,-0.0268,0.06355,-0.01,0.0006
2026-09-11 20:04:40,714.88,2026-09-11,714.0,0.01,0.02,0.02,343552,2784,0.5776,-0.061,0.21183,-0.015,0.0012
2026-09-11 20:04:40,714.88,2026-09-11,715.0,0.29,0.3,0.22,545343,5756,0.5848,-0.5822,0.67708,-0.175,0.0038
2026-09-11 20:04:40,714.88,2026-09-11,716.0,1.07,1.19,1.02,600235,2242,0.645,-0.9607,0.13353,-0.01,0.0008
2026-09-11 20:04:40,714.88,2026-09-11,717.0,2.08,2.23,1.98,318888,1677,1.3793,-0.9401,0.08749,-0.035,0.0012
2026-09-11 20:04:40,714.88,2026-09-11,718.0,2.94,3.27,3.04,74358,5358,,,,,
2026-09-11 20:04:40,714.88,2026-09-11,719.0,3.88,4.29,3.93,16663,2854,,,,,
2026-09-11 20:04:40,714.88,2026-09-11,720.0,4.75,5.21,4.91,14030,5446,,,,,
2026-09-11 20:04:40,714.88,2026-09-11,721.0,5.81,6.32,6.07,3507,1229,,,,,
2026-09-11 20:05:42,714.94,2026-09-11,708.0,0,0.03,0.01,30680,3798,3.0357,-0.0099,0.00879,-0.01,0.0003
2026-09-11 20:05:42,714.94,2026-09-11,709.0,0,0.01,0.01,43316,1525,2.649,-0.0112,0.01122,-0.01,0.0003
2026-09-11 20:05:42,714.94,2026-09-11,710.0,0,0.01,0.01,89097,7191,2.2561,-0.0129,0.01493,-0.01,0.0003
2026-09-11 20:05:42,714.94,2026-09-11,711.0,0,0.03,0.01,89579,1547,1.8553,-0.0154,0.02112,-0.01,0.0004
2026-09-11 20:05:42,714.94,2026-09-11,712.0,0.03,0.04,0.03,109106,3156,1.7928,-0.0477,0.05617,-0.035,0.001
2026-09-11 20:05:42,714.94,2026-09-11,713.0,0,0.03,0.01,169651,1827,1.0162,-0.0262,0.06072,-0.01,0.0006
2026-09-11 20:05:42,714.94,2026-09-11,714.0,0.01,0.02,0.04,344029,2784,0.6082,-0.0583,0.1943,-0.015,0.0011
2026-09-11 20:05:42,714.94,2026-09-11,715.0,0.29,0.3,0.18,549059,5756,0.6709,-0.5359,0.60056,-0.235,0.0039
2026-09-11 20:05:42,714.94,2026-09-11,716.0,1.07,1.19,0.98,603205,2242,0.9945,-0.8598,0.2272,-0.07,0.0022
2026-09-11 20:05:42,714.94,2026-09-11,717.0,2.08,2.23,2.09,319521,1677,1.7317,-0.8856,0.11326,-0.095,0.0019
2026-09-11 20:05:42,714.94,2026-09-11,718.0,2.94,3.27,3.03,74415,5358,1.9407,-0.9445,0.05851,-0.045,0.0011
2026-09-11 20:05:42,714.94,2026-09-11,719.0,3.88,4.29,3.96,16673,2854,2.1825,-0.9699,0.03169,-0.025,0.0007
2026-09-11 20:05:42,714.94,2026-09-11,720.0,4.75,5.21,5.05,14040,5446,,,,,
2026-09-11 20:05:42,714.94,2026-09-11,721.0,5.81,6.32,6.07,3507,1229,2.4591,-0.9936,0.00747,-0.005,0.0002
2026-09-11 20:06:43,714.91,2026-09-11,708.0,0,0.03,0.01,30716,3798,3.0243,-0.0099,0.00885,-0.01,0.0003
2026-09-11 20:06:43,714.91,2026-09-11,709.0,0,0.01,0.01,43317,1525,2.6374,-0.0112,0.01131,-0.01,0.0003
2026-09-11 20:06:43,714.91,2026-09-11,710.0,0,0.01,0.01,89121,7191,2.2443,-0.0129,0.01507,-0.01,0.0003
2026-09-11 20:06:43,714.91,2026-09-11,711.0,0,0.03,0.01,89606,1547,1.8432,-0.0154,0.02137,-0.01,0.0004
2026-09-11 20:06:43,714.91,2026-09-11,712.0,0.03,0.04,0.03,109221,3156,1.7781,-0.048,0.05696,-0.035,0.001
2026-09-11 20:06:43,714.91,2026-09-11,713.0,0,0.03,0.01,169701,1827,1.003,-0.0265,0.06211,-0.01,0.0006
2026-09-11 20:06:43,714.91,2026-09-11,714.0,0.01,0.02,0.04,344416,2784,0.5929,-0.0596,0.20274,-0.015,0.0012
2026-09-11 20:06:43,714.91,2026-09-11,715.0,0.29,0.3,0.2,550618,5756,0.6289,-0.5575,0.63658,-0.205,0.0039
2026-09-11 20:06:43,714.91,2026-09-11,716.0,1.07,1.19,0.98,604051,2242,0.8606,-0.9002,0.20648,-0.04,0.0017
2026-09-11 20:06:43,714.91,2026-09-11,717.0,2.08,2.23,1.98,319623,1677,1.5786,-0.9098,0.10449,-0.065,0.0016
2026-09-11 20:06:43,714.91,2026-09-11,718.0,2.94,3.27,2.98,74421,5358,1.5982,-0.9747,0.03742,-0.015,0.0006
2026-09-11 20:06:43,714.91,2026-09-11,719.0,3.88,4.29,4,16682,2854,,,,,
2026-09-11 20:06:43,714.91,2026-09-11,720.0,4.75,5.21,5.05,14040,5446,,,,,
2026-09-11 20:06:43,714.91,2026-09-11,721.0,5.81,6.32,5.89,3508,1229,,,,,
2026-09-11 20:07:46,714.93,2026-09-11,708.0,0,0.03,0.01,31055,3798,3.0319,-0.0099,0.00881,-0.01,0.0003
2026-09-11 20:07:46,714.93,2026-09-11,709.0,0,0.01,0.01,43318,1525,2.6452,-0.0112,0.01125,-0.01,0.0003
2026-09-11 20:07:46,714.93,2026-09-11,710.0,0,0.01,0.01,89322,7191,2.2522,-0.0129,0.01498,-0.01,0.0003
2026-09-11 20:07:46,714.93,2026-09-11,711.0,0,0.03,0.01,89615,1547,1.8513,-0.0154,0.0212,-0.01,0.0004
2026-09-11 20:07:46,714.93,2026-09-11,712.0,0.03,0.04,0.03,109313,3156,1.7879,-0.0478,0.05643,-0.035,0.001
2026-09-11 20:07:46,714.93,2026-09-11,713.0,0,0.03,0.01,169713,1827,1.0118,-0.0263,0.06117,-0.01,0.0006
2026-09-11 20:07:46,714.93,2026-09-11,714.0,0.01,0.02,0.02,344464,2784,0.6031,-0.0588,0.19705,-0.015,0.0012
2026-09-11 20:07:46,714.93,2026-09-11,715.0,0.29,0.3,0.18,551412,5756,0.6571,-0.5428,0.61211,-0.225,0.0039
2026-09-11 20:07:46,714.93,2026-09-11,716.0,1.07,1.19,0.98,604725,2242,0.9539,-0.872,0.22248,-0.06,0.0021
2026-09-11 20:07:46,714.93,2026-09-11,717.0,2.08,2.23,1.97,319686,1677,1.6839,-0.8932,0.11088,-0.085,0.0018
2026-09-11 20:07:46,714.93,2026-09-11,718.0,2.94,3.27,2.98,74424,5358,1.8488,-0.9534,0.05345,-0.035,0.001
2026-09-11 20:07:46,714.93,2026-09-11,719.0,3.88,4.29,4.04,16691,2854,2.0143,-0.9794,0.02498,-0.015,0.0005
2026-09-11 20:07:46,714.93,2026-09-11,720.0,4.75,5.21,5.05,14040,5446,,,,,
2026-09-11 20:07:46,714.93,2026-09-11,721.0,5.81,6.32,5.89,3508,1229,,,,,
2026-09-11 20:08:48,714.99,2026-09-11,708.0,0,0.03,0.01,31055,3798,3.0547,-0.0098,0.00869,-0.01,0.0003
2026-09-11 20:08:48,714.99,2026-09-11,709.0,0,0.01,0.01,43320,1525,2.6683,-0.0111,0.01107,-0.01,0.0003
2026-09-11 20:08:48,714.99,2026-09-11,710.0,0,0.01,0.01,89322,7191,2.2758,-0.0128,0.0147,-0.01,0.0003
2026-09-11 20:08:48,714.99,2026-09-11,711.0,0,0.03,0.01,89649,1547,1.8754,-0.0152,0.02072,-0.01,0.0004
2026-09-11 20:08:48,714.99,2026-09-11,712.0,0.03,0.04,0.01,109314,3156,1.8171,-0.0471,0.0549,-0.035,0.001
2026-09-11 20:08:48,714.99,2026-09-11,713.0,0,0.03,0.01,169731,1827,1.038,-0.0257,0.05851,-0.01,0.0006
2026-09-11 20:08:48,714.99,2026-09-11,714.0,0.01,0.02,0.02,345111,2784,0.6335,-0.0563,0.18146,-0.015,0.0011
2026-09-11 20:08:48,714.99,2026-09-11,715.0,0.29,0.3,0.14,553954,5756,0.7371,-0.5053,0.54876,-0.285,0.0039
2026-09-11 20:08:48,714.99,2026-09-11,716.0,1.07,1.19,0.95,606056,2242,1.1648,-0.81,0.23626,-0.12,0.0027
2026-09-11 20:08:48,714.99,2026-09-11,717.0,2.08,2.23,1.93,319742,1677,1.9391,-0.8527,0.12043,-0.145,0.0023
2026-09-11 20:08:48,714.99,2026-09-11,718.0,2.94,3.27,3.03,74424,5358,2.2802,-0.9089,0.07286,-0.095,0.0016
2026-09-11 20:08:48,714.99,2026-09-11,719.0,3.88,4.29,3.83,16729,2854,2.6771,-0.9348,0.04813,-0.075,0.0013
2026-09-11 20:08:48,714.99,2026-09-11,720.0,4.75,5.21,5.05,14040,5446,,,,,
2026-09-11 20:08:48,714.99,2026-09-11,721.0,5.81,6.32,5.89,3508,1229,3.462,-0.96,0.02525,-0.055,0.0009
2026-09-11 20:09:49,715.0,2026-09-11,708.0,0,0.03,0.01,31055,3798,3.0585,-0.0098,0.00868,-0.01,0.0003
2026-09-11 20:09:49,715.0,2026-09-11,709.0,0,0.01,0.01,43321,1525,2.6722,-0.0111,0.01104,-0.01,0.0003
2026-09-11 20:09:49,715.0,2026-09-11,710.0,0,0.01,0.01,89322,7191,2.2797,-0.0128,0.01466,-0.01,0.0003
2026-09-11 20:09:49,715.0,2026-09-11,711.0,0,0.03,0.01,89687,1547,1.8795,-0.0152,0.02064,-0.01,0.0004
2026-09-11 20:09:49,715.0,2026-09-11,712.0,0.03,0.04,0.01,109784,3156,1.8219,-0.047,0.05465,-0.035,0.001
2026-09-11 20:09:49,715.0,2026-09-11,713.0,0,0.03,0.01,169761,1827,1.0424,-0.0256,0.05808,-0.01,0.0006
2026-09-11 20:09:49,715.0,2026-09-11,714.0,0.01,0.02,0.02,345328,2784,0.6385,-0.056,0.17907,-0.015,0.0011
2026-09-11 20:09:49,715.0,2026-09-11,715.0,0.29,0.3,0.11,554347,5756,0.7499,-0.4998,0.53945,-0.295,0.0039
2026-09-11 20:09:49,715.0,2026-09-11,716.0,1.07,1.19,0.89,606915,2242,1.1945,-0.8016,0.23649,-0.13,0.0027
2026-09-11 20:09:49,715.0,2026-09-11,717.0,2.08,2.23,1.97,319792,1677,1.976,-0.8469,0.12125,-0.155,0.0023
2026-09-11 20:09:49,715.0,2026-09-11,718.0,2.94,3.27,2.81,74438,5358,2.3349,-0.9029,0.07457,-0.105,0.0017
2026-09-11 20:09:49,715.0,2026-09-11,719.0,3.88,4.29,3.92,16732,2854,2.7491,-0.9291,0.05,-0.085,0.0013
2026-09-11 20:09:49,715.0,2026-09-11,720.0,4.75,5.21,4.93,14047,5446,,,,,
2026-09-11 20:09:49,715.0,2026-09-11,721.0,5.81,6.32,5.89,3508,1229,3.5692,-0.955,0.02695,-0.065,0.0009
2026-09-11 20:09:49,715.0,2026-09-11,722.0,6.69,7.33,6.91,2289,727,3.0309,-0.9901,0.00888,-0.01,0.0003
2026-09-11 20:10:51,715.0,2026-09-11,708.0,0,0.03,0.01,31055,3798,3.0585,-0.0098,0.00868,-0.01,0.0003
2026-09-11 20:10:51,715.0,2026-09-11,709.0,0,0.01,0.01,43322,1525,2.6722,-0.0111,0.01104,-0.01,0.0003
2026-09-11 20:10:51,715.0,2026-09-11,710.0,0,0.01,0.01,89326,7191,2.2797,-0.0128,0.01466,-0.01,0.0003
2026-09-11 20:10:51,715.0,2026-09-11,711.0,0,0.03,0.01,89884,1547,1.8795,-0.0152,0.02064,-0.01,0.0004
2026-09-11 20:10:51,715.0,2026-09-11,712.0,0.03,0.04,0.01,109847,3156,1.8219,-0.047,0.05465,-0.035,0.001
2026-09-11 20:10:51,715.0,2026-09-11,713.0,0,0.03,0.01,169791,1827,1.0424,-0.0256,0.05808,-0.01,0.0006
2026-09-11 20:10:51,715.0,2026-09-11,714.0,0.01,0.02,0.03,345608,2784,0.6385,-0.056,0.17907,-0.015,0.0011
2026-09-11 20:10:51,715.0,2026-09-11,715.0,0.29,0.3,0.17,555011,5756,0.7499,-0.4998,0.53945,-0.295,0.0039
2026-09-11 20:10:51,715.0,2026-09-11,716.0,1.07,1.19,1,607475,2242,1.1945,-0.8016,0.23649,-0.13,0.0027
2026-09-11 20:10:51,715.0,2026-09-11,717.0,2.08,2.23,1.91,320047,1677,1.976,-0.8469,0.12125,-0.155,0.0023
2026-09-11 20:10:51,715.0,2026-09-11,718.0,2.94,3.27,2.88,74453,5358,2.3349,-0.9029,0.07457,-0.105,0.0017
2026-09-11 20:10:51,715.0,2026-09-11,719.0,3.88,4.29,3.97,16770,2854,2.7491,-0.9291,0.05,-0.085,0.0013
2026-09-11 20:10:51,715.0,2026-09-11,720.0,4.75,5.21,4.89,14048,5446,,,,,
2026-09-11 20:10:51,715.0,2026-09-11,721.0,5.81,6.32,5.89,3508,1229,3.5692,-0.955,0.02695,-0.065,0.0009
2026-09-11 20:10:51,715.0,2026-09-11,722.0,6.69,7.33,6.88,2294,727,3.0309,-0.9901,0.00888,-0.01,0.0003
2026-09-11 20:11:52,715.0,2026-09-11,708.0,0,0.03,0.01,31055,3798,3.0585,-0.0098,0.00868,-0.01,0.0003
2026-09-11 20:11:52,715.0,2026-09-11,709.0,0,0.01,0.01,43476,1525,2.6722,-0.0111,0.01104,-0.01,0.0003
2026-09-11 20:11:52,715.0,2026-09-11,710.0,0,0.01,0.01,89333,7191,2.2797,-0.0128,0.01466,-0.01,0.0003
2026-09-11 20:11:52,715.0,2026-09-11,711.0,0,0.03,0.01,89890,1547,1.8795,-0.0152,0.02064,-0.01,0.0004
2026-09-11 20:11:52,715.0,2026-09-11,712.0,0.03,0.04,0.03,109869,3156,1.8219,-0.047,0.05465,-0.035,0.001
2026-09-11 20:11:52,715.0,2026-09-11,713.0,0,0.03,0.01,169825,1827,1.0424,-0.0256,0.05808,-0.01,0.0006
2026-09-11 20:11:52,715.0,2026-09-11,714.0,0.01,0.02,0.03,345737,2784,0.6385,-0.056,0.17907,-0.015,0.0011
2026-09-11 20:11:52,715.0,2026-09-11,715.0,0.29,0.3,0.25,555515,5756,0.7499,-0.4998,0.53945,-0.295,0.0039
2026-09-11 20:11:52,715.0,2026-09-11,716.0,1.07,1.19,1.11,607966,2242,1.1945,-0.8016,0.23649,-0.13,0.0027
2026-09-11 20:11:52,715.0,2026-09-11,717.0,2.08,2.23,1.93,320074,1677,1.976,-0.8469,0.12125,-0.155,0.0023
2026-09-11 20:11:52,715.0,2026-09-11,718.0,2.94,3.27,3,74454,5358,2.3349,-0.9029,0.07457,-0.105,0.0017
2026-09-11 20:11:52,715.0,2026-09-11,719.0,3.88,4.29,3.97,16770,2854,2.7491,-0.9291,0.05,-0.085,0.0013
2026-09-11 20:11:52,715.0,2026-09-11,720.0,4.75,5.21,4.96,14050,5446,,,,,
2026-09-11 20:11:52,715.0,2026-09-11,721.0,5.81,6.32,5.89,3508,1229,3.5692,-0.955,0.02695,-0.065,0.0009
2026-09-11 20:11:52,715.0,2026-09-11,722.0,6.69,7.33,6.88,2294,727,3.0309,-0.9901,0.00888,-0.01,0.0003
2026-09-11 20:12:55,715.0,2026-09-11,708.0,0,0.03,0.01,31058,3798,3.0585,-0.0098,0.00868,-0.01,0.0003
2026-09-11 20:12:55,715.0,2026-09-11,709.0,0,0.01,0.01,43481,1525,2.6722,-0.0111,0.01104,-0.01,0.0003
2026-09-11 20:12:55,715.0,2026-09-11,710.0,0,0.01,0.01,89335,7191,2.2797,-0.0128,0.01466,-0.01,0.0003
2026-09-11 20:12:55,715.0,2026-09-11,711.0,0,0.03,0.01,89890,1547,1.8795,-0.0152,0.02064,-0.01,0.0004
2026-09-11 20:12:55,715.0,2026-09-11,712.0,0.03,0.04,0.03,109907,3156,1.8219,-0.047,0.05465,-0.035,0.001
2026-09-11 20:12:55,715.0,2026-09-11,713.0,0,0.03,0.01,169975,1827,1.0424,-0.0256,0.05808,-0.01,0.0006
2026-09-11 20:12:55,715.0,2026-09-11,714.0,0.01,0.02,0.03,345946,2784,0.6385,-0.056,0.17907,-0.015,0.0011
2026-09-11 20:12:55,715.0,2026-09-11,715.0,0.29,0.3,0.24,556529,5756,0.7499,-0.4998,0.53945,-0.295,0.0039
2026-09-11 20:12:55,715.0,2026-09-11,716.0,1.07,1.19,0.93,608203,2242,1.1945,-0.8016,0.23649,-0.13,0.0027
2026-09-11 20:12:55,715.0,2026-09-11,717.0,2.08,2.23,1.97,320235,1677,1.976,-0.8469,0.12125,-0.155,0.0023
2026-09-11 20:12:55,715.0,2026-09-11,718.0,2.94,3.27,3.03,74479,5358,2.3349,-0.9029,0.07457,-0.105,0.0017
2026-09-11 20:12:55,715.0,2026-09-11,719.0,3.88,4.29,3.97,16770,2854,2.7491,-0.9291,0.05,-0.085,0.0013
2026-09-11 20:12:55,715.0,2026-09-11,720.0,4.75,5.21,4.96,14050,5446,,,,,
2026-09-11 20:12:55,715.0,2026-09-11,721.0,5.81,6.32,5.89,3508,1229,3.5692,-0.955,0.02695,-0.065,0.0009
2026-09-11 20:12:55,715.0,2026-09-11,722.0,6.69,7.33,6.88,2294,727,3.0309,-0.9901,0.00888,-0.01,0.0003
2026-09-11 20:13:56,714.74,2026-09-11,708.0,0,0.03,0.01,31058,3798,2.9597,-0.0101,0.00921,-0.01,0.0003
2026-09-11 20:13:56,714.74,2026-09-11,709.0,0,0.01,0.01,43483,1525,2.5717,-0.0115,0.01183,-0.01,0.0003
2026-09-11 20:13:56,714.74,2026-09-11,710.0,0,0.01,0.01,89335,7191,2.1773,-0.0133,0.01591,-0.01,0.0003
2026-09-11 20:13:56,714.74,2026-09-11,711.0,0,0.03,0.01,89900,1547,1.7745,-0.016,0.02286,-0.01,0.0004
2026-09-11 20:13:56,714.74,2026-09-11,712.0,0.03,0.04,0.01,109919,3156,1.6949,-0.0501,0.06179,-0.035,0.001
2026-09-11 20:13:56,714.74,2026-09-11,713.0,0,0.03,0.02,169995,1827,1.0531,-0.0466,0.09389,-0.02,0.001
2026-09-11 20:13:56,714.74,2026-09-11,714.0,0.01,0.02,0.03,346266,2784,0.5049,-0.0684,0.26495,-0.015,0.0013
2026-09-11 20:13:56,714.74,2026-09-11,715.0,0.29,0.3,0.32,557537,5756,0.3153,-0.7984,0.90499,-0.035,0.0028
2026-09-11 20:13:56,714.74,2026-09-11,716.0,1.07,1.19,1.27,608399,2242,,,,,
2026-09-11 20:13:56,714.74,2026-09-11,717.0,2.08,2.23,1.99,320304,1677,,,,,
2026-09-11 20:13:56,714.74,2026-09-11,718.0,2.94,3.27,3.18,74558,5358,,,,,
2026-09-11 20:13:56,714.74,2026-09-11,719.0,3.88,4.29,4.14,16794,2854,,,,,
2026-09-11 20:13:56,714.74,2026-09-11,720.0,4.75,5.21,4.96,14050,5446,,,,,
2026-09-11 20:13:56,714.74,2026-09-11,721.0,5.81,6.32,5.89,3508,1229,,,,,
2026-09-11 20:14:58,714.74,2026-09-11,708.0,0,0.03,0.01,31062,3798,2.9597,-0.0101,0.00921,-0.01,0.0003
2026-09-11 20:14:58,714.74,2026-09-11,709.0,0,0.01,0.01,43698,1525,2.5717,-0.0115,0.01183,-0.01,0.0003
2026-09-11 20:14:58,714.74,2026-09-11,710.0,0,0.01,0.01,89336,7191,2.1773,-0.0133,0.01591,-0.01,0.0003
2026-09-11 20:14:58,714.74,2026-09-11,711.0,0,0.03,0.01,89932,1547,1.7745,-0.016,0.02286,-0.01,0.0004
2026-09-11 20:14:58,714.74,2026-09-11,712.0,0.03,0.04,0.01,109945,3156,1.6949,-0.0501,0.06179,-0.035,0.001
2026-09-11 20:14:58,714.74,2026-09-11,713.0,0,0.03,0.01,170223,1827,0.9282,-0.0284,0.07109,-0.01,0.0006
2026-09-11 20:14:58,714.74,2026-09-11,714.0,0.01,0.02,0.02,347462,2784,0.5049,-0.0684,0.26495,-0.015,0.0013
2026-09-11 20:14:58,714.74,2026-09-11,715.0,0.29,0.3,0.3,562294,5756,0.3153,-0.7984,0.90499,-0.035,0.0028
2026-09-11 20:14:58,714.74,2026-09-11,716.0,1.07,1.19,1.1,608923,2242,,,,,
2026-09-11 20:14:58,714.74,2026-09-11,717.0,2.08,2.23,2.09,320368,1677,,,,,
2026-09-11 20:14:58,714.74,2026-09-11,718.0,2.94,3.27,3.03,74610,5358,,,,,
2026-09-11 20:14:58,714.74,2026-09-11,719.0,3.88,4.29,4.12,16809,2854,,,,,
2026-09-11 20:14:58,714.74,2026-09-11,720.0,4.75,5.21,5.03,14088,5446,,,,,
2026-09-11 20:14:58,714.74,2026-09-11,721.0,5.81,6.32,5.89,3508,1229,,,,,
2026-09-11 20:15:59,714.73,2026-09-11,708.0,0,0.03,0.01,31134,3798,2.9558,-0.0101,0.00923,-0.01,0.0003
2026-09-11 20:15:59,714.73,2026-09-11,709.0,0,0.01,0.01,43745,1525,2.5678,-0.0115,0.01186,-0.01,0.0003
2026-09-11 20:15:59,714.73,2026-09-11,710.0,0,0.01,0.01,89342,7191,2.1733,-0.0133,0.01597,-0.01,0.0003
2026-09-11 20:15:59,714.73,2026-09-11,711.0,0,0.03,0.01,90025,1547,1.7704,-0.016,0.02296,-0.01,0.0004
2026-09-11 20:15:59,714.73,2026-09-11,712.0,0.03,0.04,0.01,109963,3156,1.69,-0.0502,0.0621,-0.035,0.001
2026-09-11 20:15:59,714.73,2026-09-11,713.0,0,0.03,0.01,170237,1827,0.9237,-0.0285,0.07168,-0.01,0.0006
2026-09-11 20:15:59,714.73,2026-09-11,714.0,0.01,0.02,0.01,347691,2784,0.4996,-0.069,0.2696,-0.015,0.0013
2026-09-11 20:15:59,714.73,2026-09-11,715.0,0.29,0.3,0.27,563855,5756,0.2843,-0.8321,0.89547,-0.025,0.0025
2026-09-11 20:15:59,714.73,2026-09-11,716.0,1.07,1.19,1.16,609119,2242,,,,,
2026-09-11 20:15:59,714.73,2026-09-11,717.0,2.08,2.23,2.17,320386,1677,,,,,
2026-09-11 20:15:59,714.73,2026-09-11,718.0,2.94,3.27,3.1,74611,5358,,,,,
2026-09-11 20:15:59,714.73,2026-09-11,719.0,3.88,4.29,4.13,16815,2854,,,,,
2026-09-11 20:15:59,714.73,2026-09-11,720.0,4.75,5.21,5.03,14088,5446,,,,,
2026-09-11 20:15:59,714.73,2026-09-11,721.0,5.81,6.32,6.21,3509,1229,,,,,
2026-09-11 20:17:00,714.73,2026-09-11,708.0,0,0.03,0.01,31291,3798,2.9558,-0.0101,0.00923,-0.01,0.0003
2026-09-11 20:17:00,714.73,2026-09-11,709.0,0,0.01,0.01,43751,1525,2.5678,-0.0115,0.01186,-0.01,0.0003
2026-09-11 20:17:00,714.73,2026-09-11,710.0,0,0.01,0.01,89369,7191,2.1733,-0.0133,0.01597,-0.01,0.0003
2026-09-11 20:17:00,714.73,2026-09-11,711.0,0,0.03,0.01,90029,1547,1.7704,-0.016,0.02296,-0.01,0.0004
2026-09-11 20:17:00,714.73,2026-09-11,712.0,0.03,0.04,0.02,110075,3156,1.69,-0.0502,0.0621,-0.035,0.001
2026-09-11 20:17:00,714.73,2026-09-11,713.0,0,0.03,0.01,170272,1827,0.9237,-0.0285,0.07168,-0.01,0.0006
2026-09-11 20:17:00,714.73,2026-09-11,714.0,0.01,0.02,0.01,347897,2784,0.4996,-0.069,0.2696,-0.015,0.0013
2026-09-11 20:17:00,714.73,2026-09-11,715.0,0.29,0.3,0.21,565898,5756,0.2843,-0.8321,0.89547,-0.025,0.0025
2026-09-11 20:17:00,714.73,2026-09-11,716.0,1.07,1.19,1.04,609320,2242,,,,,
2026-09-11 20:17:00,714.73,2026-09-11,717.0,2.08,2.23,2.1,320469,1677,,,,,
2026-09-11 20:17:00,714.73,2026-09-11,718.0,2.94,3.27,3.1,74622,5358,,,,,
2026-09-11 20:17:00,714.73,2026-09-11,719.0,3.88,4.29,4.01,16825,2854,,,,,
2026-09-11 20:17:00,714.73,2026-09-11,720.0,4.75,5.21,5.03,14145,5446,,,,,
2026-09-11 20:17:00,714.73,2026-09-11,721.0,5.81,6.32,6.21,3509,1229,,,,,
2026-09-11 20:18:03,714.73,2026-09-11,708.0,0,0.03,0.01,31418,3798,2.9558,-0.0101,0.00923,-0.01,0.0003
2026-09-11 20:18:03,714.73,2026-09-11,709.0,0,0.01,0.01,43751,1525,2.5678,-0.0115,0.01186,-0.01,0.0003
2026-09-11 20:18:03,714.73,2026-09-11,710.0,0,0.01,0.01,89419,7191,2.1733,-0.0133,0.01597,-0.01,0.0003
2026-09-11 20:18:03,714.73,2026-09-11,711.0,0,0.03,0.01,90029,1547,1.7704,-0.016,0.02296,-0.01,0.0004
2026-09-11 20:18:03,714.73,2026-09-11,712.0,0.03,0.04,0.01,110118,3156,1.69,-0.0502,0.0621,-0.035,0.001
2026-09-11 20:18:03,714.73,2026-09-11,713.0,0,0.03,0.01,170287,1827,0.9237,-0.0285,0.07168,-0.01,0.0006
2026-09-11 20:18:03,714.73,2026-09-11,714.0,0.01,0.02,0.01,348007,2784,0.4996,-0.069,0.2696,-0.015,0.0013
2026-09-11 20:18:03,714.73,2026-09-11,715.0,0.29,0.3,0.21,566453,5756,0.2843,-0.8321,0.89547,-0.025,0.0025
2026-09-11 20:18:03,714.73,2026-09-11,716.0,1.07,1.19,1.13,609365,2242,,,,,
2026-09-11 20:18:03,714.73,2026-09-11,717.0,2.08,2.23,2.1,320499,1677,,,,,
2026-09-11 20:18:03,714.73,2026-09-11,718.0,2.94,3.27,3.1,74627,5358,,,,,
2026-09-11 20:18:03,714.73,2026-09-11,719.0,3.88,4.29,4.07,16830,2854,,,,,
2026-09-11 20:18:03,714.73,2026-09-11,720.0,4.75,5.21,5.1,14157,5446,,,,,
2026-09-11 20:18:03,714.73,2026-09-11,721.0,5.81,6.32,6.21,3509,1229,,,,,
2026-09-11 20:19:05,714.73,2026-09-11,708.0,0,0.03,0.01,31420,3798,2.9558,-0.0101,0.00923,-0.01,0.0003
2026-09-11 20:19:05,714.73,2026-09-11,709.0,0,0.01,0.01,43751,1525,2.5678,-0.0115,0.01186,-0.01,0.0003
2026-09-11 20:19:05,714.73,2026-09-11,710.0,0,0.01,0.01,89435,7191,2.1733,-0.0133,0.01597,-0.01,0.0003
2026-09-11 20:19:05,714.73,2026-09-11,711.0,0,0.03,0.01,90029,1547,1.7704,-0.016,0.02296,-0.01,0.0004
2026-09-11 20:19:05,714.73,2026-09-11,712.0,0.03,0.04,0.01,110129,3156,1.69,-0.0502,0.0621,-0.035,0.001
2026-09-11 20:19:05,714.73,2026-09-11,713.0,0,0.03,0.01,170287,1827,0.9237,-0.0285,0.07168,-0.01,0.0006
2026-09-11 20:19:05,714.73,2026-09-11,714.0,0.01,0.02,0.02,348051,2784,0.4996,-0.069,0.2696,-0.015,0.0013
2026-09-11 20:19:05,714.73,2026-09-11,715.0,0.29,0.3,0.21,567279,5756,0.2843,-0.8321,0.89547,-0.025,0.0025
2026-09-11 20:19:05,714.73,2026-09-11,716.0,1.07,1.19,1.03,609443,2242,,,,,
2026-09-11 20:19:05,714.73,2026-09-11,717.0,2.08,2.23,2.1,320500,1677,,,,,
2026-09-11 20:19:05,714.73,2026-09-11,718.0,2.94,3.27,3.12,74627,5358,,,,,
2026-09-11 20:19:05,714.73,2026-09-11,719.0,3.88,4.29,4.07,16830,2854,,,,,
2026-09-11 20:19:05,714.73,2026-09-11,720.0,4.75,5.21,5.04,14157,5446,,,,,
2026-09-11 20:19:05,714.73,2026-09-11,721.0,5.81,6.32,6.21,3509,1229,,,,,
2026-09-11 20:20:06,714.73,2026-09-11,708.0,0,0.03,0.01,31423,3798,2.9558,-0.0101,0.00923,-0.01,0.0003
2026-09-11 20:20:06,714.73,2026-09-11,709.0,0,0.01,0.01,44051,1525,2.5678,-0.0115,0.01186,-0.01,0.0003
2026-09-11 20:20:06,714.73,2026-09-11,710.0,0,0.01,0.01,89435,7191,2.1733,-0.0133,0.01597,-0.01,0.0003
2026-09-11 20:20:06,714.73,2026-09-11,711.0,0,0.03,0.01,90049,1547,1.7704,-0.016,0.02296,-0.01,0.0004
2026-09-11 20:20:06,714.73,2026-09-11,712.0,0.03,0.04,0.02,110153,3156,1.69,-0.0502,0.0621,-0.035,0.001
2026-09-11 20:20:06,714.73,2026-09-11,713.0,0,0.03,0.01,170419,1827,0.9237,-0.0285,0.07168,-0.01,0.0006
2026-09-11 20:20:06,714.73,2026-09-11,714.0,0.01,0.02,0.02,348139,2784,0.4996,-0.069,0.2696,-0.015,0.0013
2026-09-11 20:20:06,714.73,2026-09-11,715.0,0.29,0.3,0.21,567853,5756,0.2843,-0.8321,0.89547,-0.025,0.0025
2026-09-11 20:20:06,714.73,2026-09-11,716.0,1.07,1.19,1.13,609449,2242,,,,,
2026-09-11 20:20:06,714.73,2026-09-11,717.0,2.08,2.23,2.12,320515,1677,,,,,
2026-09-11 20:20:06,714.73,2026-09-11,718.0,2.94,3.27,3.12,74627,5358,,,,,
2026-09-11 20:20:06,714.73,2026-09-11,719.0,3.88,4.29,4.07,16830,2854,,,,,
2026-09-11 20:20:06,714.73,2026-09-11,720.0,4.75,5.21,5.04,14157,5446,,,,,
2026-09-11 20:20:06,714.73,2026-09-11,721.0,5.81,6.32,6.21,3509,1229,,,,,
2026-09-11 20:21:07,714.74,2026-09-11,708.0,0,0.03,0.01,31423,3798,2.9597,-0.0101,0.00921,-0.01,0.0003
2026-09-11 20:21:07,714.74,2026-09-11,709.0,0,0.01,0.01,44051,1525,2.5717,-0.0115,0.01183,-0.01,0.0003
2026-09-11 20:21:07,714.74,2026-09-11,710.0,0,0.01,0.01,89445,7191,2.1773,-0.0133,0.01591,-0.01,0.0003
2026-09-11 20:21:07,714.74,2026-09-11,711.0,0,0.03,0.01,90054,1547,1.7745,-0.016,0.02286,-0.01,0.0004
2026-09-11 20:21:07,714.74,2026-09-11,712.0,0.03,0.04,0.01,110178,3156,1.6949,-0.0501,0.06179,-0.035,0.001
2026-09-11 20:21:07,714.74,2026-09-11,713.0,0,0.03,0.01,170419,1827,0.9282,-0.0284,0.07109,-0.01,0.0006
2026-09-11 20:21:07,714.74,2026-09-11,714.0,0.01,0.02,0.02,348231,2784,0.5049,-0.0684,0.26495,-0.015,0.0013
2026-09-11 20:21:07,714.74,2026-09-11,715.0,0.29,0.3,0.21,568461,5756,0.3153,-0.7984,0.90499,-0.035,0.0028
2026-09-11 20:21:07,714.74,2026-09-11,716.0,1.07,1.19,1.06,609479,2242,,,,,
2026-09-11 20:21:07,714.74,2026-09-11,717.0,2.08,2.23,2.1,320557,1677,,,,,
2026-09-11 20:21:07,714.74,2026-09-11,718.0,2.94,3.27,3.12,74649,5358,,,,,
2026-09-11 20:21:07,714.74,2026-09-11,719.0,3.88,4.29,4.07,16830,2854,,,,,
2026-09-11 20:21:07,714.74,2026-09-11,720.0,4.75,5.21,5.04,14158,5446,,,,,
2026-09-11 20:21:07,714.74,2026-09-11,721.0,5.81,6.32,6.21,3509,1229,,,,,
2026-09-11 20:22:09,714.82,2026-09-11,708.0,0,0.03,0.01,31438,3798,2.9901,-0.01,0.00904,-0.01,0.0003
2026-09-11 20:22:09,714.82,2026-09-11,709.0,0,0.01,0.01,44051,1525,2.6027,-0.0113,0.01158,-0.01,0.0003
2026-09-11 20:22:09,714.82,2026-09-11,710.0,0,0.01,0.01,89445,7191,2.2089,-0.0131,0.01551,-0.01,0.0003
2026-09-11 20:22:09,714.82,2026-09-11,711.0,0,0.03,0.01,90055,1547,1.8069,-0.0157,0.02214,-0.01,0.0004
2026-09-11 20:22:09,714.82,2026-09-11,712.0,0.03,0.04,0.01,110340,3156,1.7342,-0.0491,0.05944,-0.035,0.001
2026-09-11 20:22:09,714.82,2026-09-11,713.0,0,0.03,0.01,170419,1827,0.9635,-0.0275,0.06661,-0.01,0.0006
2026-09-11 20:22:09,714.82,2026-09-11,714.0,0.01,0.02,0.01,348407,2784,0.5467,-0.0639,0.23218,-0.015,0.0012
2026-09-11 20:22:09,714.82,2026-09-11,715.0,0.29,0.3,0.21,568887,5756,0.4874,-0.6458,0.77405,-0.115,0.0037
2026-09-11 20:22:09,714.82,2026-09-11,716.0,1.07,1.19,1.15,609504,2242,,,,,
2026-09-11 20:22:09,714.82,2026-09-11,717.0,2.08,2.23,2.11,320605,1677,,,,,
2026-09-11 20:22:09,714.82,2026-09-11,718.0,2.94,3.27,3.1,74656,5358,,,,,
2026-09-11 20:22:09,714.82,2026-09-11,719.0,3.88,4.29,4.07,16830,2854,,,,,
2026-09-11 20:22:09,714.82,2026-09-11,720.0,4.75,5.21,5.08,14162,5446,,,,,
2026-09-11 20:22:09,714.82,2026-09-11,721.0,5.81,6.32,6.21,3509,1229,,,,,
2026-09-11 20:23:12,714.82,2026-09-11,708.0,0,0.03,0.01,31638,3798,2.9901,-0.01,0.00904,-0.01,0.0003
2026-09-11 20:23:12,714.82,2026-09-11,709.0,0,0.01,0.01,44051,1525,2.6027,-0.0113,0.01158,-0.01,0.0003
2026-09-11 20:23:12,714.82,2026-09-11,710.0,0,0.01,0.01,89452,7191,2.2089,-0.0131,0.01551,-0.01,0.0003
2026-09-11 20:23:12,714.82,2026-09-11,711.0,0,0.03,0.01,90056,1547,1.8069,-0.0157,0.02214,-0.01,0.0004
2026-09-11 20:23:12,714.82,2026-09-11,712.0,0.03,0.04,0.02,110348,3156,1.7342,-0.0491,0.05944,-0.035,0.001
2026-09-11 20:23:12,714.82,2026-09-11,713.0,0,0.03,0.01,170429,1827,0.9635,-0.0275,0.06661,-0.01,0.0006
2026-09-11 20:23:12,714.82,2026-09-11,714.0,0.01,0.02,0.01,348705,2784,0.5467,-0.0639,0.23218,-0.015,0.0012
2026-09-11 20:23:12,714.82,2026-09-11,715.0,0.29,0.3,0.21,569179,5756,0.4874,-0.6458,0.77405,-0.115,0.0037
2026-09-11 20:23:12,714.82,2026-09-11,716.0,1.07,1.19,1,609536,2242,,,,,
2026-09-11 20:23:12,714.82,2026-09-11,717.0,2.08,2.23,2.1,320606,1677,,,,,
2026-09-11 20:23:12,714.82,2026-09-11,718.0,2.94,3.27,3.1,74656,5358,,,,,
2026-09-11 20:23:12,714.82,2026-09-11,719.0,3.88,4.29,4.07,16830,2854,,,,,
2026-09-11 20:23:12,714.82,2026-09-11,720.0,4.75,5.21,5.04,14162,5446,,,,,
2026-09-11 20:23:12,714.82,2026-09-11,721.0,5.81,6.32,6.21,3509,1229,,,,,
2026-09-11 20:24:13,714.82,2026-09-11,708.0,0,0.03,0.01,31638,3798,2.9901,-0.01,0.00904,-0.01,0.0003
2026-09-11 20:24:13,714.82,2026-09-11,709.0,0,0.01,0.01,44052,1525,2.6027,-0.0113,0.01158,-0.01,0.0003
2026-09-11 20:24:13,714.82,2026-09-11,710.0,0,0.01,0.01,89452,7191,2.2089,-0.0131,0.01551,-0.01,0.0003
2026-09-11 20:24:13,714.82,2026-09-11,711.0,0,0.03,0.01,90057,1547,1.8069,-0.0157,0.02214,-0.01,0.0004
2026-09-11 20:24:13,714.82,2026-09-11,712.0,0.03,0.04,0.01,110393,3156,1.7342,-0.0491,0.05944,-0.035,0.001
2026-09-11 20:24:13,714.82,2026-09-11,713.0,0,0.03,0.01,170439,1827,0.9635,-0.0275,0.06661,-0.01,0.0006
2026-09-11 20:24:13,714.82,2026-09-11,714.0,0.01,0.02,0.01,348828,2784,0.5467,-0.0639,0.23218,-0.015,0.0012
2026-09-11 20:24:13,714.82,2026-09-11,715.0,0.29,0.3,0.21,569733,5756,0.4874,-0.6458,0.77405,-0.115,0.0037
2026-09-11 20:24:13,714.82,2026-09-11,716.0,1.07,1.19,0.99,609664,2242,,,,,
2026-09-11 20:24:13,714.82,2026-09-11,717.0,2.08,2.23,2.1,320714,1677,,,,,
2026-09-11 20:24:13,714.82,2026-09-11,718.0,2.94,3.27,3.1,74656,5358,,,,,
2026-09-11 20:24:13,714.82,2026-09-11,719.0,3.88,4.29,4.07,16830,2854,,,,,
2026-09-11 20:24:13,714.82,2026-09-11,720.0,4.75,5.21,5.04,14162,5446,,,,,
2026-09-11 20:24:13,714.82,2026-09-11,721.0,5.81,6.32,6.21,3509,1229,,,,,
2026-09-11 20:25:14,714.82,2026-09-11,708.0,0,0.03,0.01,31639,3798,2.9901,-0.01,0.00904,-0.01,0.0003
2026-09-11 20:25:14,714.82,2026-09-11,709.0,0,0.01,0.01,44052,1525,2.6027,-0.0113,0.01158,-0.01,0.0003
2026-09-11 20:25:14,714.82,2026-09-11,710.0,0,0.01,0.01,89452,7191,2.2089,-0.0131,0.01551,-0.01,0.0003
2026-09-11 20:25:14,714.82,2026-09-11,711.0,0,0.03,0.01,90057,1547,1.8069,-0.0157,0.02214,-0.01,0.0004
2026-09-11 20:25:14,714.82,2026-09-11,712.0,0.03,0.04,0.01,112082,3156,1.7342,-0.0491,0.05944,-0.035,0.001
2026-09-11 20:25:14,714.82,2026-09-11,713.0,0,0.03,0.01,170484,1827,0.9635,-0.0275,0.06661,-0.01,0.0006
2026-09-11 20:25:14,714.82,2026-09-11,714.0,0.01,0.02,0.01,348833,2784,0.5467,-0.0639,0.23218,-0.015,0.0012
2026-09-11 20:25:14,714.82,2026-09-11,715.0,0.29,0.3,0.21,570907,5756,0.4874,-0.6458,0.77405,-0.115,0.0037
2026-09-11 20:25:14,714.82,2026-09-11,716.0,1.07,1.19,0.98,609679,2242,,,,,
2026-09-11 20:25:14,714.82,2026-09-11,717.0,2.08,2.23,2.1,320719,1677,,,,,
2026-09-11 20:25:14,714.82,2026-09-11,718.0,2.94,3.27,3.1,74656,5358,,,,,
2026-09-11 20:25:14,714.82,2026-09-11,719.0,3.88,4.29,4.07,16833,2854,,,,,
2026-09-11 20:25:14,714.82,2026-09-11,720.0,4.75,5.21,5.04,14162,5446,,,,,
2026-09-11 20:25:14,714.82,2026-09-11,721.0,5.81,6.32,6.21,3509,1229,,,,,
2026-09-11 20:26:16,714.82,2026-09-11,708.0,0,0.03,0.01,31680,3798,2.9901,-0.01,0.00904,-0.01,0.0003
2026-09-11 20:26:16,714.82,2026-09-11,709.0,0,0.01,0.01,44052,1525,2.6027,-0.0113,0.01158,-0.01,0.0003
2026-09-11 20:26:16,714.82,2026-09-11,710.0,0,0.01,0.01,89853,7191,2.2089,-0.0131,0.01551,-0.01,0.0003
2026-09-11 20:26:16,714.82,2026-09-11,711.0,0,0.03,0.01,90057,1547,1.8069,-0.0157,0.02214,-0.01,0.0004
2026-09-11 20:26:16,714.82,2026-09-11,712.0,0.03,0.04,0.02,112093,3156,1.7342,-0.0491,0.05944,-0.035,0.001
2026-09-11 20:26:16,714.82,2026-09-11,713.0,0,0.03,0.01,170485,1827,0.9635,-0.0275,0.06661,-0.01,0.0006
2026-09-11 20:26:16,714.82,2026-09-11,714.0,0.01,0.02,0.02,348855,2784,0.5467,-0.0639,0.23218,-0.015,0.0012
2026-09-11 20:26:16,714.82,2026-09-11,715.0,0.29,0.3,0.21,571566,5756,0.4874,-0.6458,0.77405,-0.115,0.0037
2026-09-11 20:26:16,714.82,2026-09-11,716.0,1.07,1.19,1.1,609684,2242,,,,,
2026-09-11 20:26:16,714.82,2026-09-11,717.0,2.08,2.23,2.1,320721,1677,,,,,
2026-09-11 20:26:16,714.82,2026-09-11,718.0,2.94,3.27,3.1,74656,5358,,,,,
2026-09-11 20:26:16,714.82,2026-09-11,719.0,3.88,4.29,4.01,16834,2854,,,,,
2026-09-11 20:26:16,714.82,2026-09-11,720.0,4.75,5.21,5.04,14162,5446,,,,,
2026-09-11 20:26:16,714.82,2026-09-11,721.0,5.81,6.32,6.21,3509,1229,,,,,
2026-09-11 20:27:17,714.82,2026-09-11,708.0,0,0.03,0.01,31680,3798,2.9901,-0.01,0.00904,-0.01,0.0003
2026-09-11 20:27:17,714.82,2026-09-11,709.0,0,0.01,0.01,44052,1525,2.6027,-0.0113,0.01158,-0.01,0.0003
2026-09-11 20:27:17,714.82,2026-09-11,710.0,0,0.01,0.01,89853,7191,2.2089,-0.0131,0.01551,-0.01,0.0003
2026-09-11 20:27:17,714.82,2026-09-11,711.0,0,0.03,0.01,90067,1547,1.8069,-0.0157,0.02214,-0.01,0.0004
2026-09-11 20:27:17,714.82,2026-09-11,712.0,0.03,0.04,0.01,112179,3156,1.7342,-0.0491,0.05944,-0.035,0.001
2026-09-11 20:27:17,714.82,2026-09-11,713.0,0,0.03,0.01,170497,1827,0.9635,-0.0275,0.06661,-0.01,0.0006
2026-09-11 20:27:17,714.82,2026-09-11,714.0,0.01,0.02,0.01,348923,2784,0.5467,-0.0639,0.23218,-0.015,0.0012
2026-09-11 20:27:17,714.82,2026-09-11,715.0,0.29,0.3,0.27,571672,5756,0.4874,-0.6458,0.77405,-0.115,0.0037
2026-09-11 20:27:17,714.82,2026-09-11,716.0,1.07,1.19,1.2,609716,2242,,,,,
2026-09-11 20:27:17,714.82,2026-09-11,717.0,2.08,2.23,2.1,320721,1677,,,,,
2026-09-11 20:27:17,714.82,2026-09-11,718.0,2.94,3.27,3.1,74659,5358,,,,,
2026-09-11 20:27:17,714.82,2026-09-11,719.0,3.88,4.29,4.01,16834,2854,,,,,
2026-09-11 20:27:17,714.82,2026-09-11,720.0,4.75,5.21,5.04,14162,5446,,,,,
2026-09-11 20:27:17,714.82,2026-09-11,721.0,5.81,6.32,6.21,3509,1229,,,,,
2026-09-11 20:28:21,714.82,2026-09-11,708.0,0,0.03,0.01,31681,3798,2.9901,-0.01,0.00904,-0.01,0.0003
2026-09-11 20:28:21,714.82,2026-09-11,709.0,0,0.01,0.01,44052,1525,2.6027,-0.0113,0.01158,-0.01,0.0003
2026-09-11 20:28:21,714.82,2026-09-11,710.0,0,0.01,0.01,89853,7191,2.2089,-0.0131,0.01551,-0.01,0.0003
2026-09-11 20:28:21,714.82,2026-09-11,711.0,0,0.03,0.01,90087,1547,1.8069,-0.0157,0.02214,-0.01,0.0004
2026-09-11 20:28:21,714.82,2026-09-11,712.0,0.03,0.04,0.01,112179,3156,1.7342,-0.0491,0.05944,-0.035,0.001
2026-09-11 20:28:21,714.82,2026-09-11,713.0,0,0.03,0.01,170509,1827,0.9635,-0.0275,0.06661,-0.01,0.0006
2026-09-11 20:28:21,714.82,2026-09-11,714.0,0.01,0.02,0.01,348951,2784,0.5467,-0.0639,0.23218,-0.015,0.0012
2026-09-11 20:28:21,714.82,2026-09-11,715.0,0.29,0.3,0.27,571979,5756,0.4874,-0.6458,0.77405,-0.115,0.0037
2026-09-11 20:28:21,714.82,2026-09-11,716.0,1.07,1.19,1.2,609751,2242,,,,,
2026-09-11 20:28:21,714.82,2026-09-11,717.0,2.08,2.23,2.29,320723,1677,,,,,
2026-09-11 20:28:21,714.82,2026-09-11,718.0,2.94,3.27,3.2,74660,5358,,,,,
2026-09-11 20:28:21,714.82,2026-09-11,719.0,3.88,4.29,4.01,16834,2854,,,,,
2026-09-11 20:28:21,714.82,2026-09-11,720.0,4.75,5.21,5.04,14162,5446,,,,,
2026-09-11 20:28:21,714.82,2026-09-11,721.0,5.81,6.32,6.21,3509,1229,,,,,
2026-09-11 20:29:22,714.82,2026-09-11,708.0,0,0.03,0.01,31681,3798,2.9901,-0.01,0.00904,-0.01,0.0003
2026-09-11 20:29:22,714.82,2026-09-11,709.0,0,0.01,0.01,44052,1525,2.6027,-0.0113,0.01158,-0.01,0.0003
2026-09-11 20:29:22,714.82,2026-09-11,710.0,0,0.01,0.01,89855,7191,2.2089,-0.0131,0.01551,-0.01,0.0003
2026-09-11 20:29:22,714.82,2026-09-11,711.0,0,0.03,0.01,90087,1547,1.8069,-0.0157,0.02214,-0.01,0.0004
2026-09-11 20:29:22,714.82,2026-09-11,712.0,0.03,0.04,0.01,112179,3156,1.7342,-0.0491,0.05944,-0.035,0.001
2026-09-11 20:29:22,714.82,2026-09-11,713.0,0,0.03,0.01,170523,1827,0.9635,-0.0275,0.06661,-0.01,0.0006
2026-09-11 20:29:22,714.82,2026-09-11,714.0,0.01,0.02,0.02,349139,2784,0.5467,-0.0639,0.23218,-0.015,0.0012
2026-09-11 20:29:22,714.82,2026-09-11,715.0,0.29,0.3,0.27,572728,5756,0.4874,-0.6458,0.77405,-0.115,0.0037
2026-09-11 20:29:22,714.82,2026-09-11,716.0,1.07,1.19,1.33,609817,2242,,,,,
2026-09-11 20:29:22,714.82,2026-09-11,717.0,2.08,2.23,2.29,320723,1677,,,,,
2026-09-11 20:29:22,714.82,2026-09-11,718.0,2.94,3.27,3.2,74660,5358,,,,,
2026-09-11 20:29:22,714.82,2026-09-11,719.0,3.88,4.29,4.01,16834,2854,,,,,
2026-09-11 20:29:22,714.82,2026-09-11,720.0,4.75,5.21,5.04,14162,5446,,,,,
2026-09-11 20:29:22,714.82,2026-09-11,721.0,5.81,6.32,6.21,3509,1229,,,,,
