run_time,spot,expiration,strike,bid,ask,last,volume,open_interest,iv,delta,gamma,theta,vega
2026-09-15 18:25:20,705.15,2026-09-15,691.0,0.01,0.04,0.02,2105,145,0.6661,-0.0115,0.00477,-0.025,0.0028
2026-09-15 18:25:20,705.15,2026-09-15,692.0,0.03,0.04,0.01,8690,395,0.6544,-0.0158,0.00639,-0.035,0.0037
2026-09-15 18:25:20,705.15,2026-09-15,693.0,0.03,0.04,0.01,2297,421,0.6112,-0.0168,0.00721,-0.035,0.0039
2026-09-15 18:25:20,705.15,2026-09-15,694.0,0.01,0.04,0.03,3568,412,0.541,-0.0139,0.00691,-0.025,0.0033
2026-09-15 18:25:20,705.15,2026-09-15,695.0,0.03,0.04,0.03,6991,1082,0.5236,-0.0193,0.00947,-0.035,0.0044
2026-09-15 18:25:20,705.15,2026-09-15,696.0,0.01,0.02,0.01,9059,2637,0.4252,-0.0109,0.00713,-0.015,0.0027
2026-09-15 18:25:20,705.15,2026-09-15,697.0,0.03,0.04,0.03,7725,551,0.4344,-0.0228,0.01314,-0.035,0.0051
2026-09-15 18:25:20,705.15,2026-09-15,698.0,0.01,0.04,0.03,28513,1423,0.369,-0.0195,0.01359,-0.025,0.0045
2026-09-15 18:25:20,705.15,2026-09-15,699.0,0.01,0.02,0.02,28523,1786,0.301,-0.0148,0.01318,-0.015,0.0036
2026-09-15 18:25:20,705.15,2026-09-15,700.0,0.04,0.05,0.02,90427,2887,0.3094,-0.0383,0.02839,-0.045,0.0079
2026-09-15 18:25:20,705.15,2026-09-15,701.0,0.05,0.06,0.05,37655,971,0.2703,-0.0512,0.04109,-0.055,0.0099
2026-09-15 18:25:20,705.15,2026-09-15,702.0,0.07,0.08,0.07,71222,1230,0.2335,-0.0756,0.06446,-0.075,0.0135
2026-09-15 18:25:20,705.15,2026-09-15,703.0,0.07,0.12,0.11,158309,826,0.1872,-0.1108,0.10665,-0.095,0.0179
2026-09-15 18:25:20,705.15,2026-09-15,704.0,0.18,0.23,0.21,319149,415,0.1644,-0.2273,0.19393,-0.205,0.0285
2026-09-15 18:25:20,705.15,2026-09-15,705.0,0.51,0.52,0.51,422742,10115,0.1568,-0.4565,0.26732,-0.515,0.0375
2026-09-15 18:25:20,705.15,2026-09-15,706.0,1.06,1.08,1.06,259134,360,0.146,-0.7278,0.24026,-0.225,0.0314
2026-09-15 18:25:20,705.15,2026-09-15,707.0,1.95,1.97,1.87,168081,700,0.1792,-0.8604,0.131,-0.115,0.021
2026-09-15 18:25:20,705.15,2026-09-15,708.0,2.85,2.89,2.83,166094,1026,0.1761,-0.9554,0.05649,-0.025,0.0089
2026-09-15 18:25:20,705.15,2026-09-15,709.0,3.91,3.92,3.86,91624,3929,0.2701,-0.9327,0.05097,-0.07,0.0123
2026-09-15 18:25:20,705.15,2026-09-15,710.0,4.87,4.96,4.78,38065,17534,0.3234,-0.9422,0.03778,-0.07,0.0109
2026-09-15 18:25:20,705.15,2026-09-15,711.0,5.78,5.97,5.86,7238,573,0.3259,-0.9702,0.02195,-0.03,0.0064
2026-09-15 18:25:20,705.15,2026-09-15,712.0,6.87,6.93,6.71,4139,727,0.4077,-0.9609,0.02191,-0.055,0.008
2026-09-15 18:25:20,705.15,2026-09-15,713.0,7.73,7.93,7.67,1683,1161,,,,,
2026-09-15 18:25:20,705.15,2026-09-15,714.0,8.79,8.84,8.74,834,859,,,,,
2026-09-15 18:25:20,705.15,2026-09-15,715.0,9.96,10.04,9.84,823,2401,0.6615,-0.9402,0.01898,-0.155,0.0112
2026-09-15 18:25:20,705.15,2026-09-15,716.0,10.93,11.2,11.12,125,1161,0.7688,-0.9297,0.01852,-0.22,0.0128
2026-09-15 18:25:20,705.15,2026-09-15,717.0,11.59,11.85,11.86,211,612,,,,,
2026-09-15 18:25:20,705.15,2026-09-15,718.0,12.91,13.13,13.26,153,460,0.8347,-0.9458,0.01392,-0.175,0.0104
2026-09-15 18:25:20,705.15,2026-09-15,719.0,13.81,13.84,13.32,161,105,,,,,
2026-09-15 18:25:20,705.15,2026-09-15,720.0,14.69,15.02,14.74,170,620,0.6406,-0.9922,0.00354,-0.01,0.002
2026-09-15 18:26:21,705.1,2026-09-15,691.0,0.03,0.04,0.03,2121,145,0.6986,-0.015,0.00575,-0.035,0.0036
2026-09-15 18:26:21,705.1,2026-09-15,692.0,0.01,0.02,0.01,8690,395,0.5861,-0.0082,0.00405,-0.015,0.0021
2026-09-15 18:26:21,705.1,2026-09-15,693.0,0.01,0.02,0.01,2297,421,0.5463,-0.0087,0.0046,-0.015,0.0022
2026-09-15 18:26:21,705.1,2026-09-15,694.0,0.03,0.04,0.03,3568,412,0.5681,-0.018,0.00829,-0.035,0.0042
2026-09-15 18:26:21,705.1,2026-09-15,695.0,0.03,0.04,0.03,6991,1082,0.5238,-0.0194,0.00956,-0.035,0.0044
2026-09-15 18:26:21,705.1,2026-09-15,696.0,0.01,0.02,0.01,9068,2637,0.4251,-0.0109,0.0072,-0.015,0.0027
2026-09-15 18:26:21,705.1,2026-09-15,697.0,0.03,0.04,0.01,7725,551,0.434,-0.0229,0.01329,-0.035,0.0051
2026-09-15 18:26:21,705.1,2026-09-15,698.0,0.01,0.04,0.01,28612,1423,0.3683,-0.0197,0.01376,-0.025,0.0045
2026-09-15 18:26:21,705.1,2026-09-15,699.0,0.03,0.04,0.03,28535,1786,0.3418,-0.0283,0.02014,-0.035,0.0061
2026-09-15 18:26:21,705.1,2026-09-15,700.0,0.04,0.05,0.02,90548,2887,0.3081,-0.0386,0.02886,-0.045,0.0079
2026-09-15 18:26:21,705.1,2026-09-15,701.0,0.01,0.02,0.02,37985,971,0.2135,-0.0203,0.02438,-0.015,0.0046
2026-09-15 18:26:21,705.1,2026-09-15,702.0,0.03,0.04,0.07,71471,1230,0.196,-0.046,0.05225,-0.035,0.0091
2026-09-15 18:26:21,705.1,2026-09-15,703.0,0.07,0.08,0.08,158670,826,0.1728,-0.0978,0.10612,-0.075,0.0162
2026-09-15 18:26:21,705.1,2026-09-15,704.0,0.18,0.23,0.19,319755,415,0.1604,-0.2325,0.20236,-0.205,0.0288
2026-09-15 18:26:21,705.1,2026-09-15,705.0,0.53,0.54,0.53,423956,10115,0.1555,-0.4722,0.27193,-0.535,0.0375
2026-09-15 18:26:21,705.1,2026-09-15,706.0,1.11,1.16,1.13,260958,360,0.1536,-0.7327,0.22759,-0.23,0.031
2026-09-15 18:26:21,705.1,2026-09-15,707.0,1.94,1.99,1.94,168132,700,0.1544,-0.904,0.11723,-0.06,0.016
2026-09-15 18:26:21,705.1,2026-09-15,708.0,2.95,3.01,2.95,166111,1026,0.2227,-0.916,0.07355,-0.075,0.0145
2026-09-15 18:26:21,705.1,2026-09-15,709.0,3.9,3.98,3.79,91626,3929,0.2413,-0.9564,0.04067,-0.035,0.0087
2026-09-15 18:26:21,705.1,2026-09-15,710.0,4.9,4.93,4.78,38078,17534,0.2479,-0.9817,0.0192,-0.01,0.0042
2026-09-15 18:26:21,705.1,2026-09-15,711.0,5.9,5.93,5.86,7240,573,0.2903,-0.9841,0.01454,-0.01,0.0037
2026-09-15 18:26:21,705.1,2026-09-15,712.0,6.65,7.03,6.79,4155,727,,,,,
2026-09-15 18:26:21,705.1,2026-09-15,713.0,7.67,8,7.67,1685,1161,,,,,
2026-09-15 18:26:21,705.1,2026-09-15,714.0,8.83,9,8.75,834,859,0.4133,-0.9884,0.00778,-0.01,0.0028
2026-09-15 18:26:21,705.1,2026-09-15,715.0,9.81,9.99,9.84,823,2401,0.3219,-0.9994,0.00069,0.005,0.0002
2026-09-15 18:26:21,705.1,2026-09-15,716.0,10.64,11.01,11.12,125,1161,,,,,
2026-09-15 18:26:21,705.1,2026-09-15,717.0,12,12.17,11.86,211,612,0.7954,-0.9419,0.01551,-0.18,0.0109
2026-09-15 18:26:21,705.1,2026-09-15,718.0,12.82,13.01,13.26,153,460,0.57,-0.9913,0.00439,-0.01,0.0022
2026-09-15 18:26:21,705.1,2026-09-15,719.0,13.75,14.15,13.32,161,105,0.7139,-0.9795,0.00735,-0.045,0.0046
2026-09-15 18:26:21,705.1,2026-09-15,720.0,14.94,15.26,14.74,170,620,0.9637,-0.9473,0.01186,-0.195,0.0101
2026-09-15 18:27:22,705.13,2026-09-15,691.0,0.01,0.04,0.02,2123,145,0.6726,-0.0115,0.00478,-0.025,0.0028
2026-09-15 18:27:22,705.13,2026-09-15,692.0,0.03,0.04,0.01,8690,395,0.6607,-0.0158,0.00641,-0.035,0.0037
2026-09-15 18:27:22,705.13,2026-09-15,693.0,0.03,0.04,0.01,2297,421,0.617,-0.0168,0.00723,-0.035,0.0039
2026-09-15 18:27:22,705.13,2026-09-15,694.0,0.01,0.04,0.03,3569,412,0.546,-0.0139,0.00693,-0.025,0.0033
2026-09-15 18:27:22,705.13,2026-09-15,695.0,0.01,0.02,0.03,6991,1082,0.4699,-0.01,0.00608,-0.015,0.0025
2026-09-15 18:27:22,705.13,2026-09-15,696.0,0.01,0.04,0.03,9068,2637,0.46,-0.0162,0.00939,-0.025,0.0038
2026-09-15 18:27:22,705.13,2026-09-15,697.0,0.03,0.04,0.01,7725,551,0.4382,-0.0228,0.01319,-0.035,0.0051
2026-09-15 18:27:22,705.13,2026-09-15,698.0,0.01,0.04,0.01,28668,1423,0.3721,-0.0196,0.01364,-0.025,0.0044
2026-09-15 18:27:22,705.13,2026-09-15,699.0,0.01,0.04,0.03,28535,1786,0.3273,-0.0219,0.01709,-0.025,0.0049
2026-09-15 18:27:22,705.13,2026-09-15,700.0,0.04,0.05,0.03,90629,2887,0.3118,-0.0384,0.02855,-0.045,0.0078
2026-09-15 18:27:22,705.13,2026-09-15,701.0,0.01,0.06,0.05,37986,971,0.2493,-0.0375,0.03501,-0.035,0.0076
2026-09-15 18:27:22,705.13,2026-09-15,702.0,0.07,0.08,0.07,72519,1230,0.2349,-0.0759,0.06498,-0.075,0.0134
2026-09-15 18:27:22,705.13,2026-09-15,703.0,0.11,0.12,0.08,158748,826,0.1988,-0.1244,0.11026,-0.115,0.0192
2026-09-15 18:27:22,705.13,2026-09-15,704.0,0.21,0.22,0.21,321633,415,0.168,-0.2337,0.19477,-0.215,0.0287
2026-09-15 18:27:22,705.13,2026-09-15,705.0,0.51,0.52,0.51,427685,10115,0.156,-0.4613,0.27192,-0.515,0.0372
2026-09-15 18:27:22,705.13,2026-09-15,706.0,1.12,1.14,1.12,261690,360,0.1621,-0.714,0.22415,-0.265,0.0318
2026-09-15 18:27:22,705.13,2026-09-15,707.0,1.88,2.009,1.88,168285,700,0.1642,-0.8863,0.12524,-0.0795,0.018
2026-09-15 18:27:22,705.13,2026-09-15,708.0,2.84,2.9,2.8,166117,1026,0.1488,-0.9797,0.03515,-0.005,0.0046
2026-09-15 18:27:22,705.13,2026-09-15,709.0,3.78,3.88,3.95,91628,3929,,,,,
2026-09-15 18:27:22,705.13,2026-09-15,710.0,4.82,4.87,4.81,38086,17534,,,,,
2026-09-15 18:27:22,705.13,2026-09-15,711.0,5.75,5.88,5.97,7240,573,,,,,
2026-09-15 18:27:22,705.13,2026-09-15,712.0,6.68,7.05,6.79,4155,727,0.2911,-0.9939,0.00638,0.0,0.0016
2026-09-15 18:27:22,705.13,2026-09-15,713.0,7.91,8.07,7.68,1685,1161,0.5369,-0.9396,0.02382,-0.125,0.0112
2026-09-15 18:27:22,705.13,2026-09-15,714.0,8.88,9.03,8.75,836,859,0.5534,-0.9551,0.01828,-0.09,0.0089
2026-09-15 18:27:22,705.13,2026-09-15,715.0,9.81,9.83,9.84,823,2401,,,,,
2026-09-15 18:27:22,705.13,2026-09-15,716.0,10.81,10.89,11.12,125,1161,,,,,
2026-09-15 18:27:22,705.13,2026-09-15,717.0,12,12.22,11.86,211,612,0.8526,-0.9289,0.01702,-0.245,0.0127
2026-09-15 18:27:22,705.13,2026-09-15,718.0,12.97,13.01,13.26,153,460,0.7918,-0.9567,0.01239,-0.125,0.0086
2026-09-15 18:27:22,705.13,2026-09-15,719.0,13.72,13.93,13.32,161,105,,,,,
2026-09-15 18:27:22,705.13,2026-09-15,720.0,14.81,15.23,14.74,170,620,0.9247,-0.9547,0.011,-0.155,0.0089
2026-09-15 18:28:23,705.22,2026-09-15,691.0,0.03,0.04,0.03,2125,145,0.7116,-0.0149,0.00567,-0.035,0.0035
2026-09-15 18:28:23,705.22,2026-09-15,692.0,0.01,0.04,0.01,8690,395,0.6377,-0.0121,0.00531,-0.025,0.0029
2026-09-15 18:28:23,705.22,2026-09-15,693.0,0.03,0.04,0.01,2297,421,0.624,-0.0167,0.00716,-0.035,0.0039
2026-09-15 18:28:23,705.22,2026-09-15,694.0,0.01,0.04,0.03,3569,412,0.5526,-0.0138,0.00685,-0.025,0.0033
2026-09-15 18:28:23,705.22,2026-09-15,695.0,0.01,0.04,0.01,6993,1082,0.5096,-0.0148,0.00791,-0.025,0.0035
2026-09-15 18:28:23,705.22,2026-09-15,696.0,0.03,0.04,0.03,9070,2637,0.49,-0.0208,0.01095,-0.035,0.0047
2026-09-15 18:28:23,705.22,2026-09-15,697.0,0.03,0.04,0.01,7725,551,0.4445,-0.0226,0.01299,-0.035,0.005
2026-09-15 18:28:23,705.22,2026-09-15,698.0,0.03,0.04,0.03,28684,1423,0.3983,-0.0249,0.01573,-0.035,0.0054
2026-09-15 18:28:23,705.22,2026-09-15,699.0,0.01,0.04,0.02,28631,1786,0.3329,-0.0217,0.01675,-0.025,0.0048
2026-09-15 18:28:23,705.22,2026-09-15,700.0,0.04,0.05,0.04,90663,2887,0.3177,-0.0379,0.0279,-0.045,0.0077
2026-09-15 18:28:23,705.22,2026-09-15,701.0,0.05,0.06,0.05,38000,971,0.2781,-0.0507,0.04025,-0.055,0.0097
2026-09-15 18:28:23,705.22,2026-09-15,702.0,0.06,0.07,0.06,72695,1230,0.2331,-0.068,0.06048,-0.065,0.0122
2026-09-15 18:28:23,705.22,2026-09-15,703.0,0.06,0.11,0.1,158984,826,0.1885,-0.1018,0.10133,-0.085,0.0166
2026-09-15 18:28:23,705.22,2026-09-15,704.0,0.16,0.17,0.16,322082,415,0.1574,-0.2011,0.19162,-0.165,0.0262
2026-09-15 18:28:23,705.22,2026-09-15,705.0,0.46,0.47,0.46,430130,10115,0.1536,-0.437,0.27541,-0.465,0.0367
2026-09-15 18:28:23,705.22,2026-09-15,706.0,1.03,1.04,1.03,262510,360,0.1521,-0.7074,0.24276,-0.255,0.032
2026-09-15 18:28:23,705.22,2026-09-15,707.0,1.86,1.93,1.81,168338,700,0.1777,-0.8577,0.13601,-0.115,0.021
2026-09-15 18:28:23,705.22,2026-09-15,708.0,2.76,2.93,2.8,166120,1026,0.2107,-0.9207,0.07525,-0.065,0.0137
2026-09-15 18:28:23,705.22,2026-09-15,709.0,3.84,3.87,3.79,91629,3929,0.2749,-0.9291,0.05298,-0.075,0.0126
2026-09-15 18:28:23,705.22,2026-09-15,710.0,4.67,4.82,4.72,38093,17534,,,,,
2026-09-15 18:28:23,705.22,2026-09-15,711.0,5.86,5.94,5.97,7240,573,0.4218,-0.9281,0.03491,-0.12,0.0128
2026-09-15 18:28:23,705.22,2026-09-15,712.0,6.65,6.88,6.79,4155,727,,,,,
2026-09-15 18:28:23,705.22,2026-09-15,713.0,7.65,7.95,7.68,1685,1161,0.3988,-0.9812,0.01236,-0.02,0.0043
2026-09-15 18:28:23,705.22,2026-09-15,714.0,8.61,8.79,8.63,836,859,,,,,
2026-09-15 18:28:23,705.22,2026-09-15,715.0,9.61,9.79,9.84,858,2401,,,,,
2026-09-15 18:28:23,705.22,2026-09-15,716.0,10.65,11.12,11.12,125,1161,0.6692,-0.9565,0.01479,-0.105,0.0086
2026-09-15 18:28:23,705.22,2026-09-15,717.0,11.81,12.06,11.86,211,612,0.7735,-0.947,0.015,-0.155,0.0101
2026-09-15 18:28:23,705.22,2026-09-15,718.0,12.86,13.2,13.26,153,460,0.9112,-0.9314,0.01558,-0.25,0.0123
2026-09-15 18:28:23,705.22,2026-09-15,719.0,13.82,14.23,13.32,161,105,0.9611,-0.9355,0.01408,-0.245,0.0117
2026-09-15 18:28:23,705.22,2026-09-15,720.0,14.73,14.94,14.74,170,620,0.7806,-0.9776,0.00733,-0.055,0.005
2026-09-15 18:29:23,705.39,2026-09-15,691.0,0.03,0.04,0.03,2125,145,0.7229,-0.0147,0.00557,-0.035,0.0035
2026-09-15 18:29:23,705.39,2026-09-15,692.0,0.03,0.04,0.03,8691,395,0.679,-0.0156,0.00622,-0.035,0.0036
2026-09-15 18:29:23,705.39,2026-09-15,693.0,0.01,0.04,0.01,2300,421,0.6057,-0.0128,0.00588,-0.025,0.0031
2026-09-15 18:29:23,705.39,2026-09-15,694.0,0.01,0.04,0.03,3569,412,0.5629,-0.0136,0.00669,-0.025,0.0032
2026-09-15 18:29:23,705.39,2026-09-15,695.0,0.01,0.04,0.01,6993,1082,0.5197,-0.0147,0.00771,-0.025,0.0034
2026-09-15 18:29:23,705.39,2026-09-15,696.0,0.01,0.04,0.03,9073,2637,0.4761,-0.0159,0.00901,-0.025,0.0037
2026-09-15 18:29:23,705.39,2026-09-15,697.0,0.03,0.04,0.01,7725,551,0.4547,-0.0223,0.0126,-0.035,0.0049
2026-09-15 18:29:23,705.39,2026-09-15,698.0,0.03,0.04,0.03,28787,1423,0.4084,-0.0245,0.0152,-0.035,0.0053
2026-09-15 18:29:23,705.39,2026-09-15,699.0,0.03,0.04,0.02,28633,1786,0.3614,-0.0273,0.0188,-0.035,0.0058
2026-09-15 18:29:23,705.39,2026-09-15,700.0,0.01,0.02,0.03,90806,2887,0.2744,-0.0164,0.01613,-0.015,0.0038
2026-09-15 18:29:23,705.39,2026-09-15,701.0,0.01,0.06,0.04,38060,971,0.2647,-0.0359,0.03218,-0.035,0.0073
2026-09-15 18:29:23,705.39,2026-09-15,702.0,0.06,0.07,0.06,72822,1230,0.2439,-0.0657,0.05662,-0.065,0.0118
2026-09-15 18:29:23,705.39,2026-09-15,703.0,0.09,0.1,0.09,159417,826,0.2061,-0.1041,0.09469,-0.095,0.0167
2026-09-15 18:29:23,705.39,2026-09-15,704.0,0.18,0.19,0.18,322326,415,0.1792,-0.1996,0.16855,-0.185,0.0259
2026-09-15 18:29:23,705.39,2026-09-15,705.0,0.42,0.43,0.42,431268,10115,0.163,-0.3963,0.25529,-0.425,0.0357
2026-09-15 18:29:23,705.39,2026-09-15,706.0,0.92,0.97,0.93,263590,360,0.1608,-0.6572,0.24683,-0.335,0.034
2026-09-15 18:29:23,705.39,2026-09-15,707.0,1.72,1.82,1.76,168450,700,0.1866,-0.8228,0.15031,-0.16,0.0241
2026-09-15 18:29:23,705.39,2026-09-15,708.0,2.65,2.73,2.63,166123,1026,0.2121,-0.9069,0.08475,-0.08,0.0154
2026-09-15 18:29:23,705.39,2026-09-15,709.0,3.6,3.75,3.79,91634,3929,0.2587,-0.9331,0.05413,-0.065,0.012
2026-09-15 18:29:23,705.39,2026-09-15,710.0,4.7,4.77,4.6,38097,17534,0.3608,-0.9148,0.04663,-0.125,0.0144
2026-09-15 18:29:23,705.39,2026-09-15,711.0,5.69,5.75,5.97,7240,573,0.4066,-0.9305,0.03544,-0.11,0.0124
2026-09-15 18:29:23,705.39,2026-09-15,712.0,6.53,6.73,6.79,4160,727,0.3492,-0.9788,0.01571,-0.02,0.0047
2026-09-15 18:29:23,705.39,2026-09-15,713.0,7.59,7.84,7.68,1685,1161,0.5103,-0.9449,0.02358,-0.105,0.0103
2026-09-15 18:29:23,705.39,2026-09-15,714.0,8.47,8.83,8.63,836,859,0.478,-0.9731,0.01403,-0.04,0.0058
2026-09-15 18:29:23,705.39,2026-09-15,715.0,9.78,9.88,9.78,858,2401,0.7165,-0.9241,0.02153,-0.22,0.0132
2026-09-15 18:29:23,705.39,2026-09-15,716.0,10.42,10.63,11.12,125,1161,,,,,
2026-09-15 18:29:23,705.39,2026-09-15,717.0,11.71,11.92,11.86,211,612,0.8147,-0.9358,0.01665,-0.205,0.0116
2026-09-15 18:29:23,705.39,2026-09-15,718.0,12.82,12.97,13.26,153,460,0.9342,-0.9248,0.0164,-0.285,0.0131
2026-09-15 18:29:23,705.39,2026-09-15,719.0,13.44,13.69,13.32,161,105,,,,,
2026-09-15 18:29:23,705.39,2026-09-15,720.0,14.5,14.7,14.74,170,620,,,,,
2026-09-15 18:30:24,705.32,2026-09-15,691.0,0.03,0.04,0.03,2130,145,0.7237,-0.0148,0.00561,-0.035,0.0034
2026-09-15 18:30:24,705.32,2026-09-15,692.0,0.03,0.04,0.03,8691,395,0.6796,-0.0156,0.00628,-0.035,0.0036
2026-09-15 18:30:24,705.32,2026-09-15,693.0,0.01,0.02,0.01,2300,421,0.5673,-0.0086,0.00447,-0.015,0.0021
2026-09-15 18:30:24,705.32,2026-09-15,694.0,0.03,0.04,0.03,3569,412,0.5905,-0.0177,0.00804,-0.035,0.004
2026-09-15 18:30:24,705.32,2026-09-15,695.0,0.03,0.04,0.01,6993,1082,0.5454,-0.0191,0.00925,-0.035,0.0043
2026-09-15 18:30:24,705.32,2026-09-15,696.0,0.01,0.04,0.02,9073,2637,0.4756,-0.016,0.00912,-0.025,0.0037
2026-09-15 18:30:24,705.32,2026-09-15,697.0,0.01,0.02,0.01,7725,551,0.4017,-0.0117,0.00829,-0.015,0.0028
2026-09-15 18:30:24,705.32,2026-09-15,698.0,0.03,0.04,0.01,28957,1423,0.4072,-0.0247,0.01543,-0.035,0.0053
2026-09-15 18:30:24,705.32,2026-09-15,699.0,0.03,0.04,0.02,28637,1786,0.3599,-0.0275,0.01913,-0.035,0.0058
2026-09-15 18:30:24,705.32,2026-09-15,700.0,0.04,0.05,0.02,91007,2887,0.326,-0.0374,0.0272,-0.045,0.0075
2026-09-15 18:30:24,705.32,2026-09-15,701.0,0.01,0.06,0.04,38261,971,0.2625,-0.0363,0.03298,-0.035,0.0073
2026-09-15 18:30:24,705.32,2026-09-15,702.0,0.06,0.07,0.03,72943,1230,0.2411,-0.0667,0.05827,-0.065,0.0119
2026-09-15 18:30:24,705.32,2026-09-15,703.0,0.09,0.1,0.09,161359,826,0.2026,-0.1061,0.09826,-0.095,0.0169
2026-09-15 18:30:24,705.32,2026-09-15,704.0,0.14,0.19,0.19,324245,415,0.1665,-0.1941,0.1793,-0.165,0.0253
2026-09-15 18:30:24,705.32,2026-09-15,705.0,0.39,0.4,0.4,433965,10115,0.147,-0.4061,0.28645,-0.395,0.0357
2026-09-15 18:30:24,705.32,2026-09-15,706.0,1,1.01,1.02,264705,360,0.1647,-0.6726,0.23804,-0.32,0.0332
2026-09-15 18:30:24,705.32,2026-09-15,707.0,1.83,1.87,1.87,168718,700,0.1953,-0.8242,0.14373,-0.165,0.0238
2026-09-15 18:30:24,705.32,2026-09-15,708.0,2.67,2.83,2.65,166124,1026,0.2075,-0.919,0.07852,-0.065,0.0138
2026-09-15 18:30:24,705.32,2026-09-15,709.0,3.7,3.81,3.76,91646,3929,0.2685,-0.931,0.05374,-0.07,0.0122
2026-09-15 18:30:24,705.32,2026-09-15,710.0,4.65,4.74,4.64,38100,17534,0.2431,-0.9813,0.0204,-0.01,0.0042
2026-09-15 18:30:24,705.32,2026-09-15,711.0,5.71,5.84,5.97,7240,573,0.3959,-0.9393,0.03296,-0.09,0.0111
2026-09-15 18:30:24,705.32,2026-09-15,712.0,6.63,6.8,6.64,4160,727,0.3738,-0.9731,0.01803,-0.03,0.0057
2026-09-15 18:30:24,705.32,2026-09-15,713.0,7.57,7.71,7.68,1687,1161,,,,,
2026-09-15 18:30:24,705.32,2026-09-15,714.0,8.63,8.94,8.63,836,859,0.5643,-0.9512,0.01947,-0.1,0.0093
2026-09-15 18:30:24,705.32,2026-09-15,715.0,9.48,9.72,9.78,858,2401,,,,,
2026-09-15 18:30:24,705.32,2026-09-15,716.0,10.72,10.92,11.12,125,1161,0.7046,-0.9484,0.01631,-0.135,0.0097
2026-09-15 18:30:24,705.32,2026-09-15,717.0,11.78,11.99,11.86,211,612,0.8191,-0.9371,0.0164,-0.2,0.0114
2026-09-15 18:30:24,705.32,2026-09-15,718.0,12.56,13.05,13.26,153,460,0.7898,-0.9576,0.01243,-0.12,0.0083
2026-09-15 18:30:24,705.32,2026-09-15,719.0,13.55,13.62,13.32,161,105,,,,,
2026-09-15 18:30:24,705.32,2026-09-15,720.0,14.88,15.08,14.74,170,620,1.063,-0.9302,0.01368,-0.295,0.0123
2026-09-15 18:31:28,705.06,2026-09-15,691.0,0.01,0.02,0.03,2346,145,0.6422,-0.0077,0.00361,-0.015,0.0019
2026-09-15 18:31:28,705.06,2026-09-15,692.0,0.03,0.04,0.03,8692,395,0.6725,-0.0159,0.00646,-0.035,0.0036
2026-09-15 18:31:28,705.06,2026-09-15,693.0,0.03,0.04,0.01,2300,421,0.6278,-0.0169,0.0073,-0.035,0.0038
2026-09-15 18:31:28,705.06,2026-09-15,694.0,0.03,0.04,0.03,3569,412,0.5827,-0.0181,0.00833,-0.035,0.0041
2026-09-15 18:31:28,705.06,2026-09-15,695.0,0.03,0.04,0.01,6993,1082,0.5372,-0.0194,0.00961,-0.035,0.0043
2026-09-15 18:31:28,705.06,2026-09-15,696.0,0.01,0.02,0.02,9073,2637,0.4357,-0.011,0.00725,-0.015,0.0026
2026-09-15 18:31:28,705.06,2026-09-15,697.0,0.03,0.04,0.03,7727,551,0.4448,-0.023,0.01337,-0.035,0.005
2026-09-15 18:31:28,705.06,2026-09-15,698.0,0.03,0.04,0.01,29409,1423,0.3977,-0.0254,0.01625,-0.035,0.0054
2026-09-15 18:31:28,705.06,2026-09-15,699.0,0.03,0.04,0.03,28638,1786,0.3499,-0.0284,0.02031,-0.035,0.0059
2026-09-15 18:31:28,705.06,2026-09-15,700.0,0.04,0.05,0.04,91440,2887,0.3151,-0.0388,0.02914,-0.045,0.0077
2026-09-15 18:31:28,705.06,2026-09-15,701.0,0.01,0.02,0.05,38294,971,0.218,-0.0204,0.0247,-0.015,0.0045
2026-09-15 18:31:28,705.06,2026-09-15,702.0,0.06,0.07,0.06,73544,1230,0.228,-0.0703,0.06455,-0.065,0.0123
2026-09-15 18:31:28,705.06,2026-09-15,703.0,0.1,0.11,0.07,162476,826,0.193,-0.1206,0.11363,-0.105,0.0184
2026-09-15 18:31:28,705.06,2026-09-15,704.0,0.17,0.18,0.18,325599,415,0.1512,-0.2202,0.21415,-0.175,0.0271
2026-09-15 18:31:28,705.06,2026-09-15,705.0,0.51,0.52,0.52,436960,10115,0.1498,-0.4807,0.29064,-0.515,0.0365
2026-09-15 18:31:28,705.06,2026-09-15,706.0,1.15,1.17,1.12,265833,360,0.1576,-0.7411,0.22439,-0.22,0.0296
2026-09-15 18:31:28,705.06,2026-09-15,707.0,2,2.009,2.05,169021,700,0.1636,-0.9014,0.11602,-0.0645,0.0159
2026-09-15 18:31:28,705.06,2026-09-15,708.0,2.82,2.97,3,166165,1026,,,,,
2026-09-15 18:31:28,705.06,2026-09-15,709.0,3.9,3.97,3.94,91651,3929,0.1288,-0.9996,0.00134,0.005,0.0001
2026-09-15 18:31:28,705.06,2026-09-15,710.0,5.01,5.07,4.93,38114,17534,0.3655,-0.929,0.0406,-0.1,0.0124
2026-09-15 18:31:28,705.06,2026-09-15,711.0,5.83,6.01,5.88,7276,573,,,,,
2026-09-15 18:31:28,705.06,2026-09-15,712.0,6.75,7.08,6.64,4160,727,,,,,
2026-09-15 18:31:28,705.06,2026-09-15,713.0,7.66,8.029,7.8,1687,1161,,,,,
2026-09-15 18:31:28,705.06,2026-09-15,714.0,8.86,9.06,8.63,836,859,0.4561,-0.9832,0.01001,-0.02,0.0038
2026-09-15 18:31:28,705.06,2026-09-15,715.0,9.73,9.9,9.78,858,2401,,,,,
2026-09-15 18:31:28,705.06,2026-09-15,716.0,10.68,10.89,11.12,125,1161,,,,,
2026-09-15 18:31:28,705.06,2026-09-15,717.0,11.89,11.98,11.86,211,612,0.3687,-0.9998,0.00025,0.005,0.0001
2026-09-15 18:31:28,705.06,2026-09-15,718.0,12.65,12.87,13.26,153,460,,,,,
2026-09-15 18:31:28,705.06,2026-09-15,719.0,13.68,14.17,13.32,161,105,,,,,
2026-09-15 18:31:28,705.06,2026-09-15,720.0,14.74,15.12,14.74,170,620,,,,,
2026-09-15 18:32:28,705.02,2026-09-15,691.0,0.01,0.02,0.02,2363,145,0.6443,-0.0077,0.00363,-0.015,0.0019
2026-09-15 18:32:28,705.02,2026-09-15,692.0,0.03,0.04,0.03,8692,395,0.6747,-0.0159,0.00649,-0.035,0.0036
2026-09-15 18:32:28,705.02,2026-09-15,693.0,0.01,0.02,0.01,2300,421,0.5621,-0.0088,0.00464,-0.015,0.0022
2026-09-15 18:32:28,705.02,2026-09-15,694.0,0.01,0.04,0.03,3569,412,0.5568,-0.014,0.00704,-0.025,0.0032
2026-09-15 18:32:28,705.02,2026-09-15,695.0,0.03,0.04,0.01,7000,1082,0.5385,-0.0195,0.00966,-0.035,0.0043
2026-09-15 18:32:28,705.02,2026-09-15,696.0,0.01,0.02,0.02,9073,2637,0.4365,-0.011,0.0073,-0.015,0.0026
2026-09-15 18:32:28,705.02,2026-09-15,697.0,0.03,0.04,0.03,7727,551,0.4455,-0.0231,0.01347,-0.035,0.005
2026-09-15 18:32:28,705.02,2026-09-15,698.0,0.03,0.04,0.03,29423,1423,0.3981,-0.0255,0.01639,-0.035,0.0054
2026-09-15 18:32:28,705.02,2026-09-15,699.0,0.01,0.04,0.03,28654,1786,0.3314,-0.0223,0.01758,-0.025,0.0048
2026-09-15 18:32:28,705.02,2026-09-15,700.0,0.01,0.02,0.03,91459,2887,0.2628,-0.0174,0.01796,-0.015,0.0039
2026-09-15 18:32:28,705.02,2026-09-15,701.0,0.01,0.06,0.05,38397,971,0.2507,-0.0382,0.03642,-0.035,0.0076
2026-09-15 18:32:28,705.02,2026-09-15,702.0,0.06,0.07,0.03,73553,1230,0.227,-0.0709,0.06564,-0.065,0.0123
2026-09-15 18:32:28,705.02,2026-09-15,703.0,0.1,0.11,0.11,163808,826,0.1915,-0.1219,0.11613,-0.105,0.0184
2026-09-15 18:32:28,705.02,2026-09-15,704.0,0.17,0.22,0.22,326291,415,0.156,-0.2346,0.21631,-0.195,0.0279
2026-09-15 18:32:28,705.02,2026-09-15,705.0,0.5,0.51,0.51,439746,10115,0.1426,-0.4919,0.30752,-0.505,0.0363
2026-09-15 18:32:28,705.02,2026-09-15,706.0,1.13,1.14,1.14,266820,360,0.1389,-0.7793,0.23466,-0.155,0.027
2026-09-15 18:32:28,705.02,2026-09-15,707.0,2.04,2.1,2.05,169088,700,0.1822,-0.8827,0.11875,-0.09,0.0179
2026-09-15 18:32:28,705.02,2026-09-15,708.0,2.95,3.06,3.06,166185,1026,0.1897,-0.9572,0.05273,-0.025,0.0083
2026-09-15 18:32:28,705.02,2026-09-15,709.0,3.99,4.04,4.01,91856,3929,0.2531,-0.9573,0.03949,-0.035,0.0083
2026-09-15 18:32:28,705.02,2026-09-15,710.0,4.92,5.07,5.06,38121,17534,0.2703,-0.978,0.02134,-0.015,0.0048
2026-09-15 18:32:28,705.02,2026-09-15,711.0,5.83,6.07,5.9,7281,573,,,,,
2026-09-15 18:32:28,705.02,2026-09-15,712.0,6.75,7.14,6.64,4160,727,,,,,
2026-09-15 18:32:28,705.02,2026-09-15,713.0,7.95,8.07,7.8,1687,1161,0.4383,-0.9765,0.01393,-0.03,0.0051
2026-09-15 18:32:28,705.02,2026-09-15,714.0,8.86,8.97,8.63,836,859,,,,,
2026-09-15 18:32:28,705.02,2026-09-15,715.0,9.63,9.95,9.78,858,2401,,,,,
2026-09-15 18:32:28,705.02,2026-09-15,716.0,10.89,10.91,11.12,125,1161,,,,,
2026-09-15 18:32:28,705.02,2026-09-15,717.0,11.57,12.23,11.86,211,612,,,,,
2026-09-15 18:32:28,705.02,2026-09-15,718.0,13.03,13.06,13.26,153,460,0.7347,-0.9725,0.00947,-0.065,0.0058
2026-09-15 18:32:28,705.02,2026-09-15,719.0,14.01,14.12,13.32,161,105,0.8148,-0.9687,0.00951,-0.085,0.0064
2026-09-15 18:32:28,705.02,2026-09-15,720.0,15.01,15.05,14.74,170,620,0.7967,-0.9793,0.00688,-0.05,0.0045
2026-09-15 18:33:29,704.93,2026-09-15,690.0,0.03,0.04,0.03,4035,3175,0.7644,-0.0143,0.00526,-0.035,0.0033
2026-09-15 18:33:29,704.93,2026-09-15,691.0,0.03,0.04,0.03,2381,145,0.7196,-0.0151,0.00585,-0.035,0.0034
2026-09-15 18:33:29,704.93,2026-09-15,692.0,0.01,0.02,0.03,8693,395,0.6032,-0.0083,0.00413,-0.015,0.002
2026-09-15 18:33:29,704.93,2026-09-15,693.0,0.01,0.04,0.03,2301,421,0.6002,-0.0132,0.00623,-0.025,0.0031
2026-09-15 18:33:29,704.93,2026-09-15,694.0,0.03,0.04,0.03,3569,412,0.5836,-0.0182,0.00848,-0.035,0.004
2026-09-15 18:33:29,704.93,2026-09-15,695.0,0.03,0.04,0.01,7002,1082,0.5375,-0.0196,0.0098,-0.035,0.0043
2026-09-15 18:33:29,704.93,2026-09-15,696.0,0.03,0.04,0.02,9073,2637,0.491,-0.0213,0.01148,-0.035,0.0046
2026-09-15 18:33:29,704.93,2026-09-15,697.0,0.01,0.02,0.03,7730,551,0.3924,-0.0122,0.00892,-0.015,0.0029
2026-09-15 18:33:29,704.93,2026-09-15,698.0,0.03,0.04,0.03,29426,1423,0.3962,-0.0257,0.0167,-0.035,0.0054
2026-09-15 18:33:29,704.93,2026-09-15,699.0,0.01,0.02,0.03,28665,1786,0.305,-0.0153,0.01395,-0.015,0.0035
2026-09-15 18:33:29,704.93,2026-09-15,700.0,0.01,0.02,0.02,91546,2887,0.2603,-0.0176,0.01846,-0.015,0.0039
2026-09-15 18:33:29,704.93,2026-09-15,701.0,0.01,0.02,0.04,38420,971,0.2145,-0.0209,0.02592,-0.015,0.0045
2026-09-15 18:33:29,704.93,2026-09-15,702.0,0.03,0.08,0.05,73578,1230,0.2148,-0.0648,0.06514,-0.055,0.0114
2026-09-15 18:33:29,704.93,2026-09-15,703.0,0.08,0.09,0.12,163883,826,0.1754,-0.1107,0.1191,-0.085,0.0171
2026-09-15 18:33:29,704.93,2026-09-15,704.0,0.21,0.22,0.25,326612,415,0.1562,-0.2536,0.22661,-0.215,0.029
2026-09-15 18:33:29,704.93,2026-09-15,705.0,0.61,0.62,0.6,440625,10115,0.1613,-0.5174,0.27326,-0.545,0.036
2026-09-15 18:33:29,704.93,2026-09-15,706.0,1.27,1.3,1.22,267244,360,0.169,-0.7565,0.20497,-0.215,0.0283
2026-09-15 18:33:29,704.93,2026-09-15,707.0,2.17,2.22,2.19,169109,700,0.2079,-0.8633,0.11646,-0.125,0.0198
2026-09-15 18:33:29,704.93,2026-09-15,708.0,3.11,3.15,3.02,166190,1026,0.2297,-0.9293,0.06512,-0.06,0.0122
2026-09-15 18:33:29,704.93,2026-09-15,709.0,3.99,4.24,3.96,91862,3929,0.2707,-0.9509,0.04151,-0.045,0.0092
2026-09-15 18:33:29,704.93,2026-09-15,710.0,4.97,5.26,4.96,38121,17534,0.3229,-0.9578,0.0308,-0.045,0.0081
2026-09-15 18:33:29,704.93,2026-09-15,711.0,6.07,6.27,6.01,7282,573,0.4334,-0.938,0.03119,-0.1,0.0111
2026-09-15 18:33:29,704.93,2026-09-15,712.0,6.86,7.1,7.05,4161,727,,,,,
2026-09-15 18:33:29,704.93,2026-09-15,713.0,8.1,8.15,7.8,1687,1161,0.4871,-0.9654,0.01737,-0.055,0.0069
2026-09-15 18:33:29,704.93,2026-09-15,714.0,8.79,9.24,8.63,836,859,,,,,
2026-09-15 18:33:29,704.93,2026-09-15,715.0,10.15,10.34,9.78,858,2401,0.7224,-0.9364,0.01908,-0.175,0.0113
2026-09-15 18:33:29,704.93,2026-09-15,716.0,10.83,11,11.12,125,1161,,,,,
2026-09-15 18:33:29,704.93,2026-09-15,717.0,12.07,12.29,11.86,211,612,0.7604,-0.9586,0.01288,-0.11,0.008
2026-09-15 18:33:29,704.93,2026-09-15,718.0,12.74,13.11,13.26,153,460,,,,,
2026-09-15 18:33:29,704.93,2026-09-15,719.0,13.7,14.19,13.32,161,105,,,,,
2026-09-15 18:34:31,704.93,2026-09-15,690.0,0.03,0.04,0.03,4035,3175,0.7689,-0.0143,0.00526,-0.035,0.0033
2026-09-15 18:34:31,704.93,2026-09-15,691.0,0.03,0.04,0.03,2398,145,0.7239,-0.0151,0.00586,-0.035,0.0034
2026-09-15 18:34:31,704.93,2026-09-15,692.0,0.03,0.04,0.02,8694,395,0.6786,-0.016,0.00656,-0.035,0.0036
2026-09-15 18:34:31,704.93,2026-09-15,693.0,0.01,0.04,0.03,2301,421,0.6037,-0.0132,0.00623,-0.025,0.003
2026-09-15 18:34:31,704.93,2026-09-15,694.0,0.03,0.04,0.01,3570,412,0.5871,-0.0182,0.00848,-0.035,0.004
2026-09-15 18:34:31,704.93,2026-09-15,695.0,0.03,0.04,0.01,7002,1082,0.5407,-0.0196,0.0098,-0.035,0.0043
2026-09-15 18:34:31,704.93,2026-09-15,696.0,0.01,0.04,0.02,9073,2637,0.4697,-0.0165,0.00972,-0.025,0.0037
2026-09-15 18:34:31,704.93,2026-09-15,697.0,0.01,0.04,0.03,7730,551,0.4241,-0.0181,0.01164,-0.025,0.004
2026-09-15 18:34:31,704.93,2026-09-15,698.0,0.03,0.04,0.03,29426,1423,0.3985,-0.0257,0.0167,-0.035,0.0054
2026-09-15 18:34:31,704.93,2026-09-15,699.0,0.01,0.02,0.03,28666,1786,0.3068,-0.0153,0.01395,-0.015,0.0035
2026-09-15 18:34:31,704.93,2026-09-15,700.0,0.04,0.05,0.03,91557,2887,0.314,-0.0395,0.03022,-0.045,0.0077
2026-09-15 18:34:31,704.93,2026-09-15,701.0,0.05,0.06,0.04,38457,971,0.2721,-0.0532,0.04428,-0.055,0.0097
2026-09-15 18:34:31,704.93,2026-09-15,702.0,0.07,0.08,0.04,73588,1230,0.2323,-0.0793,0.07071,-0.075,0.0133
2026-09-15 18:34:31,704.93,2026-09-15,703.0,0.12,0.13,0.12,163932,826,0.1981,-0.138,0.12378,-0.125,0.0198
2026-09-15 18:34:31,704.93,2026-09-15,704.0,0.22,0.23,0.26,327698,415,0.1606,-0.2582,0.22382,-0.225,0.0291
2026-09-15 18:34:31,704.93,2026-09-15,705.0,0.63,0.64,0.63,442027,10115,0.1678,-0.5168,0.2642,-0.565,0.0358
2026-09-15 18:34:31,704.93,2026-09-15,706.0,1.28,1.33,1.32,267707,360,0.1771,-0.7478,0.20058,-0.235,0.0287
2026-09-15 18:34:31,704.93,2026-09-15,707.0,2.15,2.24,2.11,169120,700,0.2091,-0.8634,0.11645,-0.125,0.0197
2026-09-15 18:34:31,704.93,2026-09-15,708.0,3.12,3.17,3.02,166193,1026,0.2428,-0.9192,0.06862,-0.075,0.0135
2026-09-15 18:34:31,704.93,2026-09-15,709.0,3.99,4.11,4.09,91862,3929,,,,,
2026-09-15 18:34:31,704.93,2026-09-15,710.0,4.98,5.11,5.02,38126,17534,,,,,
2026-09-15 18:34:31,704.93,2026-09-15,711.0,5.85,6.26,6.01,7282,573,,,,,
2026-09-15 18:34:31,704.93,2026-09-15,712.0,7.08,7.21,7.05,4161,727,0.4646,-0.9535,0.02329,-0.075,0.0087
2026-09-15 18:34:31,704.93,2026-09-15,713.0,7.88,8.23,7.8,1687,1161,,,,,
2026-09-15 18:34:31,704.93,2026-09-15,714.0,8.84,9.14,8.63,836,859,,,,,
2026-09-15 18:34:31,704.93,2026-09-15,715.0,9.87,10.19,9.78,858,2401,,,,,
2026-09-15 18:34:31,704.93,2026-09-15,716.0,11.05,11.15,11.12,125,1161,0.5839,-0.9816,0.00859,-0.03,0.0041
2026-09-15 18:34:31,704.93,2026-09-15,717.0,11.77,12.13,11.86,211,612,,,,,
2026-09-15 18:34:31,704.93,2026-09-15,718.0,12.71,13.21,13.26,153,460,,,,,
2026-09-15 18:34:31,704.93,2026-09-15,719.0,13.77,14.2,13.32,161,105,,,,,
2026-09-15 18:35:32,704.95,2026-09-15,690.0,0.01,0.04,0.03,4035,3175,0.7399,-0.011,0.00438,-0.025,0.0026
2026-09-15 18:35:32,704.95,2026-09-15,691.0,0.03,0.04,0.03,2410,145,0.7289,-0.0151,0.00585,-0.035,0.0034
2026-09-15 18:35:32,704.95,2026-09-15,692.0,0.03,0.04,0.02,8694,395,0.6834,-0.016,0.00655,-0.035,0.0036
2026-09-15 18:35:32,704.95,2026-09-15,693.0,0.03,0.04,0.01,2302,421,0.6375,-0.017,0.00741,-0.035,0.0038
2026-09-15 18:35:32,704.95,2026-09-15,694.0,0.03,0.04,0.01,3570,412,0.5913,-0.0182,0.00846,-0.035,0.004
2026-09-15 18:35:32,704.95,2026-09-15,695.0,0.03,0.04,0.01,7002,1082,0.5446,-0.0196,0.00977,-0.035,0.0043
2026-09-15 18:35:32,704.95,2026-09-15,696.0,0.03,0.04,0.02,9073,2637,0.4975,-0.0212,0.01146,-0.035,0.0046
2026-09-15 18:35:32,704.95,2026-09-15,697.0,0.03,0.04,0.01,7852,551,0.4499,-0.0232,0.01366,-0.035,0.0049
2026-09-15 18:35:32,704.95,2026-09-15,698.0,0.01,0.02,0.03,29426,1423,0.3538,-0.0135,0.01095,-0.015,0.0031
2026-09-15 18:35:32,704.95,2026-09-15,699.0,0.03,0.04,0.03,28666,1786,0.3526,-0.0288,0.02088,-0.035,0.0059
2026-09-15 18:35:32,704.95,2026-09-15,700.0,0.01,0.05,0.02,91560,2887,0.2946,-0.0295,0.02546,-0.03,0.006
2026-09-15 18:35:32,704.95,2026-09-15,701.0,0.05,0.06,0.04,38457,971,0.2746,-0.0531,0.04406,-0.055,0.0097
2026-09-15 18:35:32,704.95,2026-09-15,702.0,0.03,0.04,0.07,73619,1230,0.1984,-0.0476,0.05592,-0.035,0.0089
2026-09-15 18:35:32,704.95,2026-09-15,703.0,0.12,0.13,0.12,163972,826,0.2004,-0.1375,0.12277,-0.125,0.0196
2026-09-15 18:35:32,704.95,2026-09-15,704.0,0.21,0.22,0.25,327930,415,0.1594,-0.252,0.22399,-0.215,0.0285
2026-09-15 18:35:32,704.95,2026-09-15,705.0,0.58,0.59,0.58,443181,10115,0.157,-0.5139,0.28426,-0.53,0.0356
2026-09-15 18:35:32,704.95,2026-09-15,706.0,1.25,1.26,1.25,268146,360,0.1643,-0.7622,0.2106,-0.2,0.0276
2026-09-15 18:35:32,704.95,2026-09-15,707.0,2.08,2.1,2.08,169167,700,0.1526,-0.9333,0.09493,-0.035,0.0116
2026-09-15 18:35:32,704.95,2026-09-15,708.0,3.04,3.1,3.04,166200,1026,0.1828,-0.9687,0.04313,-0.015,0.0063
2026-09-15 18:35:32,704.95,2026-09-15,709.0,4.11,4.19,4.09,91862,3929,0.3181,-0.922,0.05131,-0.095,0.013
2026-09-15 18:35:32,704.95,2026-09-15,710.0,5.06,5.21,4.97,38129,17534,0.3631,-0.9393,0.03707,-0.08,0.0107
2026-09-15 18:35:32,704.95,2026-09-15,711.0,6.11,6.17,5.97,7283,573,0.4233,-0.944,0.02981,-0.085,0.0101
2026-09-15 18:35:32,704.95,2026-09-15,712.0,6.87,7.17,7.05,4161,727,,,,,
2026-09-15 18:35:32,704.95,2026-09-15,713.0,8.039,8.24,7.8,1687,1161,0.5302,-0.9541,0.02033,-0.0845,0.0086
2026-09-15 18:35:32,704.95,2026-09-15,714.0,9.09,9.15,9.11,837,859,0.5564,-0.9645,0.01574,-0.065,0.007
2026-09-15 18:35:32,704.95,2026-09-15,715.0,10.06,10.18,9.78,858,2401,0.6061,-0.967,0.01359,-0.065,0.0066
2026-09-15 18:35:32,704.95,2026-09-15,716.0,11.08,11.3,11.12,125,1161,0.7455,-0.9496,0.01558,-0.135,0.0093
2026-09-15 18:35:32,704.95,2026-09-15,717.0,12.21,12.32,11.86,211,612,0.8734,-0.9364,0.01597,-0.21,0.0111
2026-09-15 18:35:32,704.95,2026-09-15,718.0,13.16,13.28,13.26,153,460,0.8842,-0.9485,0.01335,-0.165,0.0094
2026-09-15 18:35:32,704.95,2026-09-15,719.0,13.92,14.28,13.32,161,105,0.7574,-0.9798,0.0072,-0.045,0.0044
2026-09-15 18:36:34,704.79,2026-09-15,690.0,0.03,0.04,0.03,4043,3175,0.7724,-0.0144,0.00534,-0.035,0.0032
2026-09-15 18:36:34,704.79,2026-09-15,691.0,0.01,0.04,0.03,2414,145,0.6941,-0.0117,0.00497,-0.025,0.0027
2026-09-15 18:36:34,704.79,2026-09-15,692.0,0.01,0.02,0.02,8694,395,0.6086,-0.0083,0.0042,-0.015,0.002
2026-09-15 18:36:34,704.79,2026-09-15,693.0,0.03,0.04,0.01,2302,421,0.6347,-0.0172,0.00755,-0.035,0.0038
2026-09-15 18:36:34,704.79,2026-09-15,694.0,0.03,0.04,0.01,3570,412,0.5881,-0.0184,0.00864,-0.035,0.004
2026-09-15 18:36:34,704.79,2026-09-15,695.0,0.01,0.02,0.01,7002,1082,0.4808,-0.0103,0.00641,-0.015,0.0024
2026-09-15 18:36:34,704.79,2026-09-15,696.0,0.01,0.04,0.02,9073,2637,0.4693,-0.0167,0.00995,-0.025,0.0037
2026-09-15 18:36:34,704.79,2026-09-15,697.0,0.01,0.02,0.01,7852,551,0.3937,-0.0124,0.00916,-0.015,0.0028
2026-09-15 18:36:34,704.79,2026-09-15,698.0,0.03,0.04,0.03,29426,1423,0.3968,-0.0261,0.01719,-0.035,0.0054
2026-09-15 18:36:34,704.79,2026-09-15,699.0,0.01,0.02,0.03,28666,1786,0.3045,-0.0156,0.01445,-0.015,0.0035
2026-09-15 18:36:34,704.79,2026-09-15,700.0,0.01,0.05,0.04,91561,2887,0.289,-0.0301,0.02662,-0.03,0.0061
2026-09-15 18:36:34,704.79,2026-09-15,701.0,0.01,0.02,0.04,38493,971,0.2121,-0.0215,0.0273,-0.015,0.0046
2026-09-15 18:36:34,704.79,2026-09-15,702.0,0.07,0.08,0.07,73621,1230,0.2269,-0.0817,0.07496,-0.075,0.0134
2026-09-15 18:36:34,704.79,2026-09-15,703.0,0.12,0.13,0.12,164249,826,0.191,-0.1437,0.13358,-0.125,0.0201
2026-09-15 18:36:34,704.79,2026-09-15,704.0,0.24,0.29,0.24,328180,415,0.1636,-0.2905,0.23584,-0.265,0.0304
2026-09-15 18:36:34,704.79,2026-09-15,705.0,0.63,0.68,0.67,444091,10115,0.155,-0.5574,0.28687,-0.45,0.0351
2026-09-15 18:36:34,704.79,2026-09-15,706.0,1.38,1.39,1.38,268533,360,0.1705,-0.7855,0.1927,-0.18,0.0259
2026-09-15 18:36:34,704.79,2026-09-15,707.0,2.23,2.3,2.27,169198,700,0.182,-0.9128,0.09814,-0.06,0.0141
2026-09-15 18:36:34,704.79,2026-09-15,708.0,3.01,3.27,3.01,166204,1026,,,,,
2026-09-15 18:36:34,704.79,2026-09-15,709.0,4.21,4.3,4.09,91862,3929,0.2883,-0.9489,0.04102,-0.05,0.0093
2026-09-15 18:36:34,704.79,2026-09-15,710.0,5.22,5.34,5.13,38130,17534,0.369,-0.9428,0.035,-0.075,0.0102
2026-09-15 18:36:34,704.79,2026-09-15,711.0,6.07,6.23,5.97,7283,573,,,,,
2026-09-15 18:36:34,704.79,2026-09-15,712.0,7.11,7.2,7.05,4161,727,,,,,
2026-09-15 18:36:34,704.79,2026-09-15,713.0,8.09,8.15,7.8,1687,1161,,,,,
2026-09-15 18:36:34,704.79,2026-09-15,714.0,9.15,9.31,9.11,837,859,0.494,-0.9813,0.01044,-0.025,0.0041
2026-09-15 18:36:34,704.79,2026-09-15,715.0,9.99,10.26,9.78,858,2401,,,,,
2026-09-15 18:36:34,704.79,2026-09-15,716.0,10.85,11.13,11.12,125,1161,,,,,
2026-09-15 18:36:34,704.79,2026-09-15,717.0,12.01,12.06,11.86,211,612,,,,,
2026-09-15 18:36:34,704.79,2026-09-15,718.0,12.99,13.32,13.26,153,460,,,,,
2026-09-15 18:36:34,704.79,2026-09-15,719.0,14.24,14.43,13.32,161,105,0.9095,-0.9586,0.01096,-0.13,0.0079
2026-09-15 18:37:35,704.78,2026-09-15,690.0,0.03,0.04,0.01,4049,3175,0.7764,-0.0144,0.00534,-0.035,0.0032
2026-09-15 18:37:35,704.78,2026-09-15,691.0,0.03,0.04,0.02,2418,145,0.7306,-0.0152,0.00595,-0.035,0.0034
2026-09-15 18:37:35,704.78,2026-09-15,692.0,0.03,0.04,0.02,8694,395,0.6844,-0.0162,0.00668,-0.035,0.0036
2026-09-15 18:37:35,704.78,2026-09-15,693.0,0.01,0.02,0.01,2303,421,0.5692,-0.0089,0.00479,-0.015,0.0021
2026-09-15 18:37:35,704.78,2026-09-15,694.0,0.03,0.04,0.01,3570,412,0.591,-0.0184,0.00866,-0.035,0.004
2026-09-15 18:37:35,704.78,2026-09-15,695.0,0.03,0.04,0.03,7021,1082,0.5437,-0.0198,0.01002,-0.035,0.0042
2026-09-15 18:37:35,704.78,2026-09-15,696.0,0.01,0.02,0.03,9080,2637,0.4395,-0.0112,0.00761,-0.015,0.0026
2026-09-15 18:37:35,704.78,2026-09-15,697.0,0.01,0.02,0.01,7852,551,0.3955,-0.0124,0.00919,-0.015,0.0028
2026-09-15 18:37:35,704.78,2026-09-15,698.0,0.03,0.04,0.03,29427,1423,0.3986,-0.0261,0.01725,-0.035,0.0054
2026-09-15 18:37:35,704.78,2026-09-15,699.0,0.03,0.04,0.02,28711,1786,0.3487,-0.0294,0.02174,-0.035,0.0059
2026-09-15 18:37:35,704.78,2026-09-15,700.0,0.01,0.02,0.04,91561,2887,0.2597,-0.018,0.01934,-0.015,0.0039
2026-09-15 18:37:35,704.78,2026-09-15,701.0,0.05,0.06,0.02,38509,971,0.2688,-0.0546,0.04665,-0.055,0.0098
2026-09-15 18:37:35,704.78,2026-09-15,702.0,0.03,0.04,0.04,73658,1230,0.1918,-0.0495,0.06046,-0.035,0.009
2026-09-15 18:37:35,704.78,2026-09-15,703.0,0.09,0.1,0.13,164458,826,0.1753,-0.1238,0.13217,-0.095,0.018
2026-09-15 18:37:35,704.78,2026-09-15,704.0,0.26,0.27,0.25,328388,415,0.1631,-0.2924,0.23867,-0.265,0.0303
2026-09-15 18:37:35,704.78,2026-09-15,705.0,0.69,0.7,0.69,444350,10115,0.165,-0.5583,0.27102,-0.475,0.0348
2026-09-15 18:37:35,704.78,2026-09-15,706.0,1.36,1.39,1.36,269044,360,0.1629,-0.8006,0.19442,-0.155,0.0247
2026-09-15 18:37:35,704.78,2026-09-15,707.0,2.26,2.35,2.2,169217,700,0.2006,-0.894,0.10341,-0.085,0.0162
2026-09-15 18:37:35,704.78,2026-09-15,708.0,3.2,3.24,3.11,166213,1026,0.1566,-0.9898,0.01958,0.0,0.0024
2026-09-15 18:37:35,704.78,2026-09-15,709.0,4.26,4.3,4.24,91863,3929,0.3012,-0.9429,0.04313,-0.06,0.0101
2026-09-15 18:37:35,704.78,2026-09-15,710.0,5.12,5.3,5.13,38130,17534,,,,,
2026-09-15 18:37:35,704.78,2026-09-15,711.0,6.16,6.21,6.05,7284,573,,,,,
2026-09-15 18:37:35,704.78,2026-09-15,712.0,7.09,7.3,6.93,4163,727,,,,,
2026-09-15 18:37:35,704.78,2026-09-15,713.0,8.14,8.34,7.8,1689,1161,0.4394,-0.9823,0.01126,-0.02,0.0039
2026-09-15 18:37:35,704.78,2026-09-15,714.0,9.06,9.38,9.11,837,859,0.3958,-0.9956,0.00371,-0.0,0.0011
2026-09-15 18:37:35,704.78,2026-09-15,715.0,9.91,10.44,9.78,858,2401,,,,,
2026-09-15 18:37:35,704.78,2026-09-15,716.0,11.3,11.49,11.12,125,1161,0.8047,-0.9408,0.01659,-0.175,0.0104
2026-09-15 18:37:35,704.78,2026-09-15,717.0,11.89,12.29,11.86,211,612,,,,,
2026-09-15 18:37:35,704.78,2026-09-15,718.0,13.37,13.57,13.26,153,460,0.9862,-0.933,0.01492,-0.25,0.0115
2026-09-15 18:37:35,704.78,2026-09-15,719.0,14.13,14.52,13.32,161,105,0.8819,-0.9643,0.01009,-0.105,0.0069
2026-09-15 18:38:36,704.85,2026-09-15,690.0,0.01,0.04,0.01,4056,3175,0.7496,-0.0111,0.00443,-0.025,0.0026
2026-09-15 18:38:36,704.85,2026-09-15,691.0,0.03,0.04,0.03,2418,145,0.7383,-0.0152,0.00591,-0.035,0.0034
2026-09-15 18:38:36,704.85,2026-09-15,692.0,0.01,0.04,0.02,8694,395,0.6603,-0.0124,0.00555,-0.025,0.0028
2026-09-15 18:38:36,704.85,2026-09-15,693.0,0.01,0.02,0.01,2303,421,0.5757,-0.0089,0.00475,-0.015,0.0021
2026-09-15 18:38:36,704.85,2026-09-15,694.0,0.01,0.02,0.01,3570,412,0.5326,-0.0095,0.00546,-0.015,0.0022
2026-09-15 18:38:36,704.85,2026-09-15,695.0,0.01,0.04,0.03,7021,1082,0.5239,-0.0153,0.00837,-0.025,0.0034
2026-09-15 18:38:36,704.85,2026-09-15,696.0,0.03,0.04,0.03,9080,2637,0.5023,-0.0214,0.01164,-0.035,0.0045
2026-09-15 18:38:36,704.85,2026-09-15,697.0,0.01,0.04,0.01,7853,551,0.4309,-0.0182,0.01182,-0.025,0.0039
2026-09-15 18:38:36,704.85,2026-09-15,698.0,0.01,0.04,0.01,29527,1423,0.3836,-0.0202,0.01451,-0.025,0.0043
2026-09-15 18:38:36,704.85,2026-09-15,699.0,0.03,0.04,0.03,28718,1786,0.3544,-0.0291,0.02137,-0.035,0.0058
2026-09-15 18:38:36,704.85,2026-09-15,700.0,0.04,0.05,0.04,91567,2887,0.3176,-0.04,0.03092,-0.045,0.0076
2026-09-15 18:38:36,704.85,2026-09-15,701.0,0.01,0.02,0.02,38536,971,0.2174,-0.0212,0.02673,-0.015,0.0045
2026-09-15 18:38:36,704.85,2026-09-15,702.0,0.03,0.08,0.05,73668,1230,0.2167,-0.066,0.06751,-0.055,0.0113
2026-09-15 18:38:36,704.85,2026-09-15,703.0,0.12,0.13,0.12,164485,826,0.1973,-0.1413,0.12944,-0.125,0.0196
2026-09-15 18:38:36,704.85,2026-09-15,704.0,0.22,0.23,0.22,328955,415,0.1572,-0.2673,0.23852,-0.225,0.0289
2026-09-15 18:38:36,704.85,2026-09-15,705.0,0.62,0.63,0.61,445221,10115,0.157,-0.5416,0.2882,-0.475,0.0348
2026-09-15 18:38:36,704.85,2026-09-15,706.0,1.29,1.33,1.29,269490,360,0.1602,-0.7921,0.20396,-0.16,0.0251
2026-09-15 18:38:36,704.85,2026-09-15,707.0,2.15,2.3,2.12,169300,700,0.1909,-0.8994,0.10526,-0.075,0.0155
2026-09-15 18:38:36,704.85,2026-09-15,708.0,3.09,3.13,3.1,166217,1026,,,,,
2026-09-15 18:38:36,704.85,2026-09-15,709.0,4.059,4.28,4.18,91868,3929,0.2482,-0.9711,0.03031,-0.0195,0.0058
2026-09-15 18:38:36,704.85,2026-09-15,710.0,5.13,5.16,5.13,38130,17534,,,,,
2026-09-15 18:38:36,704.85,2026-09-15,711.0,6.2,6.29,6.05,7284,573,0.4464,-0.9406,0.03018,-0.095,0.0104
2026-09-15 18:38:36,704.85,2026-09-15,712.0,7.16,7.34,6.93,4163,727,0.5076,-0.9445,0.02516,-0.1,0.0098
2026-09-15 18:38:36,704.85,2026-09-15,713.0,7.95,8.36,8.01,1689,1161,0.3873,-0.9914,0.00689,-0.005,0.0021
2026-09-15 18:38:36,704.85,2026-09-15,714.0,9.19,9.25,9.19,838,859,0.5787,-0.963,0.01593,-0.07,0.0071
2026-09-15 18:38:36,704.85,2026-09-15,715.0,10.03,10.38,9.78,858,2401,0.6057,-0.9708,0.01253,-0.055,0.0058
2026-09-15 18:38:36,704.85,2026-09-15,716.0,11.13,11.44,11.12,125,1161,0.7645,-0.9499,0.01539,-0.135,0.0091
2026-09-15 18:38:36,704.85,2026-09-15,717.0,12.02,12.35,11.86,211,612,0.6597,-0.9811,0.00798,-0.035,0.004
2026-09-15 18:38:36,704.85,2026-09-15,718.0,13.23,13.32,13.26,153,460,0.8592,-0.9576,0.012,-0.125,0.0079
2026-09-15 18:38:36,704.85,2026-09-15,719.0,14.17,14.39,13.32,161,105,0.9177,-0.9586,0.01102,-0.13,0.0078
2026-09-15 18:39:37,704.87,2026-09-15,690.0,0.03,0.04,0.01,4056,3175,0.7903,-0.0144,0.00529,-0.035,0.0032
2026-09-15 18:39:37,704.87,2026-09-15,691.0,0.01,0.02,0.03,2418,145,0.666,-0.0078,0.00369,-0.015,0.0019
2026-09-15 18:39:37,704.87,2026-09-15,692.0,0.01,0.02,0.02,8694,395,0.6232,-0.0083,0.00416,-0.015,0.002
2026-09-15 18:39:37,704.87,2026-09-15,693.0,0.01,0.02,0.01,2303,421,0.5801,-0.0088,0.00474,-0.015,0.0021
2026-09-15 18:39:37,704.87,2026-09-15,694.0,0.03,0.04,0.01,3570,412,0.6026,-0.0183,0.00855,-0.035,0.0039
2026-09-15 18:39:37,704.87,2026-09-15,695.0,0.03,0.04,0.03,7021,1082,0.5548,-0.0197,0.00989,-0.035,0.0042
2026-09-15 18:39:37,704.87,2026-09-15,696.0,0.03,0.04,0.03,9080,2637,0.5065,-0.0214,0.0116,-0.035,0.0045
2026-09-15 18:39:37,704.87,2026-09-15,697.0,0.01,0.02,0.01,7853,551,0.4044,-0.0123,0.00903,-0.015,0.0028
2026-09-15 18:39:37,704.87,2026-09-15,698.0,0.01,0.02,0.03,29527,1423,0.3594,-0.0136,0.01114,-0.015,0.003
2026-09-15 18:39:37,704.87,2026-09-15,699.0,0.01,0.04,0.03,28721,1786,0.3385,-0.0227,0.01825,-0.025,0.0047
2026-09-15 18:39:37,704.87,2026-09-15,700.0,0.04,0.05,0.02,91572,2887,0.3206,-0.0399,0.03075,-0.045,0.0075
2026-09-15 18:39:37,704.87,2026-09-15,701.0,0.05,0.06,0.05,38537,971,0.2773,-0.0538,0.04521,-0.055,0.0095
2026-09-15 18:39:37,704.87,2026-09-15,702.0,0.07,0.08,0.05,73698,1230,0.2358,-0.0803,0.07256,-0.075,0.013
2026-09-15 18:39:37,704.87,2026-09-15,703.0,0.12,0.13,0.12,164507,826,0.2,-0.1405,0.12799,-0.125,0.0194
2026-09-15 18:39:37,704.87,2026-09-15,704.0,0.21,0.22,0.25,329129,415,0.1566,-0.2604,0.23784,-0.215,0.0283
2026-09-15 18:39:37,704.87,2026-09-15,705.0,0.6,0.61,0.56,445572,10115,0.1553,-0.5365,0.29352,-0.475,0.0346
2026-09-15 18:39:37,704.87,2026-09-15,706.0,1.27,1.31,1.27,269784,360,0.1595,-0.7904,0.20707,-0.16,0.0251
2026-09-15 18:39:37,704.87,2026-09-15,707.0,2.17,2.27,2.19,169310,700,0.2001,-0.8879,0.10927,-0.09,0.0166
2026-09-15 18:39:37,704.87,2026-09-15,708.0,3.13,3.2,3.07,166225,1026,0.2175,-0.9499,0.0545,-0.035,0.009
2026-09-15 18:39:37,704.87,2026-09-15,709.0,4.04,4.2,4.05,91868,3929,,,,,
2026-09-15 18:39:37,704.87,2026-09-15,710.0,5.05,5.19,5.13,38130,17534,,,,,
2026-09-15 18:39:37,704.87,2026-09-15,711.0,6.17,6.3,6.05,7284,573,0.4575,-0.9366,0.03119,-0.105,0.0108
2026-09-15 18:39:37,704.87,2026-09-15,712.0,7.11,7.27,6.93,4163,727,0.4632,-0.9602,0.02126,-0.06,0.0075
2026-09-15 18:39:37,704.87,2026-09-15,713.0,8.1,8.4,8.01,1689,1161,0.586,-0.9427,0.02249,-0.12,0.01
2026-09-15 18:39:37,704.87,2026-09-15,714.0,9.1,9.32,9.19,838,859,0.5949,-0.9595,0.01679,-0.08,0.0076
2026-09-15 18:39:37,704.87,2026-09-15,715.0,9.99,10.31,9.78,858,2401,0.5311,-0.9849,0.00821,-0.02,0.0033
2026-09-15 18:39:37,704.87,2026-09-15,716.0,11.29,11.36,11.12,125,1161,0.8284,-0.9362,0.01731,-0.195,0.0109
2026-09-15 18:39:37,704.87,2026-09-15,717.0,12,12.21,11.86,211,612,,,,,
2026-09-15 18:39:37,704.87,2026-09-15,718.0,13,13.07,13.26,153,460,,,,,
2026-09-15 18:39:37,704.87,2026-09-15,719.0,14.26,14.55,13.32,161,105,1.073,-0.9317,0.01408,-0.275,0.0115
2026-09-15 18:40:38,704.71,2026-09-15,690.0,0.03,0.04,0.01,4056,3175,0.788,-0.0145,0.00538,-0.035,0.0032
2026-09-15 18:40:38,704.71,2026-09-15,691.0,0.01,0.02,0.03,2418,145,0.6636,-0.0079,0.00376,-0.015,0.0019
2026-09-15 18:40:38,704.71,2026-09-15,692.0,0.01,0.02,0.02,8694,395,0.6204,-0.0084,0.00425,-0.015,0.002
2026-09-15 18:40:38,704.71,2026-09-15,693.0,0.03,0.04,0.01,2303,421,0.6467,-0.0173,0.00764,-0.035,0.0037
2026-09-15 18:40:38,704.71,2026-09-15,694.0,0.01,0.02,0.01,3570,412,0.5333,-0.0096,0.00557,-0.015,0.0022
2026-09-15 18:40:38,704.71,2026-09-15,695.0,0.03,0.04,0.03,7026,1082,0.5507,-0.02,0.01013,-0.035,0.0042
2026-09-15 18:40:38,704.71,2026-09-15,696.0,0.01,0.04,0.03,9080,2637,0.4772,-0.0168,0.0101,-0.025,0.0036
2026-09-15 18:40:38,704.71,2026-09-15,697.0,0.03,0.04,0.03,7860,551,0.4526,-0.0237,0.01428,-0.035,0.0048
2026-09-15 18:40:38,704.71,2026-09-15,698.0,0.01,0.02,0.03,29582,1423,0.3544,-0.0139,0.01155,-0.015,0.0031
2026-09-15 18:40:38,704.71,2026-09-15,699.0,0.01,0.02,0.03,28748,1786,0.3083,-0.0157,0.01478,-0.015,0.0034
2026-09-15 18:40:38,704.71,2026-09-15,700.0,0.04,0.05,0.02,91581,2887,0.3141,-0.0408,0.03221,-0.045,0.0076
2026-09-15 18:40:38,704.71,2026-09-15,701.0,0.01,0.02,0.02,38609,971,0.2134,-0.0218,0.02824,-0.015,0.0045
2026-09-15 18:40:38,704.71,2026-09-15,702.0,0.03,0.04,0.04,73760,1230,0.1915,-0.0504,0.06257,-0.035,0.009
2026-09-15 18:40:38,704.71,2026-09-15,703.0,0.08,0.13,0.09,164540,826,0.1792,-0.134,0.13925,-0.105,0.0187
2026-09-15 18:40:38,704.71,2026-09-15,704.0,0.25,0.3,0.24,329346,415,0.1626,-0.3055,0.24894,-0.275,0.0304
2026-09-15 18:40:38,704.71,2026-09-15,705.0,0.71,0.72,0.65,446016,10115,0.1623,-0.5801,0.27814,-0.425,0.0338
2026-09-15 18:40:38,704.71,2026-09-15,706.0,1.39,1.41,1.39,270031,360,0.1518,-0.8354,0.18848,-0.11,0.0215
2026-09-15 18:40:38,704.71,2026-09-15,707.0,2.34,2.37,2.27,169329,700,0.1954,-0.911,0.09515,-0.065,0.0139
2026-09-15 18:40:38,704.71,2026-09-15,708.0,3.16,3.33,3.07,166226,1026,,,,,
2026-09-15 18:40:38,704.71,2026-09-15,709.0,4.15,4.36,4.05,91868,3929,,,,,
2026-09-15 18:40:38,704.71,2026-09-15,710.0,5.14,5.42,5.13,38130,17534,,,,,
2026-09-15 18:40:38,704.71,2026-09-15,711.0,6.04,6.43,6.05,7284,573,,,,,
2026-09-15 18:40:38,704.71,2026-09-15,712.0,7.05,7.28,6.93,4163,727,,,,,
2026-09-15 18:40:38,704.71,2026-09-15,713.0,8.16,8.18,8.01,1689,1161,,,,,
2026-09-15 18:40:38,704.71,2026-09-15,714.0,9.22,9.46,9.19,838,859,0.5618,-0.9708,0.01367,-0.05,0.0058
2026-09-15 18:40:38,704.71,2026-09-15,715.0,10.06,10.37,9.78,858,2401,,,,,
2026-09-15 18:40:38,704.71,2026-09-15,716.0,10.95,11.32,11.12,125,1161,,,,,
2026-09-15 18:40:38,704.71,2026-09-15,717.0,12.19,12.42,11.86,211,612,0.6119,-0.9891,0.00541,-0.015,0.0025
2026-09-15 18:40:38,704.71,2026-09-15,718.0,12.93,13.39,13.26,153,460,,,,,
2026-09-15 18:40:38,704.71,2026-09-15,719.0,13.85,14.46,13.32,161,105,,,,,
2026-09-15 18:41:41,704.68,2026-09-15,690.0,0.03,0.04,0.01,4056,3175,0.7919,-0.0145,0.0054,-0.035,0.0032
2026-09-15 18:41:41,704.68,2026-09-15,691.0,0.03,0.04,0.03,2418,145,0.7448,-0.0153,0.00602,-0.035,0.0033
2026-09-15 18:41:41,704.68,2026-09-15,692.0,0.01,0.04,0.02,8694,395,0.6655,-0.0125,0.00567,-0.025,0.0028
2026-09-15 18:41:41,704.68,2026-09-15,693.0,0.03,0.04,0.01,2303,421,0.6496,-0.0173,0.00767,-0.035,0.0037
2026-09-15 18:41:41,704.68,2026-09-15,694.0,0.03,0.04,0.01,3570,412,0.6015,-0.0186,0.00878,-0.035,0.0039
2026-09-15 18:41:41,704.68,2026-09-15,695.0,0.03,0.04,0.03,7031,1082,0.5529,-0.02,0.01018,-0.035,0.0042
2026-09-15 18:41:41,704.68,2026-09-15,696.0,0.01,0.04,0.03,9080,2637,0.479,-0.0168,0.01015,-0.025,0.0036
2026-09-15 18:41:41,704.68,2026-09-15,697.0,0.03,0.04,0.03,7860,551,0.4542,-0.0238,0.01436,-0.035,0.0048
2026-09-15 18:41:41,704.68,2026-09-15,698.0,0.01,0.02,0.01,29612,1423,0.3554,-0.0139,0.01163,-0.015,0.0031
2026-09-15 18:41:41,704.68,2026-09-15,699.0,0.01,0.04,0.03,28872,1786,0.3336,-0.0232,0.01916,-0.025,0.0047
2026-09-15 18:41:41,704.68,2026-09-15,700.0,0.01,0.05,0.04,91589,2887,0.2923,-0.0307,0.02756,-0.03,0.006
2026-09-15 18:41:41,704.68,2026-09-15,701.0,0.05,0.06,0.04,38640,971,0.27,-0.0556,0.04834,-0.055,0.0097
2026-09-15 18:41:41,704.68,2026-09-15,702.0,0.07,0.08,0.04,73777,1230,0.2269,-0.0839,0.07895,-0.075,0.0133
2026-09-15 18:41:41,704.68,2026-09-15,703.0,0.09,0.14,0.13,164772,826,0.1835,-0.1423,0.14264,-0.115,0.0194
2026-09-15 18:41:41,704.68,2026-09-15,704.0,0.26,0.31,0.26,329807,415,0.1639,-0.3132,0.25134,-0.285,0.0305
2026-09-15 18:41:41,704.68,2026-09-15,705.0,0.67,0.68,0.67,447061,10115,0.1461,-0.5987,0.30763,-0.355,0.0333
2026-09-15 18:41:41,704.68,2026-09-15,706.0,1.44,1.47,1.44,270504,360,0.1666,-0.8202,0.18299,-0.135,0.0226
2026-09-15 18:41:41,704.68,2026-09-15,707.0,2.37,2.4,2.32,169349,700,0.1986,-0.9118,0.09364,-0.065,0.0138
2026-09-15 18:41:41,704.68,2026-09-15,708.0,3.26,3.35,3.26,166239,1026,,,,,
2026-09-15 18:41:41,704.68,2026-09-15,709.0,4.21,4.29,4.34,91869,3929,,,,,
2026-09-15 18:41:41,704.68,2026-09-15,710.0,5.31,5.45,5.13,38134,17534,0.3709,-0.9513,0.03166,-0.06,0.0087
2026-09-15 18:41:41,704.68,2026-09-15,711.0,6.05,6.48,6.05,7284,573,,,,,
2026-09-15 18:41:41,704.68,2026-09-15,712.0,7.03,7.31,6.93,4163,727,,,,,
2026-09-15 18:41:41,704.68,2026-09-15,713.0,8.02,8.35,8.01,1693,1161,,,,,
2026-09-15 18:41:41,704.68,2026-09-15,714.0,9.29,9.47,9.19,838,859,0.5836,-0.9671,0.01462,-0.06,0.0063
2026-09-15 18:41:41,704.68,2026-09-15,715.0,10.33,10.49,9.78,858,2401,0.6793,-0.9598,0.01481,-0.09,0.0074
2026-09-15 18:41:41,704.68,2026-09-15,716.0,11.23,11.52,11.12,125,1161,0.6756,-0.9731,0.01071,-0.055,0.0054
2026-09-15 18:41:41,704.68,2026-09-15,717.0,11.92,12.13,11.86,211,612,,,,,
2026-09-15 18:41:41,704.68,2026-09-15,718.0,13.18,13.51,13.26,153,460,0.6972,-0.9859,0.00597,-0.025,0.0031
2026-09-15 18:41:41,704.68,2026-09-15,719.0,14.25,14.39,13.32,161,105,0.5982,-0.997,0.00176,0.0,0.0008
2026-09-15 18:42:42,704.83,2026-09-15,690.0,0.03,0.04,0.01,4057,3175,0.804,-0.0144,0.00532,-0.035,0.0031
2026-09-15 18:42:42,704.83,2026-09-15,691.0,0.01,0.04,0.03,2418,145,0.7226,-0.0117,0.00495,-0.025,0.0026
2026-09-15 18:42:42,704.83,2026-09-15,692.0,0.03,0.04,0.02,8694,395,0.709,-0.0161,0.00664,-0.035,0.0034
2026-09-15 18:42:42,704.83,2026-09-15,693.0,0.03,0.04,0.03,2307,421,0.661,-0.0171,0.00752,-0.035,0.0036
2026-09-15 18:42:42,704.83,2026-09-15,694.0,0.01,0.02,0.03,3571,412,0.5456,-0.0095,0.00548,-0.015,0.0022
2026-09-15 18:42:42,704.83,2026-09-15,695.0,0.01,0.02,0.03,7031,1082,0.501,-0.0103,0.00638,-0.015,0.0023
2026-09-15 18:42:42,704.83,2026-09-15,696.0,0.03,0.04,0.03,9080,2637,0.5145,-0.0214,0.01168,-0.035,0.0044
2026-09-15 18:42:42,704.83,2026-09-15,697.0,0.01,0.02,0.03,7860,551,0.4106,-0.0123,0.0091,-0.015,0.0027
2026-09-15 18:42:42,704.83,2026-09-15,698.0,0.01,0.02,0.01,29619,1423,0.3646,-0.0137,0.01124,-0.015,0.003
2026-09-15 18:42:42,704.83,2026-09-15,699.0,0.03,0.04,0.02,28872,1786,0.3626,-0.0292,0.02148,-0.035,0.0057
2026-09-15 18:42:42,704.83,2026-09-15,700.0,0.04,0.05,0.02,91594,2887,0.3248,-0.0401,0.0311,-0.045,0.0074
2026-09-15 18:42:42,704.83,2026-09-15,701.0,0.01,0.02,0.02,38660,971,0.2221,-0.0213,0.02694,-0.015,0.0044
2026-09-15 18:42:42,704.83,2026-09-15,702.0,0.02,0.07,0.06,73784,1230,0.2116,-0.058,0.06416,-0.045,0.0099
2026-09-15 18:42:42,704.83,2026-09-15,703.0,0.08,0.09,0.11,164877,826,0.1786,-0.1143,0.12655,-0.085,0.0165
2026-09-15 18:42:42,704.83,2026-09-15,704.0,0.23,0.24,0.27,329936,415,0.163,-0.2741,0.23918,-0.235,0.0285
2026-09-15 18:42:42,704.83,2026-09-15,705.0,0.61,0.66,0.65,447417,10115,0.1608,-0.5476,0.28826,-0.465,0.0339
2026-09-15 18:42:42,704.83,2026-09-15,706.0,1.34,1.37,1.29,270825,360,0.176,-0.7802,0.19668,-0.185,0.0253
2026-09-15 18:42:42,704.83,2026-09-15,707.0,2.22,2.27,2.22,169380,700,0.197,-0.9002,0.10406,-0.075,0.015
2026-09-15 18:42:42,704.83,2026-09-15,708.0,3.01,3.33,3.05,166242,1026,0.1583,-0.9902,0.01935,0.0,0.0022
2026-09-15 18:42:42,704.83,2026-09-15,709.0,3.98,4.28,3.91,91872,3929,,,,,
2026-09-15 18:42:42,704.83,2026-09-15,710.0,5.14,5.33,5.2,38134,17534,0.3704,-0.9478,0.03374,-0.065,0.0091
2026-09-15 18:42:42,704.83,2026-09-15,711.0,6.11,6.2,5.89,7289,573,,,,,
2026-09-15 18:42:42,704.83,2026-09-15,712.0,7.15,7.36,6.93,4163,727,0.5054,-0.9503,0.02378,-0.085,0.0088
2026-09-15 18:42:42,704.83,2026-09-15,713.0,7.93,8.14,8.039,1693,1161,,,,,
2026-09-15 18:42:42,704.83,2026-09-15,714.0,8.88,9.12,9.19,838,859,,,,,
2026-09-15 18:42:42,704.83,2026-09-15,715.0,9.85,10.21,9.78,858,2401,,,,,
2026-09-15 18:42:42,704.83,2026-09-15,716.0,10.95,11.45,11.12,125,1161,0.6175,-0.9819,0.00842,-0.03,0.0038
2026-09-15 18:42:42,704.83,2026-09-15,717.0,12.15,12.37,11.86,211,612,0.7811,-0.9642,0.01179,-0.09,0.0067
2026-09-15 18:42:42,704.83,2026-09-15,718.0,13.22,13.45,13.26,153,460,0.9304,-0.9489,0.01319,-0.165,0.009
2026-09-15 18:42:42,704.83,2026-09-15,719.0,14.23,14.51,13.32,161,105,1.0243,-0.9447,0.01276,-0.2,0.0095
2026-09-15 18:43:43,704.73,2026-09-15,690.0,0.01,0.02,0.01,4057,3175,0.7214,-0.0074,0.00336,-0.015,0.0017
2026-09-15 18:43:43,704.73,2026-09-15,691.0,0.03,0.04,0.03,2518,145,0.757,-0.0153,0.00599,-0.035,0.0033
2026-09-15 18:43:43,704.73,2026-09-15,692.0,0.01,0.02,0.02,8694,395,0.6337,-0.0084,0.00424,-0.015,0.0019
2026-09-15 18:43:43,704.73,2026-09-15,693.0,0.01,0.02,0.03,2307,421,0.5894,-0.0089,0.00483,-0.015,0.0021
2026-09-15 18:43:43,704.73,2026-09-15,694.0,0.03,0.04,0.03,3572,412,0.6118,-0.0185,0.00872,-0.035,0.0038
2026-09-15 18:43:43,704.73,2026-09-15,695.0,0.01,0.02,0.01,7041,1082,0.4999,-0.0104,0.00648,-0.015,0.0023
2026-09-15 18:43:43,704.73,2026-09-15,696.0,0.01,0.02,0.03,9080,2637,0.4546,-0.0113,0.00768,-0.015,0.0025
2026-09-15 18:43:43,704.73,2026-09-15,697.0,0.01,0.04,0.03,7880,551,0.4393,-0.0184,0.0121,-0.025,0.0038
2026-09-15 18:43:43,704.73,2026-09-15,698.0,0.03,0.04,0.01,29622,1423,0.4117,-0.0263,0.01744,-0.035,0.0052
2026-09-15 18:43:43,704.73,2026-09-15,699.0,0.01,0.02,0.01,29035,1786,0.3154,-0.0157,0.0147,-0.015,0.0033
2026-09-15 18:43:43,704.73,2026-09-15,700.0,0.01,0.05,0.04,91653,2887,0.2988,-0.0304,0.02715,-0.03,0.0058
2026-09-15 18:43:43,704.73,2026-09-15,701.0,0.05,0.06,0.03,38667,971,0.2764,-0.0551,0.04749,-0.055,0.0095
2026-09-15 18:43:43,704.73,2026-09-15,702.0,0.06,0.07,0.06,73900,1230,0.2252,-0.0757,0.07458,-0.065,0.0121
2026-09-15 18:43:43,704.73,2026-09-15,703.0,0.12,0.13,0.12,165233,826,0.1948,-0.1466,0.13883,-0.125,0.0195
2026-09-15 18:43:43,704.73,2026-09-15,704.0,0.24,0.29,0.28,330636,415,0.1645,-0.2991,0.24861,-0.265,0.0295
2026-09-15 18:43:43,704.73,2026-09-15,705.0,0.64,0.65,0.64,449433,10115,0.1479,-0.5834,0.31074,-0.375,0.0331
2026-09-15 18:43:43,704.73,2026-09-15,706.0,1.36,1.39,1.36,271949,360,0.1509,-0.838,0.1915,-0.105,0.0208
2026-09-15 18:43:43,704.73,2026-09-15,707.0,2.26,2.37,2.3,169460,700,0.1822,-0.9281,0.08866,-0.045,0.0116
2026-09-15 18:43:43,704.73,2026-09-15,708.0,3.17,3.33,3.28,166256,1026,,,,,
2026-09-15 18:43:43,704.73,2026-09-15,709.0,4.15,4.29,4.25,91907,3929,,,,,
2026-09-15 18:43:43,704.73,2026-09-15,710.0,5.24,5.35,5.2,38139,17534,0.323,-0.972,0.02343,-0.025,0.0055
2026-09-15 18:43:43,704.73,2026-09-15,711.0,6.18,6.29,6.08,7290,573,,,,,
2026-09-15 18:43:43,704.73,2026-09-15,712.0,7.16,7.29,7.11,4164,727,,,,,
2026-09-15 18:43:43,704.73,2026-09-15,713.0,8.14,8.25,8.039,1693,1161,,,,,
2026-09-15 18:43:43,704.73,2026-09-15,714.0,9.05,9.43,9.19,838,859,,,,,
2026-09-15 18:43:43,704.73,2026-09-15,715.0,10.1,10.45,9.78,858,2401,0.488,-0.993,0.00471,-0.005,0.0017
2026-09-15 18:43:43,704.73,2026-09-15,716.0,11,11.11,11.12,125,1161,,,,,
2026-09-15 18:43:43,704.73,2026-09-15,717.0,12.26,12.48,11.86,211,612,0.8062,-0.9618,0.01213,-0.1,0.007
2026-09-15 18:43:43,704.73,2026-09-15,718.0,13.17,13.36,13.26,153,460,,,,,
2026-09-15 18:43:43,704.73,2026-09-15,719.0,14.07,14.11,13.32,161,105,,,,,
2026-09-15 18:44:44,704.69,2026-09-15,690.0,0.03,0.04,0.01,4057,3175,0.8082,-0.0145,0.0054,-0.035,0.0031
2026-09-15 18:44:44,704.69,2026-09-15,691.0,0.01,0.04,0.01,2618,145,0.7259,-0.0118,0.00503,-0.025,0.0026
2026-09-15 18:44:44,704.69,2026-09-15,692.0,0.03,0.04,0.02,8694,395,0.7118,-0.0162,0.00676,-0.035,0.0034
2026-09-15 18:44:44,704.69,2026-09-15,693.0,0.03,0.04,0.03,2307,421,0.6631,-0.0173,0.00766,-0.035,0.0036
2026-09-15 18:44:44,704.69,2026-09-15,694.0,0.01,0.02,0.01,3574,412,0.5467,-0.0096,0.00559,-0.015,0.0022
2026-09-15 18:44:44,704.69,2026-09-15,695.0,0.03,0.04,0.03,7064,1082,0.5645,-0.02,0.01016,-0.035,0.0041
2026-09-15 18:44:44,704.69,2026-09-15,696.0,0.01,0.02,0.03,9082,2637,0.4558,-0.0113,0.00774,-0.015,0.0025
2026-09-15 18:44:44,704.69,2026-09-15,697.0,0.03,0.04,0.03,7882,551,0.4638,-0.0238,0.01434,-0.035,0.0047
2026-09-15 18:44:44,704.69,2026-09-15,698.0,0.01,0.02,0.03,29623,1423,0.363,-0.0139,0.0116,-0.015,0.003
2026-09-15 18:44:44,704.69,2026-09-15,699.0,0.01,0.04,0.03,29070,1786,0.3408,-0.0232,0.01911,-0.025,0.0046
2026-09-15 18:44:44,704.69,2026-09-15,700.0,0.01,0.05,0.02,91663,2887,0.2987,-0.0306,0.02748,-0.03,0.0058
2026-09-15 18:44:44,704.69,2026-09-15,701.0,0.01,0.06,0.03,38679,971,0.2522,-0.0406,0.04105,-0.035,0.0074
2026-09-15 18:44:44,704.69,2026-09-15,702.0,0.03,0.08,0.07,73953,1230,0.2156,-0.0686,0.07272,-0.055,0.0111
2026-09-15 18:44:44,704.69,2026-09-15,703.0,0.08,0.13,0.12,165663,826,0.1825,-0.1349,0.14103,-0.105,0.0183
2026-09-15 18:44:44,704.69,2026-09-15,704.0,0.24,0.29,0.28,330826,415,0.1615,-0.3046,0.25709,-0.265,0.0295
2026-09-15 18:44:44,704.69,2026-09-15,705.0,0.68,0.69,0.68,450732,10115,0.1539,-0.5927,0.29905,-0.375,0.0327
2026-09-15 18:44:44,704.69,2026-09-15,706.0,1.34,1.42,1.34,272753,360,0.1367,-0.8709,0.18261,-0.07,0.0178
2026-09-15 18:44:44,704.69,2026-09-15,707.0,2.31,2.37,2.37,169519,700,0.1715,-0.9441,0.07787,-0.03,0.0095
2026-09-15 18:44:44,704.69,2026-09-15,708.0,3.29,3.39,3.26,166259,1026,0.2285,-0.9564,0.04798,-0.03,0.0078
2026-09-15 18:44:44,704.69,2026-09-15,709.0,4.17,4.4,4.25,91907,3929,,,,,
2026-09-15 18:44:44,704.69,2026-09-15,710.0,5.17,5.44,5.2,38140,17534,,,,,
2026-09-15 18:44:44,704.69,2026-09-15,711.0,6.19,6.27,6.08,7290,573,,,,,
2026-09-15 18:44:44,704.69,2026-09-15,712.0,7.07,7.26,7.11,4164,727,,,,,
2026-09-15 18:44:44,704.69,2026-09-15,713.0,8.39,8.51,8.039,1693,1161,0.636,-0.9377,0.02287,-0.14,0.0103
2026-09-15 18:44:44,704.69,2026-09-15,714.0,9.32,9.54,9.19,838,859,0.6735,-0.9478,0.0188,-0.12,0.009
2026-09-15 18:44:44,704.69,2026-09-15,715.0,10.36,10.38,9.78,858,2401,0.6464,-0.9695,0.01266,-0.06,0.0058
2026-09-15 18:44:44,704.69,2026-09-15,716.0,11.11,11.42,11.12,125,1161,,,,,
2026-09-15 18:44:44,704.69,2026-09-15,717.0,12.23,12.46,11.86,211,612,0.6929,-0.9814,0.00779,-0.035,0.0038
2026-09-15 18:44:44,704.69,2026-09-15,718.0,13.03,13.41,13.26,153,460,,,,,
2026-09-15 18:44:44,704.69,2026-09-15,719.0,14.37,14.57,13.32,161,105,1.0008,-0.9527,0.01168,-0.16,0.0083
2026-09-15 18:45:45,704.62,2026-09-15,690.0,0.01,0.02,0.01,4057,3175,0.7267,-0.0075,0.00339,-0.015,0.0017
2026-09-15 18:45:45,704.62,2026-09-15,691.0,0.03,0.04,0.01,2618,145,0.7623,-0.0154,0.00606,-0.035,0.0032
2026-09-15 18:45:45,704.62,2026-09-15,692.0,0.03,0.04,0.02,8694,395,0.7136,-0.0163,0.00681,-0.035,0.0034
2026-09-15 18:45:45,704.62,2026-09-15,693.0,0.03,0.04,0.03,2307,421,0.6645,-0.0174,0.00772,-0.035,0.0036
2026-09-15 18:45:45,704.62,2026-09-15,694.0,0.01,0.04,0.03,3576,412,0.5859,-0.0144,0.00745,-0.025,0.0031
2026-09-15 18:45:45,704.62,2026-09-15,695.0,0.01,0.02,0.02,7065,1082,0.5019,-0.0105,0.00659,-0.015,0.0023
2026-09-15 18:45:45,704.62,2026-09-15,696.0,0.03,0.04,0.02,9082,2637,0.5147,-0.0218,0.0121,-0.035,0.0044
2026-09-15 18:45:45,704.62,2026-09-15,697.0,0.03,0.04,0.03,7923,551,0.4636,-0.0239,0.01452,-0.035,0.0047
2026-09-15 18:45:45,704.62,2026-09-15,698.0,0.01,0.02,0.03,29703,1423,0.3624,-0.014,0.01178,-0.015,0.003
2026-09-15 18:45:45,704.62,2026-09-15,699.0,0.01,0.02,0.03,29078,1786,0.3147,-0.0159,0.01512,-0.015,0.0033
2026-09-15 18:45:45,704.62,2026-09-15,700.0,0.01,0.02,0.02,91669,2887,0.2661,-0.0185,0.02033,-0.015,0.0038
2026-09-15 18:45:45,704.62,2026-09-15,701.0,0.01,0.06,0.02,38698,971,0.2503,-0.0411,0.04207,-0.035,0.0074
2026-09-15 18:45:45,704.62,2026-09-15,702.0,0.07,0.08,0.07,74081,1230,0.2295,-0.085,0.08099,-0.075,0.013
2026-09-15 18:45:45,704.62,2026-09-15,703.0,0.09,0.1,0.13,165757,826,0.1734,-0.1304,0.14602,-0.095,0.0178
2026-09-15 18:45:45,704.62,2026-09-15,704.0,0.27,0.32,0.27,331291,415,0.1658,-0.3248,0.25914,-0.295,0.0301
2026-09-15 18:45:45,704.62,2026-09-15,705.0,0.77,0.78,0.77,453641,10115,0.1707,-0.6019,0.26986,-0.4,0.0323
2026-09-15 18:45:45,704.62,2026-09-15,706.0,1.53,1.54,1.53,274678,360,0.1867,-0.8091,0.17404,-0.16,0.0228
2026-09-15 18:45:45,704.62,2026-09-15,707.0,2.37,2.44,2.36,169741,700,0.1765,-0.9452,0.07501,-0.03,0.0093
2026-09-15 18:45:45,704.62,2026-09-15,708.0,3.33,3.38,3.38,166266,1026,,,,,
2026-09-15 18:45:45,704.62,2026-09-15,709.0,4.33,4.43,4.33,91908,3929,0.2351,-0.9865,0.01757,-0.005,0.0029
2026-09-15 18:45:45,704.62,2026-09-15,710.0,5.32,5.42,5.44,38148,17534,,,,,
2026-09-15 18:45:45,704.62,2026-09-15,711.0,6.2,6.38,6.39,7306,573,,,,,
2026-09-15 18:45:45,704.62,2026-09-15,712.0,7.23,7.36,7.11,4164,727,,,,,
2026-09-15 18:45:45,704.62,2026-09-15,713.0,8.35,8.42,8.039,1693,1161,0.4361,-0.9886,0.0082,-0.01,0.0025
2026-09-15 18:45:45,704.62,2026-09-15,714.0,9.25,9.27,9.2,839,859,,,,,
2026-09-15 18:45:45,704.62,2026-09-15,715.0,10.32,10.42,9.78,858,2401,,,,,
2026-09-15 18:45:45,704.62,2026-09-15,716.0,11.39,11.56,11.12,125,1161,0.7686,-0.9597,0.01346,-0.1,0.0073
2026-09-15 18:45:45,704.62,2026-09-15,717.0,12.38,12.56,11.86,211,612,0.8154,-0.9634,0.01175,-0.095,0.0067
2026-09-15 18:45:45,704.62,2026-09-15,718.0,13.18,13.19,13.26,153,460,,,,,
2026-09-15 18:45:45,704.62,2026-09-15,719.0,14.47,14.5,13.32,161,105,0.9443,-0.9635,0.0101,-0.11,0.0067
2026-09-15 18:46:48,704.63,2026-09-15,690.0,0.01,0.04,0.01,4057,3175,0.7804,-0.0112,0.00453,-0.025,0.0024
2026-09-15 18:46:48,704.63,2026-09-15,691.0,0.01,0.02,0.01,2618,145,0.6874,-0.0079,0.0038,-0.015,0.0018
2026-09-15 18:46:48,704.63,2026-09-15,692.0,0.01,0.02,0.02,8694,395,0.6424,-0.0084,0.00429,-0.015,0.0019
2026-09-15 18:46:48,704.63,2026-09-15,693.0,0.03,0.04,0.03,2307,421,0.6695,-0.0174,0.00772,-0.035,0.0036
2026-09-15 18:46:48,704.63,2026-09-15,694.0,0.03,0.04,0.03,3577,412,0.6197,-0.0186,0.00884,-0.035,0.0038
2026-09-15 18:46:48,704.63,2026-09-15,695.0,0.03,0.04,0.01,7075,1082,0.5694,-0.0201,0.01026,-0.035,0.004
2026-09-15 18:46:48,704.63,2026-09-15,696.0,0.03,0.04,0.02,9082,2637,0.5186,-0.0218,0.01209,-0.035,0.0043
2026-09-15 18:46:48,704.63,2026-09-15,697.0,0.01,0.02,0.03,7923,551,0.4126,-0.0126,0.00947,-0.015,0.0027
2026-09-15 18:46:48,704.63,2026-09-15,698.0,0.01,0.02,0.03,29718,1423,0.3653,-0.014,0.01176,-0.015,0.003
2026-09-15 18:46:48,704.63,2026-09-15,699.0,0.01,0.04,0.03,29079,1786,0.3425,-0.0234,0.01941,-0.025,0.0046
2026-09-15 18:46:48,704.63,2026-09-15,700.0,0.01,0.05,0.03,91745,2887,0.2997,-0.0309,0.02799,-0.03,0.0058
2026-09-15 18:46:48,704.63,2026-09-15,701.0,0.05,0.06,0.02,38818,971,0.2762,-0.0562,0.04923,-0.055,0.0094
2026-09-15 18:46:48,704.63,2026-09-15,702.0,0.03,0.08,0.07,74295,1230,0.2148,-0.0696,0.07484,-0.055,0.0111
2026-09-15 18:46:48,704.63,2026-09-15,703.0,0.09,0.1,0.13,165926,826,0.175,-0.1302,0.14554,-0.095,0.0176
2026-09-15 18:46:48,704.63,2026-09-15,704.0,0.31,0.32,0.26,331843,415,0.1742,-0.3303,0.25013,-0.315,0.0301
2026-09-15 18:46:48,704.63,2026-09-15,705.0,0.71,0.76,0.7,455410,10115,0.1604,-0.6077,0.28815,-0.365,0.032
2026-09-15 18:46:48,704.63,2026-09-15,706.0,1.46,1.53,1.45,275847,360,0.1716,-0.8303,0.17717,-0.125,0.021
2026-09-15 18:46:48,704.63,2026-09-15,707.0,2.42,2.5,2.39,169793,700,0.2262,-0.8951,0.09659,-0.09,0.0151
2026-09-15 18:46:48,704.63,2026-09-15,708.0,3.38,3.46,3.36,166285,1026,0.258,-0.941,0.05477,-0.05,0.0098
2026-09-15 18:46:48,704.63,2026-09-15,709.0,4.28,4.54,4.3,91910,3929,0.3044,-0.9571,0.03604,-0.04,0.0076
2026-09-15 18:46:48,704.63,2026-09-15,710.0,5.29,5.36,5.37,38156,17534,,,,,
2026-09-15 18:46:48,704.63,2026-09-15,711.0,6.26,6.34,6.37,7306,573,,,,,
2026-09-15 18:46:48,704.63,2026-09-15,712.0,7.36,7.42,7.11,4164,727,0.4238,-0.9811,0.0131,-0.02,0.0038
2026-09-15 18:46:48,704.63,2026-09-15,713.0,8.15,8.31,8.039,1693,1161,,,,,
2026-09-15 18:46:48,704.63,2026-09-15,714.0,9.46,9.61,9.2,839,859,0.733,-0.936,0.02055,-0.165,0.0104
2026-09-15 18:46:48,704.63,2026-09-15,715.0,10.17,10.5,9.78,858,2401,,,,,
2026-09-15 18:46:48,704.63,2026-09-15,716.0,11.24,11.38,11.12,125,1161,,,,,
2026-09-15 18:46:48,704.63,2026-09-15,717.0,12.08,12.21,11.86,211,612,,,,,
2026-09-15 18:46:48,704.63,2026-09-15,718.0,13.13,13.61,13.26,153,460,0.5781,-0.997,0.00189,0.0,0.0008
2026-09-15 18:46:48,704.63,2026-09-15,719.0,14.12,14.52,13.32,161,105,,,,,
2026-09-15 18:47:49,704.63,2026-09-15,690.0,0.03,0.04,0.03,4091,3175,0.8225,-0.0145,0.00543,-0.035,0.003
2026-09-15 18:47:49,704.63,2026-09-15,691.0,0.01,0.04,0.01,2618,145,0.7385,-0.0118,0.00506,-0.025,0.0026
2026-09-15 18:47:49,704.63,2026-09-15,692.0,0.03,0.04,0.02,8694,395,0.724,-0.0163,0.0068,-0.035,0.0034
2026-09-15 18:47:49,704.63,2026-09-15,693.0,0.03,0.04,0.03,2307,421,0.6742,-0.0174,0.00772,-0.035,0.0035
2026-09-15 18:47:49,704.63,2026-09-15,694.0,0.01,0.04,0.03,3577,412,0.5945,-0.0144,0.00745,-0.025,0.003
2026-09-15 18:47:49,704.63,2026-09-15,695.0,0.03,0.04,0.01,7075,1082,0.5734,-0.0201,0.01026,-0.035,0.004
2026-09-15 18:47:49,704.63,2026-09-15,696.0,0.01,0.04,0.02,9082,2637,0.4965,-0.0169,0.01024,-0.025,0.0035
2026-09-15 18:47:49,704.63,2026-09-15,697.0,0.03,0.04,0.03,7923,551,0.4705,-0.0239,0.0145,-0.035,0.0047
2026-09-15 18:47:49,704.63,2026-09-15,698.0,0.01,0.02,0.01,29718,1423,0.3678,-0.014,0.01176,-0.015,0.0029
2026-09-15 18:47:49,704.63,2026-09-15,699.0,0.03,0.04,0.03,29083,1786,0.3646,-0.03,0.02259,-0.035,0.0056
2026-09-15 18:47:49,704.63,2026-09-15,700.0,0.01,0.02,0.02,91746,2887,0.2701,-0.0185,0.0203,-0.015,0.0037
2026-09-15 18:47:49,704.63,2026-09-15,701.0,0.01,0.06,0.04,38831,971,0.2541,-0.0411,0.04199,-0.035,0.0073
2026-09-15 18:47:49,704.63,2026-09-15,702.0,0.07,0.08,0.07,74537,1230,0.2331,-0.0849,0.0808,-0.075,0.0128
2026-09-15 18:47:49,704.63,2026-09-15,703.0,0.1,0.11,0.1,167066,826,0.1818,-0.1377,0.14658,-0.105,0.0182
2026-09-15 18:47:49,704.63,2026-09-15,704.0,0.34,0.35,0.3,333615,415,0.1854,-0.3389,0.23907,-0.345,0.0302
2026-09-15 18:47:49,704.63,2026-09-15,705.0,0.83,0.84,0.81,457323,10115,0.1928,-0.5904,0.24409,-0.465,0.0321
2026-09-15 18:47:49,704.63,2026-09-15,706.0,1.5,1.63,1.5,276611,360,0.204,-0.7907,0.17075,-0.195,0.0238
2026-09-15 18:47:49,704.63,2026-09-15,707.0,2.46,2.48,2.38,169820,700,0.2343,-0.8887,0.09804,-0.1,0.0157
2026-09-15 18:47:49,704.63,2026-09-15,708.0,3.43,3.59,3.39,166323,1026,0.3305,-0.8903,0.06874,-0.14,0.0155
2026-09-15 18:47:49,704.63,2026-09-15,709.0,4.41,4.6,4.44,92141,3929,0.3956,-0.9083,0.05043,-0.135,0.0136
2026-09-15 18:47:49,704.63,2026-09-15,710.0,5.33,5.59,5.4,38162,17534,0.4214,-0.9375,0.03536,-0.09,0.0102
2026-09-15 18:47:49,704.63,2026-09-15,711.0,6.2,6.42,6.37,7331,573,,,,,
2026-09-15 18:47:49,704.63,2026-09-15,712.0,7.24,7.59,7.22,4166,727,0.4782,-0.968,0.01815,-0.045,0.0059
2026-09-15 18:47:49,704.63,2026-09-15,713.0,8.22,8.4,8.039,1693,1161,,,,,
2026-09-15 18:47:49,704.63,2026-09-15,714.0,9.46,9.68,9.2,839,859,0.7704,-0.9276,0.02166,-0.2,0.0114
2026-09-15 18:47:49,704.63,2026-09-15,715.0,10.37,10.63,9.78,858,2401,0.7606,-0.9489,0.01672,-0.13,0.0087
2026-09-15 18:47:49,704.63,2026-09-15,716.0,11.39,11.4,11.12,125,1161,0.6335,-0.9843,0.00753,-0.025,0.0033
2026-09-15 18:47:49,704.63,2026-09-15,717.0,12.1,12.37,11.86,211,612,,,,,
2026-09-15 18:47:49,704.63,2026-09-15,718.0,13.15,13.71,13.26,153,460,0.8178,-0.9748,0.00872,-0.06,0.0049
2026-09-15 18:47:49,704.63,2026-09-15,719.0,14.04,14.58,13.32,161,105,,,,,
2026-09-15 18:48:50,704.46,2026-09-15,690.0,0.03,0.04,0.03,4091,3175,0.8199,-0.0147,0.00553,-0.035,0.003
2026-09-15 18:48:50,704.46,2026-09-15,691.0,0.03,0.04,0.01,2618,145,0.7704,-0.0155,0.00618,-0.035,0.0032
2026-09-15 18:48:50,704.46,2026-09-15,692.0,0.01,0.02,0.02,8694,395,0.6437,-0.0085,0.00439,-0.015,0.0019
2026-09-15 18:48:50,704.46,2026-09-15,693.0,0.01,0.02,0.03,2307,421,0.5978,-0.0091,0.00501,-0.015,0.002
2026-09-15 18:48:50,704.46,2026-09-15,694.0,0.03,0.04,0.03,3577,412,0.6197,-0.0189,0.00907,-0.035,0.0038
2026-09-15 18:48:50,704.46,2026-09-15,695.0,0.01,0.04,0.01,7075,1082,0.5411,-0.0158,0.00891,-0.025,0.0032
2026-09-15 18:48:50,704.46,2026-09-15,696.0,0.03,0.04,0.02,9082,2637,0.517,-0.0222,0.01246,-0.035,0.0043
2026-09-15 18:48:50,704.46,2026-09-15,697.0,0.01,0.04,0.03,7938,551,0.4411,-0.0189,0.01278,-0.025,0.0038
2026-09-15 18:48:50,704.46,2026-09-15,698.0,0.03,0.04,0.01,29718,1423,0.4117,-0.0271,0.01853,-0.035,0.0051
2026-09-15 18:48:50,704.46,2026-09-15,699.0,0.03,0.04,0.02,29083,1786,0.3578,-0.0307,0.02364,-0.035,0.0057
2026-09-15 18:48:50,704.46,2026-09-15,700.0,0.01,0.02,0.04,91792,2887,0.2633,-0.019,0.02151,-0.015,0.0038
2026-09-15 18:48:50,704.46,2026-09-15,701.0,0.01,0.02,0.05,38850,971,0.2122,-0.023,0.03138,-0.015,0.0045
2026-09-15 18:48:50,704.46,2026-09-15,702.0,0.03,0.08,0.07,74630,1230,0.2067,-0.0728,0.08168,-0.055,0.0113
2026-09-15 18:48:50,704.46,2026-09-15,703.0,0.11,0.16,0.15,168070,826,0.1848,-0.1673,0.16528,-0.135,0.0205
2026-09-15 18:48:50,704.46,2026-09-15,704.0,0.33,0.34,0.33,334744,415,0.1632,-0.3653,0.28111,-0.335,0.0308
2026-09-15 18:48:50,704.46,2026-09-15,705.0,0.82,0.87,0.82,460426,10115,0.1624,-0.6573,0.27604,-0.3,0.0301
2026-09-15 18:48:50,704.46,2026-09-15,706.0,1.65,1.68,1.65,277141,360,0.1856,-0.8439,0.15736,-0.12,0.0196
2026-09-15 18:48:50,704.46,2026-09-15,707.0,2.6,2.63,2.53,169961,700,0.227,-0.9134,0.08483,-0.07,0.0129
2026-09-15 18:48:50,704.46,2026-09-15,708.0,3.5,3.6,3.47,166360,1026,0.2,-0.9844,0.02394,-0.005,0.0032
2026-09-15 18:48:50,704.46,2026-09-15,709.0,4.54,4.65,4.41,92466,3929,0.3315,-0.952,0.03677,-0.05,0.0082
2026-09-15 18:48:50,704.46,2026-09-15,710.0,5.52,5.66,5.44,38168,17534,0.3818,-0.9609,0.02702,-0.045,0.0069
2026-09-15 18:48:50,704.46,2026-09-15,711.0,6.44,6.61,6.35,7331,573,,,,,
2026-09-15 18:48:50,704.46,2026-09-15,712.0,7.37,7.53,7.41,4166,727,,,,,
2026-09-15 18:48:50,704.46,2026-09-15,713.0,8.4,8.68,8.039,1693,1161,,,,,
2026-09-15 18:48:50,704.46,2026-09-15,714.0,9.19,9.46,9.44,841,859,,,,,
2026-09-15 18:48:50,704.46,2026-09-15,715.0,10.2,10.54,10.19,859,2401,,,,,
2026-09-15 18:48:50,704.46,2026-09-15,716.0,11.52,11.75,11.12,125,1161,0.7799,-0.963,0.01266,-0.09,0.0066
2026-09-15 18:48:50,704.46,2026-09-15,717.0,12.32,12.8,11.86,211,612,0.6559,-0.9895,0.00517,-0.015,0.0023
2026-09-15 18:48:50,704.46,2026-09-15,718.0,13.36,13.4,13.26,153,460,,,,,
2026-09-15 18:48:50,704.46,2026-09-15,719.0,14.36,14.76,13.32,161,105,0.7454,-0.9906,0.00412,-0.015,0.0021
2026-09-15 18:49:51,704.26,2026-09-15,690.0,0.01,0.04,0.03,4091,3175,0.7798,-0.0114,0.00472,-0.025,0.0024
2026-09-15 18:49:51,704.26,2026-09-15,691.0,0.03,0.04,0.01,2618,145,0.7664,-0.0157,0.00632,-0.035,0.0032
2026-09-15 18:49:51,704.26,2026-09-15,692.0,0.01,0.04,0.02,8694,395,0.6831,-0.0129,0.00597,-0.025,0.0027
2026-09-15 18:49:51,704.26,2026-09-15,693.0,0.01,0.02,0.03,2307,421,0.5932,-0.0092,0.00515,-0.015,0.002
2026-09-15 18:49:51,704.26,2026-09-15,694.0,0.03,0.04,0.03,3577,412,0.6144,-0.0191,0.00933,-0.035,0.0038
2026-09-15 18:49:51,704.26,2026-09-15,695.0,0.01,0.04,0.01,7075,1082,0.5354,-0.016,0.0092,-0.025,0.0033
2026-09-15 18:49:51,704.26,2026-09-15,696.0,0.03,0.04,0.02,9082,2637,0.5107,-0.0226,0.0129,-0.035,0.0044
2026-09-15 18:49:51,704.26,2026-09-15,697.0,0.03,0.04,0.03,7938,551,0.4579,-0.0248,0.01561,-0.035,0.0047
2026-09-15 18:49:51,704.26,2026-09-15,698.0,0.03,0.04,0.03,29719,1423,0.4043,-0.0277,0.01938,-0.035,0.0052
2026-09-15 18:49:51,704.26,2026-09-15,699.0,0.03,0.04,0.03,29093,1786,0.3497,-0.0315,0.0249,-0.035,0.0058
2026-09-15 18:49:51,704.26,2026-09-15,700.0,0.04,0.05,0.04,91792,2887,0.3081,-0.0438,0.03701,-0.045,0.0075
2026-09-15 18:49:51,704.26,2026-09-15,701.0,0.02,0.07,0.04,39430,971,0.2486,-0.0527,0.05319,-0.045,0.0088
2026-09-15 18:49:51,704.26,2026-09-15,702.0,0.1,0.11,0.1,74659,1230,0.2317,-0.1143,0.10249,-0.105,0.0157
2026-09-15 18:49:51,704.26,2026-09-15,703.0,0.2,0.21,0.16,169314,826,0.2007,-0.2189,0.1808,-0.205,0.024
2026-09-15 18:49:51,704.26,2026-09-15,704.0,0.42,0.43,0.42,335534,415,0.1685,-0.4233,0.28555,-0.425,0.0319
2026-09-15 18:49:51,704.26,2026-09-15,705.0,0.96,0.97,0.96,463103,10115,0.1588,-0.7152,0.26275,-0.225,0.0276
2026-09-15 18:49:51,704.26,2026-09-15,706.0,1.75,1.83,1.75,277562,360,0.159,-0.9098,0.12575,-0.05,0.0132
2026-09-15 18:49:51,704.26,2026-09-15,707.0,2.7,2.71,2.75,169984,700,,,,,
2026-09-15 18:49:51,704.26,2026-09-15,708.0,3.65,3.79,3.44,166375,1026,,,,,
2026-09-15 18:49:51,704.26,2026-09-15,709.0,4.62,4.75,4.69,92469,3929,,,,,
2026-09-15 18:49:51,704.26,2026-09-15,710.0,5.72,5.82,5.77,38171,17534,0.3709,-0.9707,0.02211,-0.03,0.0054
2026-09-15 18:49:51,704.26,2026-09-15,711.0,6.53,6.71,6.35,7331,573,,,,,
2026-09-15 18:49:51,704.26,2026-09-15,712.0,7.57,7.85,7.53,4170,727,,,,,
2026-09-15 18:49:51,704.26,2026-09-15,713.0,8.69,8.89,8.039,1693,1161,0.5676,-0.9697,0.01485,-0.05,0.0056
2026-09-15 18:49:51,704.26,2026-09-15,714.0,9.69,9.72,9.76,842,859,,,,,
2026-09-15 18:49:51,704.26,2026-09-15,715.0,10.49,11.02,10.53,860,2401,0.5777,-0.9882,0.00655,-0.015,0.0025
2026-09-15 18:49:51,704.26,2026-09-15,716.0,11.82,12.05,11.12,125,1161,0.9243,-0.9385,0.01615,-0.195,0.0099
2026-09-15 18:49:51,704.26,2026-09-15,717.0,12.77,12.89,12.38,215,612,0.851,-0.9655,0.01104,-0.09,0.0062
2026-09-15 18:49:51,704.26,2026-09-15,718.0,13.63,13.86,13.26,153,460,0.6548,-0.9946,0.0029,-0.005,0.0013
2026-09-15 18:49:51,704.26,2026-09-15,719.0,14.41,15.07,13.32,161,105,0.642,-0.9974,0.00157,-0.0,0.0007
2026-09-15 18:50:52,704.48,2026-09-15,690.0,0.01,0.02,0.03,4091,3175,0.7464,-0.0075,0.00345,-0.015,0.0017
2026-09-15 18:50:52,704.48,2026-09-15,691.0,0.01,0.04,0.01,2618,145,0.7472,-0.012,0.00516,-0.025,0.0025
2026-09-15 18:50:52,704.48,2026-09-15,692.0,0.01,0.02,0.02,8694,395,0.654,-0.0085,0.00438,-0.015,0.0019
2026-09-15 18:50:52,704.48,2026-09-15,693.0,0.01,0.02,0.01,2309,421,0.6074,-0.0091,0.005,-0.015,0.002
2026-09-15 18:50:52,704.48,2026-09-15,694.0,0.03,0.04,0.03,3577,412,0.6298,-0.0188,0.00904,-0.035,0.0037
2026-09-15 18:50:52,704.48,2026-09-15,695.0,0.03,0.04,0.01,7075,1082,0.578,-0.0203,0.01051,-0.035,0.004
2026-09-15 18:50:52,704.48,2026-09-15,696.0,0.03,0.04,0.02,9082,2637,0.5256,-0.0221,0.01242,-0.035,0.0043
2026-09-15 18:50:52,704.48,2026-09-15,697.0,0.03,0.04,0.03,7938,551,0.4726,-0.0243,0.01495,-0.035,0.0046
2026-09-15 18:50:52,704.48,2026-09-15,698.0,0.01,0.04,0.03,29719,1423,0.3969,-0.0211,0.01578,-0.025,0.0041
2026-09-15 18:50:52,704.48,2026-09-15,699.0,0.03,0.04,0.03,29095,1786,0.3641,-0.0306,0.02351,-0.035,0.0056
2026-09-15 18:50:52,704.48,2026-09-15,700.0,0.04,0.05,0.02,91798,2887,0.3229,-0.0423,0.03458,-0.045,0.0073
2026-09-15 18:50:52,704.48,2026-09-15,701.0,0.06,0.07,0.06,39500,971,0.2849,-0.0647,0.05486,-0.065,0.0102
2026-09-15 18:50:52,704.48,2026-09-15,702.0,0.04,0.09,0.05,74704,1230,0.2196,-0.0806,0.08428,-0.065,0.0121
2026-09-15 18:50:52,704.48,2026-09-15,703.0,0.12,0.17,0.16,169480,826,0.1941,-0.1723,0.16274,-0.145,0.0206
2026-09-15 18:50:52,704.48,2026-09-15,704.0,0.35,0.36,0.35,336273,415,0.1745,-0.3666,0.26697,-0.355,0.0304
2026-09-15 18:50:52,704.48,2026-09-15,705.0,0.87,0.92,0.87,463852,10115,0.1857,-0.6354,0.25044,-0.37,0.0304
2026-09-15 18:50:52,704.48,2026-09-15,706.0,1.68,1.72,1.68,277839,360,0.2132,-0.8108,0.15713,-0.175,0.0219
2026-09-15 18:50:52,704.48,2026-09-15,707.0,2.55,2.6,2.5,170050,700,0.2121,-0.9289,0.07932,-0.05,0.011
2026-09-15 18:50:52,704.48,2026-09-15,708.0,3.54,3.68,3.73,166375,1026,0.3078,-0.9208,0.05933,-0.085,0.0119
2026-09-15 18:50:52,704.48,2026-09-15,709.0,4.43,4.7,4.54,92475,3929,0.3219,-0.9583,0.03429,-0.04,0.0072
2026-09-15 18:50:52,704.48,2026-09-15,710.0,5.4,5.54,5.58,38177,17534,,,,,
2026-09-15 18:50:52,704.48,2026-09-15,711.0,6.4,6.51,6.61,7332,573,,,,,
2026-09-15 18:50:52,704.48,2026-09-15,712.0,7.44,7.6,7.53,4170,727,,,,,
2026-09-15 18:50:52,704.48,2026-09-15,713.0,8.37,8.84,8.039,1693,1161,0.6064,-0.9578,0.01838,-0.08,0.0073
2026-09-15 18:50:52,704.48,2026-09-15,714.0,9.44,9.85,9.76,842,859,0.7153,-0.9487,0.01822,-0.12,0.0085
2026-09-15 18:50:52,704.48,2026-09-15,715.0,10.46,10.51,10.53,860,2401,,,,,
2026-09-15 18:50:52,704.48,2026-09-15,716.0,11.32,11.74,11.12,125,1161,0.5645,-0.9938,0.00382,-0.005,0.0014
2026-09-15 18:50:52,704.48,2026-09-15,717.0,12.3,12.87,12.38,215,612,0.7914,-0.9736,0.00957,-0.06,0.0049
2026-09-15 18:50:52,704.48,2026-09-15,718.0,13.6,13.77,13.26,153,460,0.9985,-0.951,0.01259,-0.16,0.0082
2026-09-15 18:50:52,704.48,2026-09-15,719.0,14.7,14.76,13.32,161,105,1.1098,-0.9448,0.01244,-0.205,0.009
2026-09-15 18:51:56,704.35,2026-09-15,690.0,0.01,0.02,0.03,4091,3175,0.7465,-0.0076,0.0035,-0.015,0.0017
2026-09-15 18:51:56,704.35,2026-09-15,691.0,0.03,0.04,0.01,2618,145,0.7825,-0.0156,0.00625,-0.035,0.0031
2026-09-15 18:51:56,704.35,2026-09-15,692.0,0.03,0.04,0.02,8694,395,0.7315,-0.0166,0.00704,-0.035,0.0033
2026-09-15 18:51:56,704.35,2026-09-15,693.0,0.01,0.02,0.01,2309,421,0.6064,-0.0092,0.00508,-0.015,0.002
2026-09-15 18:51:56,704.35,2026-09-15,694.0,0.03,0.04,0.03,3577,412,0.6283,-0.019,0.00921,-0.035,0.0037
2026-09-15 18:51:56,704.35,2026-09-15,695.0,0.01,0.02,0.03,7085,1082,0.5113,-0.0107,0.0069,-0.015,0.0023
2026-09-15 18:51:56,704.35,2026-09-15,696.0,0.03,0.04,0.02,9082,2637,0.5231,-0.0224,0.01269,-0.035,0.0043
2026-09-15 18:51:56,704.35,2026-09-15,697.0,0.03,0.04,0.01,7963,551,0.4696,-0.0246,0.01533,-0.035,0.0046
2026-09-15 18:51:56,704.35,2026-09-15,698.0,0.03,0.04,0.03,29719,1423,0.4153,-0.0274,0.01898,-0.035,0.0051
2026-09-15 18:51:56,704.35,2026-09-15,699.0,0.03,0.04,0.03,29095,1786,0.36,-0.0311,0.02431,-0.035,0.0056
2026-09-15 18:51:56,704.35,2026-09-15,700.0,0.01,0.05,0.04,91799,2887,0.2952,-0.0324,0.03061,-0.03,0.0058
2026-09-15 18:51:56,704.35,2026-09-15,701.0,0.06,0.07,0.06,39738,971,0.2791,-0.0662,0.05752,-0.065,0.0103
2026-09-15 18:51:56,704.35,2026-09-15,702.0,0.09,0.1,0.06,74777,1230,0.2352,-0.1052,0.09663,-0.095,0.0146
2026-09-15 18:51:56,704.35,2026-09-15,703.0,0.14,0.19,0.14,170054,826,0.1943,-0.1918,0.17525,-0.165,0.0219
2026-09-15 18:51:56,704.35,2026-09-15,704.0,0.43,0.44,0.43,337942,415,0.1862,-0.4058,0.25981,-0.435,0.0311
2026-09-15 18:51:56,704.35,2026-09-15,705.0,0.94,0.96,0.92,465412,10115,0.1781,-0.6742,0.25245,-0.3,0.0289
2026-09-15 18:51:56,704.35,2026-09-15,706.0,1.77,1.81,1.76,278248,360,0.2086,-0.837,0.1473,-0.14,0.0197
2026-09-15 18:51:56,704.35,2026-09-15,707.0,2.63,2.78,2.67,170220,700,0.2264,-0.927,0.07638,-0.055,0.0111
2026-09-15 18:51:56,704.35,2026-09-15,708.0,3.73,3.77,3.58,166395,1026,0.331,-0.9145,0.05892,-0.1,0.0125
2026-09-15 18:51:56,704.35,2026-09-15,709.0,4.54,4.84,4.63,92476,3929,0.3316,-0.9591,0.03301,-0.04,0.007
2026-09-15 18:51:56,704.35,2026-09-15,710.0,5.59,5.63,5.56,38187,17534,,,,,
2026-09-15 18:51:56,704.35,2026-09-15,711.0,6.57,6.68,6.61,7332,573,,,,,
2026-09-15 18:51:56,704.35,2026-09-15,712.0,7.42,7.65,7.37,4171,727,,,,,
2026-09-15 18:51:56,704.35,2026-09-15,713.0,8.45,8.65,8.039,1693,1161,,,,,
2026-09-15 18:51:56,704.35,2026-09-15,714.0,9.46,9.77,9.76,842,859,,,,,
2026-09-15 18:51:56,704.35,2026-09-15,715.0,10.71,10.72,10.42,871,2401,0.7067,-0.9687,0.01246,-0.065,0.0057
2026-09-15 18:51:56,704.35,2026-09-15,716.0,11.66,11.89,11.12,125,1161,0.8525,-0.9541,0.01411,-0.125,0.0077
2026-09-15 18:51:56,704.35,2026-09-15,717.0,12.27,12.9,12.38,215,612,,,,,
2026-09-15 18:51:56,704.35,2026-09-15,718.0,13.3,13.83,13.26,153,460,,,,,
2026-09-15 18:51:56,704.35,2026-09-15,719.0,14.25,14.5,13.32,161,105,,,,,
2026-09-15 18:52:56,704.39,2026-09-15,690.0,0.03,0.04,0.03,4091,3175,0.8414,-0.0147,0.00557,-0.035,0.003
2026-09-15 18:52:56,704.39,2026-09-15,691.0,0.01,0.02,0.01,2618,145,0.7072,-0.008,0.00391,-0.015,0.0017
2026-09-15 18:52:56,704.39,2026-09-15,692.0,0.03,0.04,0.02,8694,395,0.739,-0.0165,0.00701,-0.035,0.0033
2026-09-15 18:52:56,704.39,2026-09-15,693.0,0.01,0.04,0.01,2310,421,0.6552,-0.0136,0.0067,-0.025,0.0028
2026-09-15 18:52:56,704.39,2026-09-15,694.0,0.01,0.04,0.03,3577,412,0.6049,-0.0147,0.00771,-0.025,0.003
2026-09-15 18:52:56,704.39,2026-09-15,695.0,0.01,0.02,0.03,7086,1082,0.517,-0.0107,0.00685,-0.015,0.0022
2026-09-15 18:52:56,704.39,2026-09-15,696.0,0.01,0.02,0.02,9082,2637,0.4685,-0.0117,0.00817,-0.015,0.0024
2026-09-15 18:52:56,704.39,2026-09-15,697.0,0.03,0.04,0.03,7999,551,0.4753,-0.0245,0.0152,-0.035,0.0046
2026-09-15 18:52:56,704.39,2026-09-15,698.0,0.01,0.02,0.03,29729,1423,0.3698,-0.0144,0.01245,-0.015,0.0029
2026-09-15 18:52:56,704.39,2026-09-15,699.0,0.01,0.04,0.03,29095,1786,0.3451,-0.0242,0.0207,-0.025,0.0045
2026-09-15 18:52:56,704.39,2026-09-15,700.0,0.01,0.05,0.02,91872,2887,0.2997,-0.0321,0.03021,-0.03,0.0057
2026-09-15 18:52:56,704.39,2026-09-15,701.0,0.06,0.07,0.06,39750,971,0.2838,-0.0657,0.05665,-0.065,0.0102
2026-09-15 18:52:56,704.39,2026-09-15,702.0,0.09,0.1,0.09,74860,1230,0.2398,-0.1042,0.09476,-0.095,0.0144
2026-09-15 18:52:56,704.39,2026-09-15,703.0,0.17,0.18,0.17,171100,826,0.2039,-0.1945,0.16972,-0.175,0.0219
2026-09-15 18:52:56,704.39,2026-09-15,704.0,0.41,0.42,0.36,340567,415,0.1863,-0.3948,0.25973,-0.415,0.0306
2026-09-15 18:52:56,704.39,2026-09-15,705.0,0.89,0.9,0.89,467261,10115,0.1696,-0.6729,0.26742,-0.285,0.0287
2026-09-15 18:52:56,704.39,2026-09-15,706.0,1.72,1.75,1.72,278596,360,0.1991,-0.8442,0.15097,-0.125,0.019
2026-09-15 18:52:56,704.39,2026-09-15,707.0,2.61,2.66,2.68,170352,700,0.1935,-0.9544,0.06225,-0.025,0.0076
2026-09-15 18:52:56,704.39,2026-09-15,708.0,3.54,3.72,3.53,166465,1026,0.2433,-0.9683,0.03675,-0.02,0.0057
2026-09-15 18:52:56,704.39,2026-09-15,709.0,4.57,4.63,4.53,92480,3929,,,,,
2026-09-15 18:52:56,704.39,2026-09-15,710.0,5.69,5.76,5.55,38212,17534,0.4768,-0.9291,0.03573,-0.115,0.0108
2026-09-15 18:52:56,704.39,2026-09-15,711.0,6.57,6.73,6.61,7332,573,0.445,-0.9682,0.02018,-0.04,0.0057
2026-09-15 18:52:56,704.39,2026-09-15,712.0,7.5,7.64,7.4,4172,727,,,,,
2026-09-15 18:52:56,704.39,2026-09-15,713.0,8.48,8.8,8.039,1693,1161,0.5314,-0.9783,0.01226,-0.03,0.0041
2026-09-15 18:52:56,704.39,2026-09-15,714.0,9.6,9.63,9.64,844,859,0.4879,-0.993,0.00505,-0.005,0.0016
2026-09-15 18:52:56,704.39,2026-09-15,715.0,10.48,10.64,10.42,871,2401,,,,,
2026-09-15 18:52:56,704.39,2026-09-15,716.0,11.53,11.92,11.12,125,1161,0.8432,-0.9565,0.01375,-0.115,0.0073
2026-09-15 18:52:56,704.39,2026-09-15,717.0,12.49,12.69,12.38,215,612,,,,,
2026-09-15 18:52:56,704.39,2026-09-15,718.0,13.67,13.69,13.26,153,460,0.8814,-0.9724,0.00906,-0.07,0.0051
2026-09-15 18:52:56,704.39,2026-09-15,719.0,14.26,15.02,13.32,161,105,0.8311,-0.9854,0.00559,-0.03,0.0029
2026-09-15 18:53:57,704.49,2026-09-15,690.0,0.01,0.04,0.03,4091,3175,0.8148,-0.0113,0.0046,-0.025,0.0023
2026-09-15 18:53:57,704.49,2026-09-15,691.0,0.01,0.02,0.01,2618,145,0.7172,-0.008,0.00386,-0.015,0.0017
2026-09-15 18:53:57,704.49,2026-09-15,692.0,0.03,0.04,0.02,8694,395,0.7498,-0.0164,0.00692,-0.035,0.0032
2026-09-15 18:53:57,704.49,2026-09-15,693.0,0.01,0.02,0.01,2310,421,0.6222,-0.0091,0.00499,-0.015,0.0019
2026-09-15 18:53:57,704.49,2026-09-15,694.0,0.01,0.02,0.01,3578,412,0.5742,-0.0098,0.00576,-0.015,0.0021
2026-09-15 18:53:57,704.49,2026-09-15,695.0,0.01,0.02,0.03,7087,1082,0.5258,-0.0106,0.00674,-0.015,0.0022
2026-09-15 18:53:57,704.49,2026-09-15,696.0,0.01,0.02,0.03,9083,2637,0.4769,-0.0116,0.00802,-0.015,0.0024
2026-09-15 18:53:57,704.49,2026-09-15,697.0,0.03,0.04,0.03,8083,551,0.4843,-0.0243,0.01491,-0.035,0.0045
2026-09-15 18:53:57,704.49,2026-09-15,698.0,0.01,0.02,0.03,29759,1423,0.3776,-0.0143,0.01216,-0.015,0.0029
2026-09-15 18:53:57,704.49,2026-09-15,699.0,0.01,0.04,0.03,29146,1786,0.3531,-0.0238,0.02015,-0.025,0.0044
2026-09-15 18:53:57,704.49,2026-09-15,700.0,0.01,0.05,0.04,91874,2887,0.3076,-0.0316,0.02925,-0.03,0.0056
2026-09-15 18:53:57,704.49,2026-09-15,701.0,0.05,0.06,0.03,39766,971,0.282,-0.0577,0.05187,-0.055,0.0091
2026-09-15 18:53:57,704.49,2026-09-15,702.0,0.07,0.08,0.07,74950,1230,0.2339,-0.0879,0.08638,-0.075,0.0126
2026-09-15 18:53:57,704.49,2026-09-15,703.0,0.14,0.15,0.1,171656,826,0.1999,-0.1714,0.16119,-0.145,0.0201
2026-09-15 18:53:57,704.49,2026-09-15,704.0,0.35,0.36,0.35,341972,415,0.1804,-0.364,0.26363,-0.355,0.0297
2026-09-15 18:53:57,704.49,2026-09-15,705.0,0.8,0.81,0.83,468079,10115,0.1627,-0.6528,0.28749,-0.295,0.0292
2026-09-15 18:53:57,704.49,2026-09-15,706.0,1.56,1.6,1.61,278808,360,0.161,-0.8815,0.15594,-0.07,0.0157
2026-09-15 18:53:57,704.49,2026-09-15,707.0,2.54,2.57,2.53,170376,700,0.2111,-0.9332,0.07773,-0.045,0.0102
2026-09-15 18:53:57,704.49,2026-09-15,708.0,3.55,3.66,3.64,166482,1026,0.3222,-0.9151,0.0611,-0.095,0.0123
2026-09-15 18:53:57,704.49,2026-09-15,709.0,4.44,4.6,4.53,92480,3929,0.2707,-0.9821,0.02059,-0.01,0.0035
2026-09-15 18:53:57,704.49,2026-09-15,710.0,5.37,5.54,5.67,38223,17534,,,,,
2026-09-15 18:53:57,704.49,2026-09-15,711.0,6.48,6.55,6.61,7332,573,0.3495,-0.9905,0.00925,-0.005,0.002
2026-09-15 18:53:57,704.49,2026-09-15,712.0,7.54,7.68,7.57,4174,727,0.585,-0.9466,0.02351,-0.1,0.0086
2026-09-15 18:53:57,704.49,2026-09-15,713.0,8.55,8.68,8.039,1693,1161,0.652,-0.9494,0.02024,-0.105,0.0082
2026-09-15 18:53:57,704.49,2026-09-15,714.0,9.57,9.62,9.64,844,859,0.6848,-0.9593,0.01617,-0.085,0.0069
2026-09-15 18:53:57,704.49,2026-09-15,715.0,10.6,10.73,10.42,871,2401,0.8324,-0.9432,0.01737,-0.155,0.009
2026-09-15 18:53:57,704.49,2026-09-15,716.0,11.66,11.91,11.12,125,1161,1.0132,-0.9223,0.01817,-0.275,0.0115
2026-09-15 18:53:57,704.49,2026-09-15,717.0,12.53,12.75,12.38,215,612,0.9226,-0.9551,0.01299,-0.13,0.0075
2026-09-15 18:53:57,704.49,2026-09-15,718.0,13.35,13.59,13.26,153,460,,,,,
2026-09-15 18:53:57,704.49,2026-09-15,719.0,14.17,14.77,13.32,161,105,,,,,
2026-09-15 18:54:58,704.48,2026-09-15,690.0,0.03,0.04,0.03,4091,3175,0.859,-0.0147,0.00552,-0.035,0.0029
2026-09-15 18:54:58,704.48,2026-09-15,691.0,0.01,0.02,0.03,2619,145,0.7223,-0.008,0.00387,-0.015,0.0017
2026-09-15 18:54:58,704.48,2026-09-15,692.0,0.01,0.04,0.02,8694,395,0.7204,-0.0127,0.00581,-0.025,0.0026
2026-09-15 18:54:58,704.48,2026-09-15,693.0,0.01,0.02,0.03,2311,421,0.6265,-0.0091,0.00499,-0.015,0.0019
2026-09-15 18:54:58,704.48,2026-09-15,694.0,0.03,0.04,0.01,3578,412,0.6496,-0.0188,0.00903,-0.035,0.0036
2026-09-15 18:54:58,704.48,2026-09-15,695.0,0.03,0.04,0.03,7087,1082,0.5962,-0.0203,0.0105,-0.035,0.0038
2026-09-15 18:54:58,704.48,2026-09-15,696.0,0.03,0.04,0.03,9083,2637,0.5422,-0.0221,0.01241,-0.035,0.0041
2026-09-15 18:54:58,704.48,2026-09-15,697.0,0.01,0.02,0.01,8148,551,0.4304,-0.0128,0.00977,-0.015,0.0026
2026-09-15 18:54:58,704.48,2026-09-15,698.0,0.01,0.04,0.03,29766,1423,0.4095,-0.0211,0.01576,-0.025,0.004
2026-09-15 18:54:58,704.48,2026-09-15,699.0,0.01,0.04,0.03,29149,1786,0.3553,-0.0239,0.0202,-0.025,0.0044
2026-09-15 18:54:58,704.48,2026-09-15,700.0,0.04,0.05,0.04,91876,2887,0.3332,-0.0423,0.03453,-0.045,0.0071
2026-09-15 18:54:58,704.48,2026-09-15,701.0,0.01,0.06,0.05,39768,971,0.2588,-0.0424,0.04452,-0.035,0.0071
2026-09-15 18:54:58,704.48,2026-09-15,702.0,0.07,0.08,0.07,75037,1230,0.235,-0.0881,0.08681,-0.075,0.0125
2026-09-15 18:54:58,704.48,2026-09-15,703.0,0.1,0.15,0.1,171771,826,0.1903,-0.1593,0.16274,-0.125,0.019
2026-09-15 18:54:58,704.48,2026-09-15,704.0,0.33,0.34,0.33,342629,415,0.1738,-0.3608,0.27501,-0.335,0.0293
2026-09-15 18:54:58,704.48,2026-09-15,705.0,0.78,0.79,0.82,469125,10115,0.1547,-0.6646,0.30075,-0.265,0.0286
2026-09-15 18:54:58,704.48,2026-09-15,706.0,1.61,1.62,1.61,278991,360,0.1782,-0.8608,0.15881,-0.095,0.0174
2026-09-15 18:54:58,704.48,2026-09-15,707.0,2.46,2.54,2.48,170454,700,,,,,
2026-09-15 18:54:58,704.48,2026-09-15,708.0,3.44,3.54,3.4,166494,1026,,,,,
2026-09-15 18:54:58,704.48,2026-09-15,709.0,4.49,4.68,4.43,92483,3929,0.3627,-0.9432,0.04016,-0.065,0.0089
2026-09-15 18:54:58,704.48,2026-09-15,710.0,5.44,5.55,5.67,38223,17534,,,,,
2026-09-15 18:54:58,704.48,2026-09-15,711.0,6.47,6.57,6.32,7333,573,0.3194,-0.9952,0.00557,-0.0,0.0011
2026-09-15 18:54:58,704.48,2026-09-15,712.0,7.41,7.55,7.55,4175,727,,,,,
2026-09-15 18:54:58,704.48,2026-09-15,713.0,8.42,8.73,8.039,1693,1161,0.5856,-0.9672,0.01595,-0.055,0.0057
2026-09-15 18:54:58,704.48,2026-09-15,714.0,9.38,9.69,9.64,844,859,0.5397,-0.9872,0.00781,-0.015,0.0026
2026-09-15 18:54:58,704.48,2026-09-15,715.0,10.58,10.61,10.42,871,2401,0.7326,-0.9652,0.0134,-0.075,0.006
2026-09-15 18:54:58,704.48,2026-09-15,716.0,11.62,11.87,11.12,125,1161,0.9756,-0.9317,0.01723,-0.225,0.0103
2026-09-15 18:54:58,704.48,2026-09-15,717.0,12.48,12.75,12.38,215,612,0.8789,-0.9638,0.01153,-0.095,0.0062
2026-09-15 18:54:58,704.48,2026-09-15,718.0,13.39,13.52,13.35,154,460,,,,,
2026-09-15 18:54:58,704.48,2026-09-15,719.0,14.38,14.86,13.32,161,105,1.0002,-0.9662,0.00958,-0.1,0.0059
2026-09-15 18:56:00,704.45,2026-09-15,690.0,0.01,0.02,0.03,4091,3175,0.7745,-0.0076,0.00346,-0.015,0.0016
2026-09-15 18:56:00,704.45,2026-09-15,691.0,0.03,0.04,0.03,2663,145,0.8121,-0.0155,0.00618,-0.035,0.003
2026-09-15 18:56:00,704.45,2026-09-15,692.0,0.03,0.04,0.02,8694,395,0.7595,-0.0165,0.00696,-0.035,0.0032
2026-09-15 18:56:00,704.45,2026-09-15,693.0,0.03,0.04,0.03,2312,421,0.7066,-0.0176,0.0079,-0.035,0.0034
2026-09-15 18:56:00,704.45,2026-09-15,694.0,0.03,0.04,0.01,3578,412,0.6532,-0.0189,0.00907,-0.035,0.0036
2026-09-15 18:56:00,704.45,2026-09-15,695.0,0.01,0.02,0.03,7087,1082,0.5321,-0.0106,0.00679,-0.015,0.0022
2026-09-15 18:56:00,704.45,2026-09-15,696.0,0.03,0.04,0.03,9083,2637,0.5449,-0.0222,0.01247,-0.035,0.0041
2026-09-15 18:56:00,704.45,2026-09-15,697.0,0.01,0.04,0.01,8152,551,0.4649,-0.0189,0.01279,-0.025,0.0036
2026-09-15 18:56:00,704.45,2026-09-15,698.0,0.03,0.04,0.01,29773,1423,0.4339,-0.0271,0.01855,-0.035,0.0049
2026-09-15 18:56:00,704.45,2026-09-15,699.0,0.01,0.02,0.03,29170,1786,0.3299,-0.0163,0.01587,-0.015,0.0032
2026-09-15 18:56:00,704.45,2026-09-15,700.0,0.04,0.05,0.04,91887,2887,0.334,-0.0425,0.03485,-0.045,0.007
2026-09-15 18:56:00,704.45,2026-09-15,701.0,0.01,0.06,0.04,39838,971,0.259,-0.0426,0.04506,-0.035,0.0071
2026-09-15 18:56:00,704.45,2026-09-15,702.0,0.03,0.04,0.07,75174,1230,0.1969,-0.054,0.07165,-0.035,0.0085
2026-09-15 18:56:00,704.45,2026-09-15,703.0,0.12,0.13,0.12,172406,826,0.1893,-0.161,0.16609,-0.125,0.019
2026-09-15 18:56:00,704.45,2026-09-15,704.0,0.28,0.33,0.29,343941,415,0.1611,-0.3582,0.29824,-0.305,0.029
2026-09-15 18:56:00,704.45,2026-09-15,705.0,0.75,0.8,0.76,473694,10115,0.1451,-0.6856,0.31474,-0.225,0.0276
2026-09-15 18:56:00,704.45,2026-09-15,706.0,1.57,1.62,1.58,280017,360,0.1487,-0.9092,0.14146,-0.045,0.0127
2026-09-15 18:56:00,704.45,2026-09-15,707.0,2.44,2.59,2.4,170673,700,,,,,
2026-09-15 18:56:00,704.45,2026-09-15,708.0,3.45,3.56,3.36,166596,1026,,,,,
2026-09-15 18:56:00,704.45,2026-09-15,709.0,4.45,4.57,4.43,92493,3929,,,,,
2026-09-15 18:56:00,704.45,2026-09-15,710.0,5.46,5.47,5.51,38233,17534,,,,,
2026-09-15 18:56:00,704.45,2026-09-15,711.0,6.37,6.62,6.32,7333,573,,,,,
2026-09-15 18:56:00,704.45,2026-09-15,712.0,7.53,7.72,7.53,4215,727,0.5647,-0.9561,0.02117,-0.075,0.0072
2026-09-15 18:56:00,704.45,2026-09-15,713.0,8.31,8.65,8.039,1693,1161,,,,,
2026-09-15 18:56:00,704.45,2026-09-15,714.0,9.56,9.78,9.64,848,859,0.7447,-0.9489,0.01814,-0.12,0.0082
2026-09-15 18:56:00,704.45,2026-09-15,715.0,10.26,10.55,10.46,872,2401,,,,,
2026-09-15 18:56:00,704.45,2026-09-15,716.0,11.34,11.65,11.12,125,1161,,,,,
2026-09-15 18:56:00,704.45,2026-09-15,717.0,12.3,12.51,12.38,215,612,,,,,
2026-09-15 18:56:00,704.45,2026-09-15,718.0,13.48,13.7,13.35,154,460,0.8278,-0.9813,0.00712,-0.04,0.0036
2026-09-15 18:56:00,704.45,2026-09-15,719.0,14.67,14.89,13.32,161,105,1.1827,-0.9406,0.01286,-0.23,0.0092
2026-09-15 18:57:02,704.54,2026-09-15,690.0,0.01,0.04,0.03,4091,3175,0.8372,-0.0113,0.00457,-0.025,0.0023
2026-09-15 18:57:02,704.54,2026-09-15,691.0,0.03,0.04,0.01,2673,145,0.8237,-0.0154,0.00611,-0.035,0.003
2026-09-15 18:57:02,704.54,2026-09-15,692.0,0.01,0.04,0.02,8694,395,0.7354,-0.0126,0.00576,-0.025,0.0025
2026-09-15 18:57:02,704.54,2026-09-15,693.0,0.03,0.04,0.03,2313,421,0.7174,-0.0175,0.0078,-0.035,0.0033
2026-09-15 18:57:02,704.54,2026-09-15,694.0,0.01,0.02,0.01,3578,412,0.5907,-0.0097,0.00571,-0.015,0.002
2026-09-15 18:57:02,704.54,2026-09-15,695.0,0.01,0.02,0.03,7087,1082,0.5412,-0.0105,0.00668,-0.015,0.0021
2026-09-15 18:57:02,704.54,2026-09-15,696.0,0.03,0.04,0.03,9085,2637,0.5546,-0.022,0.01227,-0.035,0.004
2026-09-15 18:57:02,704.54,2026-09-15,697.0,0.01,0.04,0.03,8157,551,0.4738,-0.0188,0.01255,-0.025,0.0035
2026-09-15 18:57:02,704.54,2026-09-15,698.0,0.03,0.04,0.01,29819,1423,0.4428,-0.0268,0.01816,-0.035,0.0048
2026-09-15 18:57:02,704.54,2026-09-15,699.0,0.01,0.04,0.02,29170,1786,0.3646,-0.0237,0.01985,-0.025,0.0043
2026-09-15 18:57:02,704.54,2026-09-15,700.0,0.04,0.05,0.04,91892,2887,0.3426,-0.0419,0.03385,-0.045,0.0069
2026-09-15 18:57:02,704.54,2026-09-15,701.0,0.01,0.06,0.04,39841,971,0.2669,-0.0418,0.0434,-0.035,0.0069
2026-09-15 18:57:02,704.54,2026-09-15,702.0,0.07,0.08,0.07,75397,1230,0.2435,-0.0867,0.08413,-0.075,0.0122
2026-09-15 18:57:02,704.54,2026-09-15,703.0,0.13,0.14,0.13,172679,826,0.2042,-0.1622,0.15587,-0.135,0.0189
2026-09-15 18:57:02,704.54,2026-09-15,704.0,0.27,0.32,0.27,348923,415,0.1705,-0.3378,0.27802,-0.295,0.0282
2026-09-15 18:57:02,704.54,2026-09-15,705.0,0.79,0.8,0.79,475196,10115,0.1753,-0.6304,0.27918,-0.34,0.0291
2026-09-15 18:57:02,704.54,2026-09-15,706.0,1.55,1.64,1.55,280429,360,0.1998,-0.8263,0.16647,-0.14,0.0198
2026-09-15 18:57:02,704.54,2026-09-15,707.0,2.45,2.55,2.5,170714,700,0.2123,-0.9324,0.07988,-0.045,0.0101
2026-09-15 18:57:02,704.54,2026-09-15,708.0,3.47,3.62,3.49,166602,1026,0.3217,-0.9171,0.06154,-0.09,0.0118
2026-09-15 18:57:02,704.54,2026-09-15,709.0,4.54,4.65,4.51,92494,3929,0.4333,-0.9076,0.04958,-0.14,0.0128
2026-09-15 18:57:02,704.54,2026-09-15,710.0,5.47,5.61,5.49,38253,17534,0.4509,-0.9406,0.03401,-0.085,0.0091
2026-09-15 18:57:02,704.54,2026-09-15,711.0,6.4,6.6,6.32,7340,573,0.4585,-0.9651,0.02178,-0.045,0.0059
2026-09-15 18:57:02,704.54,2026-09-15,712.0,7.52,7.62,7.37,4222,727,0.6126,-0.9413,0.02479,-0.115,0.009
2026-09-15 18:57:02,704.54,2026-09-15,713.0,8.32,8.76,8.039,1694,1161,0.6378,-0.9559,0.01897,-0.085,0.0072
2026-09-15 18:57:02,704.54,2026-09-15,714.0,9.53,9.55,9.23,849,859,0.6977,-0.9592,0.01628,-0.085,0.0068
2026-09-15 18:57:02,704.54,2026-09-15,715.0,10.43,10.54,10.46,872,2401,0.645,-0.9814,0.00917,-0.03,0.0035
2026-09-15 18:57:02,704.54,2026-09-15,716.0,11.57,11.85,11.12,125,1161,1.0156,-0.9258,0.01793,-0.255,0.0108
2026-09-15 18:57:02,704.54,2026-09-15,717.0,12.29,12.77,12.38,215,612,0.8544,-0.9692,0.01056,-0.075,0.0054
2026-09-15 18:57:02,704.54,2026-09-15,718.0,13.66,13.89,13.35,154,460,1.2093,-0.9225,0.01556,-0.32,0.0112
2026-09-15 18:57:02,704.54,2026-09-15,719.0,14.42,14.71,13.32,161,105,1.0292,-0.9638,0.01,-0.11,0.0061
2026-09-15 18:58:04,704.5,2026-09-15,690.0,0.03,0.04,0.03,4091,3175,0.8811,-0.0146,0.0055,-0.035,0.0028
2026-09-15 18:58:04,704.5,2026-09-15,691.0,0.01,0.04,0.03,2673,145,0.7907,-0.0119,0.00514,-0.025,0.0024
2026-09-15 18:58:04,704.5,2026-09-15,692.0,0.01,0.04,0.02,8704,395,0.7392,-0.0127,0.0058,-0.025,0.0025
2026-09-15 18:58:04,704.5,2026-09-15,693.0,0.01,0.02,0.03,2338,421,0.6429,-0.0091,0.00498,-0.015,0.0019
2026-09-15 18:58:04,704.5,2026-09-15,694.0,0.01,0.02,0.01,3578,412,0.5934,-0.0098,0.00575,-0.015,0.002
2026-09-15 18:58:04,704.5,2026-09-15,695.0,0.03,0.04,0.03,7087,1082,0.612,-0.0203,0.01047,-0.035,0.0037
2026-09-15 18:58:04,704.5,2026-09-15,696.0,0.03,0.04,0.03,9085,2637,0.5567,-0.0221,0.01236,-0.035,0.004
2026-09-15 18:58:04,704.5,2026-09-15,697.0,0.01,0.02,0.01,8157,551,0.442,-0.0127,0.00973,-0.015,0.0025
2026-09-15 18:58:04,704.5,2026-09-15,698.0,0.03,0.04,0.03,29819,1423,0.4439,-0.027,0.01835,-0.035,0.0048
2026-09-15 18:58:04,704.5,2026-09-15,699.0,0.01,0.02,0.02,29171,1786,0.338,-0.0162,0.01565,-0.015,0.0031
2026-09-15 18:58:04,704.5,2026-09-15,700.0,0.01,0.02,0.04,92015,2887,0.2846,-0.0189,0.02119,-0.015,0.0035
2026-09-15 18:58:04,704.5,2026-09-15,701.0,0.01,0.02,0.02,39868,971,0.2299,-0.0228,0.03079,-0.015,0.0041
2026-09-15 18:58:04,704.5,2026-09-15,702.0,0.02,0.03,0.05,75428,1230,0.1902,-0.0422,0.0619,-0.025,0.0069
2026-09-15 18:58:04,704.5,2026-09-15,703.0,0.07,0.12,0.11,172998,826,0.1797,-0.1364,0.15917,-0.095,0.0167
2026-09-15 18:58:04,704.5,2026-09-15,704.0,0.3,0.31,0.3,349494,415,0.17,-0.3488,0.28463,-0.305,0.0283
2026-09-15 18:58:04,704.5,2026-09-15,705.0,0.79,0.8,0.79,476197,10115,0.1667,-0.6511,0.29023,-0.295,0.0283
2026-09-15 18:58:04,704.5,2026-09-15,706.0,1.54,1.58,1.59,280574,360,0.1585,-0.8911,0.15402,-0.06,0.0143
2026-09-15 18:58:04,704.5,2026-09-15,707.0,2.48,2.59,2.35,170721,700,0.2063,-0.9427,0.07278,-0.035,0.0088
2026-09-15 18:58:04,704.5,2026-09-15,708.0,3.47,3.48,3.5,166621,1026,,,,,
2026-09-15 18:58:04,704.5,2026-09-15,709.0,4.35,4.5,4.39,92494,3929,,,,,
2026-09-15 18:58:04,704.5,2026-09-15,710.0,5.44,5.55,5.49,38253,17534,,,,,
2026-09-15 18:58:04,704.5,2026-09-15,711.0,6.43,6.55,6.34,7340,573,,,,,
2026-09-15 18:58:04,704.5,2026-09-15,712.0,7.44,7.66,7.42,4222,727,0.5318,-0.9664,0.01836,-0.05,0.0057
2026-09-15 18:58:04,704.5,2026-09-15,713.0,8.38,8.68,8.34,1694,1161,0.5461,-0.9783,0.01244,-0.03,0.004
2026-09-15 18:58:04,704.5,2026-09-15,714.0,9.22,9.65,9.39,849,859,,,,,
2026-09-15 18:58:04,704.5,2026-09-15,715.0,10.16,10.62,10.46,875,2401,,,,,
2026-09-15 18:58:04,704.5,2026-09-15,716.0,11.22,11.74,11.12,125,1161,,,,,
2026-09-15 18:58:04,704.5,2026-09-15,717.0,12.33,12.46,12.38,215,612,,,,,
2026-09-15 18:58:04,704.5,2026-09-15,718.0,13.26,13.44,13.35,154,460,,,,,
2026-09-15 18:58:04,704.5,2026-09-15,719.0,14.53,14.71,13.32,161,105,1.0563,-0.9617,0.0103,-0.12,0.0064
2026-09-15 18:59:04,704.59,2026-09-15,690.0,0.03,0.04,0.03,4091,3175,0.8931,-0.0146,0.00545,-0.035,0.0028
2026-09-15 18:59:04,704.59,2026-09-15,691.0,0.01,0.02,0.03,2673,145,0.7515,-0.0079,0.00382,-0.015,0.0017
2026-09-15 18:59:04,704.59,2026-09-15,692.0,0.01,0.04,0.02,8704,395,0.7499,-0.0126,0.00573,-0.025,0.0025
2026-09-15 18:59:04,704.59,2026-09-15,693.0,0.03,0.04,0.01,2338,421,0.7317,-0.0174,0.00776,-0.035,0.0033
2026-09-15 18:59:04,704.59,2026-09-15,694.0,0.03,0.04,0.01,3579,412,0.6771,-0.0187,0.00889,-0.035,0.0035
2026-09-15 18:59:04,704.59,2026-09-15,695.0,0.01,0.04,0.03,7146,1082,0.5919,-0.0156,0.00872,-0.025,0.003
2026-09-15 18:59:04,704.59,2026-09-15,696.0,0.03,0.04,0.03,9085,2637,0.5662,-0.0219,0.01217,-0.035,0.004
2026-09-15 18:59:04,704.59,2026-09-15,697.0,0.03,0.04,0.01,8157,551,0.5099,-0.024,0.01462,-0.035,0.0043
2026-09-15 18:59:04,704.59,2026-09-15,698.0,0.01,0.04,0.03,29820,1423,0.4291,-0.0208,0.01537,-0.025,0.0038
2026-09-15 18:59:04,704.59,2026-09-15,699.0,0.01,0.04,0.02,29171,1786,0.3732,-0.0235,0.01962,-0.025,0.0042
2026-09-15 18:59:04,704.59,2026-09-15,700.0,0.01,0.02,0.04,92018,2887,0.2918,-0.0186,0.02057,-0.015,0.0035
2026-09-15 18:59:04,704.59,2026-09-15,701.0,0.01,0.02,0.04,39868,971,0.2368,-0.0224,0.02966,-0.015,0.004
2026-09-15 18:59:04,704.59,2026-09-15,702.0,0.02,0.03,0.05,75454,1230,0.1973,-0.0412,0.05895,-0.025,0.0067
2026-09-15 18:59:04,704.59,2026-09-15,703.0,0.11,0.12,0.08,173248,826,0.2004,-0.1467,0.15114,-0.115,0.0174
2026-09-15 18:59:04,704.59,2026-09-15,704.0,0.22,0.23,0.23,350410,415,0.1529,-0.304,0.30163,-0.225,0.0265
2026-09-15 18:59:04,704.59,2026-09-15,705.0,0.69,0.7,0.66,476871,10115,0.1532,-0.6364,0.32306,-0.285,0.0285
2026-09-15 18:59:04,704.59,2026-09-15,706.0,1.4,1.49,1.4,280655,360,0.1338,-0.9168,0.15088,-0.035,0.0116
2026-09-15 18:59:04,704.59,2026-09-15,707.0,2.34,2.4,2.46,170742,700,,,,,
2026-09-15 18:59:04,704.59,2026-09-15,708.0,3.38,3.57,3.46,166631,1026,0.3007,-0.9317,0.05778,-0.065,0.01
2026-09-15 18:59:04,704.59,2026-09-15,709.0,4.33,4.45,4.33,92500,3929,,,,,
2026-09-15 18:59:04,704.59,2026-09-15,710.0,5.26,5.5,5.45,38258,17534,,,,,
2026-09-15 18:59:04,704.59,2026-09-15,711.0,6.38,6.4,6.34,7340,573,,,,,
2026-09-15 18:59:04,704.59,2026-09-15,712.0,7.3,7.69,7.42,4222,727,0.5834,-0.9517,0.02266,-0.085,0.0076
2026-09-15 18:59:04,704.59,2026-09-15,713.0,8.37,8.5,8.34,1695,1161,0.5323,-0.9806,0.01167,-0.025,0.0036
2026-09-15 18:59:04,704.59,2026-09-15,714.0,9.42,9.55,9.39,849,859,0.6908,-0.9624,0.01563,-0.075,0.0062
2026-09-15 18:59:04,704.59,2026-09-15,715.0,10.42,10.78,10.33,877,2401,0.8979,-0.9347,0.01868,-0.19,0.0097
2026-09-15 18:59:04,704.59,2026-09-15,716.0,11.15,11.56,11.12,125,1161,,,,,
2026-09-15 18:59:04,704.59,2026-09-15,717.0,12.56,12.8,12.38,215,612,1.1114,-0.9269,0.01647,-0.27,0.0105
2026-09-15 18:59:04,704.59,2026-09-15,718.0,13.21,13.38,13.35,154,460,,,,,
2026-09-15 18:59:04,704.59,2026-09-15,719.0,14.62,14.84,13.32,161,105,1.2943,-0.9259,0.01429,-0.32,0.0106
2026-09-15 19:00:06,704.75,2026-09-15,690.0,0.03,0.04,0.03,4091,3175,0.9088,-0.0145,0.00536,-0.035,0.0028
2026-09-15 19:00:06,704.75,2026-09-15,691.0,0.01,0.02,0.03,2673,145,0.7654,-0.0079,0.00375,-0.015,0.0016
2026-09-15 19:00:06,704.75,2026-09-15,692.0,0,0.03,0.02,8704,395,0.7421,-0.0105,0.00498,-0.02,0.0021
2026-09-15 19:00:06,704.75,2026-09-15,693.0,0.01,0.02,0.01,2338,421,0.6658,-0.0089,0.00482,-0.015,0.0018
2026-09-15 19:00:06,704.75,2026-09-15,694.0,0.01,0.04,0.01,3579,412,0.6586,-0.0143,0.00733,-0.025,0.0027
2026-09-15 19:00:06,704.75,2026-09-15,695.0,0.03,0.04,0.01,7147,1082,0.6357,-0.0199,0.01008,-0.035,0.0036
2026-09-15 19:00:06,704.75,2026-09-15,696.0,0.01,0.04,0.03,9085,2637,0.5511,-0.0167,0.01004,-0.025,0.0031
2026-09-15 19:00:06,704.75,2026-09-15,697.0,0.01,0.02,0.01,8157,551,0.462,-0.0124,0.00926,-0.015,0.0024
2026-09-15 19:00:06,704.75,2026-09-15,698.0,0.01,0.02,0.03,29820,1423,0.4097,-0.0138,0.01146,-0.015,0.0027
2026-09-15 19:00:06,704.75,2026-09-15,699.0,0.01,0.02,0.02,29179,1786,0.3567,-0.0157,0.01465,-0.015,0.003
2026-09-15 19:00:06,704.75,2026-09-15,700.0,0.01,0.05,0.02,92033,2887,0.338,-0.0304,0.02703,-0.03,0.0052
2026-09-15 19:00:06,704.75,2026-09-15,701.0,0.01,0.02,0.04,39881,971,0.2475,-0.0217,0.02786,-0.015,0.0039
2026-09-15 19:00:06,704.75,2026-09-15,702.0,0.01,0.06,0.06,75516,1230,0.2227,-0.05,0.06154,-0.035,0.0078
2026-09-15 19:00:06,704.75,2026-09-15,703.0,0.05,0.1,0.1,173569,826,0.1892,-0.1092,0.1314,-0.075,0.0141
2026-09-15 19:00:06,704.75,2026-09-15,704.0,0.18,0.23,0.23,353280,415,0.1637,-0.2713,0.26908,-0.205,0.0249
2026-09-15 19:00:06,704.75,2026-09-15,705.0,0.61,0.62,0.62,478810,10115,0.1595,-0.5827,0.32533,-0.36,0.0294
2026-09-15 19:00:06,704.75,2026-09-15,706.0,1.31,1.4,1.39,280789,360,0.1658,-0.8418,0.19368,-0.1,0.0182
2026-09-15 19:00:06,704.75,2026-09-15,707.0,2.28,2.35,2.29,170794,700,0.2173,-0.9152,0.09498,-0.06,0.0117
2026-09-15 19:00:06,704.75,2026-09-15,708.0,3.21,3.39,3.3,166694,1026,0.271,-0.9441,0.0553,-0.045,0.0085
2026-09-15 19:00:06,704.75,2026-09-15,709.0,4.25,4.37,4.3,92507,3929,0.3482,-0.947,0.04124,-0.055,0.0081
2026-09-15 19:00:06,704.75,2026-09-15,710.0,5.27,5.37,5.45,38258,17534,0.4251,-0.9489,0.03284,-0.065,0.0079
2026-09-15 19:00:06,704.75,2026-09-15,711.0,6.25,6.29,6.34,7340,573,0.3916,-0.9826,0.0146,-0.015,0.0032
2026-09-15 19:00:06,704.75,2026-09-15,712.0,7.2,7.33,7.42,4222,727,0.4255,-0.9878,0.00989,-0.01,0.0024
2026-09-15 19:00:06,704.75,2026-09-15,713.0,8.189,8.4,8.37,1695,1161,0.5635,-0.9733,0.01455,-0.0395,0.0046
2026-09-15 19:00:06,704.75,2026-09-15,714.0,9.25,9.43,9.39,850,859,0.7027,-0.9586,0.01675,-0.085,0.0067
2026-09-15 19:00:06,704.75,2026-09-15,715.0,10.39,10.57,10.31,877,2401,0.9297,-0.9265,0.01993,-0.225,0.0105
2026-09-15 19:00:06,704.75,2026-09-15,716.0,11.41,11.64,11.12,125,1161,1.0408,-0.9222,0.01859,-0.27,0.011
2026-09-15 19:00:06,704.75,2026-09-15,717.0,12.08,12.47,12.38,215,612,0.7194,-0.9875,0.00599,-0.02,0.0024
2026-09-15 19:00:06,704.75,2026-09-15,718.0,13.49,13.71,13.35,154,460,1.2477,-0.918,0.01613,-0.345,0.0114
2026-09-15 19:00:06,704.75,2026-09-15,719.0,14.4,14.62,13.32,161,105,1.2297,-0.9356,0.01361,-0.255,0.0095
2026-09-15 19:01:07,704.85,2026-09-15,690.0,0.03,0.04,0.03,4091,3175,0.9222,-0.0144,0.00531,-0.035,0.0027
2026-09-15 19:01:07,704.85,2026-09-15,691.0,0.01,0.04,0.03,2673,145,0.829,-0.0117,0.00494,-0.025,0.0023
2026-09-15 19:01:07,704.85,2026-09-15,692.0,0,0.03,0.02,8704,395,0.7538,-0.0104,0.00491,-0.02,0.0021
2026-09-15 19:01:07,704.85,2026-09-15,693.0,0.03,0.04,0.01,2338,421,0.7584,-0.0171,0.0075,-0.035,0.0032
2026-09-15 19:01:07,704.85,2026-09-15,694.0,0.01,0.04,0.01,3581,412,0.6698,-0.0142,0.00722,-0.025,0.0027
2026-09-15 19:01:07,704.85,2026-09-15,695.0,0.03,0.04,0.03,7147,1082,0.647,-0.0197,0.00992,-0.035,0.0036
2026-09-15 19:01:07,704.85,2026-09-15,696.0,0.01,0.02,0.02,9086,2637,0.5235,-0.0112,0.00752,-0.015,0.0022
2026-09-15 19:01:07,704.85,2026-09-15,697.0,0.03,0.04,0.01,8157,551,0.5334,-0.0234,0.01391,-0.035,0.0041
2026-09-15 19:01:07,704.85,2026-09-15,698.0,0.01,0.04,0.03,29820,1423,0.4509,-0.0202,0.01451,-0.025,0.0036
2026-09-15 19:01:07,704.85,2026-09-15,699.0,0.03,0.04,0.01,29179,1786,0.4166,-0.0291,0.02138,-0.035,0.005
2026-09-15 19:01:07,704.85,2026-09-15,700.0,0.01,0.02,0.04,92042,2887,0.311,-0.0178,0.01893,-0.015,0.0033
2026-09-15 19:01:07,704.85,2026-09-15,701.0,0.01,0.05,0.03,39883,971,0.2868,-0.0353,0.0364,-0.03,0.0058
2026-09-15 19:01:07,704.85,2026-09-15,702.0,0.05,0.06,0.05,75533,1230,0.2547,-0.066,0.06755,-0.055,0.0096
2026-09-15 19:01:07,704.85,2026-09-15,703.0,0.09,0.1,0.1,173864,826,0.213,-0.1212,0.12676,-0.095,0.015
2026-09-15 19:01:07,704.85,2026-09-15,704.0,0.2,0.21,0.21,354193,415,0.1765,-0.258,0.24536,-0.205,0.0241
2026-09-15 19:01:07,704.85,2026-09-15,705.0,0.51,0.52,0.52,480207,10115,0.1471,-0.5528,0.36038,-0.365,0.0295
2026-09-15 19:01:07,704.85,2026-09-15,706.0,1.25,1.28,1.29,280909,360,0.1658,-0.8227,0.21021,-0.115,0.0194
2026-09-15 19:01:07,704.85,2026-09-15,707.0,2.17,2.18,2.26,170839,700,0.1761,-0.9485,0.08039,-0.025,0.0079
2026-09-15 19:01:07,704.85,2026-09-15,708.0,3.1,3.15,3.33,166732,1026,,,,,
2026-09-15 19:01:07,704.85,2026-09-15,709.0,4.15,4.27,4.4,92507,3929,0.3502,-0.943,0.04377,-0.06,0.0085
2026-09-15 19:01:07,704.85,2026-09-15,710.0,5.18,5.27,5.45,38258,17534,0.434,-0.9431,0.03528,-0.075,0.0085
2026-09-15 19:01:07,704.85,2026-09-15,711.0,6.13,6.35,6.34,7340,573,0.5177,-0.9432,0.02956,-0.09,0.0085
2026-09-15 19:01:07,704.85,2026-09-15,712.0,7.13,7.18,7.42,4222,727,0.3991,-0.9915,0.00777,-0.005,0.0017
2026-09-15 19:01:07,704.85,2026-09-15,713.0,8.039,8.3,8.37,1695,1161,0.5103,-0.9832,0.01096,-0.0195,0.0031
2026-09-15 19:01:07,704.85,2026-09-15,714.0,9.13,9.36,9.4,850,859,0.7167,-0.9551,0.01771,-0.095,0.0071
2026-09-15 19:01:07,704.85,2026-09-15,715.0,10.19,10.53,10.31,877,2401,0.9157,-0.9292,0.01982,-0.21,0.0101
2026-09-15 19:01:07,704.85,2026-09-15,716.0,11.19,11.49,11.12,125,1161,0.9626,-0.9376,0.0171,-0.19,0.0092
2026-09-15 19:01:07,704.85,2026-09-15,717.0,12.14,12.21,12.38,215,612,0.7392,-0.9854,0.00672,-0.025,0.0028
2026-09-15 19:01:07,704.85,2026-09-15,718.0,13.02,13.36,13.35,154,460,0.8402,-0.9809,0.00741,-0.04,0.0035
2026-09-15 19:01:07,704.85,2026-09-15,719.0,14.05,14.27,13.32,161,105,0.7661,-0.9928,0.0035,-0.01,0.0015
2026-09-15 19:02:10,704.63,2026-09-15,690.0,0.01,0.02,0.03,4091,3175,0.8239,-0.0075,0.00339,-0.015,0.0015
2026-09-15 19:02:10,704.63,2026-09-15,691.0,0.01,0.02,0.03,2673,145,0.7736,-0.0079,0.0038,-0.015,0.0016
2026-09-15 19:02:10,704.63,2026-09-15,692.0,0,0.01,0.02,8704,395,0.7497,-0.0106,0.00505,-0.02,0.0021
2026-09-15 19:02:10,704.63,2026-09-15,693.0,0.03,0.04,0.01,2338,421,0.7535,-0.0174,0.00771,-0.035,0.0032
2026-09-15 19:02:10,704.63,2026-09-15,694.0,0.03,0.04,0.03,3581,412,0.6975,-0.0186,0.00884,-0.035,0.0034
2026-09-15 19:02:10,704.63,2026-09-15,695.0,0.03,0.04,0.03,7147,1082,0.6409,-0.0201,0.01025,-0.035,0.0036
2026-09-15 19:02:10,704.63,2026-09-15,696.0,0.01,0.04,0.03,9089,2637,0.555,-0.0169,0.01023,-0.025,0.0031
2026-09-15 19:02:10,704.63,2026-09-15,697.0,0.01,0.02,0.01,8157,551,0.4645,-0.0126,0.00946,-0.015,0.0024
2026-09-15 19:02:10,704.63,2026-09-15,698.0,0.03,0.04,0.03,29821,1423,0.4673,-0.0266,0.01781,-0.035,0.0045
2026-09-15 19:02:10,704.63,2026-09-15,699.0,0.01,0.02,0.01,29184,1786,0.3571,-0.0159,0.01509,-0.015,0.0029
2026-09-15 19:02:10,704.63,2026-09-15,700.0,0.01,0.05,0.04,92089,2887,0.3374,-0.0309,0.02796,-0.03,0.0052
2026-09-15 19:02:10,704.63,2026-09-15,701.0,0.04,0.05,0.02,39923,971,0.2985,-0.0489,0.04596,-0.045,0.0075
2026-09-15 19:02:10,704.63,2026-09-15,702.0,0.01,0.06,0.06,75644,1230,0.2194,-0.0514,0.06502,-0.035,0.0078
2026-09-15 19:02:10,704.63,2026-09-15,703.0,0.1,0.11,0.07,174406,826,0.2035,-0.1375,0.14618,-0.105,0.0162
2026-09-15 19:02:10,704.63,2026-09-15,704.0,0.27,0.28,0.28,356396,415,0.1814,-0.3166,0.26552,-0.275,0.0263
2026-09-15 19:02:10,704.63,2026-09-15,705.0,0.71,0.72,0.72,481484,10115,0.1743,-0.6102,0.2978,-0.35,0.0284
2026-09-15 19:02:10,704.63,2026-09-15,706.0,1.52,1.57,1.52,281081,360,0.22,-0.7983,0.17307,-0.18,0.0208
2026-09-15 19:02:10,704.63,2026-09-15,707.0,2.36,2.48,2.49,170854,700,0.2247,-0.922,0.08782,-0.055,0.0108
2026-09-15 19:02:10,704.63,2026-09-15,708.0,3.35,3.54,3.35,166753,1026,0.3198,-0.9218,0.06184,-0.08,0.0108
2026-09-15 19:02:10,704.63,2026-09-15,709.0,4.36,4.48,4.4,92507,3929,0.3615,-0.948,0.03984,-0.055,0.0079
2026-09-15 19:02:10,704.63,2026-09-15,710.0,5.35,5.4,5.45,38259,17534,0.3338,-0.9847,0.01558,-0.01,0.0028
2026-09-15 19:02:10,704.63,2026-09-15,711.0,6.31,6.54,6.34,7340,573,0.4967,-0.9575,0.02464,-0.06,0.0067
2026-09-15 19:02:10,704.63,2026-09-15,712.0,7.34,7.55,7.42,4232,727,0.5888,-0.9535,0.02236,-0.08,0.0072
2026-09-15 19:02:10,704.63,2026-09-15,713.0,8.189,8.35,8.37,1695,1161,,,,,
2026-09-15 19:02:10,704.63,2026-09-15,714.0,9.15,9.48,9.4,851,859,,,,,
2026-09-15 19:02:10,704.63,2026-09-15,715.0,10.31,10.38,10.31,882,2401,,,,,
2026-09-15 19:02:10,704.63,2026-09-15,716.0,11.3,11.34,11.12,125,1161,,,,,
2026-09-15 19:02:10,704.63,2026-09-15,717.0,12.16,12.65,12.38,215,612,0.8051,-0.9801,0.00811,-0.04,0.0036
2026-09-15 19:02:10,704.63,2026-09-15,718.0,13.46,13.68,13.35,154,460,1.1364,-0.9418,0.01385,-0.205,0.0086
2026-09-15 19:02:10,704.63,2026-09-15,719.0,14.16,14.35,13.32,161,105,,,,,
2026-09-15 19:03:12,704.65,2026-09-15,690.0,0,0.03,0.03,4091,3175,0.909,-0.0129,0.00499,-0.03,0.0024
2026-09-15 19:03:12,704.65,2026-09-15,691.0,0,0.01,0.03,2673,145,0.8545,-0.0136,0.00557,-0.03,0.0026
2026-09-15 19:03:12,704.65,2026-09-15,692.0,0,0.01,0.02,8704,395,0.7574,-0.0106,0.00503,-0.02,0.002
2026-09-15 19:03:12,704.65,2026-09-15,693.0,0.01,0.02,0.01,2338,421,0.6792,-0.009,0.00488,-0.015,0.0018
2026-09-15 19:03:12,704.65,2026-09-15,694.0,0.03,0.04,0.03,3581,412,0.7048,-0.0186,0.00881,-0.035,0.0033
2026-09-15 19:03:12,704.65,2026-09-15,695.0,0.01,0.04,0.03,7147,1082,0.6165,-0.0155,0.00863,-0.025,0.0029
2026-09-15 19:03:12,704.65,2026-09-15,696.0,0.03,0.04,0.03,9089,2637,0.5901,-0.0218,0.01204,-0.035,0.0038
2026-09-15 19:03:12,704.65,2026-09-15,697.0,0.01,0.04,0.01,8157,551,0.5049,-0.0186,0.01228,-0.025,0.0033
2026-09-15 19:03:12,704.65,2026-09-15,698.0,0.03,0.04,0.01,29826,1423,0.4726,-0.0265,0.01773,-0.035,0.0045
2026-09-15 19:03:12,704.65,2026-09-15,699.0,0.01,0.02,0.03,29184,1786,0.3614,-0.0159,0.015,-0.015,0.0029
2026-09-15 19:03:12,704.65,2026-09-15,700.0,0.01,0.02,0.04,92394,2887,0.3058,-0.0184,0.02014,-0.015,0.0033
2026-09-15 19:03:12,704.65,2026-09-15,701.0,0.01,0.02,0.04,39930,971,0.249,-0.0221,0.02888,-0.015,0.0039
2026-09-15 19:03:12,704.65,2026-09-15,702.0,0.05,0.06,0.02,75955,1230,0.2456,-0.0692,0.07398,-0.055,0.0097
2026-09-15 19:03:12,704.65,2026-09-15,703.0,0.06,0.11,0.11,175403,826,0.194,-0.1212,0.14172,-0.085,0.0148
2026-09-15 19:03:12,704.65,2026-09-15,704.0,0.24,0.25,0.25,359710,415,0.1738,-0.3022,0.27398,-0.245,0.0256
2026-09-15 19:03:12,704.65,2026-09-15,705.0,0.65,0.66,0.66,483927,10115,0.1588,-0.6152,0.3285,-0.31,0.028
2026-09-15 19:03:12,704.65,2026-09-15,706.0,1.35,1.43,1.43,281431,360,0.1418,-0.9015,0.16717,-0.045,0.0127
2026-09-15 19:03:12,704.65,2026-09-15,707.0,2.27,2.34,2.32,170960,700,,,,,
2026-09-15 19:03:12,704.65,2026-09-15,708.0,3.3,3.39,3.39,166803,1026,0.1865,-0.9927,0.01489,-0.0,0.0015
2026-09-15 19:03:12,704.65,2026-09-15,709.0,4.24,4.41,4.4,92511,3929,,,,,
2026-09-15 19:03:12,704.65,2026-09-15,710.0,5.29,5.34,5.39,38263,17534,,,,,
2026-09-15 19:03:12,704.65,2026-09-15,711.0,6.13,6.36,6.34,7340,573,,,,,
2026-09-15 19:03:12,704.65,2026-09-15,712.0,7.24,7.42,7.38,4232,727,,,,,
2026-09-15 19:03:12,704.65,2026-09-15,713.0,8.29,8.49,8.37,1695,1161,0.5954,-0.9712,0.01509,-0.045,0.0048
2026-09-15 19:03:12,704.65,2026-09-15,714.0,9.1,9.64,9.42,851,859,0.6019,-0.9822,0.00994,-0.025,0.0032
2026-09-15 19:03:12,704.65,2026-09-15,715.0,10.14,10.56,10.5,882,2401,0.5609,-0.9937,0.00431,-0.005,0.0013
2026-09-15 19:03:12,704.65,2026-09-15,716.0,11.41,11.63,11.12,125,1161,0.9762,-0.9416,0.01631,-0.175,0.0085
2026-09-15 19:03:12,704.65,2026-09-15,717.0,12.03,12.33,12.38,215,612,,,,,
2026-09-15 19:03:12,704.65,2026-09-15,718.0,13.02,13.34,13.35,154,460,,,,,
2026-09-15 19:03:12,704.65,2026-09-15,719.0,14.27,14.34,13.32,161,105,,,,,
2026-09-15 19:04:13,704.71,2026-09-15,690.0,0,0.01,0.03,4092,3175,0.9199,-0.0129,0.00496,-0.03,0.0024
2026-09-15 19:04:13,704.71,2026-09-15,691.0,0,0.01,0.03,2674,145,0.865,-0.0136,0.00554,-0.03,0.0025
2026-09-15 19:04:13,704.71,2026-09-15,692.0,0,0.03,0.02,8704,395,0.7669,-0.0105,0.005,-0.02,0.002
2026-09-15 19:04:13,704.71,2026-09-15,693.0,0.01,0.04,0.01,2338,421,0.7353,-0.0134,0.00642,-0.025,0.0025
2026-09-15 19:04:13,704.71,2026-09-15,694.0,0.01,0.02,0.03,3583,412,0.6358,-0.0096,0.00558,-0.015,0.0019
2026-09-15 19:04:13,704.71,2026-09-15,695.0,0.03,0.04,0.03,7147,1082,0.6565,-0.02,0.01014,-0.035,0.0035
2026-09-15 19:04:13,704.71,2026-09-15,696.0,0.01,0.04,0.03,9092,2637,0.5689,-0.0168,0.01011,-0.025,0.003
2026-09-15 19:04:13,704.71,2026-09-15,697.0,0.01,0.02,0.01,8162,551,0.4766,-0.0125,0.00933,-0.015,0.0023
2026-09-15 19:04:13,704.71,2026-09-15,698.0,0.03,0.04,0.02,29827,1423,0.4799,-0.0264,0.01754,-0.035,0.0044
2026-09-15 19:04:13,704.71,2026-09-15,699.0,0.03,0.04,0.03,29194,1786,0.4192,-0.0297,0.02217,-0.035,0.0049
2026-09-15 19:04:13,704.71,2026-09-15,700.0,0.04,0.05,0.02,92576,2887,0.3742,-0.0409,0.03227,-0.045,0.0064
2026-09-15 19:04:13,704.71,2026-09-15,701.0,0.01,0.02,0.04,40005,971,0.2541,-0.0219,0.02831,-0.015,0.0038
2026-09-15 19:04:13,704.71,2026-09-15,702.0,0.01,0.06,0.06,76316,1230,0.228,-0.0505,0.06277,-0.035,0.0075
2026-09-15 19:04:13,704.71,2026-09-15,703.0,0.09,0.1,0.07,176760,826,0.2067,-0.127,0.13869,-0.095,0.0151
2026-09-15 19:04:13,704.71,2026-09-15,704.0,0.21,0.22,0.22,365221,415,0.1692,-0.2817,0.27486,-0.215,0.0245
2026-09-15 19:04:13,704.71,2026-09-15,705.0,0.58,0.59,0.59,486980,10115,0.1461,-0.6081,0.36226,-0.29,0.0279
2026-09-15 19:04:13,704.71,2026-09-15,706.0,1.27,1.32,1.33,282036,360,0.0821,-0.9848,0.06431,0.0,0.0028
2026-09-15 19:04:13,704.71,2026-09-15,707.0,2.2,2.24,2.39,171151,700,,,,,
2026-09-15 19:04:13,704.71,2026-09-15,708.0,3.2,3.32,3.33,166861,1026,,,,,
2026-09-15 19:04:13,704.71,2026-09-15,709.0,4.19,4.36,4.41,92512,3929,,,,,
2026-09-15 19:04:13,704.71,2026-09-15,710.0,5.09,5.25,5.43,38270,17534,,,,,
2026-09-15 19:04:13,704.71,2026-09-15,711.0,6.31,6.32,6.34,7341,573,0.4222,-0.9794,0.0162,-0.02,0.0036
2026-09-15 19:04:13,704.71,2026-09-15,712.0,7.11,7.52,7.38,4232,727,0.4783,-0.9815,0.01302,-0.02,0.0033
2026-09-15 19:04:13,704.71,2026-09-15,713.0,8.17,8.28,8.37,1695,1161,,,,,
2026-09-15 19:04:13,704.71,2026-09-15,714.0,9.07,9.53,9.42,851,859,0.5147,-0.9932,0.00508,-0.005,0.0014
2026-09-15 19:04:13,704.71,2026-09-15,715.0,10.21,10.36,10.5,882,2401,,,,,
2026-09-15 19:04:13,704.71,2026-09-15,716.0,11.1,11.35,11.12,125,1161,,,,,
2026-09-15 19:04:13,704.71,2026-09-15,717.0,11.93,12.29,12.38,215,612,,,,,
2026-09-15 19:04:13,704.71,2026-09-15,718.0,13.03,13.66,13.35,154,460,0.8988,-0.978,0.00805,-0.05,0.0038
2026-09-15 19:04:13,704.71,2026-09-15,719.0,14.39,14.61,13.32,161,105,1.219,-0.9444,0.01268,-0.205,0.0081
2026-09-15 19:05:14,704.72,2026-09-15,690.0,0,0.01,0.01,4092,3175,0.8119,-0.0054,0.00264,-0.01,0.0011
2026-09-15 19:05:14,704.72,2026-09-15,691.0,0,0.03,0.01,2674,145,0.7621,-0.0057,0.00296,-0.01,0.0012
2026-09-15 19:05:14,704.72,2026-09-15,692.0,0,0.03,0.02,8704,395,0.7745,-0.0105,0.005,-0.02,0.002
2026-09-15 19:05:14,704.72,2026-09-15,693.0,0.01,0.02,0.01,2338,421,0.6948,-0.0089,0.00484,-0.015,0.0017
2026-09-15 19:05:14,704.72,2026-09-15,694.0,0.03,0.04,0.01,3583,412,0.7212,-0.0185,0.00874,-0.035,0.0033
2026-09-15 19:05:14,704.72,2026-09-15,695.0,0.01,0.04,0.03,7147,1082,0.6312,-0.0154,0.00855,-0.025,0.0028
2026-09-15 19:05:14,704.72,2026-09-15,696.0,0.01,0.04,0.03,9092,2637,0.5747,-0.0168,0.01009,-0.025,0.003
2026-09-15 19:05:14,704.72,2026-09-15,697.0,0.03,0.04,0.01,8162,551,0.5451,-0.0237,0.01427,-0.035,0.004
2026-09-15 19:05:14,704.72,2026-09-15,698.0,0.01,0.04,0.01,29837,1423,0.4597,-0.0205,0.01495,-0.025,0.0036
2026-09-15 19:05:14,704.72,2026-09-15,699.0,0.01,0.04,0.03,29262,1786,0.401,-0.0231,0.01899,-0.025,0.0039
2026-09-15 19:05:14,704.72,2026-09-15,700.0,0.04,0.05,0.04,92595,2887,0.3783,-0.0408,0.03217,-0.045,0.0063
2026-09-15 19:05:14,704.72,2026-09-15,701.0,0.01,0.02,0.04,40117,971,0.2571,-0.0218,0.0282,-0.015,0.0038
2026-09-15 19:05:14,704.72,2026-09-15,702.0,0.01,0.02,0.06,76433,1230,0.1975,-0.0276,0.04463,-0.015,0.0046
2026-09-15 19:05:14,704.72,2026-09-15,703.0,0.1,0.11,0.11,177513,826,0.216,-0.1339,0.13894,-0.105,0.0155
2026-09-15 19:05:14,704.72,2026-09-15,704.0,0.2,0.21,0.21,367402,415,0.1678,-0.2755,0.27673,-0.205,0.024
2026-09-15 19:05:14,704.72,2026-09-15,705.0,0.64,0.65,0.61,488862,10115,0.1712,-0.5902,0.31572,-0.36,0.028
2026-09-15 19:05:14,704.72,2026-09-15,706.0,1.37,1.44,1.39,282224,360,0.1872,-0.829,0.18865,-0.12,0.0183
2026-09-15 19:05:14,704.72,2026-09-15,707.0,2.29,2.36,2.36,171224,700,0.2096,-0.9345,0.08463,-0.04,0.0092
2026-09-15 19:05:14,704.72,2026-09-15,708.0,3.32,3.4,3.44,166870,1026,0.3178,-0.9238,0.06271,-0.075,0.0103
2026-09-15 19:05:14,704.72,2026-09-15,709.0,4.23,4.39,4.4,92513,3929,0.319,-0.9685,0.0309,-0.025,0.0051
2026-09-15 19:05:14,704.72,2026-09-15,710.0,5.18,5.24,5.41,38273,17534,,,,,
2026-09-15 19:05:14,704.72,2026-09-15,711.0,6.08,6.45,6.31,7342,573,,,,,
2026-09-15 19:05:14,704.72,2026-09-15,712.0,7.08,7.3,7.38,4232,727,,,,,
2026-09-15 19:05:14,704.72,2026-09-15,713.0,8.13,8.42,8.37,1695,1161,,,,,
2026-09-15 19:05:14,704.72,2026-09-15,714.0,9.1,9.23,9.42,851,859,,,,,
2026-09-15 19:05:14,704.72,2026-09-15,715.0,10.09,10.52,10.5,882,2401,0.6464,-0.9858,0.00777,-0.02,0.0026
2026-09-15 19:05:14,704.72,2026-09-15,716.0,11.21,11.32,11.12,125,1161,,,,,
2026-09-15 19:05:14,704.72,2026-09-15,717.0,12.23,12.45,12.38,215,612,0.8613,-0.9751,0.00942,-0.055,0.0042
2026-09-15 19:05:14,704.72,2026-09-15,718.0,13.17,13.19,13.35,154,460,,,,,
2026-09-15 19:05:14,704.72,2026-09-15,719.0,13.92,14.18,13.32,161,105,,,,,
2026-09-15 19:06:15,704.71,2026-09-15,690.0,0,0.03,0.01,4093,3175,0.8193,-0.0054,0.00264,-0.01,0.0011
2026-09-15 19:06:15,704.71,2026-09-15,691.0,0,0.03,0.01,2674,145,0.7691,-0.0057,0.00296,-0.01,0.0012
2026-09-15 19:06:15,704.71,2026-09-15,692.0,0,0.01,0.02,8704,395,0.7816,-0.0105,0.005,-0.02,0.002
2026-09-15 19:06:15,704.71,2026-09-15,693.0,0.03,0.04,0.01,2338,421,0.7858,-0.0173,0.00764,-0.035,0.003
2026-09-15 19:06:15,704.71,2026-09-15,694.0,0.01,0.02,0.01,3583,412,0.648,-0.0096,0.00557,-0.015,0.0018
2026-09-15 19:06:15,704.71,2026-09-15,695.0,0.03,0.04,0.03,7207,1082,0.6691,-0.02,0.01013,-0.035,0.0034
2026-09-15 19:06:15,704.71,2026-09-15,696.0,0.01,0.04,0.03,9092,2637,0.5799,-0.0168,0.0101,-0.025,0.003
2026-09-15 19:06:15,704.71,2026-09-15,697.0,0.03,0.04,0.01,8162,551,0.55,-0.0238,0.01429,-0.035,0.004
2026-09-15 19:06:15,704.71,2026-09-15,698.0,0.01,0.02,0.03,29837,1423,0.4306,-0.0139,0.01155,-0.015,0.0025
2026-09-15 19:06:15,704.71,2026-09-15,699.0,0.01,0.02,0.03,29262,1786,0.3746,-0.0157,0.01479,-0.015,0.0028
2026-09-15 19:06:15,704.71,2026-09-15,700.0,0.01,0.02,0.04,92682,2887,0.3175,-0.0182,0.01979,-0.015,0.0032
2026-09-15 19:06:15,704.71,2026-09-15,701.0,0.01,0.02,0.02,40166,971,0.2592,-0.0219,0.02826,-0.015,0.0037
2026-09-15 19:06:15,704.71,2026-09-15,702.0,0.05,0.06,0.02,76572,1230,0.2565,-0.0683,0.07207,-0.055,0.0094
2026-09-15 19:06:15,704.71,2026-09-15,703.0,0.06,0.07,0.11,178067,826,0.1892,-0.1015,0.13157,-0.065,0.0126
2026-09-15 19:06:15,704.71,2026-09-15,704.0,0.21,0.26,0.26,368772,415,0.1812,-0.29,0.26508,-0.235,0.0244
2026-09-15 19:06:15,704.71,2026-09-15,705.0,0.64,0.65,0.68,490432,10115,0.1717,-0.5923,0.3173,-0.355,0.0277
2026-09-15 19:06:15,704.71,2026-09-15,706.0,1.4,1.5,1.49,282484,360,0.2106,-0.804,0.18435,-0.16,0.0197
2026-09-15 19:06:15,704.71,2026-09-15,707.0,2.31,2.41,2.45,171294,700,0.2406,-0.9083,0.09604,-0.07,0.0117
2026-09-15 19:06:15,704.71,2026-09-15,708.0,3.31,3.37,3.46,166883,1026,0.2942,-0.9409,0.05612,-0.05,0.0084
2026-09-15 19:06:15,704.71,2026-09-15,709.0,4.33,4.37,4.4,92513,3929,0.3759,-0.9445,0.04183,-0.06,0.008
2026-09-15 19:06:15,704.71,2026-09-15,710.0,5.44,5.51,5.47,38273,17534,0.571,-0.9018,0.04258,-0.185,0.0123
2026-09-15 19:06:15,704.71,2026-09-15,711.0,6.25,6.39,6.51,7342,573,0.4547,-0.9732,0.01914,-0.03,0.0044
2026-09-15 19:06:15,704.71,2026-09-15,712.0,7.27,7.33,7.38,4233,727,0.4496,-0.9881,0.00967,-0.01,0.0022
2026-09-15 19:06:15,704.71,2026-09-15,713.0,8.18,8.36,8.37,1695,1161,,,,,
2026-09-15 19:06:15,704.71,2026-09-15,714.0,9.27,9.45,9.42,851,859,0.7184,-0.964,0.01546,-0.07,0.0056
2026-09-15 19:06:15,704.71,2026-09-15,715.0,10.34,10.47,10.5,882,2401,0.8539,-0.9529,0.01615,-0.115,0.007
2026-09-15 19:06:15,704.71,2026-09-15,716.0,11.29,11.4,11.12,125,1161,0.8105,-0.9735,0.01063,-0.055,0.0044
2026-09-15 19:06:15,704.71,2026-09-15,717.0,11.96,12.32,12.38,215,612,,,,,
2026-09-15 19:06:15,704.71,2026-09-15,718.0,13.18,13.42,13.35,154,460,0.7573,-0.9926,0.00381,-0.01,0.0015
2026-09-15 19:06:15,704.71,2026-09-15,719.0,13.98,14.33,13.32,161,105,,,,,
2026-09-15 19:07:18,704.6,2026-09-15,690.0,0,0.01,0.02,4094,3175,0.8921,-0.0094,0.00402,-0.02,0.0018
2026-09-15 19:07:18,704.6,2026-09-15,691.0,0,0.01,0.01,2674,145,0.7712,-0.0057,0.003,-0.01,0.0012
2026-09-15 19:07:18,704.6,2026-09-15,692.0,0,0.01,0.02,8704,395,0.7834,-0.0106,0.00507,-0.02,0.002
2026-09-15 19:07:18,704.6,2026-09-15,693.0,0.01,0.02,0.01,2338,421,0.7022,-0.009,0.00491,-0.015,0.0017
2026-09-15 19:07:18,704.6,2026-09-15,694.0,0.01,0.02,0.01,3583,412,0.6485,-0.0097,0.00567,-0.015,0.0018
2026-09-15 19:07:18,704.6,2026-09-15,695.0,0.03,0.04,0.03,7207,1082,0.6693,-0.0201,0.01031,-0.035,0.0034
2026-09-15 19:07:18,704.6,2026-09-15,696.0,0.01,0.04,0.03,9093,2637,0.5793,-0.017,0.0103,-0.025,0.003
2026-09-15 19:07:18,704.6,2026-09-15,697.0,0.01,0.02,0.01,8162,551,0.4846,-0.0126,0.00953,-0.015,0.0023
2026-09-15 19:07:18,704.6,2026-09-15,698.0,0.01,0.02,0.03,29837,1423,0.4287,-0.0141,0.01185,-0.015,0.0025
2026-09-15 19:07:18,704.6,2026-09-15,699.0,0.03,0.04,0.03,29263,1786,0.4248,-0.0301,0.02277,-0.035,0.0048
2026-09-15 19:07:18,704.6,2026-09-15,700.0,0.01,0.02,0.04,92724,2887,0.3143,-0.0186,0.0205,-0.015,0.0032
2026-09-15 19:07:18,704.6,2026-09-15,701.0,0.04,0.05,0.04,40176,971,0.3102,-0.0493,0.04657,-0.045,0.0072
2026-09-15 19:07:18,704.6,2026-09-15,702.0,0.05,0.06,0.06,76969,1230,0.2509,-0.0702,0.07599,-0.055,0.0095
2026-09-15 19:07:18,704.6,2026-09-15,703.0,0.1,0.11,0.11,178486,826,0.21,-0.1391,0.14959,-0.105,0.0156
2026-09-15 19:07:18,704.6,2026-09-15,704.0,0.21,0.26,0.26,369626,415,0.1696,-0.3068,0.2935,-0.235,0.0248
2026-09-15 19:07:18,704.6,2026-09-15,705.0,0.69,0.7,0.66,491762,10115,0.167,-0.6316,0.32006,-0.295,0.0266
2026-09-15 19:07:18,704.6,2026-09-15,706.0,1.43,1.46,1.45,282658,360,0.1514,-0.9041,0.15926,-0.045,0.012
2026-09-15 19:07:18,704.6,2026-09-15,707.0,2.42,2.46,2.46,171297,700,0.2219,-0.9367,0.07937,-0.04,0.0088
2026-09-15 19:07:18,704.6,2026-09-15,708.0,3.35,3.5,3.51,166883,1026,0.2688,-0.9629,0.04273,-0.025,0.0057
2026-09-15 19:07:18,704.6,2026-09-15,709.0,4.31,4.42,4.5,92515,3929,,,,,
2026-09-15 19:07:18,704.6,2026-09-15,710.0,5.26,5.45,5.51,38274,17534,,,,,
2026-09-15 19:07:18,704.6,2026-09-15,711.0,6.21,6.48,6.51,7342,573,,,,,
2026-09-15 19:07:18,704.6,2026-09-15,712.0,7.25,7.32,7.28,4233,727,,,,,
2026-09-15 19:07:18,704.6,2026-09-15,713.0,8.3,8.5,8.37,1695,1161,0.4351,-0.9967,0.00324,0.0,0.0007
2026-09-15 19:07:18,704.6,2026-09-15,714.0,9.19,9.38,9.42,851,859,,,,,
2026-09-15 19:07:18,704.6,2026-09-15,715.0,10.28,10.51,10.5,882,2401,,,,,
2026-09-15 19:07:18,704.6,2026-09-15,716.0,11.34,11.63,11.12,125,1161,0.8861,-0.9644,0.01254,-0.085,0.0055
2026-09-15 19:07:18,704.6,2026-09-15,717.0,12.06,12.66,12.38,215,612,,,,,
2026-09-15 19:07:18,704.6,2026-09-15,718.0,13.37,13.62,13.35,154,460,1.0302,-0.9657,0.01046,-0.095,0.0054
2026-09-15 19:07:18,704.6,2026-09-15,719.0,13.94,14.47,13.32,161,105,,,,,
2026-09-15 19:08:19,704.65,2026-09-15,690.0,0,0.01,0.01,4096,3175,0.8327,-0.0054,0.00266,-0.01,0.0011
2026-09-15 19:08:19,704.65,2026-09-15,691.0,0,0.01,0.01,2674,145,0.7815,-0.0057,0.00298,-0.01,0.0011
2026-09-15 19:08:19,704.65,2026-09-15,692.0,0,0.03,0.02,8704,395,0.794,-0.0106,0.00503,-0.02,0.002
2026-09-15 19:08:19,704.65,2026-09-15,693.0,0.03,0.04,0.01,2338,421,0.7981,-0.0173,0.00769,-0.035,0.003
2026-09-15 19:08:19,704.65,2026-09-15,694.0,0.01,0.04,0.01,3583,412,0.7039,-0.0144,0.00742,-0.025,0.0026
2026-09-15 19:08:19,704.65,2026-09-15,695.0,0.01,0.04,0.03,7207,1082,0.6463,-0.0155,0.00863,-0.025,0.0027
2026-09-15 19:08:19,704.65,2026-09-15,696.0,0.03,0.04,0.03,9096,2637,0.6186,-0.0218,0.01204,-0.035,0.0036
2026-09-15 19:08:19,704.65,2026-09-15,697.0,0.03,0.04,0.01,8162,551,0.5575,-0.0239,0.01444,-0.035,0.0039
2026-09-15 19:08:19,704.65,2026-09-15,698.0,0.03,0.04,0.03,29842,1423,0.4954,-0.0265,0.01773,-0.035,0.0043
2026-09-15 19:08:19,704.65,2026-09-15,699.0,0.03,0.04,0.03,29268,1786,0.4324,-0.0299,0.02245,-0.035,0.0047
2026-09-15 19:08:19,704.65,2026-09-15,700.0,0.01,0.05,0.02,92754,2887,0.3582,-0.0308,0.02779,-0.03,0.0049
2026-09-15 19:08:19,704.65,2026-09-15,701.0,0.04,0.05,0.04,40236,971,0.317,-0.0488,0.04563,-0.045,0.0071
2026-09-15 19:08:19,704.65,2026-09-15,702.0,0.01,0.02,0.02,77038,1230,0.1996,-0.028,0.0461,-0.015,0.0045
2026-09-15 19:08:19,704.65,2026-09-15,703.0,0.05,0.1,0.1,179171,826,0.1961,-0.1127,0.13961,-0.075,0.0134
2026-09-15 19:08:19,704.65,2026-09-15,704.0,0.23,0.24,0.24,372242,415,0.1781,-0.2981,0.27864,-0.235,0.0242
2026-09-15 19:08:19,704.65,2026-09-15,705.0,0.6,0.61,0.66,492919,10115,0.1476,-0.6296,0.3662,-0.26,0.0264
2026-09-15 19:08:19,704.65,2026-09-15,706.0,1.36,1.42,1.4,282745,360,0.1484,-0.9018,0.16695,-0.045,0.0121
2026-09-15 19:08:19,704.65,2026-09-15,707.0,2.38,2.44,2.41,171334,700,0.2452,-0.9136,0.09192,-0.065,0.011
2026-09-15 19:08:19,704.65,2026-09-15,708.0,3.36,3.38,3.51,166905,1026,0.2677,-0.9625,0.04367,-0.025,0.0057
2026-09-15 19:08:19,704.65,2026-09-15,709.0,4.31,4.53,4.42,92515,3929,0.4053,-0.9366,0.04394,-0.075,0.0087
2026-09-15 19:08:19,704.65,2026-09-15,710.0,5.21,5.36,5.51,38294,17534,,,,,
2026-09-15 19:08:19,704.65,2026-09-15,711.0,6.41,6.49,6.51,7342,573,0.5843,-0.9387,0.02969,-0.105,0.0085
2026-09-15 19:08:19,704.65,2026-09-15,712.0,7.39,7.48,7.45,4235,727,0.6352,-0.9498,0.02333,-0.09,0.0072
2026-09-15 19:08:19,704.65,2026-09-15,713.0,8.21,8.5,8.37,1695,1161,0.5147,-0.9894,0.00781,-0.01,0.002
2026-09-15 19:08:19,704.65,2026-09-15,714.0,9.36,9.5,9.42,851,859,0.7617,-0.9591,0.0165,-0.085,0.0061
2026-09-15 19:08:19,704.65,2026-09-15,715.0,10.44,10.67,10.5,883,2401,0.9914,-0.9302,0.01934,-0.21,0.0094
2026-09-15 19:08:19,704.65,2026-09-15,716.0,11.14,11.32,11.12,125,1161,,,,,
2026-09-15 19:08:19,704.65,2026-09-15,717.0,12.47,12.65,12.38,215,612,1.1414,-0.9368,0.01555,-0.215,0.0087
2026-09-15 19:08:19,704.65,2026-09-15,718.0,13.02,13.46,13.35,154,460,,,,,
2026-09-15 19:08:19,704.65,2026-09-15,719.0,14.23,14.46,13.32,161,105,0.7088,-0.9979,0.00134,0.0,0.0005
2026-09-15 19:09:20,704.73,2026-09-15,690.0,0,0.03,0.01,4096,3175,0.8447,-0.0054,0.00263,-0.01,0.0011
2026-09-15 19:09:20,704.73,2026-09-15,691.0,0,0.03,0.01,2674,145,0.793,-0.0057,0.00295,-0.01,0.0011
2026-09-15 19:09:20,704.73,2026-09-15,692.0,0,0.03,0.02,8704,395,0.806,-0.0105,0.00499,-0.02,0.0019
2026-09-15 19:09:20,704.73,2026-09-15,693.0,0.03,0.04,0.01,2338,421,0.8105,-0.0173,0.00762,-0.035,0.003
2026-09-15 19:09:20,704.73,2026-09-15,694.0,0.03,0.04,0.01,3583,412,0.7506,-0.0185,0.00872,-0.035,0.0031
2026-09-15 19:09:20,704.73,2026-09-15,695.0,0.01,0.02,0.03,7207,1082,0.6133,-0.0104,0.00648,-0.015,0.0019
2026-09-15 19:09:20,704.73,2026-09-15,696.0,0.03,0.04,0.01,9097,2637,0.6293,-0.0216,0.01188,-0.035,0.0036
2026-09-15 19:09:20,704.73,2026-09-15,697.0,0.03,0.04,0.01,8162,551,0.5676,-0.0237,0.01423,-0.035,0.0039
2026-09-15 19:09:20,704.73,2026-09-15,698.0,0.03,0.04,0.03,29842,1423,0.5051,-0.0263,0.01744,-0.035,0.0042
2026-09-15 19:09:20,704.73,2026-09-15,699.0,0.03,0.04,0.01,29270,1786,0.4414,-0.0296,0.02203,-0.035,0.0047
2026-09-15 19:09:20,704.73,2026-09-15,700.0,0.01,0.02,0.03,92800,2887,0.3282,-0.0182,0.01966,-0.015,0.0031
2026-09-15 19:09:20,704.73,2026-09-15,701.0,0.04,0.05,0.04,40292,971,0.3254,-0.0481,0.04439,-0.045,0.0069
2026-09-15 19:09:20,704.73,2026-09-15,702.0,0.01,0.06,0.02,77197,1230,0.241,-0.0502,0.06201,-0.035,0.0072
2026-09-15 19:09:20,704.73,2026-09-15,703.0,0.05,0.1,0.1,179290,826,0.2044,-0.1098,0.13275,-0.075,0.013
2026-09-15 19:09:20,704.73,2026-09-15,704.0,0.2,0.21,0.21,373201,415,0.1762,-0.2735,0.27295,-0.205,0.023
2026-09-15 19:09:20,704.73,2026-09-15,705.0,0.59,0.6,0.6,493657,10115,0.1626,-0.5935,0.34485,-0.325,0.0268
2026-09-15 19:09:20,704.73,2026-09-15,706.0,1.29,1.34,1.36,282843,360,0.1437,-0.8984,0.17854,-0.045,0.0123
2026-09-15 19:09:20,704.73,2026-09-15,707.0,2.29,2.32,2.26,171352,700,0.2107,-0.9396,0.08213,-0.035,0.0083
2026-09-15 19:09:20,704.73,2026-09-15,708.0,3.18,3.36,3.39,166950,1026,0.1909,-0.9932,0.01442,-0.0,0.0013
2026-09-15 19:09:20,704.73,2026-09-15,709.0,4.27,4.47,4.42,92515,3929,0.4305,-0.9231,0.04845,-0.1,0.01
2026-09-15 19:09:20,704.73,2026-09-15,710.0,5.19,5.2,5.27,38300,17534,,,,,
2026-09-15 19:09:20,704.73,2026-09-15,711.0,6.13,6.37,6.51,7342,573,,,,,
2026-09-15 19:09:20,704.73,2026-09-15,712.0,7.11,7.27,7.45,4235,727,,,,,
2026-09-15 19:09:20,704.73,2026-09-15,713.0,8.22,8.31,8.37,1695,1161,,,,,
2026-09-15 19:09:20,704.73,2026-09-15,714.0,9.07,9.24,9.42,851,859,,,,,
2026-09-15 19:09:20,704.73,2026-09-15,715.0,10.38,10.59,10.57,883,2401,1.0009,-0.9288,0.01964,-0.215,0.0094
2026-09-15 19:09:20,704.73,2026-09-15,716.0,11.04,11.54,11.12,125,1161,0.7257,-0.9869,0.00672,-0.02,0.0023
2026-09-15 19:09:20,704.73,2026-09-15,717.0,12.06,12.21,12.38,215,612,,,,,
2026-09-15 19:09:20,704.73,2026-09-15,718.0,13.13,13.21,13.35,154,460,,,,,
2026-09-15 19:09:20,704.73,2026-09-15,719.0,14.22,14.67,13.32,161,105,1.2365,-0.95,0.01206,-0.175,0.0071
2026-09-15 19:10:20,704.71,2026-09-15,690.0,0,0.03,0.01,4096,3175,0.8523,-0.0054,0.00264,-0.01,0.0011
2026-09-15 19:10:20,704.71,2026-09-15,691.0,0,0.01,0.01,2674,145,0.8001,-0.0057,0.00296,-0.01,0.0011
2026-09-15 19:10:20,704.71,2026-09-15,692.0,0,0.01,0.02,8704,395,0.8131,-0.0105,0.005,-0.02,0.0019
2026-09-15 19:10:20,704.71,2026-09-15,693.0,0.03,0.04,0.01,2338,421,0.8175,-0.0173,0.00764,-0.035,0.0029
2026-09-15 19:10:20,704.71,2026-09-15,694.0,0.03,0.04,0.01,3583,412,0.7571,-0.0185,0.00874,-0.035,0.0031
2026-09-15 19:10:20,704.71,2026-09-15,695.0,0.01,0.04,0.03,7207,1082,0.6626,-0.0154,0.00856,-0.025,0.0027
2026-09-15 19:10:20,704.71,2026-09-15,696.0,0.01,0.04,0.03,9127,2637,0.6032,-0.0168,0.0101,-0.025,0.0029
2026-09-15 19:10:20,704.71,2026-09-15,697.0,0.01,0.02,0.01,8162,551,0.5054,-0.0125,0.00932,-0.015,0.0022
2026-09-15 19:10:20,704.71,2026-09-15,698.0,0.01,0.04,0.03,29842,1423,0.4825,-0.0205,0.01497,-0.025,0.0034
2026-09-15 19:10:20,704.71,2026-09-15,699.0,0.01,0.02,0.01,29270,1786,0.3897,-0.0157,0.01479,-0.015,0.0027
2026-09-15 19:10:20,704.71,2026-09-15,700.0,0.01,0.04,0.02,92856,2887,0.3578,-0.0267,0.02522,-0.025,0.0042
2026-09-15 19:10:20,704.71,2026-09-15,701.0,0.01,0.05,0.02,40452,971,0.303,-0.0363,0.03836,-0.03,0.0055
2026-09-15 19:10:20,704.71,2026-09-15,702.0,0.01,0.02,0.05,77600,1230,0.2071,-0.0276,0.04476,-0.015,0.0043
2026-09-15 19:10:20,704.71,2026-09-15,703.0,0.09,0.1,0.1,179666,826,0.2195,-0.1268,0.13828,-0.095,0.0142
2026-09-15 19:10:20,704.71,2026-09-15,704.0,0.21,0.22,0.18,374331,415,0.1799,-0.2811,0.27368,-0.215,0.0231
2026-09-15 19:10:20,704.71,2026-09-15,705.0,0.61,0.62,0.62,495080,10115,0.1673,-0.5986,0.33752,-0.325,0.0265
2026-09-15 19:10:20,704.71,2026-09-15,706.0,1.33,1.38,1.42,283004,360,0.1621,-0.8765,0.18389,-0.065,0.014
2026-09-15 19:10:20,704.71,2026-09-15,707.0,2.28,2.37,2.38,171364,700,0.2143,-0.94,0.08115,-0.035,0.0082
2026-09-15 19:10:20,704.71,2026-09-15,708.0,3.28,3.41,3.35,166950,1026,0.3119,-0.9375,0.05761,-0.055,0.0084
2026-09-15 19:10:20,704.71,2026-09-15,709.0,4.32,4.44,4.42,92515,3929,0.426,-0.9282,0.0469,-0.09,0.0094
2026-09-15 19:10:20,704.71,2026-09-15,710.0,5.2,5.38,5.43,38330,17534,0.2948,-0.9954,0.0066,-0.0,0.0009
2026-09-15 19:10:20,704.71,2026-09-15,711.0,6.13,6.23,6.51,7342,573,,,,,
2026-09-15 19:10:20,704.71,2026-09-15,712.0,7.18,7.49,7.45,4235,727,0.5688,-0.9684,0.01822,-0.045,0.0049
2026-09-15 19:10:20,704.71,2026-09-15,713.0,8.17,8.3,8.37,1695,1161,,,,,
2026-09-15 19:10:20,704.71,2026-09-15,714.0,9.29,9.46,9.42,851,859,0.7732,-0.9589,0.01662,-0.085,0.006
2026-09-15 19:10:20,704.71,2026-09-15,715.0,10.22,10.48,10.57,885,2401,0.7914,-0.97,0.01257,-0.06,0.0047
2026-09-15 19:10:20,704.71,2026-09-15,716.0,11.08,11.27,11.12,125,1161,,,,,
2026-09-15 19:10:20,704.71,2026-09-15,717.0,12.18,12.5,12.51,216,612,0.8912,-0.9768,0.009,-0.05,0.0038
2026-09-15 19:10:20,704.71,2026-09-15,718.0,13.25,13.39,13.35,154,460,0.8869,-0.9847,0.00634,-0.03,0.0026
2026-09-15 19:10:20,704.71,2026-09-15,719.0,14.15,14.5,13.32,161,105,0.9624,-0.9839,0.00612,-0.035,0.0028
2026-09-15 19:11:21,704.66,2026-09-15,690.0,0,0.03,0.01,4096,3175,0.8586,-0.0054,0.00265,-0.01,0.001
2026-09-15 19:11:21,704.66,2026-09-15,691.0,0,0.03,0.01,2674,145,0.8058,-0.0057,0.00298,-0.01,0.0011
2026-09-15 19:11:21,704.66,2026-09-15,692.0,0,0.03,0.02,8706,395,0.8188,-0.0105,0.00503,-0.02,0.0019
2026-09-15 19:11:21,704.66,2026-09-15,693.0,0.01,0.04,0.01,2338,421,0.7848,-0.0134,0.00646,-0.025,0.0023
2026-09-15 19:11:21,704.66,2026-09-15,694.0,0.01,0.02,0.01,3583,412,0.6784,-0.0096,0.00562,-0.015,0.0018
2026-09-15 19:11:21,704.66,2026-09-15,695.0,0.01,0.02,0.03,7207,1082,0.6221,-0.0104,0.00656,-0.015,0.0019
2026-09-15 19:11:21,704.66,2026-09-15,696.0,0.03,0.04,0.03,9127,2637,0.638,-0.0218,0.01203,-0.035,0.0035
2026-09-15 19:11:21,704.66,2026-09-15,697.0,0.03,0.04,0.01,8164,551,0.575,-0.0239,0.01442,-0.035,0.0038
2026-09-15 19:11:21,704.66,2026-09-15,698.0,0.03,0.04,0.03,29895,1423,0.511,-0.0265,0.01771,-0.035,0.0042
2026-09-15 19:11:21,704.66,2026-09-15,699.0,0.01,0.02,0.03,29307,1786,0.3908,-0.0158,0.01499,-0.015,0.0027
2026-09-15 19:11:21,704.66,2026-09-15,700.0,0.03,0.04,0.02,92895,2887,0.3797,-0.0344,0.0296,-0.035,0.0052
2026-09-15 19:11:21,704.66,2026-09-15,701.0,0.04,0.05,0.04,40458,971,0.3272,-0.0487,0.04554,-0.045,0.0068
2026-09-15 19:11:21,704.66,2026-09-15,702.0,0.01,0.02,0.05,77675,1230,0.206,-0.028,0.04598,-0.015,0.0044
2026-09-15 19:11:21,704.66,2026-09-15,703.0,0.09,0.1,0.1,180179,826,0.2173,-0.1289,0.14282,-0.095,0.0143
2026-09-15 19:11:21,704.66,2026-09-15,704.0,0.22,0.23,0.23,375658,415,0.1799,-0.293,0.28207,-0.225,0.0233
2026-09-15 19:11:21,704.66,2026-09-15,705.0,0.59,0.6,0.6,495657,10115,0.1494,-0.6301,0.3727,-0.255,0.0256
2026-09-15 19:11:21,704.66,2026-09-15,706.0,1.36,1.4,1.39,283049,360,0.1481,-0.9083,0.16407,-0.04,0.0112
2026-09-15 19:11:21,704.66,2026-09-15,707.0,2.32,2.35,2.33,171371,700,,,,,
2026-09-15 19:11:21,704.66,2026-09-15,708.0,3.32,3.34,3.35,166950,1026,,,,,
2026-09-15 19:11:21,704.66,2026-09-15,709.0,4.32,4.4,4.42,92517,3929,0.3302,-0.9732,0.02766,-0.02,0.0042
2026-09-15 19:11:21,704.66,2026-09-15,710.0,5.19,5.39,5.43,38330,17534,,,,,
2026-09-15 19:11:21,704.66,2026-09-15,711.0,6.32,6.34,6.43,7343,573,,,,,
2026-09-15 19:11:21,704.66,2026-09-15,712.0,7.38,7.44,7.45,4235,727,0.6237,-0.9576,0.02137,-0.07,0.0061
2026-09-15 19:11:21,704.66,2026-09-15,713.0,8.18,8.24,8.37,1695,1161,,,,,
2026-09-15 19:11:21,704.66,2026-09-15,714.0,9.05,9.35,9.42,851,859,,,,,
2026-09-15 19:11:21,704.66,2026-09-15,715.0,10.27,10.48,10.48,885,2401,0.7398,-0.9795,0.00987,-0.035,0.0034
2026-09-15 19:11:21,704.66,2026-09-15,716.0,11.3,11.32,11.12,125,1161,,,,,
2026-09-15 19:11:21,704.66,2026-09-15,717.0,12,12.36,12.51,216,612,,,,,
2026-09-15 19:11:21,704.66,2026-09-15,718.0,13.08,13.49,13.35,154,460,,,,,
2026-09-15 19:11:21,704.66,2026-09-15,719.0,14.22,14.6,13.32,161,105,1.0776,-0.9737,0.00835,-0.07,0.0041
2026-09-15 19:12:24,704.6,2026-09-15,690.0,0,0.03,0.01,4096,3175,0.8648,-0.0054,0.00267,-0.01,0.001
2026-09-15 19:12:24,704.6,2026-09-15,691.0,0,0.03,0.01,2674,145,0.8114,-0.0057,0.003,-0.01,0.0011
2026-09-15 19:12:24,704.6,2026-09-15,692.0,0,0.01,0.01,8706,395,0.7578,-0.0061,0.00339,-0.01,0.0012
2026-09-15 19:12:24,704.6,2026-09-15,693.0,0.03,0.04,0.01,2338,421,0.8284,-0.0174,0.00775,-0.035,0.0029
2026-09-15 19:12:24,704.6,2026-09-15,694.0,0.03,0.04,0.01,3583,412,0.7666,-0.0187,0.00888,-0.035,0.0031
2026-09-15 19:12:24,704.6,2026-09-15,695.0,0.03,0.04,0.03,7207,1082,0.7042,-0.0201,0.01031,-0.035,0.0033
2026-09-15 19:12:24,704.6,2026-09-15,696.0,0.01,0.02,0.03,9128,2637,0.568,-0.0114,0.00787,-0.015,0.002
2026-09-15 19:12:24,704.6,2026-09-15,697.0,0.01,0.04,0.01,8164,551,0.5482,-0.0187,0.01242,-0.025,0.0031
2026-09-15 19:12:24,704.6,2026-09-15,698.0,0.01,0.02,0.03,29925,1423,0.4511,-0.0141,0.01185,-0.015,0.0024
2026-09-15 19:12:24,704.6,2026-09-15,699.0,0.01,0.04,0.03,29346,1786,0.4228,-0.0235,0.01957,-0.025,0.0037
2026-09-15 19:12:24,704.6,2026-09-15,700.0,0.03,0.04,0.03,92920,2887,0.3797,-0.0347,0.03015,-0.035,0.0051
2026-09-15 19:12:24,704.6,2026-09-15,701.0,0.01,0.05,0.04,40463,971,0.3019,-0.0371,0.04002,-0.03,0.0054
2026-09-15 19:12:24,704.6,2026-09-15,702.0,0.01,0.06,0.05,77704,1230,0.2392,-0.0519,0.06622,-0.035,0.0071
2026-09-15 19:12:24,704.6,2026-09-15,703.0,0.05,0.06,0.06,180727,826,0.1831,-0.0955,0.13816,-0.055,0.0114
2026-09-15 19:12:24,704.6,2026-09-15,704.0,0.22,0.23,0.23,376439,415,0.1741,-0.3025,0.29888,-0.225,0.0234
2026-09-15 19:12:24,704.6,2026-09-15,705.0,0.67,0.68,0.68,497185,10115,0.1677,-0.6377,0.33346,-0.275,0.0251
2026-09-15 19:12:24,704.6,2026-09-15,706.0,1.41,1.47,1.47,283165,360,0.1546,-0.9108,0.15559,-0.04,0.0108
2026-09-15 19:12:24,704.6,2026-09-15,707.0,2.36,2.49,2.45,171384,700,0.213,-0.953,0.06873,-0.025,0.0066
2026-09-15 19:12:24,704.6,2026-09-15,708.0,3.34,3.4,3.35,166950,1026,,,,,
2026-09-15 19:12:24,704.6,2026-09-15,709.0,4.31,4.38,4.44,92517,3929,,,,,
2026-09-15 19:12:24,704.6,2026-09-15,710.0,5.4,5.52,5.33,38331,17534,0.479,-0.9527,0.0307,-0.06,0.0066
2026-09-15 19:12:24,704.6,2026-09-15,711.0,6.18,6.36,6.43,7343,573,,,,,
2026-09-15 19:12:24,704.6,2026-09-15,712.0,7.31,7.44,7.45,4236,727,,,,,
2026-09-15 19:12:24,704.6,2026-09-15,713.0,8.36,8.4,8.37,1695,1161,,,,,
2026-09-15 19:12:24,704.6,2026-09-15,714.0,9.17,9.27,9.42,851,859,,,,,
2026-09-15 19:12:24,704.6,2026-09-15,715.0,10.12,10.33,10.48,885,2401,,,,,
2026-09-15 19:12:24,704.6,2026-09-15,716.0,11.28,11.29,11.12,125,1161,,,,,
2026-09-15 19:12:24,704.6,2026-09-15,717.0,12.53,12.64,12.51,216,612,1.1557,-0.943,0.01477,-0.185,0.0077
2026-09-15 19:12:24,704.6,2026-09-15,718.0,13.39,13.4,13.35,154,460,,,,,
2026-09-15 19:12:24,704.6,2026-09-15,719.0,14.36,14.37,13.32,171,105,,,,,
2026-09-15 19:13:25,704.5,2026-09-15,690.0,0,0.01,0.01,4097,3175,0.8689,-0.0054,0.0027,-0.01,0.001
2026-09-15 19:13:25,704.5,2026-09-15,691.0,0,0.03,0.01,2674,145,0.8149,-0.0058,0.00303,-0.01,0.0011
2026-09-15 19:13:25,704.5,2026-09-15,692.0,0,0.01,0.01,8706,395,0.7606,-0.0061,0.00344,-0.01,0.0012
2026-09-15 19:13:25,704.5,2026-09-15,693.0,0.03,0.04,0.01,2338,421,0.8312,-0.0175,0.00785,-0.035,0.0029
2026-09-15 19:13:25,704.5,2026-09-15,694.0,0.03,0.04,0.01,3583,412,0.7687,-0.0188,0.00901,-0.035,0.003
2026-09-15 19:13:25,704.5,2026-09-15,695.0,0.03,0.04,0.03,7207,1082,0.7056,-0.0203,0.01047,-0.035,0.0033
2026-09-15 19:13:25,704.5,2026-09-15,696.0,0.03,0.04,0.03,9129,2637,0.6418,-0.0221,0.01236,-0.035,0.0035
2026-09-15 19:13:25,704.5,2026-09-15,697.0,0.01,0.02,0.01,8164,551,0.5096,-0.0127,0.00973,-0.015,0.0022
2026-09-15 19:13:25,704.5,2026-09-15,698.0,0.01,0.04,0.03,29947,1423,0.485,-0.021,0.01569,-0.025,0.0033
2026-09-15 19:13:25,704.5,2026-09-15,699.0,0.03,0.04,0.03,29365,1786,0.4451,-0.0305,0.02337,-0.035,0.0046
2026-09-15 19:13:25,704.5,2026-09-15,700.0,0.01,0.04,0.03,92921,2887,0.3557,-0.0276,0.02695,-0.025,0.0042
2026-09-15 19:13:25,704.5,2026-09-15,701.0,0.04,0.05,0.02,40476,971,0.3226,-0.0502,0.04838,-0.045,0.0069
2026-09-15 19:13:25,704.5,2026-09-15,702.0,0.05,0.06,0.05,77747,1230,0.2589,-0.072,0.07988,-0.055,0.0091
2026-09-15 19:13:25,704.5,2026-09-15,703.0,0.1,0.11,0.1,181078,826,0.2138,-0.1442,0.1601,-0.105,0.0151
2026-09-15 19:13:25,704.5,2026-09-15,704.0,0.28,0.29,0.28,377075,415,0.1877,-0.3428,0.2953,-0.285,0.0244
2026-09-15 19:13:25,704.5,2026-09-15,705.0,0.74,0.75,0.76,499074,10115,0.1714,-0.6688,0.31907,-0.245,0.0241
2026-09-15 19:13:25,704.5,2026-09-15,706.0,1.56,1.63,1.61,283315,360,0.208,-0.8607,0.16083,-0.095,0.0147
2026-09-15 19:13:25,704.5,2026-09-15,707.0,2.5,2.64,2.5,171391,700,0.2756,-0.9135,0.08627,-0.07,0.0105
2026-09-15 19:13:25,704.5,2026-09-15,708.0,3.49,3.64,3.35,166951,1026,0.3499,-0.9334,0.05568,-0.065,0.0086
2026-09-15 19:13:25,704.5,2026-09-15,709.0,4.56,4.7,4.57,92519,3929,0.4974,-0.9126,0.04818,-0.13,0.0105
2026-09-15 19:13:25,704.5,2026-09-15,710.0,5.52,5.7,5.33,38331,17534,0.5565,-0.9307,0.0361,-0.11,0.0088
2026-09-15 19:13:25,704.5,2026-09-15,711.0,6.28,6.66,6.43,7343,573,,,,,
2026-09-15 19:13:25,704.5,2026-09-15,712.0,7.42,7.66,7.45,4236,727,0.5897,-0.9715,0.01665,-0.04,0.0043
2026-09-15 19:13:25,704.5,2026-09-15,713.0,8.33,8.7,8.37,1695,1161,0.5739,-0.9867,0.00899,-0.015,0.0023
2026-09-15 19:13:25,704.5,2026-09-15,714.0,9.28,9.6,9.42,851,859,,,,,
2026-09-15 19:13:25,704.5,2026-09-15,715.0,10.56,10.78,10.48,885,2401,1.0083,-0.9398,0.01785,-0.17,0.0079
2026-09-15 19:13:25,704.5,2026-09-15,716.0,11.25,11.76,11.12,125,1161,0.6743,-0.9946,0.00348,-0.005,0.001
2026-09-15 19:13:25,704.5,2026-09-15,717.0,12.57,12.8,12.51,216,612,1.1757,-0.9433,0.01461,-0.185,0.0076
2026-09-15 19:13:25,704.5,2026-09-15,718.0,13.56,13.78,13.35,154,460,1.2274,-0.9491,0.01284,-0.17,0.0069
2026-09-15 19:13:25,704.5,2026-09-15,719.0,14.29,14.44,14.41,171,105,,,,,
2026-09-15 19:14:26,704.45,2026-09-15,690.0,0,0.01,0.01,4097,3175,0.8756,-0.0055,0.00272,-0.01,0.001
2026-09-15 19:14:26,704.45,2026-09-15,691.0,0,0.03,0.01,2674,145,0.821,-0.0058,0.00306,-0.01,0.0011
2026-09-15 19:14:26,704.45,2026-09-15,692.0,0,0.01,0.01,9097,395,0.7661,-0.0062,0.00346,-0.01,0.0011
2026-09-15 19:14:26,704.45,2026-09-15,693.0,0.01,0.04,0.01,2358,421,0.798,-0.0136,0.00665,-0.025,0.0023
2026-09-15 19:14:26,704.45,2026-09-15,694.0,0.01,0.04,0.01,3593,412,0.737,-0.0146,0.00765,-0.025,0.0024
2026-09-15 19:14:26,704.45,2026-09-15,695.0,0.03,0.04,0.03,7207,1082,0.7099,-0.0204,0.01057,-0.035,0.0032
2026-09-15 19:14:26,704.45,2026-09-15,696.0,0.01,0.04,0.01,9156,2637,0.6134,-0.0172,0.01059,-0.025,0.0028
2026-09-15 19:14:26,704.45,2026-09-15,697.0,0.03,0.04,0.01,8164,551,0.5801,-0.0244,0.01504,-0.035,0.0038
2026-09-15 19:14:26,704.45,2026-09-15,698.0,0.03,0.04,0.03,29947,1423,0.5138,-0.0271,0.01858,-0.035,0.0041
2026-09-15 19:14:26,704.45,2026-09-15,699.0,0.01,0.02,0.03,29371,1786,0.3906,-0.0163,0.0159,-0.015,0.0027
2026-09-15 19:14:26,704.45,2026-09-15,700.0,0.01,0.02,0.03,93221,2887,0.3283,-0.0191,0.02159,-0.015,0.003
2026-09-15 19:14:26,704.45,2026-09-15,701.0,0.01,0.02,0.04,40525,971,0.2645,-0.0231,0.03153,-0.015,0.0036
2026-09-15 19:14:26,704.45,2026-09-15,702.0,0.05,0.06,0.02,78031,1230,0.2574,-0.073,0.08216,-0.055,0.0091
2026-09-15 19:14:26,704.45,2026-09-15,703.0,0.1,0.11,0.09,181443,826,0.2109,-0.1471,0.16643,-0.105,0.0151
2026-09-15 19:14:26,704.45,2026-09-15,704.0,0.23,0.28,0.26,378653,415,0.1695,-0.3433,0.33082,-0.255,0.0241
2026-09-15 19:14:26,704.45,2026-09-15,705.0,0.75,0.76,0.75,501081,10115,0.1615,-0.6987,0.32898,-0.2,0.0228
2026-09-15 19:14:26,704.45,2026-09-15,706.0,1.53,1.64,1.53,283818,360,0.1603,-0.9298,0.12799,-0.03,0.0088
2026-09-15 19:14:26,704.45,2026-09-15,707.0,2.53,2.63,2.49,171404,700,0.2288,-0.9551,0.06302,-0.025,0.0062
2026-09-15 19:14:26,704.45,2026-09-15,708.0,3.57,3.6,3.56,166958,1026,0.3084,-0.96,0.04262,-0.03,0.0057
2026-09-15 19:14:26,704.45,2026-09-15,709.0,4.49,4.55,4.63,92524,3929,,,,,
2026-09-15 19:14:26,704.45,2026-09-15,710.0,5.41,5.62,5.33,38334,17534,,,,,
2026-09-15 19:14:26,704.45,2026-09-15,711.0,6.44,6.66,6.43,7343,573,,,,,
2026-09-15 19:14:26,704.45,2026-09-15,712.0,7.49,7.66,7.45,4236,727,0.5433,-0.9824,0.0122,-0.02,0.0029
2026-09-15 19:14:26,704.45,2026-09-15,713.0,8.52,8.54,8.37,1698,1161,,,,,
2026-09-15 19:14:26,704.45,2026-09-15,714.0,9.53,9.75,9.42,851,859,0.8255,-0.9598,0.01598,-0.085,0.0057
2026-09-15 19:14:26,704.45,2026-09-15,715.0,10.38,10.72,10.48,885,2401,,,,,
2026-09-15 19:14:26,704.45,2026-09-15,716.0,11.56,11.78,11.12,125,1161,1.0169,-0.9567,0.01378,-0.115,0.006
2026-09-15 19:14:26,704.45,2026-09-15,717.0,12.43,12.68,12.51,216,612,0.662,-0.9979,0.00153,-0.0,0.0004
2026-09-15 19:14:26,704.45,2026-09-15,718.0,13.76,13.87,13.35,154,460,1.3619,-0.9327,0.01458,-0.26,0.0085
2026-09-15 19:14:26,704.45,2026-09-15,719.0,14.6,14.71,14.41,171,105,1.1949,-0.9666,0.0095,-0.1,0.0049
2026-09-15 19:15:26,704.41,2026-09-15,690.0,0,0.01,0.01,4097,3175,0.8836,-0.0055,0.00273,-0.01,0.001
2026-09-15 19:15:26,704.41,2026-09-15,691.0,0,0.01,0.01,2674,145,0.8284,-0.0058,0.00307,-0.01,0.0011
2026-09-15 19:15:26,704.41,2026-09-15,692.0,0,0.01,0.01,9097,395,0.7728,-0.0062,0.00348,-0.01,0.0011
2026-09-15 19:15:26,704.41,2026-09-15,693.0,0.03,0.04,0.03,2358,421,0.8443,-0.0176,0.00794,-0.035,0.0028
2026-09-15 19:15:26,704.41,2026-09-15,694.0,0.01,0.02,0.03,3593,412,0.6943,-0.0098,0.00583,-0.015,0.0017
2026-09-15 19:15:26,704.41,2026-09-15,695.0,0.03,0.04,0.03,7207,1082,0.7157,-0.0204,0.01062,-0.035,0.0032
2026-09-15 19:15:26,704.41,2026-09-15,696.0,0.01,0.02,0.03,9156,2637,0.5759,-0.0116,0.00814,-0.015,0.002
2026-09-15 19:15:26,704.41,2026-09-15,697.0,0.03,0.04,0.01,8164,551,0.5843,-0.0245,0.01515,-0.035,0.0037
2026-09-15 19:15:26,704.41,2026-09-15,698.0,0.03,0.04,0.03,30056,1423,0.5172,-0.0273,0.01873,-0.035,0.0041
2026-09-15 19:15:26,704.41,2026-09-15,699.0,0.03,0.04,0.02,29408,1786,0.449,-0.0309,0.02393,-0.035,0.0045
2026-09-15 19:15:26,704.41,2026-09-15,700.0,0.03,0.04,0.02,93273,2887,0.3792,-0.0358,0.03201,-0.035,0.0051
2026-09-15 19:15:26,704.41,2026-09-15,701.0,0.04,0.05,0.02,40670,971,0.3231,-0.0511,0.05011,-0.045,0.0068
2026-09-15 19:15:26,704.41,2026-09-15,702.0,0.05,0.06,0.05,78144,1230,0.2574,-0.0737,0.08367,-0.055,0.0091
2026-09-15 19:15:26,704.41,2026-09-15,703.0,0.06,0.11,0.1,182087,826,0.196,-0.1328,0.16888,-0.085,0.0139
2026-09-15 19:15:26,704.41,2026-09-15,704.0,0.26,0.31,0.26,380485,415,0.1787,-0.3606,0.32294,-0.285,0.0243
2026-09-15 19:15:26,704.41,2026-09-15,705.0,0.79,0.84,0.79,503326,10115,0.179,-0.6932,0.30255,-0.225,0.0228
2026-09-15 19:15:26,704.41,2026-09-15,706.0,1.63,1.68,1.63,284046,360,0.1984,-0.8909,0.14525,-0.065,0.0121
2026-09-15 19:15:26,704.41,2026-09-15,707.0,2.64,2.69,2.55,171478,700,0.2942,-0.9118,0.0838,-0.075,0.0104
2026-09-15 19:15:26,704.41,2026-09-15,708.0,3.67,3.72,3.61,166960,1026,0.4077,-0.9118,0.06053,-0.105,0.0104
2026-09-15 19:15:26,704.41,2026-09-15,709.0,4.5,4.67,4.63,92524,3929,,,,,
2026-09-15 19:15:26,704.41,2026-09-15,710.0,5.61,5.72,5.55,38535,17534,0.5313,-0.9466,0.03154,-0.075,0.007
2026-09-15 19:15:26,704.41,2026-09-15,711.0,6.47,6.62,6.43,7343,573,,,,,
2026-09-15 19:15:26,704.41,2026-09-15,712.0,7.33,7.68,7.45,4237,727,,,,,
2026-09-15 19:15:26,704.41,2026-09-15,713.0,8.48,8.53,8.45,1698,1161,,,,,
2026-09-15 19:15:26,704.41,2026-09-15,714.0,9.61,9.62,9.42,851,859,0.6924,-0.9829,0.00944,-0.025,0.0027
2026-09-15 19:15:26,704.41,2026-09-15,715.0,10.58,10.68,10.37,925,2401,0.8034,-0.9779,0.01009,-0.04,0.0034
2026-09-15 19:15:26,704.41,2026-09-15,716.0,11.62,11.85,11.12,125,1161,1.0781,-0.9494,0.0149,-0.145,0.0068
2026-09-15 19:15:26,704.41,2026-09-15,717.0,12.4,12.62,12.51,216,612,,,,,
2026-09-15 19:15:26,704.41,2026-09-15,718.0,13.48,13.55,13.35,154,460,,,,,
2026-09-15 19:15:26,704.41,2026-09-15,719.0,14.24,14.57,14.41,171,105,,,,,
2026-09-15 19:16:28,704.31,2026-09-15,690.0,0,0.01,0.01,4214,3175,0.8885,-0.0055,0.00276,-0.01,0.001
2026-09-15 19:16:28,704.31,2026-09-15,691.0,0,0.03,0.01,2674,145,0.8326,-0.0058,0.00311,-0.01,0.0011
2026-09-15 19:16:28,704.31,2026-09-15,692.0,0,0.01,0.01,9230,395,0.7764,-0.0062,0.00352,-0.01,0.0011
2026-09-15 19:16:28,704.31,2026-09-15,693.0,0.01,0.04,0.03,2358,421,0.8082,-0.0137,0.00677,-0.025,0.0022
2026-09-15 19:16:28,704.31,2026-09-15,694.0,0.03,0.04,0.03,3593,412,0.7831,-0.0191,0.00926,-0.035,0.003
2026-09-15 19:16:28,704.31,2026-09-15,695.0,0.01,0.02,0.03,7209,1082,0.6369,-0.0107,0.00695,-0.015,0.0018
2026-09-15 19:16:28,704.31,2026-09-15,696.0,0.01,0.02,0.01,9210,2637,0.5766,-0.0117,0.0083,-0.015,0.002
2026-09-15 19:16:28,704.31,2026-09-15,697.0,0.03,0.04,0.03,8165,551,0.5845,-0.0247,0.01545,-0.035,0.0037
2026-09-15 19:16:28,704.31,2026-09-15,698.0,0.03,0.04,0.03,30060,1423,0.5165,-0.0276,0.01916,-0.035,0.0041
2026-09-15 19:16:28,704.31,2026-09-15,699.0,0.01,0.02,0.02,29408,1786,0.3912,-0.0166,0.01651,-0.015,0.0027
2026-09-15 19:16:28,704.31,2026-09-15,700.0,0.03,0.04,0.02,93346,2887,0.3765,-0.0364,0.03306,-0.035,0.0051
2026-09-15 19:16:28,704.31,2026-09-15,701.0,0.01,0.02,0.02,40686,971,0.2617,-0.0238,0.03344,-0.015,0.0036
2026-09-15 19:16:28,704.31,2026-09-15,702.0,0.05,0.06,0.05,78306,1230,0.2522,-0.0758,0.08825,-0.055,0.0091
2026-09-15 19:16:28,704.31,2026-09-15,703.0,0.07,0.12,0.11,182444,826,0.1955,-0.147,0.18359,-0.095,0.0147
2026-09-15 19:16:28,704.31,2026-09-15,704.0,0.31,0.32,0.31,382263,415,0.1777,-0.3916,0.33727,-0.315,0.0246
2026-09-15 19:16:28,704.31,2026-09-15,705.0,0.86,0.87,0.86,505762,10115,0.1713,-0.7341,0.29893,-0.175,0.021
2026-09-15 19:16:28,704.31,2026-09-15,706.0,1.69,1.77,1.72,284315,360,0.1861,-0.9211,0.12337,-0.04,0.0094
2026-09-15 19:16:28,704.31,2026-09-15,707.0,2.72,2.74,2.7,171512,700,0.2663,-0.9418,0.06813,-0.04,0.0075
2026-09-15 19:16:28,704.31,2026-09-15,708.0,3.6,3.69,3.64,166973,1026,,,,,
2026-09-15 19:16:28,704.31,2026-09-15,709.0,4.68,4.69,4.73,92526,3929,,,,,
2026-09-15 19:16:28,704.31,2026-09-15,710.0,5.6,5.71,5.58,38536,17534,,,,,
2026-09-15 19:16:28,704.31,2026-09-15,711.0,6.5,6.81,6.47,7344,573,,,,,
2026-09-15 19:16:28,704.31,2026-09-15,712.0,7.56,7.6,7.35,4237,727,,,,,
2026-09-15 19:16:28,704.31,2026-09-15,713.0,8.43,8.71,8.45,1698,1161,,,,,
2026-09-15 19:16:28,704.31,2026-09-15,714.0,9.59,9.66,9.42,851,859,,,,,
2026-09-15 19:16:28,704.31,2026-09-15,715.0,10.29,10.6,10.37,925,2401,,,,,
2026-09-15 19:16:28,704.31,2026-09-15,716.0,11.72,11.94,11.12,125,1161,1.0906,-0.9509,0.01455,-0.14,0.0065
2026-09-15 19:16:28,704.31,2026-09-15,717.0,12.68,12.9,12.51,216,612,1.0937,-0.9632,0.01149,-0.1,0.0052
2026-09-15 19:16:28,704.31,2026-09-15,718.0,13.54,13.63,13.35,154,460,,,,,
2026-09-15 19:16:28,704.31,2026-09-15,719.0,14.46,14.96,14.41,171,105,0.9816,-0.9894,0.00444,-0.02,0.0018
2026-09-15 19:17:31,704.29,2026-09-15,690.0,0,0.03,0.01,4239,3175,0.8986,-0.0055,0.00277,-0.01,0.001
2026-09-15 19:17:31,704.29,2026-09-15,691.0,0,0.01,0.01,2674,145,0.842,-0.0058,0.00311,-0.01,0.0011
2026-09-15 19:17:31,704.29,2026-09-15,692.0,0,0.01,0.01,9230,395,0.785,-0.0062,0.00353,-0.01,0.0011
2026-09-15 19:17:31,704.29,2026-09-15,693.0,0.01,0.02,0.03,2358,421,0.7642,-0.0092,0.00513,-0.015,0.0016
2026-09-15 19:17:31,704.29,2026-09-15,694.0,0.03,0.04,0.03,3593,412,0.7917,-0.0191,0.00928,-0.035,0.0029
2026-09-15 19:17:31,704.29,2026-09-15,695.0,0.03,0.04,0.03,7209,1082,0.7254,-0.0206,0.01082,-0.035,0.0031
2026-09-15 19:17:31,704.29,2026-09-15,696.0,0.03,0.04,0.01,9210,2637,0.6585,-0.0225,0.01282,-0.035,0.0034
2026-09-15 19:17:31,704.29,2026-09-15,697.0,0.03,0.04,0.03,8216,551,0.5906,-0.0248,0.0155,-0.035,0.0037
2026-09-15 19:17:31,704.29,2026-09-15,698.0,0.01,0.04,0.03,30060,1423,0.4943,-0.0215,0.01646,-0.025,0.0033
2026-09-15 19:17:31,704.29,2026-09-15,699.0,0.03,0.04,0.02,29408,1786,0.4517,-0.0314,0.02468,-0.035,0.0045
2026-09-15 19:17:31,704.29,2026-09-15,700.0,0.03,0.04,0.02,93358,2887,0.3801,-0.0365,0.03322,-0.035,0.0051
2026-09-15 19:17:31,704.29,2026-09-15,701.0,0.01,0.02,0.02,40717,971,0.2639,-0.0239,0.03367,-0.015,0.0036
2026-09-15 19:17:31,704.29,2026-09-15,702.0,0.05,0.06,0.04,78337,1230,0.254,-0.0761,0.08898,-0.055,0.0091
2026-09-15 19:17:31,704.29,2026-09-15,703.0,0.07,0.12,0.08,182882,826,0.1964,-0.1479,0.18579,-0.095,0.0146
2026-09-15 19:17:31,704.29,2026-09-15,704.0,0.28,0.33,0.28,385452,415,0.1733,-0.3929,0.35032,-0.305,0.0243
2026-09-15 19:17:31,704.29,2026-09-15,705.0,0.84,0.86,0.84,508581,10115,0.1605,-0.755,0.30938,-0.145,0.0199
2026-09-15 19:17:31,704.29,2026-09-15,706.0,1.77,1.78,1.74,284782,360,0.2179,-0.891,0.13545,-0.07,0.0118
2026-09-15 19:17:31,704.29,2026-09-15,707.0,2.63,2.71,2.62,171553,700,,,,,
2026-09-15 19:17:31,704.29,2026-09-15,708.0,3.77,3.81,3.52,166975,1026,0.4063,-0.9241,0.0555,-0.085,0.009
2026-09-15 19:17:31,704.29,2026-09-15,709.0,4.64,4.71,4.73,92526,3929,,,,,
2026-09-15 19:17:31,704.29,2026-09-15,710.0,5.66,5.8,5.47,38536,17534,0.4576,-0.9749,0.02024,-0.025,0.0037
2026-09-15 19:17:31,704.29,2026-09-15,711.0,6.54,6.66,6.47,7344,573,,,,,
2026-09-15 19:17:31,704.29,2026-09-15,712.0,7.65,7.88,7.35,4237,727,0.6749,-0.9632,0.01882,-0.06,0.0051
2026-09-15 19:17:31,704.29,2026-09-15,713.0,8.83,8.88,8.45,1698,1161,0.8888,-0.9373,0.02189,-0.15,0.0078
2026-09-15 19:17:31,704.29,2026-09-15,714.0,9.71,9.72,9.42,851,859,0.6441,-0.9909,0.00604,-0.01,0.0016
2026-09-15 19:17:31,704.29,2026-09-15,715.0,10.72,10.76,10.49,926,2401,0.8143,-0.9801,0.00934,-0.035,0.003
2026-09-15 19:17:31,704.29,2026-09-15,716.0,11.62,11.94,11.12,125,1161,0.9864,-0.9681,0.01145,-0.075,0.0045
2026-09-15 19:17:31,704.29,2026-09-15,717.0,12.59,12.94,12.51,216,612,1.0179,-0.9743,0.00927,-0.06,0.0038
2026-09-15 19:17:31,704.29,2026-09-15,718.0,13.65,13.81,13.35,154,460,0.9608,-0.987,0.0055,-0.025,0.0021
2026-09-15 19:17:31,704.29,2026-09-15,719.0,14.68,14.9,14.41,171,105,1.2142,-0.9704,0.00874,-0.085,0.0043
2026-09-15 19:18:32,704.35,2026-09-15,690.0,0,0.01,0.01,4239,3175,0.9124,-0.0055,0.00275,-0.01,0.001
2026-09-15 19:18:32,704.35,2026-09-15,691.0,0,0.01,0.01,2674,145,0.8551,-0.0058,0.00309,-0.01,0.001
2026-09-15 19:18:32,704.35,2026-09-15,692.0,0,0.03,0.01,9230,395,0.7975,-0.0062,0.00351,-0.01,0.0011
2026-09-15 19:18:32,704.35,2026-09-15,693.0,0.03,0.04,0.03,2378,421,0.871,-0.0177,0.00801,-0.035,0.0027
2026-09-15 19:18:32,704.35,2026-09-15,694.0,0.03,0.04,0.03,3593,412,0.8047,-0.019,0.00921,-0.035,0.0029
2026-09-15 19:18:32,704.35,2026-09-15,695.0,0.03,0.04,0.03,7209,1082,0.7376,-0.0205,0.01074,-0.035,0.0031
2026-09-15 19:18:32,704.35,2026-09-15,696.0,0.03,0.04,0.01,9210,2637,0.6699,-0.0224,0.01271,-0.035,0.0033
2026-09-15 19:18:32,704.35,2026-09-15,697.0,0.03,0.04,0.03,8216,551,0.6013,-0.0246,0.01535,-0.035,0.0036
2026-09-15 19:18:32,704.35,2026-09-15,698.0,0.03,0.04,0.03,30060,1423,0.5317,-0.0275,0.01901,-0.035,0.004
2026-09-15 19:18:32,704.35,2026-09-15,699.0,0.03,0.04,0.02,29416,1786,0.4608,-0.0311,0.02435,-0.035,0.0044
2026-09-15 19:18:32,704.35,2026-09-15,700.0,0.01,0.02,0.03,93369,2887,0.3376,-0.0194,0.02234,-0.015,0.003
2026-09-15 19:18:32,704.35,2026-09-15,701.0,0.01,0.05,0.02,40723,971,0.3048,-0.0391,0.04436,-0.03,0.0053
2026-09-15 19:18:32,704.35,2026-09-15,702.0,0.05,0.06,0.03,78342,1230,0.2614,-0.075,0.08661,-0.055,0.0089
2026-09-15 19:18:32,704.35,2026-09-15,703.0,0.07,0.08,0.11,182974,826,0.1892,-0.1271,0.17593,-0.075,0.013
2026-09-15 19:18:32,704.35,2026-09-15,704.0,0.3,0.31,0.3,386087,415,0.1835,-0.3808,0.33186,-0.305,0.0238
2026-09-15 19:18:32,704.35,2026-09-15,705.0,0.82,0.84,0.82,509306,10115,0.1709,-0.7289,0.30996,-0.175,0.0207
2026-09-15 19:18:32,704.35,2026-09-15,706.0,1.66,1.73,1.7,284846,360,0.1875,-0.9202,0.12651,-0.04,0.0093
2026-09-15 19:18:32,704.35,2026-09-15,707.0,2.57,2.73,2.64,171583,700,,,,,
2026-09-15 19:18:32,704.35,2026-09-15,708.0,3.66,3.73,3.72,166976,1026,0.3478,-0.9529,0.04523,-0.04,0.0062
2026-09-15 19:18:32,704.35,2026-09-15,709.0,4.71,4.73,4.69,92540,3929,0.4631,-0.9451,0.03836,-0.065,0.007
2026-09-15 19:18:32,704.35,2026-09-15,710.0,5.68,5.75,5.47,38536,17534,0.5321,-0.9544,0.02878,-0.06,0.006
2026-09-15 19:18:32,704.35,2026-09-15,711.0,6.55,6.66,6.47,7344,573,,,,,
2026-09-15 19:18:32,704.35,2026-09-15,712.0,7.42,7.87,7.35,4237,727,,,,,
2026-09-15 19:18:32,704.35,2026-09-15,713.0,8.63,8.73,8.68,1699,1161,0.6574,-0.9816,0.01096,-0.025,0.0028
2026-09-15 19:18:32,704.35,2026-09-15,714.0,9.54,9.57,9.42,851,859,,,,,
2026-09-15 19:18:32,704.35,2026-09-15,715.0,10.54,10.73,10.49,926,2401,,,,,
2026-09-15 19:18:32,704.35,2026-09-15,716.0,11.45,11.93,11.12,125,1161,0.8853,-0.9814,0.00823,-0.035,0.0029
2026-09-15 19:18:32,704.35,2026-09-15,717.0,12.76,12.82,12.51,216,612,1.1815,-0.9546,0.01291,-0.135,0.006
2026-09-15 19:18:32,704.35,2026-09-15,718.0,13.54,13.89,13.35,154,460,1.0937,-0.9757,0.00835,-0.06,0.0036
2026-09-15 19:18:32,704.35,2026-09-15,719.0,14.71,14.94,14.41,171,105,1.3881,-0.952,0.01151,-0.17,0.0062
2026-09-15 19:19:33,704.43,2026-09-15,690.0,0,0.03,0.01,4239,3175,0.9289,-0.0055,0.00272,-0.01,0.001
2026-09-15 19:19:33,704.43,2026-09-15,691.0,0,0.03,0.01,2674,145,0.8709,-0.0058,0.00306,-0.01,0.001
2026-09-15 19:19:33,704.43,2026-09-15,692.0,0,0.01,0.01,9230,395,0.8126,-0.0062,0.00347,-0.01,0.0011
2026-09-15 19:19:33,704.43,2026-09-15,693.0,0.03,0.04,0.03,2378,421,0.8878,-0.0176,0.00792,-0.035,0.0027
2026-09-15 19:19:33,704.43,2026-09-15,694.0,0.01,0.02,0.01,3601,412,0.7303,-0.0098,0.00581,-0.015,0.0016
2026-09-15 19:19:33,704.43,2026-09-15,695.0,0.03,0.04,0.03,7209,1082,0.7529,-0.0204,0.01058,-0.035,0.003
2026-09-15 19:19:33,704.43,2026-09-15,696.0,0.01,0.04,0.01,9210,2637,0.6505,-0.0172,0.01061,-0.025,0.0026
2026-09-15 19:19:33,704.43,2026-09-15,697.0,0.01,0.04,0.03,8216,551,0.5837,-0.019,0.01283,-0.025,0.0029
2026-09-15 19:19:33,704.43,2026-09-15,698.0,0.03,0.04,0.03,31359,1423,0.5446,-0.0272,0.01862,-0.035,0.0039
2026-09-15 19:19:33,704.43,2026-09-15,699.0,0.03,0.04,0.02,29416,1786,0.473,-0.0308,0.02377,-0.035,0.0043
2026-09-15 19:19:33,704.43,2026-09-15,700.0,0.03,0.04,0.02,93411,2887,0.3998,-0.0357,0.03175,-0.035,0.0048
2026-09-15 19:19:33,704.43,2026-09-15,701.0,0.01,0.02,0.02,40734,971,0.28,-0.0232,0.03167,-0.015,0.0034
2026-09-15 19:19:33,704.43,2026-09-15,702.0,0.01,0.02,0.04,79660,1230,0.21,-0.0299,0.05224,-0.015,0.0042
2026-09-15 19:19:33,704.43,2026-09-15,703.0,0.09,0.1,0.07,183187,826,0.2156,-0.1399,0.16696,-0.095,0.0137
2026-09-15 19:19:33,704.43,2026-09-15,704.0,0.21,0.22,0.25,387021,415,0.1606,-0.3294,0.36464,-0.215,0.0224
2026-09-15 19:19:33,704.43,2026-09-15,705.0,0.74,0.76,0.74,510481,10115,0.1657,-0.7084,0.33528,-0.185,0.0212
2026-09-15 19:19:33,704.43,2026-09-15,706.0,1.55,1.58,1.54,285082,360,0.1089,-0.9898,0.04034,0.0,0.0017
2026-09-15 19:19:33,704.43,2026-09-15,707.0,2.51,2.56,2.48,171602,700,,,,,
2026-09-15 19:19:33,704.43,2026-09-15,708.0,3.55,3.57,3.54,166987,1026,,,,,
2026-09-15 19:19:33,704.43,2026-09-15,709.0,4.53,4.7,4.69,92540,3929,0.4385,-0.9532,0.0361,-0.05,0.006
2026-09-15 19:19:33,704.43,2026-09-15,710.0,5.57,5.7,5.47,38539,17534,0.5478,-0.9489,0.03099,-0.07,0.0065
2026-09-15 19:19:33,704.43,2026-09-15,711.0,6.43,6.55,6.47,7344,573,,,,,
2026-09-15 19:19:33,704.43,2026-09-15,712.0,7.41,7.57,7.35,4237,727,,,,,
2026-09-15 19:19:33,704.43,2026-09-15,713.0,8.56,8.69,8.68,1699,1161,0.7536,-0.966,0.01622,-0.06,0.0047
2026-09-15 19:19:33,704.43,2026-09-15,714.0,9.54,9.77,9.42,851,859,0.8857,-0.9583,0.01628,-0.09,0.0055
2026-09-15 19:19:33,704.43,2026-09-15,715.0,10.65,10.78,10.49,926,2401,1.0589,-0.9449,0.01701,-0.15,0.0069
2026-09-15 19:19:33,704.43,2026-09-15,716.0,11.36,11.38,11.48,126,1161,,,,,
2026-09-15 19:19:33,704.43,2026-09-15,717.0,12.24,12.46,12.51,216,612,,,,,
2026-09-15 19:19:33,704.43,2026-09-15,718.0,13.47,13.5,13.35,154,460,,,,,
2026-09-15 19:19:33,704.43,2026-09-15,719.0,14.59,14.73,14.41,171,105,1.2574,-0.9678,0.00928,-0.095,0.0045
2026-09-15 19:20:34,704.42,2026-09-15,690.0,0,0.03,0.01,4239,3175,0.9402,-0.0055,0.00272,-0.01,0.001
2026-09-15 19:20:34,704.42,2026-09-15,691.0,0,0.03,0.01,2674,145,0.8815,-0.0058,0.00306,-0.01,0.001
2026-09-15 19:20:34,704.42,2026-09-15,692.0,0,0.01,0.01,9230,395,0.8224,-0.0062,0.00347,-0.01,0.0011
2026-09-15 19:20:34,704.42,2026-09-15,693.0,0.03,0.04,0.03,2378,421,0.8985,-0.0176,0.00793,-0.035,0.0027
2026-09-15 19:20:34,704.42,2026-09-15,694.0,0.03,0.04,0.01,3601,412,0.8305,-0.0189,0.00911,-0.035,0.0028
2026-09-15 19:20:34,704.42,2026-09-15,695.0,0.01,0.04,0.03,7209,1082,0.7249,-0.0158,0.00896,-0.025,0.0024
2026-09-15 19:20:34,704.42,2026-09-15,696.0,0.01,0.04,0.01,9210,2637,0.6581,-0.0172,0.01063,-0.025,0.0026
2026-09-15 19:20:34,704.42,2026-09-15,697.0,0.03,0.04,0.03,8216,551,0.6222,-0.0244,0.0151,-0.035,0.0035
2026-09-15 19:20:34,704.42,2026-09-15,698.0,0.03,0.04,0.03,31359,1423,0.5509,-0.0272,0.01866,-0.035,0.0038
2026-09-15 19:20:34,704.42,2026-09-15,699.0,0.01,0.04,0.02,29547,1786,0.4523,-0.0241,0.02051,-0.025,0.0035
2026-09-15 19:20:34,704.42,2026-09-15,700.0,0.03,0.04,0.03,93417,2887,0.4042,-0.0357,0.03186,-0.035,0.0048
2026-09-15 19:20:34,704.42,2026-09-15,701.0,0.01,0.05,0.02,40741,971,0.3186,-0.0384,0.04292,-0.03,0.0051
2026-09-15 19:20:34,704.42,2026-09-15,702.0,0.05,0.06,0.04,79783,1230,0.2749,-0.0734,0.08303,-0.055,0.0085
2026-09-15 19:20:34,704.42,2026-09-15,703.0,0.05,0.06,0.09,183770,826,0.1848,-0.1024,0.15839,-0.055,0.0109
2026-09-15 19:20:34,704.42,2026-09-15,704.0,0.26,0.27,0.26,387765,415,0.1835,-0.351,0.33121,-0.265,0.0226
2026-09-15 19:20:34,704.42,2026-09-15,705.0,0.76,0.77,0.76,511325,10115,0.1715,-0.7076,0.32838,-0.19,0.021
2026-09-15 19:20:34,704.42,2026-09-15,706.0,1.63,1.66,1.58,285180,360,0.2135,-0.8859,0.14817,-0.07,0.0118
2026-09-15 19:20:34,704.42,2026-09-15,707.0,2.58,2.6,2.58,171624,700,0.2271,-0.968,0.05175,-0.015,0.0044
2026-09-15 19:20:34,704.42,2026-09-15,708.0,3.59,3.65,3.46,166987,1026,0.3581,-0.9484,0.0484,-0.045,0.0065
2026-09-15 19:20:34,704.42,2026-09-15,709.0,4.48,4.6,4.69,92541,3929,,,,,
2026-09-15 19:20:34,704.42,2026-09-15,710.0,5.47,5.76,5.61,38542,17534,0.5015,-0.965,0.02525,-0.04,0.0047
2026-09-15 19:20:34,704.42,2026-09-15,711.0,6.53,6.75,6.59,7347,573,0.6248,-0.9567,0.02411,-0.065,0.0056
2026-09-15 19:20:34,704.42,2026-09-15,712.0,7.55,7.67,7.35,4237,727,0.6322,-0.9744,0.01544,-0.035,0.0036
2026-09-15 19:20:34,704.42,2026-09-15,713.0,8.49,8.51,8.6,1701,1161,,,,,
2026-09-15 19:20:34,704.42,2026-09-15,714.0,9.62,9.76,9.42,851,859,0.9407,-0.9508,0.01774,-0.115,0.0062
2026-09-15 19:20:34,704.42,2026-09-15,715.0,10.37,10.67,10.49,926,2401,,,,,
2026-09-15 19:20:34,704.42,2026-09-15,716.0,11.44,11.56,11.48,126,1161,,,,,
2026-09-15 19:20:34,704.42,2026-09-15,717.0,12.2,12.69,12.51,216,612,,,,,
2026-09-15 19:20:34,704.42,2026-09-15,718.0,13.32,13.54,13.35,154,460,,,,,
2026-09-15 19:20:34,704.42,2026-09-15,719.0,14.47,14.66,14.41,171,105,,,,,
2026-09-15 19:21:35,704.37,2026-09-15,690.0,0,0.03,0.01,4439,3175,0.9493,-0.0055,0.00274,-0.01,0.0009
2026-09-15 19:21:35,704.37,2026-09-15,691.0,0,0.03,0.01,2674,145,0.8898,-0.0058,0.00308,-0.01,0.001
2026-09-15 19:21:35,704.37,2026-09-15,692.0,0,0.03,0.01,9230,395,0.83,-0.0062,0.0035,-0.01,0.0011
2026-09-15 19:21:35,704.37,2026-09-15,693.0,0.03,0.04,0.03,2389,421,0.9066,-0.0177,0.00799,-0.035,0.0026
2026-09-15 19:21:35,704.37,2026-09-15,694.0,0.03,0.04,0.01,3601,412,0.8377,-0.019,0.00918,-0.035,0.0028
2026-09-15 19:21:35,704.37,2026-09-15,695.0,0.01,0.04,0.03,7209,1082,0.7308,-0.0159,0.00904,-0.025,0.0024
2026-09-15 19:21:35,704.37,2026-09-15,696.0,0.03,0.04,0.01,9238,2637,0.6977,-0.0223,0.01265,-0.035,0.0032
2026-09-15 19:21:35,704.37,2026-09-15,697.0,0.03,0.04,0.03,8216,551,0.6265,-0.0246,0.01527,-0.035,0.0035
2026-09-15 19:21:35,704.37,2026-09-15,698.0,0.03,0.04,0.03,31395,1423,0.5542,-0.0274,0.0189,-0.035,0.0038
2026-09-15 19:21:35,704.37,2026-09-15,699.0,0.03,0.04,0.03,29637,1786,0.4806,-0.031,0.02419,-0.035,0.0042
2026-09-15 19:21:35,704.37,2026-09-15,700.0,0.01,0.02,0.03,93437,2887,0.3525,-0.0193,0.02215,-0.015,0.0028
2026-09-15 19:21:35,704.37,2026-09-15,701.0,0.04,0.05,0.04,40752,971,0.3448,-0.0516,0.05092,-0.045,0.0064
2026-09-15 19:21:35,704.37,2026-09-15,702.0,0.05,0.06,0.05,79816,1230,0.2737,-0.0745,0.08547,-0.055,0.0085
2026-09-15 19:21:35,704.37,2026-09-15,703.0,0.1,0.11,0.1,183848,826,0.2216,-0.1514,0.17584,-0.105,0.0141
2026-09-15 19:21:35,704.37,2026-09-15,704.0,0.28,0.29,0.28,388193,415,0.186,-0.3695,0.337,-0.285,0.0227
2026-09-15 19:21:35,704.37,2026-09-15,705.0,0.8,0.82,0.76,512081,10115,0.1765,-0.7223,0.31543,-0.18,0.0202
2026-09-15 19:21:35,704.37,2026-09-15,706.0,1.62,1.67,1.68,285215,360,0.1583,-0.9559,0.09784,-0.015,0.0056
2026-09-15 19:21:35,704.37,2026-09-15,707.0,2.65,2.74,2.71,171657,700,0.3094,-0.9203,0.07962,-0.065,0.0089
2026-09-15 19:21:35,704.37,2026-09-15,708.0,3.58,3.69,3.65,167041,1026,0.2691,-0.9872,0.0204,-0.005,0.002
2026-09-15 19:21:35,704.37,2026-09-15,709.0,4.63,4.69,4.51,92542,3929,0.4159,-0.9671,0.0293,-0.03,0.0044
2026-09-15 19:21:35,704.37,2026-09-15,710.0,5.72,5.76,5.66,38543,17534,0.6235,-0.9319,0.035,-0.11,0.0079
2026-09-15 19:21:35,704.37,2026-09-15,711.0,6.45,6.75,6.59,7347,573,,,,,
2026-09-15 19:21:35,704.37,2026-09-15,712.0,7.41,7.66,7.35,4237,727,,,,,
2026-09-15 19:21:35,704.37,2026-09-15,713.0,8.58,8.73,8.6,1701,1161,0.6807,-0.9817,0.01097,-0.025,0.0027
2026-09-15 19:21:35,704.37,2026-09-15,714.0,9.33,9.67,9.59,853,859,,,,,
2026-09-15 19:21:35,704.37,2026-09-15,715.0,10.48,10.91,10.49,926,2401,0.9353,-0.9692,0.01235,-0.065,0.0042
2026-09-15 19:21:35,704.37,2026-09-15,716.0,11.58,11.76,11.48,126,1161,0.9349,-0.9796,0.00876,-0.04,0.003
2026-09-15 19:21:35,704.37,2026-09-15,717.0,12.53,12.83,12.51,216,612,1.0352,-0.9774,0.0086,-0.05,0.0032
2026-09-15 19:21:35,704.37,2026-09-15,718.0,13.61,13.76,13.35,154,460,1.119,-0.9772,0.00804,-0.055,0.0033
2026-09-15 19:21:35,704.37,2026-09-15,719.0,14.27,14.73,14.41,171,105,,,,,
2026-09-15 19:22:38,704.34,2026-09-15,690.0,0,0.03,0.01,4439,3175,0.9608,-0.0055,0.00275,-0.01,0.0009
2026-09-15 19:22:38,704.34,2026-09-15,691.0,0,0.03,0.01,2674,145,0.9004,-0.0058,0.00309,-0.01,0.001
2026-09-15 19:22:38,704.34,2026-09-15,692.0,0,0.01,0.01,9230,395,0.8398,-0.0062,0.00351,-0.01,0.001
2026-09-15 19:22:38,704.34,2026-09-15,693.0,0.01,0.02,0.03,2389,421,0.8177,-0.0092,0.00509,-0.015,0.0015
2026-09-15 19:22:38,704.34,2026-09-15,694.0,0.03,0.04,0.01,3601,412,0.8473,-0.019,0.00922,-0.035,0.0028
2026-09-15 19:22:38,704.34,2026-09-15,695.0,0.01,0.04,0.03,7209,1082,0.739,-0.0159,0.00908,-0.025,0.0024
2026-09-15 19:22:38,704.34,2026-09-15,696.0,0.03,0.04,0.01,9241,2637,0.7053,-0.0224,0.01272,-0.035,0.0032
2026-09-15 19:22:38,704.34,2026-09-15,697.0,0.01,0.02,0.02,8336,551,0.5585,-0.013,0.01006,-0.015,0.002
2026-09-15 19:22:38,704.34,2026-09-15,698.0,0.03,0.04,0.03,31406,1423,0.5597,-0.0275,0.01903,-0.035,0.0038
2026-09-15 19:22:38,704.34,2026-09-15,699.0,0.03,0.04,0.03,29706,1786,0.485,-0.0312,0.02438,-0.035,0.0042
2026-09-15 19:22:38,704.34,2026-09-15,700.0,0.03,0.04,0.02,93470,2887,0.4087,-0.0362,0.03274,-0.035,0.0047
2026-09-15 19:22:38,704.34,2026-09-15,701.0,0.04,0.05,0.02,40759,971,0.3471,-0.0519,0.05153,-0.045,0.0063
2026-09-15 19:22:38,704.34,2026-09-15,702.0,0.05,0.06,0.05,79861,1230,0.2749,-0.0751,0.08685,-0.055,0.0084
2026-09-15 19:22:38,704.34,2026-09-15,703.0,0.1,0.11,0.1,183901,826,0.2214,-0.1532,0.17986,-0.105,0.014
2026-09-15 19:22:38,704.34,2026-09-15,704.0,0.25,0.26,0.25,389182,415,0.1702,-0.3672,0.37257,-0.255,0.0224
2026-09-15 19:22:38,704.34,2026-09-15,705.0,0.83,0.85,0.83,514271,10115,0.1831,-0.727,0.30569,-0.18,0.0197
2026-09-15 19:22:38,704.34,2026-09-15,706.0,1.65,1.75,1.73,285268,360,0.1978,-0.9206,0.12585,-0.04,0.0088
2026-09-15 19:22:38,704.34,2026-09-15,707.0,2.7,2.74,2.59,171677,700,0.3105,-0.9247,0.077,-0.06,0.0084
2026-09-15 19:22:38,704.34,2026-09-15,708.0,3.68,3.7,3.69,167092,1026,0.3478,-0.9612,0.04069,-0.03,0.005
2026-09-15 19:22:38,704.34,2026-09-15,709.0,4.68,4.69,4.7,92544,3929,0.4116,-0.9711,0.02697,-0.025,0.0039
2026-09-15 19:22:38,704.34,2026-09-15,710.0,5.55,5.78,5.64,38544,17534,0.4009,-0.991,0.01021,-0.005,0.0014
2026-09-15 19:22:38,704.34,2026-09-15,711.0,6.44,6.74,6.59,7350,573,,,,,
2026-09-15 19:22:38,704.34,2026-09-15,712.0,7.63,7.76,7.35,4239,727,0.6552,-0.9747,0.01517,-0.035,0.0035
2026-09-15 19:22:38,704.34,2026-09-15,713.0,8.54,8.79,8.6,1701,1161,0.5819,-0.9936,0.00523,-0.005,0.0011
2026-09-15 19:22:38,704.34,2026-09-15,714.0,9.39,9.7,9.59,853,859,,,,,
2026-09-15 19:22:38,704.34,2026-09-15,715.0,10.67,10.77,10.49,926,2401,0.938,-0.971,0.01189,-0.06,0.0039
2026-09-15 19:22:38,704.34,2026-09-15,716.0,11.43,11.95,11.48,126,1161,0.9126,-0.9834,0.00762,-0.03,0.0025
2026-09-15 19:22:38,704.34,2026-09-15,717.0,12.6,12.94,12.51,216,612,1.1979,-0.9607,0.01195,-0.11,0.005
2026-09-15 19:22:38,704.34,2026-09-15,718.0,13.67,13.9,13.35,154,460,1.3036,-0.9592,0.0113,-0.125,0.0052
2026-09-15 19:22:38,704.34,2026-09-15,719.0,14.22,14.55,14.41,171,105,,,,,
2026-09-15 19:23:39,704.43,2026-09-15,690.0,0,0.03,0.01,4439,3175,0.9795,-0.0055,0.00272,-0.01,0.0009
2026-09-15 19:23:39,704.43,2026-09-15,691.0,0,0.03,0.01,2676,145,0.9183,-0.0058,0.00306,-0.01,0.001
2026-09-15 19:23:39,704.43,2026-09-15,692.0,0,0.01,0.01,9230,395,0.8569,-0.0062,0.00347,-0.01,0.001
2026-09-15 19:23:39,704.43,2026-09-15,693.0,0.01,0.04,0.03,2389,421,0.8925,-0.0136,0.00666,-0.025,0.002
2026-09-15 19:23:39,704.43,2026-09-15,694.0,0.01,0.02,0.01,3607,412,0.77,-0.0098,0.00581,-0.015,0.0015
2026-09-15 19:23:39,704.43,2026-09-15,695.0,0.03,0.04,0.03,7209,1082,0.7938,-0.0204,0.01059,-0.035,0.0029
2026-09-15 19:23:39,704.43,2026-09-15,696.0,0.01,0.04,0.01,9245,2637,0.6858,-0.0172,0.01062,-0.025,0.0025
2026-09-15 19:23:39,704.43,2026-09-15,697.0,0.03,0.04,0.01,8408,551,0.6484,-0.0244,0.01509,-0.035,0.0034
2026-09-15 19:23:39,704.43,2026-09-15,698.0,0.03,0.04,0.01,31406,1423,0.5741,-0.0272,0.01864,-0.035,0.0037
2026-09-15 19:23:39,704.43,2026-09-15,699.0,0.01,0.02,0.01,29707,1786,0.4363,-0.0164,0.01596,-0.015,0.0024
2026-09-15 19:23:39,704.43,2026-09-15,700.0,0.03,0.04,0.02,93602,2887,0.4214,-0.0357,0.03181,-0.035,0.0046
2026-09-15 19:23:39,704.43,2026-09-15,701.0,0.01,0.05,0.04,40783,971,0.3322,-0.0384,0.04284,-0.03,0.0049
2026-09-15 19:23:39,704.43,2026-09-15,702.0,0.05,0.06,0.02,79935,1230,0.2868,-0.0733,0.08283,-0.055,0.0082
2026-09-15 19:23:39,704.43,2026-09-15,703.0,0.1,0.11,0.1,184102,826,0.2344,-0.148,0.1683,-0.105,0.0135
2026-09-15 19:23:39,704.43,2026-09-15,704.0,0.21,0.26,0.21,391384,415,0.178,-0.339,0.35102,-0.235,0.0214
2026-09-15 19:23:39,704.43,2026-09-15,705.0,0.71,0.77,0.71,515464,10115,0.1678,-0.7179,0.3436,-0.17,0.0198
2026-09-15 19:23:39,704.43,2026-09-15,706.0,1.58,1.7,1.58,285418,360,0.2217,-0.8859,0.14863,-0.07,0.0113
2026-09-15 19:23:39,704.43,2026-09-15,707.0,2.52,2.63,2.61,171707,700,0.2051,-0.9835,0.03419,-0.005,0.0024
2026-09-15 19:23:39,704.43,2026-09-15,708.0,3.58,3.68,3.58,167095,1026,0.3947,-0.9379,0.05291,-0.06,0.0072
2026-09-15 19:23:39,704.43,2026-09-15,709.0,4.46,4.66,4.66,92545,3929,,,,,
2026-09-15 19:23:39,704.43,2026-09-15,710.0,5.44,5.65,5.64,38544,17534,,,,,
2026-09-15 19:23:39,704.43,2026-09-15,711.0,6.63,6.72,6.44,7355,573,0.7149,-0.9404,0.0283,-0.105,0.0069
2026-09-15 19:23:39,704.43,2026-09-15,712.0,7.52,7.77,7.59,4239,727,0.7481,-0.9568,0.02093,-0.075,0.0054
2026-09-15 19:23:39,704.43,2026-09-15,713.0,8.61,8.83,8.6,1701,1161,0.9487,-0.9368,0.02232,-0.15,0.0073
2026-09-15 19:23:39,704.43,2026-09-15,714.0,9.63,9.8,9.59,854,859,1.0263,-0.9426,0.01915,-0.145,0.0067
2026-09-15 19:23:39,704.43,2026-09-15,715.0,10.69,10.7,10.49,936,2401,1.0768,-0.9514,0.01599,-0.125,0.0059
2026-09-15 19:23:39,704.43,2026-09-15,716.0,11.46,11.85,11.48,126,1161,1.0782,-0.965,0.01223,-0.085,0.0045
2026-09-15 19:23:39,704.43,2026-09-15,717.0,12.73,12.93,12.51,216,612,1.4391,-0.9295,0.01602,-0.26,0.0079
2026-09-15 19:23:39,704.43,2026-09-15,718.0,13.44,13.66,13.35,154,460,,,,,
2026-09-15 19:23:39,704.43,2026-09-15,719.0,14.72,14.86,14.41,171,105,1.5543,-0.9426,0.01263,-0.22,0.0067
2026-09-15 19:24:40,704.34,2026-09-15,690.0,0,0.01,0.01,4439,3175,0.9877,-0.0055,0.00275,-0.01,0.0009
2026-09-15 19:24:40,704.34,2026-09-15,691.0,0,0.01,0.02,2696,145,1.006,-0.0101,0.00464,-0.02,0.0016
2026-09-15 19:24:40,704.34,2026-09-15,692.0,0,0.01,0.01,9230,395,0.8632,-0.0062,0.00351,-0.01,0.001
2026-09-15 19:24:40,704.34,2026-09-15,693.0,0.03,0.04,0.03,2389,421,0.9428,-0.0177,0.00803,-0.035,0.0025
2026-09-15 19:24:40,704.34,2026-09-15,694.0,0.01,0.02,0.01,3607,412,0.7748,-0.0099,0.0059,-0.015,0.0015
2026-09-15 19:24:40,704.34,2026-09-15,695.0,0.01,0.02,0.03,7213,1082,0.7085,-0.0107,0.00692,-0.015,0.0016
2026-09-15 19:24:40,704.34,2026-09-15,696.0,0.03,0.04,0.03,9245,2637,0.7249,-0.0224,0.01273,-0.035,0.0031
2026-09-15 19:24:40,704.34,2026-09-15,697.0,0.03,0.04,0.03,8493,551,0.6506,-0.0247,0.01538,-0.035,0.0033
2026-09-15 19:24:40,704.34,2026-09-15,698.0,0.01,0.02,0.01,31508,1423,0.5055,-0.0145,0.01262,-0.015,0.0021
2026-09-15 19:24:40,704.34,2026-09-15,699.0,0.01,0.02,0.01,29707,1786,0.4359,-0.0166,0.0164,-0.015,0.0024
2026-09-15 19:24:40,704.34,2026-09-15,700.0,0.01,0.02,0.03,94727,2887,0.365,-0.0194,0.02242,-0.015,0.0027
2026-09-15 19:24:40,704.34,2026-09-15,701.0,0.04,0.05,0.02,40835,971,0.3565,-0.0519,0.05164,-0.045,0.0061
2026-09-15 19:24:40,704.34,2026-09-15,702.0,0.01,0.02,0.05,79968,1230,0.217,-0.0308,0.05549,-0.015,0.004
2026-09-15 19:24:40,704.34,2026-09-15,703.0,0.1,0.11,0.1,184259,826,0.2271,-0.1536,0.18056,-0.105,0.0137
2026-09-15 19:24:40,704.34,2026-09-15,704.0,0.25,0.26,0.29,391994,415,0.1742,-0.3685,0.37486,-0.255,0.0218
2026-09-15 19:24:40,704.34,2026-09-15,705.0,0.78,0.81,0.82,516266,10115,0.1621,-0.7603,0.33188,-0.13,0.0179
2026-09-15 19:24:40,704.34,2026-09-15,706.0,1.69,1.73,1.64,285481,360,0.2094,-0.9151,0.12859,-0.045,0.009
2026-09-15 19:24:40,704.34,2026-09-15,707.0,2.58,2.73,2.62,171717,700,,,,,
2026-09-15 19:24:40,704.34,2026-09-15,708.0,3.57,3.67,3.66,167098,1026,,,,,
2026-09-15 19:24:40,704.34,2026-09-15,709.0,4.64,4.68,4.66,92545,3929,,,,,
2026-09-15 19:24:40,704.34,2026-09-15,710.0,5.56,5.66,5.66,38551,17534,,,,,
2026-09-15 19:24:40,704.34,2026-09-15,711.0,6.41,6.76,6.58,7355,573,,,,,
2026-09-15 19:24:40,704.34,2026-09-15,712.0,7.48,7.74,7.59,4239,727,,,,,
2026-09-15 19:24:40,704.34,2026-09-15,713.0,8.61,8.83,8.6,1701,1161,0.8016,-0.9683,0.01537,-0.055,0.0041
2026-09-15 19:24:40,704.34,2026-09-15,714.0,9.36,9.79,9.52,854,859,,,,,
2026-09-15 19:24:40,704.34,2026-09-15,715.0,10.64,10.81,10.58,936,2401,0.9647,-0.971,0.01187,-0.06,0.0038
2026-09-15 19:24:40,704.34,2026-09-15,716.0,11.61,11.74,11.48,126,1161,0.8255,-0.9923,0.00444,-0.01,0.0012
2026-09-15 19:24:40,704.34,2026-09-15,717.0,12.66,12.84,12.51,216,612,1.1772,-0.9672,0.01077,-0.085,0.0042
2026-09-15 19:24:40,704.34,2026-09-15,718.0,13.53,13.76,13.35,154,460,,,,,
2026-09-15 19:24:40,704.34,2026-09-15,719.0,14.25,14.75,14.41,171,105,,,,,
2026-09-15 19:25:41,704.26,2026-09-15,690.0,0,0.01,0.01,4439,3175,0.9979,-0.0055,0.00277,-0.01,0.0009
2026-09-15 19:25:41,704.26,2026-09-15,691.0,0,0.03,0.01,2719,145,0.9349,-0.0058,0.00312,-0.01,0.0009
2026-09-15 19:25:41,704.26,2026-09-15,692.0,0,0.01,0.01,9230,395,0.8716,-0.0062,0.00355,-0.01,0.001
2026-09-15 19:25:41,704.26,2026-09-15,693.0,0.03,0.04,0.03,2389,421,0.9517,-0.0178,0.0081,-0.035,0.0025
2026-09-15 19:25:41,704.26,2026-09-15,694.0,0.01,0.02,0.01,3612,412,0.7816,-0.0099,0.00596,-0.015,0.0015
2026-09-15 19:25:41,704.26,2026-09-15,695.0,0.03,0.04,0.03,7213,1082,0.8049,-0.0207,0.01087,-0.035,0.0028
2026-09-15 19:25:41,704.26,2026-09-15,696.0,0.03,0.04,0.03,9245,2637,0.7304,-0.0225,0.01289,-0.035,0.003
2026-09-15 19:25:41,704.26,2026-09-15,697.0,0.01,0.04,0.02,8495,551,0.6214,-0.0193,0.01329,-0.025,0.0027
2026-09-15 19:25:41,704.26,2026-09-15,698.0,0.01,0.04,0.01,31510,1423,0.5478,-0.0216,0.01658,-0.025,0.0029
2026-09-15 19:25:41,704.26,2026-09-15,699.0,0.01,0.02,0.03,29718,1786,0.4374,-0.0168,0.01673,-0.015,0.0024
2026-09-15 19:25:41,704.26,2026-09-15,700.0,0.01,0.04,0.03,95744,2887,0.3963,-0.0288,0.02913,-0.025,0.0037
2026-09-15 19:25:41,704.26,2026-09-15,701.0,0.01,0.05,0.04,40847,971,0.3284,-0.0398,0.04589,-0.03,0.0049
2026-09-15 19:25:41,704.26,2026-09-15,702.0,0.01,0.06,0.03,80000,1230,0.2526,-0.057,0.07958,-0.035,0.0065
2026-09-15 19:25:41,704.26,2026-09-15,703.0,0.07,0.12,0.07,184531,826,0.215,-0.1498,0.19039,-0.095,0.0133
2026-09-15 19:25:41,704.26,2026-09-15,704.0,0.31,0.32,0.31,392938,415,0.1919,-0.4031,0.35453,-0.315,0.022
2026-09-15 19:25:41,704.26,2026-09-15,705.0,0.86,0.87,0.89,516707,10115,0.1739,-0.7703,0.30669,-0.13,0.0173
2026-09-15 19:25:41,704.26,2026-09-15,706.0,1.77,1.82,1.7,285537,360,0.2353,-0.9018,0.12936,-0.06,0.0099
2026-09-15 19:25:41,704.26,2026-09-15,707.0,2.73,2.82,2.73,171726,700,0.3032,-0.9429,0.06638,-0.04,0.0065
2026-09-15 19:25:41,704.26,2026-09-15,708.0,3.75,3.83,3.76,167099,1026,0.4132,-0.9431,0.04857,-0.055,0.0065
2026-09-15 19:25:41,704.26,2026-09-15,709.0,4.75,4.8,4.66,92545,3929,0.4701,-0.9609,0.03161,-0.04,0.0048
2026-09-15 19:25:41,704.26,2026-09-15,710.0,5.8,5.81,5.74,38593,17534,0.6086,-0.9501,0.02971,-0.07,0.0059
2026-09-15 19:25:41,704.26,2026-09-15,711.0,6.59,6.8,6.44,7356,573,,,,,
2026-09-15 19:25:41,704.26,2026-09-15,712.0,7.53,7.87,7.59,4240,727,,,,,
2026-09-15 19:25:41,704.26,2026-09-15,713.0,8.66,8.77,8.6,1701,1161,,,,,
2026-09-15 19:25:41,704.26,2026-09-15,714.0,9.72,9.84,9.52,854,859,0.867,-0.9748,0.01194,-0.045,0.0034
2026-09-15 19:25:41,704.26,2026-09-15,715.0,10.78,11.01,10.58,936,2401,1.1795,-0.9432,0.017,-0.16,0.0065
2026-09-15 19:25:41,704.26,2026-09-15,716.0,11.63,11.66,11.48,126,1161,,,,,
2026-09-15 19:25:41,704.26,2026-09-15,717.0,12.45,12.73,12.51,216,612,,,,,
2026-09-15 19:25:41,704.26,2026-09-15,718.0,13.65,13.85,13.35,154,460,1.0068,-0.9911,0.0042,-0.015,0.0014
2026-09-15 19:25:41,704.26,2026-09-15,719.0,14.74,15.1,14.41,171,105,1.5576,-0.9494,0.01175,-0.185,0.0059
2026-09-15 19:26:42,704.34,2026-09-15,690.0,0,0.03,0.01,4439,3175,1.0174,-0.0055,0.00275,-0.01,0.0009
2026-09-15 19:26:42,704.34,2026-09-15,691.0,0,0.03,0.01,2720,145,0.9535,-0.0058,0.0031,-0.01,0.0009
2026-09-15 19:26:42,704.34,2026-09-15,692.0,0,0.03,0.01,9230,395,0.8892,-0.0062,0.00351,-0.01,0.001
2026-09-15 19:26:42,704.34,2026-09-15,693.0,0.01,0.04,0.03,2434,421,0.9258,-0.0137,0.00675,-0.025,0.002
2026-09-15 19:26:42,704.34,2026-09-15,694.0,0.03,0.04,0.01,3612,412,0.8971,-0.019,0.00923,-0.035,0.0026
2026-09-15 19:26:42,704.34,2026-09-15,695.0,0.01,0.04,0.03,7223,1082,0.7824,-0.0159,0.00909,-0.025,0.0022
2026-09-15 19:26:42,704.34,2026-09-15,696.0,0.03,0.04,0.03,9245,2637,0.7467,-0.0224,0.01273,-0.035,0.003
2026-09-15 19:26:42,704.34,2026-09-15,697.0,0.01,0.02,0.02,8495,551,0.5913,-0.013,0.01007,-0.015,0.0019
2026-09-15 19:26:42,704.34,2026-09-15,698.0,0.01,0.02,0.01,31510,1423,0.5207,-0.0145,0.01262,-0.015,0.0021
2026-09-15 19:26:42,704.34,2026-09-15,699.0,0.01,0.04,0.01,29718,1786,0.4854,-0.0244,0.02102,-0.025,0.0032
2026-09-15 19:26:42,704.34,2026-09-15,700.0,0.01,0.02,0.03,95770,2887,0.376,-0.0194,0.02242,-0.015,0.0026
2026-09-15 19:26:42,704.34,2026-09-15,701.0,0.01,0.05,0.02,40849,971,0.3392,-0.0392,0.04455,-0.03,0.0047
2026-09-15 19:26:42,704.34,2026-09-15,702.0,0.05,0.06,0.02,80002,1230,0.2907,-0.0753,0.0871,-0.055,0.008
2026-09-15 19:26:42,704.34,2026-09-15,703.0,0.06,0.07,0.07,185127,826,0.2012,-0.1176,0.17481,-0.065,0.0111
2026-09-15 19:26:42,704.34,2026-09-15,704.0,0.27,0.28,0.27,394138,415,0.1888,-0.3748,0.35813,-0.275,0.0213
2026-09-15 19:26:42,704.34,2026-09-15,705.0,0.8,0.82,0.8,517515,10115,0.1754,-0.7496,0.32339,-0.145,0.0178
2026-09-15 19:26:42,704.34,2026-09-15,706.0,1.66,1.75,1.66,285605,360,0.2097,-0.9211,0.12519,-0.04,0.0082
2026-09-15 19:26:42,704.34,2026-09-15,707.0,2.65,2.76,2.7,171731,700,0.3014,-0.942,0.06865,-0.04,0.0065
2026-09-15 19:26:42,704.34,2026-09-15,708.0,3.66,3.69,3.76,167099,1026,0.3129,-0.9813,0.02606,-0.01,0.0026
2026-09-15 19:26:42,704.34,2026-09-15,709.0,4.63,4.74,4.66,92545,3929,0.4213,-0.9754,0.02445,-0.02,0.0032
2026-09-15 19:26:42,704.34,2026-09-15,710.0,5.7,5.88,5.66,38594,17534,0.6923,-0.9265,0.0359,-0.125,0.0078
2026-09-15 19:26:42,704.34,2026-09-15,711.0,6.58,6.7,6.44,7356,573,,,,,
2026-09-15 19:26:42,704.34,2026-09-15,712.0,7.46,7.6,7.68,4240,727,,,,,
2026-09-15 19:26:42,704.34,2026-09-15,713.0,8.72,8.83,8.6,1701,1161,0.937,-0.949,0.01994,-0.11,0.0059
2026-09-15 19:26:42,704.34,2026-09-15,714.0,9.47,9.64,9.52,854,859,,,,,
2026-09-15 19:26:42,704.34,2026-09-15,715.0,10.53,11.02,10.58,936,2401,1.1053,-0.9558,0.01509,-0.11,0.0052
2026-09-15 19:26:42,704.34,2026-09-15,716.0,11.52,11.97,11.48,126,1161,1.1219,-0.9667,0.01178,-0.08,0.0042
2026-09-15 19:26:42,704.34,2026-09-15,717.0,12.38,12.75,12.51,216,612,,,,,
2026-09-15 19:26:42,704.34,2026-09-15,718.0,13.58,13.67,13.35,154,460,,,,,
2026-09-15 19:26:42,704.34,2026-09-15,719.0,14.36,15.09,14.41,171,105,1.2934,-0.9771,0.0075,-0.06,0.003
2026-09-15 19:27:44,704.46,2026-09-15,690.0,0,0.01,0.01,4439,3175,1.0416,-0.0054,0.00271,-0.01,0.0009
2026-09-15 19:27:44,704.46,2026-09-15,691.0,0,0.01,0.01,2720,145,0.9767,-0.0058,0.00305,-0.01,0.0009
2026-09-15 19:27:44,704.46,2026-09-15,692.0,0,0.01,0.01,9230,395,0.9115,-0.0062,0.00346,-0.01,0.001
2026-09-15 19:27:44,704.46,2026-09-15,693.0,0.03,0.04,0.01,2434,421,0.9959,-0.0176,0.00789,-0.035,0.0024
2026-09-15 19:27:44,704.46,2026-09-15,694.0,0.01,0.04,0.01,3612,412,0.877,-0.0146,0.00764,-0.025,0.002
2026-09-15 19:27:44,704.46,2026-09-15,695.0,0.03,0.04,0.03,7223,1082,0.8449,-0.0204,0.01054,-0.035,0.0027
2026-09-15 19:27:44,704.46,2026-09-15,696.0,0.01,0.04,0.03,9275,2637,0.7301,-0.0172,0.01056,-0.025,0.0023
2026-09-15 19:27:44,704.46,2026-09-15,697.0,0.01,0.02,0.03,8499,551,0.6095,-0.0128,0.00981,-0.015,0.0018
2026-09-15 19:27:44,704.46,2026-09-15,698.0,0.01,0.02,0.01,31514,1423,0.538,-0.0143,0.01225,-0.015,0.002
2026-09-15 19:27:44,704.46,2026-09-15,699.0,0.01,0.02,0.01,29718,1786,0.4653,-0.0163,0.01583,-0.015,0.0022
2026-09-15 19:27:44,704.46,2026-09-15,700.0,0.01,0.04,0.02,95780,2887,0.4242,-0.0278,0.02731,-0.025,0.0035
2026-09-15 19:27:44,704.46,2026-09-15,701.0,0.04,0.05,0.04,40884,971,0.3841,-0.0506,0.04915,-0.045,0.0057
2026-09-15 19:27:44,704.46,2026-09-15,702.0,0.05,0.06,0.02,80068,1230,0.3073,-0.0728,0.08156,-0.055,0.0076
2026-09-15 19:27:44,704.46,2026-09-15,703.0,0.05,0.06,0.08,185754,826,0.2079,-0.101,0.15402,-0.055,0.0098
2026-09-15 19:27:44,704.46,2026-09-15,704.0,0.23,0.24,0.24,396271,415,0.1939,-0.3327,0.33953,-0.235,0.02
2026-09-15 19:27:44,704.46,2026-09-15,705.0,0.66,0.68,0.68,518841,10115,0.1518,-0.7395,0.38769,-0.13,0.0179
2026-09-15 19:27:44,704.46,2026-09-15,706.0,1.57,1.6,1.59,285862,360,0.2065,-0.911,0.14124,-0.045,0.0089
2026-09-15 19:27:44,704.46,2026-09-15,707.0,2.56,2.64,2.57,171752,700,0.3223,-0.9227,0.08146,-0.06,0.008
2026-09-15 19:27:44,704.46,2026-09-15,708.0,3.56,3.68,3.76,167099,1026,0.4434,-0.9252,0.05776,-0.08,0.0078
2026-09-15 19:27:44,704.46,2026-09-15,709.0,4.48,4.76,4.5,92547,3929,0.5368,-0.9364,0.0421,-0.08,0.0069
2026-09-15 19:27:44,704.46,2026-09-15,710.0,5.54,5.71,5.59,38595,17534,0.635,-0.942,0.03311,-0.085,0.0064
2026-09-15 19:27:44,704.46,2026-09-15,711.0,6.44,6.64,6.44,7356,573,0.4234,-0.9973,0.00355,-0.0,0.0005
2026-09-15 19:27:44,704.46,2026-09-15,712.0,7.44,7.52,7.68,4240,727,,,,,
2026-09-15 19:27:44,704.46,2026-09-15,713.0,8.67,8.9,8.6,1701,1161,1.1258,-0.9133,0.02541,-0.245,0.0087
2026-09-15 19:27:44,704.46,2026-09-15,714.0,9.49,9.81,9.52,854,859,1.0272,-0.9523,0.01753,-0.11,0.0055
2026-09-15 19:27:44,704.46,2026-09-15,715.0,10.33,10.6,10.58,936,2401,,,,,
2026-09-15 19:27:44,704.46,2026-09-15,716.0,11.43,11.76,11.48,126,1161,1.0621,-0.9743,0.0102,-0.055,0.0033
2026-09-15 19:27:44,704.46,2026-09-15,717.0,12.73,12.79,12.51,216,612,1.4686,-0.9367,0.01532,-0.22,0.0069
2026-09-15 19:27:44,704.46,2026-09-15,718.0,13.56,13.91,13.35,154,460,1.5191,-0.9445,0.01337,-0.195,0.0062
2026-09-15 19:27:44,704.46,2026-09-15,719.0,14.22,14.96,14.41,171,105,1.2694,-0.9798,0.00698,-0.05,0.0027
2026-09-15 19:28:45,704.44,2026-09-15,690.0,0,0.01,0.01,4637,3175,1.0572,-0.0055,0.00272,-0.01,0.0008
2026-09-15 19:28:45,704.44,2026-09-15,691.0,0,0.01,0.01,2720,145,0.9912,-0.0058,0.00306,-0.01,0.0009
2026-09-15 19:28:45,704.44,2026-09-15,692.0,0,0.03,0.01,9230,395,0.9249,-0.0062,0.00347,-0.01,0.0009
2026-09-15 19:28:45,704.44,2026-09-15,693.0,0.03,0.04,0.03,2454,421,1.0105,-0.0176,0.00791,-0.035,0.0024
2026-09-15 19:28:45,704.44,2026-09-15,694.0,0.01,0.04,0.01,3612,412,0.8897,-0.0146,0.00766,-0.025,0.002
2026-09-15 19:28:45,704.44,2026-09-15,695.0,0.01,0.02,0.03,7253,1082,0.7608,-0.0106,0.0068,-0.015,0.0015
2026-09-15 19:28:45,704.44,2026-09-15,696.0,0.01,0.02,0.03,9275,2637,0.6898,-0.0116,0.0081,-0.015,0.0016
2026-09-15 19:28:45,704.44,2026-09-15,697.0,0.01,0.04,0.03,8499,551,0.6645,-0.019,0.01282,-0.025,0.0025
2026-09-15 19:28:45,704.44,2026-09-15,698.0,0.03,0.04,0.03,31515,1423,0.6201,-0.0272,0.0186,-0.035,0.0034
2026-09-15 19:28:45,704.44,2026-09-15,699.0,0.03,0.04,0.03,29722,1786,0.5386,-0.0307,0.02374,-0.035,0.0038
2026-09-15 19:28:45,704.44,2026-09-15,700.0,0.01,0.02,0.03,95789,2887,0.3961,-0.0191,0.02163,-0.015,0.0025
2026-09-15 19:28:45,704.44,2026-09-15,701.0,0.01,0.02,0.04,40890,971,0.319,-0.0231,0.03161,-0.015,0.003
2026-09-15 19:28:45,704.44,2026-09-15,702.0,0.01,0.06,0.04,80075,1230,0.2807,-0.0542,0.07211,-0.035,0.006
2026-09-15 19:28:45,704.44,2026-09-15,703.0,0.04,0.05,0.09,186789,826,0.1984,-0.09,0.15079,-0.045,0.0088
2026-09-15 19:28:45,704.44,2026-09-15,704.0,0.18,0.19,0.19,398908,415,0.1681,-0.3139,0.38859,-0.185,0.0193
2026-09-15 19:28:45,704.44,2026-09-15,705.0,0.72,0.73,0.73,520543,10115,0.1767,-0.7193,0.35125,-0.165,0.0183
2026-09-15 19:28:45,704.44,2026-09-15,706.0,1.52,1.62,1.62,286192,360,0.1579,-0.9652,0.08971,-0.01,0.0042
2026-09-15 19:28:45,704.44,2026-09-15,707.0,2.52,2.57,2.55,171765,700,,,,,
2026-09-15 19:28:45,704.44,2026-09-15,708.0,3.54,3.56,3.5,167108,1026,,,,,
2026-09-15 19:28:45,704.44,2026-09-15,709.0,4.44,4.6,4.5,92554,3929,,,,,
2026-09-15 19:28:45,704.44,2026-09-15,710.0,5.5,5.68,5.59,38596,17534,0.5351,-0.9715,0.02245,-0.03,0.0035
2026-09-15 19:28:45,704.44,2026-09-15,711.0,6.54,6.75,6.44,7356,573,0.737,-0.9483,0.02648,-0.085,0.0058
2026-09-15 19:28:45,704.44,2026-09-15,712.0,7.39,7.8,7.68,4240,727,0.7076,-0.9746,0.01539,-0.035,0.0032
2026-09-15 19:28:45,704.44,2026-09-15,713.0,8.36,8.87,8.6,1701,1161,0.8433,-0.9682,0.01561,-0.055,0.0039
2026-09-15 19:28:45,704.44,2026-09-15,714.0,9.57,9.71,9.52,854,859,0.9849,-0.9617,0.01554,-0.08,0.0045
2026-09-15 19:28:45,704.44,2026-09-15,715.0,10.7,10.86,10.58,936,2401,1.3081,-0.9293,0.01906,-0.22,0.0074
2026-09-15 19:28:45,704.44,2026-09-15,716.0,11.4,11.82,11.48,128,1161,1.0647,-0.9761,0.00974,-0.05,0.0031
2026-09-15 19:28:45,704.44,2026-09-15,717.0,12.65,12.74,12.51,216,612,1.3517,-0.9545,0.01302,-0.135,0.0052
2026-09-15 19:28:45,704.44,2026-09-15,718.0,13.57,13.79,13.35,156,460,1.4057,-0.9603,0.01123,-0.12,0.0047
2026-09-15 19:28:45,704.44,2026-09-15,719.0,14.25,14.41,14.41,171,105,,,,,
2026-09-15 19:29:46,704.35,2026-09-15,690.0,0,0.03,0.01,4637,3175,1.0689,-0.0055,0.00275,-0.01,0.0008
2026-09-15 19:29:46,704.35,2026-09-15,691.0,0,0.01,0.01,2720,145,1.0018,-0.0058,0.00309,-0.01,0.0009
2026-09-15 19:29:46,704.35,2026-09-15,692.0,0,0.01,0.01,9231,395,0.9344,-0.0062,0.00351,-0.01,0.0009
2026-09-15 19:29:46,704.35,2026-09-15,693.0,0.03,0.04,0.01,2464,421,1.0205,-0.0177,0.00801,-0.035,0.0023
2026-09-15 19:29:46,704.35,2026-09-15,694.0,0.01,0.04,0.01,3612,412,0.8979,-0.0147,0.00776,-0.025,0.002
2026-09-15 19:29:46,704.35,2026-09-15,695.0,0.01,0.02,0.03,7253,1082,0.7672,-0.0107,0.0069,-0.015,0.0015
2026-09-15 19:29:46,704.35,2026-09-15,696.0,0.01,0.04,0.03,9275,2637,0.746,-0.0174,0.01077,-0.025,0.0023
2026-09-15 19:29:46,704.35,2026-09-15,697.0,0.01,0.04,0.03,8499,551,0.6687,-0.0191,0.01306,-0.025,0.0025
2026-09-15 19:29:46,704.35,2026-09-15,698.0,0.01,0.04,0.03,31515,1423,0.5903,-0.0214,0.01625,-0.025,0.0027
2026-09-15 19:29:46,704.35,2026-09-15,699.0,0.01,0.02,0.01,29723,1786,0.4725,-0.0166,0.01633,-0.015,0.0022
2026-09-15 19:29:46,704.35,2026-09-15,700.0,0.01,0.02,0.03,95790,2887,0.3958,-0.0194,0.02231,-0.015,0.0025
2026-09-15 19:29:46,704.35,2026-09-15,701.0,0.01,0.04,0.03,40890,971,0.3457,-0.0343,0.04115,-0.025,0.0041
2026-09-15 19:29:46,704.35,2026-09-15,702.0,0.05,0.06,0.02,80109,1230,0.3066,-0.0749,0.08641,-0.055,0.0076
2026-09-15 19:29:46,704.35,2026-09-15,703.0,0.04,0.05,0.09,187037,826,0.1923,-0.0937,0.16293,-0.045,0.0089
2026-09-15 19:29:46,704.35,2026-09-15,704.0,0.21,0.22,0.22,400357,415,0.171,-0.3498,0.40557,-0.215,0.0198
2026-09-15 19:29:46,704.35,2026-09-15,705.0,0.74,0.76,0.76,521234,10115,0.1544,-0.7838,0.35542,-0.1,0.0157
2026-09-15 19:29:46,704.35,2026-09-15,706.0,1.65,1.66,1.63,286267,360,0.1532,-0.9778,0.06454,-0.005,0.0028
2026-09-15 19:29:46,704.35,2026-09-15,707.0,2.6,2.75,2.6,171771,700,0.2876,-0.9573,0.0592,-0.025,0.0049
2026-09-15 19:29:46,704.35,2026-09-15,708.0,3.63,3.72,3.58,167110,1026,0.3732,-0.9659,0.03792,-0.025,0.004
2026-09-15 19:29:46,704.35,2026-09-15,709.0,4.59,4.6,4.61,92557,3929,,,,,
2026-09-15 19:29:46,704.35,2026-09-15,710.0,5.56,5.65,5.55,38597,17534,,,,,
2026-09-15 19:29:46,704.35,2026-09-15,711.0,6.67,6.77,6.44,7356,573,0.7293,-0.9551,0.02431,-0.07,0.0051
2026-09-15 19:29:46,704.35,2026-09-15,712.0,7.47,7.78,7.68,4240,727,,,,,
2026-09-15 19:29:46,704.35,2026-09-15,713.0,8.69,8.79,8.6,1701,1161,0.9442,-0.9555,0.01862,-0.09,0.005
2026-09-15 19:29:46,704.35,2026-09-15,714.0,9.7,9.81,9.52,854,859,1.0613,-0.9542,0.01697,-0.105,0.0051
2026-09-15 19:29:46,704.35,2026-09-15,715.0,10.68,10.87,10.58,936,2401,1.1875,-0.9517,0.01581,-0.125,0.0054
2026-09-15 19:29:46,704.35,2026-09-15,716.0,11.75,11.89,11.51,128,1161,1.3563,-0.9441,0.01556,-0.17,0.006
2026-09-15 19:29:46,704.35,2026-09-15,717.0,12.31,12.81,12.51,216,612,,,,,
2026-09-15 19:29:46,704.35,2026-09-15,718.0,13.71,13.78,13.64,156,460,1.3783,-0.9665,0.01014,-0.095,0.004
2026-09-15 19:29:46,704.35,2026-09-15,719.0,14.41,14.63,14.57,175,105,,,,,
2026-09-15 19:30:47,704.33,2026-09-15,690.0,0,0.03,0.01,4712,3175,1.086,-0.0055,0.00275,-0.01,0.0008
2026-09-15 19:30:47,704.33,2026-09-15,691.0,0,0.03,0.01,2720,145,1.0177,-0.0058,0.0031,-0.01,0.0009
2026-09-15 19:30:47,704.33,2026-09-15,692.0,0,0.03,0.01,9231,395,0.9491,-0.0062,0.00352,-0.01,0.0009
2026-09-15 19:30:47,704.33,2026-09-15,693.0,0.03,0.04,0.01,2564,421,1.0366,-0.0177,0.00803,-0.035,0.0023
2026-09-15 19:30:47,704.33,2026-09-15,694.0,0.03,0.04,0.01,3612,412,0.9575,-0.019,0.00924,-0.035,0.0024
2026-09-15 19:30:47,704.33,2026-09-15,695.0,0.03,0.04,0.03,7253,1082,0.8776,-0.0206,0.01076,-0.035,0.0026
2026-09-15 19:30:47,704.33,2026-09-15,696.0,0.01,0.04,0.03,9283,2637,0.7573,-0.0174,0.01081,-0.025,0.0023
2026-09-15 19:30:47,704.33,2026-09-15,697.0,0.01,0.02,0.03,8499,551,0.631,-0.013,0.01008,-0.015,0.0018
2026-09-15 19:30:47,704.33,2026-09-15,698.0,0.03,0.04,0.03,31545,1423,0.6322,-0.0275,0.01908,-0.035,0.0033
2026-09-15 19:30:47,704.33,2026-09-15,699.0,0.03,0.04,0.01,29725,1786,0.5477,-0.0312,0.02445,-0.035,0.0037
2026-09-15 19:30:47,704.33,2026-09-15,700.0,0.01,0.04,0.02,95889,2887,0.435,-0.0284,0.0285,-0.025,0.0034
2026-09-15 19:30:47,704.33,2026-09-15,701.0,0.01,0.02,0.03,40909,971,0.321,-0.0237,0.03316,-0.015,0.0029
2026-09-15 19:30:47,704.33,2026-09-15,702.0,0.01,0.02,0.05,80149,1230,0.2382,-0.0308,0.05567,-0.015,0.0037
2026-09-15 19:30:47,704.33,2026-09-15,703.0,0.05,0.06,0.06,187781,826,0.2043,-0.1068,0.17166,-0.055,0.0097
2026-09-15 19:30:47,704.33,2026-09-15,704.0,0.23,0.28,0.28,402424,415,0.1906,-0.3698,0.37728,-0.255,0.0198
2026-09-15 19:30:47,704.33,2026-09-15,705.0,0.81,0.82,0.82,523046,10115,0.188,-0.7505,0.32163,-0.145,0.0167
2026-09-15 19:30:47,704.33,2026-09-15,706.0,1.68,1.71,1.7,286480,360,0.2025,-0.9414,0.10997,-0.025,0.0061
2026-09-15 19:30:47,704.33,2026-09-15,707.0,2.67,2.72,2.65,171814,700,0.2942,-0.9575,0.05854,-0.025,0.0047
2026-09-15 19:30:47,704.33,2026-09-15,708.0,3.61,3.77,3.71,167122,1026,0.3678,-0.9708,0.03441,-0.02,0.0035
2026-09-15 19:30:47,704.33,2026-09-15,709.0,4.63,4.76,4.64,92595,3929,0.4651,-0.9715,0.02668,-0.025,0.0034
2026-09-15 19:30:47,704.33,2026-09-15,710.0,5.6,5.7,5.73,38626,17534,,,,,
2026-09-15 19:30:47,704.33,2026-09-15,711.0,6.63,6.71,6.44,7356,573,0.4487,-0.9976,0.00321,-0.0,0.0004
2026-09-15 19:30:47,704.33,2026-09-15,712.0,7.62,7.8,7.55,4242,727,0.756,-0.9725,0.01595,-0.04,0.0033
2026-09-15 19:30:47,704.33,2026-09-15,713.0,8.7,8.71,8.6,1701,1161,0.8202,-0.9771,0.01259,-0.035,0.0028
2026-09-15 19:30:47,704.33,2026-09-15,714.0,9.56,9.69,9.6,856,859,,,,,
2026-09-15 19:30:47,704.33,2026-09-15,715.0,10.44,10.59,10.58,936,2401,,,,,
2026-09-15 19:30:47,704.33,2026-09-15,716.0,11.53,11.89,11.51,128,1161,1.0733,-0.9798,0.00866,-0.04,0.0026
2026-09-15 19:30:47,704.33,2026-09-15,717.0,12.62,12.88,12.51,216,612,1.281,-0.9687,0.01048,-0.08,0.0037
2026-09-15 19:30:47,704.33,2026-09-15,718.0,13.29,13.7,13.64,156,460,,,,,
2026-09-15 19:30:47,704.33,2026-09-15,719.0,14.41,14.58,14.57,175,105,,,,,
2026-09-15 19:31:48,704.3,2026-09-15,690.0,0,0.01,0.01,4832,3175,1.1034,-0.0055,0.00276,-0.01,0.0008
2026-09-15 19:31:48,704.3,2026-09-15,691.0,0,0.01,0.01,2720,145,1.0339,-0.0058,0.00311,-0.01,0.0009
2026-09-15 19:31:48,704.3,2026-09-15,692.0,0,0.03,0.01,9231,395,0.964,-0.0062,0.00353,-0.01,0.0009
2026-09-15 19:31:48,704.3,2026-09-15,693.0,0.03,0.04,0.03,2725,421,1.0528,-0.0178,0.00806,-0.035,0.0023
2026-09-15 19:31:48,704.3,2026-09-15,694.0,0.01,0.02,0.03,3615,412,0.8649,-0.0099,0.00593,-0.015,0.0014
2026-09-15 19:31:48,704.3,2026-09-15,695.0,0.01,0.02,0.03,7253,1082,0.7907,-0.0108,0.00696,-0.015,0.0015
2026-09-15 19:31:48,704.3,2026-09-15,696.0,0.01,0.04,0.03,9370,2637,0.7685,-0.0174,0.01087,-0.025,0.0022
2026-09-15 19:31:48,704.3,2026-09-15,697.0,0.01,0.02,0.03,8520,551,0.64,-0.013,0.01015,-0.015,0.0017
2026-09-15 19:31:48,704.3,2026-09-15,698.0,0.03,0.04,0.02,31665,1423,0.641,-0.0276,0.01921,-0.035,0.0033
2026-09-15 19:31:48,704.3,2026-09-15,699.0,0.03,0.04,0.01,30148,1786,0.5549,-0.0313,0.02465,-0.035,0.0036
2026-09-15 19:31:48,704.3,2026-09-15,700.0,0.01,0.02,0.02,96078,2887,0.4058,-0.0196,0.0227,-0.015,0.0024
2026-09-15 19:31:48,704.3,2026-09-15,701.0,0.01,0.02,0.03,41328,971,0.3243,-0.0239,0.0336,-0.015,0.0029
2026-09-15 19:31:48,704.3,2026-09-15,702.0,0.01,0.02,0.05,80468,1230,0.2399,-0.0311,0.05671,-0.015,0.0036
2026-09-15 19:31:48,704.3,2026-09-15,703.0,0.06,0.11,0.07,188308,826,0.233,-0.139,0.18428,-0.085,0.0114
2026-09-15 19:31:48,704.3,2026-09-15,704.0,0.28,0.29,0.25,404738,415,0.2035,-0.3866,0.36463,-0.285,0.0197
2026-09-15 19:31:48,704.3,2026-09-15,705.0,0.8,0.83,0.8,524136,10115,0.1769,-0.7777,0.32649,-0.115,0.0154
2026-09-15 19:31:48,704.3,2026-09-15,706.0,1.74,1.76,1.68,286695,360,0.2438,-0.9112,0.12788,-0.05,0.0083
2026-09-15 19:31:48,704.3,2026-09-15,707.0,2.62,2.73,2.65,171847,700,,,,,
2026-09-15 19:31:48,704.3,2026-09-15,708.0,3.59,3.75,3.7,167133,1026,,,,,
2026-09-15 19:31:48,704.3,2026-09-15,709.0,4.68,4.74,4.77,92600,3929,0.419,-0.9848,0.0177,-0.01,0.002
2026-09-15 19:31:48,704.3,2026-09-15,710.0,5.73,5.86,5.73,38626,17534,0.7109,-0.9389,0.03297,-0.095,0.0062
2026-09-15 19:31:48,704.3,2026-09-15,711.0,6.53,6.64,6.44,7356,573,,,,,
2026-09-15 19:31:48,704.3,2026-09-15,712.0,7.69,7.87,7.55,4242,727,0.8709,-0.9556,0.02089,-0.08,0.0048
2026-09-15 19:31:48,704.3,2026-09-15,713.0,8.46,8.6,8.6,1701,1161,,,,,
2026-09-15 19:31:48,704.3,2026-09-15,714.0,9.6,9.77,9.6,856,859,,,,,
2026-09-15 19:31:48,704.3,2026-09-15,715.0,10.37,10.68,10.58,936,2401,,,,,
2026-09-15 19:31:48,704.3,2026-09-15,716.0,11.86,11.99,11.51,128,1161,1.4969,-0.9329,0.01684,-0.225,0.0067
2026-09-15 19:31:48,704.3,2026-09-15,717.0,12.39,12.76,12.51,216,612,,,,,
2026-09-15 19:31:48,704.3,2026-09-15,718.0,13.43,13.98,13.64,156,460,0.996,-0.9958,0.0024,-0.005,0.0006
2026-09-15 19:31:48,704.3,2026-09-15,719.0,14.3,14.63,14.57,175,105,,,,,
2026-09-15 19:32:51,704.35,2026-09-15,690.0,0,0.03,0.01,5042,3175,1.1279,-0.0055,0.00275,-0.01,0.0008
2026-09-15 19:32:51,704.35,2026-09-15,691.0,0,0.01,0.01,2720,145,1.0571,-0.0058,0.00309,-0.01,0.0008
2026-09-15 19:32:51,704.35,2026-09-15,692.0,0,0.01,0.01,9232,395,0.9859,-0.0062,0.00351,-0.01,0.0009
2026-09-15 19:32:51,704.35,2026-09-15,693.0,0.03,0.04,0.01,3671,421,1.0769,-0.0177,0.00801,-0.035,0.0022
2026-09-15 19:32:51,704.35,2026-09-15,694.0,0.03,0.04,0.03,3615,412,0.9948,-0.019,0.00921,-0.035,0.0023
2026-09-15 19:32:51,704.35,2026-09-15,695.0,0.01,0.02,0.03,7258,1082,0.8095,-0.0107,0.0069,-0.015,0.0014
2026-09-15 19:32:51,704.35,2026-09-15,696.0,0.01,0.04,0.03,9370,2637,0.7871,-0.0174,0.01077,-0.025,0.0022
2026-09-15 19:32:51,704.35,2026-09-15,697.0,0.01,0.04,0.02,8520,551,0.7056,-0.0191,0.01306,-0.025,0.0024
2026-09-15 19:32:51,704.35,2026-09-15,698.0,0.03,0.04,0.02,31666,1423,0.6575,-0.0274,0.01899,-0.035,0.0032
2026-09-15 19:32:51,704.35,2026-09-15,699.0,0.01,0.04,0.01,30148,1786,0.5388,-0.0243,0.02094,-0.025,0.0029
2026-09-15 19:32:51,704.35,2026-09-15,700.0,0.01,0.04,0.03,96277,2887,0.4529,-0.0283,0.02831,-0.025,0.0033
2026-09-15 19:32:51,704.35,2026-09-15,701.0,0.01,0.04,0.03,41332,971,0.3647,-0.0343,0.04116,-0.025,0.0038
2026-09-15 19:32:51,704.35,2026-09-15,702.0,0.05,0.06,0.05,80552,1230,0.3235,-0.0749,0.08642,-0.055,0.0072
2026-09-15 19:32:51,704.35,2026-09-15,703.0,0.05,0.06,0.1,189734,826,0.2142,-0.1059,0.16874,-0.055,0.0093
2026-09-15 19:32:51,704.35,2026-09-15,704.0,0.25,0.26,0.22,407042,415,0.2015,-0.3649,0.36844,-0.255,0.019
2026-09-15 19:32:51,704.35,2026-09-15,705.0,0.75,0.76,0.81,525042,10115,0.1662,-0.7793,0.3526,-0.105,0.015
2026-09-15 19:32:51,704.35,2026-09-15,706.0,1.68,1.69,1.65,286740,360,0.2233,-0.9273,0.1223,-0.035,0.007
2026-09-15 19:32:51,704.35,2026-09-15,707.0,2.6,2.67,2.66,171866,700,,,,,
2026-09-15 19:32:51,704.35,2026-09-15,708.0,3.53,3.64,3.69,167139,1026,,,,,
2026-09-15 19:32:51,704.35,2026-09-15,709.0,4.49,4.81,4.68,92606,3929,0.334,-0.9969,0.00554,-0.0,0.0005
2026-09-15 19:32:51,704.35,2026-09-15,710.0,5.53,5.77,5.7,38631,17534,0.398,-0.9974,0.00402,-0.0,0.0004
2026-09-15 19:32:51,704.35,2026-09-15,711.0,6.64,6.75,6.44,7356,573,0.7105,-0.9669,0.0205,-0.045,0.0037
2026-09-15 19:32:51,704.35,2026-09-15,712.0,7.45,7.64,7.55,4242,727,,,,,
2026-09-15 19:32:51,704.35,2026-09-15,713.0,8.45,8.86,8.58,1702,1161,0.6753,-0.994,0.00497,-0.005,0.0009
2026-09-15 19:32:51,704.35,2026-09-15,714.0,9.67,9.79,9.85,857,859,1.0642,-0.9621,0.01532,-0.08,0.0042
2026-09-15 19:32:51,704.35,2026-09-15,715.0,10.48,10.72,10.58,936,2401,,,,,
2026-09-15 19:32:51,704.35,2026-09-15,716.0,11.65,11.77,11.51,128,1161,1.1824,-0.973,0.01043,-0.06,0.0032
2026-09-15 19:32:51,704.35,2026-09-15,717.0,12.35,12.62,12.51,216,612,,,,,
2026-09-15 19:32:51,704.35,2026-09-15,718.0,13.49,13.69,13.64,156,460,,,,,
2026-09-15 19:32:51,704.35,2026-09-15,719.0,14.48,14.9,14.57,175,105,1.348,-0.983,0.00618,-0.04,0.0021
2026-09-15 19:33:52,704.32,2026-09-15,690.0,0,0.01,0.01,5162,3175,1.1472,-0.0055,0.00276,-0.01,0.0008
2026-09-15 19:33:52,704.32,2026-09-15,691.0,0,0.03,0.01,2720,145,1.075,-0.0058,0.0031,-0.01,0.0008
2026-09-15 19:33:52,704.32,2026-09-15,692.0,0,0.01,0.01,9232,395,1.0024,-0.0062,0.00352,-0.01,0.0009
2026-09-15 19:33:52,704.32,2026-09-15,693.0,0.03,0.04,0.03,3851,421,1.0947,-0.0178,0.00805,-0.035,0.0022
2026-09-15 19:33:52,704.32,2026-09-15,694.0,0.03,0.04,0.03,3615,412,1.0111,-0.0191,0.00926,-0.035,0.0023
2026-09-15 19:33:52,704.32,2026-09-15,695.0,0.01,0.02,0.03,7258,1082,0.8224,-0.0107,0.00694,-0.015,0.0014
2026-09-15 19:33:52,704.32,2026-09-15,696.0,0.03,0.04,0.01,9386,2637,0.8413,-0.0224,0.01278,-0.035,0.0027
2026-09-15 19:33:52,704.32,2026-09-15,697.0,0.01,0.04,0.02,8520,551,0.7163,-0.0192,0.01315,-0.025,0.0023
2026-09-15 19:33:52,704.32,2026-09-15,698.0,0.01,0.02,0.03,31666,1423,0.5862,-0.0146,0.01268,-0.015,0.0018
2026-09-15 19:33:52,704.32,2026-09-15,699.0,0.01,0.04,0.01,30148,1786,0.5462,-0.0244,0.02114,-0.025,0.0028
2026-09-15 19:33:52,704.32,2026-09-15,700.0,0.01,0.02,0.01,96337,2887,0.4228,-0.0195,0.02258,-0.015,0.0024
2026-09-15 19:33:52,704.32,2026-09-15,701.0,0.01,0.02,0.02,41333,971,0.3381,-0.0238,0.03338,-0.015,0.0028
2026-09-15 19:33:52,704.32,2026-09-15,702.0,0.05,0.06,0.05,80563,1230,0.326,-0.0757,0.08806,-0.055,0.0071
2026-09-15 19:33:52,704.32,2026-09-15,703.0,0.09,0.1,0.06,189934,826,0.2528,-0.1467,0.18301,-0.095,0.0114
2026-09-15 19:33:52,704.32,2026-09-15,704.0,0.22,0.27,0.26,409168,415,0.1932,-0.3704,0.39375,-0.245,0.0188
2026-09-15 19:33:52,704.32,2026-09-15,705.0,0.76,0.78,0.78,525698,10115,0.1605,-0.8042,0.34685,-0.085,0.0137
2026-09-15 19:33:52,704.32,2026-09-15,706.0,1.63,1.66,1.65,286788,360,,,,,
2026-09-15 19:33:52,704.32,2026-09-15,707.0,2.61,2.72,2.72,171880,700,,,,,
2026-09-15 19:33:52,704.32,2026-09-15,708.0,3.58,3.67,3.67,167149,1026,,,,,
2026-09-15 19:33:52,704.32,2026-09-15,709.0,4.54,4.73,4.67,92618,3929,,,,,
2026-09-15 19:33:52,704.32,2026-09-15,710.0,5.54,5.76,5.62,38647,17534,,,,,
2026-09-15 19:33:52,704.32,2026-09-15,711.0,6.68,6.73,6.44,7356,573,0.6421,-0.9814,0.01426,-0.02,0.0023
2026-09-15 19:33:52,704.32,2026-09-15,712.0,7.45,7.6,7.55,4242,727,,,,,
2026-09-15 19:33:52,704.32,2026-09-15,713.0,8.57,8.7,8.58,1702,1161,,,,,
2026-09-15 19:33:52,704.32,2026-09-15,714.0,9.48,9.55,9.85,857,859,,,,,
2026-09-15 19:33:52,704.32,2026-09-15,715.0,10.48,10.52,10.58,939,2401,,,,,
2026-09-15 19:33:52,704.32,2026-09-15,716.0,11.67,11.73,11.51,128,1161,0.9994,-0.9901,0.00531,-0.015,0.0013
2026-09-15 19:33:52,704.32,2026-09-15,717.0,12.53,12.81,12.51,216,612,,,,,
2026-09-15 19:33:52,704.32,2026-09-15,718.0,13.43,13.81,13.79,157,460,,,,,
2026-09-15 19:33:52,704.32,2026-09-15,719.0,14.7,14.72,14.57,175,105,1.2938,-0.988,0.00486,-0.025,0.0015
2026-09-15 19:34:53,704.26,2026-09-15,690.0,0,0.01,0.01,5362,3175,1.1662,-0.0055,0.00278,-0.01,0.0008
2026-09-15 19:34:53,704.26,2026-09-15,691.0,0,0.01,0.01,2720,145,1.0926,-0.0058,0.00312,-0.01,0.0008
2026-09-15 19:34:53,704.26,2026-09-15,692.0,0,0.01,0.01,9232,395,1.0185,-0.0062,0.00355,-0.01,0.0009
2026-09-15 19:34:53,704.26,2026-09-15,693.0,0.01,0.02,0.03,3854,421,0.9913,-0.0092,0.00515,-0.015,0.0012
2026-09-15 19:34:53,704.26,2026-09-15,694.0,0.03,0.04,0.03,3617,412,1.0267,-0.0191,0.00933,-0.035,0.0023
2026-09-15 19:34:53,704.26,2026-09-15,695.0,0.01,0.02,0.02,7269,1082,0.8346,-0.0108,0.00701,-0.015,0.0014
2026-09-15 19:34:53,704.26,2026-09-15,696.0,0.01,0.02,0.01,9387,2637,0.7552,-0.0118,0.00838,-0.015,0.0015
2026-09-15 19:34:53,704.26,2026-09-15,697.0,0.03,0.04,0.01,8630,551,0.7651,-0.0248,0.01561,-0.035,0.0028
2026-09-15 19:34:53,704.26,2026-09-15,698.0,0.01,0.02,0.03,31749,1423,0.5935,-0.0147,0.01285,-0.015,0.0018
2026-09-15 19:34:53,704.26,2026-09-15,699.0,0.01,0.04,0.01,30152,1786,0.5523,-0.0246,0.02147,-0.025,0.0028
2026-09-15 19:34:53,704.26,2026-09-15,700.0,0.03,0.04,0.01,96337,2887,0.491,-0.0367,0.03362,-0.035,0.0039
2026-09-15 19:34:53,704.26,2026-09-15,701.0,0.03,0.04,0.02,41342,971,0.3949,-0.0444,0.04875,-0.035,0.0046
2026-09-15 19:34:53,704.26,2026-09-15,702.0,0.05,0.06,0.05,80581,1230,0.3265,-0.0769,0.09076,-0.055,0.007
2026-09-15 19:34:53,704.26,2026-09-15,703.0,0.05,0.1,0.09,190165,826,0.2323,-0.1319,0.18898,-0.075,0.0104
2026-09-15 19:34:53,704.26,2026-09-15,704.0,0.25,0.26,0.25,410730,415,0.1912,-0.3891,0.41205,-0.255,0.0187
2026-09-15 19:34:53,704.26,2026-09-15,705.0,0.83,0.89,0.83,526451,10115,0.1969,-0.7792,0.30958,-0.12,0.0144
2026-09-15 19:34:53,704.26,2026-09-15,706.0,1.77,1.82,1.77,286834,360,0.269,-0.9074,0.12662,-0.055,0.0081
2026-09-15 19:34:53,704.26,2026-09-15,707.0,2.72,2.8,2.7,171889,700,0.3113,-0.9643,0.05183,-0.02,0.0038
2026-09-15 19:34:53,704.26,2026-09-15,708.0,3.68,3.72,3.75,167347,1026,,,,,
2026-09-15 19:34:53,704.26,2026-09-15,709.0,4.7,4.76,4.67,92618,3929,,,,,
2026-09-15 19:34:53,704.26,2026-09-15,710.0,5.64,5.85,5.79,38691,17534,0.4888,-0.9918,0.0094,-0.005,0.0011
2026-09-15 19:34:53,704.26,2026-09-15,711.0,6.57,6.81,6.44,7356,573,,,,,
2026-09-15 19:34:53,704.26,2026-09-15,712.0,7.52,7.76,7.55,4242,727,,,,,
2026-09-15 19:34:53,704.26,2026-09-15,713.0,8.54,8.7,8.58,1702,1161,,,,,
2026-09-15 19:34:53,704.26,2026-09-15,714.0,9.59,9.85,9.64,863,859,,,,,
2026-09-15 19:34:53,704.26,2026-09-15,715.0,10.38,10.8,10.76,941,2401,,,,,
2026-09-15 19:34:53,704.26,2026-09-15,716.0,11.36,11.98,11.51,129,1161,,,,,
2026-09-15 19:34:53,704.26,2026-09-15,717.0,12.63,12.65,12.51,216,612,,,,,
2026-09-15 19:34:53,704.26,2026-09-15,718.0,13.67,13.86,13.79,157,460,1.2463,-0.9874,0.00537,-0.025,0.0016
2026-09-15 19:34:53,704.26,2026-09-15,719.0,14.55,14.84,14.57,175,105,,,,,
2026-09-15 19:35:55,704.01,2026-09-15,690.0,0,0.01,0.01,5362,3175,1.1728,-0.0056,0.00286,-0.01,0.0008
2026-09-15 19:35:55,704.01,2026-09-15,691.0,0,0.01,0.01,2870,145,1.0975,-0.0059,0.00322,-0.01,0.0008
2026-09-15 19:35:55,704.01,2026-09-15,692.0,0,0.01,0.01,9432,395,1.0217,-0.0063,0.00367,-0.01,0.0009
2026-09-15 19:35:55,704.01,2026-09-15,693.0,0.03,0.04,0.03,3857,421,1.1146,-0.0181,0.00838,-0.035,0.0021
2026-09-15 19:35:55,704.01,2026-09-15,694.0,0.03,0.04,0.03,3617,412,1.0272,-0.0195,0.00968,-0.035,0.0023
2026-09-15 19:35:55,704.01,2026-09-15,695.0,0.01,0.02,0.01,7282,1082,0.8327,-0.011,0.00731,-0.015,0.0014
2026-09-15 19:35:55,704.01,2026-09-15,696.0,0.01,0.02,0.03,9387,2637,0.7514,-0.0121,0.00878,-0.015,0.0015
2026-09-15 19:35:55,704.01,2026-09-15,697.0,0.01,0.02,0.01,8630,551,0.6691,-0.0134,0.01079,-0.015,0.0016
2026-09-15 19:35:55,704.01,2026-09-15,698.0,0.03,0.04,0.03,31757,1423,0.6673,-0.0286,0.02054,-0.035,0.0031
2026-09-15 19:35:55,704.01,2026-09-15,699.0,0.03,0.04,0.01,30155,1786,0.5737,-0.0326,0.02668,-0.035,0.0035
2026-09-15 19:35:55,704.01,2026-09-15,700.0,0.03,0.04,0.03,96348,2887,0.4777,-0.0383,0.03653,-0.035,0.004
2026-09-15 19:35:55,704.01,2026-09-15,701.0,0.01,0.04,0.03,41580,971,0.3552,-0.037,0.04775,-0.025,0.0039
2026-09-15 19:35:55,704.01,2026-09-15,702.0,0.05,0.06,0.05,80628,1230,0.3057,-0.0827,0.10464,-0.055,0.0073
2026-09-15 19:35:55,704.01,2026-09-15,703.0,0.08,0.09,0.08,190418,826,0.2137,-0.1588,0.23773,-0.085,0.0115
2026-09-15 19:35:55,704.01,2026-09-15,704.0,0.38,0.39,0.38,411707,415,0.2068,-0.4931,0.40477,-0.385,0.019
2026-09-15 19:35:55,704.01,2026-09-15,705.0,1,1.03,1,527235,10115,0.1548,-0.9085,0.2228,-0.03,0.0078
2026-09-15 19:35:55,704.01,2026-09-15,706.0,2,2.009,1.99,286892,360,0.2435,-0.956,0.0802,-0.0195,0.0044
2026-09-15 19:35:55,704.01,2026-09-15,707.0,2.92,3.05,2.95,171924,700,0.2356,-0.996,0.01057,0.0,0.0006
2026-09-15 19:35:55,704.01,2026-09-15,708.0,3.9,4.01,3.75,167347,1026,,,,,
2026-09-15 19:35:55,704.01,2026-09-15,709.0,4.9,5.05,4.74,92619,3929,,,,,
2026-09-15 19:35:55,704.01,2026-09-15,710.0,5.99,6.1,5.79,38691,17534,0.7288,-0.9567,0.02648,-0.06,0.0044
2026-09-15 19:35:55,704.01,2026-09-15,711.0,6.89,6.91,6.61,7357,573,,,,,
2026-09-15 19:35:55,704.01,2026-09-15,712.0,7.93,7.97,7.55,4243,727,,,,,
2026-09-15 19:35:55,704.01,2026-09-15,713.0,8.69,8.94,8.58,1702,1161,,,,,
2026-09-15 19:35:55,704.01,2026-09-15,714.0,9.76,10.01,9.64,863,859,,,,,
2026-09-15 19:35:55,704.01,2026-09-15,715.0,10.99,11.23,10.76,941,2401,1.3633,-0.9528,0.01515,-0.125,0.0047
2026-09-15 19:35:55,704.01,2026-09-15,716.0,11.67,11.99,11.51,129,1161,,,,,
2026-09-15 19:35:55,704.01,2026-09-15,717.0,12.77,13.07,12.51,216,612,,,,,
2026-09-15 19:35:55,704.01,2026-09-15,718.0,13.81,14.05,13.82,164,460,,,,,
2026-09-15 19:35:55,704.01,2026-09-15,719.0,14.68,15.22,14.57,175,105,,,,,
2026-09-15 19:36:57,704.12,2026-09-15,690.0,0,0.03,0.01,5362,3175,1.2071,-0.0056,0.00282,-0.01,0.0007
2026-09-15 19:36:57,704.12,2026-09-15,691.0,0,0.03,0.01,2870,145,1.1301,-0.0059,0.00318,-0.01,0.0008
2026-09-15 19:36:57,704.12,2026-09-15,692.0,0,0.03,0.01,9775,395,1.0528,-0.0063,0.00361,-0.01,0.0008
2026-09-15 19:36:57,704.12,2026-09-15,693.0,0.03,0.04,0.01,3859,421,1.1489,-0.018,0.00826,-0.035,0.0021
2026-09-15 19:36:57,704.12,2026-09-15,694.0,0.01,0.04,0.03,3617,412,1.0091,-0.015,0.00803,-0.025,0.0018
2026-09-15 19:36:57,704.12,2026-09-15,695.0,0.03,0.04,0.02,7292,1082,0.9696,-0.0209,0.01113,-0.035,0.0023
2026-09-15 19:36:57,704.12,2026-09-15,696.0,0.01,0.04,0.03,9387,2637,0.8346,-0.0177,0.01123,-0.025,0.002
2026-09-15 19:36:57,704.12,2026-09-15,697.0,0.01,0.02,0.01,8630,551,0.6931,-0.0133,0.01053,-0.015,0.0016
2026-09-15 19:36:57,704.12,2026-09-15,698.0,0.03,0.04,0.03,31807,1423,0.6924,-0.0282,0.02001,-0.035,0.003
2026-09-15 19:36:57,704.12,2026-09-15,699.0,0.01,0.02,0.03,30156,1786,0.5215,-0.0171,0.01743,-0.015,0.002
2026-09-15 19:36:57,704.12,2026-09-15,700.0,0.01,0.02,0.03,96349,2887,0.4333,-0.0202,0.02415,-0.015,0.0023
2026-09-15 19:36:57,704.12,2026-09-15,701.0,0.01,0.04,0.03,41926,971,0.3739,-0.036,0.04541,-0.025,0.0037
2026-09-15 19:36:57,704.12,2026-09-15,702.0,0.05,0.06,0.02,80678,1230,0.3252,-0.08,0.098,-0.055,0.0069
2026-09-15 19:36:57,704.12,2026-09-15,703.0,0.08,0.09,0.08,190590,826,0.2338,-0.1504,0.21424,-0.085,0.0109
2026-09-15 19:36:57,704.12,2026-09-15,704.0,0.31,0.32,0.31,412657,415,0.2015,-0.4463,0.42076,-0.315,0.0184
2026-09-15 19:36:57,704.12,2026-09-15,705.0,0.97,1,0.93,527979,10115,0.219,-0.8036,0.27123,-0.11,0.0129
2026-09-15 19:36:57,704.12,2026-09-15,706.0,1.92,1.95,1.88,286955,360,0.3033,-0.907,0.1177,-0.06,0.0078
2026-09-15 19:36:57,704.12,2026-09-15,707.0,2.92,2.95,2.9,171931,700,0.4184,-0.929,0.06956,-0.06,0.0063
2026-09-15 19:36:57,704.12,2026-09-15,708.0,3.77,4,3.82,167356,1026,0.3916,-0.9828,0.02336,-0.01,0.002
2026-09-15 19:36:57,704.12,2026-09-15,709.0,4.87,4.95,4.74,92619,3929,0.5723,-0.9655,0.02863,-0.035,0.0036
2026-09-15 19:36:57,704.12,2026-09-15,710.0,5.87,5.95,5.8,38697,17534,0.6672,-0.9698,0.02198,-0.035,0.0032
2026-09-15 19:36:57,704.12,2026-09-15,711.0,6.91,7,6.87,7362,573,0.8793,-0.9521,0.02431,-0.08,0.0046
2026-09-15 19:36:57,704.12,2026-09-15,712.0,7.93,7.94,7.55,4243,727,0.9299,-0.9643,0.01812,-0.06,0.0037
2026-09-15 19:36:57,704.12,2026-09-15,713.0,8.88,8.94,8.58,1702,1161,0.9403,-0.9777,0.01211,-0.035,0.0025
2026-09-15 19:36:57,704.12,2026-09-15,714.0,9.85,10.01,9.64,863,859,1.1032,-0.9714,0.0127,-0.055,0.003
2026-09-15 19:36:57,704.12,2026-09-15,715.0,10.71,11.18,10.76,941,2401,1.2433,-0.9684,0.01227,-0.07,0.0033
2026-09-15 19:36:57,704.12,2026-09-15,716.0,11.81,12.19,11.81,133,1161,1.4823,-0.9553,0.01364,-0.125,0.0044
2026-09-15 19:36:57,704.12,2026-09-15,717.0,12.56,13.13,12.51,216,612,,,,,
2026-09-15 19:36:57,704.12,2026-09-15,718.0,13.95,14.19,13.82,164,460,1.8316,-0.9455,0.01293,-0.195,0.0052
2026-09-15 19:36:57,704.12,2026-09-15,719.0,14.94,15.18,14.57,175,105,1.9138,-0.9498,0.01159,-0.185,0.0048
2026-09-15 19:37:59,704.0,2026-09-15,689.0,0,0.03,0.01,4134,325,1.3041,-0.0053,0.00256,-0.01,0.0007
2026-09-15 19:37:59,704.0,2026-09-15,690.0,0,0.01,0.01,5362,3175,1.2257,-0.0056,0.00286,-0.01,0.0007
2026-09-15 19:37:59,704.0,2026-09-15,691.0,0,0.01,0.01,3070,145,1.1469,-0.0059,0.00323,-0.01,0.0008
2026-09-15 19:37:59,704.0,2026-09-15,692.0,0,0.01,0.01,10032,395,1.0676,-0.0063,0.00367,-0.01,0.0008
2026-09-15 19:37:59,704.0,2026-09-15,693.0,0.03,0.04,0.01,3859,421,1.1646,-0.0181,0.0084,-0.035,0.002
2026-09-15 19:37:59,704.0,2026-09-15,694.0,0.01,0.04,0.03,3617,412,1.0218,-0.0151,0.00818,-0.025,0.0017
2026-09-15 19:37:59,704.0,2026-09-15,695.0,0.01,0.04,0.01,7322,1082,0.9329,-0.0164,0.00961,-0.025,0.0019
2026-09-15 19:37:59,704.0,2026-09-15,696.0,0.03,0.04,0.03,9387,2637,0.8874,-0.0231,0.01353,-0.035,0.0025
2026-09-15 19:37:59,704.0,2026-09-15,697.0,0.03,0.04,0.03,8632,551,0.7928,-0.0255,0.01647,-0.035,0.0027
2026-09-15 19:37:59,704.0,2026-09-15,698.0,0.03,0.04,0.03,31816,1423,0.6966,-0.0286,0.02062,-0.035,0.003
2026-09-15 19:37:59,704.0,2026-09-15,699.0,0.03,0.04,0.03,30157,1786,0.5986,-0.0327,0.02679,-0.035,0.0033
2026-09-15 19:37:59,704.0,2026-09-15,700.0,0.01,0.02,0.01,96550,2887,0.432,-0.0207,0.02529,-0.015,0.0023
2026-09-15 19:37:59,704.0,2026-09-15,701.0,0.03,0.04,0.03,42186,971,0.3946,-0.047,0.05462,-0.035,0.0045
2026-09-15 19:37:59,704.0,2026-09-15,702.0,0.06,0.07,0.06,80730,1230,0.3318,-0.0922,0.10942,-0.065,0.0075
2026-09-15 19:37:59,704.0,2026-09-15,703.0,0.13,0.14,0.09,190692,826,0.2631,-0.2013,0.23454,-0.135,0.0128
2026-09-15 19:37:59,704.0,2026-09-15,704.0,0.41,0.42,0.36,413493,415,0.2287,-0.4992,0.38292,-0.415,0.0182
2026-09-15 19:37:59,704.0,2026-09-15,705.0,1.05,1.12,1.09,529036,10115,0.2218,-0.8381,0.24258,-0.085,0.0112
2026-09-15 19:37:59,704.0,2026-09-15,706.0,1.97,2.07,1.98,287046,360,0.2572,-0.9557,0.0799,-0.02,0.0043
2026-09-15 19:37:59,704.0,2026-09-15,707.0,3.04,3.12,3.02,171948,700,0.4732,-0.9172,0.07076,-0.08,0.0069
2026-09-15 19:37:59,704.0,2026-09-15,708.0,3.97,4.07,3.96,167412,1026,0.4539,-0.973,0.03013,-0.02,0.0028
2026-09-15 19:37:59,704.0,2026-09-15,709.0,4.93,5.14,4.74,92619,3929,0.5979,-0.9661,0.02761,-0.035,0.0034
2026-09-15 19:37:59,704.0,2026-09-15,710.0,5.92,6.19,5.8,38697,17534,0.7514,-0.9593,0.02553,-0.055,0.004
2026-09-15 19:37:59,704.0,2026-09-15,711.0,6.92,7.15,6.87,7362,573,0.7893,-0.9735,0.01709,-0.035,0.0028
2026-09-15 19:37:59,704.0,2026-09-15,712.0,7.77,8.25,7.55,4243,727,0.7475,-0.9902,0.0077,-0.01,0.0012
2026-09-15 19:37:59,704.0,2026-09-15,713.0,8.93,9.1,8.58,1702,1161,0.8679,-0.9881,0.00787,-0.015,0.0014
2026-09-15 19:37:59,704.0,2026-09-15,714.0,10.08,10.31,10.02,867,859,1.4546,-0.9324,0.01973,-0.195,0.006
2026-09-15 19:37:59,704.0,2026-09-15,715.0,10.99,11.24,10.81,943,2401,1.4046,-0.9555,0.01467,-0.115,0.0043
2026-09-15 19:37:59,704.0,2026-09-15,716.0,12.03,12.07,11.81,133,1161,1.3073,-0.9769,0.00918,-0.05,0.0025
2026-09-15 19:37:59,704.0,2026-09-15,717.0,12.86,12.99,12.51,216,612,,,,,
2026-09-15 19:37:59,704.0,2026-09-15,718.0,13.83,14.36,13.82,164,460,1.6482,-0.9672,0.00976,-0.095,0.0033
2026-09-15 19:37:59,704.0,2026-09-15,719.0,14.99,15.06,14.57,175,105,1.4344,-0.9883,0.00468,-0.025,0.0014
2026-09-15 19:39:00,703.97,2026-09-15,689.0,0,0.03,0.01,4214,325,1.333,-0.0053,0.00257,-0.01,0.0007
2026-09-15 19:39:00,703.97,2026-09-15,690.0,0,0.03,0.01,5512,3175,1.2526,-0.0056,0.00287,-0.01,0.0007
2026-09-15 19:39:00,703.97,2026-09-15,691.0,0,0.01,0.01,3070,145,1.1719,-0.006,0.00324,-0.01,0.0008
2026-09-15 19:39:00,703.97,2026-09-15,692.0,0,0.03,0.01,10383,395,1.0908,-0.0064,0.00369,-0.01,0.0008
2026-09-15 19:39:00,703.97,2026-09-15,693.0,0.03,0.04,0.01,3990,421,1.1897,-0.0182,0.00843,-0.035,0.002
2026-09-15 19:39:00,703.97,2026-09-15,694.0,0.03,0.04,0.01,3676,412,1.0961,-0.0196,0.00974,-0.035,0.0021
2026-09-15 19:39:00,703.97,2026-09-15,695.0,0.01,0.02,0.01,7322,1082,0.888,-0.0111,0.00737,-0.015,0.0013
2026-09-15 19:39:00,703.97,2026-09-15,696.0,0.01,0.04,0.03,9388,2637,0.8604,-0.018,0.01156,-0.025,0.002
2026-09-15 19:39:00,703.97,2026-09-15,697.0,0.01,0.04,0.03,8632,551,0.7671,-0.0199,0.01414,-0.025,0.0021
2026-09-15 19:39:00,703.97,2026-09-15,698.0,0.03,0.04,0.03,31817,1423,0.7103,-0.0287,0.02077,-0.035,0.0029
2026-09-15 19:39:00,703.97,2026-09-15,699.0,0.01,0.04,0.01,30163,1786,0.5761,-0.0257,0.02333,-0.025,0.0027
2026-09-15 19:39:00,703.97,2026-09-15,700.0,0.01,0.02,0.03,96567,2887,0.4395,-0.0208,0.02557,-0.015,0.0022
2026-09-15 19:39:00,703.97,2026-09-15,701.0,0.03,0.04,0.02,42780,971,0.4008,-0.0473,0.05537,-0.035,0.0044
2026-09-15 19:39:00,703.97,2026-09-15,702.0,0.05,0.06,0.05,80785,1230,0.3219,-0.0839,0.10759,-0.055,0.0069
2026-09-15 19:39:00,703.97,2026-09-15,703.0,0.13,0.14,0.13,192068,826,0.2645,-0.2042,0.24089,-0.135,0.0126
2026-09-15 19:39:00,703.97,2026-09-15,704.0,0.41,0.42,0.41,415427,415,0.2256,-0.5112,0.3973,-0.385,0.0177
2026-09-15 19:39:00,703.97,2026-09-15,705.0,1.11,1.13,1.11,530553,10115,0.2361,-0.8359,0.23543,-0.09,0.011
2026-09-15 19:39:00,703.97,2026-09-15,706.0,2.009,2.07,2.029,287219,360,0.2358,-0.9732,0.05902,-0.0095,0.0028
2026-09-15 19:39:00,703.97,2026-09-15,707.0,3.03,3.11,3.02,171971,700,0.4189,-0.9474,0.05759,-0.04,0.0048
2026-09-15 19:39:00,703.97,2026-09-15,708.0,3.95,4.1,3.96,167449,1026,,,,,
2026-09-15 19:39:00,703.97,2026-09-15,709.0,5.04,5.22,4.74,92653,3929,0.756,-0.9316,0.03923,-0.1,0.0059
2026-09-15 19:39:00,703.97,2026-09-15,710.0,6.11,6.21,5.94,38700,17534,0.9222,-0.9279,0.03348,-0.13,0.0061
2026-09-15 19:39:00,703.97,2026-09-15,711.0,7.01,7.2,6.99,7363,573,0.9262,-0.9549,0.02304,-0.075,0.0042
2026-09-15 19:39:00,703.97,2026-09-15,712.0,7.73,8.08,8.039,4250,727,,,,,
2026-09-15 19:39:00,703.97,2026-09-15,713.0,8.81,9.26,8.58,1702,1161,0.793,-0.9945,0.00449,-0.005,0.0007
2026-09-15 19:39:00,703.97,2026-09-15,714.0,10.06,10.27,10.02,867,859,1.3796,-0.9472,0.01755,-0.135,0.0048
2026-09-15 19:39:00,703.97,2026-09-15,715.0,11.05,11.08,10.81,945,2401,1.1826,-0.9811,0.00878,-0.035,0.0021
2026-09-15 19:39:00,703.97,2026-09-15,716.0,11.71,11.92,11.81,133,1161,,,,,
2026-09-15 19:39:00,703.97,2026-09-15,717.0,12.94,13.02,12.51,216,612,,,,,
2026-09-15 19:39:00,703.97,2026-09-15,718.0,13.95,14.32,13.82,164,460,1.7203,-0.9648,0.01014,-0.105,0.0035
2026-09-15 19:40:01,703.88,2026-09-15,689.0,0,0.03,0.01,4294,325,1.3589,-0.0053,0.00259,-0.01,0.0007
2026-09-15 19:40:01,703.88,2026-09-15,690.0,0,0.01,0.01,5512,3175,1.2765,-0.0056,0.0029,-0.01,0.0007
2026-09-15 19:40:01,703.88,2026-09-15,691.0,0,0.01,0.01,3070,145,1.1937,-0.006,0.00328,-0.01,0.0007
2026-09-15 19:40:01,703.88,2026-09-15,692.0,0,0.03,0.01,10583,395,1.1104,-0.0064,0.00374,-0.01,0.0008
2026-09-15 19:40:01,703.88,2026-09-15,693.0,0.03,0.04,0.03,3990,421,1.2107,-0.0183,0.00855,-0.035,0.0019
2026-09-15 19:40:01,703.88,2026-09-15,694.0,0.03,0.04,0.01,3676,412,1.1146,-0.0197,0.00988,-0.035,0.0021
2026-09-15 19:40:01,703.88,2026-09-15,695.0,0.01,0.04,0.01,7335,1082,0.9676,-0.0166,0.00982,-0.025,0.0018
2026-09-15 19:40:01,703.88,2026-09-15,696.0,0.03,0.04,0.03,9388,2637,0.9193,-0.0234,0.01385,-0.035,0.0024
2026-09-15 19:40:01,703.88,2026-09-15,697.0,0.01,0.04,0.03,8632,551,0.7774,-0.0201,0.01444,-0.025,0.0021
2026-09-15 19:40:01,703.88,2026-09-15,698.0,0.01,0.02,0.03,31827,1423,0.6303,-0.0154,0.01416,-0.015,0.0017
2026-09-15 19:40:01,703.88,2026-09-15,699.0,0.01,0.04,0.02,30185,1786,0.5812,-0.0261,0.024,-0.025,0.0026
2026-09-15 19:40:01,703.88,2026-09-15,700.0,0.01,0.02,0.02,96593,2887,0.4415,-0.0212,0.02651,-0.015,0.0022
2026-09-15 19:40:01,703.88,2026-09-15,701.0,0.03,0.04,0.03,42982,971,0.4003,-0.0484,0.05787,-0.035,0.0044
2026-09-15 19:40:01,703.88,2026-09-15,702.0,0.02,0.07,0.03,81655,1230,0.3027,-0.0762,0.10908,-0.045,0.0062
2026-09-15 19:40:01,703.88,2026-09-15,703.0,0.1,0.15,0.1,192408,826,0.2472,-0.2067,0.26614,-0.125,0.0124
2026-09-15 19:40:01,703.88,2026-09-15,704.0,0.45,0.46,0.45,417700,415,0.2253,-0.5501,0.40495,-0.33,0.0172
2026-09-15 19:40:01,703.88,2026-09-15,705.0,1.13,1.19,1.16,532074,10115,0.1947,-0.908,0.19535,-0.035,0.0072
2026-09-15 19:40:01,703.88,2026-09-15,706.0,2.1,2.21,2.1,287295,360,0.3061,-0.9447,0.08408,-0.03,0.0048
2026-09-15 19:40:01,703.88,2026-09-15,707.0,3.05,3.06,3.16,172025,700,,,,,
2026-09-15 19:40:01,703.88,2026-09-15,708.0,4.13,4.24,4.05,167514,1026,0.5949,-0.9442,0.04358,-0.06,0.0049
2026-09-15 19:40:01,703.88,2026-09-15,709.0,5.03,5.1,5.04,92678,3929,,,,,
2026-09-15 19:40:01,703.88,2026-09-15,710.0,6.16,6.27,6.06,38700,17534,0.8828,-0.944,0.02947,-0.09,0.0049
2026-09-15 19:40:01,703.88,2026-09-15,711.0,6.92,7.07,6.99,7379,573,,,,,
2026-09-15 19:40:01,703.88,2026-09-15,712.0,7.89,8.29,8.039,4250,727,,,,,
2026-09-15 19:40:01,703.88,2026-09-15,713.0,9.01,9.16,8.58,1703,1161,,,,,
2026-09-15 19:40:01,703.88,2026-09-15,714.0,10.11,10.32,10.02,867,859,1.3174,-0.9603,0.01498,-0.09,0.0037
2026-09-15 19:40:01,703.88,2026-09-15,715.0,11.16,11.38,11.15,945,2401,1.5571,-0.9483,0.01567,-0.145,0.0046
2026-09-15 19:40:01,703.88,2026-09-15,716.0,11.84,12.05,11.81,133,1161,,,,,
2026-09-15 19:40:01,703.88,2026-09-15,717.0,13.18,13.23,12.51,216,612,1.5937,-0.9696,0.00994,-0.08,0.003
2026-09-15 19:40:01,703.88,2026-09-15,718.0,14.26,14.48,13.82,164,460,2.0946,-0.9373,0.01357,-0.245,0.0054
2026-09-15 19:41:02,703.96,2026-09-15,689.0,0,0.03,0.01,4294,325,1.4019,-0.0053,0.00257,-0.01,0.0006
2026-09-15 19:41:02,703.96,2026-09-15,690.0,0,0.03,0.01,5513,3175,1.3174,-0.0056,0.00287,-0.01,0.0007
2026-09-15 19:41:02,703.96,2026-09-15,691.0,0,0.01,0.01,3070,145,1.2324,-0.006,0.00324,-0.01,0.0007
2026-09-15 19:41:02,703.96,2026-09-15,692.0,0,0.03,0.01,10583,395,1.147,-0.0064,0.00369,-0.01,0.0008
2026-09-15 19:41:02,703.96,2026-09-15,693.0,0.01,0.02,0.03,4011,421,1.1145,-0.0094,0.00538,-0.015,0.0011
2026-09-15 19:41:02,703.96,2026-09-15,694.0,0.03,0.04,0.01,3686,412,1.1525,-0.0196,0.00976,-0.035,0.002
2026-09-15 19:41:02,703.96,2026-09-15,695.0,0.03,0.04,0.01,7336,1082,1.0529,-0.0212,0.01143,-0.035,0.0022
2026-09-15 19:41:02,703.96,2026-09-15,696.0,0.03,0.04,0.03,9390,2637,0.9522,-0.0232,0.01363,-0.035,0.0023
2026-09-15 19:41:02,703.96,2026-09-15,697.0,0.01,0.02,0.03,8632,551,0.7491,-0.0135,0.01092,-0.015,0.0015
2026-09-15 19:41:02,703.96,2026-09-15,698.0,0.01,0.02,0.03,31829,1423,0.655,-0.0152,0.01386,-0.015,0.0016
2026-09-15 19:41:02,703.96,2026-09-15,699.0,0.01,0.04,0.01,30186,1786,0.6053,-0.0257,0.0234,-0.025,0.0025
2026-09-15 19:41:02,703.96,2026-09-15,700.0,0.01,0.04,0.01,96636,2887,0.5014,-0.0304,0.03243,-0.025,0.0029
2026-09-15 19:41:02,703.96,2026-09-15,701.0,0.01,0.02,0.03,43075,971,0.361,-0.0259,0.03941,-0.015,0.0025
2026-09-15 19:41:02,703.96,2026-09-15,702.0,0.02,0.03,0.06,81671,1230,0.2826,-0.05,0.08637,-0.025,0.0044
2026-09-15 19:41:02,703.96,2026-09-15,703.0,0.12,0.13,0.09,192566,826,0.2682,-0.1979,0.24537,-0.125,0.0118
2026-09-15 19:41:02,703.96,2026-09-15,704.0,0.39,0.4,0.39,419127,415,0.2225,-0.5162,0.42382,-0.355,0.0169
2026-09-15 19:41:02,703.96,2026-09-15,705.0,1.05,1.11,1.08,533046,10115,0.1952,-0.8957,0.21929,-0.04,0.0077
2026-09-15 19:41:02,703.96,2026-09-15,706.0,2.029,2.09,2.04,287369,360,0.2799,-0.9573,0.07682,-0.0195,0.0038
2026-09-15 19:41:02,703.96,2026-09-15,707.0,2.99,3,3.05,172045,700,,,,,
2026-09-15 19:41:02,703.96,2026-09-15,708.0,4.05,4.14,3.95,167558,1026,0.5899,-0.9467,0.04354,-0.055,0.0046
2026-09-15 19:41:02,703.96,2026-09-15,709.0,5.08,5.16,5.06,92680,3929,0.7587,-0.941,0.03665,-0.08,0.005
2026-09-15 19:41:02,703.96,2026-09-15,710.0,5.98,6.21,5.92,38710,17534,0.8136,-0.9596,0.02527,-0.055,0.0037
2026-09-15 19:41:02,703.96,2026-09-15,711.0,6.97,7.01,6.91,7379,573,,,,,
2026-09-15 19:41:02,703.96,2026-09-15,712.0,7.97,8.08,8.039,4255,727,,,,,
2026-09-15 19:41:02,703.96,2026-09-15,713.0,8.88,9.02,9.14,1703,1161,,,,,
2026-09-15 19:41:02,703.96,2026-09-15,714.0,9.87,10.24,10.02,870,859,1.0262,-0.9891,0.00661,-0.015,0.0012
2026-09-15 19:41:02,703.96,2026-09-15,715.0,11.12,11.26,11.15,952,2401,1.5995,-0.9469,0.01601,-0.15,0.0046
2026-09-15 19:41:02,703.96,2026-09-15,716.0,11.78,12.13,11.81,133,1161,,,,,
2026-09-15 19:41:02,703.96,2026-09-15,717.0,12.97,13.41,12.51,216,612,1.8242,-0.9525,0.01283,-0.15,0.0042
2026-09-15 19:41:02,703.96,2026-09-15,718.0,13.97,14.19,13.82,164,460,1.5543,-0.9826,0.00654,-0.04,0.0018
2026-09-15 19:42:03,704.05,2026-09-15,690.0,0,0.01,0.01,5554,3175,1.362,-0.0056,0.00284,-0.01,0.0007
2026-09-15 19:42:03,704.05,2026-09-15,691.0,0,0.01,0.01,3070,145,1.2747,-0.0059,0.00321,-0.01,0.0007
2026-09-15 19:42:03,704.05,2026-09-15,692.0,0,0.03,0.01,10608,395,1.1869,-0.0063,0.00365,-0.01,0.0007
2026-09-15 19:42:03,704.05,2026-09-15,693.0,0.03,0.04,0.03,4371,421,1.295,-0.0181,0.00834,-0.035,0.0018
2026-09-15 19:42:03,704.05,2026-09-15,694.0,0.03,0.04,0.03,3686,412,1.1938,-0.0194,0.00963,-0.035,0.0019
2026-09-15 19:42:03,704.05,2026-09-15,695.0,0.01,0.02,0.01,7338,1082,0.9681,-0.011,0.00727,-0.015,0.0012
2026-09-15 19:42:03,704.05,2026-09-15,696.0,0.03,0.04,0.03,9391,2637,0.9881,-0.023,0.01341,-0.035,0.0022
2026-09-15 19:42:03,704.05,2026-09-15,697.0,0.01,0.02,0.03,8632,551,0.7786,-0.0134,0.01071,-0.015,0.0014
2026-09-15 19:42:03,704.05,2026-09-15,698.0,0.01,0.04,0.01,31837,1423,0.7357,-0.0222,0.01747,-0.025,0.0022
2026-09-15 19:42:03,704.05,2026-09-15,699.0,0.01,0.04,0.03,30192,1786,0.6316,-0.0254,0.02279,-0.025,0.0024
2026-09-15 19:42:03,704.05,2026-09-15,700.0,0.03,0.04,0.03,96736,2887,0.5575,-0.0381,0.03609,-0.035,0.0034
2026-09-15 19:42:03,704.05,2026-09-15,701.0,0.01,0.02,0.02,43117,971,0.3806,-0.0253,0.03772,-0.015,0.0024
2026-09-15 19:42:03,704.05,2026-09-15,702.0,0.05,0.06,0.03,81849,1230,0.3588,-0.0818,0.10246,-0.055,0.0062
2026-09-15 19:42:03,704.05,2026-09-15,703.0,0.1,0.11,0.1,193053,826,0.2727,-0.174,0.22897,-0.105,0.0106
2026-09-15 19:42:03,704.05,2026-09-15,704.0,0.34,0.35,0.3,421673,415,0.2255,-0.4778,0.42952,-0.345,0.0164
2026-09-15 19:42:03,704.05,2026-09-15,705.0,1.01,1.04,1.01,534285,10115,0.2275,-0.8444,0.25528,-0.075,0.0098
2026-09-15 19:42:03,704.05,2026-09-15,706.0,1.92,1.98,1.91,287768,360,0.1809,-0.9955,0.01753,0.0,0.0005
2026-09-15 19:42:03,704.05,2026-09-15,707.0,2.88,3.11,2.94,172054,700,0.4541,-0.9423,0.06185,-0.045,0.0048
2026-09-15 19:42:03,704.05,2026-09-15,708.0,3.95,4.01,3.98,167581,1026,0.5311,-0.9642,0.03606,-0.03,0.0032
2026-09-15 19:42:03,704.05,2026-09-15,709.0,4.99,5.01,4.87,92680,3929,0.6996,-0.9565,0.03203,-0.05,0.0038
2026-09-15 19:42:03,704.05,2026-09-15,710.0,5.93,5.97,5.89,38718,17534,0.4938,-0.9982,0.0028,-0.0,0.0002
2026-09-15 19:42:03,704.05,2026-09-15,711.0,7.04,7.15,6.91,7379,573,1.1398,-0.9295,0.02881,-0.145,0.0056
2026-09-15 19:42:03,704.05,2026-09-15,712.0,7.97,8.05,8.02,4256,727,1.0616,-0.9646,0.01784,-0.06,0.0032
2026-09-15 19:42:03,704.05,2026-09-15,713.0,8.87,9.3,9.14,1703,1161,1.3644,-0.943,0.02038,-0.135,0.0047
2026-09-15 19:42:03,704.05,2026-09-15,714.0,9.85,10.22,10.08,870,859,1.3558,-0.9614,0.015,-0.085,0.0034
2026-09-15 19:42:03,704.05,2026-09-15,715.0,10.75,11.03,11.14,952,2401,,,,,
2026-09-15 19:42:03,704.05,2026-09-15,716.0,11.86,12.28,11.81,133,1161,1.6752,-0.9568,0.01331,-0.12,0.0038
2026-09-15 19:42:03,704.05,2026-09-15,717.0,12.94,13.03,12.51,216,612,1.464,-0.9833,0.0069,-0.035,0.0017
2026-09-15 19:42:03,704.05,2026-09-15,718.0,14.15,14.26,13.82,164,460,2.2079,-0.9351,0.01395,-0.255,0.0052
2026-09-15 19:42:03,704.05,2026-09-15,719.0,14.82,15,14.57,175,105,,,,,
2026-09-15 19:43:06,703.97,2026-09-15,689.0,0,0.03,0.01,4294,325,1.4858,-0.0053,0.00257,-0.01,0.0006
2026-09-15 19:43:06,703.97,2026-09-15,690.0,0,0.03,0.01,5556,3175,1.3963,-0.0056,0.00287,-0.01,0.0006
2026-09-15 19:43:06,703.97,2026-09-15,691.0,0,0.03,0.01,3073,145,1.3063,-0.006,0.00324,-0.01,0.0007
2026-09-15 19:43:06,703.97,2026-09-15,692.0,0,0.03,0.01,10708,395,1.2158,-0.0064,0.00369,-0.01,0.0007
2026-09-15 19:43:06,703.97,2026-09-15,693.0,0.03,0.04,0.01,4383,421,1.3262,-0.0182,0.00843,-0.035,0.0018
2026-09-15 19:43:06,703.97,2026-09-15,694.0,0.03,0.04,0.01,3688,412,1.2218,-0.0196,0.00974,-0.035,0.0019
2026-09-15 19:43:06,703.97,2026-09-15,695.0,0.03,0.04,0.01,7340,1082,1.1163,-0.0212,0.01142,-0.035,0.002
2026-09-15 19:43:06,703.97,2026-09-15,696.0,0.01,0.04,0.03,9492,2637,0.959,-0.018,0.01156,-0.025,0.0018
2026-09-15 19:43:06,703.97,2026-09-15,697.0,0.01,0.04,0.03,8632,551,0.8551,-0.0199,0.01414,-0.025,0.0019
2026-09-15 19:43:06,703.97,2026-09-15,698.0,0.01,0.04,0.02,31842,1423,0.7496,-0.0224,0.01781,-0.025,0.0021
2026-09-15 19:43:06,703.97,2026-09-15,699.0,0.01,0.02,0.03,30198,1786,0.5934,-0.0175,0.01826,-0.015,0.0017
2026-09-15 19:43:06,703.97,2026-09-15,700.0,0.01,0.02,0.02,96869,2887,0.4899,-0.0208,0.02557,-0.015,0.002
2026-09-15 19:43:06,703.97,2026-09-15,701.0,0.03,0.04,0.03,43247,971,0.4467,-0.0473,0.05538,-0.035,0.0039
2026-09-15 19:43:06,703.97,2026-09-15,702.0,0.01,0.02,0.02,82006,1230,0.2727,-0.0348,0.0707,-0.015,0.0031
2026-09-15 19:43:06,703.97,2026-09-15,703.0,0.1,0.11,0.07,195238,826,0.2673,-0.181,0.24682,-0.105,0.0105
2026-09-15 19:43:06,703.97,2026-09-15,704.0,0.34,0.39,0.34,423101,415,0.22,-0.5129,0.45412,-0.335,0.0159
2026-09-15 19:43:06,703.97,2026-09-15,705.0,1.04,1.11,1.03,534707,10115,0.2119,-0.8878,0.22543,-0.045,0.0076
2026-09-15 19:43:06,703.97,2026-09-15,706.0,2.05,2.1,1.99,288051,360,0.3502,-0.9263,0.09996,-0.045,0.0056
2026-09-15 19:43:06,703.97,2026-09-15,707.0,3.01,3.08,3.03,172059,700,0.3921,-0.9732,0.03957,-0.015,0.0025
2026-09-15 19:43:06,703.97,2026-09-15,708.0,3.93,4.08,3.96,167601,1026,,,,,
2026-09-15 19:43:06,703.97,2026-09-15,709.0,5.01,5.11,4.94,92686,3929,0.6673,-0.9699,0.0256,-0.03,0.0027
2026-09-15 19:43:06,703.97,2026-09-15,710.0,6.04,6.05,5.82,38719,17534,0.7009,-0.984,0.01432,-0.015,0.0016
2026-09-15 19:43:06,703.97,2026-09-15,711.0,7.08,7.17,6.91,7380,573,1.0813,-0.9471,0.02498,-0.095,0.0043
2026-09-15 19:43:06,703.97,2026-09-15,712.0,7.89,8.15,8.05,4257,727,,,,,
2026-09-15 19:43:06,703.97,2026-09-15,713.0,8.75,9.12,9.14,1703,1161,,,,,
2026-09-15 19:43:06,703.97,2026-09-15,714.0,9.74,10.14,10.08,870,859,,,,,
2026-09-15 19:43:06,703.97,2026-09-15,715.0,11.06,11.22,11.14,952,2401,1.5923,-0.9571,0.01436,-0.11,0.0036
2026-09-15 19:43:06,703.97,2026-09-15,716.0,12.07,12.22,11.81,133,1161,1.7214,-0.9583,0.01298,-0.115,0.0036
2026-09-15 19:43:06,703.97,2026-09-15,717.0,13.04,13.18,12.51,216,612,1.7217,-0.9695,0.01003,-0.08,0.0028
2026-09-15 19:43:06,703.97,2026-09-15,718.0,13.94,14.2,13.82,164,460,1.6447,-0.9826,0.00654,-0.04,0.0017
2026-09-15 19:44:07,704.04,2026-09-15,690.0,0,0.03,0.01,5556,3175,1.4471,-0.0056,0.00285,-0.01,0.0006
2026-09-15 19:44:07,704.04,2026-09-15,691.0,0,0.01,0.01,3073,145,1.3543,-0.0059,0.00321,-0.01,0.0007
2026-09-15 19:44:07,704.04,2026-09-15,692.0,0,0.01,0.01,10709,395,1.261,-0.0063,0.00365,-0.01,0.0007
2026-09-15 19:44:07,704.04,2026-09-15,693.0,0,0.03,0.01,4395,421,1.1671,-0.0068,0.0042,-0.01,0.0007
2026-09-15 19:44:07,704.04,2026-09-15,694.0,0.03,0.04,0.01,3689,412,1.2681,-0.0195,0.00964,-0.035,0.0018
2026-09-15 19:44:07,704.04,2026-09-15,695.0,0.03,0.04,0.03,7341,1082,1.1594,-0.0211,0.01128,-0.035,0.002
2026-09-15 19:44:07,704.04,2026-09-15,696.0,0.03,0.04,0.01,9587,2637,1.0495,-0.023,0.01343,-0.035,0.0021
2026-09-15 19:44:07,704.04,2026-09-15,697.0,0.01,0.02,0.03,8632,551,0.8268,-0.0134,0.01073,-0.015,0.0013
2026-09-15 19:44:07,704.04,2026-09-15,698.0,0.03,0.04,0.01,31842,1423,0.8249,-0.0285,0.02042,-0.035,0.0025
2026-09-15 19:44:07,704.04,2026-09-15,699.0,0.03,0.04,0.03,30198,1786,0.7096,-0.0325,0.02649,-0.035,0.0028
2026-09-15 19:44:07,704.04,2026-09-15,700.0,0.01,0.02,0.03,96919,2887,0.513,-0.0205,0.02492,-0.015,0.0019
2026-09-15 19:44:07,704.04,2026-09-15,701.0,0.01,0.04,0.02,43352,971,0.4405,-0.0368,0.04721,-0.025,0.0031
2026-09-15 19:44:07,704.04,2026-09-15,702.0,0.04,0.05,0.03,82018,1230,0.3622,-0.0722,0.0981,-0.045,0.0053
2026-09-15 19:44:07,704.04,2026-09-15,703.0,0.08,0.09,0.05,195365,826,0.2674,-0.1568,0.23211,-0.085,0.0093
2026-09-15 19:44:07,704.04,2026-09-15,704.0,0.27,0.28,0.27,423801,415,0.1912,-0.4777,0.53864,-0.275,0.0154
2026-09-15 19:44:07,704.04,2026-09-15,705.0,0.94,0.97,0.94,536066,10115,,,,,
2026-09-15 19:44:07,704.04,2026-09-15,706.0,1.82,1.97,1.89,288146,360,,,,,
2026-09-15 19:44:07,704.04,2026-09-15,707.0,2.89,3.08,2.79,172072,700,0.4319,-0.9613,0.05018,-0.025,0.0032
2026-09-15 19:44:07,704.04,2026-09-15,708.0,3.78,4,3.82,167617,1026,,,,,
2026-09-15 19:44:07,704.04,2026-09-15,709.0,4.85,5,4.9,92688,3929,,,,,
2026-09-15 19:44:07,704.04,2026-09-15,710.0,5.83,6.08,5.93,38723,17534,,,,,
2026-09-15 19:44:07,704.04,2026-09-15,711.0,6.88,7.02,6.72,7382,573,,,,,
2026-09-15 19:44:07,704.04,2026-09-15,712.0,7.9,8.029,7.81,4260,727,0.8036,-0.9945,0.00505,-0.0045,0.0006
2026-09-15 19:44:07,704.04,2026-09-15,713.0,8.99,9.09,8.9,1704,1161,1.3095,-0.9603,0.01692,-0.08,0.0033
2026-09-15 19:44:07,704.04,2026-09-15,714.0,10.01,10.23,10.08,870,859,1.6344,-0.9406,0.0187,-0.16,0.0046
2026-09-15 19:44:07,704.04,2026-09-15,715.0,10.97,11.22,11.14,952,2401,1.7009,-0.9503,0.01559,-0.135,0.004
2026-09-15 19:44:07,704.04,2026-09-15,716.0,11.77,12.18,11.81,133,1161,1.303,-0.9906,0.00501,-0.015,0.001
2026-09-15 19:44:07,704.04,2026-09-15,717.0,12.77,13.03,12.51,216,612,,,,,
2026-09-15 19:44:07,704.04,2026-09-15,718.0,14.04,14.17,13.82,164,460,2.0903,-0.9558,0.01156,-0.145,0.0036
2026-09-15 19:44:07,704.04,2026-09-15,719.0,14.88,15.3,14.57,175,105,2.1646,-0.961,0.01009,-0.13,0.0033
2026-09-15 19:45:09,704.09,2026-09-15,690.0,0,0.01,0.01,5556,3175,1.5007,-0.0056,0.00283,-0.01,0.0006
2026-09-15 19:45:09,704.09,2026-09-15,691.0,0,0.03,0.01,3073,145,1.4048,-0.0059,0.00319,-0.01,0.0006
2026-09-15 19:45:09,704.09,2026-09-15,692.0,0,0.01,0.01,10709,395,1.3084,-0.0063,0.00363,-0.01,0.0007
2026-09-15 19:45:09,704.09,2026-09-15,693.0,0,0.01,0.01,4410,421,1.2114,-0.0068,0.00417,-0.01,0.0007
2026-09-15 19:45:09,704.09,2026-09-15,694.0,0.03,0.04,0.03,3697,412,1.3165,-0.0194,0.00957,-0.035,0.0018
2026-09-15 19:45:09,704.09,2026-09-15,695.0,0.03,0.04,0.03,7443,1082,1.2042,-0.021,0.01119,-0.035,0.0019
2026-09-15 19:45:09,704.09,2026-09-15,696.0,0.03,0.04,0.03,9587,2637,1.0906,-0.0229,0.01331,-0.035,0.002
2026-09-15 19:45:09,704.09,2026-09-15,697.0,0.01,0.04,0.03,8645,551,0.9254,-0.0197,0.01379,-0.025,0.0018
2026-09-15 19:45:09,704.09,2026-09-15,698.0,0,0.01,0.01,31863,1423,0.7136,-0.0109,0.01079,-0.01,0.0011
2026-09-15 19:45:09,704.09,2026-09-15,699.0,0,0.03,0.03,30200,1786,0.7202,-0.0289,0.02445,-0.03,0.0025
2026-09-15 19:45:09,704.09,2026-09-15,700.0,0,0.01,0.01,97155,2887,0.5051,-0.0149,0.01994,-0.01,0.0014
2026-09-15 19:45:09,704.09,2026-09-15,701.0,0.03,0.04,0.03,43480,971,0.4919,-0.0461,0.05247,-0.035,0.0036
2026-09-15 19:45:09,704.09,2026-09-15,702.0,0.01,0.04,0.04,82035,1230,0.3361,-0.0479,0.0792,-0.025,0.0037
2026-09-15 19:45:09,704.09,2026-09-15,703.0,0.07,0.08,0.07,195778,826,0.2736,-0.143,0.22052,-0.075,0.0084
2026-09-15 19:45:09,704.09,2026-09-15,704.0,0.23,0.28,0.25,425554,415,0.1998,-0.4514,0.52967,-0.255,0.0148
2026-09-15 19:45:09,704.09,2026-09-15,705.0,0.95,0.96,0.95,538137,10115,0.2069,-0.8796,0.25898,-0.045,0.0075
2026-09-15 19:45:09,704.09,2026-09-15,706.0,1.9,1.93,1.88,288534,360,0.2425,-0.9822,0.04842,-0.005,0.0016
2026-09-15 19:45:09,704.09,2026-09-15,707.0,2.92,2.95,2.92,172136,700,0.4401,-0.9609,0.05133,-0.025,0.0032
2026-09-15 19:45:09,704.09,2026-09-15,708.0,3.89,3.92,3.94,167625,1026,,,,,
2026-09-15 19:45:09,704.09,2026-09-15,709.0,4.84,4.87,4.91,92710,3929,,,,,
2026-09-15 19:45:09,704.09,2026-09-15,710.0,5.8,5.95,5.93,38758,17534,,,,,
2026-09-15 19:45:09,704.09,2026-09-15,711.0,6.8,6.83,6.78,7382,573,,,,,
2026-09-15 19:45:09,704.09,2026-09-15,712.0,7.73,7.84,7.73,4267,727,,,,,
2026-09-15 19:45:09,704.09,2026-09-15,713.0,8.65,8.82,8.9,1704,1161,,,,,
2026-09-15 19:45:09,704.09,2026-09-15,714.0,9.84,10.04,10.08,890,859,1.2543,-0.9818,0.00951,-0.03,0.0017
2026-09-15 19:45:09,704.09,2026-09-15,715.0,10.98,11.2,11.14,952,2401,1.8599,-0.9395,0.01723,-0.18,0.0045
2026-09-15 19:45:09,704.09,2026-09-15,716.0,11.94,12.01,11.81,133,1161,1.6471,-0.972,0.01041,-0.065,0.0024
2026-09-15 19:45:09,704.09,2026-09-15,717.0,12.61,12.95,12.51,216,612,,,,,
2026-09-15 19:45:09,704.09,2026-09-15,718.0,13.68,14.09,13.82,164,460,,,,,
2026-09-15 19:45:09,704.09,2026-09-15,719.0,14.62,14.75,14.57,175,105,,,,,
2026-09-15 19:46:10,704.08,2026-09-15,690.0,0,0.03,0.01,5556,3175,1.5537,-0.0056,0.00284,-0.01,0.0006
2026-09-15 19:46:10,704.08,2026-09-15,691.0,0,0.01,0.01,3073,145,1.4543,-0.0059,0.0032,-0.01,0.0006
2026-09-15 19:46:10,704.08,2026-09-15,692.0,0,0.01,0.01,10709,395,1.3543,-0.0063,0.00364,-0.01,0.0006
2026-09-15 19:46:10,704.08,2026-09-15,693.0,0,0.03,0.01,4422,421,1.2538,-0.0068,0.00418,-0.01,0.0007
2026-09-15 19:46:10,704.08,2026-09-15,694.0,0.01,0.04,0.01,3697,412,1.2974,-0.015,0.00809,-0.025,0.0014
2026-09-15 19:46:10,704.08,2026-09-15,695.0,0.03,0.04,0.03,7445,1082,1.2461,-0.021,0.01122,-0.035,0.0018
2026-09-15 19:46:10,704.08,2026-09-15,696.0,0.01,0.04,0.03,9588,2637,1.0719,-0.0178,0.01133,-0.025,0.0016
2026-09-15 19:46:10,704.08,2026-09-15,697.0,0,0.01,0.02,8692,551,0.9262,-0.0166,0.01237,-0.02,0.0015
2026-09-15 19:46:10,704.08,2026-09-15,698.0,0,0.03,0.01,31883,1423,0.7379,-0.011,0.01083,-0.01,0.001
2026-09-15 19:46:10,704.08,2026-09-15,699.0,0,0.03,0.01,30212,1786,0.6309,-0.0126,0.01432,-0.01,0.0012
2026-09-15 19:46:10,704.08,2026-09-15,700.0,0,0.01,0.01,97233,2887,0.5217,-0.015,0.02006,-0.01,0.0014
2026-09-15 19:46:10,704.08,2026-09-15,701.0,0.03,0.04,0.02,43611,971,0.5077,-0.0462,0.05282,-0.035,0.0035
2026-09-15 19:46:10,704.08,2026-09-15,702.0,0.04,0.05,0.03,82303,1230,0.3931,-0.0714,0.09602,-0.045,0.0049
2026-09-15 19:46:10,704.08,2026-09-15,703.0,0.04,0.05,0.05,196060,826,0.2407,-0.1076,0.21297,-0.045,0.0067
2026-09-15 19:46:10,704.08,2026-09-15,704.0,0.32,0.33,0.3,427593,415,0.2511,-0.4664,0.43852,-0.325,0.0144
2026-09-15 19:46:10,704.08,2026-09-15,705.0,0.93,1.01,0.93,538835,10115,0.2168,-0.8809,0.25425,-0.045,0.0072
2026-09-15 19:46:10,704.08,2026-09-15,706.0,1.91,2.009,1.86,288686,360,0.3498,-0.9358,0.09942,-0.0345,0.0045
2026-09-15 19:46:10,704.08,2026-09-15,707.0,2.9,2.96,2.87,172149,700,0.3617,-0.9872,0.02523,-0.005,0.0012
2026-09-15 19:46:10,704.08,2026-09-15,708.0,3.81,4.05,3.82,167625,1026,0.4667,-0.9899,0.01602,-0.005,0.001
2026-09-15 19:46:10,704.08,2026-09-15,709.0,4.93,5.01,4.8,92751,3929,0.7775,-0.9596,0.03095,-0.045,0.0031
2026-09-15 19:46:10,704.08,2026-09-15,710.0,5.85,5.92,5.9,38799,17534,,,,,
2026-09-15 19:46:10,704.08,2026-09-15,711.0,6.88,7.01,6.78,7382,573,0.9054,-0.9824,0.0133,-0.02,0.0016
2026-09-15 19:46:10,704.08,2026-09-15,712.0,7.85,7.97,7.73,4267,727,,,,,
2026-09-15 19:46:10,704.08,2026-09-15,713.0,8.79,8.91,8.9,1704,1161,,,,,
2026-09-15 19:46:10,704.08,2026-09-15,714.0,9.62,9.97,9.72,892,859,,,,,
2026-09-15 19:46:10,704.08,2026-09-15,715.0,10.96,11.09,10.96,973,2401,1.715,-0.9596,0.01403,-0.1,0.0031
2026-09-15 19:46:10,704.08,2026-09-15,716.0,11.64,12.2,11.81,133,1161,,,,,
2026-09-15 19:46:10,704.08,2026-09-15,717.0,12.75,12.76,12.51,216,612,,,,,
2026-09-15 19:46:10,704.08,2026-09-15,718.0,14.04,14.27,13.82,164,460,2.4547,-0.9393,0.01355,-0.23,0.0043
2026-09-15 19:46:10,704.08,2026-09-15,719.0,14.95,15.18,14.57,175,105,2.3462,-0.9588,0.01041,-0.14,0.0032
2026-09-15 19:47:11,704.07,2026-09-15,690.0,0,0.03,0.01,5564,3175,1.6138,-0.0056,0.00284,-0.01,0.0006
2026-09-15 19:47:11,704.07,2026-09-15,691.0,0,0.01,0.01,3073,145,1.5105,-0.0059,0.0032,-0.01,0.0006
2026-09-15 19:47:11,704.07,2026-09-15,692.0,0,0.01,0.01,10709,395,1.4067,-0.0063,0.00364,-0.01,0.0006
2026-09-15 19:47:11,704.07,2026-09-15,693.0,0,0.03,0.01,4522,421,1.3022,-0.0068,0.00418,-0.01,0.0007
2026-09-15 19:47:11,704.07,2026-09-15,694.0,0,0.03,0.01,3697,412,1.197,-0.0073,0.00487,-0.01,0.0007
2026-09-15 19:47:11,704.07,2026-09-15,695.0,0.01,0.02,0.03,7446,1082,1.1478,-0.011,0.00724,-0.015,0.001
2026-09-15 19:47:11,704.07,2026-09-15,696.0,0.01,0.04,0.03,9588,2637,1.1132,-0.0178,0.01135,-0.025,0.0015
2026-09-15 19:47:11,704.07,2026-09-15,697.0,0,0.03,0.01,8744,551,0.8757,-0.0097,0.00854,-0.01,0.0009
2026-09-15 19:47:11,704.07,2026-09-15,698.0,0,0.03,0.01,31883,1423,0.7662,-0.011,0.01084,-0.01,0.001
2026-09-15 19:47:11,704.07,2026-09-15,699.0,0,0.03,0.01,30212,1786,0.6549,-0.0126,0.01434,-0.01,0.0011
2026-09-15 19:47:11,704.07,2026-09-15,700.0,0,0.03,0.01,97535,2887,0.5415,-0.015,0.0201,-0.01,0.0013
2026-09-15 19:47:11,704.07,2026-09-15,701.0,0.01,0.02,0.02,44007,971,0.4528,-0.0252,0.03737,-0.015,0.002
2026-09-15 19:47:11,704.07,2026-09-15,702.0,0.04,0.05,0.04,82338,1230,0.4076,-0.0715,0.09632,-0.045,0.0047
2026-09-15 19:47:11,704.07,2026-09-15,703.0,0.05,0.06,0.09,196433,826,0.2641,-0.1214,0.21971,-0.055,0.007
2026-09-15 19:47:11,704.07,2026-09-15,704.0,0.28,0.33,0.28,429615,415,0.2447,-0.4666,0.46754,-0.305,0.0138
2026-09-15 19:47:11,704.07,2026-09-15,705.0,1,1.03,0.96,539518,10115,0.2769,-0.8325,0.26041,-0.085,0.0087
2026-09-15 19:47:11,704.07,2026-09-15,706.0,1.94,2.009,1.92,288815,360,0.3856,-0.9246,0.10604,-0.0445,0.0049
2026-09-15 19:47:11,704.07,2026-09-15,707.0,2.84,2.96,2.95,172152,700,,,,,
2026-09-15 19:47:11,704.07,2026-09-15,708.0,3.91,4.01,3.82,167640,1026,0.6248,-0.9643,0.03617,-0.03,0.0027
2026-09-15 19:47:11,704.07,2026-09-15,709.0,4.79,5.08,4.77,92761,3929,0.5909,-0.9916,0.01116,-0.005,0.0008
2026-09-15 19:47:11,704.07,2026-09-15,710.0,5.93,6,5.9,38800,17534,0.8996,-0.9704,0.02154,-0.035,0.0023
2026-09-15 19:47:11,704.07,2026-09-15,711.0,6.78,7.07,6.82,7398,573,,,,,
2026-09-15 19:47:11,704.07,2026-09-15,712.0,7.9,8.06,7.81,4284,727,1.2137,-0.969,0.01657,-0.05,0.0024
2026-09-15 19:47:11,704.07,2026-09-15,713.0,8.74,9.01,8.9,1704,1161,,,,,
2026-09-15 19:47:11,704.07,2026-09-15,714.0,9.85,10.15,9.72,892,859,1.5463,-0.9664,0.01389,-0.07,0.0026
2026-09-15 19:47:11,704.07,2026-09-15,715.0,10.9,10.98,10.69,973,2401,1.2783,-0.9926,0.0046,-0.01,0.0007
2026-09-15 19:47:11,704.07,2026-09-15,716.0,12.04,12.06,11.81,137,1161,1.9789,-0.9568,0.01333,-0.12,0.0032
2026-09-15 19:47:11,704.07,2026-09-15,717.0,12.94,13.28,12.51,216,612,2.2858,-0.946,0.0138,-0.18,0.0038
2026-09-15 19:47:11,704.07,2026-09-15,718.0,13.87,14.1,13.82,164,460,1.9663,-0.978,0.00769,-0.055,0.0018
2026-09-15 19:47:11,704.07,2026-09-15,719.0,14.52,15.12,14.57,175,105,,,,,
2026-09-15 19:48:14,704.0,2026-09-15,689.0,0,0.03,0.01,4294,325,1.784,-0.0053,0.00256,-0.01,0.0005
2026-09-15 19:48:14,704.0,2026-09-15,690.0,0,0.03,0.01,5564,3175,1.6767,-0.0056,0.00286,-0.01,0.0005
2026-09-15 19:48:14,704.0,2026-09-15,691.0,0,0.01,0.01,3073,145,1.5689,-0.0059,0.00323,-0.01,0.0006
2026-09-15 19:48:14,704.0,2026-09-15,692.0,0,0.03,0.01,10709,395,1.4605,-0.0063,0.00367,-0.01,0.0006
2026-09-15 19:48:14,704.0,2026-09-15,693.0,0,0.01,0.01,4582,421,1.3514,-0.0068,0.00423,-0.01,0.0006
2026-09-15 19:48:14,704.0,2026-09-15,694.0,0,0.01,0.01,3698,412,1.2415,-0.0074,0.00492,-0.01,0.0007
2026-09-15 19:48:14,704.0,2026-09-15,695.0,0.03,0.04,0.01,7446,1082,1.3417,-0.0211,0.01136,-0.035,0.0017
2026-09-15 19:48:14,704.0,2026-09-15,696.0,0.03,0.04,0.03,9588,2637,1.214,-0.0231,0.01353,-0.035,0.0018
2026-09-15 19:48:14,704.0,2026-09-15,697.0,0,0.03,0.02,8744,551,0.9952,-0.0168,0.01258,-0.02,0.0014
2026-09-15 19:48:14,704.0,2026-09-15,698.0,0,0.03,0.01,31885,1423,0.7916,-0.0111,0.01104,-0.01,0.001
2026-09-15 19:48:14,704.0,2026-09-15,699.0,0,0.03,0.01,30214,1786,0.6753,-0.0128,0.01465,-0.01,0.0011
2026-09-15 19:48:14,704.0,2026-09-15,700.0,0,0.03,0.01,97566,2887,0.5568,-0.0152,0.02063,-0.01,0.0013
2026-09-15 19:48:14,704.0,2026-09-15,701.0,0.03,0.04,0.01,44110,971,0.5397,-0.047,0.05463,-0.035,0.0033
2026-09-15 19:48:14,704.0,2026-09-15,702.0,0.04,0.05,0.04,82606,1230,0.4144,-0.0731,0.10061,-0.045,0.0046
2026-09-15 19:48:14,704.0,2026-09-15,703.0,0.1,0.11,0.1,196535,826,0.3265,-0.1783,0.23992,-0.105,0.0087
2026-09-15 19:48:14,704.0,2026-09-15,704.0,0.29,0.3,0.29,430037,415,0.2223,-0.4994,0.53889,-0.295,0.0133
2026-09-15 19:48:14,704.0,2026-09-15,705.0,0.99,1.01,0.95,539930,10115,0.1177,-0.9946,0.0397,-0.0,0.0005
2026-09-15 19:48:14,704.0,2026-09-15,706.0,1.91,1.99,1.91,288941,360,,,,,
2026-09-15 19:48:14,704.0,2026-09-15,707.0,2.87,2.98,2.81,172250,700,,,,,
2026-09-15 19:48:14,704.0,2026-09-15,708.0,3.97,4,3.88,167640,1026,,,,,
2026-09-15 19:48:14,704.0,2026-09-15,709.0,4.74,4.97,4.83,92761,3929,,,,,
2026-09-15 19:48:14,704.0,2026-09-15,710.0,5.7,6.11,5.72,38800,17534,,,,,
2026-09-15 19:48:14,704.0,2026-09-15,711.0,6.69,6.93,6.75,7398,573,,,,,
2026-09-15 19:48:14,704.0,2026-09-15,712.0,7.79,8.039,7.75,4284,727,,,,,
2026-09-15 19:48:14,704.0,2026-09-15,713.0,8.89,9.09,8.9,1704,1161,,,,,
2026-09-15 19:48:14,704.0,2026-09-15,714.0,9.96,10.05,9.89,894,859,1.1481,-0.9953,0.0036,-0.005,0.0005
2026-09-15 19:48:14,704.0,2026-09-15,715.0,10.82,10.91,10.69,973,2401,,,,,
2026-09-15 19:48:14,704.0,2026-09-15,716.0,11.6,12.14,11.87,137,1161,,,,,
2026-09-15 19:48:14,704.0,2026-09-15,717.0,12.86,13.08,12.51,216,612,,,,,
2026-09-15 19:48:14,704.0,2026-09-15,718.0,13.52,14.29,13.82,164,460,,,,,
2026-09-15 19:48:14,704.0,2026-09-15,719.0,14.88,15.1,14.57,175,105,,,,,
2026-09-15 19:49:15,704.01,2026-09-15,690.0,0,0.03,0.01,5564,3175,1.7558,-0.0056,0.00286,-0.01,0.0005
2026-09-15 19:49:15,704.01,2026-09-15,691.0,0,0.03,0.01,3073,145,1.643,-0.0059,0.00322,-0.01,0.0005
2026-09-15 19:49:15,704.01,2026-09-15,692.0,0,0.03,0.01,10709,395,1.5296,-0.0063,0.00367,-0.01,0.0006
2026-09-15 19:49:15,704.01,2026-09-15,693.0,0,0.01,0.01,4624,421,1.4155,-0.0068,0.00422,-0.01,0.0006
2026-09-15 19:49:15,704.01,2026-09-15,694.0,0,0.03,0.01,3699,412,1.3005,-0.0073,0.00491,-0.01,0.0006
2026-09-15 19:49:15,704.01,2026-09-15,695.0,0.01,0.04,0.01,7448,1082,1.3369,-0.0164,0.00959,-0.025,0.0013
2026-09-15 19:49:15,704.01,2026-09-15,696.0,0.03,0.04,0.03,9589,2637,1.272,-0.0231,0.0135,-0.035,0.0017
2026-09-15 19:49:15,704.01,2026-09-15,697.0,0,0.01,0.02,8744,551,1.043,-0.0167,0.01254,-0.02,0.0013
2026-09-15 19:49:15,704.01,2026-09-15,698.0,0,0.03,0.01,31891,1423,0.8299,-0.011,0.011,-0.01,0.0009
2026-09-15 19:49:15,704.01,2026-09-15,699.0,0,0.01,0.01,30217,1786,0.7083,-0.0127,0.01458,-0.01,0.001
2026-09-15 19:49:15,704.01,2026-09-15,700.0,0.03,0.04,0.01,97577,2887,0.7151,-0.0383,0.03654,-0.035,0.0026
2026-09-15 19:49:15,704.01,2026-09-15,701.0,0.03,0.04,0.02,44114,971,0.5669,-0.0469,0.05427,-0.035,0.0031
2026-09-15 19:49:15,704.01,2026-09-15,702.0,0.04,0.05,0.02,82838,1230,0.436,-0.0728,0.09966,-0.045,0.0044
2026-09-15 19:49:15,704.01,2026-09-15,703.0,0.05,0.06,0.06,196611,826,0.2779,-0.1251,0.23291,-0.055,0.0066
2026-09-15 19:49:15,704.01,2026-09-15,704.0,0.28,0.33,0.28,430552,415,0.2463,-0.4918,0.50878,-0.305,0.0127
2026-09-15 19:49:15,704.01,2026-09-15,705.0,0.99,1.01,0.99,540747,10115,0.1968,-0.9418,0.18573,-0.015,0.0037
2026-09-15 19:49:15,704.01,2026-09-15,706.0,1.95,2.05,1.98,288999,360,0.3454,-0.9642,0.0716,-0.015,0.0025
2026-09-15 19:49:15,704.01,2026-09-15,707.0,2.96,3.08,2.98,172260,700,0.5618,-0.952,0.05586,-0.035,0.0032
2026-09-15 19:49:15,704.01,2026-09-15,708.0,3.96,3.99,3.88,167640,1026,,,,,
2026-09-15 19:49:15,704.01,2026-09-15,709.0,4.89,5.09,4.83,92781,3929,0.6498,-0.9918,0.01083,-0.005,0.0007
2026-09-15 19:49:15,704.01,2026-09-15,710.0,5.99,6.15,5.72,38805,17534,1.1664,-0.9455,0.02976,-0.085,0.0035
2026-09-15 19:49:15,704.01,2026-09-15,711.0,6.87,6.94,6.75,7398,573,,,,,
2026-09-15 19:49:15,704.01,2026-09-15,712.0,7.94,8.119,7.75,4284,727,1.3064,-0.9717,0.01559,-0.0445,0.0021
2026-09-15 19:49:15,704.01,2026-09-15,713.0,8.8,8.93,8.9,1704,1161,,,,,
2026-09-15 19:49:15,704.01,2026-09-15,714.0,9.86,9.87,9.66,899,859,,,,,
2026-09-15 19:49:15,704.01,2026-09-15,715.0,10.91,11.03,10.69,973,2401,,,,,
2026-09-15 19:49:15,704.01,2026-09-15,716.0,11.87,12.09,11.87,137,1161,,,,,
2026-09-15 19:49:15,704.01,2026-09-15,717.0,12.67,13.19,12.51,216,612,,,,,
2026-09-15 19:49:15,704.01,2026-09-15,718.0,13.86,14.27,13.82,164,460,2.2862,-0.9711,0.00906,-0.08,0.0021
2026-09-15 19:49:15,704.01,2026-09-15,719.0,15.03,15.06,14.57,175,105,2.3117,-0.9778,0.00719,-0.06,0.0017
2026-09-15 19:50:16,703.98,2026-09-15,689.0,0,0.01,0.01,4294,325,1.959,-0.0053,0.00256,-0.01,0.0005
2026-09-15 19:50:16,703.98,2026-09-15,690.0,0,0.03,0.01,5564,3175,1.8411,-0.0056,0.00287,-0.01,0.0005
2026-09-15 19:50:16,703.98,2026-09-15,691.0,0,0.03,0.01,3073,145,1.7225,-0.006,0.00324,-0.01,0.0005
2026-09-15 19:50:16,703.98,2026-09-15,692.0,0,0.03,0.01,10709,395,1.6033,-0.0064,0.00368,-0.01,0.0005
2026-09-15 19:50:16,703.98,2026-09-15,693.0,0,0.01,0.01,4624,421,1.4833,-0.0068,0.00424,-0.01,0.0006
2026-09-15 19:50:16,703.98,2026-09-15,694.0,0,0.03,0.01,3700,412,1.3625,-0.0074,0.00494,-0.01,0.0006
2026-09-15 19:50:16,703.98,2026-09-15,695.0,0.03,0.04,0.01,7448,1082,1.4724,-0.0212,0.0114,-0.035,0.0015
2026-09-15 19:50:16,703.98,2026-09-15,696.0,0.03,0.04,0.03,9590,2637,1.3318,-0.0232,0.01358,-0.035,0.0017
2026-09-15 19:50:16,703.98,2026-09-15,697.0,0,0.03,0.01,8745,551,0.9936,-0.0098,0.00871,-0.01,0.0008
2026-09-15 19:50:16,703.98,2026-09-15,698.0,0,0.01,0.01,31891,1423,0.8677,-0.0111,0.0111,-0.01,0.0009
2026-09-15 19:50:16,703.98,2026-09-15,699.0,0,0.03,0.01,30352,1786,0.7399,-0.0128,0.01474,-0.01,0.001
2026-09-15 19:50:16,703.98,2026-09-15,700.0,0.03,0.04,0.03,97636,2887,0.7462,-0.0385,0.03699,-0.035,0.0025
2026-09-15 19:50:16,703.98,2026-09-15,701.0,0.03,0.04,0.03,44159,971,0.5902,-0.0472,0.05514,-0.035,0.003
2026-09-15 19:50:16,703.98,2026-09-15,702.0,0.01,0.02,0.03,83646,1230,0.3608,-0.0347,0.07022,-0.015,0.0023
2026-09-15 19:50:16,703.98,2026-09-15,703.0,0.06,0.07,0.07,197520,826,0.3003,-0.1402,0.24493,-0.065,0.0067
2026-09-15 19:50:16,703.98,2026-09-15,704.0,0.35,0.36,0.35,436347,415,0.2857,-0.5087,0.46096,-0.335,0.0121
2026-09-15 19:50:16,703.98,2026-09-15,705.0,1.02,1.08,0.99,543345,10115,0.2485,-0.912,0.21223,-0.03,0.0048
2026-09-15 19:50:16,703.98,2026-09-15,706.0,1.93,1.99,1.93,289296,360,,,,,
2026-09-15 19:50:16,703.98,2026-09-15,707.0,2.78,3.02,2.9,172353,700,,,,,
2026-09-15 19:50:16,703.98,2026-09-15,708.0,3.81,4.05,3.85,167754,1026,,,,,
2026-09-15 19:50:16,703.98,2026-09-15,709.0,4.87,5.12,4.89,92791,3929,,,,,
2026-09-15 19:50:16,703.98,2026-09-15,710.0,5.77,6,5.94,38811,17534,,,,,
2026-09-15 19:50:16,703.98,2026-09-15,711.0,6.98,7.16,6.87,7402,573,1.2594,-0.9663,0.01966,-0.05,0.0023
2026-09-15 19:50:16,703.98,2026-09-15,712.0,7.98,8.119,7.88,4287,727,1.2913,-0.9791,0.01283,-0.0295,0.0015
2026-09-15 19:50:16,703.98,2026-09-15,713.0,8.68,9.17,8.9,1704,1161,,,,,
2026-09-15 19:50:16,703.98,2026-09-15,714.0,9.59,9.83,9.88,903,859,,,,,
2026-09-15 19:50:16,703.98,2026-09-15,715.0,10.64,10.91,10.82,974,2401,,,,,
2026-09-15 19:50:16,703.98,2026-09-15,716.0,11.58,12.05,11.87,137,1161,,,,,
2026-09-15 19:50:16,703.98,2026-09-15,717.0,12.72,13.25,12.51,216,612,,,,,
2026-09-15 19:50:16,703.98,2026-09-15,718.0,13.9,14.14,13.88,165,460,1.3946,-0.9995,0.00043,-0.0,0.0001
2026-09-15 19:51:17,703.9,2026-09-15,689.0,0,0.03,0.01,4294,325,2.061,-0.0053,0.00258,-0.01,0.0004
2026-09-15 19:51:17,703.9,2026-09-15,690.0,0,0.03,0.01,5564,3175,1.9362,-0.0056,0.00289,-0.01,0.0005
2026-09-15 19:51:17,703.9,2026-09-15,691.0,0,0.03,0.01,3073,145,1.8108,-0.006,0.00327,-0.01,0.0005
2026-09-15 19:51:17,703.9,2026-09-15,692.0,0,0.01,0.01,10709,395,1.6847,-0.0064,0.00372,-0.01,0.0005
2026-09-15 19:51:17,703.9,2026-09-15,693.0,0,0.03,0.01,4624,421,1.5579,-0.0069,0.00429,-0.01,0.0005
2026-09-15 19:51:17,703.9,2026-09-15,694.0,0,0.03,0.01,3700,412,1.4301,-0.0074,0.005,-0.01,0.0006
2026-09-15 19:51:17,703.9,2026-09-15,695.0,0.01,0.02,0.01,7448,1082,1.3694,-0.0111,0.00746,-0.015,0.0008
2026-09-15 19:51:17,703.9,2026-09-15,696.0,0.01,0.04,0.03,9590,2637,1.3258,-0.0181,0.01172,-0.025,0.0013
2026-09-15 19:51:17,703.9,2026-09-15,697.0,0,0.01,0.01,8745,551,1.0397,-0.0099,0.00887,-0.01,0.0008
2026-09-15 19:51:17,703.9,2026-09-15,698.0,0,0.03,0.01,31895,1423,0.9065,-0.0112,0.01133,-0.01,0.0008
2026-09-15 19:51:17,703.9,2026-09-15,699.0,0,0.01,0.01,30365,1786,0.7712,-0.013,0.01512,-0.01,0.001
2026-09-15 19:51:17,703.9,2026-09-15,700.0,0.01,0.04,0.01,97654,2887,0.7305,-0.0307,0.03315,-0.025,0.002
2026-09-15 19:51:17,703.9,2026-09-15,701.0,0.03,0.04,0.01,44177,971,0.6104,-0.0481,0.05721,-0.035,0.0029
2026-09-15 19:51:17,703.9,2026-09-15,702.0,0.04,0.05,0.03,83696,1230,0.463,-0.0756,0.10733,-0.045,0.0041
2026-09-15 19:51:17,703.9,2026-09-15,703.0,0.1,0.11,0.1,198417,826,0.3553,-0.1879,0.2647,-0.105,0.0077
2026-09-15 19:51:17,703.9,2026-09-15,704.0,0.35,0.4,0.35,439873,415,0.2824,-0.5487,0.48938,-0.275,0.0113
2026-09-15 19:51:17,703.9,2026-09-15,705.0,1.13,1.18,1.16,543940,10115,0.3268,-0.8795,0.21422,-0.055,0.0057
2026-09-15 19:51:17,703.9,2026-09-15,706.0,2.08,2.14,2.029,289392,360,0.3756,-0.9743,0.05566,-0.01,0.0017
2026-09-15 19:51:17,703.9,2026-09-15,707.0,3.08,3.12,3.08,172372,700,0.3676,-0.9983,0.00509,0.0,0.0002
2026-09-15 19:51:17,703.9,2026-09-15,708.0,4.09,4.24,3.96,167911,1026,0.9099,-0.9413,0.04489,-0.065,0.0034
2026-09-15 19:51:17,703.9,2026-09-15,709.0,4.99,5.27,5.07,92792,3929,0.9378,-0.9706,0.02493,-0.03,0.0019
2026-09-15 19:51:17,703.9,2026-09-15,710.0,6.09,6.22,5.98,38816,17534,1.2078,-0.9602,0.02482,-0.055,0.0025
2026-09-15 19:51:17,703.9,2026-09-15,711.0,6.95,7.25,6.87,7410,573,0.7833,-0.9992,0.00126,-0.0,0.0001
2026-09-15 19:51:17,703.9,2026-09-15,712.0,8.06,8.31,7.88,4287,727,1.6474,-0.9557,0.01983,-0.085,0.0027
2026-09-15 19:51:17,703.9,2026-09-15,713.0,8.94,9.09,8.9,1704,1161,,,,,
2026-09-15 19:51:17,703.9,2026-09-15,714.0,9.83,10.36,9.9,903,859,,,,,
2026-09-15 19:51:17,703.9,2026-09-15,715.0,10.86,11.09,10.82,974,2401,,,,,
2026-09-15 19:51:17,703.9,2026-09-15,716.0,12.1,12.12,11.87,137,1161,1.6904,-0.9933,0.00387,-0.01,0.0005
2026-09-15 19:51:17,703.9,2026-09-15,717.0,12.98,13.1,12.51,216,612,,,,,
2026-09-15 19:51:17,703.9,2026-09-15,718.0,14.14,14.15,13.88,165,460,2.3364,-0.9813,0.00684,-0.045,0.0013
2026-09-15 19:52:18,703.77,2026-09-15,689.0,0,0.01,0.01,4294,325,2.1759,-0.0054,0.00262,-0.01,0.0004
2026-09-15 19:52:18,703.77,2026-09-15,690.0,0,0.03,0.01,5564,3175,2.0431,-0.0057,0.00294,-0.01,0.0004
2026-09-15 19:52:18,703.77,2026-09-15,691.0,0,0.01,0.01,3073,145,1.9096,-0.006,0.00332,-0.01,0.0005
2026-09-15 19:52:18,703.77,2026-09-15,692.0,0,0.01,0.01,10709,395,1.7753,-0.0064,0.00379,-0.01,0.0005
2026-09-15 19:52:18,703.77,2026-09-15,693.0,0,0.01,0.01,4624,421,1.6402,-0.0069,0.00437,-0.01,0.0005
2026-09-15 19:52:18,703.77,2026-09-15,694.0,0,0.01,0.01,3707,412,1.504,-0.0075,0.00511,-0.01,0.0006
2026-09-15 19:52:18,703.77,2026-09-15,695.0,0.03,0.04,0.01,7448,1082,1.6232,-0.0216,0.01181,-0.035,0.0014
2026-09-15 19:52:18,703.77,2026-09-15,696.0,0.01,0.02,0.03,9597,2637,1.2942,-0.0124,0.00921,-0.015,0.0009
2026-09-15 19:52:18,703.77,2026-09-15,697.0,0,0.03,0.01,8764,551,1.0881,-0.0101,0.00914,-0.01,0.0007
2026-09-15 19:52:18,703.77,2026-09-15,698.0,0,0.03,0.01,31904,1423,0.9461,-0.0114,0.01173,-0.01,0.0008
2026-09-15 19:52:18,703.77,2026-09-15,699.0,0,0.01,0.01,30373,1786,0.8017,-0.0132,0.01576,-0.01,0.0009
2026-09-15 19:52:18,703.77,2026-09-15,700.0,0.01,0.04,0.01,97704,2887,0.7557,-0.0315,0.0348,-0.025,0.0019
2026-09-15 19:52:18,703.77,2026-09-15,701.0,0.01,0.02,0.02,44226,971,0.5362,-0.0272,0.04342,-0.015,0.0017
2026-09-15 19:52:18,703.77,2026-09-15,702.0,0.04,0.05,0.04,85404,1230,0.4669,-0.0791,0.11726,-0.045,0.004
2026-09-15 19:52:18,703.77,2026-09-15,703.0,0.1,0.11,0.07,199517,826,0.3439,-0.2024,0.3045,-0.105,0.0076
2026-09-15 19:52:18,703.77,2026-09-15,704.0,0.38,0.39,0.42,442990,415,0.2363,-0.6407,0.58759,-0.155,0.0101
2026-09-15 19:52:18,703.77,2026-09-15,705.0,1.18,1.3,1.18,545494,10115,0.2567,-0.9622,0.11901,-0.01,0.0022
2026-09-15 19:52:18,703.77,2026-09-15,706.0,2.24,2.3,2.24,289551,360,0.5421,-0.9363,0.08556,-0.04,0.0034
2026-09-15 19:52:18,703.77,2026-09-15,707.0,3.14,3.28,3.09,172533,700,,,,,
2026-09-15 19:52:18,703.77,2026-09-15,708.0,4.18,4.32,4.05,167926,1026,0.7995,-0.9749,0.02728,-0.02,0.0016
2026-09-15 19:52:18,703.77,2026-09-15,709.0,4.97,5.28,5.04,92793,3929,,,,,
2026-09-15 19:52:18,703.77,2026-09-15,710.0,6.03,6.27,5.98,38828,17534,,,,,
2026-09-15 19:52:18,703.77,2026-09-15,711.0,7.09,7.19,7.16,7410,573,,,,,
2026-09-15 19:52:18,703.77,2026-09-15,712.0,8.06,8.14,7.88,4287,727,,,,,
2026-09-15 19:52:18,703.77,2026-09-15,713.0,9.16,9.38,8.9,1704,1161,1.7114,-0.9765,0.01203,-0.04,0.0015
2026-09-15 19:52:18,703.77,2026-09-15,714.0,10.17,10.45,9.9,903,859,2.0924,-0.964,0.01405,-0.08,0.0021
2026-09-15 19:52:18,703.77,2026-09-15,715.0,11.05,11.45,10.94,979,2401,1.831,-0.988,0.00635,-0.02,0.0008
2026-09-15 19:52:18,703.77,2026-09-15,716.0,12.21,12.38,11.87,137,1161,2.3373,-0.9727,0.00999,-0.065,0.0017
2026-09-15 19:52:18,703.77,2026-09-15,717.0,13.04,13.23,12.51,216,612,,,,,
2026-09-15 19:52:18,703.77,2026-09-15,718.0,13.96,14.41,13.88,165,460,,,,,
2026-09-15 19:53:20,703.88,2026-09-15,689.0,0,0.03,0.01,4294,325,2.3553,-0.0053,0.00259,-0.01,0.0004
2026-09-15 19:53:20,703.88,2026-09-15,690.0,0,0.01,0.01,5564,3175,2.2125,-0.0056,0.0029,-0.01,0.0004
2026-09-15 19:53:20,703.88,2026-09-15,691.0,0,0.01,0.01,3073,145,2.069,-0.006,0.00328,-0.01,0.0004
2026-09-15 19:53:20,703.88,2026-09-15,692.0,0,0.03,0.01,10709,395,1.9248,-0.0064,0.00373,-0.01,0.0005
2026-09-15 19:53:20,703.88,2026-09-15,693.0,0,0.03,0.01,4624,421,1.7796,-0.0069,0.0043,-0.01,0.0005
2026-09-15 19:53:20,703.88,2026-09-15,694.0,0,0.01,0.01,3711,412,1.6333,-0.0074,0.00502,-0.01,0.0005
2026-09-15 19:53:20,703.88,2026-09-15,695.0,0.03,0.04,0.01,7449,1082,1.7639,-0.0214,0.01159,-0.035,0.0013
2026-09-15 19:53:20,703.88,2026-09-15,696.0,0.03,0.04,0.01,9599,2637,1.5937,-0.0234,0.01384,-0.035,0.0014
2026-09-15 19:53:20,703.88,2026-09-15,697.0,0,0.03,0.01,8788,551,1.1866,-0.0099,0.00891,-0.01,0.0007
2026-09-15 19:53:20,703.88,2026-09-15,698.0,0,0.01,0.01,31905,1423,1.0342,-0.0112,0.01139,-0.01,0.0007
2026-09-15 19:53:20,703.88,2026-09-15,699.0,0,0.01,0.02,30380,1786,0.9725,-0.0221,0.02161,-0.02,0.0013
2026-09-15 19:53:20,703.88,2026-09-15,700.0,0.03,0.04,0.03,97763,2887,0.8839,-0.0392,0.03833,-0.035,0.0021
2026-09-15 19:53:20,703.88,2026-09-15,701.0,0.01,0.02,0.03,44230,971,0.5956,-0.0264,0.04103,-0.015,0.0015
2026-09-15 19:53:20,703.88,2026-09-15,702.0,0.04,0.05,0.04,85466,1230,0.5255,-0.0761,0.10877,-0.045,0.0036
2026-09-15 19:53:20,703.88,2026-09-15,703.0,0.09,0.1,0.1,200197,826,0.386,-0.1809,0.27229,-0.095,0.0066
2026-09-15 19:53:20,703.88,2026-09-15,704.0,0.31,0.36,0.33,444903,415,0.2713,-0.5697,0.57835,-0.215,0.0098
2026-09-15 19:53:20,703.88,2026-09-15,705.0,1.1,1.13,1.11,546266,10115,,,,,
2026-09-15 19:53:20,703.88,2026-09-15,706.0,2.08,2.22,2.13,289694,360,0.5268,-0.9456,0.08362,-0.03,0.0028
2026-09-15 19:53:20,703.88,2026-09-15,707.0,3.03,3.3,3.19,172587,700,0.7772,-0.945,0.05717,-0.045,0.0028
2026-09-15 19:53:20,703.88,2026-09-15,708.0,4.07,4.22,4.15,167932,1026,0.8718,-0.9699,0.03121,-0.025,0.0017
2026-09-15 19:53:20,703.88,2026-09-15,709.0,5.12,5.19,5.04,92793,3929,1.1044,-0.9673,0.02642,-0.035,0.0018
2026-09-15 19:53:20,703.88,2026-09-15,710.0,6.18,6.23,6.2,38877,17534,1.5081,-0.9464,0.02887,-0.085,0.0027
2026-09-15 19:53:20,703.88,2026-09-15,711.0,7.06,7.26,7.16,7410,573,1.4826,-0.9716,0.01749,-0.04,0.0016
2026-09-15 19:53:20,703.88,2026-09-15,712.0,8.109,8.23,7.88,4287,727,1.7126,-0.9699,0.01591,-0.0495,0.0017
2026-09-15 19:53:20,703.88,2026-09-15,713.0,8.99,9.28,8.9,1704,1161,1.5852,-0.9887,0.00747,-0.015,0.0007
2026-09-15 19:53:20,703.88,2026-09-15,714.0,10.17,10.36,9.9,903,859,2.5021,-0.9451,0.01773,-0.145,0.0028
2026-09-15 19:53:20,703.88,2026-09-15,715.0,11.11,11.4,10.94,979,2401,2.6559,-0.951,0.01527,-0.135,0.0025
2026-09-15 19:53:20,703.88,2026-09-15,716.0,12.2,12.29,11.87,137,1161,2.8016,-0.9562,0.01323,-0.125,0.0023
2026-09-15 19:53:20,703.88,2026-09-15,717.0,13.01,13.07,12.51,216,612,,,,,
2026-09-15 19:53:20,703.88,2026-09-15,718.0,14.23,14.41,13.88,165,460,3.4725,-0.9454,0.01272,-0.2,0.0028
2026-09-15 19:54:21,704.12,2026-09-15,690.0,0,0.03,0.01,5564,3175,2.4393,-0.0056,0.00282,-0.01,0.0004
2026-09-15 19:54:21,704.12,2026-09-15,691.0,0,0.01,0.01,3073,145,2.2837,-0.0059,0.00318,-0.01,0.0004
2026-09-15 19:54:21,704.12,2026-09-15,692.0,0,0.03,0.01,10709,395,2.1272,-0.0063,0.00362,-0.01,0.0004
2026-09-15 19:54:21,704.12,2026-09-15,693.0,0,0.01,0.01,4820,421,1.9698,-0.0068,0.00416,-0.01,0.0004
2026-09-15 19:54:21,704.12,2026-09-15,694.0,0,0.01,0.01,3713,412,1.8112,-0.0073,0.00484,-0.01,0.0005
2026-09-15 19:54:21,704.12,2026-09-15,695.0,0,0.03,0.03,7449,1082,1.9135,-0.0186,0.01034,-0.03,0.0011
2026-09-15 19:54:21,704.12,2026-09-15,696.0,0.01,0.02,0.01,9605,2637,1.5696,-0.012,0.00861,-0.015,0.0007
2026-09-15 19:54:21,704.12,2026-09-15,697.0,0,0.01,0.01,8873,551,1.3272,-0.0097,0.00845,-0.01,0.0006
2026-09-15 19:54:21,704.12,2026-09-15,698.0,0,0.01,0.02,31930,1423,1.2798,-0.0186,0.01543,-0.02,0.001
2026-09-15 19:54:21,704.12,2026-09-15,699.0,0,0.03,0.01,30404,1786,0.9947,-0.0125,0.01415,-0.01,0.0007
2026-09-15 19:54:21,704.12,2026-09-15,700.0,0.01,0.04,0.03,97781,2887,0.9491,-0.0295,0.03069,-0.025,0.0015
2026-09-15 19:54:21,704.12,2026-09-15,701.0,0.01,0.04,0.01,44264,971,0.7539,-0.0361,0.04563,-0.025,0.0018
2026-09-15 19:54:21,704.12,2026-09-15,702.0,0.04,0.05,0.04,86982,1230,0.6246,-0.0705,0.09374,-0.045,0.0031
2026-09-15 19:54:21,704.12,2026-09-15,703.0,0.02,0.03,0.03,201900,826,0.3331,-0.073,0.18053,-0.025,0.0032
2026-09-15 19:54:21,704.12,2026-09-15,704.0,0.17,0.22,0.22,448409,415,0.2701,-0.4264,0.62969,-0.195,0.009
2026-09-15 19:54:21,704.12,2026-09-15,705.0,0.9,0.92,0.92,548164,10115,0.28,-0.9145,0.24209,-0.025,0.0036
2026-09-15 19:54:21,704.12,2026-09-15,706.0,1.8,1.98,1.94,289924,360,0.3839,-0.9832,0.04705,-0.005,0.001
2026-09-15 19:54:21,704.12,2026-09-15,707.0,2.84,2.91,2.91,172677,700,,,,,
2026-09-15 19:54:21,704.12,2026-09-15,708.0,3.76,3.93,3.88,167936,1026,,,,,
2026-09-15 19:54:21,704.12,2026-09-15,709.0,4.75,4.93,5.04,92795,3929,,,,,
2026-09-15 19:54:21,704.12,2026-09-15,710.0,5.83,6.01,6.2,38895,17534,1.3448,-0.9705,0.02166,-0.035,0.0015
2026-09-15 19:54:21,704.12,2026-09-15,711.0,6.93,7.06,7.16,7410,573,1.8963,-0.9411,0.02686,-0.11,0.0027
2026-09-15 19:54:21,704.12,2026-09-15,712.0,7.69,8.06,7.88,4287,727,,,,,
2026-09-15 19:54:21,704.12,2026-09-15,713.0,8.89,8.9,8.9,1704,1161,1.6004,-0.9916,0.00622,-0.01,0.0005
2026-09-15 19:54:21,704.12,2026-09-15,714.0,9.67,10.12,9.9,903,859,1.7565,-0.9923,0.00526,-0.01,0.0005
2026-09-15 19:54:21,704.12,2026-09-15,715.0,10.73,11.02,10.94,979,2401,,,,,
2026-09-15 19:54:21,704.12,2026-09-15,716.0,11.58,12.04,11.87,137,1161,,,,,
2026-09-15 19:54:21,704.12,2026-09-15,717.0,13.03,13.16,12.51,216,612,3.548,-0.94,0.01456,-0.21,0.0027
2026-09-15 19:54:21,704.12,2026-09-15,718.0,14.03,14.22,13.88,165,460,3.8698,-0.9376,0.01377,-0.24,0.0028
2026-09-15 19:54:21,704.12,2026-09-15,719.0,14.7,15.25,15.18,176,105,3.3864,-0.97,0.00871,-0.09,0.0016
2026-09-15 19:55:22,704.33,2026-09-15,690.0,0,0.03,0.01,5564,3175,2.7301,-0.0055,0.00275,-0.01,0.0003
2026-09-15 19:55:22,704.33,2026-09-15,691.0,0,0.03,0.01,3073,145,2.5584,-0.0058,0.0031,-0.01,0.0003
2026-09-15 19:55:22,704.33,2026-09-15,692.0,0,0.03,0.01,10719,395,2.3859,-0.0062,0.00352,-0.01,0.0004
2026-09-15 19:55:22,704.33,2026-09-15,693.0,0,0.03,0.01,4931,421,2.2123,-0.0066,0.00403,-0.01,0.0004
2026-09-15 19:55:22,704.33,2026-09-15,694.0,0,0.03,0.01,3713,412,2.0375,-0.0072,0.00468,-0.01,0.0004
2026-09-15 19:55:22,704.33,2026-09-15,695.0,0,0.01,0.01,7452,1082,1.8614,-0.0078,0.0055,-0.01,0.0004
2026-09-15 19:55:22,704.33,2026-09-15,696.0,0.03,0.04,0.01,9605,2637,2.0031,-0.0224,0.01275,-0.035,0.0011
2026-09-15 19:55:22,704.33,2026-09-15,697.0,0,0.01,0.01,8889,551,1.5043,-0.0094,0.00807,-0.01,0.0005
2026-09-15 19:55:22,704.33,2026-09-15,698.0,0,0.01,0.01,31931,1423,1.3226,-0.0106,0.01016,-0.01,0.0006
2026-09-15 19:55:22,704.33,2026-09-15,699.0,0,0.01,0.01,30413,1786,1.1383,-0.0121,0.01327,-0.01,0.0007
2026-09-15 19:55:22,704.33,2026-09-15,700.0,0.03,0.04,0.01,98186,2887,1.1595,-0.0363,0.03287,-0.035,0.0017
2026-09-15 19:55:22,704.33,2026-09-15,701.0,0.03,0.04,0.02,44358,971,0.9361,-0.0437,0.04737,-0.035,0.0019
2026-09-15 19:55:22,704.33,2026-09-15,702.0,0.01,0.04,0.02,87593,1230,0.6571,-0.0444,0.06832,-0.025,0.002
2026-09-15 19:55:22,704.33,2026-09-15,703.0,0.01,0.02,0.05,202792,826,0.3785,-0.046,0.12204,-0.015,0.002
2026-09-15 19:55:22,704.33,2026-09-15,704.0,0.12,0.13,0.13,450883,415,0.3087,-0.304,0.54262,-0.125,0.0073
2026-09-15 19:55:22,704.33,2026-09-15,705.0,0.69,0.72,0.72,549649,10115,0.2766,-0.8766,0.35306,-0.035,0.0043
2026-09-15 19:55:22,704.33,2026-09-15,706.0,1.58,1.77,1.73,290013,360,0.3816,-0.9818,0.05611,-0.005,0.0009
2026-09-15 19:55:22,704.33,2026-09-15,707.0,2.63,2.7,2.75,172702,700,,,,,
2026-09-15 19:55:22,704.33,2026-09-15,708.0,3.66,3.72,3.72,167962,1026,0.9145,-0.9723,0.03337,-0.02,0.0013
2026-09-15 19:55:22,704.33,2026-09-15,709.0,4.55,4.71,4.84,92815,3929,,,,,
2026-09-15 19:55:22,704.33,2026-09-15,710.0,5.62,5.86,5.82,38901,17534,1.6359,-0.9506,0.02991,-0.07,0.0021
2026-09-15 19:55:22,704.33,2026-09-15,711.0,6.55,6.79,7.16,7410,573,0.9664,-0.9995,0.00089,0.0,0.0
2026-09-15 19:55:22,704.33,2026-09-15,712.0,7.65,7.68,7.79,4319,727,,,,,
2026-09-15 19:55:22,704.33,2026-09-15,713.0,8.73,8.98,8.9,1712,1161,2.8079,-0.9286,0.02325,-0.185,0.0028
2026-09-15 19:55:22,704.33,2026-09-15,714.0,9.69,10,9.9,903,859,3.0149,-0.9359,0.01993,-0.175,0.0026
2026-09-15 19:55:22,704.33,2026-09-15,715.0,10.67,10.78,10.78,984,2401,2.6179,-0.9734,0.01126,-0.055,0.0013
2026-09-15 19:55:22,704.33,2026-09-15,716.0,11.37,11.73,11.87,137,1161,,,,,
2026-09-15 19:55:22,704.33,2026-09-15,717.0,12.69,12.73,13.1,376,612,2.8767,-0.9815,0.00754,-0.04,0.0009
2026-09-15 19:55:22,704.33,2026-09-15,718.0,13.51,13.86,13.88,165,460,2.6966,-0.9918,0.00397,-0.015,0.0005
2026-09-15 19:55:22,704.33,2026-09-15,719.0,14.41,14.77,15.18,176,105,,,,,
2026-09-15 19:56:23,704.18,2026-09-15,690.0,0,0.03,0.01,5564,3175,3.0624,-0.0055,0.0028,-0.01,0.0003
2026-09-15 19:56:23,704.18,2026-09-15,691.0,0,0.01,0.01,3073,145,2.8679,-0.0059,0.00316,-0.01,0.0003
2026-09-15 19:56:23,704.18,2026-09-15,692.0,0,0.01,0.01,10719,395,2.6723,-0.0063,0.00359,-0.01,0.0003
2026-09-15 19:56:23,704.18,2026-09-15,693.0,0,0.01,0.01,4937,421,2.4755,-0.0067,0.00412,-0.01,0.0003
2026-09-15 19:56:23,704.18,2026-09-15,694.0,0,0.03,0.01,3723,412,2.2774,-0.0073,0.00479,-0.01,0.0004
2026-09-15 19:56:23,704.18,2026-09-15,695.0,0,0.03,0.01,7452,1082,2.0778,-0.0079,0.00565,-0.01,0.0004
2026-09-15 19:56:23,704.18,2026-09-15,696.0,0,0.03,0.01,9605,2637,1.8763,-0.0086,0.00678,-0.01,0.0004
2026-09-15 19:56:23,704.18,2026-09-15,697.0,0,0.01,0.01,8889,551,1.6727,-0.0096,0.00833,-0.01,0.0005
2026-09-15 19:56:23,704.18,2026-09-15,698.0,0,0.01,0.01,31938,1423,1.4666,-0.0108,0.01054,-0.01,0.0005
2026-09-15 19:56:23,704.18,2026-09-15,699.0,0,0.01,0.01,30423,1786,1.2573,-0.0124,0.01387,-0.01,0.0006
2026-09-15 19:56:23,704.18,2026-09-15,700.0,0,0.01,0.02,98643,2887,1.1586,-0.0248,0.02715,-0.02,0.0011
2026-09-15 19:56:23,704.18,2026-09-15,701.0,0.01,0.04,0.01,44365,971,0.9587,-0.0356,0.04432,-0.025,0.0014
2026-09-15 19:56:23,704.18,2026-09-15,702.0,0.01,0.02,0.02,88168,1230,0.6414,-0.0324,0.06127,-0.015,0.0013
2026-09-15 19:56:23,704.18,2026-09-15,703.0,0.01,0.05,0.05,204466,826,0.4542,-0.0791,0.17606,-0.03,0.0027
2026-09-15 19:56:23,704.18,2026-09-15,704.0,0.12,0.13,0.13,452801,415,0.2752,-0.3611,0.73785,-0.125,0.0069
2026-09-15 19:56:23,704.18,2026-09-15,705.0,0.82,0.86,0.86,550454,10115,0.3127,-0.9222,0.25229,-0.02,0.0027
2026-09-15 19:56:23,704.18,2026-09-15,706.0,1.77,1.9,1.96,290504,360,0.5527,-0.9626,0.07996,-0.015,0.0015
2026-09-15 19:56:23,704.18,2026-09-15,707.0,2.75,2.97,2.97,172710,700,0.95,-0.9457,0.06281,-0.04,0.002
2026-09-15 19:56:23,704.18,2026-09-15,708.0,3.8,3.87,3.87,167971,1026,1.0225,-0.9782,0.02757,-0.015,0.001
2026-09-15 19:56:23,704.18,2026-09-15,709.0,4.85,4.94,4.83,92822,3929,1.6527,-0.9422,0.03794,-0.075,0.0021
2026-09-15 19:56:23,704.18,2026-09-15,710.0,5.78,5.93,5.84,38912,17534,1.6651,-0.9703,0.02197,-0.035,0.0012
2026-09-15 19:56:23,704.18,2026-09-15,711.0,6.76,6.94,7.16,7410,573,1.8525,-0.9764,0.01631,-0.03,0.001
2026-09-15 19:56:23,704.18,2026-09-15,712.0,7.83,7.88,7.95,4322,727,2.1282,-0.9761,0.01435,-0.035,0.001
2026-09-15 19:56:23,704.18,2026-09-15,713.0,8.59,9.02,8.76,1712,1161,,,,,
2026-09-15 19:56:23,704.18,2026-09-15,714.0,9.53,9.88,9.9,905,859,,,,,
2026-09-15 19:56:23,704.18,2026-09-15,715.0,10.85,10.95,10.84,984,2401,3.1958,-0.9654,0.01297,-0.08,0.0014
2026-09-15 19:56:23,704.18,2026-09-15,716.0,11.49,11.81,11.87,137,1161,,,,,
2026-09-15 19:56:23,704.18,2026-09-15,717.0,12.77,13,13.1,376,612,3.5459,-0.9737,0.00933,-0.065,0.0011
2026-09-15 19:56:23,704.18,2026-09-15,718.0,13.9,14.13,13.88,165,460,4.6113,-0.9456,0.01297,-0.195,0.002
2026-09-15 19:56:23,704.18,2026-09-15,719.0,14.68,15.16,15.18,176,105,4.2949,-0.9676,0.00917,-0.1,0.0013
2026-09-15 19:57:24,704.15,2026-09-15,690.0,0,0.01,0.01,5564,3175,3.6098,-0.0055,0.00281,-0.01,0.0002
2026-09-15 19:57:24,704.15,2026-09-15,691.0,0,0.03,0.01,3073,145,3.38,-0.0059,0.00317,-0.01,0.0003
2026-09-15 19:57:24,704.15,2026-09-15,692.0,0,0.01,0.01,10719,395,3.149,-0.0063,0.0036,-0.01,0.0003
2026-09-15 19:57:24,704.15,2026-09-15,693.0,0,0.01,0.01,4937,421,2.9166,-0.0067,0.00414,-0.01,0.0003
2026-09-15 19:57:24,704.15,2026-09-15,694.0,0,0.01,0.01,3723,412,2.6826,-0.0073,0.00481,-0.01,0.0003
2026-09-15 19:57:24,704.15,2026-09-15,695.0,0,0.03,0.01,7452,1082,2.4467,-0.0079,0.00568,-0.01,0.0003
2026-09-15 19:57:24,704.15,2026-09-15,696.0,0,0.01,0.01,9605,2637,2.2087,-0.0087,0.00682,-0.01,0.0004
2026-09-15 19:57:24,704.15,2026-09-15,697.0,0,0.03,0.01,8894,551,1.9682,-0.0096,0.00839,-0.01,0.0004
2026-09-15 19:57:24,704.15,2026-09-15,698.0,0,0.03,0.01,31958,1423,1.7246,-0.0108,0.01062,-0.01,0.0004
2026-09-15 19:57:24,704.15,2026-09-15,699.0,0,0.03,0.01,30424,1786,1.4774,-0.0125,0.014,-0.01,0.0005
2026-09-15 19:57:24,704.15,2026-09-15,700.0,0,0.03,0.01,98974,2887,1.2254,-0.0148,0.01951,-0.01,0.0006
2026-09-15 19:57:24,704.15,2026-09-15,701.0,0.03,0.04,0.03,44473,971,1.1969,-0.0455,0.05113,-0.035,0.0015
2026-09-15 19:57:24,704.15,2026-09-15,702.0,0.03,0.04,0.03,88563,1230,0.883,-0.0591,0.08533,-0.035,0.0018
2026-09-15 19:57:24,704.15,2026-09-15,703.0,0.04,0.05,0.05,204694,826,0.5843,-0.1034,0.19712,-0.045,0.0028
2026-09-15 19:57:24,704.15,2026-09-15,704.0,0.17,0.18,0.18,454013,415,0.3897,-0.4024,0.63591,-0.175,0.006
2026-09-15 19:57:24,704.15,2026-09-15,705.0,0.86,0.9,0.87,551563,10115,0.4198,-0.9024,0.26307,-0.03,0.0027
2026-09-15 19:57:24,704.15,2026-09-15,706.0,1.85,1.89,1.9,290542,360,0.6976,-0.955,0.08705,-0.02,0.0015
2026-09-15 19:57:24,704.15,2026-09-15,707.0,2.84,2.97,2.97,172748,700,1.2116,-0.9334,0.06826,-0.055,0.002
2026-09-15 19:57:24,704.15,2026-09-15,708.0,3.81,3.95,3.89,167986,1026,1.3628,-0.9643,0.03693,-0.03,0.0012
2026-09-15 19:57:24,704.15,2026-09-15,709.0,4.72,4.82,4.87,92823,3929,,,,,
2026-09-15 19:57:24,704.15,2026-09-15,710.0,5.69,5.98,5.95,38917,17534,,,,,
2026-09-15 19:57:24,704.15,2026-09-15,711.0,6.95,7.06,6.98,7416,573,3.0113,-0.926,0.02981,-0.155,0.0022
2026-09-15 19:57:24,704.15,2026-09-15,712.0,7.61,7.97,7.95,4324,727,,,,,
2026-09-15 19:57:24,704.15,2026-09-15,713.0,8.64,8.9,8.76,1712,1161,,,,,
2026-09-15 19:57:24,704.15,2026-09-15,714.0,9.73,9.9,9.79,907,859,,,,,
2026-09-15 19:57:24,704.15,2026-09-15,715.0,10.77,10.96,10.84,984,2401,2.9482,-0.9902,0.00567,-0.015,0.0004
2026-09-15 19:57:24,704.15,2026-09-15,716.0,11.81,12.04,11.9,138,1161,4.0193,-0.9691,0.01111,-0.075,0.0011
2026-09-15 19:57:24,704.15,2026-09-15,717.0,12.78,12.79,13.1,416,612,,,,,
2026-09-15 19:57:24,704.15,2026-09-15,718.0,13.6,13.75,13.88,165,460,,,,,
2026-09-15 19:57:24,704.15,2026-09-15,719.0,14.95,15.09,15.18,176,105,,,,,
2026-09-15 19:58:27,704.22,2026-09-15,690.0,0,0.03,0.01,5574,3175,4.6914,-0.0055,0.00279,-0.01,0.0002
2026-09-15 19:58:27,704.22,2026-09-15,691.0,0,0.01,0.01,3073,145,4.3941,-0.0059,0.00314,-0.01,0.0002
2026-09-15 19:58:27,704.22,2026-09-15,692.0,0,0.01,0.01,10719,395,4.0953,-0.0063,0.00357,-0.01,0.0002
2026-09-15 19:58:27,704.22,2026-09-15,693.0,0,0.03,0.01,5062,421,3.7946,-0.0067,0.0041,-0.01,0.0002
2026-09-15 19:58:27,704.22,2026-09-15,694.0,0,0.01,0.01,3725,412,3.4918,-0.0072,0.00476,-0.01,0.0002
2026-09-15 19:58:27,704.22,2026-09-15,695.0,0,0.03,0.01,7452,1082,3.1867,-0.0079,0.00561,-0.01,0.0003
2026-09-15 19:58:27,704.22,2026-09-15,696.0,0,0.01,0.01,9606,2637,2.8789,-0.0086,0.00674,-0.01,0.0003
2026-09-15 19:58:27,704.22,2026-09-15,697.0,0,0.01,0.01,8902,551,2.5678,-0.0096,0.00827,-0.01,0.0003
2026-09-15 19:58:27,704.22,2026-09-15,698.0,0,0.01,0.02,31961,1423,2.48,-0.0184,0.01506,-0.02,0.0005
2026-09-15 19:58:27,704.22,2026-09-15,699.0,0,0.03,0.01,30517,1786,1.9331,-0.0124,0.01373,-0.01,0.0004
2026-09-15 19:58:27,704.22,2026-09-15,700.0,0,0.01,0.01,99485,2887,1.6074,-0.0146,0.01905,-0.01,0.0004
2026-09-15 19:58:27,704.22,2026-09-15,701.0,0.03,0.04,0.03,44478,971,1.5748,-0.0448,0.04972,-0.035,0.0011
2026-09-15 19:58:27,704.22,2026-09-15,702.0,0.03,0.04,0.02,89386,1230,1.17,-0.0579,0.08205,-0.035,0.0014
2026-09-15 19:58:27,704.22,2026-09-15,703.0,0.04,0.05,0.05,205911,826,0.7871,-0.1,0.18486,-0.045,0.0021
2026-09-15 19:58:27,704.22,2026-09-15,704.0,0.1,0.15,0.15,456431,415,0.4482,-0.3452,0.68152,-0.125,0.0044
2026-09-15 19:58:27,704.22,2026-09-15,705.0,0.79,0.84,0.84,552516,10115,0.5125,-0.8977,0.28867,-0.03,0.0022
2026-09-15 19:58:27,704.22,2026-09-15,706.0,1.77,1.85,1.85,290627,360,0.9172,-0.9463,0.09861,-0.025,0.0013
2026-09-15 19:58:27,704.22,2026-09-15,707.0,2.68,2.86,2.91,172815,700,,,,,
2026-09-15 19:58:27,704.22,2026-09-15,708.0,3.72,3.83,3.93,168004,1026,,,,,
2026-09-15 19:58:27,704.22,2026-09-15,709.0,4.77,4.79,4.97,92834,3929,,,,,
2026-09-15 19:58:27,704.22,2026-09-15,710.0,5.59,5.9,5.95,38918,17534,,,,,
2026-09-15 19:58:27,704.22,2026-09-15,711.0,6.7,6.76,6.73,7416,573,,,,,
2026-09-15 19:58:27,704.22,2026-09-15,712.0,7.7,7.91,7.95,4327,727,2.9787,-0.9843,0.01096,-0.02,0.0005
2026-09-15 19:58:27,704.22,2026-09-15,713.0,8.54,8.78,8.76,1712,1161,,,,,
2026-09-15 19:58:27,704.22,2026-09-15,714.0,9.79,9.98,9.74,909,859,4.6921,-0.9566,0.01626,-0.1,0.0011
2026-09-15 19:58:27,704.22,2026-09-15,715.0,10.6,10.84,10.84,984,2401,,,,,
2026-09-15 19:58:27,704.22,2026-09-15,716.0,11.66,11.84,11.9,138,1161,,,,,
2026-09-15 19:58:27,704.22,2026-09-15,717.0,12.75,13.02,12.82,416,612,,,,,
2026-09-15 19:58:27,704.22,2026-09-15,718.0,13.59,13.94,13.88,165,460,,,,,
2026-09-15 19:58:27,704.22,2026-09-15,719.0,14.74,14.95,15.18,176,105,,,,,
2026-09-15 19:59:28,704.52,2026-09-15,690.0,0,0.01,0.01,5576,3175,,,,,
2026-09-15 19:59:28,704.52,2026-09-15,691.0,0,0.03,0.01,3073,145,,,,,
2026-09-15 19:59:28,704.52,2026-09-15,692.0,0,0.03,0.01,10720,395,,,,,
2026-09-15 19:59:28,704.52,2026-09-15,693.0,0,0.03,0.01,5062,421,4.8269,-0.0066,0.00392,-0.01,0.0002
2026-09-15 19:59:28,704.52,2026-09-15,694.0,0,0.03,0.02,3732,412,4.8562,-0.0122,0.00672,-0.02,0.0003
2026-09-15 19:59:28,704.52,2026-09-15,695.0,0,0.03,0.01,7452,1082,4.074,-0.0077,0.00532,-0.01,0.0002
2026-09-15 19:59:28,704.52,2026-09-15,696.0,0,0.01,0.01,9606,2637,3.6929,-0.0084,0.00635,-0.01,0.0002
2026-09-15 19:59:28,704.52,2026-09-15,697.0,0,0.03,0.01,8922,551,3.308,-0.0092,0.00774,-0.01,0.0002
2026-09-15 19:59:28,704.52,2026-09-15,698.0,0,0.01,0.01,31961,1423,2.9186,-0.0104,0.00969,-0.01,0.0003
2026-09-15 19:59:28,704.52,2026-09-15,699.0,0,0.01,0.01,30521,1786,2.5237,-0.0118,0.01255,-0.01,0.0003
2026-09-15 19:59:28,704.52,2026-09-15,700.0,0,0.03,0.01,99553,2887,2.1219,-0.0138,0.01709,-0.01,0.0003
2026-09-15 19:59:28,704.52,2026-09-15,701.0,0.03,0.04,0.03,44540,971,2.1064,-0.042,0.0438,-0.035,0.0009
2026-09-15 19:59:28,704.52,2026-09-15,702.0,0.03,0.04,0.03,90361,1230,1.6111,-0.053,0.06896,-0.035,0.001
2026-09-15 19:59:28,704.52,2026-09-15,703.0,0.04,0.05,0.05,208265,826,1.156,-0.0869,0.14088,-0.045,0.0015
2026-09-15 19:59:28,704.52,2026-09-15,704.0,0.08,0.09,0.09,457979,415,0.6971,-0.2189,0.43585,-0.085,0.0029
2026-09-15 19:59:28,704.52,2026-09-15,705.0,0.47,0.54,0.56,552876,10115,0.4462,-0.8632,0.50537,-0.03,0.0021
2026-09-15 19:59:28,704.52,2026-09-15,706.0,1.48,1.62,1.58,290647,360,1.2952,-0.8789,0.15992,-0.075,0.002
2026-09-15 19:59:28,704.52,2026-09-15,707.0,2.47,2.56,2.74,172839,700,1.6259,-0.9409,0.07449,-0.04,0.0011
2026-09-15 19:59:28,704.52,2026-09-15,708.0,3.44,3.6,3.61,168015,1026,2.1777,-0.9491,0.04941,-0.045,0.001
2026-09-15 19:59:28,704.52,2026-09-15,709.0,4.42,4.75,4.7,92835,3929,3.2291,-0.9221,0.04643,-0.11,0.0014
2026-09-15 19:59:28,704.52,2026-09-15,710.0,5.36,5.72,5.61,38920,17534,3.3666,-0.952,0.03051,-0.065,0.001
2026-09-15 19:59:28,704.52,2026-09-15,711.0,6.49,6.56,6.73,7421,573,3.6678,-0.9645,0.02192,-0.05,0.0008
2026-09-15 19:59:28,704.52,2026-09-15,712.0,7.4,7.69,7.85,4341,727,4.3838,-0.9593,0.02052,-0.07,0.0008
2026-09-15 19:59:28,704.52,2026-09-15,713.0,8.46,8.7,8.76,1712,1161,,,,,
2026-09-15 19:59:28,704.52,2026-09-15,714.0,9.45,9.55,9.74,909,859,4.5113,-0.984,0.00914,-0.025,0.0004
2026-09-15 19:59:28,704.52,2026-09-15,715.0,10.44,10.63,10.84,984,2401,,,,,
2026-09-15 19:59:28,704.52,2026-09-15,716.0,11.48,11.62,11.9,138,1161,,,,,
2026-09-15 19:59:28,704.52,2026-09-15,717.0,12.23,12.75,12.97,419,612,,,,,
2026-09-15 19:59:28,704.52,2026-09-15,718.0,13.57,13.72,13.88,165,460,,,,,
2026-09-15 19:59:28,704.52,2026-09-15,719.0,14.24,14.9,15.18,176,105,,,,,
2026-09-15 20:00:29,704.6,2026-09-15,690.0,0,0.03,0.01,5576,3175,,,,,
2026-09-15 20:00:29,704.6,2026-09-15,691.0,0,0.03,0.01,3078,145,,,,,
2026-09-15 20:00:29,704.6,2026-09-15,692.0,0,0.03,0.01,10720,395,,,,,
2026-09-15 20:00:29,704.6,2026-09-15,693.0,0,0.01,0.01,5062,421,4.8544,-0.0065,0.00388,-0.01,0.0002
2026-09-15 20:00:29,704.6,2026-09-15,694.0,0,0.03,0.01,3741,412,4.4796,-0.007,0.00449,-0.01,0.0002
2026-09-15 20:00:29,704.6,2026-09-15,695.0,0,0.03,0.01,7635,1082,4.102,-0.0076,0.00526,-0.01,0.0002
2026-09-15 20:00:29,704.6,2026-09-15,696.0,0,0.03,0.01,9688,2637,3.7212,-0.0083,0.00626,-0.01,0.0002
2026-09-15 20:00:29,704.6,2026-09-15,697.0,0,0.01,0.01,9173,551,3.3367,-0.0092,0.00762,-0.01,0.0002
2026-09-15 20:00:29,704.6,2026-09-15,698.0,0,0.01,0.01,32675,1423,2.9477,-0.0103,0.00951,-0.01,0.0003
2026-09-15 20:00:29,704.6,2026-09-15,699.0,0,0.03,0.01,31219,1786,2.5533,-0.0117,0.01229,-0.01,0.0003
2026-09-15 20:00:29,704.6,2026-09-15,700.0,0,0.01,0.01,101435,2887,2.1521,-0.0136,0.01666,-0.01,0.0003
2026-09-15 20:00:29,704.6,2026-09-15,701.0,0.01,0.02,0.01,46048,971,1.8514,-0.0224,0.02958,-0.015,0.0005
2026-09-15 20:00:29,704.6,2026-09-15,702.0,0.01,0.02,0.03,95315,1230,1.4086,-0.0285,0.04759,-0.015,0.0006
2026-09-15 20:00:29,704.6,2026-09-15,703.0,0.01,0.04,0.02,215050,826,1.0461,-0.0575,0.11329,-0.025,0.0011
2026-09-15 20:00:29,704.6,2026-09-15,704.0,0.05,0.06,0.04,466743,415,0.6386,-0.1666,0.40246,-0.055,0.0024
2026-09-15 20:00:29,704.6,2026-09-15,705.0,0.42,0.46,0.16,557310,10115,0.4391,-0.8255,0.60289,-0.04,0.0025
2026-09-15 20:00:29,704.6,2026-09-15,706.0,1.31,1.66,1.14,290979,360,1.2974,-0.8661,0.1712,-0.085,0.0021
2026-09-15 20:00:29,704.6,2026-09-15,707.0,2.31,2.57,2.12,173076,700,1.5871,-0.9397,0.07754,-0.04,0.0012
2026-09-15 20:00:29,704.6,2026-09-15,708.0,3.26,3.65,3.09,168188,1026,2.2321,-0.9408,0.0543,-0.055,0.0011
2026-09-15 20:00:29,704.6,2026-09-15,709.0,4.33,4.6,4.14,95372,3929,2.8312,-0.9443,0.04082,-0.065,0.0011
2026-09-15 20:00:29,704.6,2026-09-15,710.0,5.27,5.71,5.24,38988,17534,3.5628,-0.9396,0.0346,-0.09,0.0012
2026-09-15 20:00:29,704.6,2026-09-15,711.0,6.46,6.6,6.11,7470,573,4.4095,-0.931,0.03097,-0.13,0.0013
2026-09-15 20:00:29,704.6,2026-09-15,712.0,7.35,7.51,7.17,4358,727,3.7611,-0.9779,0.01444,-0.03,0.0005
2026-09-15 20:00:29,704.6,2026-09-15,713.0,8.33,8.51,8.15,1714,1161,3.9447,-0.9852,0.00977,-0.02,0.0004
2026-09-15 20:00:29,704.6,2026-09-15,714.0,9.23,9.61,9.17,928,859,4.3432,-0.9864,0.00824,-0.02,0.0003
2026-09-15 20:00:29,704.6,2026-09-15,715.0,10.37,10.87,10.84,984,2401,,,,,
2026-09-15 20:00:29,704.6,2026-09-15,716.0,11.15,11.87,11.51,169,1161,,,,,
2026-09-15 20:00:29,704.6,2026-09-15,717.0,12.19,12.47,12.97,419,612,,,,,
2026-09-15 20:00:29,704.6,2026-09-15,718.0,13.53,13.87,13.88,165,460,,,,,
2026-09-15 20:00:29,704.6,2026-09-15,719.0,14.54,14.63,15.18,176,105,,,,,
2026-09-15 20:01:30,705.18,2026-09-15,691.0,0,0.03,0.01,3097,145,,,,,
2026-09-15 20:01:30,705.18,2026-09-15,692.0,0,0.03,0.01,10720,395,,,,,
2026-09-15 20:01:30,705.18,2026-09-15,693.0,0,0.01,0.01,5062,421,,,,,
2026-09-15 20:01:30,705.18,2026-09-15,694.0,0,0.03,0.01,3766,412,4.6934,-0.0067,0.00412,-0.01,0.0002
2026-09-15 20:01:30,705.18,2026-09-15,695.0,0,0.03,0.01,7635,1082,4.3178,-0.0073,0.00479,-0.01,0.0002
2026-09-15 20:01:30,705.18,2026-09-15,696.0,0,0.03,0.01,9738,2637,3.9393,-0.0079,0.00565,-0.01,0.0002
2026-09-15 20:01:30,705.18,2026-09-15,697.0,0,0.01,0.01,9203,551,3.5573,-0.0086,0.00678,-0.01,0.0002
2026-09-15 20:01:30,705.18,2026-09-15,698.0,0,0.01,0.01,32708,1423,3.1713,-0.0096,0.00833,-0.01,0.0003
2026-09-15 20:01:30,705.18,2026-09-15,699.0,0,0.03,0.01,31275,1786,2.7805,-0.0108,0.01054,-0.01,0.0003
2026-09-15 20:01:30,705.18,2026-09-15,700.0,0,0.01,0.01,101466,2887,2.3837,-0.0124,0.01387,-0.01,0.0003
2026-09-15 20:01:30,705.18,2026-09-15,701.0,0.01,0.02,0.02,46280,971,2.0999,-0.02,0.02369,-0.015,0.0005
2026-09-15 20:01:30,705.18,2026-09-15,702.0,0.01,0.02,0.03,96042,1230,1.6661,-0.0245,0.03551,-0.015,0.0006
2026-09-15 20:01:30,705.18,2026-09-15,703.0,0.01,0.04,0.04,216055,826,1.3371,-0.0465,0.07483,-0.025,0.0009
2026-09-15 20:01:30,705.18,2026-09-15,704.0,0.05,0.06,0.04,468030,415,1.0109,-0.1147,0.19706,-0.055,0.0019
2026-09-15 20:01:30,705.18,2026-09-15,705.0,0.42,0.46,0.08,557469,10115,1.3534,-0.4452,0.30018,-0.44,0.0038
2026-09-15 20:01:30,705.18,2026-09-15,706.0,1.31,1.66,0.98,291010,360,2.6352,-0.6247,0.14797,-0.665,0.0037
2026-09-15 20:01:30,705.18,2026-09-15,707.0,2.31,2.57,2,173150,700,3.4428,-0.7055,0.10295,-0.62,0.0034
2026-09-15 20:01:30,705.18,2026-09-15,708.0,3.26,3.65,3.08,168196,1026,4.3266,-0.7472,0.07595,-0.635,0.0031
2026-09-15 20:01:30,705.18,2026-09-15,709.0,4.33,4.6,3.99,95394,3929,,,,,
2026-09-15 20:01:30,705.18,2026-09-15,710.0,5.27,5.71,5.09,38989,17534,,,,,
2026-09-15 20:01:30,705.18,2026-09-15,711.0,6.46,6.6,5.95,7471,573,,,,,
2026-09-15 20:01:30,705.18,2026-09-15,712.0,7.35,7.51,7.01,4360,727,,,,,
2026-09-15 20:01:30,705.18,2026-09-15,713.0,8.33,8.51,8.15,1714,1161,,,,,
2026-09-15 20:01:30,705.18,2026-09-15,714.0,9.23,9.61,9.17,928,859,,,,,
2026-09-15 20:01:30,705.18,2026-09-15,715.0,10.37,10.87,10.84,984,2401,,,,,
2026-09-15 20:01:30,705.18,2026-09-15,716.0,11.15,11.87,11.51,169,1161,,,,,
2026-09-15 20:01:30,705.18,2026-09-15,717.0,12.19,12.47,12.97,419,612,,,,,
2026-09-15 20:01:30,705.18,2026-09-15,718.0,13.53,13.87,13.88,165,460,,,,,
2026-09-15 20:01:30,705.18,2026-09-15,719.0,14.54,14.63,15.18,176,105,,,,,
2026-09-15 20:01:30,705.18,2026-09-15,720.0,15.58,15.87,16.27,203,620,,,,,
2026-09-15 20:02:31,705.2,2026-09-15,691.0,0,0.03,0.01,3097,145,,,,,
2026-09-15 20:02:31,705.2,2026-09-15,692.0,0,0.03,0.01,10720,395,,,,,
2026-09-15 20:02:31,705.2,2026-09-15,693.0,0,0.01,0.01,5062,421,,,,,
2026-09-15 20:02:31,705.2,2026-09-15,694.0,0,0.03,0.01,3766,412,4.7008,-0.0067,0.00411,-0.01,0.0002
2026-09-15 20:02:31,705.2,2026-09-15,695.0,0,0.03,0.01,7798,1082,4.3252,-0.0072,0.00477,-0.01,0.0002
2026-09-15 20:02:31,705.2,2026-09-15,696.0,0,0.03,0.01,9738,2637,3.9467,-0.0079,0.00563,-0.01,0.0002
2026-09-15 20:02:31,705.2,2026-09-15,697.0,0,0.01,0.01,9371,551,3.5649,-0.0086,0.00676,-0.01,0.0002
2026-09-15 20:02:31,705.2,2026-09-15,698.0,0,0.01,0.01,32926,1423,3.179,-0.0096,0.0083,-0.01,0.0002
2026-09-15 20:02:31,705.2,2026-09-15,699.0,0,0.03,0.01,31389,1786,2.7883,-0.0108,0.01049,-0.01,0.0003
2026-09-15 20:02:31,705.2,2026-09-15,700.0,0,0.01,0.01,101481,2887,2.3917,-0.0124,0.01379,-0.01,0.0003
2026-09-15 20:02:31,705.2,2026-09-15,701.0,0.01,0.02,0.01,46900,971,2.1084,-0.0199,0.02352,-0.015,0.0005
2026-09-15 20:02:31,705.2,2026-09-15,702.0,0.01,0.02,0.02,96114,1230,1.6748,-0.0244,0.03518,-0.015,0.0006
2026-09-15 20:02:31,705.2,2026-09-15,703.0,0.01,0.04,0.01,216823,826,1.3469,-0.0462,0.0739,-0.025,0.0009
2026-09-15 20:02:31,705.2,2026-09-15,704.0,0.05,0.06,0.04,469091,415,1.0231,-0.1136,0.19335,-0.055,0.0019
2026-09-15 20:02:31,705.2,2026-09-15,705.0,0.42,0.46,0.15,557687,10115,1.3765,-0.4402,0.29461,-0.44,0.0038
2026-09-15 20:02:31,705.2,2026-09-15,706.0,1.31,1.66,0.88,291037,360,2.6689,-0.6202,0.14664,-0.685,0.0037
2026-09-15 20:02:31,705.2,2026-09-15,707.0,2.31,2.57,1.82,173214,700,3.4846,-0.7012,0.10239,-0.64,0.0034
2026-09-15 20:02:31,705.2,2026-09-15,708.0,3.26,3.65,2.83,168203,1026,4.3744,-0.7434,0.07572,-0.655,0.0031
2026-09-15 20:02:31,705.2,2026-09-15,709.0,4.33,4.6,3.98,95399,3929,,,,,
2026-09-15 20:02:31,705.2,2026-09-15,710.0,5.27,5.71,4.96,39005,17534,,,,,
2026-09-15 20:02:31,705.2,2026-09-15,711.0,6.46,6.6,5.88,7473,573,,,,,
2026-09-15 20:02:31,705.2,2026-09-15,712.0,7.35,7.51,6.86,4399,727,,,,,
2026-09-15 20:02:31,705.2,2026-09-15,713.0,8.33,8.51,8.15,1714,1161,,,,,
2026-09-15 20:02:31,705.2,2026-09-15,714.0,9.23,9.61,9.17,928,859,,,,,
2026-09-15 20:02:31,705.2,2026-09-15,715.0,10.37,10.87,10.84,984,2401,,,,,
2026-09-15 20:02:31,705.2,2026-09-15,716.0,11.15,11.87,11.51,170,1161,,,,,
2026-09-15 20:02:31,705.2,2026-09-15,717.0,12.19,12.47,12.97,419,612,,,,,
2026-09-15 20:02:31,705.2,2026-09-15,718.0,13.53,13.87,13.88,165,460,,,,,
2026-09-15 20:02:31,705.2,2026-09-15,719.0,14.54,14.63,15.18,176,105,,,,,
2026-09-15 20:02:31,705.2,2026-09-15,720.0,15.58,15.87,14.75,204,620,,,,,
2026-09-15 20:03:33,705.23,2026-09-15,691.0,0,0.03,0.01,3097,145,,,,,
2026-09-15 20:03:33,705.23,2026-09-15,692.0,0,0.03,0.01,10720,395,,,,,
2026-09-15 20:03:33,705.23,2026-09-15,693.0,0,0.01,0.01,5067,421,,,,,
2026-09-15 20:03:33,705.23,2026-09-15,694.0,0,0.03,0.01,3781,412,4.7118,-0.0067,0.00409,-0.01,0.0002
2026-09-15 20:03:33,705.23,2026-09-15,695.0,0,0.03,0.01,7845,1082,4.3363,-0.0072,0.00475,-0.01,0.0002
2026-09-15 20:03:33,705.23,2026-09-15,696.0,0,0.03,0.01,9747,2637,3.958,-0.0078,0.0056,-0.01,0.0002
2026-09-15 20:03:33,705.23,2026-09-15,697.0,0,0.01,0.01,9401,551,3.5762,-0.0086,0.00672,-0.01,0.0002
2026-09-15 20:03:33,705.23,2026-09-15,698.0,0,0.01,0.01,32944,1423,3.1905,-0.0095,0.00824,-0.01,0.0002
2026-09-15 20:03:33,705.23,2026-09-15,699.0,0,0.03,0.01,31389,1786,2.7999,-0.0107,0.01041,-0.01,0.0003
2026-09-15 20:03:33,705.23,2026-09-15,700.0,0,0.01,0.01,101502,2887,2.4036,-0.0123,0.01367,-0.01,0.0003
2026-09-15 20:03:33,705.23,2026-09-15,701.0,0.01,0.02,0.01,46903,971,2.1211,-0.0198,0.02327,-0.015,0.0005
2026-09-15 20:03:33,705.23,2026-09-15,702.0,0.01,0.02,0.02,96431,1230,1.688,-0.0243,0.0347,-0.015,0.0006
2026-09-15 20:03:33,705.23,2026-09-15,703.0,0.01,0.04,0.03,217156,826,1.3616,-0.0458,0.07255,-0.025,0.0009
2026-09-15 20:03:33,705.23,2026-09-15,704.0,0.05,0.06,0.04,470177,415,1.0413,-0.112,0.188,-0.055,0.0019
2026-09-15 20:03:33,705.23,2026-09-15,705.0,0.42,0.46,0.15,559356,10115,1.4107,-0.433,0.28662,-0.44,0.0038
2026-09-15 20:03:33,705.23,2026-09-15,706.0,1.31,1.66,0.8,291047,360,2.7188,-0.6137,0.14467,-0.715,0.0037
2026-09-15 20:03:33,705.23,2026-09-15,707.0,2.31,2.57,1.88,173228,700,3.5464,-0.695,0.10154,-0.67,0.0034
2026-09-15 20:03:33,705.23,2026-09-15,708.0,3.26,3.65,2.91,168219,1026,4.4449,-0.7377,0.07536,-0.685,0.0032
2026-09-15 20:03:33,705.23,2026-09-15,709.0,4.33,4.6,3.88,95402,3929,,,,,
2026-09-15 20:03:33,705.23,2026-09-15,710.0,5.27,5.71,4.98,39005,17534,,,,,
2026-09-15 20:03:33,705.23,2026-09-15,711.0,6.46,6.6,5.92,7478,573,,,,,
2026-09-15 20:03:33,705.23,2026-09-15,712.0,7.35,7.51,6.87,4399,727,,,,,
2026-09-15 20:03:33,705.23,2026-09-15,713.0,8.33,8.51,8.15,1719,1161,,,,,
2026-09-15 20:03:33,705.23,2026-09-15,714.0,9.23,9.61,9.17,928,859,,,,,
2026-09-15 20:03:33,705.23,2026-09-15,715.0,10.37,10.87,10.84,984,2401,,,,,
2026-09-15 20:03:33,705.23,2026-09-15,716.0,11.15,11.87,10.99,170,1161,,,,,
2026-09-15 20:03:33,705.23,2026-09-15,717.0,12.19,12.47,12.97,419,612,,,,,
2026-09-15 20:03:33,705.23,2026-09-15,718.0,13.53,13.87,13.88,165,460,,,,,
2026-09-15 20:03:33,705.23,2026-09-15,719.0,14.54,14.63,15.18,176,105,,,,,
2026-09-15 20:03:33,705.23,2026-09-15,720.0,15.58,15.87,14.75,204,620,,,,,
2026-09-15 20:04:34,705.23,2026-09-15,691.0,0,0.03,0.01,3097,145,,,,,
2026-09-15 20:04:34,705.23,2026-09-15,692.0,0,0.03,0.01,10720,395,,,,,
2026-09-15 20:04:34,705.23,2026-09-15,693.0,0,0.01,0.01,5067,421,,,,,
2026-09-15 20:04:34,705.23,2026-09-15,694.0,0,0.03,0.01,3782,412,4.7118,-0.0067,0.00409,-0.01,0.0002
2026-09-15 20:04:34,705.23,2026-09-15,695.0,0,0.03,0.01,7896,1082,4.3363,-0.0072,0.00475,-0.01,0.0002
2026-09-15 20:04:34,705.23,2026-09-15,696.0,0,0.03,0.01,9758,2637,3.958,-0.0078,0.0056,-0.01,0.0002
2026-09-15 20:04:34,705.23,2026-09-15,697.0,0,0.01,0.01,9430,551,3.5762,-0.0086,0.00672,-0.01,0.0002
2026-09-15 20:04:34,705.23,2026-09-15,698.0,0,0.01,0.01,32945,1423,3.1905,-0.0095,0.00824,-0.01,0.0002
2026-09-15 20:04:34,705.23,2026-09-15,699.0,0,0.03,0.01,31393,1786,2.7999,-0.0107,0.01041,-0.01,0.0003
2026-09-15 20:04:34,705.23,2026-09-15,700.0,0,0.01,0.01,102016,2887,2.4036,-0.0123,0.01367,-0.01,0.0003
2026-09-15 20:04:34,705.23,2026-09-15,701.0,0.01,0.02,0.01,46932,971,2.1211,-0.0198,0.02327,-0.015,0.0005
2026-09-15 20:04:34,705.23,2026-09-15,702.0,0.01,0.02,0.01,96947,1230,1.688,-0.0243,0.0347,-0.015,0.0006
2026-09-15 20:04:34,705.23,2026-09-15,703.0,0.01,0.04,0.01,217671,826,1.3616,-0.0458,0.07255,-0.025,0.0009
2026-09-15 20:04:34,705.23,2026-09-15,704.0,0.05,0.06,0.04,470843,415,1.0413,-0.112,0.188,-0.055,0.0019
2026-09-15 20:04:34,705.23,2026-09-15,705.0,0.42,0.46,0.14,559757,10115,1.4107,-0.433,0.28662,-0.44,0.0038
2026-09-15 20:04:34,705.23,2026-09-15,706.0,1.31,1.66,0.85,291091,360,2.7188,-0.6137,0.14467,-0.715,0.0037
2026-09-15 20:04:34,705.23,2026-09-15,707.0,2.31,2.57,1.95,173240,700,3.5464,-0.695,0.10154,-0.67,0.0034
2026-09-15 20:04:34,705.23,2026-09-15,708.0,3.26,3.65,2.83,168240,1026,4.4449,-0.7377,0.07536,-0.685,0.0032
2026-09-15 20:04:34,705.23,2026-09-15,709.0,4.33,4.6,3.93,95405,3929,,,,,
2026-09-15 20:04:34,705.23,2026-09-15,710.0,5.27,5.71,4.83,39034,17534,,,,,
2026-09-15 20:04:34,705.23,2026-09-15,711.0,6.46,6.6,5.99,7478,573,,,,,
2026-09-15 20:04:34,705.23,2026-09-15,712.0,7.35,7.51,7.03,4407,727,,,,,
2026-09-15 20:04:34,705.23,2026-09-15,713.0,8.33,8.51,7.85,1719,1161,,,,,
2026-09-15 20:04:34,705.23,2026-09-15,714.0,9.23,9.61,9.17,928,859,,,,,
2026-09-15 20:04:34,705.23,2026-09-15,715.0,10.37,10.87,10.84,984,2401,,,,,
2026-09-15 20:04:34,705.23,2026-09-15,716.0,11.15,11.87,10.99,170,1161,,,,,
2026-09-15 20:04:34,705.23,2026-09-15,717.0,12.19,12.47,12.97,419,612,,,,,
2026-09-15 20:04:34,705.23,2026-09-15,718.0,13.53,13.87,13.88,165,460,,,,,
2026-09-15 20:04:34,705.23,2026-09-15,719.0,14.54,14.63,15.18,176,105,,,,,
2026-09-15 20:04:34,705.23,2026-09-15,720.0,15.58,15.87,14.75,204,620,,,,,
2026-09-15 20:05:35,705.26,2026-09-15,691.0,0,0.03,0.01,3097,145,,,,,
2026-09-15 20:05:35,705.26,2026-09-15,692.0,0,0.03,0.01,10720,395,,,,,
2026-09-15 20:05:35,705.26,2026-09-15,693.0,0,0.01,0.01,5097,421,,,,,
2026-09-15 20:05:35,705.26,2026-09-15,694.0,0,0.03,0.01,3782,412,4.7228,-0.0067,0.00407,-0.01,0.0002
2026-09-15 20:05:35,705.26,2026-09-15,695.0,0,0.03,0.01,7921,1082,4.3475,-0.0072,0.00473,-0.01,0.0002
2026-09-15 20:05:35,705.26,2026-09-15,696.0,0,0.03,0.02,9759,2637,4.3387,-0.0135,0.00819,-0.02,0.0003
2026-09-15 20:05:35,705.26,2026-09-15,697.0,0,0.01,0.01,9494,551,3.5876,-0.0086,0.00668,-0.01,0.0002
2026-09-15 20:05:35,705.26,2026-09-15,698.0,0,0.01,0.02,32945,1423,3.5148,-0.0163,0.0119,-0.02,0.0004
2026-09-15 20:05:35,705.26,2026-09-15,699.0,0,0.03,0.01,31695,1786,2.8116,-0.0107,0.01033,-0.01,0.0003
2026-09-15 20:05:35,705.26,2026-09-15,700.0,0,0.01,0.01,102073,2887,2.4154,-0.0123,0.01355,-0.01,0.0003
2026-09-15 20:05:35,705.26,2026-09-15,701.0,0.01,0.02,0.01,47101,971,2.1338,-0.0197,0.02303,-0.015,0.0005
2026-09-15 20:05:35,705.26,2026-09-15,702.0,0.01,0.02,0.01,97080,1230,1.7011,-0.0241,0.03423,-0.015,0.0006
2026-09-15 20:05:35,705.26,2026-09-15,703.0,0.01,0.04,0.03,218542,826,1.3763,-0.0453,0.07124,-0.025,0.0009
2026-09-15 20:05:35,705.26,2026-09-15,704.0,0.05,0.06,0.02,472498,415,1.0594,-0.1104,0.18291,-0.055,0.0018
2026-09-15 20:05:35,705.26,2026-09-15,705.0,0.42,0.46,0.13,559987,10115,1.4444,-0.4262,0.27905,-0.44,0.0038
2026-09-15 20:05:35,705.26,2026-09-15,706.0,1.31,1.66,0.88,291163,360,2.7679,-0.6075,0.14275,-0.745,0.0037
2026-09-15 20:05:35,705.26,2026-09-15,707.0,2.31,2.57,1.85,173258,700,3.607,-0.6889,0.1007,-0.7,0.0034
2026-09-15 20:05:35,705.26,2026-09-15,708.0,3.26,3.65,2.82,168255,1026,4.5141,-0.7322,0.07498,-0.715,0.0032
2026-09-15 20:05:35,705.26,2026-09-15,709.0,4.33,4.6,3.93,95405,3929,,,,,
2026-09-15 20:05:35,705.26,2026-09-15,710.0,5.27,5.71,4.94,39035,17534,,,,,
2026-09-15 20:05:35,705.26,2026-09-15,711.0,6.46,6.6,5.99,7478,573,,,,,
2026-09-15 20:05:35,705.26,2026-09-15,712.0,7.35,7.51,7.03,4407,727,,,,,
2026-09-15 20:05:35,705.26,2026-09-15,713.0,8.33,8.51,7.85,1719,1161,,,,,
2026-09-15 20:05:35,705.26,2026-09-15,714.0,9.23,9.61,9.17,928,859,,,,,
2026-09-15 20:05:35,705.26,2026-09-15,715.0,10.37,10.87,10.84,984,2401,,,,,
2026-09-15 20:05:35,705.26,2026-09-15,716.0,11.15,11.87,10.99,170,1161,,,,,
2026-09-15 20:05:35,705.26,2026-09-15,717.0,12.19,12.47,12.97,419,612,,,,,
2026-09-15 20:05:35,705.26,2026-09-15,718.0,13.53,13.87,13.88,165,460,,,,,
2026-09-15 20:05:35,705.26,2026-09-15,719.0,14.54,14.63,15.18,176,105,,,,,
2026-09-15 20:05:35,705.26,2026-09-15,720.0,15.58,15.87,14.75,204,620,,,,,
2026-09-15 20:06:36,705.26,2026-09-15,691.0,0,0.03,0.01,3097,145,,,,,
2026-09-15 20:06:36,705.26,2026-09-15,692.0,0,0.03,0.01,10725,395,,,,,
2026-09-15 20:06:36,705.26,2026-09-15,693.0,0,0.01,0.01,5101,421,,,,,
2026-09-15 20:06:36,705.26,2026-09-15,694.0,0,0.03,0.01,3784,412,4.7228,-0.0067,0.00407,-0.01,0.0002
2026-09-15 20:06:36,705.26,2026-09-15,695.0,0,0.03,0.01,7945,1082,4.3475,-0.0072,0.00473,-0.01,0.0002
2026-09-15 20:06:36,705.26,2026-09-15,696.0,0,0.03,0.02,9759,2637,4.3387,-0.0135,0.00819,-0.02,0.0003
2026-09-15 20:06:36,705.26,2026-09-15,697.0,0,0.01,0.01,9501,551,3.5876,-0.0086,0.00668,-0.01,0.0002
2026-09-15 20:06:36,705.26,2026-09-15,698.0,0,0.01,0.01,32966,1423,3.202,-0.0095,0.00819,-0.01,0.0002
2026-09-15 20:06:36,705.26,2026-09-15,699.0,0,0.03,0.01,31704,1786,2.8116,-0.0107,0.01033,-0.01,0.0003
2026-09-15 20:06:36,705.26,2026-09-15,700.0,0,0.01,0.01,102108,2887,2.4154,-0.0123,0.01355,-0.01,0.0003
2026-09-15 20:06:36,705.26,2026-09-15,701.0,0.01,0.02,0.02,47118,971,2.1338,-0.0197,0.02303,-0.015,0.0005
2026-09-15 20:06:36,705.26,2026-09-15,702.0,0.01,0.02,0.02,97286,1230,1.7011,-0.0241,0.03423,-0.015,0.0006
2026-09-15 20:06:36,705.26,2026-09-15,703.0,0.01,0.04,0.01,218835,826,1.3763,-0.0453,0.07124,-0.025,0.0009
2026-09-15 20:06:36,705.26,2026-09-15,704.0,0.05,0.06,0.04,473574,415,1.0594,-0.1104,0.18291,-0.055,0.0018
2026-09-15 20:06:36,705.26,2026-09-15,705.0,0.42,0.46,0.15,561955,10115,1.4444,-0.4262,0.27905,-0.44,0.0038
2026-09-15 20:06:36,705.26,2026-09-15,706.0,1.31,1.66,0.93,291198,360,2.7679,-0.6075,0.14275,-0.745,0.0037
2026-09-15 20:06:36,705.26,2026-09-15,707.0,2.31,2.57,1.9,173270,700,3.607,-0.6889,0.1007,-0.7,0.0034
2026-09-15 20:06:36,705.26,2026-09-15,708.0,3.26,3.65,2.91,168261,1026,4.5141,-0.7322,0.07498,-0.715,0.0032
2026-09-15 20:06:36,705.26,2026-09-15,709.0,4.33,4.6,3.93,95406,3929,,,,,
2026-09-15 20:06:36,705.26,2026-09-15,710.0,5.27,5.71,4.9,39036,17534,,,,,
2026-09-15 20:06:36,705.26,2026-09-15,711.0,6.46,6.6,5.99,7493,573,,,,,
2026-09-15 20:06:36,705.26,2026-09-15,712.0,7.35,7.51,6.98,4409,727,,,,,
2026-09-15 20:06:36,705.26,2026-09-15,713.0,8.33,8.51,7.85,1719,1161,,,,,
2026-09-15 20:06:36,705.26,2026-09-15,714.0,9.23,9.61,9.17,928,859,,,,,
2026-09-15 20:06:36,705.26,2026-09-15,715.0,10.37,10.87,10.84,984,2401,,,,,
2026-09-15 20:06:36,705.26,2026-09-15,716.0,11.15,11.87,10.99,170,1161,,,,,
2026-09-15 20:06:36,705.26,2026-09-15,717.0,12.19,12.47,11.97,429,612,,,,,
2026-09-15 20:06:36,705.26,2026-09-15,718.0,13.53,13.87,13.88,165,460,,,,,
2026-09-15 20:06:36,705.26,2026-09-15,719.0,14.54,14.63,15.18,176,105,,,,,
2026-09-15 20:06:36,705.26,2026-09-15,720.0,15.58,15.87,14.75,204,620,,,,,
2026-09-15 20:07:38,705.26,2026-09-15,691.0,0,0.03,0.01,3097,145,,,,,
2026-09-15 20:07:38,705.26,2026-09-15,692.0,0,0.03,0.01,10725,395,,,,,
2026-09-15 20:07:38,705.26,2026-09-15,693.0,0,0.01,0.01,5106,421,,,,,
2026-09-15 20:07:38,705.26,2026-09-15,694.0,0,0.03,0.01,3784,412,4.7228,-0.0067,0.00407,-0.01,0.0002
2026-09-15 20:07:38,705.26,2026-09-15,695.0,0,0.03,0.01,7959,1082,4.3475,-0.0072,0.00473,-0.01,0.0002
2026-09-15 20:07:38,705.26,2026-09-15,696.0,0,0.03,0.01,9760,2637,3.9692,-0.0078,0.00557,-0.01,0.0002
2026-09-15 20:07:38,705.26,2026-09-15,697.0,0,0.01,0.01,9501,551,3.5876,-0.0086,0.00668,-0.01,0.0002
2026-09-15 20:07:38,705.26,2026-09-15,698.0,0,0.01,0.01,32966,1423,3.202,-0.0095,0.00819,-0.01,0.0002
2026-09-15 20:07:38,705.26,2026-09-15,699.0,0,0.03,0.01,31710,1786,2.8116,-0.0107,0.01033,-0.01,0.0003
2026-09-15 20:07:38,705.26,2026-09-15,700.0,0,0.01,0.01,102172,2887,2.4154,-0.0123,0.01355,-0.01,0.0003
2026-09-15 20:07:38,705.26,2026-09-15,701.0,0.01,0.02,0.01,47119,971,2.1338,-0.0197,0.02303,-0.015,0.0005
2026-09-15 20:07:38,705.26,2026-09-15,702.0,0.01,0.02,0.01,97574,1230,1.7011,-0.0241,0.03423,-0.015,0.0006
2026-09-15 20:07:38,705.26,2026-09-15,703.0,0.01,0.04,0.01,219460,826,1.3763,-0.0453,0.07124,-0.025,0.0009
2026-09-15 20:07:38,705.26,2026-09-15,704.0,0.05,0.06,0.04,477374,415,1.0594,-0.1104,0.18291,-0.055,0.0018
2026-09-15 20:07:38,705.26,2026-09-15,705.0,0.42,0.46,0.14,562583,10115,1.4444,-0.4262,0.27905,-0.44,0.0038
2026-09-15 20:07:38,705.26,2026-09-15,706.0,1.31,1.66,0.98,291306,360,2.7679,-0.6075,0.14275,-0.745,0.0037
2026-09-15 20:07:38,705.26,2026-09-15,707.0,2.31,2.57,1.92,173301,700,3.607,-0.6889,0.1007,-0.7,0.0034
2026-09-15 20:07:38,705.26,2026-09-15,708.0,3.26,3.65,2.92,168270,1026,4.5141,-0.7322,0.07498,-0.715,0.0032
2026-09-15 20:07:38,705.26,2026-09-15,709.0,4.33,4.6,3.89,95407,3929,,,,,
2026-09-15 20:07:38,705.26,2026-09-15,710.0,5.27,5.71,5.01,39071,17534,,,,,
2026-09-15 20:07:38,705.26,2026-09-15,711.0,6.46,6.6,6.07,7494,573,,,,,
2026-09-15 20:07:38,705.26,2026-09-15,712.0,7.35,7.51,7.01,4415,727,,,,,
2026-09-15 20:07:38,705.26,2026-09-15,713.0,8.33,8.51,7.85,1719,1161,,,,,
2026-09-15 20:07:38,705.26,2026-09-15,714.0,9.23,9.61,9.17,928,859,,,,,
2026-09-15 20:07:38,705.26,2026-09-15,715.0,10.37,10.87,10.84,984,2401,,,,,
2026-09-15 20:07:38,705.26,2026-09-15,716.0,11.15,11.87,10.99,170,1161,,,,,
2026-09-15 20:07:38,705.26,2026-09-15,717.0,12.19,12.47,11.86,431,612,,,,,
2026-09-15 20:07:38,705.26,2026-09-15,718.0,13.53,13.87,13.88,165,460,,,,,
2026-09-15 20:07:38,705.26,2026-09-15,719.0,14.54,14.63,15.18,176,105,,,,,
2026-09-15 20:07:38,705.26,2026-09-15,720.0,15.58,15.87,14.75,204,620,,,,,
2026-09-15 20:08:40,705.26,2026-09-15,691.0,0,0.03,0.01,3097,145,,,,,
2026-09-15 20:08:40,705.26,2026-09-15,692.0,0,0.03,0.01,10738,395,,,,,
2026-09-15 20:08:40,705.26,2026-09-15,693.0,0,0.01,0.01,5106,421,,,,,
2026-09-15 20:08:40,705.26,2026-09-15,694.0,0,0.03,0.01,3784,412,4.7228,-0.0067,0.00407,-0.01,0.0002
2026-09-15 20:08:40,705.26,2026-09-15,695.0,0,0.03,0.01,8014,1082,4.3475,-0.0072,0.00473,-0.01,0.0002
2026-09-15 20:08:40,705.26,2026-09-15,696.0,0,0.03,0.01,9770,2637,3.9692,-0.0078,0.00557,-0.01,0.0002
2026-09-15 20:08:40,705.26,2026-09-15,697.0,0,0.01,0.01,9506,551,3.5876,-0.0086,0.00668,-0.01,0.0002
2026-09-15 20:08:40,705.26,2026-09-15,698.0,0,0.01,0.01,32971,1423,3.202,-0.0095,0.00819,-0.01,0.0002
2026-09-15 20:08:40,705.26,2026-09-15,699.0,0,0.03,0.01,31710,1786,2.8116,-0.0107,0.01033,-0.01,0.0003
2026-09-15 20:08:40,705.26,2026-09-15,700.0,0,0.01,0.02,102228,2887,2.6676,-0.0209,0.01933,-0.02,0.0005
2026-09-15 20:08:40,705.26,2026-09-15,701.0,0.01,0.02,0.01,47368,971,2.1338,-0.0197,0.02303,-0.015,0.0005
2026-09-15 20:08:40,705.26,2026-09-15,702.0,0.01,0.02,0.01,98142,1230,1.7011,-0.0241,0.03423,-0.015,0.0006
2026-09-15 20:08:40,705.26,2026-09-15,703.0,0.01,0.04,0.01,220705,826,1.3763,-0.0453,0.07124,-0.025,0.0009
2026-09-15 20:08:40,705.26,2026-09-15,704.0,0.05,0.06,0.04,478375,415,1.0594,-0.1104,0.18291,-0.055,0.0018
2026-09-15 20:08:40,705.26,2026-09-15,705.0,0.42,0.46,0.11,563739,10115,1.4444,-0.4262,0.27905,-0.44,0.0038
2026-09-15 20:08:40,705.26,2026-09-15,706.0,1.31,1.66,0.87,291350,360,2.7679,-0.6075,0.14275,-0.745,0.0037
2026-09-15 20:08:40,705.26,2026-09-15,707.0,2.31,2.57,1.9,173308,700,3.607,-0.6889,0.1007,-0.7,0.0034
2026-09-15 20:08:40,705.26,2026-09-15,708.0,3.26,3.65,2.83,168275,1026,4.5141,-0.7322,0.07498,-0.715,0.0032
2026-09-15 20:08:40,705.26,2026-09-15,709.0,4.33,4.6,3.89,95433,3929,,,,,
2026-09-15 20:08:40,705.26,2026-09-15,710.0,5.27,5.71,4.98,39100,17534,,,,,
2026-09-15 20:08:40,705.26,2026-09-15,711.0,6.46,6.6,6.03,7494,573,,,,,
2026-09-15 20:08:40,705.26,2026-09-15,712.0,7.35,7.51,6.87,4427,727,,,,,
2026-09-15 20:08:40,705.26,2026-09-15,713.0,8.33,8.51,7.85,1719,1161,,,,,
2026-09-15 20:08:40,705.26,2026-09-15,714.0,9.23,9.61,9.17,928,859,,,,,
2026-09-15 20:08:40,705.26,2026-09-15,715.0,10.37,10.87,9.97,993,2401,,,,,
2026-09-15 20:08:40,705.26,2026-09-15,716.0,11.15,11.87,11.15,171,1161,,,,,
2026-09-15 20:08:40,705.26,2026-09-15,717.0,12.19,12.47,11.86,431,612,,,,,
2026-09-15 20:08:40,705.26,2026-09-15,718.0,13.53,13.87,13.11,169,460,,,,,
2026-09-15 20:08:40,705.26,2026-09-15,719.0,14.54,14.63,15.18,176,105,,,,,
2026-09-15 20:08:40,705.26,2026-09-15,720.0,15.58,15.87,14.75,204,620,,,,,
2026-09-15 20:09:41,705.26,2026-09-15,691.0,0,0.03,0.01,3097,145,,,,,
2026-09-15 20:09:41,705.26,2026-09-15,692.0,0,0.03,0.01,10738,395,,,,,
2026-09-15 20:09:41,705.26,2026-09-15,693.0,0,0.01,0.01,5106,421,,,,,
2026-09-15 20:09:41,705.26,2026-09-15,694.0,0,0.03,0.01,3786,412,4.7228,-0.0067,0.00407,-0.01,0.0002
2026-09-15 20:09:41,705.26,2026-09-15,695.0,0,0.03,0.01,8014,1082,4.3475,-0.0072,0.00473,-0.01,0.0002
2026-09-15 20:09:41,705.26,2026-09-15,696.0,0,0.03,0.01,9786,2637,3.9692,-0.0078,0.00557,-0.01,0.0002
2026-09-15 20:09:41,705.26,2026-09-15,697.0,0,0.01,0.01,9507,551,3.5876,-0.0086,0.00668,-0.01,0.0002
2026-09-15 20:09:41,705.26,2026-09-15,698.0,0,0.01,0.01,33199,1423,3.202,-0.0095,0.00819,-0.01,0.0002
2026-09-15 20:09:41,705.26,2026-09-15,699.0,0,0.03,0.01,31713,1786,2.8116,-0.0107,0.01033,-0.01,0.0003
2026-09-15 20:09:41,705.26,2026-09-15,700.0,0,0.01,0.01,102412,2887,2.4154,-0.0123,0.01355,-0.01,0.0003
2026-09-15 20:09:41,705.26,2026-09-15,701.0,0.01,0.02,0.02,47442,971,2.1338,-0.0197,0.02303,-0.015,0.0005
2026-09-15 20:09:41,705.26,2026-09-15,702.0,0.01,0.02,0.01,98174,1230,1.7011,-0.0241,0.03423,-0.015,0.0006
2026-09-15 20:09:41,705.26,2026-09-15,703.0,0.01,0.04,0.01,222466,826,1.3763,-0.0453,0.07124,-0.025,0.0009
2026-09-15 20:09:41,705.26,2026-09-15,704.0,0.05,0.06,0.04,480521,415,1.0594,-0.1104,0.18291,-0.055,0.0018
2026-09-15 20:09:41,705.26,2026-09-15,705.0,0.42,0.46,0.09,564860,10115,1.4444,-0.4262,0.27905,-0.44,0.0038
2026-09-15 20:09:41,705.26,2026-09-15,706.0,1.31,1.66,0.9,291439,360,2.7679,-0.6075,0.14275,-0.745,0.0037
2026-09-15 20:09:41,705.26,2026-09-15,707.0,2.31,2.57,1.92,173364,700,3.607,-0.6889,0.1007,-0.7,0.0034
2026-09-15 20:09:41,705.26,2026-09-15,708.0,3.26,3.65,2.99,168282,1026,4.5141,-0.7322,0.07498,-0.715,0.0032
2026-09-15 20:09:41,705.26,2026-09-15,709.0,4.33,4.6,3.94,95438,3929,,,,,
2026-09-15 20:09:41,705.26,2026-09-15,710.0,5.27,5.71,4.89,39104,17534,,,,,
2026-09-15 20:09:41,705.26,2026-09-15,711.0,6.46,6.6,5.85,7506,573,,,,,
2026-09-15 20:09:41,705.26,2026-09-15,712.0,7.35,7.51,7,4433,727,,,,,
2026-09-15 20:09:41,705.26,2026-09-15,713.0,8.33,8.51,7.85,1719,1161,,,,,
2026-09-15 20:09:41,705.26,2026-09-15,714.0,9.23,9.61,8.87,938,859,,,,,
2026-09-15 20:09:41,705.26,2026-09-15,715.0,10.37,10.87,9.97,993,2401,,,,,
2026-09-15 20:09:41,705.26,2026-09-15,716.0,11.15,11.87,11.15,171,1161,,,,,
2026-09-15 20:09:41,705.26,2026-09-15,717.0,12.19,12.47,11.86,431,612,,,,,
2026-09-15 20:09:41,705.26,2026-09-15,718.0,13.53,13.87,13.11,169,460,,,,,
2026-09-15 20:09:41,705.26,2026-09-15,719.0,14.54,14.63,15.18,176,105,,,,,
2026-09-15 20:09:41,705.26,2026-09-15,720.0,15.58,15.87,14.75,204,620,,,,,
2026-09-15 20:10:42,705.27,2026-09-15,691.0,0,0.03,0.01,3097,145,,,,,
2026-09-15 20:10:42,705.27,2026-09-15,692.0,0,0.03,0.01,10738,395,,,,,
2026-09-15 20:10:42,705.27,2026-09-15,693.0,0,0.01,0.01,5106,421,,,,,
2026-09-15 20:10:42,705.27,2026-09-15,694.0,0,0.03,0.01,3788,412,4.7265,-0.0067,0.00407,-0.01,0.0002
2026-09-15 20:10:42,705.27,2026-09-15,695.0,0,0.03,0.01,8016,1082,4.3512,-0.0072,0.00472,-0.01,0.0002
2026-09-15 20:10:42,705.27,2026-09-15,696.0,0,0.03,0.01,9788,2637,3.9729,-0.0078,0.00556,-0.01,0.0002
2026-09-15 20:10:42,705.27,2026-09-15,697.0,0,0.01,0.01,9510,551,3.5913,-0.0086,0.00667,-0.01,0.0002
2026-09-15 20:10:42,705.27,2026-09-15,698.0,0,0.01,0.01,33199,1423,3.2058,-0.0095,0.00817,-0.01,0.0002
2026-09-15 20:10:42,705.27,2026-09-15,699.0,0,0.03,0.01,31719,1786,2.8155,-0.0107,0.01031,-0.01,0.0003
2026-09-15 20:10:42,705.27,2026-09-15,700.0,0,0.01,0.01,102426,2887,2.4194,-0.0122,0.01351,-0.01,0.0003
2026-09-15 20:10:42,705.27,2026-09-15,701.0,0.01,0.02,0.01,47470,971,2.138,-0.0197,0.02295,-0.015,0.0005
2026-09-15 20:10:42,705.27,2026-09-15,702.0,0.01,0.02,0.01,98581,1230,1.7054,-0.024,0.03408,-0.015,0.0006
2026-09-15 20:10:42,705.27,2026-09-15,703.0,0.01,0.04,0.01,222900,826,1.3812,-0.0452,0.07081,-0.025,0.0009
2026-09-15 20:10:42,705.27,2026-09-15,704.0,0.05,0.06,0.02,481757,415,1.0654,-0.1099,0.18126,-0.055,0.0018
2026-09-15 20:10:42,705.27,2026-09-15,705.0,0.42,0.46,0.06,565366,10115,1.4556,-0.424,0.27661,-0.44,0.0038
2026-09-15 20:10:42,705.27,2026-09-15,706.0,1.31,1.66,0.63,291462,360,2.7841,-0.6054,0.14212,-0.755,0.0037
2026-09-15 20:10:42,705.27,2026-09-15,707.0,2.31,2.57,1.78,173417,700,3.627,-0.6869,0.10041,-0.71,0.0034
2026-09-15 20:10:42,705.27,2026-09-15,708.0,3.26,3.65,2.74,168290,1026,4.5369,-0.7305,0.07485,-0.725,0.0032
2026-09-15 20:10:42,705.27,2026-09-15,709.0,4.33,4.6,3.74,95442,3929,,,,,
2026-09-15 20:10:42,705.27,2026-09-15,710.0,5.27,5.71,4.85,39159,17534,,,,,
2026-09-15 20:10:42,705.27,2026-09-15,711.0,6.46,6.6,5.87,7514,573,,,,,
2026-09-15 20:10:42,705.27,2026-09-15,712.0,7.35,7.51,7.09,4433,727,,,,,
2026-09-15 20:10:42,705.27,2026-09-15,713.0,8.33,8.51,7.85,1719,1161,,,,,
2026-09-15 20:10:42,705.27,2026-09-15,714.0,9.23,9.61,8.87,938,859,,,,,
2026-09-15 20:10:42,705.27,2026-09-15,715.0,10.37,10.87,9.97,994,2401,,,,,
2026-09-15 20:10:42,705.27,2026-09-15,716.0,11.15,11.87,11.15,171,1161,,,,,
2026-09-15 20:10:42,705.27,2026-09-15,717.0,12.19,12.47,11.86,431,612,,,,,
2026-09-15 20:10:42,705.27,2026-09-15,718.0,13.53,13.87,13.11,169,460,,,,,
2026-09-15 20:10:42,705.27,2026-09-15,719.0,14.54,14.63,15.18,176,105,,,,,
2026-09-15 20:10:42,705.27,2026-09-15,720.0,15.58,15.87,14.75,204,620,,,,,
2026-09-15 20:11:43,705.54,2026-09-15,691.0,0,0.03,0.01,3097,145,,,,,
2026-09-15 20:11:43,705.54,2026-09-15,692.0,0,0.03,0.01,10740,395,,,,,
2026-09-15 20:11:43,705.54,2026-09-15,693.0,0,0.01,0.01,5106,421,,,,,
2026-09-15 20:11:43,705.54,2026-09-15,694.0,0,0.03,0.01,3788,412,4.8255,-0.0066,0.00391,-0.01,0.0002
2026-09-15 20:11:43,705.54,2026-09-15,695.0,0,0.03,0.01,8016,1082,4.4511,-0.0071,0.00453,-0.01,0.0002
2026-09-15 20:11:43,705.54,2026-09-15,696.0,0,0.03,0.01,9808,2637,4.0738,-0.0076,0.00531,-0.01,0.0002
2026-09-15 20:11:43,705.54,2026-09-15,697.0,0,0.01,0.02,9511,551,4.0426,-0.0144,0.00928,-0.02,0.0004
2026-09-15 20:11:43,705.54,2026-09-15,698.0,0,0.01,0.01,33200,1423,3.3091,-0.0092,0.00772,-0.01,0.0002
2026-09-15 20:11:43,705.54,2026-09-15,699.0,0,0.03,0.01,31820,1786,2.9203,-0.0103,0.00965,-0.01,0.0003
2026-09-15 20:11:43,705.54,2026-09-15,700.0,0,0.01,0.01,102605,2887,2.526,-0.0118,0.0125,-0.01,0.0003
2026-09-15 20:11:43,705.54,2026-09-15,701.0,0.01,0.02,0.01,47679,971,2.252,-0.0188,0.02093,-0.015,0.0004
2026-09-15 20:11:43,705.54,2026-09-15,702.0,0.01,0.02,0.01,98709,1230,1.8228,-0.0226,0.03032,-0.015,0.0005
2026-09-15 20:11:43,705.54,2026-09-15,703.0,0.01,0.04,0.01,223523,826,1.512,-0.0418,0.06067,-0.025,0.0009
2026-09-15 20:11:43,705.54,2026-09-15,704.0,0.05,0.06,0.01,483353,415,1.225,-0.0978,0.14485,-0.055,0.0017
2026-09-15 20:11:43,705.54,2026-09-15,705.0,0.42,0.46,0.05,565782,10115,1.7418,-0.3745,0.22361,-0.44,0.0037
2026-09-15 20:11:43,705.54,2026-09-15,706.0,1.31,1.66,0.64,291587,360,3.1967,-0.5579,0.12689,-1.025,0.0038
2026-09-15 20:11:43,705.54,2026-09-15,707.0,2.31,2.57,1.67,174174,700,4.1311,-0.6405,0.09301,-0.98,0.0036
2026-09-15 20:11:43,705.54,2026-09-15,708.0,3.26,3.65,2.61,168293,1026,,,,,
2026-09-15 20:11:43,705.54,2026-09-15,709.0,4.33,4.6,3.74,95444,3929,,,,,
2026-09-15 20:11:43,705.54,2026-09-15,710.0,5.27,5.71,4.57,39179,17534,,,,,
2026-09-15 20:11:43,705.54,2026-09-15,711.0,6.46,6.6,5.75,7520,573,,,,,
2026-09-15 20:11:43,705.54,2026-09-15,712.0,7.35,7.51,6.55,4437,727,,,,,
2026-09-15 20:11:43,705.54,2026-09-15,713.0,8.33,8.51,7.85,1719,1161,,,,,
2026-09-15 20:11:43,705.54,2026-09-15,714.0,9.23,9.61,8.87,938,859,,,,,
2026-09-15 20:11:43,705.54,2026-09-15,715.0,10.37,10.87,9.71,995,2401,,,,,
2026-09-15 20:11:43,705.54,2026-09-15,716.0,11.15,11.87,11.15,171,1161,,,,,
2026-09-15 20:11:43,705.54,2026-09-15,717.0,12.19,12.47,11.86,431,612,,,,,
2026-09-15 20:11:43,705.54,2026-09-15,718.0,13.53,13.87,13.11,169,460,,,,,
2026-09-15 20:11:43,705.54,2026-09-15,719.0,14.54,14.63,15.18,176,105,,,,,
2026-09-15 20:11:43,705.54,2026-09-15,720.0,15.58,15.87,14.75,204,620,,,,,
2026-09-15 20:12:44,705.54,2026-09-15,691.0,0,0.03,0.01,3097,145,,,,,
2026-09-15 20:12:44,705.54,2026-09-15,692.0,0,0.03,0.01,10740,395,,,,,
2026-09-15 20:12:44,705.54,2026-09-15,693.0,0,0.01,0.01,5106,421,,,,,
2026-09-15 20:12:44,705.54,2026-09-15,694.0,0,0.03,0.01,3788,412,4.8255,-0.0066,0.00391,-0.01,0.0002
2026-09-15 20:12:44,705.54,2026-09-15,695.0,0,0.03,0.01,8017,1082,4.4511,-0.0071,0.00453,-0.01,0.0002
2026-09-15 20:12:44,705.54,2026-09-15,696.0,0,0.03,0.01,9808,2637,4.0738,-0.0076,0.00531,-0.01,0.0002
2026-09-15 20:12:44,705.54,2026-09-15,697.0,0,0.01,0.02,9511,551,4.0426,-0.0144,0.00928,-0.02,0.0004
2026-09-15 20:12:44,705.54,2026-09-15,698.0,0,0.01,0.01,33200,1423,3.3091,-0.0092,0.00772,-0.01,0.0002
2026-09-15 20:12:44,705.54,2026-09-15,699.0,0,0.03,0.01,31820,1786,2.9203,-0.0103,0.00965,-0.01,0.0003
2026-09-15 20:12:44,705.54,2026-09-15,700.0,0,0.01,0.01,102606,2887,2.526,-0.0118,0.0125,-0.01,0.0003
2026-09-15 20:12:44,705.54,2026-09-15,701.0,0.01,0.02,0.01,47999,971,2.252,-0.0188,0.02093,-0.015,0.0004
2026-09-15 20:12:44,705.54,2026-09-15,702.0,0.01,0.02,0.01,98811,1230,1.8228,-0.0226,0.03032,-0.015,0.0005
2026-09-15 20:12:44,705.54,2026-09-15,703.0,0.01,0.04,0.02,223890,826,1.512,-0.0418,0.06067,-0.025,0.0009
2026-09-15 20:12:44,705.54,2026-09-15,704.0,0.05,0.06,0.03,483940,415,1.225,-0.0978,0.14485,-0.055,0.0017
2026-09-15 20:12:44,705.54,2026-09-15,705.0,0.42,0.46,0.05,566226,10115,1.7418,-0.3745,0.22361,-0.44,0.0037
2026-09-15 20:12:44,705.54,2026-09-15,706.0,1.31,1.66,0.6,291650,360,3.1967,-0.5579,0.12689,-1.025,0.0038
2026-09-15 20:12:44,705.54,2026-09-15,707.0,2.31,2.57,1.62,174197,700,4.1311,-0.6405,0.09301,-0.98,0.0036
2026-09-15 20:12:44,705.54,2026-09-15,708.0,3.26,3.65,2.64,169102,1026,,,,,
2026-09-15 20:12:44,705.54,2026-09-15,709.0,4.33,4.6,3.6,95491,3929,,,,,
2026-09-15 20:12:44,705.54,2026-09-15,710.0,5.27,5.71,4.61,39199,17534,,,,,
2026-09-15 20:12:44,705.54,2026-09-15,711.0,6.46,6.6,5.49,7555,573,,,,,
2026-09-15 20:12:44,705.54,2026-09-15,712.0,7.35,7.51,6.55,4437,727,,,,,
2026-09-15 20:12:44,705.54,2026-09-15,713.0,8.33,8.51,7.85,1719,1161,,,,,
2026-09-15 20:12:44,705.54,2026-09-15,714.0,9.23,9.61,8.68,944,859,,,,,
2026-09-15 20:12:44,705.54,2026-09-15,715.0,10.37,10.87,9.74,1005,2401,,,,,
2026-09-15 20:12:44,705.54,2026-09-15,716.0,11.15,11.87,11.15,171,1161,,,,,
2026-09-15 20:12:44,705.54,2026-09-15,717.0,12.19,12.47,11.86,431,612,,,,,
2026-09-15 20:12:44,705.54,2026-09-15,718.0,13.53,13.87,13.11,169,460,,,,,
2026-09-15 20:12:44,705.54,2026-09-15,719.0,14.54,14.63,15.18,176,105,,,,,
2026-09-15 20:12:44,705.54,2026-09-15,720.0,15.58,15.87,14.75,204,620,,,,,
2026-09-15 20:13:47,705.54,2026-09-15,691.0,0,0.03,0.01,3097,145,,,,,
2026-09-15 20:13:47,705.54,2026-09-15,692.0,0,0.03,0.01,10740,395,,,,,
2026-09-15 20:13:47,705.54,2026-09-15,693.0,0,0.01,0.01,5106,421,,,,,
2026-09-15 20:13:47,705.54,2026-09-15,694.0,0,0.03,0.01,3788,412,4.8255,-0.0066,0.00391,-0.01,0.0002
2026-09-15 20:13:47,705.54,2026-09-15,695.0,0,0.03,0.01,8017,1082,4.4511,-0.0071,0.00453,-0.01,0.0002
2026-09-15 20:13:47,705.54,2026-09-15,696.0,0,0.03,0.01,9810,2637,4.0738,-0.0076,0.00531,-0.01,0.0002
2026-09-15 20:13:47,705.54,2026-09-15,697.0,0,0.01,0.02,9511,551,4.0426,-0.0144,0.00928,-0.02,0.0004
2026-09-15 20:13:47,705.54,2026-09-15,698.0,0,0.01,0.01,33200,1423,3.3091,-0.0092,0.00772,-0.01,0.0002
2026-09-15 20:13:47,705.54,2026-09-15,699.0,0,0.03,0.01,31848,1786,2.9203,-0.0103,0.00965,-0.01,0.0003
2026-09-15 20:13:47,705.54,2026-09-15,700.0,0,0.01,0.01,102614,2887,2.526,-0.0118,0.0125,-0.01,0.0003
2026-09-15 20:13:47,705.54,2026-09-15,701.0,0.01,0.02,0.01,48000,971,2.252,-0.0188,0.02093,-0.015,0.0004
2026-09-15 20:13:47,705.54,2026-09-15,702.0,0.01,0.02,0.01,98889,1230,1.8228,-0.0226,0.03032,-0.015,0.0005
2026-09-15 20:13:47,705.54,2026-09-15,703.0,0.01,0.04,0.01,224295,826,1.512,-0.0418,0.06067,-0.025,0.0009
2026-09-15 20:13:47,705.54,2026-09-15,704.0,0.05,0.06,0.01,486411,415,1.225,-0.0978,0.14485,-0.055,0.0017
2026-09-15 20:13:47,705.54,2026-09-15,705.0,0.42,0.46,0.02,566444,10115,1.7418,-0.3745,0.22361,-0.44,0.0037
2026-09-15 20:13:47,705.54,2026-09-15,706.0,1.31,1.66,0.56,292199,360,3.1967,-0.5579,0.12689,-1.025,0.0038
2026-09-15 20:13:47,705.54,2026-09-15,707.0,2.31,2.57,1.55,174208,700,4.1311,-0.6405,0.09301,-0.98,0.0036
2026-09-15 20:13:47,705.54,2026-09-15,708.0,3.26,3.65,2.58,169124,1026,,,,,
2026-09-15 20:13:47,705.54,2026-09-15,709.0,4.33,4.6,3.64,95493,3929,,,,,
2026-09-15 20:13:47,705.54,2026-09-15,710.0,5.27,5.71,4.66,39229,17534,,,,,
2026-09-15 20:13:47,705.54,2026-09-15,711.0,6.46,6.6,5.71,7561,573,,,,,
2026-09-15 20:13:47,705.54,2026-09-15,712.0,7.35,7.51,6.5,4438,727,,,,,
2026-09-15 20:13:47,705.54,2026-09-15,713.0,8.33,8.51,7.85,1719,1161,,,,,
2026-09-15 20:13:47,705.54,2026-09-15,714.0,9.23,9.61,8.68,944,859,,,,,
2026-09-15 20:13:47,705.54,2026-09-15,715.0,10.37,10.87,9.61,1005,2401,,,,,
2026-09-15 20:13:47,705.54,2026-09-15,716.0,11.15,11.87,10.85,173,1161,,,,,
2026-09-15 20:13:47,705.54,2026-09-15,717.0,12.19,12.47,11.86,431,612,,,,,
2026-09-15 20:13:47,705.54,2026-09-15,718.0,13.53,13.87,13.11,169,460,,,,,
2026-09-15 20:13:47,705.54,2026-09-15,719.0,14.54,14.63,15.18,176,105,,,,,
2026-09-15 20:13:47,705.54,2026-09-15,720.0,15.58,15.87,14.75,204,620,,,,,
2026-09-15 20:14:47,705.46,2026-09-15,691.0,0,0.03,0.01,3097,145,,,,,
2026-09-15 20:14:47,705.46,2026-09-15,692.0,0,0.03,0.01,10740,395,,,,,
2026-09-15 20:14:47,705.46,2026-09-15,693.0,0,0.01,0.01,5106,421,,,,,
2026-09-15 20:14:47,705.46,2026-09-15,694.0,0,0.03,0.01,3793,412,4.7962,-0.0066,0.00396,-0.01,0.0002
2026-09-15 20:14:47,705.46,2026-09-15,695.0,0,0.03,0.01,8017,1082,4.4215,-0.0071,0.00458,-0.01,0.0002
2026-09-15 20:14:47,705.46,2026-09-15,696.0,0,0.03,0.01,9810,2637,4.044,-0.0077,0.00538,-0.01,0.0002
2026-09-15 20:14:47,705.46,2026-09-15,697.0,0,0.01,0.02,9511,551,4.0102,-0.0145,0.00942,-0.02,0.0004
2026-09-15 20:14:47,705.46,2026-09-15,698.0,0,0.01,0.01,33200,1423,3.2785,-0.0093,0.00785,-0.01,0.0002
2026-09-15 20:14:47,705.46,2026-09-15,699.0,0,0.03,0.01,31869,1786,2.8893,-0.0104,0.00984,-0.01,0.0003
2026-09-15 20:14:47,705.46,2026-09-15,700.0,0,0.01,0.01,102642,2887,2.4945,-0.0119,0.01279,-0.01,0.0003
2026-09-15 20:14:47,705.46,2026-09-15,701.0,0.01,0.02,0.02,48026,971,2.2183,-0.019,0.0215,-0.015,0.0005
2026-09-15 20:14:47,705.46,2026-09-15,702.0,0.01,0.02,0.01,98946,1230,1.7882,-0.023,0.03136,-0.015,0.0005
2026-09-15 20:14:47,705.46,2026-09-15,703.0,0.01,0.04,0.02,226576,826,1.4735,-0.0427,0.06341,-0.025,0.0009
2026-09-15 20:14:47,705.46,2026-09-15,704.0,0.05,0.06,0.01,488896,415,1.1782,-0.101,0.15424,-0.055,0.0017
2026-09-15 20:14:47,705.46,2026-09-15,705.0,0.42,0.46,0.05,568521,10115,1.6596,-0.3874,0.23713,-0.44,0.0037
2026-09-15 20:14:47,705.46,2026-09-15,706.0,1.31,1.66,0.57,292574,360,3.0789,-0.5707,0.13107,-0.945,0.0038
2026-09-15 20:14:47,705.46,2026-09-15,707.0,2.31,2.57,1.67,174222,700,3.988,-0.6531,0.09514,-0.9,0.0036
2026-09-15 20:14:47,705.46,2026-09-15,708.0,3.26,3.65,2.65,169132,1026,4.9479,-0.6996,0.07226,-0.915,0.0034
2026-09-15 20:14:47,705.46,2026-09-15,709.0,4.33,4.6,3.62,95496,3929,,,,,
2026-09-15 20:14:47,705.46,2026-09-15,710.0,5.27,5.71,4.71,39252,17534,,,,,
2026-09-15 20:14:47,705.46,2026-09-15,711.0,6.46,6.6,5.6,7635,573,,,,,
2026-09-15 20:14:47,705.46,2026-09-15,712.0,7.35,7.51,6.5,4438,727,,,,,
2026-09-15 20:14:47,705.46,2026-09-15,713.0,8.33,8.51,7.85,1719,1161,,,,,
2026-09-15 20:14:47,705.46,2026-09-15,714.0,9.23,9.61,8.68,944,859,,,,,
2026-09-15 20:14:47,705.46,2026-09-15,715.0,10.37,10.87,9.61,1005,2401,,,,,
2026-09-15 20:14:47,705.46,2026-09-15,716.0,11.15,11.87,10.85,173,1161,,,,,
2026-09-15 20:14:47,705.46,2026-09-15,717.0,12.19,12.47,11.86,431,612,,,,,
2026-09-15 20:14:47,705.46,2026-09-15,718.0,13.53,13.87,12.76,171,460,,,,,
2026-09-15 20:14:47,705.46,2026-09-15,719.0,14.54,14.63,15.18,176,105,,,,,
2026-09-15 20:14:47,705.46,2026-09-15,720.0,15.58,15.87,14.75,204,620,,,,,
2026-09-15 20:15:48,705.46,2026-09-15,691.0,0,0.03,0.01,3097,145,,,,,
2026-09-15 20:15:48,705.46,2026-09-15,692.0,0,0.03,0.01,10740,395,,,,,
2026-09-15 20:15:48,705.46,2026-09-15,693.0,0,0.01,0.01,5106,421,,,,,
2026-09-15 20:15:48,705.46,2026-09-15,694.0,0,0.03,0.01,3793,412,4.7962,-0.0066,0.00396,-0.01,0.0002
2026-09-15 20:15:48,705.46,2026-09-15,695.0,0,0.03,0.01,8017,1082,4.4215,-0.0071,0.00458,-0.01,0.0002
2026-09-15 20:15:48,705.46,2026-09-15,696.0,0,0.03,0.01,9810,2637,4.044,-0.0077,0.00538,-0.01,0.0002
2026-09-15 20:15:48,705.46,2026-09-15,697.0,0,0.01,0.01,9516,551,3.6631,-0.0084,0.00643,-0.01,0.0002
2026-09-15 20:15:48,705.46,2026-09-15,698.0,0,0.01,0.01,33200,1423,3.2785,-0.0093,0.00785,-0.01,0.0002
2026-09-15 20:15:48,705.46,2026-09-15,699.0,0,0.03,0.01,31869,1786,2.8893,-0.0104,0.00984,-0.01,0.0003
2026-09-15 20:15:48,705.46,2026-09-15,700.0,0,0.01,0.01,102646,2887,2.4945,-0.0119,0.01279,-0.01,0.0003
2026-09-15 20:15:48,705.46,2026-09-15,701.0,0.01,0.02,0.01,48113,971,2.2183,-0.019,0.0215,-0.015,0.0005
2026-09-15 20:15:48,705.46,2026-09-15,702.0,0.01,0.02,0.01,99393,1230,1.7882,-0.023,0.03136,-0.015,0.0005
2026-09-15 20:15:48,705.46,2026-09-15,703.0,0.01,0.04,0.01,226876,826,1.4735,-0.0427,0.06341,-0.025,0.0009
2026-09-15 20:15:48,705.46,2026-09-15,704.0,0.05,0.06,0.01,489617,415,1.1782,-0.101,0.15424,-0.055,0.0017
2026-09-15 20:15:48,705.46,2026-09-15,705.0,0.42,0.46,0.02,569676,10115,1.6596,-0.3874,0.23713,-0.44,0.0037
2026-09-15 20:15:48,705.46,2026-09-15,706.0,1.31,1.66,0.61,292669,360,3.0789,-0.5707,0.13107,-0.945,0.0038
2026-09-15 20:15:48,705.46,2026-09-15,707.0,2.31,2.57,1.56,174250,700,3.988,-0.6531,0.09514,-0.9,0.0036
2026-09-15 20:15:48,705.46,2026-09-15,708.0,3.26,3.65,2.57,169143,1026,4.9479,-0.6996,0.07226,-0.915,0.0034
2026-09-15 20:15:48,705.46,2026-09-15,709.0,4.33,4.6,3.64,95500,3929,,,,,
2026-09-15 20:15:48,705.46,2026-09-15,710.0,5.27,5.71,4.72,39271,17534,,,,,
2026-09-15 20:15:48,705.46,2026-09-15,711.0,6.46,6.6,5.55,7642,573,,,,,
2026-09-15 20:15:48,705.46,2026-09-15,712.0,7.35,7.51,6.5,4438,727,,,,,
2026-09-15 20:15:48,705.46,2026-09-15,713.0,8.33,8.51,7.85,1719,1161,,,,,
2026-09-15 20:15:48,705.46,2026-09-15,714.0,9.23,9.61,8.69,945,859,,,,,
2026-09-15 20:15:48,705.46,2026-09-15,715.0,10.37,10.87,9.68,1006,2401,,,,,
2026-09-15 20:15:48,705.46,2026-09-15,716.0,11.15,11.87,10.85,173,1161,,,,,
2026-09-15 20:15:48,705.46,2026-09-15,717.0,12.19,12.47,11.86,431,612,,,,,
2026-09-15 20:15:48,705.46,2026-09-15,718.0,13.53,13.87,12.76,171,460,,,,,
2026-09-15 20:15:48,705.46,2026-09-15,719.0,14.54,14.63,15.18,176,105,,,,,
2026-09-15 20:15:48,705.46,2026-09-15,720.0,15.58,15.87,14.75,204,620,,,,,
2026-09-15 20:16:49,705.4,2026-09-15,691.0,0,0.03,0.01,3097,145,,,,,
2026-09-15 20:16:49,705.4,2026-09-15,692.0,0,0.03,0.01,10740,395,,,,,
2026-09-15 20:16:49,705.4,2026-09-15,693.0,0,0.01,0.01,5106,421,,,,,
2026-09-15 20:16:49,705.4,2026-09-15,694.0,0,0.03,0.01,3798,412,4.7742,-0.0066,0.00399,-0.01,0.0002
2026-09-15 20:16:49,705.4,2026-09-15,695.0,0,0.03,0.01,8032,1082,4.3993,-0.0071,0.00463,-0.01,0.0002
2026-09-15 20:16:49,705.4,2026-09-15,696.0,0,0.03,0.01,9810,2637,4.0215,-0.0077,0.00544,-0.01,0.0002
2026-09-15 20:16:49,705.4,2026-09-15,697.0,0,0.01,0.01,9516,551,3.6405,-0.0085,0.0065,-0.01,0.0002
2026-09-15 20:16:49,705.4,2026-09-15,698.0,0,0.01,0.01,33200,1423,3.2556,-0.0094,0.00795,-0.01,0.0002
2026-09-15 20:16:49,705.4,2026-09-15,699.0,0,0.03,0.01,32295,1786,2.866,-0.0105,0.00998,-0.01,0.0003
2026-09-15 20:16:49,705.4,2026-09-15,700.0,0,0.01,0.01,103142,2887,2.4708,-0.012,0.01301,-0.01,0.0003
2026-09-15 20:16:49,705.4,2026-09-15,701.0,0.01,0.02,0.02,48156,971,2.193,-0.0192,0.02194,-0.015,0.0005
2026-09-15 20:16:49,705.4,2026-09-15,702.0,0.01,0.02,0.01,99644,1230,1.7621,-0.0233,0.03218,-0.015,0.0005
2026-09-15 20:16:49,705.4,2026-09-15,703.0,0.01,0.04,0.01,227122,826,1.4444,-0.0435,0.0656,-0.025,0.0009
2026-09-15 20:16:49,705.4,2026-09-15,704.0,0.05,0.06,0.01,490195,415,1.1429,-0.1036,0.16198,-0.055,0.0018
2026-09-15 20:16:49,705.4,2026-09-15,705.0,0.42,0.46,0.02,570218,10115,1.5966,-0.3979,0.24835,-0.44,0.0038
2026-09-15 20:16:49,705.4,2026-09-15,706.0,1.31,1.66,0.61,292791,360,2.9883,-0.5809,0.13438,-0.885,0.0038
2026-09-15 20:16:49,705.4,2026-09-15,707.0,2.31,2.57,1.56,174255,700,3.8775,-0.6631,0.09678,-0.84,0.0036
2026-09-15 20:16:49,705.4,2026-09-15,708.0,3.26,3.65,2.57,169163,1026,4.8222,-0.7088,0.0731,-0.855,0.0033
2026-09-15 20:16:49,705.4,2026-09-15,709.0,4.33,4.6,3.64,95501,3929,,,,,
2026-09-15 20:16:49,705.4,2026-09-15,710.0,5.27,5.71,4.72,39279,17534,,,,,
2026-09-15 20:16:49,705.4,2026-09-15,711.0,6.46,6.6,5.55,7642,573,,,,,
2026-09-15 20:16:49,705.4,2026-09-15,712.0,7.35,7.51,6.5,4438,727,,,,,
2026-09-15 20:16:49,705.4,2026-09-15,713.0,8.33,8.51,7.85,1719,1161,,,,,
2026-09-15 20:16:49,705.4,2026-09-15,714.0,9.23,9.61,8.69,945,859,,,,,
2026-09-15 20:16:49,705.4,2026-09-15,715.0,10.37,10.87,9.68,1006,2401,,,,,
2026-09-15 20:16:49,705.4,2026-09-15,716.0,11.15,11.87,10.85,173,1161,,,,,
2026-09-15 20:16:49,705.4,2026-09-15,717.0,12.19,12.47,11.86,481,612,,,,,
2026-09-15 20:16:49,705.4,2026-09-15,718.0,13.53,13.87,12.76,171,460,,,,,
2026-09-15 20:16:49,705.4,2026-09-15,719.0,14.54,14.63,15.18,176,105,,,,,
2026-09-15 20:16:49,705.4,2026-09-15,720.0,15.58,15.87,14.75,204,620,,,,,
2026-09-15 20:17:50,705.4,2026-09-15,691.0,0,0.03,0.01,3100,145,,,,,
2026-09-15 20:17:50,705.4,2026-09-15,692.0,0,0.03,0.01,10740,395,,,,,
2026-09-15 20:17:50,705.4,2026-09-15,693.0,0,0.01,0.01,5106,421,,,,,
2026-09-15 20:17:50,705.4,2026-09-15,694.0,0,0.03,0.01,3799,412,4.7742,-0.0066,0.00399,-0.01,0.0002
2026-09-15 20:17:50,705.4,2026-09-15,695.0,0,0.03,0.01,8052,1082,4.3993,-0.0071,0.00463,-0.01,0.0002
2026-09-15 20:17:50,705.4,2026-09-15,696.0,0,0.03,0.01,9810,2637,4.0215,-0.0077,0.00544,-0.01,0.0002
2026-09-15 20:17:50,705.4,2026-09-15,697.0,0,0.01,0.01,9516,551,3.6405,-0.0085,0.0065,-0.01,0.0002
2026-09-15 20:17:50,705.4,2026-09-15,698.0,0,0.01,0.01,33200,1423,3.2556,-0.0094,0.00795,-0.01,0.0002
2026-09-15 20:17:50,705.4,2026-09-15,699.0,0,0.03,0.01,32295,1786,2.866,-0.0105,0.00998,-0.01,0.0003
2026-09-15 20:17:50,705.4,2026-09-15,700.0,0,0.01,0.01,103142,2887,2.4708,-0.012,0.01301,-0.01,0.0003
2026-09-15 20:17:50,705.4,2026-09-15,701.0,0.01,0.02,0.01,48156,971,2.193,-0.0192,0.02194,-0.015,0.0005
2026-09-15 20:17:50,705.4,2026-09-15,702.0,0.01,0.02,0.01,100059,1230,1.7621,-0.0233,0.03218,-0.015,0.0005
2026-09-15 20:17:50,705.4,2026-09-15,703.0,0.01,0.04,0.01,227239,826,1.4444,-0.0435,0.0656,-0.025,0.0009
2026-09-15 20:17:50,705.4,2026-09-15,704.0,0.05,0.06,0.01,490611,415,1.1429,-0.1036,0.16198,-0.055,0.0018
2026-09-15 20:17:50,705.4,2026-09-15,705.0,0.42,0.46,0.02,571939,10115,1.5966,-0.3979,0.24835,-0.44,0.0038
2026-09-15 20:17:50,705.4,2026-09-15,706.0,1.31,1.66,0.61,292837,360,2.9883,-0.5809,0.13438,-0.885,0.0038
2026-09-15 20:17:50,705.4,2026-09-15,707.0,2.31,2.57,1.56,174281,700,3.8775,-0.6631,0.09678,-0.84,0.0036
2026-09-15 20:17:50,705.4,2026-09-15,708.0,3.26,3.65,2.57,169168,1026,4.8222,-0.7088,0.0731,-0.855,0.0033
2026-09-15 20:17:50,705.4,2026-09-15,709.0,4.33,4.6,3.64,95508,3929,,,,,
2026-09-15 20:17:50,705.4,2026-09-15,710.0,5.27,5.71,4.72,39280,17534,,,,,
2026-09-15 20:17:50,705.4,2026-09-15,711.0,6.46,6.6,5.55,7643,573,,,,,
2026-09-15 20:17:50,705.4,2026-09-15,712.0,7.35,7.51,6.5,4438,727,,,,,
2026-09-15 20:17:50,705.4,2026-09-15,713.0,8.33,8.51,7.85,1719,1161,,,,,
2026-09-15 20:17:50,705.4,2026-09-15,714.0,9.23,9.61,8.69,945,859,,,,,
2026-09-15 20:17:50,705.4,2026-09-15,715.0,10.37,10.87,9.68,1006,2401,,,,,
2026-09-15 20:17:50,705.4,2026-09-15,716.0,11.15,11.87,10.85,173,1161,,,,,
2026-09-15 20:17:50,705.4,2026-09-15,717.0,12.19,12.47,11.86,481,612,,,,,
2026-09-15 20:17:50,705.4,2026-09-15,718.0,13.53,13.87,12.76,171,460,,,,,
2026-09-15 20:17:50,705.4,2026-09-15,719.0,14.54,14.63,15.18,176,105,,,,,
2026-09-15 20:17:50,705.4,2026-09-15,720.0,15.58,15.87,14.75,204,620,,,,,
2026-09-15 20:18:53,705.4,2026-09-15,691.0,0,0.03,0.01,3100,145,,,,,
2026-09-15 20:18:53,705.4,2026-09-15,692.0,0,0.03,0.01,10740,395,,,,,
2026-09-15 20:18:53,705.4,2026-09-15,693.0,0,0.01,0.01,5106,421,,,,,
2026-09-15 20:18:53,705.4,2026-09-15,694.0,0,0.03,0.01,3799,412,4.7742,-0.0066,0.00399,-0.01,0.0002
2026-09-15 20:18:53,705.4,2026-09-15,695.0,0,0.03,0.01,8052,1082,4.3993,-0.0071,0.00463,-0.01,0.0002
2026-09-15 20:18:53,705.4,2026-09-15,696.0,0,0.03,0.01,9810,2637,4.0215,-0.0077,0.00544,-0.01,0.0002
2026-09-15 20:18:53,705.4,2026-09-15,697.0,0,0.01,0.01,9516,551,3.6405,-0.0085,0.0065,-0.01,0.0002
2026-09-15 20:18:53,705.4,2026-09-15,698.0,0,0.01,0.01,33778,1423,3.2556,-0.0094,0.00795,-0.01,0.0002
2026-09-15 20:18:53,705.4,2026-09-15,699.0,0,0.03,0.01,33079,1786,2.866,-0.0105,0.00998,-0.01,0.0003
2026-09-15 20:18:53,705.4,2026-09-15,700.0,0,0.01,0.01,105992,2887,2.4708,-0.012,0.01301,-0.01,0.0003
2026-09-15 20:18:53,705.4,2026-09-15,701.0,0.01,0.02,0.01,48163,971,2.193,-0.0192,0.02194,-0.015,0.0005
2026-09-15 20:18:53,705.4,2026-09-15,702.0,0.01,0.02,0.01,100066,1230,1.7621,-0.0233,0.03218,-0.015,0.0005
2026-09-15 20:18:53,705.4,2026-09-15,703.0,0.01,0.04,0.01,227248,826,1.4444,-0.0435,0.0656,-0.025,0.0009
2026-09-15 20:18:53,705.4,2026-09-15,704.0,0.05,0.06,0.01,490667,415,1.1429,-0.1036,0.16198,-0.055,0.0018
2026-09-15 20:18:53,705.4,2026-09-15,705.0,0.42,0.46,0.02,573479,10115,1.5966,-0.3979,0.24835,-0.44,0.0038
2026-09-15 20:18:53,705.4,2026-09-15,706.0,1.31,1.66,0.61,292865,360,2.9883,-0.5809,0.13438,-0.885,0.0038
2026-09-15 20:18:53,705.4,2026-09-15,707.0,2.31,2.57,1.56,174292,700,3.8775,-0.6631,0.09678,-0.84,0.0036
2026-09-15 20:18:53,705.4,2026-09-15,708.0,3.26,3.65,2.57,169172,1026,4.8222,-0.7088,0.0731,-0.855,0.0033
2026-09-15 20:18:53,705.4,2026-09-15,709.0,4.33,4.6,3.64,95509,3929,,,,,
2026-09-15 20:18:53,705.4,2026-09-15,710.0,5.27,5.71,4.72,39281,17534,,,,,
2026-09-15 20:18:53,705.4,2026-09-15,711.0,6.46,6.6,5.55,7643,573,,,,,
2026-09-15 20:18:53,705.4,2026-09-15,712.0,7.35,7.51,6.5,4438,727,,,,,
2026-09-15 20:18:53,705.4,2026-09-15,713.0,8.33,8.51,7.85,1719,1161,,,,,
2026-09-15 20:18:53,705.4,2026-09-15,714.0,9.23,9.61,8.69,945,859,,,,,
2026-09-15 20:18:53,705.4,2026-09-15,715.0,10.37,10.87,9.68,1006,2401,,,,,
2026-09-15 20:18:53,705.4,2026-09-15,716.0,11.15,11.87,10.85,173,1161,,,,,
2026-09-15 20:18:53,705.4,2026-09-15,717.0,12.19,12.47,11.86,481,612,,,,,
2026-09-15 20:18:53,705.4,2026-09-15,718.0,13.53,13.87,12.76,171,460,,,,,
2026-09-15 20:18:53,705.4,2026-09-15,719.0,14.54,14.63,15.18,176,105,,,,,
2026-09-15 20:18:53,705.4,2026-09-15,720.0,15.58,15.87,14.75,204,620,,,,,
2026-09-15 20:19:54,705.4,2026-09-15,691.0,0,0.03,0.01,3100,145,,,,,
2026-09-15 20:19:54,705.4,2026-09-15,692.0,0,0.03,0.01,10740,395,,,,,
2026-09-15 20:19:54,705.4,2026-09-15,693.0,0,0.01,0.01,5107,421,,,,,
2026-09-15 20:19:54,705.4,2026-09-15,694.0,0,0.03,0.01,3799,412,4.7742,-0.0066,0.00399,-0.01,0.0002
2026-09-15 20:19:54,705.4,2026-09-15,695.0,0,0.03,0.01,8052,1082,4.3993,-0.0071,0.00463,-0.01,0.0002
2026-09-15 20:19:54,705.4,2026-09-15,696.0,0,0.03,0.01,9810,2637,4.0215,-0.0077,0.00544,-0.01,0.0002
2026-09-15 20:19:54,705.4,2026-09-15,697.0,0,0.01,0.01,9516,551,3.6405,-0.0085,0.0065,-0.01,0.0002
2026-09-15 20:19:54,705.4,2026-09-15,698.0,0,0.01,0.01,33778,1423,3.2556,-0.0094,0.00795,-0.01,0.0002
2026-09-15 20:19:54,705.4,2026-09-15,699.0,0,0.03,0.01,33870,1786,2.866,-0.0105,0.00998,-0.01,0.0003
2026-09-15 20:19:54,705.4,2026-09-15,700.0,0,0.01,0.01,108816,2887,2.4708,-0.012,0.01301,-0.01,0.0003
2026-09-15 20:19:54,705.4,2026-09-15,701.0,0.01,0.02,0.01,48188,971,2.193,-0.0192,0.02194,-0.015,0.0005
2026-09-15 20:19:54,705.4,2026-09-15,702.0,0.01,0.02,0.01,100066,1230,1.7621,-0.0233,0.03218,-0.015,0.0005
2026-09-15 20:19:54,705.4,2026-09-15,703.0,0.01,0.04,0.01,227300,826,1.4444,-0.0435,0.0656,-0.025,0.0009
2026-09-15 20:19:54,705.4,2026-09-15,704.0,0.05,0.06,0.01,490815,415,1.1429,-0.1036,0.16198,-0.055,0.0018
2026-09-15 20:19:54,705.4,2026-09-15,705.0,0.42,0.46,0.02,573785,10115,1.5966,-0.3979,0.24835,-0.44,0.0038
2026-09-15 20:19:54,705.4,2026-09-15,706.0,1.31,1.66,0.61,292880,360,2.9883,-0.5809,0.13438,-0.885,0.0038
2026-09-15 20:19:54,705.4,2026-09-15,707.0,2.31,2.57,1.56,174457,700,3.8775,-0.6631,0.09678,-0.84,0.0036
2026-09-15 20:19:54,705.4,2026-09-15,708.0,3.26,3.65,2.57,169172,1026,4.8222,-0.7088,0.0731,-0.855,0.0033
2026-09-15 20:19:54,705.4,2026-09-15,709.0,4.33,4.6,3.64,95512,3929,,,,,
2026-09-15 20:19:54,705.4,2026-09-15,710.0,5.27,5.71,4.72,39281,17534,,,,,
2026-09-15 20:19:54,705.4,2026-09-15,711.0,6.46,6.6,5.55,7643,573,,,,,
2026-09-15 20:19:54,705.4,2026-09-15,712.0,7.35,7.51,6.5,4438,727,,,,,
2026-09-15 20:19:54,705.4,2026-09-15,713.0,8.33,8.51,7.85,1719,1161,,,,,
2026-09-15 20:19:54,705.4,2026-09-15,714.0,9.23,9.61,8.69,945,859,,,,,
2026-09-15 20:19:54,705.4,2026-09-15,715.0,10.37,10.87,9.68,1008,2401,,,,,
2026-09-15 20:19:54,705.4,2026-09-15,716.0,11.15,11.87,10.85,173,1161,,,,,
2026-09-15 20:19:54,705.4,2026-09-15,717.0,12.19,12.47,11.86,481,612,,,,,
2026-09-15 20:19:54,705.4,2026-09-15,718.0,13.53,13.87,12.76,171,460,,,,,
2026-09-15 20:19:54,705.4,2026-09-15,719.0,14.54,14.63,15.18,176,105,,,,,
2026-09-15 20:19:54,705.4,2026-09-15,720.0,15.58,15.87,14.75,204,620,,,,,
2026-09-15 20:20:55,705.4,2026-09-15,691.0,0,0.03,0.01,3100,145,,,,,
2026-09-15 20:20:55,705.4,2026-09-15,692.0,0,0.03,0.01,10740,395,,,,,
2026-09-15 20:20:55,705.4,2026-09-15,693.0,0,0.01,0.01,5107,421,,,,,
2026-09-15 20:20:55,705.4,2026-09-15,694.0,0,0.03,0.01,3799,412,4.7742,-0.0066,0.00399,-0.01,0.0002
2026-09-15 20:20:55,705.4,2026-09-15,695.0,0,0.03,0.01,8052,1082,4.3993,-0.0071,0.00463,-0.01,0.0002
2026-09-15 20:20:55,705.4,2026-09-15,696.0,0,0.03,0.01,9810,2637,4.0215,-0.0077,0.00544,-0.01,0.0002
2026-09-15 20:20:55,705.4,2026-09-15,697.0,0,0.01,0.01,10093,551,3.6405,-0.0085,0.0065,-0.01,0.0002
2026-09-15 20:20:55,705.4,2026-09-15,698.0,0,0.01,0.01,33823,1423,3.2556,-0.0094,0.00795,-0.01,0.0002
2026-09-15 20:20:55,705.4,2026-09-15,699.0,0,0.03,0.01,33870,1786,2.866,-0.0105,0.00998,-0.01,0.0003
2026-09-15 20:20:55,705.4,2026-09-15,700.0,0,0.01,0.01,108822,2887,2.4708,-0.012,0.01301,-0.01,0.0003
2026-09-15 20:20:55,705.4,2026-09-15,701.0,0.01,0.02,0.01,48189,971,2.193,-0.0192,0.02194,-0.015,0.0005
2026-09-15 20:20:55,705.4,2026-09-15,702.0,0.01,0.02,0.01,100077,1230,1.7621,-0.0233,0.03218,-0.015,0.0005
2026-09-15 20:20:55,705.4,2026-09-15,703.0,0.01,0.04,0.01,227306,826,1.4444,-0.0435,0.0656,-0.025,0.0009
2026-09-15 20:20:55,705.4,2026-09-15,704.0,0.05,0.06,0.01,490991,415,1.1429,-0.1036,0.16198,-0.055,0.0018
2026-09-15 20:20:55,705.4,2026-09-15,705.0,0.42,0.46,0.02,574046,10115,1.5966,-0.3979,0.24835,-0.44,0.0038
2026-09-15 20:20:55,705.4,2026-09-15,706.0,1.31,1.66,0.61,292897,360,2.9883,-0.5809,0.13438,-0.885,0.0038
2026-09-15 20:20:55,705.4,2026-09-15,707.0,2.31,2.57,1.56,176457,700,3.8775,-0.6631,0.09678,-0.84,0.0036
2026-09-15 20:20:55,705.4,2026-09-15,708.0,3.26,3.65,2.57,169176,1026,4.8222,-0.7088,0.0731,-0.855,0.0033
2026-09-15 20:20:55,705.4,2026-09-15,709.0,4.33,4.6,3.64,95527,3929,,,,,
2026-09-15 20:20:55,705.4,2026-09-15,710.0,5.27,5.71,4.72,39281,17534,,,,,
2026-09-15 20:20:55,705.4,2026-09-15,711.0,6.46,6.6,5.55,7647,573,,,,,
2026-09-15 20:20:55,705.4,2026-09-15,712.0,7.35,7.51,6.5,4438,727,,,,,
2026-09-15 20:20:55,705.4,2026-09-15,713.0,8.33,8.51,7.85,1719,1161,,,,,
2026-09-15 20:20:55,705.4,2026-09-15,714.0,9.23,9.61,8.69,945,859,,,,,
2026-09-15 20:20:55,705.4,2026-09-15,715.0,10.37,10.87,9.68,1008,2401,,,,,
2026-09-15 20:20:55,705.4,2026-09-15,716.0,11.15,11.87,10.85,173,1161,,,,,
2026-09-15 20:20:55,705.4,2026-09-15,717.0,12.19,12.47,11.86,481,612,,,,,
2026-09-15 20:20:55,705.4,2026-09-15,718.0,13.53,13.87,12.76,171,460,,,,,
2026-09-15 20:20:55,705.4,2026-09-15,719.0,14.54,14.63,15.18,176,105,,,,,
2026-09-15 20:20:55,705.4,2026-09-15,720.0,15.58,15.87,14.75,204,620,,,,,
2026-09-15 20:21:56,705.4,2026-09-15,691.0,0,0.03,0.01,3100,145,,,,,
2026-09-15 20:21:56,705.4,2026-09-15,692.0,0,0.03,0.01,10740,395,,,,,
2026-09-15 20:21:56,705.4,2026-09-15,693.0,0,0.01,0.01,5107,421,,,,,
2026-09-15 20:21:56,705.4,2026-09-15,694.0,0,0.03,0.01,3799,412,4.7742,-0.0066,0.00399,-0.01,0.0002
2026-09-15 20:21:56,705.4,2026-09-15,695.0,0,0.03,0.01,8052,1082,4.3993,-0.0071,0.00463,-0.01,0.0002
2026-09-15 20:21:56,705.4,2026-09-15,696.0,0,0.03,0.01,10389,2637,4.0215,-0.0077,0.00544,-0.01,0.0002
2026-09-15 20:21:56,705.4,2026-09-15,697.0,0,0.01,0.01,10093,551,3.6405,-0.0085,0.0065,-0.01,0.0002
2026-09-15 20:21:56,705.4,2026-09-15,698.0,0,0.01,0.01,33823,1423,3.2556,-0.0094,0.00795,-0.01,0.0002
2026-09-15 20:21:56,705.4,2026-09-15,699.0,0,0.03,0.01,34672,1786,2.866,-0.0105,0.00998,-0.01,0.0003
2026-09-15 20:21:56,705.4,2026-09-15,700.0,0,0.01,0.01,110259,2887,2.4708,-0.012,0.01301,-0.01,0.0003
2026-09-15 20:21:56,705.4,2026-09-15,701.0,0.01,0.02,0.01,48189,971,2.193,-0.0192,0.02194,-0.015,0.0005
2026-09-15 20:21:56,705.4,2026-09-15,702.0,0.01,0.02,0.01,100078,1230,1.7621,-0.0233,0.03218,-0.015,0.0005
2026-09-15 20:21:56,705.4,2026-09-15,703.0,0.01,0.04,0.01,227310,826,1.4444,-0.0435,0.0656,-0.025,0.0009
2026-09-15 20:21:56,705.4,2026-09-15,704.0,0.05,0.06,0.01,491084,415,1.1429,-0.1036,0.16198,-0.055,0.0018
2026-09-15 20:21:56,705.4,2026-09-15,705.0,0.42,0.46,0.02,574234,10115,1.5966,-0.3979,0.24835,-0.44,0.0038
2026-09-15 20:21:56,705.4,2026-09-15,706.0,1.31,1.66,0.61,292906,360,2.9883,-0.5809,0.13438,-0.885,0.0038
2026-09-15 20:21:56,705.4,2026-09-15,707.0,2.31,2.57,1.56,176457,700,3.8775,-0.6631,0.09678,-0.84,0.0036
2026-09-15 20:21:56,705.4,2026-09-15,708.0,3.26,3.65,2.57,169176,1026,4.8222,-0.7088,0.0731,-0.855,0.0033
2026-09-15 20:21:56,705.4,2026-09-15,709.0,4.33,4.6,3.64,95527,3929,,,,,
2026-09-15 20:21:56,705.4,2026-09-15,710.0,5.27,5.71,4.72,39281,17534,,,,,
2026-09-15 20:21:56,705.4,2026-09-15,711.0,6.46,6.6,5.55,7647,573,,,,,
2026-09-15 20:21:56,705.4,2026-09-15,712.0,7.35,7.51,6.5,4438,727,,,,,
2026-09-15 20:21:56,705.4,2026-09-15,713.0,8.33,8.51,7.85,1719,1161,,,,,
2026-09-15 20:21:56,705.4,2026-09-15,714.0,9.23,9.61,8.69,945,859,,,,,
2026-09-15 20:21:56,705.4,2026-09-15,715.0,10.37,10.87,9.68,1008,2401,,,,,
2026-09-15 20:21:56,705.4,2026-09-15,716.0,11.15,11.87,10.85,173,1161,,,,,
2026-09-15 20:21:56,705.4,2026-09-15,717.0,12.19,12.47,11.86,481,612,,,,,
2026-09-15 20:21:56,705.4,2026-09-15,718.0,13.53,13.87,12.76,171,460,,,,,
2026-09-15 20:21:56,705.4,2026-09-15,719.0,14.54,14.63,15.18,176,105,,,,,
2026-09-15 20:21:56,705.4,2026-09-15,720.0,15.58,15.87,14.75,204,620,,,,,
2026-09-15 20:22:57,705.4,2026-09-15,691.0,0,0.03,0.01,3100,145,,,,,
2026-09-15 20:22:57,705.4,2026-09-15,692.0,0,0.03,0.01,10740,395,,,,,
2026-09-15 20:22:57,705.4,2026-09-15,693.0,0,0.01,0.01,5108,421,,,,,
2026-09-15 20:22:57,705.4,2026-09-15,694.0,0,0.03,0.01,3799,412,4.7742,-0.0066,0.00399,-0.01,0.0002
2026-09-15 20:22:57,705.4,2026-09-15,695.0,0,0.03,0.01,8052,1082,4.3993,-0.0071,0.00463,-0.01,0.0002
2026-09-15 20:22:57,705.4,2026-09-15,696.0,0,0.03,0.01,10389,2637,4.0215,-0.0077,0.00544,-0.01,0.0002
2026-09-15 20:22:57,705.4,2026-09-15,697.0,0,0.01,0.01,10093,551,3.6405,-0.0085,0.0065,-0.01,0.0002
2026-09-15 20:22:57,705.4,2026-09-15,698.0,0,0.01,0.01,33824,1423,3.2556,-0.0094,0.00795,-0.01,0.0002
2026-09-15 20:22:57,705.4,2026-09-15,699.0,0,0.03,0.01,34672,1786,2.866,-0.0105,0.00998,-0.01,0.0003
2026-09-15 20:22:57,705.4,2026-09-15,700.0,0,0.01,0.01,111648,2887,2.4708,-0.012,0.01301,-0.01,0.0003
2026-09-15 20:22:57,705.4,2026-09-15,701.0,0.01,0.02,0.01,48207,971,2.193,-0.0192,0.02194,-0.015,0.0005
2026-09-15 20:22:57,705.4,2026-09-15,702.0,0.01,0.02,0.01,100084,1230,1.7621,-0.0233,0.03218,-0.015,0.0005
2026-09-15 20:22:57,705.4,2026-09-15,703.0,0.01,0.04,0.01,227312,826,1.4444,-0.0435,0.0656,-0.025,0.0009
2026-09-15 20:22:57,705.4,2026-09-15,704.0,0.05,0.06,0.01,491563,415,1.1429,-0.1036,0.16198,-0.055,0.0018
2026-09-15 20:22:57,705.4,2026-09-15,705.0,0.42,0.46,0.02,576337,10115,1.5966,-0.3979,0.24835,-0.44,0.0038
2026-09-15 20:22:57,705.4,2026-09-15,706.0,1.31,1.66,0.61,292951,360,2.9883,-0.5809,0.13438,-0.885,0.0038
2026-09-15 20:22:57,705.4,2026-09-15,707.0,2.31,2.57,1.56,176457,700,3.8775,-0.6631,0.09678,-0.84,0.0036
2026-09-15 20:22:57,705.4,2026-09-15,708.0,3.26,3.65,2.57,170182,1026,4.8222,-0.7088,0.0731,-0.855,0.0033
2026-09-15 20:22:57,705.4,2026-09-15,709.0,4.33,4.6,3.64,95527,3929,,,,,
2026-09-15 20:22:57,705.4,2026-09-15,710.0,5.27,5.71,4.72,39281,17534,,,,,
2026-09-15 20:22:57,705.4,2026-09-15,711.0,6.46,6.6,5.55,7647,573,,,,,
2026-09-15 20:22:57,705.4,2026-09-15,712.0,7.35,7.51,6.5,4438,727,,,,,
2026-09-15 20:22:57,705.4,2026-09-15,713.0,8.33,8.51,7.85,1719,1161,,,,,
2026-09-15 20:22:57,705.4,2026-09-15,714.0,9.23,9.61,8.69,945,859,,,,,
2026-09-15 20:22:57,705.4,2026-09-15,715.0,10.37,10.87,9.68,1009,2401,,,,,
2026-09-15 20:22:57,705.4,2026-09-15,716.0,11.15,11.87,10.85,173,1161,,,,,
2026-09-15 20:22:57,705.4,2026-09-15,717.0,12.19,12.47,11.86,481,612,,,,,
2026-09-15 20:22:57,705.4,2026-09-15,718.0,13.53,13.87,12.76,171,460,,,,,
2026-09-15 20:22:57,705.4,2026-09-15,719.0,14.54,14.63,15.18,176,105,,,,,
2026-09-15 20:22:57,705.4,2026-09-15,720.0,15.58,15.87,14.75,204,620,,,,,
2026-09-15 20:24:00,705.28,2026-09-15,691.0,0,0.03,0.01,3100,145,,,,,
2026-09-15 20:24:00,705.28,2026-09-15,692.0,0,0.03,0.01,10740,395,,,,,
2026-09-15 20:24:00,705.28,2026-09-15,693.0,0,0.01,0.01,5109,421,,,,,
2026-09-15 20:24:00,705.28,2026-09-15,694.0,0,0.03,0.01,3799,412,4.7301,-0.0067,0.00406,-0.01,0.0002
2026-09-15 20:24:00,705.28,2026-09-15,695.0,0,0.03,0.01,8052,1082,4.3549,-0.0072,0.00471,-0.01,0.0002
2026-09-15 20:24:00,705.28,2026-09-15,696.0,0,0.03,0.01,10389,2637,3.9767,-0.0078,0.00555,-0.01,0.0002
2026-09-15 20:24:00,705.28,2026-09-15,697.0,0,0.01,0.01,10103,551,3.5951,-0.0086,0.00665,-0.01,0.0002
2026-09-15 20:24:00,705.28,2026-09-15,698.0,0,0.01,0.01,33825,1423,3.2096,-0.0095,0.00815,-0.01,0.0002
2026-09-15 20:24:00,705.28,2026-09-15,699.0,0,0.03,0.01,34673,1786,2.8194,-0.0107,0.01028,-0.01,0.0003
2026-09-15 20:24:00,705.28,2026-09-15,700.0,0,0.01,0.01,111667,2887,2.4234,-0.0122,0.01347,-0.01,0.0003
2026-09-15 20:24:00,705.28,2026-09-15,701.0,0.01,0.02,0.01,48207,971,2.1423,-0.0196,0.02287,-0.015,0.0005
2026-09-15 20:24:00,705.28,2026-09-15,702.0,0.01,0.02,0.01,100084,1230,1.7098,-0.024,0.03393,-0.015,0.0005
2026-09-15 20:24:00,705.28,2026-09-15,703.0,0.01,0.04,0.01,227319,826,1.3861,-0.0451,0.07039,-0.025,0.0009
2026-09-15 20:24:00,705.28,2026-09-15,704.0,0.05,0.06,0.01,493726,415,1.0714,-0.1093,0.17964,-0.055,0.0018
2026-09-15 20:24:00,705.28,2026-09-15,705.0,0.42,0.46,0.02,579405,10115,1.4667,-0.4218,0.27422,-0.44,0.0038
2026-09-15 20:24:00,705.28,2026-09-15,706.0,1.31,1.66,0.61,293223,360,2.8002,-0.6034,0.1415,-0.765,0.0037
2026-09-15 20:24:00,705.28,2026-09-15,707.0,2.31,2.57,1.56,176491,700,3.6469,-0.685,0.10013,-0.72,0.0035
2026-09-15 20:24:00,705.28,2026-09-15,708.0,3.26,3.65,2.57,170192,1026,4.5595,-0.7287,0.07472,-0.735,0.0032
2026-09-15 20:24:00,705.28,2026-09-15,709.0,4.33,4.6,3.64,95528,3929,,,,,
2026-09-15 20:24:00,705.28,2026-09-15,710.0,5.27,5.71,4.72,39281,17534,,,,,
2026-09-15 20:24:00,705.28,2026-09-15,711.0,6.46,6.6,5.55,7647,573,,,,,
2026-09-15 20:24:00,705.28,2026-09-15,712.0,7.35,7.51,6.5,4438,727,,,,,
2026-09-15 20:24:00,705.28,2026-09-15,713.0,8.33,8.51,7.85,1719,1161,,,,,
2026-09-15 20:24:00,705.28,2026-09-15,714.0,9.23,9.61,8.69,945,859,,,,,
2026-09-15 20:24:00,705.28,2026-09-15,715.0,10.37,10.87,9.68,1009,2401,,,,,
2026-09-15 20:24:00,705.28,2026-09-15,716.0,11.15,11.87,10.85,173,1161,,,,,
2026-09-15 20:24:00,705.28,2026-09-15,717.0,12.19,12.47,11.86,481,612,,,,,
2026-09-15 20:24:00,705.28,2026-09-15,718.0,13.53,13.87,12.76,171,460,,,,,
2026-09-15 20:24:00,705.28,2026-09-15,719.0,14.54,14.63,15.18,176,105,,,,,
2026-09-15 20:24:00,705.28,2026-09-15,720.0,15.58,15.87,14.75,204,620,,,,,
2026-09-15 20:25:01,705.28,2026-09-15,691.0,0,0.03,0.01,3100,145,,,,,
2026-09-15 20:25:01,705.28,2026-09-15,692.0,0,0.03,0.01,10742,395,,,,,
2026-09-15 20:25:01,705.28,2026-09-15,693.0,0,0.01,0.01,5109,421,,,,,
2026-09-15 20:25:01,705.28,2026-09-15,694.0,0,0.03,0.01,3799,412,4.7301,-0.0067,0.00406,-0.01,0.0002
2026-09-15 20:25:01,705.28,2026-09-15,695.0,0,0.03,0.01,8052,1082,4.3549,-0.0072,0.00471,-0.01,0.0002
2026-09-15 20:25:01,705.28,2026-09-15,696.0,0,0.03,0.01,10389,2637,3.9767,-0.0078,0.00555,-0.01,0.0002
2026-09-15 20:25:01,705.28,2026-09-15,697.0,0,0.01,0.01,10103,551,3.5951,-0.0086,0.00665,-0.01,0.0002
2026-09-15 20:25:01,705.28,2026-09-15,698.0,0,0.01,0.01,33825,1423,3.2096,-0.0095,0.00815,-0.01,0.0002
2026-09-15 20:25:01,705.28,2026-09-15,699.0,0,0.03,0.01,34673,1786,2.8194,-0.0107,0.01028,-0.01,0.0003
2026-09-15 20:25:01,705.28,2026-09-15,700.0,0,0.01,0.01,111693,2887,2.4234,-0.0122,0.01347,-0.01,0.0003
2026-09-15 20:25:01,705.28,2026-09-15,701.0,0.01,0.02,0.01,48207,971,2.1423,-0.0196,0.02287,-0.015,0.0005
2026-09-15 20:25:01,705.28,2026-09-15,702.0,0.01,0.02,0.01,100091,1230,1.7098,-0.024,0.03393,-0.015,0.0005
2026-09-15 20:25:01,705.28,2026-09-15,703.0,0.01,0.04,0.01,227442,826,1.3861,-0.0451,0.07039,-0.025,0.0009
2026-09-15 20:25:01,705.28,2026-09-15,704.0,0.05,0.06,0.01,498402,415,1.0714,-0.1093,0.17964,-0.055,0.0018
2026-09-15 20:25:01,705.28,2026-09-15,705.0,0.42,0.46,0.02,586407,10115,1.4667,-0.4218,0.27422,-0.44,0.0038
2026-09-15 20:25:01,705.28,2026-09-15,706.0,1.31,1.66,0.61,293367,360,2.8002,-0.6034,0.1415,-0.765,0.0037
2026-09-15 20:25:01,705.28,2026-09-15,707.0,2.31,2.57,1.56,176516,700,3.6469,-0.685,0.10013,-0.72,0.0035
2026-09-15 20:25:01,705.28,2026-09-15,708.0,3.26,3.65,2.57,170203,1026,4.5595,-0.7287,0.07472,-0.735,0.0032
2026-09-15 20:25:01,705.28,2026-09-15,709.0,4.33,4.6,3.64,95544,3929,,,,,
2026-09-15 20:25:01,705.28,2026-09-15,710.0,5.27,5.71,4.72,39282,17534,,,,,
2026-09-15 20:25:01,705.28,2026-09-15,711.0,6.46,6.6,5.55,7647,573,,,,,
2026-09-15 20:25:01,705.28,2026-09-15,712.0,7.35,7.51,6.5,4438,727,,,,,
2026-09-15 20:25:01,705.28,2026-09-15,713.0,8.33,8.51,7.85,1719,1161,,,,,
2026-09-15 20:25:01,705.28,2026-09-15,714.0,9.23,9.61,8.69,945,859,,,,,
2026-09-15 20:25:01,705.28,2026-09-15,715.0,10.37,10.87,9.68,1010,2401,,,,,
2026-09-15 20:25:01,705.28,2026-09-15,716.0,11.15,11.87,10.85,173,1161,,,,,
2026-09-15 20:25:01,705.28,2026-09-15,717.0,12.19,12.47,11.86,481,612,,,,,
2026-09-15 20:25:01,705.28,2026-09-15,718.0,13.53,13.87,12.76,171,460,,,,,
2026-09-15 20:25:01,705.28,2026-09-15,719.0,14.54,14.63,15.18,176,105,,,,,
2026-09-15 20:25:01,705.28,2026-09-15,720.0,15.58,15.87,14.75,204,620,,,,,
