run_time,spot,expiration,strike,bid,ask,last,volume,open_interest,iv,delta,gamma,theta,vega
2026-08-31 19:15:15,714.85,2026-08-31,708.0,6.79,7.08,6.61,1345,349,0.6278,0.9521,0.02405,-0.085,0.0066
2026-08-31 19:15:15,714.85,2026-08-31,709.0,5.76,6.11,5.59,1294,522,0.5533,0.9466,0.02977,-0.085,0.0072
2026-08-31 19:15:15,714.85,2026-08-31,710.0,4.77,4.9,4.71,8576,11199,,,,,
2026-08-31 19:15:15,714.85,2026-08-31,711.0,3.85,4.019,3.61,5981,643,0.3981,0.9296,0.05134,-0.0845,0.0089
2026-08-31 19:15:15,714.85,2026-08-31,712.0,2.85,2.9,2.89,21643,988,0.2403,0.9644,0.04941,-0.025,0.0052
2026-08-31 19:15:15,714.85,2026-08-31,713.0,1.84,1.94,1.84,67789,465,0.1889,0.9319,0.10555,-0.04,0.0087
2026-08-31 19:15:15,714.85,2026-08-31,714.0,1.06,1.09,1.06,237440,619,0.2077,0.7336,0.23978,-0.225,0.0217
2026-08-31 19:15:15,714.85,2026-08-31,715.0,0.45,0.46,0.45,468709,3188,0.1997,0.4558,0.30109,-0.455,0.0262
2026-08-31 19:15:15,714.85,2026-08-31,716.0,0.12,0.13,0.13,334274,1548,0.1914,0.1821,0.2094,-0.125,0.0174
2026-08-31 19:15:15,714.85,2026-08-31,717.0,0.02,0.07,0.05,174184,1524,0.2202,0.0701,0.09252,-0.045,0.0089
2026-08-31 19:15:15,714.85,2026-08-31,718.0,0.01,0.02,0.01,109308,6199,0.2425,0.0249,0.03637,-0.015,0.0038
2026-08-31 19:15:15,714.85,2026-08-31,719.0,0.01,0.02,0.03,47069,1061,0.3058,0.0202,0.02425,-0.015,0.0032
2026-08-31 19:15:15,714.85,2026-08-31,720.0,0,0.03,0.01,63047,9314,0.3471,0.0126,0.01422,-0.01,0.0021
2026-08-31 19:15:15,714.85,2026-08-31,721.0,0,0.01,0.01,21222,1019,0.4046,0.011,0.01082,-0.01,0.0019
2026-08-31 19:16:16,714.75,2026-08-31,708.0,6.55,6.82,6.85,1345,349,,,,,
2026-08-31 19:16:16,714.75,2026-08-31,709.0,5.63,5.98,5.67,1294,522,0.505,0.9605,0.0259,-0.055,0.0056
2026-08-31 19:16:16,714.75,2026-08-31,710.0,4.63,4.85,4.77,8579,11199,,,,,
2026-08-31 19:16:16,714.75,2026-08-31,711.0,3.62,3.84,3.78,5984,643,,,,,
2026-08-31 19:16:16,714.75,2026-08-31,712.0,2.66,2.84,2.76,21672,988,,,,,
2026-08-31 19:16:16,714.75,2026-08-31,713.0,1.79,1.9,1.79,67947,465,0.2324,0.8768,0.13449,-0.095,0.0133
2026-08-31 19:16:16,714.75,2026-08-31,714.0,0.98,1,0.99,238755,619,0.2043,0.7144,0.25517,-0.24,0.0222
2026-08-31 19:16:16,714.75,2026-08-31,715.0,0.43,0.44,0.43,470002,3188,0.2114,0.4291,0.28491,-0.435,0.0256
2026-08-31 19:16:16,714.75,2026-08-31,716.0,0.12,0.17,0.16,334583,1548,0.2157,0.188,0.19171,-0.145,0.0176
2026-08-31 19:16:16,714.75,2026-08-31,717.0,0.02,0.07,0.06,174761,1524,0.2307,0.068,0.08731,-0.045,0.0086
2026-08-31 19:16:16,714.75,2026-08-31,718.0,0.04,0.05,0.04,109324,6199,0.3076,0.0532,0.05405,-0.045,0.0071
2026-08-31 19:16:16,714.75,2026-08-31,719.0,0.01,0.04,0.03,47078,1061,0.3425,0.0291,0.02968,-0.025,0.0043
2026-08-31 19:16:16,714.75,2026-08-31,720.0,0,0.01,0.01,63047,9314,0.357,0.0124,0.0138,-0.01,0.0021
2026-08-31 19:16:16,714.75,2026-08-31,721.0,0,0.01,0.01,21222,1019,0.4151,0.0108,0.01055,-0.01,0.0019
2026-08-31 19:17:16,714.83,2026-08-31,708.0,6.77,6.88,6.85,1345,349,,,,,
2026-08-31 19:17:16,714.83,2026-08-31,709.0,5.66,5.94,5.67,1294,522,,,,,
2026-08-31 19:17:16,714.83,2026-08-31,710.0,4.81,4.93,4.7,8579,11199,0.4164,0.9648,0.02896,-0.04,0.005
2026-08-31 19:17:16,714.83,2026-08-31,711.0,3.68,3.89,3.74,5990,643,,,,,
2026-08-31 19:17:16,714.83,2026-08-31,712.0,2.75,2.93,2.68,21696,988,0.2052,0.9841,0.0301,-0.01,0.0026
2026-08-31 19:17:16,714.83,2026-08-31,713.0,1.86,1.93,1.87,67973,465,0.2175,0.9049,0.12067,-0.065,0.0109
2026-08-31 19:17:16,714.83,2026-08-31,714.0,1.05,1.08,1.05,239308,619,0.2147,0.7267,0.24039,-0.235,0.0214
2026-08-31 19:17:16,714.83,2026-08-31,715.0,0.45,0.47,0.46,470624,3188,0.2099,0.4511,0.29276,-0.46,0.0255
2026-08-31 19:17:16,714.83,2026-08-31,716.0,0.12,0.17,0.13,334867,1548,0.2096,0.1941,0.20359,-0.145,0.0177
2026-08-31 19:17:16,714.83,2026-08-31,717.0,0.02,0.03,0.05,174800,1524,0.2003,0.0469,0.07588,-0.025,0.0063
2026-08-31 19:17:16,714.83,2026-08-31,718.0,0.04,0.05,0.04,109365,6199,0.3051,0.0541,0.05587,-0.045,0.0071
2026-08-31 19:17:16,714.83,2026-08-31,719.0,0.01,0.04,0.01,47084,1061,0.3411,0.0295,0.0305,-0.025,0.0043
2026-08-31 19:17:16,714.83,2026-08-31,720.0,0,0.03,0.01,63049,9314,0.3564,0.0125,0.01413,-0.01,0.0021
2026-08-31 19:17:16,714.83,2026-08-31,721.0,0,0.01,0.01,21222,1019,0.4153,0.0109,0.01076,-0.01,0.0019
2026-08-31 19:18:16,714.86,2026-08-31,708.0,6.66,6.99,6.85,1345,349,,,,,
2026-08-31 19:18:16,714.86,2026-08-31,709.0,5.63,5.84,5.67,1294,522,,,,,
2026-08-31 19:18:16,714.86,2026-08-31,710.0,4.8,4.9,4.7,8579,11199,,,,,
2026-08-31 19:18:16,714.86,2026-08-31,711.0,3.77,3.97,3.76,6028,643,0.2718,0.9874,0.0188,-0.01,0.0021
2026-08-31 19:18:16,714.86,2026-08-31,712.0,2.7,2.91,2.78,21724,988,,,,,
2026-08-31 19:18:16,714.86,2026-08-31,713.0,1.77,1.87,1.77,68015,465,,,,,
2026-08-31 19:18:16,714.86,2026-08-31,714.0,0.95,0.98,0.98,239612,619,0.1542,0.8103,0.27593,-0.105,0.0173
2026-08-31 19:18:16,714.86,2026-08-31,715.0,0.42,0.43,0.39,472642,3188,0.1931,0.4558,0.32237,-0.425,0.0253
2026-08-31 19:18:16,714.86,2026-08-31,716.0,0.14,0.15,0.15,335018,1548,0.2087,0.1965,0.20838,-0.145,0.0176
2026-08-31 19:18:16,714.86,2026-08-31,717.0,0.06,0.07,0.05,174825,1524,0.2485,0.0889,0.10168,-0.065,0.0102
2026-08-31 19:18:16,714.86,2026-08-31,718.0,0.04,0.05,0.02,109412,6199,0.3064,0.0545,0.05658,-0.045,0.007
2026-08-31 19:18:16,714.86,2026-08-31,719.0,0.03,0.04,0.03,47181,1061,0.3641,0.0378,0.03545,-0.035,0.0052
2026-08-31 19:18:16,714.86,2026-08-31,720.0,0,0.01,0.01,63049,9314,0.3588,0.0126,0.01426,-0.01,0.0021
2026-08-31 19:18:16,714.86,2026-08-31,721.0,0,0.01,0.01,21222,1019,0.4185,0.011,0.01084,-0.01,0.0018
2026-08-31 19:19:17,714.77,2026-08-31,708.0,6.49,6.88,6.85,1345,349,,,,,
2026-08-31 19:19:17,714.77,2026-08-31,709.0,5.54,5.76,5.67,1294,522,,,,,
2026-08-31 19:19:17,714.77,2026-08-31,710.0,4.66,4.92,4.7,8580,11199,0.3725,0.9796,0.02103,-0.02,0.0031
2026-08-31 19:19:17,714.77,2026-08-31,711.0,3.59,3.77,3.65,6028,643,,,,,
2026-08-31 19:19:17,714.77,2026-08-31,712.0,2.76,2.82,2.69,21734,988,0.2359,0.9694,0.04656,-0.02,0.0043
2026-08-31 19:19:17,714.77,2026-08-31,713.0,1.85,1.91,1.85,68039,465,0.2543,0.8666,0.13462,-0.11,0.0135
2026-08-31 19:19:17,714.77,2026-08-31,714.0,1.02,1.03,1.02,240107,619,0.2215,0.7108,0.2454,-0.255,0.0215
2026-08-31 19:19:17,714.77,2026-08-31,715.0,0.42,0.43,0.42,473327,3188,0.2116,0.4325,0.29544,-0.425,0.0247
2026-08-31 19:19:17,714.77,2026-08-31,716.0,0.13,0.14,0.14,335425,1548,0.2154,0.183,0.19561,-0.135,0.0167
2026-08-31 19:19:17,714.77,2026-08-31,717.0,0.05,0.06,0.05,174974,1524,0.2489,0.0779,0.09306,-0.055,0.0092
2026-08-31 19:19:17,714.77,2026-08-31,718.0,0.01,0.04,0.02,109445,6199,0.2832,0.0354,0.04381,-0.025,0.0049
2026-08-31 19:19:17,714.77,2026-08-31,719.0,0.03,0.04,0.02,47181,1061,0.3752,0.0372,0.0344,-0.035,0.0051
2026-08-31 19:19:17,714.77,2026-08-31,720.0,0,0.03,0.01,63053,9314,0.3688,0.0124,0.01388,-0.01,0.002
2026-08-31 19:19:17,714.77,2026-08-31,721.0,0,0.01,0.01,21222,1019,0.429,0.0109,0.0106,-0.01,0.0018
2026-08-31 19:20:17,714.75,2026-08-31,708.0,6.68,6.9,6.85,1345,349,0.5827,0.9696,0.01898,-0.045,0.0043
2026-08-31 19:20:17,714.75,2026-08-31,709.0,5.78,5.94,5.67,1297,522,0.6198,0.9334,0.03357,-0.115,0.008
2026-08-31 19:20:17,714.75,2026-08-31,710.0,4.76,4.94,4.59,8583,11199,0.5233,0.9289,0.04181,-0.105,0.0084
2026-08-31 19:20:17,714.75,2026-08-31,711.0,3.65,3.91,3.65,6030,643,0.3419,0.9617,0.03919,-0.035,0.0052
2026-08-31 19:20:17,714.75,2026-08-31,712.0,2.71,2.9,2.71,21769,988,0.3003,0.9301,0.07186,-0.06,0.0083
2026-08-31 19:20:17,714.75,2026-08-31,713.0,1.81,1.89,1.81,68073,465,0.2513,0.869,0.13622,-0.105,0.0132
2026-08-31 19:20:17,714.75,2026-08-31,714.0,0.98,0.99,0.98,240613,619,0.2138,0.7136,0.25622,-0.24,0.0211
2026-08-31 19:20:17,714.75,2026-08-31,715.0,0.36,0.37,0.4,474139,3188,0.194,0.4173,0.32393,-0.365,0.0242
2026-08-31 19:20:17,714.75,2026-08-31,716.0,0.09,0.1,0.1,335706,1548,0.1951,0.1511,0.1933,-0.095,0.0146
2026-08-31 19:20:17,714.75,2026-08-31,717.0,0.05,0.06,0.05,175356,1524,0.2542,0.0774,0.09178,-0.055,0.009
2026-08-31 19:20:17,714.75,2026-08-31,718.0,0.03,0.04,0.03,109504,6199,0.3073,0.0447,0.04938,-0.035,0.0059
2026-08-31 19:20:17,714.75,2026-08-31,719.0,0.03,0.04,0.02,47183,1061,0.3818,0.037,0.03412,-0.035,0.005
2026-08-31 19:20:17,714.75,2026-08-31,720.0,0,0.01,0.01,63053,9314,0.375,0.0124,0.01378,-0.01,0.002
2026-08-31 19:20:17,714.75,2026-08-31,721.0,0,0.01,0.01,21222,1019,0.436,0.0108,0.01054,-0.01,0.0018
2026-08-31 19:21:19,714.81,2026-08-31,708.0,6.68,6.86,6.85,1345,349,,,,,
2026-08-31 19:21:19,714.81,2026-08-31,709.0,5.72,5.93,5.65,1297,522,0.4319,0.9863,0.01323,-0.015,0.0021
2026-08-31 19:21:19,714.81,2026-08-31,710.0,4.76,4.97,4.77,8583,11199,0.465,0.955,0.03323,-0.055,0.0058
2026-08-31 19:21:19,714.81,2026-08-31,711.0,3.66,3.95,3.71,6036,643,,,,,
2026-08-31 19:21:19,714.81,2026-08-31,712.0,2.68,2.85,2.69,21773,988,,,,,
2026-08-31 19:21:19,714.81,2026-08-31,713.0,1.81,1.93,1.81,68133,465,0.2221,0.9088,0.12041,-0.06,0.0101
2026-08-31 19:21:19,714.81,2026-08-31,714.0,1.03,1.05,1.03,241418,619,0.2206,0.7263,0.24608,-0.23,0.0204
2026-08-31 19:21:19,714.81,2026-08-31,715.0,0.42,0.43,0.42,475369,3188,0.2099,0.4424,0.30679,-0.425,0.0242
2026-08-31 19:21:19,714.81,2026-08-31,716.0,0.14,0.15,0.14,336499,1548,0.2226,0.1925,0.20046,-0.145,0.0168
2026-08-31 19:21:19,714.81,2026-08-31,717.0,0.05,0.06,0.05,175910,1524,0.252,0.0788,0.09517,-0.055,0.009
2026-08-31 19:21:19,714.81,2026-08-31,718.0,0.03,0.04,0.03,109563,6199,0.3064,0.0453,0.05076,-0.035,0.0058
2026-08-31 19:21:19,714.81,2026-08-31,719.0,0.03,0.04,0.02,47184,1061,0.382,0.0374,0.03486,-0.035,0.005
2026-08-31 19:21:19,714.81,2026-08-31,720.0,0,0.01,0.01,63053,9314,0.3759,0.0125,0.01405,-0.01,0.002
2026-08-31 19:21:19,714.81,2026-08-31,721.0,0,0.01,0.01,21223,1019,0.4377,0.0109,0.01071,-0.01,0.0018
2026-08-31 19:22:20,714.77,2026-08-31,708.0,6.56,6.78,6.85,1345,349,,,,,
2026-08-31 19:22:20,714.77,2026-08-31,709.0,5.63,5.85,5.65,1297,522,,,,,
2026-08-31 19:22:20,714.77,2026-08-31,710.0,4.61,4.81,4.77,8583,11199,,,,,
2026-08-31 19:22:20,714.77,2026-08-31,711.0,3.62,3.89,3.71,6036,643,,,,,
2026-08-31 19:22:20,714.77,2026-08-31,712.0,2.79,2.8,2.68,21773,988,0.2567,0.9632,0.05182,-0.025,0.0049
2026-08-31 19:22:20,714.77,2026-08-31,713.0,1.73,1.84,1.77,68151,465,0.1602,0.9664,0.07698,-0.015,0.0045
2026-08-31 19:22:20,714.77,2026-08-31,714.0,0.99,1,0.93,241783,619,0.2156,0.7234,0.25644,-0.225,0.0202
2026-08-31 19:22:20,714.77,2026-08-31,715.0,0.35,0.36,0.39,475932,3188,0.1905,0.422,0.33945,-0.355,0.0237
2026-08-31 19:22:20,714.77,2026-08-31,716.0,0.08,0.09,0.11,336832,1548,0.1906,0.1439,0.19663,-0.085,0.0137
2026-08-31 19:22:20,714.77,2026-08-31,717.0,0.05,0.06,0.05,175958,1524,0.2588,0.0779,0.09306,-0.055,0.0088
2026-08-31 19:22:20,714.77,2026-08-31,718.0,0.03,0.04,0.03,109578,6199,0.3136,0.0449,0.0499,-0.035,0.0057
2026-08-31 19:22:20,714.77,2026-08-31,719.0,0.03,0.04,0.01,47184,1061,0.3901,0.0372,0.0344,-0.035,0.0049
2026-08-31 19:22:20,714.77,2026-08-31,720.0,0,0.01,0.01,63053,9314,0.3834,0.0124,0.01388,-0.01,0.0019
2026-08-31 19:22:20,714.77,2026-08-31,721.0,0,0.03,0.01,21225,1019,0.4461,0.0109,0.0106,-0.01,0.0017
2026-08-31 19:23:20,715.09,2026-08-31,709.0,5.96,6.08,5.65,1299,522,,,,,
2026-08-31 19:23:20,715.09,2026-08-31,710.0,4.93,5.05,4.85,8592,11199,,,,,
2026-08-31 19:23:20,715.09,2026-08-31,711.0,3.95,4.19,3.92,6050,643,,,,,
2026-08-31 19:23:20,715.09,2026-08-31,712.0,2.97,3.05,2.93,21816,988,,,,,
2026-08-31 19:23:20,715.09,2026-08-31,713.0,2.11,2.18,2.11,68523,465,0.2484,0.9212,0.09905,-0.055,0.0088
2026-08-31 19:23:20,715.09,2026-08-31,714.0,1.18,1.23,1.18,242754,619,0.1976,0.823,0.21998,-0.115,0.0155
2026-08-31 19:23:20,715.09,2026-08-31,715.0,0.53,0.54,0.48,477240,3188,0.2046,0.5304,0.32547,-0.445,0.0238
2026-08-31 19:23:20,715.09,2026-08-31,716.0,0.13,0.14,0.14,337082,1548,0.1891,0.2111,0.25599,-0.135,0.0173
2026-08-31 19:23:20,715.09,2026-08-31,717.0,0.02,0.03,0.05,176041,1524,0.1952,0.0512,0.09011,-0.025,0.0063
2026-08-31 19:23:20,715.09,2026-08-31,718.0,0.03,0.04,0.03,109668,6199,0.2922,0.0483,0.05749,-0.035,0.006
2026-08-31 19:23:20,715.09,2026-08-31,719.0,0.01,0.04,0.01,47186,1061,0.3491,0.0309,0.03343,-0.025,0.0042
2026-08-31 19:23:20,715.09,2026-08-31,720.0,0,0.03,0.01,63058,9314,0.3679,0.0131,0.01529,-0.01,0.002
2026-08-31 19:23:20,715.09,2026-08-31,721.0,0,0.03,0.01,21228,1019,0.4318,0.0113,0.0115,-0.01,0.0018
2026-08-31 19:23:20,715.09,2026-08-31,722.0,0,0.03,0.01,17832,1939,0.4944,0.01,0.00903,-0.01,0.0016
2026-08-31 19:24:20,715.02,2026-08-31,709.0,6.01,6.28,5.94,1300,522,0.6915,0.9316,0.03238,-0.125,0.0078
2026-08-31 19:24:20,715.02,2026-08-31,710.0,5.06,5.19,4.99,8597,11199,0.5768,0.9314,0.03893,-0.105,0.0078
2026-08-31 19:24:20,715.02,2026-08-31,711.0,3.9,4.25,3.93,6065,643,0.4194,0.949,0.04245,-0.055,0.0062
2026-08-31 19:24:20,715.02,2026-08-31,712.0,3.05,3.15,3.01,21821,988,0.3659,0.9203,0.06881,-0.08,0.0087
2026-08-31 19:24:20,715.02,2026-08-31,713.0,2.009,2.09,2.06,68586,465,0.2119,0.9478,0.08554,-0.0295,0.0063
2026-08-31 19:24:20,715.02,2026-08-31,714.0,1.15,1.17,1.13,243415,619,0.2078,0.7986,0.22973,-0.14,0.0166
2026-08-31 19:24:20,715.02,2026-08-31,715.0,0.51,0.52,0.5,478595,3188,0.2145,0.5073,0.3158,-0.495,0.0235
2026-08-31 19:24:20,715.02,2026-08-31,716.0,0.17,0.18,0.14,337549,1548,0.2235,0.2292,0.23024,-0.175,0.0178
2026-08-31 19:24:20,715.02,2026-08-31,717.0,0.02,0.03,0.06,176261,1524,0.2037,0.0499,0.08586,-0.025,0.0061
2026-08-31 19:24:20,715.02,2026-08-31,718.0,0.01,0.02,0.03,109676,6199,0.2593,0.0259,0.03941,-0.015,0.0035
2026-08-31 19:24:20,715.02,2026-08-31,719.0,0.01,0.02,0.03,47190,1061,0.3307,0.0209,0.02579,-0.015,0.003
2026-08-31 19:24:20,715.02,2026-08-31,720.0,0,0.03,0.01,63064,9314,0.3777,0.0129,0.01496,-0.01,0.002
2026-08-31 19:24:20,715.02,2026-08-31,721.0,0,0.01,0.01,21229,1019,0.4423,0.0112,0.0113,-0.01,0.0017
2026-08-31 19:24:20,715.02,2026-08-31,722.0,0,0.01,0.01,17832,1939,0.5058,0.0099,0.00889,-0.01,0.0016
2026-08-31 19:25:21,715.0,2026-08-31,708.0,6.84,7.21,6.85,1345,349,0.5827,0.9814,0.01349,-0.025,0.0026
2026-08-31 19:25:21,715.0,2026-08-31,709.0,5.97,6.16,6.02,1306,522,0.6078,0.9564,0.02617,-0.065,0.0054
2026-08-31 19:25:21,715.0,2026-08-31,710.0,4.96,5.15,4.89,8598,11199,0.5071,0.9561,0.03156,-0.055,0.0054
2026-08-31 19:25:21,715.0,2026-08-31,711.0,3.93,4.13,3.93,6065,643,0.3755,0.9673,0.03352,-0.03,0.0042
2026-08-31 19:25:21,715.0,2026-08-31,712.0,3.01,3.17,3.01,21831,988,0.3806,0.9135,0.07132,-0.09,0.0091
2026-08-31 19:25:21,715.0,2026-08-31,713.0,1.97,2.13,2.029,68671,465,0.2414,0.9238,0.10218,-0.05,0.0083
2026-08-31 19:25:21,715.0,2026-08-31,714.0,1.15,1.18,1.15,244672,619,0.2232,0.7807,0.22805,-0.165,0.0172
2026-08-31 19:25:21,715.0,2026-08-31,715.0,0.45,0.46,0.49,481446,3188,0.196,0.501,0.35057,-0.455,0.0232
2026-08-31 19:25:21,715.0,2026-08-31,716.0,0.16,0.17,0.16,338147,1548,0.2236,0.2214,0.22897,-0.165,0.0173
2026-08-31 19:25:21,715.0,2026-08-31,717.0,0.03,0.08,0.06,176406,1524,0.2485,0.0835,0.10642,-0.055,0.0089
2026-08-31 19:25:21,715.0,2026-08-31,718.0,0.01,0.02,0.03,109690,6199,0.2645,0.0258,0.03903,-0.015,0.0035
2026-08-31 19:25:21,715.0,2026-08-31,719.0,0.01,0.02,0.03,47241,1061,0.3369,0.0208,0.0256,-0.015,0.0029
2026-08-31 19:25:21,715.0,2026-08-31,720.0,0,0.01,0.01,63064,9314,0.3845,0.0129,0.01487,-0.01,0.0019
2026-08-31 19:25:21,715.0,2026-08-31,721.0,0,0.03,0.01,21229,1019,0.45,0.0112,0.01124,-0.01,0.0017
2026-08-31 19:25:21,715.0,2026-08-31,722.0,0,0.03,0.01,18091,1939,0.5144,0.0099,0.00885,-0.01,0.0015
2026-08-31 19:26:22,714.97,2026-08-31,708.0,6.84,7.17,6.85,1345,349,0.6235,0.9754,0.01615,-0.035,0.0033
2026-08-31 19:26:22,714.97,2026-08-31,709.0,5.77,6.1,5.99,1306,522,,,,,
2026-08-31 19:26:22,714.97,2026-08-31,710.0,4.95,4.98,4.89,8598,11199,,,,,
2026-08-31 19:26:22,714.97,2026-08-31,711.0,3.92,4.1,3.93,6075,643,0.4007,0.9591,0.03832,-0.04,0.005
2026-08-31 19:26:22,714.97,2026-08-31,712.0,2.87,3.05,2.98,21831,988,,,,,
2026-08-31 19:26:22,714.97,2026-08-31,713.0,2.009,2.05,2,68754,465,0.2534,0.9137,0.10862,-0.0595,0.009
2026-08-31 19:26:22,714.97,2026-08-31,714.0,1.11,1.13,1.09,245473,619,0.2138,0.7871,0.23763,-0.15,0.0166
2026-08-31 19:26:22,714.97,2026-08-31,715.0,0.42,0.47,0.47,482487,3188,0.2012,0.4906,0.34674,-0.445,0.0228
2026-08-31 19:26:22,714.97,2026-08-31,716.0,0.15,0.16,0.16,338496,1548,0.2249,0.2124,0.22564,-0.155,0.0166
2026-08-31 19:26:22,714.97,2026-08-31,717.0,0.02,0.03,0.06,176538,1524,0.214,0.0491,0.08302,-0.025,0.0058
2026-08-31 19:26:22,714.97,2026-08-31,718.0,0.03,0.04,0.02,109712,6199,0.3153,0.047,0.05443,-0.035,0.0056
2026-08-31 19:26:22,714.97,2026-08-31,719.0,0.03,0.04,0.02,47241,1061,0.3968,0.0385,0.0368,-0.035,0.0048
2026-08-31 19:26:22,714.97,2026-08-31,720.0,0,0.03,0.01,63064,9314,0.3923,0.0128,0.01474,-0.01,0.0019
2026-08-31 19:26:22,714.97,2026-08-31,721.0,0,0.03,0.01,21229,1019,0.4589,0.0111,0.01115,-0.01,0.0017
2026-08-31 19:27:23,714.97,2026-08-31,708.0,7.06,7.21,6.85,1345,349,0.8647,0.9254,0.02896,-0.165,0.0079
2026-08-31 19:27:23,714.97,2026-08-31,709.0,6.05,6.27,5.99,1306,522,0.7967,0.9098,0.03624,-0.19,0.0092
2026-08-31 19:27:23,714.97,2026-08-31,710.0,4.97,5.15,4.89,8598,11199,0.5779,0.9377,0.03772,-0.09,0.0069
2026-08-31 19:27:23,714.97,2026-08-31,711.0,3.96,4.32,3.86,6076,643,0.5729,0.8919,0.05755,-0.17,0.0105
2026-08-31 19:27:23,714.97,2026-08-31,712.0,3.11,3.23,3.06,21835,988,0.491,0.8597,0.08061,-0.2,0.0126
2026-08-31 19:27:23,714.97,2026-08-31,713.0,2.2,2.23,2.16,68792,465,0.4047,0.8073,0.12009,-0.245,0.0154
2026-08-31 19:27:23,714.97,2026-08-31,714.0,1.29,1.31,1.27,245870,619,0.3166,0.7077,0.19268,-0.33,0.0193
2026-08-31 19:27:23,714.97,2026-08-31,715.0,0.54,0.55,0.55,483042,3188,0.2488,0.4924,0.2847,-0.545,0.0225
2026-08-31 19:27:23,714.97,2026-08-31,716.0,0.2,0.21,0.19,338837,1548,0.2578,0.2399,0.21406,-0.205,0.0175
2026-08-31 19:27:23,714.97,2026-08-31,717.0,0.07,0.08,0.07,176558,1524,0.2807,0.1003,0.11123,-0.075,0.0099
2026-08-31 19:27:23,714.97,2026-08-31,718.0,0.01,0.04,0.03,109739,6199,0.3003,0.0371,0.0479,-0.025,0.0046
2026-08-31 19:27:23,714.97,2026-08-31,719.0,0,0.01,0.01,47292,1061,0.3293,0.0152,0.02065,-0.01,0.0022
2026-08-31 19:27:23,714.97,2026-08-31,720.0,0,0.01,0.01,63067,9314,0.3983,0.0128,0.01474,-0.01,0.0019
2026-08-31 19:27:23,714.97,2026-08-31,721.0,0,0.03,0.01,21229,1019,0.4659,0.0111,0.01115,-0.01,0.0016
2026-08-31 19:28:23,715.5,2026-08-31,709.0,6.24,6.5,5.99,1306,522,,,,,
2026-08-31 19:28:23,715.5,2026-08-31,710.0,5.44,5.46,4.89,8598,11199,,,,,
2026-08-31 19:28:23,715.5,2026-08-31,711.0,4.36,4.44,4.11,6076,643,,,,,
2026-08-31 19:28:23,715.5,2026-08-31,712.0,3.42,3.59,3.29,21837,988,,,,,
2026-08-31 19:28:23,715.5,2026-08-31,713.0,2.39,2.46,2.39,68817,465,,,,,
2026-08-31 19:28:23,715.5,2026-08-31,714.0,1.43,1.53,1.47,246383,619,,,,,
2026-08-31 19:28:23,715.5,2026-08-31,715.0,0.72,0.73,0.72,484076,3188,0.1917,0.6834,0.33461,-0.22,0.0198
2026-08-31 19:28:23,715.5,2026-08-31,716.0,0.22,0.27,0.23,339319,1548,0.2029,0.331,0.32215,-0.245,0.0201
2026-08-31 19:28:23,715.5,2026-08-31,717.0,0.05,0.1,0.1,176615,1524,0.2288,0.1202,0.15774,-0.075,0.0111
2026-08-31 19:28:23,715.5,2026-08-31,718.0,0.01,0.02,0.03,109831,6199,0.2374,0.0295,0.05092,-0.015,0.0037
2026-08-31 19:28:23,715.5,2026-08-31,719.0,0,0.03,0.02,47366,1061,0.3297,0.0285,0.03561,-0.02,0.0036
2026-08-31 19:28:23,715.5,2026-08-31,720.0,0,0.01,0.01,63067,9314,0.367,0.014,0.0175,-0.01,0.002
2026-08-31 19:28:23,715.5,2026-08-31,721.0,0,0.01,0.01,21235,1019,0.4364,0.012,0.01287,-0.01,0.0017
2026-08-31 19:28:23,715.5,2026-08-31,722.0,0,0.03,0.01,18091,1939,0.5044,0.0105,0.00994,-0.01,0.0015
2026-08-31 19:29:24,715.39,2026-08-31,709.0,6.27,6.44,5.99,1306,522,,,,,
2026-08-31 19:29:24,715.39,2026-08-31,710.0,5.36,5.55,4.89,8598,11199,0.5932,0.9529,0.03036,-0.065,0.0054
2026-08-31 19:29:24,715.39,2026-08-31,711.0,4.36,4.48,4.11,6076,643,0.432,0.9692,0.02946,-0.03,0.0038
2026-08-31 19:29:24,715.39,2026-08-31,712.0,3.29,3.5,3.3,21858,988,0.2541,0.9929,0.01421,-0.005,0.0011
2026-08-31 19:29:24,715.39,2026-08-31,713.0,2.33,2.44,2.35,68890,465,,,,,
2026-08-31 19:29:24,715.39,2026-08-31,714.0,1.42,1.51,1.42,247363,619,0.2202,0.877,0.16938,-0.075,0.0111
2026-08-31 19:29:24,715.39,2026-08-31,715.0,0.72,0.74,0.68,484900,3188,0.2344,0.6206,0.2974,-0.34,0.0208
2026-08-31 19:29:24,715.39,2026-08-31,716.0,0.22,0.23,0.26,339635,1548,0.2146,0.3022,0.29778,-0.225,0.019
2026-08-31 19:29:24,715.39,2026-08-31,717.0,0.05,0.06,0.05,176783,1524,0.225,0.0955,0.13823,-0.055,0.0093
2026-08-31 19:29:24,715.39,2026-08-31,718.0,0.04,0.05,0.02,109857,6199,0.3093,0.0617,0.07209,-0.045,0.0066
2026-08-31 19:29:24,715.39,2026-08-31,719.0,0,0.01,0.02,47375,1061,0.3442,0.0278,0.03399,-0.02,0.0035
2026-08-31 19:29:24,715.39,2026-08-31,720.0,0,0.03,0.01,63069,9314,0.3813,0.0137,0.01684,-0.01,0.0019
2026-08-31 19:29:24,715.39,2026-08-31,721.0,0,0.01,0.01,21235,1019,0.4516,0.0118,0.01246,-0.01,0.0017
2026-08-31 19:29:24,715.39,2026-08-31,722.0,0,0.03,0.01,18131,1939,0.5205,0.0104,0.00967,-0.01,0.0015
2026-08-31 19:30:24,715.28,2026-08-31,709.0,6.3,6.36,5.99,1306,522,0.6374,0.9677,0.02113,-0.045,0.0039
2026-08-31 19:30:24,715.28,2026-08-31,710.0,5.2,5.34,5.29,8600,11199,,,,,
2026-08-31 19:30:24,715.28,2026-08-31,711.0,4.22,4.31,4.11,6086,643,,,,,
2026-08-31 19:30:24,715.28,2026-08-31,712.0,3.21,3.35,3.15,21860,988,,,,,
2026-08-31 19:30:24,715.28,2026-08-31,713.0,2.2,2.34,2.31,68936,465,,,,,
2026-08-31 19:30:24,715.28,2026-08-31,714.0,1.3,1.4,1.3,247829,619,0.2029,0.8816,0.18189,-0.065,0.0106
2026-08-31 19:30:24,715.28,2026-08-31,715.0,0.63,0.64,0.59,485621,3188,0.2233,0.5949,0.32342,-0.35,0.0208
2026-08-31 19:30:24,715.28,2026-08-31,716.0,0.22,0.23,0.18,340001,1548,0.2349,0.2862,0.2698,-0.225,0.0183
2026-08-31 19:30:24,715.28,2026-08-31,717.0,0.04,0.05,0.09,176940,1524,0.2279,0.081,0.12272,-0.045,0.0081
2026-08-31 19:30:24,715.28,2026-08-31,718.0,0.01,0.05,0.04,109879,6199,0.2984,0.0455,0.05975,-0.03,0.0051
2026-08-31 19:30:24,715.28,2026-08-31,719.0,0,0.03,0.01,47376,1061,0.3223,0.0162,0.02336,-0.01,0.0022
2026-08-31 19:30:24,715.28,2026-08-31,720.0,0,0.01,0.01,63069,9314,0.3954,0.0135,0.01627,-0.01,0.0019
2026-08-31 19:30:24,715.28,2026-08-31,721.0,0,0.03,0.01,21432,1019,0.4667,0.0116,0.01211,-0.01,0.0016
2026-08-31 19:30:24,715.28,2026-08-31,722.0,0,0.03,0.01,18328,1939,0.5367,0.0102,0.00944,-0.01,0.0015
2026-08-31 19:31:26,715.19,2026-08-31,709.0,6.14,6.26,5.99,1306,522,0.5021,0.9906,0.0095,-0.01,0.0013
2026-08-31 19:31:26,715.19,2026-08-31,710.0,5.18,5.4,5.2,8600,11199,0.6543,0.9348,0.03682,-0.1,0.0067
2026-08-31 19:31:26,715.19,2026-08-31,711.0,4.11,4.32,4.22,6086,643,0.4166,0.9723,0.029,-0.025,0.0034
2026-08-31 19:31:26,715.19,2026-08-31,712.0,3.17,3.36,3.15,21870,988,0.4199,0.926,0.06331,-0.075,0.0074
2026-08-31 19:31:26,715.19,2026-08-31,713.0,2.22,2.31,2.26,68972,465,0.3164,0.9061,0.10047,-0.075,0.0088
2026-08-31 19:31:26,715.19,2026-08-31,714.0,1.26,1.33,1.26,248391,619,0.2294,0.8382,0.20268,-0.105,0.0129
2026-08-31 19:31:26,715.19,2026-08-31,715.0,0.56,0.58,0.61,486506,3188,0.2225,0.5652,0.33552,-0.38,0.0208
2026-08-31 19:31:26,715.19,2026-08-31,716.0,0.21,0.22,0.17,340256,1548,0.2484,0.269,0.25199,-0.215,0.0174
2026-08-31 19:31:26,715.19,2026-08-31,717.0,0.08,0.09,0.08,177085,1524,0.2859,0.1156,0.12928,-0.085,0.0103
2026-08-31 19:31:26,715.19,2026-08-31,718.0,0.04,0.05,0.04,110176,6199,0.3393,0.0587,0.06547,-0.045,0.0062
2026-08-31 19:31:26,715.19,2026-08-31,719.0,0,0.01,0.01,47511,1061,0.3352,0.0159,0.02248,-0.01,0.0021
2026-08-31 19:31:26,715.19,2026-08-31,720.0,0,0.03,0.01,63069,9314,0.4095,0.0133,0.01578,-0.01,0.0018
2026-08-31 19:31:26,715.19,2026-08-31,721.0,0,0.01,0.01,21451,1019,0.4819,0.0115,0.01181,-0.01,0.0016
2026-08-31 19:31:26,715.19,2026-08-31,722.0,0,0.03,0.01,18367,1939,0.5531,0.0101,0.00924,-0.01,0.0014
2026-08-31 19:32:26,715.12,2026-08-31,709.0,6.06,6.17,5.99,1306,522,,,,,
2026-08-31 19:32:26,715.12,2026-08-31,710.0,5.05,5.31,5.2,8600,11199,0.5809,0.9566,0.0306,-0.055,0.0048
2026-08-31 19:32:26,715.12,2026-08-31,711.0,3.95,4.24,4.22,6086,643,,,,,
2026-08-31 19:32:26,715.12,2026-08-31,712.0,3.07,3.17,2.95,21871,988,,,,,
2026-08-31 19:32:26,715.12,2026-08-31,713.0,2.16,2.24,2.24,69005,465,0.3152,0.9043,0.10416,-0.075,0.0088
2026-08-31 19:32:26,715.12,2026-08-31,714.0,1.25,1.26,1.22,248990,619,0.2439,0.8143,0.2119,-0.13,0.0139
2026-08-31 19:32:26,715.12,2026-08-31,715.0,0.5,0.52,0.5,488093,3188,0.2149,0.5456,0.35622,-0.385,0.0205
2026-08-31 19:32:26,715.12,2026-08-31,716.0,0.17,0.18,0.17,340621,1548,0.2388,0.2404,0.25164,-0.175,0.0161
2026-08-31 19:32:26,715.12,2026-08-31,717.0,0.02,0.03,0.03,177173,1524,0.2219,0.0518,0.09234,-0.025,0.0055
2026-08-31 19:32:26,715.12,2026-08-31,718.0,0.04,0.05,0.04,111859,6199,0.3517,0.0578,0.06353,-0.045,0.006
2026-08-31 19:32:26,715.12,2026-08-31,719.0,0,0.01,0.01,48818,1061,0.3463,0.0157,0.02191,-0.01,0.002
2026-08-31 19:32:26,715.12,2026-08-31,720.0,0,0.01,0.01,63071,9314,0.4218,0.0131,0.01546,-0.01,0.0017
2026-08-31 19:32:26,715.12,2026-08-31,721.0,0,0.01,0.01,21451,1019,0.4955,0.0114,0.01161,-0.01,0.0015
2026-08-31 19:32:26,715.12,2026-08-31,722.0,0,0.01,0.01,18367,1939,0.5678,0.01,0.0091,-0.01,0.0014
2026-08-31 19:33:27,714.99,2026-08-31,708.0,7.04,7.14,6.85,1345,349,0.8671,0.9448,0.02531,-0.105,0.0057
2026-08-31 19:33:27,714.99,2026-08-31,709.0,6,6.17,5.99,1306,522,0.7592,0.9407,0.03058,-0.1,0.006
2026-08-31 19:33:27,714.99,2026-08-31,710.0,4.84,5.12,5.2,8600,11199,,,,,
2026-08-31 19:33:27,714.99,2026-08-31,711.0,3.92,4.17,4.22,6086,643,0.4927,0.945,0.04441,-0.06,0.0056
2026-08-31 19:33:27,714.99,2026-08-31,712.0,2.99,3.19,2.97,21885,988,0.4517,0.9041,0.07413,-0.105,0.0086
2026-08-31 19:33:27,714.99,2026-08-31,713.0,1.99,2.12,1.99,69057,465,0.2999,0.9043,0.1115,-0.07,0.0086
2026-08-31 19:33:27,714.99,2026-08-31,714.0,1.2,1.23,1.19,249403,619,0.2944,0.7457,0.21435,-0.23,0.0163
2026-08-31 19:33:27,714.99,2026-08-31,715.0,0.45,0.5,0.45,488905,3188,0.2376,0.4959,0.33039,-0.475,0.0203
2026-08-31 19:33:27,714.99,2026-08-31,716.0,0.15,0.16,0.15,341328,1548,0.251,0.2138,0.22839,-0.155,0.0148
2026-08-31 19:33:27,714.99,2026-08-31,717.0,0.02,0.07,0.06,177350,1524,0.2721,0.0731,0.10037,-0.045,0.0071
2026-08-31 19:33:27,714.99,2026-08-31,718.0,0.03,0.04,0.03,112450,6199,0.3534,0.0471,0.05478,-0.035,0.005
2026-08-31 19:33:27,714.99,2026-08-31,719.0,0,0.01,0.01,48824,1061,0.3638,0.0152,0.02077,-0.01,0.002
2026-08-31 19:33:27,714.99,2026-08-31,720.0,0,0.03,0.01,63073,9314,0.4404,0.0128,0.0148,-0.01,0.0017
2026-08-31 19:33:27,714.99,2026-08-31,721.0,0,0.03,0.01,21451,1019,0.5153,0.0112,0.01119,-0.01,0.0015
2026-08-31 19:34:27,715.11,2026-08-31,709.0,5.93,6.32,5.99,1306,522,0.5593,0.9862,0.01263,-0.015,0.0018
2026-08-31 19:34:27,715.11,2026-08-31,710.0,4.96,5.32,5.2,8600,11199,0.5378,0.9723,0.02377,-0.03,0.0032
2026-08-31 19:34:27,715.11,2026-08-31,711.0,4.059,4.25,4.22,6086,643,0.4839,0.9564,0.03827,-0.0445,0.0046
2026-08-31 19:34:27,715.11,2026-08-31,712.0,2.98,3.21,2.92,21885,988,,,,,
2026-08-31 19:34:27,715.11,2026-08-31,713.0,2.11,2.19,2.009,69101,465,0.2785,0.9363,0.08994,-0.04,0.0062
2026-08-31 19:34:27,715.11,2026-08-31,714.0,1.18,1.28,1.18,249721,619,0.2437,0.8203,0.21577,-0.12,0.0131
2026-08-31 19:34:27,715.11,2026-08-31,715.0,0.54,0.55,0.53,489369,3188,0.245,0.5367,0.32525,-0.435,0.0198
2026-08-31 19:34:27,715.11,2026-08-31,716.0,0.12,0.13,0.12,341633,1548,0.2167,0.2058,0.26359,-0.125,0.0142
2026-08-31 19:34:27,715.11,2026-08-31,717.0,0.05,0.06,0.05,177367,1524,0.2775,0.0865,0.11399,-0.055,0.0079
2026-08-31 19:34:27,715.11,2026-08-31,718.0,0.01,0.02,0.01,112474,6199,0.2986,0.0265,0.04119,-0.015,0.0031
2026-08-31 19:34:27,715.11,2026-08-31,719.0,0,0.01,0.01,48826,1061,0.3609,0.0156,0.02179,-0.01,0.002
2026-08-31 19:34:27,715.11,2026-08-31,720.0,0,0.01,0.01,63078,9314,0.4392,0.0131,0.01538,-0.01,0.0017
2026-08-31 19:34:27,715.11,2026-08-31,721.0,0,0.03,0.01,21451,1019,0.5158,0.0113,0.01156,-0.01,0.0015
2026-08-31 19:34:27,715.11,2026-08-31,722.0,0,0.01,0.01,18367,1939,0.5909,0.01,0.00907,-0.01,0.0013
2026-08-31 19:35:27,715.25,2026-08-31,709.0,6.04,6.48,5.99,1306,522,0.5481,0.9905,0.00951,-0.01,0.0012
2026-08-31 19:35:27,715.25,2026-08-31,710.0,5.15,5.29,5.2,8600,11199,,,,,
2026-08-31 19:35:27,715.25,2026-08-31,711.0,4.15,4.41,4.22,6086,643,0.4707,0.9682,0.03102,-0.03,0.0035
2026-08-31 19:35:27,715.25,2026-08-31,712.0,3.12,3.33,2.92,21886,988,,,,,
2026-08-31 19:35:27,715.25,2026-08-31,713.0,2.16,2.39,2.25,69134,465,0.27,0.9564,0.07008,-0.025,0.0045
2026-08-31 19:35:27,715.25,2026-08-31,714.0,1.29,1.37,1.3,250056,619,0.2335,0.864,0.19124,-0.08,0.0107
2026-08-31 19:35:27,715.25,2026-08-31,715.0,0.59,0.6,0.59,490405,3188,0.2351,0.5869,0.3389,-0.345,0.019
2026-08-31 19:35:27,715.25,2026-08-31,716.0,0.19,0.2,0.19,341717,1548,0.2456,0.2668,0.27383,-0.195,0.0161
2026-08-31 19:35:27,715.25,2026-08-31,717.0,0.06,0.07,0.06,177381,1524,0.2793,0.1005,0.12908,-0.065,0.0086
2026-08-31 19:35:27,715.25,2026-08-31,718.0,0.01,0.04,0.03,112674,6199,0.3198,0.0397,0.0548,-0.025,0.0042
2026-08-31 19:35:27,715.25,2026-08-31,719.0,0,0.03,0.01,48962,1061,0.3568,0.0161,0.02303,-0.01,0.002
2026-08-31 19:35:27,715.25,2026-08-31,720.0,0,0.03,0.01,63078,9314,0.437,0.0134,0.01608,-0.01,0.0017
2026-08-31 19:35:27,715.25,2026-08-31,721.0,0,0.01,0.01,21451,1019,0.5153,0.0115,0.012,-0.01,0.0015
2026-08-31 19:35:27,715.25,2026-08-31,722.0,0,0.03,0.01,18367,1939,0.5921,0.0102,0.00936,-0.01,0.0013
2026-08-31 19:36:29,715.4,2026-08-31,709.0,6.32,6.46,5.99,1306,522,,,,,
2026-08-31 19:36:29,715.4,2026-08-31,710.0,5.2,5.64,5.28,8601,11199,0.5488,0.9806,0.01795,-0.02,0.0023
2026-08-31 19:36:29,715.4,2026-08-31,711.0,4.33,4.57,4.22,6086,643,0.5457,0.9548,0.03646,-0.05,0.0046
2026-08-31 19:36:29,715.4,2026-08-31,712.0,3.48,3.61,3.47,21896,988,0.5769,0.892,0.06724,-0.145,0.0089
2026-08-31 19:36:29,715.4,2026-08-31,713.0,2.39,2.57,2.4,69144,465,0.38,0.9073,0.09129,-0.08,0.0079
2026-08-31 19:36:29,715.4,2026-08-31,714.0,1.44,1.54,1.53,250810,619,0.2677,0.8635,0.17082,-0.09,0.0105
2026-08-31 19:36:29,715.4,2026-08-31,715.0,0.72,0.73,0.72,490897,3188,0.2614,0.6262,0.30286,-0.325,0.0181
2026-08-31 19:36:29,715.4,2026-08-31,716.0,0.24,0.25,0.21,341919,1548,0.255,0.3122,0.29008,-0.245,0.0169
2026-08-31 19:36:29,715.4,2026-08-31,717.0,0.03,0.08,0.07,177420,1524,0.2555,0.0959,0.13921,-0.055,0.0081
2026-08-31 19:36:29,715.4,2026-08-31,718.0,0.01,0.02,0.02,112689,6199,0.285,0.0286,0.04798,-0.015,0.0031
2026-08-31 19:36:29,715.4,2026-08-31,719.0,0,0.01,0.01,48969,1061,0.352,0.0166,0.02449,-0.01,0.002
2026-08-31 19:36:29,715.4,2026-08-31,720.0,0,0.03,0.01,63080,9314,0.4342,0.0137,0.01689,-0.01,0.0017
2026-08-31 19:36:29,715.4,2026-08-31,721.0,0,0.03,0.01,21451,1019,0.5145,0.0118,0.0125,-0.01,0.0015
2026-08-31 19:36:29,715.4,2026-08-31,722.0,0,0.03,0.01,18367,1939,0.5931,0.0104,0.0097,-0.01,0.0013
2026-08-31 19:37:29,715.32,2026-08-31,709.0,6.22,6.61,5.99,1306,522,0.8604,0.9428,0.02851,-0.1,0.0054
2026-08-31 19:37:29,715.32,2026-08-31,710.0,5.35,5.57,5.28,8613,11199,0.8207,0.918,0.03942,-0.145,0.0071
2026-08-31 19:37:29,715.32,2026-08-31,711.0,4.17,4.58,4.22,6100,643,0.5703,0.9478,0.03998,-0.06,0.005
2026-08-31 19:37:29,715.32,2026-08-31,712.0,3.31,3.42,3.31,21933,988,0.4449,0.945,0.05345,-0.05,0.0052
2026-08-31 19:37:29,715.32,2026-08-31,713.0,2.42,2.51,2.35,69479,465,0.4547,0.8625,0.10331,-0.15,0.0103
2026-08-31 19:37:29,715.32,2026-08-31,714.0,1.5,1.51,1.46,251265,619,0.3451,0.793,0.17693,-0.19,0.0134
2026-08-31 19:37:29,715.32,2026-08-31,715.0,0.73,0.74,0.73,491949,3188,0.3015,0.5891,0.27567,-0.42,0.0182
2026-08-31 19:37:29,715.32,2026-08-31,716.0,0.2,0.21,0.2,342608,1548,0.2515,0.2811,0.2865,-0.205,0.0158
2026-08-31 19:37:29,715.32,2026-08-31,717.0,0.03,0.04,0.03,177493,1524,0.243,0.0697,0.11767,-0.035,0.0063
2026-08-31 19:37:29,715.32,2026-08-31,718.0,0.03,0.04,0.01,112714,6199,0.3498,0.051,0.06403,-0.035,0.0049
2026-08-31 19:37:29,715.32,2026-08-31,719.0,0,0.03,0.01,49024,1061,0.367,0.0163,0.02364,-0.01,0.0019
2026-08-31 19:37:29,715.32,2026-08-31,720.0,0,0.01,0.01,63090,9314,0.4509,0.0135,0.01642,-0.01,0.0016
2026-08-31 19:37:29,715.32,2026-08-31,721.0,0,0.03,0.01,21451,1019,0.5328,0.0117,0.01221,-0.01,0.0014
2026-08-31 19:37:29,715.32,2026-08-31,722.0,0,0.01,0.01,18367,1939,0.6131,0.0103,0.0095,-0.01,0.0013
2026-08-31 19:38:30,715.49,2026-08-31,709.0,6.44,6.74,5.99,1307,522,0.8995,0.9438,0.0275,-0.1,0.0052
2026-08-31 19:38:30,715.49,2026-08-31,710.0,5.36,5.55,5.4,8615,11199,,,,,
2026-08-31 19:38:30,715.49,2026-08-31,711.0,4.35,4.67,4.4,6101,643,0.4911,0.9776,0.0237,-0.02,0.0024
2026-08-31 19:38:30,715.49,2026-08-31,712.0,3.45,3.58,3.43,21990,988,0.4135,0.9679,0.03801,-0.025,0.0033
2026-08-31 19:38:30,715.49,2026-08-31,713.0,2.44,2.55,2.47,69605,465,0.2354,0.9898,0.02525,-0.005,0.0012
2026-08-31 19:38:30,715.49,2026-08-31,714.0,1.5,1.55,1.55,252088,619,0.225,0.9266,0.13529,-0.035,0.0064
2026-08-31 19:38:30,715.49,2026-08-31,715.0,0.7,0.71,0.7,496326,3188,0.2268,0.6824,0.34357,-0.215,0.0163
2026-08-31 19:38:30,715.49,2026-08-31,716.0,0.21,0.26,0.21,344258,1548,0.243,0.324,0.32327,-0.235,0.0164
2026-08-31 19:38:30,715.49,2026-08-31,717.0,0.08,0.09,0.08,177825,1524,0.2902,0.1283,0.15792,-0.085,0.0096
2026-08-31 19:38:30,715.49,2026-08-31,718.0,0.03,0.04,0.03,113745,6199,0.3392,0.0534,0.07005,-0.035,0.005
2026-08-31 19:38:30,715.49,2026-08-31,719.0,0,0.03,0.01,49074,1061,0.3602,0.0169,0.02544,-0.01,0.0019
2026-08-31 19:38:30,715.49,2026-08-31,720.0,0,0.01,0.01,63100,9314,0.4464,0.0139,0.0174,-0.01,0.0016
2026-08-31 19:38:30,715.49,2026-08-31,721.0,0,0.01,0.01,21451,1019,0.5305,0.0119,0.01281,-0.01,0.0014
2026-08-31 19:38:30,715.49,2026-08-31,722.0,0,0.01,0.01,18367,1939,0.6129,0.0105,0.0099,-0.01,0.0013
2026-08-31 19:39:31,715.4,2026-08-31,709.0,6.32,6.62,6.41,1307,522,0.8468,0.9557,0.02475,-0.07,0.0042
2026-08-31 19:39:31,715.4,2026-08-31,710.0,5.36,5.61,5.4,8615,11199,0.7694,0.943,0.03331,-0.085,0.0051
2026-08-31 19:39:31,715.4,2026-08-31,711.0,4.35,4.6,4.4,6102,643,0.6371,0.9399,0.04194,-0.075,0.0053
2026-08-31 19:39:31,715.4,2026-08-31,712.0,3.37,3.52,3.34,22006,988,0.4654,0.9497,0.04988,-0.045,0.0046
2026-08-31 19:39:31,715.4,2026-08-31,713.0,2.4,2.53,2.46,69619,465,0.3861,0.9187,0.0873,-0.065,0.0067
2026-08-31 19:39:31,715.4,2026-08-31,714.0,1.5,1.52,1.47,252390,619,0.3066,0.8474,0.17225,-0.11,0.0105
2026-08-31 19:39:31,715.4,2026-08-31,715.0,0.7,0.72,0.7,497449,3188,0.2712,0.6301,0.31166,-0.31,0.0169
2026-08-31 19:39:31,715.4,2026-08-31,716.0,0.23,0.24,0.23,344693,1548,0.2669,0.308,0.29521,-0.235,0.0157
2026-08-31 19:39:31,715.4,2026-08-31,717.0,0.07,0.08,0.07,179924,1524,0.2983,0.1155,0.14614,-0.075,0.0087
2026-08-31 19:39:31,715.4,2026-08-31,718.0,0.03,0.04,0.03,113764,6199,0.3574,0.0522,0.06684,-0.035,0.0048
2026-08-31 19:39:31,715.4,2026-08-31,719.0,0,0.01,0.01,49229,1061,0.3771,0.0166,0.02449,-0.01,0.0018
2026-08-31 19:39:31,715.4,2026-08-31,720.0,0,0.03,0.01,63100,9314,0.4652,0.0137,0.01689,-0.01,0.0016
2026-08-31 19:39:31,715.4,2026-08-31,721.0,0,0.01,0.01,21451,1019,0.5512,0.0118,0.01249,-0.01,0.0014
2026-08-31 19:39:31,715.4,2026-08-31,722.0,0,0.01,0.01,18367,1939,0.6354,0.0104,0.00969,-0.01,0.0012
2026-08-31 19:40:31,715.4,2026-08-31,709.0,6.32,6.67,6.41,1307,522,0.9248,0.9452,0.02756,-0.095,0.0048
2026-08-31 19:40:31,715.4,2026-08-31,710.0,5.23,5.5,5.4,8615,11199,,,,,
2026-08-31 19:40:31,715.4,2026-08-31,711.0,4.33,4.64,4.29,6102,643,0.6722,0.9345,0.04356,-0.085,0.0056
2026-08-31 19:40:31,715.4,2026-08-31,712.0,3.39,3.55,3.39,22036,988,0.5263,0.9318,0.05742,-0.07,0.0057
2026-08-31 19:40:31,715.4,2026-08-31,713.0,2.39,2.57,2.45,69675,465,0.4178,0.9072,0.09135,-0.08,0.0072
2026-08-31 19:40:31,715.4,2026-08-31,714.0,1.45,1.51,1.49,252778,619,0.2836,0.8721,0.16934,-0.08,0.0091
2026-08-31 19:40:31,715.4,2026-08-31,715.0,0.7,0.72,0.71,499207,3188,0.2782,0.6301,0.31164,-0.31,0.0164
2026-08-31 19:40:31,715.4,2026-08-31,716.0,0.18,0.23,0.18,345525,1548,0.2539,0.2944,0.31175,-0.205,0.015
2026-08-31 19:40:31,715.4,2026-08-31,717.0,0.03,0.08,0.04,180200,1524,0.2808,0.0959,0.13919,-0.055,0.0074
2026-08-31 19:40:31,715.4,2026-08-31,718.0,0.01,0.04,0.03,113812,6199,0.343,0.0413,0.05921,-0.025,0.0039
2026-08-31 19:40:31,715.4,2026-08-31,719.0,0,0.03,0.01,49722,1061,0.3868,0.0166,0.02448,-0.01,0.0018
2026-08-31 19:40:31,715.4,2026-08-31,720.0,0,0.01,0.01,63101,9314,0.4772,0.0137,0.01689,-0.01,0.0015
2026-08-31 19:40:31,715.4,2026-08-31,721.0,0,0.03,0.01,21451,1019,0.5653,0.0118,0.01249,-0.01,0.0013
2026-08-31 19:40:31,715.4,2026-08-31,722.0,0,0.01,0.01,18367,1939,0.6518,0.0104,0.00969,-0.01,0.0012
2026-08-31 19:41:33,715.51,2026-08-31,709.0,6.38,6.6,6.41,1307,522,,,,,
2026-08-31 19:41:33,715.51,2026-08-31,710.0,5.44,5.69,5.37,8620,11199,0.7542,0.9585,0.02779,-0.055,0.0038
2026-08-31 19:41:33,715.51,2026-08-31,711.0,4.43,4.64,4.29,6102,643,0.5535,0.9733,0.02636,-0.025,0.0026
2026-08-31 19:41:33,715.51,2026-08-31,712.0,3.3,3.56,3.37,22038,988,,,,,
2026-08-31 19:41:33,715.51,2026-08-31,713.0,2.57,2.6,2.44,69810,465,0.4365,0.9133,0.0854,-0.075,0.0067
2026-08-31 19:41:33,715.51,2026-08-31,714.0,1.59,1.61,1.5,253133,619,0.3187,0.8689,0.15758,-0.09,0.009
2026-08-31 19:41:33,715.51,2026-08-31,715.0,0.72,0.79,0.72,501156,3188,0.2689,0.6734,0.31644,-0.245,0.0153
2026-08-31 19:41:33,715.51,2026-08-31,716.0,0.24,0.25,0.24,346154,1548,0.2647,0.3318,0.32357,-0.245,0.0154
2026-08-31 19:41:33,715.51,2026-08-31,717.0,0.07,0.08,0.03,180289,1524,0.2989,0.1203,0.15823,-0.075,0.0085
2026-08-31 19:41:33,715.51,2026-08-31,718.0,0.01,0.02,0.03,113818,6199,0.3104,0.0295,0.05105,-0.015,0.0028
2026-08-31 19:41:33,715.51,2026-08-31,719.0,0,0.03,0.01,50941,1061,0.387,0.017,0.02565,-0.01,0.0018
2026-08-31 19:41:33,715.51,2026-08-31,720.0,0,0.03,0.01,63103,9314,0.4802,0.014,0.01752,-0.01,0.0015
2026-08-31 19:41:33,715.51,2026-08-31,721.0,0,0.03,0.01,21451,1019,0.571,0.012,0.01288,-0.01,0.0013
2026-08-31 19:41:33,715.51,2026-08-31,722.0,0,0.03,0.01,18367,1939,0.66,0.0105,0.00995,-0.01,0.0012
2026-08-31 19:42:34,716.02,2026-08-31,710.0,5.85,6.1,5.43,8620,11199,,,,,
2026-08-31 19:42:34,716.02,2026-08-31,711.0,4.89,5.17,4.29,6102,643,0.5395,0.9883,0.01374,-0.01,0.0013
2026-08-31 19:42:34,716.02,2026-08-31,712.0,3.84,4.059,3.96,22052,988,,,,,
2026-08-31 19:42:34,716.02,2026-08-31,713.0,2.93,3.11,3,69855,465,,,,,
2026-08-31 19:42:34,716.02,2026-08-31,714.0,1.87,1.98,1.98,253703,619,,,,,
2026-08-31 19:42:34,716.02,2026-08-31,715.0,1.02,1.11,1.02,503378,3188,0.2017,0.8905,0.22539,-0.045,0.0077
2026-08-31 19:42:34,716.02,2026-08-31,716.0,0.37,0.43,0.37,347565,1548,0.2367,0.5089,0.40861,-0.38,0.0164
2026-08-31 19:42:34,716.02,2026-08-31,717.0,0.11,0.12,0.13,180551,1524,0.2688,0.1889,0.24397,-0.115,0.0112
2026-08-31 19:42:34,716.02,2026-08-31,718.0,0.01,0.05,0.04,114000,6199,0.3023,0.0565,0.09118,-0.03,0.0047
2026-08-31 19:42:34,716.02,2026-08-31,719.0,0,0.03,0.01,50993,1061,0.3477,0.0191,0.0325,-0.01,0.0019
2026-08-31 19:42:34,716.02,2026-08-31,720.0,0,0.03,0.01,63103,9314,0.445,0.0153,0.02104,-0.01,0.0016
2026-08-31 19:42:34,716.02,2026-08-31,721.0,0,0.01,0.01,21451,1019,0.5395,0.0129,0.01496,-0.01,0.0014
2026-08-31 19:42:34,716.02,2026-08-31,722.0,0,0.03,0.01,18367,1939,0.6319,0.0112,0.01129,-0.01,0.0012
2026-08-31 19:42:34,716.02,2026-08-31,723.0,0,0.01,0.01,10878,1003,0.7226,0.0099,0.00889,-0.01,0.0011
2026-08-31 19:43:34,715.91,2026-08-31,709.0,6.78,7,6.41,1307,522,,,,,
2026-08-31 19:43:34,715.91,2026-08-31,710.0,5.75,6.05,5.92,8624,11199,,,,,
2026-08-31 19:43:34,715.91,2026-08-31,711.0,4.81,4.98,4.29,6102,643,,,,,
2026-08-31 19:43:34,715.91,2026-08-31,712.0,3.91,4.01,3.86,22083,988,0.5943,0.9506,0.04295,-0.05,0.0041
2026-08-31 19:43:34,715.91,2026-08-31,713.0,2.91,2.92,2.88,69906,465,0.3115,0.9904,0.02065,-0.005,0.001
2026-08-31 19:43:34,715.91,2026-08-31,714.0,1.87,2.009,1.87,254144,619,0.3006,0.9443,0.09346,-0.0295,0.0045
2026-08-31 19:43:34,715.91,2026-08-31,715.0,0.99,1.06,0.99,505008,3188,0.2646,0.8056,0.25995,-0.115,0.011
2026-08-31 19:43:34,715.91,2026-08-31,716.0,0.34,0.35,0.34,349294,1548,0.243,0.4638,0.40864,-0.345,0.0159
2026-08-31 19:43:34,715.91,2026-08-31,717.0,0.11,0.12,0.11,180896,1524,0.296,0.1793,0.22102,-0.115,0.0105
2026-08-31 19:43:34,715.91,2026-08-31,718.0,0.04,0.05,0.02,114196,6199,0.3554,0.0713,0.09581,-0.045,0.0055
2026-08-31 19:43:34,715.91,2026-08-31,719.0,0,0.03,0.02,51403,1061,0.4129,0.0311,0.04246,-0.02,0.0028
2026-08-31 19:43:34,715.91,2026-08-31,720.0,0,0.01,0.01,63113,9314,0.4694,0.015,0.02019,-0.01,0.0015
2026-08-31 19:43:34,715.91,2026-08-31,721.0,0,0.03,0.01,21869,1019,0.5665,0.0127,0.01447,-0.01,0.0013
2026-08-31 19:43:34,715.91,2026-08-31,722.0,0,0.01,0.01,18380,1939,0.6615,0.011,0.01098,-0.01,0.0012
2026-08-31 19:44:35,716.19,2026-08-31,710.0,6.03,6.2,5.91,8626,11199,,,,,
2026-08-31 19:44:35,716.19,2026-08-31,711.0,5.02,5.27,4.94,6111,643,,,,,
2026-08-31 19:44:35,716.19,2026-08-31,712.0,3.92,4.27,3.98,22085,988,,,,,
2026-08-31 19:44:35,716.19,2026-08-31,713.0,3.08,3.26,3.05,69920,465,,,,,
2026-08-31 19:44:35,716.19,2026-08-31,714.0,2.009,2.17,2.1,254314,619,,,,,
2026-08-31 19:44:35,716.19,2026-08-31,715.0,1.15,1.18,1.15,505707,3188,,,,,
2026-08-31 19:44:35,716.19,2026-08-31,716.0,0.46,0.47,0.47,350076,1548,0.2337,0.5837,0.43042,-0.275,0.0151
2026-08-31 19:44:35,716.19,2026-08-31,717.0,0.08,0.13,0.08,181094,1524,0.2456,0.1981,0.29227,-0.105,0.0108
2026-08-31 19:44:35,716.19,2026-08-31,718.0,0.04,0.05,0.04,114252,6199,0.3286,0.0783,0.11474,-0.045,0.0057
2026-08-31 19:44:35,716.19,2026-08-31,719.0,0,0.03,0.01,51404,1061,0.3517,0.02,0.03546,-0.01,0.0019
2026-08-31 19:44:35,716.19,2026-08-31,720.0,0,0.01,0.01,63120,9314,0.4558,0.0159,0.02248,-0.01,0.0015
2026-08-31 19:44:35,716.19,2026-08-31,721.0,0,0.01,0.01,21869,1019,0.5567,0.0133,0.01577,-0.01,0.0013
2026-08-31 19:44:35,716.19,2026-08-31,722.0,0,0.01,0.03,18390,1939,0.7697,0.0264,0.02052,-0.03,0.0024
2026-08-31 19:44:35,716.19,2026-08-31,723.0,0,0.01,0.01,10886,1003,0.7519,0.0101,0.00923,-0.01,0.001
2026-08-31 19:45:35,715.99,2026-08-31,709.0,6.97,7.17,6.87,1310,522,1.1135,0.9541,0.02307,-0.08,0.0036
2026-08-31 19:45:35,715.99,2026-08-31,710.0,5.9,6.18,5.97,8627,11199,0.8971,0.9634,0.02385,-0.05,0.003
2026-08-31 19:45:35,715.99,2026-08-31,711.0,4.81,5.19,4.84,6117,643,0.5918,0.9881,0.01402,-0.01,0.0012
2026-08-31 19:45:35,715.99,2026-08-31,712.0,3.84,4.11,3.94,22087,988,,,,,
2026-08-31 19:45:35,715.99,2026-08-31,713.0,2.87,3.05,2.87,70015,465,,,,,
2026-08-31 19:45:35,715.99,2026-08-31,714.0,1.89,2.06,1.93,254870,619,,,,,
2026-08-31 19:45:35,715.99,2026-08-31,715.0,1.03,1.1,1.03,507241,3188,0.2551,0.8503,0.24354,-0.075,0.0087
2026-08-31 19:45:35,715.99,2026-08-31,716.0,0.38,0.44,0.38,351065,1548,0.2772,0.4968,0.3839,-0.41,0.015
2026-08-31 19:45:35,715.99,2026-08-31,717.0,0.08,0.13,0.12,181614,1524,0.2912,0.178,0.23869,-0.105,0.0098
2026-08-31 19:45:35,715.99,2026-08-31,718.0,0.04,0.05,0.02,114425,6199,0.3682,0.0732,0.10064,-0.045,0.0052
2026-08-31 19:45:35,715.99,2026-08-31,719.0,0,0.01,0.01,51406,1061,0.3858,0.019,0.03201,-0.01,0.0017
2026-08-31 19:45:35,715.99,2026-08-31,720.0,0,0.01,0.01,63123,9314,0.4927,0.0153,0.0208,-0.01,0.0014
2026-08-31 19:45:35,715.99,2026-08-31,721.0,0,0.03,0.01,21869,1019,0.5965,0.0129,0.01482,-0.01,0.0012
2026-08-31 19:45:35,715.99,2026-08-31,722.0,0,0.01,0.01,18390,1939,0.6981,0.0112,0.0112,-0.01,0.0011
2026-08-31 19:46:37,716.15,2026-08-31,710.0,5.88,6.19,6.07,8638,11199,,,,,
2026-08-31 19:46:37,716.15,2026-08-31,711.0,4.97,5.27,5.11,6130,643,,,,,
2026-08-31 19:46:37,716.15,2026-08-31,712.0,3.87,4.16,4.059,22087,988,,,,,
2026-08-31 19:46:37,716.15,2026-08-31,713.0,2.91,3.1,2.91,70222,465,,,,,
2026-08-31 19:46:37,716.15,2026-08-31,714.0,1.96,2.11,2.009,255320,619,,,,,
2026-08-31 19:46:37,716.15,2026-08-31,715.0,1.1,1.17,1.06,508874,3188,,,,,
2026-08-31 19:46:37,716.15,2026-08-31,716.0,0.39,0.4,0.44,352224,1548,0.2158,0.5794,0.50165,-0.24,0.0141
2026-08-31 19:46:37,716.15,2026-08-31,717.0,0.08,0.13,0.13,181901,1524,0.2706,0.1942,0.28138,-0.105,0.0099
2026-08-31 19:46:37,716.15,2026-08-31,718.0,0.04,0.05,0.04,114720,6199,0.358,0.0773,0.11203,-0.045,0.0052
2026-08-31 19:46:37,716.15,2026-08-31,719.0,0,0.03,0.02,51407,1061,0.4273,0.033,0.04774,-0.02,0.0027
2026-08-31 19:46:37,716.15,2026-08-31,720.0,0,0.01,0.01,63148,9314,0.4932,0.0158,0.02217,-0.01,0.0014
2026-08-31 19:46:37,716.15,2026-08-31,721.0,0,0.01,0.01,21954,1019,0.6014,0.0132,0.0156,-0.01,0.0012
2026-08-31 19:46:37,716.15,2026-08-31,722.0,0,0.03,0.01,18390,1939,0.7072,0.0114,0.0117,-0.01,0.0011
2026-08-31 19:46:37,716.15,2026-08-31,723.0,0,0.01,0.01,10886,1003,0.8109,0.0101,0.00916,-0.01,0.001
2026-08-31 19:47:37,715.9,2026-08-31,709.0,6.86,7.01,7.08,1311,522,1.0238,0.9746,0.01667,-0.035,0.0021
2026-08-31 19:47:37,715.9,2026-08-31,710.0,5.91,6.07,5.77,8640,11199,1.0756,0.944,0.03023,-0.09,0.0039
2026-08-31 19:47:37,715.9,2026-08-31,711.0,4.84,5.06,4.88,6131,643,0.8222,0.9577,0.0316,-0.05,0.0031
2026-08-31 19:47:37,715.9,2026-08-31,712.0,3.87,3.98,3.81,22099,988,0.5996,0.9699,0.03274,-0.025,0.0024
2026-08-31 19:47:37,715.9,2026-08-31,713.0,2.84,3.13,2.88,70250,465,0.6135,0.914,0.07368,-0.085,0.0055
2026-08-31 19:47:37,715.9,2026-08-31,714.0,1.84,1.97,1.88,255391,619,0.2496,0.986,0.04123,-0.005,0.0012
2026-08-31 19:47:37,715.9,2026-08-31,715.0,0.95,0.99,0.95,510187,3188,0.2526,0.8481,0.2681,-0.07,0.0082
2026-08-31 19:47:37,715.9,2026-08-31,716.0,0.37,0.38,0.37,353008,1548,0.3051,0.463,0.37485,-0.375,0.0138
2026-08-31 19:47:37,715.9,2026-08-31,717.0,0.1,0.11,0.11,182075,1524,0.3319,0.1705,0.21996,-0.105,0.0088
2026-08-31 19:47:37,715.9,2026-08-31,718.0,0.01,0.02,0.02,115012,6199,0.3292,0.0334,0.06504,-0.015,0.0026
2026-08-31 19:47:37,715.9,2026-08-31,719.0,0,0.01,0.02,51407,1061,0.4771,0.031,0.04226,-0.02,0.0024
2026-08-31 19:47:37,715.9,2026-08-31,720.0,0,0.03,0.01,63148,9314,0.542,0.015,0.02011,-0.01,0.0013
2026-08-31 19:47:37,715.9,2026-08-31,721.0,0,0.03,0.02,21954,1019,0.7226,0.0215,0.02054,-0.02,0.0018
2026-08-31 19:47:37,715.9,2026-08-31,722.0,0,0.01,0.01,18390,1939,0.7633,0.011,0.01095,-0.01,0.001
2026-08-31 19:48:38,715.78,2026-08-31,709.0,6.63,6.9,6.6,1320,522,,,,,
2026-08-31 19:48:38,715.78,2026-08-31,710.0,5.69,5.81,5.77,8640,11199,,,,,
2026-08-31 19:48:38,715.78,2026-08-31,711.0,4.69,4.98,4.88,6132,643,0.8418,0.9569,0.03267,-0.05,0.003
2026-08-31 19:48:38,715.78,2026-08-31,712.0,3.64,3.94,3.63,22099,988,0.4759,0.9918,0.01421,-0.005,0.0007
2026-08-31 19:48:38,715.78,2026-08-31,713.0,2.63,2.95,2.64,70390,465,0.3636,0.9895,0.02301,-0.005,0.0009
2026-08-31 19:48:38,715.78,2026-08-31,714.0,1.72,1.88,1.72,255691,619,0.2991,0.9638,0.07978,-0.015,0.0026
2026-08-31 19:48:38,715.78,2026-08-31,715.0,0.93,0.95,0.93,511003,3188,0.3316,0.7621,0.28034,-0.155,0.0103
2026-08-31 19:48:38,715.78,2026-08-31,716.0,0.34,0.35,0.29,354055,1548,0.3344,0.4239,0.35201,-0.345,0.013
2026-08-31 19:48:38,715.78,2026-08-31,717.0,0.05,0.1,0.05,182154,1524,0.3304,0.1351,0.19754,-0.075,0.0072
2026-08-31 19:48:38,715.78,2026-08-31,718.0,0.04,0.05,0.01,115038,6199,0.4469,0.0687,0.08898,-0.045,0.0044
2026-08-31 19:48:38,715.78,2026-08-31,719.0,0,0.01,0.01,51410,1061,0.4596,0.018,0.02901,-0.01,0.0015
2026-08-31 19:48:38,715.78,2026-08-31,720.0,0,0.01,0.01,63148,9314,0.5792,0.0147,0.01929,-0.01,0.0012
2026-08-31 19:48:38,715.78,2026-08-31,721.0,0,0.01,0.02,21954,1019,0.7684,0.0212,0.01987,-0.02,0.0017
2026-08-31 19:48:38,715.78,2026-08-31,722.0,0,0.01,0.01,18390,1939,0.8095,0.0109,0.01064,-0.01,0.001
2026-08-31 19:49:38,715.72,2026-08-31,709.0,6.46,6.95,6.6,1320,522,,,,,
2026-08-31 19:49:38,715.72,2026-08-31,710.0,5.59,5.91,5.77,8640,11199,0.9322,0.9739,0.02045,-0.03,0.0019
2026-08-31 19:49:38,715.72,2026-08-31,711.0,4.53,4.9,4.7,6143,643,,,,,
2026-08-31 19:49:38,715.72,2026-08-31,712.0,3.57,3.86,3.63,22099,988,,,,,
2026-08-31 19:49:38,715.72,2026-08-31,713.0,2.6,2.96,2.57,70444,465,0.5868,0.9283,0.07334,-0.06,0.0043
2026-08-31 19:49:38,715.72,2026-08-31,714.0,1.66,1.8,1.6,255998,619,0.2824,0.9726,0.07028,-0.01,0.002
2026-08-31 19:49:38,715.72,2026-08-31,715.0,0.82,0.88,0.8,511877,3188,0.3061,0.771,0.31151,-0.13,0.0096
2026-08-31 19:49:38,715.72,2026-08-31,716.0,0.25,0.3,0.28,355008,1548,0.315,0.3903,0.38356,-0.275,0.0122
2026-08-31 19:49:38,715.72,2026-08-31,717.0,0.08,0.09,0.08,182428,1524,0.3732,0.1407,0.18834,-0.085,0.0071
2026-08-31 19:49:38,715.72,2026-08-31,718.0,0.03,0.04,0.03,115094,6199,0.453,0.057,0.07952,-0.035,0.0036
2026-08-31 19:49:38,715.72,2026-08-31,719.0,0,0.01,0.01,51410,1061,0.4897,0.0178,0.02815,-0.01,0.0014
2026-08-31 19:49:38,715.72,2026-08-31,720.0,0,0.03,0.01,63148,9314,0.6148,0.0145,0.01884,-0.01,0.0012
2026-08-31 19:49:38,715.72,2026-08-31,721.0,0,0.03,0.02,21954,1019,0.8134,0.021,0.01951,-0.02,0.0016
2026-08-31 19:49:38,715.72,2026-08-31,722.0,0,0.03,0.01,18390,1939,0.8557,0.0108,0.01047,-0.01,0.0009
2026-08-31 19:50:39,717.05,2026-08-31,711.0,5.86,6.27,4.55,6143,643,0.9226,0.9854,0.01329,-0.015,0.0011
2026-08-31 19:50:39,717.05,2026-08-31,712.0,4.94,5.22,4.88,22100,988,0.8825,0.9714,0.02454,-0.03,0.002
2026-08-31 19:50:39,717.05,2026-08-31,713.0,3.96,4.31,3.96,70447,465,0.9089,0.9305,0.04856,-0.085,0.004
2026-08-31 19:50:39,717.05,2026-08-31,714.0,3.02,3.25,2.95,256134,619,0.732,0.9166,0.0693,-0.085,0.0046
2026-08-31 19:50:39,717.05,2026-08-31,715.0,1.95,2.15,1.95,512590,3188,,,,,
2026-08-31 19:50:39,717.05,2026-08-31,716.0,1.1,1.11,1.1,355951,1548,0.2986,0.878,0.22417,-0.055,0.0061
2026-08-31 19:50:39,717.05,2026-08-31,717.0,0.38,0.4,0.42,182653,1524,0.3019,0.5223,0.43634,-0.34,0.012
2026-08-31 19:50:39,717.05,2026-08-31,718.0,0.07,0.13,0.12,115634,6199,0.3412,0.1791,0.2535,-0.1,0.0079
2026-08-31 19:50:39,717.05,2026-08-31,719.0,0.04,0.05,0.01,51410,1061,0.4461,0.0746,0.10452,-0.045,0.0043
2026-08-31 19:50:39,717.05,2026-08-31,720.0,0,0.01,0.01,63162,9314,0.4701,0.0193,0.03298,-0.01,0.0014
2026-08-31 19:50:39,717.05,2026-08-31,721.0,0,0.01,0.02,21954,1019,0.6699,0.026,0.02983,-0.02,0.0018
2026-08-31 19:50:39,717.05,2026-08-31,722.0,0,0.03,0.01,18390,1939,0.7319,0.013,0.01509,-0.01,0.001
2026-08-31 19:50:39,717.05,2026-08-31,723.0,0,0.03,0.01,10889,1003,0.8579,0.0112,0.01138,-0.01,0.0009
2026-08-31 19:50:39,717.05,2026-08-31,724.0,0,0.01,0.01,8627,1919,0.9815,0.01,0.00895,-0.01,0.0008
2026-08-31 19:51:40,717.1,2026-08-31,711.0,5.98,6.26,5.64,6198,643,1.0284,0.9817,0.0153,-0.02,0.0013
2026-08-31 19:51:40,717.1,2026-08-31,712.0,4.84,5.29,4.82,22102,988,,,,,
2026-08-31 19:51:40,717.1,2026-08-31,713.0,3.98,4.34,3.89,70479,465,0.9008,0.9454,0.04302,-0.06,0.0032
2026-08-31 19:51:40,717.1,2026-08-31,714.0,2.89,3.15,2.96,258003,619,,,,,
2026-08-31 19:51:40,717.1,2026-08-31,715.0,1.98,2.13,1.99,513973,3188,,,,,
2026-08-31 19:51:40,717.1,2026-08-31,716.0,1.13,1.18,1.13,357041,1548,0.3272,0.8811,0.21291,-0.055,0.0057
2026-08-31 19:51:40,717.1,2026-08-31,717.0,0.48,0.51,0.46,182828,1524,0.3892,0.5364,0.35779,-0.395,0.0113
2026-08-31 19:51:40,717.1,2026-08-31,718.0,0.11,0.16,0.11,115747,6199,0.3937,0.212,0.25801,-0.135,0.0083
2026-08-31 19:51:40,717.1,2026-08-31,719.0,0.01,0.02,0.01,51439,1061,0.3691,0.0359,0.07488,-0.015,0.0022
2026-08-31 19:51:40,717.1,2026-08-31,720.0,0,0.01,0.01,63189,9314,0.4912,0.0195,0.03383,-0.01,0.0014
2026-08-31 19:51:40,717.1,2026-08-31,721.0,0,0.01,0.01,21955,1019,0.6322,0.0156,0.02169,-0.01,0.0011
2026-08-31 19:51:40,717.1,2026-08-31,722.0,0,0.03,0.01,18390,1939,0.7691,0.0131,0.01533,-0.01,0.001
2026-08-31 19:51:40,717.1,2026-08-31,723.0,0,0.03,0.01,10889,1003,0.9028,0.0113,0.01153,-0.01,0.0008
2026-08-31 19:51:40,717.1,2026-08-31,724.0,0,0.01,0.01,8627,1919,1.034,0.01,0.00905,-0.01,0.0008
2026-08-31 19:52:41,717.38,2026-08-31,711.0,6.35,6.58,5.64,6198,643,1.4693,0.9488,0.02674,-0.085,0.0028
2026-08-31 19:52:41,717.38,2026-08-31,712.0,5.25,5.6,4.82,22102,988,1.1306,0.9631,0.02668,-0.045,0.0022
2026-08-31 19:52:41,717.38,2026-08-31,713.0,4.29,4.5,4.23,70492,465,0.7912,0.9811,0.02178,-0.015,0.0012
2026-08-31 19:52:41,717.38,2026-08-31,714.0,3.22,3.45,3.16,258114,619,,,,,
2026-08-31 19:52:41,717.38,2026-08-31,715.0,2.36,2.52,2.36,515455,3188,0.6297,0.9217,0.08682,-0.06,0.0039
2026-08-31 19:52:41,717.38,2026-08-31,716.0,1.41,1.48,1.41,359015,1548,0.4305,0.8851,0.16849,-0.065,0.0052
2026-08-31 19:52:41,717.38,2026-08-31,717.0,0.68,0.71,0.68,183088,1524,0.4509,0.6241,0.31462,-0.315,0.0102
2026-08-31 19:52:41,717.38,2026-08-31,718.0,0.19,0.2,0.16,115761,6199,0.409,0.2859,0.31081,-0.195,0.0091
2026-08-31 19:52:41,717.38,2026-08-31,719.0,0.01,0.06,0.01,51439,1061,0.4126,0.0715,0.12361,-0.035,0.0036
2026-08-31 19:52:41,717.38,2026-08-31,720.0,0,0.01,0.01,63189,9314,0.4807,0.0211,0.03933,-0.01,0.0014
2026-08-31 19:52:41,717.38,2026-08-31,721.0,0,0.03,0.01,21955,1019,0.6326,0.0165,0.02427,-0.01,0.0011
2026-08-31 19:52:41,717.38,2026-08-31,722.0,0,0.01,0.01,18390,1939,0.7797,0.0137,0.01677,-0.01,0.0009
2026-08-31 19:52:41,717.38,2026-08-31,723.0,0,0.03,0.01,10889,1003,0.9231,0.0118,0.01242,-0.01,0.0008
2026-08-31 19:52:41,717.38,2026-08-31,724.0,0,0.01,0.01,8627,1919,1.0638,0.0103,0.00965,-0.01,0.0007
2026-08-31 19:53:41,717.13,2026-08-31,711.0,5.92,6.3,5.64,6198,643,,,,,
2026-08-31 19:53:41,717.13,2026-08-31,712.0,4.92,5.37,4.92,22103,988,0.9763,0.9832,0.01719,-0.015,0.001
2026-08-31 19:53:41,717.13,2026-08-31,713.0,3.96,4.33,4.13,70521,465,0.8111,0.9802,0.02383,-0.015,0.0012
2026-08-31 19:53:41,717.13,2026-08-31,714.0,3.06,3.26,2.96,258231,619,0.7251,0.9594,0.04847,-0.03,0.0022
2026-08-31 19:53:41,717.13,2026-08-31,715.0,2.07,2.12,2.07,516842,3188,,,,,
2026-08-31 19:53:41,717.13,2026-08-31,716.0,1.2,1.24,1.16,360656,1548,0.4479,0.8456,0.21366,-0.09,0.0059
2026-08-31 19:53:41,717.13,2026-08-31,717.0,0.48,0.51,0.46,183334,1524,0.4307,0.5488,0.37021,-0.365,0.0098
2026-08-31 19:53:41,717.13,2026-08-31,718.0,0.1,0.15,0.12,115817,6199,0.4295,0.2078,0.26852,-0.125,0.0071
2026-08-31 19:53:41,717.13,2026-08-31,719.0,0.01,0.05,0.01,51439,1061,0.48,0.0587,0.09825,-0.03,0.0029
2026-08-31 19:53:41,717.13,2026-08-31,720.0,0,0.03,0.01,63190,9314,0.5594,0.0197,0.03436,-0.01,0.0012
2026-08-31 19:53:41,717.13,2026-08-31,721.0,0,0.01,0.01,21957,1019,0.7215,0.0157,0.02195,-0.01,0.001
2026-08-31 19:53:41,717.13,2026-08-31,722.0,0,0.03,0.01,18390,1939,0.8788,0.0131,0.01547,-0.01,0.0008
2026-08-31 19:53:41,717.13,2026-08-31,723.0,0,0.01,0.01,10889,1003,1.0325,0.0114,0.01162,-0.01,0.0007
2026-08-31 19:53:41,717.13,2026-08-31,724.0,0,0.01,0.01,8627,1919,1.1834,0.01,0.00911,-0.01,0.0007
2026-08-31 19:54:42,717.05,2026-08-31,711.0,5.83,6.19,5.63,6199,643,,,,,
2026-08-31 19:54:42,717.05,2026-08-31,712.0,4.9,5.23,4.92,22103,988,1.0514,0.983,0.01764,-0.015,0.001
2026-08-31 19:54:42,717.05,2026-08-31,713.0,3.85,4.25,4.01,70525,465,,,,,
2026-08-31 19:54:42,717.05,2026-08-31,714.0,2.82,3.15,2.82,258268,619,,,,,
2026-08-31 19:54:42,717.05,2026-08-31,715.0,1.87,2.18,1.87,517209,3188,,,,,
2026-08-31 19:54:42,717.05,2026-08-31,716.0,1.04,1.14,1.04,361197,1548,0.3625,0.8987,0.21465,-0.04,0.004
2026-08-31 19:54:42,717.05,2026-08-31,717.0,0.43,0.46,0.43,183587,1524,0.4618,0.5194,0.37905,-0.395,0.0091
2026-08-31 19:54:42,717.05,2026-08-31,718.0,0.08,0.09,0.1,115864,6199,0.4275,0.1649,0.25497,-0.085,0.0056
2026-08-31 19:54:42,717.05,2026-08-31,719.0,0.03,0.04,0.01,51439,1061,0.5595,0.0633,0.0975,-0.035,0.0028
2026-08-31 19:54:42,717.05,2026-08-31,720.0,0,0.01,0.01,63190,9314,0.6246,0.0193,0.03298,-0.01,0.0011
2026-08-31 19:54:42,717.05,2026-08-31,721.0,0,0.03,0.01,21999,1019,0.801,0.0154,0.02128,-0.01,0.0009
2026-08-31 19:54:42,717.05,2026-08-31,722.0,0,0.03,0.01,18390,1939,0.9723,0.013,0.01509,-0.01,0.0008
2026-08-31 19:54:42,717.05,2026-08-31,723.0,0,0.01,0.01,10889,1003,1.1397,0.0112,0.01138,-0.01,0.0007
2026-08-31 19:54:42,717.05,2026-08-31,724.0,0,0.03,0.01,8627,1919,1.304,0.01,0.00895,-0.01,0.0006
2026-08-31 19:55:42,716.81,2026-08-31,710.0,6.67,7.06,7.17,8642,11199,1.8606,0.9639,0.02078,-0.055,0.0016
2026-08-31 19:55:42,716.81,2026-08-31,711.0,5.69,6.07,5.63,6199,643,1.7121,0.9522,0.02839,-0.07,0.002
2026-08-31 19:55:42,716.81,2026-08-31,712.0,4.74,4.99,4.92,22103,988,1.4016,0.9538,0.0337,-0.055,0.002
2026-08-31 19:55:42,716.81,2026-08-31,713.0,3.05,3.93,2.98,70532,465,,,,,
2026-08-31 19:55:42,716.81,2026-08-31,714.0,2.36,2.95,2.43,258368,619,,,,,
2026-08-31 19:55:42,716.81,2026-08-31,715.0,1.77,1.87,1.83,517744,3188,0.4598,0.9729,0.06638,-0.01,0.0013
2026-08-31 19:55:42,716.81,2026-08-31,716.0,0.89,0.95,0.89,361628,1548,0.4743,0.7982,0.28975,-0.11,0.0058
2026-08-31 19:55:42,716.81,2026-08-31,717.0,0.28,0.3,0.24,183679,1524,0.4617,0.4208,0.41352,-0.29,0.008
2026-08-31 19:55:42,716.81,2026-08-31,718.0,0.07,0.08,0.04,116009,6199,0.5294,0.1366,0.20189,-0.075,0.0045
2026-08-31 19:55:42,716.81,2026-08-31,719.0,0.01,0.02,0.01,51440,1061,0.5778,0.0324,0.06127,-0.015,0.0015
2026-08-31 19:55:42,716.81,2026-08-31,720.0,0,0.01,0.01,63190,9314,0.7419,0.0182,0.02934,-0.01,0.0009
2026-08-31 19:55:42,716.81,2026-08-31,721.0,0,0.03,0.03,21999,1019,1.1126,0.0335,0.03271,-0.03,0.0015
2026-08-31 19:55:42,716.81,2026-08-31,722.0,0,0.01,0.01,18390,1939,1.1256,0.0125,0.01404,-0.01,0.0007
2026-08-31 19:55:42,716.81,2026-08-31,723.0,0,0.01,0.01,10889,1003,1.3108,0.0109,0.0107,-0.01,0.0006
2026-08-31 19:56:44,716.83,2026-08-31,710.0,6.61,7.07,7.17,8643,11199,1.6504,0.9902,0.00892,-0.01,0.0005
2026-08-31 19:56:44,716.83,2026-08-31,711.0,5.68,6.07,5.63,6199,643,1.8124,0.965,0.02387,-0.045,0.0014
2026-08-31 19:56:44,716.83,2026-08-31,712.0,4.72,4.91,4.74,22110,988,,,,,
2026-08-31 19:56:44,716.83,2026-08-31,713.0,3.29,4.1,2.63,70551,465,,,,,
2026-08-31 19:56:44,716.83,2026-08-31,714.0,2.36,2.92,2.4,258505,619,,,,,
2026-08-31 19:56:44,716.83,2026-08-31,715.0,1.7,1.94,1.65,518587,3188,,,,,
2026-08-31 19:56:44,716.83,2026-08-31,716.0,0.95,0.99,0.93,362661,1548,0.6107,0.7773,0.27364,-0.14,0.0053
2026-08-31 19:56:44,716.83,2026-08-31,717.0,0.25,0.27,0.25,183947,1524,0.475,0.4208,0.46143,-0.26,0.007
2026-08-31 19:56:44,716.83,2026-08-31,718.0,0.06,0.07,0.06,116065,6199,0.5746,0.1273,0.20332,-0.065,0.0037
2026-08-31 19:56:44,716.83,2026-08-31,719.0,0.03,0.04,0.01,51490,1061,0.776,0.0589,0.08483,-0.035,0.0021
2026-08-31 19:56:44,716.83,2026-08-31,720.0,0,0.01,0.01,63202,9314,0.8471,0.0182,0.02962,-0.01,0.0008
2026-08-31 19:56:44,716.83,2026-08-31,721.0,0,0.01,0.01,22036,1019,1.0705,0.0148,0.0196,-0.01,0.0007
2026-08-31 19:56:44,716.83,2026-08-31,722.0,0,0.01,0.01,18392,1939,1.2878,0.0125,0.01412,-0.01,0.0006
2026-08-31 19:56:44,716.83,2026-08-31,723.0,0,0.03,0.01,10889,1003,1.5005,0.0109,0.01076,-0.01,0.0005
2026-08-31 19:57:44,717.01,2026-08-31,711.0,5.94,6.26,5.72,6271,643,2.5582,0.9444,0.02956,-0.09,0.0017
2026-08-31 19:57:44,717.01,2026-08-31,712.0,4.89,5.13,4.91,22143,988,,,,,
2026-08-31 19:57:44,717.01,2026-08-31,713.0,3.81,4.26,3.81,70707,465,1.4422,0.97,0.03179,-0.025,0.001
2026-08-31 19:57:44,717.01,2026-08-31,714.0,2.75,3.22,2.75,258951,619,,,,,
2026-08-31 19:57:44,717.01,2026-08-31,715.0,2,2.07,2,521101,3188,0.8205,0.951,0.08339,-0.025,0.0015
2026-08-31 19:57:44,717.01,2026-08-31,716.0,1.03,1.09,1.03,366713,1548,0.5769,0.8813,0.23189,-0.05,0.0029
2026-08-31 19:57:44,717.01,2026-08-31,717.0,0.34,0.37,0.3,185315,1524,0.5912,0.5049,0.45481,-0.345,0.0059
2026-08-31 19:57:44,717.01,2026-08-31,718.0,0.07,0.08,0.03,116376,6199,0.6456,0.151,0.24453,-0.075,0.0035
2026-08-31 19:57:44,717.01,2026-08-31,719.0,0.01,0.02,0.01,51494,1061,0.7374,0.0347,0.07015,-0.015,0.0011
2026-08-31 19:57:44,717.01,2026-08-31,720.0,0,0.03,0.01,63207,9314,0.9695,0.0191,0.03232,-0.01,0.0007
2026-08-31 19:57:44,717.01,2026-08-31,721.0,0,0.01,0.01,22036,1019,1.2398,0.0153,0.02095,-0.01,0.0006
2026-08-31 19:57:44,717.01,2026-08-31,722.0,0,0.01,0.01,18396,1939,1.5023,0.0129,0.01491,-0.01,0.0005
2026-08-31 19:57:44,717.01,2026-08-31,723.0,0,0.03,0.01,10889,1003,1.759,0.0112,0.01126,-0.01,0.0004
2026-08-31 19:57:44,717.01,2026-08-31,724.0,0,0.03,0.01,8627,1919,2.0109,0.0099,0.00887,-0.01,0.0004
2026-08-31 19:58:45,716.88,2026-08-31,710.0,6.69,7.01,6.68,8655,11199,,,,,
2026-08-31 19:58:45,716.88,2026-08-31,711.0,5.66,6.16,5.64,6283,643,2.7547,0.9741,0.01981,-0.03,0.0007
2026-08-31 19:58:45,716.88,2026-08-31,712.0,4.74,4.99,4.74,22159,988,,,,,
2026-08-31 19:58:45,716.88,2026-08-31,713.0,3.06,4.13,3.09,70743,465,,,,,
2026-08-31 19:58:45,716.88,2026-08-31,714.0,2.78,2.99,2.78,259379,619,1.1479,0.9887,0.02344,-0.005,0.0003
2026-08-31 19:58:45,716.88,2026-08-31,715.0,1.82,2,1.82,522600,3188,1.0873,0.9418,0.09695,-0.03,0.0013
2026-08-31 19:58:45,716.88,2026-08-31,716.0,0.89,0.98,0.93,370234,1548,0.7257,0.8644,0.27197,-0.055,0.0024
2026-08-31 19:58:45,716.88,2026-08-31,717.0,0.25,0.28,0.25,185902,1524,0.7302,0.4411,0.4898,-0.265,0.0044
2026-08-31 19:58:45,716.88,2026-08-31,718.0,0.01,0.06,0.05,116456,6199,0.7573,0.0903,0.19488,-0.035,0.0018
2026-08-31 19:58:45,716.88,2026-08-31,719.0,0,0.03,0.01,51513,1061,0.9755,0.0246,0.05366,-0.01,0.0006
2026-08-31 19:58:45,716.88,2026-08-31,720.0,0,0.03,0.01,63209,9314,1.3516,0.0185,0.03033,-0.01,0.0005
2026-08-31 19:58:45,716.88,2026-08-31,721.0,0,0.03,0.01,22037,1019,1.7135,0.0149,0.01996,-0.01,0.0004
2026-08-31 19:58:45,716.88,2026-08-31,722.0,0,0.01,0.01,18396,1939,2.0654,0.0126,0.01433,-0.01,0.0004
2026-08-31 19:58:45,716.88,2026-08-31,723.0,0,0.03,0.01,10902,1003,2.4096,0.011,0.01089,-0.01,0.0003
2026-08-31 19:59:45,717.1,2026-08-31,711.0,6.03,6.26,6.21,6284,643,3.3957,0.9661,0.02241,-0.045,0.0007
2026-08-31 19:59:45,717.1,2026-08-31,712.0,5.07,5.3,4.63,22159,988,3.3298,0.9402,0.03608,-0.085,0.0012
2026-08-31 19:59:45,717.1,2026-08-31,713.0,4.11,4.26,4.14,70781,465,2.8086,0.9308,0.04789,-0.085,0.0013
2026-08-31 19:59:45,717.1,2026-08-31,714.0,3.11,3.3,2.9,259595,619,2.3945,0.9055,0.0711,-0.105,0.0017
2026-08-31 19:59:45,717.1,2026-08-31,715.0,2.07,2.28,2.07,523329,3188,1.6438,0.9023,0.10613,-0.075,0.0017
2026-08-31 19:59:45,717.1,2026-08-31,716.0,1.01,1.16,1.05,373097,1548,,,,,
2026-08-31 19:59:45,717.1,2026-08-31,717.0,0.39,0.44,0.39,187069,1524,0.9194,0.5441,0.436,-0.315,0.0039
2026-08-31 19:59:45,717.1,2026-08-31,718.0,0.02,0.07,0.02,116735,6199,0.7727,0.1198,0.26136,-0.045,0.002
2026-08-31 19:59:45,717.1,2026-08-31,719.0,0,0.01,0.01,51519,1061,0.9929,0.0267,0.06292,-0.01,0.0006
2026-08-31 19:59:45,717.1,2026-08-31,720.0,0,0.03,0.01,63223,9314,1.4169,0.0195,0.03382,-0.01,0.0005
2026-08-31 19:59:45,717.1,2026-08-31,721.0,0,0.01,0.01,22041,1019,1.8235,0.0156,0.02169,-0.01,0.0004
2026-08-31 19:59:45,717.1,2026-08-31,722.0,0,0.01,0.01,18434,1939,2.2182,0.0131,0.01533,-0.01,0.0003
2026-08-31 19:59:45,717.1,2026-08-31,723.0,0,0.03,0.01,10921,1003,2.6039,0.0113,0.01153,-0.01,0.0003
2026-08-31 19:59:45,717.1,2026-08-31,724.0,0,0.03,0.01,8628,1919,2.9823,0.01,0.00905,-0.01,0.0003
2026-08-31 20:00:46,717.02,2026-08-31,711.0,5.76,6.65,5.72,6287,643,4.5441,0.9112,0.03577,-0.185,0.0016
2026-08-31 20:00:46,717.02,2026-08-31,712.0,4.74,5.7,4.76,22220,988,4.057,0.8959,0.04505,-0.2,0.0018
2026-08-31 20:00:46,717.02,2026-08-31,713.0,3.67,5.74,3.91,70812,465,,,,,
2026-08-31 20:00:46,717.02,2026-08-31,714.0,2.8,3.7,2.77,259745,619,2.9679,0.8492,0.07971,-0.23,0.0023
2026-08-31 20:00:46,717.02,2026-08-31,715.0,1.89,2.26,1.82,524332,3188,1.4746,0.9174,0.10438,-0.055,0.0015
2026-08-31 20:00:46,717.02,2026-08-31,716.0,1,1.15,0.92,378025,1548,0.8968,0.8752,0.23178,-0.055,0.002
2026-08-31 20:00:46,717.02,2026-08-31,717.0,0.25,0.33,0.22,191606,1524,0.7093,0.5116,0.56845,-0.27,0.0039
2026-08-31 20:00:46,717.02,2026-08-31,718.0,0.03,0.09,0.04,118075,6199,0.8949,0.1344,0.24457,-0.06,0.0021
2026-08-31 20:00:46,717.02,2026-08-31,719.0,0,0.03,0.01,51645,1061,1.0278,0.0259,0.05927,-0.01,0.0006
2026-08-31 20:00:46,717.02,2026-08-31,720.0,0,0.01,0.01,63261,9314,1.4501,0.0191,0.03248,-0.01,0.0005
2026-08-31 20:00:46,717.02,2026-08-31,721.0,0,0.01,0.01,22060,1019,1.8557,0.0153,0.02103,-0.01,0.0004
2026-08-31 20:00:46,717.02,2026-08-31,722.0,0,0.03,0.01,18435,1939,2.2496,0.0129,0.01495,-0.01,0.0003
2026-08-31 20:00:46,717.02,2026-08-31,723.0,0,0.03,0.01,10925,1003,2.6347,0.0112,0.01129,-0.01,0.0003
2026-08-31 20:00:46,717.02,2026-08-31,724.0,0,0.01,0.01,8629,1919,3.0127,0.0099,0.00889,-0.01,0.0003
2026-08-31 20:01:47,717.03,2026-08-31,711.0,5.76,6.65,5.72,6287,643,4.4859,0.9143,0.03528,-0.175,0.0015
2026-08-31 20:01:47,717.03,2026-08-31,712.0,4.74,5.7,4.79,22225,988,4.0062,0.8992,0.04457,-0.19,0.0017
2026-08-31 20:01:47,717.03,2026-08-31,713.0,3.67,5.74,3.43,70842,465,,,,,
2026-08-31 20:01:47,717.03,2026-08-31,714.0,2.8,3.7,2.86,259773,619,2.9308,0.853,0.07934,-0.22,0.0023
2026-08-31 20:01:47,717.03,2026-08-31,715.0,1.89,2.26,1.99,524992,3188,1.4103,0.9276,0.09874,-0.045,0.0014
2026-08-31 20:01:47,717.03,2026-08-31,716.0,1,1.15,0.92,379472,1548,0.8515,0.8896,0.22381,-0.045,0.0019
2026-08-31 20:01:47,717.03,2026-08-31,717.0,0.25,0.33,0.21,192541,1524,0.6962,0.5176,0.57878,-0.26,0.0039
2026-08-31 20:01:47,717.03,2026-08-31,718.0,0.03,0.09,0.02,118456,6199,0.8886,0.1352,0.24726,-0.06,0.0021
2026-08-31 20:01:47,717.03,2026-08-31,719.0,0,0.03,0.01,51733,1061,1.0234,0.026,0.05971,-0.01,0.0006
2026-08-31 20:01:47,717.03,2026-08-31,720.0,0,0.01,0.01,63325,9314,1.446,0.0192,0.03264,-0.01,0.0005
2026-08-31 20:01:47,717.03,2026-08-31,721.0,0,0.01,0.01,22077,1019,1.8517,0.0154,0.02111,-0.01,0.0004
2026-08-31 20:01:47,717.03,2026-08-31,722.0,0,0.03,0.01,18435,1939,2.2457,0.0129,0.015,-0.01,0.0003
2026-08-31 20:01:47,717.03,2026-08-31,723.0,0,0.03,0.01,10975,1003,2.6309,0.0112,0.01132,-0.01,0.0003
2026-08-31 20:01:47,717.03,2026-08-31,724.0,0,0.01,0.01,8640,1919,3.0089,0.0099,0.00891,-0.01,0.0003
2026-08-31 20:02:48,717.22,2026-08-31,711.0,5.76,6.65,5.72,6287,643,,,,,
2026-08-31 20:02:48,717.22,2026-08-31,712.0,4.74,5.7,4.79,22226,988,,,,,
2026-08-31 20:02:48,717.22,2026-08-31,713.0,3.67,5.74,3.99,70873,465,4.8069,0.8142,0.05629,-0.485,0.0026
2026-08-31 20:02:48,717.22,2026-08-31,714.0,2.8,3.7,2.07,260205,619,1.8663,0.9599,0.04679,-0.03,0.0009
2026-08-31 20:02:48,717.22,2026-08-31,715.0,1.89,2.26,1.99,525706,3188,,,,,
2026-08-31 20:02:48,717.22,2026-08-31,716.0,1,1.15,1.02,380344,1548,,,,,
2026-08-31 20:02:48,717.22,2026-08-31,717.0,0.25,0.33,0.28,193288,1524,0.395,0.7134,0.87099,-0.07,0.0034
2026-08-31 20:02:48,717.22,2026-08-31,718.0,0.03,0.09,0.02,118766,6199,0.7669,0.1522,0.31035,-0.06,0.0023
2026-08-31 20:02:48,717.22,2026-08-31,719.0,0,0.03,0.01,51817,1061,0.9402,0.028,0.06914,-0.01,0.0006
2026-08-31 20:02:48,717.22,2026-08-31,720.0,0,0.01,0.01,63325,9314,1.3669,0.0201,0.03601,-0.01,0.0005
2026-08-31 20:02:48,717.22,2026-08-31,721.0,0,0.01,0.01,22133,1019,1.7751,0.016,0.02274,-0.01,0.0004
2026-08-31 20:02:48,717.22,2026-08-31,722.0,0,0.03,0.01,18435,1939,2.171,0.0133,0.01592,-0.01,0.0003
2026-08-31 20:02:48,717.22,2026-08-31,723.0,0,0.03,0.02,10975,1003,2.8194,0.0196,0.01707,-0.02,0.0005
2026-08-31 20:02:48,717.22,2026-08-31,724.0,0,0.01,0.01,8640,1919,2.9368,0.0102,0.0093,-0.01,0.0003
2026-08-31 20:03:48,717.26,2026-08-31,711.0,5.76,6.65,5.72,6287,643,,,,,
2026-08-31 20:03:48,717.26,2026-08-31,712.0,4.74,5.7,5.02,22235,988,,,,,
2026-08-31 20:03:48,717.26,2026-08-31,713.0,3.67,5.74,3.98,70881,465,4.6815,0.8227,0.05612,-0.445,0.0026
2026-08-31 20:03:48,717.26,2026-08-31,714.0,2.8,3.7,2.87,260209,619,,,,,
2026-08-31 20:03:48,717.26,2026-08-31,715.0,1.89,2.26,2.04,525898,3188,,,,,
2026-08-31 20:03:48,717.26,2026-08-31,716.0,1,1.15,1.18,380878,1548,,,,,
2026-08-31 20:03:48,717.26,2026-08-31,717.0,0.25,0.33,0.35,193731,1524,0.2956,0.8132,0.91835,-0.03,0.0027
2026-08-31 20:03:48,717.26,2026-08-31,718.0,0.03,0.09,0.02,118792,6199,0.7406,0.1565,0.32732,-0.06,0.0024
2026-08-31 20:03:48,717.26,2026-08-31,719.0,0,0.03,0.01,51818,1061,0.9226,0.0285,0.07144,-0.01,0.0006
2026-08-31 20:03:48,717.26,2026-08-31,720.0,0,0.01,0.01,63346,9314,1.3501,0.0204,0.0368,-0.01,0.0005
2026-08-31 20:03:48,717.26,2026-08-31,721.0,0,0.01,0.01,22133,1019,1.759,0.0161,0.02311,-0.01,0.0004
2026-08-31 20:03:48,717.26,2026-08-31,722.0,0,0.03,0.01,18435,1939,2.1553,0.0134,0.01613,-0.01,0.0003
2026-08-31 20:03:48,717.26,2026-08-31,723.0,0,0.03,0.02,10975,1003,2.8027,0.0197,0.01724,-0.02,0.0005
2026-08-31 20:03:48,717.26,2026-08-31,724.0,0,0.01,0.01,8640,1919,2.9216,0.0102,0.00938,-0.01,0.0003
2026-08-31 20:04:48,717.14,2026-08-31,711.0,5.76,6.65,5.72,6287,643,3.655,0.9562,0.02566,-0.065,0.0009
2026-08-31 20:04:48,717.14,2026-08-31,712.0,4.74,5.7,5.02,22235,988,3.3067,0.9429,0.03504,-0.08,0.0011
2026-08-31 20:04:48,717.14,2026-08-31,713.0,3.67,5.74,3.98,70903,465,,,,,
2026-08-31 20:04:48,717.14,2026-08-31,714.0,2.8,3.7,2.98,260241,619,2.447,0.9035,0.07063,-0.11,0.0017
2026-08-31 20:04:48,717.14,2026-08-31,715.0,1.89,2.26,2.04,526199,3188,,,,,
2026-08-31 20:04:48,717.14,2026-08-31,716.0,1,1.15,1.17,382677,1548,,,,,
2026-08-31 20:04:48,717.14,2026-08-31,717.0,0.25,0.33,0.3,193898,1524,0.539,0.6038,0.72283,-0.15,0.0038
2026-08-31 20:04:48,717.14,2026-08-31,718.0,0.03,0.09,0.03,118817,6199,0.8187,0.1444,0.28068,-0.06,0.0022
2026-08-31 20:04:48,717.14,2026-08-31,719.0,0,0.03,0.01,51931,1061,0.9754,0.0271,0.06489,-0.01,0.0006
2026-08-31 20:04:48,717.14,2026-08-31,720.0,0,0.01,0.01,63378,9314,1.4002,0.0197,0.03453,-0.01,0.0005
2026-08-31 20:04:48,717.14,2026-08-31,721.0,0,0.01,0.01,22145,1019,1.8074,0.0157,0.02203,-0.01,0.0004
2026-08-31 20:04:48,717.14,2026-08-31,722.0,0,0.03,0.01,18445,1939,2.2025,0.0132,0.01552,-0.01,0.0003
2026-08-31 20:04:48,717.14,2026-08-31,723.0,0,0.03,0.01,10977,1003,2.5885,0.0114,0.01165,-0.01,0.0003
2026-08-31 20:04:48,717.14,2026-08-31,724.0,0,0.01,0.01,8640,1919,2.9672,0.0101,0.00913,-0.01,0.0003
2026-08-31 20:05:49,717.14,2026-08-31,711.0,5.76,6.65,5.72,6287,643,3.655,0.9562,0.02566,-0.065,0.0009
2026-08-31 20:05:49,717.14,2026-08-31,712.0,4.74,5.7,5.07,22237,988,3.3067,0.9429,0.03504,-0.08,0.0011
2026-08-31 20:05:49,717.14,2026-08-31,713.0,3.67,5.74,3.99,70918,465,,,,,
2026-08-31 20:05:49,717.14,2026-08-31,714.0,2.8,3.7,3.1,260317,619,2.447,0.9035,0.07063,-0.11,0.0017
2026-08-31 20:05:49,717.14,2026-08-31,715.0,1.89,2.26,2.05,527581,3188,,,,,
2026-08-31 20:05:49,717.14,2026-08-31,716.0,1,1.15,1.16,385351,1548,,,,,
2026-08-31 20:05:49,717.14,2026-08-31,717.0,0.25,0.33,0.3,197445,1524,0.539,0.6038,0.72283,-0.15,0.0038
2026-08-31 20:05:49,717.14,2026-08-31,718.0,0.03,0.09,0.05,121463,6199,0.8187,0.1444,0.28068,-0.06,0.0022
2026-08-31 20:05:49,717.14,2026-08-31,719.0,0,0.03,0.01,54278,1061,0.9754,0.0271,0.06489,-0.01,0.0006
2026-08-31 20:05:49,717.14,2026-08-31,720.0,0,0.01,0.01,63625,9314,1.4002,0.0197,0.03453,-0.01,0.0005
2026-08-31 20:05:49,717.14,2026-08-31,721.0,0,0.01,0.01,22263,1019,1.8074,0.0157,0.02203,-0.01,0.0004
2026-08-31 20:05:49,717.14,2026-08-31,722.0,0,0.03,0.01,18518,1939,2.2025,0.0132,0.01552,-0.01,0.0003
2026-08-31 20:05:49,717.14,2026-08-31,723.0,0,0.03,0.01,12865,1003,2.5885,0.0114,0.01165,-0.01,0.0003
2026-08-31 20:05:49,717.14,2026-08-31,724.0,0,0.01,0.01,9038,1919,2.9672,0.0101,0.00913,-0.01,0.0003
2026-08-31 20:06:50,717.14,2026-08-31,711.0,5.76,6.65,5.72,6287,643,3.655,0.9562,0.02566,-0.065,0.0009
2026-08-31 20:06:50,717.14,2026-08-31,712.0,4.74,5.7,5.07,22237,988,3.3067,0.9429,0.03504,-0.08,0.0011
2026-08-31 20:06:50,717.14,2026-08-31,713.0,3.67,5.74,3.99,70934,465,,,,,
2026-08-31 20:06:50,717.14,2026-08-31,714.0,2.8,3.7,3.2,260324,619,2.447,0.9035,0.07063,-0.11,0.0017
2026-08-31 20:06:50,717.14,2026-08-31,715.0,1.89,2.26,2.17,527808,3188,,,,,
2026-08-31 20:06:50,717.14,2026-08-31,716.0,1,1.15,1.11,386899,1548,,,,,
2026-08-31 20:06:50,717.14,2026-08-31,717.0,0.25,0.33,0.31,198761,1524,0.539,0.6038,0.72283,-0.15,0.0038
2026-08-31 20:06:50,717.14,2026-08-31,718.0,0.03,0.09,0.02,122136,6199,0.8187,0.1444,0.28068,-0.06,0.0022
2026-08-31 20:06:50,717.14,2026-08-31,719.0,0,0.03,0.03,54298,1061,1.2,0.0589,0.09892,-0.03,0.0012
2026-08-31 20:06:50,717.14,2026-08-31,720.0,0,0.01,0.01,63642,9314,1.4002,0.0197,0.03453,-0.01,0.0005
2026-08-31 20:06:50,717.14,2026-08-31,721.0,0,0.01,0.01,22263,1019,1.8074,0.0157,0.02203,-0.01,0.0004
2026-08-31 20:06:50,717.14,2026-08-31,722.0,0,0.03,0.01,18538,1939,2.2025,0.0132,0.01552,-0.01,0.0003
2026-08-31 20:06:50,717.14,2026-08-31,723.0,0,0.03,0.01,12923,1003,2.5885,0.0114,0.01165,-0.01,0.0003
2026-08-31 20:06:50,717.14,2026-08-31,724.0,0,0.01,0.01,9038,1919,2.9672,0.0101,0.00913,-0.01,0.0003
2026-08-31 20:07:51,717.04,2026-08-31,711.0,5.76,6.65,5.72,6287,643,4.4259,0.9175,0.03475,-0.165,0.0015
2026-08-31 20:07:51,717.04,2026-08-31,712.0,4.74,5.7,5.22,22238,988,3.954,0.9025,0.04404,-0.18,0.0017
2026-08-31 20:07:51,717.04,2026-08-31,713.0,3.67,5.74,4.22,70934,465,,,,,
2026-08-31 20:07:51,717.04,2026-08-31,714.0,2.8,3.7,3.2,261256,619,2.8928,0.857,0.07893,-0.21,0.0022
2026-08-31 20:07:51,717.04,2026-08-31,715.0,1.89,2.26,2.21,527922,3188,1.3373,0.9389,0.09137,-0.035,0.0012
2026-08-31 20:07:51,717.04,2026-08-31,716.0,1,1.15,1.22,387918,1548,0.8007,0.9057,0.21223,-0.035,0.0017
2026-08-31 20:07:51,717.04,2026-08-31,717.0,0.25,0.33,0.33,199912,1524,0.683,0.5238,0.58949,-0.25,0.0039
2026-08-31 20:07:51,717.04,2026-08-31,718.0,0.03,0.09,0.05,124476,6199,0.8823,0.1359,0.25,-0.06,0.0022
2026-08-31 20:07:51,717.04,2026-08-31,719.0,0,0.03,0.03,54433,1061,1.2506,0.0569,0.09235,-0.03,0.0011
2026-08-31 20:07:51,717.04,2026-08-31,720.0,0,0.01,0.01,63754,9314,1.4418,0.0192,0.03281,-0.01,0.0005
2026-08-31 20:07:51,717.04,2026-08-31,721.0,0,0.01,0.01,22264,1019,1.8477,0.0154,0.02119,-0.01,0.0004
2026-08-31 20:07:51,717.04,2026-08-31,722.0,0,0.03,0.01,18548,1939,2.2418,0.0129,0.01505,-0.01,0.0003
2026-08-31 20:07:51,717.04,2026-08-31,723.0,0,0.03,0.01,12931,1003,2.627,0.0112,0.01135,-0.01,0.0003
2026-08-31 20:07:51,717.04,2026-08-31,724.0,0,0.01,0.03,9046,1919,3.51,0.0231,0.01578,-0.03,0.0005
2026-08-31 20:08:51,717.04,2026-08-31,711.0,5.76,6.65,5.72,6287,643,4.4259,0.9175,0.03475,-0.165,0.0015
2026-08-31 20:08:51,717.04,2026-08-31,712.0,4.74,5.7,5.13,22239,988,3.954,0.9025,0.04404,-0.18,0.0017
2026-08-31 20:08:51,717.04,2026-08-31,713.0,3.67,5.74,4.1,70945,465,,,,,
2026-08-31 20:08:51,717.04,2026-08-31,714.0,2.8,3.7,3.11,261274,619,2.8928,0.857,0.07893,-0.21,0.0022
2026-08-31 20:08:51,717.04,2026-08-31,715.0,1.89,2.26,2.27,527985,3188,1.3373,0.9389,0.09137,-0.035,0.0012
2026-08-31 20:08:51,717.04,2026-08-31,716.0,1,1.15,1.18,388590,1548,0.8007,0.9057,0.21223,-0.035,0.0017
2026-08-31 20:08:51,717.04,2026-08-31,717.0,0.25,0.33,0.4,200517,1524,0.683,0.5238,0.58949,-0.25,0.0039
2026-08-31 20:08:51,717.04,2026-08-31,718.0,0.03,0.09,0.06,125979,6199,0.8823,0.1359,0.25,-0.06,0.0022
2026-08-31 20:08:51,717.04,2026-08-31,719.0,0,0.03,0.01,54633,1061,1.0191,0.0261,0.06015,-0.01,0.0006
2026-08-31 20:08:51,717.04,2026-08-31,720.0,0,0.01,0.01,63787,9314,1.4418,0.0192,0.03281,-0.01,0.0005
2026-08-31 20:08:51,717.04,2026-08-31,721.0,0,0.01,0.01,22314,1019,1.8477,0.0154,0.02119,-0.01,0.0004
2026-08-31 20:08:51,717.04,2026-08-31,722.0,0,0.03,0.01,18553,1939,2.2418,0.0129,0.01505,-0.01,0.0003
2026-08-31 20:08:51,717.04,2026-08-31,723.0,0,0.03,0.01,12931,1003,2.627,0.0112,0.01135,-0.01,0.0003
2026-08-31 20:08:51,717.04,2026-08-31,724.0,0,0.01,0.01,9046,1919,3.0051,0.0099,0.00893,-0.01,0.0003
2026-08-31 20:09:52,717.04,2026-08-31,711.0,5.76,6.65,5.72,6300,643,4.4259,0.9175,0.03475,-0.165,0.0015
2026-08-31 20:09:52,717.04,2026-08-31,712.0,4.74,5.7,5.09,22241,988,3.954,0.9025,0.04404,-0.18,0.0017
2026-08-31 20:09:52,717.04,2026-08-31,713.0,3.67,5.74,4.05,70948,465,,,,,
2026-08-31 20:09:52,717.04,2026-08-31,714.0,2.8,3.7,2.97,261334,619,2.8928,0.857,0.07893,-0.21,0.0022
2026-08-31 20:09:52,717.04,2026-08-31,715.0,1.89,2.26,2.11,528121,3188,1.3373,0.9389,0.09137,-0.035,0.0012
2026-08-31 20:09:52,717.04,2026-08-31,716.0,1,1.15,1.12,389075,1548,0.8007,0.9057,0.21223,-0.035,0.0017
2026-08-31 20:09:52,717.04,2026-08-31,717.0,0.25,0.33,0.32,202353,1524,0.683,0.5238,0.58949,-0.25,0.0039
2026-08-31 20:09:52,717.04,2026-08-31,718.0,0.03,0.09,0.05,127132,6199,0.8823,0.1359,0.25,-0.06,0.0022
2026-08-31 20:09:52,717.04,2026-08-31,719.0,0,0.03,0.02,54763,1061,1.1523,0.043,0.08021,-0.02,0.0009
2026-08-31 20:09:52,717.04,2026-08-31,720.0,0,0.01,0.01,63803,9314,1.4418,0.0192,0.03281,-0.01,0.0005
2026-08-31 20:09:52,717.04,2026-08-31,721.0,0,0.01,0.01,22316,1019,1.8477,0.0154,0.02119,-0.01,0.0004
2026-08-31 20:09:52,717.04,2026-08-31,722.0,0,0.03,0.01,18556,1939,2.2418,0.0129,0.01505,-0.01,0.0003
2026-08-31 20:09:52,717.04,2026-08-31,723.0,0,0.03,0.01,12931,1003,2.627,0.0112,0.01135,-0.01,0.0003
2026-08-31 20:09:52,717.04,2026-08-31,724.0,0,0.01,0.01,9046,1919,3.0051,0.0099,0.00893,-0.01,0.0003
2026-08-31 20:10:52,717.04,2026-08-31,711.0,5.76,6.65,6.12,6312,643,4.4259,0.9175,0.03475,-0.165,0.0015
2026-08-31 20:10:52,717.04,2026-08-31,712.0,4.74,5.7,4.91,22242,988,3.954,0.9025,0.04404,-0.18,0.0017
2026-08-31 20:10:52,717.04,2026-08-31,713.0,3.67,5.74,3.98,70958,465,,,,,
2026-08-31 20:10:52,717.04,2026-08-31,714.0,2.8,3.7,3.03,261341,619,2.8928,0.857,0.07893,-0.21,0.0022
2026-08-31 20:10:52,717.04,2026-08-31,715.0,1.89,2.26,1.74,528233,3188,1.3373,0.9389,0.09137,-0.035,0.0012
2026-08-31 20:10:52,717.04,2026-08-31,716.0,1,1.15,1.08,389584,1548,0.8007,0.9057,0.21223,-0.035,0.0017
2026-08-31 20:10:52,717.04,2026-08-31,717.0,0.25,0.33,0.28,203156,1524,0.683,0.5238,0.58949,-0.25,0.0039
2026-08-31 20:10:52,717.04,2026-08-31,718.0,0.03,0.09,0.03,127387,6199,0.8823,0.1359,0.25,-0.06,0.0022
2026-08-31 20:10:52,717.04,2026-08-31,719.0,0,0.03,0.01,54804,1061,1.0191,0.0261,0.06015,-0.01,0.0006
2026-08-31 20:10:52,717.04,2026-08-31,720.0,0,0.01,0.01,63804,9314,1.4418,0.0192,0.03281,-0.01,0.0005
2026-08-31 20:10:52,717.04,2026-08-31,721.0,0,0.01,0.01,22320,1019,1.8477,0.0154,0.02119,-0.01,0.0004
2026-08-31 20:10:52,717.04,2026-08-31,722.0,0,0.03,0.01,18558,1939,2.2418,0.0129,0.01505,-0.01,0.0003
2026-08-31 20:10:52,717.04,2026-08-31,723.0,0,0.03,0.01,12931,1003,2.627,0.0112,0.01135,-0.01,0.0003
2026-08-31 20:10:52,717.04,2026-08-31,724.0,0,0.01,0.01,9046,1919,3.0051,0.0099,0.00893,-0.01,0.0003
2026-08-31 20:11:54,717.12,2026-08-31,711.0,5.76,6.65,6,6312,643,3.8469,0.9472,0.02832,-0.085,0.0011
2026-08-31 20:11:54,717.12,2026-08-31,712.0,4.74,5.7,4.91,22242,988,3.4624,0.9335,0.03766,-0.1,0.0013
2026-08-31 20:11:54,717.12,2026-08-31,713.0,3.67,5.74,4.03,70959,465,,,,,
2026-08-31 20:11:54,717.12,2026-08-31,714.0,2.8,3.7,3.02,261346,619,2.5492,0.8928,0.07318,-0.13,0.0018
2026-08-31 20:11:54,717.12,2026-08-31,715.0,1.89,2.26,1.91,528252,3188,,,,,
2026-08-31 20:11:54,717.12,2026-08-31,716.0,1,1.15,1.11,389875,1548,,,,,
2026-08-31 20:11:54,717.12,2026-08-31,717.0,0.25,0.33,0.3,203975,1524,0.5699,0.5845,0.69172,-0.17,0.0039
2026-08-31 20:11:54,717.12,2026-08-31,718.0,0.03,0.09,0.05,127636,6199,0.8315,0.1426,0.27404,-0.06,0.0022
2026-08-31 20:11:54,717.12,2026-08-31,719.0,0,0.03,0.01,54808,1061,0.9842,0.0269,0.06389,-0.01,0.0006
2026-08-31 20:11:54,717.12,2026-08-31,720.0,0,0.01,0.01,63829,9314,1.4086,0.0196,0.03417,-0.01,0.0005
2026-08-31 20:11:54,717.12,2026-08-31,721.0,0,0.01,0.01,22321,1019,1.8155,0.0156,0.02186,-0.01,0.0004
2026-08-31 20:11:54,717.12,2026-08-31,722.0,0,0.03,0.01,18558,1939,2.2104,0.0131,0.01543,-0.01,0.0003
2026-08-31 20:11:54,717.12,2026-08-31,723.0,0,0.03,0.01,12931,1003,2.5962,0.0113,0.01159,-0.01,0.0003
2026-08-31 20:11:54,717.12,2026-08-31,724.0,0,0.01,0.01,9076,1919,2.9748,0.01,0.00909,-0.01,0.0003
2026-08-31 20:12:54,716.95,2026-08-31,710.0,6.68,7.24,7,8760,11199,3.0288,0.9902,0.00875,-0.01,0.0003
2026-08-31 20:12:54,716.95,2026-08-31,711.0,5.76,6.65,6,6312,643,4.9111,0.8913,0.03838,-0.255,0.0018
2026-08-31 20:12:54,716.95,2026-08-31,712.0,4.74,5.7,4.91,22242,988,4.3806,0.8749,0.04756,-0.27,0.002
2026-08-31 20:12:54,716.95,2026-08-31,713.0,3.67,5.74,4.03,70961,465,,,,,
2026-08-31 20:12:54,716.95,2026-08-31,714.0,2.8,3.7,2.99,261352,619,3.2084,0.8248,0.0813,-0.3,0.0026
2026-08-31 20:12:54,716.95,2026-08-31,715.0,1.89,2.26,1.98,528294,3188,1.8103,0.8626,0.12276,-0.125,0.0022
2026-08-31 20:12:54,716.95,2026-08-31,716.0,1,1.15,1.03,390114,1548,1.1383,0.801,0.24792,-0.125,0.0028
2026-08-31 20:12:54,716.95,2026-08-31,717.0,0.25,0.33,0.24,204586,1524,0.7967,0.4749,0.50533,-0.29,0.0039
2026-08-31 20:12:54,716.95,2026-08-31,718.0,0.03,0.09,0.02,128002,6199,0.9386,0.1293,0.22706,-0.06,0.0021
2026-08-31 20:12:54,716.95,2026-08-31,719.0,0,0.03,0.01,54844,1061,1.0582,0.0253,0.05635,-0.01,0.0006
2026-08-31 20:12:54,716.95,2026-08-31,720.0,0,0.01,0.01,63829,9314,1.4791,0.0188,0.03138,-0.01,0.0005
2026-08-31 20:12:54,716.95,2026-08-31,721.0,0,0.01,0.01,22330,1019,1.8838,0.0151,0.02049,-0.01,0.0004
2026-08-31 20:12:54,716.95,2026-08-31,722.0,0,0.03,0.01,18559,1939,2.2771,0.0128,0.01464,-0.01,0.0003
2026-08-31 20:12:54,716.95,2026-08-31,723.0,0,0.03,0.01,12933,1003,2.6617,0.0111,0.01109,-0.01,0.0003
2026-08-31 20:13:55,716.95,2026-08-31,710.0,6.68,7.24,7,8760,11199,3.0288,0.9902,0.00875,-0.01,0.0003
2026-08-31 20:13:55,716.95,2026-08-31,711.0,5.76,6.65,6,6312,643,4.9111,0.8913,0.03838,-0.255,0.0018
2026-08-31 20:13:55,716.95,2026-08-31,712.0,4.74,5.7,4.76,22243,988,4.3806,0.8749,0.04756,-0.27,0.002
2026-08-31 20:13:55,716.95,2026-08-31,713.0,3.67,5.74,3.76,70962,465,,,,,
2026-08-31 20:13:55,716.95,2026-08-31,714.0,2.8,3.7,2.77,261646,619,3.2084,0.8248,0.0813,-0.3,0.0026
2026-08-31 20:13:55,716.95,2026-08-31,715.0,1.89,2.26,1.86,528347,3188,1.8103,0.8626,0.12276,-0.125,0.0022
2026-08-31 20:13:55,716.95,2026-08-31,716.0,1,1.15,0.88,390409,1548,1.1383,0.801,0.24792,-0.125,0.0028
2026-08-31 20:13:55,716.95,2026-08-31,717.0,0.25,0.33,0.17,205377,1524,0.7967,0.4749,0.50533,-0.29,0.0039
2026-08-31 20:13:55,716.95,2026-08-31,718.0,0.03,0.09,0.03,128493,6199,0.9386,0.1293,0.22706,-0.06,0.0021
2026-08-31 20:13:55,716.95,2026-08-31,719.0,0,0.03,0.01,54860,1061,1.0582,0.0253,0.05635,-0.01,0.0006
2026-08-31 20:13:55,716.95,2026-08-31,720.0,0,0.01,0.01,63829,9314,1.4791,0.0188,0.03138,-0.01,0.0005
2026-08-31 20:13:55,716.95,2026-08-31,721.0,0,0.01,0.01,22351,1019,1.8838,0.0151,0.02049,-0.01,0.0004
2026-08-31 20:13:55,716.95,2026-08-31,722.0,0,0.03,0.01,18559,1939,2.2771,0.0128,0.01464,-0.01,0.0003
2026-08-31 20:13:55,716.95,2026-08-31,723.0,0,0.03,0.01,12933,1003,2.6617,0.0111,0.01109,-0.01,0.0003
2026-08-31 20:14:55,716.95,2026-08-31,710.0,6.68,7.24,6.84,8769,11199,3.0288,0.9902,0.00875,-0.01,0.0003
2026-08-31 20:14:55,716.95,2026-08-31,711.0,5.76,6.65,5.86,6320,643,4.9111,0.8913,0.03838,-0.255,0.0018
2026-08-31 20:14:55,716.95,2026-08-31,712.0,4.74,5.7,4.97,22249,988,4.3806,0.8749,0.04756,-0.27,0.002
2026-08-31 20:14:55,716.95,2026-08-31,713.0,3.67,5.74,4.04,72987,465,,,,,
2026-08-31 20:14:55,716.95,2026-08-31,714.0,2.8,3.7,2.75,261729,619,3.2084,0.8248,0.0813,-0.3,0.0026
2026-08-31 20:14:55,716.95,2026-08-31,715.0,1.89,2.26,1.87,528414,3188,1.8103,0.8626,0.12276,-0.125,0.0022
2026-08-31 20:14:55,716.95,2026-08-31,716.0,1,1.15,0.9,390999,1548,1.1383,0.801,0.24792,-0.125,0.0028
2026-08-31 20:14:55,716.95,2026-08-31,717.0,0.25,0.33,0.17,206895,1524,0.7967,0.4749,0.50533,-0.29,0.0039
2026-08-31 20:14:55,716.95,2026-08-31,718.0,0.03,0.09,0.04,129442,6199,0.9386,0.1293,0.22706,-0.06,0.0021
2026-08-31 20:14:55,716.95,2026-08-31,719.0,0,0.03,0.01,54933,1061,1.0582,0.0253,0.05635,-0.01,0.0006
2026-08-31 20:14:55,716.95,2026-08-31,720.0,0,0.01,0.01,63837,9314,1.4791,0.0188,0.03138,-0.01,0.0005
2026-08-31 20:14:55,716.95,2026-08-31,721.0,0,0.01,0.01,22355,1019,1.8838,0.0151,0.02049,-0.01,0.0004
2026-08-31 20:14:55,716.95,2026-08-31,722.0,0,0.03,0.01,18562,1939,2.2771,0.0128,0.01464,-0.01,0.0003
2026-08-31 20:14:55,716.95,2026-08-31,723.0,0,0.03,0.01,12940,1003,2.6617,0.0111,0.01109,-0.01,0.0003
2026-08-31 20:15:56,716.95,2026-08-31,710.0,6.68,7.24,6.87,8799,11199,3.0288,0.9902,0.00875,-0.01,0.0003
2026-08-31 20:15:56,716.95,2026-08-31,711.0,5.76,6.65,5.86,6320,643,4.9111,0.8913,0.03838,-0.255,0.0018
2026-08-31 20:15:56,716.95,2026-08-31,712.0,4.74,5.7,4.89,22250,988,4.3806,0.8749,0.04756,-0.27,0.002
2026-08-31 20:15:56,716.95,2026-08-31,713.0,3.67,5.74,4.04,72987,465,,,,,
2026-08-31 20:15:56,716.95,2026-08-31,714.0,2.8,3.7,2.88,261734,619,3.2084,0.8248,0.0813,-0.3,0.0026
2026-08-31 20:15:56,716.95,2026-08-31,715.0,1.89,2.26,1.93,528456,3188,1.8103,0.8626,0.12276,-0.125,0.0022
2026-08-31 20:15:56,716.95,2026-08-31,716.0,1,1.15,0.94,391153,1548,1.1383,0.801,0.24792,-0.125,0.0028
2026-08-31 20:15:56,716.95,2026-08-31,717.0,0.25,0.33,0.19,207188,1524,0.7967,0.4749,0.50533,-0.29,0.0039
2026-08-31 20:15:56,716.95,2026-08-31,718.0,0.03,0.09,0.02,129664,6199,0.9386,0.1293,0.22706,-0.06,0.0021
2026-08-31 20:15:56,716.95,2026-08-31,719.0,0,0.03,0.01,54996,1061,1.0582,0.0253,0.05635,-0.01,0.0006
2026-08-31 20:15:56,716.95,2026-08-31,720.0,0,0.01,0.01,63841,9314,1.4791,0.0188,0.03138,-0.01,0.0005
2026-08-31 20:15:56,716.95,2026-08-31,721.0,0,0.01,0.01,22387,1019,1.8838,0.0151,0.02049,-0.01,0.0004
2026-08-31 20:15:56,716.95,2026-08-31,722.0,0,0.03,0.01,18582,1939,2.2771,0.0128,0.01464,-0.01,0.0003
2026-08-31 20:15:56,716.95,2026-08-31,723.0,0,0.03,0.01,12990,1003,2.6617,0.0111,0.01109,-0.01,0.0003
2026-08-31 20:16:58,716.95,2026-08-31,710.0,6.68,7.24,7.05,8801,11199,3.0288,0.9902,0.00875,-0.01,0.0003
2026-08-31 20:16:58,716.95,2026-08-31,711.0,5.76,6.65,5.86,6320,643,4.9111,0.8913,0.03838,-0.255,0.0018
2026-08-31 20:16:58,716.95,2026-08-31,712.0,4.74,5.7,4.89,22250,988,4.3806,0.8749,0.04756,-0.27,0.002
2026-08-31 20:16:58,716.95,2026-08-31,713.0,3.67,5.74,4,72988,465,,,,,
2026-08-31 20:16:58,716.95,2026-08-31,714.0,2.8,3.7,3,261785,619,3.2084,0.8248,0.0813,-0.3,0.0026
2026-08-31 20:16:58,716.95,2026-08-31,715.0,1.89,2.26,1.95,528470,3188,1.8103,0.8626,0.12276,-0.125,0.0022
2026-08-31 20:16:58,716.95,2026-08-31,716.0,1,1.15,0.96,391202,1548,1.1383,0.801,0.24792,-0.125,0.0028
2026-08-31 20:16:58,716.95,2026-08-31,717.0,0.25,0.33,0.19,207390,1524,0.7967,0.4749,0.50533,-0.29,0.0039
2026-08-31 20:16:58,716.95,2026-08-31,718.0,0.03,0.09,0.02,129872,6199,0.9386,0.1293,0.22706,-0.06,0.0021
2026-08-31 20:16:58,716.95,2026-08-31,719.0,0,0.03,0.01,55018,1061,1.0582,0.0253,0.05635,-0.01,0.0006
2026-08-31 20:16:58,716.95,2026-08-31,720.0,0,0.01,0.01,63857,9314,1.4791,0.0188,0.03138,-0.01,0.0005
2026-08-31 20:16:58,716.95,2026-08-31,721.0,0,0.01,0.01,22400,1019,1.8838,0.0151,0.02049,-0.01,0.0004
2026-08-31 20:16:58,716.95,2026-08-31,722.0,0,0.03,0.01,18582,1939,2.2771,0.0128,0.01464,-0.01,0.0003
2026-08-31 20:16:58,716.95,2026-08-31,723.0,0,0.03,0.01,12990,1003,2.6617,0.0111,0.01109,-0.01,0.0003
2026-08-31 20:17:59,716.95,2026-08-31,710.0,6.68,7.24,7.08,8802,11199,3.0288,0.9902,0.00875,-0.01,0.0003
2026-08-31 20:17:59,716.95,2026-08-31,711.0,5.76,6.65,6.1,6323,643,4.9111,0.8913,0.03838,-0.255,0.0018
2026-08-31 20:17:59,716.95,2026-08-31,712.0,4.74,5.7,5.2,22252,988,4.3806,0.8749,0.04756,-0.27,0.002
2026-08-31 20:17:59,716.95,2026-08-31,713.0,3.67,5.74,4.08,73002,465,,,,,
2026-08-31 20:17:59,716.95,2026-08-31,714.0,2.8,3.7,3.01,261786,619,3.2084,0.8248,0.0813,-0.3,0.0026
2026-08-31 20:17:59,716.95,2026-08-31,715.0,1.89,2.26,1.95,528487,3188,1.8103,0.8626,0.12276,-0.125,0.0022
2026-08-31 20:17:59,716.95,2026-08-31,716.0,1,1.15,0.96,391418,1548,1.1383,0.801,0.24792,-0.125,0.0028
2026-08-31 20:17:59,716.95,2026-08-31,717.0,0.25,0.33,0.19,207548,1524,0.7967,0.4749,0.50533,-0.29,0.0039
2026-08-31 20:17:59,716.95,2026-08-31,718.0,0.03,0.09,0.02,130024,6199,0.9386,0.1293,0.22706,-0.06,0.0021
2026-08-31 20:17:59,716.95,2026-08-31,719.0,0,0.03,0.01,55020,1061,1.0582,0.0253,0.05635,-0.01,0.0006
2026-08-31 20:17:59,716.95,2026-08-31,720.0,0,0.01,0.01,63881,9314,1.4791,0.0188,0.03138,-0.01,0.0005
2026-08-31 20:17:59,716.95,2026-08-31,721.0,0,0.01,0.01,22401,1019,1.8838,0.0151,0.02049,-0.01,0.0004
2026-08-31 20:17:59,716.95,2026-08-31,722.0,0,0.03,0.01,18583,1939,2.2771,0.0128,0.01464,-0.01,0.0003
2026-08-31 20:17:59,716.95,2026-08-31,723.0,0,0.03,0.01,12990,1003,2.6617,0.0111,0.01109,-0.01,0.0003
2026-08-31 20:19:00,716.95,2026-08-31,710.0,6.68,7.24,7.2,8824,11199,3.0288,0.9902,0.00875,-0.01,0.0003
2026-08-31 20:19:00,716.95,2026-08-31,711.0,5.76,6.65,6.1,6325,643,4.9111,0.8913,0.03838,-0.255,0.0018
2026-08-31 20:19:00,716.95,2026-08-31,712.0,4.74,5.7,5.2,22252,988,4.3806,0.8749,0.04756,-0.27,0.002
2026-08-31 20:19:00,716.95,2026-08-31,713.0,3.67,5.74,4.08,73002,465,,,,,
2026-08-31 20:19:00,716.95,2026-08-31,714.0,2.8,3.7,3.08,261787,619,3.2084,0.8248,0.0813,-0.3,0.0026
2026-08-31 20:19:00,716.95,2026-08-31,715.0,1.89,2.26,1.95,528504,3188,1.8103,0.8626,0.12276,-0.125,0.0022
2026-08-31 20:19:00,716.95,2026-08-31,716.0,1,1.15,0.96,391509,1548,1.1383,0.801,0.24792,-0.125,0.0028
2026-08-31 20:19:00,716.95,2026-08-31,717.0,0.25,0.33,0.19,208338,1524,0.7967,0.4749,0.50533,-0.29,0.0039
2026-08-31 20:19:00,716.95,2026-08-31,718.0,0.03,0.09,0.02,130319,6199,0.9386,0.1293,0.22706,-0.06,0.0021
2026-08-31 20:19:00,716.95,2026-08-31,719.0,0,0.03,0.01,55032,1061,1.0582,0.0253,0.05635,-0.01,0.0006
2026-08-31 20:19:00,716.95,2026-08-31,720.0,0,0.01,0.01,63881,9314,1.4791,0.0188,0.03138,-0.01,0.0005
2026-08-31 20:19:00,716.95,2026-08-31,721.0,0,0.01,0.01,22401,1019,1.8838,0.0151,0.02049,-0.01,0.0004
2026-08-31 20:19:00,716.95,2026-08-31,722.0,0,0.03,0.01,18734,1939,2.2771,0.0128,0.01464,-0.01,0.0003
2026-08-31 20:19:00,716.95,2026-08-31,723.0,0,0.03,0.01,12995,1003,2.6617,0.0111,0.01109,-0.01,0.0003
2026-08-31 20:20:00,716.95,2026-08-31,710.0,6.68,7.24,7.1,8825,11199,3.0288,0.9902,0.00875,-0.01,0.0003
2026-08-31 20:20:00,716.95,2026-08-31,711.0,5.76,6.65,6.04,6328,643,4.9111,0.8913,0.03838,-0.255,0.0018
2026-08-31 20:20:00,716.95,2026-08-31,712.0,4.74,5.7,5.2,22252,988,4.3806,0.8749,0.04756,-0.27,0.002
2026-08-31 20:20:00,716.95,2026-08-31,713.0,3.67,5.74,4.08,73002,465,,,,,
2026-08-31 20:20:00,716.95,2026-08-31,714.0,2.8,3.7,3.08,261793,619,3.2084,0.8248,0.0813,-0.3,0.0026
2026-08-31 20:20:00,716.95,2026-08-31,715.0,1.89,2.26,1.95,528504,3188,1.8103,0.8626,0.12276,-0.125,0.0022
2026-08-31 20:20:00,716.95,2026-08-31,716.0,1,1.15,0.96,391537,1548,1.1383,0.801,0.24792,-0.125,0.0028
2026-08-31 20:20:00,716.95,2026-08-31,717.0,0.25,0.33,0.19,208381,1524,0.7967,0.4749,0.50533,-0.29,0.0039
2026-08-31 20:20:00,716.95,2026-08-31,718.0,0.03,0.09,0.02,130538,6199,0.9386,0.1293,0.22706,-0.06,0.0021
2026-08-31 20:20:00,716.95,2026-08-31,719.0,0,0.03,0.01,55062,1061,1.0582,0.0253,0.05635,-0.01,0.0006
2026-08-31 20:20:00,716.95,2026-08-31,720.0,0,0.01,0.01,63952,9314,1.4791,0.0188,0.03138,-0.01,0.0005
2026-08-31 20:20:00,716.95,2026-08-31,721.0,0,0.01,0.01,22401,1019,1.8838,0.0151,0.02049,-0.01,0.0004
2026-08-31 20:20:00,716.95,2026-08-31,722.0,0,0.03,0.01,18735,1939,2.2771,0.0128,0.01464,-0.01,0.0003
2026-08-31 20:20:00,716.95,2026-08-31,723.0,0,0.03,0.01,12995,1003,2.6617,0.0111,0.01109,-0.01,0.0003
2026-08-31 20:21:00,716.95,2026-08-31,710.0,6.68,7.24,7.03,8825,11199,3.0288,0.9902,0.00875,-0.01,0.0003
2026-08-31 20:21:00,716.95,2026-08-31,711.0,5.76,6.65,6.1,6337,643,4.9111,0.8913,0.03838,-0.255,0.0018
2026-08-31 20:21:00,716.95,2026-08-31,712.0,4.74,5.7,5.2,22256,988,4.3806,0.8749,0.04756,-0.27,0.002
2026-08-31 20:21:00,716.95,2026-08-31,713.0,3.67,5.74,4.08,73002,465,,,,,
2026-08-31 20:21:00,716.95,2026-08-31,714.0,2.8,3.7,3.08,261793,619,3.2084,0.8248,0.0813,-0.3,0.0026
2026-08-31 20:21:00,716.95,2026-08-31,715.0,1.89,2.26,1.95,528595,3188,1.8103,0.8626,0.12276,-0.125,0.0022
2026-08-31 20:21:00,716.95,2026-08-31,716.0,1,1.15,0.96,391582,1548,1.1383,0.801,0.24792,-0.125,0.0028
2026-08-31 20:21:00,716.95,2026-08-31,717.0,0.25,0.33,0.19,208412,1524,0.7967,0.4749,0.50533,-0.29,0.0039
2026-08-31 20:21:00,716.95,2026-08-31,718.0,0.03,0.09,0.02,131378,6199,0.9386,0.1293,0.22706,-0.06,0.0021
2026-08-31 20:21:00,716.95,2026-08-31,719.0,0,0.03,0.01,55063,1061,1.0582,0.0253,0.05635,-0.01,0.0006
2026-08-31 20:21:00,716.95,2026-08-31,720.0,0,0.01,0.01,63952,9314,1.4791,0.0188,0.03138,-0.01,0.0005
2026-08-31 20:21:00,716.95,2026-08-31,721.0,0,0.01,0.01,22401,1019,1.8838,0.0151,0.02049,-0.01,0.0004
2026-08-31 20:21:00,716.95,2026-08-31,722.0,0,0.03,0.01,18735,1939,2.2771,0.0128,0.01464,-0.01,0.0003
2026-08-31 20:21:00,716.95,2026-08-31,723.0,0,0.03,0.01,13000,1003,2.6617,0.0111,0.01109,-0.01,0.0003
2026-08-31 20:22:02,716.95,2026-08-31,710.0,6.68,7.24,7.03,8835,11199,3.0288,0.9902,0.00875,-0.01,0.0003
2026-08-31 20:22:02,716.95,2026-08-31,711.0,5.76,6.65,6.1,6337,643,4.9111,0.8913,0.03838,-0.255,0.0018
2026-08-31 20:22:02,716.95,2026-08-31,712.0,4.74,5.7,5,22256,988,4.3806,0.8749,0.04756,-0.27,0.002
2026-08-31 20:22:02,716.95,2026-08-31,713.0,3.67,5.74,4.08,73002,465,,,,,
2026-08-31 20:22:02,716.95,2026-08-31,714.0,2.8,3.7,3.08,261795,619,3.2084,0.8248,0.0813,-0.3,0.0026
2026-08-31 20:22:02,716.95,2026-08-31,715.0,1.89,2.26,1.95,528697,3188,1.8103,0.8626,0.12276,-0.125,0.0022
2026-08-31 20:22:02,716.95,2026-08-31,716.0,1,1.15,0.96,391620,1548,1.1383,0.801,0.24792,-0.125,0.0028
2026-08-31 20:22:02,716.95,2026-08-31,717.0,0.25,0.33,0.19,208429,1524,0.7967,0.4749,0.50533,-0.29,0.0039
2026-08-31 20:22:02,716.95,2026-08-31,718.0,0.03,0.09,0.02,131441,6199,0.9386,0.1293,0.22706,-0.06,0.0021
2026-08-31 20:22:02,716.95,2026-08-31,719.0,0,0.03,0.01,55165,1061,1.0582,0.0253,0.05635,-0.01,0.0006
2026-08-31 20:22:02,716.95,2026-08-31,720.0,0,0.01,0.01,63953,9314,1.4791,0.0188,0.03138,-0.01,0.0005
2026-08-31 20:22:02,716.95,2026-08-31,721.0,0,0.01,0.01,22401,1019,1.8838,0.0151,0.02049,-0.01,0.0004
2026-08-31 20:22:02,716.95,2026-08-31,722.0,0,0.03,0.01,18735,1939,2.2771,0.0128,0.01464,-0.01,0.0003
2026-08-31 20:22:02,716.95,2026-08-31,723.0,0,0.03,0.01,13000,1003,2.6617,0.0111,0.01109,-0.01,0.0003
2026-08-31 20:23:02,716.84,2026-08-31,710.0,6.68,7.24,7.07,8835,11199,4.5235,0.9382,0.02726,-0.12,0.0012
2026-08-31 20:23:02,716.84,2026-08-31,711.0,5.76,6.65,6.1,6343,643,,,,,
2026-08-31 20:23:02,716.84,2026-08-31,712.0,4.74,5.7,5,22257,988,4.8129,0.847,0.04963,-0.38,0.0023
2026-08-31 20:23:02,716.84,2026-08-31,713.0,3.67,5.74,4.08,73002,465,,,,,
2026-08-31 20:23:02,716.84,2026-08-31,714.0,2.8,3.7,3.08,261795,619,3.5384,0.7927,0.08175,-0.41,0.0028
2026-08-31 20:23:02,716.84,2026-08-31,715.0,1.89,2.26,1.95,528754,3188,2.1808,0.804,0.12827,-0.235,0.0027
2026-08-31 20:23:02,716.84,2026-08-31,716.0,1,1.15,0.96,391626,1548,1.4131,0.7266,0.23812,-0.235,0.0033
2026-08-31 20:23:02,716.84,2026-08-31,717.0,0.25,0.33,0.19,208531,1524,0.9237,0.4307,0.43021,-0.29,0.0039
2026-08-31 20:23:02,716.84,2026-08-31,718.0,0.03,0.09,0.02,132079,6199,1.0062,0.1222,0.20361,-0.06,0.002
2026-08-31 20:23:02,716.84,2026-08-31,719.0,0,0.03,0.01,55165,1061,1.1057,0.0243,0.05222,-0.01,0.0006
2026-08-31 20:23:02,716.84,2026-08-31,720.0,0,0.01,0.01,64053,9314,1.5246,0.0183,0.02976,-0.01,0.0004
2026-08-31 20:23:02,716.84,2026-08-31,721.0,0,0.01,0.01,22401,1019,1.9279,0.0148,0.01967,-0.01,0.0004
2026-08-31 20:23:02,716.84,2026-08-31,722.0,0,0.03,0.01,18735,1939,2.3201,0.0126,0.01416,-0.01,0.0003
2026-08-31 20:23:02,716.84,2026-08-31,723.0,0,0.03,0.01,13000,1003,2.7039,0.0109,0.01078,-0.01,0.0003
2026-08-31 20:24:03,716.84,2026-08-31,710.0,6.68,7.24,7.07,8837,11199,4.5235,0.9382,0.02726,-0.12,0.0012
2026-08-31 20:24:03,716.84,2026-08-31,711.0,5.76,6.65,6.1,6344,643,,,,,
2026-08-31 20:24:03,716.84,2026-08-31,712.0,4.74,5.7,5.15,22269,988,4.8129,0.847,0.04963,-0.38,0.0023
2026-08-31 20:24:03,716.84,2026-08-31,713.0,3.67,5.74,4.08,73002,465,,,,,
2026-08-31 20:24:03,716.84,2026-08-31,714.0,2.8,3.7,3.08,261795,619,3.5384,0.7927,0.08175,-0.41,0.0028
2026-08-31 20:24:03,716.84,2026-08-31,715.0,1.89,2.26,1.95,528758,3188,2.1808,0.804,0.12827,-0.235,0.0027
2026-08-31 20:24:03,716.84,2026-08-31,716.0,1,1.15,0.96,391634,1548,1.4131,0.7266,0.23812,-0.235,0.0033
2026-08-31 20:24:03,716.84,2026-08-31,717.0,0.25,0.33,0.19,208591,1524,0.9237,0.4307,0.43021,-0.29,0.0039
2026-08-31 20:24:03,716.84,2026-08-31,718.0,0.03,0.09,0.02,132257,6199,1.0062,0.1222,0.20361,-0.06,0.002
2026-08-31 20:24:03,716.84,2026-08-31,719.0,0,0.03,0.01,55185,1061,1.1057,0.0243,0.05222,-0.01,0.0006
2026-08-31 20:24:03,716.84,2026-08-31,720.0,0,0.01,0.01,64055,9314,1.5246,0.0183,0.02976,-0.01,0.0004
2026-08-31 20:24:03,716.84,2026-08-31,721.0,0,0.01,0.01,22401,1019,1.9279,0.0148,0.01967,-0.01,0.0004
2026-08-31 20:24:03,716.84,2026-08-31,722.0,0,0.03,0.01,18736,1939,2.3201,0.0126,0.01416,-0.01,0.0003
2026-08-31 20:24:03,716.84,2026-08-31,723.0,0,0.03,0.01,13001,1003,2.7039,0.0109,0.01078,-0.01,0.0003
2026-08-31 20:25:04,716.84,2026-08-31,710.0,6.68,7.24,7.08,8837,11199,4.5235,0.9382,0.02726,-0.12,0.0012
2026-08-31 20:25:04,716.84,2026-08-31,711.0,5.76,6.65,6.07,6347,643,,,,,
2026-08-31 20:25:04,716.84,2026-08-31,712.0,4.74,5.7,5.09,22285,988,4.8129,0.847,0.04963,-0.38,0.0023
2026-08-31 20:25:04,716.84,2026-08-31,713.0,3.67,5.74,4.08,73005,465,,,,,
2026-08-31 20:25:04,716.84,2026-08-31,714.0,2.8,3.7,3.08,261825,619,3.5384,0.7927,0.08175,-0.41,0.0028
2026-08-31 20:25:04,716.84,2026-08-31,715.0,1.89,2.26,1.95,528762,3188,2.1808,0.804,0.12827,-0.235,0.0027
2026-08-31 20:25:04,716.84,2026-08-31,716.0,1,1.15,0.96,391831,1548,1.4131,0.7266,0.23812,-0.235,0.0033
2026-08-31 20:25:04,716.84,2026-08-31,717.0,0.25,0.33,0.19,208902,1524,0.9237,0.4307,0.43021,-0.29,0.0039
2026-08-31 20:25:04,716.84,2026-08-31,718.0,0.03,0.09,0.02,132272,6199,1.0062,0.1222,0.20361,-0.06,0.002
2026-08-31 20:25:04,716.84,2026-08-31,719.0,0,0.03,0.01,55195,1061,1.1057,0.0243,0.05222,-0.01,0.0006
2026-08-31 20:25:04,716.84,2026-08-31,720.0,0,0.01,0.01,64156,9314,1.5246,0.0183,0.02976,-0.01,0.0004
2026-08-31 20:25:04,716.84,2026-08-31,721.0,0,0.01,0.01,22502,1019,1.9279,0.0148,0.01967,-0.01,0.0004
2026-08-31 20:25:04,716.84,2026-08-31,722.0,0,0.03,0.01,18742,1939,2.3201,0.0126,0.01416,-0.01,0.0003
2026-08-31 20:25:04,716.84,2026-08-31,723.0,0,0.03,0.01,13001,1003,2.7039,0.0109,0.01078,-0.01,0.0003
2026-08-31 20:26:04,716.84,2026-08-31,710.0,6.68,7.24,7.08,8837,11199,4.5235,0.9382,0.02726,-0.12,0.0012
2026-08-31 20:26:04,716.84,2026-08-31,711.0,5.76,6.65,6.1,6347,643,,,,,
2026-08-31 20:26:04,716.84,2026-08-31,712.0,4.74,5.7,5.14,22285,988,4.8129,0.847,0.04963,-0.38,0.0023
2026-08-31 20:26:04,716.84,2026-08-31,713.0,3.67,5.74,4.17,73011,465,,,,,
2026-08-31 20:26:04,716.84,2026-08-31,714.0,2.8,3.7,3.08,261827,619,3.5384,0.7927,0.08175,-0.41,0.0028
2026-08-31 20:26:04,716.84,2026-08-31,715.0,1.89,2.26,1.95,528828,3188,2.1808,0.804,0.12827,-0.235,0.0027
2026-08-31 20:26:04,716.84,2026-08-31,716.0,1,1.15,0.96,392339,1548,1.4131,0.7266,0.23812,-0.235,0.0033
2026-08-31 20:26:04,716.84,2026-08-31,717.0,0.25,0.33,0.19,208957,1524,0.9237,0.4307,0.43021,-0.29,0.0039
2026-08-31 20:26:04,716.84,2026-08-31,718.0,0.03,0.09,0.02,132345,6199,1.0062,0.1222,0.20361,-0.06,0.002
2026-08-31 20:26:04,716.84,2026-08-31,719.0,0,0.03,0.01,55197,1061,1.1057,0.0243,0.05222,-0.01,0.0006
2026-08-31 20:26:04,716.84,2026-08-31,720.0,0,0.01,0.01,64156,9314,1.5246,0.0183,0.02976,-0.01,0.0004
2026-08-31 20:26:04,716.84,2026-08-31,721.0,0,0.01,0.01,22510,1019,1.9279,0.0148,0.01967,-0.01,0.0004
2026-08-31 20:26:04,716.84,2026-08-31,722.0,0,0.03,0.01,18742,1939,2.3201,0.0126,0.01416,-0.01,0.0003
2026-08-31 20:26:04,716.84,2026-08-31,723.0,0,0.03,0.01,13001,1003,2.7039,0.0109,0.01078,-0.01,0.0003
2026-08-31 20:27:06,716.84,2026-08-31,710.0,6.68,7.24,7.08,8838,11199,4.5235,0.9382,0.02726,-0.12,0.0012
2026-08-31 20:27:06,716.84,2026-08-31,711.0,5.76,6.65,6.1,6347,643,,,,,
2026-08-31 20:27:06,716.84,2026-08-31,712.0,4.74,5.7,5.14,22285,988,4.8129,0.847,0.04963,-0.38,0.0023
2026-08-31 20:27:06,716.84,2026-08-31,713.0,3.67,5.74,4,73011,465,,,,,
2026-08-31 20:27:06,716.84,2026-08-31,714.0,2.8,3.7,3.08,261851,619,3.5384,0.7927,0.08175,-0.41,0.0028
2026-08-31 20:27:06,716.84,2026-08-31,715.0,1.89,2.26,1.95,528831,3188,2.1808,0.804,0.12827,-0.235,0.0027
2026-08-31 20:27:06,716.84,2026-08-31,716.0,1,1.15,0.96,392418,1548,1.4131,0.7266,0.23812,-0.235,0.0033
2026-08-31 20:27:06,716.84,2026-08-31,717.0,0.25,0.33,0.19,208981,1524,0.9237,0.4307,0.43021,-0.29,0.0039
2026-08-31 20:27:06,716.84,2026-08-31,718.0,0.03,0.09,0.02,132406,6199,1.0062,0.1222,0.20361,-0.06,0.002
2026-08-31 20:27:06,716.84,2026-08-31,719.0,0,0.03,0.01,55207,1061,1.1057,0.0243,0.05222,-0.01,0.0006
2026-08-31 20:27:06,716.84,2026-08-31,720.0,0,0.01,0.01,64156,9314,1.5246,0.0183,0.02976,-0.01,0.0004
2026-08-31 20:27:06,716.84,2026-08-31,721.0,0,0.01,0.01,22511,1019,1.9279,0.0148,0.01967,-0.01,0.0004
2026-08-31 20:27:06,716.84,2026-08-31,722.0,0,0.03,0.01,18743,1939,2.3201,0.0126,0.01416,-0.01,0.0003
2026-08-31 20:27:06,716.84,2026-08-31,723.0,0,0.03,0.01,13001,1003,2.7039,0.0109,0.01078,-0.01,0.0003
2026-08-31 20:28:06,716.84,2026-08-31,710.0,6.68,7.24,7.08,8838,11199,4.5235,0.9382,0.02726,-0.12,0.0012
2026-08-31 20:28:06,716.84,2026-08-31,711.0,5.76,6.65,6.1,6347,643,,,,,
2026-08-31 20:28:06,716.84,2026-08-31,712.0,4.74,5.7,5.14,22285,988,4.8129,0.847,0.04963,-0.38,0.0023
2026-08-31 20:28:06,716.84,2026-08-31,713.0,3.67,5.74,3.88,73025,465,,,,,
2026-08-31 20:28:06,716.84,2026-08-31,714.0,2.8,3.7,2.95,261851,619,3.5384,0.7927,0.08175,-0.41,0.0028
2026-08-31 20:28:06,716.84,2026-08-31,715.0,1.89,2.26,1.95,528832,3188,2.1808,0.804,0.12827,-0.235,0.0027
2026-08-31 20:28:06,716.84,2026-08-31,716.0,1,1.15,0.9,392688,1548,1.4131,0.7266,0.23812,-0.235,0.0033
2026-08-31 20:28:06,716.84,2026-08-31,717.0,0.25,0.33,0.17,209095,1524,0.9237,0.4307,0.43021,-0.29,0.0039
2026-08-31 20:28:06,716.84,2026-08-31,718.0,0.03,0.09,0.02,132477,6199,1.0062,0.1222,0.20361,-0.06,0.002
2026-08-31 20:28:06,716.84,2026-08-31,719.0,0,0.03,0.01,55247,1061,1.1057,0.0243,0.05222,-0.01,0.0006
2026-08-31 20:28:06,716.84,2026-08-31,720.0,0,0.01,0.01,64174,9314,1.5246,0.0183,0.02976,-0.01,0.0004
2026-08-31 20:28:06,716.84,2026-08-31,721.0,0,0.01,0.01,22511,1019,1.9279,0.0148,0.01967,-0.01,0.0004
2026-08-31 20:28:06,716.84,2026-08-31,722.0,0,0.03,0.01,18765,1939,2.3201,0.0126,0.01416,-0.01,0.0003
2026-08-31 20:28:06,716.84,2026-08-31,723.0,0,0.03,0.01,13001,1003,2.7039,0.0109,0.01078,-0.01,0.0003
2026-08-31 20:29:07,716.84,2026-08-31,710.0,6.68,7.24,7.08,8839,11199,4.5235,0.9382,0.02726,-0.12,0.0012
2026-08-31 20:29:07,716.84,2026-08-31,711.0,5.76,6.65,6.1,6347,643,,,,,
2026-08-31 20:29:07,716.84,2026-08-31,712.0,4.74,5.7,5.14,22485,988,4.8129,0.847,0.04963,-0.38,0.0023
2026-08-31 20:29:07,716.84,2026-08-31,713.0,3.67,5.74,3.88,73026,465,,,,,
2026-08-31 20:29:07,716.84,2026-08-31,714.0,2.8,3.7,2.95,261851,619,3.5384,0.7927,0.08175,-0.41,0.0028
2026-08-31 20:29:07,716.84,2026-08-31,715.0,1.89,2.26,1.84,528832,3188,2.1808,0.804,0.12827,-0.235,0.0027
2026-08-31 20:29:07,716.84,2026-08-31,716.0,1,1.15,0.91,392755,1548,1.4131,0.7266,0.23812,-0.235,0.0033
2026-08-31 20:29:07,716.84,2026-08-31,717.0,0.25,0.33,0.17,209253,1524,0.9237,0.4307,0.43021,-0.29,0.0039
2026-08-31 20:29:07,716.84,2026-08-31,718.0,0.03,0.09,0.01,132631,6199,1.0062,0.1222,0.20361,-0.06,0.002
2026-08-31 20:29:07,716.84,2026-08-31,719.0,0,0.03,0.01,55247,1061,1.1057,0.0243,0.05222,-0.01,0.0006
2026-08-31 20:29:07,716.84,2026-08-31,720.0,0,0.01,0.01,64174,9314,1.5246,0.0183,0.02976,-0.01,0.0004
2026-08-31 20:29:07,716.84,2026-08-31,721.0,0,0.01,0.01,22518,1019,1.9279,0.0148,0.01967,-0.01,0.0004
2026-08-31 20:29:07,716.84,2026-08-31,722.0,0,0.03,0.01,18766,1939,2.3201,0.0126,0.01416,-0.01,0.0003
2026-08-31 20:29:07,716.84,2026-08-31,723.0,0,0.03,0.01,13001,1003,2.7039,0.0109,0.01078,-0.01,0.0003
2026-08-31 20:30:07,716.84,2026-08-31,710.0,6.68,7.24,7.03,8839,11199,4.5235,0.9382,0.02726,-0.12,0.0012
2026-08-31 20:30:07,716.84,2026-08-31,711.0,5.76,6.65,6.1,6347,643,,,,,
2026-08-31 20:30:07,716.84,2026-08-31,712.0,4.74,5.7,4.85,22485,988,4.8129,0.847,0.04963,-0.38,0.0023
2026-08-31 20:30:07,716.84,2026-08-31,713.0,3.67,5.74,4.03,73026,465,,,,,
2026-08-31 20:30:07,716.84,2026-08-31,714.0,2.8,3.7,2.95,261851,619,3.5384,0.7927,0.08175,-0.41,0.0028
2026-08-31 20:30:07,716.84,2026-08-31,715.0,1.89,2.26,1.84,528832,3188,2.1808,0.804,0.12827,-0.235,0.0027
2026-08-31 20:30:07,716.84,2026-08-31,716.0,1,1.15,0.81,392755,1548,1.4131,0.7266,0.23812,-0.235,0.0033
2026-08-31 20:30:07,716.84,2026-08-31,717.0,0.25,0.33,0.17,209253,1524,0.9237,0.4307,0.43021,-0.29,0.0039
2026-08-31 20:30:07,716.84,2026-08-31,718.0,0.03,0.09,0.01,132631,6199,1.0062,0.1222,0.20361,-0.06,0.002
2026-08-31 20:30:07,716.84,2026-08-31,719.0,0,0.03,0.01,55247,1061,1.1057,0.0243,0.05222,-0.01,0.0006
2026-08-31 20:30:07,716.84,2026-08-31,720.0,0,0.01,0.01,64174,9314,1.5246,0.0183,0.02976,-0.01,0.0004
2026-08-31 20:30:07,716.84,2026-08-31,721.0,0,0.01,0.01,22518,1019,1.9279,0.0148,0.01967,-0.01,0.0004
2026-08-31 20:30:07,716.84,2026-08-31,722.0,0,0.03,0.01,18766,1939,2.3201,0.0126,0.01416,-0.01,0.0003
2026-08-31 20:30:07,716.84,2026-08-31,723.0,0,0.03,0.01,13001,1003,2.7039,0.0109,0.01078,-0.01,0.0003
