run_time,spot,expiration,strike,bid,ask,last,volume,open_interest,iv,delta,gamma,theta,vega
2026-09-14 13:45:17,704.62,2026-09-14,690.0,0.03,0.08,0.08,772,2364,0.3857,-0.0205,0.00682,-0.055,0.0093
2026-09-14 13:45:17,704.62,2026-09-14,691.0,0.04,0.05,0.09,918,245,0.3521,-0.0186,0.00687,-0.045,0.0086
2026-09-14 13:45:17,704.62,2026-09-14,692.0,0.09,0.1,0.06,343,359,0.3729,-0.0342,0.01081,-0.095,0.0143
2026-09-14 13:45:17,704.62,2026-09-14,693.0,0.1,0.11,0.11,89,222,0.3548,-0.039,0.01264,-0.105,0.0159
2026-09-14 13:45:17,704.62,2026-09-14,694.0,0.08,0.13,0.13,338,339,0.3296,-0.0416,0.01434,-0.105,0.0167
2026-09-14 13:45:17,704.62,2026-09-14,695.0,0.1,0.11,0.11,960,4047,0.3041,-0.0446,0.01644,-0.105,0.0177
2026-09-14 13:45:17,704.62,2026-09-14,696.0,0.17,0.18,0.18,169,534,0.3105,-0.0679,0.02245,-0.175,0.0247
2026-09-14 13:45:17,704.62,2026-09-14,697.0,0.22,0.23,0.23,714,291,0.3002,-0.0864,0.02788,-0.225,0.0296
2026-09-14 13:45:17,704.62,2026-09-14,698.0,0.23,0.24,0.28,467,394,0.2734,-0.0968,0.03332,-0.235,0.0322
2026-09-14 13:45:17,704.62,2026-09-14,699.0,0.32,0.37,0.37,687,434,0.2718,-0.1335,0.04212,-0.345,0.0405
2026-09-14 13:45:17,704.62,2026-09-14,700.0,0.47,0.48,0.48,1596,3971,0.2661,-0.1755,0.05158,-0.475,0.0486
2026-09-14 13:45:17,704.62,2026-09-14,701.0,0.63,0.64,0.65,1503,312,0.2582,-0.2254,0.0618,-0.635,0.0565
2026-09-14 13:45:17,704.62,2026-09-14,702.0,0.78,0.79,0.83,831,678,0.241,-0.279,0.07412,-0.785,0.0632
2026-09-14 13:45:17,704.62,2026-09-14,703.0,1.05,1.1,1.1,2026,965,0.2367,-0.3553,0.08362,-1.075,0.0701
2026-09-14 13:45:17,704.62,2026-09-14,704.0,1.4,1.41,1.46,1164,656,0.2272,-0.4396,0.09226,-1.405,0.0742
2026-09-14 13:45:17,704.62,2026-09-14,705.0,1.88,1.89,1.93,545,2297,0.2261,-0.5328,0.09349,-1.5,0.0748
2026-09-14 13:45:17,704.62,2026-09-14,706.0,2.4,2.41,2.41,254,542,0.2174,-0.6293,0.09235,-1.02,0.0711
2026-09-14 13:45:17,704.62,2026-09-14,707.0,2.98,3.09,3.07,200,603,0.2102,-0.7237,0.08458,-0.65,0.0629
2026-09-14 13:45:17,704.62,2026-09-14,708.0,3.79,3.83,3.8,276,769,0.212,-0.7991,0.07038,-0.425,0.0528
2026-09-14 13:45:17,704.62,2026-09-14,709.0,4.52,4.81,4.81,278,918,0.2172,-0.8557,0.05557,-0.28,0.0427
2026-09-14 13:45:17,704.62,2026-09-14,710.0,5.34,5.53,5.72,873,2769,0.1745,-0.9479,0.03244,-0.05,0.02
2026-09-14 13:45:17,704.62,2026-09-14,711.0,6.22,6.69,6.69,188,970,0.2101,-0.9451,0.02808,-0.07,0.0209
2026-09-14 13:45:17,704.62,2026-09-14,712.0,7.32,7.41,7.41,270,567,0.1378,-0.9976,0.00286,0.02,0.0014
2026-09-14 13:45:17,704.62,2026-09-14,713.0,8.39,8.62,8.62,211,122,0.2855,-0.9387,0.02255,-0.12,0.0228
2026-09-14 13:45:17,704.62,2026-09-14,714.0,9.32,9.58,9.58,2691,82,0.2827,-0.9595,0.01637,-0.065,0.0164
2026-09-14 13:45:17,704.62,2026-09-14,715.0,10.05,10.49,10.49,935,1977,,,,,
2026-09-14 13:45:17,704.62,2026-09-14,716.0,11.07,11.5,11.5,214,106,,,,,
2026-09-14 13:45:17,704.62,2026-09-14,717.0,12.06,12.71,12.59,67,52,0.2873,-0.9882,0.0057,0.0,0.0058
2026-09-14 13:45:17,704.62,2026-09-14,718.0,13.13,13.61,13.84,24,237,0.2686,-0.9956,0.00258,0.015,0.0024
2026-09-14 13:45:17,704.62,2026-09-14,719.0,14.24,14.71,14.78,41,91,0.4186,-0.9641,0.01003,-0.09,0.0149
2026-09-14 13:46:18,705.05,2026-09-14,691.0,0.08,0.09,0.09,1255,245,0.4006,-0.0292,0.00882,-0.085,0.0125
2026-09-14 13:46:18,705.05,2026-09-14,692.0,0.04,0.05,0.09,552,359,0.3399,-0.0192,0.00733,-0.045,0.0088
2026-09-14 13:46:18,705.05,2026-09-14,693.0,0.1,0.11,0.11,200,222,0.3661,-0.038,0.012,-0.105,0.0155
2026-09-14 13:46:18,705.05,2026-09-14,694.0,0.07,0.12,0.13,595,339,0.3347,-0.0376,0.01303,-0.095,0.0154
2026-09-14 13:46:18,705.05,2026-09-14,695.0,0.13,0.14,0.14,1294,4047,0.3318,-0.0514,0.0169,-0.135,0.0198
2026-09-14 13:46:18,705.05,2026-09-14,696.0,0.16,0.17,0.17,460,534,0.3188,-0.0632,0.02069,-0.165,0.0233
2026-09-14 13:46:18,705.05,2026-09-14,697.0,0.2,0.21,0.21,1029,291,0.3063,-0.0786,0.02547,-0.205,0.0276
2026-09-14 13:46:18,705.05,2026-09-14,698.0,0.26,0.27,0.27,1106,394,0.2963,-0.1001,0.03154,-0.265,0.033
2026-09-14 13:46:18,705.05,2026-09-14,699.0,0.33,0.34,0.34,1311,434,0.284,-0.1258,0.03872,-0.335,0.0389
2026-09-14 13:46:18,705.05,2026-09-14,700.0,0.44,0.45,0.45,3109,3971,0.2758,-0.162,0.04731,-0.445,0.0461
2026-09-14 13:46:18,705.05,2026-09-14,701.0,0.53,0.54,0.54,2445,312,0.2573,-0.198,0.05754,-0.535,0.0523
2026-09-14 13:46:18,705.05,2026-09-14,702.0,0.76,0.77,0.77,2429,678,0.2572,-0.2607,0.06718,-0.765,0.0611
2026-09-14 13:46:18,705.05,2026-09-14,703.0,1,1.01,1.01,3794,965,0.2486,-0.327,0.07719,-1.005,0.0678
2026-09-14 13:46:18,705.05,2026-09-14,704.0,1.32,1.34,1.34,2146,656,0.2426,-0.4054,0.08501,-1.33,0.0729
2026-09-14 13:46:18,705.05,2026-09-14,705.0,1.71,1.73,1.73,1052,2297,0.2344,-0.4918,0.09051,-1.72,0.075
2026-09-14 13:46:18,705.05,2026-09-14,706.0,2.17,2.24,2.24,368,542,0.227,-0.5844,0.09138,-1.26,0.0733
2026-09-14 13:46:18,705.05,2026-09-14,707.0,2.77,2.79,2.83,335,603,0.2187,-0.6788,0.08713,-0.835,0.0673
2026-09-14 13:46:18,705.05,2026-09-14,708.0,3.45,3.49,3.57,477,769,0.2131,-0.7659,0.07655,-0.525,0.0577
2026-09-14 13:46:18,705.05,2026-09-14,709.0,4.22,4.33,4.29,444,918,0.2135,-0.8345,0.06198,-0.33,0.0468
2026-09-14 13:46:18,705.05,2026-09-14,710.0,4.99,5.2,5.2,1274,2769,0.2005,-0.903,0.04553,-0.15,0.0323
2026-09-14 13:46:18,705.05,2026-09-14,711.0,5.84,6.22,6.19,501,970,0.2054,-0.9363,0.03231,-0.085,0.0235
2026-09-14 13:46:18,705.05,2026-09-14,712.0,6.94,7.21,7.14,424,567,0.2509,-0.9275,0.02924,-0.13,0.0259
2026-09-14 13:46:18,705.05,2026-09-14,713.0,7.99,8.23,8.29,240,122,0.2919,-0.9239,0.02608,-0.165,0.0269
2026-09-14 13:46:18,705.05,2026-09-14,714.0,8.97,9.19,9.12,2935,82,0.3071,-0.9372,0.02138,-0.135,0.0232
2026-09-14 13:46:18,705.05,2026-09-14,715.0,9.78,9.93,10.37,1164,1977,,,,,
2026-09-14 13:46:18,705.05,2026-09-14,716.0,10.76,10.86,10.89,347,106,,,,,
2026-09-14 13:46:18,705.05,2026-09-14,717.0,11.85,11.94,12.21,120,52,,,,,
2026-09-14 13:46:18,705.05,2026-09-14,718.0,12.86,12.92,13.29,40,237,,,,,
2026-09-14 13:46:18,705.05,2026-09-14,719.0,13.82,14.41,14.59,60,91,0.4534,-0.9465,0.01278,-0.17,0.0205
2026-09-14 13:46:18,705.05,2026-09-14,720.0,15.07,15.54,15.66,10,963,0.558,-0.9193,0.01427,-0.36,0.0281
2026-09-14 13:47:18,705.29,2026-09-14,691.0,0.03,0.04,0.08,1562,245,0.3547,-0.0148,0.00562,-0.035,0.007
2026-09-14 13:47:18,705.29,2026-09-14,692.0,0.04,0.05,0.09,648,359,0.3456,-0.019,0.00713,-0.045,0.0087
2026-09-14 13:47:18,705.29,2026-09-14,693.0,0.05,0.1,0.1,281,222,0.3509,-0.0294,0.01015,-0.075,0.0126
2026-09-14 13:47:18,705.29,2026-09-14,694.0,0.11,0.12,0.12,649,339,0.3534,-0.0424,0.01361,-0.115,0.017
2026-09-14 13:47:18,705.29,2026-09-14,695.0,0.13,0.14,0.1,1411,4047,0.3385,-0.0506,0.01637,-0.135,0.0195
2026-09-14 13:47:18,705.29,2026-09-14,696.0,0.11,0.12,0.12,606,534,0.3018,-0.0486,0.01779,-0.115,0.0189
2026-09-14 13:47:18,705.29,2026-09-14,697.0,0.15,0.2,0.2,1482,291,0.302,-0.0696,0.02357,-0.175,0.0251
2026-09-14 13:47:18,705.29,2026-09-14,698.0,0.25,0.26,0.26,1559,394,0.3008,-0.0958,0.03011,-0.255,0.0319
2026-09-14 13:47:18,705.29,2026-09-14,699.0,0.28,0.33,0.33,2079,434,0.2842,-0.1165,0.03671,-0.305,0.0368
2026-09-14 13:47:18,705.29,2026-09-14,700.0,0.41,0.42,0.42,5352,3971,0.2779,-0.1524,0.04515,-0.415,0.0443
2026-09-14 13:47:18,705.29,2026-09-14,701.0,0.5,0.51,0.56,3540,312,0.2608,-0.1874,0.05494,-0.505,0.0505
2026-09-14 13:47:18,705.29,2026-09-14,702.0,0.68,0.73,0.74,3393,678,0.2576,-0.245,0.06496,-0.705,0.059
2026-09-14 13:47:18,705.29,2026-09-14,703.0,0.92,0.97,0.97,4775,965,0.2514,-0.3104,0.07476,-0.945,0.0663
2026-09-14 13:47:18,705.29,2026-09-14,704.0,1.22,1.23,1.23,2675,656,0.2415,-0.3845,0.08426,-1.225,0.0718
2026-09-14 13:47:18,705.29,2026-09-14,705.0,1.64,1.65,1.66,1448,2297,0.2401,-0.4707,0.08822,-1.645,0.0747
2026-09-14 13:47:18,705.29,2026-09-14,706.0,2.11,2.14,2.14,594,542,0.2351,-0.5602,0.08933,-1.42,0.0741
2026-09-14 13:47:18,705.29,2026-09-14,707.0,2.69,2.71,2.71,516,603,0.2306,-0.65,0.08554,-0.995,0.0696
2026-09-14 13:47:18,705.29,2026-09-14,708.0,3.39,3.45,3.36,576,769,0.2348,-0.7271,0.07536,-0.715,0.0624
2026-09-14 13:47:18,705.29,2026-09-14,709.0,4.15,4.22,4.24,528,918,0.2349,-0.7966,0.0641,-0.48,0.0531
2026-09-14 13:47:18,705.29,2026-09-14,710.0,4.94,5.05,5.15,1424,2769,0.2306,-0.8587,0.0517,-0.29,0.0421
2026-09-14 13:47:18,705.29,2026-09-14,711.0,5.81,5.89,6.02,529,970,0.2214,-0.9128,0.03814,-0.145,0.0298
2026-09-14 13:47:18,705.29,2026-09-14,712.0,6.8,6.97,7.12,513,567,0.2621,-0.9111,0.03268,-0.18,0.0302
2026-09-14 13:47:18,705.29,2026-09-14,713.0,7.84,8.01,7.93,263,122,0.3043,-0.9087,0.02871,-0.22,0.0308
2026-09-14 13:47:18,705.29,2026-09-14,714.0,8.54,9.07,9.01,2966,82,0.2851,-0.9461,0.02045,-0.1,0.0206
2026-09-14 13:47:18,705.29,2026-09-14,715.0,9.69,9.7,9.99,1268,1977,0.2153,-0.9912,0.00587,0.01,0.0045
2026-09-14 13:47:18,705.29,2026-09-14,716.0,10.61,10.87,11.09,402,106,0.2927,-0.9729,0.01138,-0.035,0.0118
2026-09-14 13:47:18,705.29,2026-09-14,717.0,11.57,11.73,11.87,146,52,,,,,
2026-09-14 13:47:18,705.29,2026-09-14,718.0,12.67,13.19,12.74,43,237,0.4458,-0.9326,0.01558,-0.225,0.0245
2026-09-14 13:47:18,705.29,2026-09-14,719.0,13.71,13.94,14.24,74,91,0.4215,-0.956,0.01175,-0.12,0.0175
2026-09-14 13:47:18,705.29,2026-09-14,720.0,14.38,14.87,14.81,31,963,,,,,
2026-09-14 13:48:19,705.89,2026-09-14,691.0,0.03,0.08,0.08,1798,245,0.3928,-0.0202,0.00663,-0.055,0.0092
2026-09-14 13:48:19,705.89,2026-09-14,692.0,0.08,0.09,0.09,1366,359,0.3972,-0.0294,0.00898,-0.085,0.0126
2026-09-14 13:48:19,705.89,2026-09-14,693.0,0.05,0.1,0.1,399,222,0.3653,-0.0284,0.00947,-0.075,0.0122
2026-09-14 13:48:19,705.89,2026-09-14,694.0,0.06,0.07,0.07,810,339,0.3332,-0.0271,0.01,-0.065,0.0117
2026-09-14 13:48:19,705.89,2026-09-14,695.0,0.08,0.13,0.13,1829,4047,0.3373,-0.0408,0.01384,-0.105,0.0164
2026-09-14 13:48:19,705.89,2026-09-14,696.0,0.1,0.15,0.15,829,534,0.3228,-0.0493,0.01683,-0.125,0.0191
2026-09-14 13:48:19,705.89,2026-09-14,697.0,0.13,0.14,0.14,3132,291,0.3012,-0.0559,0.01993,-0.135,0.0212
2026-09-14 13:48:19,705.89,2026-09-14,698.0,0.18,0.23,0.23,1964,394,0.3019,-0.0796,0.02613,-0.205,0.0278
2026-09-14 13:48:19,705.89,2026-09-14,699.0,0.28,0.29,0.29,2600,434,0.2975,-0.1061,0.03281,-0.285,0.0344
2026-09-14 13:48:19,705.89,2026-09-14,700.0,0.36,0.37,0.37,11043,3971,0.2866,-0.1341,0.04017,-0.365,0.0406
2026-09-14 13:48:19,705.89,2026-09-14,701.0,0.44,0.45,0.49,4729,312,0.2704,-0.1648,0.04888,-0.445,0.0466
2026-09-14 13:48:19,705.89,2026-09-14,702.0,0.63,0.64,0.64,4084,678,0.2698,-0.2183,0.0582,-0.635,0.0553
2026-09-14 13:48:19,705.89,2026-09-14,703.0,0.79,0.84,0.83,6159,965,0.2585,-0.2727,0.06848,-0.815,0.0624
2026-09-14 13:48:19,705.89,2026-09-14,704.0,1.11,1.12,1.06,3934,656,0.2569,-0.3445,0.07635,-1.115,0.0691
2026-09-14 13:48:19,705.89,2026-09-14,705.0,1.45,1.46,1.46,2011,2297,0.2506,-0.4218,0.08317,-1.455,0.0734
2026-09-14 13:48:19,705.89,2026-09-14,706.0,1.89,1.9,1.86,869,542,0.2471,-0.5063,0.08601,-1.785,0.0749
2026-09-14 13:48:19,705.89,2026-09-14,707.0,2.4,2.42,2.44,3044,603,0.242,-0.5933,0.08539,-1.3,0.0728
2026-09-14 13:48:19,705.89,2026-09-14,708.0,3.07,3.12,3.15,602,769,0.2491,-0.671,0.07736,-0.985,0.0679
2026-09-14 13:48:19,705.89,2026-09-14,709.0,3.76,3.8,3.78,708,918,0.2448,-0.7477,0.06948,-0.67,0.0599
2026-09-14 13:48:19,705.89,2026-09-14,710.0,4.53,4.64,4.76,1519,2769,0.2493,-0.8073,0.0585,-0.475,0.0514
2026-09-14 13:48:19,705.89,2026-09-14,711.0,5.26,5.53,5.66,563,970,0.2429,-0.8662,0.04732,-0.285,0.0405
2026-09-14 13:48:19,705.89,2026-09-14,712.0,6.3,6.69,6.8,535,567,0.3,-0.8582,0.03986,-0.385,0.0421
2026-09-14 13:48:19,705.89,2026-09-14,713.0,7.13,7.34,7.34,326,122,0.2538,-0.9302,0.02813,-0.125,0.0252
2026-09-14 13:48:19,705.89,2026-09-14,714.0,8.28,8.68,8.6,4516,82,0.3607,-0.8816,0.02927,-0.37,0.0372
2026-09-14 13:48:19,705.89,2026-09-14,715.0,9.11,9.39,9.3,1449,1977,0.3141,-0.9367,0.02107,-0.14,0.0233
2026-09-14 13:48:19,705.89,2026-09-14,716.0,10.1,10.35,10.45,494,106,0.3288,-0.9472,0.01744,-0.115,0.0202
2026-09-14 13:48:19,705.89,2026-09-14,717.0,10.98,11.33,11.71,166,52,0.3103,-0.9703,0.0116,-0.045,0.0127
2026-09-14 13:48:19,705.89,2026-09-14,718.0,12.06,12.54,12.56,48,237,0.4155,-0.9372,0.01584,-0.19,0.0232
2026-09-14 13:48:19,705.89,2026-09-14,719.0,12.96,13.42,13.84,74,91,0.3825,-0.9642,0.01098,-0.08,0.0148
2026-09-14 13:48:19,705.89,2026-09-14,720.0,14.37,14.46,14.47,49,963,0.5155,-0.9243,0.01473,-0.305,0.0268
2026-09-14 13:49:19,706.53,2026-09-14,692.0,0.04,0.05,0.05,1466,359,0.3734,-0.0177,0.00623,-0.045,0.0082
2026-09-14 13:49:19,706.53,2026-09-14,693.0,0.05,0.06,0.1,639,222,0.3621,-0.0217,0.00765,-0.055,0.0098
2026-09-14 13:49:19,706.53,2026-09-14,694.0,0.1,0.11,0.11,938,339,0.3786,-0.0369,0.01136,-0.105,0.0151
2026-09-14 13:49:19,706.53,2026-09-14,695.0,0.12,0.13,0.09,1981,4047,0.3656,-0.0443,0.01364,-0.125,0.0176
2026-09-14 13:49:19,706.53,2026-09-14,696.0,0.14,0.15,0.11,1054,534,0.3501,-0.0523,0.01627,-0.145,0.02
2026-09-14 13:49:19,706.53,2026-09-14,697.0,0.12,0.17,0.18,3677,291,0.3233,-0.056,0.01859,-0.145,0.0212
2026-09-14 13:49:19,706.53,2026-09-14,698.0,0.16,0.21,0.21,2293,394,0.3129,-0.0709,0.02308,-0.185,0.0254
2026-09-14 13:49:19,706.53,2026-09-14,699.0,0.21,0.22,0.26,2973,434,0.2951,-0.0845,0.02799,-0.215,0.0291
2026-09-14 13:49:19,706.53,2026-09-14,700.0,0.28,0.33,0.33,11793,3971,0.292,-0.114,0.03522,-0.305,0.0362
2026-09-14 13:49:19,706.53,2026-09-14,701.0,0.38,0.43,0.43,5468,312,0.284,-0.147,0.04316,-0.405,0.0432
2026-09-14 13:49:19,706.53,2026-09-14,702.0,0.51,0.56,0.52,4591,678,0.2758,-0.1878,0.05207,-0.535,0.0506
2026-09-14 13:49:19,706.53,2026-09-14,703.0,0.72,0.73,0.73,7241,965,0.2711,-0.2409,0.06124,-0.725,0.0584
2026-09-14 13:49:19,706.53,2026-09-14,704.0,0.9,0.91,0.91,5637,656,0.2565,-0.2965,0.07186,-0.905,0.0649
2026-09-14 13:49:19,706.53,2026-09-14,705.0,1.19,1.2,1.2,2314,2297,0.25,-0.369,0.08043,-1.195,0.0708
2026-09-14 13:49:19,706.53,2026-09-14,706.0,1.6,1.61,1.64,979,542,0.2496,-0.4518,0.08456,-1.605,0.0743
2026-09-14 13:49:19,706.53,2026-09-14,707.0,2.02,2.029,2.08,3385,603,0.2392,-0.5385,0.08846,-1.5545,0.0745
2026-09-14 13:49:19,706.53,2026-09-14,708.0,2.65,2.66,2.6,636,769,0.2457,-0.622,0.08247,-1.185,0.0713
2026-09-14 13:49:19,706.53,2026-09-14,709.0,3.29,3.33,3.32,774,918,0.2442,-0.702,0.07565,-0.84,0.065
2026-09-14 13:49:19,706.53,2026-09-14,710.0,3.96,4.08,4.33,1568,2769,0.2388,-0.7777,0.06646,-0.55,0.0559
2026-09-14 13:49:19,706.53,2026-09-14,711.0,4.75,4.91,5.16,571,970,0.2387,-0.8381,0.05473,-0.36,0.046
2026-09-14 13:49:19,706.53,2026-09-14,712.0,5.58,6.09,6.26,546,567,0.2741,-0.8535,0.04462,-0.365,0.0431
2026-09-14 13:49:19,706.53,2026-09-14,713.0,6.53,6.9,6.91,425,122,0.2753,-0.8923,0.03585,-0.245,0.0347
2026-09-14 13:49:19,706.53,2026-09-14,714.0,7.66,7.76,8.3,4837,82,0.304,-0.9023,0.03024,-0.24,0.0324
2026-09-14 13:49:19,706.53,2026-09-14,715.0,8.54,9.06,9.02,1469,1977,0.3609,-0.8917,0.02747,-0.33,0.0349
2026-09-14 13:49:19,706.53,2026-09-14,716.0,9.38,9.76,10.04,510,106,0.305,-0.9491,0.01828,-0.1,0.0196
2026-09-14 13:49:19,706.53,2026-09-14,717.0,10.57,10.87,11.07,186,52,0.3942,-0.9188,0.02033,-0.25,0.0282
2026-09-14 13:49:19,706.53,2026-09-14,718.0,11.6,11.61,12.1,54,237,0.3737,-0.9468,0.01545,-0.135,0.0203
2026-09-14 13:49:19,706.53,2026-09-14,719.0,12.47,12.86,12.97,80,91,0.4274,-0.9374,0.01536,-0.195,0.0231
2026-09-14 13:49:19,706.53,2026-09-14,720.0,13.34,14.05,14,52,963,0.4668,-0.9351,0.01446,-0.225,0.0238
2026-09-14 13:49:19,706.53,2026-09-14,721.0,14.35,14.55,15.42,22,59,0.2544,-0.9986,0.00095,0.02,0.0008
2026-09-14 13:50:19,706.47,2026-09-14,692.0,0.07,0.08,0.08,1961,359,0.4034,-0.026,0.008,-0.075,0.0113
2026-09-14 13:50:19,706.47,2026-09-14,693.0,0.08,0.09,0.09,729,222,0.3879,-0.0301,0.00938,-0.085,0.0128
2026-09-14 13:50:19,706.47,2026-09-14,694.0,0.09,0.1,0.1,960,339,0.3709,-0.0345,0.01099,-0.095,0.0143
2026-09-14 13:50:19,706.47,2026-09-14,695.0,0.11,0.12,0.12,2214,4047,0.3587,-0.0419,0.01332,-0.115,0.0168
2026-09-14 13:50:19,706.47,2026-09-14,696.0,0.09,0.14,0.14,1166,534,0.3331,-0.0447,0.01512,-0.115,0.0177
2026-09-14 13:50:19,706.47,2026-09-14,697.0,0.16,0.17,0.17,4009,291,0.3313,-0.0613,0.01952,-0.165,0.0227
2026-09-14 13:50:19,706.47,2026-09-14,698.0,0.16,0.17,0.21,2543,394,0.3036,-0.0661,0.02257,-0.165,0.0241
2026-09-14 13:50:19,706.47,2026-09-14,699.0,0.21,0.22,0.22,3265,434,0.2937,-0.085,0.02827,-0.215,0.0291
2026-09-14 13:50:19,706.47,2026-09-14,700.0,0.32,0.33,0.33,14782,3971,0.2959,-0.119,0.03586,-0.325,0.0373
2026-09-14 13:50:19,706.47,2026-09-14,701.0,0.37,0.42,0.42,6519,312,0.28,-0.1459,0.04361,-0.395,0.0429
2026-09-14 13:50:19,706.47,2026-09-14,702.0,0.49,0.5,0.5,5779,678,0.266,-0.182,0.05303,-0.495,0.0495
2026-09-14 13:50:19,706.47,2026-09-14,703.0,0.7,0.71,0.71,9151,965,0.2656,-0.2398,0.06245,-0.705,0.0582
2026-09-14 13:50:19,706.47,2026-09-14,704.0,0.92,0.93,0.93,6922,656,0.2572,-0.3011,0.07227,-0.925,0.0652
2026-09-14 13:50:19,706.47,2026-09-14,705.0,1.16,1.21,1.21,2826,2297,0.2458,-0.3717,0.08212,-1.185,0.0708
2026-09-14 13:50:19,706.47,2026-09-14,706.0,1.56,1.58,1.57,1241,542,0.2416,-0.4555,0.08759,-1.57,0.0743
2026-09-14 13:50:19,706.47,2026-09-14,707.0,2,2.02,2.02,3449,603,0.2332,-0.5451,0.09071,-1.48,0.0743
2026-09-14 13:50:19,706.47,2026-09-14,708.0,2.51,2.58,2.65,659,769,0.2251,-0.6385,0.08884,-1.015,0.0702
2026-09-14 13:50:19,706.47,2026-09-14,709.0,3.14,3.28,3.31,804,918,0.2222,-0.7253,0.08012,-0.68,0.0625
2026-09-14 13:50:19,706.47,2026-09-14,710.0,4,4.05,4.08,1635,2769,0.2315,-0.7892,0.06658,-0.495,0.0541
2026-09-14 13:50:19,706.47,2026-09-14,711.0,4.76,4.87,4.88,600,970,0.2241,-0.8571,0.05375,-0.285,0.0423
2026-09-14 13:50:19,706.47,2026-09-14,712.0,5.44,5.92,5.87,603,567,0.2185,-0.9095,0.03984,-0.15,0.0306
2026-09-14 13:50:19,706.47,2026-09-14,713.0,6.53,6.66,6.66,445,122,0.2122,-0.9481,0.02672,-0.065,0.0199
2026-09-14 13:50:19,706.47,2026-09-14,714.0,7.39,7.59,7.74,4975,82,,,,,
2026-09-14 13:50:19,706.47,2026-09-14,715.0,8.34,8.65,8.81,1502,1977,,,,,
2026-09-14 13:50:19,706.47,2026-09-14,716.0,9.29,9.82,9.78,527,106,0.258,-0.9745,0.01231,-0.025,0.0111
2026-09-14 13:50:19,706.47,2026-09-14,717.0,10.37,10.75,10.86,196,52,0.285,-0.9744,0.01117,-0.03,0.0112
2026-09-14 13:50:19,706.47,2026-09-14,718.0,11.18,11.5,11.72,55,237,,,,,
2026-09-14 13:50:19,706.47,2026-09-14,719.0,12.22,12.58,12.97,80,91,,,,,
2026-09-14 13:50:19,706.47,2026-09-14,720.0,13.57,13.79,13.81,58,963,0.4343,-0.9494,0.0128,-0.15,0.0195
2026-09-14 13:50:19,706.47,2026-09-14,721.0,14.14,14.5,15.42,22,59,,,,,
2026-09-14 13:51:21,706.25,2026-09-14,692.0,0.07,0.08,0.08,2013,359,0.399,-0.0263,0.00818,-0.075,0.0114
2026-09-14 13:51:21,706.25,2026-09-14,693.0,0.04,0.05,0.05,902,222,0.3461,-0.019,0.00716,-0.045,0.0087
2026-09-14 13:51:21,706.25,2026-09-14,694.0,0.09,0.1,0.1,1028,339,0.3662,-0.0349,0.01126,-0.095,0.0144
2026-09-14 13:51:21,706.25,2026-09-14,695.0,0.11,0.12,0.12,2469,4047,0.3538,-0.0425,0.01368,-0.115,0.0169
2026-09-14 13:51:21,706.25,2026-09-14,696.0,0.1,0.11,0.11,1241,534,0.3223,-0.0426,0.01504,-0.105,0.017
2026-09-14 13:51:21,706.25,2026-09-14,697.0,0.17,0.18,0.18,4719,291,0.3302,-0.0647,0.02046,-0.175,0.0236
2026-09-14 13:51:21,706.25,2026-09-14,698.0,0.17,0.18,0.18,2677,394,0.3021,-0.0698,0.02371,-0.175,0.0251
2026-09-14 13:51:21,706.25,2026-09-14,699.0,0.22,0.23,0.23,3661,434,0.2912,-0.089,0.02958,-0.225,0.0301
2026-09-14 13:51:21,706.25,2026-09-14,700.0,0.3,0.31,0.31,15774,3971,0.2841,-0.117,0.03697,-0.305,0.0367
2026-09-14 13:51:21,706.25,2026-09-14,701.0,0.44,0.45,0.45,7472,312,0.2843,-0.1588,0.04552,-0.445,0.0453
2026-09-14 13:51:21,706.25,2026-09-14,702.0,0.53,0.54,0.54,7312,678,0.2663,-0.1936,0.05512,-0.535,0.0513
2026-09-14 13:51:21,706.25,2026-09-14,703.0,0.71,0.72,0.72,10886,965,0.2587,-0.2476,0.06534,-0.715,0.0591
2026-09-14 13:51:21,706.25,2026-09-14,704.0,0.94,0.99,0.99,8349,656,0.2536,-0.3142,0.07482,-0.965,0.0664
2026-09-14 13:51:21,706.25,2026-09-14,705.0,1.25,1.3,1.3,3505,2297,0.2473,-0.3899,0.08296,-1.275,0.0718
2026-09-14 13:51:21,706.25,2026-09-14,706.0,1.64,1.65,1.65,1294,542,0.2386,-0.4741,0.08922,-1.645,0.0745
2026-09-14 13:51:21,706.25,2026-09-14,707.0,2.16,2.17,2.18,3510,603,0.2384,-0.5632,0.08834,-1.42,0.0737
2026-09-14 13:51:21,706.25,2026-09-14,708.0,2.75,2.77,2.8,688,769,0.2364,-0.6503,0.08375,-1.015,0.0693
2026-09-14 13:51:21,706.25,2026-09-14,709.0,3.44,3.48,3.48,873,918,0.2375,-0.7287,0.07461,-0.715,0.062
2026-09-14 13:51:21,706.25,2026-09-14,710.0,4.11,4.15,4.31,1700,2769,0.2188,-0.8172,0.06475,-0.385,0.0496
2026-09-14 13:51:21,706.25,2026-09-14,711.0,4.91,5.06,5.06,605,970,0.2205,-0.8726,0.05059,-0.24,0.039
2026-09-14 13:51:21,706.25,2026-09-14,712.0,5.96,6.06,6.06,607,567,0.2591,-0.8796,0.04138,-0.265,0.0375
2026-09-14 13:51:21,706.25,2026-09-14,713.0,6.72,6.96,6.96,564,122,0.2322,-0.9379,0.02817,-0.095,0.0229
2026-09-14 13:51:21,706.25,2026-09-14,714.0,7.66,8.01,8.01,7086,82,0.2564,-0.945,0.02318,-0.09,0.0208
2026-09-14 13:51:21,706.25,2026-09-14,715.0,8.83,8.95,8.82,1544,1977,0.3074,-0.9337,0.0224,-0.145,0.0241
2026-09-14 13:51:21,706.25,2026-09-14,716.0,9.75,9.82,9.82,597,106,0.2757,-0.9692,0.01349,-0.04,0.013
2026-09-14 13:51:21,706.25,2026-09-14,717.0,10.53,10.66,10.8,219,52,,,,,
2026-09-14 13:51:21,706.25,2026-09-14,718.0,11.38,11.72,11.72,68,237,,,,,
2026-09-14 13:51:21,706.25,2026-09-14,719.0,12.41,13.02,12.97,85,91,,,,,
2026-09-14 13:51:21,706.25,2026-09-14,720.0,13.47,13.71,13.71,63,963,,,,,
2026-09-14 13:51:21,706.25,2026-09-14,721.0,14.74,15.06,15.42,27,59,0.4683,-0.9513,0.01153,-0.155,0.0189
2026-09-14 13:52:22,705.78,2026-09-14,691.0,0.03,0.08,0.04,2070,245,0.3925,-0.0203,0.0067,-0.055,0.0092
2026-09-14 13:52:22,705.78,2026-09-14,692.0,0.07,0.08,0.08,2110,359,0.3885,-0.027,0.00859,-0.075,0.0116
2026-09-14 13:52:22,705.78,2026-09-14,693.0,0.05,0.06,0.1,1000,222,0.3467,-0.0227,0.00833,-0.055,0.0101
2026-09-14 13:52:22,705.78,2026-09-14,694.0,0.06,0.11,0.07,1223,339,0.3482,-0.0332,0.01138,-0.085,0.0138
2026-09-14 13:52:22,705.78,2026-09-14,695.0,0.08,0.13,0.13,2770,4047,0.3364,-0.0411,0.01403,-0.105,0.0164
2026-09-14 13:52:22,705.78,2026-09-14,696.0,0.1,0.11,0.11,1424,534,0.3108,-0.0441,0.01606,-0.105,0.0174
2026-09-14 13:52:22,705.78,2026-09-14,697.0,0.18,0.19,0.19,4854,291,0.3216,-0.0695,0.02225,-0.185,0.0249
2026-09-14 13:52:22,705.78,2026-09-14,698.0,0.23,0.24,0.24,3013,394,0.3109,-0.0875,0.02742,-0.235,0.0297
2026-09-14 13:52:22,705.78,2026-09-14,699.0,0.25,0.26,0.26,3879,434,0.2868,-0.1002,0.03283,-0.255,0.0328
2026-09-14 13:52:22,705.78,2026-09-14,700.0,0.38,0.39,0.39,17326,3971,0.2893,-0.1395,0.04112,-0.385,0.0415
2026-09-14 13:52:22,705.78,2026-09-14,701.0,0.45,0.46,0.46,8610,312,0.27,-0.1687,0.04996,-0.455,0.047
2026-09-14 13:52:22,705.78,2026-09-14,702.0,0.6,0.61,0.65,9445,678,0.2615,-0.2164,0.0601,-0.605,0.0547
2026-09-14 13:52:22,705.78,2026-09-14,703.0,0.84,0.85,0.85,13162,965,0.2598,-0.2802,0.06944,-0.845,0.0629
2026-09-14 13:52:22,705.78,2026-09-14,704.0,1.11,1.12,1.13,9978,656,0.2528,-0.3499,0.0785,-1.115,0.0691
2026-09-14 13:52:22,705.78,2026-09-14,705.0,1.47,1.48,1.48,4081,2297,0.2483,-0.4301,0.08475,-1.475,0.0733
2026-09-14 13:52:22,705.78,2026-09-14,706.0,1.85,1.93,1.89,1446,542,0.2402,-0.5164,0.08891,-1.67,0.0744
2026-09-14 13:52:22,705.78,2026-09-14,707.0,2.39,2.48,2.28,3678,603,0.2377,-0.6052,0.08678,-1.215,0.0719
2026-09-14 13:52:22,705.78,2026-09-14,708.0,2.99,3.07,3.04,754,769,0.2294,-0.6949,0.08183,-0.81,0.0654
2026-09-14 13:52:22,705.78,2026-09-14,709.0,3.85,3.91,3.84,880,918,0.2491,-0.7527,0.06795,-0.66,0.059
2026-09-14 13:52:22,705.78,2026-09-14,710.0,4.54,4.62,4.76,1728,2769,0.2311,-0.8333,0.05792,-0.36,0.0466
2026-09-14 13:52:22,705.78,2026-09-14,711.0,5.44,5.59,5.23,623,970,0.2503,-0.8655,0.04636,-0.295,0.0404
2026-09-14 13:52:22,705.78,2026-09-14,712.0,6.18,6.41,6.41,625,567,0.2097,-0.9423,0.02953,-0.075,0.0216
2026-09-14 13:52:22,705.78,2026-09-14,713.0,6.98,7.53,7.24,579,122,0.2127,-0.9641,0.01985,-0.035,0.0147
2026-09-14 13:52:22,705.78,2026-09-14,714.0,8.25,8.49,8.33,8059,82,0.2957,-0.9296,0.02443,-0.15,0.0252
2026-09-14 13:52:22,705.78,2026-09-14,715.0,9.03,9.28,9.28,1581,1977,,,,,
2026-09-14 13:52:22,705.78,2026-09-14,716.0,10.16,10.23,10.35,657,106,,,,,
2026-09-14 13:52:22,705.78,2026-09-14,717.0,11.2,11.26,11.34,247,52,0.2798,-0.9831,0.00801,-0.01,0.0078
2026-09-14 13:52:22,705.78,2026-09-14,718.0,11.81,12.51,12.41,74,237,,,,,
2026-09-14 13:52:22,705.78,2026-09-14,719.0,13,13.2,13.25,89,91,,,,,
2026-09-14 13:52:22,705.78,2026-09-14,720.0,13.92,14.12,14.1,66,963,,,,,
2026-09-14 13:53:22,705.86,2026-09-14,691.0,0.03,0.08,0.08,2171,245,0.3948,-0.0203,0.00665,-0.055,0.0091
2026-09-14 13:53:22,705.86,2026-09-14,692.0,0.03,0.04,0.04,2241,359,0.3479,-0.0152,0.00589,-0.035,0.0071
2026-09-14 13:53:22,705.86,2026-09-14,693.0,0.05,0.1,0.1,1273,222,0.3671,-0.0284,0.00951,-0.075,0.0121
2026-09-14 13:53:22,705.86,2026-09-14,694.0,0.06,0.07,0.11,1565,339,0.3348,-0.0272,0.01004,-0.065,0.0117
2026-09-14 13:53:22,705.86,2026-09-14,695.0,0.12,0.13,0.13,3096,4047,0.3505,-0.0462,0.01482,-0.125,0.018
2026-09-14 13:53:22,705.86,2026-09-14,696.0,0.15,0.16,0.16,1549,534,0.3391,-0.0572,0.01815,-0.155,0.0214
2026-09-14 13:53:22,705.86,2026-09-14,697.0,0.18,0.19,0.15,4960,291,0.3243,-0.0691,0.02199,-0.185,0.0248
2026-09-14 13:53:22,705.86,2026-09-14,698.0,0.23,0.24,0.24,3234,394,0.3136,-0.087,0.02708,-0.235,0.0295
2026-09-14 13:53:22,705.86,2026-09-14,699.0,0.25,0.26,0.3,4225,434,0.2897,-0.0995,0.03238,-0.255,0.0326
2026-09-14 13:53:22,705.86,2026-09-14,700.0,0.33,0.34,0.34,18257,3971,0.28,-0.1281,0.04013,-0.335,0.039
2026-09-14 13:53:22,705.86,2026-09-14,701.0,0.44,0.45,0.45,9386,312,0.2711,-0.1654,0.04918,-0.445,0.0463
2026-09-14 13:53:22,705.86,2026-09-14,702.0,0.63,0.64,0.64,10365,678,0.2705,-0.219,0.05858,-0.635,0.0551
2026-09-14 13:53:22,705.86,2026-09-14,703.0,0.79,0.8,0.8,15120,965,0.2557,-0.2712,0.06953,-0.795,0.0618
2026-09-14 13:53:22,705.86,2026-09-14,704.0,1.09,1.1,1.1,10606,656,0.2542,-0.3443,0.07767,-1.095,0.0686
2026-09-14 13:53:22,705.86,2026-09-14,705.0,1.4,1.45,1.47,4486,2297,0.2465,-0.4226,0.08519,-1.425,0.073
2026-09-14 13:53:22,705.86,2026-09-14,706.0,1.85,1.86,1.82,1487,542,0.2413,-0.5093,0.08865,-1.715,0.0744
2026-09-14 13:53:22,705.86,2026-09-14,707.0,2.43,2.46,2.45,3714,603,0.2461,-0.595,0.08449,-1.305,0.0723
2026-09-14 13:53:22,705.86,2026-09-14,708.0,3.09,3.14,3.1,818,769,0.2507,-0.6734,0.07716,-0.975,0.0672
2026-09-14 13:53:22,705.86,2026-09-14,709.0,3.73,3.87,3.78,908,918,0.2461,-0.7502,0.06924,-0.66,0.0592
2026-09-14 13:53:22,705.86,2026-09-14,710.0,4.58,4.84,4.64,1738,2769,0.2702,-0.7915,0.05697,-0.57,0.0535
2026-09-14 13:53:22,705.86,2026-09-14,711.0,5.51,5.55,5.71,649,970,0.2702,-0.8435,0.04761,-0.39,0.0447
2026-09-14 13:53:22,705.86,2026-09-14,712.0,6.26,6.53,6.51,631,567,0.2696,-0.8866,0.03824,-0.255,0.0358
2026-09-14 13:53:22,705.86,2026-09-14,713.0,7.38,7.49,7.44,592,122,0.3121,-0.8875,0.03284,-0.295,0.0356
2026-09-14 13:53:22,705.86,2026-09-14,714.0,8.2,8.66,8.35,8089,82,0.3413,-0.8969,0.0282,-0.29,0.0335
2026-09-14 13:53:22,705.86,2026-09-14,715.0,9.41,9.55,9.24,1582,1977,0.3866,-0.8947,0.02528,-0.34,0.034
2026-09-14 13:53:22,705.86,2026-09-14,716.0,10.08,10.42,10.37,671,106,0.3292,-0.9488,0.01714,-0.11,0.0196
2026-09-14 13:53:22,705.86,2026-09-14,717.0,11.2,11.54,11.56,250,52,0.4081,-0.9257,0.01847,-0.23,0.0262
2026-09-14 13:53:22,705.86,2026-09-14,718.0,11.96,12.71,12.64,78,237,0.4212,-0.9363,0.01589,-0.195,0.0233
2026-09-14 13:53:22,705.86,2026-09-14,719.0,13.15,13.61,13.71,101,91,0.467,-0.9315,0.01517,-0.24,0.0246
2026-09-14 13:53:22,705.86,2026-09-14,720.0,14.07,14.7,14.1,68,963,0.4961,-0.9338,0.0139,-0.245,0.024
2026-09-14 13:54:23,706.15,2026-09-14,692.0,0.03,0.08,0.04,2595,359,0.379,-0.021,0.00716,-0.055,0.0094
2026-09-14 13:54:23,706.15,2026-09-14,693.0,0.04,0.05,0.09,1308,222,0.3452,-0.0191,0.00725,-0.045,0.0087
2026-09-14 13:54:23,706.15,2026-09-14,694.0,0.1,0.11,0.07,1600,339,0.3719,-0.0377,0.01187,-0.105,0.0153
2026-09-14 13:54:23,706.15,2026-09-14,695.0,0.12,0.13,0.13,3167,4047,0.3584,-0.0454,0.01429,-0.125,0.0178
2026-09-14 13:54:23,706.15,2026-09-14,696.0,0.14,0.15,0.11,1613,534,0.3425,-0.0536,0.01709,-0.145,0.0203
2026-09-14 13:54:23,706.15,2026-09-14,697.0,0.13,0.18,0.18,5182,291,0.32,-0.0602,0.02004,-0.155,0.0222
2026-09-14 13:54:23,706.15,2026-09-14,698.0,0.21,0.22,0.22,3451,394,0.3156,-0.0804,0.02539,-0.215,0.0278
2026-09-14 13:54:23,706.15,2026-09-14,699.0,0.26,0.27,0.27,4343,434,0.302,-0.0993,0.03105,-0.265,0.0325
2026-09-14 13:54:23,706.15,2026-09-14,700.0,0.34,0.35,0.35,18670,3971,0.2924,-0.1268,0.03817,-0.345,0.0387
2026-09-14 13:54:23,706.15,2026-09-14,701.0,0.43,0.44,0.44,9683,312,0.2796,-0.1586,0.04645,-0.435,0.045
2026-09-14 13:54:23,706.15,2026-09-14,702.0,0.53,0.58,0.58,11002,678,0.2672,-0.1993,0.05614,-0.555,0.052
2026-09-14 13:54:23,706.15,2026-09-14,703.0,0.74,0.75,0.75,16376,965,0.2604,-0.255,0.06622,-0.745,0.0598
2026-09-14 13:54:23,706.15,2026-09-14,704.0,0.98,0.99,0.99,10865,656,0.2526,-0.3208,0.07609,-0.985,0.0667
2026-09-14 13:54:23,706.15,2026-09-14,705.0,1.3,1.31,1.32,4934,2297,0.2467,-0.3981,0.08399,-1.305,0.0719
2026-09-14 13:54:23,706.15,2026-09-14,706.0,1.65,1.71,1.71,1494,542,0.2375,-0.4833,0.09012,-1.68,0.0742
2026-09-14 13:54:23,706.15,2026-09-14,707.0,2.15,2.21,2.27,3754,603,0.2333,-0.5744,0.09023,-1.33,0.073
2026-09-14 13:54:23,706.15,2026-09-14,708.0,2.78,2.79,2.85,831,769,0.2309,-0.6634,0.08487,-0.935,0.068
2026-09-14 13:54:23,706.15,2026-09-14,709.0,3.51,3.52,3.6,926,918,0.2349,-0.7397,0.0742,-0.665,0.0605
2026-09-14 13:54:23,706.15,2026-09-14,710.0,4.28,4.32,4.46,1757,2769,0.2365,-0.8061,0.06237,-0.45,0.0512
2026-09-14 13:54:23,706.15,2026-09-14,711.0,5.05,5.39,5.31,664,970,0.2559,-0.8428,0.05045,-0.37,0.0448
2026-09-14 13:54:23,706.15,2026-09-14,712.0,5.99,6.32,6.28,635,567,0.274,-0.8716,0.0411,-0.305,0.0391
2026-09-14 13:54:23,706.15,2026-09-14,713.0,7.03,7.1,7.18,603,122,0.2798,-0.9033,0.03287,-0.215,0.0319
2026-09-14 13:54:23,706.15,2026-09-14,714.0,7.78,8.44,8.42,9936,82,0.3238,-0.9009,0.02891,-0.26,0.0325
2026-09-14 13:54:23,706.15,2026-09-14,715.0,8.71,9.01,9.01,1589,1977,0.2292,-0.9799,0.01137,-0.01,0.009
2026-09-14 13:54:23,706.15,2026-09-14,716.0,10.02,10.18,10.23,683,106,0.3793,-0.9157,0.02189,-0.25,0.0288
2026-09-14 13:54:23,706.15,2026-09-14,717.0,11.09,11.46,11.41,253,52,0.464,-0.892,0.02147,-0.425,0.0346
2026-09-14 13:54:23,706.15,2026-09-14,718.0,11.65,11.94,12.45,78,237,,,,,
2026-09-14 13:54:23,706.15,2026-09-14,719.0,13.03,13.22,13.4,101,91,0.4731,-0.9246,0.01613,-0.275,0.0265
2026-09-14 13:54:23,706.15,2026-09-14,720.0,14.01,14.4,14.48,71,963,0.5303,-0.9162,0.0156,-0.355,0.0287
2026-09-14 13:54:23,706.15,2026-09-14,721.0,14.67,15.37,15.37,125,59,0.4807,-0.9488,0.01175,-0.17,0.0196
2026-09-14 13:55:23,705.9,2026-09-14,691.0,0.07,0.08,0.08,2294,245,0.4167,-0.0255,0.00766,-0.075,0.011
2026-09-14 13:55:23,705.9,2026-09-14,692.0,0.07,0.08,0.04,2834,359,0.3929,-0.0268,0.00848,-0.075,0.0115
2026-09-14 13:55:23,705.9,2026-09-14,693.0,0.08,0.09,0.09,1541,222,0.377,-0.0311,0.00999,-0.085,0.013
2026-09-14 13:55:23,705.9,2026-09-14,694.0,0.06,0.07,0.11,1664,339,0.3367,-0.0271,0.00999,-0.065,0.0116
2026-09-14 13:55:23,705.9,2026-09-14,695.0,0.12,0.13,0.13,3296,4047,0.3525,-0.0461,0.01474,-0.125,0.018
2026-09-14 13:55:23,705.9,2026-09-14,696.0,0.1,0.15,0.11,2118,534,0.3262,-0.0493,0.01681,-0.125,0.019
2026-09-14 13:55:23,705.9,2026-09-14,697.0,0.13,0.18,0.14,5307,291,0.3136,-0.0613,0.02078,-0.155,0.0225
2026-09-14 13:55:23,705.9,2026-09-14,698.0,0.17,0.18,0.18,3754,394,0.2938,-0.0719,0.02508,-0.175,0.0255
2026-09-14 13:55:23,705.9,2026-09-14,699.0,0.27,0.28,0.28,4568,434,0.2978,-0.1038,0.03257,-0.275,0.0335
2026-09-14 13:55:23,705.9,2026-09-14,700.0,0.3,0.31,0.31,19484,3971,0.2742,-0.121,0.03947,-0.305,0.0374
2026-09-14 13:55:23,705.9,2026-09-14,701.0,0.4,0.45,0.45,10679,312,0.2689,-0.1608,0.04882,-0.425,0.0454
2026-09-14 13:55:23,705.9,2026-09-14,702.0,0.58,0.59,0.59,12149,678,0.2636,-0.2102,0.05884,-0.585,0.0536
2026-09-14 13:55:23,705.9,2026-09-14,703.0,0.73,0.78,0.78,18291,965,0.2516,-0.2647,0.06997,-0.755,0.0609
2026-09-14 13:55:23,705.9,2026-09-14,704.0,1,1.01,1.01,11572,656,0.2437,-0.3344,0.08035,-1.005,0.0677
2026-09-14 13:55:23,705.9,2026-09-14,705.0,1.28,1.29,1.31,5387,2297,0.2302,-0.4136,0.09103,-1.285,0.0724
2026-09-14 13:55:23,705.9,2026-09-14,706.0,1.69,1.7,1.77,1698,542,0.2231,-0.5064,0.09615,-1.595,0.0742
2026-09-14 13:55:23,705.9,2026-09-14,707.0,2.24,2.25,2.29,3807,603,0.2222,-0.6018,0.09339,-1.145,0.0717
2026-09-14 13:55:23,705.9,2026-09-14,708.0,2.88,2.89,2.96,862,769,0.2208,-0.6924,0.08564,-0.785,0.0654
2026-09-14 13:55:23,705.9,2026-09-14,709.0,3.53,3.63,3.63,935,918,0.2136,-0.7796,0.07464,-0.48,0.0551
2026-09-14 13:55:23,705.9,2026-09-14,710.0,4.28,4.39,4.43,1779,2769,0.1993,-0.8632,0.05912,-0.235,0.0407
2026-09-14 13:55:23,705.9,2026-09-14,711.0,5.14,5.36,5.41,673,970,0.2073,-0.905,0.04387,-0.15,0.0314
2026-09-14 13:55:23,705.9,2026-09-14,712.0,6.12,6.33,6.28,638,567,0.2278,-0.9231,0.03407,-0.125,0.0268
2026-09-14 13:55:23,705.9,2026-09-14,713.0,6.98,7.52,7.5,612,122,0.2655,-0.9227,0.02934,-0.15,0.0269
2026-09-14 13:55:23,705.9,2026-09-14,714.0,7.9,8.46,8.22,10757,82,0.262,-0.9501,0.02114,-0.08,0.0191
2026-09-14 13:55:23,705.9,2026-09-14,715.0,8.94,9.22,9.3,1607,1977,0.1637,-0.9985,0.00163,0.02,0.0009
2026-09-14 13:55:23,705.9,2026-09-14,716.0,9.82,10.32,10.21,688,106,,,,,
2026-09-14 13:55:23,705.9,2026-09-14,717.0,11.15,11.42,11.41,253,52,0.39,-0.9346,0.01757,-0.185,0.0237
2026-09-14 13:55:23,705.9,2026-09-14,718.0,11.87,12.43,12.45,78,237,0.34,-0.9706,0.01057,-0.05,0.0124
2026-09-14 13:55:23,705.9,2026-09-14,719.0,12.82,13.19,13.4,101,91,,,,,
2026-09-14 13:55:23,705.9,2026-09-14,720.0,13.86,14.08,14.39,72,963,,,,,
2026-09-14 13:56:25,705.74,2026-09-14,691.0,0.07,0.08,0.08,2329,245,0.4135,-0.0257,0.00779,-0.075,0.0111
2026-09-14 13:56:25,705.74,2026-09-14,692.0,0.03,0.04,0.08,2923,359,0.3467,-0.0153,0.00597,-0.035,0.0071
2026-09-14 13:56:25,705.74,2026-09-14,693.0,0.04,0.09,0.05,1720,222,0.3571,-0.0258,0.00905,-0.065,0.0111
2026-09-14 13:56:25,705.74,2026-09-14,694.0,0.1,0.11,0.11,1725,339,0.3626,-0.0387,0.01246,-0.105,0.0156
2026-09-14 13:56:25,705.74,2026-09-14,695.0,0.08,0.13,0.09,3422,4047,0.3371,-0.0412,0.01412,-0.105,0.0164
2026-09-14 13:56:25,705.74,2026-09-14,696.0,0.1,0.11,0.15,3197,534,0.3114,-0.0442,0.01617,-0.105,0.0173
2026-09-14 13:56:25,705.74,2026-09-14,697.0,0.17,0.18,0.18,5363,291,0.3181,-0.0673,0.02205,-0.175,0.0242
2026-09-14 13:56:25,705.74,2026-09-14,698.0,0.22,0.23,0.23,3857,394,0.3078,-0.0855,0.02736,-0.225,0.029
2026-09-14 13:56:25,705.74,2026-09-14,699.0,0.27,0.28,0.28,4709,434,0.2931,-0.1053,0.0335,-0.275,0.0338
2026-09-14 13:56:25,705.74,2026-09-14,700.0,0.35,0.36,0.32,19988,3971,0.2821,-0.134,0.04126,-0.355,0.0401
2026-09-14 13:56:25,705.74,2026-09-14,701.0,0.43,0.48,0.47,11129,312,0.2699,-0.1695,0.05042,-0.455,0.0469
2026-09-14 13:56:25,705.74,2026-09-14,702.0,0.62,0.63,0.58,12815,678,0.2648,-0.2207,0.06036,-0.625,0.0551
2026-09-14 13:56:25,705.74,2026-09-14,703.0,0.82,0.83,0.83,20579,965,0.256,-0.2795,0.07077,-0.825,0.0624
2026-09-14 13:56:25,705.74,2026-09-14,704.0,1.04,1.09,1.09,12300,656,0.2446,-0.3481,0.08142,-1.065,0.0686
2026-09-14 13:56:25,705.74,2026-09-14,705.0,1.43,1.44,1.43,5871,2297,0.2415,-0.4318,0.08768,-1.435,0.073
2026-09-14 13:56:25,705.74,2026-09-14,706.0,1.88,1.9,1.88,1890,542,0.2384,-0.5207,0.09005,-1.625,0.0739
2026-09-14 13:56:25,705.74,2026-09-14,707.0,2.43,2.45,2.41,3820,603,0.2359,-0.6106,0.08761,-1.175,0.0712
2026-09-14 13:56:25,705.74,2026-09-14,708.0,3.08,3.11,3.13,864,769,0.2358,-0.6946,0.08009,-0.83,0.0651
2026-09-14 13:56:25,705.74,2026-09-14,709.0,3.86,3.91,3.82,945,918,0.2455,-0.7603,0.06819,-0.62,0.0577
2026-09-14 13:56:25,705.74,2026-09-14,710.0,4.66,4.76,4.72,1812,2769,0.2518,-0.8165,0.05683,-0.445,0.0493
2026-09-14 13:56:25,705.74,2026-09-14,711.0,5.5,5.69,5.69,696,970,0.2617,-0.8581,0.04623,-0.33,0.0417
2026-09-14 13:56:25,705.74,2026-09-14,712.0,6.25,6.61,6.68,647,567,0.2471,-0.9118,0.03487,-0.165,0.0297
2026-09-14 13:56:25,705.74,2026-09-14,713.0,7.3,7.51,7.57,613,122,0.2667,-0.9268,0.02807,-0.14,0.0258
2026-09-14 13:56:25,705.74,2026-09-14,714.0,8.25,8.49,8.67,10765,82,0.2791,-0.9428,0.02215,-0.105,0.0213
2026-09-14 13:56:25,705.74,2026-09-14,715.0,9.29,9.53,9.56,1620,1977,0.3238,-0.9362,0.02079,-0.145,0.0232
2026-09-14 13:56:25,705.74,2026-09-14,716.0,9.98,10.35,10.29,695,106,,,,,
2026-09-14 13:56:25,705.74,2026-09-14,717.0,10.91,11.53,11.41,275,52,,,,,
2026-09-14 13:56:25,705.74,2026-09-14,718.0,12.11,12.43,12.45,82,237,0.296,-0.9863,0.00638,-0.005,0.0065
2026-09-14 13:56:25,705.74,2026-09-14,719.0,13.26,13.38,13.4,101,91,0.3715,-0.9711,0.00955,-0.055,0.0122
2026-09-14 13:56:25,705.74,2026-09-14,720.0,14.21,14.37,14.08,72,963,0.3648,-0.9811,0.0068,-0.025,0.0086
2026-09-14 13:57:26,705.65,2026-09-14,691.0,0.03,0.08,0.08,2367,245,0.3923,-0.0205,0.00679,-0.055,0.0092
2026-09-14 13:57:26,705.65,2026-09-14,692.0,0.03,0.08,0.08,2948,359,0.3693,-0.0216,0.00755,-0.055,0.0096
2026-09-14 13:57:26,705.65,2026-09-14,693.0,0.04,0.09,0.05,1797,222,0.3556,-0.0259,0.00913,-0.065,0.0112
2026-09-14 13:57:26,705.65,2026-09-14,694.0,0.1,0.11,0.11,1899,339,0.361,-0.0389,0.01259,-0.105,0.0156
2026-09-14 13:57:26,705.65,2026-09-14,695.0,0.08,0.09,0.09,3706,4047,0.3226,-0.0357,0.01314,-0.085,0.0146
2026-09-14 13:57:26,705.65,2026-09-14,696.0,0.1,0.11,0.15,3272,534,0.3096,-0.0445,0.01636,-0.105,0.0174
2026-09-14 13:57:26,705.65,2026-09-14,697.0,0.14,0.19,0.18,5760,291,0.312,-0.0651,0.02197,-0.165,0.0235
2026-09-14 13:57:26,705.65,2026-09-14,698.0,0.18,0.19,0.19,4101,394,0.2914,-0.0761,0.0265,-0.185,0.0265
2026-09-14 13:57:26,705.65,2026-09-14,699.0,0.24,0.29,0.29,4968,434,0.2878,-0.1038,0.0338,-0.265,0.0334
2026-09-14 13:57:26,705.65,2026-09-14,700.0,0.32,0.37,0.37,20873,3971,0.2771,-0.133,0.04185,-0.345,0.0398
2026-09-14 13:57:26,705.65,2026-09-14,701.0,0.47,0.48,0.48,11709,312,0.2714,-0.1748,0.05122,-0.475,0.0477
2026-09-14 13:57:26,705.65,2026-09-14,702.0,0.63,0.64,0.64,13809,678,0.2635,-0.2245,0.06133,-0.635,0.0555
2026-09-14 13:57:26,705.65,2026-09-14,703.0,0.8,0.81,0.8,22434,965,0.2494,-0.2802,0.07286,-0.805,0.0624
2026-09-14 13:57:26,705.65,2026-09-14,704.0,1.12,1.13,1.12,13146,656,0.2493,-0.3574,0.08077,-1.125,0.0692
2026-09-14 13:57:26,705.65,2026-09-14,705.0,1.48,1.49,1.47,6469,2297,0.2436,-0.4397,0.08734,-1.485,0.0731
2026-09-14 13:57:26,705.65,2026-09-14,706.0,1.95,1.96,1.88,2250,542,0.2415,-0.528,0.08893,-1.605,0.0738
2026-09-14 13:57:26,705.65,2026-09-14,707.0,2.47,2.48,2.4,3997,603,0.2337,-0.6192,0.08795,-1.125,0.0706
2026-09-14 13:57:26,705.65,2026-09-14,708.0,3.14,3.25,3.14,898,769,0.2424,-0.6965,0.07779,-0.845,0.0648
2026-09-14 13:57:26,705.65,2026-09-14,709.0,3.97,4.05,3.86,975,918,0.2563,-0.7568,0.06593,-0.66,0.058
2026-09-14 13:57:26,705.65,2026-09-14,710.0,4.83,4.88,4.73,1826,2769,0.2673,-0.8072,0.05527,-0.505,0.0507
2026-09-14 13:57:26,705.65,2026-09-14,711.0,5.55,5.85,5.73,726,970,0.2698,-0.8551,0.04558,-0.35,0.0422
2026-09-14 13:57:26,705.65,2026-09-14,712.0,6.23,6.77,6.71,664,567,0.2447,-0.9171,0.03367,-0.15,0.0283
2026-09-14 13:57:26,705.65,2026-09-14,713.0,7.21,7.57,7.6,677,122,0.2206,-0.9625,0.02,-0.04,0.0152
2026-09-14 13:57:26,705.65,2026-09-14,714.0,8.36,8.51,8.51,10785,82,0.2718,-0.9495,0.02063,-0.085,0.0193
2026-09-14 13:57:26,705.65,2026-09-14,715.0,9.15,9.73,9.48,1629,1977,0.3002,-0.9517,0.01802,-0.09,0.0186
2026-09-14 13:57:26,705.65,2026-09-14,716.0,10.09,10.71,10.57,700,106,0.2998,-0.9672,0.01318,-0.05,0.0136
2026-09-14 13:57:26,705.65,2026-09-14,717.0,11.14,11.57,11.48,285,52,0.2773,-0.9855,0.00716,-0.005,0.0068
2026-09-14 13:57:26,705.65,2026-09-14,718.0,12.43,12.5,12.75,82,237,0.39,-0.9541,0.01333,-0.115,0.0179
2026-09-14 13:57:26,705.65,2026-09-14,719.0,13.43,13.77,13.4,101,91,0.4794,-0.9305,0.01502,-0.25,0.0247
2026-09-14 13:57:26,705.65,2026-09-14,720.0,14.42,14.62,14.08,72,963,0.4701,-0.9476,0.01229,-0.17,0.0198
2026-09-14 13:58:26,705.57,2026-09-14,691.0,0.07,0.08,0.07,2367,245,0.4108,-0.0259,0.00792,-0.075,0.0111
2026-09-14 13:58:26,705.57,2026-09-14,692.0,0.03,0.08,0.08,3004,359,0.368,-0.0217,0.00762,-0.055,0.0096
2026-09-14 13:58:26,705.57,2026-09-14,693.0,0.08,0.09,0.09,1821,222,0.3706,-0.0317,0.01037,-0.085,0.0132
2026-09-14 13:58:26,705.57,2026-09-14,694.0,0.06,0.11,0.11,1939,339,0.346,-0.0336,0.01168,-0.085,0.0138
2026-09-14 13:58:26,705.57,2026-09-14,695.0,0.12,0.13,0.13,4018,4047,0.3454,-0.0471,0.01538,-0.125,0.0182
2026-09-14 13:58:26,705.57,2026-09-14,696.0,0.14,0.15,0.11,3299,534,0.3289,-0.0558,0.01849,-0.145,0.0208
2026-09-14 13:58:26,705.57,2026-09-14,697.0,0.13,0.18,0.18,6046,291,0.3059,-0.0629,0.02183,-0.155,0.0229
2026-09-14 13:58:26,705.57,2026-09-14,698.0,0.17,0.22,0.22,4391,394,0.2932,-0.0792,0.02719,-0.195,0.0273
2026-09-14 13:58:26,705.57,2026-09-14,699.0,0.27,0.28,0.28,5173,434,0.2887,-0.1069,0.03448,-0.275,0.0341
2026-09-14 13:58:26,705.57,2026-09-14,700.0,0.36,0.37,0.37,21867,3971,0.2798,-0.1383,0.04264,-0.365,0.0409
2026-09-14 13:58:26,705.57,2026-09-14,701.0,0.48,0.49,0.49,12305,312,0.2709,-0.1782,0.05201,-0.485,0.0483
2026-09-14 13:58:26,705.57,2026-09-14,702.0,0.64,0.65,0.64,15135,678,0.2624,-0.2282,0.06225,-0.645,0.0559
2026-09-14 13:58:26,705.57,2026-09-14,703.0,0.85,0.86,0.86,24643,965,0.2541,-0.2893,0.07273,-0.855,0.0633
2026-09-14 13:58:26,705.57,2026-09-14,704.0,1.08,1.09,1.09,14822,656,0.2397,-0.3586,0.08422,-1.085,0.0691
2026-09-14 13:58:26,705.57,2026-09-14,705.0,1.5,1.51,1.49,7303,2297,0.2419,-0.4462,0.08832,-1.505,0.0732
2026-09-14 13:58:26,705.57,2026-09-14,706.0,1.9,1.96,1.92,2709,542,0.2326,-0.5366,0.09229,-1.5,0.0735
2026-09-14 13:58:26,705.57,2026-09-14,707.0,2.47,2.55,2.55,4076,603,0.2319,-0.6274,0.08816,-1.08,0.07
2026-09-14 13:58:26,705.57,2026-09-14,708.0,3.16,3.2,3.22,1003,769,0.2316,-0.7116,0.07966,-0.75,0.0632
2026-09-14 13:58:26,705.57,2026-09-14,709.0,3.9,3.95,3.84,982,918,0.2304,-0.7866,0.06824,-0.495,0.0538
2026-09-14 13:58:26,705.57,2026-09-14,710.0,4.69,4.92,4.88,1935,2769,0.2438,-0.8342,0.05519,-0.375,0.0461
2026-09-14 13:58:26,705.57,2026-09-14,711.0,5.64,5.74,5.44,737,970,0.2503,-0.877,0.04395,-0.26,0.0377
2026-09-14 13:58:26,705.57,2026-09-14,712.0,6.37,6.58,6.7,739,567,0.2011,-0.9565,0.02478,-0.045,0.0171
2026-09-14 13:58:26,705.57,2026-09-14,713.0,7.55,7.81,7.81,707,122,0.31,-0.8999,0.03062,-0.25,0.0325
2026-09-14 13:58:26,705.57,2026-09-14,714.0,8.109,8.72,8.6,10802,82,0.177,-0.9946,0.00472,0.0155,0.0029
2026-09-14 13:58:26,705.57,2026-09-14,715.0,9.12,9.78,9.55,1686,1977,0.2537,-0.9766,0.01179,-0.02,0.0102
2026-09-14 13:58:26,705.57,2026-09-14,716.0,10.26,10.68,10.53,709,106,0.2944,-0.9708,0.01221,-0.04,0.0123
2026-09-14 13:58:26,705.57,2026-09-14,717.0,11.03,11.76,11.53,286,52,,,,,
2026-09-14 13:58:26,705.57,2026-09-14,718.0,12.08,12.85,12.75,82,237,0.3358,-0.9759,0.00913,-0.035,0.0105
2026-09-14 13:58:26,705.57,2026-09-14,719.0,13.33,13.62,13.4,101,91,0.3677,-0.9742,0.00881,-0.045,0.0111
2026-09-14 13:58:26,705.57,2026-09-14,720.0,14.15,14.62,14.71,74,963,,,,,
2026-09-14 13:59:27,705.79,2026-09-14,691.0,0.02,0.07,0.03,2369,245,0.3848,-0.0175,0.00606,-0.045,0.008
2026-09-14 13:59:27,705.79,2026-09-14,692.0,0.07,0.08,0.07,3048,359,0.3926,-0.027,0.00858,-0.075,0.0115
2026-09-14 13:59:27,705.79,2026-09-14,693.0,0.08,0.09,0.09,1854,222,0.3765,-0.0313,0.01011,-0.085,0.013
2026-09-14 13:59:27,705.79,2026-09-14,694.0,0.1,0.11,0.1,2020,339,0.3655,-0.0386,0.01238,-0.105,0.0155
2026-09-14 13:59:27,705.79,2026-09-14,695.0,0.11,0.12,0.12,4309,4047,0.3459,-0.0438,0.0145,-0.115,0.0171
2026-09-14 13:59:27,705.79,2026-09-14,696.0,0.14,0.15,0.1,3480,534,0.3352,-0.055,0.01794,-0.145,0.0206
2026-09-14 13:59:27,705.79,2026-09-14,697.0,0.17,0.18,0.17,7286,291,0.3209,-0.067,0.02188,-0.175,0.024
2026-09-14 13:59:27,705.79,2026-09-14,698.0,0.21,0.22,0.21,4468,394,0.3072,-0.0827,0.02685,-0.215,0.0282
2026-09-14 13:59:27,705.79,2026-09-14,699.0,0.22,0.23,0.27,5437,434,0.2804,-0.0928,0.03204,-0.225,0.0307
2026-09-14 13:59:27,705.79,2026-09-14,700.0,0.3,0.35,0.35,22802,3971,0.2774,-0.1268,0.04055,-0.325,0.0384
2026-09-14 13:59:27,705.79,2026-09-14,701.0,0.41,0.46,0.46,12687,312,0.2687,-0.1647,0.04992,-0.435,0.0458
2026-09-14 13:59:27,705.79,2026-09-14,702.0,0.59,0.6,0.6,15989,678,0.2626,-0.2146,0.06013,-0.595,0.0539
2026-09-14 13:59:27,705.79,2026-09-14,703.0,0.73,0.78,0.78,26716,965,0.2482,-0.2686,0.07188,-0.755,0.061
2026-09-14 13:59:27,705.79,2026-09-14,704.0,0.98,1,1.07,16043,656,0.2374,-0.3386,0.08337,-0.99,0.0676
2026-09-14 13:59:27,705.79,2026-09-14,705.0,1.35,1.36,1.39,8191,2297,0.2348,-0.4246,0.09029,-1.355,0.0724
2026-09-14 13:59:27,705.79,2026-09-14,706.0,1.77,1.83,1.78,3266,542,0.231,-0.5165,0.09335,-1.59,0.0737
2026-09-14 13:59:27,705.79,2026-09-14,707.0,2.37,2.39,2.37,4276,603,0.2331,-0.6075,0.08921,-1.17,0.0711
2026-09-14 13:59:27,705.79,2026-09-14,708.0,3.02,3.1,2.93,1066,769,0.2372,-0.6898,0.08047,-0.85,0.0652
2026-09-14 13:59:27,705.79,2026-09-14,709.0,3.75,3.82,3.71,1000,918,0.2363,-0.7659,0.07021,-0.575,0.0567
2026-09-14 13:59:27,705.79,2026-09-14,710.0,4.52,4.58,4.63,1954,2769,0.2286,-0.8378,0.0581,-0.34,0.0454
2026-09-14 13:59:27,705.79,2026-09-14,711.0,5.2,5.59,5.43,746,970,0.2226,-0.895,0.04419,-0.185,0.0336
2026-09-14 13:59:27,705.79,2026-09-14,712.0,6.05,6.43,6.41,801,567,0.1865,-0.9629,0.02352,-0.03,0.015
2026-09-14 13:59:27,705.79,2026-09-14,713.0,7.15,7.46,7.47,715,122,0.2473,-0.9408,0.02579,-0.095,0.0218
2026-09-14 13:59:27,705.79,2026-09-14,714.0,8.08,8.29,8.27,10811,82,,,,,
2026-09-14 13:59:27,705.79,2026-09-14,715.0,9.34,9.4,9.28,1717,1977,0.3299,-0.9322,0.02147,-0.16,0.0242
2026-09-14 13:59:27,705.79,2026-09-14,716.0,10.23,10.31,10.11,710,106,0.3042,-0.9637,0.01417,-0.06,0.0147
2026-09-14 13:59:27,705.79,2026-09-14,717.0,11.29,11.47,11.5,291,52,0.3886,-0.9383,0.01696,-0.17,0.0225
2026-09-14 13:59:27,705.79,2026-09-14,718.0,12.13,12.53,12.75,82,237,0.3902,-0.9526,0.01371,-0.12,0.0183
2026-09-14 13:59:27,705.79,2026-09-14,719.0,13.2,13.34,13.21,105,91,0.3756,-0.9697,0.00987,-0.06,0.0127
2026-09-14 13:59:27,705.79,2026-09-14,720.0,14.17,14.37,14.71,74,963,0.3989,-0.9713,0.0089,-0.06,0.0121
2026-09-14 14:00:28,705.92,2026-09-14,691.0,0.02,0.03,0.07,2378,245,0.3579,-0.011,0.00439,-0.025,0.0054
2026-09-14 14:00:28,705.92,2026-09-14,692.0,0.03,0.08,0.07,3048,359,0.377,-0.0213,0.00733,-0.055,0.0094
2026-09-14 14:00:28,705.92,2026-09-14,693.0,0.04,0.09,0.09,1877,222,0.3634,-0.0255,0.00886,-0.065,0.011
2026-09-14 14:00:28,705.92,2026-09-14,694.0,0.05,0.06,0.1,2095,339,0.3304,-0.0239,0.00924,-0.055,0.0104
2026-09-14 14:00:28,705.92,2026-09-14,695.0,0.07,0.12,0.12,4344,4047,0.3373,-0.038,0.01326,-0.095,0.0152
2026-09-14 14:00:28,705.92,2026-09-14,696.0,0.13,0.14,0.14,3626,534,0.3342,-0.0519,0.01721,-0.135,0.0196
2026-09-14 14:00:28,705.92,2026-09-14,697.0,0.12,0.13,0.13,7460,291,0.3022,-0.053,0.01935,-0.125,0.0199
2026-09-14 14:00:28,705.92,2026-09-14,698.0,0.15,0.2,0.21,4561,394,0.2964,-0.0717,0.025,-0.175,0.0253
2026-09-14 14:00:28,705.92,2026-09-14,699.0,0.24,0.25,0.26,5979,434,0.2912,-0.0966,0.03183,-0.245,0.0316
2026-09-14 14:00:28,705.92,2026-09-14,700.0,0.27,0.28,0.32,23575,3971,0.2685,-0.1137,0.03885,-0.275,0.0356
2026-09-14 14:00:28,705.92,2026-09-14,701.0,0.37,0.38,0.38,13169,312,0.2602,-0.1502,0.04858,-0.375,0.0431
2026-09-14 14:00:28,705.92,2026-09-14,702.0,0.53,0.54,0.54,17002,678,0.2567,-0.2012,0.05929,-0.535,0.0519
2026-09-14 14:00:28,705.92,2026-09-14,703.0,0.71,0.72,0.72,28316,965,0.2476,-0.2585,0.07075,-0.715,0.0597
2026-09-14 14:00:28,705.92,2026-09-14,704.0,0.91,0.96,0.96,17762,656,0.2359,-0.3266,0.08279,-0.935,0.0666
2026-09-14 14:00:28,705.92,2026-09-14,705.0,1.27,1.28,1.24,10268,2297,0.2315,-0.4117,0.09103,-1.275,0.0718
2026-09-14 14:00:28,705.92,2026-09-14,706.0,1.69,1.71,1.73,3920,542,0.2268,-0.5045,0.09529,-1.62,0.0737
2026-09-14 14:00:28,705.92,2026-09-14,707.0,2.15,2.18,2.21,4762,603,0.2142,-0.6044,0.09738,-1.085,0.0711
2026-09-14 14:00:28,705.92,2026-09-14,708.0,2.84,2.86,2.88,1177,769,0.2191,-0.6934,0.0868,-0.77,0.0648
2026-09-14 14:00:28,705.92,2026-09-14,709.0,3.55,3.62,3.61,1067,918,0.2188,-0.7742,0.07439,-0.505,0.0555
2026-09-14 14:00:28,705.92,2026-09-14,710.0,4.27,4.57,4.54,2003,2769,0.2242,-0.8352,0.05992,-0.34,0.0458
2026-09-14 14:00:28,705.92,2026-09-14,711.0,5.23,5.46,5.54,869,970,0.2407,-0.871,0.04735,-0.265,0.0389
2026-09-14 14:00:28,705.92,2026-09-14,712.0,6.08,6.38,6.35,836,567,0.2377,-0.9149,0.03549,-0.15,0.0288
2026-09-14 14:00:28,705.92,2026-09-14,713.0,6.99,7.43,7.53,775,122,0.2589,-0.9287,0.0285,-0.13,0.0252
2026-09-14 14:00:28,705.92,2026-09-14,714.0,8.039,8.25,8.33,10825,82,0.2546,-0.9556,0.01996,-0.0645,0.0173
2026-09-14 14:00:28,705.92,2026-09-14,715.0,9.08,9.48,9.41,1838,1977,0.3423,-0.9222,0.02304,-0.2,0.0269
2026-09-14 14:00:28,705.92,2026-09-14,716.0,10.01,10.42,10.16,767,106,0.3428,-0.9422,0.01828,-0.135,0.0214
2026-09-14 14:00:28,705.92,2026-09-14,717.0,10.6,11.54,11.33,298,52,0.244,-0.9925,0.0046,0.01,0.0038
2026-09-14 14:00:28,705.92,2026-09-14,718.0,11.8,12.58,12.41,104,237,0.3818,-0.9546,0.01354,-0.11,0.0176
2026-09-14 14:00:28,705.92,2026-09-14,719.0,12.86,13.47,13.5,125,91,0.3911,-0.963,0.01119,-0.085,0.0149
2026-09-14 14:00:28,705.92,2026-09-14,720.0,14.23,14.64,14.39,80,963,0.5414,-0.9171,0.01528,-0.355,0.0282
2026-09-14 14:01:31,706.41,2026-09-14,692.0,0.07,0.08,0.06,3071,359,0.4082,-0.0261,0.00805,-0.075,0.0112
2026-09-14 14:01:31,706.41,2026-09-14,693.0,0.08,0.09,0.09,1922,222,0.3924,-0.0302,0.00945,-0.085,0.0126
2026-09-14 14:01:31,706.41,2026-09-14,694.0,0.09,0.1,0.1,2200,339,0.3752,-0.0346,0.01106,-0.095,0.0141
2026-09-14 14:01:31,706.41,2026-09-14,695.0,0.06,0.11,0.11,4475,4047,0.343,-0.034,0.01191,-0.085,0.0139
2026-09-14 14:01:31,706.41,2026-09-14,696.0,0.07,0.08,0.09,3729,534,0.311,-0.0332,0.01289,-0.075,0.0136
2026-09-14 14:01:31,706.41,2026-09-14,697.0,0.09,0.1,0.16,7673,291,0.2989,-0.0422,0.01632,-0.095,0.0166
2026-09-14 14:01:31,706.41,2026-09-14,698.0,0.17,0.18,0.18,5233,394,0.3108,-0.069,0.02316,-0.175,0.0245
2026-09-14 14:01:31,706.41,2026-09-14,699.0,0.2,0.21,0.18,6339,434,0.293,-0.0829,0.02825,-0.205,0.0282
2026-09-14 14:01:31,706.41,2026-09-14,700.0,0.22,0.23,0.23,24665,3971,0.2693,-0.0961,0.03432,-0.225,0.0315
2026-09-14 14:01:31,706.41,2026-09-14,701.0,0.34,0.35,0.35,13921,312,0.2702,-0.1363,0.04384,-0.345,0.0403
2026-09-14 14:01:31,706.41,2026-09-14,702.0,0.45,0.46,0.46,18310,678,0.2595,-0.1758,0.05399,-0.455,0.0477
2026-09-14 14:01:31,706.41,2026-09-14,703.0,0.57,0.62,0.62,30304,965,0.2477,-0.2248,0.06562,-0.595,0.0553
2026-09-14 14:01:31,706.41,2026-09-14,704.0,0.82,0.83,0.83,19624,656,0.2427,-0.2922,0.07673,-0.825,0.0634
2026-09-14 14:01:31,706.41,2026-09-14,705.0,1.11,1.12,1.12,12214,2297,0.2363,-0.3701,0.08662,-1.115,0.0697
2026-09-14 14:01:31,706.41,2026-09-14,706.0,1.45,1.47,1.47,4385,542,0.2265,-0.4578,0.09494,-1.46,0.0732
2026-09-14 14:01:31,706.41,2026-09-14,707.0,1.95,1.96,2.02,5098,603,0.2248,-0.5534,0.09535,-1.365,0.0729
2026-09-14 14:01:31,706.41,2026-09-14,708.0,2.55,2.59,2.58,1308,769,0.2266,-0.6451,0.08906,-0.98,0.0687
2026-09-14 14:01:31,706.41,2026-09-14,709.0,3.13,3.19,3.35,1132,918,0.2099,-0.7452,0.08288,-0.57,0.0592
2026-09-14 14:01:31,706.41,2026-09-14,710.0,3.98,4,4.18,2052,2769,0.219,-0.8102,0.06714,-0.4,0.05
2026-09-14 14:01:31,706.41,2026-09-14,711.0,4.84,4.98,5.13,903,970,0.2378,-0.8497,0.05322,-0.32,0.0431
2026-09-14 14:01:31,706.41,2026-09-14,712.0,5.77,5.96,5.96,844,567,0.2602,-0.8754,0.04279,-0.275,0.0379
2026-09-14 14:01:31,706.41,2026-09-14,713.0,6.6,7.13,6.99,818,122,0.2922,-0.8867,0.03563,-0.275,0.0354
2026-09-14 14:01:31,706.41,2026-09-14,714.0,7.51,7.88,8.13,10838,82,0.2626,-0.9395,0.02474,-0.105,0.0221
2026-09-14 14:01:31,706.41,2026-09-14,715.0,8.69,8.88,9.19,1856,1977,0.3267,-0.9206,0.02453,-0.195,0.0273
2026-09-14 14:01:31,706.41,2026-09-14,716.0,9.64,10.14,10.05,772,106,0.3918,-0.9049,0.02341,-0.3,0.0312
2026-09-14 14:01:31,706.41,2026-09-14,717.0,10.74,11.06,11.33,301,52,0.4248,-0.9087,0.02094,-0.31,0.0303
2026-09-14 14:01:31,706.41,2026-09-14,718.0,11.74,12.18,12.03,110,237,0.474,-0.9042,0.01944,-0.37,0.0314
2026-09-14 14:01:31,706.41,2026-09-14,719.0,12.67,12.88,13.46,126,91,0.4331,-0.9399,0.01494,-0.185,0.022
2026-09-14 14:01:31,706.41,2026-09-14,720.0,13.59,14,14.1,83,963,0.4689,-0.9392,0.01392,-0.205,0.0222
2026-09-14 14:01:31,706.41,2026-09-14,721.0,14.78,15.17,14.87,131,59,0.567,-0.9148,0.0149,-0.385,0.0287
2026-09-14 14:02:32,706.31,2026-09-14,692.0,0.07,0.08,0.07,3456,359,0.4064,-0.0262,0.00813,-0.075,0.0112
2026-09-14 14:02:32,706.31,2026-09-14,693.0,0.04,0.05,0.08,2523,222,0.3527,-0.0189,0.00712,-0.045,0.0085
2026-09-14 14:02:32,706.31,2026-09-14,694.0,0.04,0.05,0.05,2237,339,0.3298,-0.0201,0.008,-0.045,0.009
2026-09-14 14:02:32,706.31,2026-09-14,695.0,0.05,0.06,0.06,5022,4047,0.3168,-0.0249,0.00998,-0.055,0.0107
2026-09-14 14:02:32,706.31,2026-09-14,696.0,0.11,0.12,0.08,3764,534,0.3346,-0.0452,0.01544,-0.115,0.0175
2026-09-14 14:02:32,706.31,2026-09-14,697.0,0.09,0.1,0.1,7776,291,0.2968,-0.0425,0.01657,-0.095,0.0167
2026-09-14 14:02:32,706.31,2026-09-14,698.0,0.12,0.17,0.17,5469,394,0.2956,-0.0614,0.02228,-0.145,0.0223
2026-09-14 14:02:32,706.31,2026-09-14,699.0,0.2,0.21,0.21,6452,434,0.2904,-0.0836,0.02873,-0.205,0.0283
2026-09-14 14:02:32,706.31,2026-09-14,700.0,0.22,0.23,0.23,25939,3971,0.2666,-0.0971,0.03497,-0.225,0.0316
2026-09-14 14:02:32,706.31,2026-09-14,701.0,0.3,0.31,0.31,14245,312,0.2571,-0.1285,0.04433,-0.305,0.0387
2026-09-14 14:02:32,706.31,2026-09-14,702.0,0.41,0.46,0.47,19697,678,0.252,-0.1738,0.0553,-0.435,0.0473
2026-09-14 14:02:32,706.31,2026-09-14,703.0,0.61,0.62,0.62,32186,965,0.2475,-0.231,0.06677,-0.615,0.0561
2026-09-14 14:02:32,706.31,2026-09-14,704.0,0.82,0.83,0.83,22838,656,0.2384,-0.2964,0.07875,-0.825,0.0637
2026-09-14 14:02:32,706.31,2026-09-14,705.0,1.11,1.12,1.12,14852,2297,0.2313,-0.3761,0.08909,-1.115,0.0699
2026-09-14 14:02:32,706.31,2026-09-14,706.0,1.44,1.45,1.45,5430,542,0.2185,-0.4661,0.09879,-1.445,0.0732
2026-09-14 14:02:32,706.31,2026-09-14,707.0,1.9,1.91,1.91,5501,603,0.2105,-0.5674,0.10143,-1.215,0.0724
2026-09-14 14:02:32,706.31,2026-09-14,708.0,2.46,2.56,2.56,1559,769,0.2084,-0.667,0.0947,-0.82,0.0669
2026-09-14 14:02:32,706.31,2026-09-14,709.0,3.17,3.28,3.29,1191,918,0.2085,-0.7552,0.08181,-0.535,0.0579
2026-09-14 14:02:32,706.31,2026-09-14,710.0,3.95,4.059,4.1,2120,2769,0.2052,-0.8329,0.06622,-0.3145,0.0461
2026-09-14 14:02:32,706.31,2026-09-14,711.0,4.92,5.04,5.05,910,970,0.2345,-0.8587,0.05186,-0.29,0.0413
2026-09-14 14:02:32,706.31,2026-09-14,712.0,5.47,5.96,5.97,869,567,0.1709,-0.9634,0.02546,-0.025,0.0148
2026-09-14 14:02:32,706.31,2026-09-14,713.0,6.43,6.84,6.72,822,122,,,,,
2026-09-14 14:02:32,706.31,2026-09-14,714.0,7.57,7.76,7.66,10841,82,,,,,
2026-09-14 14:02:32,706.31,2026-09-14,715.0,8.52,8.87,8.92,1885,1977,0.2218,-0.9824,0.01062,-0.005,0.008
2026-09-14 14:02:32,706.31,2026-09-14,716.0,9.38,9.79,9.73,773,106,,,,,
2026-09-14 14:02:32,706.31,2026-09-14,717.0,10.57,10.94,10.66,311,52,0.3203,-0.9633,0.01361,-0.065,0.0148
2026-09-14 14:02:32,706.31,2026-09-14,718.0,11.26,11.68,11.79,120,237,,,,,
2026-09-14 14:02:32,706.31,2026-09-14,719.0,12.26,12.74,13.46,134,91,,,,,
2026-09-14 14:02:32,706.31,2026-09-14,720.0,13.38,14.01,14.1,83,963,0.3272,-0.9875,0.00536,-0.005,0.006
2026-09-14 14:02:32,706.31,2026-09-14,721.0,14.63,14.95,14.79,132,59,0.4411,-0.9626,0.01005,-0.1,0.015
2026-09-14 14:03:32,706.09,2026-09-14,692.0,0.03,0.04,0.07,3459,359,0.3577,-0.015,0.00575,-0.035,0.0069
2026-09-14 14:03:32,706.09,2026-09-14,693.0,0.08,0.09,0.07,2782,222,0.3857,-0.0307,0.00979,-0.085,0.0128
2026-09-14 14:03:32,706.09,2026-09-14,694.0,0.05,0.1,0.09,2248,339,0.3532,-0.0298,0.0104,-0.075,0.0124
2026-09-14 14:03:32,706.09,2026-09-14,695.0,0.1,0.11,0.11,5213,4047,0.3493,-0.0403,0.0135,-0.105,0.0159
2026-09-14 14:03:32,706.09,2026-09-14,696.0,0.11,0.12,0.12,4220,534,0.3292,-0.0459,0.01592,-0.115,0.0177
2026-09-14 14:03:32,706.09,2026-09-14,697.0,0.14,0.15,0.15,7909,291,0.3176,-0.0578,0.01981,-0.145,0.0213
2026-09-14 14:03:32,706.09,2026-09-14,698.0,0.17,0.18,0.18,5596,394,0.3024,-0.0708,0.02435,-0.175,0.0249
2026-09-14 14:03:32,706.09,2026-09-14,699.0,0.21,0.22,0.18,6541,434,0.2876,-0.0878,0.03016,-0.215,0.0293
2026-09-14 14:03:32,706.09,2026-09-14,700.0,0.24,0.25,0.25,29119,3971,0.2662,-0.1045,0.03702,-0.245,0.0333
2026-09-14 14:03:32,706.09,2026-09-14,701.0,0.32,0.37,0.37,14601,312,0.2599,-0.141,0.04681,-0.345,0.0411
2026-09-14 14:03:32,706.09,2026-09-14,702.0,0.44,0.49,0.49,21129,678,0.2502,-0.1845,0.05793,-0.465,0.049
2026-09-14 14:03:32,706.09,2026-09-14,703.0,0.64,0.65,0.65,33795,965,0.2437,-0.2427,0.06979,-0.645,0.0575
2026-09-14 14:03:32,706.09,2026-09-14,704.0,0.83,0.88,0.88,24511,656,0.2328,-0.31,0.08243,-0.855,0.0649
2026-09-14 14:03:32,706.09,2026-09-14,705.0,1.17,1.18,1.18,17467,2297,0.2278,-0.3947,0.0919,-1.175,0.0708
2026-09-14 14:03:32,706.09,2026-09-14,706.0,1.51,1.57,1.57,6732,542,0.2171,-0.4883,0.09991,-1.54,0.0733
2026-09-14 14:03:32,706.09,2026-09-14,707.0,2.06,2.08,2.1,6301,603,0.2156,-0.5881,0.09816,-1.155,0.0716
2026-09-14 14:03:32,706.09,2026-09-14,708.0,2.59,2.64,2.67,2042,769,0.2013,-0.6944,0.0947,-0.7,0.0645
2026-09-14 14:03:32,706.09,2026-09-14,709.0,3.38,3.41,3.36,1257,918,0.2084,-0.7736,0.07852,-0.48,0.0553
2026-09-14 14:03:32,706.09,2026-09-14,710.0,4.059,4.26,4.27,2175,2769,0.1975,-0.857,0.06218,-0.2445,0.0415
2026-09-14 14:03:32,706.09,2026-09-14,711.0,4.96,5.18,5.12,1015,970,0.2054,-0.9013,0.04604,-0.155,0.032
2026-09-14 14:03:32,706.09,2026-09-14,712.0,6.02,6.28,6.29,921,567,0.2604,-0.8892,0.03947,-0.235,0.0347
2026-09-14 14:03:32,706.09,2026-09-14,713.0,6.74,6.99,7.33,843,122,,,,,
2026-09-14 14:03:32,706.09,2026-09-14,714.0,7.99,8.039,8.32,10846,82,0.2696,-0.943,0.02309,-0.0995,0.021
2026-09-14 14:03:32,706.09,2026-09-14,715.0,8.67,9.09,9.33,1914,1977,,,,,
2026-09-14 14:03:32,706.09,2026-09-14,716.0,9.68,10.09,10.12,789,106,,,,,
2026-09-14 14:03:32,706.09,2026-09-14,717.0,10.82,11.23,11.13,315,52,0.3535,-0.9514,0.01551,-0.11,0.0185
2026-09-14 14:03:32,706.09,2026-09-14,718.0,11.65,12.15,11.79,120,237,0.2436,-0.9957,0.0028,0.015,0.0023
2026-09-14 14:03:32,706.09,2026-09-14,719.0,12.72,13.24,12.95,134,91,0.3744,-0.9679,0.01044,-0.065,0.0132
2026-09-14 14:03:32,706.09,2026-09-14,720.0,13.73,14.45,14.1,83,963,0.4648,-0.9456,0.0129,-0.175,0.0203
2026-09-14 14:03:32,706.09,2026-09-14,721.0,14.74,15.32,15.18,132,59,0.457,-0.9598,0.0103,-0.115,0.0159
2026-09-14 14:04:32,706.23,2026-09-14,692.0,0.03,0.04,0.06,3460,359,0.3613,-0.0148,0.00566,-0.035,0.0069
2026-09-14 14:04:32,706.23,2026-09-14,693.0,0.08,0.09,0.08,2975,222,0.3898,-0.0305,0.00963,-0.085,0.0127
2026-09-14 14:04:32,706.23,2026-09-14,694.0,0.09,0.1,0.09,2271,339,0.3723,-0.035,0.0113,-0.095,0.0142
2026-09-14 14:04:32,706.23,2026-09-14,695.0,0.06,0.11,0.1,5447,4047,0.3401,-0.0344,0.01219,-0.085,0.014
2026-09-14 14:04:32,706.23,2026-09-14,696.0,0.11,0.12,0.11,4285,534,0.3334,-0.0455,0.01561,-0.115,0.0176
2026-09-14 14:04:32,706.23,2026-09-14,697.0,0.14,0.15,0.15,8554,291,0.322,-0.0572,0.0194,-0.145,0.0211
2026-09-14 14:04:32,706.23,2026-09-14,698.0,0.17,0.18,0.18,5721,394,0.307,-0.07,0.02381,-0.175,0.0246
2026-09-14 14:04:32,706.23,2026-09-14,699.0,0.21,0.22,0.22,7333,434,0.2923,-0.0867,0.02942,-0.215,0.029
2026-09-14 14:04:32,706.23,2026-09-14,700.0,0.27,0.28,0.28,29773,3971,0.28,-0.1103,0.03665,-0.275,0.0346
2026-09-14 14:04:32,706.23,2026-09-14,701.0,0.31,0.32,0.32,14958,312,0.2577,-0.132,0.04518,-0.315,0.0393
2026-09-14 14:04:32,706.23,2026-09-14,702.0,0.47,0.48,0.48,22132,678,0.2581,-0.1833,0.056,-0.475,0.0487
2026-09-14 14:04:32,706.23,2026-09-14,703.0,0.58,0.59,0.59,35543,965,0.2395,-0.2285,0.06878,-0.585,0.0556
2026-09-14 14:04:32,706.23,2026-09-14,704.0,0.8,0.81,0.85,26645,656,0.2322,-0.2975,0.08123,-0.805,0.0636
2026-09-14 14:04:32,706.23,2026-09-14,705.0,1.09,1.14,1.14,21628,2297,0.2276,-0.3812,0.09117,-1.115,0.07
2026-09-14 14:04:32,706.23,2026-09-14,706.0,1.52,1.54,1.54,8823,542,0.2255,-0.4747,0.09612,-1.53,0.0731
2026-09-14 14:04:32,706.23,2026-09-14,707.0,2.009,2.02,1.99,8075,603,0.2199,-0.5724,0.09714,-1.2445,0.0721
2026-09-14 14:04:32,706.23,2026-09-14,708.0,2.61,2.62,2.61,2693,769,0.2167,-0.6687,0.09115,-0.845,0.0666
2026-09-14 14:04:32,706.23,2026-09-14,709.0,3.26,3.3,3.25,1620,918,0.2081,-0.7628,0.08082,-0.51,0.0567
2026-09-14 14:04:32,706.23,2026-09-14,710.0,4.14,4.17,3.99,2249,2769,0.2236,-0.818,0.06435,-0.385,0.0485
2026-09-14 14:04:32,706.23,2026-09-14,711.0,4.98,5.12,5.03,1018,970,0.2354,-0.8625,0.05084,-0.28,0.0404
2026-09-14 14:04:32,706.23,2026-09-14,712.0,5.82,6.12,5.82,960,567,0.2458,-0.8971,0.0397,-0.2,0.0329
2026-09-14 14:04:32,706.23,2026-09-14,713.0,6.71,7.14,6.71,883,122,0.2609,-0.919,0.03131,-0.155,0.0276
2026-09-14 14:04:32,706.23,2026-09-14,714.0,7.77,8.22,7.87,10848,82,0.3145,-0.9083,0.02851,-0.225,0.0303
2026-09-14 14:04:32,706.23,2026-09-14,715.0,8.73,9.23,8.74,1926,1977,0.3388,-0.9182,0.0243,-0.21,0.0278
2026-09-14 14:04:32,706.23,2026-09-14,716.0,9.63,10.14,9.71,792,106,0.3266,-0.9463,0.0182,-0.115,0.0201
2026-09-14 14:04:32,706.23,2026-09-14,717.0,10.64,11,10.76,317,52,0.3123,-0.9683,0.01243,-0.05,0.0131
2026-09-14 14:04:32,706.23,2026-09-14,718.0,11.84,12.27,11.96,125,237,0.4525,-0.9187,0.01811,-0.285,0.0276
2026-09-14 14:04:32,706.23,2026-09-14,719.0,12.57,12.9,12.95,134,91,,,,,
2026-09-14 14:04:32,706.23,2026-09-14,720.0,13.68,14.03,13.81,89,963,0.4098,-0.9644,0.01041,-0.085,0.0144
2026-09-14 14:04:32,706.23,2026-09-14,721.0,14.6,15.29,15.18,132,59,0.4877,-0.9478,0.01192,-0.175,0.0196
2026-09-14 14:05:33,706.4,2026-09-14,692.0,0.07,0.08,0.06,3460,359,0.4103,-0.0261,0.00806,-0.075,0.0111
2026-09-14 14:05:33,706.4,2026-09-14,693.0,0.04,0.05,0.08,3079,222,0.3562,-0.0188,0.00704,-0.045,0.0084
2026-09-14 14:05:33,706.4,2026-09-14,694.0,0.08,0.09,0.08,2277,339,0.3697,-0.032,0.01058,-0.085,0.0132
2026-09-14 14:05:33,706.4,2026-09-14,695.0,0.1,0.11,0.1,5591,4047,0.3583,-0.0395,0.01298,-0.105,0.0157
2026-09-14 14:05:33,706.4,2026-09-14,696.0,0.11,0.12,0.11,4361,534,0.3383,-0.045,0.01526,-0.115,0.0174
2026-09-14 14:05:33,706.4,2026-09-14,697.0,0.09,0.14,0.14,8577,291,0.3118,-0.0482,0.01752,-0.115,0.0184
2026-09-14 14:05:33,706.4,2026-09-14,698.0,0.16,0.17,0.17,5811,394,0.3081,-0.0664,0.02282,-0.165,0.0237
2026-09-14 14:05:33,706.4,2026-09-14,699.0,0.2,0.21,0.21,7574,434,0.2943,-0.0829,0.0283,-0.205,0.028
2026-09-14 14:05:33,706.4,2026-09-14,700.0,0.26,0.27,0.27,30756,3971,0.2828,-0.1062,0.03534,-0.265,0.0336
2026-09-14 14:05:33,706.4,2026-09-14,701.0,0.33,0.34,0.34,15701,312,0.2689,-0.1342,0.04384,-0.335,0.0397
2026-09-14 14:05:33,706.4,2026-09-14,702.0,0.45,0.46,0.41,23192,678,0.2606,-0.176,0.0541,-0.455,0.0475
2026-09-14 14:05:33,706.4,2026-09-14,703.0,0.55,0.6,0.61,36905,965,0.245,-0.2218,0.06619,-0.575,0.0546
2026-09-14 14:05:33,706.4,2026-09-14,704.0,0.77,0.78,0.81,28355,656,0.2356,-0.2864,0.07873,-0.775,0.0624
2026-09-14 14:05:33,706.4,2026-09-14,705.0,1.08,1.09,1.09,23635,2297,0.2328,-0.3684,0.0883,-1.085,0.0692
2026-09-14 14:05:33,706.4,2026-09-14,706.0,1.45,1.46,1.46,10941,542,0.2265,-0.4585,0.09552,-1.455,0.0728
2026-09-14 14:05:33,706.4,2026-09-14,707.0,1.88,1.94,1.93,9320,603,0.219,-0.5562,0.0983,-1.31,0.0725
2026-09-14 14:05:33,706.4,2026-09-14,708.0,2.51,2.53,2.51,2956,769,0.2195,-0.6513,0.09185,-0.92,0.0679
2026-09-14 14:05:33,706.4,2026-09-14,709.0,3.19,3.23,3.2,2027,918,0.2183,-0.739,0.08117,-0.61,0.0596
2026-09-14 14:05:33,706.4,2026-09-14,710.0,3.87,3.98,3.99,2418,2769,0.205,-0.8281,0.06777,-0.325,0.0468
2026-09-14 14:05:33,706.4,2026-09-14,711.0,4.76,4.92,4.92,1136,970,0.2199,-0.8705,0.0523,-0.24,0.0387
2026-09-14 14:05:33,706.4,2026-09-14,712.0,5.71,6.05,5.82,969,567,0.2633,-0.8744,0.04277,-0.28,0.0379
2026-09-14 14:05:33,706.4,2026-09-14,713.0,6.62,6.77,6.64,926,122,0.2325,-0.9373,0.0289,-0.095,0.0226
2026-09-14 14:05:33,706.4,2026-09-14,714.0,7.59,8.039,7.61,10854,82,0.3063,-0.9095,0.02902,-0.2145,0.0299
2026-09-14 14:05:33,706.4,2026-09-14,715.0,8.7,8.82,8.85,1958,1977,0.3153,-0.9293,0.0234,-0.16,0.0248
2026-09-14 14:05:33,706.4,2026-09-14,716.0,9.69,9.76,9.71,795,106,0.3274,-0.943,0.01906,-0.125,0.021
2026-09-14 14:05:33,706.4,2026-09-14,717.0,10.67,10.74,10.54,320,52,0.3434,-0.9518,0.0159,-0.105,0.0184
2026-09-14 14:05:33,706.4,2026-09-14,718.0,11.58,12.06,11.71,126,237,0.4234,-0.9297,0.01735,-0.22,0.0247
2026-09-14 14:05:33,706.4,2026-09-14,719.0,12.65,12.95,12.95,134,91,0.4425,-0.937,0.01524,-0.2,0.0227
2026-09-14 14:05:33,706.4,2026-09-14,720.0,13.48,14.18,13.66,94,963,0.4827,-0.9348,0.01435,-0.23,0.0233
2026-09-14 14:05:33,706.4,2026-09-14,721.0,14.58,14.59,15.18,132,59,0.2923,-0.9964,0.00201,0.015,0.002
2026-09-14 14:06:35,706.83,2026-09-14,692.0,0.06,0.07,0.07,3542,359,0.4114,-0.023,0.00722,-0.065,0.01
2026-09-14 14:06:35,706.83,2026-09-14,693.0,0.08,0.09,0.06,3337,222,0.4053,-0.0295,0.00903,-0.085,0.0123
2026-09-14 14:06:35,706.83,2026-09-14,694.0,0.08,0.09,0.05,2339,339,0.3807,-0.0312,0.01007,-0.085,0.0129
2026-09-14 14:06:35,706.83,2026-09-14,695.0,0.06,0.11,0.1,5883,4047,0.3558,-0.0331,0.01131,-0.085,0.0135
2026-09-14 14:06:35,706.83,2026-09-14,696.0,0.07,0.08,0.12,4556,534,0.3234,-0.0322,0.01218,-0.075,0.0132
2026-09-14 14:06:35,706.83,2026-09-14,697.0,0.13,0.14,0.1,8727,291,0.3342,-0.0522,0.01743,-0.135,0.0196
2026-09-14 14:06:35,706.83,2026-09-14,698.0,0.16,0.17,0.17,5937,394,0.3205,-0.0643,0.02139,-0.165,0.023
2026-09-14 14:06:35,706.83,2026-09-14,699.0,0.15,0.2,0.21,7775,434,0.296,-0.0723,0.02537,-0.175,0.0252
2026-09-14 14:06:35,706.83,2026-09-14,700.0,0.2,0.25,0.25,32431,3971,0.2841,-0.0924,0.03182,-0.225,0.0304
2026-09-14 14:06:35,706.83,2026-09-14,701.0,0.31,0.32,0.32,15973,312,0.2785,-0.1241,0.04013,-0.315,0.0375
2026-09-14 14:06:35,706.83,2026-09-14,702.0,0.39,0.4,0.4,24748,678,0.2635,-0.1559,0.04954,-0.395,0.0438
2026-09-14 14:06:35,706.83,2026-09-14,703.0,0.48,0.53,0.49,41138,965,0.2492,-0.198,0.06094,-0.505,0.051
2026-09-14 14:06:35,706.83,2026-09-14,704.0,0.7,0.71,0.72,33766,656,0.2437,-0.2603,0.07265,-0.705,0.0595
2026-09-14 14:06:35,706.83,2026-09-14,705.0,0.94,0.95,0.95,29509,2297,0.2347,-0.3322,0.08443,-0.945,0.0666
2026-09-14 14:06:35,706.83,2026-09-14,706.0,1.23,1.24,1.24,15211,542,0.2224,-0.4162,0.09572,-1.235,0.0715
2026-09-14 14:06:35,706.83,2026-09-14,707.0,1.68,1.69,1.69,11203,603,0.22,-0.5137,0.09886,-1.515,0.0731
2026-09-14 14:06:35,706.83,2026-09-14,708.0,2.17,2.19,2.19,3508,769,0.2101,-0.6162,0.09918,-1.01,0.07
2026-09-14 14:06:35,706.83,2026-09-14,709.0,2.87,2.91,2.93,2159,918,0.217,-0.7043,0.08684,-0.72,0.0633
2026-09-14 14:06:35,706.83,2026-09-14,710.0,3.62,3.67,3.66,2562,2769,0.2185,-0.7829,0.07339,-0.475,0.0539
2026-09-14 14:06:35,706.83,2026-09-14,711.0,4.33,4.48,4.59,1160,970,0.2044,-0.8647,0.05804,-0.235,0.0399
2026-09-14 14:06:35,706.83,2026-09-14,712.0,5.39,5.48,5.44,1021,567,0.2454,-0.8724,0.04644,-0.265,0.0383
2026-09-14 14:06:35,706.83,2026-09-14,713.0,6.29,6.37,6.73,929,122,0.2455,-0.9127,0.03528,-0.16,0.0291
2026-09-14 14:06:35,706.83,2026-09-14,714.0,7.13,7.43,7.61,10859,82,0.2549,-0.9357,0.02693,-0.11,0.0231
2026-09-14 14:06:35,706.83,2026-09-14,715.0,8.039,8.54,8.77,1961,1977,0.2865,-0.9381,0.02323,-0.1195,0.0224
2026-09-14 14:06:35,706.83,2026-09-14,716.0,9.16,9.32,9.79,796,106,0.2872,-0.9576,0.01717,-0.07,0.0166
2026-09-14 14:06:35,706.83,2026-09-14,717.0,10.19,10.28,10.53,330,52,0.309,-0.9621,0.01457,-0.065,0.0151
2026-09-14 14:06:35,706.83,2026-09-14,718.0,11.23,11.49,11.49,127,237,0.3994,-0.934,0.01753,-0.19,0.0235
2026-09-14 14:06:35,706.83,2026-09-14,719.0,12.29,12.66,12.95,134,91,0.4722,-0.9171,0.01765,-0.305,0.028
2026-09-14 14:06:35,706.83,2026-09-14,720.0,13.27,13.29,13.66,94,963,0.4119,-0.9573,0.01203,-0.11,0.0166
2026-09-14 14:06:35,706.83,2026-09-14,721.0,14.2,14.64,15.18,132,59,0.5072,-0.9332,0.01392,-0.25,0.0237
2026-09-14 14:07:35,707.18,2026-09-14,693.0,0.07,0.08,0.08,3620,222,0.4057,-0.0264,0.00824,-0.075,0.0112
2026-09-14 14:07:35,707.18,2026-09-14,694.0,0.04,0.09,0.08,2342,339,0.3726,-0.0251,0.0086,-0.065,0.0107
2026-09-14 14:07:35,707.18,2026-09-14,695.0,0.05,0.1,0.1,6189,4047,0.357,-0.0296,0.01029,-0.075,0.0123
2026-09-14 14:07:35,707.18,2026-09-14,696.0,0.11,0.12,0.12,4700,534,0.3594,-0.0427,0.01381,-0.115,0.0166
2026-09-14 14:07:35,707.18,2026-09-14,697.0,0.08,0.09,0.13,8787,291,0.3145,-0.0369,0.01401,-0.085,0.0148
2026-09-14 14:07:35,707.18,2026-09-14,698.0,0.14,0.15,0.11,6042,394,0.3216,-0.0574,0.01954,-0.145,0.0211
2026-09-14 14:07:35,707.18,2026-09-14,699.0,0.14,0.15,0.19,7880,434,0.2937,-0.0621,0.02275,-0.145,0.0224
2026-09-14 14:07:35,707.18,2026-09-14,700.0,0.18,0.23,0.23,33388,3971,0.2882,-0.0846,0.02937,-0.205,0.0284
2026-09-14 14:07:35,707.18,2026-09-14,701.0,0.24,0.29,0.29,16332,312,0.2763,-0.1085,0.0368,-0.265,0.0341
2026-09-14 14:07:35,707.18,2026-09-14,702.0,0.32,0.37,0.37,25464,678,0.2642,-0.1396,0.04591,-0.345,0.0407
2026-09-14 14:07:35,707.18,2026-09-14,703.0,0.44,0.49,0.49,42048,965,0.2549,-0.1825,0.05671,-0.465,0.0485
2026-09-14 14:07:35,707.18,2026-09-14,704.0,0.63,0.64,0.64,36324,656,0.247,-0.2381,0.06843,-0.635,0.0567
2026-09-14 14:07:35,707.18,2026-09-14,705.0,0.85,0.86,0.86,33301,2297,0.2383,-0.3057,0.08035,-0.855,0.0642
2026-09-14 14:07:35,707.18,2026-09-14,706.0,1.09,1.1,1.1,17407,542,0.2227,-0.383,0.09361,-1.095,0.0699
2026-09-14 14:07:35,707.18,2026-09-14,707.0,1.47,1.52,1.53,12340,603,0.2181,-0.4789,0.09974,-1.495,0.0729
2026-09-14 14:07:35,707.18,2026-09-14,708.0,1.96,2.009,1.97,4229,769,0.2123,-0.5803,0.10052,-1.1645,0.0716
2026-09-14 14:07:35,707.18,2026-09-14,709.0,2.6,2.62,2.64,2459,918,0.2114,-0.6778,0.09263,-0.79,0.0657
2026-09-14 14:07:35,707.18,2026-09-14,710.0,3.22,3.3,3.28,2615,2769,0.1981,-0.7786,0.0819,-0.44,0.0544
2026-09-14 14:07:35,707.18,2026-09-14,711.0,4.08,4.12,4.17,1192,970,0.2033,-0.845,0.06401,-0.28,0.0436
2026-09-14 14:07:35,707.18,2026-09-14,712.0,5.02,5.14,5.05,1057,567,0.2327,-0.8685,0.05003,-0.26,0.039
2026-09-14 14:07:35,707.18,2026-09-14,713.0,5.95,6.01,6.1,936,122,0.2353,-0.9095,0.03785,-0.16,0.0299
2026-09-14 14:07:35,707.18,2026-09-14,714.0,6.82,7.08,7.15,10871,82,0.2536,-0.927,0.02985,-0.13,0.0254
2026-09-14 14:07:35,707.18,2026-09-14,715.0,7.64,8.029,8,1984,1977,0.2138,-0.9761,0.01439,-0.0145,0.0103
2026-09-14 14:07:35,707.18,2026-09-14,716.0,8.81,9.02,9.14,804,106,0.2924,-0.9484,0.01975,-0.095,0.0194
2026-09-14 14:07:35,707.18,2026-09-14,717.0,9.88,10.18,10.05,330,52,0.37,-0.9239,0.02113,-0.21,0.0262
2026-09-14 14:07:35,707.18,2026-09-14,718.0,10.71,10.96,11.49,127,237,0.2816,-0.981,0.00899,-0.015,0.0085
2026-09-14 14:07:35,707.18,2026-09-14,719.0,11.53,11.91,12.06,136,91,,,,,
2026-09-14 14:07:35,707.18,2026-09-14,720.0,12.63,13.21,13.12,95,963,0.3974,-0.9589,0.01211,-0.1,0.0161
2026-09-14 14:07:35,707.18,2026-09-14,721.0,13.72,14.04,15.18,132,59,0.3932,-0.9708,0.00924,-0.06,0.0122
2026-09-14 14:07:35,707.18,2026-09-14,722.0,14.69,14.97,15.94,32,12,0.3604,-0.9866,0.0052,-0.01,0.0063
2026-09-14 14:08:36,707.46,2026-09-14,693.0,0.03,0.04,0.04,4024,222,0.3678,-0.0147,0.00552,-0.035,0.0068
2026-09-14 14:08:36,707.46,2026-09-14,694.0,0.08,0.09,0.09,2441,339,0.397,-0.0301,0.0094,-0.085,0.0125
2026-09-14 14:08:36,707.46,2026-09-14,695.0,0.05,0.06,0.1,6502,4047,0.3462,-0.0231,0.00865,-0.055,0.01
2026-09-14 14:08:36,707.46,2026-09-14,696.0,0.1,0.11,0.07,4745,534,0.3609,-0.0394,0.01289,-0.105,0.0156
2026-09-14 14:08:36,707.46,2026-09-14,697.0,0.12,0.13,0.09,8816,291,0.3465,-0.0474,0.0156,-0.125,0.0181
2026-09-14 14:08:36,707.46,2026-09-14,698.0,0.1,0.15,0.15,6115,394,0.3196,-0.0509,0.01788,-0.125,0.0191
2026-09-14 14:08:36,707.46,2026-09-14,699.0,0.17,0.18,0.14,7933,434,0.3148,-0.0687,0.02298,-0.175,0.0242
2026-09-14 14:08:36,707.46,2026-09-14,700.0,0.21,0.22,0.22,33852,3971,0.3005,-0.085,0.02832,-0.215,0.0285
2026-09-14 14:08:36,707.46,2026-09-14,701.0,0.27,0.28,0.28,16980,312,0.2885,-0.108,0.03516,-0.275,0.0339
2026-09-14 14:08:36,707.46,2026-09-14,702.0,0.34,0.35,0.35,25872,678,0.2742,-0.1356,0.04341,-0.345,0.0398
2026-09-14 14:08:36,707.46,2026-09-14,703.0,0.41,0.42,0.42,42662,965,0.255,-0.1668,0.05359,-0.415,0.0457
2026-09-14 14:08:36,707.46,2026-09-14,704.0,0.56,0.57,0.57,37151,656,0.2463,-0.2184,0.06545,-0.565,0.0539
2026-09-14 14:08:36,707.46,2026-09-14,705.0,0.8,0.81,0.81,34864,2297,0.2439,-0.2877,0.07645,-0.805,0.0624
2026-09-14 14:08:36,707.46,2026-09-14,706.0,1.04,1.05,1.05,19037,542,0.2308,-0.3617,0.08875,-1.045,0.0685
2026-09-14 14:08:36,707.46,2026-09-14,707.0,1.44,1.45,1.45,13556,603,0.2295,-0.4533,0.09438,-1.445,0.0725
2026-09-14 14:08:36,707.46,2026-09-14,708.0,1.91,1.92,1.88,4695,769,0.2249,-0.5491,0.09622,-1.375,0.0724
2026-09-14 14:08:36,707.46,2026-09-14,709.0,2.5,2.52,2.41,2499,918,0.2244,-0.6432,0.09086,-0.97,0.0682
2026-09-14 14:08:36,707.46,2026-09-14,710.0,3.2,3.23,3.23,2650,2769,0.227,-0.7266,0.08011,-0.675,0.0609
2026-09-14 14:08:36,707.46,2026-09-14,711.0,3.87,4.059,4.019,1222,970,0.2237,-0.8037,0.06764,-0.4245,0.0506
2026-09-14 14:08:36,707.46,2026-09-14,712.0,4.75,4.99,5.06,1060,567,0.2403,-0.8465,0.05385,-0.33,0.0433
2026-09-14 14:08:36,707.46,2026-09-14,713.0,5.54,5.79,5.82,946,122,0.215,-0.9185,0.03833,-0.125,0.0276
2026-09-14 14:08:36,707.46,2026-09-14,714.0,6.62,6.86,7.02,10871,82,0.2704,-0.9046,0.03426,-0.2,0.031
2026-09-14 14:08:36,707.46,2026-09-14,715.0,7.51,7.95,8.029,2021,1977,0.2969,-0.9152,0.02861,-0.19,0.0284
2026-09-14 14:08:36,707.46,2026-09-14,716.0,8.7,8.92,8.89,814,106,0.3536,-0.904,0.02633,-0.27,0.0312
2026-09-14 14:08:36,707.46,2026-09-14,717.0,9.57,9.85,9.9,331,52,0.3465,-0.9315,0.02083,-0.17,0.0242
2026-09-14 14:08:36,707.46,2026-09-14,718.0,10.34,10.84,11.49,127,237,0.3079,-0.9678,0.0128,-0.05,0.0132
2026-09-14 14:08:36,707.46,2026-09-14,719.0,11.32,11.81,12.06,136,91,0.309,-0.9782,0.00922,-0.025,0.0095
2026-09-14 14:08:36,707.46,2026-09-14,720.0,12.63,13.18,13.12,95,963,0.5047,-0.9095,0.01766,-0.365,0.0298
2026-09-14 14:08:36,707.46,2026-09-14,721.0,13.61,13.65,15.18,132,59,0.4091,-0.9628,0.01085,-0.09,0.0149
2026-09-14 14:08:36,707.46,2026-09-14,722.0,14.51,15,15.94,32,12,0.5028,-0.9402,0.01293,-0.215,0.0217
2026-09-14 14:09:37,707.3,2026-09-14,693.0,0.07,0.08,0.07,4325,222,0.4097,-0.0263,0.00814,-0.075,0.0111
2026-09-14 14:09:37,707.3,2026-09-14,694.0,0.04,0.09,0.05,2444,339,0.3764,-0.0249,0.00849,-0.065,0.0107
2026-09-14 14:09:37,707.3,2026-09-14,695.0,0.05,0.06,0.1,7581,4047,0.343,-0.0234,0.00882,-0.055,0.0101
2026-09-14 14:09:37,707.3,2026-09-14,696.0,0.1,0.11,0.07,4769,534,0.3573,-0.0398,0.01314,-0.105,0.0157
2026-09-14 14:09:37,707.3,2026-09-14,697.0,0.12,0.13,0.13,8834,291,0.3428,-0.0479,0.01593,-0.125,0.0182
2026-09-14 14:09:37,707.3,2026-09-14,698.0,0.1,0.15,0.11,6619,394,0.3158,-0.0515,0.0183,-0.125,0.0193
2026-09-14 14:09:37,707.3,2026-09-14,699.0,0.17,0.18,0.18,8025,434,0.3107,-0.0696,0.02355,-0.175,0.0244
2026-09-14 14:09:37,707.3,2026-09-14,700.0,0.21,0.22,0.22,34082,3971,0.2961,-0.0862,0.02908,-0.215,0.0287
2026-09-14 14:09:37,707.3,2026-09-14,701.0,0.27,0.28,0.28,17141,312,0.2838,-0.1096,0.03619,-0.275,0.0343
2026-09-14 14:09:37,707.3,2026-09-14,702.0,0.34,0.35,0.35,26512,678,0.2691,-0.1378,0.04481,-0.345,0.0402
2026-09-14 14:09:37,707.3,2026-09-14,703.0,0.44,0.45,0.45,43040,965,0.2559,-0.176,0.05537,-0.445,0.0473
2026-09-14 14:09:37,707.3,2026-09-14,704.0,0.55,0.56,0.56,38682,656,0.2383,-0.2213,0.06827,-0.555,0.0543
2026-09-14 14:09:37,707.3,2026-09-14,705.0,0.79,0.8,0.8,36648,2297,0.2352,-0.2932,0.0801,-0.795,0.0628
2026-09-14 14:09:37,707.3,2026-09-14,706.0,1.03,1.08,1.08,20944,542,0.2241,-0.3723,0.09246,-1.055,0.0691
2026-09-14 14:09:37,707.3,2026-09-14,707.0,1.44,1.45,1.41,14346,603,0.2197,-0.467,0.09911,-1.445,0.0726
2026-09-14 14:09:37,707.3,2026-09-14,708.0,1.88,1.89,1.89,5307,769,0.2087,-0.5697,0.10308,-1.185,0.0717
2026-09-14 14:09:37,707.3,2026-09-14,709.0,2.48,2.49,2.56,2574,918,0.2053,-0.6718,0.09637,-0.785,0.066
2026-09-14 14:09:37,707.3,2026-09-14,710.0,3.17,3.26,3.31,2654,2769,0.2072,-0.7593,0.08228,-0.515,0.0569
2026-09-14 14:09:37,707.3,2026-09-14,711.0,3.99,4.11,4.059,1225,970,0.2149,-0.8244,0.06582,-0.35,0.0472
2026-09-14 14:09:37,707.3,2026-09-14,712.0,4.76,5.02,5.03,1062,567,0.2105,-0.887,0.04987,-0.19,0.035
2026-09-14 14:09:37,707.3,2026-09-14,713.0,5.75,6.04,5.97,947,122,0.2434,-0.8978,0.0401,-0.195,0.0326
2026-09-14 14:09:37,707.3,2026-09-14,714.0,6.66,6.8,6.84,10874,82,0.2005,-0.9651,0.02106,-0.03,0.0141
2026-09-14 14:09:37,707.3,2026-09-14,715.0,7.52,7.8,7.84,2025,1977,,,,,
2026-09-14 14:09:37,707.3,2026-09-14,716.0,8.58,8.8,8.82,814,106,0.1985,-0.9913,0.00652,0.01,0.0043
2026-09-14 14:09:37,707.3,2026-09-14,717.0,9.51,9.84,9.9,331,52,,,,,
2026-09-14 14:09:37,707.3,2026-09-14,718.0,10.61,10.93,10.87,129,237,0.3264,-0.962,0.01388,-0.07,0.0151
2026-09-14 14:09:37,707.3,2026-09-14,719.0,11.45,12.11,12.06,136,91,0.3578,-0.9615,0.01278,-0.08,0.0153
2026-09-14 14:09:37,707.3,2026-09-14,720.0,12.61,12.93,13.12,97,963,0.3753,-0.9663,0.01093,-0.07,0.0137
2026-09-14 14:09:37,707.3,2026-09-14,721.0,13.49,13.93,15.18,132,59,0.3377,-0.9858,0.00584,-0.01,0.0066
2026-09-14 14:09:37,707.3,2026-09-14,722.0,14.51,15.13,15.94,32,12,0.4578,-0.9584,0.01065,-0.12,0.0163
2026-09-14 14:10:38,707.61,2026-09-14,693.0,0.03,0.08,0.07,4363,222,0.3975,-0.0205,0.00682,-0.055,0.009
2026-09-14 14:10:38,707.61,2026-09-14,694.0,0.03,0.08,0.09,2466,339,0.3741,-0.0217,0.00759,-0.055,0.0094
2026-09-14 14:10:38,707.61,2026-09-14,695.0,0.08,0.09,0.05,7693,4047,0.3768,-0.0316,0.01033,-0.085,0.013
2026-09-14 14:10:38,707.61,2026-09-14,696.0,0.06,0.07,0.11,4903,534,0.3359,-0.0276,0.01036,-0.065,0.0116
2026-09-14 14:10:38,707.61,2026-09-14,697.0,0.07,0.08,0.12,8970,291,0.3193,-0.0327,0.01256,-0.075,0.0133
2026-09-14 14:10:38,707.61,2026-09-14,698.0,0.09,0.14,0.14,6688,394,0.319,-0.0475,0.01702,-0.115,0.0181
2026-09-14 14:10:38,707.61,2026-09-14,699.0,0.16,0.17,0.17,8057,434,0.3156,-0.0654,0.02212,-0.165,0.0232
2026-09-14 14:10:38,707.61,2026-09-14,700.0,0.16,0.17,0.21,34478,3971,0.2868,-0.0709,0.02592,-0.165,0.0247
2026-09-14 14:10:38,707.61,2026-09-14,701.0,0.25,0.26,0.26,17251,312,0.2879,-0.1019,0.03387,-0.255,0.0324
2026-09-14 14:10:38,707.61,2026-09-14,702.0,0.31,0.32,0.32,26881,678,0.2722,-0.127,0.04191,-0.315,0.038
2026-09-14 14:10:38,707.61,2026-09-14,703.0,0.41,0.42,0.42,43817,965,0.261,-0.1641,0.05194,-0.415,0.0451
2026-09-14 14:10:38,707.61,2026-09-14,704.0,0.54,0.55,0.55,39462,656,0.2491,-0.211,0.0636,-0.545,0.0527
2026-09-14 14:10:38,707.61,2026-09-14,705.0,0.72,0.73,0.73,39361,2297,0.2381,-0.2714,0.07631,-0.725,0.0605
2026-09-14 14:10:38,707.61,2026-09-14,706.0,0.97,0.99,0.99,22855,542,0.2295,-0.3477,0.08826,-0.98,0.0674
2026-09-14 14:10:38,707.61,2026-09-14,707.0,1.3,1.35,1.32,14676,603,0.2225,-0.4376,0.09709,-1.325,0.0719
2026-09-14 14:10:38,707.61,2026-09-14,708.0,1.73,1.79,1.79,5507,769,0.215,-0.5369,0.10126,-1.365,0.0725
2026-09-14 14:10:38,707.61,2026-09-14,709.0,2.32,2.33,2.3,2639,918,0.2115,-0.638,0.09713,-0.93,0.0684
2026-09-14 14:10:38,707.61,2026-09-14,710.0,2.95,3.04,3.04,2752,2769,0.2088,-0.7323,0.08644,-0.6,0.0601
2026-09-14 14:10:38,707.61,2026-09-14,711.0,3.81,3.87,3.87,1242,970,0.2227,-0.7955,0.06982,-0.445,0.0518
2026-09-14 14:10:38,707.61,2026-09-14,712.0,4.46,4.63,4.69,1064,567,0.1892,-0.8963,0.05219,-0.15,0.0329
2026-09-14 14:10:38,707.61,2026-09-14,713.0,5.43,5.65,5.97,947,122,0.2183,-0.9102,0.04072,-0.145,0.0296
2026-09-14 14:10:38,707.61,2026-09-14,714.0,6.44,6.53,6.87,10876,82,0.2258,-0.938,0.02969,-0.09,0.0223
2026-09-14 14:10:38,707.61,2026-09-14,715.0,7.51,7.55,7.77,2047,1977,0.2728,-0.9293,0.02718,-0.135,0.0247
2026-09-14 14:10:38,707.61,2026-09-14,716.0,8.3,8.58,8.75,818,106,0.2529,-0.9642,0.01707,-0.045,0.0144
2026-09-14 14:10:38,707.61,2026-09-14,717.0,9.14,9.41,9.9,331,52,,,,,
2026-09-14 14:10:38,707.61,2026-09-14,718.0,10.35,10.8,10.87,129,237,0.3755,-0.933,0.01894,-0.18,0.0237
2026-09-14 14:10:38,707.61,2026-09-14,719.0,11.15,11.71,12.06,136,91,0.3163,-0.9745,0.0103,-0.035,0.0108
2026-09-14 14:10:38,707.61,2026-09-14,720.0,12.44,12.73,13.11,97,963,0.4347,-0.9384,0.01534,-0.19,0.0222
2026-09-14 14:10:38,707.61,2026-09-14,721.0,13.02,13.65,15.18,132,59,,,,,
2026-09-14 14:10:38,707.61,2026-09-14,722.0,14.09,14.68,15.94,32,12,0.3092,-0.9941,0.00296,0.01,0.003
2026-09-14 14:11:40,707.71,2026-09-14,693.0,0.02,0.03,0.07,4364,222,0.3582,-0.0111,0.00449,-0.025,0.0053
2026-09-14 14:11:40,707.71,2026-09-14,694.0,0.03,0.04,0.04,2666,339,0.3526,-0.0153,0.00599,-0.035,0.007
2026-09-14 14:11:40,707.71,2026-09-14,695.0,0.08,0.09,0.09,7710,4047,0.3799,-0.0314,0.01021,-0.085,0.0129
2026-09-14 14:11:40,707.71,2026-09-14,696.0,0.06,0.11,0.11,4954,534,0.3549,-0.0333,0.01148,-0.085,0.0135
2026-09-14 14:11:40,707.71,2026-09-14,697.0,0.07,0.12,0.12,9121,291,0.3364,-0.0385,0.01363,-0.095,0.0152
2026-09-14 14:11:40,707.71,2026-09-14,698.0,0.09,0.14,0.14,7308,394,0.3222,-0.0472,0.01677,-0.115,0.0179
2026-09-14 14:11:40,707.71,2026-09-14,699.0,0.12,0.17,0.13,8521,434,0.3101,-0.0595,0.02095,-0.145,0.0216
2026-09-14 14:11:40,707.71,2026-09-14,700.0,0.16,0.17,0.21,34766,3971,0.2902,-0.0703,0.02547,-0.165,0.0245
2026-09-14 14:11:40,707.71,2026-09-14,701.0,0.25,0.26,0.26,17754,312,0.2916,-0.1009,0.03324,-0.255,0.0322
2026-09-14 14:11:40,707.71,2026-09-14,702.0,0.28,0.29,0.29,28332,678,0.268,-0.1186,0.04064,-0.285,0.0361
2026-09-14 14:11:40,707.71,2026-09-14,703.0,0.41,0.42,0.42,44727,965,0.2652,-0.1622,0.0508,-0.415,0.0447
2026-09-14 14:11:40,707.71,2026-09-14,704.0,0.52,0.57,0.57,40425,656,0.2536,-0.2082,0.06206,-0.545,0.0522
2026-09-14 14:11:40,707.71,2026-09-14,705.0,0.71,0.72,0.72,41996,2297,0.2415,-0.2661,0.07459,-0.715,0.0598
2026-09-14 14:11:40,707.71,2026-09-14,706.0,1.01,1.02,1.02,24055,542,0.2404,-0.3451,0.08412,-1.015,0.0671
2026-09-14 14:11:40,707.71,2026-09-14,707.0,1.36,1.37,1.37,15323,603,0.2347,-0.431,0.09188,-1.365,0.0716
2026-09-14 14:11:40,707.71,2026-09-14,708.0,1.77,1.78,1.81,5635,769,0.2251,-0.5251,0.09708,-1.485,0.0725
2026-09-14 14:11:40,707.71,2026-09-14,709.0,2.4,2.42,2.4,2706,918,0.2337,-0.616,0.08971,-1.12,0.0696
2026-09-14 14:11:40,707.71,2026-09-14,710.0,3.06,3.1,2.95,2783,2769,0.235,-0.7006,0.08112,-0.79,0.0633
2026-09-14 14:11:40,707.71,2026-09-14,711.0,3.76,3.88,3.92,1246,970,0.2348,-0.7762,0.06989,-0.53,0.0545
2026-09-14 14:11:40,707.71,2026-09-14,712.0,4.6,4.8,4.7,1069,567,0.25,-0.8242,0.05677,-0.41,0.0471
2026-09-14 14:11:40,707.71,2026-09-14,713.0,5.36,5.79,5.97,954,122,0.256,-0.8691,0.04556,-0.285,0.0387
2026-09-14 14:11:40,707.71,2026-09-14,714.0,6.44,6.67,6.6,10920,82,0.2833,-0.886,0.03737,-0.265,0.0351
2026-09-14 14:11:40,707.71,2026-09-14,715.0,7.25,7.53,7.58,2056,1977,0.2551,-0.9398,0.02571,-0.1,0.0218
2026-09-14 14:11:40,707.71,2026-09-14,716.0,8.23,8.72,8.72,848,106,0.3182,-0.9213,0.02532,-0.185,0.0267
2026-09-14 14:11:40,707.71,2026-09-14,717.0,9.41,9.69,9.49,333,52,0.3743,-0.9108,0.02366,-0.26,0.0294
2026-09-14 14:11:40,707.71,2026-09-14,718.0,10.36,10.7,10.87,129,237,0.3966,-0.9201,0.02055,-0.24,0.0271
2026-09-14 14:11:40,707.71,2026-09-14,719.0,11.45,11.66,12.06,136,91,0.4348,-0.9201,0.01875,-0.265,0.0271
2026-09-14 14:11:40,707.71,2026-09-14,720.0,12.09,12.88,13.11,97,963,0.4347,-0.937,0.01562,-0.195,0.0225
2026-09-14 14:11:40,707.71,2026-09-14,721.0,13.45,13.53,15.18,132,59,0.4641,-0.9393,0.01422,-0.2,0.0219
2026-09-14 14:11:40,707.71,2026-09-14,722.0,14.22,14.44,15.94,32,12,0.3877,-0.977,0.00772,-0.04,0.0099
2026-09-14 14:12:40,707.59,2026-09-14,693.0,0.02,0.03,0.06,4373,222,0.3562,-0.0112,0.00455,-0.025,0.0054
2026-09-14 14:12:40,707.59,2026-09-14,694.0,0.07,0.08,0.04,2666,339,0.394,-0.0273,0.00877,-0.075,0.0114
2026-09-14 14:12:40,707.59,2026-09-14,695.0,0.04,0.09,0.05,7729,4047,0.3608,-0.026,0.0092,-0.065,0.011
2026-09-14 14:12:40,707.59,2026-09-14,696.0,0.06,0.07,0.07,5196,534,0.3365,-0.0276,0.01038,-0.065,0.0116
2026-09-14 14:12:40,707.59,2026-09-14,697.0,0.07,0.08,0.12,9166,291,0.3199,-0.0328,0.01258,-0.075,0.0133
2026-09-14 14:12:40,707.59,2026-09-14,698.0,0.13,0.14,0.14,7352,394,0.3301,-0.0531,0.01802,-0.135,0.0197
2026-09-14 14:12:40,707.59,2026-09-14,699.0,0.16,0.17,0.17,8541,434,0.3161,-0.0654,0.02217,-0.165,0.0232
2026-09-14 14:12:40,707.59,2026-09-14,700.0,0.16,0.17,0.17,35242,3971,0.2872,-0.071,0.02599,-0.165,0.0247
2026-09-14 14:12:40,707.59,2026-09-14,701.0,0.2,0.21,0.21,18051,312,0.2721,-0.0892,0.03261,-0.205,0.0294
2026-09-14 14:12:40,707.59,2026-09-14,702.0,0.27,0.28,0.32,28833,678,0.2616,-0.1176,0.04145,-0.275,0.0359
2026-09-14 14:12:40,707.59,2026-09-14,703.0,0.36,0.37,0.37,45100,965,0.2499,-0.1537,0.05213,-0.365,0.0431
2026-09-14 14:12:40,707.59,2026-09-14,704.0,0.53,0.54,0.54,41205,656,0.2473,-0.2096,0.064,-0.535,0.0524
2026-09-14 14:12:40,707.59,2026-09-14,705.0,0.67,0.72,0.72,44860,2297,0.2332,-0.2678,0.07764,-0.695,0.0599
2026-09-14 14:12:40,707.59,2026-09-14,706.0,0.92,0.97,0.97,24876,542,0.2241,-0.3452,0.09039,-0.945,0.067
2026-09-14 14:12:40,707.59,2026-09-14,707.0,1.28,1.29,1.27,15833,603,0.2166,-0.4374,0.1,-1.285,0.0717
2026-09-14 14:12:40,707.59,2026-09-14,708.0,1.68,1.73,1.75,5758,769,0.2069,-0.5402,0.10545,-1.295,0.0722
2026-09-14 14:12:40,707.59,2026-09-14,709.0,2.3,2.31,2.27,2785,918,0.2078,-0.6423,0.09876,-0.895,0.0679
2026-09-14 14:12:40,707.59,2026-09-14,710.0,2.92,2.95,3.05,2793,2769,0.1973,-0.7461,0.08926,-0.525,0.0583
2026-09-14 14:12:40,707.59,2026-09-14,711.0,3.65,3.79,3.73,1269,970,0.1965,-0.8274,0.07151,-0.31,0.0465
2026-09-14 14:12:40,707.59,2026-09-14,712.0,4.58,4.88,4.76,1074,567,0.2347,-0.8466,0.05543,-0.32,0.043
2026-09-14 14:12:40,707.59,2026-09-14,713.0,5.48,5.69,5.83,956,122,0.2291,-0.9007,0.0419,-0.175,0.0318
2026-09-14 14:12:40,707.59,2026-09-14,714.0,6.4,6.63,6.59,10920,82,0.2333,-0.9326,0.03071,-0.105,0.0237
2026-09-14 14:12:40,707.59,2026-09-14,715.0,7.25,7.64,7.46,2075,1977,0.2222,-0.9653,0.01898,-0.035,0.014
2026-09-14 14:12:40,707.59,2026-09-14,716.0,8.29,8.45,8.66,848,106,,,,,
2026-09-14 14:12:40,707.59,2026-09-14,717.0,9.32,9.58,9.49,333,52,0.2745,-0.9689,0.01405,-0.04,0.0128
2026-09-14 14:12:40,707.59,2026-09-14,718.0,10.53,10.71,10.87,129,237,0.3892,-0.9267,0.01964,-0.21,0.0253
2026-09-14 14:12:40,707.59,2026-09-14,719.0,11.44,11.63,12.06,136,91,0.3781,-0.9493,0.01516,-0.125,0.019
2026-09-14 14:12:40,707.59,2026-09-14,720.0,12.34,12.75,13.11,97,963,0.4095,-0.9499,0.01387,-0.135,0.0188
2026-09-14 14:12:40,707.59,2026-09-14,721.0,13.07,13.89,15.18,132,59,0.3938,-0.9676,0.01012,-0.07,0.0132
2026-09-14 14:12:40,707.59,2026-09-14,722.0,14.22,14.57,15.94,32,12,0.2893,-0.9966,0.00196,0.015,0.0019
2026-09-14 14:13:41,707.35,2026-09-14,693.0,0.06,0.07,0.06,4382,222,0.4038,-0.0236,0.00758,-0.065,0.0101
2026-09-14 14:13:41,707.35,2026-09-14,694.0,0.07,0.08,0.08,2698,339,0.3889,-0.0276,0.009,-0.075,0.0115
2026-09-14 14:13:41,707.35,2026-09-14,695.0,0.08,0.09,0.05,7867,4047,0.3722,-0.0321,0.01064,-0.085,0.0131
2026-09-14 14:13:41,707.35,2026-09-14,696.0,0.1,0.11,0.11,5262,534,0.3607,-0.0396,0.01306,-0.105,0.0155
2026-09-14 14:13:41,707.35,2026-09-14,697.0,0.11,0.12,0.08,9239,291,0.3405,-0.0451,0.01536,-0.115,0.0172
2026-09-14 14:13:41,707.35,2026-09-14,698.0,0.09,0.1,0.14,7634,394,0.3021,-0.0424,0.01647,-0.095,0.0164
2026-09-14 14:13:41,707.35,2026-09-14,699.0,0.16,0.17,0.13,8679,434,0.3098,-0.0667,0.023,-0.165,0.0235
2026-09-14 14:13:41,707.35,2026-09-14,700.0,0.2,0.21,0.21,35464,3971,0.2958,-0.0833,0.02854,-0.205,0.0278
2026-09-14 14:13:41,707.35,2026-09-14,701.0,0.26,0.27,0.27,18612,312,0.2841,-0.1067,0.03567,-0.265,0.0334
2026-09-14 14:13:41,707.35,2026-09-14,702.0,0.33,0.34,0.34,29238,678,0.2699,-0.1349,0.04429,-0.335,0.0394
2026-09-14 14:13:41,707.35,2026-09-14,703.0,0.4,0.45,0.45,45897,965,0.255,-0.171,0.05487,-0.425,0.0461
2026-09-14 14:13:41,707.35,2026-09-14,704.0,0.54,0.59,0.59,42806,656,0.2436,-0.2216,0.06722,-0.565,0.054
2026-09-14 14:13:41,707.35,2026-09-14,705.0,0.73,0.75,0.75,46795,2297,0.23,-0.2839,0.08114,-0.74,0.0615
2026-09-14 14:13:41,707.35,2026-09-14,706.0,1.04,1.05,1.05,26766,542,0.2266,-0.3684,0.09164,-1.045,0.0685
2026-09-14 14:13:41,707.35,2026-09-14,707.0,1.37,1.38,1.42,16483,603,0.2145,-0.461,0.10197,-1.375,0.0721
2026-09-14 14:13:41,707.35,2026-09-14,708.0,1.84,1.89,1.9,6023,769,0.211,-0.5642,0.10276,-1.215,0.0715
2026-09-14 14:13:41,707.35,2026-09-14,709.0,2.46,2.48,2.5,2882,918,0.2093,-0.6648,0.09588,-0.82,0.0662
2026-09-14 14:13:41,707.35,2026-09-14,710.0,3.14,3.16,3.24,2834,2769,0.2036,-0.7604,0.08403,-0.5,0.0564
2026-09-14 14:13:41,707.35,2026-09-14,711.0,3.95,3.98,4.04,1284,970,0.2067,-0.832,0.06692,-0.315,0.0456
2026-09-14 14:13:41,707.35,2026-09-14,712.0,4.7,4.9,4.91,1116,567,0.1981,-0.8999,0.04885,-0.15,0.0319
2026-09-14 14:13:41,707.35,2026-09-14,713.0,5.68,5.88,5.9,958,122,0.2216,-0.9179,0.03769,-0.13,0.0275
2026-09-14 14:13:41,707.35,2026-09-14,714.0,6.63,6.95,6.59,10920,82,0.2546,-0.9228,0.0313,-0.14,0.0263
2026-09-14 14:13:41,707.35,2026-09-14,715.0,7.56,7.78,7.75,2096,1977,0.2164,-0.9731,0.01581,-0.02,0.0113
2026-09-14 14:13:41,707.35,2026-09-14,716.0,8.45,8.92,8.71,853,106,0.2527,-0.969,0.01525,-0.035,0.0127
2026-09-14 14:13:41,707.35,2026-09-14,717.0,9.44,9.79,9.69,353,52,,,,,
2026-09-14 14:13:41,707.35,2026-09-14,718.0,10.59,10.68,10.87,136,237,0.2208,-0.9957,0.00314,0.015,0.0023
2026-09-14 14:13:41,707.35,2026-09-14,719.0,11.29,11.83,12.06,136,91,,,,,
2026-09-14 14:13:41,707.35,2026-09-14,720.0,12.22,12.52,13.11,97,963,,,,,
2026-09-14 14:13:41,707.35,2026-09-14,721.0,13.17,14.03,13.64,358,59,,,,,
2026-09-14 14:13:41,707.35,2026-09-14,722.0,14.42,14.91,15.94,32,12,0.3669,-0.985,0.0057,-0.015,0.0069
2026-09-14 14:14:41,707.4,2026-09-14,693.0,0.02,0.07,0.06,4404,222,0.3833,-0.0178,0.00632,-0.045,0.008
2026-09-14 14:14:41,707.4,2026-09-14,694.0,0.07,0.08,0.08,2732,339,0.3906,-0.0276,0.00895,-0.075,0.0115
2026-09-14 14:14:41,707.4,2026-09-14,695.0,0.04,0.09,0.05,7894,4047,0.3574,-0.0263,0.00941,-0.065,0.0111
2026-09-14 14:14:41,707.4,2026-09-14,696.0,0.1,0.11,0.07,5285,534,0.3625,-0.0395,0.01298,-0.105,0.0155
2026-09-14 14:14:41,707.4,2026-09-14,697.0,0.07,0.12,0.12,9270,291,0.33,-0.0393,0.0142,-0.095,0.0154
2026-09-14 14:14:41,707.4,2026-09-14,698.0,0.13,0.14,0.14,7698,394,0.326,-0.0538,0.01851,-0.135,0.0198
2026-09-14 14:14:41,707.4,2026-09-14,699.0,0.12,0.13,0.17,8748,434,0.2933,-0.0552,0.02098,-0.125,0.0202
2026-09-14 14:14:41,707.4,2026-09-14,700.0,0.15,0.16,0.16,35645,3971,0.2785,-0.0693,0.02639,-0.155,0.0242
2026-09-14 14:14:41,707.4,2026-09-14,701.0,0.24,0.25,0.25,18949,312,0.28,-0.1014,0.03491,-0.245,0.0321
2026-09-14 14:14:41,707.4,2026-09-14,702.0,0.27,0.32,0.32,29726,678,0.2615,-0.1249,0.04339,-0.295,0.0373
2026-09-14 14:14:41,707.4,2026-09-14,703.0,0.41,0.42,0.42,46242,965,0.255,-0.168,0.05431,-0.415,0.0455
2026-09-14 14:14:41,707.4,2026-09-14,704.0,0.51,0.56,0.52,43380,656,0.2403,-0.2148,0.06702,-0.535,0.053
2026-09-14 14:14:41,707.4,2026-09-14,705.0,0.74,0.75,0.76,48621,2297,0.2335,-0.2824,0.07985,-0.745,0.0613
2026-09-14 14:14:41,707.4,2026-09-14,706.0,0.97,1.02,0.99,27460,542,0.2223,-0.3611,0.09293,-0.995,0.0679
2026-09-14 14:14:41,707.4,2026-09-14,707.0,1.36,1.37,1.38,17096,603,0.2166,-0.4563,0.10099,-1.365,0.0719
2026-09-14 14:14:41,707.4,2026-09-14,708.0,1.83,1.84,1.84,6157,769,0.2111,-0.5591,0.10309,-1.235,0.0715
2026-09-14 14:14:41,707.4,2026-09-14,709.0,2.4,2.41,2.38,2883,918,0.2048,-0.6636,0.09827,-0.805,0.0662
2026-09-14 14:14:41,707.4,2026-09-14,710.0,3.1,3.14,3,2852,2769,0.2053,-0.7547,0.08452,-0.52,0.057
2026-09-14 14:14:41,707.4,2026-09-14,711.0,3.72,3.89,4.01,1295,970,0.1795,-0.8632,0.06731,-0.205,0.0397
2026-09-14 14:14:41,707.4,2026-09-14,712.0,4.66,4.88,5.01,1116,567,0.2028,-0.8923,0.05037,-0.17,0.0336
2026-09-14 14:14:41,707.4,2026-09-14,713.0,5.78,5.86,5.64,960,122,0.2495,-0.8898,0.04162,-0.22,0.0341
2026-09-14 14:14:41,707.4,2026-09-14,714.0,6.45,6.73,6.59,10920,82,0.1565,-0.9895,0.00983,0.01,0.0051
2026-09-14 14:14:41,707.4,2026-09-14,715.0,7.53,7.84,7.83,2098,1977,0.2574,-0.9465,0.02331,-0.085,0.0197
2026-09-14 14:14:41,707.4,2026-09-14,716.0,8.52,8.84,8.53,863,106,0.2812,-0.9525,0.01943,-0.08,0.018
2026-09-14 14:14:41,707.4,2026-09-14,717.0,9.39,9.68,9.94,353,52,,,,,
2026-09-14 14:14:41,707.4,2026-09-14,718.0,10.27,10.61,10.97,136,237,,,,,
2026-09-14 14:14:41,707.4,2026-09-14,719.0,11.5,11.8,12.06,136,91,0.3358,-0.9701,0.01115,-0.05,0.0123
2026-09-14 14:14:41,707.4,2026-09-14,720.0,12.34,12.89,13.11,97,963,0.3231,-0.9832,0.00713,-0.015,0.0076
2026-09-14 14:14:41,707.4,2026-09-14,721.0,13.63,14,13.73,358,59,0.4815,-0.9375,0.01408,-0.215,0.0223
2026-09-14 14:14:41,707.4,2026-09-14,722.0,14.42,14.57,15.94,32,12,,,,,
2026-09-14 14:15:41,707.47,2026-09-14,693.0,0.06,0.07,0.03,4406,222,0.4077,-0.0234,0.0075,-0.065,0.01
2026-09-14 14:15:41,707.47,2026-09-14,694.0,0.03,0.04,0.04,2739,339,0.3493,-0.0155,0.00616,-0.035,0.0071
2026-09-14 14:15:41,707.47,2026-09-14,695.0,0.08,0.09,0.09,7905,4047,0.3761,-0.0318,0.0105,-0.085,0.0129
2026-09-14 14:15:41,707.47,2026-09-14,696.0,0.1,0.11,0.11,5525,534,0.3647,-0.0394,0.01288,-0.105,0.0154
2026-09-14 14:15:41,707.47,2026-09-14,697.0,0.07,0.08,0.12,9302,291,0.3182,-0.0331,0.0128,-0.075,0.0134
2026-09-14 14:15:41,707.47,2026-09-14,698.0,0.13,0.14,0.1,7793,394,0.3282,-0.0536,0.01834,-0.135,0.0197
2026-09-14 14:15:41,707.47,2026-09-14,699.0,0.16,0.17,0.17,8922,434,0.3139,-0.0661,0.02259,-0.165,0.0233
2026-09-14 14:15:41,707.47,2026-09-14,700.0,0.15,0.16,0.2,36430,3971,0.2807,-0.0689,0.0261,-0.155,0.024
2026-09-14 14:15:41,707.47,2026-09-14,701.0,0.24,0.25,0.25,19245,312,0.2825,-0.1007,0.0345,-0.245,0.0319
2026-09-14 14:15:41,707.47,2026-09-14,702.0,0.27,0.28,0.28,30187,678,0.2586,-0.1192,0.04251,-0.275,0.036
2026-09-14 14:15:41,707.47,2026-09-14,703.0,0.37,0.42,0.42,48427,965,0.2533,-0.1625,0.05359,-0.395,0.0445
2026-09-14 14:15:41,707.47,2026-09-14,704.0,0.54,0.55,0.55,45634,656,0.2452,-0.2148,0.06577,-0.545,0.0529
2026-09-14 14:15:41,707.47,2026-09-14,705.0,0.73,0.74,0.74,52111,2297,0.2351,-0.2784,0.07884,-0.735,0.0608
2026-09-14 14:15:41,707.47,2026-09-14,706.0,0.99,1,1,29114,542,0.226,-0.3571,0.09116,-0.995,0.0676
2026-09-14 14:15:41,707.47,2026-09-14,707.0,1.34,1.35,1.35,17982,603,0.2182,-0.45,0.10018,-1.345,0.0717
2026-09-14 14:15:41,707.47,2026-09-14,708.0,1.75,1.82,1.81,6608,769,0.2094,-0.5529,0.10426,-1.25,0.0716
2026-09-14 14:15:41,707.47,2026-09-14,709.0,2.38,2.39,2.41,2997,918,0.2085,-0.6547,0.09761,-0.85,0.0667
2026-09-14 14:15:41,707.47,2026-09-14,710.0,3.03,3.11,3.05,2867,2769,0.2054,-0.7494,0.08557,-0.535,0.0576
2026-09-14 14:15:41,707.47,2026-09-14,711.0,3.78,3.94,3.86,1296,970,0.2052,-0.8267,0.06896,-0.325,0.0464
2026-09-14 14:15:41,707.47,2026-09-14,712.0,4.7,4.82,5.01,1123,567,0.2165,-0.874,0.05281,-0.225,0.0375
2026-09-14 14:15:41,707.47,2026-09-14,713.0,5.45,5.76,5.64,961,122,0.1944,-0.9404,0.03367,-0.07,0.0215
2026-09-14 14:15:41,707.47,2026-09-14,714.0,6.39,6.85,6.59,10922,82,0.2289,-0.9408,0.02843,-0.085,0.0213
2026-09-14 14:15:41,707.47,2026-09-14,715.0,7.42,7.76,7.76,2098,1977,0.2394,-0.9574,0.02092,-0.055,0.0164
2026-09-14 14:15:41,707.47,2026-09-14,716.0,8.33,8.86,8.53,863,106,0.268,-0.9591,0.01807,-0.06,0.0159
2026-09-14 14:15:41,707.47,2026-09-14,717.0,9.35,9.57,9.94,353,52,,,,,
2026-09-14 14:15:41,707.47,2026-09-14,718.0,10.33,10.71,10.97,136,237,0.2188,-0.9958,0.00315,0.015,0.0023
2026-09-14 14:15:41,707.47,2026-09-14,719.0,11.59,11.94,12.06,136,91,0.4309,-0.9276,0.01766,-0.23,0.0249
2026-09-14 14:15:41,707.47,2026-09-14,720.0,12.55,12.87,13.11,97,963,0.4347,-0.9418,0.01477,-0.175,0.021
2026-09-14 14:15:41,707.47,2026-09-14,721.0,13.35,13.64,13.7,583,59,,,,,
2026-09-14 14:15:41,707.47,2026-09-14,722.0,14.15,14.55,15.94,32,12,,,,,
2026-09-14 14:16:43,706.88,2026-09-14,692.0,0.02,0.07,0.06,3597,359,0.3958,-0.0174,0.00601,-0.045,0.0078
2026-09-14 14:16:43,706.88,2026-09-14,693.0,0.02,0.03,0.03,4421,222,0.3433,-0.0117,0.00491,-0.025,0.0055
2026-09-14 14:16:43,706.88,2026-09-14,694.0,0.07,0.08,0.07,2757,339,0.3793,-0.0284,0.00949,-0.075,0.0117
2026-09-14 14:16:43,706.88,2026-09-14,695.0,0.08,0.09,0.09,7926,4047,0.3622,-0.033,0.01125,-0.085,0.0133
2026-09-14 14:16:43,706.88,2026-09-14,696.0,0.06,0.07,0.07,5546,534,0.3214,-0.029,0.01138,-0.065,0.0119
2026-09-14 14:16:43,706.88,2026-09-14,697.0,0.08,0.09,0.12,9325,291,0.3111,-0.0377,0.01461,-0.085,0.0148
2026-09-14 14:16:43,706.88,2026-09-14,698.0,0.1,0.15,0.14,7910,394,0.3077,-0.0531,0.01947,-0.125,0.0196
2026-09-14 14:16:43,706.88,2026-09-14,699.0,0.13,0.18,0.18,9027,434,0.2935,-0.0665,0.02435,-0.155,0.0233
2026-09-14 14:16:43,706.88,2026-09-14,700.0,0.18,0.23,0.23,37159,3971,0.2829,-0.0869,0.03095,-0.205,0.0286
2026-09-14 14:16:43,706.88,2026-09-14,701.0,0.28,0.29,0.25,19681,312,0.2759,-0.1166,0.03933,-0.285,0.0354
2026-09-14 14:16:43,706.88,2026-09-14,702.0,0.36,0.37,0.37,30975,678,0.2621,-0.1487,0.04897,-0.365,0.0419
2026-09-14 14:16:43,706.88,2026-09-14,703.0,0.43,0.44,0.44,51547,965,0.2405,-0.1832,0.06107,-0.435,0.0479
2026-09-14 14:16:43,706.88,2026-09-14,704.0,0.64,0.65,0.65,48204,656,0.2391,-0.2496,0.0735,-0.645,0.0574
2026-09-14 14:16:43,706.88,2026-09-14,705.0,0.82,0.83,0.83,56072,2297,0.2221,-0.3167,0.08874,-0.825,0.0643
2026-09-14 14:16:43,706.88,2026-09-14,706.0,1.17,1.18,1.19,31048,542,0.22,-0.4093,0.09778,-1.175,0.0702
2026-09-14 14:16:43,706.88,2026-09-14,707.0,1.59,1.6,1.58,18567,603,0.2143,-0.5092,0.10303,-1.475,0.072
2026-09-14 14:16:43,706.88,2026-09-14,708.0,2.06,2.14,2.1,7050,769,0.206,-0.6152,0.10272,-0.98,0.069
2026-09-14 14:16:43,706.88,2026-09-14,709.0,2.78,2.8,2.65,3037,918,0.2097,-0.7091,0.09047,-0.67,0.0619
2026-09-14 14:16:43,706.88,2026-09-14,710.0,3.53,3.58,3.38,2904,2769,0.212,-0.7896,0.07535,-0.435,0.0521
2026-09-14 14:16:43,706.88,2026-09-14,711.0,4.15,4.37,4.25,1308,970,0.1792,-0.8962,0.05568,-0.14,0.0326
2026-09-14 14:16:43,706.88,2026-09-14,712.0,5.06,5.29,5.22,1129,567,0.1763,-0.9445,0.03519,-0.055,0.0202
2026-09-14 14:16:43,706.88,2026-09-14,713.0,5.9,6.14,5.87,962,122,,,,,
2026-09-14 14:16:43,706.88,2026-09-14,714.0,6.9,7.37,7.31,10926,82,0.2003,-0.9744,0.01648,-0.015,0.0108
2026-09-14 14:16:43,706.88,2026-09-14,715.0,7.94,8.3,7.76,2101,1977,0.2058,-0.9848,0.01032,0.0,0.0069
2026-09-14 14:16:43,706.88,2026-09-14,716.0,8.88,9.35,8.72,865,106,0.2188,-0.9888,0.00742,0.005,0.0053
2026-09-14 14:16:43,706.88,2026-09-14,717.0,9.97,10.28,9.94,353,52,0.2564,-0.9847,0.00832,-0.005,0.007
2026-09-14 14:16:43,706.88,2026-09-14,718.0,10.89,11.16,10.97,136,237,,,,,
2026-09-14 14:16:43,706.88,2026-09-14,719.0,11.65,12.39,11.82,143,91,,,,,
2026-09-14 14:16:43,706.88,2026-09-14,720.0,12.73,13.06,13.11,97,963,,,,,
2026-09-14 14:16:43,706.88,2026-09-14,721.0,13.64,13.96,13.96,1035,59,,,,,
2026-09-14 14:17:44,706.81,2026-09-14,692.0,0.02,0.03,0.05,3648,359,0.364,-0.0111,0.00444,-0.025,0.0053
2026-09-14 14:17:44,706.81,2026-09-14,693.0,0.07,0.08,0.04,4452,222,0.4028,-0.027,0.00857,-0.075,0.0112
2026-09-14 14:17:44,706.81,2026-09-14,694.0,0.03,0.08,0.04,2968,339,0.3595,-0.0227,0.0083,-0.055,0.0097
2026-09-14 14:17:44,706.81,2026-09-14,695.0,0.04,0.09,0.08,7935,4047,0.3448,-0.0273,0.0101,-0.065,0.0113
2026-09-14 14:17:44,706.81,2026-09-14,696.0,0.06,0.07,0.09,5551,534,0.3201,-0.0291,0.01149,-0.065,0.012
2026-09-14 14:17:44,706.81,2026-09-14,697.0,0.08,0.13,0.12,9546,291,0.3224,-0.044,0.016,-0.105,0.0168
2026-09-14 14:17:44,706.81,2026-09-14,698.0,0.14,0.15,0.15,8031,394,0.316,-0.0591,0.02064,-0.145,0.0212
2026-09-14 14:17:44,706.81,2026-09-14,699.0,0.17,0.18,0.18,9285,434,0.3002,-0.0724,0.02545,-0.175,0.0249
2026-09-14 14:17:44,706.81,2026-09-14,700.0,0.18,0.19,0.19,37594,3971,0.274,-0.082,0.03063,-0.185,0.0273
2026-09-14 14:17:44,706.81,2026-09-14,701.0,0.24,0.25,0.29,20270,312,0.2624,-0.1074,0.03906,-0.245,0.0333
2026-09-14 14:17:44,706.81,2026-09-14,702.0,0.37,0.38,0.38,31736,678,0.2623,-0.1521,0.04973,-0.375,0.0424
2026-09-14 14:17:44,706.81,2026-09-14,703.0,0.49,0.5,0.46,52381,965,0.2504,-0.1967,0.06137,-0.495,0.05
2026-09-14 14:17:44,706.81,2026-09-14,704.0,0.67,0.68,0.63,49475,656,0.2416,-0.2566,0.07393,-0.675,0.0581
2026-09-14 14:17:44,706.81,2026-09-14,705.0,0.86,0.91,0.91,57555,2297,0.2282,-0.3271,0.08766,-0.885,0.0651
2026-09-14 14:17:44,706.81,2026-09-14,706.0,1.19,1.24,1.24,33514,542,0.2219,-0.4167,0.0975,-1.215,0.0704
2026-09-14 14:17:44,706.81,2026-09-14,707.0,1.66,1.67,1.67,20467,603,0.2193,-0.516,0.10076,-1.475,0.0719
2026-09-14 14:17:44,706.81,2026-09-14,708.0,2.14,2.21,2.15,7248,769,0.2109,-0.6197,0.10012,-0.985,0.0687
2026-09-14 14:17:44,706.81,2026-09-14,709.0,2.86,2.89,2.82,3081,918,0.2158,-0.7102,0.08793,-0.685,0.0617
2026-09-14 14:17:44,706.81,2026-09-14,710.0,3.63,3.66,3.66,2954,2769,0.2189,-0.7876,0.07347,-0.455,0.0523
2026-09-14 14:17:44,706.81,2026-09-14,711.0,4.33,4.58,4.39,1344,970,0.2157,-0.8567,0.0581,-0.265,0.0408
2026-09-14 14:17:44,706.81,2026-09-14,712.0,5.45,5.49,5.3,1146,567,0.2538,-0.8691,0.04644,-0.28,0.0383
2026-09-14 14:17:44,706.81,2026-09-14,713.0,5.96,6.33,6.38,971,122,,,,,
2026-09-14 14:17:44,706.81,2026-09-14,714.0,7.12,7.48,7.3,10928,82,0.2593,-0.936,0.02679,-0.11,0.0226
2026-09-14 14:17:44,706.81,2026-09-14,715.0,8.05,8.14,8.33,2153,1977,,,,,
2026-09-14 14:17:44,706.81,2026-09-14,716.0,9.11,9.49,9.28,885,106,0.3141,-0.9456,0.01945,-0.11,0.0199
2026-09-14 14:17:44,706.81,2026-09-14,717.0,10.07,10.39,9.94,363,52,0.2954,-0.9707,0.01252,-0.04,0.012
2026-09-14 14:17:44,706.81,2026-09-14,718.0,10.83,11.46,10.97,136,237,,,,,
2026-09-14 14:17:44,706.81,2026-09-14,719.0,11.88,12.46,12.36,148,91,0.1858,-0.9998,0.00018,0.02,0.0001
2026-09-14 14:17:44,706.81,2026-09-14,720.0,13.08,13.55,13.04,105,963,0.4276,-0.9541,0.01248,-0.125,0.0174
2026-09-14 14:17:44,706.81,2026-09-14,721.0,14.18,14.23,14.44,1035,59,0.3591,-0.9847,0.00596,-0.015,0.007
2026-09-14 14:18:44,706.61,2026-09-14,692.0,0.06,0.07,0.05,3648,359,0.4135,-0.0232,0.00738,-0.065,0.0099
2026-09-14 14:18:44,706.61,2026-09-14,693.0,0.07,0.08,0.04,4452,222,0.3986,-0.0272,0.00875,-0.075,0.0113
2026-09-14 14:18:44,706.61,2026-09-14,694.0,0.04,0.05,0.08,2970,339,0.3445,-0.0197,0.00772,-0.045,0.0086
2026-09-14 14:18:44,706.61,2026-09-14,695.0,0.09,0.1,0.08,7958,4047,0.3638,-0.0363,0.01216,-0.095,0.0143
2026-09-14 14:18:44,706.61,2026-09-14,696.0,0.1,0.11,0.1,5637,534,0.3442,-0.0416,0.01435,-0.105,0.016
2026-09-14 14:18:44,706.61,2026-09-14,697.0,0.08,0.13,0.12,9582,291,0.3176,-0.0446,0.01646,-0.105,0.0169
2026-09-14 14:18:44,706.61,2026-09-14,698.0,0.15,0.16,0.16,8150,394,0.3155,-0.0627,0.0217,-0.155,0.0222
2026-09-14 14:18:44,706.61,2026-09-14,699.0,0.14,0.15,0.19,9365,434,0.2823,-0.0651,0.02499,-0.145,0.0229
2026-09-14 14:18:44,706.61,2026-09-14,700.0,0.19,0.24,0.2,38052,3971,0.2789,-0.0917,0.03281,-0.215,0.0297
2026-09-14 14:18:44,706.61,2026-09-14,701.0,0.3,0.31,0.27,20491,312,0.2732,-0.1246,0.04175,-0.305,0.037
2026-09-14 14:18:44,706.61,2026-09-14,702.0,0.35,0.36,0.4,31923,678,0.2508,-0.1511,0.05188,-0.355,0.0422
2026-09-14 14:18:44,706.61,2026-09-14,703.0,0.49,0.54,0.54,53297,965,0.2468,-0.2055,0.06404,-0.515,0.0512
2026-09-14 14:18:44,706.61,2026-09-14,704.0,0.68,0.69,0.68,49986,656,0.2348,-0.2656,0.07758,-0.685,0.059
2026-09-14 14:18:44,706.61,2026-09-14,705.0,0.98,0.99,0.99,58721,2297,0.2335,-0.3479,0.08791,-0.985,0.0665
2026-09-14 14:18:44,706.61,2026-09-14,706.0,1.27,1.34,1.33,34974,542,0.2229,-0.4365,0.09815,-1.305,0.0709
2026-09-14 14:18:44,706.61,2026-09-14,707.0,1.78,1.8,1.8,20907,603,0.2224,-0.5357,0.09922,-1.4,0.0715
2026-09-14 14:18:44,706.61,2026-09-14,708.0,2.3,2.36,2.36,7428,769,0.2155,-0.6369,0.09671,-0.94,0.0676
2026-09-14 14:18:44,706.61,2026-09-14,709.0,2.97,3.08,3.06,3098,918,0.2171,-0.7266,0.08511,-0.635,0.0599
2026-09-14 14:18:44,706.61,2026-09-14,710.0,3.74,3.82,3.8,2975,2769,0.2144,-0.8073,0.07089,-0.39,0.0493
2026-09-14 14:18:44,706.61,2026-09-14,711.0,4.56,4.81,4.62,1347,970,0.2304,-0.8525,0.05557,-0.295,0.0415
2026-09-14 14:18:44,706.61,2026-09-14,712.0,5.42,5.69,5.39,1147,567,0.2275,-0.9037,0.04167,-0.165,0.0307
2026-09-14 14:18:44,706.61,2026-09-14,713.0,6.18,6.66,6.43,972,122,0.1952,-0.9642,0.0224,-0.03,0.0142
2026-09-14 14:18:44,706.61,2026-09-14,714.0,7.42,7.59,7.3,10928,82,0.2675,-0.9356,0.02614,-0.115,0.0227
2026-09-14 14:18:44,706.61,2026-09-14,715.0,8.47,8.58,8.48,2168,1977,0.3044,-0.935,0.02313,-0.135,0.0228
2026-09-14 14:18:44,706.61,2026-09-14,716.0,9.03,9.48,9.45,886,106,,,,,
2026-09-14 14:18:44,706.61,2026-09-14,717.0,10.24,10.71,10.5,364,52,0.3324,-0.9569,0.0153,-0.085,0.0165
2026-09-14 14:18:44,706.61,2026-09-14,718.0,11.19,11.5,10.97,136,237,,,,,
2026-09-14 14:18:44,706.61,2026-09-14,719.0,12.3,12.55,12.36,148,91,0.3431,-0.9762,0.00908,-0.035,0.0101
2026-09-14 14:18:44,706.61,2026-09-14,720.0,12.88,13.51,13.04,105,963,,,,,
2026-09-14 14:18:44,706.61,2026-09-14,721.0,14.28,14.51,14.58,1261,59,0.3478,-0.9883,0.00487,-0.005,0.0055
2026-09-14 14:19:45,706.66,2026-09-14,692.0,0.02,0.07,0.03,3728,359,0.3926,-0.0176,0.00615,-0.045,0.0078
2026-09-14 14:19:45,706.66,2026-09-14,693.0,0.02,0.03,0.04,4452,222,0.3401,-0.0118,0.00504,-0.025,0.0055
2026-09-14 14:19:45,706.66,2026-09-14,694.0,0.07,0.08,0.07,2974,339,0.3756,-0.0288,0.00973,-0.075,0.0118
2026-09-14 14:19:45,706.66,2026-09-14,695.0,0.08,0.09,0.08,7959,4047,0.3583,-0.0334,0.01155,-0.085,0.0134
2026-09-14 14:19:45,706.66,2026-09-14,696.0,0.09,0.1,0.09,5640,534,0.3396,-0.0386,0.01372,-0.095,0.0151
2026-09-14 14:19:45,706.66,2026-09-14,697.0,0.11,0.12,0.12,9789,291,0.3252,-0.0473,0.01689,-0.115,0.0178
2026-09-14 14:19:45,706.66,2026-09-14,698.0,0.09,0.14,0.1,8254,394,0.2979,-0.0511,0.01959,-0.115,0.0189
2026-09-14 14:19:45,706.66,2026-09-14,699.0,0.16,0.17,0.17,9481,434,0.2926,-0.0706,0.02569,-0.165,0.0243
2026-09-14 14:19:45,706.66,2026-09-14,700.0,0.17,0.18,0.22,38318,3971,0.2666,-0.0803,0.03109,-0.175,0.0268
2026-09-14 14:19:45,706.66,2026-09-14,701.0,0.23,0.28,0.24,20850,312,0.2612,-0.1117,0.04048,-0.255,0.0342
2026-09-14 14:19:45,706.66,2026-09-14,702.0,0.32,0.37,0.37,32100,678,0.2506,-0.1479,0.05128,-0.345,0.0415
2026-09-14 14:19:45,706.66,2026-09-14,703.0,0.49,0.5,0.5,53855,965,0.2452,-0.2004,0.0636,-0.495,0.0504
2026-09-14 14:19:45,706.66,2026-09-14,704.0,0.63,0.68,0.68,50594,656,0.2322,-0.2591,0.07756,-0.655,0.0582
2026-09-14 14:19:45,706.66,2026-09-14,705.0,0.88,0.93,0.93,59817,2297,0.2243,-0.3373,0.09057,-0.905,0.0657
2026-09-14 14:19:45,706.66,2026-09-14,706.0,1.26,1.27,1.27,35704,542,0.2206,-0.4308,0.09906,-1.265,0.0706
2026-09-14 14:19:45,706.66,2026-09-14,707.0,1.67,1.68,1.71,21565,603,0.2104,-0.5327,0.10511,-1.335,0.0715
2026-09-14 14:19:45,706.66,2026-09-14,708.0,2.21,2.29,2.27,7778,769,0.2087,-0.6364,0.10005,-0.91,0.0675
2026-09-14 14:19:45,706.66,2026-09-14,709.0,2.85,2.98,2.99,3114,918,0.2051,-0.7342,0.08897,-0.575,0.059
2026-09-14 14:19:45,706.66,2026-09-14,710.0,3.71,3.78,3.74,2983,2769,0.2158,-0.8026,0.07159,-0.405,0.0499
2026-09-14 14:19:45,706.66,2026-09-14,711.0,4.42,4.66,4.65,1350,970,0.2046,-0.8786,0.05481,-0.2,0.0363
2026-09-14 14:19:45,706.66,2026-09-14,712.0,5.34,5.72,5.39,1147,567,0.2342,-0.8954,0.04306,-0.19,0.0326
2026-09-14 14:19:45,706.66,2026-09-14,713.0,6.25,6.37,6.43,972,122,,,,,
2026-09-14 14:19:45,706.66,2026-09-14,714.0,7.25,7.66,7.49,10931,82,0.2665,-0.9353,0.02637,-0.115,0.0227
2026-09-14 14:19:45,706.66,2026-09-14,715.0,8.45,8.54,8.46,2172,1977,0.3119,-0.9294,0.02411,-0.155,0.0243
2026-09-14 14:19:45,706.66,2026-09-14,716.0,9.41,9.53,9.43,887,106,0.3289,-0.9408,0.01993,-0.13,0.0212
2026-09-14 14:19:45,706.66,2026-09-14,717.0,10.3,10.78,10.34,366,52,0.3875,-0.9286,0.01956,-0.2,0.0245
2026-09-14 14:19:45,706.66,2026-09-14,718.0,11.3,11.5,10.97,136,237,0.3399,-0.9666,0.01216,-0.06,0.0134
2026-09-14 14:19:45,706.66,2026-09-14,719.0,12.42,12.45,12.36,148,91,0.3889,-0.9592,0.01252,-0.095,0.0157
2026-09-14 14:19:45,706.66,2026-09-14,720.0,13.5,13.9,13.87,106,963,0.5355,-0.9137,0.01635,-0.36,0.0283
2026-09-14 14:19:45,706.66,2026-09-14,721.0,14.1,14.62,14.58,1261,59,0.3703,-0.9832,0.00627,-0.02,0.0075
2026-09-14 14:20:45,706.64,2026-09-14,692.0,0.05,0.06,0.05,3768,359,0.4047,-0.0205,0.0068,-0.055,0.0089
2026-09-14 14:20:45,706.64,2026-09-14,693.0,0.02,0.07,0.06,4473,222,0.3695,-0.0186,0.00686,-0.045,0.0082
2026-09-14 14:20:45,706.64,2026-09-14,694.0,0.07,0.08,0.07,2982,339,0.3756,-0.0288,0.00975,-0.075,0.0118
2026-09-14 14:20:45,706.64,2026-09-14,695.0,0.03,0.08,0.05,7961,4047,0.333,-0.0244,0.00957,-0.055,0.0103
2026-09-14 14:20:45,706.64,2026-09-14,696.0,0.05,0.06,0.1,5691,534,0.3087,-0.0261,0.01092,-0.055,0.0109
2026-09-14 14:20:45,706.64,2026-09-14,697.0,0.11,0.12,0.12,9853,291,0.3251,-0.0474,0.01693,-0.115,0.0177
2026-09-14 14:20:45,706.64,2026-09-14,698.0,0.13,0.14,0.14,8328,394,0.3079,-0.057,0.02071,-0.135,0.0206
2026-09-14 14:20:45,706.64,2026-09-14,699.0,0.12,0.17,0.13,9495,434,0.284,-0.065,0.02486,-0.145,0.0228
2026-09-14 14:20:45,706.64,2026-09-14,700.0,0.2,0.21,0.17,38702,3971,0.2772,-0.0888,0.03231,-0.205,0.0289
2026-09-14 14:20:45,706.64,2026-09-14,701.0,0.23,0.28,0.28,21103,312,0.261,-0.112,0.04065,-0.255,0.0342
2026-09-14 14:20:45,706.64,2026-09-14,702.0,0.35,0.36,0.36,32311,678,0.2526,-0.1506,0.05154,-0.355,0.042
2026-09-14 14:20:45,706.64,2026-09-14,703.0,0.48,0.49,0.46,54516,965,0.2428,-0.1991,0.06406,-0.485,0.0501
2026-09-14 14:20:45,706.64,2026-09-14,704.0,0.67,0.68,0.64,51246,656,0.2351,-0.2629,0.0773,-0.675,0.0586
2026-09-14 14:20:45,706.64,2026-09-14,705.0,0.88,0.93,0.93,60883,2297,0.2236,-0.3384,0.09111,-0.905,0.0657
2026-09-14 14:20:45,706.64,2026-09-14,706.0,1.27,1.28,1.28,37504,542,0.2211,-0.4329,0.09907,-1.275,0.0706
2026-09-14 14:20:45,706.64,2026-09-14,707.0,1.67,1.72,1.72,22427,603,0.212,-0.5346,0.10443,-1.335,0.0714
2026-09-14 14:20:45,706.64,2026-09-14,708.0,2.23,2.24,2.3,7934,769,0.2049,-0.6411,0.10162,-0.875,0.0671
2026-09-14 14:20:45,706.64,2026-09-14,709.0,2.87,2.96,2.96,3203,918,0.2028,-0.7386,0.08932,-0.555,0.0584
2026-09-14 14:20:45,706.64,2026-09-14,710.0,3.64,3.8,3.9,3004,2769,0.2077,-0.8136,0.07193,-0.36,0.0482
2026-09-14 14:20:45,706.64,2026-09-14,711.0,4.48,4.67,4.83,1351,970,0.2097,-0.8743,0.05491,-0.215,0.0371
2026-09-14 14:20:45,706.64,2026-09-14,712.0,5.46,5.48,5.61,1152,567,0.2079,-0.9226,0.03884,-0.11,0.026
2026-09-14 14:20:45,706.64,2026-09-14,713.0,6.21,6.74,6.79,974,122,0.239,-0.929,0.03165,-0.115,0.0244
2026-09-14 14:20:45,706.64,2026-09-14,714.0,7.17,7.6,7.51,10934,82,0.2158,-0.9701,0.01753,-0.025,0.0122
2026-09-14 14:20:45,706.64,2026-09-14,715.0,8.25,8.78,8.46,2172,1977,0.3129,-0.9295,0.02403,-0.155,0.0242
2026-09-14 14:20:45,706.64,2026-09-14,716.0,9.37,9.49,9.56,898,106,0.2976,-0.9585,0.01663,-0.07,0.016
2026-09-14 14:20:45,706.64,2026-09-14,717.0,10.37,10.41,10.78,366,52,0.2918,-0.9748,0.01125,-0.03,0.0106
2026-09-14 14:20:45,706.64,2026-09-14,718.0,11.18,11.54,10.97,136,237,0.276,-0.9883,0.00616,0.0,0.0055
2026-09-14 14:20:45,706.64,2026-09-14,719.0,12.27,12.55,12.36,148,91,0.3571,-0.9715,0.01016,-0.05,0.0117
2026-09-14 14:20:45,706.64,2026-09-14,720.0,13.26,13.46,13.87,108,963,0.3176,-0.9897,0.00481,0.0,0.0049
2026-09-14 14:20:45,706.64,2026-09-14,721.0,14.26,14.37,14.58,1261,59,,,,,
2026-09-14 14:21:47,706.04,2026-09-14,692.0,0.01,0.02,0.02,3853,359,0.328,-0.0077,0.00362,-0.015,0.0038
2026-09-14 14:21:47,706.04,2026-09-14,693.0,0.02,0.03,0.05,4496,222,0.3279,-0.0123,0.00542,-0.025,0.0057
2026-09-14 14:21:47,706.04,2026-09-14,694.0,0.07,0.08,0.07,3003,339,0.3615,-0.0298,0.01046,-0.075,0.0121
2026-09-14 14:21:47,706.04,2026-09-14,695.0,0.04,0.05,0.04,7986,4047,0.3091,-0.0218,0.00942,-0.045,0.0093
2026-09-14 14:21:47,706.04,2026-09-14,696.0,0.05,0.06,0.06,5695,534,0.2947,-0.0272,0.01189,-0.055,0.0112
2026-09-14 14:21:47,706.04,2026-09-14,697.0,0.11,0.12,0.08,9947,291,0.3095,-0.0496,0.01848,-0.115,0.0183
2026-09-14 14:21:47,706.04,2026-09-14,698.0,0.14,0.15,0.14,8428,394,0.2962,-0.0628,0.02327,-0.145,0.0221
2026-09-14 14:21:47,706.04,2026-09-14,699.0,0.18,0.19,0.18,9544,434,0.283,-0.0803,0.0294,-0.185,0.0267
2026-09-14 14:21:47,706.04,2026-09-14,700.0,0.23,0.24,0.23,39110,3971,0.2687,-0.1024,0.0371,-0.235,0.032
2026-09-14 14:21:47,706.04,2026-09-14,701.0,0.31,0.32,0.31,22001,312,0.2576,-0.1348,0.04702,-0.315,0.0388
2026-09-14 14:21:47,706.04,2026-09-14,702.0,0.38,0.39,0.38,33244,678,0.2379,-0.1689,0.05915,-0.385,0.0451
2026-09-14 14:21:47,706.04,2026-09-14,703.0,0.59,0.6,0.59,55776,965,0.2393,-0.2362,0.07192,-0.595,0.0552
2026-09-14 14:21:47,706.04,2026-09-14,704.0,0.78,0.83,0.77,52858,656,0.2288,-0.3063,0.08565,-0.805,0.0629
2026-09-14 14:21:47,706.04,2026-09-14,705.0,1.12,1.13,1.12,63415,2297,0.224,-0.3947,0.09596,-1.125,0.0689
2026-09-14 14:21:47,706.04,2026-09-14,706.0,1.49,1.54,1.49,39421,542,0.2162,-0.4928,0.10302,-1.515,0.0714
2026-09-14 14:21:47,706.04,2026-09-14,707.0,2.05,2.06,2.05,25889,603,0.2153,-0.5952,0.1005,-1.095,0.0694
2026-09-14 14:21:47,706.04,2026-09-14,708.0,2.59,2.63,2.66,8394,769,0.2007,-0.7042,0.0961,-0.65,0.0619
2026-09-14 14:21:47,706.04,2026-09-14,709.0,3.41,3.44,3.41,3483,918,0.2129,-0.7784,0.07797,-0.465,0.0533
2026-09-14 14:21:47,706.04,2026-09-14,710.0,4.16,4.27,4.16,3246,2769,0.2067,-0.8552,0.06152,-0.255,0.0408
2026-09-14 14:21:47,706.04,2026-09-14,711.0,5.14,5.16,5.05,1357,970,0.2228,-0.8908,0.04687,-0.19,0.0335
2026-09-14 14:21:47,706.04,2026-09-14,712.0,5.9,6.13,5.9,1187,567,0.2004,-0.9501,0.0287,-0.055,0.0184
2026-09-14 14:21:47,706.04,2026-09-14,713.0,6.73,7.02,6.44,984,122,,,,,
2026-09-14 14:21:47,706.04,2026-09-14,714.0,7.98,8.18,7.52,10954,82,0.2871,-0.9372,0.024,-0.12,0.0221
2026-09-14 14:21:47,706.04,2026-09-14,715.0,8.77,9.06,8.77,2188,1977,,,,,
2026-09-14 14:21:47,706.04,2026-09-14,716.0,10.06,10.07,9.51,900,106,0.3343,-0.95,0.01724,-0.105,0.0185
2026-09-14 14:21:47,706.04,2026-09-14,717.0,11.03,11.12,10.43,367,52,0.3663,-0.9506,0.01558,-0.115,0.0183
2026-09-14 14:21:47,706.04,2026-09-14,718.0,12.04,12.13,10.97,136,237,0.3982,-0.951,0.01422,-0.125,0.0182
2026-09-14 14:21:47,706.04,2026-09-14,719.0,12.78,12.83,12.51,149,91,,,,,
2026-09-14 14:21:47,706.04,2026-09-14,720.0,13.45,13.96,13.41,110,963,,,,,
2026-09-14 14:21:47,706.04,2026-09-14,721.0,14.79,14.95,14.5,1379,59,,,,,
2026-09-14 14:22:48,706.01,2026-09-14,692.0,0.01,0.02,0.02,3857,359,0.3279,-0.0077,0.00363,-0.015,0.0038
2026-09-14 14:22:48,706.01,2026-09-14,693.0,0.02,0.07,0.03,4503,222,0.3562,-0.0193,0.00737,-0.045,0.0084
2026-09-14 14:22:48,706.01,2026-09-14,694.0,0.07,0.08,0.04,3007,339,0.3613,-0.0299,0.0105,-0.075,0.0121
2026-09-14 14:22:48,706.01,2026-09-14,695.0,0.04,0.05,0.08,7998,4047,0.3089,-0.0219,0.00946,-0.045,0.0093
2026-09-14 14:22:48,706.01,2026-09-14,696.0,0.09,0.1,0.06,5697,534,0.3243,-0.0404,0.01498,-0.095,0.0155
2026-09-14 14:22:48,706.01,2026-09-14,697.0,0.11,0.12,0.11,9976,291,0.3091,-0.0497,0.01857,-0.115,0.0184
2026-09-14 14:22:48,706.01,2026-09-14,698.0,0.14,0.15,0.14,8568,394,0.2958,-0.063,0.02338,-0.145,0.0221
2026-09-14 14:22:48,706.01,2026-09-14,699.0,0.18,0.19,0.17,9603,434,0.2825,-0.0805,0.02956,-0.185,0.0267
2026-09-14 14:22:48,706.01,2026-09-14,700.0,0.23,0.24,0.23,39956,3971,0.2681,-0.1027,0.03732,-0.235,0.032
2026-09-14 14:22:48,706.01,2026-09-14,701.0,0.27,0.32,0.31,22151,312,0.2517,-0.1304,0.0471,-0.295,0.0379
2026-09-14 14:22:48,706.01,2026-09-14,702.0,0.38,0.39,0.42,33859,678,0.2371,-0.1695,0.05957,-0.385,0.0452
2026-09-14 14:22:48,706.01,2026-09-14,703.0,0.58,0.59,0.58,57203,965,0.2365,-0.2355,0.07275,-0.585,0.055
2026-09-14 14:22:48,706.01,2026-09-14,704.0,0.77,0.82,0.77,53922,656,0.2261,-0.3066,0.08685,-0.795,0.0628
2026-09-14 14:22:48,706.01,2026-09-14,705.0,1.08,1.13,1.08,65704,2297,0.2197,-0.3955,0.09804,-1.105,0.0689
2026-09-14 14:22:48,706.01,2026-09-14,706.0,1.5,1.55,1.5,41493,542,0.2158,-0.4959,0.10336,-1.525,0.0713
2026-09-14 14:22:48,706.01,2026-09-14,707.0,2.06,2.07,2.07,28926,603,0.2145,-0.5988,0.10082,-1.075,0.0691
2026-09-14 14:22:48,706.01,2026-09-14,708.0,2.68,2.7,2.68,9193,769,0.2105,-0.6985,0.09257,-0.7,0.0623
2026-09-14 14:22:48,706.01,2026-09-14,709.0,3.43,3.48,3.42,3798,918,0.2145,-0.7794,0.07732,-0.465,0.053
2026-09-14 14:22:48,706.01,2026-09-14,710.0,4.22,4.33,4.24,3373,2769,0.2153,-0.8475,0.06124,-0.285,0.0422
2026-09-14 14:22:48,706.01,2026-09-14,711.0,4.97,5.23,5.09,1499,970,0.1976,-0.9191,0.04243,-0.11,0.0268
2026-09-14 14:22:48,706.01,2026-09-14,712.0,6.03,6.23,6.02,1195,567,0.2387,-0.9177,0.03558,-0.14,0.0272
2026-09-14 14:22:48,706.01,2026-09-14,713.0,7.02,7.21,6.44,984,122,0.2622,-0.93,0.02862,-0.125,0.024
2026-09-14 14:22:48,706.01,2026-09-14,714.0,7.85,8.18,7.92,10957,82,0.2318,-0.9719,0.01556,-0.025,0.0115
2026-09-14 14:22:48,706.01,2026-09-14,715.0,8.82,9.37,9.05,2439,1977,0.3087,-0.9464,0.01975,-0.105,0.0195
2026-09-14 14:22:48,706.01,2026-09-14,716.0,9.99,10.2,10,902,106,0.3356,-0.9501,0.01717,-0.105,0.0184
2026-09-14 14:22:48,706.01,2026-09-14,717.0,11.02,11.38,10.99,368,52,0.4123,-0.9294,0.01834,-0.21,0.0242
2026-09-14 14:22:48,706.01,2026-09-14,718.0,11.85,12.25,10.97,136,237,0.3576,-0.968,0.01123,-0.06,0.0128
2026-09-14 14:22:48,706.01,2026-09-14,719.0,12.93,13.08,12.51,149,91,0.3355,-0.9837,0.00677,-0.015,0.0073
2026-09-14 14:22:48,706.01,2026-09-14,720.0,13.8,14.13,13.64,140,963,,,,,
2026-09-14 14:22:48,706.01,2026-09-14,721.0,14.58,14.97,14.57,1380,59,,,,,
2026-09-14 14:23:48,706.1,2026-09-14,692.0,0.05,0.06,0.05,3902,359,0.394,-0.0211,0.00719,-0.055,0.009
2026-09-14 14:23:48,706.1,2026-09-14,693.0,0.06,0.07,0.06,4506,222,0.38,-0.0252,0.00868,-0.065,0.0105
2026-09-14 14:23:48,706.1,2026-09-14,694.0,0.07,0.08,0.04,3010,339,0.3641,-0.0297,0.01039,-0.075,0.0121
2026-09-14 14:23:48,706.1,2026-09-14,695.0,0.04,0.05,0.08,8036,4047,0.3115,-0.0217,0.00934,-0.045,0.0093
2026-09-14 14:23:48,706.1,2026-09-14,696.0,0.05,0.1,0.06,5754,534,0.3133,-0.0339,0.01346,-0.075,0.0135
2026-09-14 14:23:48,706.1,2026-09-14,697.0,0.07,0.12,0.11,10015,291,0.3005,-0.0432,0.0171,-0.095,0.0164
2026-09-14 14:23:48,706.1,2026-09-14,698.0,0.09,0.14,0.12,8610,394,0.2843,-0.0535,0.02143,-0.115,0.0194
2026-09-14 14:23:48,706.1,2026-09-14,699.0,0.13,0.14,0.17,9783,434,0.2653,-0.0651,0.02678,-0.135,0.0227
2026-09-14 14:23:48,706.1,2026-09-14,700.0,0.22,0.23,0.19,40661,3971,0.2682,-0.0991,0.03641,-0.225,0.0311
2026-09-14 14:23:48,706.1,2026-09-14,701.0,0.25,0.3,0.29,22568,312,0.2498,-0.124,0.0459,-0.275,0.0366
2026-09-14 14:23:48,706.1,2026-09-14,702.0,0.4,0.41,0.4,34237,678,0.2453,-0.172,0.05821,-0.405,0.0455
2026-09-14 14:23:48,706.1,2026-09-14,703.0,0.55,0.56,0.55,57954,965,0.2352,-0.2274,0.07185,-0.555,0.0539
2026-09-14 14:23:48,706.1,2026-09-14,704.0,0.78,0.79,0.78,54946,656,0.2292,-0.301,0.08509,-0.785,0.0622
2026-09-14 14:23:48,706.1,2026-09-14,705.0,1.03,1.04,1.03,68182,2297,0.2149,-0.3842,0.09953,-1.035,0.0682
2026-09-14 14:23:48,706.1,2026-09-14,706.0,1.48,1.49,1.48,42923,542,0.2167,-0.4866,0.10301,-1.485,0.0712
2026-09-14 14:23:48,706.1,2026-09-14,707.0,1.99,2.009,1.99,30205,603,0.2131,-0.5904,0.10215,-1.0995,0.0694
2026-09-14 14:23:48,706.1,2026-09-14,708.0,2.62,2.63,2.61,9706,769,0.2104,-0.6905,0.09383,-0.725,0.063
2026-09-14 14:23:48,706.1,2026-09-14,709.0,3.25,3.27,3.27,4041,918,0.1907,-0.8,0.0822,-0.36,0.05
2026-09-14 14:23:48,706.1,2026-09-14,710.0,4.08,4.22,4.19,3455,2769,0.2039,-0.8555,0.06246,-0.25,0.0406
2026-09-14 14:23:48,706.1,2026-09-14,711.0,5.02,5.09,4.99,1514,970,0.2107,-0.9015,0.04614,-0.155,0.031
2026-09-14 14:23:48,706.1,2026-09-14,712.0,5.93,6.17,5.97,1205,567,0.2399,-0.9137,0.03674,-0.15,0.0281
2026-09-14 14:23:48,706.1,2026-09-14,713.0,6.83,7.27,6.44,984,122,0.2699,-0.9218,0.03032,-0.15,0.0261
2026-09-14 14:23:48,706.1,2026-09-14,714.0,7.74,8.21,7.7,10960,82,0.2638,-0.9516,0.02135,-0.075,0.018
2026-09-14 14:23:48,706.1,2026-09-14,715.0,8.98,9,8.79,2453,1977,0.2987,-0.9506,0.01916,-0.09,0.0182
2026-09-14 14:23:48,706.1,2026-09-14,716.0,9.77,10.05,9.81,907,106,0.2607,-0.9823,0.00936,-0.01,0.0078
2026-09-14 14:23:48,706.1,2026-09-14,717.0,11.07,11.25,10.74,369,52,0.4299,-0.9194,0.01948,-0.26,0.0267
2026-09-14 14:23:48,706.1,2026-09-14,718.0,11.81,12.12,10.97,136,237,0.3596,-0.9664,0.01164,-0.065,0.0134
2026-09-14 14:23:48,706.1,2026-09-14,719.0,12.99,13.23,12.51,149,91,0.4669,-0.9364,0.01496,-0.21,0.0223
2026-09-14 14:23:48,706.1,2026-09-14,720.0,13.78,14.16,13.64,140,963,0.4125,-0.9686,0.00959,-0.07,0.0126
2026-09-14 14:23:48,706.1,2026-09-14,721.0,14.57,15.15,14.79,1381,59,,,,,
2026-09-14 14:24:49,705.88,2026-09-14,691.0,0.01,0.02,0.05,4281,245,0.347,-0.0074,0.0033,-0.015,0.0036
2026-09-14 14:24:49,705.88,2026-09-14,692.0,0.05,0.06,0.05,3963,359,0.3895,-0.0213,0.00737,-0.055,0.0091
2026-09-14 14:24:49,705.88,2026-09-14,693.0,0.06,0.07,0.06,4526,222,0.3753,-0.0256,0.0089,-0.065,0.0106
2026-09-14 14:24:49,705.88,2026-09-14,694.0,0.03,0.08,0.04,3032,339,0.3412,-0.024,0.00928,-0.055,0.0101
2026-09-14 14:24:49,705.88,2026-09-14,695.0,0.08,0.09,0.08,8044,4047,0.3413,-0.0352,0.01275,-0.085,0.0138
2026-09-14 14:24:49,705.88,2026-09-14,696.0,0.05,0.1,0.06,5770,534,0.3082,-0.0345,0.01389,-0.075,0.0136
2026-09-14 14:24:49,705.88,2026-09-14,697.0,0.11,0.12,0.11,10243,291,0.3065,-0.0502,0.01893,-0.115,0.0184
2026-09-14 14:24:49,705.88,2026-09-14,698.0,0.13,0.14,0.13,8731,394,0.2884,-0.0607,0.02338,-0.135,0.0214
2026-09-14 14:24:49,705.88,2026-09-14,699.0,0.13,0.18,0.14,9808,434,0.2678,-0.0727,0.02896,-0.155,0.0246
2026-09-14 14:24:49,705.88,2026-09-14,700.0,0.19,0.24,0.2,40943,3971,0.2584,-0.0986,0.03772,-0.215,0.031
2026-09-14 14:24:49,705.88,2026-09-14,701.0,0.28,0.29,0.27,23002,312,0.2453,-0.1298,0.04832,-0.285,0.0377
2026-09-14 14:24:49,705.88,2026-09-14,702.0,0.4,0.41,0.38,34472,678,0.2373,-0.1769,0.06135,-0.405,0.0463
2026-09-14 14:24:49,705.88,2026-09-14,703.0,0.6,0.61,0.6,58651,965,0.2352,-0.2432,0.07469,-0.605,0.0558
2026-09-14 14:24:49,705.88,2026-09-14,704.0,0.84,0.85,0.84,55784,656,0.2282,-0.319,0.0878,-0.845,0.0637
2026-09-14 14:24:49,705.88,2026-09-14,705.0,1.16,1.17,1.16,69947,2297,0.2215,-0.4088,0.0984,-1.165,0.0692
2026-09-14 14:24:49,705.88,2026-09-14,706.0,1.59,1.6,1.59,43928,542,0.2171,-0.5093,0.10305,-1.475,0.0711
2026-09-14 14:24:49,705.88,2026-09-14,707.0,2.06,2.12,2.06,31645,603,0.2072,-0.616,0.1034,-0.97,0.0681
2026-09-14 14:24:49,705.88,2026-09-14,708.0,2.74,2.75,2.78,10197,769,0.2051,-0.716,0.0927,-0.625,0.0604
2026-09-14 14:24:49,705.88,2026-09-14,709.0,3.4,3.56,3.51,4580,918,0.1998,-0.8068,0.07698,-0.36,0.0489
2026-09-14 14:24:49,705.88,2026-09-14,710.0,4.27,4.42,4.34,3807,2769,0.2056,-0.8672,0.05859,-0.225,0.0383
2026-09-14 14:24:49,705.88,2026-09-14,711.0,5.1,5.24,5.08,1520,970,0.1758,-0.9473,0.03431,-0.05,0.0192
2026-09-14 14:24:49,705.88,2026-09-14,712.0,6.01,6.25,5.97,1205,567,0.174,-0.9748,0.01898,-0.01,0.0105
2026-09-14 14:24:49,705.88,2026-09-14,713.0,6.82,7.19,6.44,984,122,,,,,
2026-09-14 14:24:49,705.88,2026-09-14,714.0,7.8,8.2,7.74,10965,82,,,,,
2026-09-14 14:24:49,705.88,2026-09-14,715.0,8.96,9.23,8.74,2759,1977,,,,,
2026-09-14 14:24:49,705.88,2026-09-14,716.0,9.96,10.22,9.73,907,106,,,,,
2026-09-14 14:24:49,705.88,2026-09-14,717.0,10.95,11.17,10.84,370,52,,,,,
2026-09-14 14:24:49,705.88,2026-09-14,718.0,11.75,12.24,11.81,138,237,,,,,
2026-09-14 14:24:49,705.88,2026-09-14,719.0,12.9,13.31,12.76,153,91,0.2673,-0.9967,0.00207,0.015,0.0018
2026-09-14 14:24:49,705.88,2026-09-14,720.0,13.97,14.11,13.96,141,963,,,,,
2026-09-14 14:25:49,705.68,2026-09-14,691.0,0.01,0.06,0.05,4289,245,0.3832,-0.0145,0.00539,-0.035,0.0065
2026-09-14 14:25:49,705.68,2026-09-14,692.0,0.05,0.06,0.04,3973,359,0.3855,-0.0216,0.00752,-0.055,0.0092
2026-09-14 14:25:49,705.68,2026-09-14,693.0,0.02,0.07,0.03,4528,222,0.3503,-0.0196,0.00765,-0.045,0.0085
2026-09-14 14:25:49,705.68,2026-09-14,694.0,0.03,0.08,0.07,3057,339,0.337,-0.0243,0.00951,-0.055,0.0102
2026-09-14 14:25:49,705.68,2026-09-14,695.0,0.04,0.09,0.05,8097,4047,0.3214,-0.0294,0.01169,-0.065,0.0119
2026-09-14 14:25:49,705.68,2026-09-14,696.0,0.05,0.06,0.09,5787,534,0.2878,-0.0279,0.01253,-0.055,0.0114
2026-09-14 14:25:49,705.68,2026-09-14,697.0,0.07,0.12,0.1,10463,291,0.2903,-0.0447,0.01824,-0.095,0.0168
2026-09-14 14:25:49,705.68,2026-09-14,698.0,0.1,0.15,0.14,8800,394,0.2786,-0.0586,0.0236,-0.125,0.0208
2026-09-14 14:25:49,705.68,2026-09-14,699.0,0.15,0.16,0.15,9968,434,0.2624,-0.0741,0.03004,-0.155,0.025
2026-09-14 14:25:49,705.68,2026-09-14,700.0,0.25,0.26,0.25,42616,3971,0.2648,-0.1114,0.04028,-0.255,0.0338
2026-09-14 14:25:49,705.68,2026-09-14,701.0,0.34,0.35,0.34,23318,312,0.2541,-0.1475,0.051,-0.345,0.041
2026-09-14 14:25:49,705.68,2026-09-14,702.0,0.48,0.49,0.42,35261,678,0.2467,-0.1979,0.06337,-0.485,0.0495
2026-09-14 14:25:49,705.68,2026-09-14,703.0,0.66,0.67,0.66,59777,965,0.2375,-0.2597,0.07672,-0.665,0.0577
2026-09-14 14:25:49,705.68,2026-09-14,704.0,0.89,0.9,0.89,58606,656,0.2264,-0.3349,0.09042,-0.895,0.0648
2026-09-14 14:25:49,705.68,2026-09-14,705.0,1.28,1.29,1.28,71359,2297,0.2273,-0.4297,0.0971,-1.285,0.0699
2026-09-14 14:25:49,705.68,2026-09-14,706.0,1.68,1.73,1.69,46528,542,0.2187,-0.5292,0.10225,-1.39,0.0708
2026-09-14 14:25:49,705.68,2026-09-14,707.0,2.24,2.3,2.23,34015,603,0.2162,-0.6307,0.09809,-0.955,0.0671
2026-09-14 14:25:49,705.68,2026-09-14,708.0,2.95,2.98,2.95,11234,769,0.2187,-0.7211,0.08633,-0.65,0.0598
2026-09-14 14:25:49,705.68,2026-09-14,709.0,3.64,3.79,3.64,4923,918,0.216,-0.8031,0.07216,-0.4,0.0493
2026-09-14 14:25:49,705.68,2026-09-14,710.0,4.42,4.61,4.52,4294,2769,0.2058,-0.8783,0.05515,-0.2,0.0359
2026-09-14 14:25:49,705.68,2026-09-14,711.0,5.34,5.56,5.4,1540,970,0.2175,-0.9131,0.04086,-0.135,0.0281
2026-09-14 14:25:49,705.68,2026-09-14,712.0,6.31,6.38,6.25,1222,567,0.1954,-0.9641,0.02269,-0.03,0.014
2026-09-14 14:25:49,705.68,2026-09-14,713.0,7.25,7.39,7.26,1014,122,0.1967,-0.9808,0.01335,-0.005,0.0083
2026-09-14 14:25:49,705.68,2026-09-14,714.0,8.22,8.39,7.98,10992,82,0.1934,-0.9917,0.0066,0.01,0.004
2026-09-14 14:25:49,705.68,2026-09-14,715.0,8.97,9.54,9.23,2888,1977,,,,,
2026-09-14 14:25:49,705.68,2026-09-14,716.0,10.16,10.28,9.89,910,106,,,,,
2026-09-14 14:25:49,705.68,2026-09-14,717.0,11.03,11.34,10.9,371,52,,,,,
2026-09-14 14:25:49,705.68,2026-09-14,718.0,12.22,12.27,11.81,138,237,,,,,
2026-09-14 14:25:49,705.68,2026-09-14,719.0,13.21,13.39,12.94,155,91,0.271,-0.9968,0.002,0.015,0.0017
2026-09-14 14:25:49,705.68,2026-09-14,720.0,14.03,14.23,13.96,141,963,,,,,
2026-09-14 14:26:51,705.18,2026-09-14,691.0,0.01,0.02,0.05,4291,245,0.3338,-0.0077,0.00356,-0.015,0.0037
2026-09-14 14:26:51,705.18,2026-09-14,692.0,0.01,0.06,0.04,3973,359,0.3497,-0.0158,0.00636,-0.035,0.007
2026-09-14 14:26:51,705.18,2026-09-14,693.0,0.02,0.03,0.06,4628,222,0.3116,-0.0129,0.00602,-0.025,0.0059
2026-09-14 14:26:51,705.18,2026-09-14,694.0,0.07,0.08,0.07,3067,339,0.3428,-0.0315,0.01164,-0.075,0.0126
2026-09-14 14:26:51,705.18,2026-09-14,695.0,0.04,0.09,0.08,8183,4047,0.3093,-0.0304,0.01253,-0.065,0.0122
2026-09-14 14:26:51,705.18,2026-09-14,696.0,0.06,0.07,0.07,5798,534,0.2838,-0.0328,0.01454,-0.065,0.013
2026-09-14 14:26:51,705.18,2026-09-14,697.0,0.09,0.14,0.09,10508,291,0.2882,-0.0531,0.02115,-0.115,0.0192
2026-09-14 14:26:51,705.18,2026-09-14,698.0,0.16,0.17,0.17,8866,394,0.2819,-0.0736,0.02789,-0.165,0.0248
2026-09-14 14:26:51,705.18,2026-09-14,699.0,0.22,0.23,0.22,10166,434,0.2724,-0.0983,0.03585,-0.225,0.0308
2026-09-14 14:26:51,705.18,2026-09-14,700.0,0.3,0.31,0.26,43109,3971,0.2621,-0.1304,0.04555,-0.305,0.0376
2026-09-14 14:26:51,705.18,2026-09-14,701.0,0.42,0.43,0.4,23709,312,0.2542,-0.1745,0.05702,-0.425,0.0457
2026-09-14 14:26:51,705.18,2026-09-14,702.0,0.58,0.59,0.56,35513,678,0.2456,-0.2301,0.06966,-0.585,0.0539
2026-09-14 14:26:51,705.18,2026-09-14,703.0,0.76,0.77,0.75,60608,965,0.2312,-0.2947,0.08404,-0.765,0.0612
2026-09-14 14:26:51,705.18,2026-09-14,704.0,1.06,1.11,1.06,59182,656,0.2281,-0.3824,0.0942,-1.085,0.0677
2026-09-14 14:26:51,705.18,2026-09-14,705.0,1.46,1.51,1.46,73825,2297,0.2235,-0.4789,0.10041,-1.485,0.0707
2026-09-14 14:26:51,705.18,2026-09-14,706.0,2,2.009,1.93,47843,542,0.2218,-0.5794,0.0993,-1.1845,0.0694
2026-09-14 14:26:51,705.18,2026-09-14,707.0,2.61,2.62,2.61,36579,603,0.2187,-0.6774,0.0924,-0.795,0.0637
2026-09-14 14:26:51,705.18,2026-09-14,708.0,3.35,3.36,3.29,12354,769,0.2218,-0.7603,0.07891,-0.535,0.0552
2026-09-14 14:26:51,705.18,2026-09-14,709.0,3.98,4.16,3.98,5083,918,0.2022,-0.8539,0.06381,-0.25,0.0407
2026-09-14 14:26:51,705.18,2026-09-14,710.0,4.98,5.08,4.83,4354,2769,0.226,-0.8829,0.049,-0.21,0.0349
2026-09-14 14:26:51,705.18,2026-09-14,711.0,5.7,6.01,5.72,1549,970,0.1864,-0.9593,0.02639,-0.035,0.0155
2026-09-14 14:26:51,705.18,2026-09-14,712.0,6.77,6.99,6.71,1225,567,0.2279,-0.9525,0.02445,-0.06,0.0176
2026-09-14 14:26:51,705.18,2026-09-14,713.0,7.46,8.01,7.31,1064,122,,,,,
2026-09-14 14:26:51,705.18,2026-09-14,714.0,8.45,8.8,8.65,11003,82,,,,,
2026-09-14 14:26:51,705.18,2026-09-14,715.0,9.54,10.09,9.42,2892,1977,0.2361,-0.9898,0.00647,0.005,0.0048
2026-09-14 14:26:51,705.18,2026-09-14,716.0,10.53,10.88,10.48,914,106,,,,,
2026-09-14 14:26:51,705.18,2026-09-14,717.0,11.32,11.84,11.41,374,52,,,,,
2026-09-14 14:26:51,705.18,2026-09-14,718.0,12.5,13.15,11.81,138,237,0.3184,-0.9875,0.00574,-0.005,0.0058
2026-09-14 14:26:51,705.18,2026-09-14,719.0,13.51,13.87,13.52,158,91,,,,,
2026-09-14 14:26:51,705.18,2026-09-14,720.0,14.72,15.09,14.71,143,963,0.449,-0.9665,0.00935,-0.085,0.0132
2026-09-14 14:27:51,705.45,2026-09-14,691.0,0.05,0.06,0.02,4308,245,0.4052,-0.0207,0.00693,-0.055,0.0088
2026-09-14 14:27:51,705.45,2026-09-14,692.0,0.05,0.06,0.04,3973,359,0.3811,-0.0218,0.00772,-0.055,0.0093
2026-09-14 14:27:51,705.45,2026-09-14,693.0,0.02,0.03,0.03,4756,222,0.318,-0.0127,0.00582,-0.025,0.0058
2026-09-14 14:27:51,705.45,2026-09-14,694.0,0.03,0.08,0.07,3077,339,0.3324,-0.0247,0.0098,-0.055,0.0102
2026-09-14 14:27:51,705.45,2026-09-14,695.0,0.08,0.09,0.07,8184,4047,0.3318,-0.0362,0.0135,-0.085,0.0141
2026-09-14 14:27:51,705.45,2026-09-14,696.0,0.05,0.06,0.09,5821,534,0.2829,-0.0284,0.01298,-0.055,0.0115
2026-09-14 14:27:51,705.45,2026-09-14,697.0,0.08,0.09,0.09,10561,291,0.2789,-0.0421,0.01818,-0.085,0.0159
2026-09-14 14:27:51,705.45,2026-09-14,698.0,0.11,0.12,0.15,9541,394,0.2679,-0.0566,0.02396,-0.115,0.0202
2026-09-14 14:27:51,705.45,2026-09-14,699.0,0.2,0.21,0.16,10267,434,0.2746,-0.0905,0.03347,-0.205,0.0289
2026-09-14 14:27:51,705.45,2026-09-14,700.0,0.23,0.28,0.27,43216,3971,0.2578,-0.1143,0.04226,-0.255,0.0343
2026-09-14 14:27:51,705.45,2026-09-14,701.0,0.37,0.38,0.38,23737,312,0.2534,-0.1585,0.0538,-0.375,0.0429
2026-09-14 14:27:51,705.45,2026-09-14,702.0,0.52,0.53,0.52,35879,678,0.2459,-0.2116,0.06641,-0.525,0.0513
2026-09-14 14:27:51,705.45,2026-09-14,703.0,0.71,0.72,0.73,61367,965,0.236,-0.2763,0.07991,-0.715,0.0593
2026-09-14 14:27:51,705.45,2026-09-14,704.0,0.99,1,0.96,59721,656,0.2299,-0.3581,0.09158,-0.995,0.0662
2026-09-14 14:27:51,705.45,2026-09-14,705.0,1.35,1.36,1.32,75455,2297,0.2232,-0.4517,0.10005,-1.355,0.0702
2026-09-14 14:27:51,705.45,2026-09-14,706.0,1.82,1.84,1.85,48907,542,0.219,-0.5532,0.10179,-1.28,0.0701
2026-09-14 14:27:51,705.45,2026-09-14,707.0,2.38,2.39,2.38,38224,603,0.2113,-0.6574,0.09805,-0.835,0.0652
2026-09-14 14:27:51,705.45,2026-09-14,708.0,3,3.09,3,13062,769,0.2031,-0.7577,0.08677,-0.495,0.0554
2026-09-14 14:27:51,705.45,2026-09-14,709.0,3.85,3.94,3.75,5250,918,0.2143,-0.8223,0.0685,-0.345,0.0462
2026-09-14 14:27:51,705.45,2026-09-14,710.0,4.71,4.76,4.63,4458,2769,0.21,-0.8868,0.05152,-0.185,0.034
2026-09-14 14:27:51,705.45,2026-09-14,711.0,5.62,5.78,5.72,1555,970,0.2307,-0.9104,0.03954,-0.15,0.0287
2026-09-14 14:27:51,705.45,2026-09-14,712.0,6.55,6.92,6.75,1227,567,0.2738,-0.9091,0.03369,-0.185,0.029
2026-09-14 14:27:51,705.45,2026-09-14,713.0,7.4,7.88,7.4,1089,122,0.264,-0.9448,0.02382,-0.09,0.0198
2026-09-14 14:27:51,705.45,2026-09-14,714.0,8.57,8.76,8.46,11004,82,0.304,-0.9417,0.02161,-0.115,0.0207
2026-09-14 14:27:51,705.45,2026-09-14,715.0,9.41,9.78,9.67,2897,1977,0.2883,-0.9677,0.01414,-0.045,0.0128
2026-09-14 14:27:51,705.45,2026-09-14,716.0,10.36,10.51,10.68,922,106,,,,,
2026-09-14 14:27:51,705.45,2026-09-14,717.0,11.59,11.69,11.28,376,52,0.3704,-0.9588,0.01345,-0.09,0.0157
2026-09-14 14:27:51,705.45,2026-09-14,718.0,12.37,12.66,11.81,138,237,,,,,
2026-09-14 14:27:51,705.45,2026-09-14,719.0,13.54,13.66,13.52,158,91,0.3897,-0.9735,0.00889,-0.05,0.0109
2026-09-14 14:27:51,705.45,2026-09-14,720.0,14.2,14.6,14.71,143,963,,,,,
2026-09-14 14:28:51,705.84,2026-09-14,691.0,0.05,0.06,0.02,4308,245,0.4149,-0.0203,0.00666,-0.055,0.0087
2026-09-14 14:28:51,705.84,2026-09-14,692.0,0.05,0.06,0.05,3978,359,0.3909,-0.0214,0.0074,-0.055,0.0091
2026-09-14 14:28:51,705.84,2026-09-14,693.0,0.06,0.07,0.03,4756,222,0.3766,-0.0256,0.00894,-0.065,0.0106
2026-09-14 14:28:51,705.84,2026-09-14,694.0,0.03,0.08,0.06,3080,339,0.3423,-0.0241,0.00933,-0.055,0.01
2026-09-14 14:28:51,705.84,2026-09-14,695.0,0.08,0.09,0.08,8189,4047,0.3423,-0.0353,0.01282,-0.085,0.0138
2026-09-14 14:28:51,705.84,2026-09-14,696.0,0.09,0.1,0.06,5835,534,0.3228,-0.0409,0.01534,-0.095,0.0155
2026-09-14 14:28:51,705.84,2026-09-14,697.0,0.11,0.12,0.11,10586,291,0.3073,-0.0504,0.01905,-0.115,0.0184
2026-09-14 14:28:51,705.84,2026-09-14,698.0,0.13,0.14,0.15,9542,394,0.289,-0.0609,0.02354,-0.135,0.0214
2026-09-14 14:28:51,705.84,2026-09-14,699.0,0.17,0.18,0.15,10278,434,0.2761,-0.0789,0.03008,-0.175,0.0261
2026-09-14 14:28:51,705.84,2026-09-14,700.0,0.23,0.24,0.23,43357,3971,0.265,-0.1045,0.03859,-0.235,0.0321
2026-09-14 14:28:51,705.84,2026-09-14,701.0,0.32,0.33,0.35,23796,312,0.2558,-0.1403,0.04918,-0.325,0.0395
2026-09-14 14:28:51,705.84,2026-09-14,702.0,0.44,0.45,0.47,36087,678,0.2457,-0.1862,0.06156,-0.445,0.0475
2026-09-14 14:28:51,705.84,2026-09-14,703.0,0.61,0.62,0.61,61844,965,0.2367,-0.2463,0.07519,-0.615,0.0559
2026-09-14 14:28:51,705.84,2026-09-14,704.0,0.85,0.86,0.88,60570,656,0.2291,-0.3222,0.08835,-0.855,0.0635
2026-09-14 14:28:51,705.84,2026-09-14,705.0,1.16,1.18,1.16,76589,2297,0.2211,-0.4121,0.09934,-1.17,0.069
2026-09-14 14:28:51,705.84,2026-09-14,706.0,1.58,1.61,1.61,49980,542,0.2155,-0.5136,0.10441,-1.435,0.0706
2026-09-14 14:28:51,705.84,2026-09-14,707.0,2.14,2.16,2.11,40523,603,0.2137,-0.6173,0.10079,-0.99,0.0676
2026-09-14 14:28:51,705.84,2026-09-14,708.0,2.71,2.75,2.71,13878,769,0.1989,-0.7271,0.09432,-0.57,0.0589
2026-09-14 14:28:51,705.84,2026-09-14,709.0,3.47,3.6,3.47,5651,918,0.2056,-0.8045,0.07581,-0.375,0.0489
2026-09-14 14:28:51,705.84,2026-09-14,710.0,4.29,4.43,4.39,4598,2769,0.2014,-0.8758,0.05742,-0.2,0.0363
2026-09-14 14:28:51,705.84,2026-09-14,711.0,5.27,5.4,5.46,1568,970,0.227,-0.8981,0.04424,-0.175,0.0315
2026-09-14 14:28:51,705.84,2026-09-14,712.0,6.1,6.3,6.49,1261,567,0.1988,-0.9585,0.02522,-0.04,0.0157
2026-09-14 14:28:51,705.84,2026-09-14,713.0,7.23,7.37,7.47,1107,122,0.2756,-0.9267,0.02849,-0.14,0.0247
2026-09-14 14:28:51,705.84,2026-09-14,714.0,8.119,8.36,8.34,11007,82,0.2752,-0.9512,0.02075,-0.0795,0.0179
2026-09-14 14:28:51,705.84,2026-09-14,715.0,8.96,9.31,9.18,2899,1977,,,,,
2026-09-14 14:28:51,705.84,2026-09-14,716.0,10.07,10.38,10.68,922,106,0.3185,-0.9625,0.01449,-0.065,0.0145
2026-09-14 14:28:51,705.84,2026-09-14,717.0,11.07,11.37,11.37,377,52,0.3401,-0.9664,0.0124,-0.06,0.0132
2026-09-14 14:28:51,705.84,2026-09-14,718.0,12.19,12.48,11.81,138,237,0.4335,-0.9408,0.01534,-0.175,0.0209
2026-09-14 14:28:51,705.84,2026-09-14,719.0,13.2,13.43,13.52,158,91,0.4508,-0.9479,0.01335,-0.155,0.0189
2026-09-14 14:28:51,705.84,2026-09-14,720.0,14.37,14.52,14.71,143,963,0.5387,-0.9279,0.01439,-0.285,0.0243
2026-09-14 14:29:52,705.65,2026-09-14,691.0,0.05,0.06,0.02,4313,245,0.4111,-0.0205,0.00679,-0.055,0.0087
2026-09-14 14:29:52,705.65,2026-09-14,692.0,0.05,0.06,0.05,3979,359,0.387,-0.0216,0.00755,-0.055,0.0091
2026-09-14 14:29:52,705.65,2026-09-14,693.0,0.06,0.07,0.03,4756,222,0.3726,-0.0259,0.00914,-0.065,0.0106
2026-09-14 14:29:52,705.65,2026-09-14,694.0,0.07,0.08,0.05,3086,339,0.3562,-0.0306,0.01097,-0.075,0.0122
2026-09-14 14:29:52,705.65,2026-09-14,695.0,0.04,0.05,0.08,8189,4047,0.3036,-0.0224,0.00994,-0.045,0.0094
2026-09-14 14:29:52,705.65,2026-09-14,696.0,0.05,0.06,0.08,5837,534,0.2886,-0.028,0.01259,-0.055,0.0114
2026-09-14 14:29:52,705.65,2026-09-14,697.0,0.11,0.12,0.11,10601,291,0.3025,-0.0511,0.01962,-0.115,0.0186
2026-09-14 14:29:52,705.65,2026-09-14,698.0,0.14,0.15,0.12,9678,394,0.2885,-0.0649,0.02482,-0.145,0.0224
2026-09-14 14:29:52,705.65,2026-09-14,699.0,0.14,0.19,0.18,10293,434,0.2669,-0.0774,0.03071,-0.165,0.0256
2026-09-14 14:29:52,705.65,2026-09-14,700.0,0.2,0.21,0.25,43721,3971,0.2497,-0.0982,0.03921,-0.205,0.0306
2026-09-14 14:29:52,705.65,2026-09-14,701.0,0.29,0.3,0.34,24015,312,0.2418,-0.136,0.05103,-0.295,0.0386
2026-09-14 14:29:52,705.65,2026-09-14,702.0,0.41,0.42,0.47,37284,678,0.2323,-0.1845,0.06487,-0.415,0.0471
2026-09-14 14:29:52,705.65,2026-09-14,703.0,0.63,0.64,0.61,62064,965,0.2321,-0.2564,0.07846,-0.635,0.057
2026-09-14 14:29:52,705.65,2026-09-14,704.0,0.88,0.89,0.84,60812,656,0.2244,-0.3358,0.09189,-0.885,0.0645
2026-09-14 14:29:52,705.65,2026-09-14,705.0,1.17,1.22,1.18,78108,2297,0.2135,-0.4286,0.10394,-1.195,0.0694
2026-09-14 14:29:52,705.65,2026-09-14,706.0,1.64,1.66,1.6,50509,542,0.2095,-0.5345,0.10726,-1.3,0.0703
2026-09-14 14:29:52,705.65,2026-09-14,707.0,2.22,2.23,2.22,41640,603,0.2074,-0.6406,0.10196,-0.875,0.0661
2026-09-14 14:29:52,705.65,2026-09-14,708.0,2.87,2.91,2.87,14443,769,0.2028,-0.741,0.09027,-0.54,0.0573
2026-09-14 14:29:52,705.65,2026-09-14,709.0,3.66,3.82,3.54,5947,918,0.2166,-0.8064,0.07166,-0.39,0.0485
2026-09-14 14:29:52,705.65,2026-09-14,710.0,4.36,4.7,4.55,4730,2769,0.2025,-0.8855,0.05402,-0.18,0.0342
2026-09-14 14:29:52,705.65,2026-09-14,711.0,5.3,5.61,5.46,1570,970,0.2085,-0.9247,0.0385,-0.105,0.0251
2026-09-14 14:29:52,705.65,2026-09-14,712.0,6.21,6.52,6.49,1262,567,0.1853,-0.9726,0.01923,-0.015,0.0111
2026-09-14 14:29:52,705.65,2026-09-14,713.0,7.37,7.65,7.44,1120,122,0.2897,-0.9222,0.02842,-0.16,0.0257
2026-09-14 14:29:52,705.65,2026-09-14,714.0,8.41,8.57,8.34,11007,82,0.3107,-0.9336,0.02345,-0.14,0.0228
2026-09-14 14:29:52,705.65,2026-09-14,715.0,9.29,9.61,9.16,2909,1977,0.3191,-0.9494,0.01846,-0.1,0.0184
2026-09-14 14:29:52,705.65,2026-09-14,716.0,10.12,10.53,10.68,922,106,,,,,
2026-09-14 14:29:52,705.65,2026-09-14,717.0,11.14,11.35,11.31,404,52,,,,,
2026-09-14 14:29:52,705.65,2026-09-14,718.0,12.02,12.42,11.81,138,237,,,,,
2026-09-14 14:29:52,705.65,2026-09-14,719.0,13.22,13.7,13.52,158,91,0.4307,-0.958,0.01176,-0.11,0.0158
2026-09-14 14:29:52,705.65,2026-09-14,720.0,14.15,14.75,14.71,143,963,0.4497,-0.9623,0.01032,-0.1,0.0145
2026-09-14 14:30:52,705.8,2026-09-14,691.0,0.01,0.02,0.05,4326,245,0.3486,-0.0074,0.00332,-0.015,0.0036
2026-09-14 14:30:52,705.8,2026-09-14,692.0,0.05,0.06,0.05,3979,359,0.3912,-0.0214,0.00743,-0.055,0.0091
2026-09-14 14:30:52,705.8,2026-09-14,693.0,0.02,0.07,0.03,4756,222,0.3558,-0.0195,0.00754,-0.045,0.0084
2026-09-14 14:30:52,705.8,2026-09-14,694.0,0.03,0.08,0.04,3100,339,0.3425,-0.0241,0.00937,-0.055,0.01
2026-09-14 14:30:52,705.8,2026-09-14,695.0,0.03,0.04,0.08,8195,4047,0.2962,-0.0184,0.00861,-0.035,0.008
2026-09-14 14:30:52,705.8,2026-09-14,696.0,0.05,0.06,0.06,5845,534,0.2929,-0.0277,0.0123,-0.055,0.0112
2026-09-14 14:30:52,705.8,2026-09-14,697.0,0.06,0.11,0.11,10602,291,0.2895,-0.0409,0.01717,-0.085,0.0155
2026-09-14 14:30:52,705.8,2026-09-14,698.0,0.09,0.1,0.13,9689,394,0.2684,-0.0481,0.02111,-0.095,0.0177
2026-09-14 14:30:52,705.8,2026-09-14,699.0,0.13,0.14,0.16,10301,434,0.2596,-0.0669,0.02829,-0.135,0.0229
2026-09-14 14:30:52,705.8,2026-09-14,700.0,0.22,0.23,0.18,43951,3971,0.2615,-0.1022,0.03859,-0.225,0.0315
2026-09-14 14:30:52,705.8,2026-09-14,701.0,0.28,0.33,0.27,24043,312,0.2502,-0.136,0.04938,-0.305,0.0385
2026-09-14 14:30:52,705.8,2026-09-14,702.0,0.44,0.45,0.39,37505,678,0.2451,-0.187,0.06209,-0.445,0.0475
2026-09-14 14:30:52,705.8,2026-09-14,703.0,0.63,0.64,0.57,62620,965,0.2394,-0.2507,0.07527,-0.635,0.0562
2026-09-14 14:30:52,705.8,2026-09-14,704.0,0.85,0.86,0.85,61258,656,0.2281,-0.3241,0.08926,-0.855,0.0635
2026-09-14 14:30:52,705.8,2026-09-14,705.0,1.19,1.2,1.19,78731,2297,0.2233,-0.4161,0.09889,-1.195,0.0689
2026-09-14 14:30:52,705.8,2026-09-14,706.0,1.62,1.63,1.62,51159,542,0.2179,-0.5171,0.10357,-1.43,0.0704
2026-09-14 14:30:52,705.8,2026-09-14,707.0,2.16,2.22,2.11,42766,603,0.2171,-0.6194,0.09937,-0.995,0.0673
2026-09-14 14:30:52,705.8,2026-09-14,708.0,2.9,2.93,2.73,15357,769,0.2263,-0.7057,0.08625,-0.72,0.0609
2026-09-14 14:30:52,705.8,2026-09-14,709.0,3.59,3.64,3.48,6729,918,0.2168,-0.7953,0.07415,-0.42,0.0501
2026-09-14 14:30:52,705.8,2026-09-14,710.0,4.38,4.55,4.31,4891,2769,0.2216,-0.8557,0.05805,-0.27,0.0401
2026-09-14 14:30:52,705.8,2026-09-14,711.0,5.24,5.41,5.14,1633,970,0.2136,-0.9138,0.04169,-0.13,0.0278
2026-09-14 14:30:52,705.8,2026-09-14,712.0,6.07,6.28,6.02,1284,567,,,,,
2026-09-14 14:30:52,705.8,2026-09-14,713.0,7.04,7.33,7.06,1126,122,0.171,-0.9909,0.00812,0.01,0.0043
2026-09-14 14:30:52,705.8,2026-09-14,714.0,8.17,8.21,7.97,11010,82,0.2024,-0.9884,0.00847,0.005,0.0053
2026-09-14 14:30:52,705.8,2026-09-14,715.0,8.99,9.16,8.83,2926,1977,,,,,
2026-09-14 14:30:52,705.8,2026-09-14,716.0,9.8,10.41,10.15,925,106,,,,,
2026-09-14 14:30:52,705.8,2026-09-14,717.0,11.12,11.22,11.31,404,52,,,,,
2026-09-14 14:30:52,705.8,2026-09-14,718.0,12.21,12.46,11.81,138,237,0.4181,-0.9484,0.01432,-0.14,0.0187
2026-09-14 14:30:52,705.8,2026-09-14,719.0,12.86,13.53,13.52,158,91,0.3181,-0.9898,0.00482,0.0,0.0048
2026-09-14 14:30:52,705.8,2026-09-14,720.0,13.74,14.19,14.71,143,963,,,,,
2026-09-14 14:31:54,705.79,2026-09-14,691.0,0.01,0.06,0.05,4326,245,0.3892,-0.0144,0.00533,-0.035,0.0064
2026-09-14 14:31:54,705.79,2026-09-14,692.0,0.05,0.06,0.05,4071,359,0.3916,-0.0214,0.00743,-0.055,0.0091
2026-09-14 14:31:54,705.79,2026-09-14,693.0,0.06,0.07,0.06,4806,222,0.3773,-0.0257,0.00899,-0.065,0.0105
2026-09-14 14:31:54,705.79,2026-09-14,694.0,0.07,0.08,0.07,3123,339,0.3609,-0.0303,0.01078,-0.075,0.0121
2026-09-14 14:31:54,705.79,2026-09-14,695.0,0.07,0.08,0.04,8253,4047,0.3352,-0.0323,0.01224,-0.075,0.0128
2026-09-14 14:31:54,705.79,2026-09-14,696.0,0.09,0.1,0.06,5846,534,0.3231,-0.041,0.01544,-0.095,0.0155
2026-09-14 14:31:54,705.79,2026-09-14,697.0,0.1,0.11,0.07,10665,291,0.3019,-0.0475,0.01859,-0.105,0.0174
2026-09-14 14:31:54,705.79,2026-09-14,698.0,0.09,0.1,0.13,9767,394,0.2685,-0.0482,0.02115,-0.095,0.0177
2026-09-14 14:31:54,705.79,2026-09-14,699.0,0.13,0.14,0.17,10372,434,0.2597,-0.067,0.02835,-0.135,0.0229
2026-09-14 14:31:54,705.79,2026-09-14,700.0,0.19,0.24,0.2,47271,3971,0.2584,-0.0995,0.03837,-0.215,0.0308
2026-09-14 14:31:54,705.79,2026-09-14,701.0,0.31,0.32,0.26,24265,312,0.2528,-0.1386,0.04959,-0.315,0.039
2026-09-14 14:31:54,705.79,2026-09-14,702.0,0.44,0.45,0.4,37779,678,0.2451,-0.1873,0.06224,-0.445,0.0474
2026-09-14 14:31:54,705.79,2026-09-14,703.0,0.57,0.58,0.57,63303,965,0.2285,-0.2412,0.07735,-0.575,0.055
2026-09-14 14:31:54,705.79,2026-09-14,704.0,0.82,0.83,0.81,62575,656,0.2232,-0.3212,0.09102,-0.825,0.0632
2026-09-14 14:31:54,705.79,2026-09-14,705.0,1.19,1.2,1.18,80796,2297,0.2231,-0.4169,0.09921,-1.195,0.0688
2026-09-14 14:31:54,705.79,2026-09-14,706.0,1.64,1.65,1.64,54119,542,0.2203,-0.518,0.10258,-1.44,0.0703
2026-09-14 14:31:54,705.79,2026-09-14,707.0,2.14,2.15,2.14,47548,603,0.2098,-0.6247,0.10255,-0.94,0.0669
2026-09-14 14:31:54,705.79,2026-09-14,708.0,2.8,2.88,2.8,17806,769,0.213,-0.7186,0.08986,-0.635,0.0595
2026-09-14 14:31:54,705.79,2026-09-14,709.0,3.53,3.69,3.53,7127,918,0.2145,-0.7989,0.07426,-0.405,0.0495
2026-09-14 14:31:54,705.79,2026-09-14,710.0,4.25,4.56,4.25,5212,2769,0.2039,-0.8766,0.05673,-0.2,0.036
2026-09-14 14:31:54,705.79,2026-09-14,711.0,5.21,5.53,5.32,1667,970,0.2262,-0.9019,0.04338,-0.165,0.0305
2026-09-14 14:31:54,705.79,2026-09-14,712.0,6.23,6.49,6.1,1297,567,0.254,-0.915,0.03475,-0.155,0.0274
2026-09-14 14:31:54,705.79,2026-09-14,713.0,7.28,7.43,7.38,1133,122,0.2822,-0.9241,0.02871,-0.15,0.0252
2026-09-14 14:31:54,705.79,2026-09-14,714.0,8.05,8.57,8.08,11012,82,0.2911,-0.9432,0.02224,-0.105,0.0201
2026-09-14 14:31:54,705.79,2026-09-14,715.0,9.3,9.46,8.95,2938,1977,0.3513,-0.9291,0.0219,-0.175,0.0239
2026-09-14 14:31:54,705.79,2026-09-14,716.0,10.07,10.26,10.21,928,106,,,,,
2026-09-14 14:31:54,705.79,2026-09-14,717.0,11.21,11.6,11.13,405,52,0.4199,-0.9324,0.01766,-0.2,0.0231
2026-09-14 14:31:54,705.79,2026-09-14,718.0,12.23,12.66,11.81,138,237,0.4658,-0.9286,0.0166,-0.24,0.024
2026-09-14 14:31:54,705.79,2026-09-14,719.0,13.32,13.43,13.52,158,91,0.4619,-0.945,0.01366,-0.17,0.0196
2026-09-14 14:31:54,705.79,2026-09-14,720.0,14.13,14.76,14.71,143,963,0.5231,-0.9352,0.01371,-0.24,0.0223
2026-09-14 14:32:55,705.67,2026-09-14,691.0,0.01,0.06,0.05,4447,245,0.387,-0.0145,0.0054,-0.035,0.0065
2026-09-14 14:32:55,705.67,2026-09-14,692.0,0.01,0.02,0.02,4092,359,0.3258,-0.0079,0.00378,-0.015,0.0038
2026-09-14 14:32:55,705.67,2026-09-14,693.0,0.06,0.07,0.06,4806,222,0.3748,-0.0259,0.00912,-0.065,0.0106
2026-09-14 14:32:55,705.67,2026-09-14,694.0,0.03,0.08,0.07,3124,339,0.3403,-0.0243,0.00953,-0.055,0.0101
2026-09-14 14:32:55,705.67,2026-09-14,695.0,0.03,0.04,0.04,8263,4047,0.294,-0.0185,0.00877,-0.035,0.008
2026-09-14 14:32:55,705.67,2026-09-14,696.0,0.09,0.1,0.06,5974,534,0.3202,-0.0414,0.01572,-0.095,0.0156
2026-09-14 14:32:55,705.67,2026-09-14,697.0,0.1,0.11,0.07,10747,291,0.2989,-0.0479,0.01895,-0.105,0.0176
2026-09-14 14:32:55,705.67,2026-09-14,698.0,0.13,0.14,0.13,9866,394,0.2859,-0.0618,0.02423,-0.135,0.0215
2026-09-14 14:32:55,705.67,2026-09-14,699.0,0.17,0.18,0.14,10410,434,0.2726,-0.0802,0.03103,-0.175,0.0262
2026-09-14 14:32:55,705.67,2026-09-14,700.0,0.19,0.2,0.2,47479,3971,0.2482,-0.095,0.03869,-0.195,0.0298
2026-09-14 14:32:55,705.67,2026-09-14,701.0,0.27,0.28,0.28,24428,312,0.2383,-0.1304,0.05054,-0.275,0.0373
2026-09-14 14:32:55,705.67,2026-09-14,702.0,0.4,0.41,0.4,38154,678,0.232,-0.1818,0.06465,-0.405,0.0465
2026-09-14 14:32:55,705.67,2026-09-14,703.0,0.61,0.62,0.57,64345,965,0.2305,-0.2525,0.07872,-0.615,0.0562
2026-09-14 14:32:55,705.67,2026-09-14,704.0,0.82,0.87,0.82,65283,656,0.2202,-0.3304,0.09346,-0.845,0.0638
2026-09-14 14:32:55,705.67,2026-09-14,705.0,1.15,1.16,1.15,84055,2297,0.21,-0.425,0.10602,-1.155,0.069
2026-09-14 14:32:55,705.67,2026-09-14,706.0,1.63,1.64,1.63,58452,542,0.2099,-0.5325,0.10762,-1.305,0.07
2026-09-14 14:32:55,705.67,2026-09-14,707.0,2.15,2.16,2.15,52419,603,0.1996,-0.6444,0.10601,-0.825,0.0656
2026-09-14 14:32:55,705.67,2026-09-14,708.0,2.86,2.9,2.86,18794,769,0.2045,-0.7383,0.09038,-0.55,0.0573
2026-09-14 14:32:55,705.67,2026-09-14,709.0,3.67,3.73,3.55,8058,918,0.2126,-0.8105,0.07237,-0.37,0.0477
2026-09-14 14:32:55,705.67,2026-09-14,710.0,4.42,4.69,4.42,5419,2769,0.2154,-0.871,0.05551,-0.225,0.037
2026-09-14 14:32:55,705.67,2026-09-14,711.0,5.47,5.62,5.43,1733,970,0.2463,-0.8883,0.04386,-0.215,0.0335
2026-09-14 14:32:55,705.67,2026-09-14,712.0,6.43,6.48,6.51,1305,567,0.2466,-0.9256,0.03239,-0.125,0.0248
2026-09-14 14:32:55,705.67,2026-09-14,713.0,7.23,7.49,7.32,1160,122,0.2229,-0.9679,0.01833,-0.03,0.0127
2026-09-14 14:32:55,705.67,2026-09-14,714.0,8.189,8.66,8.23,11021,82,0.2897,-0.947,0.02118,-0.0945,0.019
2026-09-14 14:32:55,705.67,2026-09-14,715.0,9.29,9.67,9.32,2947,1977,0.3446,-0.9358,0.0207,-0.15,0.0221
2026-09-14 14:32:55,705.67,2026-09-14,716.0,10.3,10.71,9.98,929,106,0.3845,-0.9342,0.01892,-0.175,0.0225
2026-09-14 14:32:55,705.67,2026-09-14,717.0,11.36,11.59,11.25,406,52,0.3983,-0.9447,0.01594,-0.145,0.0197
2026-09-14 14:32:55,705.67,2026-09-14,718.0,12.25,12.62,11.81,138,237,0.4028,-0.9569,0.0129,-0.105,0.0161
2026-09-14 14:32:55,705.67,2026-09-14,719.0,13.39,13.45,13.52,158,91,0.4188,-0.9628,0.01103,-0.09,0.0143
2026-09-14 14:32:55,705.67,2026-09-14,720.0,14.36,14.66,14.71,143,963,0.4986,-0.9461,0.01248,-0.18,0.0193
2026-09-14 14:33:55,705.71,2026-09-14,691.0,0.05,0.06,0.05,4460,245,0.4149,-0.0204,0.00676,-0.055,0.0087
2026-09-14 14:33:55,705.71,2026-09-14,692.0,0.01,0.06,0.05,4098,359,0.3654,-0.0153,0.00599,-0.035,0.0068
2026-09-14 14:33:55,705.71,2026-09-14,693.0,0.02,0.07,0.06,4831,222,0.3551,-0.0196,0.00763,-0.045,0.0084
2026-09-14 14:33:55,705.71,2026-09-14,694.0,0.03,0.08,0.04,3146,339,0.3417,-0.0243,0.00949,-0.055,0.01
2026-09-14 14:33:55,705.71,2026-09-14,695.0,0.03,0.04,0.08,8269,4047,0.2953,-0.0185,0.00873,-0.035,0.008
2026-09-14 14:33:55,705.71,2026-09-14,696.0,0.05,0.1,0.09,6020,534,0.3079,-0.0349,0.01425,-0.075,0.0136
2026-09-14 14:33:55,705.71,2026-09-14,697.0,0.06,0.07,0.11,11253,291,0.2743,-0.0341,0.01568,-0.065,0.0133
2026-09-14 14:33:55,705.71,2026-09-14,698.0,0.09,0.14,0.1,9887,394,0.2776,-0.0553,0.02291,-0.115,0.0196
2026-09-14 14:33:55,705.71,2026-09-14,699.0,0.12,0.13,0.17,10420,434,0.2534,-0.0643,0.02821,-0.125,0.0221
2026-09-14 14:33:55,705.71,2026-09-14,700.0,0.18,0.19,0.22,47773,3971,0.2463,-0.0916,0.03802,-0.185,0.0289
2026-09-14 14:33:55,705.71,2026-09-14,701.0,0.27,0.32,0.27,24508,312,0.2452,-0.1351,0.05039,-0.295,0.0382
2026-09-14 14:33:55,705.71,2026-09-14,702.0,0.44,0.45,0.39,38777,678,0.2423,-0.1895,0.06362,-0.445,0.0476
2026-09-14 14:33:55,705.71,2026-09-14,703.0,0.61,0.62,0.61,65583,965,0.2325,-0.2512,0.07797,-0.615,0.056
2026-09-14 14:33:55,705.71,2026-09-14,704.0,0.83,0.88,0.83,66239,656,0.224,-0.3295,0.09195,-0.855,0.0636
2026-09-14 14:33:55,705.71,2026-09-14,705.0,1.17,1.19,1.17,86291,2297,0.2161,-0.4233,0.10309,-1.18,0.0688
2026-09-14 14:33:55,705.71,2026-09-14,706.0,1.63,1.64,1.63,63045,542,0.2128,-0.5284,0.10636,-1.34,0.0699
2026-09-14 14:33:55,705.71,2026-09-14,707.0,2.25,2.26,2.25,55173,603,0.2184,-0.6291,0.09842,-0.96,0.0664
2026-09-14 14:33:55,705.71,2026-09-14,708.0,2.87,2.89,2.87,20032,769,0.2093,-0.7307,0.08975,-0.585,0.058
2026-09-14 14:33:55,705.71,2026-09-14,709.0,3.66,3.69,3.66,8733,918,0.2136,-0.8072,0.07291,-0.38,0.0481
2026-09-14 14:33:55,705.71,2026-09-14,710.0,4.44,4.66,4.37,5512,2769,0.2224,-0.8617,0.05648,-0.255,0.0388
2026-09-14 14:33:55,705.71,2026-09-14,711.0,5.48,5.55,5.35,1759,970,0.2469,-0.8865,0.04431,-0.22,0.0338
2026-09-14 14:33:55,705.71,2026-09-14,712.0,6.17,6.46,6.34,1323,567,0.1892,-0.9697,0.02062,-0.02,0.0121
2026-09-14 14:33:55,705.71,2026-09-14,713.0,7.23,7.56,7.12,1163,122,0.264,-0.9402,0.02559,-0.1,0.0209
2026-09-14 14:33:55,705.71,2026-09-14,714.0,8.14,8.3,8.18,11037,82,,,,,
2026-09-14 14:33:55,705.71,2026-09-14,715.0,9.28,9.56,9.16,2955,1977,0.3323,-0.9422,0.01981,-0.125,0.0203
2026-09-14 14:33:55,705.71,2026-09-14,716.0,10.27,10.38,10.3,931,106,0.2957,-0.9749,0.01127,-0.03,0.0103
2026-09-14 14:33:55,705.71,2026-09-14,717.0,11.26,11.66,11.25,406,52,0.4078,-0.9401,0.0166,-0.165,0.0209
2026-09-14 14:33:55,705.71,2026-09-14,718.0,12.37,12.66,11.81,138,237,0.4613,-0.9326,0.01609,-0.22,0.0229
2026-09-14 14:33:55,705.71,2026-09-14,719.0,13.23,13.47,13.52,158,91,0.3912,-0.9718,0.0094,-0.055,0.0114
2026-09-14 14:33:55,705.71,2026-09-14,720.0,14.42,14.66,14.71,143,963,0.5296,-0.9347,0.01367,-0.245,0.0224
2026-09-14 14:34:55,705.91,2026-09-14,691.0,0.05,0.06,0.05,4460,245,0.4204,-0.0202,0.00662,-0.055,0.0086
2026-09-14 14:34:55,705.91,2026-09-14,692.0,0.01,0.06,0.05,4360,359,0.3706,-0.0151,0.00586,-0.035,0.0067
2026-09-14 14:34:55,705.91,2026-09-14,693.0,0.06,0.07,0.03,5519,222,0.3818,-0.0255,0.00887,-0.065,0.0104
2026-09-14 14:34:55,705.91,2026-09-14,694.0,0.03,0.04,0.07,3280,339,0.324,-0.017,0.00743,-0.035,0.0074
2026-09-14 14:34:55,705.91,2026-09-14,695.0,0.03,0.04,0.07,10629,4047,0.3005,-0.0182,0.00848,-0.035,0.0079
2026-09-14 14:34:55,705.91,2026-09-14,696.0,0.08,0.09,0.05,7116,534,0.3209,-0.0376,0.01455,-0.085,0.0144
2026-09-14 14:34:55,705.91,2026-09-14,697.0,0.09,0.1,0.1,12210,291,0.3004,-0.0439,0.01761,-0.095,0.0163
2026-09-14 14:34:55,705.91,2026-09-14,698.0,0.07,0.12,0.12,10472,394,0.2729,-0.0477,0.02073,-0.095,0.0174
2026-09-14 14:34:55,705.91,2026-09-14,699.0,0.1,0.11,0.14,11307,434,0.2501,-0.056,0.02571,-0.105,0.0198
2026-09-14 14:34:55,705.91,2026-09-14,700.0,0.19,0.2,0.2,48661,3971,0.2566,-0.0926,0.03682,-0.195,0.0291
2026-09-14 14:34:55,705.91,2026-09-14,701.0,0.26,0.27,0.26,24757,312,0.2447,-0.1241,0.0477,-0.265,0.036
2026-09-14 14:34:55,705.91,2026-09-14,702.0,0.36,0.37,0.37,39134,678,0.2331,-0.1672,0.06116,-0.365,0.0439
2026-09-14 14:34:55,705.91,2026-09-14,703.0,0.52,0.53,0.48,67090,965,0.2253,-0.2282,0.07643,-0.525,0.0531
2026-09-14 14:34:55,705.91,2026-09-14,704.0,0.74,0.75,0.74,67489,656,0.2171,-0.3052,0.09193,-0.745,0.0615
2026-09-14 14:34:55,705.91,2026-09-14,705.0,1.05,1.06,1.05,89749,2297,0.2105,-0.3997,0.10454,-1.055,0.0678
2026-09-14 14:34:55,705.91,2026-09-14,706.0,1.45,1.47,1.45,66916,542,0.2033,-0.507,0.11175,-1.37,0.07
2026-09-14 14:34:55,705.91,2026-09-14,707.0,1.92,1.93,1.92,56770,603,0.1885,-0.626,0.11452,-0.835,0.0665
2026-09-14 14:34:55,705.91,2026-09-14,708.0,2.55,2.61,2.61,21095,769,0.1837,-0.7386,0.10087,-0.49,0.0571
2026-09-14 14:34:55,705.91,2026-09-14,709.0,3.37,3.43,3.37,9180,918,0.191,-0.819,0.07853,-0.31,0.0462
2026-09-14 14:34:55,705.91,2026-09-14,710.0,4.21,4.25,4.23,5625,2769,0.1831,-0.8962,0.05608,-0.14,0.0317
2026-09-14 14:34:55,705.91,2026-09-14,711.0,5.13,5.23,5.27,1771,970,0.1961,-0.9286,0.0396,-0.09,0.0239
2026-09-14 14:34:55,705.91,2026-09-14,712.0,5.92,6.2,6.18,1323,567,,,,,
2026-09-14 14:34:55,705.91,2026-09-14,713.0,6.95,7.2,7.03,1195,122,0.1541,-0.9953,0.00503,0.015,0.0024
2026-09-14 14:34:55,705.91,2026-09-14,714.0,7.97,8.21,8.17,11039,82,0.2094,-0.9854,0.01008,-0.0,0.0065
2026-09-14 14:34:55,705.91,2026-09-14,715.0,8.81,9.2,9.21,2957,1977,,,,,
2026-09-14 14:34:55,705.91,2026-09-14,716.0,9.74,9.99,10.04,932,106,,,,,
2026-09-14 14:34:55,705.91,2026-09-14,717.0,10.78,11.2,10.94,407,52,,,,,
2026-09-14 14:34:55,705.91,2026-09-14,718.0,11.85,12.24,11.81,138,237,,,,,
2026-09-14 14:34:55,705.91,2026-09-14,719.0,12.93,13.47,13.52,158,91,0.4269,-0.9575,0.01207,-0.11,0.0159
2026-09-14 14:34:55,705.91,2026-09-14,720.0,13.9,14.15,14.71,143,963,,,,,
2026-09-14 14:35:55,705.46,2026-09-14,691.0,0.01,0.06,0.05,4460,245,0.3841,-0.0147,0.00552,-0.035,0.0065
2026-09-14 14:35:55,705.46,2026-09-14,692.0,0.05,0.06,0.05,4360,359,0.386,-0.0218,0.00771,-0.055,0.0091
2026-09-14 14:35:55,705.46,2026-09-14,693.0,0.02,0.03,0.03,5519,222,0.3221,-0.0127,0.00581,-0.025,0.0057
2026-09-14 14:35:55,705.46,2026-09-14,694.0,0.03,0.08,0.07,3335,339,0.3368,-0.0247,0.00979,-0.055,0.0101
2026-09-14 14:35:55,705.46,2026-09-14,695.0,0.07,0.08,0.07,10631,4047,0.3287,-0.0331,0.01281,-0.075,0.0129
2026-09-14 14:35:55,705.46,2026-09-14,696.0,0.09,0.1,0.05,7196,534,0.3161,-0.0421,0.01621,-0.095,0.0157
2026-09-14 14:35:55,705.46,2026-09-14,697.0,0.07,0.08,0.11,12277,291,0.276,-0.0385,0.0173,-0.075,0.0146
2026-09-14 14:35:55,705.46,2026-09-14,698.0,0.14,0.15,0.11,10649,394,0.2856,-0.066,0.02565,-0.145,0.0225
2026-09-14 14:35:55,705.46,2026-09-14,699.0,0.19,0.2,0.15,11449,434,0.2748,-0.0876,0.03307,-0.195,0.0279
2026-09-14 14:35:55,705.46,2026-09-14,700.0,0.22,0.27,0.25,48852,3971,0.2583,-0.1115,0.04196,-0.245,0.0333
2026-09-14 14:35:55,705.46,2026-09-14,701.0,0.36,0.37,0.3,25097,312,0.2546,-0.1561,0.05368,-0.365,0.0419
2026-09-14 14:35:55,705.46,2026-09-14,702.0,0.47,0.52,0.46,39424,678,0.2433,-0.2058,0.06681,-0.495,0.0499
2026-09-14 14:35:55,705.46,2026-09-14,703.0,0.67,0.72,0.67,67673,965,0.2359,-0.273,0.08045,-0.695,0.0582
2026-09-14 14:35:55,705.46,2026-09-14,704.0,0.95,1,0.99,67912,656,0.2302,-0.3557,0.09238,-0.975,0.0653
2026-09-14 14:35:55,705.46,2026-09-14,705.0,1.37,1.38,1.37,90972,2297,0.2295,-0.4515,0.09852,-1.375,0.0694
2026-09-14 14:35:55,705.46,2026-09-14,706.0,1.83,1.89,1.83,68709,542,0.2268,-0.5511,0.09958,-1.32,0.0693
2026-09-14 14:35:55,705.46,2026-09-14,707.0,2.5,2.51,2.48,58140,603,0.2334,-0.6439,0.09116,-0.965,0.0653
2026-09-14 14:35:55,705.46,2026-09-14,708.0,3.14,3.26,3.14,21518,769,0.2343,-0.7292,0.08068,-0.66,0.058
2026-09-14 14:35:55,705.46,2026-09-14,709.0,3.89,4.09,3.8,9303,918,0.2386,-0.7988,0.06722,-0.45,0.0492
2026-09-14 14:35:55,705.46,2026-09-14,710.0,4.65,4.91,4.75,5739,2769,0.2277,-0.8701,0.053,-0.24,0.037
2026-09-14 14:35:55,705.46,2026-09-14,711.0,5.7,5.93,5.62,1820,970,0.2718,-0.8753,0.04317,-0.275,0.036
2026-09-14 14:35:55,705.46,2026-09-14,712.0,6.82,6.96,6.57,1339,567,0.3268,-0.8707,0.03681,-0.35,0.0369
2026-09-14 14:35:55,705.46,2026-09-14,713.0,7.58,7.85,7.38,1196,122,0.3039,-0.9195,0.02806,-0.175,0.0262
2026-09-14 14:35:55,705.46,2026-09-14,714.0,8.61,8.63,8.21,11041,82,0.2887,-0.9527,0.01952,-0.08,0.0173
2026-09-14 14:35:55,705.46,2026-09-14,715.0,9.57,9.66,9.29,2960,1977,0.3124,-0.9577,0.01648,-0.075,0.0158
2026-09-14 14:35:55,705.46,2026-09-14,716.0,10.42,10.97,10.04,932,106,0.383,-0.9396,0.01784,-0.155,0.021
2026-09-14 14:35:55,705.46,2026-09-14,717.0,11.41,11.95,10.94,407,52,0.4034,-0.9465,0.01539,-0.14,0.0191
2026-09-14 14:35:55,705.46,2026-09-14,718.0,12.79,13.03,12.41,139,237,0.5282,-0.909,0.01769,-0.37,0.0287
2026-09-14 14:35:55,705.46,2026-09-14,719.0,13.55,13.76,13.52,158,91,0.4427,-0.9574,0.01169,-0.115,0.0159
2026-09-14 14:35:55,705.46,2026-09-14,720.0,14.34,14.5,14.71,143,963,,,,,
2026-09-14 14:36:57,704.91,2026-09-14,690.0,0.05,0.06,0.05,4520,2364,0.4223,-0.0202,0.00662,-0.055,0.0085
2026-09-14 14:36:57,704.91,2026-09-14,691.0,0.05,0.06,0.02,4464,245,0.398,-0.0213,0.00734,-0.055,0.0089
2026-09-14 14:36:57,704.91,2026-09-14,692.0,0.05,0.06,0.03,4364,359,0.3735,-0.0225,0.00821,-0.055,0.0094
2026-09-14 14:36:57,704.91,2026-09-14,693.0,0.06,0.07,0.03,5533,222,0.3584,-0.0271,0.00998,-0.065,0.0109
2026-09-14 14:36:57,704.91,2026-09-14,694.0,0.07,0.08,0.07,3339,339,0.3412,-0.0321,0.01206,-0.075,0.0126
2026-09-14 14:36:57,704.91,2026-09-14,695.0,0.04,0.05,0.05,10656,4047,0.2891,-0.0237,0.01106,-0.045,0.0098
2026-09-14 14:36:57,704.91,2026-09-14,696.0,0.05,0.1,0.07,7200,534,0.2887,-0.0371,0.01608,-0.075,0.0142
2026-09-14 14:36:57,704.91,2026-09-14,697.0,0.08,0.09,0.09,12284,291,0.2682,-0.0441,0.01991,-0.085,0.0163
2026-09-14 14:36:57,704.91,2026-09-14,698.0,0.11,0.16,0.12,10673,394,0.2655,-0.0663,0.02774,-0.135,0.0225
2026-09-14 14:36:57,704.91,2026-09-14,699.0,0.21,0.22,0.21,11459,434,0.2645,-0.0983,0.0375,-0.215,0.0303
2026-09-14 14:36:57,704.91,2026-09-14,700.0,0.29,0.3,0.29,49313,3971,0.254,-0.1319,0.04814,-0.295,0.0373
2026-09-14 14:36:57,704.91,2026-09-14,701.0,0.41,0.42,0.4,25230,312,0.2454,-0.1783,0.06083,-0.415,0.0456
2026-09-14 14:36:57,704.91,2026-09-14,702.0,0.58,0.59,0.58,40055,678,0.2376,-0.2389,0.0747,-0.585,0.0542
2026-09-14 14:36:57,704.91,2026-09-14,703.0,0.78,0.79,0.77,69283,965,0.2246,-0.3104,0.08993,-0.785,0.0617
2026-09-14 14:36:57,704.91,2026-09-14,704.0,1.15,1.16,1.15,68761,656,0.2262,-0.406,0.09811,-1.155,0.0678
2026-09-14 14:36:57,704.91,2026-09-14,705.0,1.53,1.59,1.53,94676,2297,0.2186,-0.5064,0.10442,-1.47,0.0697
2026-09-14 14:36:57,704.91,2026-09-14,706.0,2.09,2.11,2.09,72507,542,0.2156,-0.6108,0.10179,-1.01,0.067
2026-09-14 14:36:57,704.91,2026-09-14,707.0,2.68,2.77,2.69,61553,603,0.2094,-0.7132,0.09307,-0.635,0.0595
2026-09-14 14:36:57,704.91,2026-09-14,708.0,3.41,3.47,3.41,22588,769,0.2004,-0.8086,0.07785,-0.35,0.0476
2026-09-14 14:36:57,704.91,2026-09-14,709.0,4.17,4.41,4.33,9464,918,0.2017,-0.8748,0.05848,-0.2,0.036
2026-09-14 14:36:57,704.91,2026-09-14,710.0,5.18,5.36,5.09,5944,2769,0.2293,-0.8958,0.04511,-0.18,0.0316
2026-09-14 14:36:57,704.91,2026-09-14,711.0,5.82,6.26,5.82,1877,970,,,,,
2026-09-14 14:36:57,704.91,2026-09-14,712.0,6.8,7.29,6.78,1349,567,,,,,
2026-09-14 14:36:57,704.91,2026-09-14,713.0,7.93,8.27,7.86,1198,122,0.2236,-0.9799,0.01246,-0.01,0.0085
2026-09-14 14:36:57,704.91,2026-09-14,714.0,9.11,9.2,8.61,11044,82,0.2947,-0.9596,0.01686,-0.065,0.0152
2026-09-14 14:36:57,704.91,2026-09-14,715.0,9.91,10.1,9.82,2965,1977,,,,,
2026-09-14 14:36:57,704.91,2026-09-14,716.0,10.94,11.12,10.04,932,106,,,,,
2026-09-14 14:36:57,704.91,2026-09-14,717.0,11.8,12.35,11.5,409,52,0.2491,-0.997,0.00211,0.015,0.0016
2026-09-14 14:36:57,704.91,2026-09-14,718.0,12.82,13.24,12.43,141,237,,,,,
2026-09-14 14:36:57,704.91,2026-09-14,719.0,13.82,13.89,13.52,158,91,,,,,
2026-09-14 14:37:58,704.95,2026-09-14,690.0,0.05,0.06,0.02,4545,2364,0.4239,-0.0202,0.00659,-0.055,0.0085
2026-09-14 14:37:58,704.95,2026-09-14,691.0,0.05,0.06,0.02,4464,245,0.3996,-0.0213,0.00731,-0.055,0.0089
2026-09-14 14:37:58,704.95,2026-09-14,692.0,0.01,0.02,0.03,4364,359,0.3133,-0.0082,0.00412,-0.015,0.0039
2026-09-14 14:37:58,704.95,2026-09-14,693.0,0.06,0.07,0.06,5535,222,0.3599,-0.027,0.00993,-0.065,0.0109
2026-09-14 14:37:58,704.95,2026-09-14,694.0,0.07,0.08,0.07,3350,339,0.3428,-0.032,0.012,-0.075,0.0125
2026-09-14 14:37:58,704.95,2026-09-14,695.0,0.08,0.09,0.06,10668,4047,0.3239,-0.0375,0.01447,-0.085,0.0143
2026-09-14 14:37:58,704.95,2026-09-14,696.0,0.05,0.06,0.09,7201,534,0.2747,-0.0296,0.01404,-0.055,0.0117
2026-09-14 14:37:58,704.95,2026-09-14,697.0,0.12,0.13,0.12,12293,291,0.2917,-0.0573,0.02257,-0.125,0.0201
2026-09-14 14:37:58,704.95,2026-09-14,698.0,0.11,0.12,0.15,10811,394,0.2577,-0.0593,0.02626,-0.115,0.0206
2026-09-14 14:37:58,704.95,2026-09-14,699.0,0.21,0.22,0.21,11487,434,0.2662,-0.0979,0.0372,-0.215,0.0302
2026-09-14 14:37:58,704.95,2026-09-14,700.0,0.25,0.26,0.25,49765,3971,0.2447,-0.1209,0.04708,-0.255,0.0351
2026-09-14 14:37:58,704.95,2026-09-14,701.0,0.37,0.38,0.37,25319,312,0.2384,-0.1686,0.06051,-0.375,0.0439
2026-09-14 14:37:58,704.95,2026-09-14,702.0,0.57,0.58,0.58,40814,678,0.2378,-0.2358,0.0742,-0.575,0.0537
2026-09-14 14:37:58,704.95,2026-09-14,703.0,0.81,0.82,0.81,70764,965,0.2318,-0.312,0.08745,-0.815,0.0617
2026-09-14 14:37:58,704.95,2026-09-14,704.0,1.12,1.13,1.13,70332,656,0.2245,-0.4012,0.0987,-1.125,0.0675
2026-09-14 14:37:58,704.95,2026-09-14,705.0,1.53,1.54,1.53,98240,2297,0.2182,-0.5022,0.10476,-1.485,0.0696
2026-09-14 14:37:58,704.95,2026-09-14,706.0,2.05,2.06,2.05,76059,542,0.2128,-0.6083,0.10345,-1.005,0.067
2026-09-14 14:37:58,704.95,2026-09-14,707.0,2.63,2.65,2.63,63229,603,0.2002,-0.7185,0.09663,-0.59,0.0589
2026-09-14 14:37:58,704.95,2026-09-14,708.0,3.35,3.41,3.37,23162,769,0.1948,-0.8125,0.07916,-0.33,0.047
2026-09-14 14:37:58,704.95,2026-09-14,709.0,4.22,4.35,4.26,9649,918,0.21,-0.8631,0.05982,-0.235,0.0382
2026-09-14 14:37:58,704.95,2026-09-14,710.0,5.03,5.13,5.03,5986,2769,0.1656,-0.9584,0.03077,-0.03,0.0155
2026-09-14 14:37:58,704.95,2026-09-14,711.0,6.12,6.25,6.01,1884,970,0.2442,-0.9202,0.03483,-0.135,0.0259
2026-09-14 14:37:58,704.95,2026-09-14,712.0,6.9,7.24,6.89,1359,567,0.2091,-0.9722,0.01748,-0.02,0.0111
2026-09-14 14:37:58,704.95,2026-09-14,713.0,8.119,8.24,8.109,1207,122,0.3013,-0.9352,0.02407,-0.1295,0.0221
2026-09-14 14:37:58,704.95,2026-09-14,714.0,8.91,9.06,8.61,11044,82,,,,,
2026-09-14 14:37:58,704.95,2026-09-14,715.0,10.14,10.25,10.31,2968,1977,0.3658,-0.9402,0.01863,-0.145,0.0207
2026-09-14 14:37:58,704.95,2026-09-14,716.0,10.73,11.03,10.91,935,106,,,,,
2026-09-14 14:37:58,704.95,2026-09-14,717.0,11.95,12.3,12.07,411,52,0.3787,-0.9641,0.01194,-0.075,0.0138
2026-09-14 14:37:58,704.95,2026-09-14,718.0,12.8,13.06,12.43,141,237,,,,,
2026-09-14 14:37:58,704.95,2026-09-14,719.0,13.84,13.97,13.52,158,91,,,,,
2026-09-14 14:38:58,704.82,2026-09-14,690.0,0.01,0.06,0.02,4545,2364,0.3946,-0.0144,0.00531,-0.035,0.0064
2026-09-14 14:38:58,704.82,2026-09-14,691.0,0.01,0.02,0.02,4464,245,0.3325,-0.0078,0.00371,-0.015,0.0037
2026-09-14 14:38:58,704.82,2026-09-14,692.0,0.05,0.06,0.04,4365,359,0.3724,-0.0227,0.00829,-0.055,0.0094
2026-09-14 14:38:58,704.82,2026-09-14,693.0,0.06,0.07,0.06,5535,222,0.3573,-0.0272,0.01009,-0.065,0.0109
2026-09-14 14:38:58,704.82,2026-09-14,694.0,0.07,0.08,0.07,3350,339,0.34,-0.0323,0.0122,-0.075,0.0126
2026-09-14 14:38:58,704.82,2026-09-14,695.0,0.08,0.09,0.08,10698,4047,0.321,-0.0379,0.01474,-0.085,0.0144
2026-09-14 14:38:58,704.82,2026-09-14,696.0,0.09,0.1,0.09,7201,534,0.3003,-0.0442,0.01786,-0.095,0.0163
2026-09-14 14:38:58,704.82,2026-09-14,697.0,0.08,0.09,0.09,12300,291,0.2666,-0.0445,0.02023,-0.085,0.0164
2026-09-14 14:38:58,704.82,2026-09-14,698.0,0.12,0.13,0.16,10864,394,0.2591,-0.0635,0.0276,-0.125,0.0217
2026-09-14 14:38:58,704.82,2026-09-14,699.0,0.22,0.23,0.18,11686,434,0.2657,-0.102,0.03848,-0.225,0.031
2026-09-14 14:38:58,704.82,2026-09-14,700.0,0.27,0.32,0.31,49982,3971,0.2516,-0.1333,0.04911,-0.295,0.0375
2026-09-14 14:38:58,704.82,2026-09-14,701.0,0.43,0.44,0.39,25377,312,0.247,-0.1846,0.06198,-0.435,0.0464
2026-09-14 14:38:58,704.82,2026-09-14,702.0,0.57,0.58,0.61,42454,678,0.2325,-0.2403,0.07683,-0.575,0.0542
2026-09-14 14:38:58,704.82,2026-09-14,703.0,0.81,0.82,0.81,71824,965,0.2256,-0.3187,0.09086,-0.815,0.0622
2026-09-14 14:38:58,704.82,2026-09-14,704.0,1.14,1.19,1.14,71706,656,0.2229,-0.4134,0.10031,-1.165,0.0678
2026-09-14 14:38:58,704.82,2026-09-14,705.0,1.57,1.62,1.57,100450,2297,0.2177,-0.5159,0.10513,-1.415,0.0694
2026-09-14 14:38:58,704.82,2026-09-14,706.0,2.09,2.11,2.09,77872,542,0.2079,-0.6247,0.10475,-0.92,0.0661
2026-09-14 14:38:58,704.82,2026-09-14,707.0,2.8,2.83,2.8,63907,603,0.2143,-0.7175,0.09055,-0.635,0.0589
2026-09-14 14:38:58,704.82,2026-09-14,708.0,3.53,3.64,3.53,23426,769,0.216,-0.7983,0.07478,-0.405,0.049
2026-09-14 14:38:58,704.82,2026-09-14,709.0,4.29,4.41,4.29,9724,918,0.1967,-0.8865,0.0561,-0.17,0.0335
2026-09-14 14:38:58,704.82,2026-09-14,710.0,5.12,5.43,5.2,6021,2769,0.2023,-0.9274,0.03918,-0.095,0.024
2026-09-14 14:38:58,704.82,2026-09-14,711.0,6.15,6.31,6.13,1895,970,0.2086,-0.9541,0.02652,-0.05,0.0168
2026-09-14 14:38:58,704.82,2026-09-14,712.0,7.03,7.45,6.89,1359,567,0.2416,-0.9545,0.02273,-0.06,0.0167
2026-09-14 14:38:58,704.82,2026-09-14,713.0,8,8.41,8.26,1220,122,0.2418,-0.9728,0.0149,-0.025,0.0109
2026-09-14 14:38:58,704.82,2026-09-14,714.0,9.08,9.54,8.61,11044,82,0.3344,-0.9404,0.02033,-0.13,0.0206
2026-09-14 14:38:58,704.82,2026-09-14,715.0,10.03,10.44,10.16,2969,1977,0.3167,-0.966,0.01368,-0.055,0.0131
2026-09-14 14:38:58,704.82,2026-09-14,716.0,10.96,11.52,10.91,935,106,0.3459,-0.9666,0.01233,-0.06,0.0129
2026-09-14 14:38:58,704.82,2026-09-14,717.0,12.04,12.14,11.95,414,52,,,,,
2026-09-14 14:38:58,704.82,2026-09-14,718.0,13.07,13.33,12.43,141,237,0.3543,-0.9825,0.007,-0.02,0.0075
2026-09-14 14:38:58,704.82,2026-09-14,719.0,14.14,14.25,13.52,158,91,0.3697,-0.9851,0.00585,-0.015,0.0066
2026-09-14 14:39:59,704.74,2026-09-14,690.0,0.01,0.06,0.05,4645,2364,0.3934,-0.0144,0.00536,-0.035,0.0064
2026-09-14 14:39:59,704.74,2026-09-14,691.0,0.01,0.06,0.05,4465,245,0.3701,-0.0153,0.00597,-0.035,0.0067
2026-09-14 14:39:59,704.74,2026-09-14,692.0,0.01,0.06,0.04,4465,359,0.3467,-0.0162,0.0067,-0.035,0.007
2026-09-14 14:39:59,704.74,2026-09-14,693.0,0.06,0.07,0.06,5551,222,0.3558,-0.0274,0.01019,-0.065,0.011
2026-09-14 14:39:59,704.74,2026-09-14,694.0,0.03,0.08,0.05,3365,339,0.3212,-0.0259,0.01077,-0.055,0.0105
2026-09-14 14:39:59,704.74,2026-09-14,695.0,0.08,0.09,0.08,10774,4047,0.3194,-0.0381,0.01491,-0.085,0.0144
2026-09-14 14:39:59,704.74,2026-09-14,696.0,0.05,0.06,0.06,7229,534,0.2702,-0.0301,0.01453,-0.055,0.0119
2026-09-14 14:39:59,704.74,2026-09-14,697.0,0.08,0.09,0.09,12854,291,0.2648,-0.0448,0.02052,-0.085,0.0164
2026-09-14 14:39:59,704.74,2026-09-14,698.0,0.11,0.16,0.12,10875,394,0.2617,-0.0674,0.02865,-0.135,0.0227
2026-09-14 14:39:59,704.74,2026-09-14,699.0,0.2,0.21,0.17,11862,434,0.2569,-0.0972,0.03849,-0.205,0.0299
2026-09-14 14:39:59,704.74,2026-09-14,700.0,0.29,0.3,0.25,50354,3971,0.2491,-0.1345,0.05,-0.295,0.0377
2026-09-14 14:39:59,704.74,2026-09-14,701.0,0.37,0.38,0.37,25622,312,0.231,-0.1734,0.06379,-0.375,0.0446
2026-09-14 14:39:59,704.74,2026-09-14,702.0,0.58,0.59,0.58,42985,678,0.2311,-0.2449,0.07821,-0.585,0.0547
2026-09-14 14:39:59,704.74,2026-09-14,703.0,0.78,0.83,0.78,72981,965,0.2202,-0.3219,0.09362,-0.805,0.0623
2026-09-14 14:39:59,704.74,2026-09-14,704.0,1.13,1.14,1.13,72736,656,0.214,-0.4182,0.10496,-1.135,0.0679
2026-09-14 14:39:59,704.74,2026-09-14,705.0,1.49,1.54,1.55,102642,2297,0.2005,-0.5266,0.11419,-1.255,0.0692
2026-09-14 14:39:59,704.74,2026-09-14,706.0,2.08,2.1,2.08,79920,542,0.1989,-0.6391,0.10823,-0.83,0.0651
2026-09-14 14:39:59,704.74,2026-09-14,707.0,2.64,2.76,2.64,65682,603,0.184,-0.7571,0.09777,-0.44,0.0544
2026-09-14 14:39:59,704.74,2026-09-14,708.0,3.41,3.51,3.41,23783,769,0.1733,-0.8579,0.0746,-0.2,0.0391
2026-09-14 14:39:59,704.74,2026-09-14,709.0,4.3,4.45,4.29,9787,918,0.1819,-0.909,0.05177,-0.115,0.0285
2026-09-14 14:39:59,704.74,2026-09-14,710.0,5.17,5.41,5.17,6040,2769,0.1717,-0.9597,0.02905,-0.03,0.0151
2026-09-14 14:39:59,704.74,2026-09-14,711.0,5.98,6.46,6.24,1896,970,,,,,
2026-09-14 14:39:59,704.74,2026-09-14,712.0,7.03,7.52,7.14,1366,567,0.2101,-0.9755,0.01571,-0.015,0.01
2026-09-14 14:39:59,704.74,2026-09-14,713.0,8.2,8.29,8.21,1232,122,0.1768,-0.9961,0.00374,0.015,0.002
2026-09-14 14:39:59,704.74,2026-09-14,714.0,8.99,9.45,8.96,11045,82,,,,,
2026-09-14 14:39:59,704.74,2026-09-14,715.0,10.06,10.08,10.16,2969,1977,,,,,
2026-09-14 14:39:59,704.74,2026-09-14,716.0,10.96,11.09,10.91,935,106,,,,,
2026-09-14 14:39:59,704.74,2026-09-14,717.0,11.98,12.18,11.95,414,52,,,,,
2026-09-14 14:39:59,704.74,2026-09-14,718.0,13.22,13.24,12.43,141,237,,,,,
2026-09-14 14:39:59,704.74,2026-09-14,719.0,14.16,14.23,13.52,158,91,,,,,
2026-09-14 14:40:59,704.85,2026-09-14,690.0,0.01,0.06,0.05,4645,2364,0.3965,-0.0144,0.0053,-0.035,0.0063
2026-09-14 14:40:59,704.85,2026-09-14,691.0,0.05,0.06,0.05,4465,245,0.399,-0.0214,0.00739,-0.055,0.0089
2026-09-14 14:40:59,704.85,2026-09-14,692.0,0.01,0.06,0.03,4467,359,0.3498,-0.0161,0.00662,-0.035,0.007
2026-09-14 14:40:59,704.85,2026-09-14,693.0,0.06,0.07,0.06,5581,222,0.3591,-0.0272,0.01006,-0.065,0.0109
2026-09-14 14:40:59,704.85,2026-09-14,694.0,0.03,0.08,0.04,3366,339,0.3244,-0.0257,0.01061,-0.055,0.0104
2026-09-14 14:40:59,704.85,2026-09-14,695.0,0.08,0.09,0.05,10793,4047,0.3228,-0.0378,0.01468,-0.085,0.0143
2026-09-14 14:40:59,704.85,2026-09-14,696.0,0.09,0.1,0.06,7229,534,0.3021,-0.0441,0.01777,-0.095,0.0162
2026-09-14 14:40:59,704.85,2026-09-14,697.0,0.07,0.08,0.11,12934,291,0.2619,-0.0407,0.0192,-0.075,0.0152
2026-09-14 14:40:59,704.85,2026-09-14,698.0,0.15,0.16,0.13,11007,394,0.2739,-0.0729,0.02913,-0.155,0.0241
2026-09-14 14:40:59,704.85,2026-09-14,699.0,0.21,0.22,0.18,11955,434,0.2642,-0.0989,0.03795,-0.215,0.0302
2026-09-14 14:40:59,704.85,2026-09-14,700.0,0.26,0.27,0.26,50693,3971,0.2452,-0.125,0.04835,-0.265,0.0357
2026-09-14 14:40:59,704.85,2026-09-14,701.0,0.42,0.43,0.42,26135,312,0.2468,-0.1819,0.06163,-0.425,0.0459
2026-09-14 14:40:59,704.85,2026-09-14,702.0,0.56,0.61,0.56,43895,678,0.2364,-0.241,0.07591,-0.585,0.0541
2026-09-14 14:40:59,704.85,2026-09-14,703.0,0.84,0.85,0.84,75054,965,0.2327,-0.3206,0.08859,-0.845,0.0621
2026-09-14 14:40:59,704.85,2026-09-14,704.0,1.17,1.18,1.17,74445,656,0.2269,-0.4117,0.09874,-1.175,0.0676
2026-09-14 14:40:59,704.85,2026-09-14,705.0,1.55,1.57,1.55,107316,2297,0.2155,-0.513,0.10653,-1.41,0.0692
2026-09-14 14:40:59,704.85,2026-09-14,706.0,2.08,2.14,2.08,83158,542,0.2128,-0.6192,0.10309,-0.96,0.0662
2026-09-14 14:40:59,704.85,2026-09-14,707.0,2.78,2.8,2.78,67933,603,0.2144,-0.7153,0.09114,-0.64,0.0589
2026-09-14 14:40:59,704.85,2026-09-14,708.0,3.44,3.56,3.46,23987,769,0.204,-0.8104,0.07649,-0.35,0.0471
2026-09-14 14:40:59,704.85,2026-09-14,709.0,4.3,4.52,4.35,9854,918,0.2211,-0.8578,0.0586,-0.26,0.0391
2026-09-14 14:40:59,704.85,2026-09-14,710.0,5.24,5.44,5.25,6104,2769,0.2358,-0.8936,0.04485,-0.19,0.0319
2026-09-14 14:40:59,704.85,2026-09-14,711.0,5.95,6.43,6.13,1905,970,0.2021,-0.9588,0.02515,-0.04,0.0153
2026-09-14 14:40:59,704.85,2026-09-14,712.0,7.05,7.45,7,1377,567,0.2629,-0.9396,0.02624,-0.1,0.0208
2026-09-14 14:40:59,704.85,2026-09-14,713.0,8.08,8.16,7.97,1235,122,,,,,
2026-09-14 14:40:59,704.85,2026-09-14,714.0,8.98,9.23,8.95,11057,82,,,,,
2026-09-14 14:40:59,704.85,2026-09-14,715.0,10.09,10.45,9.93,2979,1977,0.3576,-0.9469,0.01742,-0.12,0.0188
2026-09-14 14:40:59,704.85,2026-09-14,716.0,10.83,11.29,10.91,935,106,,,,,
2026-09-14 14:40:59,704.85,2026-09-14,717.0,12.02,12.19,11.95,414,52,,,,,
2026-09-14 14:40:59,704.85,2026-09-14,718.0,12.93,13.04,12.43,141,237,,,,,
2026-09-14 14:40:59,704.85,2026-09-14,719.0,13.91,14.42,13.52,158,91,0.37,-0.9851,0.00585,-0.015,0.0065
2026-09-14 14:42:01,704.73,2026-09-14,690.0,0.05,0.06,0.04,4647,2364,0.4213,-0.0204,0.00674,-0.055,0.0085
2026-09-14 14:42:01,704.73,2026-09-14,691.0,0.05,0.06,0.05,4665,245,0.3967,-0.0215,0.00749,-0.055,0.0089
2026-09-14 14:42:01,704.73,2026-09-14,692.0,0.05,0.06,0.05,4541,359,0.3719,-0.0228,0.00839,-0.055,0.0094
2026-09-14 14:42:01,704.73,2026-09-14,693.0,0.06,0.07,0.06,5735,222,0.3566,-0.0274,0.01021,-0.065,0.0109
2026-09-14 14:42:01,704.73,2026-09-14,694.0,0.07,0.08,0.07,3379,339,0.3392,-0.0325,0.01236,-0.075,0.0126
2026-09-14 14:42:01,704.73,2026-09-14,695.0,0.04,0.09,0.08,10824,4047,0.305,-0.0315,0.01339,-0.065,0.0123
2026-09-14 14:42:01,704.73,2026-09-14,696.0,0.09,0.1,0.09,7353,534,0.2991,-0.0445,0.01813,-0.095,0.0163
2026-09-14 14:42:01,704.73,2026-09-14,697.0,0.12,0.13,0.1,13929,291,0.2871,-0.0584,0.02345,-0.125,0.0202
2026-09-14 14:42:01,704.73,2026-09-14,698.0,0.15,0.16,0.15,11166,394,0.2706,-0.0738,0.02982,-0.155,0.0242
2026-09-14 14:42:01,704.73,2026-09-14,699.0,0.2,0.21,0.21,12234,434,0.2572,-0.0974,0.03861,-0.205,0.0298
2026-09-14 14:42:01,704.73,2026-09-14,700.0,0.25,0.26,0.26,51702,3971,0.2384,-0.1242,0.04957,-0.255,0.0355
2026-09-14 14:42:01,704.73,2026-09-14,701.0,0.41,0.42,0.41,27699,312,0.24,-0.1827,0.06367,-0.415,0.0459
2026-09-14 14:42:01,704.73,2026-09-14,702.0,0.59,0.6,0.59,46277,678,0.233,-0.2471,0.07821,-0.595,0.0547
2026-09-14 14:42:01,704.73,2026-09-14,703.0,0.8,0.85,0.8,80160,965,0.2233,-0.325,0.09298,-0.825,0.0624
2026-09-14 14:42:01,704.73,2026-09-14,704.0,1.14,1.15,1.14,81406,656,0.2152,-0.4199,0.1048,-1.145,0.0678
2026-09-14 14:42:01,704.73,2026-09-14,705.0,1.58,1.63,1.58,116230,2297,0.213,-0.5267,0.10782,-1.33,0.069
2026-09-14 14:42:01,704.73,2026-09-14,706.0,2.11,2.19,2.11,90164,542,0.2073,-0.6356,0.10453,-0.875,0.0651
2026-09-14 14:42:01,704.73,2026-09-14,707.0,2.86,2.89,2.86,70167,603,0.2139,-0.7275,0.08961,-0.6,0.0576
2026-09-14 14:42:01,704.73,2026-09-14,708.0,3.52,3.61,3.59,24377,769,0.1961,-0.8298,0.0745,-0.29,0.0439
2026-09-14 14:42:01,704.73,2026-09-14,709.0,4.32,4.42,4.33,9961,918,0.1756,-0.918,0.04975,-0.095,0.0262
2026-09-14 14:42:01,704.73,2026-09-14,710.0,5.38,5.63,5.4,6218,2769,0.2526,-0.8836,0.04472,-0.23,0.0339
2026-09-14 14:42:01,704.73,2026-09-14,711.0,6.25,6.61,6.27,1929,970,0.2603,-0.9158,0.03425,-0.155,0.0268
2026-09-14 14:42:01,704.73,2026-09-14,712.0,7.17,7.56,7.23,1407,567,0.2619,-0.9437,0.02494,-0.09,0.0196
2026-09-14 14:42:01,704.73,2026-09-14,713.0,8.06,8.6,8.22,1237,122,0.2688,-0.9607,0.01824,-0.055,0.0147
2026-09-14 14:42:01,704.73,2026-09-14,714.0,9.29,9.57,9.08,11072,82,0.3504,-0.9344,0.02102,-0.155,0.0221
2026-09-14 14:42:01,704.73,2026-09-14,715.0,9.91,10.41,9.97,3010,1977,,,,,
2026-09-14 14:42:01,704.73,2026-09-14,716.0,11.19,11.33,11.01,942,106,0.2339,-0.997,0.00224,0.015,0.0016
2026-09-14 14:42:01,704.73,2026-09-14,717.0,12.12,12.51,11.95,416,52,0.3573,-0.9749,0.00948,-0.04,0.0102
2026-09-14 14:42:01,704.73,2026-09-14,718.0,13.03,13.47,12.43,141,237,,,,,
2026-09-14 14:42:01,704.73,2026-09-14,719.0,13.86,14.46,13.52,159,91,,,,,
2026-09-14 14:43:02,705.09,2026-09-14,691.0,0.05,0.06,0.04,4705,245,0.4061,-0.0211,0.0072,-0.055,0.0088
2026-09-14 14:43:02,705.09,2026-09-14,692.0,0.05,0.06,0.05,4544,359,0.3814,-0.0223,0.00804,-0.055,0.0092
2026-09-14 14:43:02,705.09,2026-09-14,693.0,0.06,0.07,0.03,5825,222,0.3663,-0.0268,0.00976,-0.065,0.0107
2026-09-14 14:43:02,705.09,2026-09-14,694.0,0.03,0.04,0.07,3380,339,0.309,-0.018,0.00828,-0.035,0.0077
2026-09-14 14:43:02,705.09,2026-09-14,695.0,0.07,0.08,0.06,10897,4047,0.3228,-0.034,0.01349,-0.075,0.0131
2026-09-14 14:43:02,705.09,2026-09-14,696.0,0.04,0.05,0.07,7389,534,0.2712,-0.0253,0.01256,-0.045,0.0102
2026-09-14 14:43:02,705.09,2026-09-14,697.0,0.1,0.11,0.11,14470,291,0.2875,-0.0503,0.02082,-0.105,0.0179
2026-09-14 14:43:02,705.09,2026-09-14,698.0,0.13,0.14,0.13,11185,394,0.2733,-0.0651,0.02684,-0.135,0.022
2026-09-14 14:43:02,705.09,2026-09-14,699.0,0.14,0.19,0.18,12340,434,0.255,-0.0819,0.03427,-0.165,0.0262
2026-09-14 14:43:02,705.09,2026-09-14,700.0,0.21,0.26,0.26,52068,3971,0.2456,-0.1134,0.04519,-0.235,0.0333
2026-09-14 14:43:02,705.09,2026-09-14,701.0,0.35,0.36,0.35,27968,312,0.241,-0.161,0.05855,-0.355,0.0423
2026-09-14 14:43:02,705.09,2026-09-14,702.0,0.46,0.51,0.49,46662,678,0.2285,-0.2147,0.0738,-0.485,0.0505
2026-09-14 14:43:02,705.09,2026-09-14,703.0,0.68,0.73,0.68,81211,965,0.2224,-0.2908,0.089,-0.705,0.0593
2026-09-14 14:43:02,705.09,2026-09-14,704.0,1.02,1.03,0.98,82482,656,0.2195,-0.3842,0.10051,-1.025,0.0661
2026-09-14 14:43:02,705.09,2026-09-14,705.0,1.39,1.4,1.39,119331,2297,0.2097,-0.4871,0.10981,-1.395,0.069
2026-09-14 14:43:02,705.09,2026-09-14,706.0,1.94,1.95,1.94,91524,542,0.2106,-0.5955,0.10624,-1.035,0.0671
2026-09-14 14:43:02,705.09,2026-09-14,707.0,2.5,2.51,2.57,71334,603,0.1958,-0.7105,0.1009,-0.595,0.0592
2026-09-14 14:43:02,705.09,2026-09-14,708.0,3.28,3.3,3.33,24488,769,0.2011,-0.7957,0.08144,-0.38,0.0491
2026-09-14 14:43:02,705.09,2026-09-14,709.0,4.14,4.25,4.14,10048,918,0.2191,-0.8462,0.06249,-0.285,0.0411
2026-09-14 14:43:02,705.09,2026-09-14,710.0,4.86,5.06,4.89,6238,2769,0.1746,-0.9464,0.03608,-0.05,0.0189
2026-09-14 14:43:02,705.09,2026-09-14,711.0,5.78,5.99,5.88,1937,970,,,,,
2026-09-14 14:43:02,705.09,2026-09-14,712.0,6.73,7.1,6.93,1416,567,0.1914,-0.9806,0.01422,-0.005,0.0082
2026-09-14 14:43:02,705.09,2026-09-14,713.0,7.73,8.109,8.22,1327,122,0.2204,-0.98,0.01269,-0.0095,0.0084
2026-09-14 14:43:02,705.09,2026-09-14,714.0,8.9,9.06,9.08,11073,82,0.2957,-0.9575,0.01769,-0.07,0.0157
2026-09-14 14:43:02,705.09,2026-09-14,715.0,9.63,9.95,10,3013,1977,,,,,
2026-09-14 14:43:02,705.09,2026-09-14,716.0,10.58,10.72,10.92,943,106,,,,,
2026-09-14 14:43:02,705.09,2026-09-14,717.0,11.59,11.98,11.79,416,52,,,,,
2026-09-14 14:43:02,705.09,2026-09-14,718.0,12.93,13.25,12.43,141,237,0.4669,-0.9423,0.01429,-0.18,0.02
2026-09-14 14:43:02,705.09,2026-09-14,719.0,13.49,13.78,14.04,159,91,,,,,
2026-09-14 14:43:02,705.09,2026-09-14,720.0,15.03,15.27,14.71,157,963,0.5527,-0.9374,0.01287,-0.24,0.0213
2026-09-14 14:44:02,704.8,2026-09-14,690.0,0.05,0.06,0.02,4804,2364,0.4245,-0.0203,0.00669,-0.055,0.0085
2026-09-14 14:44:02,704.8,2026-09-14,691.0,0.05,0.06,0.03,4705,245,0.3999,-0.0214,0.00743,-0.055,0.0089
2026-09-14 14:44:02,704.8,2026-09-14,692.0,0.05,0.06,0.04,4563,359,0.375,-0.0227,0.00831,-0.055,0.0093
2026-09-14 14:44:02,704.8,2026-09-14,693.0,0.02,0.07,0.04,5825,222,0.3392,-0.0208,0.00852,-0.045,0.0086
2026-09-14 14:44:02,704.8,2026-09-14,694.0,0.03,0.04,0.07,3380,339,0.3027,-0.0184,0.00861,-0.035,0.0078
2026-09-14 14:44:02,704.8,2026-09-14,695.0,0.07,0.08,0.07,10920,4047,0.3159,-0.0347,0.01405,-0.075,0.0132
2026-09-14 14:44:02,704.8,2026-09-14,696.0,0.08,0.09,0.05,7401,534,0.2959,-0.0409,0.01717,-0.085,0.0152
2026-09-14 14:44:02,704.8,2026-09-14,697.0,0.07,0.08,0.08,15050,291,0.2619,-0.0408,0.01936,-0.075,0.0151
2026-09-14 14:44:02,704.8,2026-09-14,698.0,0.1,0.11,0.14,11244,394,0.251,-0.0566,0.02624,-0.105,0.0197
2026-09-14 14:44:02,704.8,2026-09-14,699.0,0.2,0.21,0.2,12359,434,0.2607,-0.0966,0.03798,-0.205,0.0296
2026-09-14 14:44:02,704.8,2026-09-14,700.0,0.28,0.29,0.28,52339,3971,0.2503,-0.131,0.04915,-0.285,0.0367
2026-09-14 14:44:02,704.8,2026-09-14,701.0,0.4,0.41,0.4,28217,312,0.2417,-0.1786,0.06251,-0.405,0.0451
2026-09-14 14:44:02,704.8,2026-09-14,702.0,0.58,0.59,0.53,47478,678,0.2355,-0.2426,0.07684,-0.585,0.054
2026-09-14 14:44:02,704.8,2026-09-14,703.0,0.82,0.83,0.8,81721,965,0.2282,-0.3207,0.09077,-0.825,0.0619
2026-09-14 14:44:02,704.8,2026-09-14,704.0,1.11,1.16,1.11,83091,656,0.2193,-0.4129,0.10275,-1.135,0.0673
2026-09-14 14:44:02,704.8,2026-09-14,705.0,1.55,1.56,1.55,122120,2297,0.2125,-0.5182,0.10855,-1.36,0.0689
2026-09-14 14:44:02,704.8,2026-09-14,706.0,2.15,2.16,2.15,92660,542,0.2165,-0.6224,0.1016,-0.96,0.0657
2026-09-14 14:44:02,704.8,2026-09-14,707.0,2.76,2.85,2.76,72400,603,0.2124,-0.7222,0.09134,-0.61,0.0579
2026-09-14 14:44:02,704.8,2026-09-14,708.0,3.48,3.57,3.55,24556,769,0.2025,-0.8169,0.07582,-0.33,0.0458
2026-09-14 14:44:02,704.8,2026-09-14,709.0,4.38,4.58,4.31,10065,918,0.2301,-0.8519,0.05815,-0.285,0.04
2026-09-14 14:44:02,704.8,2026-09-14,710.0,5.28,5.5,5.13,6325,2769,0.24,-0.8926,0.04455,-0.195,0.0319
2026-09-14 14:44:02,704.8,2026-09-14,711.0,6.11,6.39,6.23,1944,970,0.2135,-0.952,0.02706,-0.055,0.0173
2026-09-14 14:44:02,704.8,2026-09-14,712.0,7.11,7.28,7.23,1426,567,0.1916,-0.9844,0.01184,0.0,0.0068
2026-09-14 14:44:02,704.8,2026-09-14,713.0,8.18,8.26,8.24,1328,122,0.2439,-0.973,0.01481,-0.025,0.0108
2026-09-14 14:44:02,704.8,2026-09-14,714.0,9.21,9.3,9.08,11074,82,0.2972,-0.9618,0.01617,-0.06,0.0143
2026-09-14 14:44:02,704.8,2026-09-14,715.0,10.03,10.37,9.74,3014,1977,0.2672,-0.9856,0.00794,-0.005,0.0063
2026-09-14 14:44:02,704.8,2026-09-14,716.0,11.22,11.38,11.24,946,106,0.3795,-0.9541,0.01468,-0.105,0.0166
2026-09-14 14:44:02,704.8,2026-09-14,717.0,12.07,12.39,11.79,416,52,0.3512,-0.9764,0.00917,-0.035,0.0096
2026-09-14 14:44:02,704.8,2026-09-14,718.0,12.85,13.12,12.43,172,237,,,,,
2026-09-14 14:44:02,704.8,2026-09-14,719.0,14.31,14.54,14.04,159,91,0.5286,-0.937,0.01355,-0.23,0.0214
2026-09-14 14:45:03,705.46,2026-09-14,691.0,0.05,0.06,0.03,4765,245,0.4163,-0.0207,0.00693,-0.055,0.0086
2026-09-14 14:45:03,705.46,2026-09-14,692.0,0.05,0.06,0.04,4570,359,0.3916,-0.0218,0.00771,-0.055,0.009
2026-09-14 14:45:03,705.46,2026-09-14,693.0,0.01,0.02,0.04,5901,222,0.306,-0.0085,0.00438,-0.015,0.004
2026-09-14 14:45:03,705.46,2026-09-14,694.0,0.06,0.07,0.07,3630,339,0.3511,-0.0279,0.01056,-0.065,0.0111
2026-09-14 14:45:03,705.46,2026-09-14,695.0,0.03,0.08,0.07,10967,4047,0.3163,-0.0264,0.0112,-0.055,0.0106
2026-09-14 14:45:03,705.46,2026-09-14,696.0,0.04,0.09,0.08,7426,534,0.2992,-0.0321,0.01393,-0.065,0.0124
2026-09-14 14:45:03,705.46,2026-09-14,697.0,0.05,0.06,0.09,15063,291,0.2648,-0.0309,0.01523,-0.055,0.012
2026-09-14 14:45:03,705.46,2026-09-14,698.0,0.08,0.13,0.12,11645,394,0.2702,-0.0532,0.02322,-0.105,0.0187
2026-09-14 14:45:03,705.46,2026-09-14,699.0,0.11,0.16,0.16,12448,434,0.255,-0.0693,0.03025,-0.135,0.023
2026-09-14 14:45:03,705.46,2026-09-14,700.0,0.21,0.22,0.22,52963,3971,0.2526,-0.1032,0.04115,-0.215,0.031
2026-09-14 14:45:03,705.46,2026-09-14,701.0,0.3,0.31,0.27,28579,312,0.2432,-0.1417,0.05344,-0.305,0.0388
2026-09-14 14:45:03,705.46,2026-09-14,702.0,0.39,0.4,0.42,47766,678,0.2258,-0.1849,0.06842,-0.395,0.0461
2026-09-14 14:45:03,705.46,2026-09-14,703.0,0.58,0.59,0.62,82679,965,0.2198,-0.2557,0.08471,-0.585,0.0555
2026-09-14 14:45:03,705.46,2026-09-14,704.0,0.86,0.87,0.86,83987,656,0.2163,-0.345,0.09863,-0.865,0.0636
2026-09-14 14:45:03,705.46,2026-09-14,705.0,1.22,1.27,1.24,124808,2297,0.2137,-0.4474,0.10716,-1.245,0.0683
2026-09-14 14:45:03,705.46,2026-09-14,706.0,1.7,1.71,1.7,94549,542,0.2073,-0.5569,0.11028,-1.165,0.0682
2026-09-14 14:45:03,705.46,2026-09-14,707.0,2.33,2.35,2.31,75377,603,0.2109,-0.6609,0.10053,-0.8,0.0632
2026-09-14 14:45:03,705.46,2026-09-14,708.0,2.98,3.02,3.01,24715,769,0.2014,-0.7646,0.08842,-0.46,0.0531
2026-09-14 14:45:03,705.46,2026-09-14,709.0,3.76,3.93,3.81,10103,918,0.2104,-0.8325,0.06897,-0.305,0.0433
2026-09-14 14:45:03,705.46,2026-09-14,710.0,4.74,4.86,5.14,6462,2769,0.2363,-0.8647,0.05329,-0.26,0.0375
2026-09-14 14:45:03,705.46,2026-09-14,711.0,5.63,5.76,5.77,1949,970,0.2381,-0.909,0.03981,-0.155,0.0283
2026-09-14 14:45:03,705.46,2026-09-14,712.0,6.49,6.82,7.23,1427,567,0.2532,-0.9308,0.03045,-0.115,0.023
2026-09-14 14:45:03,705.46,2026-09-14,713.0,7.56,7.74,8.14,1329,122,0.2803,-0.9385,0.02509,-0.11,0.021
2026-09-14 14:45:03,705.46,2026-09-14,714.0,8.63,8.74,8.98,11075,82,0.3256,-0.9335,0.02295,-0.145,0.0223
2026-09-14 14:45:03,705.46,2026-09-14,715.0,9.37,9.88,10.28,3014,1977,0.3228,-0.9548,0.01708,-0.085,0.0164
2026-09-14 14:45:03,705.46,2026-09-14,716.0,10.68,10.84,10.7,950,106,0.4172,-0.9257,0.01951,-0.22,0.0243
2026-09-14 14:45:03,705.46,2026-09-14,717.0,11.49,11.59,11.79,416,52,0.288,-0.9891,0.00577,-0.0,0.005
2026-09-14 14:45:03,705.46,2026-09-14,718.0,12.38,12.56,13.26,192,237,,,,,
2026-09-14 14:45:03,705.46,2026-09-14,719.0,13.74,13.99,14.04,159,91,0.5499,-0.9198,0.01569,-0.325,0.0257
2026-09-14 14:45:03,705.46,2026-09-14,720.0,14.75,15,14.71,157,963,0.5841,-0.9219,0.01447,-0.335,0.0252
2026-09-14 14:46:04,705.83,2026-09-14,691.0,0.01,0.05,0.02,4765,245,0.3903,-0.0128,0.00489,-0.03,0.0057
2026-09-14 14:46:04,705.83,2026-09-14,692.0,0.05,0.06,0.05,4592,359,0.4012,-0.0214,0.00741,-0.055,0.0088
2026-09-14 14:46:04,705.83,2026-09-14,693.0,0.05,0.06,0.05,5901,222,0.3763,-0.0226,0.00828,-0.055,0.0093
2026-09-14 14:46:04,705.83,2026-09-14,694.0,0.06,0.07,0.06,3634,339,0.361,-0.0272,0.01008,-0.065,0.0108
2026-09-14 14:46:04,705.83,2026-09-14,695.0,0.06,0.07,0.06,10967,4047,0.3352,-0.0291,0.01146,-0.065,0.0114
2026-09-14 14:46:04,705.83,2026-09-14,696.0,0.07,0.08,0.08,7545,534,0.3171,-0.0346,0.014,-0.075,0.0132
2026-09-14 14:46:04,705.83,2026-09-14,697.0,0.08,0.09,0.09,15612,291,0.2971,-0.0408,0.0171,-0.085,0.0151
2026-09-14 14:46:04,705.83,2026-09-14,698.0,0.06,0.11,0.11,11653,394,0.2695,-0.0445,0.0202,-0.085,0.0162
2026-09-14 14:46:04,705.83,2026-09-14,699.0,0.09,0.14,0.14,12482,434,0.2572,-0.06,0.02687,-0.115,0.0206
2026-09-14 14:46:04,705.83,2026-09-14,700.0,0.17,0.18,0.18,53240,3971,0.2514,-0.0873,0.03662,-0.175,0.0274
2026-09-14 14:46:04,705.83,2026-09-14,701.0,0.2,0.21,0.25,28826,312,0.2284,-0.1079,0.04708,-0.205,0.032
2026-09-14 14:46:04,705.83,2026-09-14,702.0,0.34,0.35,0.35,48152,678,0.2295,-0.1641,0.0625,-0.345,0.0427
2026-09-14 14:46:04,705.83,2026-09-14,703.0,0.5,0.51,0.47,83345,965,0.2219,-0.2272,0.07877,-0.505,0.052
2026-09-14 14:46:04,705.83,2026-09-14,704.0,0.72,0.73,0.73,85277,656,0.2135,-0.3068,0.09534,-0.725,0.0606
2026-09-14 14:46:04,705.83,2026-09-14,705.0,0.99,1.05,1.05,127417,2297,0.2041,-0.4038,0.11002,-1.02,0.0668
2026-09-14 14:46:04,705.83,2026-09-14,706.0,1.44,1.46,1.46,95903,542,0.1995,-0.5166,0.11585,-1.28,0.0688
2026-09-14 14:46:04,705.83,2026-09-14,707.0,1.98,2.009,1.99,75768,603,0.1946,-0.6332,0.11213,-0.8245,0.0649
2026-09-14 14:46:04,705.83,2026-09-14,708.0,2.55,2.7,2.58,24842,769,0.1842,-0.7498,0.10005,-0.455,0.0548
2026-09-14 14:46:04,705.83,2026-09-14,709.0,3.43,3.45,3.47,10150,918,0.1883,-0.8329,0.07704,-0.27,0.0432
2026-09-14 14:46:04,705.83,2026-09-14,710.0,4.22,4.29,4.36,6466,2769,0.1693,-0.9216,0.05016,-0.085,0.0253
2026-09-14 14:46:04,705.83,2026-09-14,711.0,5.19,5.4,5.3,1949,970,0.2157,-0.9157,0.04155,-0.125,0.0267
2026-09-14 14:46:04,705.83,2026-09-14,712.0,6.08,6.24,6.2,1427,567,0.1511,-0.9906,0.00973,0.01,0.0044
2026-09-14 14:46:04,705.83,2026-09-14,713.0,7.14,7.23,7.26,1329,122,0.2093,-0.9755,0.01593,-0.015,0.0099
2026-09-14 14:46:04,705.83,2026-09-14,714.0,8.13,8.17,8.24,11075,82,,,,,
2026-09-14 14:46:04,705.83,2026-09-14,715.0,9.18,9.37,10.28,3016,1977,0.3244,-0.9475,0.01916,-0.105,0.0185
2026-09-14 14:46:04,705.83,2026-09-14,716.0,9.9,10.17,10.32,959,106,,,,,
2026-09-14 14:46:04,705.83,2026-09-14,717.0,11.13,11.14,11.79,416,52,,,,,
2026-09-14 14:46:04,705.83,2026-09-14,718.0,11.86,12.18,12.1,192,237,,,,,
2026-09-14 14:46:04,705.83,2026-09-14,719.0,13.18,13.22,14.04,159,91,0.3695,-0.9793,0.00782,-0.03,0.0086
2026-09-14 14:46:04,705.83,2026-09-14,720.0,13.78,14.05,14.71,158,963,,,,,
2026-09-14 14:47:06,705.83,2026-09-14,691.0,0.04,0.05,0.02,4765,245,0.4138,-0.0174,0.00604,-0.045,0.0074
2026-09-14 14:47:06,705.83,2026-09-14,692.0,0.05,0.06,0.05,4608,359,0.4017,-0.0214,0.00741,-0.055,0.0088
2026-09-14 14:47:06,705.83,2026-09-14,693.0,0.01,0.02,0.02,5913,222,0.3147,-0.0083,0.00418,-0.015,0.0039
2026-09-14 14:47:06,705.83,2026-09-14,694.0,0.02,0.03,0.06,3634,339,0.313,-0.0132,0.00631,-0.025,0.0059
2026-09-14 14:47:06,705.83,2026-09-14,695.0,0.02,0.07,0.06,10973,4047,0.3161,-0.0222,0.0097,-0.045,0.0091
2026-09-14 14:47:06,705.83,2026-09-14,696.0,0.02,0.07,0.03,7566,534,0.2912,-0.0238,0.0112,-0.045,0.0097
2026-09-14 14:47:06,705.83,2026-09-14,697.0,0.08,0.09,0.08,15739,291,0.2975,-0.0409,0.01712,-0.085,0.0151
2026-09-14 14:47:06,705.83,2026-09-14,698.0,0.09,0.1,0.1,11668,394,0.2758,-0.0481,0.02104,-0.095,0.0172
2026-09-14 14:47:06,705.83,2026-09-14,699.0,0.08,0.13,0.13,12521,434,0.2525,-0.0565,0.02614,-0.105,0.0196
2026-09-14 14:47:06,705.83,2026-09-14,700.0,0.14,0.19,0.18,53319,3971,0.2479,-0.0842,0.0362,-0.165,0.0266
2026-09-14 14:47:06,705.83,2026-09-14,701.0,0.25,0.26,0.22,28990,312,0.2435,-0.1227,0.04844,-0.255,0.035
2026-09-14 14:47:06,705.83,2026-09-14,702.0,0.36,0.37,0.37,48347,678,0.2343,-0.1691,0.06249,-0.365,0.0434
2026-09-14 14:47:06,705.83,2026-09-14,703.0,0.49,0.5,0.53,83556,965,0.2201,-0.2254,0.07919,-0.495,0.0517
2026-09-14 14:47:06,705.83,2026-09-14,704.0,0.73,0.74,0.77,85703,656,0.2153,-0.3084,0.09494,-0.735,0.0606
2026-09-14 14:47:06,705.83,2026-09-14,705.0,1.08,1.09,1.09,128362,2297,0.2138,-0.4084,0.10547,-1.085,0.0669
2026-09-14 14:47:06,705.83,2026-09-14,706.0,1.46,1.52,1.52,96575,542,0.2052,-0.5167,0.11278,-1.315,0.0686
2026-09-14 14:47:06,705.83,2026-09-14,707.0,2.02,2.07,2.07,76186,603,0.2022,-0.6291,0.10849,-0.87,0.0651
2026-09-14 14:47:06,705.83,2026-09-14,708.0,2.71,2.76,2.74,24916,769,0.2035,-0.7298,0.0944,-0.56,0.057
2026-09-14 14:47:06,705.83,2026-09-14,709.0,3.5,3.58,3.47,10154,918,0.2099,-0.8076,0.07567,-0.365,0.0471
2026-09-14 14:47:06,705.83,2026-09-14,710.0,4.24,4.38,4.21,6469,2769,0.1877,-0.8998,0.0544,-0.135,0.0303
2026-09-14 14:47:06,705.83,2026-09-14,711.0,5.17,5.31,5.3,1950,970,0.1907,-0.9409,0.03585,-0.065,0.0203
2026-09-14 14:47:06,705.83,2026-09-14,712.0,6.06,6.18,6.2,1457,567,,,,,
2026-09-14 14:47:06,705.83,2026-09-14,713.0,7.1,7.24,7.26,1329,122,0.1834,-0.9879,0.00999,0.005,0.0054
2026-09-14 14:47:06,705.83,2026-09-14,714.0,8.02,8.29,8.24,11075,82,,,,,
2026-09-14 14:47:06,705.83,2026-09-14,715.0,8.91,9.3,9.3,3016,1977,,,,,
2026-09-14 14:47:06,705.83,2026-09-14,716.0,9.94,10.35,10.19,959,106,,,,,
2026-09-14 14:47:06,705.83,2026-09-14,717.0,10.94,11.1,11.79,416,52,,,,,
2026-09-14 14:47:06,705.83,2026-09-14,718.0,11.82,12.42,12.1,192,237,,,,,
2026-09-14 14:47:06,705.83,2026-09-14,719.0,13.04,13.39,14.04,159,91,0.3812,-0.9762,0.00854,-0.04,0.0097
2026-09-14 14:47:06,705.83,2026-09-14,720.0,14.25,14.35,14.05,158,963,0.4733,-0.9567,0.01127,-0.125,0.0158
2026-09-14 14:48:06,705.66,2026-09-14,691.0,0.01,0.02,0.02,4765,245,0.3551,-0.0075,0.00338,-0.015,0.0035
2026-09-14 14:48:06,705.66,2026-09-14,692.0,0.05,0.06,0.02,4608,359,0.3984,-0.0216,0.00755,-0.055,0.0089
2026-09-14 14:48:06,705.66,2026-09-14,693.0,0.01,0.02,0.02,5913,222,0.3117,-0.0084,0.00427,-0.015,0.0039
2026-09-14 14:48:06,705.66,2026-09-14,694.0,0.06,0.07,0.03,3640,339,0.3579,-0.0275,0.0103,-0.065,0.0109
2026-09-14 14:48:06,705.66,2026-09-14,695.0,0.06,0.07,0.05,10973,4047,0.332,-0.0294,0.01173,-0.065,0.0115
2026-09-14 14:48:06,705.66,2026-09-14,696.0,0.03,0.04,0.07,7566,534,0.2765,-0.02,0.01019,-0.035,0.0083
2026-09-14 14:48:06,705.66,2026-09-14,697.0,0.04,0.09,0.08,15760,291,0.2793,-0.0342,0.0158,-0.065,0.013
2026-09-14 14:48:06,705.66,2026-09-14,698.0,0.06,0.07,0.11,11716,394,0.2525,-0.0374,0.01879,-0.065,0.014
2026-09-14 14:48:06,705.66,2026-09-14,699.0,0.09,0.1,0.14,12544,434,0.2429,-0.0537,0.02615,-0.095,0.0188
2026-09-14 14:48:06,705.66,2026-09-14,700.0,0.18,0.19,0.19,53496,3971,0.2503,-0.0921,0.03839,-0.185,0.0284
2026-09-14 14:48:06,705.66,2026-09-14,701.0,0.25,0.26,0.27,29155,312,0.2381,-0.1251,0.05034,-0.255,0.0354
2026-09-14 14:48:06,705.66,2026-09-14,702.0,0.32,0.33,0.37,48660,678,0.219,-0.1629,0.06542,-0.325,0.0423
2026-09-14 14:48:06,705.66,2026-09-14,703.0,0.48,0.53,0.54,83763,965,0.2151,-0.2333,0.08276,-0.505,0.0526
2026-09-14 14:48:06,705.66,2026-09-14,704.0,0.72,0.77,0.77,86218,656,0.2088,-0.319,0.0995,-0.745,0.0614
2026-09-14 14:48:06,705.66,2026-09-14,705.0,1.07,1.08,1.09,129194,2297,0.2025,-0.4218,0.11242,-1.075,0.0673
2026-09-14 14:48:06,705.66,2026-09-14,706.0,1.51,1.53,1.53,97346,542,0.1972,-0.5369,0.11716,-1.18,0.0683
2026-09-14 14:48:06,705.66,2026-09-14,707.0,1.99,2.07,2.12,76462,603,0.1836,-0.6614,0.11592,-0.69,0.0629
2026-09-14 14:48:06,705.66,2026-09-14,708.0,2.69,2.74,2.8,24971,769,0.1773,-0.7759,0.09818,-0.375,0.0514
2026-09-14 14:48:06,705.66,2026-09-14,709.0,3.44,3.71,3.73,10170,918,0.187,-0.8482,0.07311,-0.235,0.0404
2026-09-14 14:48:06,705.66,2026-09-14,710.0,4.32,4.49,4.53,6576,2769,0.1665,-0.9336,0.04502,-0.065,0.0222
2026-09-14 14:48:06,705.66,2026-09-14,711.0,5.3,5.6,5.5,1951,970,0.2159,-0.9231,0.03888,-0.11,0.0248
2026-09-14 14:48:06,705.66,2026-09-14,712.0,6.17,6.38,6.4,1464,567,,,,,
2026-09-14 14:48:06,705.66,2026-09-14,713.0,7.31,7.45,7.26,1329,122,0.2355,-0.9638,0.01963,-0.04,0.0137
2026-09-14 14:48:06,705.66,2026-09-14,714.0,8.2,8.28,8.24,11076,82,,,,,
2026-09-14 14:48:06,705.66,2026-09-14,715.0,9.34,9.42,9.3,3017,1977,0.287,-0.9695,0.01398,-0.04,0.0119
2026-09-14 14:48:06,705.66,2026-09-14,716.0,10,10.5,10.19,968,106,,,,,
2026-09-14 14:48:06,705.66,2026-09-14,717.0,11.12,11.45,11.79,416,52,,,,,
2026-09-14 14:48:06,705.66,2026-09-14,718.0,12.41,12.5,12.1,213,237,0.4185,-0.9548,0.01323,-0.115,0.0164
2026-09-14 14:48:06,705.66,2026-09-14,719.0,13.39,13.57,14.04,159,91,0.4606,-0.9517,0.01268,-0.14,0.0173
2026-09-14 14:48:06,705.66,2026-09-14,720.0,14.07,14.32,14.05,158,963,,,,,
2026-09-14 14:49:07,705.8,2026-09-14,691.0,0.01,0.05,0.02,5189,245,0.3916,-0.0128,0.00491,-0.03,0.0057
2026-09-14 14:49:07,705.8,2026-09-14,692.0,0.01,0.02,0.05,4700,359,0.337,-0.0078,0.00372,-0.015,0.0037
2026-09-14 14:49:07,705.8,2026-09-14,693.0,0.05,0.06,0.02,5913,222,0.3774,-0.0227,0.00831,-0.055,0.0092
2026-09-14 14:49:07,705.8,2026-09-14,694.0,0.06,0.07,0.03,3709,339,0.362,-0.0273,0.01012,-0.065,0.0108
2026-09-14 14:49:07,705.8,2026-09-14,695.0,0.06,0.07,0.05,10981,4047,0.3361,-0.0291,0.01151,-0.065,0.0114
2026-09-14 14:49:07,705.8,2026-09-14,696.0,0.07,0.08,0.07,8009,534,0.3178,-0.0347,0.01406,-0.075,0.0132
2026-09-14 14:49:07,705.8,2026-09-14,697.0,0.08,0.09,0.09,15831,291,0.2977,-0.0409,0.01718,-0.085,0.0151
2026-09-14 14:49:07,705.8,2026-09-14,698.0,0.06,0.07,0.07,11758,394,0.2566,-0.0369,0.01832,-0.065,0.0139
2026-09-14 14:49:07,705.8,2026-09-14,699.0,0.13,0.14,0.13,12654,434,0.2669,-0.067,0.02833,-0.135,0.0223
2026-09-14 14:49:07,705.8,2026-09-14,700.0,0.14,0.15,0.15,54067,3971,0.2402,-0.0778,0.03531,-0.145,0.025
2026-09-14 14:49:07,705.8,2026-09-14,701.0,0.24,0.25,0.25,29313,312,0.2405,-0.1202,0.04852,-0.245,0.0344
2026-09-14 14:49:07,705.8,2026-09-14,702.0,0.31,0.36,0.36,48996,678,0.2271,-0.1623,0.06302,-0.335,0.0422
2026-09-14 14:49:07,705.8,2026-09-14,703.0,0.46,0.51,0.51,85081,965,0.2178,-0.2243,0.08007,-0.485,0.0514
2026-09-14 14:49:07,705.8,2026-09-14,704.0,0.69,0.74,0.74,87293,656,0.2114,-0.3071,0.09682,-0.715,0.0603
2026-09-14 14:49:07,705.8,2026-09-14,705.0,1.02,1.07,1.06,131110,2297,0.207,-0.4079,0.10929,-1.045,0.0666
2026-09-14 14:49:07,705.8,2026-09-14,706.0,1.44,1.5,1.46,98314,542,0.2011,-0.5201,0.11544,-1.27,0.0684
2026-09-14 14:49:07,705.8,2026-09-14,707.0,2,2.07,2.06,77745,603,0.1989,-0.6344,0.11015,-0.835,0.0646
2026-09-14 14:49:07,705.8,2026-09-14,708.0,2.68,2.75,2.73,25207,769,0.1973,-0.7392,0.09592,-0.515,0.0558
2026-09-14 14:49:07,705.8,2026-09-14,709.0,3.4,3.52,3.53,10206,918,0.188,-0.8368,0.07637,-0.26,0.0423
2026-09-14 14:49:07,705.8,2026-09-14,710.0,4.19,4.43,4.35,6609,2769,0.1804,-0.9105,0.0522,-0.11,0.0277
2026-09-14 14:49:07,705.8,2026-09-14,711.0,5.05,5.46,5.37,1951,970,0.1868,-0.946,0.03417,-0.055,0.0188
2026-09-14 14:49:07,705.8,2026-09-14,712.0,6.03,6.3,6.3,1470,567,,,,,
2026-09-14 14:49:07,705.8,2026-09-14,713.0,7.18,7.3,7.26,1332,122,0.2321,-0.9633,0.02015,-0.04,0.0138
2026-09-14 14:49:07,705.8,2026-09-14,714.0,8.16,8.18,8.109,11076,82,,,,,
2026-09-14 14:49:07,705.8,2026-09-14,715.0,8.98,9.1,9.24,3036,1977,,,,,
2026-09-14 14:49:07,705.8,2026-09-14,716.0,9.89,10.43,10.25,972,106,,,,,
2026-09-14 14:49:07,705.8,2026-09-14,717.0,11.14,11.23,11.79,416,52,0.2322,-0.9973,0.0021,0.015,0.0014
2026-09-14 14:49:07,705.8,2026-09-14,718.0,11.97,12.1,12.34,213,237,,,,,
2026-09-14 14:49:07,705.8,2026-09-14,719.0,13.08,13.32,14.04,166,91,0.325,-0.9903,0.00466,-0.0,0.0045
2026-09-14 14:49:07,705.8,2026-09-14,720.0,14.22,14.46,14.05,160,963,0.4847,-0.9537,0.01166,-0.14,0.0166
2026-09-14 14:50:08,705.67,2026-09-14,691.0,0.01,0.05,0.04,5189,245,0.3893,-0.0129,0.00498,-0.03,0.0057
2026-09-14 14:50:08,705.67,2026-09-14,692.0,0.01,0.06,0.04,4807,359,0.374,-0.0153,0.00602,-0.035,0.0066
2026-09-14 14:50:08,705.67,2026-09-14,693.0,0.01,0.06,0.02,5913,222,0.3502,-0.0163,0.00676,-0.035,0.007
2026-09-14 14:50:08,705.67,2026-09-14,694.0,0.06,0.07,0.03,3817,339,0.3593,-0.0275,0.01028,-0.065,0.0108
2026-09-14 14:50:08,705.67,2026-09-14,695.0,0.06,0.07,0.03,10992,4047,0.3333,-0.0294,0.01171,-0.065,0.0115
2026-09-14 14:50:08,705.67,2026-09-14,696.0,0.03,0.08,0.04,8045,534,0.2984,-0.028,0.01256,-0.055,0.011
2026-09-14 14:50:08,705.67,2026-09-14,697.0,0.08,0.09,0.05,16059,291,0.2947,-0.0414,0.01754,-0.085,0.0152
2026-09-14 14:50:08,705.67,2026-09-14,698.0,0.06,0.11,0.1,11931,394,0.2668,-0.0451,0.02078,-0.085,0.0163
2026-09-14 14:50:08,705.67,2026-09-14,699.0,0.13,0.14,0.12,12791,434,0.2634,-0.0678,0.02904,-0.135,0.0225
2026-09-14 14:50:08,705.67,2026-09-14,700.0,0.13,0.14,0.17,54229,3971,0.2325,-0.0754,0.03569,-0.135,0.0244
2026-09-14 14:50:08,705.67,2026-09-14,701.0,0.25,0.26,0.25,29515,312,0.2392,-0.125,0.05022,-0.255,0.0353
2026-09-14 14:50:08,705.67,2026-09-14,702.0,0.31,0.32,0.36,49547,678,0.2177,-0.1601,0.06527,-0.315,0.0417
2026-09-14 14:50:08,705.67,2026-09-14,703.0,0.51,0.52,0.53,85699,965,0.2182,-0.2348,0.08217,-0.515,0.0526
2026-09-14 14:50:08,705.67,2026-09-14,704.0,0.71,0.72,0.71,88486,656,0.2051,-0.3144,0.10102,-0.715,0.0608
2026-09-14 14:50:08,705.67,2026-09-14,705.0,1.03,1.08,1.04,133728,2297,0.2008,-0.4198,0.11363,-1.055,0.067
2026-09-14 14:50:08,705.67,2026-09-14,706.0,1.48,1.53,1.51,100440,542,0.1965,-0.536,0.11803,-1.175,0.0681
2026-09-14 14:50:08,705.67,2026-09-14,707.0,2.1,2.11,2.1,78380,603,0.1971,-0.6502,0.10965,-0.775,0.0635
2026-09-14 14:50:08,705.67,2026-09-14,708.0,2.7,2.75,2.72,25392,769,0.1813,-0.7706,0.09761,-0.395,0.0519
2026-09-14 14:50:08,705.67,2026-09-14,709.0,3.43,3.72,3.63,10218,918,0.1897,-0.8448,0.07338,-0.245,0.0409
2026-09-14 14:50:08,705.67,2026-09-14,710.0,4.28,4.56,4.31,6667,2769,0.1773,-0.9212,0.04839,-0.09,0.0252
2026-09-14 14:50:08,705.67,2026-09-14,711.0,5.29,5.58,5.37,1954,970,0.2142,-0.925,0.03858,-0.105,0.0243
2026-09-14 14:50:08,705.67,2026-09-14,712.0,6.27,6.47,6.21,1482,567,0.2094,-0.9599,0.02409,-0.04,0.0148
2026-09-14 14:50:08,705.67,2026-09-14,713.0,7.19,7.4,7.21,1344,122,,,,,
2026-09-14 14:50:08,705.67,2026-09-14,714.0,8.08,8.52,8.109,11081,82,,,,,
2026-09-14 14:50:08,705.67,2026-09-14,715.0,9.24,9.41,9.26,3037,1977,0.2311,-0.9902,0.00662,0.005,0.0045
2026-09-14 14:50:08,705.67,2026-09-14,716.0,10.1,10.21,10.24,973,106,,,,,
2026-09-14 14:50:08,705.67,2026-09-14,717.0,11.04,11.2,11.79,416,52,,,,,
2026-09-14 14:50:08,705.67,2026-09-14,718.0,11.98,12.45,12.34,214,237,,,,,
2026-09-14 14:50:08,705.67,2026-09-14,719.0,13.38,13.51,13.38,166,91,0.4465,-0.9571,0.01191,-0.115,0.0156
2026-09-14 14:50:08,705.67,2026-09-14,720.0,14.08,14.54,14,160,963,,,,,
2026-09-14 14:51:08,705.31,2026-09-14,691.0,0.04,0.05,0.04,5189,245,0.4043,-0.0179,0.00638,-0.045,0.0075
2026-09-14 14:51:08,705.31,2026-09-14,692.0,0.04,0.05,0.02,4807,359,0.3799,-0.0189,0.00712,-0.045,0.0079
2026-09-14 14:51:08,705.31,2026-09-14,693.0,0.01,0.06,0.02,5915,222,0.3423,-0.0166,0.00707,-0.035,0.0071
2026-09-14 14:51:08,705.31,2026-09-14,694.0,0.05,0.06,0.05,3844,339,0.3412,-0.0249,0.00998,-0.055,0.01
2026-09-14 14:51:08,705.31,2026-09-14,695.0,0.02,0.07,0.06,11003,4047,0.3055,-0.023,0.01043,-0.045,0.0093
2026-09-14 14:51:08,705.31,2026-09-14,696.0,0.03,0.08,0.04,8128,534,0.2897,-0.0288,0.01327,-0.055,0.0112
2026-09-14 14:51:08,705.31,2026-09-14,697.0,0.09,0.1,0.1,16131,291,0.2915,-0.0461,0.01938,-0.095,0.0165
2026-09-14 14:51:08,705.31,2026-09-14,698.0,0.07,0.08,0.08,12241,394,0.251,-0.0428,0.0212,-0.075,0.0156
2026-09-14 14:51:08,705.31,2026-09-14,699.0,0.15,0.16,0.16,13101,434,0.2613,-0.0769,0.03231,-0.155,0.0247
2026-09-14 14:51:08,705.31,2026-09-14,700.0,0.2,0.21,0.21,56071,3971,0.2468,-0.102,0.04219,-0.205,0.0304
2026-09-14 14:51:08,705.31,2026-09-14,701.0,0.25,0.3,0.3,29926,312,0.2322,-0.1364,0.0551,-0.275,0.0374
2026-09-14 14:51:08,705.31,2026-09-14,702.0,0.37,0.38,0.38,50095,678,0.2176,-0.1842,0.07157,-0.375,0.0455
2026-09-14 14:51:08,705.31,2026-09-14,703.0,0.59,0.6,0.6,87409,965,0.2168,-0.2638,0.08817,-0.595,0.0559
2026-09-14 14:51:08,705.31,2026-09-14,704.0,0.86,0.87,0.87,93467,656,0.2101,-0.3548,0.10359,-0.865,0.0636
2026-09-14 14:51:08,705.31,2026-09-14,705.0,1.18,1.23,1.23,138560,2297,0.1998,-0.4608,0.11621,-1.205,0.0679
2026-09-14 14:51:08,705.31,2026-09-14,706.0,1.66,1.68,1.68,103460,542,0.1915,-0.5804,0.11939,-0.98,0.0668
2026-09-14 14:51:08,705.31,2026-09-14,707.0,2.32,2.33,2.36,78853,603,0.1939,-0.6919,0.10611,-0.635,0.0602
2026-09-14 14:51:08,705.31,2026-09-14,708.0,3.06,3.09,3.17,25532,769,0.1953,-0.7871,0.08701,-0.385,0.0497
2026-09-14 14:51:08,705.31,2026-09-14,709.0,3.79,3.91,3.95,10259,918,0.1804,-0.8821,0.06407,-0.16,0.0338
2026-09-14 14:51:08,705.31,2026-09-14,710.0,4.76,4.89,4.75,6873,2769,0.2058,-0.9067,0.04739,-0.135,0.0285
2026-09-14 14:51:08,705.31,2026-09-14,711.0,5.72,5.98,5.73,1979,970,0.247,-0.909,0.03876,-0.16,0.028
2026-09-14 14:51:08,705.31,2026-09-14,712.0,6.51,6.93,6.8,1482,567,0.212,-0.9663,0.02066,-0.03,0.0128
2026-09-14 14:51:08,705.31,2026-09-14,713.0,7.69,7.96,7.72,1373,122,0.2989,-0.9318,0.02575,-0.135,0.0225
2026-09-14 14:51:08,705.31,2026-09-14,714.0,8.54,8.68,8.59,11086,82,,,,,
2026-09-14 14:51:08,705.31,2026-09-14,715.0,9.58,9.75,9.6,3037,1977,,,,,
2026-09-14 14:51:08,705.31,2026-09-14,716.0,10.51,10.7,10.74,978,106,,,,,
2026-09-14 14:51:08,705.31,2026-09-14,717.0,11.62,12.04,11.79,416,52,0.4171,-0.9472,0.0151,-0.14,0.0184
2026-09-14 14:51:08,705.31,2026-09-14,718.0,12.56,13.06,12.39,214,237,0.4332,-0.9545,0.01291,-0.12,0.0163
2026-09-14 14:51:08,705.31,2026-09-14,719.0,13.53,13.74,13.38,166,91,,,,,
2026-09-14 14:51:08,705.31,2026-09-14,720.0,14.79,15.03,14.59,183,963,0.5435,-0.9401,0.01279,-0.22,0.0203
2026-09-14 14:52:10,705.66,2026-09-14,691.0,0.01,0.02,0.04,5189,245,0.3574,-0.0075,0.00338,-0.015,0.0035
2026-09-14 14:52:10,705.66,2026-09-14,692.0,0.01,0.05,0.02,4808,359,0.367,-0.0136,0.00556,-0.03,0.0059
2026-09-14 14:52:10,705.66,2026-09-14,693.0,0.05,0.06,0.05,5916,222,0.3758,-0.0229,0.00845,-0.055,0.0093
2026-09-14 14:52:10,705.66,2026-09-14,694.0,0.05,0.06,0.02,3860,339,0.3505,-0.0243,0.00955,-0.055,0.0098
2026-09-14 14:52:10,705.66,2026-09-14,695.0,0.02,0.07,0.07,11010,4047,0.3147,-0.0224,0.00993,-0.045,0.0091
2026-09-14 14:52:10,705.66,2026-09-14,696.0,0.03,0.04,0.08,8233,534,0.2783,-0.02,0.01019,-0.035,0.0083
2026-09-14 14:52:10,705.66,2026-09-14,697.0,0.08,0.09,0.09,16860,291,0.2954,-0.0414,0.01757,-0.085,0.0151
2026-09-14 14:52:10,705.66,2026-09-14,698.0,0.11,0.12,0.08,12283,394,0.2844,-0.0556,0.02309,-0.115,0.0192
2026-09-14 14:52:10,705.66,2026-09-14,699.0,0.11,0.16,0.16,13201,434,0.264,-0.0679,0.0291,-0.135,0.0224
2026-09-14 14:52:10,705.66,2026-09-14,700.0,0.16,0.17,0.21,56548,3971,0.2447,-0.0858,0.03749,-0.165,0.0268
2026-09-14 14:52:10,705.66,2026-09-14,701.0,0.24,0.25,0.25,30698,312,0.2368,-0.1223,0.05014,-0.245,0.0346
2026-09-14 14:52:10,705.66,2026-09-14,702.0,0.37,0.38,0.42,51083,678,0.232,-0.1753,0.06513,-0.375,0.0441
2026-09-14 14:52:10,705.66,2026-09-14,703.0,0.55,0.57,0.57,90358,965,0.2269,-0.2435,0.08085,-0.56,0.0535
2026-09-14 14:52:10,705.66,2026-09-14,704.0,0.86,0.87,0.87,98286,656,0.2296,-0.3332,0.0927,-0.865,0.0621
2026-09-14 14:52:10,705.66,2026-09-14,705.0,1.18,1.19,1.19,142778,2297,0.2202,-0.4274,0.10432,-1.185,0.067
2026-09-14 14:52:10,705.66,2026-09-14,706.0,1.72,1.73,1.69,105367,542,0.2287,-0.5318,0.10181,-1.385,0.0679
2026-09-14 14:52:10,705.66,2026-09-14,707.0,2.27,2.33,2.34,79303,603,0.2273,-0.6322,0.09708,-0.96,0.0644
2026-09-14 14:52:10,705.66,2026-09-14,708.0,3.04,3.07,3.1,25749,769,0.2402,-0.7131,0.08305,-0.715,0.0582
2026-09-14 14:52:10,705.66,2026-09-14,709.0,3.78,3.85,3.68,10373,918,0.2413,-0.7885,0.07022,-0.475,0.0494
2026-09-14 14:52:10,705.66,2026-09-14,710.0,4.68,4.76,4.69,6905,2769,0.2613,-0.8321,0.05626,-0.38,0.0429
2026-09-14 14:52:10,705.66,2026-09-14,711.0,5.75,5.84,5.71,1982,970,0.3175,-0.835,0.04579,-0.455,0.0424
2026-09-14 14:52:10,705.66,2026-09-14,712.0,6.56,6.83,6.76,1492,567,0.3293,-0.8677,0.03809,-0.355,0.0366
2026-09-14 14:52:10,705.66,2026-09-14,713.0,7.41,7.64,7.72,1379,122,0.309,-0.9157,0.02931,-0.185,0.0264
2026-09-14 14:52:10,705.66,2026-09-14,714.0,8.5,8.82,8.51,11091,82,0.388,-0.8933,0.02777,-0.32,0.0314
2026-09-14 14:52:10,705.66,2026-09-14,715.0,9.42,9.73,9.6,3044,1977,0.3908,-0.9167,0.02297,-0.235,0.0262
2026-09-14 14:52:10,705.66,2026-09-14,716.0,10.34,10.65,10.5,978,106,0.3867,-0.9391,0.01825,-0.155,0.0206
2026-09-14 14:52:10,705.66,2026-09-14,717.0,11.54,11.55,11.79,416,52,0.4393,-0.9321,0.01748,-0.205,0.0224
2026-09-14 14:52:10,705.66,2026-09-14,718.0,12.61,12.91,12.39,214,237,0.5525,-0.9011,0.01845,-0.42,0.0297
2026-09-14 14:52:10,705.66,2026-09-14,719.0,13.29,13.76,13.38,166,91,0.488,-0.9427,0.01379,-0.185,0.0196
2026-09-14 14:52:10,705.66,2026-09-14,720.0,14.25,14.9,14.51,183,963,0.5413,-0.9367,0.01344,-0.235,0.0212
2026-09-14 14:53:11,705.23,2026-09-14,691.0,0.01,0.05,0.04,5199,245,0.381,-0.0132,0.00522,-0.03,0.0058
2026-09-14 14:53:11,705.23,2026-09-14,692.0,0.01,0.05,0.02,5144,359,0.3576,-0.014,0.00584,-0.03,0.0061
2026-09-14 14:53:11,705.23,2026-09-14,693.0,0.05,0.06,0.02,5926,222,0.3657,-0.0235,0.0089,-0.055,0.0094
2026-09-14 14:53:11,705.23,2026-09-14,694.0,0.01,0.06,0.06,3864,339,0.3172,-0.0178,0.00813,-0.035,0.0075
2026-09-14 14:53:11,705.23,2026-09-14,695.0,0.06,0.07,0.06,11266,4047,0.3234,-0.0303,0.01246,-0.065,0.0117
2026-09-14 14:53:11,705.23,2026-09-14,696.0,0.03,0.04,0.07,8248,534,0.2682,-0.0207,0.01092,-0.035,0.0085
2026-09-14 14:53:11,705.23,2026-09-14,697.0,0.05,0.06,0.1,16908,291,0.2622,-0.0315,0.01586,-0.055,0.0121
2026-09-14 14:53:11,705.23,2026-09-14,698.0,0.11,0.12,0.13,12326,394,0.2721,-0.0578,0.02495,-0.115,0.0197
2026-09-14 14:53:11,705.23,2026-09-14,699.0,0.11,0.12,0.16,13355,434,0.2421,-0.0639,0.03033,-0.115,0.0213
2026-09-14 14:53:11,705.23,2026-09-14,700.0,0.21,0.22,0.22,57055,3971,0.248,-0.1059,0.04331,-0.215,0.0312
2026-09-14 14:53:11,705.23,2026-09-14,701.0,0.26,0.27,0.31,31134,312,0.2271,-0.1352,0.05615,-0.265,0.037
2026-09-14 14:53:11,705.23,2026-09-14,702.0,0.39,0.4,0.44,51820,678,0.2192,-0.1913,0.07298,-0.395,0.0464
2026-09-14 14:53:11,705.23,2026-09-14,703.0,0.62,0.63,0.63,91907,965,0.2188,-0.2725,0.08912,-0.625,0.0566
2026-09-14 14:53:11,705.23,2026-09-14,704.0,0.85,0.9,0.9,103251,656,0.2076,-0.3616,0.10592,-0.875,0.0638
2026-09-14 14:53:11,705.23,2026-09-14,705.0,1.27,1.28,1.28,144887,2297,0.205,-0.4713,0.11394,-1.275,0.0678
2026-09-14 14:53:11,705.23,2026-09-14,706.0,1.73,1.78,1.78,106632,542,0.1974,-0.5881,0.11571,-0.98,0.0663
2026-09-14 14:53:11,705.23,2026-09-14,707.0,2.4,2.41,2.35,79761,603,0.1981,-0.6976,0.10338,-0.63,0.0595
2026-09-14 14:53:11,705.23,2026-09-14,708.0,3.06,3.19,3.17,25887,769,0.1923,-0.7988,0.08573,-0.35,0.0479
2026-09-14 14:53:11,705.23,2026-09-14,709.0,3.89,4,3.94,10393,918,0.1869,-0.8799,0.06285,-0.17,0.0341
2026-09-14 14:53:11,705.23,2026-09-14,710.0,4.84,4.98,4.92,6941,2769,0.2093,-0.9078,0.04637,-0.135,0.0282
2026-09-14 14:53:11,705.23,2026-09-14,711.0,5.82,6.05,5.96,1984,970,0.2505,-0.9099,0.03807,-0.16,0.0277
2026-09-14 14:53:11,705.23,2026-09-14,712.0,6.6,7.01,6.76,1492,567,0.2149,-0.9667,0.02027,-0.03,0.0126
2026-09-14 14:53:11,705.23,2026-09-14,713.0,7.65,7.82,7.85,1381,122,,,,,
2026-09-14 14:53:11,705.23,2026-09-14,714.0,8.74,8.78,8.83,11092,82,0.1861,-0.9969,0.00293,0.015,0.0016
2026-09-14 14:53:11,705.23,2026-09-14,715.0,9.58,9.79,9.99,3044,1977,,,,,
2026-09-14 14:53:11,705.23,2026-09-14,716.0,10.55,10.93,10.5,978,106,,,,,
2026-09-14 14:53:11,705.23,2026-09-14,717.0,11.62,11.94,11.79,426,52,0.3057,-0.9873,0.00631,-0.005,0.0056
2026-09-14 14:53:11,705.23,2026-09-14,718.0,12.83,13.05,12.39,214,237,0.4626,-0.945,0.01411,-0.165,0.0189
2026-09-14 14:53:11,705.23,2026-09-14,719.0,13.78,14.01,13.38,166,91,0.4641,-0.957,0.01155,-0.12,0.0156
2026-09-14 14:53:11,705.23,2026-09-14,720.0,14.91,15.14,14.51,183,963,0.5622,-0.9355,0.01316,-0.25,0.0215
2026-09-14 14:54:11,705.09,2026-09-14,691.0,0.04,0.05,0.04,5199,245,0.4011,-0.0181,0.00653,-0.045,0.0076
2026-09-14 14:54:11,705.09,2026-09-14,692.0,0.01,0.02,0.04,5144,359,0.3245,-0.0082,0.00405,-0.015,0.0038
2026-09-14 14:54:11,705.09,2026-09-14,693.0,0.01,0.06,0.05,5929,222,0.3388,-0.0169,0.00726,-0.035,0.0071
2026-09-14 14:54:11,705.09,2026-09-14,694.0,0.05,0.06,0.06,3864,339,0.3373,-0.0253,0.01028,-0.055,0.01
2026-09-14 14:54:11,705.09,2026-09-14,695.0,0.02,0.07,0.06,11320,4047,0.3016,-0.0234,0.01077,-0.045,0.0094
2026-09-14 14:54:11,705.09,2026-09-14,696.0,0.07,0.08,0.07,8441,534,0.3015,-0.0366,0.01564,-0.075,0.0136
2026-09-14 14:54:11,705.09,2026-09-14,697.0,0.09,0.1,0.06,17730,291,0.2868,-0.047,0.02011,-0.095,0.0167
2026-09-14 14:54:11,705.09,2026-09-14,698.0,0.07,0.12,0.12,12486,394,0.258,-0.0514,0.02404,-0.095,0.0179
2026-09-14 14:54:11,705.09,2026-09-14,699.0,0.16,0.17,0.17,13629,434,0.2596,-0.0819,0.03427,-0.165,0.0257
2026-09-14 14:54:11,705.09,2026-09-14,700.0,0.22,0.23,0.23,57682,3971,0.2469,-0.1106,0.04494,-0.225,0.0321
2026-09-14 14:54:11,705.09,2026-09-14,701.0,0.27,0.32,0.32,31447,312,0.2304,-0.1459,0.05841,-0.295,0.0389
2026-09-14 14:54:11,705.09,2026-09-14,702.0,0.44,0.45,0.42,52644,678,0.2244,-0.2065,0.07476,-0.445,0.0485
2026-09-14 14:54:11,705.09,2026-09-14,703.0,0.64,0.65,0.65,93303,965,0.2161,-0.282,0.09192,-0.645,0.0574
2026-09-14 14:54:11,705.09,2026-09-14,704.0,0.89,0.94,0.94,106694,656,0.2064,-0.3752,0.10801,-0.915,0.0645
2026-09-14 14:54:11,705.09,2026-09-14,705.0,1.27,1.29,1.35,146475,2297,0.1965,-0.4862,0.1193,-1.28,0.0678
2026-09-14 14:54:11,705.09,2026-09-14,706.0,1.78,1.84,1.84,107613,542,0.1938,-0.6057,0.11674,-0.9,0.0655
2026-09-14 14:54:11,705.09,2026-09-14,707.0,2.45,2.47,2.53,80054,603,0.1914,-0.7184,0.10367,-0.55,0.0574
2026-09-14 14:54:11,705.09,2026-09-14,708.0,3.18,3.23,3.25,25925,769,0.1863,-0.8182,0.08332,-0.295,0.0449
2026-09-14 14:54:11,705.09,2026-09-14,709.0,4.08,4.13,4.23,10404,918,0.1992,-0.8736,0.06125,-0.195,0.0353
2026-09-14 14:54:11,705.09,2026-09-14,710.0,4.92,5.01,5.11,6971,2769,0.1801,-0.9441,0.03681,-0.055,0.0192
2026-09-14 14:54:11,705.09,2026-09-14,711.0,5.89,6.16,5.99,1997,970,0.2377,-0.9263,0.03456,-0.115,0.0238
2026-09-14 14:54:11,705.09,2026-09-14,712.0,6.73,7.13,6.76,1494,567,0.2102,-0.9723,0.0178,-0.02,0.0108
2026-09-14 14:54:11,705.09,2026-09-14,713.0,7.96,8,7.89,1384,122,0.2733,-0.954,0.02074,-0.07,0.0164
2026-09-14 14:54:11,705.09,2026-09-14,714.0,8.78,8.92,8.74,11092,82,,,,,
2026-09-14 14:54:11,705.09,2026-09-14,715.0,9.82,9.83,9.99,3045,1977,,,,,
2026-09-14 14:54:11,705.09,2026-09-14,716.0,10.95,10.97,10.5,978,106,0.3384,-0.9695,0.01198,-0.05,0.0117
2026-09-14 14:54:11,705.09,2026-09-14,717.0,11.83,11.85,11.87,426,52,,,,,
2026-09-14 14:54:11,705.09,2026-09-14,718.0,12.62,12.87,12.39,214,237,,,,,
2026-09-14 14:54:11,705.09,2026-09-14,719.0,14,14.2,13.38,166,91,0.5088,-0.9434,0.01316,-0.19,0.0194
2026-09-14 14:54:11,705.09,2026-09-14,720.0,14.74,14.94,14.51,186,963,,,,,
2026-09-14 14:55:11,705.22,2026-09-14,691.0,0.04,0.05,0.04,5199,245,0.4048,-0.018,0.00644,-0.045,0.0075
2026-09-14 14:55:11,705.22,2026-09-14,692.0,0.04,0.05,0.04,5148,359,0.3802,-0.019,0.00719,-0.045,0.0079
2026-09-14 14:55:11,705.22,2026-09-14,693.0,0.01,0.06,0.05,5933,222,0.3424,-0.0167,0.00714,-0.035,0.0071
2026-09-14 14:55:11,705.22,2026-09-14,694.0,0.05,0.06,0.06,3981,339,0.3412,-0.025,0.0101,-0.055,0.0099
2026-09-14 14:55:11,705.22,2026-09-14,695.0,0.06,0.07,0.06,11374,4047,0.3244,-0.0303,0.01247,-0.065,0.0117
2026-09-14 14:55:11,705.22,2026-09-14,696.0,0.03,0.04,0.04,8514,534,0.269,-0.0207,0.01093,-0.035,0.0085
2026-09-14 14:55:11,705.22,2026-09-14,697.0,0.05,0.06,0.1,17991,291,0.2629,-0.0315,0.01588,-0.055,0.012
2026-09-14 14:55:11,705.22,2026-09-14,698.0,0.11,0.12,0.12,12658,394,0.2729,-0.0578,0.02498,-0.115,0.0197
2026-09-14 14:55:11,705.22,2026-09-14,699.0,0.15,0.16,0.16,13789,434,0.2602,-0.0776,0.03289,-0.155,0.0247
2026-09-14 14:55:11,705.22,2026-09-14,700.0,0.21,0.22,0.22,57802,3971,0.2486,-0.106,0.04336,-0.215,0.0311
2026-09-14 14:55:11,705.22,2026-09-14,701.0,0.31,0.32,0.31,32142,312,0.2408,-0.1487,0.05667,-0.315,0.0394
2026-09-14 14:55:11,705.22,2026-09-14,702.0,0.4,0.45,0.45,53055,678,0.2261,-0.1983,0.07253,-0.425,0.0473
2026-09-14 14:55:11,705.22,2026-09-14,703.0,0.6,0.65,0.64,94133,965,0.2192,-0.2727,0.08926,-0.625,0.0564
2026-09-14 14:55:11,705.22,2026-09-14,704.0,0.92,0.93,0.93,108727,656,0.2159,-0.3667,0.1027,-0.925,0.0639
2026-09-14 14:55:11,705.22,2026-09-14,705.0,1.31,1.32,1.32,147635,2297,0.2112,-0.4726,0.11096,-1.315,0.0676
2026-09-14 14:55:11,705.22,2026-09-14,706.0,1.83,1.84,1.84,107930,542,0.2097,-0.5837,0.10956,-1.055,0.0663
2026-09-14 14:55:11,705.22,2026-09-14,707.0,2.46,2.47,2.47,80483,603,0.2082,-0.6898,0.0998,-0.685,0.0599
2026-09-14 14:55:11,705.22,2026-09-14,708.0,3.22,3.29,3.18,25951,769,0.2183,-0.7706,0.08177,-0.475,0.0515
2026-09-14 14:55:11,705.22,2026-09-14,709.0,3.88,4.12,4.15,10481,918,0.2017,-0.8628,0.06409,-0.22,0.0373
2026-09-14 14:55:11,705.22,2026-09-14,710.0,4.79,5.06,4.91,6973,2769,0.2136,-0.9042,0.04688,-0.145,0.0289
2026-09-14 14:55:11,705.22,2026-09-14,711.0,5.74,5.94,5.88,2304,970,0.208,-0.9476,0.0303,-0.06,0.0182
2026-09-14 14:55:11,705.22,2026-09-14,712.0,6.82,7.06,6.84,1494,567,0.2833,-0.9185,0.03132,-0.16,0.0256
2026-09-14 14:55:11,705.22,2026-09-14,713.0,7.68,7.95,7.89,1385,122,0.2457,-0.9676,0.01737,-0.035,0.0123
2026-09-14 14:55:11,705.22,2026-09-14,714.0,8.87,9.06,8.74,11095,82,0.3555,-0.9248,0.0235,-0.185,0.0241
2026-09-14 14:55:11,705.22,2026-09-14,715.0,9.89,10.08,10,3050,1977,0.3945,-0.9254,0.02104,-0.205,0.0239
2026-09-14 14:55:11,705.22,2026-09-14,716.0,10.86,10.96,10.5,990,106,0.3885,-0.9467,0.01644,-0.13,0.0184
2026-09-14 14:55:11,705.22,2026-09-14,717.0,11.5,12.03,11.87,439,52,0.2429,-0.9976,0.00179,0.015,0.0013
2026-09-14 14:55:11,705.22,2026-09-14,718.0,12.67,12.72,12.39,224,237,,,,,
2026-09-14 14:55:11,705.22,2026-09-14,719.0,13.8,14.05,13.38,166,91,0.4811,-0.9518,0.01226,-0.145,0.017
2026-09-14 14:55:11,705.22,2026-09-14,720.0,14.76,15.17,14.85,196,963,0.5316,-0.9465,0.01205,-0.185,0.0185
2026-09-14 14:56:12,705.13,2026-09-14,691.0,0.01,0.02,0.02,5214,245,0.3484,-0.0077,0.00358,-0.015,0.0036
2026-09-14 14:56:12,705.13,2026-09-14,692.0,0.01,0.05,0.04,5148,359,0.3572,-0.014,0.00591,-0.03,0.0061
2026-09-14 14:56:12,705.13,2026-09-14,693.0,0.05,0.06,0.05,5994,222,0.3651,-0.0236,0.009,-0.055,0.0094
2026-09-14 14:56:12,705.13,2026-09-14,694.0,0.01,0.02,0.02,3987,339,0.2821,-0.0093,0.00523,-0.015,0.0042
2026-09-14 14:56:12,705.13,2026-09-14,695.0,0.02,0.07,0.07,11447,4047,0.3035,-0.0233,0.01071,-0.045,0.0093
2026-09-14 14:56:12,705.13,2026-09-14,696.0,0.07,0.08,0.07,8520,534,0.3036,-0.0365,0.01554,-0.075,0.0136
2026-09-14 14:56:12,705.13,2026-09-14,697.0,0.09,0.1,0.1,18017,291,0.2889,-0.0468,0.01997,-0.095,0.0166
2026-09-14 14:56:12,705.13,2026-09-14,698.0,0.12,0.13,0.13,12750,394,0.2756,-0.0617,0.02605,-0.125,0.0206
2026-09-14 14:56:12,705.13,2026-09-14,699.0,0.12,0.13,0.13,13813,434,0.245,-0.0682,0.03168,-0.125,0.0223
2026-09-14 14:56:12,705.13,2026-09-14,700.0,0.22,0.23,0.23,58571,3971,0.2491,-0.11,0.04454,-0.225,0.0319
2026-09-14 14:56:12,705.13,2026-09-14,701.0,0.28,0.33,0.33,32320,312,0.2352,-0.1478,0.05789,-0.305,0.0391
2026-09-14 14:56:12,705.13,2026-09-14,702.0,0.46,0.47,0.43,53773,678,0.231,-0.2094,0.07349,-0.465,0.0488
2026-09-14 14:56:12,705.13,2026-09-14,703.0,0.67,0.68,0.68,95313,965,0.224,-0.2846,0.08936,-0.675,0.0575
2026-09-14 14:56:12,705.13,2026-09-14,704.0,0.93,0.94,0.98,111388,656,0.2126,-0.374,0.10514,-0.935,0.0642
2026-09-14 14:56:12,705.13,2026-09-14,705.0,1.37,1.38,1.34,149199,2297,0.2141,-0.4828,0.10983,-1.375,0.0676
2026-09-14 14:56:12,705.13,2026-09-14,706.0,1.85,1.87,1.87,108643,542,0.2058,-0.5955,0.11107,-0.99,0.0657
2026-09-14 14:56:12,705.13,2026-09-14,707.0,2.48,2.51,2.58,80687,603,0.203,-0.7037,0.10046,-0.625,0.0586
2026-09-14 14:56:12,705.13,2026-09-14,708.0,3.22,3.29,3.3,26070,769,0.2046,-0.7934,0.0823,-0.385,0.0484
2026-09-14 14:56:12,705.13,2026-09-14,709.0,3.99,4.24,4.22,10546,918,0.2119,-0.857,0.06286,-0.245,0.0383
2026-09-14 14:56:12,705.13,2026-09-14,710.0,4.95,5.05,5.05,6992,2769,0.2115,-0.9108,0.04497,-0.13,0.0273
2026-09-14 14:56:12,705.13,2026-09-14,711.0,5.98,6.15,6.16,2304,970,0.2671,-0.9004,0.03864,-0.195,0.0297
2026-09-14 14:56:12,705.13,2026-09-14,712.0,6.73,7.18,6.84,1494,567,0.2531,-0.9437,0.02642,-0.085,0.0192
2026-09-14 14:56:12,705.13,2026-09-14,713.0,7.74,8.13,8.08,1385,122,0.2699,-0.9558,0.02043,-0.065,0.0158
2026-09-14 14:56:12,705.13,2026-09-14,714.0,8.92,9.07,9,11096,82,0.3316,-0.9407,0.02099,-0.125,0.02
2026-09-14 14:56:12,705.13,2026-09-14,715.0,9.81,9.87,10.19,3051,1977,,,,,
2026-09-14 14:56:12,705.13,2026-09-14,716.0,10.62,10.97,10.97,997,106,,,,,
2026-09-14 14:56:12,705.13,2026-09-14,717.0,12.02,12.24,12.04,439,52,0.4822,-0.924,0.0175,-0.26,0.0243
2026-09-14 14:56:12,705.13,2026-09-14,718.0,12.68,13.19,12.85,224,237,0.4024,-0.9687,0.01033,-0.065,0.0119
2026-09-14 14:56:12,705.13,2026-09-14,719.0,14,14.08,13.38,166,91,0.4986,-0.9471,0.01277,-0.17,0.0183
2026-09-14 14:56:12,705.13,2026-09-14,720.0,14.96,15.07,15.04,196,963,0.5119,-0.9542,0.01107,-0.145,0.0163
2026-09-14 14:57:14,705.05,2026-09-14,691.0,0.04,0.05,0.02,5214,245,0.4022,-0.0182,0.00655,-0.045,0.0075
2026-09-14 14:57:14,705.05,2026-09-14,692.0,0.04,0.05,0.04,5148,359,0.3775,-0.0192,0.00733,-0.045,0.0079
2026-09-14 14:57:14,705.05,2026-09-14,693.0,0.05,0.06,0.05,5995,222,0.3638,-0.0237,0.00909,-0.055,0.0095
2026-09-14 14:57:14,705.05,2026-09-14,694.0,0.01,0.02,0.06,3988,339,0.2809,-0.0094,0.00529,-0.015,0.0043
2026-09-14 14:57:14,705.05,2026-09-14,695.0,0.02,0.07,0.07,11471,4047,0.3022,-0.0234,0.01082,-0.045,0.0094
2026-09-14 14:57:14,705.05,2026-09-14,696.0,0.03,0.04,0.04,8522,534,0.2658,-0.021,0.01123,-0.035,0.0085
2026-09-14 14:57:14,705.05,2026-09-14,697.0,0.05,0.1,0.1,18310,291,0.2744,-0.0399,0.01853,-0.075,0.0146
2026-09-14 14:57:14,705.05,2026-09-14,698.0,0.11,0.12,0.08,12949,394,0.2689,-0.0588,0.02575,-0.115,0.0198
2026-09-14 14:57:14,705.05,2026-09-14,699.0,0.15,0.16,0.16,13934,434,0.2558,-0.079,0.03401,-0.155,0.0249
2026-09-14 14:57:14,705.05,2026-09-14,700.0,0.17,0.22,0.22,58949,3971,0.2373,-0.1019,0.04432,-0.195,0.0301
2026-09-14 14:57:14,705.05,2026-09-14,701.0,0.26,0.31,0.31,32804,312,0.2277,-0.1439,0.05886,-0.285,0.0384
2026-09-14 14:57:14,705.05,2026-09-14,702.0,0.4,0.45,0.45,54207,678,0.2199,-0.2032,0.07597,-0.425,0.0478
2026-09-14 14:57:14,705.05,2026-09-14,703.0,0.63,0.64,0.64,96453,965,0.2137,-0.2821,0.09344,-0.635,0.0572
2026-09-14 14:57:14,705.05,2026-09-14,704.0,0.91,0.92,0.92,114494,656,0.2054,-0.3778,0.10934,-0.915,0.0643
2026-09-14 14:57:14,705.05,2026-09-14,705.0,1.3,1.31,1.31,152469,2297,0.1986,-0.4904,0.11865,-1.305,0.0675
2026-09-14 14:57:14,705.05,2026-09-14,706.0,1.76,1.78,1.78,109208,542,0.1853,-0.6154,0.12185,-0.825,0.0647
2026-09-14 14:57:14,705.05,2026-09-14,707.0,2.38,2.47,2.44,80920,603,0.1817,-0.7337,0.10682,-0.48,0.0556
2026-09-14 14:57:14,705.05,2026-09-14,708.0,3.19,3.23,3.17,26117,769,0.1818,-0.8283,0.08278,-0.265,0.0431
2026-09-14 14:57:14,705.05,2026-09-14,709.0,4.019,4.12,4.12,10568,918,0.1796,-0.9009,0.05737,-0.1245,0.0295
2026-09-14 14:57:14,705.05,2026-09-14,710.0,4.89,5.11,5.11,7039,2769,0.1819,-0.9444,0.03644,-0.055,0.019
2026-09-14 14:57:14,705.05,2026-09-14,711.0,5.78,6.08,6.01,2306,970,0.1307,-0.9962,0.00515,0.015,0.0019
2026-09-14 14:57:14,705.05,2026-09-14,712.0,6.88,6.89,6.84,1498,567,,,,,
2026-09-14 14:57:14,705.05,2026-09-14,713.0,7.79,8.08,8.08,1398,122,0.1904,-0.9927,0.00625,0.01,0.0034
2026-09-14 14:57:14,705.05,2026-09-14,714.0,8.71,9.16,9.17,11098,82,0.2114,-0.9934,0.00519,0.01,0.0031
2026-09-14 14:57:14,705.05,2026-09-14,715.0,9.74,9.84,10.25,3061,1977,,,,,
2026-09-14 14:57:14,705.05,2026-09-14,716.0,10.84,11.16,11.29,1001,106,0.3451,-0.968,0.01228,-0.055,0.0121
2026-09-14 14:57:14,705.05,2026-09-14,717.0,11.56,11.95,12.04,450,52,,,,,
2026-09-14 14:57:14,705.05,2026-09-14,718.0,12.72,13.01,12.85,224,237,,,,,
2026-09-14 14:57:14,705.05,2026-09-14,719.0,13.64,14.2,13.38,166,91,,,,,
2026-09-14 14:57:14,705.05,2026-09-14,720.0,14.73,15.13,15.04,196,963,0.3015,-0.9981,0.00119,0.015,0.001
2026-09-14 14:58:14,705.41,2026-09-14,691.0,0.01,0.05,0.02,5214,245,0.3885,-0.0131,0.00512,-0.03,0.0057
2026-09-14 14:58:14,705.41,2026-09-14,692.0,0.01,0.02,0.04,5150,359,0.3336,-0.008,0.00389,-0.015,0.0037
2026-09-14 14:58:14,705.41,2026-09-14,693.0,0.01,0.02,0.05,5995,222,0.3115,-0.0085,0.00441,-0.015,0.0039
2026-09-14 14:58:14,705.41,2026-09-14,694.0,0.01,0.06,0.05,3990,339,0.3243,-0.0176,0.00793,-0.035,0.0073
2026-09-14 14:58:14,705.41,2026-09-14,695.0,0.02,0.03,0.06,11472,4047,0.2855,-0.0146,0.00768,-0.025,0.0063
2026-09-14 14:58:14,705.41,2026-09-14,696.0,0.03,0.08,0.07,8534,534,0.2957,-0.0285,0.01306,-0.055,0.011
2026-09-14 14:58:14,705.41,2026-09-14,697.0,0.08,0.09,0.08,18431,291,0.2914,-0.0423,0.0183,-0.085,0.0152
2026-09-14 14:58:14,705.41,2026-09-14,698.0,0.1,0.11,0.11,12957,394,0.2745,-0.0534,0.02343,-0.105,0.0184
2026-09-14 14:58:14,705.41,2026-09-14,699.0,0.1,0.15,0.14,13952,434,0.2544,-0.0662,0.02991,-0.125,0.0217
2026-09-14 14:58:14,705.41,2026-09-14,700.0,0.14,0.15,0.19,59046,3971,0.2314,-0.0814,0.0385,-0.145,0.0255
2026-09-14 14:58:14,705.41,2026-09-14,701.0,0.27,0.28,0.27,33233,312,0.2386,-0.1347,0.05377,-0.275,0.0366
2026-09-14 14:58:14,705.41,2026-09-14,702.0,0.39,0.4,0.36,54520,678,0.2286,-0.1863,0.06936,-0.395,0.0453
2026-09-14 14:58:14,705.41,2026-09-14,703.0,0.56,0.57,0.57,97291,965,0.2185,-0.2543,0.08682,-0.565,0.0542
2026-09-14 14:58:14,705.41,2026-09-14,704.0,0.81,0.82,0.82,116361,656,0.2102,-0.3428,0.10348,-0.815,0.0621
2026-09-14 14:58:14,705.41,2026-09-14,705.0,1.12,1.13,1.13,154112,2297,0.197,-0.448,0.11881,-1.125,0.0669
2026-09-14 14:58:14,705.41,2026-09-14,706.0,1.63,1.64,1.61,109590,542,0.197,-0.5673,0.11808,-1.045,0.0665
2026-09-14 14:58:14,705.41,2026-09-14,707.0,2.23,2.25,2.21,81051,603,0.1934,-0.6837,0.10884,-0.65,0.0601
2026-09-14 14:58:14,705.41,2026-09-14,708.0,2.94,2.96,2.96,26167,769,0.1881,-0.7898,0.09073,-0.36,0.0487
2026-09-14 14:58:14,705.41,2026-09-14,709.0,3.72,3.83,3.91,10582,918,0.186,-0.871,0.06693,-0.185,0.0356
2026-09-14 14:58:14,705.41,2026-09-14,710.0,4.53,4.7,4.84,7045,2769,0.1543,-0.9596,0.03332,-0.025,0.0147
2026-09-14 14:58:14,705.41,2026-09-14,711.0,5.6,5.8,5.78,2357,970,0.2271,-0.9255,0.03668,-0.11,0.0238
2026-09-14 14:58:14,705.41,2026-09-14,712.0,6.44,6.78,6.99,1552,567,0.2031,-0.9715,0.019,-0.02,0.011
2026-09-14 14:58:14,705.41,2026-09-14,713.0,7.57,7.77,7.8,1398,122,0.2717,-0.9492,0.02276,-0.08,0.0177
2026-09-14 14:58:14,705.41,2026-09-14,714.0,8.41,8.82,8.83,11098,82,0.2585,-0.9742,0.01372,-0.025,0.0101
2026-09-14 14:58:14,705.41,2026-09-14,715.0,9.54,9.74,9.8,3089,1977,0.3062,-0.9667,0.01435,-0.05,0.0126
2026-09-14 14:58:14,705.41,2026-09-14,716.0,10.63,10.83,10.48,1003,106,0.3902,-0.9437,0.01718,-0.14,0.0192
2026-09-14 14:58:14,705.41,2026-09-14,717.0,11.48,11.87,11.81,455,52,0.3851,-0.9607,0.01305,-0.085,0.0144
2026-09-14 14:58:14,705.41,2026-09-14,718.0,12.67,12.87,12.85,224,237,0.4686,-0.9415,0.01474,-0.18,0.0197
2026-09-14 14:58:14,705.41,2026-09-14,719.0,13.41,13.55,13.55,167,91,,,,,
2026-09-14 14:58:14,705.41,2026-09-14,720.0,14.23,14.66,15.04,216,963,,,,,
2026-09-14 14:59:14,705.8,2026-09-14,691.0,0.04,0.05,0.02,5214,245,0.4215,-0.0175,0.00606,-0.045,0.0073
2026-09-14 14:59:14,705.8,2026-09-14,692.0,0.01,0.02,0.04,5168,359,0.3426,-0.0078,0.00372,-0.015,0.0036
2026-09-14 14:59:14,705.8,2026-09-14,693.0,0.04,0.05,0.05,5995,222,0.372,-0.0195,0.00755,-0.045,0.008
2026-09-14 14:59:14,705.8,2026-09-14,694.0,0.01,0.02,0.02,4000,339,0.2982,-0.0089,0.00477,-0.015,0.0041
2026-09-14 14:59:14,705.8,2026-09-14,695.0,0.02,0.07,0.05,14490,4047,0.3218,-0.0222,0.00974,-0.045,0.0089
2026-09-14 14:59:14,705.8,2026-09-14,696.0,0.07,0.08,0.06,8539,534,0.3231,-0.0347,0.01406,-0.075,0.0129
2026-09-14 14:59:14,705.8,2026-09-14,697.0,0.04,0.09,0.05,18563,291,0.2882,-0.0338,0.01545,-0.065,0.0127
2026-09-14 14:59:14,705.8,2026-09-14,698.0,0.06,0.11,0.11,13036,394,0.2745,-0.0446,0.02031,-0.085,0.0159
2026-09-14 14:59:14,705.8,2026-09-14,699.0,0.09,0.1,0.1,13975,434,0.2514,-0.0529,0.02543,-0.095,0.0182
2026-09-14 14:59:14,705.8,2026-09-14,700.0,0.13,0.14,0.18,59412,3971,0.24,-0.0743,0.03469,-0.135,0.0237
2026-09-14 14:59:14,705.8,2026-09-14,701.0,0.2,0.25,0.25,33467,312,0.2385,-0.1145,0.04804,-0.225,0.0327
2026-09-14 14:59:14,705.8,2026-09-14,702.0,0.31,0.32,0.36,54954,678,0.226,-0.1572,0.06304,-0.315,0.0406
2026-09-14 14:59:14,705.8,2026-09-14,703.0,0.46,0.51,0.51,98334,965,0.2214,-0.2243,0.08008,-0.485,0.0505
2026-09-14 14:59:14,705.8,2026-09-14,704.0,0.69,0.7,0.74,118068,656,0.2115,-0.3043,0.09799,-0.695,0.0591
2026-09-14 14:59:14,705.8,2026-09-14,705.0,1.05,1.07,1.07,155824,2297,0.2127,-0.4089,0.10819,-1.06,0.0656
2026-09-14 14:59:14,705.8,2026-09-14,706.0,1.5,1.51,1.51,110141,542,0.2096,-0.5196,0.11261,-1.305,0.0673
2026-09-14 14:59:14,705.8,2026-09-14,707.0,2.02,2.08,2.08,81294,603,0.2045,-0.633,0.10905,-0.85,0.0636
2026-09-14 14:59:14,705.8,2026-09-14,708.0,2.7,2.77,2.84,26177,769,0.2042,-0.7356,0.09492,-0.535,0.0552
2026-09-14 14:59:14,705.8,2026-09-14,709.0,3.46,3.65,3.65,10607,918,0.2128,-0.8109,0.07531,-0.355,0.0457
2026-09-14 14:59:14,705.8,2026-09-14,710.0,4.28,4.59,4.61,7081,2769,0.2222,-0.8662,0.0575,-0.235,0.0364
2026-09-14 14:59:14,705.8,2026-09-14,711.0,5.21,5.53,5.58,2357,970,0.2373,-0.9008,0.04356,-0.17,0.0295
2026-09-14 14:59:14,705.8,2026-09-14,712.0,6.13,6.4,6.55,1552,567,0.2239,-0.948,0.02815,-0.065,0.018
2026-09-14 14:59:14,705.8,2026-09-14,713.0,7.24,7.32,7.33,1404,122,0.2609,-0.9473,0.02441,-0.08,0.0182
2026-09-14 14:59:14,705.8,2026-09-14,714.0,8.18,8.29,8.53,11099,82,0.2579,-0.9689,0.01609,-0.035,0.0118
2026-09-14 14:59:14,705.8,2026-09-14,715.0,9.03,9.25,9.75,3098,1977,,,,,
2026-09-14 14:59:14,705.8,2026-09-14,716.0,10.26,10.39,10.53,1003,106,0.3714,-0.9461,0.01747,-0.125,0.0185
2026-09-14 14:59:14,705.8,2026-09-14,717.0,11.04,11.48,11.43,455,52,0.3565,-0.967,0.01222,-0.06,0.0124
2026-09-14 14:59:14,705.8,2026-09-14,718.0,12.11,12.44,12.85,224,237,0.3945,-0.9648,0.01167,-0.075,0.0131
2026-09-14 14:59:14,705.8,2026-09-14,719.0,13.26,13.34,13.55,170,91,0.4392,-0.9605,0.01151,-0.1,0.0144
2026-09-14 14:59:14,705.8,2026-09-14,720.0,14.45,14.68,14.83,216,963,0.5984,-0.9166,0.01518,-0.365,0.0259
2026-09-14 15:00:15,705.88,2026-09-14,691.0,0.04,0.05,0.02,5229,245,0.4241,-0.0174,0.00601,-0.045,0.0072
2026-09-14 15:00:15,705.88,2026-09-14,692.0,0.04,0.05,0.04,5170,359,0.3994,-0.0183,0.00668,-0.045,0.0076
2026-09-14 15:00:15,705.88,2026-09-14,693.0,0.01,0.02,0.05,5995,222,0.3227,-0.0083,0.00415,-0.015,0.0038
2026-09-14 15:00:15,705.88,2026-09-14,694.0,0.05,0.06,0.02,4004,339,0.3607,-0.024,0.00929,-0.055,0.0095
2026-09-14 15:00:15,705.88,2026-09-14,695.0,0.02,0.03,0.06,14512,4047,0.2975,-0.0141,0.00717,-0.025,0.0061
2026-09-14 15:00:15,705.88,2026-09-14,696.0,0.03,0.08,0.07,8590,534,0.3088,-0.0275,0.01217,-0.055,0.0107
2026-09-14 15:00:15,705.88,2026-09-14,697.0,0.04,0.05,0.08,18570,291,0.2731,-0.0257,0.013,-0.045,0.0101
2026-09-14 15:00:15,705.88,2026-09-14,698.0,0.1,0.11,0.1,13604,394,0.2891,-0.0512,0.02158,-0.105,0.0177
2026-09-14 15:00:15,705.88,2026-09-14,699.0,0.09,0.14,0.14,14260,434,0.2647,-0.0598,0.02662,-0.115,0.02
2026-09-14 15:00:15,705.88,2026-09-14,700.0,0.13,0.18,0.18,60014,3971,0.2512,-0.0805,0.03528,-0.155,0.0252
2026-09-14 15:00:15,705.88,2026-09-14,701.0,0.19,0.2,0.2,33984,312,0.2322,-0.1041,0.04618,-0.195,0.0305
2026-09-14 15:00:15,705.88,2026-09-14,702.0,0.33,0.34,0.34,56187,678,0.2344,-0.1606,0.06174,-0.335,0.0411
2026-09-14 15:00:15,705.88,2026-09-14,703.0,0.48,0.49,0.48,100406,965,0.2253,-0.2215,0.07826,-0.485,0.0501
2026-09-14 15:00:15,705.88,2026-09-14,704.0,0.65,0.7,0.7,120877,656,0.2126,-0.2971,0.09661,-0.675,0.0584
2026-09-14 15:00:15,705.88,2026-09-14,705.0,0.96,1.01,1,159182,2297,0.2065,-0.3973,0.11079,-0.985,0.065
2026-09-14 15:00:15,705.88,2026-09-14,706.0,1.43,1.44,1.41,111699,542,0.2056,-0.5108,0.11504,-1.315,0.0672
2026-09-14 15:00:15,705.88,2026-09-14,707.0,1.93,1.94,1.94,82029,603,0.1947,-0.6306,0.11497,-0.815,0.0636
2026-09-14 15:00:15,705.88,2026-09-14,708.0,2.66,2.73,2.64,26344,769,0.2078,-0.7247,0.0953,-0.575,0.0563
2026-09-14 15:00:15,705.88,2026-09-14,709.0,3.32,3.48,3.46,10633,918,0.1929,-0.8288,0.07815,-0.28,0.0428
2026-09-14 15:00:15,705.88,2026-09-14,710.0,4.29,4.48,4.39,7090,2769,0.2277,-0.8562,0.05907,-0.265,0.0382
2026-09-14 15:00:15,705.88,2026-09-14,711.0,5.25,5.33,5.58,2369,970,0.235,-0.8999,0.04435,-0.17,0.0296
2026-09-14 15:00:15,705.88,2026-09-14,712.0,6.13,6.29,6.55,1562,567,0.2348,-0.9373,0.03115,-0.09,0.0208
2026-09-14 15:00:15,705.88,2026-09-14,713.0,7.14,7.35,7.34,1406,122,0.2812,-0.9316,0.02783,-0.125,0.0222
2026-09-14 15:00:15,705.88,2026-09-14,714.0,8.22,8.37,8.33,11104,82,0.3334,-0.9236,0.02555,-0.175,0.0242
2026-09-14 15:00:15,705.88,2026-09-14,715.0,9.05,9.31,9.43,3100,1977,0.302,-0.9619,0.01627,-0.06,0.014
2026-09-14 15:00:15,705.88,2026-09-14,716.0,10.21,10.26,10.53,1005,106,0.3642,-0.9484,0.01722,-0.115,0.0178
2026-09-14 15:00:15,705.88,2026-09-14,717.0,11.27,11.48,11.35,458,52,0.4595,-0.9217,0.01888,-0.255,0.0247
2026-09-14 15:00:15,705.88,2026-09-14,718.0,12.15,12.36,12.85,224,237,0.4321,-0.9497,0.01422,-0.135,0.0175
2026-09-14 15:00:15,705.88,2026-09-14,719.0,13.24,13.45,13.53,170,91,0.5073,-0.9347,0.01487,-0.225,0.0214
2026-09-14 15:00:15,705.88,2026-09-14,720.0,13.89,14.05,14.83,216,963,,,,,
2026-09-14 15:01:16,706.0,2026-09-14,691.0,0.04,0.05,0.04,5229,245,0.4277,-0.0173,0.00594,-0.045,0.0072
2026-09-14 15:01:16,706.0,2026-09-14,692.0,0.01,0.02,0.02,5172,359,0.3481,-0.0077,0.00364,-0.015,0.0036
2026-09-14 15:01:16,706.0,2026-09-14,693.0,0.04,0.05,0.04,5998,222,0.3782,-0.0193,0.00738,-0.045,0.0079
2026-09-14 15:01:16,706.0,2026-09-14,694.0,0.01,0.06,0.05,4005,339,0.3401,-0.0169,0.00735,-0.035,0.0071
2026-09-14 15:01:16,706.0,2026-09-14,695.0,0.01,0.02,0.02,14524,4047,0.2812,-0.0094,0.00533,-0.015,0.0042
2026-09-14 15:01:16,706.0,2026-09-14,696.0,0.07,0.08,0.07,8605,534,0.3296,-0.0342,0.01366,-0.075,0.0128
2026-09-14 15:01:16,706.0,2026-09-14,697.0,0.08,0.09,0.08,18656,291,0.3093,-0.0403,0.01666,-0.085,0.0146
2026-09-14 15:01:16,706.0,2026-09-14,698.0,0.1,0.11,0.1,13948,394,0.2931,-0.0507,0.02114,-0.105,0.0176
2026-09-14 15:01:16,706.0,2026-09-14,699.0,0.09,0.14,0.11,14453,434,0.2687,-0.0591,0.02602,-0.115,0.0198
2026-09-14 15:01:16,706.0,2026-09-14,700.0,0.18,0.19,0.17,60792,3971,0.267,-0.0888,0.03579,-0.185,0.0271
2026-09-14 15:01:16,706.0,2026-09-14,701.0,0.2,0.21,0.21,34489,312,0.24,-0.1057,0.04525,-0.205,0.0308
2026-09-14 15:01:16,706.0,2026-09-14,702.0,0.31,0.36,0.31,56529,678,0.2394,-0.158,0.05989,-0.335,0.0406
2026-09-14 15:01:16,706.0,2026-09-14,703.0,0.51,0.52,0.51,101197,965,0.237,-0.2234,0.07488,-0.515,0.0503
2026-09-14 15:01:16,706.0,2026-09-14,704.0,0.69,0.74,0.69,122356,656,0.2259,-0.2967,0.09098,-0.715,0.0582
2026-09-14 15:01:16,706.0,2026-09-14,705.0,1.05,1.06,1.01,161114,2297,0.225,-0.393,0.10155,-1.055,0.0647
2026-09-14 15:01:16,706.0,2026-09-14,706.0,1.44,1.45,1.49,114506,542,0.2165,-0.4971,0.10949,-1.445,0.0671
2026-09-14 15:01:16,706.0,2026-09-14,707.0,2.009,2.08,1.99,82627,603,0.2236,-0.6019,0.10254,-1.0445,0.0649
2026-09-14 15:01:16,706.0,2026-09-14,708.0,2.7,2.71,2.66,26468,769,0.2248,-0.6987,0.09209,-0.705,0.0586
2026-09-14 15:01:16,706.0,2026-09-14,709.0,3.33,3.52,3.45,10669,918,0.2199,-0.7886,0.07818,-0.425,0.0487
2026-09-14 15:01:16,706.0,2026-09-14,710.0,4.33,4.39,4.25,7130,2769,0.2469,-0.8297,0.06098,-0.36,0.0426
2026-09-14 15:01:16,706.0,2026-09-14,711.0,5.28,5.39,5.08,2374,970,0.2792,-0.8539,0.04875,-0.335,0.0386
2026-09-14 15:01:16,706.0,2026-09-14,712.0,6.12,6.45,6.35,1565,567,0.3018,-0.8789,0.03965,-0.285,0.0339
2026-09-14 15:01:16,706.0,2026-09-14,713.0,7.2,7.25,7.17,1407,122,0.3168,-0.9031,0.03217,-0.225,0.0289
2026-09-14 15:01:16,706.0,2026-09-14,714.0,8.05,8.34,8.2,11105,82,0.3382,-0.9178,0.02666,-0.195,0.0255
2026-09-14 15:01:16,706.0,2026-09-14,715.0,9.29,9.39,9.13,3100,1977,0.4223,-0.8945,0.02567,-0.34,0.0307
2026-09-14 15:01:16,706.0,2026-09-14,716.0,10.24,10.45,10.08,1007,106,0.4574,-0.9001,0.02278,-0.345,0.0295
2026-09-14 15:01:16,706.0,2026-09-14,717.0,11.24,11.29,11.35,459,52,0.4605,-0.9193,0.0193,-0.265,0.0252
2026-09-14 15:01:16,706.0,2026-09-14,718.0,12.14,12.36,12.85,224,237,0.4853,-0.9263,0.0171,-0.25,0.0235
2026-09-14 15:01:16,706.0,2026-09-14,719.0,13.23,13.44,13.53,175,91,0.5508,-0.9164,0.01658,-0.335,0.0259
2026-09-14 15:01:16,706.0,2026-09-14,720.0,14.05,14.31,14.83,217,963,0.5112,-0.9455,0.01283,-0.18,0.0186
2026-09-14 15:01:16,706.0,2026-09-14,721.0,14.81,15.5,15.87,1388,59,0.5252,-0.9526,0.01117,-0.155,0.0166
2026-09-14 15:02:18,705.89,2026-09-14,691.0,0.04,0.05,0.04,5229,245,0.4258,-0.0174,0.006,-0.045,0.0072
2026-09-14 15:02:18,705.89,2026-09-14,692.0,0.01,0.05,0.04,5174,359,0.3785,-0.0134,0.00542,-0.03,0.0058
2026-09-14 15:02:18,705.89,2026-09-14,693.0,0.04,0.05,0.04,6048,222,0.3761,-0.0194,0.00747,-0.045,0.0079
2026-09-14 15:02:18,705.89,2026-09-14,694.0,0.05,0.06,0.05,4015,339,0.3622,-0.024,0.00927,-0.055,0.0095
2026-09-14 15:02:18,705.89,2026-09-14,695.0,0.01,0.06,0.02,14575,4047,0.3135,-0.0183,0.00851,-0.035,0.0075
2026-09-14 15:02:18,705.89,2026-09-14,696.0,0.03,0.08,0.04,8714,534,0.3101,-0.0275,0.01215,-0.055,0.0106
2026-09-14 15:02:18,705.89,2026-09-14,697.0,0.04,0.09,0.07,18660,291,0.292,-0.0336,0.01523,-0.065,0.0125
2026-09-14 15:02:18,705.89,2026-09-14,698.0,0.06,0.11,0.1,14024,394,0.2784,-0.0442,0.01999,-0.085,0.0157
2026-09-14 15:02:18,705.89,2026-09-14,699.0,0.12,0.13,0.12,14628,434,0.2708,-0.0631,0.02724,-0.125,0.0208
2026-09-14 15:02:18,705.89,2026-09-14,700.0,0.16,0.17,0.17,61298,3971,0.2563,-0.0836,0.03571,-0.165,0.0258
2026-09-14 15:02:18,705.89,2026-09-14,701.0,0.23,0.24,0.24,34641,312,0.246,-0.1161,0.0473,-0.235,0.0328
2026-09-14 15:02:18,705.89,2026-09-14,702.0,0.28,0.29,0.29,56899,678,0.223,-0.1472,0.06146,-0.285,0.0387
2026-09-14 15:02:18,705.89,2026-09-14,703.0,0.42,0.43,0.43,101862,965,0.2143,-0.2085,0.07971,-0.425,0.0482
2026-09-14 15:02:18,705.89,2026-09-14,704.0,0.67,0.68,0.68,123976,656,0.2138,-0.2966,0.0963,-0.675,0.0581
2026-09-14 15:02:18,705.89,2026-09-14,705.0,0.94,0.99,0.94,164077,2297,0.2047,-0.395,0.11196,-0.965,0.0647
2026-09-14 15:02:18,705.89,2026-09-14,706.0,1.39,1.4,1.4,119355,542,0.2011,-0.51,0.11803,-1.285,0.067
2026-09-14 15:02:18,705.89,2026-09-14,707.0,1.88,1.94,1.94,83451,603,0.1924,-0.6314,0.11665,-0.8,0.0634
2026-09-14 15:02:18,705.89,2026-09-14,708.0,2.62,2.67,2.64,26576,769,0.2008,-0.7314,0.09775,-0.535,0.0554
2026-09-14 15:02:18,705.89,2026-09-14,709.0,3.31,3.47,3.35,10711,918,0.1932,-0.8286,0.07839,-0.28,0.0427
2026-09-14 15:02:18,705.89,2026-09-14,710.0,4.27,4.41,4.36,7169,2769,0.2186,-0.8662,0.05876,-0.23,0.0363
2026-09-14 15:02:18,705.89,2026-09-14,711.0,5.07,5.18,5.31,2378,970,0.1613,-0.9693,0.02561,-0.015,0.0117
2026-09-14 15:02:18,705.89,2026-09-14,712.0,6.09,6.36,6.33,1575,567,0.2467,-0.928,0.03311,-0.115,0.0231
2026-09-14 15:02:18,705.89,2026-09-14,713.0,7.04,7.17,7.02,1410,122,0.1848,-0.9884,0.00975,0.005,0.0051
2026-09-14 15:02:18,705.89,2026-09-14,714.0,7.9,8.33,8.24,11113,82,0.2246,-0.9834,0.01093,-0.005,0.0069
2026-09-14 15:02:18,705.89,2026-09-14,715.0,9.06,9.25,9.13,3101,1977,0.2912,-0.9674,0.01491,-0.045,0.0123
2026-09-14 15:02:18,705.89,2026-09-14,716.0,10.14,10.34,10.15,1007,106,0.3733,-0.9445,0.01787,-0.13,0.0188
2026-09-14 15:02:18,705.89,2026-09-14,717.0,11.16,11.3,11.3,460,52,0.3963,-0.9504,0.0154,-0.12,0.0172
2026-09-14 15:02:18,705.89,2026-09-14,718.0,11.96,12.27,12.85,225,237,0.3167,-0.9878,0.00597,-0.005,0.0053
2026-09-14 15:02:18,705.89,2026-09-14,719.0,12.83,13.19,13.36,176,91,,,,,
2026-09-14 15:02:18,705.89,2026-09-14,720.0,14.1,14.3,14.23,217,963,0.4583,-0.9646,0.01013,-0.09,0.0131
2026-09-14 15:03:18,705.57,2026-09-14,691.0,0.04,0.05,0.04,5229,245,0.4188,-0.0177,0.00621,-0.045,0.0073
2026-09-14 15:03:18,705.57,2026-09-14,692.0,0.01,0.05,0.04,5174,359,0.3717,-0.0137,0.00562,-0.03,0.0059
2026-09-14 15:03:18,705.57,2026-09-14,693.0,0.01,0.05,0.04,6055,222,0.3478,-0.0145,0.00632,-0.03,0.0062
2026-09-14 15:03:18,705.57,2026-09-14,694.0,0.05,0.06,0.02,4015,339,0.3547,-0.0245,0.00966,-0.055,0.0096
2026-09-14 15:03:18,705.57,2026-09-14,695.0,0.02,0.07,0.06,14601,4047,0.3182,-0.0226,0.01005,-0.045,0.009
2026-09-14 15:03:18,705.57,2026-09-14,696.0,0.03,0.08,0.05,8720,534,0.3023,-0.0282,0.01275,-0.055,0.0108
2026-09-14 15:03:18,705.57,2026-09-14,697.0,0.04,0.05,0.05,18668,291,0.2666,-0.0264,0.01369,-0.045,0.0103
2026-09-14 15:03:18,705.57,2026-09-14,698.0,0.1,0.11,0.07,14127,394,0.2815,-0.0527,0.02277,-0.105,0.018
2026-09-14 15:03:18,705.57,2026-09-14,699.0,0.13,0.14,0.13,14708,434,0.2661,-0.0685,0.02961,-0.135,0.0221
2026-09-14 15:03:18,705.57,2026-09-14,700.0,0.18,0.19,0.16,61526,3971,0.2536,-0.093,0.03914,-0.185,0.0279
2026-09-14 15:03:18,705.57,2026-09-14,701.0,0.21,0.22,0.22,34728,312,0.2289,-0.1147,0.05049,-0.215,0.0325
2026-09-14 15:03:18,705.57,2026-09-14,702.0,0.36,0.37,0.35,57058,678,0.2303,-0.1751,0.06679,-0.365,0.0432
2026-09-14 15:03:18,705.57,2026-09-14,703.0,0.52,0.53,0.51,102331,965,0.2203,-0.2406,0.08429,-0.525,0.0522
2026-09-14 15:03:18,705.57,2026-09-14,704.0,0.75,0.76,0.75,124927,656,0.2109,-0.3256,0.1019,-0.755,0.0604
2026-09-14 15:03:18,705.57,2026-09-14,705.0,1.08,1.09,1.08,165614,2297,0.2032,-0.4306,0.11534,-1.085,0.0659
2026-09-14 15:03:18,705.57,2026-09-14,706.0,1.5,1.56,1.5,120354,542,0.1963,-0.549,0.12031,-1.1,0.0664
2026-09-14 15:03:18,705.57,2026-09-14,707.0,2.15,2.17,2.15,83687,603,0.1996,-0.6625,0.10917,-0.73,0.0612
2026-09-14 15:03:18,705.57,2026-09-14,708.0,2.8,2.82,2.78,26688,769,0.1866,-0.7786,0.09497,-0.38,0.0498
2026-09-14 15:03:18,705.57,2026-09-14,709.0,3.66,3.7,3.64,10715,918,0.1988,-0.8459,0.07121,-0.25,0.0398
2026-09-14 15:03:18,705.57,2026-09-14,710.0,4.42,4.57,4.45,7185,2769,0.1731,-0.935,0.0437,-0.065,0.0213
2026-09-14 15:03:18,705.57,2026-09-14,711.0,5.35,5.67,5.25,2380,970,0.2105,-0.9365,0.0353,-0.08,0.0209
2026-09-14 15:03:18,705.57,2026-09-14,712.0,6.38,6.58,6.38,1576,567,0.2229,-0.956,0.02493,-0.05,0.0156
2026-09-14 15:03:18,705.57,2026-09-14,713.0,7.32,7.62,7.09,1410,122,0.2433,-0.9645,0.01917,-0.04,0.0131
2026-09-14 15:03:18,705.57,2026-09-14,714.0,8.44,8.66,8.34,11115,82,0.3196,-0.9403,0.02216,-0.12,0.0199
2026-09-14 15:03:18,705.57,2026-09-14,715.0,9.5,9.71,9.44,3111,1977,0.3757,-0.9306,0.02118,-0.175,0.0224
2026-09-14 15:03:18,705.57,2026-09-14,716.0,10.42,10.68,10.15,1007,106,0.3778,-0.9482,0.01675,-0.12,0.0178
2026-09-14 15:03:18,705.57,2026-09-14,717.0,11.29,11.63,11.32,460,52,0.3365,-0.9774,0.00952,-0.03,0.009
2026-09-14 15:03:18,705.57,2026-09-14,718.0,12.5,12.72,12.38,225,237,0.4677,-0.9411,0.01498,-0.18,0.0197
2026-09-14 15:03:18,705.57,2026-09-14,719.0,13.47,13.48,13.43,176,91,0.4022,-0.9754,0.00857,-0.045,0.0097
2026-09-14 15:03:18,705.57,2026-09-14,720.0,14.58,14.8,14.23,217,963,0.5655,-0.933,0.0137,-0.26,0.0218
2026-09-14 15:04:19,705.7,2026-09-14,691.0,0.04,0.05,0.04,5251,245,0.4227,-0.0175,0.00612,-0.045,0.0073
2026-09-14 15:04:19,705.7,2026-09-14,692.0,0.01,0.02,0.04,5179,359,0.3433,-0.0079,0.00376,-0.015,0.0036
2026-09-14 15:04:19,705.7,2026-09-14,693.0,0.01,0.02,0.04,6066,222,0.321,-0.0084,0.00425,-0.015,0.0038
2026-09-14 15:04:19,705.7,2026-09-14,694.0,0.05,0.06,0.04,4043,339,0.3586,-0.0243,0.0095,-0.055,0.0095
2026-09-14 15:04:19,705.7,2026-09-14,695.0,0.06,0.07,0.03,14608,4047,0.342,-0.0293,0.01167,-0.065,0.0112
2026-09-14 15:04:19,705.7,2026-09-14,696.0,0.03,0.04,0.05,8725,534,0.285,-0.0199,0.01013,-0.035,0.0081
2026-09-14 15:04:19,705.7,2026-09-14,697.0,0.08,0.09,0.05,18735,291,0.3025,-0.0413,0.01746,-0.085,0.0148
2026-09-14 15:04:19,705.7,2026-09-14,698.0,0.1,0.11,0.1,14195,394,0.2858,-0.0521,0.02226,-0.105,0.0178
2026-09-14 15:04:19,705.7,2026-09-14,699.0,0.13,0.14,0.13,14720,434,0.2705,-0.0676,0.02888,-0.135,0.0219
2026-09-14 15:04:19,705.7,2026-09-14,700.0,0.13,0.14,0.14,61866,3971,0.2389,-0.0752,0.03546,-0.135,0.0237
2026-09-14 15:04:19,705.7,2026-09-14,701.0,0.23,0.24,0.24,34871,312,0.24,-0.1188,0.04945,-0.235,0.0333
2026-09-14 15:04:19,705.7,2026-09-14,702.0,0.29,0.34,0.34,57325,678,0.224,-0.1594,0.06475,-0.315,0.0406
2026-09-14 15:04:19,705.7,2026-09-14,703.0,0.44,0.49,0.49,102608,965,0.2148,-0.2237,0.08314,-0.465,0.05
2026-09-14 15:04:19,705.7,2026-09-14,704.0,0.66,0.71,0.71,125487,656,0.2064,-0.3085,0.10191,-0.685,0.0589
2026-09-14 15:04:19,705.7,2026-09-14,705.0,0.99,1.04,1.03,166707,2297,0.2013,-0.4147,0.11572,-1.015,0.0652
2026-09-14 15:04:19,705.7,2026-09-14,706.0,1.47,1.48,1.47,121160,542,0.1989,-0.5329,0.11939,-1.175,0.0665
2026-09-14 15:04:19,705.7,2026-09-14,707.0,1.99,2.009,2.05,84143,603,0.1878,-0.6575,0.1169,-0.6995,0.0615
2026-09-14 15:04:19,705.7,2026-09-14,708.0,2.69,2.71,2.78,26725,769,0.1851,-0.7684,0.0984,-0.4,0.051
2026-09-14 15:04:19,705.7,2026-09-14,709.0,3.55,3.66,3.55,10729,918,0.2073,-0.8267,0.07381,-0.305,0.0429
2026-09-14 15:04:19,705.7,2026-09-14,710.0,4.27,4.54,4.37,7186,2769,0.1861,-0.9144,0.05021,-0.105,0.0262
2026-09-14 15:04:19,705.7,2026-09-14,711.0,5.32,5.44,5.19,2380,970,0.2068,-0.9355,0.03642,-0.08,0.0211
2026-09-14 15:04:19,705.7,2026-09-14,712.0,6.34,6.5,6.38,1578,567,0.2556,-0.9277,0.03216,-0.12,0.023
2026-09-14 15:04:19,705.7,2026-09-14,713.0,7.2,7.3,7.09,1410,122,,,,,
2026-09-14 15:04:19,705.7,2026-09-14,714.0,8.18,8.38,8.34,11115,82,,,,,
2026-09-14 15:04:19,705.7,2026-09-14,715.0,9.13,9.48,9.14,3112,1977,0.2532,-0.9851,0.00888,-0.005,0.0063
2026-09-14 15:04:19,705.7,2026-09-14,716.0,10.18,10.3,10.15,1007,106,,,,,
2026-09-14 15:04:19,705.7,2026-09-14,717.0,11,11.33,11.32,460,52,,,,,
2026-09-14 15:04:19,705.7,2026-09-14,718.0,12.18,12.59,12.38,225,237,0.4078,-0.9624,0.01201,-0.085,0.0137
2026-09-14 15:04:19,705.7,2026-09-14,719.0,13.12,13.39,13.43,176,91,,,,,
2026-09-14 15:04:19,705.7,2026-09-14,720.0,14.14,14.34,14.23,218,963,,,,,
2026-09-14 15:05:19,705.46,2026-09-14,691.0,0.01,0.05,0.04,5258,245,0.3943,-0.013,0.00509,-0.03,0.0056
2026-09-14 15:05:19,705.46,2026-09-14,692.0,0.01,0.05,0.03,5320,359,0.3704,-0.0138,0.00569,-0.03,0.0059
2026-09-14 15:05:19,705.46,2026-09-14,693.0,0.01,0.05,0.04,6111,222,0.3463,-0.0146,0.00641,-0.03,0.0062
2026-09-14 15:05:19,705.46,2026-09-14,694.0,0.05,0.06,0.02,4049,339,0.3531,-0.0247,0.00979,-0.055,0.0096
2026-09-14 15:05:19,705.46,2026-09-14,695.0,0.06,0.07,0.03,14628,4047,0.3362,-0.0298,0.01206,-0.065,0.0113
2026-09-14 15:05:19,705.46,2026-09-14,696.0,0.07,0.08,0.07,8728,534,0.3172,-0.0356,0.01478,-0.075,0.0131
2026-09-14 15:05:19,705.46,2026-09-14,697.0,0.04,0.05,0.08,18768,291,0.2646,-0.0267,0.01395,-0.045,0.0103
2026-09-14 15:05:19,705.46,2026-09-14,698.0,0.06,0.11,0.07,14248,394,0.2676,-0.046,0.02159,-0.085,0.0161
2026-09-14 15:05:19,705.46,2026-09-14,699.0,0.09,0.1,0.13,14781,434,0.244,-0.0548,0.02724,-0.095,0.0185
2026-09-14 15:05:19,705.46,2026-09-14,700.0,0.18,0.19,0.18,61992,3971,0.2508,-0.0942,0.04009,-0.185,0.0281
2026-09-14 15:05:19,705.46,2026-09-14,701.0,0.21,0.26,0.26,35027,312,0.2318,-0.1225,0.05241,-0.235,0.0339
2026-09-14 15:05:19,705.46,2026-09-14,702.0,0.31,0.36,0.35,57553,678,0.2196,-0.1704,0.06907,-0.335,0.0423
2026-09-14 15:05:19,705.46,2026-09-14,703.0,0.51,0.52,0.51,103319,965,0.214,-0.243,0.08755,-0.515,0.0523
2026-09-14 15:05:19,705.46,2026-09-14,704.0,0.75,0.76,0.75,126502,656,0.2056,-0.3325,0.10578,-0.755,0.0607
2026-09-14 15:05:19,705.46,2026-09-14,705.0,1.05,1.1,1.07,168345,2297,0.1951,-0.4409,0.12108,-1.075,0.0659
2026-09-14 15:05:19,705.46,2026-09-14,706.0,1.56,1.57,1.56,122200,542,0.193,-0.5635,0.12217,-1.025,0.0658
2026-09-14 15:05:19,705.46,2026-09-14,707.0,2.18,2.19,2.15,84543,603,0.1922,-0.6814,0.11118,-0.645,0.0596
2026-09-14 15:05:19,705.46,2026-09-14,708.0,2.88,2.89,2.83,26800,769,0.1849,-0.7919,0.0928,-0.345,0.0479
2026-09-14 15:05:19,705.46,2026-09-14,709.0,3.7,3.81,3.69,10783,918,0.1946,-0.8597,0.06859,-0.215,0.0372
2026-09-14 15:05:19,705.46,2026-09-14,710.0,4.6,4.65,4.43,7221,2769,0.186,-0.9263,0.04496,-0.085,0.0233
2026-09-14 15:05:19,705.46,2026-09-14,711.0,5.51,5.7,5.19,2384,970,0.2069,-0.944,0.03264,-0.065,0.0188
2026-09-14 15:05:19,705.46,2026-09-14,712.0,6.49,6.7,6.69,1582,567,0.2299,-0.9543,0.02499,-0.055,0.016
2026-09-14 15:05:19,705.46,2026-09-14,713.0,7.45,7.59,7.09,1410,122,,,,,
2026-09-14 15:05:19,705.46,2026-09-14,714.0,8.33,8.7,8.34,11116,82,,,,,
2026-09-14 15:05:19,705.46,2026-09-14,715.0,9.53,9.66,9.33,3112,1977,0.3121,-0.9649,0.01485,-0.055,0.0129
2026-09-14 15:05:19,705.46,2026-09-14,716.0,10.63,10.78,10.15,1007,106,0.4058,-0.9377,0.01809,-0.165,0.0205
2026-09-14 15:05:19,705.46,2026-09-14,717.0,11.34,11.78,11.32,460,52,0.3282,-0.9813,0.00835,-0.02,0.0076
2026-09-14 15:05:19,705.46,2026-09-14,718.0,12.46,12.63,12.38,225,237,0.3279,-0.9882,0.00563,-0.005,0.0052
2026-09-14 15:05:19,705.46,2026-09-14,719.0,13.46,13.95,13.43,176,91,0.4935,-0.9473,0.01305,-0.165,0.018
2026-09-14 15:05:19,705.46,2026-09-14,720.0,14.59,14.61,14.51,218,963,0.4463,-0.9728,0.00842,-0.06,0.0105
2026-09-14 15:06:20,706.81,2026-09-14,692.0,0.01,0.05,0.04,5320,359,0.4025,-0.0128,0.0049,-0.03,0.0055
2026-09-14 15:06:20,706.81,2026-09-14,693.0,0.05,0.06,0.04,6111,222,0.4137,-0.0214,0.00742,-0.055,0.0086
2026-09-14 15:06:20,706.81,2026-09-14,694.0,0.05,0.06,0.05,4079,339,0.388,-0.0227,0.0083,-0.055,0.009
2026-09-14 15:06:20,706.81,2026-09-14,695.0,0.06,0.07,0.04,14632,4047,0.3722,-0.0273,0.01011,-0.065,0.0105
2026-09-14 15:06:20,706.81,2026-09-14,696.0,0.02,0.03,0.03,8747,534,0.2984,-0.0142,0.00724,-0.025,0.006
2026-09-14 15:06:20,706.81,2026-09-14,697.0,0.03,0.08,0.08,18768,291,0.3097,-0.0277,0.0123,-0.055,0.0106
2026-09-14 15:06:20,706.81,2026-09-14,698.0,0.08,0.09,0.09,14346,394,0.3062,-0.0409,0.01716,-0.085,0.0147
2026-09-14 15:06:20,706.81,2026-09-14,699.0,0.1,0.11,0.11,14868,434,0.2896,-0.0515,0.02184,-0.105,0.0177
2026-09-14 15:06:20,706.81,2026-09-14,700.0,0.1,0.11,0.15,62096,3971,0.2597,-0.0566,0.02622,-0.105,0.019
2026-09-14 15:06:20,706.81,2026-09-14,701.0,0.13,0.19,0.19,35148,312,0.2531,-0.0828,0.03607,-0.16,0.0255
2026-09-14 15:06:20,706.81,2026-09-14,702.0,0.25,0.26,0.21,57720,678,0.2504,-0.1229,0.04862,-0.255,0.034
2026-09-14 15:06:20,706.81,2026-09-14,703.0,0.34,0.35,0.32,103560,965,0.2361,-0.1646,0.06284,-0.345,0.0414
2026-09-14 15:06:20,706.81,2026-09-14,704.0,0.5,0.51,0.51,127390,656,0.2282,-0.2279,0.07925,-0.505,0.0505
2026-09-14 15:06:20,706.81,2026-09-14,705.0,0.67,0.69,0.69,169745,2297,0.2117,-0.3016,0.09855,-0.68,0.0582
2026-09-14 15:06:20,706.81,2026-09-14,706.0,1.02,1.04,1.04,123068,542,0.2109,-0.4062,0.11007,-1.03,0.0648
2026-09-14 15:06:20,706.81,2026-09-14,707.0,1.43,1.46,1.46,85003,603,0.2035,-0.5193,0.11718,-1.255,0.0666
2026-09-14 15:06:20,706.81,2026-09-14,708.0,1.96,2.04,2.009,26824,769,0.1997,-0.6364,0.11251,-0.81,0.0627
2026-09-14 15:06:20,706.81,2026-09-14,709.0,2.63,2.73,2.69,10793,918,0.1975,-0.7438,0.09755,-0.49,0.0538
2026-09-14 15:06:20,706.81,2026-09-14,710.0,3.4,3.58,3.58,7234,2769,0.2021,-0.8252,0.0763,-0.3,0.043
2026-09-14 15:06:20,706.81,2026-09-14,711.0,4.24,4.43,5.6,2385,970,0.197,-0.8965,0.05468,-0.145,0.0301
2026-09-14 15:06:20,706.81,2026-09-14,712.0,5.13,5.39,5.4,1585,567,0.199,-0.9392,0.03621,-0.07,0.0201
2026-09-14 15:06:20,706.81,2026-09-14,713.0,6.17,6.38,7.09,1411,122,0.2364,-0.9398,0.03023,-0.085,0.0199
2026-09-14 15:06:20,706.81,2026-09-14,714.0,7.2,7.42,7.89,11118,82,0.2834,-0.9337,0.02719,-0.12,0.0215
2026-09-14 15:06:20,706.81,2026-09-14,715.0,8.05,8.23,9.33,3123,1977,,,,,
2026-09-14 15:06:20,706.81,2026-09-14,716.0,9.22,9.31,10.15,1009,106,0.3167,-0.9572,0.01722,-0.075,0.0152
2026-09-14 15:06:20,706.81,2026-09-14,717.0,10.16,10.39,11.32,490,52,0.351,-0.9571,0.01554,-0.085,0.0152
2026-09-14 15:06:20,706.81,2026-09-14,718.0,11.24,11.35,12.38,227,237,0.3916,-0.9545,0.01463,-0.105,0.016
2026-09-14 15:06:20,706.81,2026-09-14,719.0,12.01,12.11,13.43,178,91,,,,,
2026-09-14 15:06:20,706.81,2026-09-14,720.0,13.28,13.51,14.51,218,963,0.5041,-0.9387,0.01439,-0.205,0.0202
2026-09-14 15:06:20,706.81,2026-09-14,721.0,14.04,14.21,15.87,1388,59,,,,,
2026-09-14 15:07:21,706.9,2026-09-14,692.0,0.01,0.02,0.04,5324,359,0.3712,-0.0074,0.00329,-0.015,0.0034
2026-09-14 15:07:21,706.9,2026-09-14,693.0,0.01,0.02,0.04,6189,222,0.349,-0.0078,0.00368,-0.015,0.0036
2026-09-14 15:07:21,706.9,2026-09-14,694.0,0.05,0.06,0.02,4080,339,0.391,-0.0226,0.00822,-0.055,0.0089
2026-09-14 15:07:21,706.9,2026-09-14,695.0,0.01,0.06,0.05,14632,4047,0.3407,-0.0171,0.00744,-0.035,0.0071
2026-09-14 15:07:21,706.9,2026-09-14,696.0,0.06,0.07,0.06,8768,534,0.3485,-0.0289,0.01136,-0.065,0.011
2026-09-14 15:07:21,706.9,2026-09-14,697.0,0.07,0.08,0.06,18781,291,0.3298,-0.0344,0.01386,-0.075,0.0127
2026-09-14 15:07:21,706.9,2026-09-14,698.0,0.04,0.05,0.05,14348,394,0.2765,-0.0257,0.01295,-0.045,0.01
2026-09-14 15:07:21,706.9,2026-09-14,699.0,0.06,0.11,0.11,14882,434,0.2807,-0.0442,0.01996,-0.085,0.0156
2026-09-14 15:07:21,706.9,2026-09-14,700.0,0.13,0.14,0.14,62248,3971,0.2777,-0.0663,0.0278,-0.135,0.0215
2026-09-14 15:07:21,706.9,2026-09-14,701.0,0.14,0.19,0.19,35281,312,0.2584,-0.0836,0.03564,-0.165,0.0256
2026-09-14 15:07:21,706.9,2026-09-14,702.0,0.21,0.22,0.22,58031,678,0.2418,-0.1101,0.04664,-0.215,0.0314
2026-09-14 15:07:21,706.9,2026-09-14,703.0,0.35,0.36,0.36,104085,965,0.2425,-0.1651,0.06138,-0.355,0.0414
2026-09-14 15:07:21,706.9,2026-09-14,704.0,0.46,0.47,0.47,128186,656,0.2245,-0.2168,0.07839,-0.465,0.049
2026-09-14 15:07:21,706.9,2026-09-14,705.0,0.68,0.73,0.73,171833,2297,0.221,-0.3004,0.09437,-0.705,0.058
2026-09-14 15:07:21,706.9,2026-09-14,706.0,1.02,1.03,1.02,123969,542,0.2161,-0.3986,0.10707,-1.025,0.0644
2026-09-14 15:07:21,706.9,2026-09-14,707.0,1.45,1.46,1.49,85244,603,0.2123,-0.5084,0.11261,-1.355,0.0665
2026-09-14 15:07:21,706.9,2026-09-14,708.0,1.96,2.009,2.009,26939,769,0.2066,-0.6223,0.11029,-0.8845,0.0634
2026-09-14 15:07:21,706.9,2026-09-14,709.0,2.61,2.76,2.79,10822,918,0.2108,-0.7221,0.0954,-0.585,0.0559
2026-09-14 15:07:21,706.9,2026-09-14,710.0,3.28,3.46,3.56,7238,2769,0.1917,-0.8314,0.07871,-0.27,0.042
2026-09-14 15:07:21,706.9,2026-09-14,711.0,4.14,4.5,4.45,2387,970,0.217,-0.8691,0.05872,-0.22,0.0354
2026-09-14 15:07:21,706.9,2026-09-14,712.0,5.07,5.29,5.26,1588,567,0.2014,-0.9339,0.03824,-0.08,0.0214
2026-09-14 15:07:21,706.9,2026-09-14,713.0,6.07,6.3,6.06,1411,122,0.234,-0.9393,0.0308,-0.085,0.0201
2026-09-14 15:07:21,706.9,2026-09-14,714.0,7.2,7.3,6.9,11118,82,0.2943,-0.924,0.02914,-0.15,0.0239
2026-09-14 15:07:21,706.9,2026-09-14,715.0,8.01,8.2,8.039,3125,1977,0.2255,-0.9836,0.01089,-0.005,0.0068
2026-09-14 15:07:21,706.9,2026-09-14,716.0,8.88,9.17,9.35,1010,106,,,,,
2026-09-14 15:07:21,706.9,2026-09-14,717.0,10.2,10.4,10.29,490,52,0.4092,-0.9281,0.02007,-0.2,0.0229
2026-09-14 15:07:21,706.9,2026-09-14,718.0,10.82,11.39,10.83,227,237,0.2955,-0.9871,0.00677,-0.005,0.0056
2026-09-14 15:07:21,706.9,2026-09-14,719.0,12.24,12.49,11.97,178,91,0.4991,-0.9241,0.01716,-0.265,0.0238
2026-09-14 15:07:21,706.9,2026-09-14,720.0,13.16,13.35,14.51,218,963,0.4759,-0.9482,0.01337,-0.155,0.0177
2026-09-14 15:07:21,706.9,2026-09-14,721.0,14.11,14.37,14.53,1389,59,0.4954,-0.9537,0.01174,-0.14,0.0162
2026-09-14 15:08:22,706.3,2026-09-14,692.0,0.04,0.05,0.02,5324,359,0.4152,-0.0179,0.00639,-0.045,0.0073
2026-09-14 15:08:22,706.3,2026-09-14,693.0,0.04,0.05,0.02,6190,222,0.3901,-0.019,0.00713,-0.045,0.0077
2026-09-14 15:08:22,706.3,2026-09-14,694.0,0.01,0.06,0.02,4082,339,0.3515,-0.0166,0.00707,-0.035,0.0069
2026-09-14 15:08:22,706.3,2026-09-14,695.0,0.01,0.02,0.05,14643,4047,0.2913,-0.0092,0.00511,-0.015,0.0041
2026-09-14 15:08:22,706.3,2026-09-14,696.0,0.02,0.07,0.06,8769,534,0.3137,-0.023,0.01045,-0.045,0.0091
2026-09-14 15:08:22,706.3,2026-09-14,697.0,0.03,0.04,0.04,18786,291,0.2766,-0.0206,0.01079,-0.035,0.0083
2026-09-14 15:08:22,706.3,2026-09-14,698.0,0.04,0.05,0.09,14356,394,0.2615,-0.027,0.01434,-0.045,0.0104
2026-09-14 15:08:22,706.3,2026-09-14,699.0,0.06,0.11,0.07,14948,434,0.264,-0.0467,0.02224,-0.085,0.0162
2026-09-14 15:08:22,706.3,2026-09-14,700.0,0.14,0.15,0.15,62359,3971,0.2639,-0.0738,0.03184,-0.145,0.0233
2026-09-14 15:08:22,706.3,2026-09-14,701.0,0.15,0.16,0.2,35328,312,0.2353,-0.086,0.04009,-0.155,0.0261
2026-09-14 15:08:22,706.3,2026-09-14,702.0,0.26,0.27,0.23,59003,678,0.2354,-0.1339,0.05511,-0.265,0.0359
2026-09-14 15:08:22,706.3,2026-09-14,703.0,0.38,0.39,0.39,105243,965,0.2254,-0.1869,0.07165,-0.385,0.0447
2026-09-14 15:08:22,706.3,2026-09-14,704.0,0.52,0.57,0.57,129062,656,0.2129,-0.2554,0.09071,-0.545,0.0535
2026-09-14 15:08:22,706.3,2026-09-14,705.0,0.81,0.82,0.83,173627,2297,0.2072,-0.3502,0.10745,-0.815,0.0616
2026-09-14 15:08:22,706.3,2026-09-14,706.0,1.17,1.19,1.19,124816,542,0.2008,-0.4613,0.11886,-1.18,0.0661
2026-09-14 15:08:22,706.3,2026-09-14,707.0,1.68,1.7,1.71,85463,603,0.1988,-0.5808,0.11811,-0.99,0.065
2026-09-14 15:08:22,706.3,2026-09-14,708.0,2.23,2.28,2.14,26954,769,0.1859,-0.7059,0.11141,-0.555,0.0573
2026-09-14 15:08:22,706.3,2026-09-14,709.0,3.02,3.1,2.87,10828,918,0.1957,-0.7939,0.08753,-0.36,0.0474
2026-09-14 15:08:22,706.3,2026-09-14,710.0,3.78,3.93,3.74,7246,2769,0.1839,-0.8846,0.06359,-0.155,0.0324
2026-09-14 15:08:22,706.3,2026-09-14,711.0,4.78,4.95,4.74,2389,970,0.2219,-0.8964,0.04876,-0.165,0.03
2026-09-14 15:08:22,706.3,2026-09-14,712.0,5.59,5.83,5.71,1588,567,0.1732,-0.9752,0.02018,-0.01,0.0097
2026-09-14 15:08:22,706.3,2026-09-14,713.0,6.66,6.87,6.06,1411,122,0.2414,-0.9509,0.02532,-0.065,0.0169
2026-09-14 15:08:22,706.3,2026-09-14,714.0,7.63,7.95,6.9,11119,82,0.2846,-0.9464,0.02303,-0.09,0.0181
2026-09-14 15:08:22,706.3,2026-09-14,715.0,8.33,8.97,8.32,3125,1977,,,,,
2026-09-14 15:08:22,706.3,2026-09-14,716.0,9.6,9.78,9.35,1011,106,0.2288,-0.9942,0.00434,0.01,0.0027
2026-09-14 15:08:22,706.3,2026-09-14,717.0,10.54,10.68,10.29,491,52,,,,,
2026-09-14 15:08:22,706.3,2026-09-14,718.0,11.2,11.92,10.83,227,237,,,,,
2026-09-14 15:08:22,706.3,2026-09-14,719.0,12.56,12.88,11.97,178,91,0.3572,-0.9826,0.00723,-0.02,0.0071
2026-09-14 15:08:22,706.3,2026-09-14,720.0,13.53,13.81,14.51,218,963,,,,,
2026-09-14 15:08:22,706.3,2026-09-14,721.0,14.18,14.54,14.53,1389,59,,,,,
2026-09-14 15:09:22,706.46,2026-09-14,692.0,0.01,0.05,0.02,5324,359,0.3963,-0.013,0.00509,-0.03,0.0056
2026-09-14 15:09:22,706.46,2026-09-14,693.0,0.01,0.02,0.02,6200,222,0.3404,-0.008,0.00387,-0.015,0.0036
2026-09-14 15:09:22,706.46,2026-09-14,694.0,0.05,0.06,0.02,4082,339,0.381,-0.0232,0.00866,-0.055,0.0091
2026-09-14 15:09:22,706.46,2026-09-14,695.0,0.05,0.06,0.05,14644,4047,0.3549,-0.0247,0.0098,-0.055,0.0096
2026-09-14 15:09:22,706.46,2026-09-14,696.0,0.06,0.07,0.06,8789,534,0.3379,-0.0298,0.01207,-0.065,0.0113
2026-09-14 15:09:22,706.46,2026-09-14,697.0,0.03,0.04,0.08,18788,291,0.2809,-0.0203,0.01053,-0.035,0.0082
2026-09-14 15:09:22,706.46,2026-09-14,698.0,0.04,0.09,0.09,14359,394,0.2833,-0.0348,0.01635,-0.065,0.0128
2026-09-14 15:09:22,706.46,2026-09-14,699.0,0.1,0.11,0.11,14960,434,0.2807,-0.0532,0.02325,-0.105,0.018
2026-09-14 15:09:22,706.46,2026-09-14,700.0,0.08,0.13,0.13,62646,3971,0.2504,-0.0587,0.02815,-0.105,0.0195
2026-09-14 15:09:22,706.46,2026-09-14,701.0,0.13,0.14,0.18,35568,312,0.2328,-0.0773,0.03747,-0.135,0.0241
2026-09-14 15:09:22,706.46,2026-09-14,702.0,0.23,0.24,0.24,59262,678,0.2329,-0.1226,0.05248,-0.235,0.0337
2026-09-14 15:09:22,706.46,2026-09-14,703.0,0.34,0.35,0.31,105720,965,0.223,-0.1731,0.0691,-0.345,0.0425
2026-09-14 15:09:22,706.46,2026-09-14,704.0,0.49,0.5,0.5,129752,656,0.2111,-0.2393,0.08851,-0.495,0.0516
2026-09-14 15:09:22,706.46,2026-09-14,705.0,0.69,0.7,0.7,175991,2297,0.1964,-0.325,0.11029,-0.695,0.0598
2026-09-14 15:09:22,706.46,2026-09-14,706.0,1.06,1.07,1.08,125419,542,0.1943,-0.441,0.12225,-1.065,0.0655
2026-09-14 15:09:22,706.46,2026-09-14,707.0,1.5,1.51,1.54,85604,603,0.1844,-0.5676,0.12833,-0.96,0.0653
2026-09-14 15:09:22,706.46,2026-09-14,708.0,2.14,2.15,2.18,26996,769,0.1859,-0.6887,0.11446,-0.6,0.0587
2026-09-14 15:09:22,706.46,2026-09-14,709.0,2.8,2.82,2.88,10843,918,0.1687,-0.8155,0.09507,-0.265,0.0443
2026-09-14 15:09:22,706.46,2026-09-14,710.0,3.57,3.76,3.91,7250,2769,0.1675,-0.8966,0.0646,-0.12,0.0299
2026-09-14 15:09:22,706.46,2026-09-14,711.0,4.46,4.73,4.86,2389,970,0.1704,-0.9443,0.03966,-0.05,0.0187
2026-09-14 15:09:22,706.46,2026-09-14,712.0,5.39,5.71,5.78,1589,567,0.164,-0.9783,0.01906,-0.005,0.0086
2026-09-14 15:09:22,706.46,2026-09-14,713.0,6.42,6.62,6.06,1417,122,,,,,
2026-09-14 15:09:22,706.46,2026-09-14,714.0,7.27,7.69,8.01,11123,82,,,,,
2026-09-14 15:09:22,706.46,2026-09-14,715.0,8.36,8.6,8.32,3125,1977,,,,,
2026-09-14 15:09:22,706.46,2026-09-14,716.0,9.23,9.44,9.69,1011,106,,,,,
2026-09-14 15:09:22,706.46,2026-09-14,717.0,10.46,10.58,10.7,491,52,,,,,
2026-09-14 15:09:22,706.46,2026-09-14,718.0,11.34,11.88,10.83,227,237,0.3751,-0.9664,0.01198,-0.065,0.0124
2026-09-14 15:09:22,706.46,2026-09-14,719.0,12.3,12.87,11.97,178,91,0.378,-0.9758,0.00907,-0.04,0.0095
2026-09-14 15:09:22,706.46,2026-09-14,720.0,13.6,13.99,14.51,218,963,0.5391,-0.9319,0.01468,-0.25,0.0218
2026-09-14 15:09:22,706.46,2026-09-14,721.0,14.33,14.75,14.53,1389,59,0.3479,-0.9935,0.00316,0.005,0.003
2026-09-14 15:10:23,706.48,2026-09-14,692.0,0.04,0.05,0.02,5324,359,0.4211,-0.0178,0.00627,-0.045,0.0073
2026-09-14 15:10:23,706.48,2026-09-14,693.0,0.04,0.05,0.02,6205,222,0.3959,-0.0188,0.00698,-0.045,0.0076
2026-09-14 15:10:23,706.48,2026-09-14,694.0,0.01,0.02,0.02,4094,339,0.319,-0.0085,0.00437,-0.015,0.0038
2026-09-14 15:10:23,706.48,2026-09-14,695.0,0.05,0.06,0.02,14685,4047,0.3562,-0.0246,0.00977,-0.055,0.0096
2026-09-14 15:10:23,706.48,2026-09-14,696.0,0.06,0.07,0.03,8824,534,0.3392,-0.0298,0.01202,-0.065,0.0112
2026-09-14 15:10:23,706.48,2026-09-14,697.0,0.02,0.07,0.03,18790,291,0.2933,-0.0245,0.01181,-0.045,0.0095
2026-09-14 15:10:23,706.48,2026-09-14,698.0,0.04,0.05,0.05,14429,394,0.2671,-0.0266,0.0139,-0.045,0.0102
2026-09-14 15:10:23,706.48,2026-09-14,699.0,0.05,0.06,0.1,15001,434,0.249,-0.0338,0.01817,-0.055,0.0124
2026-09-14 15:10:23,706.48,2026-09-14,700.0,0.08,0.09,0.09,62939,3971,0.2407,-0.0507,0.02614,-0.085,0.0173
2026-09-14 15:10:23,706.48,2026-09-14,701.0,0.12,0.17,0.17,35719,312,0.2381,-0.0807,0.0379,-0.145,0.0248
2026-09-14 15:10:23,706.48,2026-09-14,702.0,0.22,0.23,0.23,59628,678,0.2312,-0.1192,0.05191,-0.225,0.033
2026-09-14 15:10:23,706.48,2026-09-14,703.0,0.29,0.34,0.34,106332,965,0.2172,-0.1646,0.06881,-0.315,0.0411
2026-09-14 15:10:23,706.48,2026-09-14,704.0,0.45,0.46,0.46,130957,656,0.2048,-0.23,0.08942,-0.455,0.0504
2026-09-14 15:10:23,706.48,2026-09-14,705.0,0.72,0.73,0.73,177595,2297,0.2032,-0.3274,0.10714,-0.725,0.0599
2026-09-14 15:10:23,706.48,2026-09-14,706.0,1.02,1.03,1.07,126042,542,0.1902,-0.4365,0.12489,-1.025,0.0653
2026-09-14 15:10:23,706.48,2026-09-14,707.0,1.48,1.54,1.55,85729,603,0.1877,-0.5633,0.12655,-0.99,0.0653
2026-09-14 15:10:23,706.48,2026-09-14,708.0,2.09,2.15,2.14,27041,769,0.1849,-0.6871,0.11554,-0.6,0.0587
2026-09-14 15:10:23,706.48,2026-09-14,709.0,2.79,2.97,2.66,10845,918,0.1885,-0.7873,0.09289,-0.36,0.0481
2026-09-14 15:10:23,706.48,2026-09-14,710.0,3.58,3.75,3.7,7264,2769,0.175,-0.8853,0.06674,-0.145,0.0321
2026-09-14 15:10:23,706.48,2026-09-14,711.0,4.42,4.68,4.65,2392,970,0.1582,-0.9563,0.03529,-0.03,0.0154
2026-09-14 15:10:23,706.48,2026-09-14,712.0,5.22,5.59,5.78,1589,567,,,,,
2026-09-14 15:10:23,706.48,2026-09-14,713.0,6.37,6.49,6.57,1417,122,,,,,
2026-09-14 15:10:23,706.48,2026-09-14,714.0,7.34,7.64,7.46,11124,82,,,,,
2026-09-14 15:10:23,706.48,2026-09-14,715.0,8.32,8.7,8.32,3125,1977,0.2043,-0.9937,0.00527,0.01,0.003
2026-09-14 15:10:23,706.48,2026-09-14,716.0,9.17,9.68,9.69,1011,106,,,,,
2026-09-14 15:10:23,706.48,2026-09-14,717.0,10.15,10.57,10.7,491,52,,,,,
2026-09-14 15:10:23,706.48,2026-09-14,718.0,11.17,11.44,10.83,227,237,,,,,
2026-09-14 15:10:23,706.48,2026-09-14,719.0,12.22,12.39,11.97,178,91,,,,,
2026-09-14 15:10:23,706.48,2026-09-14,720.0,13.18,13.33,14.51,219,963,,,,,
2026-09-14 15:10:23,706.48,2026-09-14,721.0,14.27,14.3,14.53,1389,59,,,,,
2026-09-14 15:11:23,706.47,2026-09-14,692.0,0.04,0.05,0.02,5324,359,0.4216,-0.0178,0.00627,-0.045,0.0072
2026-09-14 15:11:23,706.47,2026-09-14,693.0,0.04,0.05,0.04,6205,222,0.3964,-0.0188,0.00699,-0.045,0.0076
2026-09-14 15:11:23,706.47,2026-09-14,694.0,0.01,0.06,0.03,4095,339,0.3574,-0.0165,0.00693,-0.035,0.0068
2026-09-14 15:11:23,706.47,2026-09-14,695.0,0.01,0.02,0.04,14889,4047,0.2966,-0.0091,0.00499,-0.015,0.0041
2026-09-14 15:11:23,706.47,2026-09-14,696.0,0.06,0.07,0.06,8830,534,0.3395,-0.0298,0.01204,-0.065,0.0112
2026-09-14 15:11:23,706.47,2026-09-14,697.0,0.02,0.07,0.07,18793,291,0.2936,-0.0245,0.01183,-0.045,0.0095
2026-09-14 15:11:23,706.47,2026-09-14,698.0,0.04,0.05,0.09,14442,394,0.2673,-0.0266,0.01393,-0.045,0.0102
2026-09-14 15:11:23,706.47,2026-09-14,699.0,0.09,0.1,0.1,15038,434,0.2763,-0.0496,0.02241,-0.095,0.017
2026-09-14 15:11:23,706.47,2026-09-14,700.0,0.12,0.13,0.13,63061,3971,0.2616,-0.0658,0.02956,-0.125,0.0212
2026-09-14 15:11:23,706.47,2026-09-14,701.0,0.12,0.17,0.17,35767,312,0.2382,-0.0808,0.03799,-0.145,0.0248
2026-09-14 15:11:23,706.47,2026-09-14,702.0,0.19,0.24,0.24,59856,678,0.2282,-0.1162,0.05177,-0.215,0.0324
2026-09-14 15:11:23,706.47,2026-09-14,703.0,0.3,0.31,0.34,106824,965,0.2147,-0.1621,0.06904,-0.305,0.0406
2026-09-14 15:11:23,706.47,2026-09-14,704.0,0.46,0.47,0.47,132130,656,0.2066,-0.2325,0.0893,-0.465,0.0506
2026-09-14 15:11:23,706.47,2026-09-14,705.0,0.71,0.72,0.72,178786,2297,0.2013,-0.3267,0.10824,-0.715,0.0597
2026-09-14 15:11:23,706.47,2026-09-14,706.0,1.07,1.08,1.12,126492,542,0.1975,-0.4399,0.12063,-1.075,0.0653
2026-09-14 15:11:23,706.47,2026-09-14,707.0,1.6,1.62,1.61,85818,603,0.2025,-0.5599,0.11768,-1.08,0.0653
2026-09-14 15:11:23,706.47,2026-09-14,708.0,2.25,2.28,2.17,27060,769,0.2085,-0.6684,0.10514,-0.735,0.0601
2026-09-14 15:11:23,706.47,2026-09-14,709.0,2.94,3.06,2.89,10861,918,0.2114,-0.7625,0.08832,-0.47,0.0512
2026-09-14 15:11:23,706.47,2026-09-14,710.0,3.71,3.96,3.81,7346,2769,0.2188,-0.8327,0.06914,-0.305,0.0415
2026-09-14 15:11:23,706.47,2026-09-14,711.0,4.55,4.77,4.84,2403,970,0.205,-0.9071,0.04898,-0.13,0.0275
2026-09-14 15:11:23,706.47,2026-09-14,712.0,5.57,5.71,5.78,1589,567,0.2297,-0.9253,0.03711,-0.11,0.0234
2026-09-14 15:11:23,706.47,2026-09-14,713.0,6.53,6.7,6.57,1417,122,0.2486,-0.9421,0.02816,-0.085,0.0192
2026-09-14 15:11:23,706.47,2026-09-14,714.0,7.39,7.79,7.52,11134,82,0.263,-0.9567,0.02111,-0.06,0.0152
2026-09-14 15:11:23,706.47,2026-09-14,715.0,8.47,8.58,8.32,3125,1977,0.2185,-0.9903,0.0072,0.005,0.0043
2026-09-14 15:11:23,706.47,2026-09-14,716.0,9.55,9.7,9.69,1011,106,0.3417,-0.9522,0.01759,-0.095,0.0165
2026-09-14 15:11:23,706.47,2026-09-14,717.0,10.35,10.54,10.7,491,52,,,,,
2026-09-14 15:11:23,706.47,2026-09-14,718.0,11.22,11.51,10.83,227,237,,,,,
2026-09-14 15:11:23,706.47,2026-09-14,719.0,12.59,12.95,11.97,178,91,0.5052,-0.9302,0.01602,-0.24,0.0222
2026-09-14 15:11:23,706.47,2026-09-14,720.0,13.51,13.84,13.75,219,963,0.4859,-0.9514,0.01254,-0.145,0.0167
2026-09-14 15:11:23,706.47,2026-09-14,721.0,14.16,14.69,14.53,1389,59,,,,,
2026-09-14 15:12:26,706.19,2026-09-14,692.0,0.01,0.05,0.02,5326,359,0.3922,-0.0132,0.00524,-0.03,0.0056
2026-09-14 15:12:26,706.19,2026-09-14,693.0,0.01,0.05,0.02,6206,222,0.368,-0.014,0.00587,-0.03,0.0059
2026-09-14 15:12:26,706.19,2026-09-14,694.0,0.01,0.02,0.02,4095,339,0.3137,-0.0087,0.00453,-0.015,0.0039
2026-09-14 15:12:26,706.19,2026-09-14,695.0,0.01,0.02,0.02,14889,4047,0.2908,-0.0093,0.00519,-0.015,0.0041
2026-09-14 15:12:26,706.19,2026-09-14,696.0,0.02,0.07,0.03,8855,534,0.3131,-0.0232,0.01061,-0.045,0.0091
2026-09-14 15:12:26,706.19,2026-09-14,697.0,0.02,0.03,0.03,18814,291,0.2623,-0.0161,0.00929,-0.025,0.0066
2026-09-14 15:12:26,706.19,2026-09-14,698.0,0.04,0.09,0.09,14470,394,0.2776,-0.0356,0.01711,-0.065,0.013
2026-09-14 15:12:26,706.19,2026-09-14,699.0,0.09,0.1,0.1,15073,434,0.2686,-0.051,0.0236,-0.095,0.0173
2026-09-14 15:12:26,706.19,2026-09-14,700.0,0.13,0.14,0.14,63329,3971,0.2579,-0.0713,0.03195,-0.135,0.0225
2026-09-14 15:12:26,706.19,2026-09-14,701.0,0.13,0.14,0.18,35827,312,0.2254,-0.0798,0.03987,-0.135,0.0245
2026-09-14 15:12:26,706.19,2026-09-14,702.0,0.24,0.25,0.25,60029,678,0.2273,-0.13,0.05634,-0.245,0.0349
2026-09-14 15:12:26,706.19,2026-09-14,703.0,0.31,0.32,0.36,107508,965,0.2062,-0.1721,0.07487,-0.315,0.0421
2026-09-14 15:12:26,706.19,2026-09-14,704.0,0.52,0.53,0.53,133349,656,0.2054,-0.2566,0.09496,-0.525,0.0532
2026-09-14 15:12:26,706.19,2026-09-14,705.0,0.77,0.78,0.78,179905,2297,0.1958,-0.3536,0.11492,-0.775,0.0614
2026-09-14 15:12:26,706.19,2026-09-14,706.0,1.14,1.15,1.15,127092,542,0.189,-0.4727,0.12746,-1.145,0.0657
2026-09-14 15:12:26,706.19,2026-09-14,707.0,1.58,1.65,1.64,86055,603,0.1784,-0.6053,0.13067,-0.805,0.0636
2026-09-14 15:12:26,706.19,2026-09-14,708.0,2.25,2.27,2.3,27079,769,0.1739,-0.7329,0.11451,-0.45,0.0543
2026-09-14 15:12:26,706.19,2026-09-14,709.0,3.02,3.11,2.94,10867,918,0.1782,-0.8276,0.08672,-0.255,0.0422
2026-09-14 15:12:26,706.19,2026-09-14,710.0,3.85,3.97,3.91,7397,2769,0.1703,-0.9103,0.05757,-0.1,0.0268
2026-09-14 15:12:26,706.19,2026-09-14,711.0,4.66,4.8,4.78,2416,970,,,,,
2026-09-14 15:12:26,706.19,2026-09-14,712.0,5.52,5.8,5.78,1589,567,,,,,
2026-09-14 15:12:26,706.19,2026-09-14,713.0,6.62,6.91,6.57,1423,122,,,,,
2026-09-14 15:12:26,706.19,2026-09-14,714.0,7.68,7.97,7.82,11134,82,0.2332,-0.9778,0.01375,-0.015,0.0087
2026-09-14 15:12:26,706.19,2026-09-14,715.0,8.81,8.82,8.32,3126,1977,0.2442,-0.9847,0.00952,-0.005,0.0063
2026-09-14 15:12:26,706.19,2026-09-14,716.0,9.62,10.01,9.69,1011,106,0.2678,-0.9859,0.0081,-0.005,0.0059
2026-09-14 15:12:26,706.19,2026-09-14,717.0,10.59,10.85,10.7,491,52,,,,,
2026-09-14 15:12:26,706.19,2026-09-14,718.0,11.59,11.77,10.83,230,237,,,,,
2026-09-14 15:12:26,706.19,2026-09-14,719.0,12.45,12.72,11.97,178,91,,,,,
2026-09-14 15:12:26,706.19,2026-09-14,720.0,13.53,13.83,13.83,222,963,,,,,
2026-09-14 15:12:26,706.19,2026-09-14,721.0,14.67,14.79,14.53,1389,59,,,,,
2026-09-14 15:13:26,706.39,2026-09-14,692.0,0.04,0.05,0.04,5333,359,0.4211,-0.0178,0.00633,-0.045,0.0072
2026-09-14 15:13:26,706.39,2026-09-14,693.0,0.04,0.05,0.02,6206,222,0.3958,-0.0189,0.00705,-0.045,0.0076
2026-09-14 15:13:26,706.39,2026-09-14,694.0,0.05,0.06,0.02,4095,339,0.382,-0.0233,0.00873,-0.055,0.0091
2026-09-14 15:13:26,706.39,2026-09-14,695.0,0.05,0.06,0.05,14891,4047,0.3557,-0.0248,0.00988,-0.055,0.0096
2026-09-14 15:13:26,706.39,2026-09-14,696.0,0.06,0.07,0.06,8856,534,0.3386,-0.03,0.01217,-0.065,0.0112
2026-09-14 15:13:26,706.39,2026-09-14,697.0,0.06,0.07,0.03,18822,291,0.3112,-0.0323,0.01408,-0.065,0.0119
2026-09-14 15:13:26,706.39,2026-09-14,698.0,0.07,0.08,0.08,14510,394,0.2911,-0.0388,0.01751,-0.075,0.0139
2026-09-14 15:13:26,706.39,2026-09-14,699.0,0.05,0.1,0.1,15086,434,0.2625,-0.0424,0.02089,-0.075,0.0149
2026-09-14 15:13:26,706.39,2026-09-14,700.0,0.08,0.09,0.13,63727,3971,0.2393,-0.0512,0.02663,-0.085,0.0173
2026-09-14 15:13:26,706.39,2026-09-14,701.0,0.16,0.17,0.17,35870,312,0.2442,-0.0885,0.0398,-0.165,0.0264
2026-09-14 15:13:26,706.39,2026-09-14,702.0,0.22,0.23,0.2,60229,678,0.2292,-0.1206,0.0531,-0.225,0.0331
2026-09-14 15:13:26,706.39,2026-09-14,703.0,0.33,0.34,0.3,108022,965,0.2195,-0.1722,0.07046,-0.335,0.0421
2026-09-14 15:13:26,706.39,2026-09-14,704.0,0.44,0.45,0.5,134149,656,0.1997,-0.2314,0.0925,-0.445,0.0503
2026-09-14 15:13:26,706.39,2026-09-14,705.0,0.72,0.73,0.73,181514,2297,0.1993,-0.3333,0.11063,-0.725,0.06
2026-09-14 15:13:26,706.39,2026-09-14,706.0,1.02,1.04,1.1,127905,542,0.1858,-0.4464,0.12897,-1.03,0.0652
2026-09-14 15:13:26,706.39,2026-09-14,707.0,1.55,1.56,1.55,86227,603,0.1877,-0.5751,0.12656,-0.945,0.0646
2026-09-14 15:13:26,706.39,2026-09-14,708.0,2.16,2.22,2.19,27140,769,0.1872,-0.6962,0.11327,-0.58,0.0577
2026-09-14 15:13:26,706.39,2026-09-14,709.0,2.91,2.96,2.98,10888,918,0.186,-0.8,0.09126,-0.325,0.0462
2026-09-14 15:13:26,706.39,2026-09-14,710.0,3.64,3.88,3.88,7436,2769,0.1807,-0.8851,0.06511,-0.15,0.032
2026-09-14 15:13:26,706.39,2026-09-14,711.0,4.7,4.96,5,2416,970,0.238,-0.8777,0.05165,-0.22,0.0334
2026-09-14 15:13:26,706.39,2026-09-14,712.0,5.6,5.69,5.78,1590,567,0.193,-0.9597,0.02721,-0.035,0.0143
2026-09-14 15:13:26,706.39,2026-09-14,713.0,6.57,6.8,6.82,1423,122,0.2464,-0.9465,0.02678,-0.075,0.018
2026-09-14 15:13:26,706.39,2026-09-14,714.0,7.44,8.02,7.82,11135,82,0.2998,-0.9363,0.02526,-0.12,0.0206
2026-09-14 15:13:26,706.39,2026-09-14,715.0,8.52,8.83,8.77,3130,1977,0.2975,-0.9588,0.01798,-0.065,0.0146
2026-09-14 15:13:26,706.39,2026-09-14,716.0,9.54,9.75,9.69,1011,106,0.3003,-0.9726,0.01274,-0.035,0.0104
2026-09-14 15:13:26,706.39,2026-09-14,717.0,10.46,10.66,10.7,492,52,,,,,
2026-09-14 15:13:26,706.39,2026-09-14,718.0,11.72,11.89,11.84,230,237,0.4579,-0.9354,0.01671,-0.195,0.0208
2026-09-14 15:13:26,706.39,2026-09-14,719.0,12.53,12.81,11.97,178,91,0.4015,-0.9699,0.01029,-0.06,0.0112
2026-09-14 15:13:26,706.39,2026-09-14,720.0,13.62,14.12,13.83,222,963,0.5494,-0.9305,0.01474,-0.26,0.022
2026-09-14 15:13:26,706.39,2026-09-14,721.0,14.72,15.03,14.53,1389,59,0.5823,-0.9328,0.01354,-0.265,0.0215
2026-09-14 15:14:27,706.5,2026-09-14,692.0,0.01,0.05,0.02,5333,359,0.401,-0.013,0.00506,-0.03,0.0055
2026-09-14 15:14:27,706.5,2026-09-14,693.0,0.01,0.02,0.04,6227,222,0.3445,-0.008,0.00385,-0.015,0.0036
2026-09-14 15:14:27,706.5,2026-09-14,694.0,0.05,0.06,0.05,4117,339,0.3857,-0.0231,0.00861,-0.055,0.009
2026-09-14 15:14:27,706.5,2026-09-14,695.0,0.01,0.02,0.04,14911,4047,0.299,-0.0091,0.00497,-0.015,0.004
2026-09-14 15:14:27,706.5,2026-09-14,696.0,0.05,0.06,0.02,8857,534,0.3328,-0.0263,0.01113,-0.055,0.01
2026-09-14 15:14:27,706.5,2026-09-14,697.0,0.02,0.07,0.07,18822,291,0.2961,-0.0244,0.01176,-0.045,0.0094
2026-09-14 15:14:27,706.5,2026-09-14,698.0,0.03,0.08,0.08,14533,394,0.2789,-0.0307,0.01512,-0.055,0.0114
2026-09-14 15:14:27,706.5,2026-09-14,699.0,0.09,0.1,0.1,15339,434,0.2788,-0.0495,0.02227,-0.095,0.0168
2026-09-14 15:14:27,706.5,2026-09-14,700.0,0.07,0.08,0.08,63914,3971,0.2371,-0.0464,0.02489,-0.075,0.016
2026-09-14 15:14:27,706.5,2026-09-14,701.0,0.11,0.16,0.12,35924,312,0.2365,-0.0769,0.03705,-0.135,0.0238
2026-09-14 15:14:27,706.5,2026-09-14,702.0,0.21,0.22,0.22,60802,678,0.2307,-0.1157,0.05132,-0.215,0.0321
2026-09-14 15:14:27,706.5,2026-09-14,703.0,0.27,0.32,0.32,108483,965,0.2148,-0.1585,0.06837,-0.295,0.0398
2026-09-14 15:14:27,706.5,2026-09-14,704.0,0.43,0.48,0.48,135114,656,0.2073,-0.229,0.08871,-0.455,0.0499
2026-09-14 15:14:27,706.5,2026-09-14,705.0,0.66,0.71,0.71,183029,2297,0.1992,-0.3204,0.10907,-0.685,0.0589
2026-09-14 15:14:27,706.5,2026-09-14,706.0,1.05,1.06,1.06,128491,542,0.1978,-0.4355,0.12086,-1.055,0.0648
2026-09-14 15:14:27,706.5,2026-09-14,707.0,1.49,1.5,1.5,86502,603,0.1889,-0.5602,0.12681,-1.0,0.0649
2026-09-14 15:14:27,706.5,2026-09-14,708.0,2.11,2.12,2.05,27241,769,0.1882,-0.6824,0.11502,-0.62,0.0587
2026-09-14 15:14:27,706.5,2026-09-14,709.0,2.83,2.9,2.82,10899,918,0.1907,-0.7839,0.0933,-0.37,0.0483
2026-09-14 15:14:27,706.5,2026-09-14,710.0,3.54,3.81,3.81,7498,2769,0.1858,-0.8712,0.06871,-0.18,0.0346
2026-09-14 15:14:27,706.5,2026-09-14,711.0,4.44,4.8,5,2416,970,0.203,-0.9087,0.04908,-0.125,0.027
2026-09-14 15:14:27,706.5,2026-09-14,712.0,5.52,5.77,5.79,1593,567,0.2457,-0.9108,0.03986,-0.15,0.0266
2026-09-14 15:14:27,706.5,2026-09-14,713.0,6.52,6.69,6.82,1423,122,0.2611,-0.9328,0.03027,-0.11,0.0214
2026-09-14 15:14:27,706.5,2026-09-14,714.0,7.42,7.61,7.76,11135,82,0.2311,-0.9745,0.0156,-0.02,0.0098
2026-09-14 15:14:27,706.5,2026-09-14,715.0,8.27,8.85,8.66,3140,1977,0.2948,-0.9584,0.01831,-0.065,0.0146
2026-09-14 15:14:27,706.5,2026-09-14,716.0,9.25,9.56,9.69,1011,106,,,,,
2026-09-14 15:14:27,706.5,2026-09-14,717.0,10.16,10.75,10.79,494,52,,,,,
2026-09-14 15:14:27,706.5,2026-09-14,718.0,11.32,11.7,11.84,230,237,0.3242,-0.9834,0.00775,-0.015,0.0068
2026-09-14 15:14:27,706.5,2026-09-14,719.0,12.54,12.57,11.97,178,91,0.3991,-0.9698,0.01042,-0.06,0.0113
2026-09-14 15:14:27,706.5,2026-09-14,720.0,13.58,13.96,13.83,222,963,0.5534,-0.9277,0.01511,-0.275,0.0227
2026-09-14 15:14:27,706.5,2026-09-14,721.0,14.55,14.56,14.53,1389,59,0.4511,-0.9728,0.00844,-0.06,0.0103
2026-09-14 15:15:27,706.33,2026-09-14,692.0,0.04,0.05,0.02,5333,359,0.421,-0.0179,0.00637,-0.045,0.0072
2026-09-14 15:15:27,706.33,2026-09-14,693.0,0.01,0.05,0.04,6258,222,0.3732,-0.0139,0.00578,-0.03,0.0058
2026-09-14 15:15:27,706.33,2026-09-14,694.0,0.01,0.06,0.05,4118,339,0.3564,-0.0166,0.00705,-0.035,0.0068
2026-09-14 15:15:27,706.33,2026-09-14,695.0,0.05,0.06,0.04,14962,4047,0.3553,-0.0249,0.00997,-0.055,0.0096
2026-09-14 15:15:27,706.33,2026-09-14,696.0,0.01,0.06,0.02,8858,534,0.3061,-0.019,0.00922,-0.035,0.0076
2026-09-14 15:15:27,706.33,2026-09-14,697.0,0.06,0.07,0.07,19031,291,0.3106,-0.0324,0.01422,-0.065,0.0119
2026-09-14 15:15:27,706.33,2026-09-14,698.0,0.07,0.08,0.08,14640,394,0.2903,-0.039,0.0177,-0.075,0.0139
2026-09-14 15:15:27,706.33,2026-09-14,699.0,0.09,0.1,0.06,15432,434,0.274,-0.0503,0.02301,-0.095,0.017
2026-09-14 15:15:27,706.33,2026-09-14,700.0,0.08,0.09,0.09,64685,3971,0.2382,-0.0516,0.027,-0.085,0.0174
2026-09-14 15:15:27,706.33,2026-09-14,701.0,0.17,0.18,0.18,36332,312,0.2466,-0.0924,0.04087,-0.175,0.0272
2026-09-14 15:15:27,706.33,2026-09-14,702.0,0.24,0.25,0.21,61353,678,0.2335,-0.1277,0.05444,-0.245,0.0343
2026-09-14 15:15:27,706.33,2026-09-14,703.0,0.3,0.31,0.36,109360,965,0.2104,-0.1658,0.072,-0.305,0.0409
2026-09-14 15:15:27,706.33,2026-09-14,704.0,0.48,0.49,0.49,136610,656,0.2052,-0.2427,0.09272,-0.485,0.0514
2026-09-14 15:15:27,706.33,2026-09-14,705.0,0.77,0.78,0.78,184570,2297,0.2046,-0.344,0.10944,-0.775,0.0605
2026-09-14 15:15:27,706.33,2026-09-14,706.0,1.13,1.14,1.14,129542,542,0.1981,-0.4573,0.12183,-1.135,0.0652
2026-09-14 15:15:27,706.33,2026-09-14,707.0,1.55,1.61,1.64,86805,603,0.1864,-0.5842,0.12732,-0.905,0.0641
2026-09-14 15:15:27,706.33,2026-09-14,708.0,2.26,2.29,2.33,27372,769,0.1947,-0.6969,0.10916,-0.6,0.0574
2026-09-14 15:15:27,706.33,2026-09-14,709.0,3.02,3.08,3.08,10925,918,0.2002,-0.7894,0.08776,-0.375,0.0474
2026-09-14 15:15:27,706.33,2026-09-14,710.0,3.84,4.059,4.05,7591,2769,0.2186,-0.8446,0.06647,-0.2745,0.0392
2026-09-14 15:15:27,706.33,2026-09-14,711.0,4.88,4.93,5,2416,970,0.2442,-0.8758,0.05107,-0.23,0.0337
2026-09-14 15:15:27,706.33,2026-09-14,712.0,5.78,5.96,5.97,1646,567,0.2685,-0.8987,0.04015,-0.195,0.0291
2026-09-14 15:15:27,706.33,2026-09-14,713.0,6.7,7.05,6.82,1423,122,0.3042,-0.9069,0.0333,-0.2,0.0274
2026-09-14 15:15:27,706.33,2026-09-14,714.0,7.61,8.01,8.06,11139,82,0.3099,-0.9321,0.02574,-0.135,0.0215
2026-09-14 15:15:27,706.33,2026-09-14,715.0,8.76,8.97,9.08,3143,1977,0.3657,-0.9233,0.02396,-0.19,0.0237
2026-09-14 15:15:27,706.33,2026-09-14,716.0,9.61,10.05,9.69,1013,106,0.381,-0.9367,0.01984,-0.155,0.0204
2026-09-14 15:15:27,706.33,2026-09-14,717.0,10.45,11.08,10.95,496,52,0.3734,-0.9572,0.01482,-0.09,0.015
2026-09-14 15:15:27,706.33,2026-09-14,718.0,11.81,12.08,11.84,233,237,0.4949,-0.9216,0.018,-0.27,0.0241
2026-09-14 15:15:27,706.33,2026-09-14,719.0,12.53,13.03,11.97,178,91,0.4395,-0.9583,0.01233,-0.105,0.0146
2026-09-14 15:15:27,706.33,2026-09-14,720.0,13.71,13.88,14.08,226,963,0.4776,-0.9571,0.01162,-0.12,0.015
2026-09-14 15:15:27,706.33,2026-09-14,721.0,14.68,14.89,14.53,1389,59,0.4983,-0.9613,0.01025,-0.11,0.0138
2026-09-14 15:16:27,706.41,2026-09-14,692.0,0.04,0.05,0.02,5341,359,0.4238,-0.0178,0.00631,-0.045,0.0072
2026-09-14 15:16:27,706.41,2026-09-14,693.0,0.04,0.05,0.02,6328,222,0.3984,-0.0188,0.00704,-0.045,0.0075
2026-09-14 15:16:27,706.41,2026-09-14,694.0,0.01,0.05,0.04,4148,339,0.3514,-0.0147,0.00645,-0.03,0.0061
2026-09-14 15:16:27,706.41,2026-09-14,695.0,0.05,0.06,0.05,15021,4047,0.3582,-0.0247,0.00986,-0.055,0.0095
2026-09-14 15:16:27,706.41,2026-09-14,696.0,0.01,0.02,0.05,8861,534,0.2748,-0.0098,0.00582,-0.015,0.0043
2026-09-14 15:16:27,706.41,2026-09-14,697.0,0.06,0.07,0.06,19031,291,0.3134,-0.0322,0.01404,-0.065,0.0118
2026-09-14 15:16:27,706.41,2026-09-14,698.0,0.07,0.08,0.08,14826,394,0.2932,-0.0387,0.01745,-0.075,0.0138
2026-09-14 15:16:27,706.41,2026-09-14,699.0,0.05,0.1,0.06,15442,434,0.2644,-0.0424,0.02081,-0.075,0.0148
2026-09-14 15:16:27,706.41,2026-09-14,700.0,0.12,0.13,0.13,64936,3971,0.262,-0.0662,0.02992,-0.125,0.0211
2026-09-14 15:16:27,706.41,2026-09-14,701.0,0.12,0.17,0.17,36651,312,0.2383,-0.0814,0.03851,-0.145,0.0247
2026-09-14 15:16:27,706.41,2026-09-14,702.0,0.22,0.23,0.23,61479,678,0.2311,-0.1203,0.05284,-0.225,0.0329
2026-09-14 15:16:27,706.41,2026-09-14,703.0,0.31,0.32,0.33,109785,965,0.2167,-0.1664,0.0702,-0.315,0.0409
2026-09-14 15:16:27,706.41,2026-09-14,704.0,0.46,0.47,0.47,137763,656,0.2057,-0.2349,0.09106,-0.465,0.0504
2026-09-14 15:16:27,706.41,2026-09-14,705.0,0.64,0.69,0.69,186377,2297,0.1913,-0.3238,0.11449,-0.665,0.059
2026-09-14 15:16:27,706.41,2026-09-14,706.0,1.02,1.03,1.03,130646,542,0.1874,-0.444,0.12845,-1.025,0.0648
2026-09-14 15:16:27,706.41,2026-09-14,707.0,1.49,1.51,1.51,87502,603,0.1819,-0.5753,0.13126,-0.91,0.0643
2026-09-14 15:16:27,706.41,2026-09-14,708.0,2.06,2.11,2.11,27519,769,0.1721,-0.7104,0.12113,-0.495,0.0561
2026-09-14 15:16:27,706.41,2026-09-14,709.0,2.85,2.9,2.87,10933,918,0.1772,-0.811,0.09304,-0.285,0.0444
2026-09-14 15:16:27,706.41,2026-09-14,710.0,3.64,3.87,3.93,7616,2769,0.1855,-0.8788,0.06618,-0.165,0.033
2026-09-14 15:16:27,706.41,2026-09-14,711.0,4.53,4.91,5,2416,970,0.2088,-0.908,0.04819,-0.13,0.0271
2026-09-14 15:16:27,706.41,2026-09-14,712.0,5.54,5.95,5.82,1646,567,0.2516,-0.9101,0.03928,-0.155,0.0266
2026-09-14 15:16:27,706.41,2026-09-14,713.0,6.41,6.92,6.82,1423,122,0.2471,-0.9464,0.02687,-0.075,0.0179
2026-09-14 15:16:27,706.41,2026-09-14,714.0,7.58,7.69,7.84,11139,82,0.2562,-0.9632,0.01916,-0.045,0.0132
2026-09-14 15:16:27,706.41,2026-09-14,715.0,8.44,8.88,8.98,3144,1977,0.3018,-0.957,0.01844,-0.07,0.015
2026-09-14 15:16:27,706.41,2026-09-14,716.0,9.41,9.7,9.99,1013,106,,,,,
2026-09-14 15:16:27,706.41,2026-09-14,717.0,10.49,10.62,10.72,497,52,,,,,
2026-09-14 15:16:27,706.41,2026-09-14,718.0,11.26,11.85,11.7,233,237,,,,,
2026-09-14 15:16:27,706.41,2026-09-14,719.0,12.41,12.86,11.97,178,91,0.3887,-0.9744,0.00935,-0.045,0.0098
2026-09-14 15:16:27,706.41,2026-09-14,720.0,13.71,14.08,13.84,226,963,0.5714,-0.9233,0.01536,-0.305,0.0236
2026-09-14 15:16:27,706.41,2026-09-14,721.0,14.34,14.55,14.53,1389,59,,,,,
2026-09-14 15:17:29,706.99,2026-09-14,692.0,0.01,0.05,0.02,5341,359,0.4146,-0.0127,0.00481,-0.03,0.0054
2026-09-14 15:17:29,706.99,2026-09-14,693.0,0.01,0.02,0.03,6348,222,0.3572,-0.0077,0.00364,-0.015,0.0035
2026-09-14 15:17:29,706.99,2026-09-14,694.0,0.04,0.05,0.04,4188,339,0.388,-0.0193,0.00739,-0.045,0.0077
2026-09-14 15:17:29,706.99,2026-09-14,695.0,0.05,0.06,0.05,15027,4047,0.3739,-0.0238,0.00916,-0.055,0.0092
2026-09-14 15:17:29,706.99,2026-09-14,696.0,0.01,0.06,0.05,8864,534,0.3238,-0.0181,0.00839,-0.035,0.0073
2026-09-14 15:17:29,706.99,2026-09-14,697.0,0.06,0.07,0.06,19031,291,0.3297,-0.0309,0.01288,-0.065,0.0114
2026-09-14 15:17:29,706.99,2026-09-14,698.0,0.03,0.08,0.08,14830,394,0.2934,-0.0295,0.01396,-0.055,0.011
2026-09-14 15:17:29,706.99,2026-09-14,699.0,0.08,0.09,0.05,15494,434,0.2882,-0.0438,0.01965,-0.085,0.0152
2026-09-14 15:17:29,706.99,2026-09-14,700.0,0.1,0.11,0.11,65085,3971,0.2703,-0.0556,0.02534,-0.105,0.0184
2026-09-14 15:17:29,706.99,2026-09-14,701.0,0.13,0.14,0.14,36795,312,0.2534,-0.0728,0.03332,-0.135,0.0227
2026-09-14 15:17:29,706.99,2026-09-14,702.0,0.19,0.2,0.2,61605,678,0.2426,-0.1027,0.04501,-0.195,0.0293
2026-09-14 15:17:29,706.99,2026-09-14,703.0,0.26,0.27,0.27,110385,965,0.227,-0.1396,0.05969,-0.265,0.0364
2026-09-14 15:17:29,706.99,2026-09-14,704.0,0.38,0.39,0.39,138504,656,0.2154,-0.196,0.07835,-0.385,0.0453
2026-09-14 15:17:29,706.99,2026-09-14,705.0,0.52,0.57,0.58,187575,2297,0.2008,-0.27,0.10046,-0.545,0.0542
2026-09-14 15:17:29,706.99,2026-09-14,706.0,0.8,0.81,0.85,131656,542,0.1904,-0.3726,0.12128,-0.805,0.062
2026-09-14 15:17:29,706.99,2026-09-14,707.0,1.23,1.24,1.26,88048,603,0.1894,-0.4983,0.12854,-1.225,0.0654
2026-09-14 15:17:29,706.99,2026-09-14,708.0,1.73,1.74,1.81,27638,769,0.1791,-0.6316,0.12845,-0.725,0.0618
2026-09-14 15:17:29,706.99,2026-09-14,709.0,2.37,2.47,2.44,11078,918,0.1773,-0.7527,0.10872,-0.41,0.0518
2026-09-14 15:17:29,706.99,2026-09-14,710.0,3.15,3.36,3.58,7627,2769,0.1852,-0.8369,0.08115,-0.245,0.0404
2026-09-14 15:17:29,706.99,2026-09-14,711.0,4.059,4.26,4.54,2418,970,0.1958,-0.8923,0.05773,-0.1495,0.0304
2026-09-14 15:17:29,706.99,2026-09-14,712.0,5.01,5.09,5.82,1646,567,0.1803,-0.9537,0.03283,-0.04,0.0159
2026-09-14 15:17:29,706.99,2026-09-14,713.0,5.96,6.23,6.65,1427,122,0.2352,-0.9389,0.03134,-0.085,0.0198
2026-09-14 15:17:29,706.99,2026-09-14,714.0,6.97,7.29,7.84,11139,82,0.283,-0.9328,0.02805,-0.12,0.0213
2026-09-14 15:17:29,706.99,2026-09-14,715.0,7.92,8.39,8.39,3148,1977,0.3258,-0.9312,0.02481,-0.145,0.0217
2026-09-14 15:17:29,706.99,2026-09-14,716.0,9.11,9.27,9.99,1013,106,0.373,-0.9275,0.02256,-0.18,0.0226
2026-09-14 15:17:29,706.99,2026-09-14,717.0,10.02,10.42,10.72,498,52,0.4177,-0.9257,0.02053,-0.21,0.023
2026-09-14 15:17:29,706.99,2026-09-14,718.0,10.92,11.17,11.7,233,237,0.3381,-0.9753,0.01045,-0.035,0.0095
2026-09-14 15:17:29,706.99,2026-09-14,719.0,12.02,12.18,11.97,178,91,0.4116,-0.9606,0.01261,-0.09,0.0139
2026-09-14 15:17:29,706.99,2026-09-14,720.0,12.79,13.59,13.84,226,963,0.4952,-0.943,0.0141,-0.18,0.0188
2026-09-14 15:17:29,706.99,2026-09-14,721.0,14.08,14.18,14.53,1389,59,0.4881,-0.9578,0.01124,-0.12,0.0147
2026-09-14 15:18:29,706.96,2026-09-14,692.0,0.04,0.05,0.02,5341,359,0.4388,-0.0173,0.00597,-0.045,0.007
2026-09-14 15:18:29,706.96,2026-09-14,693.0,0.01,0.02,0.04,6350,222,0.357,-0.0078,0.00365,-0.015,0.0035
2026-09-14 15:18:29,706.96,2026-09-14,694.0,0.04,0.05,0.02,4188,339,0.3878,-0.0193,0.00742,-0.045,0.0077
2026-09-14 15:18:29,706.96,2026-09-14,695.0,0.05,0.06,0.05,15088,4047,0.3736,-0.0239,0.0092,-0.055,0.0092
2026-09-14 15:18:29,706.96,2026-09-14,696.0,0.01,0.02,0.06,8865,534,0.2882,-0.0094,0.00537,-0.015,0.0041
2026-09-14 15:18:29,706.96,2026-09-14,697.0,0.06,0.07,0.06,19035,291,0.3294,-0.0309,0.01295,-0.065,0.0114
2026-09-14 15:18:29,706.96,2026-09-14,698.0,0.03,0.08,0.08,14890,394,0.293,-0.0296,0.01404,-0.055,0.011
2026-09-14 15:18:29,706.96,2026-09-14,699.0,0.08,0.09,0.09,15560,434,0.2877,-0.044,0.01977,-0.085,0.0152
2026-09-14 15:18:29,706.96,2026-09-14,700.0,0.1,0.11,0.07,65215,3971,0.2697,-0.0558,0.02551,-0.105,0.0184
2026-09-14 15:18:29,706.96,2026-09-14,701.0,0.13,0.14,0.14,36949,312,0.2527,-0.0731,0.03356,-0.135,0.0227
2026-09-14 15:18:29,706.96,2026-09-14,702.0,0.19,0.2,0.2,61805,678,0.2418,-0.1032,0.04538,-0.195,0.0294
2026-09-14 15:18:29,706.96,2026-09-14,703.0,0.26,0.27,0.27,110715,965,0.2261,-0.1402,0.06024,-0.265,0.0365
2026-09-14 15:18:29,706.96,2026-09-14,704.0,0.35,0.36,0.36,139133,656,0.2075,-0.1896,0.07982,-0.355,0.0443
2026-09-14 15:18:29,706.96,2026-09-14,705.0,0.58,0.59,0.59,188870,2297,0.2067,-0.2789,0.09934,-0.585,0.055
2026-09-14 15:18:29,706.96,2026-09-14,706.0,0.82,0.83,0.83,132699,542,0.1918,-0.3775,0.12109,-0.825,0.0622
2026-09-14 15:18:29,706.96,2026-09-14,707.0,1.22,1.23,1.26,88426,603,0.1855,-0.5029,0.13147,-1.18,0.0653
2026-09-14 15:18:29,706.96,2026-09-14,708.0,1.82,1.84,1.82,27721,769,0.1912,-0.6279,0.12092,-0.785,0.0619
2026-09-14 15:18:29,706.96,2026-09-14,709.0,2.51,2.57,2.42,11093,918,0.1955,-0.7361,0.10222,-0.495,0.0535
2026-09-14 15:18:29,706.96,2026-09-14,710.0,3.25,3.36,3.41,7641,2769,0.1907,-0.8331,0.08016,-0.26,0.0409
2026-09-14 15:18:29,706.96,2026-09-14,711.0,4.19,4.26,4.49,2419,970,0.2071,-0.8816,0.05847,-0.18,0.0324
2026-09-14 15:18:29,706.96,2026-09-14,712.0,5.1,5.25,5.37,1647,567,0.2246,-0.9133,0.043,-0.13,0.0258
2026-09-14 15:18:29,706.96,2026-09-14,713.0,5.89,6.42,6.35,1429,122,0.2486,-0.9296,0.03314,-0.11,0.0221
2026-09-14 15:18:29,706.96,2026-09-14,714.0,6.88,7.43,7.84,11140,82,0.2798,-0.9363,0.02726,-0.11,0.0204
2026-09-14 15:18:29,706.96,2026-09-14,715.0,8.029,8.33,8.29,3149,1977,0.3225,-0.9344,0.02421,-0.1345,0.0209
2026-09-14 15:18:29,706.96,2026-09-14,716.0,8.83,9.11,9.11,1014,106,,,,,
2026-09-14 15:18:29,706.96,2026-09-14,717.0,9.91,10.17,10.17,503,52,0.254,-0.9917,0.00548,0.005,0.0037
2026-09-14 15:18:29,706.96,2026-09-14,718.0,10.77,11.37,11.7,233,237,0.3283,-0.979,0.00939,-0.025,0.0083
2026-09-14 15:18:29,706.96,2026-09-14,719.0,11.94,12.19,11.97,178,91,0.3465,-0.9821,0.00776,-0.02,0.0072
2026-09-14 15:18:29,706.96,2026-09-14,720.0,12.74,13.41,13.84,226,963,0.3842,-0.9798,0.00777,-0.03,0.008
2026-09-14 15:18:29,706.96,2026-09-14,721.0,14.13,14.56,14.53,1389,59,0.5852,-0.9256,0.01469,-0.3,0.023
2026-09-14 15:19:30,706.96,2026-09-14,692.0,0.01,0.05,0.02,5341,359,0.4154,-0.0127,0.00483,-0.03,0.0053
2026-09-14 15:19:30,706.96,2026-09-14,693.0,0.04,0.05,0.04,6365,222,0.4143,-0.0183,0.00662,-0.045,0.0073
2026-09-14 15:19:30,706.96,2026-09-14,694.0,0.04,0.05,0.02,4188,339,0.3887,-0.0193,0.00741,-0.045,0.0077
2026-09-14 15:19:30,706.96,2026-09-14,695.0,0.05,0.06,0.05,15088,4047,0.3744,-0.0239,0.0092,-0.055,0.0092
2026-09-14 15:19:30,706.96,2026-09-14,696.0,0.01,0.02,0.06,8880,534,0.2888,-0.0094,0.00536,-0.015,0.0041
2026-09-14 15:19:30,706.96,2026-09-14,697.0,0.02,0.03,0.06,19041,291,0.2844,-0.0151,0.00822,-0.025,0.0062
2026-09-14 15:19:30,706.96,2026-09-14,698.0,0.07,0.08,0.08,14950,394,0.3102,-0.037,0.01596,-0.075,0.0132
2026-09-14 15:19:30,706.96,2026-09-14,699.0,0.04,0.05,0.05,15644,434,0.2572,-0.0279,0.01525,-0.045,0.0105
2026-09-14 15:19:30,706.96,2026-09-14,700.0,0.1,0.11,0.11,65466,3971,0.2703,-0.0558,0.02548,-0.105,0.0184
2026-09-14 15:19:30,706.96,2026-09-14,701.0,0.13,0.14,0.14,37010,312,0.2533,-0.073,0.03353,-0.135,0.0227
2026-09-14 15:19:30,706.96,2026-09-14,702.0,0.18,0.19,0.15,61892,678,0.239,-0.0999,0.04493,-0.185,0.0286
2026-09-14 15:19:30,706.96,2026-09-14,703.0,0.22,0.23,0.27,111097,965,0.2153,-0.1279,0.05948,-0.225,0.0342
2026-09-14 15:19:30,706.96,2026-09-14,704.0,0.37,0.38,0.35,139663,656,0.2126,-0.1945,0.07928,-0.375,0.045
2026-09-14 15:19:30,706.96,2026-09-14,705.0,0.52,0.53,0.57,190796,2297,0.1963,-0.2678,0.10271,-0.525,0.0538
2026-09-14 15:19:30,706.96,2026-09-14,706.0,0.83,0.84,0.81,133713,542,0.1941,-0.3781,0.11995,-0.835,0.0621
2026-09-14 15:19:30,706.96,2026-09-14,707.0,1.19,1.2,1.22,88694,603,0.1816,-0.5024,0.13453,-1.155,0.0652
2026-09-14 15:19:30,706.96,2026-09-14,708.0,1.78,1.79,1.77,27886,769,0.1847,-0.6319,0.12493,-0.745,0.0616
2026-09-14 15:19:30,706.96,2026-09-14,709.0,2.46,2.5,2.53,11147,918,0.1851,-0.7474,0.10568,-0.44,0.0522
2026-09-14 15:19:30,706.96,2026-09-14,710.0,3.26,3.3,3.29,7684,2769,0.1858,-0.8394,0.08036,-0.24,0.0398
2026-09-14 15:19:30,706.96,2026-09-14,711.0,4.15,4.26,4.35,2445,970,0.2026,-0.8869,0.05796,-0.165,0.0313
2026-09-14 15:19:30,706.96,2026-09-14,712.0,5.09,5.44,5.37,1657,567,0.2575,-0.8825,0.04687,-0.225,0.0322
2026-09-14 15:19:30,706.96,2026-09-14,713.0,6.04,6.26,6.35,1430,122,0.2489,-0.9296,0.03317,-0.11,0.022
2026-09-14 15:19:30,706.96,2026-09-14,714.0,7.02,7.33,7.34,11140,82,0.2918,-0.9283,0.0287,-0.135,0.0223
2026-09-14 15:19:30,706.96,2026-09-14,715.0,8.06,8.15,8.27,3150,1977,0.2841,-0.9569,0.01972,-0.065,0.0149
2026-09-14 15:19:30,706.96,2026-09-14,716.0,8.92,9.31,9.11,1014,106,0.3192,-0.9569,0.01755,-0.075,0.0149
2026-09-14 15:19:30,706.96,2026-09-14,717.0,9.94,10.25,10.18,503,52,0.3322,-0.9664,0.01376,-0.055,0.0122
2026-09-14 15:19:30,706.96,2026-09-14,718.0,10.81,11.35,11.7,233,237,0.3451,-0.9736,0.01085,-0.04,0.01
2026-09-14 15:19:30,706.96,2026-09-14,719.0,11.89,12.49,11.97,178,91,0.4517,-0.9464,0.01478,-0.15,0.0178
2026-09-14 15:19:30,706.96,2026-09-14,720.0,12.82,13.39,13.84,227,963,0.4211,-0.9694,0.01006,-0.065,0.0113
2026-09-14 15:19:30,706.96,2026-09-14,721.0,14.16,14.27,14.53,1389,59,0.5247,-0.9468,0.01265,-0.175,0.0177
2026-09-14 15:20:30,706.95,2026-09-14,692.0,0.04,0.05,0.04,5342,359,0.4402,-0.0173,0.00597,-0.045,0.007
2026-09-14 15:20:30,706.95,2026-09-14,693.0,0.04,0.05,0.04,6369,222,0.4147,-0.0183,0.00663,-0.045,0.0073
2026-09-14 15:20:30,706.95,2026-09-14,694.0,0.04,0.05,0.02,4191,339,0.389,-0.0193,0.00742,-0.045,0.0077
2026-09-14 15:20:30,706.95,2026-09-14,695.0,0.05,0.06,0.05,15151,4047,0.3747,-0.0239,0.00921,-0.055,0.0092
2026-09-14 15:20:30,706.95,2026-09-14,696.0,0.05,0.06,0.05,8955,534,0.348,-0.0255,0.01048,-0.055,0.0097
2026-09-14 15:20:30,706.95,2026-09-14,697.0,0.02,0.03,0.06,19100,291,0.2845,-0.0151,0.00824,-0.025,0.0062
2026-09-14 15:20:30,706.95,2026-09-14,698.0,0.03,0.08,0.08,15125,394,0.2938,-0.0296,0.01406,-0.055,0.011
2026-09-14 15:20:30,706.95,2026-09-14,699.0,0.04,0.09,0.09,15745,434,0.2743,-0.0364,0.01786,-0.065,0.013
2026-09-14 15:20:30,706.95,2026-09-14,700.0,0.1,0.11,0.11,65702,3971,0.2703,-0.0559,0.02555,-0.105,0.0184
2026-09-14 15:20:30,706.95,2026-09-14,701.0,0.13,0.14,0.14,37310,312,0.2533,-0.0732,0.03364,-0.135,0.0226
2026-09-14 15:20:30,706.95,2026-09-14,702.0,0.18,0.19,0.15,62387,678,0.2389,-0.1001,0.04509,-0.185,0.0286
2026-09-14 15:20:30,706.95,2026-09-14,703.0,0.22,0.27,0.23,111996,965,0.2209,-0.1345,0.06012,-0.245,0.0353
2026-09-14 15:20:30,706.95,2026-09-14,704.0,0.33,0.34,0.39,141340,656,0.2033,-0.1847,0.08045,-0.335,0.0435
2026-09-14 15:20:30,706.95,2026-09-14,705.0,0.56,0.57,0.57,192515,2297,0.2033,-0.276,0.10085,-0.565,0.0545
2026-09-14 15:20:30,706.95,2026-09-14,706.0,0.83,0.84,0.84,135269,542,0.1935,-0.3794,0.12065,-0.835,0.062
2026-09-14 15:20:30,706.95,2026-09-14,707.0,1.22,1.23,1.27,89074,603,0.1854,-0.5043,0.13202,-1.17,0.065
2026-09-14 15:20:30,706.95,2026-09-14,708.0,1.77,1.78,1.8,27997,769,0.1819,-0.6361,0.12664,-0.72,0.0612
2026-09-14 15:20:30,706.95,2026-09-14,709.0,2.43,2.44,2.49,11187,918,0.1745,-0.7623,0.10872,-0.38,0.0504
2026-09-14 15:20:30,706.95,2026-09-14,710.0,3.23,3.3,3.34,7865,2769,0.1791,-0.8501,0.07985,-0.21,0.038
2026-09-14 15:20:30,706.95,2026-09-14,711.0,3.96,4.35,4.22,2509,970,0.1806,-0.914,0.05333,-0.1,0.0256
2026-09-14 15:20:30,706.95,2026-09-14,712.0,4.91,5.29,5.36,1703,567,0.1856,-0.9513,0.0334,-0.045,0.0165
2026-09-14 15:20:30,706.95,2026-09-14,713.0,5.95,6.21,6.12,1441,122,0.1996,-0.9675,0.02232,-0.025,0.0118
2026-09-14 15:20:30,706.95,2026-09-14,714.0,6.96,7.26,7.34,11143,82,0.2498,-0.957,0.02244,-0.055,0.0149
2026-09-14 15:20:30,706.95,2026-09-14,715.0,7.72,8.189,8.27,3191,1977,,,,,
2026-09-14 15:20:30,706.95,2026-09-14,716.0,8.74,9.25,9.11,1021,106,,,,,
2026-09-14 15:20:30,706.95,2026-09-14,717.0,9.84,10.31,10.18,505,52,0.2984,-0.9796,0.01011,-0.02,0.008
2026-09-14 15:20:30,706.95,2026-09-14,718.0,10.94,11.04,11.7,269,237,,,,,
2026-09-14 15:20:30,706.95,2026-09-14,719.0,11.67,12.07,11.97,178,91,,,,,
2026-09-14 15:20:30,706.95,2026-09-14,720.0,12.97,13.43,13.48,229,963,0.4794,-0.9503,0.01313,-0.145,0.0167
2026-09-14 15:20:30,706.95,2026-09-14,721.0,14.12,14.42,14.53,1406,59,0.5475,-0.9396,0.01342,-0.215,0.0195
2026-09-14 15:21:30,706.97,2026-09-14,692.0,0.04,0.05,0.02,5442,359,0.4416,-0.0173,0.00596,-0.045,0.007
2026-09-14 15:21:30,706.97,2026-09-14,693.0,0.04,0.05,0.04,6369,222,0.416,-0.0183,0.00662,-0.045,0.0073
2026-09-14 15:21:30,706.97,2026-09-14,694.0,0.01,0.05,0.04,4191,339,0.3681,-0.0142,0.00602,-0.03,0.0059
2026-09-14 15:21:30,706.97,2026-09-14,695.0,0.05,0.06,0.05,15154,4047,0.376,-0.0239,0.00918,-0.055,0.0091
2026-09-14 15:21:30,706.97,2026-09-14,696.0,0.05,0.06,0.05,8957,534,0.3493,-0.0255,0.01045,-0.055,0.0097
2026-09-14 15:21:30,706.97,2026-09-14,697.0,0.02,0.03,0.06,19103,291,0.2856,-0.0151,0.0082,-0.025,0.0062
2026-09-14 15:21:30,706.97,2026-09-14,698.0,0.07,0.08,0.07,15280,394,0.3116,-0.037,0.01594,-0.075,0.0132
2026-09-14 15:21:30,706.97,2026-09-14,699.0,0.04,0.09,0.05,15880,434,0.2755,-0.0363,0.01778,-0.065,0.013
2026-09-14 15:21:30,706.97,2026-09-14,700.0,0.1,0.11,0.11,66559,3971,0.2716,-0.0557,0.02543,-0.105,0.0183
2026-09-14 15:21:30,706.97,2026-09-14,701.0,0.13,0.14,0.14,37576,312,0.2546,-0.073,0.03346,-0.135,0.0226
2026-09-14 15:21:30,706.97,2026-09-14,702.0,0.18,0.19,0.19,63329,678,0.2402,-0.0998,0.04482,-0.185,0.0285
2026-09-14 15:21:30,706.97,2026-09-14,703.0,0.21,0.26,0.26,114197,965,0.2194,-0.1309,0.05954,-0.235,0.0346
2026-09-14 15:21:30,706.97,2026-09-14,704.0,0.33,0.38,0.33,143430,656,0.2093,-0.1892,0.07946,-0.355,0.044
2026-09-14 15:21:30,706.97,2026-09-14,705.0,0.51,0.52,0.52,196280,2297,0.1956,-0.2653,0.10295,-0.515,0.0533
2026-09-14 15:21:30,706.97,2026-09-14,706.0,0.79,0.84,0.84,136454,542,0.1921,-0.3753,0.12131,-0.815,0.0617
2026-09-14 15:21:30,706.97,2026-09-14,707.0,1.19,1.2,1.2,90230,603,0.183,-0.501,0.13396,-1.165,0.0649
2026-09-14 15:21:30,706.97,2026-09-14,708.0,1.78,1.79,1.79,28528,769,0.1864,-0.63,0.12446,-0.755,0.0614
2026-09-14 15:21:30,706.97,2026-09-14,709.0,2.38,2.51,2.45,11422,918,0.1805,-0.7526,0.10761,-0.415,0.0514
2026-09-14 15:21:30,706.97,2026-09-14,710.0,3.15,3.29,3.19,8054,2769,0.173,-0.8568,0.08026,-0.19,0.0368
2026-09-14 15:21:30,706.97,2026-09-14,711.0,4.1,4.17,4.24,2513,970,0.182,-0.9113,0.05421,-0.105,0.0261
2026-09-14 15:21:30,706.97,2026-09-14,712.0,5.03,5.27,5,1709,567,0.2213,-0.917,0.04246,-0.12,0.0249
2026-09-14 15:21:30,706.97,2026-09-14,713.0,5.77,6.26,6.02,1441,122,0.1281,-0.998,0.0031,0.015,0.0011
2026-09-14 15:21:30,706.97,2026-09-14,714.0,6.91,7.25,7,11145,82,0.2461,-0.9591,0.02193,-0.05,0.0143
2026-09-14 15:21:30,706.97,2026-09-14,715.0,7.75,8.109,8,3191,1977,,,,,
2026-09-14 15:21:30,706.97,2026-09-14,716.0,8.68,9.23,9.06,1021,106,,,,,
2026-09-14 15:21:30,706.97,2026-09-14,717.0,9.75,10.15,9.98,505,52,,,,,
2026-09-14 15:21:30,706.97,2026-09-14,718.0,10.74,11.41,10.82,273,237,0.3509,-0.9719,0.01128,-0.045,0.0105
2026-09-14 15:21:30,706.97,2026-09-14,719.0,11.89,12.01,11.97,178,91,,,,,
2026-09-14 15:21:30,706.97,2026-09-14,720.0,13.02,13.39,13.27,230,963,0.4966,-0.9441,0.01395,-0.175,0.0183
2026-09-14 15:21:30,706.97,2026-09-14,721.0,13.61,14.16,14.03,1407,59,,,,,
2026-09-14 15:22:32,707.02,2026-09-14,693.0,0.04,0.05,0.04,6380,222,0.4181,-0.0182,0.00658,-0.045,0.0073
2026-09-14 15:22:32,707.02,2026-09-14,694.0,0.01,0.05,0.04,4192,339,0.37,-0.0141,0.00599,-0.03,0.0058
2026-09-14 15:22:32,707.02,2026-09-14,695.0,0.05,0.06,0.05,15156,4047,0.378,-0.0238,0.00913,-0.055,0.0091
2026-09-14 15:22:32,707.02,2026-09-14,696.0,0.05,0.06,0.05,9078,534,0.3513,-0.0254,0.01038,-0.055,0.0096
2026-09-14 15:22:32,707.02,2026-09-14,697.0,0.06,0.07,0.03,19109,291,0.3335,-0.0308,0.01283,-0.065,0.0113
2026-09-14 15:22:32,707.02,2026-09-14,698.0,0.07,0.08,0.04,15301,394,0.3136,-0.0368,0.01581,-0.075,0.0131
2026-09-14 15:22:32,707.02,2026-09-14,699.0,0.08,0.09,0.09,16077,434,0.2917,-0.0437,0.01955,-0.085,0.015
2026-09-14 15:22:32,707.02,2026-09-14,700.0,0.1,0.11,0.11,66788,3971,0.2736,-0.0555,0.02519,-0.105,0.0182
2026-09-14 15:22:32,707.02,2026-09-14,701.0,0.13,0.14,0.14,37734,312,0.2566,-0.0726,0.03311,-0.135,0.0224
2026-09-14 15:22:32,707.02,2026-09-14,702.0,0.18,0.19,0.15,63764,678,0.2424,-0.0992,0.0443,-0.185,0.0283
2026-09-14 15:22:32,707.02,2026-09-14,703.0,0.25,0.26,0.26,114731,965,0.2274,-0.1361,0.05909,-0.255,0.0355
2026-09-14 15:22:32,707.02,2026-09-14,704.0,0.33,0.38,0.38,145048,656,0.2118,-0.1877,0.07826,-0.355,0.0437
2026-09-14 15:22:32,707.02,2026-09-14,705.0,0.56,0.57,0.57,199243,2297,0.2078,-0.2721,0.09833,-0.565,0.0539
2026-09-14 15:22:32,707.02,2026-09-14,706.0,0.84,0.86,0.86,138742,542,0.2012,-0.3747,0.11598,-0.85,0.0616
2026-09-14 15:22:32,707.02,2026-09-14,707.0,1.25,1.26,1.26,91965,603,0.1964,-0.4946,0.12501,-1.255,0.0648
2026-09-14 15:22:32,707.02,2026-09-14,708.0,1.76,1.77,1.77,29050,769,0.1886,-0.6226,0.12402,-0.785,0.0617
2026-09-14 15:22:32,707.02,2026-09-14,709.0,2.51,2.53,2.52,11558,918,0.202,-0.7242,0.10185,-0.54,0.0543
2026-09-14 15:22:32,707.02,2026-09-14,710.0,3.22,3.3,3.39,8163,2769,0.1942,-0.8252,0.08166,-0.28,0.0418
2026-09-14 15:22:32,707.02,2026-09-14,711.0,3.99,4.22,4.21,2535,970,0.188,-0.9018,0.05669,-0.125,0.0281
2026-09-14 15:22:32,707.02,2026-09-14,712.0,5.13,5.17,5,1709,567,0.2386,-0.8986,0.04575,-0.17,0.0288
2026-09-14 15:22:32,707.02,2026-09-14,713.0,5.83,6.28,6.2,1442,122,0.231,-0.943,0.03051,-0.075,0.0186
2026-09-14 15:22:32,707.02,2026-09-14,714.0,7.12,7.13,7.11,11146,82,0.2958,-0.9249,0.02949,-0.145,0.023
2026-09-14 15:22:32,707.02,2026-09-14,715.0,7.72,8.21,8.18,3193,1977,0.1653,-0.9984,0.00193,0.015,0.0008
2026-09-14 15:22:32,707.02,2026-09-14,716.0,8.73,9.18,9.06,1021,106,,,,,
2026-09-14 15:22:32,707.02,2026-09-14,717.0,9.94,10.12,10.22,507,52,0.328,-0.9681,0.01345,-0.05,0.0116
2026-09-14 15:22:32,707.02,2026-09-14,718.0,10.97,11.07,10.82,273,237,0.3453,-0.9736,0.01092,-0.04,0.01
2026-09-14 15:22:32,707.02,2026-09-14,719.0,11.8,12.04,11.97,178,91,,,,,
2026-09-14 15:22:32,707.02,2026-09-14,720.0,12.79,13.18,12.95,230,963,0.3453,-0.9889,0.00521,-0.005,0.0048
2026-09-14 15:22:32,707.02,2026-09-14,721.0,14,14.48,14.03,1407,59,0.5691,-0.9318,0.01424,-0.26,0.0214
2026-09-14 15:22:32,707.02,2026-09-14,722.0,14.94,15,15,37,12,0.3405,-0.9962,0.00203,0.01,0.0018
2026-09-14 15:23:32,706.93,2026-09-14,692.0,0.04,0.05,0.02,5442,359,0.4423,-0.0173,0.00598,-0.045,0.007
2026-09-14 15:23:32,706.93,2026-09-14,693.0,0.04,0.05,0.04,6413,222,0.4167,-0.0183,0.00664,-0.045,0.0073
2026-09-14 15:23:32,706.93,2026-09-14,694.0,0.01,0.05,0.04,4192,339,0.3686,-0.0142,0.00605,-0.03,0.0059
2026-09-14 15:23:32,706.93,2026-09-14,695.0,0.01,0.02,0.05,15176,4047,0.3137,-0.0088,0.00469,-0.015,0.0039
2026-09-14 15:23:32,706.93,2026-09-14,696.0,0.05,0.06,0.02,9082,534,0.3496,-0.0255,0.01049,-0.055,0.0096
2026-09-14 15:23:32,706.93,2026-09-14,697.0,0.02,0.07,0.05,19112,291,0.3122,-0.0236,0.01102,-0.045,0.009
2026-09-14 15:23:32,706.93,2026-09-14,698.0,0.07,0.08,0.07,15389,394,0.3118,-0.0371,0.01603,-0.075,0.0131
2026-09-14 15:23:32,706.93,2026-09-14,699.0,0.08,0.09,0.09,16116,434,0.2898,-0.0441,0.01984,-0.085,0.0151
2026-09-14 15:23:32,706.93,2026-09-14,700.0,0.1,0.11,0.07,67143,3971,0.2715,-0.0559,0.0256,-0.105,0.0183
2026-09-14 15:23:32,706.93,2026-09-14,701.0,0.13,0.14,0.14,37844,312,0.2544,-0.0732,0.03371,-0.135,0.0225
2026-09-14 15:23:32,706.93,2026-09-14,702.0,0.13,0.14,0.18,63953,678,0.2211,-0.0825,0.04244,-0.135,0.0247
2026-09-14 15:23:32,706.93,2026-09-14,703.0,0.2,0.25,0.25,115386,965,0.216,-0.1284,0.0599,-0.225,0.034
2026-09-14 15:23:32,706.93,2026-09-14,704.0,0.32,0.37,0.37,145703,656,0.2063,-0.1877,0.08052,-0.345,0.0437
2026-09-14 15:23:32,706.93,2026-09-14,705.0,0.53,0.54,0.54,201273,2297,0.1983,-0.271,0.10301,-0.535,0.0537
2026-09-14 15:23:32,706.93,2026-09-14,706.0,0.76,0.77,0.77,140451,542,0.1826,-0.3731,0.12791,-0.765,0.0614
2026-09-14 15:23:32,706.93,2026-09-14,707.0,1.2,1.21,1.24,93329,603,0.1825,-0.5058,0.13483,-1.14,0.0647
2026-09-14 15:23:32,706.93,2026-09-14,708.0,1.76,1.77,1.77,29424,769,0.1802,-0.6394,0.12815,-0.7,0.0607
2026-09-14 15:23:32,706.93,2026-09-14,709.0,2.43,2.44,2.52,11701,918,0.1739,-0.7654,0.10891,-0.37,0.0498
2026-09-14 15:23:32,706.93,2026-09-14,710.0,3.18,3.36,3.44,8253,2769,0.1791,-0.8522,0.07952,-0.205,0.0374
2026-09-14 15:23:32,706.93,2026-09-14,711.0,4.14,4.34,4.35,2560,970,0.2081,-0.8838,0.05795,-0.175,0.0317
2026-09-14 15:23:32,706.93,2026-09-14,712.0,5.11,5.42,5.46,1718,567,0.2522,-0.8902,0.04593,-0.2,0.0304
2026-09-14 15:23:32,706.93,2026-09-14,713.0,6.15,6.33,6.3,1444,122,0.2782,-0.9086,0.03642,-0.175,0.0266
2026-09-14 15:23:32,706.93,2026-09-14,714.0,7.07,7.44,7.11,11147,82,0.3176,-0.9128,0.03079,-0.19,0.0257
2026-09-14 15:23:32,706.93,2026-09-14,715.0,8.07,8.39,8.38,3194,1977,0.34,-0.9262,0.02537,-0.165,0.0227
2026-09-14 15:23:32,706.93,2026-09-14,716.0,9.11,9.3,9.06,1021,106,0.3597,-0.938,0.02097,-0.14,0.0198
2026-09-14 15:23:32,706.93,2026-09-14,717.0,10.1,10.26,10.11,507,52,0.3763,-0.9486,0.01729,-0.115,0.0171
2026-09-14 15:23:32,706.93,2026-09-14,718.0,11.12,11.19,10.82,273,237,0.3893,-0.9584,0.01409,-0.09,0.0144
2026-09-14 15:23:32,706.93,2026-09-14,719.0,12,12.43,11.97,178,91,0.4557,-0.9465,0.01473,-0.15,0.0176
2026-09-14 15:23:32,706.93,2026-09-14,720.0,12.97,13.24,12.95,230,963,0.3997,-0.9767,0.00849,-0.04,0.0089
2026-09-14 15:23:32,706.93,2026-09-14,721.0,13.99,14.28,14.03,1407,59,0.4558,-0.9698,0.00927,-0.07,0.0111
2026-09-14 15:24:33,707.21,2026-09-14,693.0,0.01,0.02,0.04,6414,222,0.3666,-0.0076,0.00355,-0.015,0.0034
2026-09-14 15:24:33,707.21,2026-09-14,694.0,0.01,0.02,0.04,4230,339,0.3436,-0.0081,0.00399,-0.015,0.0036
2026-09-14 15:24:33,707.21,2026-09-14,695.0,0.01,0.06,0.05,15176,4047,0.3589,-0.0167,0.00716,-0.035,0.0067
2026-09-14 15:24:33,707.21,2026-09-14,696.0,0.05,0.06,0.02,9090,534,0.3576,-0.0251,0.01012,-0.055,0.0095
2026-09-14 15:24:33,707.21,2026-09-14,697.0,0.06,0.07,0.06,19172,291,0.3399,-0.0304,0.01249,-0.065,0.0111
2026-09-14 15:24:33,707.21,2026-09-14,698.0,0.07,0.08,0.07,15430,394,0.3201,-0.0363,0.01536,-0.075,0.0129
2026-09-14 15:24:33,707.21,2026-09-14,699.0,0.08,0.09,0.08,16283,434,0.2983,-0.043,0.01893,-0.085,0.0148
2026-09-14 15:24:33,707.21,2026-09-14,700.0,0.06,0.11,0.11,67404,3971,0.2686,-0.0471,0.02262,-0.085,0.0159
2026-09-14 15:24:33,707.21,2026-09-14,701.0,0.08,0.09,0.13,38134,312,0.2383,-0.0522,0.02768,-0.085,0.0173
2026-09-14 15:24:33,707.21,2026-09-14,702.0,0.16,0.17,0.17,64113,678,0.2426,-0.0904,0.04148,-0.165,0.0264
2026-09-14 15:24:33,707.21,2026-09-14,703.0,0.18,0.23,0.19,115736,965,0.2205,-0.1171,0.05506,-0.205,0.0318
2026-09-14 15:24:33,707.21,2026-09-14,704.0,0.32,0.33,0.33,146464,656,0.2136,-0.1743,0.07434,-0.325,0.0416
2026-09-14 15:24:33,707.21,2026-09-14,705.0,0.47,0.48,0.48,202171,2297,0.2008,-0.2457,0.09685,-0.475,0.051
2026-09-14 15:24:33,707.21,2026-09-14,706.0,0.71,0.72,0.72,142388,542,0.1909,-0.3449,0.11918,-0.715,0.0596
2026-09-14 15:24:33,707.21,2026-09-14,707.0,1.07,1.08,1.08,94052,603,0.1834,-0.4688,0.13393,-1.075,0.0644
2026-09-14 15:24:33,707.21,2026-09-14,708.0,1.53,1.6,1.6,29823,769,0.1758,-0.6063,0.13514,-0.775,0.0623
2026-09-14 15:24:33,707.21,2026-09-14,709.0,2.17,2.26,2.29,11765,918,0.1716,-0.7376,0.11732,-0.425,0.0528
2026-09-14 15:24:33,707.21,2026-09-14,710.0,2.97,3.02,3.12,8368,2769,0.1684,-0.8446,0.08755,-0.205,0.0386
2026-09-14 15:24:33,707.21,2026-09-14,711.0,3.85,3.96,4.22,2563,970,0.1784,-0.9034,0.05925,-0.115,0.0277
2026-09-14 15:24:33,707.21,2026-09-14,712.0,4.83,4.87,4.98,1723,567,0.1873,-0.9414,0.03855,-0.06,0.0189
2026-09-14 15:24:33,707.21,2026-09-14,713.0,5.77,5.95,6.3,1444,122,0.2232,-0.9439,0.03125,-0.07,0.0183
2026-09-14 15:24:33,707.21,2026-09-14,714.0,6.74,6.93,7.17,11186,82,0.2369,-0.9604,0.02229,-0.045,0.0138
2026-09-14 15:24:33,707.21,2026-09-14,715.0,7.85,7.88,8.38,3214,1977,0.2857,-0.9524,0.02145,-0.075,0.0161
2026-09-14 15:24:33,707.21,2026-09-14,716.0,8.81,8.98,9.06,1023,106,0.3331,-0.9467,0.02014,-0.105,0.0176
2026-09-14 15:24:33,707.21,2026-09-14,717.0,9.65,10.03,10.08,508,52,0.3239,-0.9677,0.0138,-0.05,0.0117
2026-09-14 15:24:33,707.21,2026-09-14,718.0,10.65,10.87,11.22,276,237,,,,,
2026-09-14 15:24:33,707.21,2026-09-14,719.0,11.69,11.99,12.27,181,91,0.3774,-0.9717,0.0106,-0.05,0.0105
2026-09-14 15:24:33,707.21,2026-09-14,720.0,12.44,13.04,12.95,230,963,,,,,
2026-09-14 15:24:33,707.21,2026-09-14,721.0,13.96,14.32,14.03,1407,59,0.6041,-0.9174,0.01557,-0.35,0.0247
2026-09-14 15:24:33,707.21,2026-09-14,722.0,14.63,15.07,15,37,12,0.466,-0.9734,0.00817,-0.06,0.01
2026-09-14 15:25:33,707.27,2026-09-14,693.0,0.01,0.02,0.03,6452,222,0.3687,-0.0076,0.00353,-0.015,0.0034
2026-09-14 15:25:33,707.27,2026-09-14,694.0,0.04,0.05,0.03,4230,339,0.4008,-0.019,0.00715,-0.045,0.0075
2026-09-14 15:25:33,707.27,2026-09-14,695.0,0.01,0.05,0.05,15176,4047,0.3532,-0.0148,0.00656,-0.03,0.0061
2026-09-14 15:25:33,707.27,2026-09-14,696.0,0.05,0.06,0.05,9090,534,0.3598,-0.025,0.01004,-0.055,0.0094
2026-09-14 15:25:33,707.27,2026-09-14,697.0,0.05,0.06,0.05,19173,291,0.3327,-0.0268,0.01151,-0.055,0.01
2026-09-14 15:25:33,707.27,2026-09-14,698.0,0.02,0.03,0.07,15434,394,0.2701,-0.016,0.00917,-0.025,0.0065
2026-09-14 15:25:33,707.27,2026-09-14,699.0,0.03,0.04,0.07,16285,434,0.2577,-0.0225,0.01285,-0.035,0.0086
2026-09-14 15:25:33,707.27,2026-09-14,700.0,0.09,0.1,0.1,67737,3971,0.277,-0.0506,0.02325,-0.095,0.0168
2026-09-14 15:25:33,707.27,2026-09-14,701.0,0.11,0.12,0.12,38190,312,0.2566,-0.0636,0.03006,-0.115,0.0201
2026-09-14 15:25:33,707.27,2026-09-14,702.0,0.11,0.12,0.16,64188,678,0.2243,-0.0713,0.03757,-0.115,0.022
2026-09-14 15:25:33,707.27,2026-09-14,703.0,0.17,0.22,0.22,116062,965,0.2199,-0.1128,0.05385,-0.195,0.0309
2026-09-14 15:25:33,707.27,2026-09-14,704.0,0.3,0.31,0.27,147200,656,0.2116,-0.1672,0.0732,-0.305,0.0405
2026-09-14 15:25:33,707.27,2026-09-14,705.0,0.42,0.43,0.43,203073,2297,0.194,-0.232,0.09729,-0.425,0.0493
2026-09-14 15:25:33,707.27,2026-09-14,706.0,0.65,0.7,0.66,144119,542,0.188,-0.3351,0.11994,-0.675,0.0589
2026-09-14 15:25:33,707.27,2026-09-14,707.0,1,1.05,1.05,94536,603,0.1803,-0.4601,0.13621,-1.025,0.0642
2026-09-14 15:25:33,707.27,2026-09-14,708.0,1.49,1.56,1.56,30134,769,0.1755,-0.5985,0.13632,-0.795,0.0625
2026-09-14 15:25:33,707.27,2026-09-14,709.0,2.12,2.21,2.19,11832,918,0.1708,-0.7318,0.11939,-0.435,0.0533
2026-09-14 15:25:33,707.27,2026-09-14,710.0,2.9,2.95,3.09,8373,2769,0.1637,-0.8466,0.08945,-0.195,0.0382
2026-09-14 15:25:33,707.27,2026-09-14,711.0,3.77,3.89,3.79,2583,970,0.1711,-0.9095,0.05897,-0.1,0.0264
2026-09-14 15:25:33,707.27,2026-09-14,712.0,4.67,4.97,4.99,1724,567,0.2002,-0.9265,0.0431,-0.09,0.0225
2026-09-14 15:25:33,707.27,2026-09-14,713.0,5.64,5.9,6.3,1444,122,0.2035,-0.958,0.02724,-0.04,0.0145
2026-09-14 15:25:33,707.27,2026-09-14,714.0,6.55,6.87,7.1,11186,82,,,,,
2026-09-14 15:25:33,707.27,2026-09-14,715.0,7.61,7.8,7.91,3239,1977,,,,,
2026-09-14 15:25:33,707.27,2026-09-14,716.0,8.51,8.73,8.87,1023,106,,,,,
2026-09-14 15:25:33,707.27,2026-09-14,717.0,9.38,9.94,10.08,508,52,,,,,
2026-09-14 15:25:33,707.27,2026-09-14,718.0,10.36,10.99,11.22,276,237,,,,,
2026-09-14 15:25:33,707.27,2026-09-14,719.0,11.53,11.97,12.1,211,91,0.3424,-0.9819,0.00802,-0.02,0.0072
2026-09-14 15:25:33,707.27,2026-09-14,720.0,12.31,12.72,12.76,231,963,,,,,
2026-09-14 15:25:33,707.27,2026-09-14,721.0,13.75,14.03,14.03,1407,59,0.5121,-0.949,0.01266,-0.16,0.0169
2026-09-14 15:25:33,707.27,2026-09-14,722.0,14.27,14.97,15,37,12,,,,,
2026-09-14 15:26:34,707.29,2026-09-14,693.0,0.04,0.05,0.04,6468,222,0.4279,-0.0179,0.00639,-0.045,0.0071
2026-09-14 15:26:34,707.29,2026-09-14,694.0,0.04,0.05,0.03,4230,339,0.402,-0.019,0.00714,-0.045,0.0075
2026-09-14 15:26:34,707.29,2026-09-14,695.0,0.01,0.05,0.02,15177,4047,0.3543,-0.0148,0.00654,-0.03,0.006
2026-09-14 15:26:34,707.29,2026-09-14,696.0,0.05,0.06,0.05,9090,534,0.361,-0.0249,0.01001,-0.055,0.0094
2026-09-14 15:26:34,707.29,2026-09-14,697.0,0.01,0.02,0.05,19248,291,0.2766,-0.0099,0.00593,-0.015,0.0043
2026-09-14 15:26:34,707.29,2026-09-14,698.0,0.06,0.07,0.06,15500,394,0.3154,-0.0325,0.0143,-0.065,0.0117
2026-09-14 15:26:34,707.29,2026-09-14,699.0,0.07,0.08,0.08,16317,434,0.2947,-0.0391,0.0178,-0.075,0.0137
2026-09-14 15:26:34,707.29,2026-09-14,700.0,0.09,0.1,0.1,67899,3971,0.2781,-0.0505,0.02317,-0.095,0.0168
2026-09-14 15:26:34,707.29,2026-09-14,701.0,0.11,0.12,0.12,38246,312,0.2577,-0.0635,0.02994,-0.115,0.0201
2026-09-14 15:26:34,707.29,2026-09-14,702.0,0.15,0.16,0.12,64355,678,0.2423,-0.0861,0.04019,-0.155,0.0253
2026-09-14 15:26:34,707.29,2026-09-14,703.0,0.17,0.18,0.22,116521,965,0.2144,-0.1055,0.05274,-0.175,0.0294
2026-09-14 15:26:34,707.29,2026-09-14,704.0,0.3,0.31,0.31,147958,656,0.2129,-0.1667,0.07276,-0.305,0.0403
2026-09-14 15:26:34,707.29,2026-09-14,705.0,0.44,0.45,0.45,203922,2297,0.1994,-0.2357,0.09569,-0.445,0.0497
2026-09-14 15:26:34,707.29,2026-09-14,706.0,0.66,0.67,0.67,146147,542,0.1878,-0.3323,0.11989,-0.665,0.0586
2026-09-14 15:26:34,707.29,2026-09-14,707.0,1,1.01,1.01,95246,603,0.179,-0.457,0.13739,-1.005,0.064
2026-09-14 15:26:34,707.29,2026-09-14,708.0,1.41,1.46,1.44,30310,769,0.1633,-0.6031,0.14632,-0.725,0.0622
2026-09-14 15:26:34,707.29,2026-09-14,709.0,2.11,2.13,2.2,11852,918,0.1654,-0.7365,0.12244,-0.41,0.0527
2026-09-14 15:26:34,707.29,2026-09-14,710.0,2.82,2.87,3.12,8388,2769,0.1466,-0.872,0.08854,-0.135,0.0338
2026-09-14 15:26:34,707.29,2026-09-14,711.0,3.67,3.9,4.04,2623,970,0.1607,-0.9221,0.05619,-0.075,0.0235
2026-09-14 15:26:34,707.29,2026-09-14,712.0,4.57,4.93,4.99,1725,567,0.1741,-0.952,0.03557,-0.04,0.0161
2026-09-14 15:26:34,707.29,2026-09-14,713.0,5.73,5.77,5.9,1446,122,0.2032,-0.958,0.02736,-0.04,0.0145
2026-09-14 15:26:34,707.29,2026-09-14,714.0,6.62,6.95,6.94,11206,82,0.2546,-0.9473,0.02618,-0.075,0.0173
2026-09-14 15:26:34,707.29,2026-09-14,715.0,7.63,7.81,7.91,3239,1977,0.229,-0.9807,0.01271,-0.01,0.0076
2026-09-14 15:26:34,707.29,2026-09-14,716.0,8.59,8.81,8.87,1023,106,0.2107,-0.9944,0.00467,0.01,0.0026
2026-09-14 15:26:34,707.29,2026-09-14,717.0,9.42,10,10.08,508,52,0.2608,-0.9889,0.00696,0.0,0.0047
2026-09-14 15:26:34,707.29,2026-09-14,718.0,10.48,11.14,11.22,276,237,0.3877,-0.9547,0.01523,-0.1,0.0154
2026-09-14 15:26:34,707.29,2026-09-14,719.0,11.49,11.94,12.1,211,91,0.3177,-0.9881,0.00606,-0.005,0.005
2026-09-14 15:26:34,707.29,2026-09-14,720.0,12.51,13.15,13.02,232,963,0.4585,-0.955,0.01281,-0.12,0.0153
2026-09-14 15:26:34,707.29,2026-09-14,721.0,13.69,13.8,14.03,1407,59,0.4121,-0.9791,0.00756,-0.035,0.0081
2026-09-14 15:26:34,707.29,2026-09-14,722.0,14.75,15.05,15,37,12,0.5594,-0.9458,0.01219,-0.19,0.0177
2026-09-14 15:27:35,707.6,2026-09-14,693.0,0.01,0.05,0.04,6468,222,0.4121,-0.0129,0.00502,-0.03,0.0054
2026-09-14 15:27:35,707.6,2026-09-14,694.0,0.01,0.05,0.03,4230,339,0.3874,-0.0137,0.0056,-0.03,0.0056
2026-09-14 15:27:35,707.6,2026-09-14,695.0,0.04,0.05,0.04,15179,4047,0.3845,-0.0198,0.00774,-0.045,0.0077
2026-09-14 15:27:35,707.6,2026-09-14,696.0,0.01,0.02,0.02,9095,534,0.3077,-0.009,0.00491,-0.015,0.0039
2026-09-14 15:27:35,707.6,2026-09-14,697.0,0.05,0.06,0.05,19271,291,0.3427,-0.0261,0.01099,-0.055,0.0098
2026-09-14 15:27:35,707.6,2026-09-14,698.0,0.06,0.07,0.03,15506,394,0.3244,-0.0318,0.01366,-0.065,0.0115
2026-09-14 15:27:35,707.6,2026-09-14,699.0,0.07,0.08,0.08,16345,434,0.3039,-0.0381,0.01693,-0.075,0.0133
2026-09-14 15:27:35,707.6,2026-09-14,700.0,0.05,0.1,0.1,68084,3971,0.2747,-0.0416,0.02011,-0.075,0.0143
2026-09-14 15:27:35,707.6,2026-09-14,701.0,0.1,0.11,0.12,38283,312,0.2626,-0.0579,0.02737,-0.105,0.0187
2026-09-14 15:27:35,707.6,2026-09-14,702.0,0.09,0.14,0.14,64461,678,0.2357,-0.0686,0.03481,-0.115,0.0213
2026-09-14 15:27:35,707.6,2026-09-14,703.0,0.14,0.19,0.19,116649,965,0.2222,-0.0976,0.04819,-0.165,0.0278
2026-09-14 15:27:35,707.6,2026-09-14,704.0,0.22,0.23,0.27,148931,656,0.2042,-0.1351,0.06603,-0.225,0.035
2026-09-14 15:27:35,707.6,2026-09-14,705.0,0.4,0.41,0.41,204739,2297,0.2057,-0.2142,0.08801,-0.405,0.047
2026-09-14 15:27:35,707.6,2026-09-14,706.0,0.61,0.62,0.61,147645,542,0.1963,-0.3042,0.11066,-0.615,0.0564
2026-09-14 15:27:35,707.6,2026-09-14,707.0,0.93,0.94,0.93,96279,603,0.1893,-0.4198,0.12817,-0.935,0.063
2026-09-14 15:27:35,707.6,2026-09-14,708.0,1.39,1.4,1.4,30706,769,0.1852,-0.5511,0.13265,-0.99,0.0637
2026-09-14 15:27:35,707.6,2026-09-14,709.0,2,2.02,2.02,11888,918,0.1848,-0.6788,0.12035,-0.605,0.0577
2026-09-14 15:27:35,707.6,2026-09-14,710.0,2.76,2.78,2.69,8418,2769,0.1897,-0.7818,0.09643,-0.365,0.0475
2026-09-14 15:27:35,707.6,2026-09-14,711.0,3.56,3.68,4.04,2623,970,0.1962,-0.8571,0.0714,-0.215,0.0364
2026-09-14 15:27:35,707.6,2026-09-14,712.0,4.41,4.62,4.88,1728,567,0.1984,-0.9141,0.04906,-0.11,0.0253
2026-09-14 15:27:35,707.6,2026-09-14,713.0,5.25,5.61,5.9,1446,122,0.1837,-0.965,0.0261,-0.025,0.0124
2026-09-14 15:27:35,707.6,2026-09-14,714.0,6.21,6.46,6.75,11206,82,,,,,
2026-09-14 15:27:35,707.6,2026-09-14,715.0,7.24,7.57,7.57,3241,1977,0.2066,-0.9863,0.01051,-0.0,0.0056
2026-09-14 15:27:35,707.6,2026-09-14,716.0,8.109,8.69,8.87,1023,106,0.2182,-0.9911,0.00685,0.0055,0.0039
2026-09-14 15:27:35,707.6,2026-09-14,717.0,9.18,9.54,10.08,508,52,,,,,
2026-09-14 15:27:35,707.6,2026-09-14,718.0,10.2,10.8,11.22,276,237,0.3761,-0.9552,0.01558,-0.095,0.0152
2026-09-14 15:27:35,707.6,2026-09-14,719.0,11.07,11.44,12.1,211,91,,,,,
2026-09-14 15:27:35,707.6,2026-09-14,720.0,12.38,12.85,13.02,232,963,0.5005,-0.9354,0.01564,-0.21,0.0203
2026-09-14 15:27:35,707.6,2026-09-14,721.0,13.07,13.36,14.03,1407,59,,,,,
2026-09-14 15:27:35,707.6,2026-09-14,722.0,14.4,14.65,15,37,12,0.5075,-0.9588,0.0108,-0.12,0.0142
2026-09-14 15:28:36,707.67,2026-09-14,693.0,0.04,0.05,0.04,6473,222,0.4392,-0.0176,0.00614,-0.045,0.007
2026-09-14 15:28:36,707.67,2026-09-14,694.0,0.01,0.02,0.04,4240,339,0.3567,-0.0079,0.00377,-0.015,0.0035
2026-09-14 15:28:36,707.67,2026-09-14,695.0,0.01,0.02,0.04,15179,4047,0.3335,-0.0084,0.00426,-0.015,0.0037
2026-09-14 15:28:36,707.67,2026-09-14,696.0,0.05,0.06,0.05,9113,534,0.3726,-0.0243,0.00953,-0.055,0.0092
2026-09-14 15:28:36,707.67,2026-09-14,697.0,0.05,0.06,0.05,19326,291,0.3454,-0.026,0.01087,-0.055,0.0097
2026-09-14 15:28:36,707.67,2026-09-14,698.0,0.02,0.07,0.03,15521,394,0.3077,-0.0241,0.01146,-0.045,0.0091
2026-09-14 15:28:36,707.67,2026-09-14,699.0,0.07,0.08,0.08,16351,434,0.3068,-0.0379,0.01671,-0.075,0.0133
2026-09-14 15:28:36,707.67,2026-09-14,700.0,0.05,0.1,0.1,68174,3971,0.2776,-0.0413,0.01982,-0.075,0.0142
2026-09-14 15:28:36,707.67,2026-09-14,701.0,0.1,0.11,0.11,38477,312,0.2656,-0.0574,0.02694,-0.105,0.0185
2026-09-14 15:28:36,707.67,2026-09-14,702.0,0.13,0.14,0.14,64479,678,0.2478,-0.0754,0.03567,-0.135,0.0229
2026-09-14 15:28:36,707.67,2026-09-14,703.0,0.18,0.19,0.19,116750,965,0.2325,-0.1036,0.04815,-0.185,0.0289
2026-09-14 15:28:36,707.67,2026-09-14,704.0,0.26,0.27,0.27,149556,656,0.2189,-0.146,0.06505,-0.265,0.0368
2026-09-14 15:28:36,707.67,2026-09-14,705.0,0.39,0.4,0.4,205720,2297,0.2075,-0.2089,0.0861,-0.395,0.0462
2026-09-14 15:28:36,707.67,2026-09-14,706.0,0.6,0.61,0.61,148872,542,0.1992,-0.2978,0.1082,-0.605,0.0557
2026-09-14 15:28:36,707.67,2026-09-14,707.0,0.88,0.89,0.89,96813,603,0.187,-0.4083,0.12917,-0.885,0.0625
2026-09-14 15:28:36,707.67,2026-09-14,708.0,1.37,1.38,1.39,30839,769,0.1892,-0.5396,0.13047,-1.05,0.0638
2026-09-14 15:28:36,707.67,2026-09-14,709.0,1.98,1.99,2.029,11908,918,0.19,-0.6649,0.11923,-0.66,0.0586
2026-09-14 15:28:36,707.67,2026-09-14,710.0,2.69,2.78,2.69,8418,2769,0.1956,-0.7675,0.0971,-0.41,0.0491
2026-09-14 15:28:36,707.67,2026-09-14,711.0,3.52,3.71,3.61,2624,970,0.2129,-0.832,0.07337,-0.29,0.0404
2026-09-14 15:28:36,707.67,2026-09-14,712.0,4.31,4.57,4.67,1733,567,0.198,-0.911,0.05057,-0.115,0.0259
2026-09-14 15:28:36,707.67,2026-09-14,713.0,5.28,5.7,5.9,1446,122,0.2512,-0.9044,0.04206,-0.165,0.0273
2026-09-14 15:28:36,707.67,2026-09-14,714.0,6.44,6.64,6.75,11206,82,0.304,-0.9,0.03591,-0.215,0.0282
2026-09-14 15:28:36,707.67,2026-09-14,715.0,7.3,7.66,7.57,3241,1977,0.3143,-0.9244,0.02818,-0.155,0.0229
2026-09-14 15:28:36,707.67,2026-09-14,716.0,8.15,8.62,8.87,1023,106,0.2929,-0.96,0.0183,-0.06,0.0139
2026-09-14 15:28:36,707.67,2026-09-14,717.0,9.15,9.7,10.08,508,52,0.3482,-0.9503,0.01834,-0.1,0.0165
2026-09-14 15:28:36,707.67,2026-09-14,718.0,10.48,10.79,11.22,276,237,0.4766,-0.9082,0.0215,-0.31,0.0265
2026-09-14 15:28:36,707.67,2026-09-14,719.0,11.16,11.79,12.1,211,91,0.437,-0.9443,0.016,-0.15,0.0181
2026-09-14 15:28:36,707.67,2026-09-14,720.0,12.47,12.77,13.02,232,963,0.5373,-0.9202,0.01718,-0.295,0.0239
2026-09-14 15:28:36,707.67,2026-09-14,721.0,13.39,13.5,14.03,1407,59,0.4776,-0.9565,0.01201,-0.12,0.0148
2026-09-14 15:28:36,707.67,2026-09-14,722.0,14.46,14.66,15,37,12,0.5734,-0.937,0.01342,-0.235,0.0199
2026-09-14 15:29:36,707.6,2026-09-14,693.0,0.01,0.02,0.04,6473,222,0.3789,-0.0075,0.0034,-0.015,0.0033
2026-09-14 15:29:36,707.6,2026-09-14,694.0,0.04,0.05,0.04,4240,339,0.4122,-0.0186,0.00689,-0.045,0.0073
2026-09-14 15:29:36,707.6,2026-09-14,695.0,0.01,0.05,0.04,15179,4047,0.3639,-0.0145,0.0063,-0.03,0.0059
2026-09-14 15:29:36,707.6,2026-09-14,696.0,0.01,0.02,0.02,9113,534,0.309,-0.009,0.0049,-0.015,0.0039
2026-09-14 15:29:36,707.6,2026-09-14,697.0,0.01,0.02,0.02,19328,291,0.2854,-0.0097,0.00566,-0.015,0.0042
2026-09-14 15:29:36,707.6,2026-09-14,698.0,0.06,0.07,0.06,15530,394,0.3258,-0.0318,0.01365,-0.065,0.0114
2026-09-14 15:29:36,707.6,2026-09-14,699.0,0.07,0.08,0.07,16356,434,0.3052,-0.0381,0.01691,-0.075,0.0133
2026-09-14 15:29:36,707.6,2026-09-14,700.0,0.04,0.09,0.09,68328,3971,0.2686,-0.0376,0.01901,-0.065,0.0132
2026-09-14 15:29:36,707.6,2026-09-14,701.0,0.06,0.11,0.11,38602,312,0.2524,-0.0501,0.0255,-0.085,0.0166
2026-09-14 15:29:36,707.6,2026-09-14,702.0,0.09,0.1,0.14,64581,678,0.2268,-0.0604,0.0329,-0.095,0.0192
2026-09-14 15:29:36,707.6,2026-09-14,703.0,0.14,0.19,0.19,117130,965,0.2232,-0.0976,0.04813,-0.165,0.0277
2026-09-14 15:29:36,707.6,2026-09-14,704.0,0.21,0.22,0.22,149971,656,0.2023,-0.1316,0.06572,-0.215,0.0342
2026-09-14 15:29:36,707.6,2026-09-14,705.0,0.34,0.35,0.35,206428,2297,0.1936,-0.1989,0.08981,-0.345,0.0448
2026-09-14 15:29:36,707.6,2026-09-14,706.0,0.58,0.59,0.59,150840,542,0.1919,-0.299,0.11271,-0.585,0.0557
2026-09-14 15:29:36,707.6,2026-09-14,707.0,0.89,0.9,0.9,97353,603,0.184,-0.4166,0.13216,-0.895,0.0626
2026-09-14 15:29:36,707.6,2026-09-14,708.0,1.29,1.35,1.34,30933,769,0.1745,-0.5538,0.14118,-0.92,0.0634
2026-09-14 15:29:36,707.6,2026-09-14,709.0,1.9,1.91,1.97,11916,918,0.1676,-0.6958,0.1301,-0.505,0.0562
2026-09-14 15:29:36,707.6,2026-09-14,710.0,2.61,2.68,2.69,8420,2769,0.1635,-0.8173,0.10092,-0.245,0.0425
2026-09-14 15:29:36,707.6,2026-09-14,711.0,3.54,3.7,3.61,2624,970,0.1981,-0.8553,0.07157,-0.22,0.0365
2026-09-14 15:29:36,707.6,2026-09-14,712.0,4.37,4.57,4.67,1733,567,0.1816,-0.9329,0.0446,-0.07,0.0209
2026-09-14 15:29:36,707.6,2026-09-14,713.0,5.33,5.68,5.9,1446,122,0.23,-0.9265,0.03775,-0.105,0.0224
2026-09-14 15:29:36,707.6,2026-09-14,714.0,6.24,6.39,6.75,11206,82,,,,,
2026-09-14 15:29:36,707.6,2026-09-14,715.0,7.46,7.64,7.57,3241,1977,0.3151,-0.9263,0.02761,-0.15,0.0224
2026-09-14 15:29:36,707.6,2026-09-14,716.0,8.25,8.33,8.87,1023,106,,,,,
2026-09-14 15:29:36,707.6,2026-09-14,717.0,9.39,9.72,10.08,508,52,0.3812,-0.9357,0.02056,-0.155,0.0202
2026-09-14 15:29:36,707.6,2026-09-14,718.0,10.38,10.53,11.22,276,237,0.3475,-0.9675,0.01305,-0.055,0.0117
2026-09-14 15:29:36,707.6,2026-09-14,719.0,11.32,11.7,12.1,211,91,0.4162,-0.9541,0.01442,-0.11,0.0155
2026-09-14 15:29:36,707.6,2026-09-14,720.0,12.42,12.65,13.02,232,963,0.4612,-0.9509,0.01374,-0.135,0.0163
2026-09-14 15:29:36,707.6,2026-09-14,721.0,13.37,13.82,14.03,1408,59,0.5253,-0.9414,0.01387,-0.195,0.0188
2026-09-14 15:29:36,707.6,2026-09-14,722.0,14.26,14.82,15,37,12,0.5227,-0.9546,0.01137,-0.14,0.0153
2026-09-14 15:30:36,707.66,2026-09-14,693.0,0.01,0.05,0.04,6473,222,0.416,-0.0129,0.00498,-0.03,0.0053
2026-09-14 15:30:36,707.66,2026-09-14,694.0,0.01,0.02,0.04,4300,339,0.3577,-0.0079,0.00378,-0.015,0.0035
2026-09-14 15:30:36,707.66,2026-09-14,695.0,0.01,0.05,0.02,15181,4047,0.3661,-0.0144,0.00625,-0.03,0.0059
2026-09-14 15:30:36,707.66,2026-09-14,696.0,0.01,0.02,0.04,9120,534,0.3109,-0.009,0.00487,-0.015,0.0039
2026-09-14 15:30:36,707.66,2026-09-14,697.0,0.01,0.02,0.04,19330,291,0.2873,-0.0096,0.00561,-0.015,0.0041
2026-09-14 15:30:36,707.66,2026-09-14,698.0,0.06,0.07,0.06,15547,394,0.328,-0.0316,0.01352,-0.065,0.0114
2026-09-14 15:30:36,707.66,2026-09-14,699.0,0.07,0.08,0.04,16389,434,0.3075,-0.0379,0.01675,-0.075,0.0132
2026-09-14 15:30:36,707.66,2026-09-14,700.0,0.08,0.09,0.09,68462,3971,0.285,-0.0452,0.02082,-0.085,0.0152
2026-09-14 15:30:36,707.66,2026-09-14,701.0,0.06,0.11,0.11,38630,312,0.2546,-0.0498,0.02519,-0.085,0.0165
2026-09-14 15:30:36,707.66,2026-09-14,702.0,0.13,0.14,0.14,64657,678,0.2482,-0.0755,0.03579,-0.135,0.0228
2026-09-14 15:30:36,707.66,2026-09-14,703.0,0.18,0.19,0.15,117372,965,0.2328,-0.1038,0.04834,-0.185,0.0289
2026-09-14 15:30:36,707.66,2026-09-14,704.0,0.21,0.26,0.22,150599,656,0.2107,-0.137,0.06496,-0.235,0.0351
2026-09-14 15:30:36,707.66,2026-09-14,705.0,0.39,0.4,0.4,207259,2297,0.2076,-0.2095,0.08652,-0.395,0.0461
2026-09-14 15:30:36,707.66,2026-09-14,706.0,0.55,0.61,0.61,154174,542,0.1946,-0.2945,0.11059,-0.58,0.0552
2026-09-14 15:30:36,707.66,2026-09-14,707.0,0.88,0.93,0.93,97919,603,0.1899,-0.4112,0.12789,-0.905,0.0623
2026-09-14 15:30:36,707.66,2026-09-14,708.0,1.38,1.39,1.38,31131,769,0.1902,-0.5415,0.13021,-1.045,0.0636
2026-09-14 15:30:36,707.66,2026-09-14,709.0,1.94,1.95,1.9,11928,918,0.1821,-0.6742,0.12349,-0.605,0.0577
2026-09-14 15:30:36,707.66,2026-09-14,710.0,2.75,2.78,2.73,8579,2769,0.2001,-0.7647,0.09591,-0.425,0.0493
2026-09-14 15:30:36,707.66,2026-09-14,711.0,3.54,3.57,3.52,2628,970,0.1947,-0.8556,0.07284,-0.215,0.0364
2026-09-14 15:30:36,707.66,2026-09-14,712.0,4.27,4.49,4.61,1734,567,0.1641,-0.9493,0.03966,-0.04,0.0167
2026-09-14 15:30:36,707.66,2026-09-14,713.0,5.32,5.62,5.9,1446,122,0.2391,-0.9165,0.04007,-0.13,0.0246
2026-09-14 15:30:36,707.66,2026-09-14,714.0,6.23,6.65,6.52,11208,82,0.2582,-0.9357,0.03042,-0.1,0.0202
2026-09-14 15:30:36,707.66,2026-09-14,715.0,7.17,7.47,7.57,3241,1977,,,,,
2026-09-14 15:30:36,707.66,2026-09-14,716.0,8.18,8.49,8.87,1023,106,0.2188,-0.9908,0.00705,0.005,0.004
2026-09-14 15:30:36,707.66,2026-09-14,717.0,9.17,9.68,10.08,508,52,0.3404,-0.9549,0.0174,-0.085,0.0152
2026-09-14 15:30:36,707.66,2026-09-14,718.0,10.17,10.63,11.22,276,237,0.3506,-0.9657,0.01353,-0.06,0.0122
2026-09-14 15:30:36,707.66,2026-09-14,719.0,11.2,11.62,12.1,211,91,0.3864,-0.9649,0.01252,-0.07,0.0124
2026-09-14 15:30:36,707.66,2026-09-14,720.0,12.12,12.75,12.38,238,963,0.4336,-0.9603,0.01233,-0.095,0.0137
2026-09-14 15:30:36,707.66,2026-09-14,721.0,13.2,13.53,13.78,1408,59,0.3921,-0.982,0.00705,-0.025,0.0071
2026-09-14 15:30:36,707.66,2026-09-14,722.0,14.16,14.4,15,37,12,,,,,
2026-09-14 15:31:37,707.41,2026-09-14,693.0,0.01,0.02,0.04,6486,222,0.376,-0.0076,0.00347,-0.015,0.0033
2026-09-14 15:31:37,707.41,2026-09-14,694.0,0.01,0.05,0.04,4300,339,0.3857,-0.0138,0.00572,-0.03,0.0056
2026-09-14 15:31:37,707.41,2026-09-14,695.0,0.04,0.05,0.02,15194,4047,0.3826,-0.02,0.00791,-0.045,0.0077
2026-09-14 15:31:37,707.41,2026-09-14,696.0,0.01,0.05,0.05,9132,534,0.3353,-0.0157,0.00733,-0.03,0.0063
2026-09-14 15:31:37,707.41,2026-09-14,697.0,0.05,0.06,0.04,19331,291,0.3402,-0.0265,0.01128,-0.055,0.0098
2026-09-14 15:31:37,707.41,2026-09-14,698.0,0.06,0.07,0.03,15557,394,0.3217,-0.0322,0.01404,-0.065,0.0115
2026-09-14 15:31:37,707.41,2026-09-14,699.0,0.07,0.08,0.08,16399,434,0.3009,-0.0387,0.01745,-0.075,0.0134
2026-09-14 15:31:37,707.41,2026-09-14,700.0,0.08,0.09,0.09,68640,3971,0.2781,-0.0462,0.02179,-0.085,0.0155
2026-09-14 15:31:37,707.41,2026-09-14,701.0,0.06,0.11,0.07,38781,312,0.2475,-0.0511,0.02653,-0.085,0.0168
2026-09-14 15:31:37,707.41,2026-09-14,702.0,0.09,0.1,0.1,64845,678,0.2217,-0.0618,0.03442,-0.095,0.0195
2026-09-14 15:31:37,707.41,2026-09-14,703.0,0.15,0.2,0.2,117700,965,0.2208,-0.1037,0.05108,-0.175,0.0288
2026-09-14 15:31:37,707.41,2026-09-14,704.0,0.27,0.28,0.28,151048,656,0.2121,-0.155,0.07029,-0.275,0.0381
2026-09-14 15:31:37,707.41,2026-09-14,705.0,0.37,0.42,0.42,207851,2297,0.1965,-0.219,0.094,-0.395,0.0472
2026-09-14 15:31:37,707.41,2026-09-14,706.0,0.62,0.63,0.63,156078,542,0.1893,-0.3179,0.11784,-0.625,0.057
2026-09-14 15:31:37,707.41,2026-09-14,707.0,0.91,0.96,0.97,98523,603,0.178,-0.4398,0.13857,-0.935,0.063
2026-09-14 15:31:37,707.41,2026-09-14,708.0,1.38,1.43,1.39,31347,769,0.1715,-0.5822,0.14246,-0.815,0.0624
2026-09-14 15:31:37,707.41,2026-09-14,709.0,2.04,2.06,2.05,11944,918,0.1701,-0.7178,0.12425,-0.46,0.054
2026-09-14 15:31:37,707.41,2026-09-14,710.0,2.76,2.88,2.84,8622,2769,0.1686,-0.8293,0.09413,-0.23,0.0406
2026-09-14 15:31:37,707.41,2026-09-14,711.0,3.6,3.74,3.52,2630,970,0.1601,-0.9179,0.05923,-0.08,0.0242
2026-09-14 15:31:37,707.41,2026-09-14,712.0,4.61,4.8,4.61,1734,567,0.2082,-0.9143,0.04704,-0.115,0.025
2026-09-14 15:31:37,707.41,2026-09-14,713.0,5.36,5.59,5.9,1446,122,,,,,
2026-09-14 15:31:37,707.41,2026-09-14,714.0,6.42,6.75,6.52,11208,82,0.1784,-0.989,0.01011,0.005,0.0046
2026-09-14 15:31:37,707.41,2026-09-14,715.0,7.42,7.65,7.57,3241,1977,,,,,
2026-09-14 15:31:37,707.41,2026-09-14,716.0,8.55,8.56,8.87,1023,106,,,,,
2026-09-14 15:31:37,707.41,2026-09-14,717.0,9.33,9.52,10.08,508,52,,,,,
2026-09-14 15:31:37,707.41,2026-09-14,718.0,10.34,10.57,11.22,276,237,,,,,
2026-09-14 15:31:37,707.41,2026-09-14,719.0,11.25,11.49,12.1,211,91,,,,,
2026-09-14 15:31:37,707.41,2026-09-14,720.0,12.23,12.68,12.38,238,963,,,,,
2026-09-14 15:31:37,707.41,2026-09-14,721.0,13.11,13.9,13.78,1408,59,,,,,
2026-09-14 15:31:37,707.41,2026-09-14,722.0,14.35,14.86,15,37,12,0.4075,-0.9864,0.00533,-0.015,0.0055
2026-09-14 15:32:39,708.48,2026-09-14,694.0,0.01,0.02,0.04,4301,339,0.3776,-0.0075,0.00345,-0.015,0.0033
2026-09-14 15:32:39,708.48,2026-09-14,695.0,0.04,0.05,0.02,15290,4047,0.4107,-0.0188,0.00699,-0.045,0.0073
2026-09-14 15:32:39,708.48,2026-09-14,696.0,0.04,0.05,0.04,9140,534,0.3845,-0.0199,0.00785,-0.045,0.0077
2026-09-14 15:32:39,708.48,2026-09-14,697.0,0.05,0.06,0.05,19385,291,0.3695,-0.0246,0.00978,-0.055,0.0092
2026-09-14 15:32:39,708.48,2026-09-14,698.0,0.05,0.06,0.05,15585,394,0.3421,-0.0264,0.01118,-0.055,0.0098
2026-09-14 15:32:39,708.48,2026-09-14,699.0,0.02,0.03,0.07,16802,434,0.2784,-0.0157,0.00887,-0.025,0.0063
2026-09-14 15:32:39,708.48,2026-09-14,700.0,0.07,0.08,0.08,68912,3971,0.3029,-0.0385,0.01726,-0.075,0.0134
2026-09-14 15:32:39,708.48,2026-09-14,701.0,0.04,0.09,0.09,39109,312,0.2662,-0.0381,0.01946,-0.065,0.0132
2026-09-14 15:32:39,708.48,2026-09-14,702.0,0.11,0.12,0.12,65237,678,0.2662,-0.0623,0.02883,-0.115,0.0196
2026-09-14 15:32:39,708.48,2026-09-14,703.0,0.1,0.11,0.12,118594,965,0.2289,-0.0655,0.0349,-0.105,0.0204
2026-09-14 15:32:39,708.48,2026-09-14,704.0,0.15,0.2,0.17,152706,656,0.2232,-0.1028,0.05022,-0.175,0.0286
2026-09-14 15:32:39,708.48,2026-09-14,705.0,0.27,0.28,0.28,209238,2297,0.2148,-0.1535,0.06896,-0.275,0.0378
2026-09-14 15:32:39,708.48,2026-09-14,706.0,0.34,0.4,0.4,159251,542,0.1943,-0.2101,0.09289,-0.37,0.0461
2026-09-14 15:32:39,708.48,2026-09-14,707.0,0.54,0.62,0.62,99472,603,0.185,-0.3062,0.11867,-0.58,0.0561
2026-09-14 15:32:39,708.48,2026-09-14,708.0,0.85,0.87,0.99,31963,769,0.1707,-0.4279,0.14388,-0.86,0.0627
2026-09-14 15:32:39,708.48,2026-09-14,709.0,1.36,1.4,1.69,12009,918,0.1735,-0.5721,0.14151,-0.855,0.0627
2026-09-14 15:32:39,708.48,2026-09-14,710.0,1.86,1.99,2.72,8719,2769,0.1556,-0.7273,0.13363,-0.4,0.0531
2026-09-14 15:32:39,708.48,2026-09-14,711.0,2.59,2.81,3.68,2647,970,0.1519,-0.8486,0.09667,-0.175,0.0375
2026-09-14 15:32:39,708.48,2026-09-14,712.0,3.41,3.89,4.72,1745,567,0.1748,-0.8946,0.06527,-0.125,0.0291
2026-09-14 15:32:39,708.48,2026-09-14,713.0,4.36,4.52,5.9,1446,122,,,,,
2026-09-14 15:32:39,708.48,2026-09-14,714.0,5.23,5.76,6.79,11209,82,,,,,
2026-09-14 15:32:39,708.48,2026-09-14,715.0,6.24,6.71,7.57,3241,1977,,,,,
2026-09-14 15:32:39,708.48,2026-09-14,716.0,7.15,7.7,8.87,1023,106,,,,,
2026-09-14 15:32:39,708.48,2026-09-14,717.0,8.29,8.82,10.08,508,52,0.2749,-0.9727,0.01431,-0.03,0.01
2026-09-14 15:32:39,708.48,2026-09-14,718.0,9.36,9.54,11.22,276,237,,,,,
2026-09-14 15:32:39,708.48,2026-09-14,719.0,10.12,10.5,12.1,211,91,,,,,
2026-09-14 15:32:39,708.48,2026-09-14,720.0,11.13,11.77,12.38,238,963,,,,,
2026-09-14 15:32:39,708.48,2026-09-14,721.0,12.17,12.43,13.78,1408,59,,,,,
2026-09-14 15:32:39,708.48,2026-09-14,722.0,13.03,13.76,15,37,12,,,,,
2026-09-14 15:32:39,708.48,2026-09-14,723.0,14.03,14.47,16.19,1279,34,,,,,
2026-09-14 15:33:39,708.4,2026-09-14,694.0,0.01,0.05,0.04,4301,339,0.4114,-0.0131,0.00512,-0.03,0.0054
2026-09-14 15:33:39,708.4,2026-09-14,695.0,0.04,0.05,0.04,15291,4047,0.4096,-0.0188,0.00705,-0.045,0.0073
2026-09-14 15:33:39,708.4,2026-09-14,696.0,0.01,0.05,0.02,9171,534,0.3612,-0.0147,0.00646,-0.03,0.0059
2026-09-14 15:33:39,708.4,2026-09-14,697.0,0.04,0.05,0.05,19386,291,0.3567,-0.0213,0.00899,-0.045,0.0081
2026-09-14 15:33:39,708.4,2026-09-14,698.0,0.05,0.06,0.05,15585,394,0.3408,-0.0265,0.0113,-0.055,0.0098
2026-09-14 15:33:39,708.4,2026-09-14,699.0,0.06,0.07,0.06,16818,434,0.3222,-0.0323,0.01406,-0.065,0.0115
2026-09-14 15:33:39,708.4,2026-09-14,700.0,0.03,0.04,0.08,69033,3971,0.2646,-0.0222,0.01256,-0.035,0.0084
2026-09-14 15:33:39,708.4,2026-09-14,701.0,0.08,0.09,0.09,39237,312,0.2784,-0.0463,0.02183,-0.085,0.0155
2026-09-14 15:33:39,708.4,2026-09-14,702.0,0.07,0.08,0.08,65475,678,0.2416,-0.047,0.02545,-0.075,0.0156
2026-09-14 15:33:39,708.4,2026-09-14,703.0,0.15,0.16,0.16,118819,965,0.2489,-0.085,0.0392,-0.155,0.0248
2026-09-14 15:33:39,708.4,2026-09-14,704.0,0.21,0.22,0.22,153841,656,0.2342,-0.1173,0.05271,-0.215,0.0314
2026-09-14 15:33:39,708.4,2026-09-14,705.0,0.31,0.32,0.32,209608,2297,0.2225,-0.1666,0.07042,-0.315,0.0398
2026-09-14 15:33:39,708.4,2026-09-14,706.0,0.42,0.43,0.48,160380,542,0.2028,-0.2265,0.09308,-0.425,0.048
2026-09-14 15:33:39,708.4,2026-09-14,707.0,0.65,0.7,0.7,100292,603,0.198,-0.326,0.11416,-0.675,0.0575
2026-09-14 15:33:39,708.4,2026-09-14,708.0,1.04,1.05,1.06,32111,769,0.1952,-0.446,0.12697,-1.045,0.063
2026-09-14 15:33:39,708.4,2026-09-14,709.0,1.48,1.54,1.62,12117,918,0.1878,-0.5765,0.13077,-0.91,0.0624
2026-09-14 15:33:39,708.4,2026-09-14,710.0,2.17,2.21,2.21,8771,2769,0.1947,-0.6941,0.11296,-0.59,0.0559
2026-09-14 15:33:39,708.4,2026-09-14,711.0,2.88,2.95,3.68,2647,970,0.1895,-0.8028,0.09187,-0.315,0.0443
2026-09-14 15:33:39,708.4,2026-09-14,712.0,3.77,3.98,4.72,1745,567,0.2221,-0.843,0.06784,-0.275,0.0383
2026-09-14 15:33:39,708.4,2026-09-14,713.0,4.7,4.96,5.9,1446,122,0.2486,-0.8749,0.05195,-0.23,0.0328
2026-09-14 15:33:39,708.4,2026-09-14,714.0,5.62,6.01,6.79,11209,82,0.2806,-0.8925,0.04133,-0.215,0.0295
2026-09-14 15:33:39,708.4,2026-09-14,715.0,6.65,6.85,7.57,3241,1977,0.2907,-0.9208,0.03182,-0.15,0.0235
2026-09-14 15:33:39,708.4,2026-09-14,716.0,7.52,7.98,8.87,1023,106,0.3235,-0.9277,0.02669,-0.15,0.022
2026-09-14 15:33:39,708.4,2026-09-14,717.0,8.59,8.93,10.08,508,52,0.3605,-0.9306,0.0232,-0.16,0.0213
2026-09-14 15:33:39,708.4,2026-09-14,718.0,9.48,9.7,11.22,276,237,0.2307,-0.9951,0.00384,0.01,0.0023
2026-09-14 15:33:39,708.4,2026-09-14,719.0,10.48,10.85,12.1,211,91,0.3634,-0.9648,0.01341,-0.065,0.0124
2026-09-14 15:33:39,708.4,2026-09-14,720.0,11.58,11.94,12.38,238,963,0.4545,-0.943,0.01579,-0.16,0.0182
2026-09-14 15:33:39,708.4,2026-09-14,721.0,12.48,12.89,13.78,1408,59,0.4353,-0.9634,0.01154,-0.085,0.0128
2026-09-14 15:33:39,708.4,2026-09-14,722.0,13.75,14.13,15,37,12,0.6027,-0.9182,0.01573,-0.34,0.0241
2026-09-14 15:33:39,708.4,2026-09-14,723.0,14.24,15.09,16.19,1279,34,0.4725,-0.972,0.00854,-0.065,0.0103
2026-09-14 15:34:40,709.24,2026-09-14,695.0,0.01,0.02,0.02,15315,4047,0.3732,-0.0076,0.00354,-0.015,0.0034
2026-09-14 15:34:40,709.24,2026-09-14,696.0,0.01,0.05,0.02,9171,534,0.3827,-0.014,0.00584,-0.03,0.0057
2026-09-14 15:34:40,709.24,2026-09-14,697.0,0.04,0.05,0.05,19392,291,0.3793,-0.0202,0.00808,-0.045,0.0078
2026-09-14 15:34:40,709.24,2026-09-14,698.0,0.01,0.06,0.06,15587,394,0.3395,-0.0178,0.00812,-0.035,0.007
2026-09-14 15:34:40,709.24,2026-09-14,699.0,0.05,0.06,0.06,16829,434,0.3366,-0.0268,0.01156,-0.055,0.0099
2026-09-14 15:34:40,709.24,2026-09-14,700.0,0.02,0.03,0.03,69104,3971,0.2731,-0.016,0.00922,-0.025,0.0064
2026-09-14 15:34:40,709.24,2026-09-14,701.0,0.03,0.04,0.04,39275,312,0.2605,-0.0226,0.01292,-0.035,0.0085
2026-09-14 15:34:40,709.24,2026-09-14,702.0,0.05,0.06,0.06,65682,678,0.2522,-0.0346,0.01903,-0.055,0.0122
2026-09-14 15:34:40,709.24,2026-09-14,703.0,0.11,0.12,0.12,119668,965,0.2593,-0.0638,0.03025,-0.115,0.0199
2026-09-14 15:34:40,709.24,2026-09-14,704.0,0.11,0.12,0.12,155031,656,0.2265,-0.0716,0.03785,-0.115,0.0218
2026-09-14 15:34:40,709.24,2026-09-14,705.0,0.17,0.22,0.22,210702,2297,0.2219,-0.1132,0.05429,-0.195,0.0306
2026-09-14 15:34:40,709.24,2026-09-14,706.0,0.28,0.33,0.33,161371,542,0.2134,-0.168,0.07387,-0.305,0.04
2026-09-14 15:34:40,709.24,2026-09-14,707.0,0.48,0.49,0.49,101414,603,0.2074,-0.2465,0.0954,-0.485,0.0503
2026-09-14 15:34:40,709.24,2026-09-14,708.0,0.69,0.7,0.7,32436,769,0.1923,-0.3401,0.11958,-0.695,0.0584
2026-09-14 15:34:40,709.24,2026-09-14,709.0,1.11,1.12,1.12,12205,918,0.1949,-0.4663,0.12802,-1.115,0.0633
2026-09-14 15:34:40,709.24,2026-09-14,710.0,1.56,1.61,1.61,8839,2769,0.1848,-0.599,0.13129,-0.825,0.0616
2026-09-14 15:34:40,709.24,2026-09-14,711.0,2.25,2.26,2.28,2653,970,0.186,-0.721,0.11338,-0.495,0.0535
2026-09-14 15:34:40,709.24,2026-09-14,712.0,2.95,3.02,3.11,1749,567,0.1749,-0.8366,0.08848,-0.225,0.0393
2026-09-14 15:34:40,709.24,2026-09-14,713.0,3.85,3.98,5.9,1446,122,0.1938,-0.8863,0.06234,-0.155,0.0307
2026-09-14 15:34:40,709.24,2026-09-14,714.0,4.67,5.05,4.95,11210,82,0.2082,-0.9226,0.0437,-0.1,0.0231
2026-09-14 15:34:40,709.24,2026-09-14,715.0,5.66,5.81,7.57,3241,1977,,,,,
2026-09-14 15:34:40,709.24,2026-09-14,716.0,6.74,6.81,8.87,1023,106,0.2128,-0.976,0.01666,-0.015,0.009
2026-09-14 15:34:40,709.24,2026-09-14,717.0,7.64,7.75,10.08,508,52,,,,,
2026-09-14 15:34:40,709.24,2026-09-14,718.0,8.47,8.83,11.22,276,237,,,,,
2026-09-14 15:34:40,709.24,2026-09-14,719.0,9.47,9.92,9.87,221,91,,,,,
2026-09-14 15:34:40,709.24,2026-09-14,720.0,10.63,10.88,12.38,238,963,0.2743,-0.9926,0.00469,0.005,0.0033
2026-09-14 15:34:40,709.24,2026-09-14,721.0,11.42,12.01,13.78,1428,59,,,,,
2026-09-14 15:34:40,709.24,2026-09-14,722.0,12.38,13.14,15,37,12,0.3336,-0.9912,0.0045,-0.0,0.0038
2026-09-14 15:34:40,709.24,2026-09-14,723.0,13.42,13.8,16.19,1279,34,,,,,
2026-09-14 15:34:40,709.24,2026-09-14,724.0,14.67,14.92,17.19,19,,0.4433,-0.9803,0.00676,-0.035,0.0076
2026-09-14 15:35:40,709.35,2026-09-14,695.0,0.01,0.05,0.02,15315,4047,0.4111,-0.0131,0.00515,-0.03,0.0054
2026-09-14 15:35:40,709.35,2026-09-14,696.0,0.04,0.05,0.04,9177,534,0.4091,-0.0189,0.00709,-0.045,0.0073
2026-09-14 15:35:40,709.35,2026-09-14,697.0,0.04,0.05,0.02,19400,291,0.3827,-0.0201,0.00798,-0.045,0.0077
2026-09-14 15:35:40,709.35,2026-09-14,698.0,0.04,0.05,0.05,15598,394,0.3561,-0.0214,0.00905,-0.045,0.0082
2026-09-14 15:35:40,709.35,2026-09-14,699.0,0.01,0.06,0.06,16830,434,0.3167,-0.019,0.0092,-0.035,0.0074
2026-09-14 15:35:40,709.35,2026-09-14,700.0,0.06,0.07,0.07,69370,3971,0.3214,-0.0324,0.01418,-0.065,0.0115
2026-09-14 15:35:40,709.35,2026-09-14,701.0,0.03,0.04,0.08,39366,312,0.2638,-0.0224,0.01268,-0.035,0.0085
2026-09-14 15:35:40,709.35,2026-09-14,702.0,0.08,0.09,0.09,65771,678,0.2774,-0.0465,0.02206,-0.085,0.0155
2026-09-14 15:35:40,709.35,2026-09-14,703.0,0.11,0.12,0.12,119802,965,0.2631,-0.0631,0.0296,-0.115,0.0197
2026-09-14 15:35:40,709.35,2026-09-14,704.0,0.15,0.16,0.12,155879,656,0.2476,-0.0855,0.03969,-0.155,0.0249
2026-09-14 15:35:40,709.35,2026-09-14,705.0,0.22,0.23,0.22,211408,2297,0.2359,-0.1213,0.05373,-0.225,0.0321
2026-09-14 15:35:40,709.35,2026-09-14,706.0,0.33,0.34,0.34,162253,542,0.2256,-0.1734,0.07139,-0.335,0.0408
2026-09-14 15:35:40,709.35,2026-09-14,707.0,0.49,0.5,0.51,102630,603,0.215,-0.2439,0.09171,-0.495,0.0499
2026-09-14 15:35:40,709.35,2026-09-14,708.0,0.72,0.73,0.76,32720,769,0.2039,-0.3365,0.1125,-0.725,0.0581
2026-09-14 15:35:40,709.35,2026-09-14,709.0,1.1,1.11,1.1,12362,918,0.2013,-0.4543,0.12377,-1.105,0.063
2026-09-14 15:35:40,709.35,2026-09-14,710.0,1.67,1.69,1.57,8848,2769,0.2104,-0.5748,0.11709,-1.025,0.0623
2026-09-14 15:35:40,709.35,2026-09-14,711.0,2.32,2.37,2.28,2653,970,0.216,-0.6824,0.10377,-0.69,0.0567
2026-09-14 15:35:40,709.35,2026-09-14,712.0,3.07,3.15,2.95,1750,567,0.2227,-0.7708,0.08557,-0.455,0.0482
2026-09-14 15:35:40,709.35,2026-09-14,713.0,3.77,4.05,5.9,1447,122,0.2195,-0.8501,0.06672,-0.255,0.0371
2026-09-14 15:35:40,709.35,2026-09-14,714.0,4.67,4.89,4.95,11211,82,0.2153,-0.9111,0.04697,-0.125,0.0256
2026-09-14 15:35:40,709.35,2026-09-14,715.0,5.52,5.83,7.57,3241,1977,0.1883,-0.9695,0.02305,-0.02,0.011
2026-09-14 15:35:40,709.35,2026-09-14,716.0,6.64,6.99,6.99,1024,106,0.2974,-0.9183,0.03193,-0.16,0.024
2026-09-14 15:35:40,709.35,2026-09-14,717.0,7.58,7.83,10.08,508,52,0.2692,-0.9618,0.0194,-0.05,0.0132
2026-09-14 15:35:40,709.35,2026-09-14,718.0,8.58,8.74,11.22,276,237,0.2477,-0.9853,0.00947,-0.005,0.0059
2026-09-14 15:35:40,709.35,2026-09-14,719.0,9.62,9.8,9.87,221,91,0.3296,-0.9658,0.01446,-0.055,0.0121
2026-09-14 15:35:40,709.35,2026-09-14,720.0,10.5,10.92,12.38,238,963,0.3573,-0.9681,0.01259,-0.055,0.0114
2026-09-14 15:35:40,709.35,2026-09-14,721.0,11.31,11.86,11.85,1428,59,,,,,
2026-09-14 15:35:40,709.35,2026-09-14,722.0,12.62,12.76,15,37,12,0.3902,-0.978,0.00846,-0.035,0.0084
2026-09-14 15:35:40,709.35,2026-09-14,723.0,13.66,13.82,16.19,1279,34,0.4658,-0.9655,0.01031,-0.085,0.0122
2026-09-14 15:35:40,709.35,2026-09-14,724.0,14.71,15.03,17.19,19,,0.5792,-0.9413,0.0127,-0.215,0.0186
2026-09-14 15:36:41,709.29,2026-09-14,695.0,0.04,0.05,0.02,15315,4047,0.4349,-0.0179,0.00639,-0.045,0.007
2026-09-14 15:36:41,709.29,2026-09-14,696.0,0.01,0.05,0.02,9182,534,0.3855,-0.0139,0.0058,-0.03,0.0056
2026-09-14 15:36:41,709.29,2026-09-14,697.0,0.04,0.05,0.05,19402,291,0.3821,-0.0201,0.00802,-0.045,0.0077
2026-09-14 15:36:41,709.29,2026-09-14,698.0,0.01,0.05,0.02,15619,394,0.3346,-0.0158,0.00745,-0.03,0.0063
2026-09-14 15:36:41,709.29,2026-09-14,699.0,0.05,0.06,0.06,16830,434,0.3394,-0.0267,0.01147,-0.055,0.0098
2026-09-14 15:36:41,709.29,2026-09-14,700.0,0.06,0.07,0.07,69546,3971,0.3206,-0.0325,0.01429,-0.065,0.0115
2026-09-14 15:36:41,709.29,2026-09-14,701.0,0.03,0.04,0.04,39473,312,0.2629,-0.0225,0.01279,-0.035,0.0085
2026-09-14 15:36:41,709.29,2026-09-14,702.0,0.05,0.06,0.1,66051,678,0.2547,-0.0344,0.01883,-0.055,0.0121
2026-09-14 15:36:41,709.29,2026-09-14,703.0,0.11,0.12,0.12,119866,965,0.262,-0.0634,0.02991,-0.115,0.0198
2026-09-14 15:36:41,709.29,2026-09-14,704.0,0.15,0.16,0.16,156562,656,0.2464,-0.086,0.04015,-0.155,0.0249
2026-09-14 15:36:41,709.29,2026-09-14,705.0,0.22,0.23,0.23,212401,2297,0.2344,-0.1221,0.05443,-0.225,0.0322
2026-09-14 15:36:41,709.29,2026-09-14,706.0,0.29,0.34,0.34,166242,542,0.219,-0.1693,0.0726,-0.315,0.0401
2026-09-14 15:36:41,709.29,2026-09-14,707.0,0.5,0.51,0.51,103889,603,0.2149,-0.2481,0.09275,-0.505,0.0502
2026-09-14 15:36:41,709.29,2026-09-14,708.0,0.71,0.76,0.77,33157,769,0.2031,-0.3413,0.11379,-0.735,0.0583
2026-09-14 15:36:41,709.29,2026-09-14,709.0,1.09,1.1,1.11,12440,918,0.1965,-0.4595,0.12725,-1.095,0.063
2026-09-14 15:36:41,709.29,2026-09-14,710.0,1.6,1.65,1.59,8861,2769,0.1973,-0.5863,0.1244,-0.92,0.0618
2026-09-14 15:36:41,709.29,2026-09-14,711.0,2.31,2.36,2.31,2659,970,0.2085,-0.6941,0.10597,-0.63,0.0557
2026-09-14 15:36:41,709.29,2026-09-14,712.0,2.97,3.06,2.95,1750,567,0.1938,-0.808,0.08878,-0.31,0.0434
2026-09-14 15:36:41,709.29,2026-09-14,713.0,3.89,4.12,4.05,1447,122,0.2339,-0.8386,0.06592,-0.3,0.0389
2026-09-14 15:36:41,709.29,2026-09-14,714.0,4.74,4.96,5.02,11211,82,0.2251,-0.9042,0.04761,-0.145,0.027
2026-09-14 15:36:41,709.29,2026-09-14,715.0,5.8,5.96,7.57,3241,1977,0.2713,-0.9054,0.03913,-0.175,0.0268
2026-09-14 15:36:41,709.29,2026-09-14,716.0,6.73,7.01,6.99,1024,106,0.3017,-0.9172,0.03185,-0.165,0.0242
2026-09-14 15:36:41,709.29,2026-09-14,717.0,7.57,7.79,10.08,508,52,,,,,
2026-09-14 15:36:41,709.29,2026-09-14,718.0,8.42,9.03,11.22,276,237,0.2703,-0.9777,0.01235,-0.02,0.0084
2026-09-14 15:36:41,709.29,2026-09-14,719.0,9.38,9.89,10.02,223,91,,,,,
2026-09-14 15:36:41,709.29,2026-09-14,720.0,10.36,11.09,12.38,238,963,0.3218,-0.9809,0.00911,-0.02,0.0074
2026-09-14 15:36:41,709.29,2026-09-14,721.0,11.78,11.93,11.85,1428,59,0.454,-0.9456,0.0153,-0.15,0.0175
2026-09-14 15:36:41,709.29,2026-09-14,722.0,12.53,12.79,15,37,12,,,,,
2026-09-14 15:36:41,709.29,2026-09-14,723.0,13.56,13.78,16.19,1279,34,,,,,
2026-09-14 15:36:41,709.29,2026-09-14,724.0,14.62,14.76,17.19,19,,0.2786,-0.9995,0.00041,0.015,0.0003
2026-09-14 15:37:42,709.28,2026-09-14,695.0,0.01,0.02,0.02,15340,4047,0.3762,-0.0076,0.00352,-0.015,0.0033
2026-09-14 15:37:42,709.28,2026-09-14,696.0,0.01,0.05,0.02,9182,534,0.3859,-0.0139,0.00581,-0.03,0.0056
2026-09-14 15:37:42,709.28,2026-09-14,697.0,0.04,0.05,0.04,19419,291,0.3825,-0.0201,0.00804,-0.045,0.0077
2026-09-14 15:37:42,709.28,2026-09-14,698.0,0.04,0.05,0.05,15630,394,0.3558,-0.0215,0.00913,-0.045,0.0082
2026-09-14 15:37:42,709.28,2026-09-14,699.0,0.01,0.06,0.06,16842,434,0.3163,-0.0191,0.00929,-0.035,0.0074
2026-09-14 15:37:42,709.28,2026-09-14,700.0,0.02,0.03,0.07,69695,3971,0.2757,-0.016,0.00915,-0.025,0.0063
2026-09-14 15:37:42,709.28,2026-09-14,701.0,0.07,0.08,0.04,39752,312,0.2997,-0.0392,0.01784,-0.075,0.0134
2026-09-14 15:37:42,709.28,2026-09-14,702.0,0.09,0.1,0.1,66109,678,0.2828,-0.0505,0.02321,-0.095,0.0165
2026-09-14 15:37:42,709.28,2026-09-14,703.0,0.08,0.09,0.13,120034,965,0.2457,-0.0518,0.02727,-0.085,0.0168
2026-09-14 15:37:42,709.28,2026-09-14,704.0,0.16,0.17,0.17,156947,656,0.2503,-0.0896,0.04082,-0.165,0.0256
2026-09-14 15:37:42,709.28,2026-09-14,705.0,0.18,0.19,0.19,212794,2297,0.2213,-0.1092,0.05333,-0.185,0.0296
2026-09-14 15:37:42,709.28,2026-09-14,706.0,0.31,0.32,0.32,167821,542,0.2188,-0.1697,0.07293,-0.315,0.0401
2026-09-14 15:37:42,709.28,2026-09-14,707.0,0.43,0.48,0.48,105617,603,0.2045,-0.2383,0.09556,-0.455,0.0491
2026-09-14 15:37:42,709.28,2026-09-14,708.0,0.66,0.71,0.71,33332,769,0.194,-0.3358,0.11863,-0.685,0.0578
2026-09-14 15:37:42,709.28,2026-09-14,709.0,1.06,1.07,1.07,12457,918,0.191,-0.4603,0.13119,-1.065,0.0629
2026-09-14 15:37:42,709.28,2026-09-14,710.0,1.51,1.52,1.59,8886,2769,0.1783,-0.5977,0.13694,-0.795,0.0613
2026-09-14 15:37:42,709.28,2026-09-14,711.0,2.13,2.15,2.31,2659,970,0.1707,-0.7349,0.12113,-0.42,0.0519
2026-09-14 15:37:42,709.28,2026-09-14,712.0,2.88,2.97,3.02,1755,567,0.1691,-0.8428,0.0898,-0.205,0.0381
2026-09-14 15:37:42,709.28,2026-09-14,713.0,3.83,3.99,4.05,1448,122,0.2044,-0.8726,0.06442,-0.19,0.0331
2026-09-14 15:37:42,709.28,2026-09-14,714.0,4.7,4.88,5.02,11211,82,0.194,-0.9361,0.04068,-0.07,0.0198
2026-09-14 15:37:42,709.28,2026-09-14,715.0,5.5,5.8,5.98,3242,1977,,,,,
2026-09-14 15:37:42,709.28,2026-09-14,716.0,6.59,6.87,6.92,1025,106,0.2068,-0.979,0.01539,-0.01,0.008
2026-09-14 15:37:42,709.28,2026-09-14,717.0,7.57,7.9,10.08,508,52,0.2391,-0.9783,0.01368,-0.015,0.0082
2026-09-14 15:37:42,709.28,2026-09-14,718.0,8.38,8.7,11.22,276,237,,,,,
2026-09-14 15:37:42,709.28,2026-09-14,719.0,9.55,9.94,10.02,223,91,0.3033,-0.9774,0.01118,-0.025,0.0085
2026-09-14 15:37:42,709.28,2026-09-14,720.0,10.67,10.84,12.38,238,963,0.3409,-0.9752,0.01075,-0.035,0.0092
2026-09-14 15:37:42,709.28,2026-09-14,721.0,11.59,11.9,11.85,1428,59,0.355,-0.9803,0.0085,-0.025,0.0076
2026-09-14 15:37:42,709.28,2026-09-14,722.0,12.25,12.8,15,37,12,,,,,
2026-09-14 15:37:42,709.28,2026-09-14,723.0,13.61,13.8,16.19,1279,34,0.2591,-0.9995,0.00041,0.015,0.0003
2026-09-14 15:37:42,709.28,2026-09-14,724.0,14.41,14.95,17.19,19,,,,,,
2026-09-14 15:38:43,709.78,2026-09-14,695.0,0.04,0.05,0.04,15341,4047,0.4491,-0.0175,0.00607,-0.045,0.0068
2026-09-14 15:38:43,709.78,2026-09-14,696.0,0.04,0.05,0.02,9182,534,0.4228,-0.0184,0.00676,-0.045,0.0072
2026-09-14 15:38:43,709.78,2026-09-14,697.0,0.04,0.05,0.04,19439,291,0.3963,-0.0195,0.00757,-0.045,0.0075
2026-09-14 15:38:43,709.78,2026-09-14,698.0,0.01,0.02,0.05,15633,394,0.3176,-0.0089,0.00479,-0.015,0.0038
2026-09-14 15:38:43,709.78,2026-09-14,699.0,0.01,0.06,0.06,16861,434,0.3298,-0.0184,0.00864,-0.035,0.0071
2026-09-14 15:38:43,709.78,2026-09-14,700.0,0.06,0.07,0.03,69820,3971,0.3355,-0.0313,0.01329,-0.065,0.0112
2026-09-14 15:38:43,709.78,2026-09-14,701.0,0.03,0.08,0.08,39815,312,0.298,-0.03,0.01445,-0.055,0.0108
2026-09-14 15:38:43,709.78,2026-09-14,702.0,0.09,0.1,0.06,66353,678,0.2986,-0.0483,0.02122,-0.095,0.0159
2026-09-14 15:38:43,709.78,2026-09-14,703.0,0.11,0.12,0.12,120152,965,0.2786,-0.0604,0.02715,-0.115,0.0189
2026-09-14 15:38:43,709.78,2026-09-14,704.0,0.15,0.16,0.16,157744,656,0.264,-0.0814,0.03605,-0.155,0.0238
2026-09-14 15:38:43,709.78,2026-09-14,705.0,0.2,0.21,0.21,213696,2297,0.247,-0.1086,0.04768,-0.205,0.0295
2026-09-14 15:38:43,709.78,2026-09-14,706.0,0.29,0.3,0.3,169141,542,0.2348,-0.1523,0.06338,-0.295,0.0373
2026-09-14 15:38:43,709.78,2026-09-14,707.0,0.42,0.43,0.43,106716,603,0.2223,-0.2123,0.08244,-0.425,0.0459
2026-09-14 15:38:43,709.78,2026-09-14,708.0,0.57,0.62,0.65,33605,769,0.2062,-0.2901,0.10491,-0.595,0.0542
2026-09-14 15:38:43,709.78,2026-09-14,709.0,0.94,0.95,0.94,12545,918,0.2067,-0.403,0.11834,-0.945,0.0613
2026-09-14 15:38:43,709.78,2026-09-14,710.0,1.33,1.38,1.33,8918,2769,0.198,-0.5252,0.1271,-1.135,0.063
2026-09-14 15:38:43,709.78,2026-09-14,711.0,1.85,1.86,1.97,2662,970,0.1826,-0.6607,0.12668,-0.635,0.0579
2026-09-14 15:38:43,709.78,2026-09-14,712.0,2.66,2.69,2.73,1756,567,0.2028,-0.7529,0.09841,-0.455,0.05
2026-09-14 15:38:43,709.78,2026-09-14,713.0,3.34,3.56,3.43,1453,122,0.1963,-0.8478,0.07578,-0.23,0.0373
2026-09-14 15:38:43,709.78,2026-09-14,714.0,4.17,4.43,5.02,11211,82,0.1827,-0.9261,0.04838,-0.08,0.0221
2026-09-14 15:38:43,709.78,2026-09-14,715.0,5.14,5.32,5.38,3243,1977,0.1674,-0.9747,0.02225,-0.01,0.0093
2026-09-14 15:38:43,709.78,2026-09-14,716.0,6.18,6.52,6.34,1026,106,0.2714,-0.9244,0.03316,-0.13,0.0225
2026-09-14 15:38:43,709.78,2026-09-14,717.0,7.16,7.36,10.08,508,52,0.2502,-0.9647,0.01967,-0.04,0.0123
2026-09-14 15:38:43,709.78,2026-09-14,718.0,8.039,8.35,11.22,276,237,,,,,
2026-09-14 15:38:43,709.78,2026-09-14,719.0,9.18,9.39,10.02,223,91,0.3268,-0.9612,0.01625,-0.065,0.0133
2026-09-14 15:38:43,709.78,2026-09-14,720.0,9.87,10.6,12.38,238,963,0.3034,-0.9824,0.00903,-0.015,0.0069
2026-09-14 15:38:43,709.78,2026-09-14,721.0,11.13,11.61,11.85,1428,59,0.4405,-0.944,0.01617,-0.15,0.0178
2026-09-14 15:38:43,709.78,2026-09-14,722.0,11.94,12.63,15,37,12,0.4111,-0.9682,0.01097,-0.065,0.0113
2026-09-14 15:38:43,709.78,2026-09-14,723.0,12.84,13.5,16.19,1279,34,,,,,
2026-09-14 15:38:43,709.78,2026-09-14,724.0,13.95,14.5,17.19,19,,0.3815,-0.99,0.00443,-0.005,0.0042
2026-09-14 15:39:43,709.73,2026-09-14,695.0,0.04,0.05,0.04,15401,4047,0.4486,-0.0175,0.00611,-0.045,0.0068
2026-09-14 15:39:43,709.73,2026-09-14,696.0,0.04,0.05,0.03,9192,534,0.4223,-0.0185,0.00679,-0.045,0.0072
2026-09-14 15:39:43,709.73,2026-09-14,697.0,0.01,0.02,0.04,19554,291,0.3408,-0.0084,0.00423,-0.015,0.0036
2026-09-14 15:39:43,709.73,2026-09-14,698.0,0.04,0.05,0.05,16295,394,0.369,-0.0209,0.00861,-0.045,0.0079
2026-09-14 15:39:43,709.73,2026-09-14,699.0,0.01,0.06,0.06,16897,434,0.3292,-0.0185,0.00871,-0.035,0.0071
2026-09-14 15:39:43,709.73,2026-09-14,700.0,0.06,0.07,0.07,70003,3971,0.3347,-0.0315,0.01339,-0.065,0.0112
2026-09-14 15:39:43,709.73,2026-09-14,701.0,0.07,0.08,0.08,40108,312,0.314,-0.0377,0.01656,-0.075,0.013
2026-09-14 15:39:43,709.73,2026-09-14,702.0,0.09,0.1,0.1,66907,678,0.2977,-0.0485,0.0214,-0.095,0.0159
2026-09-14 15:39:43,709.73,2026-09-14,703.0,0.11,0.12,0.12,120840,965,0.2775,-0.0607,0.02741,-0.115,0.019
2026-09-14 15:39:43,709.73,2026-09-14,704.0,0.15,0.16,0.16,158978,656,0.2628,-0.0818,0.03644,-0.155,0.0239
2026-09-14 15:39:43,709.73,2026-09-14,705.0,0.16,0.21,0.21,214385,2297,0.2387,-0.1028,0.04751,-0.185,0.0283
2026-09-14 15:39:43,709.73,2026-09-14,706.0,0.25,0.26,0.26,170728,542,0.2223,-0.1418,0.06397,-0.255,0.0355
2026-09-14 15:39:43,709.73,2026-09-14,707.0,0.42,0.43,0.43,108642,603,0.2204,-0.214,0.08371,-0.425,0.046
2026-09-14 15:39:43,709.73,2026-09-14,708.0,0.64,0.65,0.65,34635,769,0.2131,-0.301,0.10348,-0.645,0.055
2026-09-14 15:39:43,709.73,2026-09-14,709.0,0.91,0.92,0.95,12738,918,0.1989,-0.4053,0.12342,-0.915,0.0612
2026-09-14 15:39:43,709.73,2026-09-14,710.0,1.36,1.37,1.4,9249,2769,0.1957,-0.532,0.12865,-1.095,0.0628
2026-09-14 15:39:43,709.73,2026-09-14,711.0,1.97,1.98,1.93,2675,970,0.198,-0.655,0.11784,-0.705,0.0582
2026-09-14 15:39:43,709.73,2026-09-14,712.0,2.65,2.77,2.72,1769,567,0.2026,-0.7584,0.0975,-0.44,0.0493
2026-09-14 15:39:43,709.73,2026-09-14,713.0,3.43,3.5,3.57,1460,122,0.189,-0.8612,0.07412,-0.195,0.0349
2026-09-14 15:39:43,709.73,2026-09-14,714.0,4.41,4.53,4.36,11216,82,0.229,-0.879,0.05561,-0.2,0.0318
2026-09-14 15:39:43,709.73,2026-09-14,715.0,5.35,5.49,5.46,3255,1977,0.2479,-0.909,0.04183,-0.15,0.0259
2026-09-14 15:39:43,709.73,2026-09-14,716.0,6.23,6.38,6.52,1027,106,0.2196,-0.9635,0.02304,-0.035,0.0126
2026-09-14 15:39:43,709.73,2026-09-14,717.0,7.14,7.42,7.5,518,52,0.2216,-0.9803,0.01367,-0.01,0.0076
2026-09-14 15:39:43,709.73,2026-09-14,718.0,8.2,8.48,11.22,276,237,0.3033,-0.9564,0.0193,-0.07,0.0146
2026-09-14 15:39:43,709.73,2026-09-14,719.0,9.05,9.41,9.41,239,91,,,,,
2026-09-14 15:39:43,709.73,2026-09-14,720.0,9.91,10.46,12.38,238,963,,,,,
2026-09-14 15:39:43,709.73,2026-09-14,721.0,10.94,11.21,11.85,1428,59,,,,,
2026-09-14 15:39:43,709.73,2026-09-14,722.0,11.86,12.58,15,37,12,,,,,
2026-09-14 15:39:43,709.73,2026-09-14,723.0,12.87,13.59,16.19,1279,34,,,,,
2026-09-14 15:39:43,709.73,2026-09-14,724.0,14.15,14.46,17.19,19,,0.4344,-0.9799,0.00708,-0.035,0.0077
2026-09-14 15:40:43,710.19,2026-09-14,696.0,0.01,0.02,0.04,9198,534,0.3758,-0.0077,0.00356,-0.015,0.0033
2026-09-14 15:40:43,710.19,2026-09-14,697.0,0.04,0.05,0.04,19555,291,0.4085,-0.0191,0.00722,-0.045,0.0073
2026-09-14 15:40:43,710.19,2026-09-14,698.0,0.01,0.05,0.04,16296,394,0.3598,-0.0149,0.00663,-0.03,0.0059
2026-09-14 15:40:43,710.19,2026-09-14,699.0,0.05,0.06,0.06,16933,434,0.3664,-0.0251,0.01015,-0.055,0.0093
2026-09-14 15:40:43,710.19,2026-09-14,700.0,0.06,0.07,0.07,70115,3971,0.3483,-0.0304,0.01252,-0.065,0.0109
2026-09-14 15:40:43,710.19,2026-09-14,701.0,0.03,0.08,0.08,40368,312,0.3105,-0.0291,0.01353,-0.055,0.0105
2026-09-14 15:40:43,710.19,2026-09-14,702.0,0.09,0.1,0.1,68025,678,0.3122,-0.0466,0.01978,-0.095,0.0154
2026-09-14 15:40:43,710.19,2026-09-14,703.0,0.11,0.12,0.12,121224,965,0.2927,-0.058,0.02513,-0.115,0.0183
2026-09-14 15:40:43,710.19,2026-09-14,704.0,0.1,0.11,0.11,159708,656,0.2551,-0.0604,0.02975,-0.105,0.0189
2026-09-14 15:40:43,710.19,2026-09-14,705.0,0.14,0.15,0.19,215820,2297,0.2402,-0.0836,0.04055,-0.145,0.0242
2026-09-14 15:40:43,710.19,2026-09-14,706.0,0.24,0.25,0.21,173388,542,0.238,-0.13,0.05637,-0.245,0.0334
2026-09-14 15:40:43,710.19,2026-09-14,707.0,0.35,0.36,0.36,110417,603,0.2256,-0.1827,0.07442,-0.355,0.0418
2026-09-14 15:40:43,710.19,2026-09-14,708.0,0.48,0.49,0.52,35517,769,0.2071,-0.2487,0.09703,-0.485,0.05
2026-09-14 15:40:43,710.19,2026-09-14,709.0,0.74,0.75,0.74,13168,918,0.1999,-0.3502,0.11751,-0.745,0.0584
2026-09-14 15:40:43,710.19,2026-09-14,710.0,1.16,1.17,1.11,9276,2769,0.201,-0.4733,0.12553,-1.165,0.0628
2026-09-14 15:40:43,710.19,2026-09-14,711.0,1.62,1.68,1.7,2687,970,0.1924,-0.6024,0.12711,-0.84,0.0608
2026-09-14 15:40:43,710.19,2026-09-14,712.0,2.27,2.3,2.69,1769,567,0.1867,-0.728,0.11272,-0.475,0.0523
2026-09-14 15:40:43,710.19,2026-09-14,713.0,3.01,3.12,3.28,1462,122,0.1863,-0.8282,0.08669,-0.255,0.0402
2026-09-14 15:40:43,710.19,2026-09-14,714.0,3.95,4.04,4.36,11216,82,0.2072,-0.8761,0.06259,-0.185,0.0323
2026-09-14 15:40:43,710.19,2026-09-14,715.0,4.87,5.14,5.33,3257,1977,0.2479,-0.8887,0.04851,-0.195,0.0299
2026-09-14 15:40:43,710.19,2026-09-14,716.0,5.85,5.98,6.52,1027,106,0.2473,-0.9302,0.03437,-0.105,0.0211
2026-09-14 15:40:43,710.19,2026-09-14,717.0,6.86,7.22,7.5,518,52,0.3324,-0.9008,0.03328,-0.23,0.0275
2026-09-14 15:40:43,710.19,2026-09-14,718.0,7.87,8.109,11.22,276,237,0.347,-0.9211,0.02688,-0.1795,0.0232
2026-09-14 15:40:43,710.19,2026-09-14,719.0,8.91,9.29,9.23,254,91,0.4253,-0.9029,0.0256,-0.29,0.0271
2026-09-14 15:40:43,710.19,2026-09-14,720.0,9.61,9.98,10.45,258,963,0.1825,-0.9996,0.00046,0.015,0.0002
2026-09-14 15:40:43,710.19,2026-09-14,721.0,10.94,11.11,11.85,1428,59,0.462,-0.9285,0.01872,-0.215,0.0215
2026-09-14 15:40:43,710.19,2026-09-14,722.0,11.7,12.03,15,37,12,0.3919,-0.9705,0.01086,-0.055,0.0106
2026-09-14 15:40:43,710.19,2026-09-14,723.0,12.87,13.23,16.19,1279,34,0.5385,-0.9315,0.01555,-0.24,0.0208
2026-09-14 15:40:43,710.19,2026-09-14,724.0,13.49,14.03,17.19,19,,,,,,
2026-09-14 15:40:43,710.19,2026-09-14,725.0,14.96,15.02,17.78,79,392,0.5689,-0.948,0.01186,-0.18,0.0168
2026-09-14 15:41:44,710.2,2026-09-14,696.0,0.01,0.05,0.04,9258,534,0.4117,-0.0132,0.00524,-0.03,0.0053
2026-09-14 15:41:44,710.2,2026-09-14,697.0,0.01,0.05,0.04,19616,291,0.3863,-0.014,0.00586,-0.03,0.0056
2026-09-14 15:41:44,710.2,2026-09-14,698.0,0.01,0.05,0.05,16312,394,0.3608,-0.0149,0.00662,-0.03,0.0059
2026-09-14 15:41:44,710.2,2026-09-14,699.0,0.05,0.06,0.05,16947,434,0.3674,-0.0251,0.01013,-0.055,0.0092
2026-09-14 15:41:44,710.2,2026-09-14,700.0,0.06,0.07,0.03,70184,3971,0.3493,-0.0304,0.01251,-0.065,0.0108
2026-09-14 15:41:44,710.2,2026-09-14,701.0,0.03,0.04,0.04,40492,312,0.2895,-0.0208,0.01097,-0.035,0.0079
2026-09-14 15:41:44,710.2,2026-09-14,702.0,0.09,0.1,0.1,68145,678,0.3132,-0.0465,0.01975,-0.095,0.0153
2026-09-14 15:41:44,710.2,2026-09-14,703.0,0.11,0.12,0.13,121924,965,0.2936,-0.058,0.02508,-0.115,0.0183
2026-09-14 15:41:44,710.2,2026-09-14,704.0,0.15,0.16,0.16,160447,656,0.2799,-0.0778,0.03304,-0.155,0.0229
2026-09-14 15:41:44,710.2,2026-09-14,705.0,0.15,0.2,0.2,216715,2297,0.2529,-0.0938,0.04207,-0.175,0.0264
2026-09-14 15:41:44,710.2,2026-09-14,706.0,0.26,0.27,0.23,174549,542,0.2447,-0.1357,0.05655,-0.265,0.0343
2026-09-14 15:41:44,710.2,2026-09-14,707.0,0.37,0.38,0.38,112413,603,0.2313,-0.1874,0.0739,-0.375,0.0424
2026-09-14 15:41:44,710.2,2026-09-14,708.0,0.5,0.55,0.55,36215,769,0.2159,-0.2562,0.0947,-0.525,0.0507
2026-09-14 15:41:44,710.2,2026-09-14,709.0,0.79,0.8,0.8,14014,918,0.2094,-0.3553,0.11295,-0.795,0.0586
2026-09-14 15:41:44,710.2,2026-09-14,710.0,1.13,1.14,1.14,9675,2769,0.1974,-0.4715,0.12805,-1.135,0.0626
2026-09-14 15:41:44,710.2,2026-09-14,711.0,1.64,1.69,1.77,2690,970,0.1962,-0.5994,0.12512,-0.865,0.0608
2026-09-14 15:41:44,710.2,2026-09-14,712.0,2.28,2.37,2.74,1771,567,0.196,-0.7176,0.10957,-0.525,0.0532
2026-09-14 15:41:44,710.2,2026-09-14,713.0,3.16,3.2,3.39,1473,122,0.2155,-0.793,0.08423,-0.38,0.045
2026-09-14 15:41:44,710.2,2026-09-14,714.0,3.93,4.15,4.36,11216,82,0.2234,-0.8579,0.06394,-0.24,0.0354
2026-09-14 15:41:44,710.2,2026-09-14,715.0,4.99,5.05,5.45,3258,1977,0.2561,-0.881,0.04933,-0.22,0.0313
2026-09-14 15:41:44,710.2,2026-09-14,716.0,5.86,5.92,6.52,1027,106,0.2401,-0.936,0.03316,-0.09,0.0197
2026-09-14 15:41:44,710.2,2026-09-14,717.0,6.76,7.08,7.5,518,52,0.2872,-0.9319,0.02907,-0.12,0.0207
2026-09-14 15:41:44,710.2,2026-09-14,718.0,7.83,7.9,11.22,276,237,0.2869,-0.9565,0.02043,-0.065,0.0145
2026-09-14 15:41:44,710.2,2026-09-14,719.0,8.89,9.05,9.23,254,91,0.3762,-0.9292,0.02286,-0.17,0.0213
2026-09-14 15:41:44,710.2,2026-09-14,720.0,9.95,10.18,10.45,259,963,0.4508,-0.9138,0.02216,-0.265,0.0248
2026-09-14 15:41:44,710.2,2026-09-14,721.0,10.75,10.82,10.87,1431,59,0.1977,-0.9997,0.00035,0.015,0.0002
2026-09-14 15:41:44,710.2,2026-09-14,722.0,11.63,12.35,15,37,12,0.4824,-0.9374,0.01621,-0.19,0.0194
2026-09-14 15:41:44,710.2,2026-09-14,723.0,12.76,12.96,16.19,1279,34,0.4245,-0.9707,0.00998,-0.06,0.0105
2026-09-14 15:41:44,710.2,2026-09-14,724.0,13.67,14.41,17.19,19,,0.5713,-0.9347,0.01415,-0.24,0.02
2026-09-14 15:41:44,710.2,2026-09-14,725.0,14.54,15.19,17.78,79,392,0.4836,-0.9724,0.00835,-0.065,0.01
2026-09-14 15:42:46,710.11,2026-09-14,696.0,0.01,0.02,0.03,9260,534,0.3754,-0.0077,0.00359,-0.015,0.0033
2026-09-14 15:42:46,710.11,2026-09-14,697.0,0.04,0.05,0.04,19632,291,0.408,-0.0192,0.00729,-0.045,0.0073
2026-09-14 15:42:46,710.11,2026-09-14,698.0,0.04,0.05,0.04,16357,394,0.3812,-0.0204,0.00821,-0.045,0.0077
2026-09-14 15:42:46,710.11,2026-09-14,699.0,0.05,0.06,0.05,16984,434,0.3657,-0.0252,0.01025,-0.055,0.0093
2026-09-14 15:42:46,710.11,2026-09-14,700.0,0.06,0.07,0.03,70793,3971,0.3474,-0.0306,0.01267,-0.065,0.0109
2026-09-14 15:42:46,710.11,2026-09-14,701.0,0.03,0.04,0.08,40716,312,0.2877,-0.0209,0.01113,-0.035,0.0079
2026-09-14 15:42:46,710.11,2026-09-14,702.0,0.05,0.06,0.1,68438,678,0.281,-0.0318,0.01619,-0.055,0.0112
2026-09-14 15:42:46,710.11,2026-09-14,703.0,0.07,0.08,0.12,124761,965,0.267,-0.0436,0.02204,-0.075,0.0145
2026-09-14 15:42:46,710.11,2026-09-14,704.0,0.1,0.15,0.15,161410,656,0.2637,-0.0684,0.03183,-0.125,0.0207
2026-09-14 15:42:46,710.11,2026-09-14,705.0,0.19,0.2,0.16,218010,2297,0.2575,-0.1013,0.04379,-0.195,0.0278
2026-09-14 15:42:46,710.11,2026-09-14,706.0,0.23,0.24,0.24,176871,542,0.2327,-0.1284,0.05736,-0.235,0.0329
2026-09-14 15:42:46,710.11,2026-09-14,707.0,0.39,0.4,0.36,116115,603,0.2324,-0.1948,0.07547,-0.395,0.0433
2026-09-14 15:42:46,710.11,2026-09-14,708.0,0.57,0.58,0.57,38319,769,0.2215,-0.2696,0.09496,-0.575,0.0519
2026-09-14 15:42:46,710.11,2026-09-14,709.0,0.8,0.81,0.85,14426,918,0.206,-0.3631,0.11593,-0.805,0.0589
2026-09-14 15:42:46,710.11,2026-09-14,710.0,1.22,1.23,1.21,9881,2769,0.2053,-0.4836,0.1236,-1.225,0.0626
2026-09-14 15:42:46,710.11,2026-09-14,711.0,1.7,1.71,1.65,2725,970,0.1942,-0.612,0.12559,-0.815,0.0602
2026-09-14 15:42:46,710.11,2026-09-14,712.0,2.42,2.45,2.29,1790,567,0.2049,-0.7189,0.10478,-0.545,0.053
2026-09-14 15:42:46,710.11,2026-09-14,713.0,3.18,3.28,3.27,1485,122,0.211,-0.806,0.08292,-0.34,0.0432
2026-09-14 15:42:46,710.11,2026-09-14,714.0,3.96,4.15,4.36,11216,82,0.2046,-0.8849,0.06041,-0.165,0.0305
2026-09-14 15:42:46,710.11,2026-09-14,715.0,4.83,5.12,5.45,3258,1977,0.2085,-0.9307,0.04068,-0.085,0.0209
2026-09-14 15:42:46,710.11,2026-09-14,716.0,5.79,5.97,6.01,1028,106,0.1502,-0.9934,0.00786,0.01,0.0029
2026-09-14 15:42:46,710.11,2026-09-14,717.0,6.61,7.02,7.5,518,52,,,,,
2026-09-14 15:42:46,710.11,2026-09-14,718.0,7.75,8.09,11.22,276,237,0.2617,-0.9714,0.0159,-0.03,0.0103
2026-09-14 15:42:46,710.11,2026-09-14,719.0,8.58,9.15,9.23,254,91,,,,,
2026-09-14 15:42:46,710.11,2026-09-14,720.0,9.6,9.8,9.94,259,963,,,,,
2026-09-14 15:42:46,710.11,2026-09-14,721.0,10.66,10.83,10.87,1431,59,,,,,
2026-09-14 15:42:46,710.11,2026-09-14,722.0,11.81,12.2,15,37,12,0.4426,-0.9544,0.01378,-0.115,0.0151
2026-09-14 15:42:46,710.11,2026-09-14,723.0,12.87,12.97,16.19,1279,34,0.3944,-0.9801,0.0078,-0.03,0.0076
2026-09-14 15:42:46,710.11,2026-09-14,724.0,13.83,13.9,17.19,19,,,,,,
2026-09-14 15:42:46,710.11,2026-09-14,725.0,14.42,14.97,17.78,79,392,,,,,
2026-09-14 15:43:46,710.34,2026-09-14,696.0,0.04,0.05,0.03,9261,534,0.4414,-0.0179,0.00636,-0.045,0.0069
2026-09-14 15:43:46,710.34,2026-09-14,697.0,0.01,0.05,0.04,19633,291,0.3913,-0.0139,0.00577,-0.03,0.0056
2026-09-14 15:43:46,710.34,2026-09-14,698.0,0.01,0.02,0.04,16381,394,0.3339,-0.0086,0.00445,-0.015,0.0037
2026-09-14 15:43:46,710.34,2026-09-14,699.0,0.01,0.06,0.06,16989,434,0.3476,-0.0177,0.00801,-0.035,0.0068
2026-09-14 15:43:46,710.34,2026-09-14,700.0,0.02,0.03,0.07,70976,3971,0.3058,-0.0147,0.00776,-0.025,0.0058
2026-09-14 15:43:46,710.34,2026-09-14,701.0,0.07,0.08,0.08,40734,312,0.3342,-0.0359,0.01506,-0.075,0.0124
2026-09-14 15:43:46,710.34,2026-09-14,702.0,0.09,0.1,0.1,68568,678,0.3186,-0.046,0.0193,-0.095,0.0151
2026-09-14 15:43:46,710.34,2026-09-14,703.0,0.07,0.08,0.08,126563,965,0.2744,-0.0427,0.02109,-0.075,0.0142
2026-09-14 15:43:46,710.34,2026-09-14,704.0,0.14,0.15,0.15,162096,656,0.2812,-0.0735,0.0316,-0.145,0.0219
2026-09-14 15:43:46,710.34,2026-09-14,705.0,0.19,0.2,0.2,218725,2297,0.2664,-0.0986,0.04158,-0.195,0.0272
2026-09-14 15:43:46,710.34,2026-09-14,706.0,0.22,0.23,0.27,177666,542,0.239,-0.1214,0.05381,-0.225,0.0316
2026-09-14 15:43:46,710.34,2026-09-14,707.0,0.37,0.38,0.38,117910,603,0.2384,-0.1835,0.07104,-0.375,0.0417
2026-09-14 15:43:46,710.34,2026-09-14,708.0,0.55,0.56,0.51,39272,769,0.2298,-0.2556,0.0892,-0.555,0.0504
2026-09-14 15:43:46,710.34,2026-09-14,709.0,0.81,0.82,0.76,14704,918,0.2221,-0.3476,0.10605,-0.815,0.0579
2026-09-14 15:43:46,710.34,2026-09-14,710.0,1.19,1.2,1.12,9996,2769,0.2182,-0.4577,0.1159,-1.195,0.0622
2026-09-14 15:43:46,710.34,2026-09-14,711.0,1.64,1.66,1.65,2725,970,0.208,-0.5774,0.11997,-0.99,0.0614
2026-09-14 15:43:46,710.34,2026-09-14,712.0,2.29,2.31,2.46,1792,567,0.2103,-0.69,0.10697,-0.64,0.0553
2026-09-14 15:43:46,710.34,2026-09-14,713.0,2.99,3.14,3.27,1485,122,0.2153,-0.7821,0.08719,-0.405,0.0462
2026-09-14 15:43:46,710.34,2026-09-14,714.0,3.87,4.019,4.36,11216,82,0.2307,-0.8419,0.06672,-0.2845,0.0379
2026-09-14 15:43:46,710.34,2026-09-14,715.0,4.71,4.96,5.45,3258,1977,0.2369,-0.8932,0.04955,-0.175,0.0289
2026-09-14 15:43:46,710.34,2026-09-14,716.0,5.72,5.94,6.01,1028,106,0.271,-0.9066,0.03928,-0.17,0.0262
2026-09-14 15:43:46,710.34,2026-09-14,717.0,6.61,7.1,7.5,518,52,0.3158,-0.9086,0.03318,-0.195,0.0258
2026-09-14 15:43:46,710.34,2026-09-14,718.0,7.76,7.98,8.23,279,237,0.3565,-0.9124,0.02845,-0.21,0.025
2026-09-14 15:43:46,710.34,2026-09-14,719.0,8.54,8.91,9.23,254,91,0.3132,-0.9596,0.01769,-0.065,0.0136
2026-09-14 15:43:46,710.34,2026-09-14,720.0,9.57,9.88,9.94,259,963,0.3422,-0.9626,0.01521,-0.065,0.0128
2026-09-14 15:43:46,710.34,2026-09-14,721.0,10.74,10.85,10.87,1431,59,0.4185,-0.9458,0.01676,-0.135,0.0172
2026-09-14 15:43:46,710.34,2026-09-14,722.0,11.72,11.95,15,37,12,0.4719,-0.9401,0.01608,-0.175,0.0187
2026-09-14 15:43:46,710.34,2026-09-14,723.0,12.61,12.94,16.19,1279,34,0.4661,-0.9563,0.01266,-0.115,0.0145
2026-09-14 15:43:46,710.34,2026-09-14,724.0,13.38,14.02,17.19,19,,0.4276,-0.9778,0.00788,-0.04,0.0083
2026-09-14 15:43:46,710.34,2026-09-14,725.0,14.65,14.71,17.78,79,392,0.4247,-0.985,0.00567,-0.02,0.0059
2026-09-14 15:44:46,710.51,2026-09-14,696.0,0.01,0.02,0.04,9268,534,0.3862,-0.0075,0.00343,-0.015,0.0033
2026-09-14 15:44:46,710.51,2026-09-14,697.0,0.04,0.05,0.03,19659,291,0.4201,-0.0187,0.00696,-0.045,0.0072
2026-09-14 15:44:46,710.51,2026-09-14,698.0,0.01,0.02,0.02,16397,394,0.3386,-0.0085,0.00435,-0.015,0.0036
2026-09-14 15:44:46,710.51,2026-09-14,699.0,0.05,0.06,0.06,16996,434,0.378,-0.0246,0.00973,-0.055,0.009
2026-09-14 15:44:46,710.51,2026-09-14,700.0,0.06,0.07,0.03,71055,3971,0.3601,-0.0297,0.01198,-0.065,0.0106
2026-09-14 15:44:46,710.51,2026-09-14,701.0,0.03,0.08,0.08,41568,312,0.3219,-0.0283,0.01287,-0.055,0.0102
2026-09-14 15:44:46,710.51,2026-09-14,702.0,0.05,0.1,0.1,69079,678,0.3102,-0.0384,0.01717,-0.075,0.0131
2026-09-14 15:44:46,710.51,2026-09-14,703.0,0.11,0.12,0.12,127240,965,0.3052,-0.0563,0.02372,-0.115,0.0177
2026-09-14 15:44:46,710.51,2026-09-14,704.0,0.14,0.15,0.15,163062,656,0.2875,-0.0722,0.03056,-0.145,0.0215
2026-09-14 15:44:46,710.51,2026-09-14,705.0,0.15,0.2,0.2,219322,2297,0.2654,-0.0905,0.03924,-0.175,0.0255
2026-09-14 15:44:46,710.51,2026-09-14,706.0,0.22,0.23,0.27,179702,542,0.246,-0.1187,0.05155,-0.225,0.0311
2026-09-14 15:44:46,710.51,2026-09-14,707.0,0.36,0.37,0.37,120342,603,0.2439,-0.1767,0.06792,-0.365,0.0406
2026-09-14 15:44:46,710.51,2026-09-14,708.0,0.53,0.54,0.54,39793,769,0.2348,-0.2449,0.0855,-0.535,0.0492
2026-09-14 15:44:46,710.51,2026-09-14,709.0,0.73,0.78,0.78,14939,918,0.2221,-0.3295,0.10406,-0.755,0.0567
2026-09-14 15:44:46,710.51,2026-09-14,710.0,1.08,1.13,1.14,10122,2769,0.2164,-0.4375,0.11629,-1.105,0.0617
2026-09-14 15:44:46,710.51,2026-09-14,711.0,1.55,1.61,1.58,2728,970,0.2127,-0.5558,0.11863,-1.09,0.0618
2026-09-14 15:44:46,710.51,2026-09-14,712.0,2.23,2.25,2.17,1802,567,0.2205,-0.6644,0.1056,-0.75,0.0571
2026-09-14 15:44:46,710.51,2026-09-14,713.0,2.87,3.03,3.27,1487,122,0.2192,-0.7635,0.08986,-0.46,0.0483
2026-09-14 15:44:46,710.51,2026-09-14,714.0,3.69,3.85,3.71,11217,82,0.2228,-0.8392,0.06997,-0.28,0.0382
2026-09-14 15:44:46,710.51,2026-09-14,715.0,4.57,4.83,4.92,3259,1977,0.2425,-0.8794,0.05286,-0.21,0.0314
2026-09-14 15:44:46,710.51,2026-09-14,716.0,5.63,5.68,6.01,1028,106,0.2635,-0.9064,0.04051,-0.165,0.0262
2026-09-14 15:44:46,710.51,2026-09-14,717.0,6.42,6.61,7.5,518,52,0.2189,-0.9699,0.01994,-0.025,0.0107
2026-09-14 15:44:46,710.51,2026-09-14,718.0,7.36,7.75,8.23,279,237,0.2791,-0.9553,0.02157,-0.065,0.0148
2026-09-14 15:44:46,710.51,2026-09-14,719.0,8.52,8.85,9.23,254,91,0.3792,-0.9214,0.0247,-0.195,0.023
2026-09-14 15:44:46,710.51,2026-09-14,720.0,9.57,9.9,9.94,259,963,0.4344,-0.9161,0.02266,-0.245,0.0241
2026-09-14 15:44:46,710.51,2026-09-14,721.0,10.2,10.66,10.87,1431,59,,,,,
2026-09-14 15:44:46,710.51,2026-09-14,722.0,11.4,11.66,15,37,12,0.3707,-0.9748,0.01012,-0.04,0.0092
2026-09-14 15:44:46,710.51,2026-09-14,723.0,12.37,12.81,16.19,1279,34,0.4512,-0.9596,0.01231,-0.1,0.0136
2026-09-14 15:44:46,710.51,2026-09-14,724.0,13.41,13.71,17.19,19,,0.4551,-0.9692,0.00977,-0.07,0.0109
2026-09-14 15:44:46,710.51,2026-09-14,725.0,14.57,14.76,17.78,79,392,0.5602,-0.9482,0.0121,-0.175,0.0166
