run_time,spot,expiration,strike,bid,ask,last,volume,open_interest,iv,delta,gamma,theta,vega
2026-08-20 19:15:15,710.35,2026-08-20,704.0,0.03,0.04,0.02,20476,932,0.5078,-0.0274,0.01899,-0.035,0.0041
2026-08-20 19:15:15,710.35,2026-08-20,705.0,0.04,0.05,0.04,94370,1079,0.4603,-0.0373,0.02697,-0.045,0.0053
2026-08-20 19:15:15,710.35,2026-08-20,706.0,0.04,0.05,0.05,46562,1329,0.3888,-0.0432,0.03598,-0.045,0.006
2026-08-20 19:15:15,710.35,2026-08-20,707.0,0.05,0.06,0.06,122586,616,0.3289,-0.0593,0.05477,-0.055,0.0077
2026-08-20 19:15:15,710.35,2026-08-20,708.0,0.09,0.1,0.1,208798,1079,0.2875,-0.1053,0.09669,-0.095,0.0119
2026-08-20 19:15:15,710.35,2026-08-20,709.0,0.14,0.15,0.16,222132,777,0.2261,-0.1802,0.17719,-0.145,0.0172
2026-08-20 19:15:15,710.35,2026-08-20,710.0,0.42,0.43,0.45,416788,3393,0.2236,-0.4045,0.26441,-0.425,0.0254
2026-08-20 19:15:15,710.35,2026-08-20,711.0,0.92,0.94,0.94,344406,468,0.2089,-0.6814,0.26074,-0.28,0.0234
2026-08-20 19:15:15,710.35,2026-08-20,712.0,1.66,1.67,1.75,354430,896,0.1475,-0.9556,0.09704,-0.015,0.0061
2026-08-20 19:15:15,710.35,2026-08-20,713.0,2.47,2.6,2.78,161258,881,,,,,
2026-08-20 19:15:15,710.35,2026-08-20,714.0,3.48,3.69,3.81,74053,580,,,,,
2026-08-20 19:15:15,710.35,2026-08-20,715.0,4.45,4.74,4.6,37934,1829,,,,,
2026-08-20 19:15:15,710.35,2026-08-20,716.0,5.35,5.65,5.84,10615,2164,,,,,
2026-08-20 19:15:15,710.35,2026-08-20,717.0,6.53,6.61,7.03,5585,902,,,,,
2026-08-20 19:16:16,710.64,2026-08-20,704.0,0.01,0.04,0.02,20501,932,0.5053,-0.0207,0.0152,-0.025,0.0032
2026-08-20 19:16:16,710.64,2026-08-20,705.0,0.03,0.04,0.04,94579,1079,0.465,-0.0299,0.02254,-0.035,0.0044
2026-08-20 19:16:16,710.64,2026-08-20,706.0,0.04,0.05,0.02,46881,1329,0.4143,-0.0413,0.03291,-0.045,0.0057
2026-08-20 19:16:16,710.64,2026-08-20,707.0,0.01,0.02,0.06,122887,616,0.2804,-0.0222,0.02907,-0.015,0.0034
2026-08-20 19:16:16,710.64,2026-08-20,708.0,0.08,0.09,0.05,209742,1079,0.3073,-0.0916,0.08264,-0.085,0.0107
2026-08-20 19:16:16,710.64,2026-08-20,709.0,0.16,0.17,0.17,223418,777,0.2711,-0.1744,0.14636,-0.165,0.0167
2026-08-20 19:16:16,710.64,2026-08-20,710.0,0.36,0.37,0.37,418499,3393,0.2458,-0.3429,0.23074,-0.365,0.0238
2026-08-20 19:16:16,710.64,2026-08-20,711.0,0.86,0.87,0.84,344907,468,0.2595,-0.5837,0.23195,-0.505,0.0253
2026-08-20 19:16:16,710.64,2026-08-20,712.0,1.52,1.57,1.57,354617,896,0.2527,-0.7958,0.17305,-0.185,0.0184
2026-08-20 19:16:16,710.64,2026-08-20,713.0,2.44,2.53,2.51,161276,881,0.3159,-0.8745,0.10081,-0.125,0.0134
2026-08-20 19:16:16,710.64,2026-08-20,714.0,3.29,3.54,3.45,74074,580,0.3346,-0.9386,0.05595,-0.055,0.0079
2026-08-20 19:16:16,710.64,2026-08-20,715.0,4.29,4.48,4.59,37939,1829,0.3578,-0.9694,0.02985,-0.025,0.0045
2026-08-20 19:16:16,710.64,2026-08-20,716.0,5.23,5.53,5.84,10617,2164,0.4112,-0.9773,0.02023,-0.02,0.0035
2026-08-20 19:16:16,710.64,2026-08-20,717.0,6.44,6.61,7.03,5586,902,0.6986,-0.9184,0.03332,-0.165,0.0098
2026-08-20 19:17:18,710.38,2026-08-20,704.0,0.03,0.04,0.03,20545,932,0.5219,-0.0273,0.01886,-0.035,0.004
2026-08-20 19:17:18,710.38,2026-08-20,705.0,0.01,0.04,0.02,94724,1079,0.428,-0.0242,0.02076,-0.025,0.0036
2026-08-20 19:17:18,710.38,2026-08-20,706.0,0.01,0.05,0.05,46928,1329,0.3716,-0.0322,0.03032,-0.03,0.0046
2026-08-20 19:17:18,710.38,2026-08-20,707.0,0.01,0.02,0.06,123315,616,0.2666,-0.0234,0.03243,-0.015,0.0035
2026-08-20 19:17:18,710.38,2026-08-20,708.0,0.08,0.09,0.09,211090,1079,0.2882,-0.0977,0.09351,-0.085,0.011
2026-08-20 19:17:18,710.38,2026-08-20,709.0,0.2,0.21,0.21,224706,777,0.2687,-0.2102,0.16764,-0.205,0.0185
2026-08-20 19:17:18,710.38,2026-08-20,710.0,0.45,0.46,0.51,419741,3393,0.2459,-0.4036,0.24601,-0.455,0.0248
2026-08-20 19:17:18,710.38,2026-08-20,711.0,1,1.02,1.02,345515,468,0.2565,-0.6461,0.22644,-0.39,0.0238
2026-08-20 19:17:18,710.38,2026-08-20,712.0,1.82,1.85,1.84,354685,896,0.3015,-0.7983,0.14577,-0.215,0.018
2026-08-20 19:17:18,710.38,2026-08-20,713.0,2.71,2.79,2.81,161328,881,0.3481,-0.8792,0.0902,-0.13,0.0129
2026-08-20 19:17:18,710.38,2026-08-20,714.0,3.59,3.74,3.54,74075,580,0.345,-0.9487,0.04767,-0.045,0.0067
2026-08-20 19:17:18,710.38,2026-08-20,715.0,4.45,4.84,4.75,37941,1829,0.3799,-0.9707,0.02745,-0.025,0.0043
2026-08-20 19:17:18,710.38,2026-08-20,716.0,5.47,5.75,5.59,10623,2164,,,,,
2026-08-20 19:17:18,710.38,2026-08-20,717.0,6.44,6.69,6.61,5587,902,,,,,
2026-08-20 19:18:19,710.26,2026-08-20,704.0,0.03,0.04,0.02,20571,932,0.5203,-0.0277,0.01936,-0.035,0.004
2026-08-20 19:18:19,710.26,2026-08-20,705.0,0.03,0.04,0.03,94879,1079,0.4501,-0.0315,0.02488,-0.035,0.0045
2026-08-20 19:18:19,710.26,2026-08-20,706.0,0.01,0.02,0.02,47217,1329,0.3287,-0.0197,0.02297,-0.015,0.003
2026-08-20 19:18:19,710.26,2026-08-20,707.0,0.05,0.06,0.06,123722,616,0.334,-0.0603,0.05665,-0.055,0.0076
2026-08-20 19:18:19,710.26,2026-08-20,708.0,0.08,0.09,0.09,213572,1079,0.2813,-0.1007,0.09913,-0.085,0.0112
2026-08-20 19:18:19,710.26,2026-08-20,709.0,0.19,0.2,0.2,225925,777,0.2532,-0.2138,0.18187,-0.195,0.0184
2026-08-20 19:18:19,710.26,2026-08-20,710.0,0.47,0.48,0.48,421807,3393,0.2376,-0.4289,0.26132,-0.475,0.0248
2026-08-20 19:18:19,710.26,2026-08-20,711.0,0.99,1.01,1.02,345920,468,0.2215,-0.6991,0.2486,-0.265,0.022
2026-08-20 19:18:19,710.26,2026-08-20,712.0,1.74,1.87,1.92,355730,896,0.2209,-0.8921,0.13275,-0.07,0.0117
2026-08-20 19:18:19,710.26,2026-08-20,713.0,2.62,2.79,2.89,161437,881,,,,,
2026-08-20 19:18:19,710.26,2026-08-20,714.0,3.68,3.86,3.82,74098,580,0.3416,-0.9574,0.04195,-0.035,0.0057
2026-08-20 19:18:19,710.26,2026-08-20,715.0,4.52,4.9,4.81,37964,1829,,,,,
2026-08-20 19:18:19,710.26,2026-08-20,716.0,5.57,5.8,5.82,10625,2164,,,,,
2026-08-20 19:18:19,710.26,2026-08-20,717.0,6.69,6.71,6.61,5587,902,,,,,
2026-08-20 19:19:21,710.27,2026-08-20,704.0,0.01,0.04,0.03,20587,932,0.4997,-0.0216,0.01654,-0.025,0.0032
2026-08-20 19:19:21,710.27,2026-08-20,705.0,0.01,0.02,0.02,95348,1079,0.3991,-0.0167,0.01668,-0.015,0.0026
2026-08-20 19:19:21,710.27,2026-08-20,706.0,0.04,0.05,0.02,47442,1329,0.4023,-0.0437,0.03685,-0.045,0.0058
2026-08-20 19:19:21,710.27,2026-08-20,707.0,0.05,0.06,0.06,124026,616,0.339,-0.0602,0.05642,-0.055,0.0075
2026-08-20 19:19:21,710.27,2026-08-20,708.0,0.08,0.09,0.09,214420,1079,0.2858,-0.1004,0.09862,-0.085,0.011
2026-08-20 19:19:21,710.27,2026-08-20,709.0,0.19,0.2,0.2,227054,777,0.2576,-0.2131,0.18067,-0.195,0.0182
2026-08-20 19:19:21,710.27,2026-08-20,710.0,0.45,0.5,0.5,424325,3393,0.2423,-0.4269,0.2592,-0.475,0.0245
2026-08-20 19:19:21,710.27,2026-08-20,711.0,1.02,1.08,1.07,346473,468,0.25,-0.6778,0.22971,-0.325,0.0224
2026-08-20 19:19:21,710.27,2026-08-20,712.0,1.83,1.93,1.86,355760,896,0.2845,-0.8333,0.14066,-0.155,0.0156
2026-08-20 19:19:21,710.27,2026-08-20,713.0,2.76,2.88,2.91,161449,881,0.3365,-0.9017,0.08245,-0.095,0.0108
2026-08-20 19:19:21,710.27,2026-08-20,714.0,3.63,3.82,3.84,74107,580,0.2318,-0.9948,0.0103,-0.0,0.0009
2026-08-20 19:19:21,710.27,2026-08-20,715.0,4.61,4.8,4.81,37964,1829,,,,,
2026-08-20 19:19:21,710.27,2026-08-20,716.0,5.6,5.8,5.9,10627,2164,,,,,
2026-08-20 19:19:21,710.27,2026-08-20,717.0,6.71,6.93,6.79,5593,902,0.6691,-0.945,0.02663,-0.095,0.007
2026-08-20 19:20:22,710.14,2026-08-20,704.0,0.01,0.02,0.02,20587,932,0.4608,-0.0149,0.01324,-0.015,0.0023
2026-08-20 19:20:22,710.14,2026-08-20,705.0,0.03,0.04,0.03,95411,1079,0.4526,-0.032,0.02575,-0.035,0.0044
2026-08-20 19:20:22,710.14,2026-08-20,706.0,0.04,0.05,0.04,47624,1329,0.3971,-0.0447,0.03851,-0.045,0.0058
2026-08-20 19:20:22,710.14,2026-08-20,707.0,0.05,0.06,0.05,124200,616,0.3323,-0.0619,0.05961,-0.055,0.0075
2026-08-20 19:20:22,710.14,2026-08-20,708.0,0.08,0.09,0.09,215876,1079,0.2769,-0.1042,0.10592,-0.085,0.0111
2026-08-20 19:20:22,710.14,2026-08-20,709.0,0.2,0.21,0.21,228601,777,0.25,-0.2288,0.19641,-0.205,0.0187
2026-08-20 19:20:22,710.14,2026-08-20,710.0,0.5,0.51,0.51,426031,3393,0.2331,-0.4602,0.27618,-0.505,0.0245
2026-08-20 19:20:22,710.14,2026-08-20,711.0,1.09,1.12,1.12,347260,468,0.2347,-0.7228,0.23146,-0.245,0.0207
2026-08-20 19:20:22,710.14,2026-08-20,712.0,1.83,1.95,2.009,355882,896,0.1955,-0.938,0.10135,-0.03,0.0075
2026-08-20 19:20:22,710.14,2026-08-20,713.0,2.77,2.86,2.86,161516,881,,,,,
2026-08-20 19:20:22,710.14,2026-08-20,714.0,3.75,3.97,3.93,74114,580,0.2416,-0.9951,0.00957,0.0,0.0009
2026-08-20 19:20:22,710.14,2026-08-20,715.0,4.81,4.96,4.87,38010,1829,0.4109,-0.9719,0.02546,-0.025,0.004
2026-08-20 19:20:22,710.14,2026-08-20,716.0,5.71,6,5.83,10637,2164,,,,,
2026-08-20 19:20:22,710.14,2026-08-20,717.0,6.69,6.84,6.89,5595,902,,,,,
2026-08-20 19:21:26,710.15,2026-08-20,704.0,0.03,0.04,0.03,20589,932,0.5326,-0.0281,0.01989,-0.035,0.0039
2026-08-20 19:21:26,710.15,2026-08-20,705.0,0.03,0.04,0.03,95432,1079,0.4594,-0.032,0.02568,-0.035,0.0044
2026-08-20 19:21:26,710.15,2026-08-20,706.0,0.01,0.05,0.02,47745,1329,0.374,-0.0335,0.03275,-0.03,0.0045
2026-08-20 19:21:26,710.15,2026-08-20,707.0,0.05,0.06,0.05,124383,616,0.3376,-0.0618,0.05937,-0.055,0.0074
2026-08-20 19:21:26,710.15,2026-08-20,708.0,0.09,0.1,0.1,217009,1079,0.2905,-0.111,0.10712,-0.095,0.0115
2026-08-20 19:21:26,710.15,2026-08-20,709.0,0.17,0.22,0.22,231543,777,0.2492,-0.2231,0.19689,-0.195,0.0182
2026-08-20 19:21:26,710.15,2026-08-20,710.0,0.54,0.55,0.55,435248,3393,0.2547,-0.4604,0.25618,-0.545,0.0241
2026-08-20 19:21:26,710.15,2026-08-20,711.0,1.09,1.17,1.15,348144,468,0.2535,-0.7083,0.22262,-0.28,0.0209
2026-08-20 19:21:26,710.15,2026-08-20,712.0,1.92,2.04,1.87,356161,896,0.2882,-0.8534,0.13094,-0.13,0.014
2026-08-20 19:21:26,710.15,2026-08-20,713.0,2.82,2.99,2.8,161543,881,0.3135,-0.9318,0.06905,-0.055,0.008
2026-08-20 19:21:26,710.15,2026-08-20,714.0,3.82,4.019,3.8,74116,580,0.4162,-0.935,0.05009,-0.0695,0.0077
2026-08-20 19:21:26,710.15,2026-08-20,715.0,4.81,4.96,4.82,38012,1829,0.4387,-0.9647,0.02914,-0.035,0.0047
2026-08-20 19:21:26,710.15,2026-08-20,716.0,5.84,5.89,5.9,10640,2164,0.453,-0.9826,0.01559,-0.015,0.0026
2026-08-20 19:21:26,710.15,2026-08-20,717.0,6.84,6.93,6.89,5595,902,0.5831,-0.9725,0.01784,-0.035,0.0039
2026-08-20 19:22:27,710.22,2026-08-20,704.0,0.03,0.04,0.02,20593,932,0.5449,-0.0279,0.01957,-0.035,0.0038
2026-08-20 19:22:27,710.22,2026-08-20,705.0,0.01,0.04,0.02,95497,1079,0.445,-0.0248,0.02171,-0.025,0.0035
2026-08-20 19:22:27,710.22,2026-08-20,706.0,0.04,0.05,0.04,47812,1329,0.4143,-0.0441,0.03751,-0.045,0.0056
2026-08-20 19:22:27,710.22,2026-08-20,707.0,0.01,0.06,0.05,124510,616,0.3171,-0.0447,0.04957,-0.035,0.0057
2026-08-20 19:22:27,710.22,2026-08-20,708.0,0.08,0.09,0.09,217433,1079,0.2921,-0.1019,0.10149,-0.085,0.0107
2026-08-20 19:22:27,710.22,2026-08-20,709.0,0.15,0.16,0.2,232385,777,0.2379,-0.1955,0.19341,-0.155,0.0166
2026-08-20 19:22:27,710.22,2026-08-20,710.0,0.48,0.49,0.49,439772,3393,0.2462,-0.4398,0.26689,-0.485,0.0237
2026-08-20 19:22:27,710.22,2026-08-20,711.0,1.02,1.03,1.03,349014,468,0.2299,-0.713,0.24678,-0.245,0.0204
2026-08-20 19:22:27,710.22,2026-08-20,712.0,1.85,1.88,1.81,356316,896,0.25,-0.8815,0.13217,-0.085,0.0119
2026-08-20 19:22:27,710.22,2026-08-20,713.0,2.75,2.85,2.71,161624,881,0.2569,-0.9638,0.05151,-0.02,0.0048
2026-08-20 19:22:27,710.22,2026-08-20,714.0,3.68,3.81,3.78,74123,580,,,,,
2026-08-20 19:22:27,710.22,2026-08-20,715.0,4.78,4.98,4.73,38015,1829,0.54,-0.9288,0.04197,-0.1,0.0082
2026-08-20 19:22:27,710.22,2026-08-20,716.0,5.65,6.01,5.9,10641,2164,0.5455,-0.9604,0.02611,-0.05,0.0051
2026-08-20 19:22:27,710.22,2026-08-20,717.0,6.63,6.84,6.89,5595,902,,,,,
2026-08-20 19:23:28,710.65,2026-08-20,704.0,0.03,0.04,0.02,20594,932,0.584,-0.0265,0.01775,-0.035,0.0036
2026-08-20 19:23:28,710.65,2026-08-20,705.0,0.01,0.02,0.02,95560,1079,0.4465,-0.0159,0.01503,-0.015,0.0024
2026-08-20 19:23:28,710.65,2026-08-20,706.0,0.04,0.05,0.04,47875,1329,0.4541,-0.0412,0.03281,-0.045,0.0052
2026-08-20 19:23:28,710.65,2026-08-20,707.0,0.01,0.02,0.04,124620,616,0.3075,-0.0221,0.02896,-0.015,0.0031
2026-08-20 19:23:28,710.65,2026-08-20,708.0,0.06,0.07,0.07,217747,1079,0.3153,-0.0772,0.07749,-0.065,0.0086
2026-08-20 19:23:28,710.65,2026-08-20,709.0,0.13,0.14,0.1,233188,777,0.2774,-0.1568,0.14611,-0.135,0.0142
2026-08-20 19:23:28,710.65,2026-08-20,710.0,0.33,0.34,0.34,441629,3393,0.2566,-0.3335,0.23927,-0.335,0.0215
2026-08-20 19:23:28,710.65,2026-08-20,711.0,0.79,0.8,0.8,349640,468,0.256,-0.5903,0.25627,-0.445,0.023
2026-08-20 19:23:28,710.65,2026-08-20,712.0,1.46,1.5,1.5,356515,896,0.2408,-0.8272,0.17929,-0.13,0.0151
2026-08-20 19:23:28,710.65,2026-08-20,713.0,2.31,2.42,2.42,161716,881,0.2166,-0.9661,0.05869,-0.015,0.0045
2026-08-20 19:23:28,710.65,2026-08-20,714.0,3.36,3.44,3.42,74134,580,0.3576,-0.9424,0.05447,-0.05,0.0068
2026-08-20 19:23:28,710.65,2026-08-20,715.0,4.23,4.51,4.45,38068,1829,0.3767,-0.9739,0.02718,-0.02,0.0036
2026-08-20 19:23:28,710.65,2026-08-20,716.0,5.17,5.58,5.61,10641,2164,0.4628,-0.9739,0.0221,-0.025,0.0036
2026-08-20 19:23:28,710.65,2026-08-20,717.0,6.3,6.37,6.89,5595,902,,,,,
2026-08-20 19:24:30,710.93,2026-08-20,704.0,0.01,0.02,0.03,20597,932,0.54,-0.0135,0.01099,-0.015,0.002
2026-08-20 19:24:30,710.93,2026-08-20,705.0,0.01,0.02,0.03,95575,1079,0.4719,-0.0153,0.01396,-0.015,0.0022
2026-08-20 19:24:30,710.93,2026-08-20,706.0,0.01,0.05,0.02,47879,1329,0.4492,-0.0295,0.0256,-0.03,0.0039
2026-08-20 19:24:30,710.93,2026-08-20,707.0,0.01,0.02,0.05,124644,616,0.3319,-0.0209,0.02595,-0.015,0.0029
2026-08-20 19:24:30,710.93,2026-08-20,708.0,0.05,0.06,0.06,217978,1079,0.3322,-0.0649,0.06522,-0.055,0.0074
2026-08-20 19:24:30,710.93,2026-08-20,709.0,0.11,0.12,0.12,233716,777,0.2967,-0.1319,0.12328,-0.115,0.0125
2026-08-20 19:24:30,710.93,2026-08-20,710.0,0.25,0.3,0.3,443465,3393,0.2727,-0.2788,0.21083,-0.275,0.0196
2026-08-20 19:24:30,710.93,2026-08-20,711.0,0.71,0.72,0.72,350032,468,0.292,-0.5154,0.23372,-0.645,0.0233
2026-08-20 19:24:30,710.93,2026-08-20,712.0,1.37,1.42,1.42,356810,896,0.3181,-0.7166,0.18218,-0.325,0.0198
2026-08-20 19:24:30,710.93,2026-08-20,713.0,2.16,2.26,2.26,161766,881,0.3314,-0.8566,0.11684,-0.14,0.0132
2026-08-20 19:24:30,710.93,2026-08-20,714.0,3.12,3.23,3.4,74137,580,0.4027,-0.9031,0.07288,-0.105,0.01
2026-08-20 19:24:30,710.93,2026-08-20,715.0,4.059,4.3,4.26,38087,1829,0.5016,-0.9165,0.05238,-0.1095,0.009
2026-08-20 19:24:30,710.93,2026-08-20,716.0,4.99,5.29,5.61,10641,2164,0.5379,-0.9457,0.03502,-0.07,0.0064
2026-08-20 19:24:30,710.93,2026-08-20,717.0,6.1,6.19,6.89,5596,902,0.6288,-0.9497,0.0282,-0.075,0.0061
2026-08-20 19:25:31,710.83,2026-08-20,704.0,0.03,0.04,0.03,20599,932,0.6142,-0.026,0.01709,-0.035,0.0035
2026-08-20 19:25:31,710.83,2026-08-20,705.0,0.01,0.04,0.02,95580,1079,0.5091,-0.0228,0.01847,-0.025,0.0031
2026-08-20 19:25:31,710.83,2026-08-20,706.0,0.04,0.05,0.03,47891,1329,0.4816,-0.0401,0.03117,-0.045,0.005
2026-08-20 19:25:31,710.83,2026-08-20,707.0,0.01,0.05,0.05,124877,616,0.3696,-0.0355,0.03676,-0.03,0.0045
2026-08-20 19:25:31,710.83,2026-08-20,708.0,0.05,0.06,0.06,218284,1079,0.3277,-0.0665,0.06837,-0.055,0.0074
2026-08-20 19:25:31,710.83,2026-08-20,709.0,0.08,0.13,0.13,234043,777,0.2816,-0.1293,0.13002,-0.105,0.0121
2026-08-20 19:25:31,710.83,2026-08-20,710.0,0.3,0.31,0.31,445677,3393,0.2765,-0.3012,0.21883,-0.305,0.0201
2026-08-20 19:25:31,710.83,2026-08-20,711.0,0.71,0.72,0.72,350768,468,0.272,-0.5435,0.25328,-0.54,0.0228
2026-08-20 19:25:31,710.83,2026-08-20,712.0,1.33,1.41,1.42,356938,896,0.2668,-0.777,0.19431,-0.195,0.0172
2026-08-20 19:25:31,710.83,2026-08-20,713.0,2.19,2.24,2.27,161789,881,0.2507,-0.9335,0.08941,-0.04,0.0074
2026-08-20 19:25:31,710.83,2026-08-20,714.0,3.1,3.37,3.4,74148,580,0.3667,-0.933,0.06151,-0.06,0.0075
2026-08-20 19:25:31,710.83,2026-08-20,715.0,4.14,4.39,4.4,38092,1829,0.4955,-0.9274,0.0484,-0.09,0.0079
2026-08-20 19:25:31,710.83,2026-08-20,716.0,5.16,5.31,5.61,10641,2164,0.5381,-0.9517,0.03237,-0.06,0.0058
2026-08-20 19:25:31,710.83,2026-08-20,717.0,6.23,6.43,6.48,5596,902,0.7572,-0.9203,0.03402,-0.155,0.0085
2026-08-20 19:26:34,710.85,2026-08-20,704.0,0.01,0.02,0.03,20683,932,0.5507,-0.0137,0.01121,-0.015,0.002
2026-08-20 19:26:34,710.85,2026-08-20,705.0,0.03,0.04,0.03,95584,1079,0.5478,-0.0292,0.02141,-0.035,0.0038
2026-08-20 19:26:34,710.85,2026-08-20,706.0,0.04,0.05,0.04,48099,1329,0.4907,-0.04,0.03099,-0.045,0.0049
2026-08-20 19:26:34,710.85,2026-08-20,707.0,0.04,0.05,0.05,124906,616,0.407,-0.0471,0.04261,-0.045,0.0056
2026-08-20 19:26:34,710.85,2026-08-20,708.0,0.01,0.02,0.02,220043,1079,0.2605,-0.0266,0.04173,-0.015,0.0035
2026-08-20 19:26:34,710.85,2026-08-20,709.0,0.07,0.08,0.12,234905,777,0.2613,-0.1057,0.12336,-0.075,0.0104
2026-08-20 19:26:34,710.85,2026-08-20,710.0,0.28,0.29,0.29,447930,3393,0.2736,-0.292,0.22142,-0.285,0.0195
2026-08-20 19:26:34,710.85,2026-08-20,711.0,0.64,0.69,0.69,351582,468,0.2588,-0.5411,0.27051,-0.51,0.0225
2026-08-20 19:26:34,710.85,2026-08-20,712.0,1.32,1.35,1.34,358193,896,0.2593,-0.7831,0.19979,-0.18,0.0166
2026-08-20 19:26:34,710.85,2026-08-20,713.0,2.14,2.3,2.23,161846,881,0.2828,-0.9099,0.10141,-0.065,0.0092
2026-08-20 19:26:34,710.85,2026-08-20,714.0,3.03,3.21,3.36,74182,580,,,,,
2026-08-20 19:26:34,710.85,2026-08-20,715.0,4.019,4.32,4.33,38095,1829,0.3614,-0.9783,0.02531,-0.0145,0.0029
2026-08-20 19:26:34,710.85,2026-08-20,716.0,4.96,5.24,5.61,10641,2164,,,,,
2026-08-20 19:26:34,710.85,2026-08-20,717.0,6.03,6.33,6.47,5597,902,0.5431,-0.9766,0.01797,-0.025,0.0031
2026-08-20 19:27:36,710.96,2026-08-20,704.0,0.01,0.04,0.02,20758,932,0.6107,-0.0199,0.01417,-0.025,0.0027
2026-08-20 19:27:36,710.96,2026-08-20,705.0,0.03,0.04,0.02,95664,1079,0.5654,-0.0288,0.02082,-0.035,0.0037
2026-08-20 19:27:36,710.96,2026-08-20,706.0,0.01,0.02,0.04,48152,1329,0.4236,-0.0175,0.01831,-0.015,0.0024
2026-08-20 19:27:36,710.96,2026-08-20,707.0,0.01,0.05,0.04,124936,616,0.3922,-0.0346,0.035,-0.03,0.0043
2026-08-20 19:27:36,710.96,2026-08-20,708.0,0.01,0.06,0.06,220606,1079,0.3186,-0.0474,0.05561,-0.035,0.0055
2026-08-20 19:27:36,710.96,2026-08-20,709.0,0.1,0.11,0.11,235298,777,0.3052,-0.1242,0.12027,-0.105,0.0114
2026-08-20 19:27:36,710.96,2026-08-20,710.0,0.26,0.27,0.27,449114,3393,0.2845,-0.2718,0.20893,-0.265,0.0185
2026-08-20 19:27:36,710.96,2026-08-20,711.0,0.63,0.65,0.65,352021,468,0.2788,-0.5093,0.25633,-0.6,0.0223
2026-08-20 19:27:36,710.96,2026-08-20,712.0,1.26,1.3,1.3,358297,896,0.2825,-0.7444,0.20394,-0.24,0.0179
2026-08-20 19:27:36,710.96,2026-08-20,713.0,2.04,2.13,2.17,161885,881,0.2524,-0.9255,0.09991,-0.045,0.0079
2026-08-20 19:27:36,710.96,2026-08-20,714.0,3.02,3.13,3.16,74182,580,0.3272,-0.9514,0.0552,-0.035,0.0056
2026-08-20 19:27:36,710.96,2026-08-20,715.0,3.89,4.04,4.33,38095,1829,,,,,
2026-08-20 19:27:36,710.96,2026-08-20,716.0,4.89,5.27,5.61,10642,2164,0.504,-0.9627,0.02895,-0.04,0.0045
2026-08-20 19:27:36,710.96,2026-08-20,717.0,5.97,6.25,6.47,5597,902,0.6465,-0.9519,0.0277,-0.07,0.0056
2026-08-20 19:28:37,710.86,2026-08-20,704.0,0.01,0.04,0.01,20779,932,0.6127,-0.0202,0.0145,-0.025,0.0027
2026-08-20 19:28:37,710.86,2026-08-20,705.0,0.03,0.04,0.02,95851,1079,0.5662,-0.0291,0.02136,-0.035,0.0036
2026-08-20 19:28:37,710.86,2026-08-20,706.0,0.04,0.05,0.02,48172,1329,0.5073,-0.04,0.0309,-0.045,0.0047
2026-08-20 19:28:37,710.86,2026-08-20,707.0,0.01,0.02,0.05,125008,616,0.3473,-0.0212,0.02671,-0.015,0.0028
2026-08-20 19:28:37,710.86,2026-08-20,708.0,0.01,0.06,0.06,220800,1079,0.3146,-0.0486,0.0584,-0.035,0.0055
2026-08-20 19:28:37,710.86,2026-08-20,709.0,0.11,0.12,0.12,235895,777,0.3071,-0.1349,0.12866,-0.115,0.0119
2026-08-20 19:28:37,710.86,2026-08-20,710.0,0.28,0.29,0.29,450972,3393,0.2839,-0.2909,0.21981,-0.285,0.0188
2026-08-20 19:28:37,710.86,2026-08-20,711.0,0.64,0.67,0.65,352445,468,0.265,-0.5388,0.27285,-0.51,0.0218
2026-08-20 19:28:37,710.86,2026-08-20,712.0,1.32,1.41,1.34,358470,896,0.2904,-0.7627,0.19371,-0.22,0.017
2026-08-20 19:28:37,710.86,2026-08-20,713.0,2.21,2.36,2.28,161926,881,0.3609,-0.8595,0.11255,-0.14,0.0123
2026-08-20 19:28:37,710.86,2026-08-20,714.0,3.04,3.3,3.25,74207,580,0.3215,-0.962,0.04677,-0.025,0.0045
2026-08-20 19:28:37,710.86,2026-08-20,715.0,4.03,4.24,4.33,38095,1829,,,,,
2026-08-20 19:28:37,710.86,2026-08-20,716.0,5.14,5.2,5.23,10654,2164,0.4823,-0.9734,0.02326,-0.025,0.0034
2026-08-20 19:28:37,710.86,2026-08-20,717.0,5.98,6.38,6.47,5597,902,0.5892,-0.9705,0.02074,-0.035,0.0037
2026-08-20 19:29:38,710.92,2026-08-20,704.0,0.03,0.04,0.02,20783,932,0.6621,-0.0258,0.01675,-0.035,0.0032
2026-08-20 19:29:38,710.92,2026-08-20,705.0,0.01,0.02,0.01,95871,1079,0.5096,-0.0153,0.014,-0.015,0.0021
2026-08-20 19:29:38,710.92,2026-08-20,706.0,0.01,0.02,0.03,48684,1329,0.4347,-0.0176,0.01854,-0.015,0.0024
2026-08-20 19:29:38,710.92,2026-08-20,707.0,0.01,0.02,0.04,125124,616,0.3581,-0.021,0.02605,-0.015,0.0027
2026-08-20 19:29:38,710.92,2026-08-20,708.0,0.05,0.06,0.02,222074,1079,0.3583,-0.065,0.06552,-0.055,0.0069
2026-08-20 19:29:38,710.92,2026-08-20,709.0,0.1,0.11,0.11,236661,777,0.3108,-0.1257,0.12304,-0.105,0.0112
2026-08-20 19:29:38,710.92,2026-08-20,710.0,0.23,0.28,0.28,453387,3393,0.2823,-0.2723,0.21774,-0.255,0.0179
2026-08-20 19:29:38,710.92,2026-08-20,711.0,0.62,0.68,0.68,353155,468,0.2831,-0.52,0.26056,-0.57,0.0215
2026-08-20 19:29:38,710.92,2026-08-20,712.0,1.29,1.32,1.3,358647,896,0.2889,-0.7547,0.20159,-0.225,0.017
2026-08-20 19:29:38,710.92,2026-08-20,713.0,2.16,2.23,2.24,161971,881,0.3381,-0.8718,0.11471,-0.115,0.0113
2026-08-20 19:29:38,710.92,2026-08-20,714.0,3.03,3.28,3.24,74214,580,0.4013,-0.9215,0.0676,-0.075,0.0079
2026-08-20 19:29:38,710.92,2026-08-20,715.0,4.11,4.35,4.23,38099,1829,0.5885,-0.8992,0.05554,-0.15,0.0095
2026-08-20 19:29:38,710.92,2026-08-20,716.0,4.97,5.23,5.32,10655,2164,0.4691,-0.977,0.02152,-0.02,0.0029
2026-08-20 19:29:38,710.92,2026-08-20,717.0,6.1,6.39,6.47,5597,902,0.8095,-0.9164,0.03516,-0.165,0.0083
2026-08-20 19:30:40,710.82,2026-08-20,704.0,0.03,0.04,0.02,20788,932,0.6654,-0.026,0.01711,-0.035,0.0032
2026-08-20 19:30:40,710.82,2026-08-20,705.0,0.01,0.04,0.03,96147,1079,0.5515,-0.0228,0.0185,-0.025,0.0029
2026-08-20 19:30:40,710.82,2026-08-20,706.0,0.01,0.04,0.03,48685,1329,0.4705,-0.0263,0.0244,-0.025,0.0032
2026-08-20 19:30:40,710.82,2026-08-20,707.0,0.04,0.05,0.02,125419,616,0.4322,-0.0473,0.04299,-0.045,0.0052
2026-08-20 19:30:40,710.82,2026-08-20,708.0,0.01,0.02,0.06,222548,1079,0.2761,-0.0268,0.04228,-0.015,0.0033
2026-08-20 19:30:40,710.82,2026-08-20,709.0,0.1,0.11,0.07,237160,777,0.3047,-0.1295,0.13044,-0.105,0.0112
2026-08-20 19:30:40,710.82,2026-08-20,710.0,0.23,0.28,0.28,455354,3393,0.2715,-0.2839,0.23505,-0.255,0.018
2026-08-20 19:30:40,710.82,2026-08-20,711.0,0.63,0.68,0.68,353653,468,0.265,-0.55,0.28132,-0.475,0.021
2026-08-20 19:30:40,710.82,2026-08-20,712.0,1.34,1.38,1.39,358858,896,0.2802,-0.7853,0.19623,-0.18,0.0155
2026-08-20 19:30:40,710.82,2026-08-20,713.0,2.16,2.3,2.31,161987,881,0.2857,-0.924,0.09424,-0.05,0.0076
2026-08-20 19:30:40,710.82,2026-08-20,714.0,3.12,3.23,3.18,74240,580,,,,,
2026-08-20 19:30:40,710.82,2026-08-20,715.0,3.99,4.34,4.24,38105,1829,,,,,
2026-08-20 19:30:40,710.82,2026-08-20,716.0,5,5.24,5.23,10655,2164,,,,,
2026-08-20 19:30:40,710.82,2026-08-20,717.0,6.09,6.32,6.47,5597,902,0.581,-0.9768,0.01778,-0.025,0.0029
2026-08-20 19:31:44,710.74,2026-08-20,704.0,0.01,0.04,0.01,20798,932,0.6363,-0.0204,0.01487,-0.025,0.0026
2026-08-20 19:31:44,710.74,2026-08-20,705.0,0.01,0.04,0.02,96235,1079,0.5553,-0.0231,0.01888,-0.025,0.0028
2026-08-20 19:31:44,710.74,2026-08-20,706.0,0.03,0.04,0.02,48740,1329,0.5006,-0.034,0.02891,-0.035,0.0039
2026-08-20 19:31:44,710.74,2026-08-20,707.0,0.01,0.02,0.02,125492,616,0.3567,-0.0217,0.02794,-0.015,0.0027
2026-08-20 19:31:44,710.74,2026-08-20,708.0,0.01,0.02,0.06,222761,1079,0.2746,-0.0274,0.04408,-0.015,0.0033
2026-08-20 19:31:44,710.74,2026-08-20,709.0,0.11,0.12,0.12,237453,777,0.3097,-0.1397,0.13772,-0.115,0.0116
2026-08-20 19:31:44,710.74,2026-08-20,710.0,0.3,0.31,0.31,456860,3393,0.2911,-0.312,0.23321,-0.305,0.0184
2026-08-20 19:31:44,710.74,2026-08-20,711.0,0.69,0.75,0.75,353898,468,0.2797,-0.5699,0.26943,-0.46,0.0205
2026-08-20 19:31:44,710.74,2026-08-20,712.0,1.4,1.46,1.46,359019,896,0.2898,-0.7971,0.18695,-0.17,0.0147
2026-08-20 19:31:44,710.74,2026-08-20,713.0,2.23,2.38,2.36,162005,881,0.2921,-0.9306,0.08765,-0.045,0.007
2026-08-20 19:31:44,710.74,2026-08-20,714.0,3.17,3.41,3.32,74249,580,0.3598,-0.9584,0.04745,-0.03,0.0046
2026-08-20 19:31:44,710.74,2026-08-20,715.0,4.17,4.46,4.43,38106,1829,0.4999,-0.9482,0.04072,-0.055,0.0055
2026-08-20 19:31:44,710.74,2026-08-20,716.0,5.2,5.46,5.23,10655,2164,0.6199,-0.9473,0.03329,-0.07,0.0056
2026-08-20 19:31:44,710.74,2026-08-20,717.0,6.23,6.34,6.47,5597,902,0.5981,-0.9771,0.01743,-0.025,0.0028
2026-08-20 19:32:45,710.93,2026-08-20,704.0,0.01,0.02,0.03,20800,932,0.6164,-0.0135,0.011,-0.015,0.0018
2026-08-20 19:32:45,710.93,2026-08-20,705.0,0.03,0.04,0.02,96298,1079,0.614,-0.0289,0.02097,-0.035,0.0034
2026-08-20 19:32:45,710.93,2026-08-20,706.0,0.01,0.02,0.03,48959,1329,0.4596,-0.0176,0.01848,-0.015,0.0022
2026-08-20 19:32:45,710.93,2026-08-20,707.0,0.04,0.05,0.04,125495,616,0.4587,-0.0464,0.04136,-0.045,0.005
2026-08-20 19:32:45,710.93,2026-08-20,708.0,0.01,0.02,0.06,222956,1079,0.2957,-0.0261,0.03999,-0.015,0.0031
2026-08-20 19:32:45,710.93,2026-08-20,709.0,0.06,0.11,0.11,237900,777,0.3095,-0.1108,0.11934,-0.085,0.0097
2026-08-20 19:32:45,710.93,2026-08-20,710.0,0.26,0.27,0.27,459682,3393,0.3054,-0.2751,0.21351,-0.265,0.0171
2026-08-20 19:32:45,710.93,2026-08-20,711.0,0.63,0.64,0.64,354960,468,0.2939,-0.5177,0.26493,-0.565,0.0204
2026-08-20 19:32:45,710.93,2026-08-20,712.0,1.23,1.3,1.31,359209,896,0.2844,-0.768,0.2096,-0.195,0.0156
2026-08-20 19:32:45,710.93,2026-08-20,713.0,2.08,2.16,2.2,162078,881,0.2848,-0.9216,0.10046,-0.05,0.0075
2026-08-20 19:32:45,710.93,2026-08-20,714.0,3.09,3.29,3.26,74279,580,0.4758,-0.8954,0.07448,-0.12,0.0093
2026-08-20 19:32:45,710.93,2026-08-20,715.0,4.14,4.21,4.33,38108,1829,0.5662,-0.9189,0.05182,-0.105,0.0077
2026-08-20 19:32:45,710.93,2026-08-20,716.0,4.98,5.33,5.23,10655,2164,0.6385,-0.9386,0.03712,-0.085,0.0062
2026-08-20 19:32:45,710.93,2026-08-20,717.0,5.89,6.22,6.47,5597,902,,,,,
2026-08-20 19:33:46,710.91,2026-08-20,704.0,0.03,0.04,0.03,20805,932,0.7115,-0.0258,0.01679,-0.035,0.003
2026-08-20 19:33:46,710.91,2026-08-20,705.0,0.01,0.02,0.03,96330,1079,0.5475,-0.0153,0.01404,-0.015,0.0019
2026-08-20 19:33:46,710.91,2026-08-20,706.0,0.03,0.04,0.02,48962,1329,0.535,-0.0331,0.0275,-0.035,0.0037
2026-08-20 19:33:46,710.91,2026-08-20,707.0,0.04,0.05,0.04,125513,616,0.4656,-0.0465,0.04165,-0.045,0.0049
2026-08-20 19:33:46,710.91,2026-08-20,708.0,0.01,0.02,0.06,223306,1079,0.2997,-0.0262,0.04039,-0.015,0.0031
2026-08-20 19:33:46,710.91,2026-08-20,709.0,0.06,0.07,0.11,238624,777,0.291,-0.0949,0.1156,-0.065,0.0085
2026-08-20 19:33:46,710.91,2026-08-20,710.0,0.26,0.27,0.27,461135,3393,0.308,-0.2773,0.21665,-0.265,0.0168
2026-08-20 19:33:46,710.91,2026-08-20,711.0,0.59,0.65,0.65,356030,468,0.2869,-0.5241,0.27646,-0.53,0.02
2026-08-20 19:33:46,710.91,2026-08-20,712.0,1.24,1.28,1.34,359266,896,0.2762,-0.7833,0.21167,-0.17,0.0147
2026-08-20 19:33:46,710.91,2026-08-20,713.0,2.09,2.18,2.14,162089,881,0.2854,-0.9271,0.0967,-0.045,0.007
2026-08-20 19:33:46,710.91,2026-08-20,714.0,3.03,3.22,3.18,74280,580,0.3678,-0.9523,0.05381,-0.035,0.005
2026-08-20 19:33:46,710.91,2026-08-20,715.0,4.04,4.11,4.33,38108,1829,,,,,
2026-08-20 19:33:46,710.91,2026-08-20,716.0,4.97,5.19,5.28,10657,2164,,,,,
2026-08-20 19:33:46,710.91,2026-08-20,717.0,6.01,6.1,6.47,5597,902,,,,,
2026-08-20 19:34:48,710.74,2026-08-20,704.0,0.01,0.04,0.03,20805,932,0.674,-0.0204,0.01487,-0.025,0.0024
2026-08-20 19:34:48,710.74,2026-08-20,705.0,0.01,0.04,0.03,96420,1079,0.5881,-0.0231,0.01888,-0.025,0.0027
2026-08-20 19:34:48,710.74,2026-08-20,706.0,0.01,0.02,0.02,48971,1329,0.4622,-0.0182,0.01961,-0.015,0.0022
2026-08-20 19:34:48,710.74,2026-08-20,707.0,0.04,0.05,0.04,125799,616,0.4584,-0.048,0.04425,-0.045,0.0049
2026-08-20 19:34:48,710.74,2026-08-20,708.0,0.05,0.06,0.06,224059,1079,0.3744,-0.0678,0.07112,-0.055,0.0064
2026-08-20 19:34:48,710.74,2026-08-20,709.0,0.07,0.12,0.12,239258,777,0.3091,-0.1256,0.13579,-0.095,0.0102
2026-08-20 19:34:48,710.74,2026-08-20,710.0,0.23,0.24,0.24,463140,3393,0.2673,-0.2861,0.25857,-0.235,0.0167
2026-08-20 19:34:48,710.74,2026-08-20,711.0,0.65,0.67,0.67,356811,468,0.2651,-0.5782,0.29991,-0.4,0.0193
2026-08-20 19:34:48,710.74,2026-08-20,712.0,1.28,1.36,1.39,359341,896,0.2157,-0.8818,0.18648,-0.06,0.0097
2026-08-20 19:34:48,710.74,2026-08-20,713.0,2.15,2.28,2.41,162100,881,,,,,
2026-08-20 19:34:48,710.74,2026-08-20,714.0,3.07,3.36,3.36,74289,580,,,,,
2026-08-20 19:34:48,710.74,2026-08-20,715.0,4.01,4.25,4.33,38108,1829,,,,,
2026-08-20 19:34:48,710.74,2026-08-20,716.0,5.1,5.31,5.27,10658,2164,,,,,
2026-08-20 19:34:48,710.74,2026-08-20,717.0,5.93,6.44,6.4,5601,902,,,,,
2026-08-20 19:35:49,710.98,2026-08-20,704.0,0.01,0.04,0.01,20806,932,0.7082,-0.0199,0.01413,-0.025,0.0023
2026-08-20 19:35:49,710.98,2026-08-20,705.0,0.03,0.04,0.03,96464,1079,0.6559,-0.0287,0.02074,-0.035,0.0032
2026-08-20 19:35:49,710.98,2026-08-20,706.0,0.03,0.04,0.03,48984,1329,0.5632,-0.0328,0.02699,-0.035,0.0035
2026-08-20 19:35:49,710.98,2026-08-20,707.0,0.01,0.02,0.03,125810,616,0.406,-0.0208,0.02552,-0.015,0.0024
2026-08-20 19:35:49,710.98,2026-08-20,708.0,0.01,0.02,0.06,224277,1079,0.3179,-0.0258,0.03912,-0.015,0.0029
2026-08-20 19:35:49,710.98,2026-08-20,709.0,0.1,0.11,0.11,240333,777,0.3552,-0.1237,0.1193,-0.105,0.0099
2026-08-20 19:35:49,710.98,2026-08-20,710.0,0.24,0.25,0.25,464677,3393,0.3192,-0.2624,0.21176,-0.245,0.0157
2026-08-20 19:35:49,710.98,2026-08-20,711.0,0.55,0.61,0.55,357626,468,0.2953,-0.5062,0.28011,-0.555,0.0192
2026-08-20 19:35:49,710.98,2026-08-20,712.0,1.19,1.23,1.24,359474,896,0.2879,-0.7691,0.21922,-0.185,0.0147
2026-08-20 19:35:49,710.98,2026-08-20,713.0,1.96,2.17,2.07,162114,881,0.2824,-0.931,0.09753,-0.04,0.0064
2026-08-20 19:35:49,710.98,2026-08-20,714.0,2.98,3.1,3.27,74292,580,0.3255,-0.9726,0.04015,-0.015,0.003
2026-08-20 19:35:49,710.98,2026-08-20,715.0,3.97,4.2,4.18,38114,1829,0.5255,-0.9431,0.04507,-0.06,0.0055
2026-08-20 19:35:49,710.98,2026-08-20,716.0,4.95,5.14,5.36,10665,2164,0.5195,-0.9771,0.02169,-0.02,0.0026
2026-08-20 19:35:49,710.98,2026-08-20,717.0,5.89,6.24,6.34,5602,902,0.6738,-0.9674,0.02243,-0.04,0.0035
2026-08-20 19:36:52,711.13,2026-08-20,705.0,0.03,0.04,0.03,96464,1079,0.6855,-0.0282,0.01997,-0.035,0.003
2026-08-20 19:36:52,711.13,2026-08-20,706.0,0.03,0.04,0.03,48987,1329,0.5911,-0.0321,0.0258,-0.035,0.0034
2026-08-20 19:36:52,711.13,2026-08-20,707.0,0.01,0.04,0.03,125866,616,0.4659,-0.0294,0.03047,-0.025,0.0032
2026-08-20 19:36:52,711.13,2026-08-20,708.0,0.01,0.06,0.06,224566,1079,0.3949,-0.0456,0.05144,-0.035,0.0045
2026-08-20 19:36:52,711.13,2026-08-20,709.0,0.04,0.05,0.05,240810,777,0.3077,-0.07,0.09257,-0.045,0.0063
2026-08-20 19:36:52,711.13,2026-08-20,710.0,0.19,0.2,0.2,465708,3393,0.3189,-0.2244,0.19915,-0.195,0.0141
2026-08-20 19:36:52,711.13,2026-08-20,711.0,0.45,0.5,0.5,358199,468,0.2873,-0.4595,0.29295,-0.475,0.0187
2026-08-20 19:36:52,711.13,2026-08-20,712.0,1.05,1.08,1.13,359517,896,0.2782,-0.7444,0.24504,-0.2,0.0152
2026-08-20 19:36:52,711.13,2026-08-20,713.0,1.81,1.9,2.029,162153,881,,,,,
2026-08-20 19:36:52,711.13,2026-08-20,714.0,2.82,2.98,3.06,74294,580,0.3683,-0.9499,0.05947,-0.035,0.0049
2026-08-20 19:36:52,711.13,2026-08-20,715.0,3.75,3.87,4.18,38114,1829,,,,,
2026-08-20 19:36:52,711.13,2026-08-20,716.0,4.71,5.01,5.01,10667,2164,,,,,
2026-08-20 19:36:52,711.13,2026-08-20,717.0,5.74,5.87,6.34,5602,902,,,,,
2026-08-20 19:36:52,711.13,2026-08-20,718.0,6.7,7.02,7.32,5479,1329,,,,,
2026-08-20 19:37:54,711.31,2026-08-20,705.0,0.01,0.04,0.03,97234,1079,0.6799,-0.0215,0.01641,-0.025,0.0024
2026-08-20 19:37:54,711.31,2026-08-20,706.0,0.03,0.04,0.03,49030,1329,0.6215,-0.0313,0.02459,-0.035,0.0033
2026-08-20 19:37:54,711.31,2026-08-20,707.0,0.03,0.04,0.02,126159,616,0.5231,-0.0364,0.03307,-0.035,0.0037
2026-08-20 19:37:54,711.31,2026-08-20,708.0,0.05,0.06,0.06,224987,1079,0.4628,-0.0598,0.05566,-0.055,0.0055
2026-08-20 19:37:54,711.31,2026-08-20,709.0,0.08,0.09,0.09,241584,777,0.3912,-0.0995,0.09692,-0.085,0.0081
2026-08-20 19:37:54,711.31,2026-08-20,710.0,0.13,0.14,0.14,466931,3393,0.3069,-0.1766,0.1832,-0.135,0.012
2026-08-20 19:37:54,711.31,2026-08-20,711.0,0.45,0.46,0.46,358942,468,0.325,-0.4173,0.26044,-0.455,0.018
2026-08-20 19:37:54,711.31,2026-08-20,712.0,0.98,1,1.01,359612,896,0.3162,-0.6812,0.24487,-0.3,0.0165
2026-08-20 19:37:54,711.31,2026-08-20,713.0,1.74,1.82,1.82,162192,881,0.3181,-0.8746,0.14059,-0.09,0.0095
2026-08-20 19:37:54,711.31,2026-08-20,714.0,2.64,2.79,2.79,74311,580,0.3361,-0.9582,0.0576,-0.025,0.0041
2026-08-20 19:37:54,711.31,2026-08-20,715.0,3.72,3.83,3.82,38130,1829,0.5545,-0.9246,0.05556,-0.085,0.0066
2026-08-20 19:37:54,711.31,2026-08-20,716.0,4.66,4.76,4.8,10682,2164,0.5121,-0.976,0.02393,-0.02,0.0026
2026-08-20 19:37:54,711.31,2026-08-20,717.0,5.54,5.8,5.76,5622,902,,,,,
2026-08-20 19:37:54,711.31,2026-08-20,718.0,6.66,6.71,7.32,5479,1329,,,,,
2026-08-20 19:38:55,711.27,2026-08-20,705.0,0.01,0.02,0.01,97237,1079,0.6424,-0.0146,0.01282,-0.015,0.0017
2026-08-20 19:38:55,711.27,2026-08-20,706.0,0.03,0.04,0.03,49103,1329,0.6325,-0.0315,0.02486,-0.035,0.0032
2026-08-20 19:38:55,711.27,2026-08-20,707.0,0.03,0.04,0.03,126197,616,0.5317,-0.0366,0.03351,-0.035,0.0036
2026-08-20 19:38:55,711.27,2026-08-20,708.0,0.01,0.02,0.02,225299,1079,0.3685,-0.024,0.03406,-0.015,0.0025
2026-08-20 19:38:55,711.27,2026-08-20,709.0,0.03,0.04,0.04,242590,777,0.3197,-0.0569,0.07939,-0.035,0.0051
2026-08-20 19:38:55,711.27,2026-08-20,710.0,0.15,0.16,0.12,468454,3393,0.3248,-0.1919,0.18667,-0.155,0.0123
2026-08-20 19:38:55,711.27,2026-08-20,711.0,0.4,0.41,0.38,359794,468,0.2949,-0.4187,0.2942,-0.405,0.0176
2026-08-20 19:38:55,711.27,2026-08-20,712.0,0.93,0.95,0.92,359791,896,0.2738,-0.7224,0.27189,-0.21,0.0151
2026-08-20 19:38:55,711.27,2026-08-20,713.0,1.7,1.78,1.78,162290,881,0.2056,-0.9688,0.07583,-0.01,0.0032
2026-08-20 19:38:55,711.27,2026-08-20,714.0,2.57,2.82,2.83,74362,580,,,,,
2026-08-20 19:38:55,711.27,2026-08-20,715.0,3.51,3.8,3.88,38136,1829,,,,,
2026-08-20 19:38:55,711.27,2026-08-20,716.0,4.6,4.72,4.72,10684,2164,,,,,
2026-08-20 19:38:55,711.27,2026-08-20,717.0,5.65,5.85,5.76,5622,902,0.6204,-0.9794,0.01781,-0.02,0.0022
2026-08-20 19:38:55,711.27,2026-08-20,718.0,6.48,6.88,7.32,5479,1329,,,,,
2026-08-20 19:39:57,711.5,2026-08-20,705.0,0.03,0.04,0.03,97253,1079,0.7727,-0.027,0.01834,-0.035,0.0027
2026-08-20 19:39:57,711.5,2026-08-20,706.0,0.03,0.04,0.03,49150,1329,0.6722,-0.0305,0.02335,-0.035,0.003
2026-08-20 19:39:57,711.5,2026-08-20,707.0,0.03,0.04,0.02,126259,616,0.5694,-0.0353,0.03107,-0.035,0.0034
2026-08-20 19:39:57,711.5,2026-08-20,708.0,0.05,0.06,0.05,225685,1079,0.5082,-0.0575,0.05163,-0.055,0.0051
2026-08-20 19:39:57,711.5,2026-08-20,709.0,0.07,0.08,0.08,243757,777,0.4219,-0.0876,0.08587,-0.075,0.007
2026-08-20 19:39:57,711.5,2026-08-20,710.0,0.09,0.14,0.14,471583,3393,0.3331,-0.1512,0.16017,-0.115,0.0103
2026-08-20 19:39:57,711.5,2026-08-20,711.0,0.31,0.36,0.36,360830,468,0.3147,-0.3568,0.26967,-0.335,0.0164
2026-08-20 19:39:57,711.5,2026-08-20,712.0,0.81,0.82,0.85,360233,896,0.3034,-0.6441,0.27952,-0.32,0.0164
2026-08-20 19:39:57,711.5,2026-08-20,713.0,1.57,1.63,1.67,162381,881,0.322,-0.854,0.16184,-0.105,0.0101
2026-08-20 19:39:57,711.5,2026-08-20,714.0,2.48,2.61,2.59,74412,580,0.382,-0.9309,0.07925,-0.05,0.0058
2026-08-20 19:39:57,711.5,2026-08-20,715.0,3.43,3.56,3.57,38137,1829,0.2892,-0.9969,0.00731,0.0,0.0004
2026-08-20 19:39:57,711.5,2026-08-20,716.0,4.37,4.54,4.64,10685,2164,,,,,
2026-08-20 19:39:57,711.5,2026-08-20,717.0,5.36,5.68,5.63,5623,902,0.6343,-0.9751,0.0209,-0.025,0.0026
2026-08-20 19:39:57,711.5,2026-08-20,718.0,6.44,6.52,6.47,5489,1329,,,,,
2026-08-20 19:40:58,711.42,2026-08-20,705.0,0.03,0.04,0.01,97268,1079,0.7851,-0.0272,0.01867,-0.035,0.0027
2026-08-20 19:40:58,711.42,2026-08-20,706.0,0.01,0.04,0.03,49183,1329,0.6447,-0.0241,0.02052,-0.025,0.0024
2026-08-20 19:40:58,711.42,2026-08-20,707.0,0.01,0.04,0.02,126443,616,0.5433,-0.028,0.02763,-0.025,0.0027
2026-08-20 19:40:58,711.42,2026-08-20,708.0,0.05,0.06,0.02,226572,1079,0.5123,-0.0584,0.05322,-0.055,0.005
2026-08-20 19:40:58,711.42,2026-08-20,709.0,0.07,0.08,0.08,244692,777,0.4228,-0.0894,0.08932,-0.075,0.0069
2026-08-20 19:40:58,711.42,2026-08-20,710.0,0.13,0.14,0.1,473323,3393,0.3489,-0.1692,0.169,-0.135,0.0108
2026-08-20 19:40:58,711.42,2026-08-20,711.0,0.32,0.37,0.38,361365,468,0.3111,-0.3741,0.28455,-0.345,0.0162
2026-08-20 19:40:58,711.42,2026-08-20,712.0,0.82,0.87,0.86,360410,896,0.297,-0.6738,0.28361,-0.27,0.0154
2026-08-20 19:40:58,711.42,2026-08-20,713.0,1.6,1.68,1.68,162440,881,0.2969,-0.8918,0.14621,-0.065,0.008
2026-08-20 19:40:58,711.42,2026-08-20,714.0,2.43,2.6,2.58,74455,580,,,,,
2026-08-20 19:40:58,711.42,2026-08-20,715.0,3.35,3.57,3.63,38141,1829,,,,,
2026-08-20 19:40:58,711.42,2026-08-20,716.0,4.53,4.58,4.64,10685,2164,,,,,
2026-08-20 19:40:58,711.42,2026-08-20,717.0,5.53,5.7,5.63,5623,902,0.7114,-0.9657,0.02494,-0.04,0.0033
2026-08-20 19:40:58,711.42,2026-08-20,718.0,6.53,6.55,6.47,5489,1329,,,,,
2026-08-20 19:42:01,711.5,2026-08-20,705.0,0.01,0.04,0.03,97362,1079,0.773,-0.021,0.0157,-0.025,0.0021
2026-08-20 19:42:01,711.5,2026-08-20,706.0,0.01,0.02,0.02,49223,1329,0.621,-0.0162,0.01566,-0.015,0.0017
2026-08-20 19:42:01,711.5,2026-08-20,707.0,0.01,0.02,0.03,126538,616,0.5229,-0.0189,0.02121,-0.015,0.0019
2026-08-20 19:42:01,711.5,2026-08-20,708.0,0.01,0.06,0.05,226725,1079,0.4893,-0.0422,0.04422,-0.035,0.0037
2026-08-20 19:42:01,711.5,2026-08-20,709.0,0.02,0.07,0.03,245438,777,0.3942,-0.0631,0.07558,-0.045,0.0052
2026-08-20 19:42:01,711.5,2026-08-20,710.0,0.12,0.13,0.13,476119,3393,0.3611,-0.1584,0.16086,-0.125,0.0101
2026-08-20 19:42:01,711.5,2026-08-20,711.0,0.29,0.34,0.34,362633,468,0.3183,-0.3522,0.28032,-0.315,0.0154
2026-08-20 19:42:01,711.5,2026-08-20,712.0,0.76,0.78,0.78,361022,896,0.289,-0.6606,0.30456,-0.27,0.0152
2026-08-20 19:42:01,711.5,2026-08-20,713.0,1.55,1.59,1.6,162581,881,0.3011,-0.8838,0.15605,-0.07,0.0081
2026-08-20 19:42:01,711.5,2026-08-20,714.0,2.39,2.62,2.6,74481,580,0.2758,-0.9851,0.03279,-0.005,0.0016
2026-08-20 19:42:01,711.5,2026-08-20,715.0,3.51,3.65,3.49,38143,1829,0.5818,-0.9251,0.05842,-0.08,0.0059
2026-08-20 19:42:01,711.5,2026-08-20,716.0,4.45,4.6,4.59,10710,2164,0.5669,-0.9713,0.02783,-0.025,0.0027
2026-08-20 19:42:01,711.5,2026-08-20,717.0,5.33,5.71,5.64,5629,902,0.6479,-0.9788,0.01884,-0.02,0.0021
2026-08-20 19:42:01,711.5,2026-08-20,718.0,6.41,6.64,6.47,5489,1329,0.7706,-0.9781,0.01632,-0.025,0.0022
2026-08-20 19:43:03,711.29,2026-08-20,705.0,0.01,0.04,0.03,97387,1079,0.7743,-0.0215,0.01649,-0.025,0.0021
2026-08-20 19:43:03,711.29,2026-08-20,706.0,0.03,0.04,0.01,49233,1329,0.7074,-0.0314,0.02472,-0.035,0.0029
2026-08-20 19:43:03,711.29,2026-08-20,707.0,0.01,0.04,0.02,126566,616,0.561,-0.0286,0.0289,-0.025,0.0026
2026-08-20 19:43:03,711.29,2026-08-20,708.0,0.01,0.06,0.04,226871,1079,0.4794,-0.0441,0.04815,-0.035,0.0038
2026-08-20 19:43:03,711.29,2026-08-20,709.0,0.03,0.08,0.08,245638,777,0.3974,-0.0762,0.0893,-0.055,0.0058
2026-08-20 19:43:03,711.29,2026-08-20,710.0,0.16,0.17,0.17,477224,3393,0.3746,-0.1962,0.18294,-0.165,0.0112
2026-08-20 19:43:03,711.29,2026-08-20,711.0,0.44,0.45,0.45,363668,468,0.3594,-0.4201,0.26935,-0.445,0.0158
2026-08-20 19:43:03,711.29,2026-08-20,712.0,1.01,1.05,1.06,361216,896,0.3791,-0.6779,0.23419,-0.32,0.0145
2026-08-20 19:43:03,711.29,2026-08-20,713.0,1.85,1.94,1.94,162723,881,0.4652,-0.8178,0.1407,-0.185,0.0107
2026-08-20 19:43:03,711.29,2026-08-20,714.0,2.72,2.86,2.86,74484,580,0.4942,-0.912,0.08001,-0.08,0.0065
2026-08-20 19:43:03,711.29,2026-08-20,715.0,3.66,3.95,3.82,38144,1829,0.6523,-0.9196,0.05665,-0.095,0.006
2026-08-20 19:43:03,711.29,2026-08-20,716.0,4.84,4.97,4.72,10710,2164,0.937,-0.8921,0.04901,-0.195,0.0075
2026-08-20 19:43:03,711.29,2026-08-20,717.0,5.71,5.91,5.86,5629,902,0.918,-0.9371,0.03333,-0.1,0.005
2026-08-20 19:43:03,711.29,2026-08-20,718.0,6.67,6.82,6.86,5494,1329,0.8585,-0.9728,0.01809,-0.035,0.0025
2026-08-20 19:44:04,711.11,2026-08-20,705.0,0.03,0.04,0.03,97404,1079,0.8226,-0.0283,0.02011,-0.035,0.0025
2026-08-20 19:44:04,711.11,2026-08-20,706.0,0.01,0.04,0.02,49293,1329,0.6697,-0.0252,0.02244,-0.025,0.0023
2026-08-20 19:44:04,711.11,2026-08-20,707.0,0.03,0.04,0.03,126574,616,0.5923,-0.0377,0.03542,-0.035,0.0032
2026-08-20 19:44:04,711.11,2026-08-20,708.0,0.01,0.06,0.05,226921,1079,0.4721,-0.0459,0.05213,-0.035,0.0038
2026-08-20 19:44:04,711.11,2026-08-20,709.0,0.07,0.08,0.08,245872,777,0.4164,-0.0976,0.1058,-0.075,0.0067
2026-08-20 19:44:04,711.11,2026-08-20,710.0,0.14,0.19,0.18,478256,3393,0.3525,-0.2109,0.20945,-0.165,0.0113
2026-08-20 19:44:04,711.11,2026-08-20,711.0,0.46,0.48,0.48,364303,468,0.3339,-0.4673,0.30429,-0.47,0.0156
2026-08-20 19:44:04,711.11,2026-08-20,712.0,1.09,1.17,1.11,361354,896,0.3686,-0.7318,0.22841,-0.235,0.0129
2026-08-20 19:44:04,711.11,2026-08-20,713.0,1.89,2.05,2.06,162903,881,0.3856,-0.8948,0.12068,-0.075,0.0071
2026-08-20 19:44:04,711.11,2026-08-20,714.0,2.84,2.99,3.05,74494,580,0.4033,-0.9663,0.04747,-0.02,0.0029
2026-08-20 19:44:04,711.11,2026-08-20,715.0,3.85,4.059,3.98,38152,1829,0.6289,-0.9425,0.04681,-0.0595,0.0045
2026-08-20 19:44:04,711.11,2026-08-20,716.0,4.95,5.12,4.72,10710,2164,0.9113,-0.9139,0.04406,-0.14,0.0062
2026-08-20 19:44:04,711.11,2026-08-20,717.0,5.91,6.08,5.86,5629,902,0.971,-0.9385,0.03198,-0.1,0.0048
2026-08-20 19:44:04,711.11,2026-08-20,718.0,6.85,7.17,6.86,5494,1329,1.1304,-0.9391,0.02722,-0.115,0.0047
2026-08-20 19:45:06,711.03,2026-08-20,705.0,0.01,0.02,0.01,97998,1079,0.739,-0.0151,0.01361,-0.015,0.0014
2026-08-20 19:45:06,711.03,2026-08-20,706.0,0.01,0.04,0.03,49581,1329,0.684,-0.0255,0.02293,-0.025,0.0022
2026-08-20 19:45:06,711.03,2026-08-20,707.0,0.03,0.04,0.03,126752,616,0.6033,-0.0382,0.03635,-0.035,0.0031
2026-08-20 19:45:06,711.03,2026-08-20,708.0,0.04,0.05,0.04,227239,1079,0.5039,-0.0555,0.05872,-0.045,0.0042
2026-08-20 19:45:06,711.03,2026-08-20,709.0,0.08,0.09,0.09,246404,777,0.4339,-0.1076,0.11268,-0.085,0.007
2026-08-20 19:45:06,711.03,2026-08-20,710.0,0.15,0.16,0.2,480048,3393,0.3408,-0.2117,0.22447,-0.155,0.011
2026-08-20 19:45:06,711.03,2026-08-20,711.0,0.53,0.54,0.52,365143,468,0.3645,-0.4907,0.28913,-0.535,0.0151
2026-08-20 19:45:06,711.03,2026-08-20,712.0,1.17,1.2,1.17,361892,896,0.3807,-0.7489,0.22105,-0.215,0.0121
2026-08-20 19:45:06,711.03,2026-08-20,713.0,2.04,2.12,2.05,162994,881,0.4576,-0.8717,0.12107,-0.11,0.0079
2026-08-20 19:45:06,711.03,2026-08-20,714.0,2.95,3.03,3.14,74506,580,0.4257,-0.967,0.04573,-0.02,0.0028
2026-08-20 19:45:06,711.03,2026-08-20,715.0,4.03,4.14,4.05,38156,1829,0.7675,-0.9132,0.05442,-0.115,0.006
2026-08-20 19:45:06,711.03,2026-08-20,716.0,4.88,5.07,4.72,10750,2164,0.5479,-0.9915,0.01116,-0.005,0.0009
2026-08-20 19:45:06,711.03,2026-08-20,717.0,5.88,6.06,5.86,5668,902,0.5299,-0.9985,0.00247,0.0,0.0002
2026-08-20 19:45:06,711.03,2026-08-20,718.0,6.95,6.97,6.86,5496,1329,,,,,
2026-08-20 19:46:08,710.92,2026-08-20,704.0,0.03,0.04,0.01,20884,932,0.9796,-0.0258,0.01676,-0.035,0.0022
2026-08-20 19:46:08,710.92,2026-08-20,705.0,0.03,0.04,0.03,98026,1079,0.8595,-0.0289,0.02103,-0.035,0.0024
2026-08-20 19:46:08,710.92,2026-08-20,706.0,0.01,0.04,0.03,49589,1329,0.6961,-0.0259,0.02368,-0.025,0.0022
2026-08-20 19:46:08,710.92,2026-08-20,707.0,0.01,0.05,0.02,126754,616,0.5945,-0.0349,0.03552,-0.03,0.0028
2026-08-20 19:46:08,710.92,2026-08-20,708.0,0.06,0.07,0.06,227288,1079,0.5508,-0.0725,0.06863,-0.065,0.005
2026-08-20 19:46:08,710.92,2026-08-20,709.0,0.08,0.13,0.11,246592,777,0.4598,-0.1257,0.12311,-0.105,0.0075
2026-08-20 19:46:08,710.92,2026-08-20,710.0,0.28,0.29,0.23,481038,3393,0.442,-0.2836,0.20992,-0.285,0.0124
2026-08-20 19:46:08,710.92,2026-08-20,711.0,0.62,0.63,0.63,365829,468,0.4013,-0.5211,0.2719,-0.545,0.0145
2026-08-20 19:46:08,710.92,2026-08-20,712.0,1.32,1.36,1.29,362615,896,0.4569,-0.7407,0.19423,-0.26,0.0118
2026-08-20 19:46:08,710.92,2026-08-20,713.0,2.08,2.19,2.19,163027,881,0.4087,-0.9178,0.10169,-0.055,0.0055
2026-08-20 19:46:08,710.92,2026-08-20,714.0,3.03,3.27,3.24,74513,580,0.5827,-0.9255,0.06622,-0.07,0.0051
2026-08-20 19:46:08,710.92,2026-08-20,715.0,3.92,4.17,4.2,38162,1829,,,,,
2026-08-20 19:46:08,710.92,2026-08-20,716.0,4.92,5.25,5.27,10750,2164,0.5783,-0.9917,0.01072,-0.005,0.0008
2026-08-20 19:46:08,710.92,2026-08-20,717.0,5.84,6.1,6.28,5671,902,,,,,
2026-08-20 19:47:12,710.81,2026-08-20,704.0,0.01,0.04,0.02,20904,932,0.9538,-0.0203,0.01465,-0.025,0.0017
2026-08-20 19:47:12,710.81,2026-08-20,705.0,0.01,0.04,0.03,98032,1079,0.8334,-0.0229,0.01855,-0.025,0.0019
2026-08-20 19:47:12,710.81,2026-08-20,706.0,0.01,0.04,0.03,49592,1329,0.7108,-0.0263,0.02448,-0.025,0.0021
2026-08-20 19:47:12,710.81,2026-08-20,707.0,0.04,0.05,0.01,127345,616,0.6526,-0.0474,0.04316,-0.045,0.0035
2026-08-20 19:47:12,710.81,2026-08-20,708.0,0.02,0.03,0.03,227378,1079,0.4555,-0.0389,0.05271,-0.025,0.003
2026-08-20 19:47:12,710.81,2026-08-20,709.0,0.12,0.13,0.12,246813,777,0.4854,-0.1432,0.13274,-0.125,0.0079
2026-08-20 19:47:12,710.81,2026-08-20,710.0,0.24,0.25,0.27,481977,3393,0.4,-0.2812,0.24045,-0.245,0.0118
2026-08-20 19:47:12,710.81,2026-08-20,711.0,0.63,0.69,0.66,366508,468,0.4003,-0.5532,0.28156,-0.47,0.0139
2026-08-20 19:47:12,710.81,2026-08-20,712.0,1.32,1.36,1.36,362856,896,0.3953,-0.804,0.19945,-0.15,0.0097
2026-08-20 19:47:12,710.81,2026-08-20,713.0,2.17,2.29,2.27,163078,881,0.4109,-0.9352,0.08778,-0.04,0.0044
2026-08-20 19:47:12,710.81,2026-08-20,714.0,3.06,3.24,3.22,74514,580,,,,,
2026-08-20 19:47:12,710.81,2026-08-20,715.0,4.15,4.41,4.25,38172,1829,0.8129,-0.9283,0.04799,-0.09,0.0048
2026-08-20 19:47:12,710.81,2026-08-20,716.0,5.12,5.3,5.27,10750,2164,0.7301,-0.9782,0.02037,-0.02,0.0018
2026-08-20 19:47:12,710.81,2026-08-20,717.0,6.17,6.23,6.3,5671,902,0.7726,-0.9885,0.01114,-0.01,0.0011
2026-08-20 19:48:13,710.71,2026-08-20,704.0,0.01,0.04,0.02,20904,932,0.9814,-0.0205,0.01499,-0.025,0.0017
2026-08-20 19:48:13,710.71,2026-08-20,705.0,0.03,0.04,0.01,98035,1079,0.9044,-0.0297,0.02218,-0.035,0.0023
2026-08-20 19:48:13,710.71,2026-08-20,706.0,0.03,0.04,0.02,49616,1329,0.7708,-0.0342,0.02922,-0.035,0.0025
2026-08-20 19:48:13,710.71,2026-08-20,707.0,0.01,0.02,0.02,130502,616,0.5481,-0.0219,0.02834,-0.015,0.0018
2026-08-20 19:48:13,710.71,2026-08-20,708.0,0.02,0.07,0.04,227431,1079,0.5184,-0.0599,0.06821,-0.045,0.004
2026-08-20 19:48:13,710.71,2026-08-20,709.0,0.09,0.14,0.13,247117,777,0.4731,-0.1414,0.14078,-0.115,0.0075
2026-08-20 19:48:13,710.71,2026-08-20,710.0,0.26,0.27,0.3,483620,3393,0.4077,-0.303,0.25463,-0.265,0.0117
2026-08-20 19:48:13,710.71,2026-08-20,711.0,0.68,0.7,0.68,367596,468,0.3948,-0.5873,0.29319,-0.395,0.0131
2026-08-20 19:48:13,710.71,2026-08-20,712.0,1.39,1.43,1.4,362980,896,0.3939,-0.8352,0.18718,-0.115,0.0083
2026-08-20 19:48:13,710.71,2026-08-20,713.0,2.26,2.36,2.28,163164,881,0.3684,-0.9676,0.05844,-0.015,0.0024
2026-08-20 19:48:13,710.71,2026-08-20,714.0,3.17,3.42,3.19,74517,580,0.3404,-0.9979,0.00567,-0.0,0.0002
2026-08-20 19:48:13,710.71,2026-08-20,715.0,4.12,4.39,4.2,38173,1829,,,,,
2026-08-20 19:48:13,710.71,2026-08-20,716.0,5.22,5.39,5.27,10751,2164,0.7035,-0.987,0.01411,-0.01,0.0011
2026-08-20 19:48:13,710.71,2026-08-20,717.0,6.08,6.33,6.3,5671,902,,,,,
2026-08-20 19:49:14,710.91,2026-08-20,704.0,0.01,0.04,0.02,20904,932,1.0536,-0.0201,0.01433,-0.025,0.0016
2026-08-20 19:49:14,710.91,2026-08-20,705.0,0.03,0.04,0.03,98044,1079,0.9745,-0.0289,0.02108,-0.035,0.0021
2026-08-20 19:49:14,710.91,2026-08-20,706.0,0.03,0.04,0.03,49621,1329,0.8354,-0.0331,0.0275,-0.035,0.0024
2026-08-20 19:49:14,710.91,2026-08-20,707.0,0.04,0.05,0.04,131025,616,0.727,-0.0465,0.04167,-0.045,0.0031
2026-08-20 19:49:14,710.91,2026-08-20,708.0,0.02,0.07,0.06,227624,1079,0.5745,-0.057,0.06196,-0.045,0.0037
2026-08-20 19:49:14,710.91,2026-08-20,709.0,0.11,0.12,0.11,247554,777,0.5349,-0.1327,0.12477,-0.115,0.0069
2026-08-20 19:49:14,710.91,2026-08-20,710.0,0.2,0.25,0.24,484954,3393,0.4431,-0.2609,0.2281,-0.225,0.0104
2026-08-20 19:49:14,710.91,2026-08-20,711.0,0.55,0.6,0.61,368257,468,0.4125,-0.5265,0.30015,-0.485,0.0128
2026-08-20 19:49:14,710.91,2026-08-20,712.0,1.21,1.28,1.31,363238,896,0.4145,-0.7927,0.21461,-0.155,0.0092
2026-08-20 19:49:14,710.91,2026-08-20,713.0,2.1,2.24,2.21,163252,881,0.5124,-0.8971,0.10876,-0.08,0.0058
2026-08-20 19:49:14,710.91,2026-08-20,714.0,2.99,3.21,3.18,74526,580,0.4641,-0.9805,0.03172,-0.01,0.0015
2026-08-20 19:49:14,710.91,2026-08-20,715.0,3.97,4.34,4.2,38176,1829,0.8096,-0.9412,0.04506,-0.065,0.0038
2026-08-20 19:49:14,710.91,2026-08-20,716.0,5.01,5.36,5.18,10752,2164,1.0423,-0.9346,0.03802,-0.095,0.0041
2026-08-20 19:49:14,710.91,2026-08-20,717.0,6,6.09,6.3,5673,902,,,,,
2026-08-20 19:50:16,711.25,2026-08-20,705.0,0.01,0.04,0.03,98050,1079,1.0158,-0.0217,0.01667,-0.025,0.0016
2026-08-20 19:50:16,711.25,2026-08-20,706.0,0.01,0.02,0.03,49621,1329,0.8106,-0.0168,0.01684,-0.015,0.0013
2026-08-20 19:50:16,711.25,2026-08-20,707.0,0.03,0.04,0.02,131219,616,0.7787,-0.0368,0.0338,-0.035,0.0025
2026-08-20 19:50:16,711.25,2026-08-20,708.0,0.04,0.05,0.04,227748,1079,0.6581,-0.0529,0.0536,-0.045,0.0033
2026-08-20 19:50:16,711.25,2026-08-20,709.0,0.03,0.05,0.08,247800,777,0.48,-0.0627,0.08396,-0.04,0.0038
2026-08-20 19:50:16,711.25,2026-08-20,710.0,0.18,0.19,0.19,486805,3393,0.5069,-0.2104,0.18606,-0.185,0.0088
2026-08-20 19:50:16,711.25,2026-08-20,711.0,0.44,0.46,0.48,369629,468,0.4624,-0.4307,0.27772,-0.45,0.012
2026-08-20 19:50:16,711.25,2026-08-20,712.0,1.05,1.09,1.09,363375,896,0.5087,-0.6856,0.22805,-0.315,0.0109
2026-08-20 19:50:16,711.25,2026-08-20,713.0,1.79,1.99,2.22,163337,881,0.5582,-0.8473,0.13817,-0.135,0.0072
2026-08-20 19:50:16,711.25,2026-08-20,714.0,2.64,2.87,2.94,74531,580,0.3127,-0.998,0.00673,-0.0,0.0002
2026-08-20 19:50:16,711.25,2026-08-20,715.0,3.73,3.97,4.18,38182,1829,0.8681,-0.9204,0.05575,-0.095,0.0045
2026-08-20 19:50:16,711.25,2026-08-20,716.0,4.73,4.97,5.1,10753,2164,1.0392,-0.9316,0.04146,-0.095,0.004
2026-08-20 19:50:16,711.25,2026-08-20,717.0,5.77,6.02,6.02,5673,902,1.3156,-0.9223,0.03611,-0.14,0.0044
2026-08-20 19:50:16,711.25,2026-08-20,718.0,6.54,6.83,7.15,5496,1329,,,,,
2026-08-20 19:51:17,711.35,2026-08-20,705.0,0.03,0.04,0.03,98058,1079,1.1495,-0.0275,0.019,-0.035,0.0018
2026-08-20 19:51:17,711.35,2026-08-20,706.0,0.01,0.04,0.01,49631,1329,0.9421,-0.0243,0.02095,-0.025,0.0017
2026-08-20 19:51:17,711.35,2026-08-20,707.0,0.01,0.02,0.03,131245,616,0.7301,-0.0194,0.02232,-0.015,0.0014
2026-08-20 19:51:17,711.35,2026-08-20,708.0,0.03,0.04,0.02,228532,1079,0.6787,-0.0435,0.04698,-0.035,0.0027
2026-08-20 19:51:17,711.35,2026-08-20,709.0,0.06,0.07,0.07,248734,777,0.5889,-0.0834,0.09001,-0.065,0.0044
2026-08-20 19:51:17,711.35,2026-08-20,710.0,0.13,0.14,0.14,489517,3393,0.4982,-0.174,0.17812,-0.135,0.0074
2026-08-20 19:51:17,711.35,2026-08-20,711.0,0.32,0.38,0.38,372287,468,0.4384,-0.3908,0.30257,-0.35,0.0111
2026-08-20 19:51:17,711.35,2026-08-20,712.0,0.9,0.92,0.92,363914,896,0.4521,-0.6898,0.2697,-0.26,0.0102
2026-08-20 19:51:17,711.35,2026-08-20,713.0,1.59,1.78,1.82,163530,881,0.388,-0.9287,0.12124,-0.035,0.0039
2026-08-20 19:51:17,711.35,2026-08-20,714.0,2.52,2.74,2.8,74543,580,,,,,
2026-08-20 19:51:17,711.35,2026-08-20,715.0,3.57,3.73,3.73,38194,1829,0.4225,-0.9985,0.0039,-0.0,0.0001
2026-08-20 19:51:17,711.35,2026-08-20,716.0,4.54,4.74,4.83,10753,2164,,,,,
2026-08-20 19:51:17,711.35,2026-08-20,717.0,5.45,5.86,6.02,5673,902,0.7956,-0.9927,0.00878,-0.005,0.0006
2026-08-20 19:51:17,711.35,2026-08-20,718.0,6.44,6.76,7.15,5496,1329,,,,,
2026-08-20 19:52:21,711.1,2026-08-20,705.0,0.01,0.04,0.03,98061,1079,1.1231,-0.022,0.01726,-0.025,0.0014
2026-08-20 19:52:21,711.1,2026-08-20,706.0,0.03,0.04,0.01,49648,1329,1.0217,-0.0322,0.02606,-0.035,0.002
2026-08-20 19:52:21,711.1,2026-08-20,707.0,0.03,0.04,0.03,131566,616,0.8536,-0.0377,0.03549,-0.035,0.0022
2026-08-20 19:52:21,711.1,2026-08-20,708.0,0.03,0.04,0.04,228809,1079,0.6802,-0.046,0.05225,-0.035,0.0026
2026-08-20 19:52:21,711.1,2026-08-20,709.0,0.07,0.08,0.07,249442,777,0.5996,-0.0978,0.10612,-0.075,0.0047
2026-08-20 19:52:21,711.1,2026-08-20,710.0,0.12,0.17,0.15,491356,3393,0.4811,-0.1991,0.21395,-0.145,0.0076
2026-08-20 19:52:21,711.1,2026-08-20,711.0,0.45,0.47,0.47,374526,468,0.4701,-0.4682,0.31189,-0.46,0.0108
2026-08-20 19:52:21,711.1,2026-08-20,712.0,1.01,1.05,1.01,364283,896,0.4082,-0.7913,0.25929,-0.13,0.0078
2026-08-20 19:52:21,711.1,2026-08-20,713.0,1.81,2.05,1.88,163952,881,0.4463,-0.9413,0.09667,-0.03,0.0032
2026-08-20 19:52:21,711.1,2026-08-20,714.0,2.79,3.02,2.72,74571,580,0.474,-0.9878,0.0247,-0.005,0.0009
2026-08-20 19:52:21,711.1,2026-08-20,715.0,3.76,4.01,3.68,38204,1829,,,,,
2026-08-20 19:52:21,711.1,2026-08-20,716.0,4.7,5.11,4.85,10754,2164,0.7483,-0.9919,0.01092,-0.005,0.0006
2026-08-20 19:52:21,711.1,2026-08-20,717.0,5.78,6.1,5.72,5682,902,1.1726,-0.9675,0.02287,-0.04,0.002
2026-08-20 19:52:21,711.1,2026-08-20,718.0,6.73,7.06,7.15,5496,1329,,,,,
2026-08-20 19:53:22,711.38,2026-08-20,705.0,0.01,0.04,0.03,98219,1079,1.2531,-0.0213,0.01614,-0.025,0.0013
2026-08-20 19:53:22,711.38,2026-08-20,706.0,0.03,0.04,0.01,49712,1329,1.1471,-0.031,0.02414,-0.035,0.0018
2026-08-20 19:53:22,711.38,2026-08-20,707.0,0.03,0.04,0.02,132270,616,0.9678,-0.036,0.03234,-0.035,0.002
2026-08-20 19:53:22,711.38,2026-08-20,708.0,0.01,0.02,0.03,228945,1079,0.6755,-0.0234,0.03246,-0.015,0.0014
2026-08-20 19:53:22,711.38,2026-08-20,709.0,0.05,0.06,0.02,249991,777,0.6543,-0.0744,0.0851,-0.055,0.0036
2026-08-20 19:53:22,711.38,2026-08-20,710.0,0.11,0.12,0.08,503760,3393,0.5471,-0.1584,0.17495,-0.115,0.0061
2026-08-20 19:53:22,711.38,2026-08-20,711.0,0.3,0.36,0.36,376001,468,0.4936,-0.3798,0.30536,-0.33,0.0096
2026-08-20 19:53:22,711.38,2026-08-20,712.0,0.83,0.91,0.9,364609,896,0.4964,-0.689,0.28179,-0.25,0.0089
2026-08-20 19:53:22,711.38,2026-08-20,713.0,1.53,1.74,1.73,164125,881,0.3679,-0.9591,0.09443,-0.015,0.0022
2026-08-20 19:53:22,711.38,2026-08-20,714.0,2.5,2.69,2.65,74596,580,,,,,
2026-08-20 19:53:22,711.38,2026-08-20,715.0,3.44,3.76,3.69,38223,1829,,,,,
2026-08-20 19:53:22,711.38,2026-08-20,716.0,4.39,4.8,4.68,10763,2164,,,,,
2026-08-20 19:53:22,711.38,2026-08-20,717.0,5.41,5.69,5.73,5698,902,,,,,
2026-08-20 19:53:22,711.38,2026-08-20,718.0,6.53,6.68,7.15,5496,1329,,,,,
2026-08-20 19:54:23,711.18,2026-08-20,705.0,0.03,0.04,0.03,98223,1079,1.4016,-0.028,0.01974,-0.035,0.0015
2026-08-20 19:54:23,711.18,2026-08-20,706.0,0.01,0.04,0.03,49920,1329,1.1437,-0.0249,0.02193,-0.025,0.0014
2026-08-20 19:54:23,711.18,2026-08-20,707.0,0.01,0.02,0.01,132296,616,0.8806,-0.02,0.02365,-0.015,0.0011
2026-08-20 19:54:23,711.18,2026-08-20,708.0,0.01,0.04,0.02,229319,1079,0.7624,-0.0356,0.04423,-0.025,0.0018
2026-08-20 19:54:23,711.18,2026-08-20,709.0,0.01,0.06,0.05,250934,777,0.6015,-0.0584,0.08353,-0.035,0.0027
2026-08-20 19:54:23,711.18,2026-08-20,710.0,0.13,0.14,0.13,506156,3393,0.5721,-0.1857,0.20139,-0.135,0.0062
2026-08-20 19:54:23,711.18,2026-08-20,711.0,0.4,0.42,0.4,378292,468,0.5368,-0.4405,0.31652,-0.41,0.0092
2026-08-20 19:54:23,711.18,2026-08-20,712.0,0.98,1.02,0.98,365406,896,0.5269,-0.7469,0.26147,-0.185,0.0074
2026-08-20 19:54:23,711.18,2026-08-20,713.0,1.76,1.89,1.71,164227,881,0.4093,-0.9717,0.06821,-0.01,0.0015
2026-08-20 19:54:23,711.18,2026-08-20,714.0,2.71,2.94,2.71,74667,580,0.5914,-0.9796,0.03592,-0.01,0.0011
2026-08-20 19:54:23,711.18,2026-08-20,715.0,3.8,3.88,3.73,38227,1829,0.8821,-0.9683,0.03479,-0.025,0.0017
2026-08-20 19:54:23,711.18,2026-08-20,716.0,4.68,5.02,4.69,10763,2164,1.1322,-0.9659,0.02878,-0.035,0.0018
2026-08-20 19:54:23,711.18,2026-08-20,717.0,5.69,5.92,5.59,5698,902,,,,,
2026-08-20 19:54:23,711.18,2026-08-20,718.0,6.65,6.99,7.15,5496,1329,1.1651,-0.9939,0.0064,-0.005,0.0004
2026-08-20 19:55:25,710.82,2026-08-20,704.0,0.01,0.04,0.03,21279,932,1.5969,-0.0203,0.01462,-0.025,0.001
2026-08-20 19:55:25,710.82,2026-08-20,705.0,0.01,0.02,0.03,98246,1079,1.293,-0.0155,0.01437,-0.015,0.0008
2026-08-20 19:55:25,710.82,2026-08-20,706.0,0.01,0.02,0.03,50255,1329,1.0997,-0.0179,0.01913,-0.015,0.0009
2026-08-20 19:55:25,710.82,2026-08-20,707.0,0.01,0.04,0.02,132314,616,0.9806,-0.0312,0.03416,-0.025,0.0015
2026-08-20 19:55:25,710.82,2026-08-20,708.0,0.03,0.04,0.02,229834,1079,0.8152,-0.0491,0.05943,-0.035,0.0021
2026-08-20 19:55:25,710.82,2026-08-20,709.0,0.02,0.07,0.06,251552,777,0.612,-0.0777,0.11328,-0.045,0.0031
2026-08-20 19:55:25,710.82,2026-08-20,710.0,0.15,0.17,0.12,507876,3393,0.5476,-0.2372,0.26892,-0.16,0.0065
2026-08-20 19:55:25,710.82,2026-08-20,711.0,0.51,0.53,0.52,379414,468,0.5067,-0.5668,0.37006,-0.34,0.0083
2026-08-20 19:55:25,710.82,2026-08-20,712.0,1.19,1.32,1.27,365873,896,0.5145,-0.8625,0.20376,-0.075,0.0046
2026-08-20 19:55:25,710.82,2026-08-20,713.0,2.11,2.3,2.1,164272,881,0.6194,-0.953,0.0756,-0.025,0.0021
2026-08-20 19:55:25,710.82,2026-08-20,714.0,3.1,3.34,3.05,74676,580,0.919,-0.95,0.05353,-0.04,0.0022
2026-08-20 19:55:25,710.82,2026-08-20,715.0,4.08,4.31,3.98,38241,1829,0.9706,-0.9796,0.02418,-0.015,0.001
2026-08-20 19:55:25,710.82,2026-08-20,716.0,5.03,5.19,4.93,10764,2164,,,,,
2026-08-20 19:55:25,710.82,2026-08-20,717.0,5.99,6.4,5.99,5699,902,1.3533,-0.9848,0.01347,-0.015,0.0008
2026-08-20 19:56:26,710.58,2026-08-20,704.0,0.03,0.04,0.02,21304,932,1.8552,-0.0267,0.01804,-0.035,0.0011
2026-08-20 19:56:26,710.58,2026-08-20,705.0,0.03,0.04,0.01,98286,1079,1.6164,-0.0302,0.0229,-0.035,0.0013
2026-08-20 19:56:26,710.58,2026-08-20,706.0,0.01,0.04,0.01,50258,1329,1.2951,-0.0273,0.02629,-0.025,0.0012
2026-08-20 19:56:26,710.58,2026-08-20,707.0,0.01,0.04,0.02,132590,616,1.0551,-0.0327,0.03747,-0.025,0.0013
2026-08-20 19:56:26,710.58,2026-08-20,708.0,0.01,0.04,0.02,230076,1079,0.8066,-0.0413,0.05937,-0.025,0.0016
2026-08-20 19:56:26,710.58,2026-08-20,709.0,0.06,0.07,0.03,251748,777,0.6881,-0.1065,0.14452,-0.065,0.0034
2026-08-20 19:56:26,710.58,2026-08-20,710.0,0.16,0.17,0.2,509194,3393,0.5267,-0.2752,0.34302,-0.165,0.0062
2026-08-20 19:56:26,710.58,2026-08-20,711.0,0.69,0.71,0.69,380279,468,0.6238,-0.6418,0.32403,-0.28,0.0069
2026-08-20 19:56:26,710.58,2026-08-20,712.0,1.44,1.56,1.48,366374,896,0.6767,-0.8715,0.16783,-0.08,0.0039
2026-08-20 19:56:26,710.58,2026-08-20,713.0,2.34,2.47,2.29,164352,881,,,,,
2026-08-20 19:56:26,710.58,2026-08-20,714.0,3.23,3.5,3.24,74681,580,,,,,
2026-08-20 19:56:26,710.58,2026-08-20,715.0,4.26,4.48,4.14,38244,1829,,,,,
2026-08-20 19:56:26,710.58,2026-08-20,716.0,5.23,5.53,4.93,10764,2164,,,,,
2026-08-20 19:56:26,710.58,2026-08-20,717.0,6.13,6.4,5.99,5699,902,,,,,
2026-08-20 19:57:30,710.52,2026-08-20,704.0,0.01,0.02,0.01,21305,932,1.9311,-0.0142,0.01208,-0.015,0.0006
2026-08-20 19:57:30,710.52,2026-08-20,705.0,0,0.01,0.01,98296,1079,1.5817,-0.0118,0.01257,-0.01,0.0005
2026-08-20 19:57:30,710.52,2026-08-20,706.0,0.01,0.02,0.03,50296,1329,1.4092,-0.0188,0.02107,-0.015,0.0007
2026-08-20 19:57:30,710.52,2026-08-20,707.0,0.01,0.02,0.03,132595,616,1.1395,-0.0227,0.03058,-0.015,0.0008
2026-08-20 19:57:30,710.52,2026-08-20,708.0,0.01,0.02,0.02,230196,1079,0.8609,-0.0291,0.04979,-0.015,0.001
2026-08-20 19:57:30,710.52,2026-08-20,709.0,0.06,0.07,0.05,253760,777,0.7979,-0.109,0.15111,-0.065,0.0029
2026-08-20 19:57:30,710.52,2026-08-20,710.0,0.17,0.18,0.17,510530,3393,0.6146,-0.2922,0.36072,-0.175,0.0053
2026-08-20 19:57:30,710.52,2026-08-20,711.0,0.67,0.72,0.67,382209,468,0.6652,-0.6789,0.34746,-0.215,0.0055
2026-08-20 19:57:30,710.52,2026-08-20,712.0,1.51,1.65,1.51,367855,896,0.8903,-0.8579,0.16303,-0.1,0.0035
2026-08-20 19:57:30,710.52,2026-08-20,713.0,2.36,2.6,2.36,164491,881,0.4999,-0.9993,0.00312,0.0,0.0
2026-08-20 19:57:30,710.52,2026-08-20,714.0,3.37,3.65,3.24,74707,580,1.265,-0.9616,0.04251,-0.03,0.0013
2026-08-20 19:57:30,710.52,2026-08-20,715.0,4.51,4.61,4.33,38296,1829,1.8841,-0.9367,0.04254,-0.08,0.0019
2026-08-20 19:57:30,710.52,2026-08-20,716.0,5.48,5.52,5.07,10800,2164,1.7229,-0.9795,0.01854,-0.02,0.0008
2026-08-20 19:57:30,710.52,2026-08-20,717.0,6.44,6.69,5.99,5699,902,2.5487,-0.9485,0.02673,-0.085,0.0016
2026-08-20 19:58:31,710.7,2026-08-20,704.0,0.01,0.04,0.01,21332,932,2.77,-0.0205,0.01501,-0.025,0.0006
2026-08-20 19:58:31,710.7,2026-08-20,705.0,0,0.03,0.01,98298,1079,2.1158,-0.0115,0.01196,-0.01,0.0004
2026-08-20 19:58:31,710.7,2026-08-20,706.0,0.03,0.04,0.01,50347,1329,2.1748,-0.0342,0.02927,-0.035,0.0009
2026-08-20 19:58:31,710.7,2026-08-20,707.0,0.03,0.04,0.02,132607,616,1.7876,-0.0406,0.04096,-0.035,0.001
2026-08-20 19:58:31,710.7,2026-08-20,708.0,0.03,0.04,0.03,230239,1079,1.3865,-0.0506,0.06303,-0.035,0.0012
2026-08-20 19:58:31,710.7,2026-08-20,709.0,0.04,0.05,0.05,254390,777,1.0234,-0.0812,0.12331,-0.045,0.0018
2026-08-20 19:58:31,710.7,2026-08-20,710.0,0.1,0.11,0.11,512039,3393,0.7345,-0.2115,0.3308,-0.105,0.0034
2026-08-20 19:58:31,710.7,2026-08-20,711.0,0.51,0.56,0.52,384623,468,0.7693,-0.628,0.41276,-0.235,0.0045
2026-08-20 19:58:31,710.7,2026-08-20,712.0,1.29,1.4,1.29,368203,896,0.8366,-0.9037,0.17139,-0.045,0.002
2026-08-20 19:58:31,710.7,2026-08-20,713.0,2.22,2.37,2.25,164537,881,,,,,
2026-08-20 19:58:31,710.7,2026-08-20,714.0,3.25,3.36,3.25,74806,580,1.1968,-0.9895,0.01948,-0.005,0.0003
2026-08-20 19:58:31,710.7,2026-08-20,715.0,4.24,4.36,4.28,38296,1829,1.0412,-0.9997,0.00082,0.0,0.0
2026-08-20 19:58:31,710.7,2026-08-20,716.0,5.12,5.24,5.23,10800,2164,,,,,
2026-08-20 19:58:31,710.7,2026-08-20,717.0,6.07,6.26,5.99,5700,902,,,,,
2026-08-20 19:59:32,711.1,2026-08-20,705.0,0,0.01,0.01,98298,1079,2.724,-0.0109,0.01078,-0.01,0.0003
2026-08-20 19:59:32,711.1,2026-08-20,706.0,0.01,0.04,0.03,50354,1329,2.6676,-0.0252,0.02251,-0.025,0.0006
2026-08-20 19:59:32,711.1,2026-08-20,707.0,0.03,0.04,0.03,132615,616,2.3581,-0.0378,0.03555,-0.035,0.0008
2026-08-20 19:59:32,711.1,2026-08-20,708.0,0.01,0.04,0.03,230257,1079,1.7627,-0.0363,0.04605,-0.025,0.0008
2026-08-20 19:59:32,711.1,2026-08-20,709.0,0.03,0.04,0.04,255291,777,1.3774,-0.0601,0.08829,-0.035,0.0012
2026-08-20 19:59:32,711.1,2026-08-20,710.0,0.03,0.08,0.08,514412,3393,0.9508,-0.1198,0.2143,-0.055,0.002
2026-08-20 19:59:32,711.1,2026-08-20,711.0,0.3,0.36,0.36,386248,468,0.96,-0.4595,0.42151,-0.33,0.0039
2026-08-20 19:59:32,711.1,2026-08-20,712.0,0.97,1.04,1.07,370696,896,1.0209,-0.8166,0.26514,-0.1,0.0026
2026-08-20 19:59:32,711.1,2026-08-20,713.0,1.9,1.98,2.11,164604,881,1.2758,-0.9357,0.10052,-0.035,0.0012
2026-08-20 19:59:32,711.1,2026-08-20,714.0,2.82,3.07,3.08,74825,580,1.8274,-0.947,0.0603,-0.04,0.0011
2026-08-20 19:59:32,711.1,2026-08-20,715.0,3.75,4.46,4.28,38297,1829,3.3985,-0.8782,0.06065,-0.2,0.002
2026-08-20 19:59:32,711.1,2026-08-20,716.0,4.65,5.02,5.23,10802,2164,,,,,
2026-08-20 19:59:32,711.1,2026-08-20,717.0,5.84,5.97,5.97,5702,902,1.6559,-0.9999,0.00035,-0.0,0.0
2026-08-20 19:59:32,711.1,2026-08-20,718.0,6.65,7.15,7.17,5501,1329,,,,,
2026-08-20 20:00:34,710.93,2026-08-20,704.0,0.01,0.02,0.01,21966,932,3.2166,-0.0136,0.011,-0.015,0.0003
2026-08-20 20:00:34,710.93,2026-08-20,705.0,0,0.03,0.01,99146,1079,2.6601,-0.0112,0.01125,-0.01,0.0003
2026-08-20 20:00:34,710.93,2026-08-20,706.0,0.01,0.02,0.03,52803,1329,2.3981,-0.0176,0.01849,-0.015,0.0004
2026-08-20 20:00:34,710.93,2026-08-20,707.0,0.03,0.04,0.02,133560,616,2.2807,-0.0389,0.03766,-0.035,0.0008
2026-08-20 20:00:34,710.93,2026-08-20,708.0,0.03,0.04,0.04,234333,1079,1.798,-0.0478,0.05643,-0.035,0.001
2026-08-20 20:00:34,710.93,2026-08-20,709.0,0.01,0.05,0.04,259954,777,1.2496,-0.0573,0.09372,-0.03,0.0011
2026-08-20 20:00:34,710.93,2026-08-20,710.0,0.04,0.09,0.06,522758,3393,0.8948,-0.1443,0.25889,-0.065,0.0022
2026-08-20 20:00:34,710.93,2026-08-20,711.0,0.38,0.42,0.28,389386,468,0.9303,-0.5303,0.43605,-0.33,0.0039
2026-08-20 20:00:34,710.93,2026-08-20,712.0,1.06,1.34,1.01,372485,896,1.2517,-0.8079,0.22258,-0.13,0.0027
2026-08-20 20:00:34,710.93,2026-08-20,713.0,2.12,2.32,2.05,164768,881,2.0112,-0.8524,0.11697,-0.15,0.0023
2026-08-20 20:00:34,710.93,2026-08-20,714.0,3.03,3.28,2.98,74891,580,2.2625,-0.9161,0.06947,-0.085,0.0015
2026-08-20 20:00:34,710.93,2026-08-20,715.0,3.8,4.43,4.2,38372,1829,2.4481,-0.9544,0.03993,-0.045,0.0009
2026-08-20 20:00:34,710.93,2026-08-20,716.0,4.71,5.25,5.06,10847,2164,,,,,
2026-08-20 20:00:34,710.93,2026-08-20,717.0,5.7,6.41,5.97,5769,902,,,,,
2026-08-20 20:01:35,711.19,2026-08-20,705.0,0,0.03,0.01,99150,1079,2.7608,-0.0108,0.01052,-0.01,0.0003
2026-08-20 20:01:35,711.19,2026-08-20,706.0,0.01,0.02,0.03,52811,1329,2.5052,-0.0169,0.01711,-0.015,0.0004
2026-08-20 20:01:35,711.19,2026-08-20,707.0,0.03,0.04,0.03,133599,616,2.4025,-0.0372,0.03443,-0.035,0.0008
2026-08-20 20:01:35,711.19,2026-08-20,708.0,0.03,0.04,0.02,234397,1079,1.9246,-0.0451,0.05026,-0.035,0.0009
2026-08-20 20:01:35,711.19,2026-08-20,709.0,0.01,0.05,0.04,260473,777,1.3805,-0.0526,0.07923,-0.03,0.0011
2026-08-20 20:01:35,711.19,2026-08-20,710.0,0.04,0.09,0.03,524719,3393,1.0594,-0.1257,0.19889,-0.065,0.002
2026-08-20 20:01:35,711.19,2026-08-20,711.0,0.38,0.42,0.33,390050,468,1.2501,-0.4381,0.32139,-0.4,0.0039
2026-08-20 20:01:35,711.19,2026-08-20,712.0,1.06,1.34,1.03,372784,896,1.8492,-0.6718,0.19919,-0.39,0.0035
2026-08-20 20:01:35,711.19,2026-08-20,713.0,2.12,2.32,2.02,164772,881,2.7634,-0.747,0.11798,-0.41,0.0031
2026-08-20 20:01:35,711.19,2026-08-20,714.0,3.03,3.28,2.94,74909,580,3.2951,-0.8066,0.08488,-0.345,0.0027
2026-08-20 20:01:35,711.19,2026-08-20,715.0,3.8,4.43,3.95,38373,1829,3.8211,-0.844,0.06384,-0.305,0.0023
2026-08-20 20:01:35,711.19,2026-08-20,716.0,4.71,5.25,4.9,10849,2164,3.7685,-0.9022,0.04671,-0.17,0.0017
2026-08-20 20:01:35,711.19,2026-08-20,717.0,5.7,6.41,5.98,5771,902,4.7736,-0.8911,0.03987,-0.245,0.0018
2026-08-20 20:01:35,711.19,2026-08-20,718.0,5.13,7.36,7.04,5598,1329,,,,,
2026-08-20 20:02:38,711.19,2026-08-20,705.0,0,0.03,0.01,99164,1079,2.7608,-0.0108,0.01052,-0.01,0.0003
2026-08-20 20:02:38,711.19,2026-08-20,706.0,0.01,0.02,0.03,52813,1329,2.5052,-0.0169,0.01711,-0.015,0.0004
2026-08-20 20:02:38,711.19,2026-08-20,707.0,0.03,0.04,0.03,133617,616,2.4025,-0.0372,0.03443,-0.035,0.0008
2026-08-20 20:02:38,711.19,2026-08-20,708.0,0.03,0.04,0.04,234498,1079,1.9246,-0.0451,0.05026,-0.035,0.0009
2026-08-20 20:02:38,711.19,2026-08-20,709.0,0.01,0.05,0.04,261091,777,1.3805,-0.0526,0.07923,-0.03,0.0011
2026-08-20 20:02:38,711.19,2026-08-20,710.0,0.04,0.09,0.07,525282,3393,1.0594,-0.1257,0.19889,-0.065,0.002
2026-08-20 20:02:38,711.19,2026-08-20,711.0,0.38,0.42,0.29,391301,468,1.2501,-0.4381,0.32139,-0.4,0.0039
2026-08-20 20:02:38,711.19,2026-08-20,712.0,1.06,1.34,0.99,372994,896,1.8492,-0.6718,0.19919,-0.39,0.0035
2026-08-20 20:02:38,711.19,2026-08-20,713.0,2.12,2.32,2.009,164781,881,2.7634,-0.747,0.11798,-0.41,0.0031
2026-08-20 20:02:38,711.19,2026-08-20,714.0,3.03,3.28,2.86,74915,580,3.2951,-0.8066,0.08488,-0.345,0.0027
2026-08-20 20:02:38,711.19,2026-08-20,715.0,3.8,4.43,4.16,38378,1829,3.8211,-0.844,0.06384,-0.305,0.0023
2026-08-20 20:02:38,711.19,2026-08-20,716.0,4.71,5.25,4.9,10854,2164,3.7685,-0.9022,0.04671,-0.17,0.0017
2026-08-20 20:02:38,711.19,2026-08-20,717.0,5.7,6.41,5.98,5771,902,4.7736,-0.8911,0.03987,-0.245,0.0018
2026-08-20 20:02:38,711.19,2026-08-20,718.0,5.13,7.36,7.06,5598,1329,,,,,
2026-08-20 20:03:40,711.19,2026-08-20,705.0,0,0.03,0.01,99208,1079,2.7608,-0.0108,0.01052,-0.01,0.0003
2026-08-20 20:03:40,711.19,2026-08-20,706.0,0.01,0.02,0.01,52817,1329,2.5052,-0.0169,0.01711,-0.015,0.0004
2026-08-20 20:03:40,711.19,2026-08-20,707.0,0.03,0.04,0.04,133642,616,2.4025,-0.0372,0.03443,-0.035,0.0008
2026-08-20 20:03:40,711.19,2026-08-20,708.0,0.03,0.04,0.04,234527,1079,1.9246,-0.0451,0.05026,-0.035,0.0009
2026-08-20 20:03:40,711.19,2026-08-20,709.0,0.01,0.05,0.04,261553,777,1.3805,-0.0526,0.07923,-0.03,0.0011
2026-08-20 20:03:40,711.19,2026-08-20,710.0,0.04,0.09,0.06,525685,3393,1.0594,-0.1257,0.19889,-0.065,0.002
2026-08-20 20:03:40,711.19,2026-08-20,711.0,0.38,0.42,0.27,391614,468,1.2501,-0.4381,0.32139,-0.4,0.0039
2026-08-20 20:03:40,711.19,2026-08-20,712.0,1.06,1.34,0.93,373048,896,1.8492,-0.6718,0.19919,-0.39,0.0035
2026-08-20 20:03:40,711.19,2026-08-20,713.0,2.12,2.32,1.86,164785,881,2.7634,-0.747,0.11798,-0.41,0.0031
2026-08-20 20:03:40,711.19,2026-08-20,714.0,3.03,3.28,2.82,74918,580,3.2951,-0.8066,0.08488,-0.345,0.0027
2026-08-20 20:03:40,711.19,2026-08-20,715.0,3.8,4.43,4.16,38379,1829,3.8211,-0.844,0.06384,-0.305,0.0023
2026-08-20 20:03:40,711.19,2026-08-20,716.0,4.71,5.25,4.93,10864,2164,3.7685,-0.9022,0.04671,-0.17,0.0017
2026-08-20 20:03:40,711.19,2026-08-20,717.0,5.7,6.41,5.98,5771,902,4.7736,-0.8911,0.03987,-0.245,0.0018
2026-08-20 20:03:40,711.19,2026-08-20,718.0,5.13,7.36,6.82,5600,1329,,,,,
2026-08-20 20:04:41,711.19,2026-08-20,705.0,0,0.03,0.01,99213,1079,2.7608,-0.0108,0.01052,-0.01,0.0003
2026-08-20 20:04:41,711.19,2026-08-20,706.0,0.01,0.02,0.01,52819,1329,2.5052,-0.0169,0.01711,-0.015,0.0004
2026-08-20 20:04:41,711.19,2026-08-20,707.0,0.03,0.04,0.02,133722,616,2.4025,-0.0372,0.03443,-0.035,0.0008
2026-08-20 20:04:41,711.19,2026-08-20,708.0,0.03,0.04,0.02,234766,1079,1.9246,-0.0451,0.05026,-0.035,0.0009
2026-08-20 20:04:41,711.19,2026-08-20,709.0,0.01,0.05,0.04,261677,777,1.3805,-0.0526,0.07923,-0.03,0.0011
2026-08-20 20:04:41,711.19,2026-08-20,710.0,0.04,0.09,0.06,527642,3393,1.0594,-0.1257,0.19889,-0.065,0.002
2026-08-20 20:04:41,711.19,2026-08-20,711.0,0.38,0.42,0.24,392269,468,1.2501,-0.4381,0.32139,-0.4,0.0039
2026-08-20 20:04:41,711.19,2026-08-20,712.0,1.06,1.34,0.95,374158,896,1.8492,-0.6718,0.19919,-0.39,0.0035
2026-08-20 20:04:41,711.19,2026-08-20,713.0,2.12,2.32,1.89,164792,881,2.7634,-0.747,0.11798,-0.41,0.0031
2026-08-20 20:04:41,711.19,2026-08-20,714.0,3.03,3.28,2.99,74929,580,3.2951,-0.8066,0.08488,-0.345,0.0027
2026-08-20 20:04:41,711.19,2026-08-20,715.0,3.8,4.43,4.12,38391,1829,3.8211,-0.844,0.06384,-0.305,0.0023
2026-08-20 20:04:41,711.19,2026-08-20,716.0,4.71,5.25,4.95,10871,2164,3.7685,-0.9022,0.04671,-0.17,0.0017
2026-08-20 20:04:41,711.19,2026-08-20,717.0,5.7,6.41,5.98,5771,902,4.7736,-0.8911,0.03987,-0.245,0.0018
2026-08-20 20:04:41,711.19,2026-08-20,718.0,5.13,7.36,6.75,5601,1329,,,,,
2026-08-20 20:05:43,711.19,2026-08-20,705.0,0,0.03,0.01,99216,1079,2.7608,-0.0108,0.01052,-0.01,0.0003
2026-08-20 20:05:43,711.19,2026-08-20,706.0,0.01,0.02,0.01,52840,1329,2.5052,-0.0169,0.01711,-0.015,0.0004
2026-08-20 20:05:43,711.19,2026-08-20,707.0,0.03,0.04,0.01,133828,616,2.4025,-0.0372,0.03443,-0.035,0.0008
2026-08-20 20:05:43,711.19,2026-08-20,708.0,0.03,0.04,0.02,236109,1079,1.9246,-0.0451,0.05026,-0.035,0.0009
2026-08-20 20:05:43,711.19,2026-08-20,709.0,0.01,0.05,0.04,261995,777,1.3805,-0.0526,0.07923,-0.03,0.0011
2026-08-20 20:05:43,711.19,2026-08-20,710.0,0.04,0.09,0.08,528520,3393,1.0594,-0.1257,0.19889,-0.065,0.002
2026-08-20 20:05:43,711.19,2026-08-20,711.0,0.38,0.42,0.4,392998,468,1.2501,-0.4381,0.32139,-0.4,0.0039
2026-08-20 20:05:43,711.19,2026-08-20,712.0,1.06,1.34,1.1,374343,896,1.8492,-0.6718,0.19919,-0.39,0.0035
2026-08-20 20:05:43,711.19,2026-08-20,713.0,2.12,2.32,1.9,164797,881,2.7634,-0.747,0.11798,-0.41,0.0031
2026-08-20 20:05:43,711.19,2026-08-20,714.0,3.03,3.28,2.92,74940,580,3.2951,-0.8066,0.08488,-0.345,0.0027
2026-08-20 20:05:43,711.19,2026-08-20,715.0,3.8,4.43,3.78,38402,1829,3.8211,-0.844,0.06384,-0.305,0.0023
2026-08-20 20:05:43,711.19,2026-08-20,716.0,4.71,5.25,4.95,10871,2164,3.7685,-0.9022,0.04671,-0.17,0.0017
2026-08-20 20:05:43,711.19,2026-08-20,717.0,5.7,6.41,5.98,5771,902,4.7736,-0.8911,0.03987,-0.245,0.0018
2026-08-20 20:05:43,711.19,2026-08-20,718.0,5.13,7.36,6.83,5602,1329,,,,,
2026-08-20 20:06:44,710.84,2026-08-20,704.0,0.01,0.02,0.01,22057,932,3.1807,-0.0137,0.01122,-0.015,0.0003
2026-08-20 20:06:44,710.84,2026-08-20,705.0,0,0.03,0.01,99328,1079,2.6251,-0.0113,0.01152,-0.01,0.0003
2026-08-20 20:06:44,710.84,2026-08-20,706.0,0.01,0.02,0.01,52881,1329,2.3608,-0.0179,0.01901,-0.015,0.0004
2026-08-20 20:06:44,710.84,2026-08-20,707.0,0.03,0.04,0.02,133831,616,2.2382,-0.0395,0.0389,-0.035,0.0008
2026-08-20 20:06:44,710.84,2026-08-20,708.0,0.03,0.04,0.01,236278,1079,1.7538,-0.0488,0.05887,-0.035,0.001
2026-08-20 20:06:44,710.84,2026-08-20,709.0,0.01,0.05,0.02,262118,777,1.2036,-0.0591,0.0998,-0.03,0.0012
2026-08-20 20:06:44,710.84,2026-08-20,710.0,0.04,0.09,0.08,528928,3393,0.836,-0.1524,0.28751,-0.065,0.0023
2026-08-20 20:06:44,710.84,2026-08-20,711.0,0.38,0.42,0.4,393763,468,0.8015,-0.5804,0.49729,-0.24,0.0038
2026-08-20 20:06:44,710.84,2026-08-20,712.0,1.06,1.34,1.1,375709,896,0.9059,-0.9039,0.19188,-0.04,0.0017
2026-08-20 20:06:44,710.84,2026-08-20,713.0,2.12,2.32,1.94,164797,881,1.5945,-0.916,0.09869,-0.06,0.0015
2026-08-20 20:06:44,710.84,2026-08-20,714.0,3.03,3.28,2.92,74943,580,,,,,
2026-08-20 20:06:44,710.84,2026-08-20,715.0,3.8,4.43,3.91,38408,1829,,,,,
2026-08-20 20:06:44,710.84,2026-08-20,716.0,4.71,5.25,4.95,10871,2164,,,,,
2026-08-20 20:06:44,710.84,2026-08-20,717.0,5.7,6.41,5.98,5771,902,,,,,
2026-08-20 20:07:49,710.84,2026-08-20,704.0,0.01,0.02,0.01,22104,932,3.1807,-0.0137,0.01122,-0.015,0.0003
2026-08-20 20:07:49,710.84,2026-08-20,705.0,0,0.03,0.01,99338,1079,2.6251,-0.0113,0.01152,-0.01,0.0003
2026-08-20 20:07:49,710.84,2026-08-20,706.0,0.01,0.02,0.01,52886,1329,2.3608,-0.0179,0.01901,-0.015,0.0004
2026-08-20 20:07:49,710.84,2026-08-20,707.0,0.03,0.04,0.01,133836,616,2.2382,-0.0395,0.0389,-0.035,0.0008
2026-08-20 20:07:49,710.84,2026-08-20,708.0,0.03,0.04,0.03,236312,1079,1.7538,-0.0488,0.05887,-0.035,0.001
2026-08-20 20:07:49,710.84,2026-08-20,709.0,0.01,0.05,0.04,262255,777,1.2036,-0.0591,0.0998,-0.03,0.0012
2026-08-20 20:07:49,710.84,2026-08-20,710.0,0.04,0.09,0.05,529662,3393,0.836,-0.1524,0.28751,-0.065,0.0023
2026-08-20 20:07:49,710.84,2026-08-20,711.0,0.38,0.42,0.45,395471,468,0.8015,-0.5804,0.49729,-0.24,0.0038
2026-08-20 20:07:49,710.84,2026-08-20,712.0,1.06,1.34,1.19,376004,896,0.9059,-0.9039,0.19188,-0.04,0.0017
2026-08-20 20:07:49,710.84,2026-08-20,713.0,2.12,2.32,2.19,164810,881,1.5945,-0.916,0.09869,-0.06,0.0015
2026-08-20 20:07:49,710.84,2026-08-20,714.0,3.03,3.28,3.18,74949,580,,,,,
2026-08-20 20:07:49,710.84,2026-08-20,715.0,3.8,4.43,4.2,38410,1829,,,,,
2026-08-20 20:07:49,710.84,2026-08-20,716.0,4.71,5.25,4.95,10871,2164,,,,,
2026-08-20 20:07:49,710.84,2026-08-20,717.0,5.7,6.41,6.12,5778,902,,,,,
2026-08-20 20:08:50,710.84,2026-08-20,704.0,0.01,0.02,0.01,22105,932,3.1807,-0.0137,0.01122,-0.015,0.0003
2026-08-20 20:08:50,710.84,2026-08-20,705.0,0,0.03,0.01,99353,1079,2.6251,-0.0113,0.01152,-0.01,0.0003
2026-08-20 20:08:50,710.84,2026-08-20,706.0,0.01,0.02,0.01,52891,1329,2.3608,-0.0179,0.01901,-0.015,0.0004
2026-08-20 20:08:50,710.84,2026-08-20,707.0,0.03,0.04,0.01,133891,616,2.2382,-0.0395,0.0389,-0.035,0.0008
2026-08-20 20:08:50,710.84,2026-08-20,708.0,0.03,0.04,0.03,236420,1079,1.7538,-0.0488,0.05887,-0.035,0.001
2026-08-20 20:08:50,710.84,2026-08-20,709.0,0.01,0.05,0.04,262586,777,1.2036,-0.0591,0.0998,-0.03,0.0012
2026-08-20 20:08:50,710.84,2026-08-20,710.0,0.04,0.09,0.11,530280,3393,0.836,-0.1524,0.28751,-0.065,0.0023
2026-08-20 20:08:50,710.84,2026-08-20,711.0,0.38,0.42,0.67,396011,468,0.8015,-0.5804,0.49729,-0.24,0.0038
2026-08-20 20:08:50,710.84,2026-08-20,712.0,1.06,1.34,1.57,376160,896,0.9059,-0.9039,0.19188,-0.04,0.0017
2026-08-20 20:08:50,710.84,2026-08-20,713.0,2.12,2.32,2.22,164838,881,1.5945,-0.916,0.09869,-0.06,0.0015
2026-08-20 20:08:50,710.84,2026-08-20,714.0,3.03,3.28,3.12,74953,580,,,,,
2026-08-20 20:08:50,710.84,2026-08-20,715.0,3.8,4.43,4.33,38411,1829,,,,,
2026-08-20 20:08:50,710.84,2026-08-20,716.0,4.71,5.25,5.3,10883,2164,,,,,
2026-08-20 20:08:50,710.84,2026-08-20,717.0,5.7,6.41,6.12,5785,902,,,,,
2026-08-20 20:09:52,710.84,2026-08-20,704.0,0.01,0.02,0.01,22105,932,3.1807,-0.0137,0.01122,-0.015,0.0003
2026-08-20 20:09:52,710.84,2026-08-20,705.0,0,0.03,0.01,99354,1079,2.6251,-0.0113,0.01152,-0.01,0.0003
2026-08-20 20:09:52,710.84,2026-08-20,706.0,0.01,0.02,0.01,52891,1329,2.3608,-0.0179,0.01901,-0.015,0.0004
2026-08-20 20:09:52,710.84,2026-08-20,707.0,0.03,0.04,0.01,133963,616,2.2382,-0.0395,0.0389,-0.035,0.0008
2026-08-20 20:09:52,710.84,2026-08-20,708.0,0.03,0.04,0.03,236468,1079,1.7538,-0.0488,0.05887,-0.035,0.001
2026-08-20 20:09:52,710.84,2026-08-20,709.0,0.01,0.05,0.02,262692,777,1.2036,-0.0591,0.0998,-0.03,0.0012
2026-08-20 20:09:52,710.84,2026-08-20,710.0,0.04,0.09,0.13,531748,3393,0.836,-0.1524,0.28751,-0.065,0.0023
2026-08-20 20:09:52,710.84,2026-08-20,711.0,0.38,0.42,0.63,397692,468,0.8015,-0.5804,0.49729,-0.24,0.0038
2026-08-20 20:09:52,710.84,2026-08-20,712.0,1.06,1.34,1.41,376541,896,0.9059,-0.9039,0.19188,-0.04,0.0017
2026-08-20 20:09:52,710.84,2026-08-20,713.0,2.12,2.32,2.37,164842,881,1.5945,-0.916,0.09869,-0.06,0.0015
2026-08-20 20:09:52,710.84,2026-08-20,714.0,3.03,3.28,3.32,74960,580,,,,,
2026-08-20 20:09:52,710.84,2026-08-20,715.0,3.8,4.43,4.38,38425,1829,,,,,
2026-08-20 20:09:52,710.84,2026-08-20,716.0,4.71,5.25,5.25,10892,2164,,,,,
2026-08-20 20:09:52,710.84,2026-08-20,717.0,5.7,6.41,6.39,5791,902,,,,,
2026-08-20 20:10:53,710.84,2026-08-20,704.0,0.01,0.02,0.01,22106,932,3.1807,-0.0137,0.01122,-0.015,0.0003
2026-08-20 20:10:53,710.84,2026-08-20,705.0,0,0.03,0.01,99361,1079,2.6251,-0.0113,0.01152,-0.01,0.0003
2026-08-20 20:10:53,710.84,2026-08-20,706.0,0.01,0.02,0.02,52922,1329,2.3608,-0.0179,0.01901,-0.015,0.0004
2026-08-20 20:10:53,710.84,2026-08-20,707.0,0.03,0.04,0.01,133973,616,2.2382,-0.0395,0.0389,-0.035,0.0008
2026-08-20 20:10:53,710.84,2026-08-20,708.0,0.03,0.04,0.02,236637,1079,1.7538,-0.0488,0.05887,-0.035,0.001
2026-08-20 20:10:53,710.84,2026-08-20,709.0,0.01,0.05,0.02,262881,777,1.2036,-0.0591,0.0998,-0.03,0.0012
2026-08-20 20:10:53,710.84,2026-08-20,710.0,0.04,0.09,0.04,532567,3393,0.836,-0.1524,0.28751,-0.065,0.0023
2026-08-20 20:10:53,710.84,2026-08-20,711.0,0.38,0.42,0.44,399251,468,0.8015,-0.5804,0.49729,-0.24,0.0038
2026-08-20 20:10:53,710.84,2026-08-20,712.0,1.06,1.34,1.3,377041,896,0.9059,-0.9039,0.19188,-0.04,0.0017
2026-08-20 20:10:53,710.84,2026-08-20,713.0,2.12,2.32,2.35,164849,881,1.5945,-0.916,0.09869,-0.06,0.0015
2026-08-20 20:10:53,710.84,2026-08-20,714.0,3.03,3.28,3.4,74969,580,,,,,
2026-08-20 20:10:53,710.84,2026-08-20,715.0,3.8,4.43,4.16,38430,1829,,,,,
2026-08-20 20:10:53,710.84,2026-08-20,716.0,4.71,5.25,5.21,10893,2164,,,,,
2026-08-20 20:10:53,710.84,2026-08-20,717.0,5.7,6.41,6.32,5794,902,,,,,
2026-08-20 20:11:55,710.84,2026-08-20,704.0,0.01,0.02,0.01,22111,932,3.1807,-0.0137,0.01122,-0.015,0.0003
2026-08-20 20:11:55,710.84,2026-08-20,705.0,0,0.03,0.01,99449,1079,2.6251,-0.0113,0.01152,-0.01,0.0003
2026-08-20 20:11:55,710.84,2026-08-20,706.0,0.01,0.02,0.01,52932,1329,2.3608,-0.0179,0.01901,-0.015,0.0004
2026-08-20 20:11:55,710.84,2026-08-20,707.0,0.03,0.04,0.01,134020,616,2.2382,-0.0395,0.0389,-0.035,0.0008
2026-08-20 20:11:55,710.84,2026-08-20,708.0,0.03,0.04,0.02,236654,1079,1.7538,-0.0488,0.05887,-0.035,0.001
2026-08-20 20:11:55,710.84,2026-08-20,709.0,0.01,0.05,0.03,262983,777,1.2036,-0.0591,0.0998,-0.03,0.0012
2026-08-20 20:11:55,710.84,2026-08-20,710.0,0.04,0.09,0.07,533445,3393,0.836,-0.1524,0.28751,-0.065,0.0023
2026-08-20 20:11:55,710.84,2026-08-20,711.0,0.38,0.42,0.44,399992,468,0.8015,-0.5804,0.49729,-0.24,0.0038
2026-08-20 20:11:55,710.84,2026-08-20,712.0,1.06,1.34,1.3,377356,896,0.9059,-0.9039,0.19188,-0.04,0.0017
2026-08-20 20:11:55,710.84,2026-08-20,713.0,2.12,2.32,2.3,164851,881,1.5945,-0.916,0.09869,-0.06,0.0015
2026-08-20 20:11:55,710.84,2026-08-20,714.0,3.03,3.28,3.22,74976,580,,,,,
2026-08-20 20:11:55,710.84,2026-08-20,715.0,3.8,4.43,4.38,38434,1829,,,,,
2026-08-20 20:11:55,710.84,2026-08-20,716.0,4.71,5.25,5.31,10895,2164,,,,,
2026-08-20 20:11:55,710.84,2026-08-20,717.0,5.7,6.41,6.42,5795,902,,,,,
2026-08-20 20:12:58,710.84,2026-08-20,704.0,0.01,0.02,0.01,22116,932,3.1807,-0.0137,0.01122,-0.015,0.0003
2026-08-20 20:12:58,710.84,2026-08-20,705.0,0,0.03,0.01,99450,1079,2.6251,-0.0113,0.01152,-0.01,0.0003
2026-08-20 20:12:58,710.84,2026-08-20,706.0,0.01,0.02,0.02,52945,1329,2.3608,-0.0179,0.01901,-0.015,0.0004
2026-08-20 20:12:58,710.84,2026-08-20,707.0,0.03,0.04,0.02,134098,616,2.2382,-0.0395,0.0389,-0.035,0.0008
2026-08-20 20:12:58,710.84,2026-08-20,708.0,0.03,0.04,0.02,236657,1079,1.7538,-0.0488,0.05887,-0.035,0.001
2026-08-20 20:12:58,710.84,2026-08-20,709.0,0.01,0.05,0.03,263155,777,1.2036,-0.0591,0.0998,-0.03,0.0012
2026-08-20 20:12:58,710.84,2026-08-20,710.0,0.04,0.09,0.1,534170,3393,0.836,-0.1524,0.28751,-0.065,0.0023
2026-08-20 20:12:58,710.84,2026-08-20,711.0,0.38,0.42,0.56,400402,468,0.8015,-0.5804,0.49729,-0.24,0.0038
2026-08-20 20:12:58,710.84,2026-08-20,712.0,1.06,1.34,1.45,377437,896,0.9059,-0.9039,0.19188,-0.04,0.0017
2026-08-20 20:12:58,710.84,2026-08-20,713.0,2.12,2.32,2.44,164863,881,1.5945,-0.916,0.09869,-0.06,0.0015
2026-08-20 20:12:58,710.84,2026-08-20,714.0,3.03,3.28,3.31,74978,580,,,,,
2026-08-20 20:12:58,710.84,2026-08-20,715.0,3.8,4.43,4.38,38434,1829,,,,,
2026-08-20 20:12:58,710.84,2026-08-20,716.0,4.71,5.25,5.31,10895,2164,,,,,
2026-08-20 20:12:58,710.84,2026-08-20,717.0,5.7,6.41,6.29,5797,902,,,,,
2026-08-20 20:14:00,710.84,2026-08-20,704.0,0.01,0.02,0.02,22141,932,3.1807,-0.0137,0.01122,-0.015,0.0003
2026-08-20 20:14:00,710.84,2026-08-20,705.0,0,0.03,0.01,99870,1079,2.6251,-0.0113,0.01152,-0.01,0.0003
2026-08-20 20:14:00,710.84,2026-08-20,706.0,0.01,0.02,0.01,53163,1329,2.3608,-0.0179,0.01901,-0.015,0.0004
2026-08-20 20:14:00,710.84,2026-08-20,707.0,0.03,0.04,0.01,134160,616,2.2382,-0.0395,0.0389,-0.035,0.0008
2026-08-20 20:14:00,710.84,2026-08-20,708.0,0.03,0.04,0.01,237686,1079,1.7538,-0.0488,0.05887,-0.035,0.001
2026-08-20 20:14:00,710.84,2026-08-20,709.0,0.01,0.05,0.03,263877,777,1.2036,-0.0591,0.0998,-0.03,0.0012
2026-08-20 20:14:00,710.84,2026-08-20,710.0,0.04,0.09,0.04,536180,3393,0.836,-0.1524,0.28751,-0.065,0.0023
2026-08-20 20:14:00,710.84,2026-08-20,711.0,0.38,0.42,0.48,403616,468,0.8015,-0.5804,0.49729,-0.24,0.0038
2026-08-20 20:14:00,710.84,2026-08-20,712.0,1.06,1.34,1.4,377626,896,0.9059,-0.9039,0.19188,-0.04,0.0017
2026-08-20 20:14:00,710.84,2026-08-20,713.0,2.12,2.32,2.25,164902,881,1.5945,-0.916,0.09869,-0.06,0.0015
2026-08-20 20:14:00,710.84,2026-08-20,714.0,3.03,3.28,3.33,74997,580,,,,,
2026-08-20 20:14:00,710.84,2026-08-20,715.0,3.8,4.43,4.33,38471,1829,,,,,
2026-08-20 20:14:00,710.84,2026-08-20,716.0,4.71,5.25,5.24,10914,2164,,,,,
2026-08-20 20:14:00,710.84,2026-08-20,717.0,5.7,6.41,6.33,5859,902,,,,,
2026-08-20 20:15:01,710.84,2026-08-20,704.0,0.01,0.02,0.01,22147,932,3.1807,-0.0137,0.01122,-0.015,0.0003
2026-08-20 20:15:01,710.84,2026-08-20,705.0,0,0.03,0.01,99880,1079,2.6251,-0.0113,0.01152,-0.01,0.0003
2026-08-20 20:15:01,710.84,2026-08-20,706.0,0.01,0.02,0.01,53192,1329,2.3608,-0.0179,0.01901,-0.015,0.0004
2026-08-20 20:15:01,710.84,2026-08-20,707.0,0.03,0.04,0.02,134303,616,2.2382,-0.0395,0.0389,-0.035,0.0008
2026-08-20 20:15:01,710.84,2026-08-20,708.0,0.03,0.04,0.03,238048,1079,1.7538,-0.0488,0.05887,-0.035,0.001
2026-08-20 20:15:01,710.84,2026-08-20,709.0,0.01,0.05,0.02,263989,777,1.2036,-0.0591,0.0998,-0.03,0.0012
2026-08-20 20:15:01,710.84,2026-08-20,710.0,0.04,0.09,0.11,537313,3393,0.836,-0.1524,0.28751,-0.065,0.0023
2026-08-20 20:15:01,710.84,2026-08-20,711.0,0.38,0.42,0.67,403987,468,0.8015,-0.5804,0.49729,-0.24,0.0038
2026-08-20 20:15:01,710.84,2026-08-20,712.0,1.06,1.34,1.54,377664,896,0.9059,-0.9039,0.19188,-0.04,0.0017
2026-08-20 20:15:01,710.84,2026-08-20,713.0,2.12,2.32,2.45,164937,881,1.5945,-0.916,0.09869,-0.06,0.0015
2026-08-20 20:15:01,710.84,2026-08-20,714.0,3.03,3.28,3.55,75007,580,,,,,
2026-08-20 20:15:01,710.84,2026-08-20,715.0,3.8,4.43,4.53,38472,1829,,,,,
2026-08-20 20:15:01,710.84,2026-08-20,716.0,4.71,5.25,5.36,10915,2164,,,,,
2026-08-20 20:15:01,710.84,2026-08-20,717.0,5.7,6.41,6.25,5901,902,,,,,
2026-08-20 20:16:03,710.84,2026-08-20,704.0,0.01,0.02,0.01,22197,932,3.1807,-0.0137,0.01122,-0.015,0.0003
2026-08-20 20:16:03,710.84,2026-08-20,705.0,0,0.03,0.01,99880,1079,2.6251,-0.0113,0.01152,-0.01,0.0003
2026-08-20 20:16:03,710.84,2026-08-20,706.0,0.01,0.02,0.01,53645,1329,2.3608,-0.0179,0.01901,-0.015,0.0004
2026-08-20 20:16:03,710.84,2026-08-20,707.0,0.03,0.04,0.01,134849,616,2.2382,-0.0395,0.0389,-0.035,0.0008
2026-08-20 20:16:03,710.84,2026-08-20,708.0,0.03,0.04,0.03,238803,1079,1.7538,-0.0488,0.05887,-0.035,0.001
2026-08-20 20:16:03,710.84,2026-08-20,709.0,0.01,0.05,0.01,264658,777,1.2036,-0.0591,0.0998,-0.03,0.0012
2026-08-20 20:16:03,710.84,2026-08-20,710.0,0.04,0.09,0.07,538143,3393,0.836,-0.1524,0.28751,-0.065,0.0023
2026-08-20 20:16:03,710.84,2026-08-20,711.0,0.38,0.42,0.67,404344,468,0.8015,-0.5804,0.49729,-0.24,0.0038
2026-08-20 20:16:03,710.84,2026-08-20,712.0,1.06,1.34,1.54,377685,896,0.9059,-0.9039,0.19188,-0.04,0.0017
2026-08-20 20:16:03,710.84,2026-08-20,713.0,2.12,2.32,2.45,164947,881,1.5945,-0.916,0.09869,-0.06,0.0015
2026-08-20 20:16:03,710.84,2026-08-20,714.0,3.03,3.28,3.44,75019,580,,,,,
2026-08-20 20:16:03,710.84,2026-08-20,715.0,3.8,4.43,4.53,38474,1829,,,,,
2026-08-20 20:16:03,710.84,2026-08-20,716.0,4.71,5.25,5.54,10915,2164,,,,,
2026-08-20 20:16:03,710.84,2026-08-20,717.0,5.7,6.41,6.43,5903,902,,,,,
2026-08-20 20:17:04,710.84,2026-08-20,704.0,0.01,0.02,0.01,22197,932,3.1807,-0.0137,0.01122,-0.015,0.0003
2026-08-20 20:17:04,710.84,2026-08-20,705.0,0,0.03,0.01,99880,1079,2.6251,-0.0113,0.01152,-0.01,0.0003
2026-08-20 20:17:04,710.84,2026-08-20,706.0,0.01,0.02,0.01,53647,1329,2.3608,-0.0179,0.01901,-0.015,0.0004
2026-08-20 20:17:04,710.84,2026-08-20,707.0,0.03,0.04,0.01,134921,616,2.2382,-0.0395,0.0389,-0.035,0.0008
2026-08-20 20:17:04,710.84,2026-08-20,708.0,0.03,0.04,0.03,239293,1079,1.7538,-0.0488,0.05887,-0.035,0.001
2026-08-20 20:17:04,710.84,2026-08-20,709.0,0.01,0.05,0.02,264688,777,1.2036,-0.0591,0.0998,-0.03,0.0012
2026-08-20 20:17:04,710.84,2026-08-20,710.0,0.04,0.09,0.07,539441,3393,0.836,-0.1524,0.28751,-0.065,0.0023
2026-08-20 20:17:04,710.84,2026-08-20,711.0,0.38,0.42,0.67,404484,468,0.8015,-0.5804,0.49729,-0.24,0.0038
2026-08-20 20:17:04,710.84,2026-08-20,712.0,1.06,1.34,1.54,377688,896,0.9059,-0.9039,0.19188,-0.04,0.0017
2026-08-20 20:17:04,710.84,2026-08-20,713.0,2.12,2.32,2.45,164958,881,1.5945,-0.916,0.09869,-0.06,0.0015
2026-08-20 20:17:04,710.84,2026-08-20,714.0,3.03,3.28,3.44,75021,580,,,,,
2026-08-20 20:17:04,710.84,2026-08-20,715.0,3.8,4.43,4.53,38475,1829,,,,,
2026-08-20 20:17:04,710.84,2026-08-20,716.0,4.71,5.25,5.54,10915,2164,,,,,
2026-08-20 20:17:04,710.84,2026-08-20,717.0,5.7,6.41,6.43,5903,902,,,,,
2026-08-20 20:18:09,710.84,2026-08-20,704.0,0.01,0.02,0.01,22197,932,3.1807,-0.0137,0.01122,-0.015,0.0003
2026-08-20 20:18:09,710.84,2026-08-20,705.0,0,0.03,0.01,99890,1079,2.6251,-0.0113,0.01152,-0.01,0.0003
2026-08-20 20:18:09,710.84,2026-08-20,706.0,0.01,0.02,0.01,53667,1329,2.3608,-0.0179,0.01901,-0.015,0.0004
2026-08-20 20:18:09,710.84,2026-08-20,707.0,0.03,0.04,0.01,134928,616,2.2382,-0.0395,0.0389,-0.035,0.0008
2026-08-20 20:18:09,710.84,2026-08-20,708.0,0.03,0.04,0.03,239367,1079,1.7538,-0.0488,0.05887,-0.035,0.001
2026-08-20 20:18:09,710.84,2026-08-20,709.0,0.01,0.05,0.01,264735,777,1.2036,-0.0591,0.0998,-0.03,0.0012
2026-08-20 20:18:09,710.84,2026-08-20,710.0,0.04,0.09,0.07,539529,3393,0.836,-0.1524,0.28751,-0.065,0.0023
2026-08-20 20:18:09,710.84,2026-08-20,711.0,0.38,0.42,0.67,404781,468,0.8015,-0.5804,0.49729,-0.24,0.0038
2026-08-20 20:18:09,710.84,2026-08-20,712.0,1.06,1.34,1.54,377691,896,0.9059,-0.9039,0.19188,-0.04,0.0017
2026-08-20 20:18:09,710.84,2026-08-20,713.0,2.12,2.32,2.45,164959,881,1.5945,-0.916,0.09869,-0.06,0.0015
2026-08-20 20:18:09,710.84,2026-08-20,714.0,3.03,3.28,3.44,75021,580,,,,,
2026-08-20 20:18:09,710.84,2026-08-20,715.0,3.8,4.43,4.53,38486,1829,,,,,
2026-08-20 20:18:09,710.84,2026-08-20,716.0,4.71,5.25,5.54,10932,2164,,,,,
2026-08-20 20:18:09,710.84,2026-08-20,717.0,5.7,6.41,6.43,5915,902,,,,,
2026-08-20 20:19:11,710.84,2026-08-20,704.0,0.01,0.02,0.01,22197,932,3.1807,-0.0137,0.01122,-0.015,0.0003
2026-08-20 20:19:11,710.84,2026-08-20,705.0,0,0.03,0.01,99990,1079,2.6251,-0.0113,0.01152,-0.01,0.0003
2026-08-20 20:19:11,710.84,2026-08-20,706.0,0.01,0.02,0.01,53667,1329,2.3608,-0.0179,0.01901,-0.015,0.0004
2026-08-20 20:19:11,710.84,2026-08-20,707.0,0.03,0.04,0.01,135047,616,2.2382,-0.0395,0.0389,-0.035,0.0008
2026-08-20 20:19:11,710.84,2026-08-20,708.0,0.03,0.04,0.03,239380,1079,1.7538,-0.0488,0.05887,-0.035,0.001
2026-08-20 20:19:11,710.84,2026-08-20,709.0,0.01,0.05,0.01,264796,777,1.2036,-0.0591,0.0998,-0.03,0.0012
2026-08-20 20:19:11,710.84,2026-08-20,710.0,0.04,0.09,0.07,539679,3393,0.836,-0.1524,0.28751,-0.065,0.0023
2026-08-20 20:19:11,710.84,2026-08-20,711.0,0.38,0.42,0.67,404836,468,0.8015,-0.5804,0.49729,-0.24,0.0038
2026-08-20 20:19:11,710.84,2026-08-20,712.0,1.06,1.34,1.54,377708,896,0.9059,-0.9039,0.19188,-0.04,0.0017
2026-08-20 20:19:11,710.84,2026-08-20,713.0,2.12,2.32,2.45,164964,881,1.5945,-0.916,0.09869,-0.06,0.0015
2026-08-20 20:19:11,710.84,2026-08-20,714.0,3.03,3.28,3.44,75032,580,,,,,
2026-08-20 20:19:11,710.84,2026-08-20,715.0,3.8,4.43,4.53,38490,1829,,,,,
2026-08-20 20:19:11,710.84,2026-08-20,716.0,4.71,5.25,5.54,10933,2164,,,,,
2026-08-20 20:19:11,710.84,2026-08-20,717.0,5.7,6.41,6.43,5915,902,,,,,
2026-08-20 20:20:12,710.84,2026-08-20,704.0,0.01,0.02,0.01,22297,932,3.1807,-0.0137,0.01122,-0.015,0.0003
2026-08-20 20:20:12,710.84,2026-08-20,705.0,0,0.03,0.01,100090,1079,2.6251,-0.0113,0.01152,-0.01,0.0003
2026-08-20 20:20:12,710.84,2026-08-20,706.0,0.01,0.02,0.01,53667,1329,2.3608,-0.0179,0.01901,-0.015,0.0004
2026-08-20 20:20:12,710.84,2026-08-20,707.0,0.03,0.04,0.01,135120,616,2.2382,-0.0395,0.0389,-0.035,0.0008
2026-08-20 20:20:12,710.84,2026-08-20,708.0,0.03,0.04,0.03,239467,1079,1.7538,-0.0488,0.05887,-0.035,0.001
2026-08-20 20:20:12,710.84,2026-08-20,709.0,0.01,0.05,0.01,264836,777,1.2036,-0.0591,0.0998,-0.03,0.0012
2026-08-20 20:20:12,710.84,2026-08-20,710.0,0.04,0.09,0.07,540004,3393,0.836,-0.1524,0.28751,-0.065,0.0023
2026-08-20 20:20:12,710.84,2026-08-20,711.0,0.38,0.42,0.67,405650,468,0.8015,-0.5804,0.49729,-0.24,0.0038
2026-08-20 20:20:12,710.84,2026-08-20,712.0,1.06,1.34,1.54,377737,896,0.9059,-0.9039,0.19188,-0.04,0.0017
2026-08-20 20:20:12,710.84,2026-08-20,713.0,2.12,2.32,2.45,164982,881,1.5945,-0.916,0.09869,-0.06,0.0015
2026-08-20 20:20:12,710.84,2026-08-20,714.0,3.03,3.28,3.44,75033,580,,,,,
2026-08-20 20:20:12,710.84,2026-08-20,715.0,3.8,4.43,4.53,38502,1829,,,,,
2026-08-20 20:20:12,710.84,2026-08-20,716.0,4.71,5.25,5.54,10946,2164,,,,,
2026-08-20 20:20:12,710.84,2026-08-20,717.0,5.7,6.41,6.43,5946,902,,,,,
2026-08-20 20:21:14,710.84,2026-08-20,704.0,0.01,0.02,0.01,22664,932,3.1807,-0.0137,0.01122,-0.015,0.0003
2026-08-20 20:21:14,710.84,2026-08-20,705.0,0,0.03,0.01,100124,1079,2.6251,-0.0113,0.01152,-0.01,0.0003
2026-08-20 20:21:14,710.84,2026-08-20,706.0,0.01,0.02,0.01,53667,1329,2.3608,-0.0179,0.01901,-0.015,0.0004
2026-08-20 20:21:14,710.84,2026-08-20,707.0,0.03,0.04,0.01,135258,616,2.2382,-0.0395,0.0389,-0.035,0.0008
2026-08-20 20:21:14,710.84,2026-08-20,708.0,0.03,0.04,0.03,239794,1079,1.7538,-0.0488,0.05887,-0.035,0.001
2026-08-20 20:21:14,710.84,2026-08-20,709.0,0.01,0.05,0.01,264888,777,1.2036,-0.0591,0.0998,-0.03,0.0012
2026-08-20 20:21:14,710.84,2026-08-20,710.0,0.04,0.09,0.07,540122,3393,0.836,-0.1524,0.28751,-0.065,0.0023
2026-08-20 20:21:14,710.84,2026-08-20,711.0,0.38,0.42,0.67,406276,468,0.8015,-0.5804,0.49729,-0.24,0.0038
2026-08-20 20:21:14,710.84,2026-08-20,712.0,1.06,1.34,1.54,377769,896,0.9059,-0.9039,0.19188,-0.04,0.0017
2026-08-20 20:21:14,710.84,2026-08-20,713.0,2.12,2.32,2.45,164984,881,1.5945,-0.916,0.09869,-0.06,0.0015
2026-08-20 20:21:14,710.84,2026-08-20,714.0,3.03,3.28,3.44,75043,580,,,,,
2026-08-20 20:21:14,710.84,2026-08-20,715.0,3.8,4.43,4.53,38567,1829,,,,,
2026-08-20 20:21:14,710.84,2026-08-20,716.0,4.71,5.25,5.54,10956,2164,,,,,
2026-08-20 20:21:14,710.84,2026-08-20,717.0,5.7,6.41,6.43,6012,902,,,,,
2026-08-20 20:22:15,710.84,2026-08-20,704.0,0.01,0.02,0.01,22765,932,3.1807,-0.0137,0.01122,-0.015,0.0003
2026-08-20 20:22:15,710.84,2026-08-20,705.0,0,0.03,0.01,101377,1079,2.6251,-0.0113,0.01152,-0.01,0.0003
2026-08-20 20:22:15,710.84,2026-08-20,706.0,0.01,0.02,0.01,53672,1329,2.3608,-0.0179,0.01901,-0.015,0.0004
2026-08-20 20:22:15,710.84,2026-08-20,707.0,0.03,0.04,0.01,135260,616,2.2382,-0.0395,0.0389,-0.035,0.0008
2026-08-20 20:22:15,710.84,2026-08-20,708.0,0.03,0.04,0.03,239814,1079,1.7538,-0.0488,0.05887,-0.035,0.001
2026-08-20 20:22:15,710.84,2026-08-20,709.0,0.01,0.05,0.02,265162,777,1.2036,-0.0591,0.0998,-0.03,0.0012
2026-08-20 20:22:15,710.84,2026-08-20,710.0,0.04,0.09,0.09,540595,3393,0.836,-0.1524,0.28751,-0.065,0.0023
2026-08-20 20:22:15,710.84,2026-08-20,711.0,0.38,0.42,0.67,406488,468,0.8015,-0.5804,0.49729,-0.24,0.0038
2026-08-20 20:22:15,710.84,2026-08-20,712.0,1.06,1.34,1.54,377773,896,0.9059,-0.9039,0.19188,-0.04,0.0017
2026-08-20 20:22:15,710.84,2026-08-20,713.0,2.12,2.32,2.45,164994,881,1.5945,-0.916,0.09869,-0.06,0.0015
2026-08-20 20:22:15,710.84,2026-08-20,714.0,3.03,3.28,3.47,75045,580,,,,,
2026-08-20 20:22:15,710.84,2026-08-20,715.0,3.8,4.43,4.53,38568,1829,,,,,
2026-08-20 20:22:15,710.84,2026-08-20,716.0,4.71,5.25,5.54,10957,2164,,,,,
2026-08-20 20:22:15,710.84,2026-08-20,717.0,5.7,6.41,6.43,6012,902,,,,,
2026-08-20 20:23:19,710.84,2026-08-20,704.0,0.01,0.02,0.01,22769,932,3.1807,-0.0137,0.01122,-0.015,0.0003
2026-08-20 20:23:19,710.84,2026-08-20,705.0,0,0.03,0.01,102451,1079,2.6251,-0.0113,0.01152,-0.01,0.0003
2026-08-20 20:23:19,710.84,2026-08-20,706.0,0.01,0.02,0.01,53672,1329,2.3608,-0.0179,0.01901,-0.015,0.0004
2026-08-20 20:23:19,710.84,2026-08-20,707.0,0.03,0.04,0.01,135260,616,2.2382,-0.0395,0.0389,-0.035,0.0008
2026-08-20 20:23:19,710.84,2026-08-20,708.0,0.03,0.04,0.03,239842,1079,1.7538,-0.0488,0.05887,-0.035,0.001
2026-08-20 20:23:19,710.84,2026-08-20,709.0,0.01,0.05,0.02,265177,777,1.2036,-0.0591,0.0998,-0.03,0.0012
2026-08-20 20:23:19,710.84,2026-08-20,710.0,0.04,0.09,0.08,540776,3393,0.836,-0.1524,0.28751,-0.065,0.0023
2026-08-20 20:23:19,710.84,2026-08-20,711.0,0.38,0.42,0.67,406666,468,0.8015,-0.5804,0.49729,-0.24,0.0038
2026-08-20 20:23:19,710.84,2026-08-20,712.0,1.06,1.34,1.54,377778,896,0.9059,-0.9039,0.19188,-0.04,0.0017
2026-08-20 20:23:19,710.84,2026-08-20,713.0,2.12,2.32,2.45,164994,881,1.5945,-0.916,0.09869,-0.06,0.0015
2026-08-20 20:23:19,710.84,2026-08-20,714.0,3.03,3.28,3.44,75053,580,,,,,
2026-08-20 20:23:19,710.84,2026-08-20,715.0,3.8,4.43,4.53,38568,1829,,,,,
2026-08-20 20:23:19,710.84,2026-08-20,716.0,4.71,5.25,5.54,10959,2164,,,,,
2026-08-20 20:23:19,710.84,2026-08-20,717.0,5.7,6.41,6.43,6012,902,,,,,
2026-08-20 20:24:20,710.84,2026-08-20,704.0,0.01,0.02,0.01,22769,932,3.1807,-0.0137,0.01122,-0.015,0.0003
2026-08-20 20:24:20,710.84,2026-08-20,705.0,0,0.03,0.01,103639,1079,2.6251,-0.0113,0.01152,-0.01,0.0003
2026-08-20 20:24:20,710.84,2026-08-20,706.0,0.01,0.02,0.01,53678,1329,2.3608,-0.0179,0.01901,-0.015,0.0004
2026-08-20 20:24:20,710.84,2026-08-20,707.0,0.03,0.04,0.01,135260,616,2.2382,-0.0395,0.0389,-0.035,0.0008
2026-08-20 20:24:20,710.84,2026-08-20,708.0,0.03,0.04,0.03,239844,1079,1.7538,-0.0488,0.05887,-0.035,0.001
2026-08-20 20:24:20,710.84,2026-08-20,709.0,0.01,0.05,0.02,265226,777,1.2036,-0.0591,0.0998,-0.03,0.0012
2026-08-20 20:24:20,710.84,2026-08-20,710.0,0.04,0.09,0.09,541064,3393,0.836,-0.1524,0.28751,-0.065,0.0023
2026-08-20 20:24:20,710.84,2026-08-20,711.0,0.38,0.42,0.67,406842,468,0.8015,-0.5804,0.49729,-0.24,0.0038
2026-08-20 20:24:20,710.84,2026-08-20,712.0,1.06,1.34,1.7,377783,896,0.9059,-0.9039,0.19188,-0.04,0.0017
2026-08-20 20:24:20,710.84,2026-08-20,713.0,2.12,2.32,2.62,164995,881,1.5945,-0.916,0.09869,-0.06,0.0015
2026-08-20 20:24:20,710.84,2026-08-20,714.0,3.03,3.28,3.5,75054,580,,,,,
2026-08-20 20:24:20,710.84,2026-08-20,715.0,3.8,4.43,4.53,38568,1829,,,,,
2026-08-20 20:24:20,710.84,2026-08-20,716.0,4.71,5.25,5.54,10959,2164,,,,,
2026-08-20 20:24:20,710.84,2026-08-20,717.0,5.7,6.41,6.43,6012,902,,,,,
2026-08-20 20:25:21,710.84,2026-08-20,704.0,0.01,0.02,0.01,22769,932,3.1807,-0.0137,0.01122,-0.015,0.0003
2026-08-20 20:25:21,710.84,2026-08-20,705.0,0,0.03,0.01,103644,1079,2.6251,-0.0113,0.01152,-0.01,0.0003
2026-08-20 20:25:21,710.84,2026-08-20,706.0,0.01,0.02,0.01,53683,1329,2.3608,-0.0179,0.01901,-0.015,0.0004
2026-08-20 20:25:21,710.84,2026-08-20,707.0,0.03,0.04,0.01,135264,616,2.2382,-0.0395,0.0389,-0.035,0.0008
2026-08-20 20:25:21,710.84,2026-08-20,708.0,0.03,0.04,0.03,239858,1079,1.7538,-0.0488,0.05887,-0.035,0.001
2026-08-20 20:25:21,710.84,2026-08-20,709.0,0.01,0.05,0.02,265360,777,1.2036,-0.0591,0.0998,-0.03,0.0012
2026-08-20 20:25:21,710.84,2026-08-20,710.0,0.04,0.09,0.08,541142,3393,0.836,-0.1524,0.28751,-0.065,0.0023
2026-08-20 20:25:21,710.84,2026-08-20,711.0,0.38,0.42,0.67,406898,468,0.8015,-0.5804,0.49729,-0.24,0.0038
2026-08-20 20:25:21,710.84,2026-08-20,712.0,1.06,1.34,1.54,377784,896,0.9059,-0.9039,0.19188,-0.04,0.0017
2026-08-20 20:25:21,710.84,2026-08-20,713.0,2.12,2.32,2.62,164995,881,1.5945,-0.916,0.09869,-0.06,0.0015
2026-08-20 20:25:21,710.84,2026-08-20,714.0,3.03,3.28,3.5,75056,580,,,,,
2026-08-20 20:25:21,710.84,2026-08-20,715.0,3.8,4.43,4.53,38569,1829,,,,,
2026-08-20 20:25:21,710.84,2026-08-20,716.0,4.71,5.25,5.54,10960,2164,,,,,
2026-08-20 20:25:21,710.84,2026-08-20,717.0,5.7,6.41,6.43,6012,902,,,,,
2026-08-20 20:26:23,710.84,2026-08-20,704.0,0.01,0.02,0.01,22769,932,3.1807,-0.0137,0.01122,-0.015,0.0003
2026-08-20 20:26:23,710.84,2026-08-20,705.0,0,0.03,0.01,103944,1079,2.6251,-0.0113,0.01152,-0.01,0.0003
2026-08-20 20:26:23,710.84,2026-08-20,706.0,0.01,0.02,0.01,53690,1329,2.3608,-0.0179,0.01901,-0.015,0.0004
2026-08-20 20:26:23,710.84,2026-08-20,707.0,0.03,0.04,0.01,135264,616,2.2382,-0.0395,0.0389,-0.035,0.0008
2026-08-20 20:26:23,710.84,2026-08-20,708.0,0.03,0.04,0.03,239891,1079,1.7538,-0.0488,0.05887,-0.035,0.001
2026-08-20 20:26:23,710.84,2026-08-20,709.0,0.01,0.05,0.02,265394,777,1.2036,-0.0591,0.0998,-0.03,0.0012
2026-08-20 20:26:23,710.84,2026-08-20,710.0,0.04,0.09,0.07,541530,3393,0.836,-0.1524,0.28751,-0.065,0.0023
2026-08-20 20:26:23,710.84,2026-08-20,711.0,0.38,0.42,0.67,406935,468,0.8015,-0.5804,0.49729,-0.24,0.0038
2026-08-20 20:26:23,710.84,2026-08-20,712.0,1.06,1.34,1.54,377787,896,0.9059,-0.9039,0.19188,-0.04,0.0017
2026-08-20 20:26:23,710.84,2026-08-20,713.0,2.12,2.32,2.62,164996,881,1.5945,-0.916,0.09869,-0.06,0.0015
2026-08-20 20:26:23,710.84,2026-08-20,714.0,3.03,3.28,3.44,75056,580,,,,,
2026-08-20 20:26:23,710.84,2026-08-20,715.0,3.8,4.43,4.53,38574,1829,,,,,
2026-08-20 20:26:23,710.84,2026-08-20,716.0,4.71,5.25,5.54,10965,2164,,,,,
2026-08-20 20:26:23,710.84,2026-08-20,717.0,5.7,6.41,6.43,6012,902,,,,,
2026-08-20 20:27:24,710.84,2026-08-20,704.0,0.01,0.02,0.01,22769,932,3.1807,-0.0137,0.01122,-0.015,0.0003
2026-08-20 20:27:24,710.84,2026-08-20,705.0,0,0.03,0.01,103946,1079,2.6251,-0.0113,0.01152,-0.01,0.0003
2026-08-20 20:27:24,710.84,2026-08-20,706.0,0.01,0.02,0.01,53690,1329,2.3608,-0.0179,0.01901,-0.015,0.0004
2026-08-20 20:27:24,710.84,2026-08-20,707.0,0.03,0.04,0.01,135264,616,2.2382,-0.0395,0.0389,-0.035,0.0008
2026-08-20 20:27:24,710.84,2026-08-20,708.0,0.03,0.04,0.03,240095,1079,1.7538,-0.0488,0.05887,-0.035,0.001
2026-08-20 20:27:24,710.84,2026-08-20,709.0,0.01,0.05,0.01,265467,777,1.2036,-0.0591,0.0998,-0.03,0.0012
2026-08-20 20:27:24,710.84,2026-08-20,710.0,0.04,0.09,0.07,541684,3393,0.836,-0.1524,0.28751,-0.065,0.0023
2026-08-20 20:27:24,710.84,2026-08-20,711.0,0.38,0.42,0.67,408690,468,0.8015,-0.5804,0.49729,-0.24,0.0038
2026-08-20 20:27:24,710.84,2026-08-20,712.0,1.06,1.34,1.54,377823,896,0.9059,-0.9039,0.19188,-0.04,0.0017
2026-08-20 20:27:24,710.84,2026-08-20,713.0,2.12,2.32,2.45,164999,881,1.5945,-0.916,0.09869,-0.06,0.0015
2026-08-20 20:27:24,710.84,2026-08-20,714.0,3.03,3.28,3.44,75056,580,,,,,
2026-08-20 20:27:24,710.84,2026-08-20,715.0,3.8,4.43,4.53,38574,1829,,,,,
2026-08-20 20:27:24,710.84,2026-08-20,716.0,4.71,5.25,5.54,10968,2164,,,,,
2026-08-20 20:27:24,710.84,2026-08-20,717.0,5.7,6.41,6.43,6012,902,,,,,
2026-08-20 20:28:27,710.84,2026-08-20,704.0,0.01,0.02,0.01,22769,932,3.1807,-0.0137,0.01122,-0.015,0.0003
2026-08-20 20:28:27,710.84,2026-08-20,705.0,0,0.03,0.01,103946,1079,2.6251,-0.0113,0.01152,-0.01,0.0003
2026-08-20 20:28:27,710.84,2026-08-20,706.0,0.01,0.02,0.01,53690,1329,2.3608,-0.0179,0.01901,-0.015,0.0004
2026-08-20 20:28:27,710.84,2026-08-20,707.0,0.03,0.04,0.01,135264,616,2.2382,-0.0395,0.0389,-0.035,0.0008
2026-08-20 20:28:27,710.84,2026-08-20,708.0,0.03,0.04,0.03,240146,1079,1.7538,-0.0488,0.05887,-0.035,0.001
2026-08-20 20:28:27,710.84,2026-08-20,709.0,0.01,0.05,0.02,265641,777,1.2036,-0.0591,0.0998,-0.03,0.0012
2026-08-20 20:28:27,710.84,2026-08-20,710.0,0.04,0.09,0.07,543039,3393,0.836,-0.1524,0.28751,-0.065,0.0023
2026-08-20 20:28:27,710.84,2026-08-20,711.0,0.38,0.42,0.67,408809,468,0.8015,-0.5804,0.49729,-0.24,0.0038
2026-08-20 20:28:27,710.84,2026-08-20,712.0,1.06,1.34,1.54,377824,896,0.9059,-0.9039,0.19188,-0.04,0.0017
2026-08-20 20:28:27,710.84,2026-08-20,713.0,2.12,2.32,2.45,165000,881,1.5945,-0.916,0.09869,-0.06,0.0015
2026-08-20 20:28:27,710.84,2026-08-20,714.0,3.03,3.28,3.44,75058,580,,,,,
2026-08-20 20:28:27,710.84,2026-08-20,715.0,3.8,4.43,4.53,38595,1829,,,,,
2026-08-20 20:28:27,710.84,2026-08-20,716.0,4.71,5.25,5.54,10968,2164,,,,,
2026-08-20 20:28:27,710.84,2026-08-20,717.0,5.7,6.41,6.43,6032,902,,,,,
2026-08-20 20:29:29,710.84,2026-08-20,704.0,0.01,0.02,0.01,22769,932,3.1807,-0.0137,0.01122,-0.015,0.0003
2026-08-20 20:29:29,710.84,2026-08-20,705.0,0,0.03,0.01,103946,1079,2.6251,-0.0113,0.01152,-0.01,0.0003
2026-08-20 20:29:29,710.84,2026-08-20,706.0,0.01,0.02,0.01,53690,1329,2.3608,-0.0179,0.01901,-0.015,0.0004
2026-08-20 20:29:29,710.84,2026-08-20,707.0,0.03,0.04,0.01,135264,616,2.2382,-0.0395,0.0389,-0.035,0.0008
2026-08-20 20:29:29,710.84,2026-08-20,708.0,0.03,0.04,0.03,240282,1079,1.7538,-0.0488,0.05887,-0.035,0.001
2026-08-20 20:29:29,710.84,2026-08-20,709.0,0.01,0.05,0.01,265947,777,1.2036,-0.0591,0.0998,-0.03,0.0012
2026-08-20 20:29:29,710.84,2026-08-20,710.0,0.04,0.09,0.07,544588,3393,0.836,-0.1524,0.28751,-0.065,0.0023
2026-08-20 20:29:29,710.84,2026-08-20,711.0,0.38,0.42,0.67,409068,468,0.8015,-0.5804,0.49729,-0.24,0.0038
2026-08-20 20:29:29,710.84,2026-08-20,712.0,1.06,1.34,1.54,377835,896,0.9059,-0.9039,0.19188,-0.04,0.0017
2026-08-20 20:29:29,710.84,2026-08-20,713.0,2.12,2.32,2.45,165000,881,1.5945,-0.916,0.09869,-0.06,0.0015
2026-08-20 20:29:29,710.84,2026-08-20,714.0,3.03,3.28,3.54,75059,580,,,,,
2026-08-20 20:29:29,710.84,2026-08-20,715.0,3.8,4.43,4.53,38595,1829,,,,,
2026-08-20 20:29:29,710.84,2026-08-20,716.0,4.71,5.25,5.54,10970,2164,,,,,
2026-08-20 20:29:29,710.84,2026-08-20,717.0,5.7,6.41,6.43,6032,902,,,,,
