run_time,spot,expiration,strike,bid,ask,last,volume,open_interest,iv,delta,gamma,theta,vega
2026-08-12 13:45:17,724.94,2026-08-12,710.0,14.77,17.1,9.15,344,1083,0.7195,0.8633,0.01573,-0.995,0.0424
2026-08-12 13:45:17,724.94,2026-08-12,711.0,13.41,14,8.09,83,110,,,,,
2026-08-12 13:45:17,724.94,2026-08-12,712.0,11.92,13.21,13.21,1,175,,,,,
2026-08-12 13:45:17,724.94,2026-08-12,713.0,10.52,11.91,12.22,23,141,,,,,
2026-08-12 13:45:17,724.94,2026-08-12,714.0,10.36,11.25,10.74,4,319,,,,,
2026-08-12 13:45:17,724.94,2026-08-12,715.0,12.04,12.41,12.04,6,1322,0.7782,0.7506,0.02107,-2.285,0.0614
2026-08-12 13:45:17,724.94,2026-08-12,716.0,8.92,9.07,9.07,1,571,0.2279,0.9797,0.01112,-0.055,0.0095
2026-08-12 13:45:17,724.94,2026-08-12,717.0,7.69,7.83,7.83,15,648,,,,,
2026-08-12 13:45:17,724.94,2026-08-12,718.0,6.96,7.1,7.1,262,351,0.2087,0.9586,0.02194,-0.09,0.0172
2026-08-12 13:45:17,724.94,2026-08-12,719.0,7.75,8.14,8,80,392,0.5625,0.7113,0.03137,-2.005,0.0661
2026-08-12 13:45:17,724.94,2026-08-12,720.0,5.27,5.33,5.33,207,1518,0.2405,0.8583,0.0482,-0.36,0.0434
2026-08-12 13:45:17,724.94,2026-08-12,721.0,4.37,4.42,4.42,197,1317,0.2263,0.8186,0.0602,-0.455,0.051
2026-08-12 13:45:17,724.94,2026-08-12,722.0,3.64,3.67,3.67,251,2460,0.2335,0.7453,0.071,-0.715,0.0621
2026-08-12 13:45:17,724.94,2026-08-12,723.0,4.55,4.9,4.67,82,2517,0.4747,0.5871,0.04238,-2.785,0.0754
2026-08-12 13:45:17,724.94,2026-08-12,724.0,2.43,2.46,2.46,172,1736,0.2496,0.5803,0.08091,-1.505,0.0757
2026-08-12 13:45:17,724.94,2026-08-12,725.0,1.8,1.81,1.81,472,4262,0.2362,0.498,0.08727,-1.805,0.0772
2026-08-12 13:45:17,724.94,2026-08-12,726.0,1.44,1.5,1.5,605,971,0.2517,0.417,0.08011,-1.47,0.0755
2026-08-12 13:45:17,724.94,2026-08-12,727.0,2,2.15,2.07,30,1404,0.3859,0.3946,0.05154,-2.075,0.0745
2026-08-12 13:45:17,724.94,2026-08-12,728.0,1.56,1.72,1.62,65,2306,0.3761,0.3404,0.05036,-1.64,0.071
2026-08-12 13:45:17,724.94,2026-08-12,729.0,0.56,0.57,0.57,164,380,0.2525,0.206,0.0583,-0.565,0.0552
2026-08-12 13:45:17,724.94,2026-08-12,730.0,0.38,0.39,0.39,1498,3893,0.2519,0.1524,0.04832,-0.385,0.0456
2026-08-12 13:45:17,724.94,2026-08-12,731.0,0.58,0.7,0.6,13,626,0.3386,0.1806,0.04013,-0.64,0.0509
2026-08-12 13:45:17,724.94,2026-08-12,732.0,0.21,0.22,0.22,46,558,0.2686,0.0896,0.03112,-0.215,0.0313
2026-08-12 13:45:17,724.94,2026-08-12,733.0,0.11,0.12,0.12,273,515,0.2573,0.0546,0.02221,-0.115,0.0214
2026-08-12 13:45:17,724.94,2026-08-12,734.0,0.05,0.06,0.06,16,440,0.2461,0.0299,0.01424,-0.055,0.0131
2026-08-12 13:45:17,724.94,2026-08-12,735.0,0.03,0.04,0.06,658,4149,0.2498,0.0198,0.00992,-0.035,0.0093
2026-08-12 13:45:17,724.94,2026-08-12,736.0,0.07,0.13,0.04,1984,225,0.3222,0.0399,0.01378,-0.1,0.0166
2026-08-12 13:45:17,724.94,2026-08-12,737.0,0.02,0.07,0.07,2,750,0.3024,0.0209,0.00858,-0.045,0.0097
2026-08-12 13:45:17,724.94,2026-08-12,738.0,0.01,0.02,0.02,10,280,0.2787,0.0084,0.00423,-0.015,0.0044
2026-08-12 13:45:17,724.94,2026-08-12,739.0,0.01,0.04,0.04,1,4963,0.3169,0.0118,0.00503,-0.025,0.006
2026-08-12 13:46:18,724.4,2026-08-12,710.0,14.77,17.1,9.15,344,1083,0.8181,0.8246,0.01634,-1.53,0.0499
2026-08-12 13:46:18,724.4,2026-08-12,711.0,12.85,14.15,8.09,83,110,0.3653,0.9729,0.00886,-0.095,0.0121
2026-08-12 13:46:18,724.4,2026-08-12,712.0,12.22,13.36,13.21,1,175,0.4764,0.9144,0.01699,-0.385,0.0302
2026-08-12 13:46:18,724.4,2026-08-12,713.0,10.62,12.37,12.1,26,141,0.3152,0.971,0.01086,-0.09,0.0128
2026-08-12 13:46:18,724.4,2026-08-12,714.0,10.78,11.14,11.06,7,319,0.4652,0.88,0.02226,-0.555,0.0386
2026-08-12 13:46:18,724.4,2026-08-12,715.0,12.04,12.41,12.04,6,1322,0.8418,0.724,0.02056,-2.82,0.0646
2026-08-12 13:46:18,724.4,2026-08-12,716.0,8.92,9.07,9.07,1,571,0.4089,0.8596,0.02823,-0.59,0.0431
2026-08-12 13:46:18,724.4,2026-08-12,717.0,7.99,8.18,8.32,15,648,0.3949,0.8375,0.03223,-0.68,0.0475
2026-08-12 13:46:18,724.4,2026-08-12,718.0,7.05,7.14,7.3,441,351,0.3616,0.8235,0.0371,-0.69,0.0501
2026-08-12 13:46:18,724.4,2026-08-12,719.0,7.75,8.14,8,80,392,0.6182,0.6788,0.02999,-2.54,0.0692
2026-08-12 13:46:18,724.4,2026-08-12,720.0,5.27,5.33,5.33,207,1518,0.3233,0.7628,0.04946,-0.895,0.0597
2026-08-12 13:46:18,724.4,2026-08-12,721.0,4.58,4.6,4.74,244,1317,0.327,0.7083,0.05435,-1.185,0.0663
2026-08-12 13:46:18,724.4,2026-08-12,722.0,3.8,3.85,3.85,1322,2460,0.3146,0.657,0.0605,-1.42,0.071
2026-08-12 13:46:18,724.4,2026-08-12,723.0,4.55,4.9,4.67,82,2517,0.5158,0.5597,0.03959,-3.32,0.0762
2026-08-12 13:46:18,724.4,2026-08-12,724.0,2.53,2.55,2.46,193,1736,0.3012,0.5309,0.06837,-2.135,0.0768
2026-08-12 13:46:18,724.4,2026-08-12,725.0,1.91,1.98,1.99,534,4262,0.2879,0.4605,0.07138,-1.945,0.0767
2026-08-12 13:46:18,724.4,2026-08-12,726.0,1.48,1.5,1.49,4315,971,0.2835,0.3885,0.06999,-1.49,0.074
2026-08-12 13:46:18,724.4,2026-08-12,727.0,2,2.15,2.07,30,1404,0.4143,0.3762,0.04743,-2.075,0.0733
2026-08-12 13:46:18,724.4,2026-08-12,728.0,1.56,1.72,1.62,65,2306,0.4019,0.325,0.04636,-1.64,0.0695
2026-08-12 13:46:18,724.4,2026-08-12,729.0,0.54,0.55,0.57,177,380,0.2689,0.191,0.05242,-0.545,0.0526
2026-08-12 13:46:18,724.4,2026-08-12,730.0,0.33,0.38,0.38,3347,3893,0.263,0.138,0.04339,-0.355,0.0426
2026-08-12 13:46:18,724.4,2026-08-12,731.0,0.58,0.7,0.6,13,626,0.3579,0.1732,0.03704,-0.64,0.0495
2026-08-12 13:46:18,724.4,2026-08-12,732.0,0.18,0.19,0.22,48,558,0.2739,0.0778,0.02751,-0.185,0.0281
2026-08-12 13:46:18,724.4,2026-08-12,733.0,0.09,0.1,0.12,291,515,0.261,0.0458,0.01908,-0.095,0.0186
2026-08-12 13:46:18,724.4,2026-08-12,734.0,0.05,0.06,0.1,20,440,0.2586,0.0287,0.01312,-0.055,0.0127
2026-08-12 13:46:18,724.4,2026-08-12,735.0,0.07,0.08,0.08,1007,4149,0.2959,0.0335,0.01303,-0.075,0.0144
2026-08-12 13:46:18,724.4,2026-08-12,736.0,0.07,0.13,0.04,1984,225,0.3354,0.0386,0.01291,-0.1,0.0162
2026-08-12 13:46:18,724.4,2026-08-12,737.0,0.02,0.07,0.07,2,750,0.3143,0.0202,0.00805,-0.045,0.0094
2026-08-12 13:46:18,724.4,2026-08-12,738.0,0.03,0.04,0.02,10,280,0.3231,0.0158,0.00633,-0.035,0.0076
2026-08-12 13:46:18,724.4,2026-08-12,739.0,0.01,0.04,0.04,8,4963,0.3279,0.0115,0.00475,-0.025,0.0058
2026-08-12 13:47:19,725.01,2026-08-12,711.0,12.85,14.15,8.09,83,110,,,,,
2026-08-12 13:47:19,725.01,2026-08-12,712.0,11.14,13.31,13.21,1,175,,,,,
2026-08-12 13:47:19,725.01,2026-08-12,713.0,10.07,12.47,12.23,26,141,,,,,
2026-08-12 13:47:19,725.01,2026-08-12,714.0,10.06,11.35,11.15,11,319,,,,,
2026-08-12 13:47:19,725.01,2026-08-12,715.0,12.04,12.41,12.04,6,1322,0.7717,0.7544,0.02113,-2.215,0.0608
2026-08-12 13:47:19,725.01,2026-08-12,716.0,8.92,9.07,9.07,1,571,,,,,
2026-08-12 13:47:19,725.01,2026-08-12,717.0,7.4,7.71,8.32,15,648,,,,,
2026-08-12 13:47:19,725.01,2026-08-12,718.0,6.5,6.73,6.73,525,351,,,,,
2026-08-12 13:47:19,725.01,2026-08-12,719.0,7.75,8.14,8,80,392,0.5565,0.7161,0.03154,-1.935,0.0654
2026-08-12 13:47:19,725.01,2026-08-12,720.0,5.27,5.33,5.33,207,1518,0.2265,0.8765,0.04667,-0.29,0.0394
2026-08-12 13:47:19,725.01,2026-08-12,721.0,4.08,4.17,4.74,244,1317,0.1451,0.9258,0.05011,-0.115,0.0271
2026-08-12 13:47:19,725.01,2026-08-12,722.0,3.49,3.52,3.52,1429,2460,0.1998,0.7853,0.07568,-0.495,0.0564
2026-08-12 13:47:19,725.01,2026-08-12,723.0,4.55,4.9,4.67,82,2517,0.4705,0.5911,0.04277,-2.715,0.075
2026-08-12 13:47:19,725.01,2026-08-12,724.0,2.53,2.55,2.46,193,1736,0.2574,0.5836,0.0785,-1.53,0.0753
2026-08-12 13:47:19,725.01,2026-08-12,725.0,1.64,1.65,1.99,794,4262,0.2115,0.5043,0.0977,-1.635,0.077
2026-08-12 13:47:19,725.01,2026-08-12,726.0,1.29,1.3,1.3,7257,971,0.2253,0.4132,0.08955,-1.295,0.0752
2026-08-12 13:47:19,725.01,2026-08-12,727.0,2,2.15,2.07,30,1404,0.3832,0.3972,0.05213,-2.075,0.0744
2026-08-12 13:47:19,725.01,2026-08-12,728.0,1.56,1.72,1.62,65,2306,0.3737,0.3425,0.05093,-1.64,0.0709
2026-08-12 13:47:19,725.01,2026-08-12,729.0,0.54,0.55,0.57,177,380,0.247,0.2042,0.05946,-0.545,0.0547
2026-08-12 13:47:19,725.01,2026-08-12,730.0,0.28,0.29,0.29,4566,3893,0.2271,0.1301,0.04826,-0.285,0.0409
2026-08-12 13:47:19,725.01,2026-08-12,731.0,0.58,0.7,0.6,13,626,0.337,0.1817,0.04057,-0.64,0.051
2026-08-12 13:47:19,725.01,2026-08-12,732.0,0.14,0.19,0.22,48,558,0.2504,0.0762,0.02964,-0.165,0.0277
2026-08-12 13:47:19,725.01,2026-08-12,733.0,0.13,0.14,0.12,291,515,0.2651,0.0612,0.02364,-0.135,0.0234
2026-08-12 13:47:19,725.01,2026-08-12,734.0,0.08,0.09,0.1,20,440,0.2651,0.0411,0.01721,-0.085,0.017
2026-08-12 13:47:19,725.01,2026-08-12,735.0,0.02,0.03,0.03,1435,4149,0.2371,0.0154,0.00846,-0.025,0.0075
2026-08-12 13:47:19,725.01,2026-08-12,736.0,0.07,0.13,0.04,1984,225,0.3214,0.04,0.0139,-0.1,0.0167
2026-08-12 13:47:19,725.01,2026-08-12,737.0,0.02,0.07,0.07,2,750,0.3017,0.021,0.00866,-0.045,0.0097
2026-08-12 13:47:19,725.01,2026-08-12,738.0,0.03,0.04,0.02,11,280,0.311,0.0163,0.00678,-0.035,0.0079
2026-08-12 13:47:19,725.01,2026-08-12,739.0,0.01,0.02,0.02,70,4963,0.2966,0.0079,0.0038,-0.015,0.0042
2026-08-12 13:47:19,725.01,2026-08-12,740.0,0.01,0.03,0.02,1649,2717,0.3263,0.0095,0.00403,-0.02,0.0049
2026-08-12 13:48:19,725.37,2026-08-12,711.0,12.85,14.15,8.09,83,110,,,,,
2026-08-12 13:48:19,725.37,2026-08-12,712.0,11.39,13.74,13.21,1,175,,,,,
2026-08-12 13:48:19,725.37,2026-08-12,713.0,10.69,12.78,12.23,26,141,,,,,
2026-08-12 13:48:19,725.37,2026-08-12,714.0,11.15,11.78,11.35,11,319,0.3223,0.9679,0.01158,-0.1,0.0139
2026-08-12 13:48:19,725.37,2026-08-12,715.0,12.04,12.41,12.04,6,1322,0.7269,0.7751,0.02138,-1.86,0.0578
2026-08-12 13:48:19,725.37,2026-08-12,716.0,8.92,9.07,9.07,1,571,,,,,
2026-08-12 13:48:19,725.37,2026-08-12,717.0,8.59,8.81,8.32,15,648,0.3423,0.9001,0.02656,-0.335,0.0338
2026-08-12 13:48:19,725.37,2026-08-12,718.0,7.45,7.86,7.4,529,351,0.2989,0.9017,0.03005,-0.29,0.0334
2026-08-12 13:48:19,725.37,2026-08-12,719.0,7.75,8.14,8,80,392,0.5167,0.7423,0.03239,-1.58,0.0623
2026-08-12 13:48:19,725.37,2026-08-12,720.0,5.27,5.33,5.33,207,1518,,,,,
2026-08-12 13:48:19,725.37,2026-08-12,721.0,4.98,5.15,4.74,244,1317,0.2885,0.7865,0.05228,-0.7,0.0561
2026-08-12 13:48:19,725.37,2026-08-12,722.0,4.11,4.24,4,1442,2460,0.2673,0.746,0.06215,-0.81,0.0618
2026-08-12 13:48:19,725.37,2026-08-12,723.0,4.55,4.9,4.67,82,2517,0.4424,0.6126,0.04487,-2.36,0.0739
2026-08-12 13:48:19,725.37,2026-08-12,724.0,2.53,2.55,2.46,193,1736,0.229,0.6245,0.08589,-1.175,0.0732
2026-08-12 13:48:19,725.37,2026-08-12,725.0,2.2,2.22,1.65,1245,4262,0.2613,0.532,0.07888,-1.845,0.0767
2026-08-12 13:48:19,725.37,2026-08-12,726.0,1.61,1.68,1.56,7438,971,0.2515,0.4511,0.08162,-1.645,0.0764
2026-08-12 13:48:19,725.37,2026-08-12,727.0,2,2.15,2.07,30,1404,0.3645,0.4113,0.05533,-2.075,0.075
2026-08-12 13:48:19,725.37,2026-08-12,728.0,1.56,1.72,1.62,65,2306,0.3569,0.3542,0.05403,-1.64,0.0718
2026-08-12 13:48:19,725.37,2026-08-12,729.0,0.54,0.55,0.57,177,380,0.2339,0.2131,0.06443,-0.545,0.0561
2026-08-12 13:48:19,725.37,2026-08-12,730.0,0.39,0.44,0.41,4680,3893,0.2449,0.1659,0.05275,-0.415,0.0481
2026-08-12 13:48:19,725.37,2026-08-12,731.0,0.58,0.7,0.6,13,626,0.3247,0.1872,0.04293,-0.64,0.0519
2026-08-12 13:48:19,725.37,2026-08-12,732.0,0.14,0.19,0.22,48,558,0.2409,0.0788,0.03162,-0.165,0.0283
2026-08-12 13:48:19,725.37,2026-08-12,733.0,0.13,0.14,0.12,291,515,0.2561,0.0631,0.02507,-0.135,0.0239
2026-08-12 13:48:19,725.37,2026-08-12,734.0,0.09,0.1,0.1,20,440,0.2624,0.0457,0.01896,-0.095,0.0185
2026-08-12 13:48:19,725.37,2026-08-12,735.0,0.07,0.08,0.03,1435,4149,0.2742,0.0358,0.01488,-0.075,0.0152
2026-08-12 13:48:19,725.37,2026-08-12,736.0,0.07,0.13,0.04,1984,225,0.3133,0.041,0.01454,-0.1,0.017
2026-08-12 13:48:19,725.37,2026-08-12,737.0,0.02,0.07,0.07,2,750,0.2944,0.0214,0.00905,-0.045,0.0099
2026-08-12 13:48:19,725.37,2026-08-12,738.0,0.01,0.04,0.03,61,280,0.2901,0.0129,0.00592,-0.025,0.0064
2026-08-12 13:48:19,725.37,2026-08-12,739.0,0.03,0.04,0.02,71,4963,0.3244,0.0157,0.00631,-0.035,0.0076
2026-08-12 13:48:19,725.37,2026-08-12,740.0,0.01,0.03,0.02,1649,2717,0.3199,0.0096,0.00418,-0.02,0.005
2026-08-12 13:49:19,726.28,2026-08-12,712.0,12.14,14.33,13.21,1,175,,,,,
2026-08-12 13:49:19,726.28,2026-08-12,713.0,11.33,13.58,12.23,26,141,,,,,
2026-08-12 13:49:19,726.28,2026-08-12,714.0,12.16,12.68,11.35,11,319,0.3704,0.9592,0.01225,-0.14,0.0169
2026-08-12 13:49:19,726.28,2026-08-12,715.0,12.04,12.41,12.04,6,1322,0.5866,0.8448,0.02108,-0.945,0.046
2026-08-12 13:49:19,726.28,2026-08-12,716.0,9.17,9.57,9.07,1,571,,,,,
2026-08-12 13:49:19,726.28,2026-08-12,717.0,8.56,8.67,8.56,16,648,,,,,
2026-08-12 13:49:19,726.28,2026-08-12,718.0,8.41,8.43,7.69,549,351,0.2695,0.9463,0.021,-0.14,0.021
2026-08-12 13:49:19,726.28,2026-08-12,719.0,6.71,6.83,8,80,392,,,,,
2026-08-12 13:49:19,726.28,2026-08-12,720.0,5.84,5.93,5.33,207,1518,,,,,
2026-08-12 13:49:19,726.28,2026-08-12,721.0,4.93,4.99,4.93,266,1317,,,,,
2026-08-12 13:49:19,726.28,2026-08-12,722.0,4.99,5.02,4.42,1588,2460,0.2897,0.7811,0.05283,-0.725,0.0569
2026-08-12 13:49:19,726.28,2026-08-12,723.0,3.46,3.48,4.67,82,2517,0.1466,0.8795,0.07096,-0.19,0.0387
2026-08-12 13:49:19,726.28,2026-08-12,724.0,2.8,2.81,2.46,195,1736,0.1763,0.7519,0.0931,-0.525,0.061
2026-08-12 13:49:19,726.28,2026-08-12,725.0,2.74,2.75,2.4,2296,4262,0.2638,0.6024,0.07582,-1.465,0.0744
2026-08-12 13:49:19,726.28,2026-08-12,726.0,2.16,2.19,1.89,7904,971,0.2626,0.5252,0.0786,-1.895,0.0768
2026-08-12 13:49:19,726.28,2026-08-12,727.0,2,2.15,2.07,30,1404,0.3128,0.4556,0.06572,-2.075,0.0765
2026-08-12 13:49:19,726.28,2026-08-12,728.0,1.56,1.72,1.62,65,2306,0.3107,0.3902,0.06403,-1.64,0.074
2026-08-12 13:49:19,726.28,2026-08-12,729.0,0.64,0.65,0.57,180,380,0.2148,0.2588,0.0781,-0.645,0.0624
2026-08-12 13:49:19,726.28,2026-08-12,730.0,0.63,0.64,0.52,5059,3893,0.253,0.2258,0.0616,-0.635,0.058
2026-08-12 13:49:19,726.28,2026-08-12,731.0,0.58,0.7,0.6,13,626,0.2916,0.2036,0.05032,-0.64,0.0546
2026-08-12 13:49:19,726.28,2026-08-12,732.0,0.21,0.22,0.22,58,558,0.2309,0.1018,0.03993,-0.215,0.0343
2026-08-12 13:49:19,726.28,2026-08-12,733.0,0.14,0.15,0.12,291,515,0.2359,0.0719,0.03011,-0.145,0.0264
2026-08-12 13:49:19,726.28,2026-08-12,734.0,0.06,0.11,0.11,66,440,0.2347,0.0457,0.02119,-0.085,0.0185
2026-08-12 13:49:19,726.28,2026-08-12,735.0,0.05,0.06,0.08,1491,4149,0.2393,0.0307,0.01504,-0.055,0.0134
2026-08-12 13:49:19,726.28,2026-08-12,736.0,0.07,0.13,0.04,1984,225,0.2914,0.0436,0.01645,-0.1,0.0178
2026-08-12 13:49:19,726.28,2026-08-12,737.0,0.04,0.05,0.07,2,750,0.2749,0.0228,0.0102,-0.045,0.0104
2026-08-12 13:49:19,726.28,2026-08-12,738.0,0.04,0.05,0.02,146,280,0.2963,0.0213,0.00895,-0.045,0.0099
2026-08-12 13:49:19,726.28,2026-08-12,739.0,0.01,0.04,0.02,72,4963,0.2918,0.0128,0.00586,-0.025,0.0064
2026-08-12 13:49:19,726.28,2026-08-12,740.0,0.01,0.03,0.02,1649,2717,0.3025,0.0101,0.00462,-0.02,0.0052
2026-08-12 13:49:19,726.28,2026-08-12,741.0,0.03,0.04,0.01,285,490,0.3462,0.0148,0.00562,-0.035,0.0072
2026-08-12 13:50:20,726.21,2026-08-12,712.0,12.51,14.52,13.21,1,175,,,,,
2026-08-12 13:50:20,726.21,2026-08-12,713.0,11.76,13.7,12.23,27,141,,,,,
2026-08-12 13:50:20,726.21,2026-08-12,714.0,12.17,12.86,11.35,12,319,0.4442,0.9262,0.01635,-0.305,0.0269
2026-08-12 13:50:20,726.21,2026-08-12,715.0,12.04,12.41,12.04,6,1322,0.6001,0.8383,0.0212,-1.015,0.0472
2026-08-12 13:50:20,726.21,2026-08-12,716.0,9.17,9.57,9.07,1,571,,,,,
2026-08-12 13:50:20,726.21,2026-08-12,717.0,8.82,9.38,8.82,17,648,,,,,
2026-08-12 13:50:20,726.21,2026-08-12,718.0,8.44,8.52,8.33,555,351,0.3181,0.9124,0.02598,-0.27,0.0307
2026-08-12 13:50:20,726.21,2026-08-12,719.0,6.71,6.83,8,80,392,,,,,
2026-08-12 13:50:20,726.21,2026-08-12,720.0,5.84,5.93,5.84,218,1518,,,,,
2026-08-12 13:50:20,726.21,2026-08-12,721.0,5.74,5.86,5.74,276,1317,0.2999,0.8194,0.04553,-0.59,0.0506
2026-08-12 13:50:20,726.21,2026-08-12,722.0,4.94,4.98,5.04,1593,2460,0.2918,0.7761,0.05322,-0.75,0.0576
2026-08-12 13:50:20,726.21,2026-08-12,723.0,3.46,3.48,4.67,82,2517,0.1613,0.8519,0.07441,-0.26,0.0445
2026-08-12 13:50:20,726.21,2026-08-12,724.0,2.8,2.81,2.8,344,1736,0.1849,0.7357,0.09186,-0.595,0.063
2026-08-12 13:50:20,726.21,2026-08-12,725.0,2.83,2.85,2.83,2381,4262,0.2825,0.5911,0.07141,-1.63,0.0748
2026-08-12 13:50:20,726.21,2026-08-12,726.0,2.08,2.16,2.08,8533,971,0.2606,0.5198,0.07939,-1.91,0.0767
2026-08-12 13:50:20,726.21,2026-08-12,727.0,2,2.15,2.07,30,1404,0.3174,0.4517,0.06479,-2.075,0.0763
2026-08-12 13:50:20,726.21,2026-08-12,728.0,1.56,1.72,1.62,65,2306,0.3148,0.387,0.06314,-1.64,0.0737
2026-08-12 13:50:20,726.21,2026-08-12,729.0,0.64,0.65,0.64,268,380,0.218,0.2562,0.07667,-0.645,0.062
2026-08-12 13:50:20,726.21,2026-08-12,730.0,0.59,0.6,0.59,5511,3893,0.249,0.2176,0.06135,-0.595,0.0567
2026-08-12 13:50:20,726.21,2026-08-12,731.0,0.58,0.7,0.6,13,626,0.2946,0.2022,0.04967,-0.64,0.0543
2026-08-12 13:50:20,726.21,2026-08-12,732.0,0.21,0.22,0.21,90,558,0.2333,0.1011,0.03936,-0.215,0.0341
2026-08-12 13:50:20,726.21,2026-08-12,733.0,0.14,0.15,0.14,295,515,0.2382,0.0714,0.02972,-0.145,0.0263
2026-08-12 13:50:20,726.21,2026-08-12,734.0,0.14,0.15,0.14,70,440,0.2647,0.0653,0.02495,-0.145,0.0245
2026-08-12 13:50:20,726.21,2026-08-12,735.0,0.05,0.1,0.1,1503,4149,0.2549,0.0382,0.01691,-0.075,0.016
2026-08-12 13:50:20,726.21,2026-08-12,736.0,0.07,0.13,0.04,1984,225,0.2935,0.0434,0.01629,-0.1,0.0177
2026-08-12 13:50:20,726.21,2026-08-12,737.0,0.04,0.05,0.07,2,750,0.2768,0.0227,0.0101,-0.045,0.0104
2026-08-12 13:50:20,726.21,2026-08-12,738.0,0.01,0.05,0.03,346,280,0.2809,0.0156,0.00724,-0.03,0.0075
2026-08-12 13:50:20,726.21,2026-08-12,739.0,0.01,0.04,0.04,98,4963,0.2936,0.0127,0.00581,-0.025,0.0063
2026-08-12 13:50:20,726.21,2026-08-12,740.0,0.01,0.03,0.02,1649,2717,0.3043,0.0101,0.00458,-0.02,0.0052
2026-08-12 13:50:20,726.21,2026-08-12,741.0,0.03,0.04,0.01,285,490,0.3482,0.0148,0.00558,-0.035,0.0072
2026-08-12 13:51:20,725.88,2026-08-12,711.0,12.94,14.6,8.09,83,110,,,,,
2026-08-12 13:51:20,725.88,2026-08-12,712.0,12.51,14.52,13.21,1,175,,,,,
2026-08-12 13:51:20,725.88,2026-08-12,713.0,11.42,14.84,11.51,27,141,0.4416,0.9381,0.01438,-0.25,0.0235
2026-08-12 13:51:20,725.88,2026-08-12,714.0,11.43,12.62,11.81,19,319,0.3646,0.957,0.01304,-0.145,0.0176
2026-08-12 13:51:20,725.88,2026-08-12,715.0,12.04,12.41,12.04,6,1322,0.6557,0.8106,0.02149,-1.345,0.0521
2026-08-12 13:51:20,725.88,2026-08-12,716.0,9.17,9.57,9.07,1,571,,,,,
2026-08-12 13:51:20,725.88,2026-08-12,717.0,8.82,9.38,8.82,17,648,0.3202,0.9278,0.02234,-0.22,0.0264
2026-08-12 13:51:20,725.88,2026-08-12,718.0,8.09,8.2,8.09,589,351,0.3074,0.9112,0.0272,-0.265,0.0309
2026-08-12 13:51:20,725.88,2026-08-12,719.0,6.71,6.83,8,80,392,,,,,
2026-08-12 13:51:20,725.88,2026-08-12,720.0,5.84,5.93,5.84,218,1518,,,,,
2026-08-12 13:51:20,725.88,2026-08-12,721.0,5.74,5.86,5.74,276,1317,0.3482,0.7702,0.04535,-0.92,0.0583
2026-08-12 13:51:20,725.88,2026-08-12,722.0,4.72,4.78,4.68,1710,2460,0.2993,0.753,0.05487,-0.87,0.0607
2026-08-12 13:51:20,725.88,2026-08-12,723.0,3.46,3.48,4.67,82,2517,0.212,0.7631,0.07574,-0.59,0.0593
2026-08-12 13:51:20,725.88,2026-08-12,724.0,2.8,2.81,2.8,344,1736,0.2202,0.6747,0.08508,-0.925,0.0692
2026-08-12 13:51:20,725.88,2026-08-12,725.0,2.59,2.62,2.83,3493,4262,0.2771,0.5687,0.07378,-1.725,0.0756
2026-08-12 13:51:20,725.88,2026-08-12,726.0,1.91,1.93,1.94,10266,971,0.2567,0.4934,0.08084,-1.92,0.0767
2026-08-12 13:51:20,725.88,2026-08-12,727.0,2,2.15,2.07,30,1404,0.3371,0.4345,0.06074,-2.075,0.0757
2026-08-12 13:51:20,725.88,2026-08-12,728.0,1.56,1.72,1.62,65,2306,0.3324,0.3732,0.05925,-1.64,0.0728
2026-08-12 13:51:20,725.88,2026-08-12,729.0,0.64,0.65,0.64,268,380,0.2318,0.2449,0.07052,-0.645,0.0604
2026-08-12 13:51:20,725.88,2026-08-12,730.0,0.51,0.52,0.51,6196,3893,0.2472,0.1959,0.05816,-0.515,0.0531
2026-08-12 13:51:20,725.88,2026-08-12,731.0,0.58,0.7,0.6,13,626,0.3072,0.196,0.04682,-0.64,0.0532
2026-08-12 13:51:20,725.88,2026-08-12,732.0,0.21,0.22,0.21,90,558,0.2434,0.0978,0.03689,-0.215,0.0332
2026-08-12 13:51:20,725.88,2026-08-12,733.0,0.14,0.15,0.14,295,515,0.2474,0.0692,0.02798,-0.145,0.0256
2026-08-12 13:51:20,725.88,2026-08-12,734.0,0.14,0.15,0.14,70,440,0.2739,0.0635,0.02365,-0.145,0.0239
2026-08-12 13:51:20,725.88,2026-08-12,735.0,0.04,0.09,0.05,1626,4149,0.2565,0.0336,0.01515,-0.065,0.0144
2026-08-12 13:51:20,725.88,2026-08-12,736.0,0.07,0.13,0.04,1984,225,0.302,0.0424,0.01557,-0.1,0.0174
2026-08-12 13:51:20,725.88,2026-08-12,737.0,0.04,0.05,0.07,2,750,0.2844,0.0222,0.00967,-0.045,0.0102
2026-08-12 13:51:20,725.88,2026-08-12,738.0,0.01,0.02,0.03,452,280,0.2629,0.0089,0.00476,-0.015,0.0046
2026-08-12 13:51:20,725.88,2026-08-12,739.0,0.01,0.02,0.03,110,4963,0.2817,0.0083,0.0042,-0.015,0.0044
2026-08-12 13:51:20,725.88,2026-08-12,740.0,0.01,0.03,0.02,1649,2717,0.3112,0.0099,0.00442,-0.02,0.0051
2026-08-12 13:52:21,725.09,2026-08-12,711.0,12.94,14.6,8.09,83,110,,,,,
2026-08-12 13:52:21,725.09,2026-08-12,712.0,12.57,13.6,13.21,1,175,,,,,
2026-08-12 13:52:21,725.09,2026-08-12,713.0,11.28,14.26,11.51,27,141,0.555,0.8759,0.01924,-0.68,0.0393
2026-08-12 13:52:21,725.09,2026-08-12,714.0,10.97,11.65,11.48,22,319,0.3816,0.9376,0.01678,-0.22,0.0235
2026-08-12 13:52:21,725.09,2026-08-12,715.0,10.7,11.1,12.04,6,1322,0.5191,0.8484,0.02358,-0.81,0.045
2026-08-12 13:52:21,725.09,2026-08-12,716.0,9.79,10.78,9.07,1,571,0.5615,0.8048,0.02562,-1.195,0.0529
2026-08-12 13:52:21,725.09,2026-08-12,717.0,9.03,9.25,8.82,17,648,0.4965,0.806,0.02887,-1.05,0.0527
2026-08-12 13:52:21,725.09,2026-08-12,718.0,7.09,7.5,7.51,597,351,0.2652,0.9206,0.02908,-0.205,0.0284
2026-08-12 13:52:21,725.09,2026-08-12,719.0,7.29,7.43,8,80,392,0.4574,0.7598,0.03546,-1.27,0.0596
2026-08-12 13:52:21,725.09,2026-08-12,720.0,6.45,6.57,5.84,218,1518,0.4397,0.7304,0.03918,-1.42,0.0634
2026-08-12 13:52:21,725.09,2026-08-12,721.0,5.53,5.61,5.74,276,1317,0.4049,0.7042,0.0445,-1.48,0.0663
2026-08-12 13:52:21,725.09,2026-08-12,722.0,3.86,3.91,3.91,1778,2460,0.2549,0.7393,0.06644,-0.795,0.0623
2026-08-12 13:52:21,725.09,2026-08-12,723.0,3.89,3.96,4.67,82,2517,0.3588,0.6225,0.05523,-1.835,0.0729
2026-08-12 13:52:21,725.09,2026-08-12,724.0,3.1,3.14,2.8,344,1736,0.3303,0.5714,0.06196,-2.03,0.0753
2026-08-12 13:52:21,725.09,2026-08-12,725.0,1.94,1.97,2.52,4112,4262,0.2482,0.5107,0.08379,-1.865,0.0765
2026-08-12 13:52:21,725.09,2026-08-12,726.0,1.44,1.46,1.46,11257,971,0.243,0.4257,0.08411,-1.45,0.0752
2026-08-12 13:52:21,725.09,2026-08-12,727.0,1.46,1.47,2.07,30,1404,0.2984,0.3724,0.06611,-1.465,0.0726
2026-08-12 13:52:21,725.09,2026-08-12,728.0,1.06,1.07,1.62,65,2306,0.2891,0.3029,0.06299,-1.065,0.067
2026-08-12 13:52:21,725.09,2026-08-12,729.0,0.71,0.76,0.64,268,380,0.279,0.2355,0.05749,-0.735,0.059
2026-08-12 13:52:21,725.09,2026-08-12,730.0,0.34,0.35,0.35,6750,3893,0.2403,0.1459,0.04968,-0.345,0.0439
2026-08-12 13:52:21,725.09,2026-08-12,731.0,0.31,0.32,0.6,13,626,0.2652,0.1251,0.04051,-0.315,0.0395
2026-08-12 13:52:21,725.09,2026-08-12,732.0,0.24,0.25,0.21,90,558,0.2761,0.0984,0.03274,-0.245,0.0332
2026-08-12 13:52:21,725.09,2026-08-12,733.0,0.12,0.17,0.14,295,515,0.269,0.0646,0.02446,-0.145,0.0242
2026-08-12 13:52:21,725.09,2026-08-12,734.0,0.07,0.12,0.14,70,440,0.2706,0.0447,0.01817,-0.095,0.0181
2026-08-12 13:52:21,725.09,2026-08-12,735.0,0.07,0.08,0.04,1653,4149,0.2822,0.0351,0.01431,-0.075,0.0148
2026-08-12 13:52:21,725.09,2026-08-12,736.0,0.06,0.07,0.04,1984,225,0.2979,0.0295,0.01175,-0.065,0.0129
2026-08-12 13:52:21,725.09,2026-08-12,737.0,0.05,0.06,0.07,2,750,0.3117,0.0245,0.00961,-0.055,0.011
2026-08-12 13:52:21,725.09,2026-08-12,738.0,0.04,0.05,0.02,452,280,0.3232,0.0199,0.00776,-0.045,0.0092
2026-08-12 13:52:21,725.09,2026-08-12,739.0,0.01,0.04,0.03,110,4963,0.3169,0.0119,0.00512,-0.025,0.006
2026-08-12 13:52:21,725.09,2026-08-12,740.0,0.03,0.04,0.02,1649,2717,0.3521,0.0147,0.00551,-0.035,0.0071
2026-08-12 13:53:21,725.15,2026-08-12,711.0,13.87,14.84,8.09,83,110,0.4562,0.9499,0.01182,-0.205,0.0198
2026-08-12 13:53:21,725.15,2026-08-12,712.0,12.69,14.01,13.21,1,175,0.4276,0.9483,0.01293,-0.2,0.0203
2026-08-12 13:53:21,725.15,2026-08-12,713.0,11.59,13.74,11.51,27,141,0.513,0.8954,0.01845,-0.515,0.0347
2026-08-12 13:53:21,725.15,2026-08-12,714.0,10.91,11.7,11.48,22,319,0.3531,0.9525,0.01464,-0.155,0.019
2026-08-12 13:53:21,725.15,2026-08-12,715.0,10.7,11.1,12.04,6,1322,0.5083,0.8552,0.02339,-0.75,0.0436
2026-08-12 13:53:21,725.15,2026-08-12,716.0,9.79,10.78,9.07,1,571,0.553,0.8102,0.0256,-1.135,0.0519
2026-08-12 13:53:21,725.15,2026-08-12,717.0,8.17,8.37,8.82,17,648,0.2581,0.9521,0.02015,-0.12,0.0191
2026-08-12 13:53:21,725.15,2026-08-12,718.0,7.21,7.34,7.29,598,351,0.2349,0.9458,0.02445,-0.125,0.0211
2026-08-12 13:53:21,725.15,2026-08-12,719.0,7.29,7.43,8,80,392,0.4503,0.7657,0.03558,-1.21,0.0588
2026-08-12 13:53:21,725.15,2026-08-12,720.0,6.45,6.57,5.84,218,1518,0.4334,0.736,0.03939,-1.36,0.0626
2026-08-12 13:53:21,725.15,2026-08-12,721.0,4.5,4.51,5.74,276,1317,0.2154,0.8455,0.05766,-0.355,0.0455
2026-08-12 13:53:21,725.15,2026-08-12,722.0,3.81,3.84,3.89,1780,2460,0.2381,0.7581,0.06847,-0.675,0.0598
2026-08-12 13:53:21,725.15,2026-08-12,723.0,3.89,3.96,4.67,82,2517,0.3541,0.6276,0.05579,-1.775,0.0725
2026-08-12 13:53:21,725.15,2026-08-12,724.0,2.39,2.44,2.8,344,1736,0.2315,0.6055,0.0868,-1.265,0.0737
2026-08-12 13:53:21,725.15,2026-08-12,725.0,1.87,1.88,1.88,4197,4262,0.234,0.5165,0.08894,-1.725,0.0763
2026-08-12 13:53:21,725.15,2026-08-12,726.0,1.51,1.52,1.46,11738,971,0.2486,0.4323,0.08258,-1.515,0.0753
2026-08-12 13:53:21,725.15,2026-08-12,727.0,1.46,1.47,2.07,30,1404,0.2957,0.3751,0.06695,-1.465,0.0726
2026-08-12 13:53:21,725.15,2026-08-12,728.0,1.06,1.07,1.62,65,2306,0.2868,0.305,0.06377,-1.065,0.0671
2026-08-12 13:53:21,725.15,2026-08-12,729.0,0.71,0.76,0.64,268,380,0.277,0.237,0.05819,-0.735,0.0591
2026-08-12 13:53:21,725.15,2026-08-12,730.0,0.35,0.36,0.39,6913,3893,0.2409,0.1492,0.05036,-0.355,0.0445
2026-08-12 13:53:21,725.15,2026-08-12,731.0,0.31,0.32,0.6,13,626,0.2636,0.1259,0.04097,-0.315,0.0396
2026-08-12 13:53:21,725.15,2026-08-12,732.0,0.13,0.18,0.21,90,558,0.2449,0.0741,0.02991,-0.155,0.0269
2026-08-12 13:53:21,725.15,2026-08-12,733.0,0.12,0.13,0.14,295,515,0.2592,0.0588,0.02362,-0.125,0.0225
2026-08-12 13:53:21,725.15,2026-08-12,734.0,0.05,0.1,0.14,70,440,0.2577,0.038,0.01675,-0.075,0.0158
2026-08-12 13:53:21,725.15,2026-08-12,735.0,0.07,0.08,0.08,1671,4149,0.2812,0.0352,0.01443,-0.075,0.0149
2026-08-12 13:53:21,725.15,2026-08-12,736.0,0.06,0.07,0.04,1984,225,0.2969,0.0296,0.01185,-0.065,0.0129
2026-08-12 13:53:21,725.15,2026-08-12,737.0,0.05,0.06,0.07,2,750,0.3108,0.0246,0.00968,-0.055,0.011
2026-08-12 13:53:21,725.15,2026-08-12,738.0,0.04,0.05,0.04,512,280,0.3223,0.0199,0.00782,-0.045,0.0092
2026-08-12 13:53:21,725.15,2026-08-12,739.0,0.03,0.04,0.03,110,4963,0.3311,0.0155,0.00616,-0.035,0.0075
2026-08-12 13:53:21,725.15,2026-08-12,740.0,0.03,0.04,0.02,1649,2717,0.3513,0.0147,0.00555,-0.035,0.0071
2026-08-12 13:54:22,725.38,2026-08-12,711.0,13.87,14.84,8.09,83,110,,,,,
2026-08-12 13:54:22,725.38,2026-08-12,712.0,12.69,14.01,13.21,1,175,,,,,
2026-08-12 13:54:22,725.38,2026-08-12,713.0,11.63,13.17,11.51,27,141,,,,,
2026-08-12 13:54:22,725.38,2026-08-12,714.0,10.81,11.46,11.48,22,319,,,,,
2026-08-12 13:54:22,725.38,2026-08-12,715.0,10.7,11.1,12.04,6,1322,0.4597,0.8844,0.02215,-0.52,0.0373
2026-08-12 13:54:22,725.38,2026-08-12,716.0,9.79,10.78,9.07,1,571,0.516,0.8328,0.02536,-0.905,0.0479
2026-08-12 13:54:22,725.38,2026-08-12,717.0,8.17,8.37,8.82,17,648,,,,,
2026-08-12 13:54:22,725.38,2026-08-12,718.0,7.14,7.24,7.29,704,351,,,,,
2026-08-12 13:54:22,725.38,2026-08-12,719.0,7.29,7.43,8,80,392,0.4195,0.7901,0.0359,-0.98,0.0551
2026-08-12 13:54:22,725.38,2026-08-12,720.0,6.45,6.57,5.84,218,1518,0.4058,0.7592,0.04011,-1.13,0.0596
2026-08-12 13:54:22,725.38,2026-08-12,721.0,4.5,4.51,5.74,276,1317,0.1606,0.925,0.0461,-0.125,0.0271
2026-08-12 13:54:22,725.38,2026-08-12,722.0,3.94,3.99,3.97,1824,2460,0.2321,0.7796,0.06675,-0.585,0.0567
2026-08-12 13:54:22,725.38,2026-08-12,723.0,3.89,3.96,4.67,82,2517,0.3341,0.6483,0.05804,-1.545,0.071
2026-08-12 13:54:22,725.38,2026-08-12,724.0,2.39,2.44,2.8,344,1736,0.2123,0.6362,0.09246,-1.035,0.0718
2026-08-12 13:54:22,725.38,2026-08-12,725.0,1.96,1.98,1.88,4797,4262,0.2309,0.5374,0.08991,-1.59,0.076
2026-08-12 13:54:22,725.38,2026-08-12,726.0,1.53,1.54,1.53,13027,971,0.2382,0.449,0.08684,-1.535,0.0757
2026-08-12 13:54:22,725.38,2026-08-12,727.0,1.46,1.47,2.07,30,1404,0.2841,0.3859,0.07036,-1.465,0.0732
2026-08-12 13:54:22,725.38,2026-08-12,728.0,1.06,1.07,1.62,65,2306,0.2766,0.3133,0.06697,-1.065,0.0678
2026-08-12 13:54:22,725.38,2026-08-12,729.0,0.71,0.76,0.64,268,380,0.2681,0.2431,0.06104,-0.735,0.0599
2026-08-12 13:54:22,725.38,2026-08-12,730.0,0.4,0.41,0.4,7963,3893,0.2443,0.1641,0.05294,-0.405,0.0473
2026-08-12 13:54:22,725.38,2026-08-12,731.0,0.31,0.32,0.6,13,626,0.2566,0.1287,0.04279,-0.315,0.0402
2026-08-12 13:54:22,725.38,2026-08-12,732.0,0.13,0.18,0.21,90,558,0.2389,0.0758,0.03122,-0.155,0.0273
2026-08-12 13:54:22,725.38,2026-08-12,733.0,0.12,0.13,0.14,295,515,0.2536,0.06,0.02456,-0.125,0.0228
2026-08-12 13:54:22,725.38,2026-08-12,734.0,0.05,0.1,0.14,70,440,0.2526,0.0387,0.01737,-0.075,0.0161
2026-08-12 13:54:22,725.38,2026-08-12,735.0,0.03,0.08,0.08,1710,4149,0.2616,0.0286,0.01307,-0.055,0.0125
2026-08-12 13:54:22,725.38,2026-08-12,736.0,0.06,0.07,0.04,1984,225,0.292,0.0301,0.01221,-0.065,0.0131
2026-08-12 13:54:22,725.38,2026-08-12,737.0,0.05,0.06,0.07,2,750,0.3061,0.0249,0.00996,-0.055,0.0112
2026-08-12 13:54:22,725.38,2026-08-12,738.0,0.01,0.05,0.04,512,280,0.2996,0.0148,0.00654,-0.03,0.0072
2026-08-12 13:54:22,725.38,2026-08-12,739.0,0.03,0.04,0.03,143,4963,0.3267,0.0157,0.00632,-0.035,0.0076
2026-08-12 13:54:22,725.38,2026-08-12,740.0,0.03,0.04,0.02,1649,2717,0.347,0.0149,0.00568,-0.035,0.0072
2026-08-12 13:55:22,724.89,2026-08-12,710.0,15.47,16.09,9.15,344,1083,0.7023,0.8714,0.01566,-0.89,0.0401
2026-08-12 13:55:22,724.89,2026-08-12,711.0,13.87,14.84,8.09,83,110,0.5522,0.9098,0.01543,-0.465,0.0311
2026-08-12 13:55:22,724.89,2026-08-12,712.0,12.51,13.99,13.21,1,175,0.4876,0.9201,0.01595,-0.36,0.0284
2026-08-12 13:55:22,724.89,2026-08-12,713.0,11.61,12.81,11.51,28,141,0.4446,0.9223,0.01713,-0.32,0.0278
2026-08-12 13:55:22,724.89,2026-08-12,714.0,10.74,10.91,11.48,24,319,,,,,
2026-08-12 13:55:22,724.89,2026-08-12,715.0,10.7,11.1,12.04,6,1322,0.5571,0.8278,0.02399,-1.01,0.0487
2026-08-12 13:55:22,724.89,2026-08-12,716.0,9.79,10.78,9.07,1,571,0.5933,0.788,0.02559,-1.395,0.0553
2026-08-12 13:55:22,724.89,2026-08-12,717.0,8.17,8.37,8.82,17,648,0.3441,0.8879,0.02902,-0.38,0.0364
2026-08-12 13:55:22,724.89,2026-08-12,718.0,6.95,7.11,7.29,704,351,0.2356,0.9391,0.0268,-0.14,0.023
2026-08-12 13:55:22,724.89,2026-08-12,719.0,7.29,7.43,8,80,392,0.4841,0.7417,0.03498,-1.47,0.0617
2026-08-12 13:55:22,724.89,2026-08-12,720.0,6.45,6.57,5.84,218,1518,0.4641,0.713,0.03844,-1.62,0.065
2026-08-12 13:55:22,724.89,2026-08-12,721.0,4.5,4.51,5.74,290,1317,0.2578,0.7882,0.05884,-0.615,0.0553
2026-08-12 13:55:22,724.89,2026-08-12,722.0,3.61,3.65,3.61,1835,2460,0.2387,0.74,0.07117,-0.74,0.0619
2026-08-12 13:55:22,724.89,2026-08-12,723.0,3.89,3.96,4.67,82,2517,0.3771,0.6067,0.05342,-2.035,0.0734
2026-08-12 13:55:22,724.89,2026-08-12,724.0,2.39,2.44,2.8,344,1736,0.2529,0.5762,0.08111,-1.525,0.0748
2026-08-12 13:55:22,724.89,2026-08-12,725.0,1.74,1.8,1.74,6051,4262,0.2381,0.4935,0.08774,-1.77,0.0762
2026-08-12 13:55:22,724.89,2026-08-12,726.0,1.46,1.47,1.46,14391,971,0.2573,0.4137,0.0793,-1.465,0.0744
2026-08-12 13:55:22,724.89,2026-08-12,727.0,1.46,1.47,2.07,30,1404,0.3099,0.3638,0.06346,-1.465,0.0717
2026-08-12 13:55:22,724.89,2026-08-12,728.0,1.06,1.07,1.62,65,2306,0.2993,0.2962,0.06049,-1.065,0.066
2026-08-12 13:55:22,724.89,2026-08-12,729.0,0.71,0.76,0.64,268,380,0.2882,0.2305,0.05526,-0.735,0.058
2026-08-12 13:55:22,724.89,2026-08-12,730.0,0.38,0.39,0.38,8514,3893,0.257,0.1515,0.04784,-0.385,0.0448
2026-08-12 13:55:22,724.89,2026-08-12,731.0,0.31,0.32,0.6,13,626,0.2726,0.1228,0.03906,-0.315,0.0388
2026-08-12 13:55:22,724.89,2026-08-12,732.0,0.13,0.18,0.21,90,558,0.2528,0.0724,0.02854,-0.155,0.0263
2026-08-12 13:55:22,724.89,2026-08-12,733.0,0.12,0.13,0.14,295,515,0.2668,0.0575,0.02264,-0.125,0.022
2026-08-12 13:55:22,724.89,2026-08-12,734.0,0.05,0.1,0.14,71,440,0.2647,0.0372,0.01609,-0.075,0.0155
2026-08-12 13:55:22,724.89,2026-08-12,735.0,0.03,0.04,0.07,1728,4149,0.2543,0.0197,0.00985,-0.035,0.0091
2026-08-12 13:55:22,724.89,2026-08-12,736.0,0.06,0.07,0.04,1984,225,0.3037,0.0291,0.01145,-0.065,0.0127
2026-08-12 13:55:22,724.89,2026-08-12,737.0,0.05,0.06,0.07,2,750,0.3174,0.0242,0.00938,-0.055,0.0109
2026-08-12 13:55:22,724.89,2026-08-12,738.0,0.04,0.05,0.04,521,280,0.3289,0.0196,0.00759,-0.045,0.0091
2026-08-12 13:55:22,724.89,2026-08-12,739.0,0.03,0.04,0.03,143,4963,0.3374,0.0153,0.00599,-0.035,0.0074
2026-08-12 13:56:22,724.22,2026-08-12,710.0,15.47,16.09,9.15,344,1083,0.8289,0.8217,0.01652,-1.56,0.0497
2026-08-12 13:56:22,724.22,2026-08-12,711.0,13.87,14.84,8.09,83,110,0.7039,0.8428,0.01794,-1.135,0.0458
2026-08-12 13:56:22,724.22,2026-08-12,712.0,12.55,13.06,13.21,1,175,0.5378,0.8873,0.01868,-0.585,0.0364
2026-08-12 13:56:22,724.22,2026-08-12,713.0,11.49,12.02,11.39,28,141,0.4924,0.8877,0.02035,-0.535,0.0364
2026-08-12 13:56:22,724.22,2026-08-12,714.0,11.01,11.14,10.59,24,319,0.5372,0.845,0.02329,-0.855,0.0454
2026-08-12 13:56:22,724.22,2026-08-12,715.0,10.7,11.1,12.04,6,1322,0.6585,0.7734,0.02401,-1.68,0.0574
2026-08-12 13:56:22,724.22,2026-08-12,716.0,9.79,10.78,9.07,1,571,0.6814,0.7413,0.02492,-2.065,0.0616
2026-08-12 13:56:22,724.22,2026-08-12,717.0,8.17,8.37,8.82,17,648,0.4667,0.7953,0.03194,-1.05,0.0541
2026-08-12 13:56:22,724.22,2026-08-12,718.0,6.92,7.08,7.29,704,351,0.3778,0.8095,0.03777,-0.78,0.0518
2026-08-12 13:56:22,724.22,2026-08-12,719.0,7.29,7.43,8,80,392,0.5591,0.6919,0.03304,-2.14,0.067
2026-08-12 13:56:22,724.22,2026-08-12,720.0,6.45,6.57,5.84,218,1518,0.5332,0.6649,0.03587,-2.29,0.0694
2026-08-12 13:56:22,724.22,2026-08-12,721.0,4.5,4.51,4.5,290,1317,0.3383,0.6945,0.0544,-1.285,0.0668
2026-08-12 13:56:22,724.22,2026-08-12,722.0,3.78,3.83,3.7,1844,2460,0.3331,0.6399,0.05896,-1.585,0.0713
2026-08-12 13:56:22,724.22,2026-08-12,723.0,3.89,3.96,4.67,82,2517,0.4302,0.5625,0.04808,-2.705,0.0751
2026-08-12 13:56:22,724.22,2026-08-12,724.0,2.39,2.44,2.8,344,1736,0.3017,0.5183,0.06935,-2.195,0.0759
2026-08-12 13:56:22,724.22,2026-08-12,725.0,1.82,1.83,1.74,6051,4262,0.2871,0.4464,0.07228,-1.825,0.0753
2026-08-12 13:56:22,724.22,2026-08-12,726.0,1.36,1.38,1.37,14640,971,0.2806,0.3726,0.0708,-1.37,0.0721
2026-08-12 13:56:22,724.22,2026-08-12,727.0,1.46,1.47,2.07,30,1404,0.3436,0.3387,0.0559,-1.465,0.0697
2026-08-12 13:56:22,724.22,2026-08-12,728.0,1.06,1.07,1.62,65,2306,0.3293,0.2765,0.05333,-1.065,0.0637
2026-08-12 13:56:22,724.22,2026-08-12,729.0,0.71,0.76,0.64,268,380,0.3148,0.2157,0.04882,-0.735,0.0558
2026-08-12 13:56:22,724.22,2026-08-12,730.0,0.32,0.37,0.36,8541,3893,0.2703,0.1334,0.04183,-0.345,0.041
2026-08-12 13:56:22,724.22,2026-08-12,731.0,0.31,0.32,0.6,13,626,0.294,0.1156,0.03479,-0.315,0.0371
2026-08-12 13:56:22,724.22,2026-08-12,732.0,0.13,0.18,0.21,90,558,0.2714,0.0683,0.02547,-0.155,0.0251
2026-08-12 13:56:22,724.22,2026-08-12,733.0,0.12,0.13,0.14,295,515,0.2846,0.0546,0.02039,-0.125,0.0211
2026-08-12 13:56:22,724.22,2026-08-12,734.0,0.05,0.1,0.07,71,440,0.2811,0.0354,0.01457,-0.075,0.0149
2026-08-12 13:56:22,724.22,2026-08-12,735.0,0.06,0.07,0.06,1779,4149,0.297,0.0298,0.01196,-0.065,0.0129
2026-08-12 13:56:22,724.22,2026-08-12,736.0,0.06,0.07,0.04,1984,225,0.3195,0.0279,0.01053,-0.065,0.0122
2026-08-12 13:56:22,724.22,2026-08-12,737.0,0.05,0.06,0.07,2,750,0.3328,0.0233,0.00868,-0.055,0.0105
2026-08-12 13:56:22,724.22,2026-08-12,738.0,0.04,0.05,0.04,521,280,0.3437,0.0189,0.00705,-0.045,0.0088
2026-08-12 13:56:22,724.22,2026-08-12,739.0,0.01,0.04,0.03,143,4963,0.3362,0.0114,0.00466,-0.025,0.0057
2026-08-12 13:57:23,724.26,2026-08-12,710.0,15.47,16.09,9.15,344,1083,0.8234,0.8242,0.0165,-1.52,0.0492
2026-08-12 13:57:23,724.26,2026-08-12,711.0,13.87,14.84,8.09,83,110,0.6974,0.846,0.01788,-1.095,0.0451
2026-08-12 13:57:23,724.26,2026-08-12,712.0,12.37,13.13,13.21,1,175,0.5126,0.8992,0.0181,-0.49,0.0336
2026-08-12 13:57:23,724.26,2026-08-12,713.0,11.11,12.03,11.39,28,141,0.4246,0.9212,0.01819,-0.31,0.028
2026-08-12 13:57:23,724.26,2026-08-12,714.0,10.11,10.63,10.44,26,319,0.3072,0.9621,0.0141,-0.11,0.0157
2026-08-12 13:57:23,724.26,2026-08-12,715.0,10.7,11.1,12.04,6,1322,0.654,0.7762,0.02403,-1.64,0.0569
2026-08-12 13:57:23,724.26,2026-08-12,716.0,9.79,10.78,9.07,1,571,0.6776,0.7438,0.02497,-2.025,0.0612
2026-08-12 13:57:23,724.26,2026-08-12,717.0,7.7,7.84,8.82,17,648,0.358,0.8598,0.03272,-0.51,0.0424
2026-08-12 13:57:23,724.26,2026-08-12,718.0,6.32,6.48,7.29,704,351,0.2194,0.935,0.03037,-0.14,0.0241
2026-08-12 13:57:23,724.26,2026-08-12,719.0,7.29,7.43,8,80,392,0.5557,0.6945,0.03316,-2.1,0.0667
2026-08-12 13:57:23,724.26,2026-08-12,720.0,6.45,6.57,5.84,218,1518,0.5301,0.6674,0.03602,-2.25,0.0691
2026-08-12 13:57:23,724.26,2026-08-12,721.0,4.31,4.4,4.5,290,1317,0.3117,0.7118,0.05755,-1.095,0.0649
2026-08-12 13:57:23,724.26,2026-08-12,722.0,3.18,3.25,3.35,1891,2460,0.2449,0.6893,0.07581,-0.955,0.0672
2026-08-12 13:57:23,724.26,2026-08-12,723.0,3.89,3.96,4.67,82,2517,0.4278,0.5648,0.04837,-2.665,0.0749
2026-08-12 13:57:23,724.26,2026-08-12,724.0,2.39,2.44,2.8,344,1736,0.2994,0.5213,0.06995,-2.155,0.0758
2026-08-12 13:57:23,724.26,2026-08-12,725.0,1.56,1.58,1.63,6218,4262,0.2513,0.4416,0.08257,-1.57,0.0751
2026-08-12 13:57:23,724.26,2026-08-12,726.0,1.13,1.18,1.19,14908,971,0.2489,0.3597,0.07899,-1.155,0.0712
2026-08-12 13:57:23,724.26,2026-08-12,727.0,1.46,1.47,2.07,30,1404,0.3421,0.34,0.0563,-1.465,0.0697
2026-08-12 13:57:23,724.26,2026-08-12,728.0,1.06,1.07,1.62,65,2306,0.328,0.2776,0.05372,-1.065,0.0638
2026-08-12 13:57:23,724.26,2026-08-12,729.0,0.71,0.76,0.64,268,380,0.3137,0.2165,0.04916,-0.735,0.0558
2026-08-12 13:57:23,724.26,2026-08-12,730.0,0.29,0.3,0.31,8591,3893,0.2568,0.1225,0.04155,-0.295,0.0386
2026-08-12 13:57:23,724.26,2026-08-12,731.0,0.31,0.32,0.6,13,626,0.2932,0.116,0.03502,-0.315,0.0372
2026-08-12 13:57:23,724.26,2026-08-12,732.0,0.13,0.18,0.21,90,558,0.2707,0.0685,0.02564,-0.155,0.0251
2026-08-12 13:57:23,724.26,2026-08-12,733.0,0.12,0.13,0.14,295,515,0.2839,0.0547,0.02051,-0.125,0.0211
2026-08-12 13:57:23,724.26,2026-08-12,734.0,0.08,0.09,0.07,71,440,0.287,0.0388,0.01541,-0.085,0.016
2026-08-12 13:57:23,724.26,2026-08-12,735.0,0.06,0.07,0.03,1783,4149,0.2964,0.0299,0.01202,-0.065,0.0129
2026-08-12 13:57:23,724.26,2026-08-12,736.0,0.06,0.07,0.04,1984,225,0.319,0.028,0.01059,-0.065,0.0122
2026-08-12 13:57:23,724.26,2026-08-12,737.0,0.05,0.06,0.07,2,750,0.3323,0.0233,0.00872,-0.055,0.0105
2026-08-12 13:57:23,724.26,2026-08-12,738.0,0.03,0.04,0.02,524,280,0.3311,0.0156,0.00623,-0.035,0.0075
2026-08-12 13:57:23,724.26,2026-08-12,739.0,0.03,0.04,0.03,143,4963,0.3515,0.0148,0.00561,-0.035,0.0071
2026-08-12 13:58:23,724.65,2026-08-12,710.0,15.47,16.09,9.15,344,1083,0.7535,0.852,0.01613,-1.125,0.0439
2026-08-12 13:58:23,724.65,2026-08-12,711.0,13.87,14.84,8.09,83,110,0.616,0.8824,0.01684,-0.7,0.0375
2026-08-12 13:58:23,724.65,2026-08-12,712.0,12.37,13.13,13.21,1,175,0.3543,0.9715,0.00967,-0.095,0.0124
2026-08-12 13:58:23,724.65,2026-08-12,713.0,10.79,11.92,11.39,28,141,,,,,
2026-08-12 13:58:23,724.65,2026-08-12,714.0,9.93,10.71,10.51,27,319,,,,,
2026-08-12 13:58:23,724.65,2026-08-12,715.0,10.7,11.1,12.04,6,1322,0.5976,0.8066,0.02415,-1.245,0.0521
2026-08-12 13:58:23,724.65,2026-08-12,716.0,9.79,10.78,9.07,1,571,0.6283,0.7701,0.02542,-1.63,0.0577
2026-08-12 13:58:23,724.65,2026-08-12,717.0,7.7,7.84,8.82,17,648,0.2449,0.9516,0.02157,-0.115,0.0191
2026-08-12 13:58:23,724.65,2026-08-12,718.0,6.68,6.75,7.29,704,351,0.1857,0.9715,0.01848,-0.06,0.0124
2026-08-12 13:58:23,724.65,2026-08-12,719.0,7.29,7.43,8,80,392,0.5136,0.7226,0.03433,-1.705,0.0637
2026-08-12 13:58:23,724.65,2026-08-12,720.0,6.45,6.57,5.84,218,1518,0.4912,0.6946,0.03754,-1.855,0.0666
2026-08-12 13:58:23,724.65,2026-08-12,721.0,4.31,4.4,4.4,295,1317,0.2648,0.7691,0.06047,-0.7,0.0578
2026-08-12 13:58:23,724.65,2026-08-12,722.0,3.42,3.44,3.47,1928,2460,0.2353,0.7266,0.07439,-0.775,0.0632
2026-08-12 13:58:23,724.65,2026-08-12,723.0,3.89,3.96,4.67,82,2517,0.3978,0.5899,0.05142,-2.27,0.0739
2026-08-12 13:58:23,724.65,2026-08-12,724.0,2.39,2.44,2.8,344,1736,0.2717,0.5535,0.07656,-1.76,0.0751
2026-08-12 13:58:23,724.65,2026-08-12,725.0,1.65,1.66,1.66,6535,4262,0.2389,0.4729,0.08764,-1.655,0.0757
2026-08-12 13:58:23,724.65,2026-08-12,726.0,1.24,1.25,1.25,15055,971,0.2413,0.3878,0.08353,-1.245,0.0728
2026-08-12 13:58:23,724.65,2026-08-12,727.0,1.46,1.47,2.07,30,1404,0.3231,0.3544,0.06059,-1.465,0.0707
2026-08-12 13:58:23,724.65,2026-08-12,728.0,1.06,1.07,1.62,65,2306,0.3111,0.2889,0.05778,-1.065,0.0649
2026-08-12 13:58:23,724.65,2026-08-12,729.0,0.71,0.76,0.64,268,380,0.2987,0.225,0.05283,-0.735,0.057
2026-08-12 13:58:23,724.65,2026-08-12,730.0,0.29,0.3,0.3,8637,3893,0.2446,0.1276,0.04492,-0.295,0.0397
2026-08-12 13:58:23,724.65,2026-08-12,731.0,0.31,0.32,0.6,13,626,0.2812,0.1201,0.03746,-0.315,0.0381
2026-08-12 13:58:23,724.65,2026-08-12,732.0,0.13,0.18,0.21,90,558,0.2603,0.0709,0.0274,-0.155,0.0258
2026-08-12 13:58:23,724.65,2026-08-12,733.0,0.12,0.13,0.14,295,515,0.274,0.0565,0.0218,-0.125,0.0216
2026-08-12 13:58:23,724.65,2026-08-12,734.0,0.08,0.09,0.08,185,440,0.2778,0.04,0.01632,-0.085,0.0164
2026-08-12 13:58:23,724.65,2026-08-12,735.0,0.05,0.06,0.02,1883,4149,0.2797,0.0271,0.01178,-0.055,0.0119
2026-08-12 13:58:23,724.65,2026-08-12,736.0,0.06,0.07,0.04,1984,225,0.3104,0.0287,0.01112,-0.065,0.0125
2026-08-12 13:58:23,724.65,2026-08-12,737.0,0.05,0.06,0.07,2,750,0.324,0.0239,0.00912,-0.055,0.0107
2026-08-12 13:58:23,724.65,2026-08-12,738.0,0.03,0.04,0.02,524,280,0.3232,0.016,0.00651,-0.035,0.0076
2026-08-12 13:58:23,724.65,2026-08-12,739.0,0.01,0.04,0.03,143,4963,0.3284,0.0117,0.00488,-0.025,0.0058
2026-08-12 13:59:23,725.15,2026-08-12,711.0,12.88,14.21,8.09,83,110,,,,,
2026-08-12 13:59:23,725.15,2026-08-12,712.0,11.73,13.28,13.21,1,175,,,,,
2026-08-12 13:59:23,725.15,2026-08-12,713.0,10.82,12.52,11.39,28,141,,,,,
2026-08-12 13:59:23,725.15,2026-08-12,714.0,9.85,11.41,10.51,27,319,,,,,
2026-08-12 13:59:23,725.15,2026-08-12,715.0,10.7,11.1,12.04,6,1322,0.5126,0.8551,0.02339,-0.75,0.0433
2026-08-12 13:59:23,725.15,2026-08-12,716.0,9.79,10.78,9.07,1,571,0.5577,0.8102,0.0256,-1.135,0.0515
2026-08-12 13:59:23,725.15,2026-08-12,717.0,8.39,8.4,8.82,17,648,0.3125,0.9175,0.02563,-0.245,0.0289
2026-08-12 13:59:23,725.15,2026-08-12,718.0,7.36,7.44,7.29,704,351,0.2848,0.9092,0.03021,-0.25,0.031
2026-08-12 13:59:23,725.15,2026-08-12,719.0,7.29,7.43,8,80,392,0.4541,0.7656,0.03558,-1.21,0.0583
2026-08-12 13:59:23,725.15,2026-08-12,720.0,6.45,6.57,5.84,218,1518,0.437,0.736,0.03939,-1.36,0.0621
2026-08-12 13:59:23,725.15,2026-08-12,721.0,4.76,4.85,4.4,295,1317,0.2766,0.7881,0.05515,-0.655,0.055
2026-08-12 13:59:23,725.15,2026-08-12,722.0,4.019,4.059,3.47,1928,2460,0.2751,0.7297,0.06332,-0.889,0.0628
2026-08-12 13:59:23,725.15,2026-08-12,723.0,3.89,3.96,4.67,82,2517,0.3571,0.6275,0.05579,-1.775,0.0719
2026-08-12 13:59:23,725.15,2026-08-12,724.0,2.53,2.57,2.8,344,1736,0.2519,0.598,0.08084,-1.4,0.0735
2026-08-12 13:59:23,725.15,2026-08-12,725.0,1.97,1.98,1.66,6535,4262,0.2492,0.5157,0.08422,-1.825,0.0757
2026-08-12 13:59:23,725.15,2026-08-12,726.0,1.48,1.5,1.25,15276,971,0.2473,0.4313,0.08366,-1.49,0.0746
2026-08-12 13:59:23,725.15,2026-08-12,727.0,1.46,1.47,2.07,30,1404,0.2982,0.3751,0.06694,-1.465,0.072
2026-08-12 13:59:23,725.15,2026-08-12,728.0,1.06,1.07,1.62,65,2306,0.2892,0.305,0.06377,-1.065,0.0665
2026-08-12 13:59:23,725.15,2026-08-12,729.0,0.56,0.57,0.64,268,380,0.2494,0.2111,0.06101,-0.565,0.0549
2026-08-12 13:59:23,725.15,2026-08-12,730.0,0.38,0.39,0.26,8655,3893,0.2496,0.1558,0.05044,-0.385,0.0454
2026-08-12 13:59:23,725.15,2026-08-12,731.0,0.31,0.32,0.6,13,626,0.2658,0.1258,0.04096,-0.315,0.0393
2026-08-12 13:59:23,725.15,2026-08-12,732.0,0.13,0.18,0.21,90,558,0.247,0.0741,0.02991,-0.155,0.0266
2026-08-12 13:59:23,725.15,2026-08-12,733.0,0.08,0.13,0.14,295,515,0.252,0.0523,0.02232,-0.105,0.0203
2026-08-12 13:59:23,725.15,2026-08-12,734.0,0.08,0.09,0.08,185,440,0.266,0.0415,0.01758,-0.085,0.0169
2026-08-12 13:59:23,725.15,2026-08-12,735.0,0.02,0.03,0.02,1883,4149,0.2381,0.0156,0.00864,-0.025,0.0074
2026-08-12 13:59:23,725.15,2026-08-12,736.0,0.06,0.07,0.04,1984,225,0.2994,0.0296,0.01185,-0.065,0.0128
2026-08-12 13:59:23,725.15,2026-08-12,737.0,0.05,0.06,0.07,2,750,0.3134,0.0246,0.00968,-0.055,0.0109
2026-08-12 13:59:23,725.15,2026-08-12,738.0,0.03,0.04,0.02,524,280,0.3132,0.0165,0.00689,-0.035,0.0078
2026-08-12 13:59:23,725.15,2026-08-12,739.0,0.01,0.04,0.03,143,4963,0.3188,0.012,0.00515,-0.025,0.0059
2026-08-12 13:59:23,725.15,2026-08-12,740.0,0.03,0.04,0.02,1649,2717,0.3542,0.0147,0.00555,-0.035,0.0071
2026-08-12 14:00:24,724.57,2026-08-12,710.0,15.47,16.09,9.15,344,1083,0.7719,0.8456,0.01625,-1.21,0.045
2026-08-12 14:00:24,724.57,2026-08-12,711.0,12.95,14.42,8.09,83,110,0.3926,0.9678,0.0097,-0.115,0.0137
2026-08-12 14:00:24,724.57,2026-08-12,712.0,11.98,13.49,13.21,1,175,0.399,0.954,0.01276,-0.165,0.0183
2026-08-12 14:00:24,724.57,2026-08-12,713.0,10.76,12.55,11.39,28,141,0.3217,0.9726,0.01034,-0.085,0.012
2026-08-12 14:00:24,724.57,2026-08-12,714.0,9.85,11.43,10.93,28,319,0.2853,0.976,0.01046,-0.07,0.0107
2026-08-12 14:00:24,724.57,2026-08-12,715.0,10.7,11.1,12.04,6,1322,0.6123,0.7996,0.02416,-1.33,0.0531
2026-08-12 14:00:24,724.57,2026-08-12,716.0,9.79,10.78,9.07,1,571,0.6413,0.7641,0.02534,-1.715,0.0584
2026-08-12 14:00:24,724.57,2026-08-12,717.0,8.06,8.21,8.82,17,648,0.3827,0.8548,0.03146,-0.565,0.0432
2026-08-12 14:00:24,724.57,2026-08-12,718.0,7.13,7.49,7.35,714,351,0.3849,0.8193,0.03606,-0.74,0.0498
2026-08-12 14:00:24,724.57,2026-08-12,719.0,7.29,7.43,8,80,392,0.5246,0.7161,0.03408,-1.79,0.0642
2026-08-12 14:00:24,724.57,2026-08-12,720.0,6.45,6.57,5.84,218,1518,0.5014,0.6884,0.03721,-1.94,0.067
2026-08-12 14:00:24,724.57,2026-08-12,721.0,4.7,4.72,4.4,301,1317,0.3338,0.7168,0.0535,-1.14,0.0641
2026-08-12 14:00:24,724.57,2026-08-12,722.0,3.95,3.97,3.91,1935,2460,0.3245,0.665,0.05923,-1.39,0.069
2026-08-12 14:00:24,724.57,2026-08-12,723.0,3.89,3.96,4.67,82,2517,0.4057,0.5841,0.05073,-2.355,0.0739
2026-08-12 14:00:24,724.57,2026-08-12,724.0,2.57,2.6,2.8,344,1736,0.3013,0.5428,0.06946,-2.015,0.0752
2026-08-12 14:00:24,724.57,2026-08-12,725.0,1.9,1.95,1.96,6662,4262,0.2807,0.4709,0.07478,-1.925,0.0754
2026-08-12 14:00:24,724.57,2026-08-12,726.0,1.46,1.47,1.46,15887,971,0.2767,0.3956,0.07345,-1.465,0.073
2026-08-12 14:00:24,724.57,2026-08-12,727.0,1.46,1.47,2.07,30,1404,0.3282,0.3511,0.05961,-1.465,0.0703
2026-08-12 14:00:24,724.57,2026-08-12,728.0,1.06,1.07,1.62,65,2306,0.3158,0.2863,0.05686,-1.065,0.0645
2026-08-12 14:00:24,724.57,2026-08-12,729.0,0.51,0.52,0.64,268,380,0.2622,0.1891,0.05446,-0.515,0.0513
2026-08-12 14:00:24,724.57,2026-08-12,730.0,0.32,0.33,0.36,9002,3893,0.2555,0.1336,0.04452,-0.325,0.0409
2026-08-12 14:00:24,724.57,2026-08-12,731.0,0.31,0.32,0.6,13,626,0.2847,0.1192,0.03691,-0.315,0.0377
2026-08-12 14:00:24,724.57,2026-08-12,732.0,0.17,0.18,0.21,90,558,0.271,0.0761,0.02787,-0.175,0.0271
2026-08-12 14:00:24,724.57,2026-08-12,733.0,0.08,0.13,0.14,295,515,0.2673,0.0498,0.02029,-0.105,0.0195
2026-08-12 14:00:24,724.57,2026-08-12,734.0,0.08,0.09,0.08,186,440,0.2807,0.0397,0.01611,-0.085,0.0162
2026-08-12 14:00:24,724.57,2026-08-12,735.0,0.02,0.03,0.06,1887,4149,0.2506,0.0149,0.00793,-0.025,0.0071
2026-08-12 14:00:24,724.57,2026-08-12,736.0,0.06,0.07,0.04,1984,225,0.3132,0.0285,0.011,-0.065,0.0124
2026-08-12 14:00:24,724.57,2026-08-12,737.0,0.05,0.06,0.07,2,750,0.3268,0.0237,0.00903,-0.055,0.0106
2026-08-12 14:00:24,724.57,2026-08-12,738.0,0.03,0.04,0.02,524,280,0.3259,0.0159,0.00645,-0.035,0.0076
2026-08-12 14:00:24,724.57,2026-08-12,739.0,0.03,0.04,0.03,143,4963,0.3465,0.0151,0.00579,-0.035,0.0072
2026-08-12 14:01:26,724.69,2026-08-12,710.0,15.47,16.09,9.15,344,1083,0.7499,0.8547,0.01608,-1.09,0.0432
2026-08-12 14:01:26,724.69,2026-08-12,711.0,12.95,14.42,8.09,83,110,,,,,
2026-08-12 14:01:26,724.69,2026-08-12,712.0,11.93,13.55,13.21,1,175,0.3093,0.9859,0.00613,-0.05,0.0068
2026-08-12 14:01:26,724.69,2026-08-12,713.0,10.79,12.35,11.39,28,141,,,,,
2026-08-12 14:01:26,724.69,2026-08-12,714.0,9.92,11.63,10.93,28,319,0.3015,0.971,0.01161,-0.085,0.0125
2026-08-12 14:01:26,724.69,2026-08-12,715.0,10.7,11.1,12.04,6,1322,0.5947,0.8096,0.02414,-1.21,0.0514
2026-08-12 14:01:26,724.69,2026-08-12,716.0,9.79,10.78,9.07,1,571,0.6262,0.7726,0.02545,-1.595,0.0571
2026-08-12 14:01:26,724.69,2026-08-12,717.0,7.89,7.99,8.82,18,648,0.3018,0.9132,0.02766,-0.25,0.0299
2026-08-12 14:01:26,724.69,2026-08-12,718.0,7.01,7.27,7.11,715,351,0.3263,0.8634,0.03543,-0.45,0.0414
2026-08-12 14:01:26,724.69,2026-08-12,719.0,7.29,7.43,8,80,392,0.5118,0.7253,0.03443,-1.67,0.0631
2026-08-12 14:01:26,724.69,2026-08-12,720.0,6.45,6.57,5.84,218,1518,0.4896,0.6972,0.03767,-1.82,0.0661
2026-08-12 14:01:26,724.69,2026-08-12,721.0,4.58,4.62,4.68,301,1317,0.3027,0.7432,0.05625,-0.91,0.061
2026-08-12 14:01:26,724.69,2026-08-12,722.0,3.74,3.83,3.76,1946,2460,0.2872,0.6927,0.06465,-1.095,0.0665
2026-08-12 14:01:26,724.69,2026-08-12,723.0,3.89,3.96,4.67,82,2517,0.3967,0.5923,0.05171,-2.235,0.0735
2026-08-12 14:01:26,724.69,2026-08-12,724.0,2.43,2.45,2.57,504,1736,0.2736,0.5561,0.07628,-1.75,0.0748
2026-08-12 14:01:26,724.69,2026-08-12,725.0,1.84,1.86,1.84,7068,4262,0.2636,0.4783,0.07983,-1.85,0.0754
2026-08-12 14:01:26,724.69,2026-08-12,726.0,1.41,1.42,1.42,16242,971,0.2638,0.3996,0.07737,-1.415,0.0731
2026-08-12 14:01:26,724.69,2026-08-12,727.0,1.46,1.47,2.07,30,1404,0.3227,0.3557,0.061,-1.465,0.0705
2026-08-12 14:01:26,724.69,2026-08-12,728.0,1.06,1.07,1.62,65,2306,0.3109,0.2899,0.05817,-1.065,0.0648
2026-08-12 14:01:26,724.69,2026-08-12,729.0,0.51,0.52,0.52,269,380,0.2581,0.1917,0.05584,-0.515,0.0516
2026-08-12 14:01:26,724.69,2026-08-12,730.0,0.29,0.3,0.3,9234,3893,0.2445,0.1281,0.04524,-0.295,0.0396
2026-08-12 14:01:26,724.69,2026-08-12,731.0,0.31,0.32,0.6,13,626,0.2813,0.1205,0.03769,-0.315,0.038
2026-08-12 14:01:26,724.69,2026-08-12,732.0,0.17,0.18,0.17,91,558,0.268,0.0769,0.02844,-0.175,0.0273
2026-08-12 14:01:26,724.69,2026-08-12,733.0,0.08,0.13,0.11,296,515,0.2646,0.0503,0.02068,-0.105,0.0196
2026-08-12 14:01:26,724.69,2026-08-12,734.0,0.03,0.08,0.07,187,440,0.2574,0.0293,0.0137,-0.055,0.0126
2026-08-12 14:01:26,724.69,2026-08-12,735.0,0.05,0.06,0.03,1891,4149,0.2801,0.0272,0.01184,-0.055,0.0119
2026-08-12 14:01:26,724.69,2026-08-12,736.0,0.06,0.07,0.04,1984,225,0.3109,0.0288,0.01117,-0.065,0.0124
2026-08-12 14:01:26,724.69,2026-08-12,737.0,0.05,0.06,0.07,2,750,0.3246,0.0239,0.00916,-0.055,0.0107
2026-08-12 14:01:26,724.69,2026-08-12,738.0,0.01,0.04,0.02,525,280,0.3092,0.0123,0.00547,-0.025,0.0061
2026-08-12 14:01:26,724.69,2026-08-12,739.0,0.03,0.04,0.03,143,4963,0.3444,0.0152,0.00586,-0.035,0.0072
2026-08-12 14:02:27,724.53,2026-08-12,710.0,15.47,16.09,9.15,344,1083,0.7816,0.8426,0.01629,-1.25,0.0455
2026-08-12 14:02:27,724.53,2026-08-12,711.0,12.95,14.42,8.09,83,110,0.4191,0.9584,0.01123,-0.155,0.0168
2026-08-12 14:02:27,724.53,2026-08-12,712.0,11.73,13.7,13.21,1,175,0.4098,0.9495,0.01342,-0.185,0.0196
2026-08-12 14:02:27,724.53,2026-08-12,713.0,11.03,12.31,11.39,28,141,0.3595,0.9572,0.01341,-0.14,0.0172
2026-08-12 14:02:27,724.53,2026-08-12,714.0,9.89,11.47,10.93,28,319,0.3394,0.9517,0.01564,-0.15,0.019
2026-08-12 14:02:27,724.53,2026-08-12,715.0,10.7,11.1,12.04,6,1322,0.62,0.7964,0.02415,-1.37,0.0535
2026-08-12 14:02:27,724.53,2026-08-12,716.0,9.79,10.78,9.07,1,571,0.6484,0.7613,0.0253,-1.755,0.0586
2026-08-12 14:02:27,724.53,2026-08-12,717.0,7.92,8.01,7.85,18,648,0.3509,0.8748,0.03108,-0.435,0.0389
2026-08-12 14:02:27,724.53,2026-08-12,718.0,6.75,6.87,7.07,716,351,0.2768,0.8965,0.03441,-0.28,0.034
2026-08-12 14:02:27,724.53,2026-08-12,719.0,7.29,7.43,8,80,392,0.5306,0.7132,0.03396,-1.83,0.0643
2026-08-12 14:02:27,724.53,2026-08-12,720.0,6.45,6.57,5.84,218,1518,0.507,0.6855,0.03706,-1.98,0.0671
2026-08-12 14:02:27,724.53,2026-08-12,721.0,4.34,4.39,4.61,307,1317,0.2841,0.7476,0.0595,-0.835,0.0604
2026-08-12 14:02:27,724.53,2026-08-12,722.0,3.62,3.63,3.88,2015,2460,0.2802,0.6866,0.06695,-1.095,0.067
2026-08-12 14:02:27,724.53,2026-08-12,723.0,3.89,3.96,4.67,82,2517,0.41,0.5815,0.05041,-2.395,0.0738
2026-08-12 14:02:27,724.53,2026-08-12,724.0,2.39,2.41,2.57,504,1736,0.2804,0.5429,0.07486,-1.87,0.075
2026-08-12 14:02:27,724.53,2026-08-12,725.0,1.74,1.76,1.78,7403,4262,0.2607,0.4651,0.08066,-1.75,0.0751
2026-08-12 14:02:27,724.53,2026-08-12,726.0,1.25,1.3,1.27,17232,971,0.2535,0.3825,0.07965,-1.275,0.0721
2026-08-12 14:02:27,724.53,2026-08-12,727.0,1.46,1.47,2.07,30,1404,0.3312,0.3496,0.05916,-1.465,0.07
2026-08-12 14:02:27,724.53,2026-08-12,728.0,1.06,1.07,1.62,65,2306,0.3185,0.2852,0.05643,-1.065,0.0642
2026-08-12 14:02:27,724.53,2026-08-12,729.0,0.51,0.52,0.52,269,380,0.2644,0.1883,0.05401,-0.515,0.051
2026-08-12 14:02:27,724.53,2026-08-12,730.0,0.27,0.28,0.28,9450,3893,0.2448,0.1209,0.04348,-0.275,0.038
2026-08-12 14:02:27,724.53,2026-08-12,731.0,0.31,0.32,0.6,13,626,0.2868,0.1188,0.03665,-0.315,0.0375
2026-08-12 14:02:27,724.53,2026-08-12,732.0,0.17,0.18,0.17,91,558,0.2729,0.0758,0.02769,-0.175,0.027
2026-08-12 14:02:27,724.53,2026-08-12,733.0,0.08,0.13,0.11,296,515,0.2691,0.0496,0.02016,-0.105,0.0194
2026-08-12 14:02:27,724.53,2026-08-12,734.0,0.03,0.04,0.07,199,440,0.2432,0.0207,0.01085,-0.035,0.0094
2026-08-12 14:02:27,724.53,2026-08-12,735.0,0.01,0.02,0.02,1899,4149,0.2355,0.01,0.00597,-0.015,0.005
2026-08-12 14:02:27,724.53,2026-08-12,736.0,0.06,0.07,0.04,1984,225,0.3151,0.0285,0.01094,-0.065,0.0123
2026-08-12 14:02:27,724.53,2026-08-12,737.0,0.05,0.06,0.07,2,750,0.3286,0.0237,0.00899,-0.055,0.0106
2026-08-12 14:02:27,724.53,2026-08-12,738.0,0.01,0.04,0.01,525,280,0.3129,0.0122,0.00537,-0.025,0.006
2026-08-12 14:02:27,724.53,2026-08-12,739.0,0.01,0.04,0.03,143,4963,0.3328,0.0116,0.00482,-0.025,0.0057
2026-08-12 14:03:28,724.37,2026-08-12,710.0,15.47,16.09,9.15,344,1083,0.8115,0.8315,0.01644,-1.41,0.0475
2026-08-12 14:03:28,724.37,2026-08-12,711.0,12.95,14.42,8.09,83,110,0.4907,0.9287,0.01471,-0.315,0.0257
2026-08-12 14:03:28,724.37,2026-08-12,712.0,11.92,13.26,13.21,1,175,0.4231,0.942,0.01454,-0.22,0.0219
2026-08-12 14:03:28,724.37,2026-08-12,713.0,10.9,11.8,11.39,28,141,,,,,
2026-08-12 14:03:28,724.37,2026-08-12,714.0,10.18,10.71,11.25,38,319,0.2867,0.9737,0.01126,-0.075,0.0115
2026-08-12 14:03:28,724.37,2026-08-12,715.0,10.7,11.1,12.04,6,1322,0.6442,0.7841,0.0241,-1.53,0.0553
2026-08-12 14:03:28,724.37,2026-08-12,716.0,9.79,10.78,9.79,2,571,0.6697,0.7507,0.02511,-1.915,0.0599
2026-08-12 14:03:28,724.37,2026-08-12,717.0,7.56,8.039,7.85,18,648,0.3448,0.8742,0.03179,-0.4295,0.039
2026-08-12 14:03:28,724.37,2026-08-12,718.0,6.59,6.69,7.04,724,351,0.2694,0.8973,0.0352,-0.27,0.0337
2026-08-12 14:03:28,724.37,2026-08-12,719.0,7.29,7.43,8,80,392,0.5488,0.7019,0.03349,-1.99,0.0654
2026-08-12 14:03:28,724.37,2026-08-12,720.0,6.45,6.57,5.84,220,1518,0.5238,0.6745,0.03644,-2.14,0.0679
2026-08-12 14:03:28,724.37,2026-08-12,721.0,4.23,4.31,4.31,414,1317,0.2883,0.7352,0.06019,-0.9,0.0618
2026-08-12 14:03:28,724.37,2026-08-12,722.0,3.41,3.42,3.55,2046,2460,0.2656,0.6849,0.0709,-1.045,0.067
2026-08-12 14:03:28,724.37,2026-08-12,723.0,3.89,3.96,4.67,84,2517,0.4231,0.5714,0.04918,-2.555,0.0741
2026-08-12 14:03:28,724.37,2026-08-12,724.0,2.21,2.22,2.22,543,1736,0.2676,0.5323,0.07877,-1.845,0.075
2026-08-12 14:03:28,724.37,2026-08-12,725.0,1.69,1.71,1.71,7915,4262,0.2642,0.4528,0.07946,-1.7,0.0747
2026-08-12 14:03:28,724.37,2026-08-12,726.0,1.23,1.24,1.19,18617,971,0.2567,0.3713,0.07806,-1.235,0.0713
2026-08-12 14:03:28,724.37,2026-08-12,727.0,1.46,1.47,2.07,30,1404,0.3396,0.3438,0.05743,-1.465,0.0694
2026-08-12 14:03:28,724.37,2026-08-12,728.0,1.06,1.07,1.62,65,2306,0.326,0.2806,0.05479,-1.065,0.0636
2026-08-12 14:03:28,724.37,2026-08-12,729.0,0.51,0.52,0.52,352,380,0.2707,0.1851,0.05229,-0.515,0.0504
2026-08-12 14:03:28,724.37,2026-08-12,730.0,0.28,0.29,0.3,10948,3893,0.2529,0.1214,0.04228,-0.285,0.0381
2026-08-12 14:03:28,724.37,2026-08-12,731.0,0.31,0.32,0.6,13,626,0.2922,0.1171,0.03567,-0.315,0.0371
2026-08-12 14:03:28,724.37,2026-08-12,732.0,0.17,0.18,0.17,91,558,0.2777,0.0748,0.02696,-0.175,0.0267
2026-08-12 14:03:28,724.37,2026-08-12,733.0,0.08,0.13,0.11,296,515,0.2735,0.049,0.01966,-0.105,0.0191
2026-08-12 14:03:28,724.37,2026-08-12,734.0,0.07,0.08,0.07,201,440,0.2803,0.0358,0.01489,-0.075,0.0149
2026-08-12 14:03:28,724.37,2026-08-12,735.0,0.05,0.06,0.06,1911,4149,0.2882,0.0266,0.01133,-0.055,0.0116
2026-08-12 14:03:28,724.37,2026-08-12,736.0,0.06,0.07,0.04,1984,225,0.3192,0.0282,0.01073,-0.065,0.0122
2026-08-12 14:03:28,724.37,2026-08-12,737.0,0.05,0.06,0.07,3,750,0.3327,0.0235,0.00883,-0.055,0.0105
2026-08-12 14:03:28,724.37,2026-08-12,738.0,0.03,0.04,0.01,525,280,0.3316,0.0157,0.00631,-0.035,0.0074
2026-08-12 14:03:28,724.37,2026-08-12,739.0,0.03,0.04,0.03,143,4963,0.3521,0.0149,0.00567,-0.035,0.0071
2026-08-12 14:04:28,724.14,2026-08-12,710.0,14.13,14.73,9.15,344,1083,0.5012,0.936,0.01327,-0.285,0.0236
2026-08-12 14:04:28,724.14,2026-08-12,711.0,13.23,13.93,8.09,83,110,0.5277,0.9105,0.01627,-0.435,0.0305
2026-08-12 14:04:28,724.14,2026-08-12,712.0,11.65,13.03,13.21,1,175,0.406,0.9463,0.01428,-0.195,0.0206
2026-08-12 14:04:28,724.14,2026-08-12,713.0,11.16,11.85,11.39,28,141,0.4429,0.9122,0.0191,-0.36,0.03
2026-08-12 14:04:28,724.14,2026-08-12,714.0,10.04,10.87,10.7,43,319,0.3963,0.9157,0.02072,-0.31,0.0291
2026-08-12 14:04:28,724.14,2026-08-12,715.0,10.7,11.1,12.04,6,1322,0.6761,0.7683,0.02395,-1.755,0.0574
2026-08-12 14:04:28,724.14,2026-08-12,716.0,8.52,8.73,9.79,2,571,0.3839,0.8731,0.02878,-0.48,0.0392
2026-08-12 14:04:28,724.14,2026-08-12,717.0,7.62,7.77,7.85,19,648,0.3671,0.8523,0.03338,-0.55,0.0435
2026-08-12 14:04:28,724.14,2026-08-12,718.0,6.62,6.83,6.63,728,351,0.3387,0.8353,0.03888,-0.58,0.0467
2026-08-12 14:04:28,724.14,2026-08-12,719.0,5.76,5.83,8,80,392,0.3163,0.8091,0.04569,-0.65,0.0513
2026-08-12 14:04:28,724.14,2026-08-12,720.0,4.91,5.02,5.03,220,1518,0.3081,0.7655,0.0529,-0.82,0.0578
2026-08-12 14:04:28,724.14,2026-08-12,721.0,4.21,4.26,4.21,420,1317,0.3089,0.7086,0.05897,-1.09,0.0646
2026-08-12 14:04:28,724.14,2026-08-12,722.0,3.32,3.36,3.4,2152,2460,0.2773,0.6624,0.06998,-1.195,0.0688
2026-08-12 14:04:28,724.14,2026-08-12,723.0,2.73,2.8,3.89,84,2517,0.2839,0.5878,0.0728,-1.62,0.0733
2026-08-12 14:04:28,724.14,2026-08-12,724.0,2.12,2.14,2.17,543,1736,0.2723,0.5143,0.07773,-1.985,0.0751
2026-08-12 14:04:28,724.14,2026-08-12,725.0,1.63,1.65,1.64,9963,4262,0.27,0.4363,0.07745,-1.64,0.0742
2026-08-12 14:04:28,724.14,2026-08-12,726.0,1.17,1.22,1.22,21799,971,0.263,0.357,0.07533,-1.195,0.0703
2026-08-12 14:04:28,724.14,2026-08-12,727.0,1.46,1.47,2.07,30,1404,0.3512,0.3361,0.05515,-1.465,0.0687
2026-08-12 14:04:28,724.14,2026-08-12,728.0,1.06,1.07,1.62,65,2306,0.3363,0.2745,0.05263,-1.065,0.0628
2026-08-12 14:04:28,724.14,2026-08-12,729.0,0.43,0.44,0.39,352,380,0.2628,0.166,0.05036,-0.435,0.0469
2026-08-12 14:04:28,724.14,2026-08-12,730.0,0.29,0.3,0.3,13863,3893,0.2631,0.1211,0.04064,-0.295,0.0379
2026-08-12 14:04:28,724.14,2026-08-12,731.0,0.31,0.32,0.6,13,626,0.2997,0.1149,0.03436,-0.315,0.0365
2026-08-12 14:04:28,724.14,2026-08-12,732.0,0.13,0.14,0.17,91,558,0.2682,0.0619,0.02416,-0.135,0.023
2026-08-12 14:04:28,724.14,2026-08-12,733.0,0.09,0.1,0.11,296,515,0.2742,0.0449,0.01832,-0.095,0.0178
2026-08-12 14:04:28,724.14,2026-08-12,734.0,0.03,0.08,0.07,203,440,0.2712,0.0281,0.01263,-0.055,0.0121
2026-08-12 14:04:28,724.14,2026-08-12,735.0,0.05,0.06,0.02,1928,4149,0.2938,0.0262,0.01099,-0.055,0.0115
2026-08-12 14:04:28,724.14,2026-08-12,736.0,0.06,0.07,0.04,1984,225,0.3249,0.0278,0.01044,-0.065,0.012
2026-08-12 14:04:28,724.14,2026-08-12,737.0,0.01,0.04,0.05,3,750,0.3016,0.0127,0.00577,-0.025,0.0062
2026-08-12 14:04:28,724.14,2026-08-12,738.0,0.03,0.04,0.01,525,280,0.3368,0.0155,0.00616,-0.035,0.0074
2026-08-12 14:04:28,724.14,2026-08-12,739.0,0.01,0.04,0.03,143,4963,0.3415,0.0113,0.00463,-0.025,0.0056
2026-08-12 14:05:29,724.22,2026-08-12,710.0,14.13,14.73,9.15,344,1083,0.4693,0.949,0.01186,-0.21,0.0197
2026-08-12 14:05:29,724.22,2026-08-12,711.0,12.69,13.42,8.09,83,110,,,,,
2026-08-12 14:05:29,724.22,2026-08-12,712.0,11.73,12.55,13.21,1,175,,,,,
2026-08-12 14:05:29,724.22,2026-08-12,713.0,10.7,11.55,11.39,28,141,,,,,
2026-08-12 14:05:29,724.22,2026-08-12,714.0,9.91,10.79,10.7,43,319,0.3221,0.9561,0.01535,-0.13,0.0175
2026-08-12 14:05:29,724.22,2026-08-12,715.0,10.7,11.1,12.04,6,1322,0.6669,0.7734,0.02401,-1.68,0.0566
2026-08-12 14:05:29,724.22,2026-08-12,716.0,8.32,8.4,9.79,2,571,0.2752,0.9457,0.02126,-0.14,0.0207
2026-08-12 14:05:29,724.22,2026-08-12,717.0,7.22,7.35,7.77,19,648,0.2053,0.9704,0.01741,-0.065,0.0126
2026-08-12 14:05:29,724.22,2026-08-12,718.0,6.4,6.57,6.57,730,351,0.2641,0.8971,0.03607,-0.265,0.0337
2026-08-12 14:05:29,724.22,2026-08-12,719.0,5.76,5.83,8,80,392,0.3045,0.8218,0.04552,-0.575,0.049
2026-08-12 14:05:29,724.22,2026-08-12,720.0,4.66,4.7,5.03,220,1518,0.2444,0.8235,0.0564,-0.46,0.0488
2026-08-12 14:05:29,724.22,2026-08-12,721.0,3.93,3.96,4.26,420,1317,0.2539,0.7528,0.06613,-0.725,0.0594
2026-08-12 14:05:29,724.22,2026-08-12,722.0,3.11,3.13,3.24,2240,2460,0.2375,0.6934,0.07859,-0.9,0.066
2026-08-12 14:05:29,724.22,2026-08-12,723.0,2.73,2.8,3.89,84,2517,0.2782,0.5952,0.07405,-1.545,0.0729
2026-08-12 14:05:29,724.22,2026-08-12,724.0,1.92,1.93,2.17,543,1736,0.2402,0.5225,0.08817,-1.705,0.0749
2026-08-12 14:05:29,724.22,2026-08-12,725.0,1.48,1.49,1.49,10293,4262,0.245,0.4359,0.08544,-1.485,0.0741
2026-08-12 14:05:29,724.22,2026-08-12,726.0,1.08,1.09,1.1,23163,971,0.2438,0.352,0.08094,-1.085,0.0698
2026-08-12 14:05:29,724.22,2026-08-12,727.0,1.46,1.47,2.07,30,1404,0.348,0.3386,0.05589,-1.465,0.0688
2026-08-12 14:05:29,724.22,2026-08-12,728.0,1.06,1.07,1.62,65,2306,0.3335,0.2765,0.05333,-1.065,0.0629
2026-08-12 14:05:29,724.22,2026-08-12,729.0,0.37,0.38,0.39,352,380,0.2474,0.1548,0.05116,-0.375,0.0448
2026-08-12 14:05:29,724.22,2026-08-12,730.0,0.22,0.23,0.27,15312,3893,0.2416,0.104,0.03974,-0.225,0.034
2026-08-12 14:05:29,724.22,2026-08-12,731.0,0.31,0.32,0.6,13,626,0.2978,0.1156,0.03478,-0.315,0.0366
2026-08-12 14:05:29,724.22,2026-08-12,732.0,0.12,0.13,0.17,91,558,0.2622,0.0592,0.0239,-0.125,0.0222
2026-08-12 14:05:29,724.22,2026-08-12,733.0,0.09,0.1,0.11,296,515,0.2727,0.0452,0.01853,-0.095,0.0179
2026-08-12 14:05:29,724.22,2026-08-12,734.0,0.02,0.07,0.08,203,440,0.2611,0.0244,0.01166,-0.045,0.0108
2026-08-12 14:05:29,724.22,2026-08-12,735.0,0.01,0.06,0.06,2008,4149,0.2726,0.0188,0.00895,-0.035,0.0086
2026-08-12 14:05:29,724.22,2026-08-12,736.0,0.06,0.07,0.04,1984,225,0.3236,0.0279,0.01053,-0.065,0.0121
2026-08-12 14:05:29,724.22,2026-08-12,737.0,0.03,0.04,0.05,3,750,0.3149,0.0165,0.00695,-0.035,0.0077
2026-08-12 14:05:29,724.22,2026-08-12,738.0,0.03,0.04,0.03,526,280,0.3357,0.0156,0.00621,-0.035,0.0074
2026-08-12 14:05:29,724.22,2026-08-12,739.0,0.01,0.04,0.03,143,4963,0.3405,0.0114,0.00466,-0.025,0.0056
2026-08-12 14:06:30,724.79,2026-08-12,710.0,14.13,14.73,9.15,344,1083,,,,,
2026-08-12 14:06:30,724.79,2026-08-12,711.0,12.69,13.42,8.09,83,110,,,,,
2026-08-12 14:06:30,724.79,2026-08-12,712.0,11.51,12.91,13.21,1,175,,,,,
2026-08-12 14:06:30,724.79,2026-08-12,713.0,10.51,11.95,11.39,28,141,,,,,
2026-08-12 14:06:30,724.79,2026-08-12,714.0,9.56,10.95,10.7,43,319,,,,,
2026-08-12 14:06:30,724.79,2026-08-12,715.0,10.7,11.1,12.04,6,1322,0.5828,0.8184,0.02409,-1.11,0.0496
2026-08-12 14:06:30,724.79,2026-08-12,716.0,8.32,8.4,9.79,2,571,,,,,
2026-08-12 14:06:30,724.79,2026-08-12,717.0,7.22,7.35,7.77,19,648,,,,,
2026-08-12 14:06:30,724.79,2026-08-12,718.0,6.91,7.13,6.72,731,351,0.2706,0.9113,0.03158,-0.23,0.0302
2026-08-12 14:06:30,724.79,2026-08-12,719.0,5.76,5.83,8,80,392,,,,,
2026-08-12 14:06:30,724.79,2026-08-12,720.0,4.66,4.7,5.03,220,1518,,,,,
2026-08-12 14:06:30,724.79,2026-08-12,721.0,3.93,3.96,4.26,420,1317,0.1566,0.9032,0.05821,-0.155,0.0322
2026-08-12 14:06:30,724.79,2026-08-12,722.0,3.58,3.64,3.43,2256,2460,0.2512,0.7257,0.07059,-0.82,0.0626
2026-08-12 14:06:30,724.79,2026-08-12,723.0,2.73,2.8,2.8,86,2517,0.2282,0.6648,0.08495,-0.975,0.0685
2026-08-12 14:06:30,724.79,2026-08-12,724.0,1.92,1.93,1.93,558,1736,0.1981,0.5873,0.10458,-1.135,0.0732
2026-08-12 14:06:30,724.79,2026-08-12,725.0,1.73,1.74,1.64,10497,4262,0.2437,0.4848,0.08701,-1.735,0.0749
2026-08-12 14:06:30,724.79,2026-08-12,726.0,1.21,1.22,1.31,24372,971,0.2326,0.3941,0.08802,-1.215,0.0723
2026-08-12 14:06:30,724.79,2026-08-12,727.0,1.46,1.47,1.46,35,1404,0.3199,0.3597,0.0622,-1.465,0.0703
2026-08-12 14:06:30,724.79,2026-08-12,728.0,1.06,1.07,1.06,67,2306,0.3086,0.293,0.0593,-1.065,0.0647
2026-08-12 14:06:30,724.79,2026-08-12,729.0,0.37,0.38,0.38,362,380,0.2278,0.1654,0.05806,-0.375,0.0467
2026-08-12 14:06:30,724.79,2026-08-12,730.0,0.3,0.31,0.29,15752,3893,0.2455,0.1319,0.04631,-0.305,0.0402
2026-08-12 14:06:30,724.79,2026-08-12,731.0,0.31,0.32,0.32,14,626,0.2801,0.1216,0.03836,-0.315,0.038
2026-08-12 14:06:30,724.79,2026-08-12,732.0,0.12,0.13,0.13,95,558,0.2472,0.0622,0.02638,-0.125,0.023
2026-08-12 14:06:30,724.79,2026-08-12,733.0,0.09,0.1,0.1,298,515,0.2586,0.0473,0.02029,-0.095,0.0185
2026-08-12 14:06:30,724.79,2026-08-12,734.0,0.02,0.07,0.08,203,440,0.2485,0.0255,0.01272,-0.045,0.0112
2026-08-12 14:06:30,724.79,2026-08-12,735.0,0.01,0.06,0.06,2023,4149,0.2605,0.0196,0.0097,-0.035,0.0089
2026-08-12 14:06:30,724.79,2026-08-12,736.0,0.06,0.07,0.04,1984,225,0.3108,0.029,0.01131,-0.065,0.0124
2026-08-12 14:06:30,724.79,2026-08-12,737.0,0.03,0.04,0.05,3,750,0.3031,0.0171,0.00744,-0.035,0.008
2026-08-12 14:06:30,724.79,2026-08-12,738.0,0.03,0.04,0.03,526,280,0.3241,0.0161,0.00661,-0.035,0.0076
2026-08-12 14:06:30,724.79,2026-08-12,739.0,0.01,0.04,0.03,143,4963,0.3294,0.0117,0.00495,-0.025,0.0058
2026-08-12 14:07:31,725.05,2026-08-12,711.0,12.69,13.42,8.09,83,110,,,,,
2026-08-12 14:07:31,725.05,2026-08-12,712.0,11.5,12.76,13.21,1,175,,,,,
2026-08-12 14:07:31,725.05,2026-08-12,713.0,10.59,12.36,11.39,28,141,,,,,
2026-08-12 14:07:31,725.05,2026-08-12,714.0,9.9,11.19,10.68,45,319,,,,,
2026-08-12 14:07:31,725.05,2026-08-12,715.0,10.7,11.1,12.04,6,1322,0.538,0.844,0.02369,-0.85,0.0449
2026-08-12 14:07:31,725.05,2026-08-12,716.0,8.32,8.4,9.79,2,571,,,,,
2026-08-12 14:07:31,725.05,2026-08-12,717.0,7.22,7.35,7.77,19,648,,,,,
2026-08-12 14:07:31,725.05,2026-08-12,718.0,7.11,7.25,7.02,734,351,0.2396,0.9432,0.02536,-0.13,0.0214
2026-08-12 14:07:31,725.05,2026-08-12,719.0,5.76,5.83,8,80,392,,,,,
2026-08-12 14:07:31,725.05,2026-08-12,720.0,4.66,4.7,5.03,220,1518,,,,,
2026-08-12 14:07:31,725.05,2026-08-12,721.0,3.93,3.96,3.96,422,1317,,,,,
2026-08-12 14:07:31,725.05,2026-08-12,722.0,3.84,3.88,3.87,2280,2460,0.2612,0.7359,0.06667,-0.81,0.0614
2026-08-12 14:07:31,725.05,2026-08-12,723.0,2.73,2.8,2.8,86,2517,0.2017,0.7089,0.09054,-0.715,0.0644
2026-08-12 14:07:31,725.05,2026-08-12,724.0,1.92,1.93,1.93,583,1736,0.1765,0.6277,0.11417,-0.875,0.071
2026-08-12 14:07:31,725.05,2026-08-12,725.0,1.68,1.69,1.69,10820,4262,0.2202,0.508,0.09647,-1.635,0.0749
2026-08-12 14:07:31,725.05,2026-08-12,726.0,1.4,1.42,1.4,25440,971,0.2451,0.4213,0.08499,-1.41,0.0734
2026-08-12 14:07:31,725.05,2026-08-12,727.0,1.46,1.47,1.46,35,1404,0.3069,0.3706,0.06555,-1.465,0.0709
2026-08-12 14:07:31,725.05,2026-08-12,728.0,1.06,1.07,1.06,67,2306,0.2971,0.3015,0.06246,-1.065,0.0654
2026-08-12 14:07:31,725.05,2026-08-12,729.0,0.37,0.38,0.38,362,380,0.2189,0.1709,0.06178,-0.375,0.0477
2026-08-12 14:07:31,725.05,2026-08-12,730.0,0.29,0.3,0.34,16869,3893,0.2348,0.1332,0.04881,-0.295,0.0404
2026-08-12 14:07:31,725.05,2026-08-12,731.0,0.31,0.32,0.32,14,626,0.2721,0.1246,0.04021,-0.315,0.0386
2026-08-12 14:07:31,725.05,2026-08-12,732.0,0.12,0.13,0.13,96,558,0.2405,0.0638,0.02766,-0.125,0.0235
2026-08-12 14:07:31,725.05,2026-08-12,733.0,0.09,0.1,0.1,298,515,0.2524,0.0484,0.02119,-0.095,0.0189
2026-08-12 14:07:31,725.05,2026-08-12,734.0,0.02,0.07,0.08,203,440,0.2429,0.026,0.01326,-0.045,0.0114
2026-08-12 14:07:31,725.05,2026-08-12,735.0,0.05,0.06,0.06,2268,4149,0.2742,0.0279,0.01246,-0.055,0.012
2026-08-12 14:07:31,725.05,2026-08-12,736.0,0.06,0.07,0.04,1984,225,0.3052,0.0294,0.01169,-0.065,0.0126
2026-08-12 14:07:31,725.05,2026-08-12,737.0,0.03,0.04,0.05,3,750,0.2979,0.0174,0.00768,-0.035,0.0081
2026-08-12 14:07:31,725.05,2026-08-12,738.0,0.03,0.04,0.03,527,280,0.319,0.0164,0.00681,-0.035,0.0077
2026-08-12 14:07:31,725.05,2026-08-12,739.0,0.03,0.04,0.03,155,4963,0.3398,0.0155,0.00609,-0.035,0.0073
2026-08-12 14:07:31,725.05,2026-08-12,740.0,0.03,0.04,0.02,1649,2717,0.3604,0.0147,0.00549,-0.035,0.007
2026-08-12 14:08:32,724.77,2026-08-12,710.0,14.13,14.73,9.15,344,1083,,,,,
2026-08-12 14:08:32,724.77,2026-08-12,711.0,12.69,13.42,8.09,83,110,,,,,
2026-08-12 14:08:32,724.77,2026-08-12,712.0,12.25,13.25,13.21,1,175,,,,,
2026-08-12 14:08:32,724.77,2026-08-12,713.0,10.8,13.2,11.39,28,141,0.414,0.9379,0.01577,-0.23,0.0229
2026-08-12 14:08:32,724.77,2026-08-12,714.0,10.76,10.83,10.68,45,319,0.216,0.9964,0.00266,-0.025,0.002
2026-08-12 14:08:32,724.77,2026-08-12,715.0,10.7,11.1,12.04,6,1322,0.5878,0.8166,0.0241,-1.13,0.0498
2026-08-12 14:08:32,724.77,2026-08-12,716.0,8.32,8.4,9.79,2,571,,,,,
2026-08-12 14:08:32,724.77,2026-08-12,717.0,7.22,7.35,7.77,19,648,,,,,
2026-08-12 14:08:32,724.77,2026-08-12,718.0,6.91,7.1,7.02,749,351,0.2725,0.9098,0.03185,-0.235,0.0305
2026-08-12 14:08:32,724.77,2026-08-12,719.0,5.76,5.83,8,80,392,0.1231,0.9942,0.0072,-0.025,0.0031
2026-08-12 14:08:32,724.77,2026-08-12,720.0,4.66,4.7,5.03,220,1518,,,,,
2026-08-12 14:08:32,724.77,2026-08-12,721.0,3.93,3.96,3.96,422,1317,0.1625,0.8944,0.05997,-0.175,0.0342
2026-08-12 14:08:32,724.77,2026-08-12,722.0,3.63,3.7,3.87,2280,2460,0.2629,0.716,0.06879,-0.895,0.0635
2026-08-12 14:08:32,724.77,2026-08-12,723.0,2.73,2.8,2.8,86,2517,0.2308,0.6618,0.08453,-0.995,0.0685
2026-08-12 14:08:32,724.77,2026-08-12,724.0,1.92,1.93,1.93,583,1736,0.2003,0.5845,0.1039,-1.155,0.0731
2026-08-12 14:08:32,724.77,2026-08-12,725.0,1.78,1.79,1.8,10939,4262,0.2524,0.4837,0.08425,-1.785,0.0747
2026-08-12 14:08:32,724.77,2026-08-12,726.0,1.31,1.33,1.33,26081,971,0.2489,0.3991,0.08277,-1.32,0.0724
2026-08-12 14:08:32,724.77,2026-08-12,727.0,1.46,1.47,1.46,35,1404,0.3219,0.3589,0.06195,-1.465,0.07
2026-08-12 14:08:32,724.77,2026-08-12,728.0,1.06,1.07,1.06,67,2306,0.3104,0.2924,0.05907,-1.065,0.0644
2026-08-12 14:08:32,724.77,2026-08-12,729.0,0.37,0.38,0.38,362,380,0.2292,0.165,0.05779,-0.375,0.0465
2026-08-12 14:08:32,724.77,2026-08-12,730.0,0.31,0.32,0.32,17666,3893,0.2493,0.134,0.04623,-0.315,0.0405
2026-08-12 14:08:32,724.77,2026-08-12,731.0,0.31,0.32,0.32,14,626,0.2815,0.1214,0.03822,-0.315,0.0378
2026-08-12 14:08:32,724.77,2026-08-12,732.0,0.12,0.13,0.13,96,558,0.2485,0.0621,0.02629,-0.125,0.0229
2026-08-12 14:08:32,724.77,2026-08-12,733.0,0.09,0.1,0.1,298,515,0.2599,0.0472,0.02023,-0.095,0.0185
2026-08-12 14:08:32,724.77,2026-08-12,734.0,0.02,0.07,0.08,203,440,0.2497,0.0254,0.01268,-0.045,0.0111
2026-08-12 14:08:32,724.77,2026-08-12,735.0,0.01,0.02,0.02,2272,4149,0.2328,0.0101,0.00619,-0.015,0.0051
2026-08-12 14:08:32,724.77,2026-08-12,736.0,0.06,0.07,0.04,1984,225,0.3122,0.0289,0.01128,-0.065,0.0124
2026-08-12 14:08:32,724.77,2026-08-12,737.0,0.03,0.04,0.05,3,750,0.3044,0.0171,0.00742,-0.035,0.0079
2026-08-12 14:08:32,724.77,2026-08-12,738.0,0.01,0.02,0.03,527,280,0.2911,0.0083,0.00415,-0.015,0.0042
2026-08-12 14:08:32,724.77,2026-08-12,739.0,0.03,0.04,0.03,192,4963,0.3462,0.0152,0.00591,-0.035,0.0072
2026-08-12 14:09:32,725.05,2026-08-12,711.0,12.69,13.42,8.09,83,110,,,,,
2026-08-12 14:09:32,725.05,2026-08-12,712.0,12.33,13.05,13.21,1,175,,,,,
2026-08-12 14:09:32,725.05,2026-08-12,713.0,10.74,12.54,11.39,28,141,,,,,
2026-08-12 14:09:32,725.05,2026-08-12,714.0,11.23,11.47,10.68,45,319,0.4218,0.9219,0.01848,-0.3,0.0273
2026-08-12 14:09:32,725.05,2026-08-12,715.0,10.7,11.1,12.04,6,1322,0.5395,0.844,0.02369,-0.85,0.0448
2026-08-12 14:09:32,725.05,2026-08-12,716.0,8.32,8.4,9.79,2,571,,,,,
2026-08-12 14:09:32,725.05,2026-08-12,717.0,7.83,8.27,7.77,19,648,,,,,
2026-08-12 14:09:32,725.05,2026-08-12,718.0,7.19,7.38,7.13,749,351,0.2812,0.912,0.03033,-0.235,0.0299
2026-08-12 14:09:32,725.05,2026-08-12,719.0,5.76,5.83,8,80,392,,,,,
2026-08-12 14:09:32,725.05,2026-08-12,720.0,4.66,4.7,5.03,220,1518,,,,,
2026-08-12 14:09:32,725.05,2026-08-12,721.0,4.53,4.58,3.96,422,1317,0.2483,0.811,0.0582,-0.505,0.0506
2026-08-12 14:09:32,725.05,2026-08-12,722.0,3.88,3.92,3.81,2298,2460,0.2685,0.731,0.06567,-0.85,0.0618
2026-08-12 14:09:32,725.05,2026-08-12,723.0,2.73,2.8,2.8,86,2517,0.2023,0.7089,0.09053,-0.715,0.0642
2026-08-12 14:09:32,725.05,2026-08-12,724.0,1.92,1.93,1.93,583,1736,0.177,0.6276,0.11416,-0.875,0.0708
2026-08-12 14:09:32,725.05,2026-08-12,725.0,1.78,1.8,1.8,11761,4262,0.2349,0.5076,0.0907,-1.74,0.0747
2026-08-12 14:09:32,725.05,2026-08-12,726.0,1.39,1.45,1.45,26729,971,0.2472,0.4217,0.08454,-1.42,0.0732
2026-08-12 14:09:32,725.05,2026-08-12,727.0,1.46,1.47,1.46,35,1404,0.3078,0.3706,0.06555,-1.465,0.0707
2026-08-12 14:09:32,725.05,2026-08-12,728.0,1.06,1.07,1.06,67,2306,0.298,0.3015,0.06246,-1.065,0.0652
2026-08-12 14:09:32,725.05,2026-08-12,729.0,0.37,0.38,0.38,362,380,0.2195,0.1709,0.06178,-0.375,0.0475
2026-08-12 14:09:32,725.05,2026-08-12,730.0,0.34,0.35,0.32,18248,3893,0.2475,0.1453,0.04925,-0.345,0.0427
2026-08-12 14:09:32,725.05,2026-08-12,731.0,0.31,0.32,0.32,14,626,0.2729,0.1246,0.0402,-0.315,0.0385
2026-08-12 14:09:32,725.05,2026-08-12,732.0,0.12,0.13,0.13,96,558,0.2412,0.0638,0.02766,-0.125,0.0234
2026-08-12 14:09:32,725.05,2026-08-12,733.0,0.09,0.1,0.1,298,515,0.2531,0.0484,0.02119,-0.095,0.0188
2026-08-12 14:09:32,725.05,2026-08-12,734.0,0.07,0.08,0.08,203,440,0.2661,0.0377,0.01649,-0.075,0.0154
2026-08-12 14:09:32,725.05,2026-08-12,735.0,0.05,0.06,0.05,2308,4149,0.275,0.0279,0.01245,-0.055,0.012
2026-08-12 14:09:32,725.05,2026-08-12,736.0,0.06,0.07,0.04,1984,225,0.3061,0.0294,0.01169,-0.065,0.0125
2026-08-12 14:09:32,725.05,2026-08-12,737.0,0.03,0.04,0.05,3,750,0.2988,0.0174,0.00768,-0.035,0.008
2026-08-12 14:09:32,725.05,2026-08-12,738.0,0.01,0.02,0.02,1735,280,0.286,0.0084,0.00429,-0.015,0.0043
2026-08-12 14:09:32,725.05,2026-08-12,739.0,0.03,0.04,0.03,192,4963,0.3408,0.0155,0.00609,-0.035,0.0073
2026-08-12 14:09:32,725.05,2026-08-12,740.0,0.03,0.04,0.02,1649,2717,0.3615,0.0147,0.00549,-0.035,0.007
2026-08-12 14:10:33,725.25,2026-08-12,711.0,12.69,13.42,8.09,83,110,,,,,
2026-08-12 14:10:33,725.25,2026-08-12,712.0,12.34,13.21,13.21,1,175,,,,,
2026-08-12 14:10:33,725.25,2026-08-12,713.0,10.76,12.29,11.39,28,141,,,,,
2026-08-12 14:10:33,725.25,2026-08-12,714.0,10.87,11.63,10.68,45,319,,,,,
2026-08-12 14:10:33,725.25,2026-08-12,715.0,10.7,11.1,12.04,6,1322,0.499,0.8677,0.02295,-0.645,0.04
2026-08-12 14:10:33,725.25,2026-08-12,716.0,8.32,8.4,9.79,2,571,,,,,
2026-08-12 14:10:33,725.25,2026-08-12,717.0,7.83,8.27,7.77,19,648,,,,,
2026-08-12 14:10:33,725.25,2026-08-12,718.0,7.31,7.52,7.2,753,351,0.2596,0.9345,0.02629,-0.16,0.0239
2026-08-12 14:10:33,725.25,2026-08-12,719.0,5.76,5.83,8,80,392,,,,,
2026-08-12 14:10:33,725.25,2026-08-12,720.0,4.66,4.7,5.03,220,1518,,,,,
2026-08-12 14:10:33,725.25,2026-08-12,721.0,4.53,4.58,3.96,422,1317,0.2116,0.8614,0.05587,-0.3,0.0413
2026-08-12 14:10:33,725.25,2026-08-12,722.0,3.9,3.94,3.78,2315,2460,0.2466,0.7627,0.06699,-0.665,0.0578
2026-08-12 14:10:33,725.25,2026-08-12,723.0,2.73,2.8,2.8,86,2517,0.1784,0.7535,0.09456,-0.51,0.059
2026-08-12 14:10:33,725.25,2026-08-12,724.0,1.92,1.93,1.93,583,1736,0.1582,0.6677,0.12277,-0.67,0.0679
2026-08-12 14:10:33,725.25,2026-08-12,725.0,1.83,1.89,1.84,12370,4262,0.2304,0.5267,0.09238,-1.605,0.0744
2026-08-12 14:10:33,725.25,2026-08-12,726.0,1.36,1.37,1.39,27526,971,0.2281,0.4338,0.09223,-1.365,0.0736
2026-08-12 14:10:33,725.25,2026-08-12,727.0,1.46,1.47,1.46,35,1404,0.2974,0.3799,0.06845,-1.465,0.0712
2026-08-12 14:10:33,725.25,2026-08-12,728.0,1.06,1.07,1.06,67,2306,0.2889,0.3087,0.06518,-1.065,0.0659
2026-08-12 14:10:33,725.25,2026-08-12,729.0,0.37,0.38,0.38,362,380,0.2124,0.1756,0.06503,-0.375,0.0483
2026-08-12 14:10:33,725.25,2026-08-12,730.0,0.29,0.3,0.3,18750,3893,0.229,0.1364,0.05106,-0.295,0.0409
2026-08-12 14:10:33,725.25,2026-08-12,731.0,0.31,0.32,0.32,14,626,0.2666,0.1271,0.04177,-0.315,0.039
2026-08-12 14:10:33,725.25,2026-08-12,732.0,0.12,0.13,0.13,96,558,0.236,0.065,0.02875,-0.125,0.0237
2026-08-12 14:10:33,725.25,2026-08-12,733.0,0.09,0.1,0.1,298,515,0.2482,0.0492,0.02195,-0.095,0.019
2026-08-12 14:10:33,725.25,2026-08-12,734.0,0.07,0.08,0.08,203,440,0.2614,0.0383,0.01703,-0.075,0.0156
2026-08-12 14:10:33,725.25,2026-08-12,735.0,0.01,0.02,0.05,2445,4149,0.2237,0.0105,0.00667,-0.015,0.0052
2026-08-12 14:10:33,725.25,2026-08-12,736.0,0.06,0.07,0.04,1984,225,0.3017,0.0299,0.01201,-0.065,0.0127
2026-08-12 14:10:33,725.25,2026-08-12,737.0,0.03,0.04,0.05,3,750,0.2948,0.0176,0.00788,-0.035,0.0081
2026-08-12 14:10:33,725.25,2026-08-12,738.0,0.03,0.04,0.03,1737,280,0.316,0.0166,0.00698,-0.035,0.0077
2026-08-12 14:10:33,725.25,2026-08-12,739.0,0.03,0.04,0.03,192,4963,0.3369,0.0156,0.00623,-0.035,0.0073
2026-08-12 14:10:33,725.25,2026-08-12,740.0,0.03,0.04,0.02,1649,2717,0.3576,0.0148,0.0056,-0.035,0.007
2026-08-12 14:11:34,725.67,2026-08-12,711.0,12.69,13.42,8.09,83,110,,,,,
2026-08-12 14:11:34,725.67,2026-08-12,712.0,12.15,13.6,13.21,1,175,,,,,
2026-08-12 14:11:34,725.67,2026-08-12,713.0,10.72,12.4,11.39,28,141,,,,,
2026-08-12 14:11:34,725.67,2026-08-12,714.0,11.15,11.58,10.68,45,319,,,,,
2026-08-12 14:11:34,725.67,2026-08-12,715.0,10.7,11.1,12.04,6,1322,0.3846,0.9337,0.01792,-0.23,0.0241
2026-08-12 14:11:34,725.67,2026-08-12,716.0,8.32,8.4,9.79,2,571,,,,,
2026-08-12 14:11:34,725.67,2026-08-12,717.0,7.83,8.27,7.77,19,648,,,,,
2026-08-12 14:11:34,725.67,2026-08-12,718.0,7.35,7.69,7.2,753,351,,,,,
2026-08-12 14:11:34,725.67,2026-08-12,719.0,5.76,5.83,8,80,392,,,,,
2026-08-12 14:11:34,725.67,2026-08-12,720.0,4.66,4.7,5.03,220,1518,,,,,
2026-08-12 14:11:34,725.67,2026-08-12,721.0,4.53,4.58,4.53,432,1317,,,,,
2026-08-12 14:11:34,725.67,2026-08-12,722.0,3.93,3.95,4.01,2319,2460,0.1847,0.8587,0.0649,-0.27,0.0418
2026-08-12 14:11:34,725.67,2026-08-12,723.0,2.73,2.8,2.8,86,2517,0.1044,0.9166,0.07859,-0.095,0.0287
2026-08-12 14:11:34,725.67,2026-08-12,724.0,1.92,1.93,1.93,583,1736,0.1096,0.7962,0.1383,-0.255,0.0529
2026-08-12 14:11:34,725.67,2026-08-12,725.0,1.98,1.99,1.98,12651,4262,0.2169,0.5688,0.09696,-1.315,0.0734
2026-08-12 14:11:34,725.67,2026-08-12,726.0,1.47,1.49,1.47,28419,971,0.2186,0.4709,0.0974,-1.48,0.0743
2026-08-12 14:11:34,725.67,2026-08-12,727.0,1.46,1.47,1.46,35,1404,0.2753,0.401,0.07517,-1.465,0.0722
2026-08-12 14:11:34,725.67,2026-08-12,728.0,1.06,1.07,1.06,67,2306,0.2695,0.3248,0.07145,-1.065,0.0672
2026-08-12 14:11:34,725.67,2026-08-12,729.0,0.37,0.38,0.38,362,380,0.1975,0.1861,0.07261,-0.375,0.0501
2026-08-12 14:11:34,725.67,2026-08-12,730.0,0.35,0.36,0.35,19086,3893,0.2291,0.1584,0.05648,-0.355,0.0452
2026-08-12 14:11:34,725.67,2026-08-12,731.0,0.31,0.32,0.32,14,626,0.2534,0.1326,0.0453,-0.315,0.0401
2026-08-12 14:11:34,725.67,2026-08-12,732.0,0.12,0.13,0.13,96,558,0.2249,0.0678,0.03118,-0.125,0.0245
2026-08-12 14:11:34,725.67,2026-08-12,733.0,0.09,0.1,0.1,298,515,0.2377,0.0511,0.02363,-0.095,0.0196
2026-08-12 14:11:34,725.67,2026-08-12,734.0,0.07,0.08,0.08,203,440,0.2516,0.0397,0.01821,-0.075,0.016
2026-08-12 14:11:34,725.67,2026-08-12,735.0,0.05,0.06,0.05,2446,4149,0.2612,0.0293,0.01366,-0.055,0.0125
2026-08-12 14:11:34,725.67,2026-08-12,736.0,0.06,0.07,0.04,1984,225,0.2923,0.0307,0.0127,-0.065,0.013
2026-08-12 14:11:34,725.67,2026-08-12,737.0,0.03,0.04,0.05,3,750,0.2862,0.0181,0.00831,-0.035,0.0083
2026-08-12 14:11:34,725.67,2026-08-12,738.0,0.01,0.02,0.02,1740,280,0.2746,0.0088,0.00463,-0.015,0.0044
2026-08-12 14:11:34,725.67,2026-08-12,739.0,0.01,0.04,0.03,192,4963,0.3136,0.0123,0.00546,-0.025,0.006
2026-08-12 14:11:34,725.67,2026-08-12,740.0,0.03,0.04,0.02,1649,2717,0.3494,0.0151,0.00585,-0.035,0.0071
2026-08-12 14:12:34,725.24,2026-08-12,711.0,13.42,14.79,8.09,83,110,,,,,
2026-08-12 14:12:34,725.24,2026-08-12,712.0,11.58,14.16,13.21,1,175,,,,,
2026-08-12 14:12:34,725.24,2026-08-12,713.0,10.64,13.77,11.39,28,141,,,,,
2026-08-12 14:12:34,725.24,2026-08-12,714.0,10.74,11.94,10.68,45,319,0.3313,0.9672,0.01186,-0.1,0.0137
2026-08-12 14:12:34,725.24,2026-08-12,715.0,10.7,11.1,12.04,6,1322,0.5037,0.8658,0.02302,-0.66,0.0403
2026-08-12 14:12:34,725.24,2026-08-12,716.0,8.32,8.4,9.79,2,571,,,,,
2026-08-12 14:12:34,725.24,2026-08-12,717.0,8.35,8.76,7.77,19,648,0.3444,0.9029,0.02675,-0.315,0.032
2026-08-12 14:12:34,725.24,2026-08-12,718.0,7.47,7.6,7.84,766,351,0.3073,0.8993,0.03079,-0.295,0.0329
2026-08-12 14:12:34,725.24,2026-08-12,719.0,5.76,5.83,8,80,392,,,,,
2026-08-12 14:12:34,725.24,2026-08-12,720.0,4.66,4.7,5.03,220,1518,,,,,
2026-08-12 14:12:34,725.24,2026-08-12,721.0,4.95,4.98,4.53,432,1317,0.2983,0.78,0.05324,-0.725,0.0552
2026-08-12 14:12:34,725.24,2026-08-12,722.0,4.09,4.12,4.27,2323,2460,0.2804,0.7352,0.06263,-0.865,0.061
2026-08-12 14:12:34,725.24,2026-08-12,723.0,2.73,2.8,2.8,86,2517,0.1808,0.7498,0.0943,-0.525,0.0593
2026-08-12 14:12:34,725.24,2026-08-12,724.0,2.63,2.66,1.93,583,1736,0.2624,0.603,0.0788,-1.405,0.0719
2026-08-12 14:12:34,725.24,2026-08-12,725.0,1.98,1.99,2.02,13292,4262,0.249,0.5237,0.08578,-1.745,0.0743
2026-08-12 14:12:34,725.24,2026-08-12,726.0,1.47,1.52,1.53,28998,971,0.2474,0.4376,0.08543,-1.495,0.0735
2026-08-12 14:12:34,725.24,2026-08-12,727.0,1.46,1.47,1.46,35,1404,0.2991,0.3792,0.06823,-1.465,0.0709
2026-08-12 14:12:34,725.24,2026-08-12,728.0,1.06,1.07,1.06,67,2306,0.2904,0.3081,0.06497,-1.065,0.0656
2026-08-12 14:12:34,725.24,2026-08-12,729.0,0.37,0.38,0.38,362,380,0.2136,0.1752,0.06478,-0.375,0.0481
2026-08-12 14:12:34,725.24,2026-08-12,730.0,0.34,0.35,0.35,19588,3893,0.2421,0.1484,0.05128,-0.345,0.0432
2026-08-12 14:12:34,725.24,2026-08-12,731.0,0.31,0.32,0.32,14,626,0.2679,0.1269,0.04166,-0.315,0.0388
2026-08-12 14:12:34,725.24,2026-08-12,732.0,0.12,0.13,0.13,96,558,0.2371,0.0649,0.02867,-0.125,0.0236
2026-08-12 14:12:34,725.24,2026-08-12,733.0,0.09,0.1,0.1,298,515,0.2493,0.0492,0.02189,-0.095,0.019
2026-08-12 14:12:34,725.24,2026-08-12,734.0,0.03,0.08,0.08,203,440,0.2485,0.0306,0.01494,-0.055,0.0129
2026-08-12 14:12:34,725.24,2026-08-12,735.0,0.05,0.06,0.05,2453,4149,0.2717,0.0283,0.0128,-0.055,0.0121
2026-08-12 14:12:34,725.24,2026-08-12,736.0,0.06,0.07,0.04,1984,225,0.3029,0.0298,0.01199,-0.065,0.0126
2026-08-12 14:12:34,725.24,2026-08-12,737.0,0.03,0.04,0.05,3,750,0.296,0.0176,0.00787,-0.035,0.0081
2026-08-12 14:12:34,725.24,2026-08-12,738.0,0.03,0.04,0.02,1740,280,0.3172,0.0165,0.00696,-0.035,0.0077
2026-08-12 14:12:34,725.24,2026-08-12,739.0,0.01,0.04,0.03,192,4963,0.323,0.012,0.0052,-0.025,0.0058
2026-08-12 14:12:34,725.24,2026-08-12,740.0,0.03,0.04,0.02,1649,2717,0.359,0.0148,0.0056,-0.035,0.007
2026-08-12 14:13:35,724.83,2026-08-12,710.0,14.13,14.73,9.15,344,1083,,,,,
2026-08-12 14:13:35,724.83,2026-08-12,711.0,13.63,14.95,8.09,83,110,0.565,0.9094,0.01553,-0.465,0.0304
2026-08-12 14:13:35,724.83,2026-08-12,712.0,11.63,14.34,13.21,1,175,0.4106,0.9556,0.01228,-0.16,0.0175
2026-08-12 14:13:35,724.83,2026-08-12,713.0,11.74,13.53,11.39,28,141,0.596,0.8609,0.01998,-0.81,0.0412
2026-08-12 14:13:35,724.83,2026-08-12,714.0,10.8,11.98,10.68,45,319,0.4997,0.8813,0.02135,-0.565,0.0369
2026-08-12 14:13:35,724.83,2026-08-12,715.0,10.7,11.1,12.04,6,1322,0.5829,0.8216,0.02406,-1.075,0.0486
2026-08-12 14:13:35,724.83,2026-08-12,716.0,9.08,9.96,9.79,2,571,0.4642,0.85,0.027,-0.695,0.0434
2026-08-12 14:13:35,724.83,2026-08-12,717.0,8.17,8.5,7.77,19,648,0.3854,0.8654,0.03022,-0.51,0.0403
2026-08-12 14:13:35,724.83,2026-08-12,718.0,7.18,7.38,7.84,766,351,0.3379,0.8639,0.03472,-0.455,0.0406
2026-08-12 14:13:35,724.83,2026-08-12,719.0,6.4,6.56,8,80,392,0.3469,0.8196,0.04071,-0.655,0.0489
2026-08-12 14:13:35,724.83,2026-08-12,720.0,5.47,5.65,5.03,220,1518,0.3241,0.7911,0.04764,-0.735,0.0535
2026-08-12 14:13:35,724.83,2026-08-12,721.0,4.72,4.78,4.53,432,1317,0.3163,0.7451,0.05454,-0.925,0.0597
2026-08-12 14:13:35,724.83,2026-08-12,722.0,3.71,3.74,3.76,2384,2460,0.2681,0.7173,0.06778,-0.9,0.0629
2026-08-12 14:13:35,724.83,2026-08-12,723.0,2.73,2.8,2.8,86,2517,0.2271,0.6701,0.08568,-0.94,0.0674
2026-08-12 14:13:35,724.83,2026-08-12,724.0,2.52,2.63,1.93,583,1736,0.2865,0.5645,0.07385,-1.75,0.0733
2026-08-12 14:13:35,724.83,2026-08-12,725.0,1.75,1.78,1.99,13653,4262,0.248,0.4879,0.08641,-1.765,0.0742
2026-08-12 14:13:35,724.83,2026-08-12,726.0,1.24,1.26,1.26,29879,971,0.2379,0.3984,0.08718,-1.25,0.0718
2026-08-12 14:13:35,724.83,2026-08-12,727.0,1.46,1.47,1.46,35,1404,0.3214,0.3611,0.06262,-1.465,0.0697
2026-08-12 14:13:35,724.83,2026-08-12,728.0,1.06,1.07,1.06,67,2306,0.3101,0.2941,0.0597,-1.065,0.0641
2026-08-12 14:13:35,724.83,2026-08-12,729.0,0.49,0.5,0.38,362,380,0.2536,0.1909,0.05767,-0.495,0.0506
2026-08-12 14:13:35,724.83,2026-08-12,730.0,0.28,0.29,0.29,19737,3893,0.2417,0.1274,0.04638,-0.285,0.0388
2026-08-12 14:13:35,724.83,2026-08-12,731.0,0.31,0.32,0.32,14,626,0.2818,0.122,0.03859,-0.315,0.0377
2026-08-12 14:13:35,724.83,2026-08-12,732.0,0.1,0.15,0.13,96,558,0.2488,0.0624,0.02654,-0.125,0.0229
2026-08-12 14:13:35,724.83,2026-08-12,733.0,0.1,0.11,0.1,298,515,0.2657,0.0508,0.02114,-0.105,0.0194
2026-08-12 14:13:35,724.83,2026-08-12,734.0,0.06,0.07,0.08,203,440,0.2663,0.0334,0.01502,-0.065,0.0138
2026-08-12 14:13:35,724.83,2026-08-12,735.0,0.05,0.06,0.05,2455,4149,0.2818,0.0275,0.01206,-0.055,0.0118
2026-08-12 14:13:35,724.83,2026-08-12,736.0,0.06,0.07,0.04,1984,225,0.3132,0.029,0.01136,-0.065,0.0123
2026-08-12 14:13:35,724.83,2026-08-12,737.0,0.03,0.04,0.05,3,750,0.3054,0.0171,0.00747,-0.035,0.0079
2026-08-12 14:13:35,724.83,2026-08-12,738.0,0.01,0.02,0.02,1740,280,0.2921,0.0083,0.00417,-0.015,0.0042
2026-08-12 14:13:35,724.83,2026-08-12,739.0,0.01,0.04,0.03,192,4963,0.332,0.0118,0.00497,-0.025,0.0057
2026-08-12 14:14:35,725.12,2026-08-12,711.0,13.39,14.63,8.09,83,110,,,,,
2026-08-12 14:14:35,725.12,2026-08-12,712.0,11.67,13.93,13.21,1,175,,,,,
2026-08-12 14:14:35,725.12,2026-08-12,713.0,11.38,13.28,11.39,28,141,0.4159,0.944,0.01459,-0.205,0.021
2026-08-12 14:14:35,725.12,2026-08-12,714.0,10.63,11.29,10.68,45,319,,,,,
2026-08-12 14:14:35,725.12,2026-08-12,715.0,9.34,10.15,12.04,6,1322,,,,,
2026-08-12 14:14:35,725.12,2026-08-12,716.0,8.71,9.97,9.79,2,571,0.3367,0.9299,0.02148,-0.215,0.025
2026-08-12 14:14:35,725.12,2026-08-12,717.0,7.88,8.039,7.77,19,648,,,,,
2026-08-12 14:14:35,725.12,2026-08-12,718.0,7.03,7.12,7.06,768,351,,,,,
2026-08-12 14:14:35,725.12,2026-08-12,719.0,6.09,6.3,8,80,392,0.1851,0.9638,0.02311,-0.07,0.0148
2026-08-12 14:14:35,725.12,2026-08-12,720.0,5.28,5.31,5.03,220,1518,0.2037,0.9141,0.04142,-0.17,0.0291
2026-08-12 14:14:35,725.12,2026-08-12,721.0,4.37,4.53,4.38,437,1317,0.2144,0.8522,0.05793,-0.325,0.0429
2026-08-12 14:14:35,725.12,2026-08-12,722.0,3.74,3.77,3.57,2401,2460,0.2366,0.7641,0.07,-0.63,0.0572
2026-08-12 14:14:35,725.12,2026-08-12,723.0,2.92,2.98,2.8,86,2517,0.2244,0.6978,0.08364,-0.825,0.0648
2026-08-12 14:14:35,725.12,2026-08-12,724.0,2.32,2.33,2.55,709,1736,0.2282,0.6076,0.09061,-1.2,0.0714
2026-08-12 14:14:35,725.12,2026-08-12,725.0,1.69,1.7,1.74,14844,4262,0.2186,0.5154,0.09809,-1.57,0.0741
2026-08-12 14:14:35,725.12,2026-08-12,726.0,1.22,1.23,1.26,31196,971,0.2178,0.4176,0.09641,-1.225,0.0726
2026-08-12 14:14:35,725.12,2026-08-12,727.0,0.84,0.85,1.46,35,1404,0.2161,0.3234,0.08941,-0.845,0.0668
2026-08-12 14:14:35,725.12,2026-08-12,728.0,0.57,0.62,1.06,67,2306,0.2211,0.245,0.0765,-0.595,0.0584
2026-08-12 14:14:35,725.12,2026-08-12,729.0,0.36,0.41,0.5,475,380,0.2205,0.1749,0.06286,-0.385,0.0479
2026-08-12 14:14:35,725.12,2026-08-12,730.0,0.26,0.27,0.27,20003,3893,0.2271,0.1264,0.04916,-0.265,0.0386
2026-08-12 14:14:35,725.12,2026-08-12,731.0,0.17,0.18,0.32,14,626,0.2316,0.0882,0.03718,-0.175,0.0297
2026-08-12 14:14:35,725.12,2026-08-12,732.0,0.11,0.12,0.14,97,558,0.2365,0.0608,0.02736,-0.115,0.0224
2026-08-12 14:14:35,725.12,2026-08-12,733.0,0.04,0.05,0.1,300,515,0.2206,0.0286,0.01594,-0.045,0.0121
2026-08-12 14:14:35,725.12,2026-08-12,734.0,0.06,0.07,0.07,205,440,0.2594,0.0342,0.01574,-0.065,0.0141
2026-08-12 14:14:35,725.12,2026-08-12,735.0,0.01,0.02,0.05,2478,4149,0.2276,0.0104,0.00654,-0.015,0.0051
2026-08-12 14:14:35,725.12,2026-08-12,736.0,0.01,0.04,0.04,1984,225,0.2648,0.0144,0.00744,-0.025,0.0068
2026-08-12 14:14:35,725.12,2026-08-12,737.0,0.03,0.04,0.05,3,750,0.2994,0.0175,0.00775,-0.035,0.008
2026-08-12 14:14:35,725.12,2026-08-12,738.0,0.03,0.04,0.02,1740,280,0.3206,0.0164,0.00687,-0.035,0.0076
2026-08-12 14:14:35,725.12,2026-08-12,739.0,0.01,0.02,0.03,193,4963,0.3059,0.008,0.00385,-0.015,0.0041
2026-08-12 14:14:35,725.12,2026-08-12,740.0,0.03,0.04,0.02,1649,2717,0.3625,0.0147,0.00553,-0.035,0.0069
2026-08-12 14:15:36,724.76,2026-08-12,710.0,14.66,15.32,9.15,344,1083,0.5007,0.9467,0.01168,-0.23,0.0201
2026-08-12 14:15:36,724.76,2026-08-12,711.0,13.47,14.55,8.09,83,110,0.4828,0.9406,0.0132,-0.25,0.0219
2026-08-12 14:15:36,724.76,2026-08-12,712.0,11.7,13.92,13.21,1,175,0.3183,0.9857,0.00617,-0.05,0.0068
2026-08-12 14:15:36,724.76,2026-08-12,713.0,11.28,13.25,11.39,28,141,0.5146,0.8945,0.01912,-0.505,0.0339
2026-08-12 14:15:36,724.76,2026-08-12,714.0,10.34,10.65,10.68,45,319,,,,,
2026-08-12 14:15:36,724.76,2026-08-12,715.0,9.68,10.25,12.04,6,1322,0.3512,0.9352,0.01941,-0.205,0.0235
2026-08-12 14:15:36,724.76,2026-08-12,716.0,8.57,9.91,9.79,2,571,0.4103,0.8782,0.02656,-0.48,0.0375
2026-08-12 14:15:36,724.76,2026-08-12,717.0,7.69,7.79,7.77,19,648,,,,,
2026-08-12 14:15:36,724.76,2026-08-12,718.0,6.86,6.9,7.38,780,351,0.2301,0.945,0.02604,-0.12,0.0206
2026-08-12 14:15:36,724.76,2026-08-12,719.0,6.04,6.26,8,80,392,0.2866,0.8632,0.04119,-0.39,0.0406
2026-08-12 14:15:36,724.76,2026-08-12,720.0,5.24,5.38,5.03,220,1518,0.2865,0.8175,0.04979,-0.55,0.0491
2026-08-12 14:15:36,724.76,2026-08-12,721.0,4.22,4.26,4.5,451,1317,0.2346,0.8089,0.06257,-0.48,0.0505
2026-08-12 14:15:36,724.76,2026-08-12,722.0,3.47,3.5,3.5,2421,2460,0.2377,0.7372,0.07397,-0.725,0.0605
2026-08-12 14:15:36,724.76,2026-08-12,723.0,3.01,3.03,2.8,86,2517,0.2713,0.6397,0.07436,-1.26,0.0694
2026-08-12 14:15:36,724.76,2026-08-12,724.0,2.33,2.35,2.55,709,1736,0.2602,0.5656,0.08153,-1.58,0.073
2026-08-12 14:15:36,724.76,2026-08-12,725.0,1.57,1.59,1.59,15450,4262,0.228,0.4805,0.09421,-1.58,0.0739
2026-08-12 14:15:36,724.76,2026-08-12,726.0,1.09,1.15,1.15,32425,971,0.224,0.3858,0.09205,-1.12,0.071
2026-08-12 14:15:36,724.76,2026-08-12,727.0,0.86,0.92,1.46,35,1404,0.2407,0.311,0.0791,-0.89,0.0655
2026-08-12 14:15:36,724.76,2026-08-12,728.0,0.58,0.63,1.06,67,2306,0.2383,0.2347,0.06946,-0.605,0.057
2026-08-12 14:15:36,724.76,2026-08-12,729.0,0.41,0.42,0.5,475,380,0.2405,0.1736,0.05749,-0.415,0.0476
2026-08-12 14:15:36,724.76,2026-08-12,730.0,0.2,0.25,0.21,20690,3893,0.2283,0.1102,0.04448,-0.225,0.0349
2026-08-12 14:15:36,724.76,2026-08-12,731.0,0.18,0.19,0.32,14,626,0.2461,0.088,0.03498,-0.185,0.0296
2026-08-12 14:15:36,724.76,2026-08-12,732.0,0.08,0.09,0.14,97,558,0.2319,0.0477,0.02311,-0.085,0.0184
2026-08-12 14:15:36,724.76,2026-08-12,733.0,0.04,0.09,0.1,300,515,0.2446,0.0361,0.01747,-0.065,0.0147
2026-08-12 14:15:36,724.76,2026-08-12,734.0,0.06,0.07,0.07,206,440,0.2686,0.0333,0.01487,-0.065,0.0138
2026-08-12 14:15:36,724.76,2026-08-12,735.0,0.04,0.05,0.05,2501,4149,0.2751,0.0236,0.0109,-0.045,0.0103
2026-08-12 14:15:36,724.76,2026-08-12,736.0,0.03,0.04,0.04,1984,225,0.2863,0.0182,0.00841,-0.035,0.0083
2026-08-12 14:15:36,724.76,2026-08-12,737.0,0.01,0.04,0.05,3,750,0.2936,0.0132,0.00622,-0.025,0.0063
2026-08-12 14:15:36,724.76,2026-08-12,738.0,0.01,0.02,0.03,1814,280,0.2943,0.0083,0.00414,-0.015,0.0042
2026-08-12 14:15:36,724.76,2026-08-12,739.0,0,0.03,0.03,193,4963,0.3426,0.0135,0.00545,-0.03,0.0064
2026-08-12 14:16:37,724.86,2026-08-12,710.0,14.53,15.33,9.15,344,1083,0.3915,0.9811,0.00635,-0.07,0.0085
2026-08-12 14:16:37,724.86,2026-08-12,711.0,13.76,14.08,8.09,83,110,0.3568,0.9832,0.00631,-0.06,0.0077
2026-08-12 14:16:37,724.86,2026-08-12,712.0,11.64,13.46,13.21,1,175,,,,,
2026-08-12 14:16:37,724.86,2026-08-12,713.0,11.51,13.46,11.39,28,141,0.5524,0.8805,0.01949,-0.625,0.037
2026-08-12 14:16:37,724.86,2026-08-12,714.0,11.04,11.2,10.98,46,319,0.4056,0.9284,0.01818,-0.26,0.0253
2026-08-12 14:16:37,724.86,2026-08-12,715.0,9.68,10.25,12.04,6,1322,0.3027,0.9623,0.01465,-0.105,0.0152
2026-08-12 14:16:37,724.86,2026-08-12,716.0,8.47,9.88,9.79,2,571,0.3658,0.9071,0.02453,-0.315,0.0308
2026-08-12 14:16:37,724.86,2026-08-12,717.0,7.84,8.01,7.77,19,648,0.2243,0.9719,0.0155,-0.065,0.0119
2026-08-12 14:16:37,724.86,2026-08-12,718.0,7.16,7.17,6.99,780,351,0.3004,0.8936,0.03298,-0.305,0.034
2026-08-12 14:16:37,724.86,2026-08-12,719.0,5.85,5.96,8,80,392,0.1592,0.9775,0.01816,-0.045,0.0099
2026-08-12 14:16:37,724.86,2026-08-12,720.0,5.12,5.16,5.03,220,1518,0.2288,0.8766,0.04813,-0.28,0.0378
2026-08-12 14:16:37,724.86,2026-08-12,721.0,4.15,4.28,4.5,451,1317,0.2125,0.8391,0.06202,-0.355,0.0452
2026-08-12 14:16:37,724.86,2026-08-12,722.0,3.73,3.86,3.52,2426,2460,0.2765,0.7146,0.06632,-0.935,0.0629
2026-08-12 14:16:37,724.86,2026-08-12,723.0,2.68,2.72,2.8,86,2517,0.2148,0.6829,0.08951,-0.84,0.066
2026-08-12 14:16:37,724.86,2026-08-12,724.0,2.13,2.14,2.14,731,1736,0.2244,0.585,0.09376,-1.275,0.0722
2026-08-12 14:16:37,724.86,2026-08-12,725.0,1.72,1.74,1.74,15797,4262,0.242,0.4906,0.08894,-1.73,0.0739
2026-08-12 14:16:37,724.86,2026-08-12,726.0,1.3,1.31,1.31,32641,971,0.2447,0.4038,0.08543,-1.305,0.0718
2026-08-12 14:16:37,724.86,2026-08-12,727.0,0.86,0.92,1.46,35,1404,0.2363,0.3155,0.08119,-0.89,0.0659
2026-08-12 14:16:37,724.86,2026-08-12,728.0,0.58,0.63,1.06,67,2306,0.2345,0.2378,0.07119,-0.605,0.0573
2026-08-12 14:16:37,724.86,2026-08-12,729.0,0.32,0.33,0.5,475,380,0.2176,0.1548,0.05905,-0.325,0.0441
2026-08-12 14:16:37,724.86,2026-08-12,730.0,0.24,0.25,0.29,20883,3893,0.231,0.1172,0.04597,-0.245,0.0365
2026-08-12 14:16:37,724.86,2026-08-12,731.0,0.18,0.19,0.32,14,626,0.2435,0.0889,0.03566,-0.185,0.0298
2026-08-12 14:16:37,724.86,2026-08-12,732.0,0.07,0.08,0.14,97,558,0.224,0.0442,0.0225,-0.075,0.0173
2026-08-12 14:16:37,724.86,2026-08-12,733.0,0.07,0.08,0.1,300,515,0.249,0.0403,0.0188,-0.075,0.0161
2026-08-12 14:16:37,724.86,2026-08-12,734.0,0.06,0.07,0.06,262,440,0.2666,0.0335,0.0151,-0.065,0.0138
2026-08-12 14:16:37,724.86,2026-08-12,735.0,0.01,0.05,0.04,2506,4149,0.2568,0.0175,0.00908,-0.03,0.008
2026-08-12 14:16:37,724.86,2026-08-12,736.0,0.03,0.04,0.04,1984,225,0.2845,0.0183,0.00853,-0.035,0.0083
2026-08-12 14:16:37,724.86,2026-08-12,737.0,0.03,0.04,0.05,3,750,0.306,0.0172,0.0075,-0.035,0.0079
2026-08-12 14:16:37,724.86,2026-08-12,738.0,0.01,0.04,0.03,1819,280,0.3124,0.0125,0.00558,-0.025,0.006
2026-08-12 14:16:37,724.86,2026-08-12,739.0,0,0.01,0.03,193,4963,0.341,0.0136,0.0055,-0.03,0.0064
2026-08-12 14:17:37,724.71,2026-08-12,710.0,14.53,15.33,9.15,344,1083,0.4959,0.9483,0.01154,-0.22,0.0196
2026-08-12 14:17:37,724.71,2026-08-12,711.0,13.76,14.08,8.09,83,110,0.4637,0.9476,0.01248,-0.21,0.0198
2026-08-12 14:17:37,724.71,2026-08-12,712.0,11.74,13.54,13.21,1,175,,,,,
2026-08-12 14:17:37,724.71,2026-08-12,713.0,11.29,13.7,11.39,28,141,0.5895,0.8626,0.02015,-0.785,0.0406
2026-08-12 14:17:37,724.71,2026-08-12,714.0,10.91,11.24,10.98,46,319,0.4396,0.9091,0.02012,-0.365,0.0303
2026-08-12 14:17:37,724.71,2026-08-12,715.0,9.68,10.25,12.04,6,1322,0.3709,0.924,0.02084,-0.255,0.0264
2026-08-12 14:17:37,724.71,2026-08-12,716.0,8.47,9.88,9.79,2,571,0.4058,0.8801,0.02664,-0.465,0.037
2026-08-12 14:17:37,724.71,2026-08-12,717.0,7.78,8.06,7.85,20,648,0.2955,0.923,0.02642,-0.21,0.0267
2026-08-12 14:17:37,724.71,2026-08-12,718.0,7.17,7.35,7.16,784,351,0.3586,0.8471,0.03561,-0.55,0.0437
2026-08-12 14:17:37,724.71,2026-08-12,719.0,5.85,5.96,8,80,392,0.2308,0.9116,0.03754,-0.195,0.0296
2026-08-12 14:17:37,724.71,2026-08-12,720.0,5.12,5.16,5.03,220,1518,0.2601,0.8389,0.05081,-0.43,0.0452
2026-08-12 14:17:37,724.71,2026-08-12,721.0,4.4,4.44,4.48,462,1317,0.2763,0.7689,0.05957,-0.71,0.0563
2026-08-12 14:17:37,724.71,2026-08-12,722.0,3.67,3.73,3.71,2459,2460,0.2787,0.7034,0.0671,-0.99,0.064
2026-08-12 14:17:37,724.71,2026-08-12,723.0,2.68,2.72,2.8,86,2517,0.2302,0.659,0.08616,-0.99,0.0678
2026-08-12 14:17:37,724.71,2026-08-12,724.0,2.13,2.14,2.14,784,1736,0.2367,0.5675,0.08982,-1.425,0.0727
2026-08-12 14:17:37,724.71,2026-08-12,725.0,1.72,1.73,1.72,16545,4262,0.2516,0.4782,0.08561,-1.725,0.0737
2026-08-12 14:17:37,724.71,2026-08-12,726.0,1.24,1.25,1.27,33258,971,0.245,0.391,0.08473,-1.245,0.071
2026-08-12 14:17:37,724.71,2026-08-12,727.0,0.86,0.92,1.46,35,1404,0.2438,0.3088,0.07809,-0.89,0.0651
2026-08-12 14:17:37,724.71,2026-08-12,728.0,0.58,0.63,1.06,67,2306,0.2411,0.2331,0.06862,-0.605,0.0566
2026-08-12 14:17:37,724.71,2026-08-12,729.0,0.32,0.33,0.5,475,380,0.2232,0.1519,0.05695,-0.325,0.0435
2026-08-12 14:17:37,724.71,2026-08-12,730.0,0.21,0.22,0.26,20996,3893,0.2276,0.1067,0.0437,-0.215,0.034
2026-08-12 14:17:37,724.71,2026-08-12,731.0,0.18,0.19,0.32,14,626,0.2483,0.0876,0.03464,-0.185,0.0294
2026-08-12 14:17:37,724.71,2026-08-12,732.0,0.07,0.08,0.14,97,558,0.2282,0.0436,0.02187,-0.075,0.0171
2026-08-12 14:17:37,724.71,2026-08-12,733.0,0.07,0.08,0.1,300,515,0.2531,0.0398,0.01833,-0.075,0.0159
2026-08-12 14:17:37,724.71,2026-08-12,734.0,0.06,0.07,0.05,263,440,0.2706,0.0331,0.01476,-0.065,0.0137
2026-08-12 14:17:37,724.71,2026-08-12,735.0,0.01,0.02,0.02,2507,4149,0.2371,0.0101,0.00613,-0.015,0.005
2026-08-12 14:17:37,724.71,2026-08-12,736.0,0.03,0.04,0.04,1984,225,0.2883,0.0181,0.00836,-0.035,0.0082
2026-08-12 14:17:37,724.71,2026-08-12,737.0,0.03,0.04,0.05,3,750,0.3097,0.017,0.00736,-0.035,0.0078
2026-08-12 14:17:37,724.71,2026-08-12,738.0,0.03,0.04,0.03,1819,280,0.331,0.016,0.00655,-0.035,0.0074
2026-08-12 14:17:37,724.71,2026-08-12,739.0,0,0.03,0.03,193,4963,0.3447,0.0135,0.00542,-0.03,0.0064
2026-08-12 14:18:37,725.16,2026-08-12,711.0,13.43,14.39,8.09,83,110,,,,,
2026-08-12 14:18:37,725.16,2026-08-12,712.0,11.29,13.74,13.21,1,175,,,,,
2026-08-12 14:18:37,725.16,2026-08-12,713.0,11.27,13.95,11.49,30,141,0.511,0.9045,0.01796,-0.445,0.0313
2026-08-12 14:18:37,725.16,2026-08-12,714.0,10.39,11.21,10.5,47,319,,,,,
2026-08-12 14:18:37,725.16,2026-08-12,715.0,9.84,10.29,12.04,6,1322,,,,,
2026-08-12 14:18:37,725.16,2026-08-12,716.0,8.57,9.38,9.79,2,571,,,,,
2026-08-12 14:18:37,725.16,2026-08-12,717.0,8.01,8.5,7.85,20,648,0.2509,0.9624,0.01769,-0.09,0.0152
2026-08-12 14:18:37,725.16,2026-08-12,718.0,7.07,7.39,7.16,784,351,0.2082,0.9699,0.01773,-0.065,0.0126
2026-08-12 14:18:37,725.16,2026-08-12,719.0,6.3,6.59,8,80,392,0.2717,0.8926,0.03681,-0.28,0.0342
2026-08-12 14:18:37,725.16,2026-08-12,720.0,5.39,5.5,5.49,231,1518,0.2395,0.8808,0.04499,-0.28,0.0368
2026-08-12 14:18:37,725.16,2026-08-12,721.0,4.55,4.63,4.48,462,1317,0.2394,0.8294,0.05733,-0.425,0.0469
2026-08-12 14:18:37,725.16,2026-08-12,722.0,3.81,3.84,3.79,2482,2460,0.245,0.7606,0.06857,-0.66,0.0574
2026-08-12 14:18:37,725.16,2026-08-12,723.0,3.08,3.1,3.08,146,2517,0.243,0.6881,0.07876,-0.925,0.0654
2026-08-12 14:18:37,725.16,2026-08-12,724.0,2.33,2.4,2.34,865,1736,0.2318,0.6102,0.08956,-1.2,0.0709
2026-08-12 14:18:37,725.16,2026-08-12,725.0,1.74,1.75,1.8,16892,4262,0.2239,0.519,0.09629,-1.58,0.0736
2026-08-12 14:18:37,725.16,2026-08-12,726.0,1.29,1.3,1.27,33992,971,0.2265,0.424,0.09357,-1.295,0.0724
2026-08-12 14:18:37,725.16,2026-08-12,727.0,0.91,0.92,1.46,35,1404,0.2259,0.3331,0.08707,-0.915,0.0672
2026-08-12 14:18:37,725.16,2026-08-12,728.0,0.58,0.59,1.06,67,2306,0.219,0.2447,0.07763,-0.585,0.0581
2026-08-12 14:18:37,725.16,2026-08-12,729.0,0.41,0.42,0.43,476,380,0.2266,0.1825,0.06322,-0.415,0.0489
2026-08-12 14:18:37,725.16,2026-08-12,730.0,0.23,0.24,0.24,22422,3893,0.2191,0.1185,0.04898,-0.235,0.0367
2026-08-12 14:18:37,725.16,2026-08-12,731.0,0.13,0.14,0.32,14,626,0.2174,0.0751,0.03528,-0.135,0.0262
2026-08-12 14:18:37,725.16,2026-08-12,732.0,0.11,0.12,0.14,97,558,0.2368,0.061,0.02756,-0.115,0.0223
2026-08-12 14:18:37,725.16,2026-08-12,733.0,0.03,0.08,0.1,300,515,0.2287,0.0332,0.0175,-0.055,0.0137
2026-08-12 14:18:37,725.16,2026-08-12,734.0,0.01,0.02,0.02,264,440,0.2079,0.0114,0.00776,-0.015,0.0055
2026-08-12 14:18:37,725.16,2026-08-12,735.0,0.01,0.05,0.02,2507,4149,0.2509,0.0179,0.0095,-0.03,0.0081
2026-08-12 14:18:37,725.16,2026-08-12,736.0,0.03,0.04,0.04,1984,225,0.2786,0.0187,0.00889,-0.035,0.0085
2026-08-12 14:18:37,725.16,2026-08-12,737.0,0.01,0.02,0.05,3,750,0.2679,0.0091,0.00493,-0.015,0.0045
2026-08-12 14:18:37,725.16,2026-08-12,738.0,0.03,0.04,0.03,1819,280,0.3216,0.0165,0.0069,-0.035,0.0076
2026-08-12 14:18:37,725.16,2026-08-12,739.0,0,0.03,0.01,233,4963,0.2928,0.0058,0.00304,-0.01,0.003
2026-08-12 14:18:37,725.16,2026-08-12,740.0,0,0.03,0.02,1649,2717,0.3378,0.0095,0.00409,-0.02,0.0047
2026-08-12 14:19:38,724.91,2026-08-12,710.0,14.76,15.23,9.15,344,1083,0.4058,0.9784,0.00691,-0.08,0.0095
2026-08-12 14:19:38,724.91,2026-08-12,711.0,13.33,14.52,8.09,83,110,,,,,
2026-08-12 14:19:38,724.91,2026-08-12,712.0,11.21,13.48,13.21,1,175,,,,,
2026-08-12 14:19:38,724.91,2026-08-12,713.0,11.32,13.6,11.49,30,141,0.5343,0.8902,0.01905,-0.545,0.0346
2026-08-12 14:19:38,724.91,2026-08-12,714.0,10.79,11.18,10.5,47,319,0.3023,0.9761,0.01008,-0.07,0.0104
2026-08-12 14:19:38,724.91,2026-08-12,715.0,9.91,10.48,12.04,6,1322,0.3873,0.92,0.02081,-0.28,0.0274
2026-08-12 14:19:38,724.91,2026-08-12,716.0,8.43,9.46,9.79,2,571,0.2029,0.9919,0.00592,-0.03,0.0041
2026-08-12 14:19:38,724.91,2026-08-12,717.0,8.17,8.41,7.85,20,648,0.3559,0.8887,0.02888,-0.375,0.035
2026-08-12 14:19:38,724.91,2026-08-12,718.0,7.14,7.45,7.16,784,351,0.3246,0.8786,0.03369,-0.38,0.0372
2026-08-12 14:19:38,724.91,2026-08-12,719.0,6.34,6.5,8,80,392,0.3209,0.8439,0.04043,-0.505,0.0442
2026-08-12 14:19:38,724.91,2026-08-12,720.0,5.4,5.52,5.45,231,1518,0.293,0.8212,0.04835,-0.545,0.0482
2026-08-12 14:19:38,724.91,2026-08-12,721.0,4.52,4.55,4.48,463,1317,0.269,0.7877,0.05845,-0.62,0.0535
2026-08-12 14:19:38,724.91,2026-08-12,722.0,3.78,3.89,3.88,2489,2460,0.2778,0.7182,0.06589,-0.92,0.0623
2026-08-12 14:19:38,724.91,2026-08-12,723.0,2.96,3.07,3.08,146,2517,0.2574,0.6596,0.07719,-1.1,0.0676
2026-08-12 14:19:38,724.91,2026-08-12,724.0,2.27,2.31,2.34,868,1736,0.2425,0.584,0.08719,-1.375,0.072
2026-08-12 14:19:38,724.91,2026-08-12,725.0,1.81,1.83,1.81,17331,4262,0.2517,0.4957,0.08593,-1.82,0.0736
2026-08-12 14:19:38,724.91,2026-08-12,726.0,1.29,1.3,1.29,34499,971,0.2413,0.4067,0.08718,-1.295,0.0716
2026-08-12 14:19:38,724.91,2026-08-12,727.0,0.88,0.9,1.46,35,1404,0.2347,0.318,0.08238,-0.89,0.0658
2026-08-12 14:19:38,724.91,2026-08-12,728.0,0.61,0.62,1.06,67,2306,0.235,0.2412,0.0719,-0.615,0.0575
2026-08-12 14:19:38,724.91,2026-08-12,729.0,0.37,0.42,0.4,478,380,0.232,0.1725,0.05969,-0.395,0.0471
2026-08-12 14:19:38,724.91,2026-08-12,730.0,0.28,0.29,0.25,22818,3893,0.2409,0.1287,0.04727,-0.285,0.0387
2026-08-12 14:19:38,724.91,2026-08-12,731.0,0.13,0.18,0.32,14,626,0.2325,0.0799,0.03465,-0.155,0.0274
2026-08-12 14:19:38,724.91,2026-08-12,732.0,0.11,0.12,0.14,97,558,0.244,0.0595,0.0263,-0.115,0.0218
2026-08-12 14:19:38,724.91,2026-08-12,733.0,0.07,0.08,0.07,306,515,0.2487,0.0405,0.01898,-0.075,0.0161
2026-08-12 14:19:38,724.91,2026-08-12,734.0,0.05,0.06,0.02,264,440,0.2589,0.0298,0.01418,-0.055,0.0125
2026-08-12 14:19:38,724.91,2026-08-12,735.0,0.04,0.05,0.02,2508,4149,0.2731,0.0238,0.01115,-0.045,0.0104
2026-08-12 14:19:38,724.91,2026-08-12,736.0,0.03,0.04,0.04,1984,225,0.2846,0.0184,0.00859,-0.035,0.0083
2026-08-12 14:19:38,724.91,2026-08-12,737.0,0.01,0.04,0.05,3,750,0.292,0.0133,0.00634,-0.025,0.0063
2026-08-12 14:19:38,724.91,2026-08-12,738.0,0.01,0.04,0.03,1819,280,0.3127,0.0125,0.00562,-0.025,0.006
2026-08-12 14:19:38,724.91,2026-08-12,739.0,0,0.03,0.01,233,4963,0.298,0.0057,0.00295,-0.01,0.003
2026-08-12 14:20:38,724.07,2026-08-12,710.0,14.76,15.23,9.15,344,1083,0.7107,0.8636,0.01672,-0.93,0.0402
2026-08-12 14:20:38,724.07,2026-08-12,711.0,13.02,14.09,8.09,83,110,0.5559,0.9029,0.0168,-0.49,0.0316
2026-08-12 14:20:38,724.07,2026-08-12,712.0,11.07,13.61,12.2,2,175,0.4495,0.9305,0.01615,-0.275,0.0246
2026-08-12 14:20:38,724.07,2026-08-12,713.0,11.4,12.44,11.49,32,141,0.5868,0.8513,0.02147,-0.855,0.0426
2026-08-12 14:20:38,724.07,2026-08-12,714.0,10.49,11.51,10.5,47,319,0.5687,0.8359,0.02364,-0.935,0.0455
2026-08-12 14:20:38,724.07,2026-08-12,715.0,9.91,10.48,12.04,6,1322,0.5717,0.8096,0.02583,-1.13,0.05
2026-08-12 14:20:38,724.07,2026-08-12,716.0,8.43,9.46,9.79,2,571,0.4823,0.8218,0.02938,-0.88,0.048
2026-08-12 14:20:38,724.07,2026-08-12,717.0,7.33,7.77,7.85,20,648,0.3575,0.8615,0.0336,-0.485,0.0407
2026-08-12 14:20:38,724.07,2026-08-12,718.0,6.58,6.77,7.16,784,351,0.3504,0.8295,0.03932,-0.61,0.0466
2026-08-12 14:20:38,724.07,2026-08-12,719.0,6.34,6.5,8,80,392,0.4467,0.7345,0.03989,-1.355,0.0603
2026-08-12 14:20:38,724.07,2026-08-12,720.0,5.4,5.52,5.4,272,1518,0.4076,0.7093,0.0457,-1.395,0.063
2026-08-12 14:20:38,724.07,2026-08-12,721.0,4.019,4.059,4.52,463,1317,0.2941,0.7174,0.06249,-0.974,0.0622
2026-08-12 14:20:38,724.07,2026-08-12,722.0,3.24,3.28,3.24,2501,2460,0.2798,0.6588,0.07126,-1.195,0.0675
2026-08-12 14:20:38,724.07,2026-08-12,723.0,2.96,3.07,3.08,146,2517,0.3319,0.5722,0.06426,-1.95,0.0722
2026-08-12 14:20:38,724.07,2026-08-12,724.0,1.91,1.93,2.27,914,1736,0.2558,0.5085,0.08476,-1.855,0.0734
2026-08-12 14:20:38,724.07,2026-08-12,725.0,1.46,1.47,1.47,17527,4262,0.257,0.4246,0.08287,-1.465,0.0721
2026-08-12 14:20:38,724.07,2026-08-12,726.0,0.99,1,1,35402,971,0.2438,0.3361,0.08131,-0.995,0.0671
2026-08-12 14:20:38,724.07,2026-08-12,727.0,0.88,0.9,1.46,35,1404,0.2749,0.2838,0.06698,-0.89,0.0623
2026-08-12 14:20:38,724.07,2026-08-12,728.0,0.61,0.62,1.06,67,2306,0.2702,0.2172,0.05911,-0.615,0.0541
2026-08-12 14:20:38,724.07,2026-08-12,729.0,0.37,0.42,0.37,484,380,0.263,0.1565,0.04956,-0.395,0.0441
2026-08-12 14:20:38,724.07,2026-08-12,730.0,0.17,0.18,0.22,23176,3893,0.2357,0.0877,0.03672,-0.175,0.0293
2026-08-12 14:20:38,724.07,2026-08-12,731.0,0.13,0.18,0.32,14,626,0.2574,0.0735,0.02944,-0.155,0.0257
2026-08-12 14:20:38,724.07,2026-08-12,732.0,0.11,0.12,0.11,159,558,0.2674,0.0552,0.02267,-0.115,0.0205
2026-08-12 14:20:38,724.07,2026-08-12,733.0,0.07,0.08,0.08,317,515,0.2704,0.0378,0.01652,-0.075,0.0151
2026-08-12 14:20:38,724.07,2026-08-12,734.0,0.01,0.02,0.02,264,440,0.2312,0.0104,0.00648,-0.015,0.0051
2026-08-12 14:20:38,724.07,2026-08-12,735.0,0.01,0.02,0.02,2508,4149,0.2513,0.0096,0.00558,-0.015,0.0047
2026-08-12 14:20:38,724.07,2026-08-12,736.0,0.03,0.04,0.04,1984,225,0.3038,0.0174,0.00769,-0.035,0.0079
2026-08-12 14:20:38,724.07,2026-08-12,737.0,0.01,0.04,0.05,3,750,0.3104,0.0126,0.00571,-0.025,0.006
2026-08-12 14:20:38,724.07,2026-08-12,738.0,0.03,0.04,0.03,1819,280,0.3465,0.0155,0.0061,-0.035,0.0072
2026-08-12 14:20:38,724.07,2026-08-12,739.0,0,0.01,0.01,233,4963,0.3146,0.0054,0.00269,-0.01,0.0029
2026-08-12 14:21:39,724.27,2026-08-12,710.0,14.76,15.23,9.15,344,1083,0.6649,0.8829,0.01609,-0.725,0.0361
2026-08-12 14:21:39,724.27,2026-08-12,711.0,13.27,13.61,8.09,83,110,0.4336,0.9544,0.01203,-0.17,0.0176
2026-08-12 14:21:39,724.27,2026-08-12,712.0,11.48,12.92,12.2,2,175,,,,,
2026-08-12 14:21:39,724.27,2026-08-12,713.0,10.97,11.64,11.36,32,141,0.2637,0.9907,0.00518,-0.035,0.0046
2026-08-12 14:21:39,724.27,2026-08-12,714.0,10.07,11.4,10.5,47,319,0.4597,0.8911,0.02209,-0.465,0.0343
2026-08-12 14:21:39,724.27,2026-08-12,715.0,9.91,10.48,12.04,6,1322,0.5377,0.8297,0.02564,-0.925,0.0466
2026-08-12 14:21:39,724.27,2026-08-12,716.0,8.43,9.46,9.79,2,571,0.4456,0.847,0.02885,-0.675,0.0434
2026-08-12 14:21:39,724.27,2026-08-12,717.0,7.49,7.65,7.85,20,648,0.3145,0.8983,0.03075,-0.3,0.0327
2026-08-12 14:21:39,724.27,2026-08-12,718.0,6.39,6.5,6.6,801,351,0.242,0.9227,0.03256,-0.175,0.0266
2026-08-12 14:21:39,724.27,2026-08-12,719.0,6.34,6.5,8,80,392,0.4215,0.7552,0.04057,-1.15,0.0577
2026-08-12 14:21:39,724.27,2026-08-12,720.0,5.4,5.52,5.4,272,1518,0.3843,0.7304,0.04678,-1.19,0.0607
2026-08-12 14:21:39,724.27,2026-08-12,721.0,3.99,4.019,4.52,463,1317,0.2638,0.7529,0.06515,-0.7345,0.058
2026-08-12 14:21:39,724.27,2026-08-12,722.0,3.13,3.15,3.15,2622,2460,0.2409,0.6988,0.07867,-0.87,0.064
2026-08-12 14:21:39,724.27,2026-08-12,723.0,2.96,3.07,3.08,146,2517,0.3158,0.5896,0.06701,-1.745,0.0715
2026-08-12 14:21:39,724.27,2026-08-12,724.0,1.9,1.97,2.27,914,1736,0.2437,0.5271,0.08888,-1.665,0.0731
2026-08-12 14:21:39,724.27,2026-08-12,725.0,1.39,1.4,1.4,18627,4262,0.2354,0.436,0.09103,-1.395,0.0724
2026-08-12 14:21:39,724.27,2026-08-12,726.0,0.99,1.01,0.99,36248,971,0.2346,0.3471,0.08567,-1.0,0.0679
2026-08-12 14:21:39,724.27,2026-08-12,727.0,0.88,0.9,1.46,35,1404,0.2659,0.2911,0.07017,-0.89,0.063
2026-08-12 14:21:39,724.27,2026-08-12,728.0,0.61,0.62,1.06,67,2306,0.2624,0.2224,0.06179,-0.615,0.0547
2026-08-12 14:21:39,724.27,2026-08-12,729.0,0.37,0.42,0.37,484,380,0.2561,0.16,0.05171,-0.395,0.0447
2026-08-12 14:21:39,724.27,2026-08-12,730.0,0.14,0.19,0.19,23499,3893,0.2265,0.0864,0.03784,-0.165,0.0289
2026-08-12 14:21:39,724.27,2026-08-12,731.0,0.13,0.18,0.32,14,626,0.2519,0.075,0.03057,-0.155,0.026
2026-08-12 14:21:39,724.27,2026-08-12,732.0,0.11,0.12,0.11,159,558,0.2623,0.0562,0.02347,-0.115,0.0208
2026-08-12 14:21:39,724.27,2026-08-12,733.0,0.07,0.08,0.08,317,515,0.2657,0.0384,0.01707,-0.075,0.0153
2026-08-12 14:21:39,724.27,2026-08-12,734.0,0.01,0.06,0.02,264,440,0.2559,0.0203,0.01042,-0.035,0.009
2026-08-12 14:21:39,724.27,2026-08-12,735.0,0.01,0.02,0.04,2576,4149,0.2475,0.0098,0.00575,-0.015,0.0048
2026-08-12 14:21:39,724.27,2026-08-12,736.0,0.03,0.04,0.04,1984,225,0.2997,0.0176,0.0079,-0.035,0.008
2026-08-12 14:21:39,724.27,2026-08-12,737.0,0.01,0.04,0.05,3,750,0.3065,0.0128,0.00586,-0.025,0.0061
2026-08-12 14:21:39,724.27,2026-08-12,738.0,0,0.01,0.01,1869,280,0.2925,0.0058,0.00308,-0.01,0.003
2026-08-12 14:21:39,724.27,2026-08-12,739.0,0,0.01,0.01,333,4963,0.3111,0.0055,0.00275,-0.01,0.0029
2026-08-12 14:22:39,724.64,2026-08-12,710.0,14.76,15.23,9.15,344,1083,0.5578,0.9269,0.01355,-0.355,0.0255
2026-08-12 14:22:39,724.64,2026-08-12,711.0,13.27,13.61,8.09,83,110,,,,,
2026-08-12 14:22:39,724.64,2026-08-12,712.0,11.46,12.92,12.2,2,175,,,,,
2026-08-12 14:22:39,724.64,2026-08-12,713.0,10.85,11.92,11.36,32,141,,,,,
2026-08-12 14:22:39,724.64,2026-08-12,714.0,10.08,11.59,10.5,47,319,0.3754,0.941,0.01706,-0.195,0.0216
2026-08-12 14:22:39,724.64,2026-08-12,715.0,9.91,10.48,12.04,6,1322,0.4642,0.8743,0.02425,-0.555,0.0379
2026-08-12 14:22:39,724.64,2026-08-12,716.0,8.43,9.46,9.79,2,571,0.3592,0.9075,0.02513,-0.305,0.0304
2026-08-12 14:22:39,724.64,2026-08-12,717.0,7.23,7.75,7.85,20,648,,,,,
2026-08-12 14:22:39,724.64,2026-08-12,718.0,6.88,6.9,6.6,801,351,0.2794,0.9046,0.03306,-0.25,0.0311
2026-08-12 14:22:39,724.64,2026-08-12,719.0,6.34,6.5,8,80,392,0.3696,0.8001,0.04124,-0.78,0.0514
2026-08-12 14:22:39,724.64,2026-08-12,720.0,5.4,5.52,5.4,272,1518,0.3368,0.7765,0.04832,-0.82,0.0549
2026-08-12 14:22:39,724.64,2026-08-12,721.0,3.98,4.019,4.52,463,1317,0.2076,0.8329,0.06569,-0.3595,0.0459
2026-08-12 14:22:39,724.64,2026-08-12,722.0,3.45,3.46,3.47,2676,2460,0.2496,0.7206,0.07338,-0.815,0.0617
2026-08-12 14:22:39,724.64,2026-08-12,723.0,2.96,3.07,3.08,146,2517,0.2844,0.6262,0.07255,-1.375,0.0695
2026-08-12 14:22:39,724.64,2026-08-12,724.0,1.9,1.97,2.27,914,1736,0.2163,0.5671,0.09906,-1.295,0.0722
2026-08-12 14:22:39,724.64,2026-08-12,725.0,1.52,1.58,1.4,18627,4262,0.2341,0.4697,0.09257,-1.55,0.073
2026-08-12 14:22:39,724.64,2026-08-12,726.0,1.11,1.12,1.12,37558,971,0.2321,0.3778,0.08919,-1.115,0.0698
2026-08-12 14:22:39,724.64,2026-08-12,727.0,0.88,0.9,1.46,35,1404,0.249,0.3057,0.07672,-0.89,0.0644
2026-08-12 14:22:39,724.64,2026-08-12,728.0,0.61,0.62,1.06,67,2306,0.2476,0.2327,0.06725,-0.615,0.0561
2026-08-12 14:22:39,724.64,2026-08-12,729.0,0.37,0.42,0.37,484,380,0.2431,0.1669,0.05604,-0.395,0.0459
2026-08-12 14:22:39,724.64,2026-08-12,730.0,0.17,0.22,0.18,24004,3893,0.2254,0.0998,0.04234,-0.195,0.0322
2026-08-12 14:22:39,724.64,2026-08-12,731.0,0.13,0.18,0.32,14,626,0.2415,0.0777,0.0328,-0.155,0.0267
2026-08-12 14:22:39,724.64,2026-08-12,732.0,0.11,0.12,0.11,159,558,0.2526,0.058,0.02503,-0.115,0.0213
2026-08-12 14:22:39,724.64,2026-08-12,733.0,0.07,0.08,0.08,317,515,0.2568,0.0396,0.01812,-0.075,0.0157
2026-08-12 14:22:39,724.64,2026-08-12,734.0,0.01,0.05,0.02,264,440,0.2422,0.0186,0.01023,-0.03,0.0083
2026-08-12 14:22:39,724.64,2026-08-12,735.0,0.03,0.04,0.04,2579,4149,0.2701,0.0194,0.0095,-0.035,0.0086
2026-08-12 14:22:39,724.64,2026-08-12,736.0,0.03,0.04,0.04,1984,225,0.292,0.0181,0.00828,-0.035,0.0081
2026-08-12 14:22:39,724.64,2026-08-12,737.0,0.01,0.04,0.05,3,750,0.2992,0.0131,0.00612,-0.025,0.0062
2026-08-12 14:22:39,724.64,2026-08-12,738.0,0,0.01,0.01,1869,280,0.2858,0.0059,0.00321,-0.01,0.0031
2026-08-12 14:22:39,724.64,2026-08-12,739.0,0,0.01,0.01,433,4963,0.3046,0.0056,0.00286,-0.01,0.0029
2026-08-12 14:23:40,724.61,2026-08-12,710.0,14.76,15.23,9.15,344,1083,0.5693,0.9227,0.01388,-0.385,0.0266
2026-08-12 14:23:40,724.61,2026-08-12,711.0,13.27,13.61,8.09,83,110,,,,,
2026-08-12 14:23:40,724.61,2026-08-12,712.0,11.34,13.41,12.32,3,175,,,,,
2026-08-12 14:23:40,724.61,2026-08-12,713.0,11.18,11.97,11.36,32,141,,,,,
2026-08-12 14:23:40,724.61,2026-08-12,714.0,10.35,11.3,11.02,52,319,0.3842,0.9364,0.01769,-0.215,0.0228
2026-08-12 14:23:40,724.61,2026-08-12,715.0,9.91,10.48,12.04,6,1322,0.4718,0.8701,0.02445,-0.585,0.0387
2026-08-12 14:23:40,724.61,2026-08-12,716.0,8.43,9.46,9.79,2,571,0.3685,0.9015,0.0257,-0.335,0.0318
2026-08-12 14:23:40,724.61,2026-08-12,717.0,7.68,7.95,7.85,20,648,0.2935,0.9236,0.02669,-0.205,0.0263
2026-08-12 14:23:40,724.61,2026-08-12,718.0,6.75,7.16,6.6,801,351,0.3071,0.8824,0.03503,-0.345,0.0361
2026-08-12 14:23:40,724.61,2026-08-12,719.0,6.34,6.5,8,80,392,0.3748,0.796,0.04124,-0.81,0.0519
2026-08-12 14:23:40,724.61,2026-08-12,720.0,5.4,5.52,5.4,272,1518,0.3416,0.7722,0.04824,-0.85,0.0554
2026-08-12 14:23:40,724.61,2026-08-12,721.0,4.31,4.35,4.52,463,1317,0.2764,0.7648,0.06068,-0.72,0.0564
2026-08-12 14:23:40,724.61,2026-08-12,722.0,3.44,3.55,3.46,2708,2460,0.2599,0.711,0.07173,-0.885,0.0626
2026-08-12 14:23:40,724.61,2026-08-12,723.0,2.96,3.07,3.08,146,2517,0.2875,0.623,0.07207,-1.405,0.0696
2026-08-12 14:23:40,724.61,2026-08-12,724.0,1.9,1.97,2.27,914,1736,0.2189,0.5635,0.09815,-1.325,0.0722
2026-08-12 14:23:40,724.61,2026-08-12,725.0,1.56,1.57,1.57,19426,4262,0.2384,0.4675,0.09099,-1.565,0.0729
2026-08-12 14:23:40,724.61,2026-08-12,726.0,1.1,1.16,1.16,38034,971,0.2363,0.3771,0.08771,-1.13,0.0696
2026-08-12 14:23:40,724.61,2026-08-12,727.0,0.88,0.9,1.46,35,1404,0.2508,0.3045,0.07614,-0.89,0.0642
2026-08-12 14:23:40,724.61,2026-08-12,728.0,0.61,0.62,1.06,67,2306,0.2492,0.2318,0.06677,-0.615,0.0559
2026-08-12 14:23:40,724.61,2026-08-12,729.0,0.37,0.42,0.37,484,380,0.2445,0.1663,0.05566,-0.395,0.0457
2026-08-12 14:23:40,724.61,2026-08-12,730.0,0.18,0.19,0.23,24512,3893,0.2235,0.0963,0.04167,-0.185,0.0313
2026-08-12 14:23:40,724.61,2026-08-12,731.0,0.13,0.18,0.32,14,626,0.2428,0.0775,0.03261,-0.155,0.0266
2026-08-12 14:23:40,724.61,2026-08-12,732.0,0.11,0.12,0.11,159,558,0.2538,0.0579,0.02489,-0.115,0.0212
2026-08-12 14:23:40,724.61,2026-08-12,733.0,0.07,0.08,0.08,317,515,0.2579,0.0395,0.01803,-0.075,0.0156
2026-08-12 14:23:40,724.61,2026-08-12,734.0,0.01,0.02,0.02,274,440,0.221,0.0109,0.00707,-0.015,0.0052
2026-08-12 14:23:40,724.61,2026-08-12,735.0,0.03,0.04,0.04,2586,4149,0.2711,0.0193,0.00946,-0.035,0.0086
2026-08-12 14:23:40,724.61,2026-08-12,736.0,0.03,0.04,0.04,1984,225,0.2931,0.018,0.00825,-0.035,0.0081
2026-08-12 14:23:40,724.61,2026-08-12,737.0,0.01,0.04,0.05,3,750,0.3003,0.013,0.0061,-0.025,0.0062
2026-08-12 14:23:40,724.61,2026-08-12,738.0,0,0.03,0.01,1869,280,0.2868,0.0059,0.0032,-0.01,0.0031
2026-08-12 14:23:40,724.61,2026-08-12,739.0,0,0.03,0.01,438,4963,0.3056,0.0056,0.00286,-0.01,0.0029
2026-08-12 14:24:40,725.0,2026-08-12,710.0,14.62,14.83,9.15,344,1083,,,,,
2026-08-12 14:24:40,725.0,2026-08-12,711.0,12.82,13.97,8.09,83,110,,,,,
2026-08-12 14:24:40,725.0,2026-08-12,712.0,11.37,13.25,12.32,3,175,,,,,
2026-08-12 14:24:40,725.0,2026-08-12,713.0,10.89,12.04,11.36,32,141,,,,,
2026-08-12 14:24:40,725.0,2026-08-12,714.0,10.21,11.58,11.14,54,319,,,,,
2026-08-12 14:24:40,725.0,2026-08-12,715.0,9.91,10.48,12.04,6,1322,0.3605,0.9373,0.01869,-0.2,0.0226
2026-08-12 14:24:40,725.0,2026-08-12,716.0,8.55,9.19,9.79,2,571,,,,,
2026-08-12 14:24:40,725.0,2026-08-12,717.0,8.119,8.22,7.85,20,648,0.2927,0.9342,0.0239,-0.1745,0.0235
2026-08-12 14:24:40,725.0,2026-08-12,718.0,6.87,7.29,6.6,801,351,0.2203,0.96,0.02138,-0.085,0.0158
2026-08-12 14:24:40,725.0,2026-08-12,719.0,6.21,6.36,8,80,392,0.2717,0.8882,0.03822,-0.29,0.0348
2026-08-12 14:24:40,725.0,2026-08-12,720.0,5.14,5.26,5.4,272,1518,0.2144,0.9005,0.04454,-0.205,0.032
2026-08-12 14:24:40,725.0,2026-08-12,721.0,4.37,4.53,4.52,463,1317,0.2416,0.8194,0.05944,-0.455,0.0482
2026-08-12 14:24:40,725.0,2026-08-12,722.0,3.59,3.64,3.64,2839,2460,0.233,0.7614,0.07262,-0.62,0.0567
2026-08-12 14:24:40,725.0,2026-08-12,723.0,2.9,2.93,3.08,146,2517,0.2362,0.6806,0.0826,-0.92,0.0654
2026-08-12 14:24:40,725.0,2026-08-12,724.0,2.19,2.21,2.27,914,1736,0.225,0.5984,0.09384,-1.205,0.0708
2026-08-12 14:24:40,725.0,2026-08-12,725.0,1.66,1.67,1.67,19788,4262,0.2269,0.5026,0.09602,-1.665,0.0731
2026-08-12 14:24:40,725.0,2026-08-12,726.0,1.19,1.2,1.2,39408,971,0.2244,0.4064,0.09439,-1.195,0.071
2026-08-12 14:24:40,725.0,2026-08-12,727.0,0.78,0.83,1.46,35,1404,0.2196,0.312,0.08799,-0.805,0.0648
2026-08-12 14:24:40,725.0,2026-08-12,728.0,0.5,0.51,1.06,67,2306,0.2138,0.2242,0.07644,-0.505,0.0548
2026-08-12 14:24:40,725.0,2026-08-12,729.0,0.35,0.36,0.37,484,380,0.2221,0.165,0.06102,-0.355,0.0455
2026-08-12 14:24:40,725.0,2026-08-12,730.0,0.19,0.2,0.24,24819,3893,0.215,0.104,0.04587,-0.195,0.0331
2026-08-12 14:24:40,725.0,2026-08-12,731.0,0.15,0.16,0.32,14,626,0.2319,0.0806,0.03522,-0.155,0.0274
2026-08-12 14:24:40,725.0,2026-08-12,732.0,0.1,0.11,0.11,159,558,0.239,0.0564,0.02594,-0.105,0.0208
2026-08-12 14:24:40,725.0,2026-08-12,733.0,0.02,0.03,0.08,317,515,0.207,0.0182,0.01179,-0.025,0.0082
2026-08-12 14:24:40,725.0,2026-08-12,734.0,0.01,0.05,0.05,274,440,0.235,0.0191,0.01083,-0.03,0.0085
2026-08-12 14:24:40,725.0,2026-08-12,735.0,0.03,0.04,0.04,2596,4149,0.2629,0.0199,0.01,-0.035,0.0088
2026-08-12 14:24:40,725.0,2026-08-12,736.0,0.03,0.04,0.04,1984,225,0.2849,0.0185,0.00868,-0.035,0.0083
2026-08-12 14:24:40,725.0,2026-08-12,737.0,0,0.03,0.05,3,750,0.3237,0.0227,0.00908,-0.05,0.0099
2026-08-12 14:24:40,725.0,2026-08-12,738.0,0,0.01,0.01,1869,280,0.2798,0.0061,0.00335,-0.01,0.0031
2026-08-12 14:24:40,725.0,2026-08-12,739.0,0,0.01,0.01,438,4963,0.2987,0.0057,0.00298,-0.01,0.003
2026-08-12 14:25:41,725.36,2026-08-12,711.0,12.9,14.39,8.09,83,110,,,,,
2026-08-12 14:25:41,725.36,2026-08-12,712.0,11.36,13.39,12.32,3,175,,,,,
2026-08-12 14:25:41,725.36,2026-08-12,713.0,10.83,12.45,11.36,32,141,,,,,
2026-08-12 14:25:41,725.36,2026-08-12,714.0,10.8,11.54,11.14,54,319,,,,,
2026-08-12 14:25:41,725.36,2026-08-12,715.0,9.91,10.48,12.04,6,1322,,,,,
2026-08-12 14:25:41,725.36,2026-08-12,716.0,8.46,9,9.79,2,571,,,,,
2026-08-12 14:25:41,725.36,2026-08-12,717.0,8.23,8.62,7.85,20,648,0.2437,0.9708,0.01493,-0.07,0.0122
2026-08-12 14:25:41,725.36,2026-08-12,718.0,7.25,7.45,7.24,802,351,,,,,
2026-08-12 14:25:41,725.36,2026-08-12,719.0,6.03,6.27,8,80,392,,,,,
2026-08-12 14:25:41,725.36,2026-08-12,720.0,5.33,5.45,5.4,272,1518,0.1388,0.9832,0.0164,-0.035,0.0076
2026-08-12 14:25:41,725.36,2026-08-12,721.0,4.71,4.79,4.52,463,1317,0.2423,0.8396,0.05497,-0.395,0.0446
2026-08-12 14:25:41,725.36,2026-08-12,722.0,4.03,4.04,3.67,2846,2460,0.2591,0.7633,0.06509,-0.68,0.0564
2026-08-12 14:25:41,725.36,2026-08-12,723.0,2.87,2.94,3.08,146,2517,0.1937,0.7498,0.08974,-0.55,0.0582
2026-08-12 14:25:41,725.36,2026-08-12,724.0,2.19,2.21,2.27,914,1736,0.193,0.6526,0.10464,-0.845,0.0676
2026-08-12 14:25:41,725.36,2026-08-12,725.0,1.88,1.9,1.83,20113,4262,0.2325,0.5363,0.09343,-1.535,0.0727
2026-08-12 14:25:41,725.36,2026-08-12,726.0,1.36,1.37,1.36,40335,971,0.2272,0.4414,0.09495,-1.365,0.0722
2026-08-12 14:25:41,725.36,2026-08-12,727.0,0.82,0.83,1.46,35,1404,0.2052,0.3337,0.09688,-0.825,0.0665
2026-08-12 14:25:41,725.36,2026-08-12,728.0,0.55,0.56,1.06,67,2306,0.208,0.2463,0.08287,-0.555,0.0577
2026-08-12 14:25:41,725.36,2026-08-12,729.0,0.32,0.37,0.37,484,380,0.2071,0.1706,0.06694,-0.345,0.0464
2026-08-12 14:25:41,725.36,2026-08-12,730.0,0.27,0.28,0.27,25022,3893,0.2257,0.1327,0.05197,-0.275,0.0392
2026-08-12 14:25:41,725.36,2026-08-12,731.0,0.11,0.12,0.32,14,626,0.2063,0.0692,0.03525,-0.115,0.0243
2026-08-12 14:25:41,725.36,2026-08-12,732.0,0.06,0.07,0.11,159,558,0.2083,0.042,0.02353,-0.065,0.0164
2026-08-12 14:25:41,725.36,2026-08-12,733.0,0.06,0.07,0.08,317,515,0.2334,0.0381,0.01939,-0.065,0.0151
2026-08-12 14:25:41,725.36,2026-08-12,734.0,0.05,0.06,0.05,274,440,0.2506,0.0309,0.01522,-0.055,0.0128
2026-08-12 14:25:41,725.36,2026-08-12,735.0,0.03,0.04,0.02,2608,4149,0.2552,0.0204,0.01056,-0.035,0.009
2026-08-12 14:25:41,725.36,2026-08-12,736.0,0.03,0.04,0.04,1984,225,0.2773,0.019,0.00912,-0.035,0.0085
2026-08-12 14:25:41,725.36,2026-08-12,737.0,0,0.01,0.05,3,750,0.3159,0.0232,0.0095,-0.05,0.01
2026-08-12 14:25:41,725.36,2026-08-12,738.0,0,0.03,0.01,1869,280,0.2733,0.0062,0.00351,-0.01,0.0032
2026-08-12 14:25:41,725.36,2026-08-12,739.0,0,0.01,0.01,438,4963,0.2922,0.0058,0.00311,-0.01,0.003
2026-08-12 14:25:41,725.36,2026-08-12,740.0,0,0.01,0.02,1649,2717,0.3375,0.0096,0.00417,-0.02,0.0047
2026-08-12 14:26:41,725.59,2026-08-12,711.0,12.9,14.39,8.09,83,110,,,,,
2026-08-12 14:26:41,725.59,2026-08-12,712.0,11.33,13.76,12.32,3,175,,,,,
2026-08-12 14:26:41,725.59,2026-08-12,713.0,11.23,12.7,11.36,32,141,,,,,
2026-08-12 14:26:41,725.59,2026-08-12,714.0,10.94,11.4,11.14,54,319,,,,,
2026-08-12 14:26:41,725.59,2026-08-12,715.0,9.91,10.48,12.04,6,1322,,,,,
2026-08-12 14:26:41,725.59,2026-08-12,716.0,8.46,9,9.79,2,571,,,,,
2026-08-12 14:26:41,725.59,2026-08-12,717.0,8.3,8.57,7.85,20,648,,,,,
2026-08-12 14:26:41,725.59,2026-08-12,718.0,7.42,7.64,7.37,803,351,,,,,
2026-08-12 14:26:41,725.59,2026-08-12,719.0,6.03,6.27,8,80,392,,,,,
2026-08-12 14:26:41,725.59,2026-08-12,720.0,5.33,5.45,5.4,272,1518,,,,,
2026-08-12 14:26:41,725.59,2026-08-12,721.0,4.66,4.85,4.52,468,1317,0.1894,0.9097,0.04706,-0.165,0.0298
2026-08-12 14:26:41,725.59,2026-08-12,722.0,3.92,3.95,4.03,3101,2460,0.2035,0.8354,0.06665,-0.345,0.0453
2026-08-12 14:26:41,725.59,2026-08-12,723.0,2.87,2.94,3.08,146,2517,0.1598,0.8152,0.09134,-0.315,0.0487
2026-08-12 14:26:41,725.59,2026-08-12,724.0,2.19,2.21,2.27,914,1736,0.1691,0.6997,0.11257,-0.61,0.0636
2026-08-12 14:26:41,725.59,2026-08-12,725.0,1.84,1.87,1.81,20277,4262,0.2101,0.5642,0.10258,-1.265,0.0719
2026-08-12 14:26:41,725.59,2026-08-12,726.0,1.27,1.29,1.29,41277,971,0.2012,0.4587,0.10795,-1.28,0.0725
2026-08-12 14:26:41,725.59,2026-08-12,727.0,0.82,0.83,1.46,35,1404,0.1936,0.3482,0.10451,-0.825,0.0676
2026-08-12 14:26:41,725.59,2026-08-12,728.0,0.55,0.56,1.06,67,2306,0.1981,0.2557,0.08882,-0.555,0.0588
2026-08-12 14:26:41,725.59,2026-08-12,729.0,0.32,0.37,0.37,484,380,0.1987,0.1765,0.07136,-0.345,0.0474
2026-08-12 14:26:41,725.59,2026-08-12,730.0,0.22,0.27,0.27,25388,3893,0.2104,0.128,0.05444,-0.245,0.0382
2026-08-12 14:26:41,725.59,2026-08-12,731.0,0.11,0.12,0.32,14,626,0.1999,0.0711,0.0372,-0.115,0.0248
2026-08-12 14:26:41,725.59,2026-08-12,732.0,0.06,0.07,0.11,159,558,0.2026,0.0431,0.02472,-0.065,0.0167
2026-08-12 14:26:41,725.59,2026-08-12,733.0,0.06,0.07,0.08,317,515,0.2278,0.0389,0.02024,-0.065,0.0154
2026-08-12 14:26:41,725.59,2026-08-12,734.0,0.01,0.02,0.05,274,440,0.2015,0.0118,0.00837,-0.015,0.0056
2026-08-12 14:26:41,725.59,2026-08-12,735.0,0.01,0.05,0.04,2635,4149,0.2445,0.0185,0.01015,-0.03,0.0083
2026-08-12 14:26:41,725.59,2026-08-12,736.0,0.03,0.04,0.04,1984,225,0.2725,0.0193,0.00943,-0.035,0.0086
2026-08-12 14:26:41,725.59,2026-08-12,737.0,0,0.01,0.05,3,750,0.3109,0.0235,0.00978,-0.05,0.0102
2026-08-12 14:26:41,725.59,2026-08-12,738.0,0,0.01,0.01,1869,280,0.2692,0.0063,0.00361,-0.01,0.0032
2026-08-12 14:26:41,725.59,2026-08-12,739.0,0,0.01,0.01,438,4963,0.2881,0.0059,0.00319,-0.01,0.0031
2026-08-12 14:26:41,725.59,2026-08-12,740.0,0,0.01,0.02,1649,2717,0.3332,0.0097,0.00428,-0.02,0.0048
2026-08-12 14:27:42,725.8,2026-08-12,711.0,13.21,14.89,8.09,83,110,,,,,
2026-08-12 14:27:42,725.8,2026-08-12,712.0,12.07,13.97,12.32,3,175,,,,,
2026-08-12 14:27:42,725.8,2026-08-12,713.0,11.67,12.95,11.36,32,141,,,,,
2026-08-12 14:27:42,725.8,2026-08-12,714.0,11.04,12.12,11.14,54,319,,,,,
2026-08-12 14:27:42,725.8,2026-08-12,715.0,9.91,10.48,12.04,6,1322,,,,,
2026-08-12 14:27:42,725.8,2026-08-12,716.0,9.11,9.97,9.79,2,571,,,,,
2026-08-12 14:27:42,725.8,2026-08-12,717.0,8.72,9.01,7.85,20,648,0.2509,0.9739,0.01324,-0.065,0.0111
2026-08-12 14:27:42,725.8,2026-08-12,718.0,7.86,7.99,7.57,804,351,0.2651,0.9482,0.02191,-0.125,0.0193
2026-08-12 14:27:42,725.8,2026-08-12,719.0,6.03,6.27,8,80,392,,,,,
2026-08-12 14:27:42,725.8,2026-08-12,720.0,6.07,6.15,5.4,272,1518,0.2719,0.8812,0.04003,-0.31,0.0363
2026-08-12 14:27:42,725.8,2026-08-12,721.0,4.87,5.1,4.86,474,1317,0.2027,0.9048,0.04574,-0.185,0.0309
2026-08-12 14:27:42,725.8,2026-08-12,722.0,4.14,4.16,4.2,3116,2460,0.2126,0.8389,0.06301,-0.35,0.0446
2026-08-12 14:27:42,725.8,2026-08-12,723.0,2.87,2.94,3.08,146,2517,0.1146,0.9118,0.07648,-0.105,0.0292
2026-08-12 14:27:42,725.8,2026-08-12,724.0,2.77,2.78,2.77,923,1736,0.2357,0.6652,0.08469,-0.975,0.0665
2026-08-12 14:27:42,725.8,2026-08-12,725.0,2.029,2.06,2.029,21102,4262,0.2201,0.582,0.09723,-1.2445,0.0713
2026-08-12 14:27:42,725.8,2026-08-12,726.0,1.48,1.49,1.5,42170,971,0.2161,0.4829,0.10107,-1.485,0.0727
2026-08-12 14:27:42,725.8,2026-08-12,727.0,0.82,0.83,1.46,35,1404,0.1829,0.3628,0.11237,-0.825,0.0685
2026-08-12 14:27:42,725.8,2026-08-12,728.0,0.55,0.56,1.06,67,2306,0.1892,0.265,0.09485,-0.555,0.0598
2026-08-12 14:27:42,725.8,2026-08-12,729.0,0.49,0.5,0.49,499,380,0.2206,0.2161,0.0728,-0.495,0.0535
2026-08-12 14:27:42,725.8,2026-08-12,730.0,0.26,0.31,0.31,25929,3893,0.2136,0.1431,0.05795,-0.285,0.0412
2026-08-12 14:27:42,725.8,2026-08-12,731.0,0.11,0.12,0.32,14,626,0.1942,0.073,0.03911,-0.115,0.0253
2026-08-12 14:27:42,725.8,2026-08-12,732.0,0.08,0.09,0.11,159,558,0.2084,0.0531,0.02844,-0.085,0.0197
2026-08-12 14:27:42,725.8,2026-08-12,733.0,0.04,0.09,0.08,518,515,0.2229,0.0397,0.02107,-0.065,0.0156
2026-08-12 14:27:42,725.8,2026-08-12,734.0,0.05,0.06,0.06,278,440,0.2405,0.0321,0.01641,-0.055,0.0131
2026-08-12 14:27:42,725.8,2026-08-12,735.0,0.04,0.05,0.04,2636,4149,0.2557,0.0255,0.01273,-0.045,0.0108
2026-08-12 14:27:42,725.8,2026-08-12,736.0,0.03,0.04,0.04,1984,225,0.2681,0.0196,0.00972,-0.035,0.0087
2026-08-12 14:27:42,725.8,2026-08-12,737.0,0,0.03,0.05,3,750,0.3065,0.0239,0.01005,-0.05,0.0103
2026-08-12 14:27:42,725.8,2026-08-12,738.0,0,0.01,0.01,1869,280,0.2655,0.0064,0.00371,-0.01,0.0033
2026-08-12 14:27:42,725.8,2026-08-12,739.0,0,0.01,0.01,438,4963,0.2845,0.006,0.00327,-0.01,0.0031
2026-08-12 14:27:42,725.8,2026-08-12,740.0,0,0.01,0.02,1649,2717,0.3294,0.0099,0.00438,-0.02,0.0048
2026-08-12 14:28:43,725.89,2026-08-12,711.0,12.96,14.85,8.09,83,110,,,,,
2026-08-12 14:28:43,725.89,2026-08-12,712.0,11.98,13.97,12.32,3,175,,,,,
2026-08-12 14:28:43,725.89,2026-08-12,713.0,11.65,13.22,11.36,32,141,,,,,
2026-08-12 14:28:43,725.89,2026-08-12,714.0,11.1,12.26,11.14,54,319,,,,,
2026-08-12 14:28:43,725.89,2026-08-12,715.0,9.91,10.48,12.04,6,1322,,,,,
2026-08-12 14:28:43,725.89,2026-08-12,716.0,9.61,10.05,9.79,2,571,,,,,
2026-08-12 14:28:43,725.89,2026-08-12,717.0,8.7,9.2,7.85,20,648,0.2437,0.9784,0.01162,-0.055,0.0094
2026-08-12 14:28:43,725.89,2026-08-12,718.0,8,8.14,7.58,805,351,0.2915,0.9334,0.02432,-0.175,0.0235
2026-08-12 14:28:43,725.89,2026-08-12,719.0,6.65,6.84,8,80,392,,,,,
2026-08-12 14:28:43,725.89,2026-08-12,720.0,5.76,5.88,5.4,272,1518,,,,,
2026-08-12 14:28:43,725.89,2026-08-12,721.0,5.11,5.17,4.86,474,1317,0.2243,0.8867,0.04698,-0.245,0.035
2026-08-12 14:28:43,725.89,2026-08-12,722.0,4.33,4.41,4.21,3121,2460,0.2431,0.813,0.06065,-0.475,0.049
2026-08-12 14:28:43,725.89,2026-08-12,723.0,3.32,3.35,3.08,146,2517,0.197,0.7928,0.07966,-0.44,0.0521
2026-08-12 14:28:43,725.89,2026-08-12,724.0,2.68,2.78,2.66,923,1736,0.2194,0.6852,0.08882,-0.835,0.0647
2026-08-12 14:28:43,725.89,2026-08-12,725.0,2.1,2.11,2.1,21482,4262,0.2211,0.5909,0.09643,-1.21,0.0708
2026-08-12 14:28:43,725.89,2026-08-12,726.0,1.52,1.53,1.55,42544,971,0.2156,0.4924,0.10154,-1.525,0.0727
2026-08-12 14:28:43,725.89,2026-08-12,727.0,0.82,0.83,1.46,35,1404,0.1781,0.37,0.11631,-0.825,0.0688
2026-08-12 14:28:43,725.89,2026-08-12,728.0,0.55,0.56,1.06,67,2306,0.1853,0.2695,0.09783,-0.555,0.0602
2026-08-12 14:28:43,725.89,2026-08-12,729.0,0.44,0.45,0.49,499,380,0.2076,0.2087,0.07588,-0.445,0.0523
2026-08-12 14:28:43,725.89,2026-08-12,730.0,0.26,0.27,0.31,26055,3893,0.2057,0.1392,0.05913,-0.265,0.0404
2026-08-12 14:28:43,725.89,2026-08-12,731.0,0.11,0.12,0.32,14,626,0.1917,0.0738,0.04003,-0.115,0.0255
2026-08-12 14:28:43,725.89,2026-08-12,732.0,0.12,0.13,0.11,159,558,0.2242,0.0694,0.03265,-0.125,0.0243
2026-08-12 14:28:43,725.89,2026-08-12,733.0,0.08,0.09,0.08,518,515,0.2325,0.0484,0.0237,-0.085,0.0183
2026-08-12 14:28:43,725.89,2026-08-12,734.0,0.05,0.06,0.05,279,440,0.2385,0.0324,0.01668,-0.055,0.0132
2026-08-12 14:28:43,725.89,2026-08-12,735.0,0.01,0.05,0.04,2636,4149,0.2384,0.019,0.01066,-0.03,0.0084
2026-08-12 14:28:43,725.89,2026-08-12,736.0,0.03,0.04,0.04,1984,225,0.2664,0.0197,0.00985,-0.035,0.0087
2026-08-12 14:28:43,725.89,2026-08-12,737.0,0,0.01,0.05,3,750,0.3047,0.024,0.01018,-0.05,0.0103
2026-08-12 14:28:43,725.89,2026-08-12,738.0,0,0.03,0.01,1869,280,0.264,0.0064,0.00376,-0.01,0.0033
2026-08-12 14:28:43,725.89,2026-08-12,739.0,0,0.01,0.01,438,4963,0.2831,0.006,0.00331,-0.01,0.0031
2026-08-12 14:28:43,725.89,2026-08-12,740.0,0,0.01,0.02,1649,2717,0.328,0.0099,0.00442,-0.02,0.0048
2026-08-12 14:29:43,725.27,2026-08-12,711.0,12.82,15.1,8.09,83,110,,,,,
2026-08-12 14:29:43,725.27,2026-08-12,712.0,11.84,14.22,12.32,3,175,,,,,
2026-08-12 14:29:43,725.27,2026-08-12,713.0,11.98,12.93,11.36,32,141,0.4196,0.9485,0.01385,-0.185,0.0192
2026-08-12 14:29:43,725.27,2026-08-12,714.0,11.22,11.88,11.14,54,319,0.4337,0.9263,0.01772,-0.28,0.0254
2026-08-12 14:29:43,725.27,2026-08-12,715.0,9.91,10.48,12.04,6,1322,,,,,
2026-08-12 14:29:43,725.27,2026-08-12,716.0,9.3,10.18,9.79,2,571,0.4332,0.8835,0.02488,-0.47,0.0356
2026-08-12 14:29:43,725.27,2026-08-12,717.0,8.44,8.84,7.85,20,648,0.3714,0.8924,0.02741,-0.37,0.0337
2026-08-12 14:29:43,725.27,2026-08-12,718.0,7.54,7.62,7.61,808,351,0.321,0.896,0.03093,-0.31,0.0328
2026-08-12 14:29:43,725.27,2026-08-12,719.0,6.53,6.8,8,80,392,0.3116,0.8684,0.03765,-0.395,0.0388
2026-08-12 14:29:43,725.27,2026-08-12,720.0,5.79,5.81,5.79,282,1518,0.3075,0.8298,0.04529,-0.53,0.046
2026-08-12 14:29:43,725.27,2026-08-12,721.0,4.76,4.92,4.76,478,1317,0.2775,0.8041,0.05481,-0.57,0.0503
2026-08-12 14:29:43,725.27,2026-08-12,722.0,3.82,3.94,3.94,3128,2460,0.2446,0.7717,0.068,-0.61,0.055
2026-08-12 14:29:43,725.27,2026-08-12,723.0,3.1,3.21,3.1,149,2517,0.2459,0.697,0.0781,-0.885,0.0635
2026-08-12 14:29:43,725.27,2026-08-12,724.0,2.44,2.53,2.44,958,1736,0.2437,0.6158,0.08623,-1.215,0.0695
2026-08-12 14:29:43,725.27,2026-08-12,725.0,1.83,1.85,1.84,21938,4262,0.2332,0.5284,0.09385,-1.57,0.0723
2026-08-12 14:29:43,725.27,2026-08-12,726.0,1.33,1.34,1.33,43161,971,0.2296,0.4336,0.09424,-1.335,0.0715
2026-08-12 14:29:43,725.27,2026-08-12,727.0,0.82,0.83,0.83,51,1404,0.2108,0.3288,0.09437,-0.825,0.0657
2026-08-12 14:29:43,725.27,2026-08-12,728.0,0.55,0.56,0.56,75,2306,0.2129,0.2431,0.08089,-0.555,0.0569
2026-08-12 14:29:43,725.27,2026-08-12,729.0,0.36,0.41,0.39,520,380,0.2201,0.1783,0.06517,-0.385,0.0474
2026-08-12 14:29:43,725.27,2026-08-12,730.0,0.26,0.27,0.27,26257,3893,0.2274,0.1286,0.0508,-0.265,0.0382
2026-08-12 14:29:43,725.27,2026-08-12,731.0,0.11,0.12,0.32,14,626,0.21,0.0685,0.03458,-0.115,0.024
2026-08-12 14:29:43,725.27,2026-08-12,732.0,0.07,0.12,0.11,159,558,0.2284,0.0542,0.02647,-0.095,0.02
2026-08-12 14:29:43,725.27,2026-08-12,733.0,0.07,0.08,0.08,518,515,0.2434,0.0418,0.02018,-0.075,0.0162
2026-08-12 14:29:43,725.27,2026-08-12,734.0,0.01,0.06,0.04,289,440,0.2361,0.022,0.01222,-0.035,0.0095
2026-08-12 14:29:43,725.27,2026-08-12,735.0,0.04,0.05,0.04,2739,4149,0.269,0.0245,0.01174,-0.045,0.0104
2026-08-12 14:29:43,725.27,2026-08-12,736.0,0.03,0.04,0.04,1984,225,0.2809,0.0188,0.00901,-0.035,0.0084
2026-08-12 14:29:43,725.27,2026-08-12,737.0,0,0.01,0.05,3,750,0.3198,0.0231,0.0094,-0.05,0.0099
2026-08-12 14:29:43,725.27,2026-08-12,738.0,0,0.03,0.02,1870,280,0.3009,0.0107,0.00518,-0.02,0.0052
2026-08-12 14:29:43,725.27,2026-08-12,739.0,0,0.03,0.01,438,4963,0.2956,0.0058,0.00308,-0.01,0.003
2026-08-12 14:29:43,725.27,2026-08-12,740.0,0,0.01,0.02,1649,2717,0.3413,0.0096,0.00414,-0.02,0.0047
2026-08-12 14:30:43,725.29,2026-08-12,711.0,12.82,15.1,8.09,83,110,,,,,
2026-08-12 14:30:43,725.29,2026-08-12,712.0,12.18,14.27,12.32,3,175,,,,,
2026-08-12 14:30:43,725.29,2026-08-12,713.0,11.92,12.93,11.36,32,141,0.389,0.9611,0.01193,-0.13,0.0153
2026-08-12 14:30:43,725.29,2026-08-12,714.0,10.91,12.16,11.14,54,319,0.4187,0.9339,0.0169,-0.24,0.0233
2026-08-12 14:30:43,725.29,2026-08-12,715.0,9.91,10.48,12.04,6,1322,,,,,
2026-08-12 14:30:43,725.29,2026-08-12,716.0,9.3,10.18,9.79,2,571,0.4275,0.8875,0.02462,-0.445,0.0347
2026-08-12 14:30:43,725.29,2026-08-12,717.0,8.24,8.71,7.85,20,648,0.3063,0.9342,0.02303,-0.18,0.0232
2026-08-12 14:30:43,725.29,2026-08-12,718.0,7.09,7.63,7.61,808,351,0.2157,0.97,0.0174,-0.065,0.0124
2026-08-12 14:30:43,725.29,2026-08-12,719.0,6.53,6.8,8,80,392,0.3064,0.8737,0.03728,-0.37,0.0376
2026-08-12 14:30:43,725.29,2026-08-12,720.0,5.79,5.81,5.79,283,1518,0.3035,0.8345,0.04515,-0.505,0.0452
2026-08-12 14:30:43,725.29,2026-08-12,721.0,4.45,4.65,4.76,478,1317,0.208,0.8747,0.05462,-0.255,0.0374
2026-08-12 14:30:43,725.29,2026-08-12,722.0,3.86,4.019,3.68,3156,2460,0.2522,0.7669,0.06681,-0.6445,0.0555
2026-08-12 14:30:43,725.29,2026-08-12,723.0,3.1,3.21,3.1,149,2517,0.2436,0.701,0.07852,-0.86,0.063
2026-08-12 14:30:43,725.29,2026-08-12,724.0,2.44,2.53,2.44,970,1736,0.2418,0.619,0.08681,-1.19,0.0692
2026-08-12 14:30:43,725.29,2026-08-12,725.0,1.85,1.88,1.7,22174,4262,0.2352,0.5305,0.09316,-1.57,0.0722
2026-08-12 14:30:43,725.29,2026-08-12,726.0,1.3,1.36,1.27,43671,971,0.2277,0.4353,0.09522,-1.33,0.0715
2026-08-12 14:30:43,725.29,2026-08-12,727.0,0.82,0.83,0.83,51,1404,0.2098,0.3302,0.09509,-0.825,0.0658
2026-08-12 14:30:43,725.29,2026-08-12,728.0,0.55,0.56,0.56,75,2306,0.2121,0.244,0.08146,-0.555,0.0569
2026-08-12 14:30:43,725.29,2026-08-12,729.0,0.36,0.41,0.36,521,380,0.2195,0.1789,0.06558,-0.385,0.0474
2026-08-12 14:30:43,725.29,2026-08-12,730.0,0.22,0.23,0.25,26383,3893,0.2161,0.1174,0.05022,-0.225,0.0358
2026-08-12 14:30:43,725.29,2026-08-12,731.0,0.11,0.12,0.32,14,626,0.2096,0.0687,0.03478,-0.115,0.024
2026-08-12 14:30:43,725.29,2026-08-12,732.0,0.07,0.12,0.09,209,558,0.2281,0.0543,0.0266,-0.095,0.02
2026-08-12 14:30:43,725.29,2026-08-12,733.0,0.07,0.08,0.07,631,515,0.2431,0.0419,0.02027,-0.075,0.0162
2026-08-12 14:30:43,725.29,2026-08-12,734.0,0.05,0.06,0.05,316,440,0.2539,0.0308,0.01507,-0.055,0.0126
2026-08-12 14:30:43,725.29,2026-08-12,735.0,0.01,0.02,0.03,2749,4149,0.2296,0.0106,0.00671,-0.015,0.0051
2026-08-12 14:30:43,725.29,2026-08-12,736.0,0.03,0.04,0.04,1984,225,0.2808,0.0189,0.00904,-0.035,0.0084
2026-08-12 14:30:43,725.29,2026-08-12,737.0,0,0.01,0.05,3,750,0.3197,0.0231,0.00942,-0.05,0.0099
2026-08-12 14:30:43,725.29,2026-08-12,738.0,0,0.03,0.02,1870,280,0.3008,0.0107,0.0052,-0.02,0.0052
2026-08-12 14:30:43,725.29,2026-08-12,739.0,0,0.01,0.01,441,4963,0.2956,0.0058,0.00309,-0.01,0.003
2026-08-12 14:30:43,725.29,2026-08-12,740.0,0,0.01,0.02,1649,2717,0.3413,0.0096,0.00415,-0.02,0.0047
2026-08-12 14:31:45,724.45,2026-08-12,710.0,15.06,15.93,9.15,344,1083,0.7648,0.8566,0.01634,-1.045,0.041
2026-08-12 14:31:45,724.45,2026-08-12,711.0,12.82,15.1,8.09,83,110,0.5839,0.9021,0.01635,-0.51,0.0313
2026-08-12 14:31:45,724.45,2026-08-12,712.0,12.2,14.12,12.32,3,175,0.6088,0.8747,0.01871,-0.71,0.0373
2026-08-12 14:31:45,724.45,2026-08-12,713.0,10.8,12.17,11.36,32,141,0.2727,0.9905,0.00517,-0.035,0.0046
2026-08-12 14:31:45,724.45,2026-08-12,714.0,9.17,10.9,11.12,56,319,,,,,
2026-08-12 14:31:45,724.45,2026-08-12,715.0,9.91,10.48,12.04,6,1322,0.5118,0.8497,0.0252,-0.745,0.0423
2026-08-12 14:31:45,724.45,2026-08-12,716.0,9.3,10.18,9.79,2,571,0.5879,0.7904,0.02705,-1.29,0.0521
2026-08-12 14:31:45,724.45,2026-08-12,717.0,8.24,8.71,7.85,20,648,0.4957,0.8003,0.03116,-1.025,0.0506
2026-08-12 14:31:45,724.45,2026-08-12,718.0,6.54,6.93,7.61,808,351,0.2883,0.8941,0.03506,-0.285,0.0331
2026-08-12 14:31:45,724.45,2026-08-12,719.0,6.53,6.8,8,80,392,0.4472,0.7529,0.03901,-1.215,0.0572
2026-08-12 14:31:45,724.45,2026-08-12,720.0,5.79,5.81,5.79,283,1518,0.425,0.7217,0.04362,-1.35,0.0608
2026-08-12 14:31:45,724.45,2026-08-12,721.0,4.45,4.65,4.76,478,1317,0.3375,0.7168,0.05539,-1.1,0.0613
2026-08-12 14:31:45,724.45,2026-08-12,722.0,3.3,3.32,3.96,3189,2460,0.2516,0.7075,0.07544,-0.86,0.0622
2026-08-12 14:31:45,724.45,2026-08-12,723.0,3.1,3.21,3.1,149,2517,0.3254,0.6002,0.06558,-1.705,0.0699
2026-08-12 14:31:45,724.45,2026-08-12,724.0,2.44,2.53,2.44,970,1736,0.3106,0.5348,0.07068,-2.035,0.0719
2026-08-12 14:31:45,724.45,2026-08-12,725.0,1.75,1.77,1.75,22756,4262,0.2788,0.4595,0.07864,-1.76,0.0719
2026-08-12 14:31:45,724.45,2026-08-12,726.0,0.99,1.08,1.05,44384,971,0.2339,0.3601,0.08836,-1.035,0.0677
2026-08-12 14:31:45,724.45,2026-08-12,727.0,0.82,0.83,0.83,51,1404,0.2511,0.2903,0.07533,-0.825,0.062
2026-08-12 14:31:45,724.45,2026-08-12,728.0,0.55,0.56,0.56,75,2306,0.2478,0.2171,0.0655,-0.555,0.0532
2026-08-12 14:31:45,724.45,2026-08-12,729.0,0.36,0.41,0.36,521,380,0.2512,0.1611,0.05374,-0.385,0.0442
2026-08-12 14:31:45,724.45,2026-08-12,730.0,0.17,0.22,0.13,26566,3893,0.2345,0.0977,0.04064,-0.195,0.0312
2026-08-12 14:31:45,724.45,2026-08-12,731.0,0.11,0.12,0.32,14,626,0.2339,0.0627,0.02912,-0.115,0.0223
2026-08-12 14:31:45,724.45,2026-08-12,732.0,0.07,0.12,0.09,209,558,0.2512,0.0501,0.02271,-0.095,0.0187
2026-08-12 14:31:45,724.45,2026-08-12,733.0,0.07,0.08,0.07,631,515,0.2652,0.0389,0.01756,-0.075,0.0153
2026-08-12 14:31:45,724.45,2026-08-12,734.0,0.05,0.06,0.05,316,440,0.2749,0.0288,0.01321,-0.055,0.0119
2026-08-12 14:31:45,724.45,2026-08-12,735.0,0.01,0.03,0.04,2755,4149,0.257,0.0124,0.00691,-0.02,0.0058
2026-08-12 14:31:45,724.45,2026-08-12,736.0,0.03,0.04,0.04,1984,225,0.3002,0.0178,0.00808,-0.035,0.008
2026-08-12 14:31:45,724.45,2026-08-12,737.0,0,0.01,0.05,3,750,0.3398,0.0219,0.00851,-0.05,0.0095
2026-08-12 14:31:45,724.45,2026-08-12,738.0,0,0.01,0.01,1872,280,0.2935,0.0059,0.00314,-0.01,0.003
2026-08-12 14:31:45,724.45,2026-08-12,739.0,0,0.01,0.01,444,4963,0.3124,0.0056,0.00281,-0.01,0.0029
2026-08-12 14:32:46,724.5,2026-08-12,710.0,13.39,15.62,9.15,344,1083,,,,,
2026-08-12 14:32:46,724.5,2026-08-12,711.0,12.17,13.86,8.09,83,110,,,,,
2026-08-12 14:32:46,724.5,2026-08-12,712.0,12.31,12.73,12.32,3,175,,,,,
2026-08-12 14:32:46,724.5,2026-08-12,713.0,10.98,11.95,11.36,32,141,,,,,
2026-08-12 14:32:46,724.5,2026-08-12,714.0,9.37,11.29,10.67,58,319,,,,,
2026-08-12 14:32:46,724.5,2026-08-12,715.0,9.16,10.36,12.04,6,1322,0.3737,0.9228,0.02143,-0.255,0.0262
2026-08-12 14:32:46,724.5,2026-08-12,716.0,8.44,8.72,9.79,2,571,0.2547,0.9689,0.01521,-0.075,0.0127
2026-08-12 14:32:46,724.5,2026-08-12,717.0,7.63,8.039,7.85,20,648,0.3365,0.8939,0.03012,-0.3295,0.0331
2026-08-12 14:32:46,724.5,2026-08-12,718.0,6.6,6.84,6.77,809,351,0.2679,0.9125,0.03282,-0.215,0.0287
2026-08-12 14:32:46,724.5,2026-08-12,719.0,5.78,6.14,8,80,392,0.3011,0.8468,0.04345,-0.455,0.0428
2026-08-12 14:32:46,724.5,2026-08-12,720.0,4.93,5.12,5.79,283,1518,0.2781,0.8176,0.05263,-0.52,0.0478
2026-08-12 14:32:46,724.5,2026-08-12,721.0,4.17,4.24,4.24,484,1317,0.2723,0.7646,0.06249,-0.7,0.0556
2026-08-12 14:32:46,724.5,2026-08-12,722.0,3.22,3.29,3.3,3194,2460,0.2366,0.7238,0.07817,-0.75,0.0605
2026-08-12 14:32:46,724.5,2026-08-12,723.0,2.69,2.78,3.1,149,2517,0.2603,0.6284,0.08036,-1.23,0.0684
2026-08-12 14:32:46,724.5,2026-08-12,724.0,2,2.06,2.44,970,1736,0.2435,0.5486,0.08996,-1.525,0.0716
2026-08-12 14:32:46,724.5,2026-08-12,725.0,1.49,1.51,1.51,23146,4262,0.2394,0.4575,0.09164,-1.5,0.0717
2026-08-12 14:32:46,724.5,2026-08-12,726.0,0.98,0.99,0.99,45147,971,0.224,0.3589,0.09231,-0.985,0.0676
2026-08-12 14:32:46,724.5,2026-08-12,727.0,0.72,0.73,0.83,51,1404,0.2326,0.2794,0.07995,-0.725,0.0608
2026-08-12 14:32:46,724.5,2026-08-12,728.0,0.47,0.48,0.56,75,2306,0.2306,0.2036,0.06788,-0.475,0.0512
2026-08-12 14:32:46,724.5,2026-08-12,729.0,0.3,0.31,0.36,521,380,0.2308,0.1431,0.05414,-0.305,0.0408
2026-08-12 14:32:46,724.5,2026-08-12,730.0,0.18,0.19,0.2,26722,3893,0.2299,0.0952,0.04072,-0.185,0.0306
2026-08-12 14:32:46,724.5,2026-08-12,731.0,0.09,0.11,0.32,14,626,0.2258,0.0574,0.0282,-0.1,0.0208
2026-08-12 14:32:46,724.5,2026-08-12,732.0,0.09,0.1,0.09,209,558,0.2501,0.0503,0.02293,-0.095,0.0187
2026-08-12 14:32:46,724.5,2026-08-12,733.0,0.02,0.07,0.07,631,515,0.2416,0.027,0.01429,-0.045,0.0113
2026-08-12 14:32:46,724.5,2026-08-12,734.0,0.01,0.02,0.05,316,440,0.2262,0.0108,0.00694,-0.015,0.0051
2026-08-12 14:32:46,724.5,2026-08-12,735.0,0.01,0.04,0.02,2767,4149,0.2641,0.0148,0.00785,-0.025,0.0068
2026-08-12 14:32:46,724.5,2026-08-12,736.0,0.03,0.04,0.04,1984,225,0.2995,0.0179,0.00814,-0.035,0.008
2026-08-12 14:32:46,724.5,2026-08-12,737.0,0.03,0.04,0.05,3,750,0.3214,0.0168,0.00718,-0.035,0.0075
2026-08-12 14:32:46,724.5,2026-08-12,738.0,0,0.01,0.01,1872,280,0.2928,0.0059,0.00316,-0.01,0.003
2026-08-12 14:32:46,724.5,2026-08-12,739.0,0,0.03,0.01,444,4963,0.3119,0.0056,0.00282,-0.01,0.0029
2026-08-12 14:33:46,724.97,2026-08-12,710.0,14.03,15.23,9.15,344,1083,,,,,
2026-08-12 14:33:46,724.97,2026-08-12,711.0,13.12,14.23,8.09,83,110,,,,,
2026-08-12 14:33:46,724.97,2026-08-12,712.0,12.32,13.27,12.32,3,175,,,,,
2026-08-12 14:33:46,724.97,2026-08-12,713.0,11.48,12.1,11.36,32,141,,,,,
2026-08-12 14:33:46,724.97,2026-08-12,714.0,9.58,11.25,10.67,58,319,,,,,
2026-08-12 14:33:46,724.97,2026-08-12,715.0,9.45,10.16,12.04,6,1322,,,,,
2026-08-12 14:33:46,724.97,2026-08-12,716.0,8.47,9.12,9.79,2,571,,,,,
2026-08-12 14:33:46,724.97,2026-08-12,717.0,7.83,8.18,7.85,20,648,0.1991,0.9873,0.0091,-0.035,0.0059
2026-08-12 14:33:46,724.97,2026-08-12,718.0,7,7.18,6.77,809,351,0.2427,0.9458,0.02509,-0.12,0.0199
2026-08-12 14:33:46,724.97,2026-08-12,719.0,5.87,6.19,6.14,82,392,0.1801,0.9679,0.0221,-0.06,0.013
2026-08-12 14:33:46,724.97,2026-08-12,720.0,5.14,5.2,5.79,283,1518,0.2152,0.9016,0.04462,-0.2,0.0313
2026-08-12 14:33:46,724.97,2026-08-12,721.0,4.21,4.32,4.24,489,1317,0.2081,0.857,0.06008,-0.295,0.0408
2026-08-12 14:33:46,724.97,2026-08-12,722.0,3.49,3.5,3.52,3215,2460,0.218,0.7774,0.07571,-0.525,0.0538
2026-08-12 14:33:46,724.97,2026-08-12,723.0,2.79,2.81,2.78,153,2517,0.2243,0.6895,0.08714,-0.83,0.0638
2026-08-12 14:33:46,724.97,2026-08-12,724.0,2.1,2.13,2.07,1149,1736,0.2182,0.6002,0.09803,-1.145,0.0698
2026-08-12 14:33:46,724.97,2026-08-12,725.0,1.51,1.57,1.57,23560,4262,0.2145,0.5,0.10299,-1.54,0.0721
2026-08-12 14:33:46,724.97,2026-08-12,726.0,1.11,1.12,1.07,46080,971,0.2176,0.3996,0.09829,-1.115,0.0698
2026-08-12 14:33:46,724.97,2026-08-12,727.0,0.71,0.77,0.76,219,1404,0.2136,0.3023,0.09044,-0.74,0.063
2026-08-12 14:33:46,724.97,2026-08-12,728.0,0.49,0.5,0.46,190,2306,0.216,0.2214,0.07618,-0.495,0.0537
2026-08-12 14:33:46,724.97,2026-08-12,729.0,0.31,0.32,0.33,579,380,0.217,0.1544,0.06064,-0.315,0.0429
2026-08-12 14:33:46,724.97,2026-08-12,730.0,0.15,0.16,0.17,26785,3893,0.2059,0.0901,0.0437,-0.155,0.0294
2026-08-12 14:33:46,724.97,2026-08-12,731.0,0.09,0.14,0.11,22,626,0.2199,0.0662,0.0324,-0.115,0.0232
2026-08-12 14:33:46,724.97,2026-08-12,732.0,0.04,0.09,0.1,267,558,0.2209,0.0404,0.02177,-0.065,0.0157
2026-08-12 14:33:46,724.97,2026-08-12,733.0,0.06,0.07,0.07,631,515,0.2461,0.0368,0.0181,-0.065,0.0145
2026-08-12 14:33:46,724.97,2026-08-12,734.0,0.04,0.05,0.05,316,440,0.2544,0.0259,0.01308,-0.045,0.0109
2026-08-12 14:33:46,724.97,2026-08-12,735.0,0.03,0.04,0.02,2768,4149,0.2671,0.0198,0.00996,-0.035,0.0087
2026-08-12 14:33:46,724.97,2026-08-12,736.0,0.03,0.04,0.04,1984,225,0.2895,0.0185,0.00865,-0.035,0.0082
2026-08-12 14:33:46,724.97,2026-08-12,737.0,0,0.03,0.05,3,750,0.3288,0.0226,0.00906,-0.05,0.0097
2026-08-12 14:33:46,724.97,2026-08-12,738.0,0,0.03,0.01,1872,280,0.2842,0.0061,0.00334,-0.01,0.0031
2026-08-12 14:33:46,724.97,2026-08-12,739.0,0,0.03,0.01,447,4963,0.3033,0.0057,0.00297,-0.01,0.0029
2026-08-12 14:34:47,724.8,2026-08-12,710.0,13.71,14.88,9.15,344,1083,,,,,
2026-08-12 14:34:47,724.8,2026-08-12,711.0,13.13,14.23,8.09,83,110,,,,,
2026-08-12 14:34:47,724.8,2026-08-12,712.0,12.49,12.97,12.32,3,175,,,,,
2026-08-12 14:34:47,724.8,2026-08-12,713.0,11.38,11.98,11.36,32,141,,,,,
2026-08-12 14:34:47,724.8,2026-08-12,714.0,9.53,11.24,10.67,58,319,,,,,
2026-08-12 14:34:47,724.8,2026-08-12,715.0,9.37,9.82,12.04,6,1322,,,,,
2026-08-12 14:34:47,724.8,2026-08-12,716.0,8.24,9.15,9.79,2,571,,,,,
2026-08-12 14:34:47,724.8,2026-08-12,717.0,7.87,8.05,7.85,20,648,0.2834,0.9386,0.02373,-0.155,0.0219
2026-08-12 14:34:47,724.8,2026-08-12,718.0,6.92,6.96,6.77,809,351,0.2458,0.9395,0.02706,-0.135,0.0216
2026-08-12 14:34:47,724.8,2026-08-12,719.0,6.06,6.07,6.14,82,392,0.261,0.8936,0.03902,-0.26,0.0331
2026-08-12 14:34:47,724.8,2026-08-12,720.0,5.13,5.15,5.79,283,1518,0.2478,0.8613,0.04949,-0.335,0.0399
2026-08-12 14:34:47,724.8,2026-08-12,721.0,4.28,4.36,4.24,489,1317,0.2504,0.803,0.06145,-0.515,0.05
2026-08-12 14:34:47,724.8,2026-08-12,722.0,3.32,3.36,3.49,3228,2460,0.2133,0.7699,0.07898,-0.535,0.0548
2026-08-12 14:34:47,724.8,2026-08-12,723.0,2.77,2.78,2.78,153,2517,0.2381,0.6658,0.08479,-0.97,0.0656
2026-08-12 14:34:47,724.8,2026-08-12,724.0,2.12,2.15,2.07,1158,1736,0.2352,0.5782,0.09225,-1.33,0.0705
2026-08-12 14:34:47,724.8,2026-08-12,725.0,1.46,1.49,1.53,24299,4262,0.217,0.4832,0.10186,-1.475,0.0719
2026-08-12 14:34:47,724.8,2026-08-12,726.0,0.99,1,1.06,47099,971,0.2099,0.3791,0.10056,-0.995,0.0686
2026-08-12 14:34:47,724.8,2026-08-12,727.0,0.74,0.75,0.76,220,1404,0.2226,0.2951,0.08599,-0.745,0.0622
2026-08-12 14:34:47,724.8,2026-08-12,728.0,0.49,0.5,0.46,191,2306,0.2231,0.2162,0.07288,-0.495,0.0529
2026-08-12 14:34:47,724.8,2026-08-12,729.0,0.27,0.28,0.33,579,380,0.2136,0.1404,0.05791,-0.275,0.0402
2026-08-12 14:34:47,724.8,2026-08-12,730.0,0.19,0.2,0.2,27007,3893,0.2244,0.1017,0.04391,-0.195,0.032
2026-08-12 14:34:47,724.8,2026-08-12,731.0,0.13,0.14,0.11,22,626,0.2333,0.0723,0.03272,-0.135,0.0248
2026-08-12 14:34:47,724.8,2026-08-12,732.0,0.09,0.1,0.1,267,558,0.2428,0.0518,0.02422,-0.095,0.0191
2026-08-12 14:34:47,724.8,2026-08-12,733.0,0.02,0.03,0.07,631,515,0.2145,0.0179,0.01138,-0.025,0.0079
2026-08-12 14:34:47,724.8,2026-08-12,734.0,0.01,0.02,0.04,317,440,0.2206,0.011,0.0073,-0.015,0.0052
2026-08-12 14:34:47,724.8,2026-08-12,735.0,0.03,0.04,0.02,2770,4149,0.2713,0.0196,0.00972,-0.035,0.0086
2026-08-12 14:34:47,724.8,2026-08-12,736.0,0.01,0.04,0.04,1984,225,0.2799,0.0141,0.00712,-0.025,0.0065
2026-08-12 14:34:47,724.8,2026-08-12,737.0,0,0.01,0.05,3,750,0.3331,0.0224,0.00888,-0.05,0.0096
2026-08-12 14:34:47,724.8,2026-08-12,738.0,0,0.03,0.01,1874,280,0.2879,0.006,0.00328,-0.01,0.0031
2026-08-12 14:34:47,724.8,2026-08-12,739.0,0,0.01,0.01,450,4963,0.307,0.0057,0.00292,-0.01,0.0029
2026-08-12 14:35:47,724.35,2026-08-12,710.0,13.71,14.88,9.15,344,1083,,,,,
2026-08-12 14:35:47,724.35,2026-08-12,711.0,13.13,14.23,8.09,83,110,0.5226,0.9253,0.01502,-0.335,0.0254
2026-08-12 14:35:47,724.35,2026-08-12,712.0,10.69,13.31,12.32,3,175,,,,,
2026-08-12 14:35:47,724.35,2026-08-12,713.0,10.66,11.95,11.36,32,141,,,,,
2026-08-12 14:35:47,724.35,2026-08-12,714.0,9.5,10.54,10.67,58,319,,,,,
2026-08-12 14:35:47,724.35,2026-08-12,715.0,9.37,9.82,12.04,6,1322,0.3688,0.9229,0.02178,-0.25,0.026
2026-08-12 14:35:47,724.35,2026-08-12,716.0,8.24,9.15,9.79,2,571,0.3718,0.8966,0.02689,-0.35,0.0324
2026-08-12 14:35:47,724.35,2026-08-12,717.0,7.41,7.77,7.85,20,648,0.3058,0.9114,0.02918,-0.245,0.0289
2026-08-12 14:35:47,724.35,2026-08-12,718.0,6.57,6.75,6.71,836,351,0.2956,0.886,0.03627,-0.315,0.0347
2026-08-12 14:35:47,724.35,2026-08-12,719.0,6.06,6.07,6.14,82,392,0.3535,0.8026,0.04368,-0.72,0.05
2026-08-12 14:35:47,724.35,2026-08-12,720.0,5.13,5.15,5.79,283,1518,0.3268,0.773,0.05128,-0.795,0.0542
2026-08-12 14:35:47,724.35,2026-08-12,721.0,3.95,4.059,4.28,490,1317,0.2594,0.766,0.06569,-0.6595,0.0552
2026-08-12 14:35:47,724.35,2026-08-12,722.0,3.27,3.29,3.16,3567,2460,0.2602,0.6947,0.07487,-0.935,0.063
2026-08-12 14:35:47,724.35,2026-08-12,723.0,2.77,2.78,2.78,153,2517,0.2817,0.6075,0.07584,-1.43,0.0691
2026-08-12 14:35:47,724.35,2026-08-12,724.0,2.12,2.15,2.12,1284,1736,0.2714,0.5311,0.08145,-1.79,0.0716
2026-08-12 14:35:47,724.35,2026-08-12,725.0,1.4,1.41,1.34,25155,4262,0.2373,0.442,0.09245,-1.405,0.071
2026-08-12 14:35:47,724.35,2026-08-12,726.0,0.97,0.98,0.97,47687,971,0.232,0.3488,0.08864,-0.975,0.0665
2026-08-12 14:35:47,724.35,2026-08-12,727.0,0.74,0.75,0.76,220,1404,0.2444,0.2758,0.076,-0.745,0.0601
2026-08-12 14:35:47,724.35,2026-08-12,728.0,0.49,0.5,0.46,191,2306,0.242,0.2033,0.06493,-0.495,0.0509
2026-08-12 14:35:47,724.35,2026-08-12,729.0,0.27,0.28,0.33,579,380,0.2299,0.1325,0.05184,-0.275,0.0386
2026-08-12 14:35:47,724.35,2026-08-12,730.0,0.12,0.13,0.17,27523,3893,0.2142,0.0729,0.03596,-0.125,0.0249
2026-08-12 14:35:47,724.35,2026-08-12,731.0,0.13,0.14,0.11,22,626,0.247,0.069,0.02988,-0.135,0.0239
2026-08-12 14:35:47,724.35,2026-08-12,732.0,0.09,0.1,0.1,267,558,0.2556,0.0496,0.02229,-0.095,0.0184
2026-08-12 14:35:47,724.35,2026-08-12,733.0,0.02,0.03,0.07,631,515,0.2252,0.0172,0.01049,-0.025,0.0076
2026-08-12 14:35:47,724.35,2026-08-12,734.0,0.01,0.05,0.02,320,440,0.2538,0.0182,0.00977,-0.03,0.008
2026-08-12 14:35:47,724.35,2026-08-12,735.0,0.03,0.04,0.03,2795,4149,0.2822,0.0189,0.00911,-0.035,0.0083
2026-08-12 14:35:47,724.35,2026-08-12,736.0,0.01,0.04,0.04,1984,225,0.2903,0.0137,0.0067,-0.025,0.0063
2026-08-12 14:35:47,724.35,2026-08-12,737.0,0,0.01,0.05,3,750,0.3444,0.0218,0.00841,-0.05,0.0094
2026-08-12 14:35:47,724.35,2026-08-12,738.0,0,0.01,0.01,1874,280,0.2973,0.0058,0.0031,-0.01,0.003
2026-08-12 14:35:47,724.35,2026-08-12,739.0,0,0.03,0.01,450,4963,0.3164,0.0055,0.00277,-0.01,0.0028
2026-08-12 14:36:47,724.62,2026-08-12,710.0,13.17,16.219,9.15,344,1083,0.4046,0.9793,0.00686,-0.0745,0.009
2026-08-12 14:36:47,724.62,2026-08-12,711.0,12.57,14.98,8.09,83,110,0.4443,0.9582,0.01119,-0.155,0.0161
2026-08-12 14:36:47,724.62,2026-08-12,712.0,10.6,12.92,12.32,3,175,,,,,
2026-08-12 14:36:47,724.62,2026-08-12,713.0,10.56,12.06,11.36,32,141,,,,,
2026-08-12 14:36:47,724.62,2026-08-12,714.0,9.5,10.59,10.67,58,319,,,,,
2026-08-12 14:36:47,724.62,2026-08-12,715.0,9.04,9.76,12.04,6,1322,,,,,
2026-08-12 14:36:47,724.62,2026-08-12,716.0,8.029,8.65,9.79,2,571,,,,,
2026-08-12 14:36:47,724.62,2026-08-12,717.0,7.39,7.8,7.85,20,648,,,,,
2026-08-12 14:36:47,724.62,2026-08-12,718.0,6.44,6.83,6.51,838,351,,,,,
2026-08-12 14:36:47,724.62,2026-08-12,719.0,5.85,5.88,6.14,82,392,0.2514,0.8955,0.04011,-0.245,0.0326
2026-08-12 14:36:47,724.62,2026-08-12,720.0,4.89,4.93,5.79,283,1518,0.2307,0.8698,0.05108,-0.29,0.038
2026-08-12 14:36:47,724.62,2026-08-12,721.0,4.12,4.2,4.28,490,1317,0.2488,0.7937,0.06381,-0.54,0.0513
2026-08-12 14:36:47,724.62,2026-08-12,722.0,3.23,3.27,3.23,3784,2460,0.2229,0.7463,0.07996,-0.63,0.0575
2026-08-12 14:36:47,724.62,2026-08-12,723.0,2.62,2.63,2.78,153,2517,0.2346,0.6525,0.08764,-1.005,0.0664
2026-08-12 14:36:47,724.62,2026-08-12,724.0,1.99,2.009,2.12,1284,1736,0.2317,0.5622,0.09465,-1.3795,0.0708
2026-08-12 14:36:47,724.62,2026-08-12,725.0,1.39,1.41,1.39,25884,4262,0.2195,0.4646,0.10075,-1.4,0.0714
2026-08-12 14:36:47,724.62,2026-08-12,726.0,0.97,0.98,0.97,48798,971,0.2177,0.3651,0.0961,-0.975,0.0675
2026-08-12 14:36:47,724.62,2026-08-12,727.0,0.68,0.69,0.76,220,1404,0.2222,0.2784,0.08409,-0.685,0.0603
2026-08-12 14:36:47,724.62,2026-08-12,728.0,0.4,0.45,0.46,191,2306,0.2176,0.1963,0.07081,-0.425,0.0497
2026-08-12 14:36:47,724.62,2026-08-12,729.0,0.24,0.25,0.33,579,380,0.2129,0.1285,0.05484,-0.245,0.0377
2026-08-12 14:36:47,724.62,2026-08-12,730.0,0.13,0.18,0.14,27750,3893,0.2176,0.0864,0.04028,-0.155,0.0283
2026-08-12 14:36:47,724.62,2026-08-12,731.0,0.11,0.12,0.11,22,626,0.2309,0.0638,0.03013,-0.115,0.0225
2026-08-12 14:36:47,724.62,2026-08-12,732.0,0.07,0.08,0.1,267,558,0.2372,0.0432,0.0215,-0.075,0.0165
2026-08-12 14:36:47,724.62,2026-08-12,733.0,0.01,0.02,0.07,631,515,0.2043,0.0119,0.00842,-0.015,0.0056
2026-08-12 14:36:47,724.62,2026-08-12,734.0,0.01,0.05,0.02,325,440,0.2479,0.0186,0.0102,-0.03,0.0082
2026-08-12 14:36:47,724.62,2026-08-12,735.0,0.01,0.02,0.03,2820,4149,0.2459,0.01,0.00605,-0.015,0.0048
2026-08-12 14:36:47,724.62,2026-08-12,736.0,0.03,0.04,0.04,1984,225,0.2987,0.018,0.00826,-0.035,0.008
2026-08-12 14:36:47,724.62,2026-08-12,737.0,0,0.03,0.05,3,750,0.3385,0.0222,0.00868,-0.05,0.0095
2026-08-12 14:36:47,724.62,2026-08-12,738.0,0,0.03,0.01,1874,280,0.2924,0.0059,0.00321,-0.01,0.003
2026-08-12 14:36:47,724.62,2026-08-12,739.0,0,0.01,0.01,450,4963,0.3116,0.0056,0.00286,-0.01,0.0029
2026-08-12 14:37:48,725.21,2026-08-12,711.0,12.57,14.98,8.09,83,110,,,,,
2026-08-12 14:37:48,725.21,2026-08-12,712.0,12.36,13.33,12.32,3,175,,,,,
2026-08-12 14:37:48,725.21,2026-08-12,713.0,11.19,12.28,11.36,32,141,,,,,
2026-08-12 14:37:48,725.21,2026-08-12,714.0,10.23,11.05,10.67,58,319,,,,,
2026-08-12 14:37:48,725.21,2026-08-12,715.0,9.04,9.76,12.04,6,1322,,,,,
2026-08-12 14:37:48,725.21,2026-08-12,716.0,8.029,8.65,9.79,2,571,,,,,
2026-08-12 14:37:48,725.21,2026-08-12,717.0,8.05,8.44,7.85,20,648,0.2136,0.9846,0.01012,-0.04,0.007
2026-08-12 14:37:48,725.21,2026-08-12,718.0,7.27,7.31,6.9,844,351,0.2306,0.9605,0.02061,-0.085,0.0153
2026-08-12 14:37:48,725.21,2026-08-12,719.0,5.85,5.88,6.14,82,392,,,,,
2026-08-12 14:37:48,725.21,2026-08-12,720.0,4.89,4.93,5.79,283,1518,,,,,
2026-08-12 14:37:48,725.21,2026-08-12,721.0,4.41,4.5,4.28,490,1317,0.2059,0.8746,0.05581,-0.25,0.0371
2026-08-12 14:37:48,725.21,2026-08-12,722.0,3.6,3.75,3.75,3824,2460,0.2184,0.7958,0.07228,-0.47,0.0509
2026-08-12 14:37:48,725.21,2026-08-12,723.0,2.62,2.63,2.78,153,2517,0.1676,0.771,0.10064,-0.42,0.0544
2026-08-12 14:37:48,725.21,2026-08-12,724.0,1.99,2.009,2.12,1284,1736,0.1812,0.6476,0.11415,-0.7945,0.0667
2026-08-12 14:37:48,725.21,2026-08-12,725.0,1.67,1.7,1.66,27140,4262,0.2193,0.5238,0.10115,-1.48,0.0715
2026-08-12 14:37:48,725.21,2026-08-12,726.0,1.13,1.14,1.19,49586,971,0.208,0.4188,0.10459,-1.135,0.0701
2026-08-12 14:37:48,725.21,2026-08-12,727.0,0.68,0.69,0.76,220,1404,0.1948,0.3069,0.10042,-0.685,0.0631
2026-08-12 14:37:48,725.21,2026-08-12,728.0,0.4,0.45,0.46,191,2306,0.1944,0.2144,0.08357,-0.425,0.0524
2026-08-12 14:37:48,725.21,2026-08-12,729.0,0.24,0.25,0.33,579,380,0.1931,0.1392,0.06395,-0.245,0.0398
2026-08-12 14:37:48,725.21,2026-08-12,730.0,0.16,0.21,0.21,27981,3893,0.2095,0.1034,0.04779,-0.185,0.0323
2026-08-12 14:37:48,725.21,2026-08-12,731.0,0.11,0.12,0.11,22,626,0.2145,0.068,0.03409,-0.115,0.0236
2026-08-12 14:37:48,725.21,2026-08-12,732.0,0.07,0.08,0.1,267,558,0.2222,0.0457,0.02407,-0.075,0.0172
2026-08-12 14:37:48,725.21,2026-08-12,733.0,0.01,0.02,0.07,631,515,0.1921,0.0125,0.00941,-0.015,0.0058
2026-08-12 14:37:48,725.21,2026-08-12,734.0,0.04,0.05,0.02,325,440,0.2504,0.0264,0.01359,-0.045,0.011
2026-08-12 14:37:48,725.21,2026-08-12,735.0,0.01,0.04,0.03,2821,4149,0.2507,0.0156,0.00871,-0.025,0.007
2026-08-12 14:37:48,725.21,2026-08-12,736.0,0.03,0.04,0.04,1984,225,0.2859,0.0188,0.00893,-0.035,0.0082
2026-08-12 14:37:48,725.21,2026-08-12,737.0,0,0.03,0.05,3,750,0.3253,0.023,0.00932,-0.05,0.0098
2026-08-12 14:37:48,725.21,2026-08-12,738.0,0,0.01,0.01,1874,280,0.2814,0.0062,0.00344,-0.01,0.0031
2026-08-12 14:37:48,725.21,2026-08-12,739.0,0,0.01,0.01,450,4963,0.3006,0.0058,0.00305,-0.01,0.003
2026-08-12 14:37:48,725.21,2026-08-12,740.0,0,0.03,0.02,1649,2717,0.3469,0.0095,0.00411,-0.02,0.0046
2026-08-12 14:38:48,725.38,2026-08-12,711.0,13.56,14.08,8.09,83,110,,,,,
2026-08-12 14:38:48,725.38,2026-08-12,712.0,12.09,13.85,12.32,3,175,,,,,
2026-08-12 14:38:48,725.38,2026-08-12,713.0,11.56,12.78,11.36,32,141,,,,,
2026-08-12 14:38:48,725.38,2026-08-12,714.0,10.23,11.56,10.67,58,319,,,,,
2026-08-12 14:38:48,725.38,2026-08-12,715.0,9.37,10.51,12.04,6,1322,,,,,
2026-08-12 14:38:48,725.38,2026-08-12,716.0,8.39,9.67,9.79,2,571,,,,,
2026-08-12 14:38:48,725.38,2026-08-12,717.0,8.02,8.32,7.85,20,648,,,,,
2026-08-12 14:38:48,725.38,2026-08-12,718.0,7.49,7.54,6.9,844,351,0.2635,0.9426,0.02434,-0.135,0.0206
2026-08-12 14:38:48,725.38,2026-08-12,719.0,6.21,6.54,6.14,82,392,,,,,
2026-08-12 14:38:48,725.38,2026-08-12,720.0,5.51,5.68,5.79,283,1518,0.2347,0.9015,0.04123,-0.215,0.0311
2026-08-12 14:38:48,725.38,2026-08-12,721.0,4.67,4.72,4.67,513,1317,0.2292,0.8592,0.05438,-0.315,0.0401
2026-08-12 14:38:48,725.38,2026-08-12,722.0,3.85,3.92,3.68,3829,2460,0.2327,0.7937,0.06835,-0.505,0.0511
2026-08-12 14:38:48,725.38,2026-08-12,723.0,2.97,3.02,2.78,153,2517,0.2101,0.7391,0.08627,-0.615,0.0583
2026-08-12 14:38:48,725.38,2026-08-12,724.0,2.35,2.38,2.35,1350,1736,0.2193,0.6401,0.09513,-0.985,0.0671
2026-08-12 14:38:48,725.38,2026-08-12,725.0,1.79,1.86,1.83,28320,4262,0.2262,0.5403,0.09786,-1.445,0.0712
2026-08-12 14:38:48,725.38,2026-08-12,726.0,1.31,1.32,1.31,50233,971,0.2232,0.4414,0.09859,-1.315,0.0708
2026-08-12 14:38:48,725.38,2026-08-12,727.0,0.81,0.82,0.76,220,1404,0.2066,0.3339,0.09821,-0.815,0.0652
2026-08-12 14:38:48,725.38,2026-08-12,728.0,0.55,0.56,0.46,191,2306,0.2111,0.2472,0.08345,-0.555,0.0566
2026-08-12 14:38:48,725.38,2026-08-12,729.0,0.35,0.36,0.33,579,380,0.2126,0.1737,0.0673,-0.355,0.046
2026-08-12 14:38:48,725.38,2026-08-12,730.0,0.23,0.24,0.21,28087,3893,0.2187,0.1217,0.0515,-0.235,0.0362
2026-08-12 14:38:48,725.38,2026-08-12,731.0,0.13,0.14,0.11,22,626,0.2178,0.077,0.03696,-0.135,0.0259
2026-08-12 14:38:48,725.38,2026-08-12,732.0,0.04,0.05,0.1,267,558,0.1982,0.0324,0.02041,-0.045,0.013
2026-08-12 14:38:48,725.38,2026-08-12,733.0,0.05,0.06,0.07,631,515,0.2305,0.0339,0.0182,-0.055,0.0135
2026-08-12 14:38:48,725.38,2026-08-12,734.0,0.01,0.02,0.02,325,440,0.2098,0.0116,0.00806,-0.015,0.0054
2026-08-12 14:38:48,725.38,2026-08-12,735.0,0.01,0.02,0.02,2916,4149,0.2307,0.0106,0.0068,-0.015,0.005
2026-08-12 14:38:48,725.38,2026-08-12,736.0,0.03,0.04,0.04,1984,225,0.2824,0.019,0.00915,-0.035,0.0083
2026-08-12 14:38:48,725.38,2026-08-12,737.0,0,0.01,0.05,3,750,0.3217,0.0232,0.00952,-0.05,0.0099
2026-08-12 14:38:48,725.38,2026-08-12,738.0,0,0.03,0.01,1874,280,0.2783,0.0062,0.00352,-0.01,0.0031
2026-08-12 14:38:48,725.38,2026-08-12,739.0,0,0.03,0.01,450,4963,0.2976,0.0059,0.00312,-0.01,0.003
2026-08-12 14:38:48,725.38,2026-08-12,740.0,0,0.01,0.02,1649,2717,0.3439,0.0096,0.00418,-0.02,0.0046
2026-08-12 14:39:49,725.08,2026-08-12,711.0,13.78,14.75,8.09,83,110,0.4766,0.9531,0.0115,-0.185,0.0176
2026-08-12 14:39:49,725.08,2026-08-12,712.0,12.31,13.58,12.32,3,175,,,,,
2026-08-12 14:39:49,725.08,2026-08-12,713.0,11.48,12.82,11.36,32,141,0.3408,0.9775,0.00877,-0.07,0.0096
2026-08-12 14:39:49,725.08,2026-08-12,714.0,10.37,11.86,10.67,58,319,0.2689,0.99,0.00553,-0.035,0.0048
2026-08-12 14:39:49,725.08,2026-08-12,715.0,9.37,10.51,12.04,6,1322,,,,,
2026-08-12 14:39:49,725.08,2026-08-12,716.0,9.02,9.61,9.79,2,571,0.357,0.9247,0.02222,-0.235,0.0254
2026-08-12 14:39:49,725.08,2026-08-12,717.0,7.96,8.54,7.85,20,648,0.3003,0.9356,0.02341,-0.17,0.0225
2026-08-12 14:39:49,725.08,2026-08-12,718.0,7.07,7.38,7.58,852,351,0.2602,0.9376,0.02637,-0.145,0.022
2026-08-12 14:39:49,725.08,2026-08-12,719.0,6.32,6.44,6.14,82,392,0.284,0.8865,0.03782,-0.3,0.0344
2026-08-12 14:39:49,725.08,2026-08-12,720.0,5.27,5.39,5.51,284,1518,0.2362,0.8876,0.0452,-0.25,0.0342
2026-08-12 14:39:49,725.08,2026-08-12,721.0,4.5,4.54,4.84,536,1317,0.2475,0.8241,0.05839,-0.44,0.0463
2026-08-12 14:39:49,725.08,2026-08-12,722.0,3.63,3.64,3.85,3833,2460,0.2303,0.7753,0.07272,-0.555,0.0536
2026-08-12 14:39:49,725.08,2026-08-12,723.0,2.92,2.99,2.97,168,2517,0.239,0.6895,0.08254,-0.875,0.0632
2026-08-12 14:39:49,725.08,2026-08-12,724.0,2.26,2.29,2.35,1501,1736,0.2338,0.6048,0.09202,-1.195,0.0689
2026-08-12 14:39:49,725.08,2026-08-12,725.0,1.61,1.64,1.68,28890,4262,0.2206,0.5111,0.101,-1.545,0.0714
2026-08-12 14:39:49,725.08,2026-08-12,726.0,1.13,1.19,1.15,50532,971,0.2197,0.4105,0.0989,-1.16,0.0696
2026-08-12 14:39:49,725.08,2026-08-12,727.0,0.81,0.82,0.81,296,1404,0.2221,0.3174,0.08967,-0.815,0.0638
2026-08-12 14:39:49,725.08,2026-08-12,728.0,0.55,0.56,0.55,212,2306,0.2244,0.2364,0.07676,-0.555,0.0552
2026-08-12 14:39:49,725.08,2026-08-12,729.0,0.29,0.34,0.35,599,380,0.2151,0.1567,0.06236,-0.315,0.043
2026-08-12 14:39:49,725.08,2026-08-12,730.0,0.17,0.22,0.21,28202,3893,0.2173,0.1051,0.04678,-0.195,0.0326
2026-08-12 14:39:49,725.08,2026-08-12,731.0,0.09,0.14,0.13,25,626,0.2188,0.067,0.03317,-0.115,0.0232
2026-08-12 14:39:49,725.08,2026-08-12,732.0,0.04,0.05,0.05,281,558,0.206,0.0314,0.01916,-0.045,0.0126
2026-08-12 14:39:49,725.08,2026-08-12,733.0,0.02,0.03,0.05,648,515,0.2099,0.0184,0.01198,-0.025,0.0081
2026-08-12 14:39:49,725.08,2026-08-12,734.0,0.04,0.05,0.02,327,440,0.2542,0.0261,0.01332,-0.045,0.0108
2026-08-12 14:39:49,725.08,2026-08-12,735.0,0.03,0.04,0.03,2940,4149,0.2671,0.02,0.01012,-0.035,0.0087
2026-08-12 14:39:49,725.08,2026-08-12,736.0,0.03,0.04,0.04,1984,225,0.2897,0.0186,0.00878,-0.035,0.0081
2026-08-12 14:39:49,725.08,2026-08-12,737.0,0,0.03,0.01,10,750,0.2653,0.0065,0.00385,-0.01,0.0033
2026-08-12 14:39:49,725.08,2026-08-12,738.0,0,0.01,0.01,1874,280,0.2847,0.0061,0.00339,-0.01,0.0031
2026-08-12 14:39:49,725.08,2026-08-12,739.0,0,0.01,0.01,450,4963,0.304,0.0058,0.00301,-0.01,0.0029
2026-08-12 14:39:49,725.08,2026-08-12,740.0,0,0.01,0.02,1649,2717,0.3506,0.0095,0.00406,-0.02,0.0046
2026-08-12 14:40:49,725.32,2026-08-12,711.0,13.71,14.78,8.09,83,110,,,,,
2026-08-12 14:40:49,725.32,2026-08-12,712.0,12.19,13.39,12.32,3,175,,,,,
2026-08-12 14:40:49,725.32,2026-08-12,713.0,11.42,12.49,11.36,32,141,,,,,
2026-08-12 14:40:49,725.32,2026-08-12,714.0,10.61,11.78,10.67,58,319,,,,,
2026-08-12 14:40:49,725.32,2026-08-12,715.0,9.96,10.51,12.04,6,1322,,,,,
2026-08-12 14:40:49,725.32,2026-08-12,716.0,9.29,9.45,9.79,2,571,0.2536,0.9811,0.01018,-0.05,0.0082
2026-08-12 14:40:49,725.32,2026-08-12,717.0,8.24,8.55,7.85,20,648,0.2533,0.9682,0.01576,-0.075,0.0128
2026-08-12 14:40:49,725.32,2026-08-12,718.0,7.44,7.68,7.38,861,351,0.3053,0.9124,0.02918,-0.24,0.0285
2026-08-12 14:40:49,725.32,2026-08-12,719.0,6.28,6.64,6.14,82,392,0.2363,0.9345,0.0302,-0.14,0.0228
2026-08-12 14:40:49,725.32,2026-08-12,720.0,5.56,5.64,5.51,284,1518,0.2532,0.8825,0.04357,-0.28,0.0352
2026-08-12 14:40:49,725.32,2026-08-12,721.0,4.77,4.8,4.66,537,1317,0.2624,0.8241,0.05514,-0.465,0.0462
2026-08-12 14:40:49,725.32,2026-08-12,722.0,3.84,3.9,3.85,3859,2460,0.2397,0.7835,0.06847,-0.55,0.0524
2026-08-12 14:40:49,725.32,2026-08-12,723.0,3.08,3.12,2.97,168,2517,0.2356,0.712,0.08101,-0.78,0.061
2026-08-12 14:40:49,725.32,2026-08-12,724.0,2.36,2.39,2.35,1501,1736,0.2271,0.6304,0.09297,-1.055,0.0675
2026-08-12 14:40:49,725.32,2026-08-12,725.0,1.81,1.82,1.84,29436,4262,0.23,0.534,0.09667,-1.495,0.071
2026-08-12 14:40:49,725.32,2026-08-12,726.0,1.24,1.3,1.31,51339,971,0.2213,0.4347,0.09952,-1.27,0.0703
2026-08-12 14:40:49,725.32,2026-08-12,727.0,0.88,0.89,0.81,296,1404,0.2211,0.3383,0.09254,-0.885,0.0654
2026-08-12 14:40:49,725.32,2026-08-12,728.0,0.57,0.59,0.55,212,2306,0.2188,0.2494,0.08114,-0.58,0.0567
2026-08-12 14:40:49,725.32,2026-08-12,729.0,0.37,0.38,0.35,599,380,0.2199,0.1771,0.06609,-0.375,0.0464
2026-08-12 14:40:49,725.32,2026-08-12,730.0,0.19,0.24,0.24,28354,3893,0.2158,0.1147,0.05023,-0.215,0.0346
2026-08-12 14:40:49,725.32,2026-08-12,731.0,0.14,0.15,0.13,25,626,0.2241,0.08,0.03712,-0.145,0.0266
2026-08-12 14:40:49,725.32,2026-08-12,732.0,0.08,0.09,0.05,281,558,0.2257,0.0504,0.02574,-0.085,0.0186
2026-08-12 14:40:49,725.32,2026-08-12,733.0,0.02,0.07,0.05,648,515,0.2248,0.0291,0.01651,-0.045,0.0119
2026-08-12 14:40:49,725.32,2026-08-12,734.0,0.01,0.05,0.02,327,440,0.2334,0.0197,0.01144,-0.03,0.0085
2026-08-12 14:40:49,725.32,2026-08-12,735.0,0.03,0.04,0.02,3147,4149,0.262,0.0204,0.0105,-0.035,0.0088
2026-08-12 14:40:49,725.32,2026-08-12,736.0,0.03,0.04,0.04,1984,225,0.2846,0.0189,0.00908,-0.035,0.0083
2026-08-12 14:40:49,725.32,2026-08-12,737.0,0,0.01,0.01,10,750,0.2609,0.0066,0.00398,-0.01,0.0033
2026-08-12 14:40:49,725.32,2026-08-12,738.0,0,0.03,0.01,1874,280,0.2804,0.0062,0.00349,-0.01,0.0031
2026-08-12 14:40:49,725.32,2026-08-12,739.0,0,0.03,0.01,450,4963,0.2998,0.0058,0.00309,-0.01,0.003
2026-08-12 14:40:49,725.32,2026-08-12,740.0,0,0.01,0.02,1649,2717,0.3462,0.0096,0.00416,-0.02,0.0046
2026-08-12 14:41:50,725.49,2026-08-12,711.0,13.71,14.78,8.09,83,110,,,,,
2026-08-12 14:41:50,725.49,2026-08-12,712.0,12.49,13.9,12.32,3,175,,,,,
2026-08-12 14:41:50,725.49,2026-08-12,713.0,11.73,12.78,11.36,32,141,,,,,
2026-08-12 14:41:50,725.49,2026-08-12,714.0,10.58,11.69,11.31,60,319,,,,,
2026-08-12 14:41:50,725.49,2026-08-12,715.0,9.96,10.51,12.04,6,1322,,,,,
2026-08-12 14:41:50,725.49,2026-08-12,716.0,9.29,9.45,9.79,2,571,,,,,
2026-08-12 14:41:50,725.49,2026-08-12,717.0,8.09,8.48,7.85,20,648,,,,,
2026-08-12 14:41:50,725.49,2026-08-12,718.0,7.2,7.33,7.52,862,351,,,,,
2026-08-12 14:41:50,725.49,2026-08-12,719.0,6.28,6.64,6.14,82,392,,,,,
2026-08-12 14:41:50,725.49,2026-08-12,720.0,5.56,5.64,5.51,284,1518,0.1991,0.9404,0.03333,-0.11,0.0211
2026-08-12 14:41:50,725.49,2026-08-12,721.0,4.64,4.69,4.77,539,1317,0.1944,0.9042,0.04901,-0.175,0.0303
2026-08-12 14:41:50,725.49,2026-08-12,722.0,3.76,3.8,3.86,3872,2460,0.1921,0.8481,0.06858,-0.29,0.042
2026-08-12 14:41:50,725.49,2026-08-12,723.0,3.08,3.12,2.97,168,2517,0.2151,0.7444,0.08372,-0.61,0.0574
2026-08-12 14:41:50,725.49,2026-08-12,724.0,2.36,2.39,2.39,1540,1736,0.2111,0.6567,0.09761,-0.885,0.0656
2026-08-12 14:41:50,725.49,2026-08-12,725.0,1.67,1.73,1.72,30076,4262,0.2011,0.5574,0.11001,-1.21,0.0705
2026-08-12 14:41:50,725.49,2026-08-12,726.0,1.17,1.22,1.18,52547,971,0.2003,0.4464,0.11055,-1.195,0.0706
2026-08-12 14:41:50,725.49,2026-08-12,727.0,0.88,0.89,0.81,296,1404,0.2126,0.3483,0.09744,-0.885,0.066
2026-08-12 14:41:50,725.49,2026-08-12,728.0,0.57,0.59,0.55,212,2306,0.2117,0.256,0.08518,-0.58,0.0574
2026-08-12 14:41:50,725.49,2026-08-12,729.0,0.37,0.38,0.38,624,380,0.2137,0.1813,0.0691,-0.375,0.0471
2026-08-12 14:41:50,725.49,2026-08-12,730.0,0.22,0.23,0.23,28468,3893,0.2133,0.1203,0.05264,-0.225,0.0358
2026-08-12 14:41:50,725.49,2026-08-12,731.0,0.14,0.15,0.13,25,626,0.2193,0.0816,0.03854,-0.145,0.0269
2026-08-12 14:41:50,725.49,2026-08-12,732.0,0.08,0.09,0.05,281,558,0.2215,0.0513,0.02665,-0.085,0.0188
2026-08-12 14:41:50,725.49,2026-08-12,733.0,0.02,0.07,0.06,649,515,0.2209,0.0296,0.01705,-0.045,0.012
2026-08-12 14:41:50,725.49,2026-08-12,734.0,0.04,0.05,0.02,327,440,0.2451,0.027,0.01425,-0.045,0.0111
2026-08-12 14:41:50,725.49,2026-08-12,735.0,0.03,0.04,0.02,3147,4149,0.2584,0.0206,0.01078,-0.035,0.0089
2026-08-12 14:41:50,725.49,2026-08-12,736.0,0.03,0.04,0.04,1984,225,0.2812,0.0191,0.00929,-0.035,0.0083
2026-08-12 14:41:50,725.49,2026-08-12,737.0,0,0.01,0.01,10,750,0.2579,0.0067,0.00407,-0.01,0.0033
2026-08-12 14:41:50,725.49,2026-08-12,738.0,0,0.01,0.01,1875,280,0.2775,0.0063,0.00357,-0.01,0.0032
2026-08-12 14:41:50,725.49,2026-08-12,739.0,0,0.03,0.01,450,4963,0.2969,0.0059,0.00316,-0.01,0.003
2026-08-12 14:41:50,725.49,2026-08-12,740.0,0,0.01,0.02,1649,2717,0.3432,0.0097,0.00423,-0.02,0.0046
2026-08-12 14:42:53,724.87,2026-08-12,710.0,14.04,15.34,9.15,344,1083,,,,,
2026-08-12 14:42:53,724.87,2026-08-12,711.0,13.51,14.52,8.09,83,110,0.452,0.9597,0.01077,-0.15,0.0154
2026-08-12 14:42:53,724.87,2026-08-12,712.0,12.47,13.53,12.32,3,175,0.4155,0.961,0.01142,-0.135,0.015
2026-08-12 14:42:53,724.87,2026-08-12,713.0,11.32,12.07,11.36,32,141,,,,,
2026-08-12 14:42:53,724.87,2026-08-12,714.0,10.83,11.66,11.31,60,319,0.4672,0.9073,0.01996,-0.38,0.0296
2026-08-12 14:42:53,724.87,2026-08-12,715.0,9.84,10.74,12.04,6,1322,0.4491,0.8943,0.02284,-0.425,0.0325
2026-08-12 14:42:53,724.87,2026-08-12,716.0,8.96,9.49,9.79,2,571,0.396,0.8984,0.02518,-0.36,0.0316
2026-08-12 14:42:53,724.87,2026-08-12,717.0,8,8.35,8.68,21,648,0.3475,0.9007,0.02822,-0.31,0.0311
2026-08-12 14:42:53,724.87,2026-08-12,718.0,7.04,7.41,7.52,862,351,0.3293,0.8817,0.03377,-0.36,0.0353
2026-08-12 14:42:53,724.87,2026-08-12,719.0,6.03,6.44,6.14,82,392,0.2975,0.8684,0.04027,-0.37,0.038
2026-08-12 14:42:53,724.87,2026-08-12,720.0,5.2,5.32,5.64,328,1518,0.268,0.8485,0.04918,-0.395,0.0418
2026-08-12 14:42:53,724.87,2026-08-12,721.0,4.36,4.44,4.71,568,1317,0.2601,0.8007,0.06033,-0.535,0.0497
2026-08-12 14:42:53,724.87,2026-08-12,722.0,3.56,3.67,3.64,3885,2460,0.2569,0.7372,0.07129,-0.75,0.0581
2026-08-12 14:42:53,724.87,2026-08-12,723.0,2.84,2.86,2.97,168,2517,0.2466,0.6674,0.08275,-0.985,0.0647
2026-08-12 14:42:53,724.87,2026-08-12,724.0,2.16,2.18,2.18,1616,1736,0.2383,0.5837,0.09196,-1.305,0.0695
2026-08-12 14:42:53,724.87,2026-08-12,725.0,1.55,1.6,1.61,30822,4262,0.2298,0.4898,0.09747,-1.575,0.071
2026-08-12 14:42:53,724.87,2026-08-12,726.0,1.07,1.08,1.08,53956,971,0.2209,0.3894,0.0975,-1.075,0.0683
2026-08-12 14:42:53,724.87,2026-08-12,727.0,0.71,0.76,0.81,296,1404,0.2209,0.2965,0.08792,-0.735,0.0616
2026-08-12 14:42:53,724.87,2026-08-12,728.0,0.49,0.5,0.55,212,2306,0.2234,0.218,0.07404,-0.495,0.0524
2026-08-12 14:42:53,724.87,2026-08-12,729.0,0.27,0.28,0.28,693,380,0.2142,0.1415,0.05879,-0.275,0.0399
2026-08-12 14:42:53,724.87,2026-08-12,730.0,0.19,0.2,0.21,28888,3893,0.2253,0.1024,0.04451,-0.195,0.0318
2026-08-12 14:42:53,724.87,2026-08-12,731.0,0.08,0.09,0.13,25,626,0.2118,0.0535,0.02884,-0.085,0.0194
2026-08-12 14:42:53,724.87,2026-08-12,732.0,0.08,0.09,0.09,352,558,0.2388,0.0482,0.02356,-0.085,0.0178
2026-08-12 14:42:53,724.87,2026-08-12,733.0,0.02,0.03,0.03,656,515,0.2159,0.018,0.01151,-0.025,0.0079
2026-08-12 14:42:53,724.87,2026-08-12,734.0,0.01,0.02,0.04,337,440,0.2222,0.0111,0.00737,-0.015,0.0052
2026-08-12 14:42:53,724.87,2026-08-12,735.0,0.03,0.04,0.02,3148,4149,0.2734,0.0197,0.00981,-0.035,0.0085
2026-08-12 14:42:53,724.87,2026-08-12,736.0,0.01,0.04,0.04,1984,225,0.2821,0.0142,0.00718,-0.025,0.0064
2026-08-12 14:42:53,724.87,2026-08-12,737.0,0,0.03,0.01,10,750,0.2708,0.0064,0.00374,-0.01,0.0032
2026-08-12 14:42:53,724.87,2026-08-12,738.0,0,0.03,0.01,1876,280,0.2904,0.006,0.0033,-0.01,0.003
2026-08-12 14:42:53,724.87,2026-08-12,739.0,0,0.03,0.01,450,4963,0.3097,0.0057,0.00294,-0.01,0.0029
2026-08-12 14:43:53,724.9,2026-08-12,710.0,14.23,15.79,9.15,344,1083,0.4463,0.9717,0.00817,-0.105,0.0115
2026-08-12 14:43:53,724.9,2026-08-12,711.0,13.39,14.91,8.09,83,110,0.5064,0.9416,0.01296,-0.245,0.0207
2026-08-12 14:43:53,724.9,2026-08-12,712.0,12.37,13.44,12.32,3,175,,,,,
2026-08-12 14:43:53,724.9,2026-08-12,713.0,11.56,12.01,11.36,32,141,,,,,
2026-08-12 14:43:53,724.9,2026-08-12,714.0,10.84,11.39,11.63,61,319,0.4029,0.9384,0.01697,-0.21,0.0216
2026-08-12 14:43:53,724.9,2026-08-12,715.0,10.1,10.67,12.04,6,1322,0.4677,0.8864,0.02314,-0.48,0.0342
2026-08-12 14:43:53,724.9,2026-08-12,716.0,9.04,9.56,9.79,2,571,0.4088,0.8926,0.02543,-0.395,0.0329
2026-08-12 14:43:53,724.9,2026-08-12,717.0,8.17,8.22,8.46,23,648,0.3427,0.9052,0.0277,-0.29,0.03
2026-08-12 14:43:53,724.9,2026-08-12,718.0,6.89,7.37,7.25,868,351,0.2887,0.9129,0.03087,-0.225,0.0282
2026-08-12 14:43:53,724.9,2026-08-12,719.0,6.16,6.67,6.14,82,392,0.3341,0.8427,0.04051,-0.51,0.0428
2026-08-12 14:43:53,724.9,2026-08-12,720.0,5.19,5.45,5.45,328,1518,0.2747,0.845,0.0488,-0.415,0.0424
2026-08-12 14:43:53,724.9,2026-08-12,721.0,4.42,4.46,4.46,600,1317,0.2621,0.8016,0.05978,-0.535,0.0495
2026-08-12 14:43:53,724.9,2026-08-12,722.0,3.59,3.63,3.63,3888,2460,0.2513,0.745,0.07187,-0.705,0.0571
2026-08-12 14:43:53,724.9,2026-08-12,723.0,2.79,2.81,2.97,168,2517,0.235,0.6787,0.08576,-0.895,0.0637
2026-08-12 14:43:53,724.9,2026-08-12,724.0,2.19,2.2,2.2,1740,1736,0.2389,0.5873,0.09168,-1.29,0.0692
2026-08-12 14:43:53,724.9,2026-08-12,725.0,1.54,1.55,1.59,31692,4262,0.2232,0.4934,0.10054,-1.545,0.0709
2026-08-12 14:43:53,724.9,2026-08-12,726.0,1.07,1.08,1.08,54883,971,0.219,0.3922,0.09872,-1.075,0.0683
2026-08-12 14:43:53,724.9,2026-08-12,727.0,0.74,0.75,0.81,296,1404,0.221,0.2998,0.08848,-0.745,0.0618
2026-08-12 14:43:53,724.9,2026-08-12,728.0,0.44,0.49,0.55,212,2306,0.2164,0.2132,0.07559,-0.465,0.0517
2026-08-12 14:43:53,724.9,2026-08-12,729.0,0.27,0.32,0.32,760,380,0.2181,0.1478,0.05956,-0.295,0.041
2026-08-12 14:43:53,724.9,2026-08-12,730.0,0.2,0.21,0.2,29130,3893,0.2275,0.106,0.04528,-0.205,0.0326
2026-08-12 14:43:53,724.9,2026-08-12,731.0,0.08,0.13,0.13,25,626,0.2208,0.0619,0.03111,-0.105,0.0217
2026-08-12 14:43:53,724.9,2026-08-12,732.0,0.08,0.09,0.09,395,558,0.2381,0.0484,0.02374,-0.085,0.0179
2026-08-12 14:43:53,724.9,2026-08-12,733.0,0.02,0.07,0.07,673,515,0.2361,0.028,0.01531,-0.045,0.0114
2026-08-12 14:43:53,724.9,2026-08-12,734.0,0.04,0.05,0.04,344,440,0.2601,0.0257,0.01295,-0.045,0.0106
2026-08-12 14:43:53,724.9,2026-08-12,735.0,0.03,0.04,0.03,3167,4149,0.2729,0.0197,0.00987,-0.035,0.0085
2026-08-12 14:43:53,724.9,2026-08-12,736.0,0.03,0.04,0.04,1984,225,0.2956,0.0184,0.00858,-0.035,0.008
2026-08-12 14:43:53,724.9,2026-08-12,737.0,0,0.01,0.01,16,750,0.2705,0.0064,0.00376,-0.01,0.0032
2026-08-12 14:43:53,724.9,2026-08-12,738.0,0,0.01,0.01,1876,280,0.29,0.006,0.00332,-0.01,0.003
2026-08-12 14:43:53,724.9,2026-08-12,739.0,0,0.01,0.01,450,4963,0.3094,0.0057,0.00295,-0.01,0.0029
2026-08-12 14:44:54,725.21,2026-08-12,711.0,13.98,14.5,8.09,83,110,0.3246,0.9937,0.00306,-0.03,0.0031
2026-08-12 14:44:54,725.21,2026-08-12,712.0,12.1,13.64,12.32,3,175,,,,,
2026-08-12 14:44:54,725.21,2026-08-12,713.0,11.38,12.76,11.36,32,141,,,,,
2026-08-12 14:44:54,725.21,2026-08-12,714.0,11.18,11.46,11.63,61,319,0.3559,0.9637,0.0126,-0.11,0.0141
2026-08-12 14:44:54,725.21,2026-08-12,715.0,10.1,10.67,12.04,6,1322,0.3666,0.9437,0.0174,-0.175,0.0201
2026-08-12 14:44:54,725.21,2026-08-12,716.0,9.04,9.56,9.79,2,571,0.2894,0.9649,0.01506,-0.09,0.0137
2026-08-12 14:44:54,725.21,2026-08-12,717.0,8.189,8.79,8.46,23,648,0.3493,0.9096,0.02626,-0.2795,0.0289
2026-08-12 14:44:54,725.21,2026-08-12,718.0,6.74,7.5,7.25,868,351,,,,,
2026-08-12 14:44:54,725.21,2026-08-12,719.0,6.16,6.67,6.14,82,392,0.2602,0.9127,0.03438,-0.205,0.0282
2026-08-12 14:44:54,725.21,2026-08-12,720.0,5.19,5.45,5.45,329,1518,0.1922,0.9382,0.03572,-0.11,0.0216
2026-08-12 14:44:54,725.21,2026-08-12,721.0,4.55,4.7,4.33,602,1317,0.2489,0.8321,0.05679,-0.415,0.0446
2026-08-12 14:44:54,725.21,2026-08-12,722.0,3.81,3.92,3.51,3906,2460,0.2562,0.7625,0.06794,-0.655,0.0549
2026-08-12 14:44:54,725.21,2026-08-12,723.0,2.79,2.81,2.97,168,2517,0.2001,0.7359,0.09203,-0.59,0.0581
2026-08-12 14:44:54,725.21,2026-08-12,724.0,2.4,2.42,2.2,1776,1736,0.2439,0.6129,0.08839,-1.2,0.068
2026-08-12 14:44:54,725.21,2026-08-12,725.0,1.73,1.74,1.79,32348,4262,0.2285,0.5236,0.09817,-1.525,0.0707
2026-08-12 14:44:54,725.21,2026-08-12,726.0,1.26,1.27,1.26,55841,971,0.2288,0.4258,0.0965,-1.265,0.0696
2026-08-12 14:44:54,725.21,2026-08-12,727.0,0.74,0.75,0.81,296,1404,0.2063,0.3155,0.09703,-0.745,0.0631
2026-08-12 14:44:54,725.21,2026-08-12,728.0,0.44,0.49,0.55,212,2306,0.204,0.2233,0.08244,-0.465,0.053
2026-08-12 14:44:54,725.21,2026-08-12,729.0,0.27,0.32,0.32,776,380,0.2073,0.1541,0.06447,-0.295,0.0421
2026-08-12 14:44:54,725.21,2026-08-12,730.0,0.17,0.18,0.18,29385,3893,0.2086,0.1,0.04739,-0.175,0.0312
2026-08-12 14:44:54,725.21,2026-08-12,731.0,0.08,0.13,0.13,25,626,0.2124,0.0641,0.03324,-0.105,0.0223
2026-08-12 14:44:54,725.21,2026-08-12,732.0,0.04,0.05,0.09,396,558,0.2044,0.0318,0.01968,-0.045,0.0127
2026-08-12 14:44:54,725.21,2026-08-12,733.0,0.02,0.07,0.07,673,515,0.2289,0.0288,0.01618,-0.045,0.0117
2026-08-12 14:44:54,725.21,2026-08-12,734.0,0.01,0.05,0.04,344,440,0.2375,0.0195,0.01123,-0.03,0.0084
2026-08-12 14:44:54,725.21,2026-08-12,735.0,0.01,0.02,0.03,3178,4149,0.2365,0.0105,0.00662,-0.015,0.0049
2026-08-12 14:44:54,725.21,2026-08-12,736.0,0.03,0.04,0.04,1984,225,0.289,0.0188,0.00894,-0.035,0.0081
2026-08-12 14:44:54,725.21,2026-08-12,737.0,0,0.01,0.01,16,750,0.2648,0.0066,0.00392,-0.01,0.0033
2026-08-12 14:44:54,725.21,2026-08-12,738.0,0,0.03,0.01,1876,280,0.2844,0.0062,0.00344,-0.01,0.0031
2026-08-12 14:44:54,725.21,2026-08-12,739.0,0,0.01,0.01,450,4963,0.3039,0.0058,0.00305,-0.01,0.0029
2026-08-12 14:44:54,725.21,2026-08-12,740.0,0,0.01,0.02,1649,2717,0.3507,0.0095,0.00411,-0.02,0.0045
2026-08-12 14:45:54,725.53,2026-08-12,711.0,13.73,14.92,8.09,83,110,,,,,
2026-08-12 14:45:54,725.53,2026-08-12,712.0,12.42,13.55,12.32,3,175,,,,,
2026-08-12 14:45:54,725.53,2026-08-12,713.0,11.81,12.41,11.36,32,141,,,,,
2026-08-12 14:45:54,725.53,2026-08-12,714.0,11.51,11.54,11.63,61,319,,,,,
2026-08-12 14:45:54,725.53,2026-08-12,715.0,10.1,10.67,12.04,6,1322,,,,,
2026-08-12 14:45:54,725.53,2026-08-12,716.0,9.04,9.56,9.79,2,571,,,,,
2026-08-12 14:45:54,725.53,2026-08-12,717.0,8.31,8.87,8.46,23,648,0.2428,0.9773,0.01252,-0.055,0.0096
2026-08-12 14:45:54,725.53,2026-08-12,718.0,6.85,7.58,7.35,873,351,,,,,
2026-08-12 14:45:54,725.53,2026-08-12,719.0,6.16,6.67,6.14,82,392,,,,,
2026-08-12 14:45:54,725.53,2026-08-12,720.0,5.19,5.45,5.45,329,1518,,,,,
2026-08-12 14:45:54,725.53,2026-08-12,721.0,4.73,4.85,4.33,602,1317,0.2213,0.8782,0.05148,-0.255,0.0358
2026-08-12 14:45:54,725.53,2026-08-12,722.0,3.77,3.85,3.88,3926,2460,0.1914,0.8536,0.0676,-0.275,0.0407
2026-08-12 14:45:54,725.53,2026-08-12,723.0,2.79,2.81,2.97,168,2517,0.1519,0.8293,0.09418,-0.265,0.045
2026-08-12 14:45:54,725.53,2026-08-12,724.0,2.33,2.36,2.2,1776,1736,0.2032,0.6678,0.10073,-0.81,0.0644
2026-08-12 14:45:54,725.53,2026-08-12,725.0,1.71,1.73,1.79,32587,4262,0.2016,0.5625,0.11019,-1.185,0.0699
2026-08-12 14:45:54,725.53,2026-08-12,726.0,1.24,1.25,1.27,57168,971,0.2059,0.4524,0.10847,-1.245,0.0703
2026-08-12 14:45:54,725.53,2026-08-12,727.0,0.74,0.75,0.81,296,1404,0.1901,0.335,0.10805,-0.745,0.0646
2026-08-12 14:45:54,725.53,2026-08-12,728.0,0.44,0.49,0.55,212,2306,0.1905,0.2356,0.09109,-0.465,0.0546
2026-08-12 14:45:54,725.53,2026-08-12,729.0,0.27,0.32,0.32,776,380,0.1957,0.1615,0.07054,-0.295,0.0434
2026-08-12 14:45:54,725.53,2026-08-12,730.0,0.21,0.22,0.22,29529,3893,0.2103,0.1179,0.05295,-0.215,0.035
2026-08-12 14:45:54,725.53,2026-08-12,731.0,0.08,0.13,0.13,25,626,0.2033,0.0665,0.0358,-0.105,0.0229
2026-08-12 14:45:54,725.53,2026-08-12,732.0,0.05,0.06,0.09,396,558,0.2037,0.0381,0.0229,-0.055,0.0147
2026-08-12 14:45:54,725.53,2026-08-12,733.0,0.02,0.07,0.07,673,515,0.2213,0.0297,0.0172,-0.045,0.012
2026-08-12 14:45:54,725.53,2026-08-12,734.0,0.04,0.05,0.04,344,440,0.2456,0.0271,0.01436,-0.045,0.0111
2026-08-12 14:45:54,725.53,2026-08-12,735.0,0.01,0.02,0.03,3188,4149,0.23,0.0108,0.00698,-0.015,0.005
2026-08-12 14:45:54,725.53,2026-08-12,736.0,0.03,0.04,0.04,1984,225,0.282,0.0192,0.00935,-0.035,0.0083
2026-08-12 14:45:54,725.53,2026-08-12,737.0,0,0.01,0.01,16,750,0.2587,0.0067,0.00409,-0.01,0.0033
2026-08-12 14:45:54,725.53,2026-08-12,738.0,0,0.01,0.01,1876,280,0.2784,0.0063,0.00359,-0.01,0.0031
2026-08-12 14:45:54,725.53,2026-08-12,739.0,0,0.03,0.01,450,4963,0.2979,0.0059,0.00317,-0.01,0.003
2026-08-12 14:45:54,725.53,2026-08-12,740.0,0,0.01,0.02,1649,2717,0.3445,0.0097,0.00425,-0.02,0.0046
2026-08-12 14:46:55,725.41,2026-08-12,711.0,14.23,14.62,8.09,83,110,,,,,
2026-08-12 14:46:55,725.41,2026-08-12,712.0,12.7,13.39,12.32,3,175,,,,,
2026-08-12 14:46:55,725.41,2026-08-12,713.0,12,12.99,12.06,33,141,0.3677,0.9732,0.00951,-0.085,0.011
2026-08-12 14:46:55,725.41,2026-08-12,714.0,11.19,12.08,11.63,61,319,0.4263,0.9372,0.01636,-0.225,0.0219
2026-08-12 14:46:55,725.41,2026-08-12,715.0,10.1,10.67,12.04,6,1322,,,,,
2026-08-12 14:46:55,725.41,2026-08-12,716.0,9.06,9.53,9.79,2,571,,,,,
2026-08-12 14:46:55,725.41,2026-08-12,717.0,8.37,8.79,8.46,23,648,0.3134,0.9372,0.02225,-0.17,0.0219
2026-08-12 14:46:55,725.41,2026-08-12,718.0,7.41,7.8,7.37,886,351,0.2943,0.9246,0.02728,-0.195,0.0252
2026-08-12 14:46:55,725.41,2026-08-12,719.0,6.35,6.66,6.14,82,392,0.2189,0.9524,0.02558,-0.095,0.0175
2026-08-12 14:46:55,725.41,2026-08-12,720.0,5.58,5.69,5.66,329,1518,0.2421,0.8987,0.04133,-0.225,0.0314
2026-08-12 14:46:55,725.41,2026-08-12,721.0,4.81,4.85,4.71,607,1317,0.2584,0.835,0.05426,-0.42,0.044
2026-08-12 14:46:55,725.41,2026-08-12,722.0,4.04,4.08,4,3956,2460,0.2648,0.7692,0.0649,-0.65,0.0539
2026-08-12 14:46:55,725.41,2026-08-12,723.0,2.79,2.81,2.79,175,2517,0.173,0.787,0.09485,-0.39,0.0514
2026-08-12 14:46:55,725.41,2026-08-12,724.0,2.42,2.52,2.48,1797,1736,0.2351,0.6355,0.09027,-1.06,0.0665
2026-08-12 14:46:55,725.41,2026-08-12,725.0,1.79,1.84,1.79,32848,4262,0.2254,0.5439,0.09937,-1.405,0.0702
2026-08-12 14:46:55,725.41,2026-08-12,726.0,1.23,1.25,1.23,59482,971,0.2135,0.441,0.10439,-1.24,0.0699
2026-08-12 14:46:55,725.41,2026-08-12,727.0,0.74,0.75,0.74,314,1404,0.1968,0.3271,0.10354,-0.745,0.0639
2026-08-12 14:46:55,725.41,2026-08-12,728.0,0.44,0.49,0.49,224,2306,0.1962,0.2307,0.08757,-0.465,0.0538
2026-08-12 14:46:55,725.41,2026-08-12,729.0,0.32,0.34,0.36,777,380,0.2086,0.1681,0.068,-0.33,0.0445
2026-08-12 14:46:55,725.41,2026-08-12,730.0,0.18,0.23,0.23,29892,3893,0.2119,0.1128,0.05102,-0.205,0.0339
2026-08-12 14:46:55,725.41,2026-08-12,731.0,0.08,0.13,0.13,36,626,0.2073,0.0656,0.03478,-0.105,0.0226
2026-08-12 14:46:55,725.41,2026-08-12,732.0,0.09,0.1,0.09,396,558,0.2307,0.0549,0.02721,-0.095,0.0197
2026-08-12 14:46:55,725.41,2026-08-12,733.0,0.02,0.03,0.07,673,515,0.2047,0.0189,0.01276,-0.025,0.0082
2026-08-12 14:46:55,725.41,2026-08-12,734.0,0.01,0.05,0.04,344,440,0.2336,0.0198,0.01162,-0.03,0.0085
2026-08-12 14:46:55,725.41,2026-08-12,735.0,0.01,0.04,0.03,3188,4149,0.2497,0.0159,0.00899,-0.025,0.007
2026-08-12 14:46:55,725.41,2026-08-12,736.0,0.03,0.04,0.04,1984,225,0.2853,0.019,0.00919,-0.035,0.0082
2026-08-12 14:46:55,725.41,2026-08-12,737.0,0,0.03,0.01,16,750,0.2616,0.0067,0.00402,-0.01,0.0033
2026-08-12 14:46:55,725.41,2026-08-12,738.0,0,0.03,0.01,1876,280,0.2813,0.0062,0.00353,-0.01,0.0031
2026-08-12 14:46:55,725.41,2026-08-12,739.0,0,0.01,0.01,450,4963,0.3009,0.0059,0.00313,-0.01,0.0029
2026-08-12 14:46:55,725.41,2026-08-12,740.0,0,0.01,0.02,1649,2717,0.3477,0.0097,0.0042,-0.02,0.0046
2026-08-12 14:47:55,724.92,2026-08-12,710.0,14.23,15.79,9.15,344,1083,0.4359,0.9753,0.0075,-0.09,0.0102
2026-08-12 14:47:55,724.92,2026-08-12,711.0,13.77,14.88,8.09,83,110,0.5773,0.9173,0.01495,-0.405,0.0269
2026-08-12 14:47:55,724.92,2026-08-12,712.0,11.52,13.78,12.32,3,175,,,,,
2026-08-12 14:47:55,724.92,2026-08-12,713.0,11.54,12.8,12.06,33,141,0.4537,0.9342,0.01598,-0.25,0.0226
2026-08-12 14:47:55,724.92,2026-08-12,714.0,10.91,12.27,11.63,61,319,0.5592,0.8692,0.02151,-0.67,0.0375
2026-08-12 14:47:55,724.92,2026-08-12,715.0,10.1,10.67,12.04,6,1322,0.4668,0.8886,0.02301,-0.465,0.0335
2026-08-12 14:47:55,724.92,2026-08-12,716.0,9.23,10.17,9.79,2,571,0.5132,0.841,0.02674,-0.78,0.0428
2026-08-12 14:47:55,724.92,2026-08-12,717.0,8.22,8.81,8.46,23,648,0.4315,0.8537,0.03008,-0.595,0.0405
2026-08-12 14:47:55,724.92,2026-08-12,718.0,7.21,7.68,7.29,886,351,0.3775,0.8532,0.03447,-0.525,0.0406
2026-08-12 14:47:55,724.92,2026-08-12,719.0,6.35,6.66,6.14,82,392,0.3541,0.8309,0.04032,-0.585,0.0445
2026-08-12 14:47:55,724.92,2026-08-12,720.0,5.55,5.66,5.66,331,1518,0.3357,0.7995,0.04729,-0.685,0.0495
2026-08-12 14:47:55,724.92,2026-08-12,721.0,4.63,4.79,4.71,607,1317,0.3135,0.7633,0.05571,-0.79,0.0545
2026-08-12 14:47:55,724.92,2026-08-12,722.0,3.85,3.89,3.84,3977,2460,0.2956,0.7148,0.06504,-0.95,0.06
2026-08-12 14:47:55,724.92,2026-08-12,723.0,2.79,2.81,2.79,181,2517,0.2349,0.6811,0.08607,-0.88,0.0631
2026-08-12 14:47:55,724.92,2026-08-12,724.0,2.36,2.37,2.42,1812,1736,0.2639,0.5811,0.08382,-1.445,0.069
2026-08-12 14:47:55,724.92,2026-08-12,725.0,1.68,1.7,1.68,32965,4262,0.2441,0.4955,0.0925,-1.69,0.0705
2026-08-12 14:47:55,724.92,2026-08-12,726.0,1.08,1.09,1.07,59889,971,0.221,0.394,0.09856,-1.085,0.068
2026-08-12 14:47:55,724.92,2026-08-12,727.0,0.74,0.75,0.75,319,1404,0.2217,0.3005,0.08886,-0.745,0.0615
2026-08-12 14:47:55,724.92,2026-08-12,728.0,0.44,0.49,0.49,333,2306,0.2172,0.2137,0.0759,-0.465,0.0514
2026-08-12 14:47:55,724.92,2026-08-12,729.0,0.3,0.35,0.32,877,380,0.2261,0.156,0.0599,-0.325,0.0423
2026-08-12 14:47:55,724.92,2026-08-12,730.0,0.14,0.19,0.15,30034,3893,0.2155,0.0931,0.04372,-0.165,0.0294
2026-08-12 14:47:55,724.92,2026-08-12,731.0,0.08,0.13,0.13,36,626,0.2218,0.062,0.0312,-0.105,0.0216
2026-08-12 14:47:55,724.92,2026-08-12,732.0,0.05,0.1,0.09,396,558,0.2334,0.0444,0.02276,-0.075,0.0166
2026-08-12 14:47:55,724.92,2026-08-12,733.0,0.06,0.07,0.07,673,515,0.2529,0.0366,0.01794,-0.065,0.0142
2026-08-12 14:47:55,724.92,2026-08-12,734.0,0.04,0.05,0.04,344,440,0.2614,0.0258,0.01298,-0.045,0.0106
2026-08-12 14:47:55,724.92,2026-08-12,735.0,0.01,0.02,0.01,3191,4149,0.2439,0.0103,0.00633,-0.015,0.0048
2026-08-12 14:47:55,724.92,2026-08-12,736.0,0.03,0.04,0.04,1984,225,0.2971,0.0184,0.00859,-0.035,0.008
2026-08-12 14:47:55,724.92,2026-08-12,737.0,0,0.03,0.01,16,750,0.2719,0.0064,0.00377,-0.01,0.0032
2026-08-12 14:47:55,724.92,2026-08-12,738.0,0,0.01,0.01,1876,280,0.2916,0.006,0.00332,-0.01,0.003
2026-08-12 14:47:55,724.92,2026-08-12,739.0,0,0.03,0.01,450,4963,0.3111,0.0057,0.00296,-0.01,0.0029
2026-08-12 14:48:56,724.95,2026-08-12,710.0,14.23,15.79,9.15,344,1083,0.4093,0.9821,0.0061,-0.065,0.0078
2026-08-12 14:48:56,724.95,2026-08-12,711.0,13.77,14.88,8.09,83,110,0.5696,0.9208,0.01469,-0.38,0.026
2026-08-12 14:48:56,724.95,2026-08-12,712.0,11.53,13.55,12.32,3,175,,,,,
2026-08-12 14:48:56,724.95,2026-08-12,713.0,11.92,12.4,11.67,34,141,0.439,0.941,0.01518,-0.215,0.0207
2026-08-12 14:48:56,724.95,2026-08-12,714.0,10.37,11.81,11.63,61,319,0.3738,0.9536,0.01475,-0.145,0.0171
2026-08-12 14:48:56,724.95,2026-08-12,715.0,10.1,10.67,10.1,7,1322,0.4608,0.8925,0.02276,-0.44,0.0326
2026-08-12 14:48:56,724.95,2026-08-12,716.0,9.23,10.17,9.23,2,571,0.509,0.844,0.02666,-0.755,0.0422
2026-08-12 14:48:56,724.95,2026-08-12,717.0,7.68,8.2,7.99,23,648,,,,,
2026-08-12 14:48:56,724.95,2026-08-12,718.0,6.63,7.06,7.05,902,351,,,,,
2026-08-12 14:48:56,724.95,2026-08-12,719.0,6.35,6.66,6.14,82,392,0.3499,0.8351,0.04021,-0.56,0.0438
2026-08-12 14:48:56,724.95,2026-08-12,720.0,5.55,5.66,5.55,331,1518,0.3321,0.8035,0.04728,-0.66,0.0488
2026-08-12 14:48:56,724.95,2026-08-12,721.0,4.26,4.3,4.63,635,1317,0.2221,0.8455,0.06071,-0.335,0.0419
2026-08-12 14:48:56,724.95,2026-08-12,722.0,3.47,3.54,3.43,4016,2460,0.2289,0.7699,0.07525,-0.56,0.0536
2026-08-12 14:48:56,724.95,2026-08-12,723.0,2.79,2.81,2.81,187,2517,0.2326,0.6852,0.08659,-0.855,0.0626
2026-08-12 14:48:56,724.95,2026-08-12,724.0,2.36,2.37,2.36,1880,1736,0.2622,0.5838,0.08437,-1.42,0.0688
2026-08-12 14:48:56,724.95,2026-08-12,725.0,1.45,1.47,1.47,34684,4262,0.2101,0.4971,0.10767,-1.46,0.0704
2026-08-12 14:48:56,724.95,2026-08-12,726.0,1.01,1.02,1.04,60866,971,0.2096,0.3906,0.10385,-1.015,0.0677
2026-08-12 14:48:56,724.95,2026-08-12,727.0,0.74,0.75,0.75,413,1404,0.2208,0.3017,0.08951,-0.745,0.0615
2026-08-12 14:48:56,724.95,2026-08-12,728.0,0.44,0.49,0.49,371,2306,0.2165,0.2145,0.07642,-0.465,0.0515
2026-08-12 14:48:56,724.95,2026-08-12,729.0,0.3,0.35,0.33,904,380,0.2256,0.1565,0.06027,-0.325,0.0423
2026-08-12 14:48:56,724.95,2026-08-12,730.0,0.14,0.15,0.18,30265,3893,0.2081,0.0861,0.04282,-0.145,0.0277
2026-08-12 14:48:56,724.95,2026-08-12,731.0,0.08,0.13,0.12,36,626,0.2214,0.0622,0.03137,-0.105,0.0216
2026-08-12 14:48:56,724.95,2026-08-12,732.0,0.05,0.1,0.07,406,558,0.2331,0.0445,0.02287,-0.075,0.0166
2026-08-12 14:48:56,724.95,2026-08-12,733.0,0.06,0.07,0.06,683,515,0.2527,0.0367,0.01802,-0.065,0.0142
2026-08-12 14:48:56,724.95,2026-08-12,734.0,0.01,0.05,0.04,349,440,0.2452,0.019,0.01074,-0.03,0.0082
2026-08-12 14:48:56,724.95,2026-08-12,735.0,0.03,0.04,0.02,3195,4149,0.2742,0.0198,0.00992,-0.035,0.0085
2026-08-12 14:48:56,724.95,2026-08-12,736.0,0.03,0.04,0.04,1984,225,0.297,0.0184,0.00862,-0.035,0.008
2026-08-12 14:48:56,724.95,2026-08-12,737.0,0,0.03,0.01,16,750,0.2719,0.0065,0.00378,-0.01,0.0032
2026-08-12 14:48:56,724.95,2026-08-12,738.0,0,0.01,0.01,1876,280,0.2916,0.0061,0.00333,-0.01,0.003
2026-08-12 14:48:56,724.95,2026-08-12,739.0,0,0.03,0.01,450,4963,0.3111,0.0057,0.00296,-0.01,0.0029
2026-08-12 14:49:57,724.88,2026-08-12,710.0,14.62,16.149,9.15,344,1083,0.6441,0.9092,0.01442,-0.4995,0.0288
2026-08-12 14:49:57,724.88,2026-08-12,711.0,13.74,14,8.09,83,110,,,,,
2026-08-12 14:49:57,724.88,2026-08-12,712.0,11.6,13.23,12.32,3,175,,,,,
2026-08-12 14:49:57,724.88,2026-08-12,713.0,11.87,12.2,11.67,34,141,0.4033,0.955,0.01336,-0.15,0.0167
2026-08-12 14:49:57,724.88,2026-08-12,714.0,10.37,12.27,11.63,61,319,0.4915,0.899,0.02044,-0.435,0.0311
2026-08-12 14:49:57,724.88,2026-08-12,715.0,9.74,11.2,10.1,7,1322,0.5013,0.872,0.02371,-0.585,0.0368
2026-08-12 14:49:57,724.88,2026-08-12,716.0,8.68,9.45,9.23,3,571,0.3338,0.9368,0.02111,-0.18,0.0218
2026-08-12 14:49:57,724.88,2026-08-12,717.0,7.83,8.23,7.99,24,648,0.2881,0.9418,0.02293,-0.145,0.0205
2026-08-12 14:49:57,724.88,2026-08-12,718.0,6.96,7.23,7.05,902,351,0.2855,0.9167,0.03049,-0.21,0.027
2026-08-12 14:49:57,724.88,2026-08-12,719.0,6.03,6.19,6.14,82,392,0.259,0.9037,0.03743,-0.225,0.03
2026-08-12 14:49:57,724.88,2026-08-12,720.0,5.14,5.27,5.22,339,1518,0.253,0.866,0.0485,-0.32,0.038
2026-08-12 14:49:57,724.88,2026-08-12,721.0,4.25,4.28,4.63,635,1317,0.2307,0.833,0.06157,-0.38,0.044
2026-08-12 14:49:57,724.88,2026-08-12,722.0,3.44,3.52,3.43,4016,2460,0.2331,0.7616,0.07545,-0.595,0.0545
2026-08-12 14:49:57,724.88,2026-08-12,723.0,2.67,2.69,2.73,191,2517,0.2203,0.6893,0.09103,-0.795,0.0622
2026-08-12 14:49:57,724.88,2026-08-12,724.0,2.06,2.08,2.12,1924,1736,0.2247,0.5914,0.09818,-1.185,0.0684
2026-08-12 14:49:57,724.88,2026-08-12,725.0,1.49,1.5,1.49,35043,4262,0.2196,0.4911,0.10314,-1.495,0.0702
2026-08-12 14:49:57,724.88,2026-08-12,726.0,1.04,1.05,1.03,61082,971,0.2178,0.3886,0.09993,-1.045,0.0675
2026-08-12 14:49:57,724.88,2026-08-12,727.0,0.66,0.71,0.73,749,1404,0.2142,0.2903,0.0908,-0.685,0.0603
2026-08-12 14:49:57,724.88,2026-08-12,728.0,0.41,0.42,0.48,410,2306,0.2094,0.2017,0.07632,-0.415,0.0495
2026-08-12 14:49:57,724.88,2026-08-12,729.0,0.24,0.25,0.3,914,380,0.2082,0.1331,0.05865,-0.245,0.0378
2026-08-12 14:49:57,724.88,2026-08-12,730.0,0.14,0.19,0.17,30294,3893,0.2174,0.0927,0.04337,-0.165,0.0292
2026-08-12 14:49:57,724.88,2026-08-12,731.0,0.11,0.12,0.12,37,626,0.2281,0.0656,0.03181,-0.115,0.0225
2026-08-12 14:49:57,724.88,2026-08-12,732.0,0.03,0.08,0.07,406,558,0.2219,0.0356,0.02003,-0.055,0.0138
2026-08-12 14:49:57,724.88,2026-08-12,733.0,0.01,0.06,0.05,684,515,0.2293,0.0232,0.0136,-0.035,0.0097
2026-08-12 14:49:57,724.88,2026-08-12,734.0,0.04,0.05,0.04,349,440,0.2631,0.0257,0.0129,-0.045,0.0105
2026-08-12 14:49:57,724.88,2026-08-12,735.0,0.01,0.02,0.02,3195,4149,0.2454,0.0102,0.0063,-0.015,0.0048
2026-08-12 14:49:57,724.88,2026-08-12,736.0,0.01,0.02,0.04,1984,225,0.2663,0.0095,0.00544,-0.015,0.0045
2026-08-12 14:49:57,724.88,2026-08-12,737.0,0,0.03,0.01,19,750,0.2735,0.0064,0.00375,-0.01,0.0032
2026-08-12 14:49:57,724.88,2026-08-12,738.0,0,0.03,0.01,1876,280,0.2933,0.006,0.00331,-0.01,0.003
2026-08-12 14:49:57,724.88,2026-08-12,739.0,0,0.03,0.01,450,4963,0.3128,0.0057,0.00294,-0.01,0.0029
2026-08-12 14:50:57,724.35,2026-08-12,710.0,14.46,16.129,9.15,344,1083,0.7591,0.8638,0.01638,-0.9445,0.0384
2026-08-12 14:50:57,724.35,2026-08-12,711.0,13.94,14.4,8.09,83,110,0.6899,0.869,0.01755,-0.82,0.0373
2026-08-12 14:50:57,724.35,2026-08-12,712.0,11.69,12.89,12.32,3,175,,,,,
2026-08-12 14:50:57,724.35,2026-08-12,713.0,11.33,12.08,11.67,34,141,0.4806,0.9136,0.01866,-0.355,0.0277
2026-08-12 14:50:57,724.35,2026-08-12,714.0,10.41,12.1,11.63,61,319,0.6,0.8409,0.023,-0.905,0.0426
2026-08-12 14:50:57,724.35,2026-08-12,715.0,9.78,11.22,10.1,7,1322,0.6149,0.8107,0.02507,-1.15,0.0476
2026-08-12 14:50:57,724.35,2026-08-12,716.0,8.69,9.24,9.23,3,571,0.4548,0.8552,0.0285,-0.615,0.04
2026-08-12 14:50:57,724.35,2026-08-12,717.0,7.47,8,7.99,24,648,0.3579,0.8815,0.03154,-0.385,0.0348
2026-08-12 14:50:57,724.35,2026-08-12,718.0,6.63,6.92,7.05,902,351,0.3336,0.8634,0.03736,-0.425,0.0384
2026-08-12 14:50:57,724.35,2026-08-12,719.0,6.06,6.22,6.14,82,392,0.3766,0.7937,0.04312,-0.79,0.0501
2026-08-12 14:50:57,724.35,2026-08-12,720.0,5.15,5.35,5.22,339,1518,0.3546,0.7605,0.04986,-0.9,0.0545
2026-08-12 14:50:57,724.35,2026-08-12,721.0,3.92,3.96,4.34,647,1317,0.253,0.7772,0.06711,-0.59,0.0524
2026-08-12 14:50:57,724.35,2026-08-12,722.0,3.04,3.07,3.21,4211,2460,0.2287,0.7235,0.08329,-0.705,0.0588
2026-08-12 14:50:57,724.35,2026-08-12,723.0,2.72,2.73,2.72,191,2517,0.2808,0.6107,0.07776,-1.375,0.0674
2026-08-12 14:50:57,724.35,2026-08-12,724.0,2.04,2.07,2.04,1947,1736,0.2662,0.5327,0.08503,-1.705,0.0698
2026-08-12 14:50:57,724.35,2026-08-12,725.0,1.21,1.22,1.23,35579,4262,0.2154,0.4348,0.10404,-1.215,0.0691
2026-08-12 14:50:57,724.35,2026-08-12,726.0,0.81,0.86,0.85,62350,971,0.2157,0.3345,0.09611,-0.835,0.0639
2026-08-12 14:50:57,724.35,2026-08-12,727.0,0.7,0.71,0.7,755,1404,0.2433,0.2704,0.07742,-0.705,0.0581
2026-08-12 14:50:57,724.35,2026-08-12,728.0,0.45,0.46,0.45,410,2306,0.2396,0.1955,0.06561,-0.455,0.0485
2026-08-12 14:50:57,724.35,2026-08-12,729.0,0.24,0.29,0.26,966,380,0.2326,0.1298,0.05173,-0.265,0.0371
2026-08-12 14:50:57,724.35,2026-08-12,730.0,0.14,0.15,0.16,30922,3893,0.2272,0.0803,0.03736,-0.145,0.0262
2026-08-12 14:50:57,724.35,2026-08-12,731.0,0.11,0.12,0.11,37,626,0.244,0.0621,0.02855,-0.115,0.0215
2026-08-12 14:50:57,724.35,2026-08-12,732.0,0.03,0.04,0.07,406,558,0.2188,0.0242,0.01483,-0.035,0.01
2026-08-12 14:50:57,724.35,2026-08-12,733.0,0.05,0.06,0.05,684,515,0.2611,0.0309,0.01521,-0.055,0.0122
2026-08-12 14:50:57,724.35,2026-08-12,734.0,0.01,0.02,0.04,349,440,0.2362,0.0106,0.00677,-0.015,0.0049
2026-08-12 14:50:57,724.35,2026-08-12,735.0,0.01,0.04,0.02,3208,4149,0.2753,0.0147,0.00768,-0.025,0.0065
2026-08-12 14:50:57,724.35,2026-08-12,736.0,0.01,0.02,0.04,1984,225,0.2781,0.0092,0.00506,-0.015,0.0043
2026-08-12 14:50:57,724.35,2026-08-12,737.0,0,0.03,0.01,19,750,0.2848,0.0062,0.0035,-0.01,0.0031
2026-08-12 14:50:57,724.35,2026-08-12,738.0,0,0.01,0.01,1876,280,0.3045,0.0058,0.0031,-0.01,0.0029
2026-08-12 14:50:57,724.35,2026-08-12,739.0,0,0.03,0.01,450,4963,0.324,0.0055,0.00277,-0.01,0.0028
2026-08-12 14:51:57,724.25,2026-08-12,710.0,14.34,15.91,9.15,344,1083,0.7384,0.8691,0.01642,-0.875,0.0373
2026-08-12 14:51:57,724.25,2026-08-12,711.0,13.08,14.06,13.94,1,110,0.5275,0.9271,0.01498,-0.32,0.0243
2026-08-12 14:51:57,724.25,2026-08-12,712.0,11.86,12.76,12.32,3,175,0.3414,0.9808,0.00781,-0.06,0.0082
2026-08-12 14:51:57,724.25,2026-08-12,713.0,11.26,11.46,11.67,34,141,0.3618,0.9637,0.01256,-0.11,0.014
2026-08-12 14:51:57,724.25,2026-08-12,714.0,10.23,12.13,11.63,61,319,0.6031,0.8378,0.02322,-0.93,0.043
2026-08-12 14:51:57,724.25,2026-08-12,715.0,9.15,11.24,9.78,8,1322,0.5676,0.8275,0.02567,-0.945,0.0448
2026-08-12 14:51:57,724.25,2026-08-12,716.0,8.36,9.44,9.23,3,571,0.4606,0.8497,0.02891,-0.65,0.0409
2026-08-12 14:51:57,724.25,2026-08-12,717.0,7.13,8.27,7.99,24,648,0.3731,0.8689,0.03253,-0.45,0.0373
2026-08-12 14:51:57,724.25,2026-08-12,718.0,6.18,6.5,7.05,902,351,0.2139,0.9536,0.02588,-0.09,0.017
2026-08-12 14:51:57,724.25,2026-08-12,719.0,5.47,5.57,6.14,82,392,0.2529,0.884,0.04403,-0.27,0.0342
2026-08-12 14:51:57,724.25,2026-08-12,720.0,4.59,4.64,5.22,339,1518,0.2421,0.8441,0.05635,-0.365,0.0419
2026-08-12 14:51:57,724.25,2026-08-12,721.0,3.72,3.76,4.34,647,1317,0.2297,0.7928,0.071,-0.49,0.0501
2026-08-12 14:51:57,724.25,2026-08-12,722.0,2.93,2.96,2.98,4221,2460,0.2226,0.7206,0.08615,-0.695,0.059
2026-08-12 14:51:57,724.25,2026-08-12,723.0,2.23,2.25,2.72,193,2517,0.2179,0.6312,0.09874,-0.99,0.0661
2026-08-12 14:51:57,724.25,2026-08-12,724.0,1.63,1.65,2.04,1987,1736,0.2148,0.5294,0.10565,-1.39,0.0698
2026-08-12 14:51:57,724.25,2026-08-12,725.0,1.09,1.15,1.15,35767,4262,0.2082,0.4216,0.10719,-1.12,0.0686
2026-08-12 14:51:57,724.25,2026-08-12,726.0,0.72,0.73,0.73,62632,971,0.2037,0.315,0.09945,-0.725,0.0623
2026-08-12 14:51:57,724.25,2026-08-12,727.0,0.44,0.49,0.7,793,1404,0.2049,0.2247,0.08341,-0.465,0.0525
2026-08-12 14:51:57,724.25,2026-08-12,728.0,0.27,0.28,0.45,425,2306,0.2037,0.1492,0.06506,-0.275,0.0407
2026-08-12 14:51:57,724.25,2026-08-12,729.0,0.19,0.2,0.26,970,380,0.2163,0.1073,0.0487,-0.195,0.0324
2026-08-12 14:51:57,724.25,2026-08-12,730.0,0.12,0.13,0.13,31026,3893,0.2226,0.0722,0.03521,-0.125,0.0241
2026-08-12 14:51:57,724.25,2026-08-12,731.0,0.08,0.09,0.11,39,626,0.2321,0.0501,0.02538,-0.085,0.0181
2026-08-12 14:51:57,724.25,2026-08-12,732.0,0.06,0.07,0.07,406,558,0.2463,0.0377,0.01902,-0.065,0.0144
2026-08-12 14:51:57,724.25,2026-08-12,733.0,0.01,0.06,0.05,684,515,0.2453,0.0219,0.01218,-0.035,0.0092
2026-08-12 14:51:57,724.25,2026-08-12,734.0,0.01,0.02,0.04,349,440,0.2387,0.0105,0.00666,-0.015,0.0049
2026-08-12 14:51:57,724.25,2026-08-12,735.0,0.03,0.04,0.01,3224,4149,0.2918,0.0188,0.00899,-0.035,0.0081
2026-08-12 14:51:57,724.25,2026-08-12,736.0,0.01,0.02,0.04,1984,225,0.2807,0.0091,0.00499,-0.015,0.0043
2026-08-12 14:51:57,724.25,2026-08-12,737.0,0,0.01,0.01,19,750,0.2873,0.0062,0.00346,-0.01,0.0031
2026-08-12 14:51:57,724.25,2026-08-12,738.0,0,0.03,0.01,1876,280,0.307,0.0058,0.00307,-0.01,0.0029
2026-08-12 14:51:57,724.25,2026-08-12,739.0,0,0.03,0.01,450,4963,0.3265,0.0055,0.00274,-0.01,0.0028
2026-08-12 14:52:58,724.38,2026-08-12,710.0,14.34,15.91,9.15,344,1083,0.708,0.8814,0.01601,-0.745,0.0347
2026-08-12 14:52:58,724.38,2026-08-12,711.0,13.08,14.06,13.94,1,110,0.4707,0.9502,0.01248,-0.19,0.018
2026-08-12 14:52:58,724.38,2026-08-12,712.0,12.16,14.28,12.32,3,175,0.6621,0.8614,0.01907,-0.84,0.0387
2026-08-12 14:52:58,724.38,2026-08-12,713.0,10.88,11.52,11.6,34,141,,,,,
2026-08-12 14:52:58,724.38,2026-08-12,714.0,10.19,11.99,10.71,61,319,0.5552,0.8609,0.0228,-0.71,0.0388
2026-08-12 14:52:58,724.38,2026-08-12,715.0,9.15,11.24,9.78,8,1322,0.5436,0.8415,0.02541,-0.815,0.0423
2026-08-12 14:52:58,724.38,2026-08-12,716.0,8.36,9.44,9.23,3,571,0.4328,0.8686,0.02812,-0.52,0.0373
2026-08-12 14:52:58,724.38,2026-08-12,717.0,7.14,7.5,7.99,24,648,,,,,
2026-08-12 14:52:58,724.38,2026-08-12,718.0,6.32,6.5,6.46,902,351,0.163,0.9879,0.01103,-0.03,0.0055
2026-08-12 14:52:58,724.38,2026-08-12,719.0,5.47,5.57,6.14,82,392,0.2133,0.9269,0.03716,-0.14,0.0243
2026-08-12 14:52:58,724.38,2026-08-12,720.0,4.59,4.64,5.22,339,1518,0.2133,0.8818,0.053,-0.235,0.0347
2026-08-12 14:52:58,724.38,2026-08-12,721.0,3.69,3.77,3.79,649,1317,0.2058,0.8284,0.07066,-0.35,0.0446
2026-08-12 14:52:58,724.38,2026-08-12,722.0,2.76,2.83,2.93,4275,2460,0.1786,0.7794,0.09482,-0.415,0.0519
2026-08-12 14:52:58,724.38,2026-08-12,723.0,2.23,2.25,2.72,193,2517,0.2055,0.6523,0.10272,-0.86,0.0647
2026-08-12 14:52:58,724.38,2026-08-12,724.0,1.63,1.65,2.04,1987,1736,0.2051,0.5451,0.11039,-1.26,0.0694
2026-08-12 14:52:58,724.38,2026-08-12,725.0,1.1,1.11,1.11,36986,4262,0.1982,0.4321,0.11328,-1.105,0.0688
2026-08-12 14:52:58,724.38,2026-08-12,726.0,0.73,0.74,0.71,64032,971,0.199,0.3239,0.10315,-0.735,0.0629
2026-08-12 14:52:58,724.38,2026-08-12,727.0,0.44,0.49,0.7,793,1404,0.1997,0.2295,0.08675,-0.465,0.0531
2026-08-12 14:52:58,724.38,2026-08-12,728.0,0.27,0.28,0.45,425,2306,0.1992,0.152,0.06746,-0.275,0.0412
2026-08-12 14:52:58,724.38,2026-08-12,729.0,0.19,0.2,0.26,970,380,0.2123,0.1091,0.05028,-0.195,0.0327
2026-08-12 14:52:58,724.38,2026-08-12,730.0,0.08,0.13,0.09,31482,3893,0.2105,0.0653,0.03454,-0.105,0.0223
2026-08-12 14:52:58,724.38,2026-08-12,731.0,0.08,0.09,0.11,39,626,0.2288,0.0508,0.02605,-0.085,0.0183
2026-08-12 14:52:58,724.38,2026-08-12,732.0,0.06,0.07,0.07,406,558,0.2433,0.0382,0.01947,-0.065,0.0145
2026-08-12 14:52:58,724.38,2026-08-12,733.0,0.01,0.06,0.05,684,515,0.2426,0.0222,0.01245,-0.035,0.0093
2026-08-12 14:52:58,724.38,2026-08-12,734.0,0.01,0.05,0.02,351,440,0.26,0.0182,0.00982,-0.03,0.0078
2026-08-12 14:52:58,724.38,2026-08-12,735.0,0.01,0.02,0.03,3225,4149,0.2575,0.0099,0.00584,-0.015,0.0046
2026-08-12 14:52:58,724.38,2026-08-12,736.0,0.01,0.02,0.04,1984,225,0.2784,0.0092,0.00508,-0.015,0.0043
2026-08-12 14:52:58,724.38,2026-08-12,737.0,0,0.01,0.01,19,750,0.2851,0.0062,0.00352,-0.01,0.0031
2026-08-12 14:52:58,724.38,2026-08-12,738.0,0,0.03,0.01,1876,280,0.3049,0.0059,0.00312,-0.01,0.0029
2026-08-12 14:52:58,724.38,2026-08-12,739.0,0,0.01,0.01,450,4963,0.3245,0.0055,0.00278,-0.01,0.0028
2026-08-12 14:53:58,724.7,2026-08-12,710.0,14.34,15.91,9.15,344,1083,0.6157,0.9175,0.01413,-0.425,0.0266
2026-08-12 14:53:58,724.7,2026-08-12,711.0,13.09,13.59,13.94,1,110,,,,,
2026-08-12 14:53:58,724.7,2026-08-12,712.0,12.2,14,12.32,3,175,0.5424,0.913,0.0167,-0.4,0.0277
2026-08-12 14:53:58,724.7,2026-08-12,713.0,11.33,11.61,11.6,35,141,,,,,
2026-08-12 14:53:58,724.7,2026-08-12,714.0,10.46,12.14,11.52,63,319,0.5379,0.8759,0.02178,-0.6,0.0358
2026-08-12 14:53:58,724.7,2026-08-12,715.0,9.15,11.24,9.78,8,1322,0.4729,0.8827,0.0238,-0.495,0.0344
2026-08-12 14:53:58,724.7,2026-08-12,716.0,8.25,8.67,9.23,3,571,,,,,
2026-08-12 14:53:58,724.7,2026-08-12,717.0,7.39,7.7,7.99,24,648,,,,,
2026-08-12 14:53:58,724.7,2026-08-12,718.0,6.41,6.74,6.46,903,351,,,,,
2026-08-12 14:53:58,724.7,2026-08-12,719.0,5.55,5.65,6.14,82,392,,,,,
2026-08-12 14:53:58,724.7,2026-08-12,720.0,4.75,4.93,5.22,339,1518,0.1927,0.9203,0.044,-0.14,0.0259
2026-08-12 14:53:58,724.7,2026-08-12,721.0,3.89,3.92,3.98,657,1317,0.1815,0.8804,0.0629,-0.205,0.0349
2026-08-12 14:53:58,724.7,2026-08-12,722.0,3.09,3.19,3.13,4281,2460,0.1973,0.7857,0.08452,-0.44,0.051
2026-08-12 14:53:58,724.7,2026-08-12,723.0,2.23,2.25,2.25,198,2517,0.1706,0.7186,0.11312,-0.54,0.059
2026-08-12 14:53:58,724.7,2026-08-12,724.0,1.79,1.8,1.65,2056,1736,0.2018,0.5816,0.1107,-1.095,0.0683
2026-08-12 14:53:58,724.7,2026-08-12,725.0,1.26,1.27,1.27,37743,4262,0.2008,0.469,0.11325,-1.265,0.0696
2026-08-12 14:53:58,724.7,2026-08-12,726.0,0.81,0.86,0.81,64951,971,0.198,0.3566,0.10771,-0.835,0.0652
2026-08-12 14:53:58,724.7,2026-08-12,727.0,0.44,0.49,0.49,1360,1404,0.186,0.2425,0.09613,-0.465,0.0547
2026-08-12 14:53:58,724.7,2026-08-12,728.0,0.27,0.28,0.28,474,2306,0.1876,0.1597,0.07407,-0.275,0.0425
2026-08-12 14:53:58,724.7,2026-08-12,729.0,0.2,0.21,0.2,1024,380,0.2049,0.1172,0.05491,-0.205,0.0344
2026-08-12 14:53:58,724.7,2026-08-12,730.0,0.08,0.13,0.13,31563,3893,0.2014,0.0679,0.03723,-0.105,0.0229
2026-08-12 14:53:58,724.7,2026-08-12,731.0,0.08,0.09,0.09,41,626,0.2203,0.0525,0.02783,-0.085,0.0187
2026-08-12 14:53:58,724.7,2026-08-12,732.0,0.06,0.07,0.07,406,558,0.2352,0.0393,0.02066,-0.065,0.0149
2026-08-12 14:53:58,724.7,2026-08-12,733.0,0.01,0.06,0.05,684,515,0.2353,0.0228,0.01316,-0.035,0.0095
2026-08-12 14:53:58,724.7,2026-08-12,734.0,0.04,0.05,0.02,351,440,0.2694,0.0253,0.01253,-0.045,0.0103
2026-08-12 14:53:58,724.7,2026-08-12,735.0,0.03,0.04,0.03,3225,4149,0.2822,0.0194,0.00958,-0.035,0.0083
2026-08-12 14:53:58,724.7,2026-08-12,736.0,0.01,0.02,0.04,1984,225,0.272,0.0094,0.0053,-0.015,0.0044
2026-08-12 14:53:58,724.7,2026-08-12,737.0,0,0.01,0.01,19,750,0.2791,0.0063,0.00366,-0.01,0.0031
2026-08-12 14:53:58,724.7,2026-08-12,738.0,0,0.03,0.01,1876,280,0.2989,0.006,0.00324,-0.01,0.003
2026-08-12 14:53:58,724.7,2026-08-12,739.0,0,0.03,0.01,450,4963,0.3186,0.0056,0.00288,-0.01,0.0028
2026-08-12 14:54:58,723.85,2026-08-12,709.0,15.2,16.59,9.91,44,914,0.8103,0.8583,0.01588,-1.05,0.0391
2026-08-12 14:54:58,723.85,2026-08-12,710.0,14.07,14.81,9.15,344,1083,0.6473,0.894,0.01622,-0.595,0.0319
2026-08-12 14:54:58,723.85,2026-08-12,711.0,13.24,13.88,13.88,2,110,0.648,0.8763,0.01809,-0.715,0.0356
2026-08-12 14:54:58,723.85,2026-08-12,712.0,12.19,13.88,12.32,3,175,0.7286,0.829,0.01999,-1.19,0.0443
2026-08-12 14:54:58,723.85,2026-08-12,713.0,11.14,12.03,11.6,35,141,0.5823,0.861,0.02181,-0.74,0.0386
2026-08-12 14:54:58,723.85,2026-08-12,714.0,10.34,12.01,11.52,63,319,0.6775,0.802,0.02356,-1.33,0.0485
2026-08-12 14:54:58,723.85,2026-08-12,715.0,9.15,11.24,9.78,8,1322,0.6394,0.7903,0.02583,-1.35,0.0502
2026-08-12 14:54:58,723.85,2026-08-12,716.0,8.15,9,9.23,3,571,0.4668,0.8357,0.03041,-0.73,0.0432
2026-08-12 14:54:58,723.85,2026-08-12,717.0,7.47,8.02,7.99,24,648,0.464,0.8045,0.03413,-0.9,0.0482
2026-08-12 14:54:58,723.85,2026-08-12,718.0,6.41,6.61,6.46,903,351,0.3736,0.8181,0.04055,-0.665,0.0461
2026-08-12 14:54:58,723.85,2026-08-12,719.0,5.73,6.07,6.14,82,392,0.4079,0.7552,0.04418,-1.055,0.0548
2026-08-12 14:54:58,723.85,2026-08-12,720.0,4.81,5.12,5.22,339,1518,0.373,0.7258,0.05123,-1.12,0.0581
2026-08-12 14:54:58,723.85,2026-08-12,721.0,3.83,3.93,3.86,663,1317,0.31,0.7035,0.06398,-1.035,0.0603
2026-08-12 14:54:58,723.85,2026-08-12,722.0,3.04,3.07,3.3,4283,2460,0.2859,0.6472,0.07453,-1.21,0.0648
2026-08-12 14:54:58,723.85,2026-08-12,723.0,2.49,2.5,2.5,201,2517,0.2926,0.5686,0.07703,-1.65,0.0685
2026-08-12 14:54:58,723.85,2026-08-12,724.0,1.88,1.9,1.9,2063,1736,0.2814,0.4902,0.08128,-1.89,0.0695
2026-08-12 14:54:58,723.85,2026-08-12,725.0,1.21,1.23,1.23,37884,4262,0.2484,0.3977,0.08906,-1.22,0.0673
2026-08-12 14:54:58,723.85,2026-08-12,726.0,0.82,0.83,0.83,65453,971,0.2414,0.3071,0.08347,-0.825,0.0613
2026-08-12 14:54:58,723.85,2026-08-12,727.0,0.44,0.49,0.49,1392,1404,0.2231,0.2113,0.07435,-0.465,0.0504
2026-08-12 14:54:58,723.85,2026-08-12,728.0,0.27,0.28,0.28,480,2306,0.2195,0.1411,0.05848,-0.275,0.039
2026-08-12 14:54:58,723.85,2026-08-12,729.0,0.19,0.24,0.24,1038,380,0.237,0.1083,0.04499,-0.215,0.0324
2026-08-12 14:54:58,723.85,2026-08-12,730.0,0.12,0.13,0.09,31899,3893,0.2359,0.069,0.0323,-0.125,0.0232
2026-08-12 14:54:58,723.85,2026-08-12,731.0,0.08,0.09,0.09,41,626,0.2444,0.0481,0.02347,-0.085,0.0174
2026-08-12 14:54:58,723.85,2026-08-12,732.0,0.02,0.03,0.07,406,558,0.2209,0.0179,0.01147,-0.025,0.0077
2026-08-12 14:54:58,723.85,2026-08-12,733.0,0.05,0.06,0.05,684,515,0.2756,0.0297,0.01402,-0.055,0.0118
2026-08-12 14:54:58,723.85,2026-08-12,734.0,0.04,0.05,0.02,352,440,0.2907,0.0237,0.01103,-0.045,0.0097
2026-08-12 14:54:58,723.85,2026-08-12,735.0,0.03,0.04,0.03,3225,4149,0.3027,0.0183,0.00851,-0.035,0.0078
2026-08-12 14:54:58,723.85,2026-08-12,736.0,0.01,0.02,0.04,1984,225,0.2907,0.0089,0.00473,-0.015,0.0042
2026-08-12 14:54:58,723.85,2026-08-12,737.0,0,0.01,0.01,19,750,0.2969,0.006,0.00329,-0.01,0.003
2026-08-12 14:54:58,723.85,2026-08-12,738.0,0,0.03,0.01,1876,280,0.3166,0.0057,0.00293,-0.01,0.0028
2026-08-12 14:55:59,723.92,2026-08-12,709.0,14.64,16.98,9.91,44,914,0.7721,0.8712,0.01564,-0.89,0.0366
2026-08-12 14:55:59,723.92,2026-08-12,710.0,13.78,14.82,9.15,344,1083,0.5763,0.9207,0.01472,-0.38,0.0257
2026-08-12 14:55:59,723.92,2026-08-12,711.0,12.65,12.92,13.88,3,110,,,,,
2026-08-12 14:55:59,723.92,2026-08-12,712.0,11.92,13.9,12.32,3,175,0.686,0.8452,0.01993,-0.99,0.0415
2026-08-12 14:55:59,723.92,2026-08-12,713.0,10.57,11.37,11.6,35,141,0.2995,0.9829,0.00814,-0.05,0.0074
2026-08-12 14:55:59,723.92,2026-08-12,714.0,9.91,10.73,11.52,63,319,0.4534,0.8985,0.02247,-0.4,0.0309
2026-08-12 14:55:59,723.92,2026-08-12,715.0,8.9,10.01,9.78,8,1322,0.4587,0.8711,0.02633,-0.535,0.0366
2026-08-12 14:55:59,723.92,2026-08-12,716.0,7.92,8.07,9,5,571,0.2504,0.9667,0.01702,-0.075,0.0129
2026-08-12 14:55:59,723.92,2026-08-12,717.0,6.88,7.09,7.99,24,648,0.2164,0.968,0.01903,-0.065,0.0125
2026-08-12 14:55:59,723.92,2026-08-12,718.0,6.09,6.25,6.32,904,351,0.2714,0.8971,0.03793,-0.25,0.0312
2026-08-12 14:55:59,723.92,2026-08-12,719.0,5.24,5.26,6.14,82,392,0.2598,0.864,0.04824,-0.33,0.038
2026-08-12 14:55:59,723.92,2026-08-12,720.0,4.23,4.38,5.22,339,1518,0.2359,0.8325,0.06102,-0.385,0.0436
2026-08-12 14:55:59,723.92,2026-08-12,721.0,3.46,3.5,3.86,664,1317,0.2308,0.7689,0.07576,-0.56,0.053
2026-08-12 14:55:59,723.92,2026-08-12,722.0,2.69,2.71,2.75,4284,2460,0.2222,0.693,0.09082,-0.78,0.0612
2026-08-12 14:55:59,723.92,2026-08-12,723.0,2.07,2.08,2.5,205,2517,0.2249,0.5958,0.09892,-1.155,0.0674
2026-08-12 14:55:59,723.92,2026-08-12,724.0,1.46,1.47,1.9,2065,1736,0.2153,0.4944,0.1064,-1.465,0.0695
2026-08-12 14:55:59,723.92,2026-08-12,725.0,1.03,1.04,1.05,37988,4262,0.2168,0.3903,0.10168,-1.035,0.0668
2026-08-12 14:55:59,723.92,2026-08-12,726.0,0.68,0.7,0.69,65883,971,0.2158,0.2927,0.09151,-0.69,0.0599
2026-08-12 14:55:59,723.92,2026-08-12,727.0,0.4,0.45,0.49,1436,1404,0.2124,0.205,0.07685,-0.425,0.0495
2026-08-12 14:55:59,723.92,2026-08-12,728.0,0.23,0.24,0.28,489,2306,0.2066,0.1306,0.059,-0.235,0.0369
2026-08-12 14:55:59,723.92,2026-08-12,729.0,0.17,0.18,0.24,1044,380,0.2221,0.0965,0.04421,-0.175,0.0298
2026-08-12 14:55:59,723.92,2026-08-12,730.0,0.11,0.12,0.12,31975,3893,0.2296,0.0659,0.03205,-0.115,0.0223
2026-08-12 14:55:59,723.92,2026-08-12,731.0,0.03,0.08,0.09,49,626,0.2235,0.0357,0.02017,-0.055,0.0137
2026-08-12 14:55:59,723.92,2026-08-12,732.0,0.05,0.06,0.07,406,558,0.2491,0.0325,0.01675,-0.055,0.0126
2026-08-12 14:55:59,723.92,2026-08-12,733.0,0.04,0.05,0.05,684,515,0.2652,0.0258,0.01298,-0.045,0.0104
2026-08-12 14:55:59,723.92,2026-08-12,734.0,0.01,0.04,0.02,355,440,0.265,0.0153,0.00834,-0.025,0.0067
2026-08-12 14:55:59,723.92,2026-08-12,735.0,0.03,0.04,0.03,3225,4149,0.3015,0.0184,0.00859,-0.035,0.0079
2026-08-12 14:55:59,723.92,2026-08-12,736.0,0.01,0.04,0.04,1984,225,0.3094,0.0133,0.00634,-0.025,0.0059
2026-08-12 14:55:59,723.92,2026-08-12,737.0,0,0.03,0.01,19,750,0.2959,0.006,0.00332,-0.01,0.003
2026-08-12 14:55:59,723.92,2026-08-12,738.0,0,0.03,0.01,1876,280,0.3157,0.0057,0.00296,-0.01,0.0028
2026-08-12 14:56:59,724.08,2026-08-12,710.0,14,15.04,9.15,344,1083,0.6065,0.9126,0.01507,-0.445,0.0276
2026-08-12 14:56:59,724.08,2026-08-12,711.0,12.78,13.57,13.88,3,110,0.4053,0.9699,0.00967,-0.1,0.0119
2026-08-12 14:56:59,724.08,2026-08-12,712.0,12.04,13.51,12.32,3,175,0.6181,0.8733,0.01934,-0.7,0.0361
2026-08-12 14:56:59,724.08,2026-08-12,713.0,10.98,11.35,11.6,35,141,0.3451,0.9691,0.01163,-0.09,0.0121
2026-08-12 14:56:59,724.08,2026-08-12,714.0,10.05,10.76,11.52,63,319,0.4354,0.9112,0.02125,-0.33,0.028
2026-08-12 14:56:59,724.08,2026-08-12,715.0,8.63,10.01,9.78,8,1322,0.3717,0.9223,0.02251,-0.245,0.0253
2026-08-12 14:56:59,724.08,2026-08-12,716.0,7.89,8.07,9,5,571,,,,,
2026-08-12 14:56:59,724.08,2026-08-12,717.0,6.82,7.26,7.99,24,648,,,,,
2026-08-12 14:56:59,724.08,2026-08-12,718.0,6,6.2,6.32,904,351,0.1474,0.9916,0.00896,-0.025,0.004
2026-08-12 14:56:59,724.08,2026-08-12,719.0,5.15,5.36,6.14,82,392,0.2206,0.9091,0.04265,-0.18,0.0284
2026-08-12 14:56:59,724.08,2026-08-12,720.0,4.46,4.51,5.22,339,1518,0.248,0.8302,0.05865,-0.41,0.044
2026-08-12 14:56:59,724.08,2026-08-12,721.0,3.5,3.53,3.37,665,1317,0.2143,0.798,0.0756,-0.44,0.049
2026-08-12 14:56:59,724.08,2026-08-12,722.0,2.82,2.85,2.7,4301,2460,0.227,0.7033,0.08768,-0.76,0.0601
2026-08-12 14:56:59,724.08,2026-08-12,723.0,2.09,2.16,2.5,205,2517,0.2188,0.6142,0.10056,-1.05,0.0665
2026-08-12 14:56:59,724.08,2026-08-12,724.0,1.49,1.5,1.9,2065,1736,0.2088,0.5112,0.10986,-1.42,0.0693
2026-08-12 14:56:59,724.08,2026-08-12,725.0,1.02,1.03,1.05,38441,4262,0.2065,0.4013,0.10771,-1.025,0.0672
2026-08-12 14:56:59,724.08,2026-08-12,726.0,0.69,0.7,0.65,66587,971,0.2093,0.3013,0.09571,-0.695,0.0606
2026-08-12 14:56:59,724.08,2026-08-12,727.0,0.4,0.41,0.49,1436,1404,0.2022,0.2053,0.08089,-0.405,0.0494
2026-08-12 14:56:59,724.08,2026-08-12,728.0,0.21,0.26,0.28,489,2306,0.2014,0.1335,0.06151,-0.235,0.0374
2026-08-12 14:56:59,724.08,2026-08-12,729.0,0.12,0.13,0.24,1044,380,0.1996,0.0797,0.04273,-0.125,0.0258
2026-08-12 14:56:59,724.08,2026-08-12,730.0,0.06,0.11,0.07,32102,3893,0.2111,0.0547,0.0302,-0.085,0.0193
2026-08-12 14:56:59,724.08,2026-08-12,731.0,0.07,0.08,0.09,49,626,0.233,0.0451,0.02345,-0.075,0.0165
2026-08-12 14:56:59,724.08,2026-08-12,732.0,0.05,0.06,0.07,406,558,0.2455,0.0329,0.01721,-0.055,0.0128
2026-08-12 14:56:59,724.08,2026-08-12,733.0,0.04,0.05,0.05,684,515,0.2618,0.0261,0.0133,-0.045,0.0105
2026-08-12 14:56:59,724.08,2026-08-12,734.0,0.01,0.02,0.02,355,440,0.2445,0.0104,0.00648,-0.015,0.0048
2026-08-12 14:56:59,724.08,2026-08-12,735.0,0.01,0.02,0.03,3325,4149,0.2657,0.0096,0.00559,-0.015,0.0045
2026-08-12 14:56:59,724.08,2026-08-12,736.0,0.01,0.04,0.04,1984,225,0.3064,0.0134,0.00647,-0.025,0.006
2026-08-12 14:56:59,724.08,2026-08-12,737.0,0,0.03,0.01,19,750,0.2932,0.0061,0.00339,-0.01,0.003
2026-08-12 14:56:59,724.08,2026-08-12,738.0,0,0.01,0.01,1876,280,0.3131,0.0057,0.00301,-0.01,0.0028
2026-08-12 14:56:59,724.08,2026-08-12,739.0,0,0.03,0.01,450,4963,0.3327,0.0054,0.00269,-0.01,0.0027
2026-08-12 14:58:00,724.22,2026-08-12,710.0,13.8,14.94,9.15,344,1083,0.4771,0.9592,0.01058,-0.155,0.0152
2026-08-12 14:58:00,724.22,2026-08-12,711.0,12.71,13.26,13.88,3,110,,,,,
2026-08-12 14:58:00,724.22,2026-08-12,712.0,12.29,13.32,12.32,3,175,0.5924,0.8862,0.01873,-0.59,0.0334
2026-08-12 14:58:00,724.22,2026-08-12,713.0,10.86,11.49,11.6,35,141,,,,,
2026-08-12 14:58:00,724.22,2026-08-12,714.0,9.97,10.56,11.52,63,319,0.2838,0.9819,0.00902,-0.05,0.0077
2026-08-12 14:58:00,724.22,2026-08-12,715.0,8.83,9.75,9.78,8,1322,0.2849,0.9701,0.01372,-0.075,0.0118
2026-08-12 14:58:00,724.22,2026-08-12,716.0,7.8,8.15,9,5,571,,,,,
2026-08-12 14:58:00,724.22,2026-08-12,717.0,7.06,7.22,7.99,24,648,,,,,
2026-08-12 14:58:00,724.22,2026-08-12,718.0,6.19,6.36,6.32,904,351,0.1948,0.9681,0.02118,-0.06,0.0124
2026-08-12 14:58:00,724.22,2026-08-12,719.0,5.18,5.45,6.14,82,392,0.1923,0.9425,0.03453,-0.1,0.02
2026-08-12 14:58:00,724.22,2026-08-12,720.0,4.41,4.44,4.44,349,1518,0.2021,0.8873,0.05452,-0.21,0.0332
2026-08-12 14:58:00,724.22,2026-08-12,721.0,3.59,3.62,3.59,676,1317,0.2099,0.8138,0.07357,-0.39,0.0465
2026-08-12 14:58:00,724.22,2026-08-12,722.0,2.83,2.91,2.83,4309,2460,0.2163,0.7251,0.08883,-0.655,0.0579
2026-08-12 14:58:00,724.22,2026-08-12,723.0,2.09,2.11,2.5,205,2517,0.202,0.6384,0.10684,-0.885,0.065
2026-08-12 14:58:00,724.22,2026-08-12,724.0,1.51,1.52,1.52,2069,1736,0.2015,0.5275,0.11376,-1.3,0.0691
2026-08-12 14:58:00,724.22,2026-08-12,725.0,1.03,1.08,1.08,39422,4262,0.2028,0.4148,0.11071,-1.055,0.0677
2026-08-12 14:58:00,724.22,2026-08-12,726.0,0.66,0.71,0.71,67637,971,0.201,0.3074,0.10071,-0.685,0.061
2026-08-12 14:58:00,724.22,2026-08-12,727.0,0.43,0.44,0.44,1487,1404,0.2027,0.2169,0.08349,-0.435,0.051
2026-08-12 14:58:00,724.22,2026-08-12,728.0,0.27,0.28,0.28,514,2306,0.207,0.1484,0.06444,-0.275,0.0402
2026-08-12 14:58:00,724.22,2026-08-12,729.0,0.16,0.17,0.17,1083,380,0.2099,0.0965,0.04694,-0.165,0.0297
2026-08-12 14:58:00,724.22,2026-08-12,730.0,0.11,0.12,0.12,32291,3893,0.2216,0.0681,0.03415,-0.115,0.0228
2026-08-12 14:58:00,724.22,2026-08-12,731.0,0.03,0.08,0.09,49,626,0.2165,0.0368,0.02141,-0.055,0.014
2026-08-12 14:58:00,724.22,2026-08-12,732.0,0.05,0.06,0.07,406,558,0.2423,0.0333,0.01765,-0.055,0.0129
2026-08-12 14:58:00,724.22,2026-08-12,733.0,0.01,0.02,0.05,684,515,0.2203,0.0114,0.00783,-0.015,0.0052
2026-08-12 14:58:00,724.22,2026-08-12,734.0,0.03,0.04,0.02,358,440,0.2722,0.0202,0.01033,-0.035,0.0085
2026-08-12 14:58:00,724.22,2026-08-12,735.0,0.03,0.04,0.03,3326,4149,0.2955,0.0188,0.00894,-0.035,0.008
2026-08-12 14:58:00,724.22,2026-08-12,736.0,0.03,0.04,0.04,1984,225,0.3185,0.0176,0.00784,-0.035,0.0075
2026-08-12 14:58:00,724.22,2026-08-12,737.0,0,0.01,0.01,26,750,0.2908,0.0062,0.00344,-0.01,0.003
2026-08-12 14:58:00,724.22,2026-08-12,738.0,0,0.01,0.01,1876,280,0.3107,0.0058,0.00306,-0.01,0.0029
2026-08-12 14:58:00,724.22,2026-08-12,739.0,0,0.01,0.01,450,4963,0.3305,0.0055,0.00273,-0.01,0.0027
2026-08-12 14:59:00,724.04,2026-08-12,710.0,14.17,15.8,9.15,344,1083,0.7582,0.8621,0.01677,-0.945,0.0382
2026-08-12 14:59:00,724.04,2026-08-12,711.0,13.27,13.46,13.88,4,110,0.5295,0.9255,0.01536,-0.325,0.0244
2026-08-12 14:59:00,724.04,2026-08-12,712.0,12.12,13.12,12.32,3,175,0.5844,0.8864,0.019,-0.58,0.0333
2026-08-12 14:59:00,724.04,2026-08-12,713.0,11.12,11.39,11.6,35,141,0.4202,0.9377,0.01686,-0.215,0.0213
2026-08-12 14:59:00,724.04,2026-08-12,714.0,10.33,10.66,11.52,63,319,0.4772,0.8908,0.02263,-0.455,0.0324
2026-08-12 14:59:00,724.04,2026-08-12,715.0,9.26,9.6,9.78,8,1322,0.4227,0.8943,0.02495,-0.39,0.0317
2026-08-12 14:59:00,724.04,2026-08-12,716.0,8.08,8.39,9,5,571,0.3204,0.9283,0.02463,-0.195,0.0237
2026-08-12 14:59:00,724.04,2026-08-12,717.0,7.12,7.69,7.99,24,648,0.3462,0.8823,0.0329,-0.365,0.0342
2026-08-12 14:59:00,724.04,2026-08-12,718.0,6.15,6.47,6.32,904,351,0.2831,0.8931,0.03754,-0.27,0.0319
2026-08-12 14:59:00,724.04,2026-08-12,719.0,5.35,5.61,6.14,82,392,0.2932,0.842,0.04751,-0.44,0.0418
2026-08-12 14:59:00,724.04,2026-08-12,720.0,4.45,4.51,4.44,349,1518,0.2542,0.823,0.05894,-0.44,0.045
2026-08-12 14:59:00,724.04,2026-08-12,721.0,3.65,3.69,3.82,676,1317,0.2504,0.7609,0.0715,-0.63,0.0538
2026-08-12 14:59:00,724.04,2026-08-12,722.0,2.85,2.89,2.99,4319,2460,0.2376,0.6927,0.08538,-0.83,0.0609
2026-08-12 14:59:00,724.04,2026-08-12,723.0,2.14,2.17,2.5,205,2517,0.2273,0.607,0.09765,-1.115,0.0666
2026-08-12 14:59:00,724.04,2026-08-12,724.0,1.55,1.56,1.52,2100,1736,0.2208,0.5071,0.10428,-1.515,0.0691
2026-08-12 14:59:00,724.04,2026-08-12,725.0,1.02,1.03,1.08,39727,4262,0.2093,0.3985,0.10644,-1.025,0.0669
2026-08-12 14:59:00,724.04,2026-08-12,726.0,0.68,0.69,0.69,67951,971,0.2101,0.298,0.09521,-0.685,0.0601
2026-08-12 14:59:00,724.04,2026-08-12,727.0,0.42,0.43,0.44,1487,1404,0.2084,0.2088,0.07954,-0.425,0.0498
2026-08-12 14:59:00,724.04,2026-08-12,728.0,0.26,0.27,0.28,514,2306,0.2112,0.142,0.06139,-0.265,0.0389
2026-08-12 14:59:00,724.04,2026-08-12,729.0,0.12,0.17,0.17,1083,380,0.2089,0.0871,0.04381,-0.145,0.0275
2026-08-12 14:59:00,724.04,2026-08-12,730.0,0.11,0.12,0.08,32379,3893,0.2272,0.0667,0.03288,-0.115,0.0224
2026-08-12 14:59:00,724.04,2026-08-12,731.0,0.07,0.08,0.09,49,626,0.2348,0.045,0.02329,-0.075,0.0164
2026-08-12 14:59:00,724.04,2026-08-12,732.0,0.05,0.06,0.07,406,558,0.2472,0.0328,0.01711,-0.055,0.0127
2026-08-12 14:59:00,724.04,2026-08-12,733.0,0.04,0.05,0.05,684,515,0.2635,0.026,0.01323,-0.045,0.0105
2026-08-12 14:59:00,724.04,2026-08-12,734.0,0.01,0.02,0.02,360,440,0.2461,0.0104,0.00645,-0.015,0.0048
2026-08-12 14:59:00,724.04,2026-08-12,735.0,0.03,0.04,0.03,3327,4149,0.3001,0.0185,0.00873,-0.035,0.0079
2026-08-12 14:59:00,724.04,2026-08-12,736.0,0.01,0.02,0.04,1984,225,0.2884,0.009,0.00485,-0.015,0.0042
2026-08-12 14:59:00,724.04,2026-08-12,737.0,0,0.01,0.01,26,750,0.2949,0.0061,0.00337,-0.01,0.003
2026-08-12 14:59:00,724.04,2026-08-12,738.0,0,0.03,0.01,1889,280,0.3148,0.0057,0.003,-0.01,0.0028
2026-08-12 14:59:00,724.04,2026-08-12,739.0,0,0.03,0.01,450,4963,0.3346,0.0054,0.00268,-0.01,0.0027
2026-08-12 15:00:01,724.18,2026-08-12,710.0,14.09,14.59,9.15,344,1083,0.478,0.9591,0.01061,-0.155,0.0152
2026-08-12 15:00:01,724.18,2026-08-12,711.0,12.9,13.77,13.75,5,110,0.447,0.958,0.01159,-0.15,0.0155
2026-08-12 15:00:01,724.18,2026-08-12,712.0,11.8,12.43,12.32,3,175,,,,,
2026-08-12 15:00:01,724.18,2026-08-12,713.0,10.88,11.51,11.6,35,141,,,,,
2026-08-12 15:00:01,724.18,2026-08-12,714.0,9.82,10.72,11.52,63,319,0.3195,0.9687,0.01273,-0.085,0.0122
2026-08-12 15:00:01,724.18,2026-08-12,715.0,8.97,9.67,9.78,8,1322,0.3258,0.9502,0.01823,-0.135,0.0178
2026-08-12 15:00:01,724.18,2026-08-12,716.0,8.06,8.47,9,5,571,0.2629,0.9654,0.01684,-0.08,0.0133
2026-08-12 15:00:01,724.18,2026-08-12,717.0,7.13,7.46,7.99,24,648,0.2549,0.95,0.0234,-0.11,0.0179
2026-08-12 15:00:01,724.18,2026-08-12,718.0,6.12,6.32,6.32,904,351,0.1691,0.9835,0.01407,-0.035,0.0071
2026-08-12 15:00:01,724.18,2026-08-12,719.0,5.32,5.56,6.14,82,392,0.2497,0.8871,0.04433,-0.255,0.0331
2026-08-12 15:00:01,724.18,2026-08-12,720.0,4.43,4.61,4.44,349,1518,0.2356,0.8501,0.05718,-0.335,0.0403
2026-08-12 15:00:01,724.18,2026-08-12,721.0,3.62,3.67,3.82,676,1317,0.224,0.797,0.07289,-0.46,0.0489
2026-08-12 15:00:01,724.18,2026-08-12,722.0,2.85,2.86,2.78,4319,2460,0.2182,0.7214,0.08895,-0.67,0.0581
2026-08-12 15:00:01,724.18,2026-08-12,723.0,2.15,2.17,2.5,205,2517,0.2148,0.6279,0.10176,-0.975,0.0654
2026-08-12 15:00:01,724.18,2026-08-12,724.0,1.5,1.55,1.51,2168,1736,0.206,0.5237,0.11176,-1.34,0.0689
2026-08-12 15:00:01,724.18,2026-08-12,725.0,1.06,1.07,1.06,39827,4262,0.2068,0.4129,0.10882,-1.065,0.0674
2026-08-12 15:00:01,724.18,2026-08-12,726.0,0.65,0.66,0.71,68167,971,0.1983,0.3012,0.10155,-0.655,0.0603
2026-08-12 15:00:01,724.18,2026-08-12,727.0,0.4,0.45,0.44,1487,1404,0.2026,0.2136,0.08303,-0.425,0.0504
2026-08-12 15:00:01,724.18,2026-08-12,728.0,0.27,0.28,0.28,514,2306,0.2088,0.1478,0.06391,-0.275,0.0399
2026-08-12 15:00:01,724.18,2026-08-12,729.0,0.16,0.17,0.17,1093,380,0.2116,0.0962,0.04659,-0.165,0.0295
2026-08-12 15:00:01,724.18,2026-08-12,730.0,0.1,0.11,0.11,32693,3893,0.2188,0.0639,0.03305,-0.105,0.0216
2026-08-12 15:00:01,724.18,2026-08-12,731.0,0.03,0.08,0.09,49,626,0.218,0.0367,0.02128,-0.055,0.0139
2026-08-12 15:00:01,724.18,2026-08-12,732.0,0.05,0.06,0.07,411,558,0.2439,0.0332,0.01755,-0.055,0.0128
2026-08-12 15:00:01,724.18,2026-08-12,733.0,0.04,0.05,0.05,684,515,0.2604,0.0263,0.01354,-0.045,0.0106
2026-08-12 15:00:01,724.18,2026-08-12,734.0,0.03,0.04,0.02,390,440,0.2738,0.0201,0.01028,-0.035,0.0084
2026-08-12 15:00:01,724.18,2026-08-12,735.0,0.01,0.04,0.03,3332,4149,0.2832,0.0145,0.0075,-0.025,0.0064
2026-08-12 15:00:01,724.18,2026-08-12,736.0,0.01,0.04,0.04,1984,225,0.3055,0.0135,0.00656,-0.025,0.006
2026-08-12 15:00:01,724.18,2026-08-12,737.0,0,0.01,0.01,26,750,0.2924,0.0061,0.00343,-0.01,0.003
2026-08-12 15:00:01,724.18,2026-08-12,738.0,0,0.01,0.01,1889,280,0.3124,0.0058,0.00305,-0.01,0.0028
2026-08-12 15:00:01,724.18,2026-08-12,739.0,0,0.01,0.01,450,4963,0.3322,0.0055,0.00273,-0.01,0.0027
2026-08-12 15:01:02,724.15,2026-08-12,710.0,14.09,14.59,9.15,344,1083,0.4995,0.952,0.01157,-0.19,0.0172
2026-08-12 15:01:02,724.15,2026-08-12,711.0,13.23,13.59,13.59,5,110,0.5063,0.9365,0.01424,-0.26,0.0215
2026-08-12 15:01:02,724.15,2026-08-12,712.0,12.1,12.62,12.32,3,175,0.4522,0.9426,0.01474,-0.21,0.0199
2026-08-12 15:01:02,724.15,2026-08-12,713.0,11.04,11.23,11.6,35,141,,,,,
2026-08-12 15:01:02,724.15,2026-08-12,714.0,10.1,10.71,11.52,63,319,0.412,0.9256,0.01977,-0.255,0.0243
2026-08-12 15:01:02,724.15,2026-08-12,715.0,8.97,9.67,9.78,8,1322,0.3437,0.9404,0.01995,-0.17,0.0205
2026-08-12 15:01:02,724.15,2026-08-12,716.0,8.06,8.47,9,5,571,0.2856,0.9524,0.02009,-0.115,0.0171
2026-08-12 15:01:02,724.15,2026-08-12,717.0,7.03,7.52,7.99,24,648,0.2624,0.9444,0.02477,-0.125,0.0194
2026-08-12 15:01:02,724.15,2026-08-12,718.0,6.13,6.45,6.32,904,351,0.24,0.9329,0.03137,-0.14,0.0225
2026-08-12 15:01:02,724.15,2026-08-12,719.0,5.32,5.56,6.14,82,392,0.2592,0.8773,0.04539,-0.29,0.0351
2026-08-12 15:01:02,724.15,2026-08-12,720.0,4.43,4.61,4.44,349,1518,0.2432,0.8408,0.05772,-0.37,0.0419
2026-08-12 15:01:02,724.15,2026-08-12,721.0,3.57,3.66,3.82,687,1317,0.224,0.7948,0.07348,-0.465,0.0491
2026-08-12 15:01:02,724.15,2026-08-12,722.0,2.86,2.89,2.78,4324,2460,0.2263,0.7116,0.08735,-0.725,0.059
2026-08-12 15:01:02,724.15,2026-08-12,723.0,2.15,2.17,2.5,205,2517,0.2186,0.6226,0.10066,-1.01,0.0656
2026-08-12 15:01:02,724.15,2026-08-12,724.0,1.53,1.59,1.59,2176,1736,0.2141,0.5191,0.10779,-1.41,0.0688
2026-08-12 15:01:02,724.15,2026-08-12,725.0,1.01,1.02,1.02,40022,4262,0.2019,0.4067,0.11128,-1.015,0.067
2026-08-12 15:01:02,724.15,2026-08-12,726.0,0.68,0.69,0.69,68603,971,0.2053,0.3038,0.09859,-0.685,0.0604
2026-08-12 15:01:02,724.15,2026-08-12,727.0,0.4,0.45,0.44,1487,1404,0.2045,0.2124,0.08216,-0.425,0.0501
2026-08-12 15:01:02,724.15,2026-08-12,728.0,0.27,0.28,0.28,514,2306,0.2105,0.1471,0.06331,-0.275,0.0397
2026-08-12 15:01:02,724.15,2026-08-12,729.0,0.16,0.17,0.17,1140,380,0.2131,0.0957,0.04619,-0.165,0.0294
2026-08-12 15:01:02,724.15,2026-08-12,730.0,0.1,0.11,0.11,32794,3893,0.2202,0.0636,0.03279,-0.105,0.0215
2026-08-12 15:01:02,724.15,2026-08-12,731.0,0.03,0.08,0.09,49,626,0.2193,0.0365,0.02112,-0.055,0.0138
2026-08-12 15:01:02,724.15,2026-08-12,732.0,0.01,0.06,0.06,411,558,0.2274,0.0238,0.01428,-0.035,0.0097
2026-08-12 15:01:02,724.15,2026-08-12,733.0,0.01,0.05,0.05,688,515,0.2456,0.0194,0.01111,-0.03,0.0081
2026-08-12 15:01:02,724.15,2026-08-12,734.0,0.03,0.04,0.03,391,440,0.2752,0.0201,0.01023,-0.035,0.0084
2026-08-12 15:01:02,724.15,2026-08-12,735.0,0.01,0.04,0.03,3332,4149,0.2845,0.0144,0.00746,-0.025,0.0063
2026-08-12 15:01:02,724.15,2026-08-12,736.0,0.01,0.04,0.04,1984,225,0.3068,0.0135,0.00653,-0.025,0.006
2026-08-12 15:01:02,724.15,2026-08-12,737.0,0,0.01,0.01,26,750,0.2937,0.0061,0.00342,-0.01,0.003
2026-08-12 15:01:02,724.15,2026-08-12,738.0,0,0.01,0.01,1889,280,0.3136,0.0058,0.00303,-0.01,0.0028
2026-08-12 15:01:02,724.15,2026-08-12,739.0,0,0.03,0.01,450,4963,0.3335,0.0055,0.00272,-0.01,0.0027
2026-08-12 15:02:04,724.25,2026-08-12,710.0,13.85,14.59,9.15,344,1083,,,,,
2026-08-12 15:02:04,724.25,2026-08-12,711.0,13.12,13.48,13.59,5,110,0.3581,0.9851,0.0061,-0.05,0.0065
2026-08-12 15:02:04,724.25,2026-08-12,712.0,11.91,12.64,12.32,3,175,0.279,0.995,0.00301,-0.025,0.0025
2026-08-12 15:02:04,724.25,2026-08-12,713.0,10.81,11.47,11.6,35,141,,,,,
2026-08-12 15:02:04,724.25,2026-08-12,714.0,9.84,10.54,11.52,63,319,,,,,
2026-08-12 15:02:04,724.25,2026-08-12,715.0,9.05,9.51,9.78,8,1322,0.2304,0.9906,0.00635,-0.03,0.0043
2026-08-12 15:02:04,724.25,2026-08-12,716.0,7.86,8.35,9,5,571,,,,,
2026-08-12 15:02:04,724.25,2026-08-12,717.0,7.04,7.47,7.99,24,648,,,,,
2026-08-12 15:02:04,724.25,2026-08-12,718.0,6.03,6.42,6.32,904,351,,,,,
2026-08-12 15:02:04,724.25,2026-08-12,719.0,5.3,5.36,6.14,82,392,0.1839,0.9525,0.03121,-0.08,0.0171
2026-08-12 15:02:04,724.25,2026-08-12,720.0,4.48,4.51,4.44,349,1518,0.215,0.8764,0.0551,-0.245,0.0352
2026-08-12 15:02:04,724.25,2026-08-12,721.0,3.59,3.66,3.62,687,1317,0.2095,0.8184,0.07306,-0.375,0.0455
2026-08-12 15:02:04,724.25,2026-08-12,722.0,2.89,2.91,2.86,4324,2460,0.2186,0.7274,0.08812,-0.65,0.0573
2026-08-12 15:02:04,724.25,2026-08-12,723.0,2.12,2.18,2.5,205,2517,0.2077,0.6394,0.10452,-0.9,0.0646
2026-08-12 15:02:04,724.25,2026-08-12,724.0,1.55,1.58,1.54,2187,1736,0.2075,0.5308,0.11116,-1.315,0.0686
2026-08-12 15:02:04,724.25,2026-08-12,725.0,1.02,1.03,1.03,40298,4262,0.1976,0.4159,0.11448,-1.025,0.0673
2026-08-12 15:02:04,724.25,2026-08-12,726.0,0.64,0.69,0.69,69137,971,0.1973,0.3064,0.10315,-0.665,0.0605
2026-08-12 15:02:04,724.25,2026-08-12,727.0,0.42,0.43,0.44,1487,1404,0.2006,0.2159,0.08469,-0.425,0.0505
2026-08-12 15:02:04,724.25,2026-08-12,728.0,0.26,0.27,0.28,514,2306,0.2046,0.1462,0.06497,-0.265,0.0395
2026-08-12 15:02:04,724.25,2026-08-12,729.0,0.16,0.17,0.13,1154,380,0.2102,0.097,0.04735,-0.165,0.0296
2026-08-12 15:02:04,724.25,2026-08-12,730.0,0.06,0.11,0.11,32843,3893,0.2078,0.0558,0.03142,-0.085,0.0194
2026-08-12 15:02:04,724.25,2026-08-12,731.0,0.07,0.08,0.09,49,626,0.2302,0.0459,0.02428,-0.075,0.0166
2026-08-12 15:02:04,724.25,2026-08-12,732.0,0.01,0.06,0.06,415,558,0.2253,0.024,0.01455,-0.035,0.0097
2026-08-12 15:02:04,724.25,2026-08-12,733.0,0.01,0.05,0.04,702,515,0.2436,0.0195,0.0113,-0.03,0.0082
2026-08-12 15:02:04,724.25,2026-08-12,734.0,0.03,0.04,0.03,395,440,0.2732,0.0202,0.01038,-0.035,0.0084
2026-08-12 15:02:04,724.25,2026-08-12,735.0,0.03,0.04,0.03,3332,4149,0.2967,0.0188,0.00899,-0.035,0.0079
2026-08-12 15:02:04,724.25,2026-08-12,736.0,0,0.01,0.04,1984,225,0.3263,0.0195,0.00841,-0.04,0.0082
2026-08-12 15:02:04,724.25,2026-08-12,737.0,0,0.03,0.01,26,750,0.2921,0.0062,0.00346,-0.01,0.003
2026-08-12 15:02:04,724.25,2026-08-12,738.0,0,0.03,0.01,1889,280,0.3121,0.0058,0.00307,-0.01,0.0028
2026-08-12 15:02:04,724.25,2026-08-12,739.0,0,0.01,0.01,450,4963,0.332,0.0055,0.00274,-0.01,0.0027
2026-08-12 15:03:04,724.04,2026-08-12,710.0,13.94,14.68,9.15,344,1083,0.5398,0.9376,0.01323,-0.27,0.0212
2026-08-12 15:03:04,724.04,2026-08-12,711.0,13.22,13.52,13.59,5,110,0.5352,0.9246,0.01543,-0.33,0.0244
2026-08-12 15:03:04,724.04,2026-08-12,712.0,12.13,12.69,12.32,3,175,0.5187,0.9144,0.01753,-0.37,0.0269
2026-08-12 15:03:04,724.04,2026-08-12,713.0,10.88,11.43,11.6,35,141,0.3669,0.9616,0.01321,-0.115,0.0144
2026-08-12 15:03:04,724.04,2026-08-12,714.0,9.72,10.5,11.52,63,319,0.3044,0.9736,0.01166,-0.07,0.0105
2026-08-12 15:03:04,724.04,2026-08-12,715.0,8.9,9.31,9.78,8,1322,0.2741,0.9735,0.01299,-0.065,0.0105
2026-08-12 15:03:04,724.04,2026-08-12,716.0,7.86,8.49,9,5,571,0.2946,0.9454,0.02182,-0.135,0.019
2026-08-12 15:03:04,724.04,2026-08-12,717.0,7.21,7.62,7.99,24,648,0.3516,0.8803,0.03301,-0.375,0.0344
2026-08-12 15:03:04,724.04,2026-08-12,718.0,5.98,6.12,6.32,904,351,,,,,
2026-08-12 15:03:04,724.04,2026-08-12,719.0,5.24,5.53,6.14,82,392,0.2713,0.8622,0.04716,-0.345,0.0379
2026-08-12 15:03:04,724.04,2026-08-12,720.0,4.47,4.6,4.44,349,1518,0.2681,0.812,0.05845,-0.495,0.0464
2026-08-12 15:03:04,724.04,2026-08-12,721.0,3.73,3.75,3.62,688,1317,0.2651,0.7501,0.06964,-0.7,0.0547
2026-08-12 15:03:04,724.04,2026-08-12,722.0,2.66,2.75,2.86,4342,2460,0.2115,0.7152,0.09325,-0.665,0.0584
2026-08-12 15:03:04,724.04,2026-08-12,723.0,2.09,2.15,2.5,205,2517,0.2235,0.6094,0.09978,-1.08,0.0661
2026-08-12 15:03:04,724.04,2026-08-12,724.0,1.49,1.54,1.54,2187,1736,0.2165,0.5072,0.10708,-1.475,0.0686
2026-08-12 15:03:04,724.04,2026-08-12,725.0,1.11,1.13,1.13,41214,4262,0.225,0.4049,0.10009,-1.12,0.0667
2026-08-12 15:03:04,724.04,2026-08-12,726.0,0.62,0.63,0.62,70491,971,0.2014,0.2887,0.09853,-0.625,0.0588
2026-08-12 15:03:04,724.04,2026-08-12,727.0,0.41,0.42,0.44,1487,1404,0.2078,0.2065,0.07979,-0.415,0.0491
2026-08-12 15:03:04,724.04,2026-08-12,728.0,0.25,0.26,0.28,514,2306,0.2101,0.139,0.06125,-0.255,0.0381
2026-08-12 15:03:04,724.04,2026-08-12,729.0,0.16,0.17,0.17,1154,380,0.2174,0.0944,0.04498,-0.165,0.029
2026-08-12 15:03:04,724.04,2026-08-12,730.0,0.05,0.06,0.06,33129,3893,0.1966,0.0403,0.02563,-0.055,0.0149
2026-08-12 15:03:04,724.04,2026-08-12,731.0,0.07,0.08,0.09,49,626,0.2364,0.045,0.02329,-0.075,0.0163
2026-08-12 15:03:04,724.04,2026-08-12,732.0,0.05,0.06,0.06,415,558,0.2489,0.0328,0.0171,-0.055,0.0126
2026-08-12 15:03:04,724.04,2026-08-12,733.0,0.04,0.05,0.04,702,515,0.2654,0.026,0.01323,-0.045,0.0104
2026-08-12 15:03:04,724.04,2026-08-12,734.0,0.01,0.02,0.02,396,440,0.2478,0.0104,0.00645,-0.015,0.0047
2026-08-12 15:03:04,724.04,2026-08-12,735.0,0.01,0.02,0.03,3333,4149,0.2692,0.0096,0.00556,-0.015,0.0044
2026-08-12 15:03:04,724.04,2026-08-12,736.0,0,0.01,0.04,1984,225,0.3319,0.0192,0.0082,-0.04,0.0081
2026-08-12 15:03:04,724.04,2026-08-12,737.0,0,0.01,0.01,26,750,0.2969,0.0061,0.00337,-0.01,0.003
2026-08-12 15:03:04,724.04,2026-08-12,738.0,0,0.03,0.01,1889,280,0.317,0.0057,0.003,-0.01,0.0028
2026-08-12 15:03:04,724.04,2026-08-12,739.0,0,0.01,0.01,450,4963,0.3369,0.0054,0.00268,-0.01,0.0027
2026-08-12 15:04:05,723.44,2026-08-12,709.0,14.76,16.32,9.91,44,914,0.8206,0.8523,0.01638,-1.1,0.0396
2026-08-12 15:04:05,723.44,2026-08-12,710.0,13.94,14.68,9.15,344,1083,0.723,0.865,0.01749,-0.87,0.0373
2026-08-12 15:04:05,723.44,2026-08-12,711.0,13.22,13.52,13.59,5,110,0.701,0.8537,0.01905,-0.93,0.0394
2026-08-12 15:04:05,723.44,2026-08-12,712.0,11.77,12.48,12.32,3,175,0.5988,0.8709,0.02048,-0.685,0.0361
2026-08-12 15:04:05,723.44,2026-08-12,713.0,10.96,11.56,11.6,35,141,0.5968,0.8497,0.02279,-0.82,0.0401
2026-08-12 15:04:05,723.44,2026-08-12,714.0,10.01,10.87,11.52,63,319,0.6,0.8242,0.0251,-1.0,0.0444
2026-08-12 15:04:05,723.44,2026-08-12,715.0,8.9,9.31,9.78,8,1322,0.4816,0.8496,0.02825,-0.665,0.0401
2026-08-12 15:04:05,723.44,2026-08-12,716.0,7.86,8.49,9,5,571,0.4594,0.8304,0.03203,-0.735,0.0434
2026-08-12 15:04:05,723.44,2026-08-12,717.0,7.02,7.67,7.99,24,648,0.4555,0.7982,0.03601,-0.905,0.0483
2026-08-12 15:04:05,723.44,2026-08-12,718.0,5.97,6.23,6.32,904,351,0.3619,0.8122,0.04337,-0.66,0.0462
2026-08-12 15:04:05,723.44,2026-08-12,719.0,5.24,5.53,6.14,82,392,0.3754,0.7575,0.04851,-0.945,0.0537
2026-08-12 15:04:05,723.44,2026-08-12,720.0,4.47,4.6,4.6,351,1518,0.3548,0.7167,0.05557,-1.095,0.0581
2026-08-12 15:04:05,723.44,2026-08-12,721.0,3.46,3.49,3.55,707,1317,0.2943,0.6882,0.07001,-1.035,0.0607
2026-08-12 15:04:05,723.44,2026-08-12,722.0,2.72,2.73,2.68,4343,2460,0.279,0.621,0.07946,-1.285,0.0653
2026-08-12 15:04:05,723.44,2026-08-12,723.0,2.09,2.15,2.5,236,2517,0.275,0.5399,0.0841,-1.68,0.0681
2026-08-12 15:04:05,723.44,2026-08-12,724.0,1.49,1.54,1.54,2437,1736,0.2588,0.4526,0.08916,-1.515,0.068
2026-08-12 15:04:05,723.44,2026-08-12,725.0,0.91,0.97,0.96,41885,4262,0.2325,0.3507,0.09288,-0.94,0.0636
2026-08-12 15:04:05,723.44,2026-08-12,726.0,0.61,0.62,0.57,71291,971,0.2288,0.2599,0.08259,-0.615,0.0557
2026-08-12 15:04:05,723.44,2026-08-12,727.0,0.41,0.42,0.42,1589,1404,0.233,0.1892,0.06768,-0.415,0.0465
2026-08-12 15:04:05,723.44,2026-08-12,728.0,0.25,0.26,0.26,560,2306,0.2321,0.1284,0.05265,-0.255,0.036
2026-08-12 15:04:05,723.44,2026-08-12,729.0,0.16,0.17,0.17,1180,380,0.2372,0.088,0.03922,-0.165,0.0274
2026-08-12 15:04:05,723.44,2026-08-12,730.0,0.05,0.1,0.1,33240,3893,0.226,0.0468,0.02524,-0.075,0.0168
2026-08-12 15:04:05,723.44,2026-08-12,731.0,0.07,0.08,0.09,49,626,0.2533,0.0424,0.0208,-0.075,0.0155
2026-08-12 15:04:05,723.44,2026-08-12,732.0,0.05,0.06,0.06,415,558,0.2649,0.0311,0.01543,-0.055,0.012
2026-08-12 15:04:05,723.44,2026-08-12,733.0,0.04,0.05,0.04,702,515,0.2808,0.0248,0.01204,-0.045,0.01
2026-08-12 15:04:05,723.44,2026-08-12,734.0,0.01,0.02,0.02,400,440,0.2613,0.0099,0.00589,-0.015,0.0045
2026-08-12 15:04:05,723.44,2026-08-12,735.0,0.03,0.04,0.03,4091,4149,0.3169,0.0178,0.00807,-0.035,0.0075
2026-08-12 15:04:05,723.44,2026-08-12,736.0,0,0.01,0.04,1984,225,0.3467,0.0185,0.00762,-0.04,0.0078
2026-08-12 15:04:05,723.44,2026-08-12,737.0,0,0.01,0.01,26,750,0.3097,0.0059,0.00314,-0.01,0.0029
2026-08-12 15:04:05,723.44,2026-08-12,738.0,0,0.03,0.01,1889,280,0.3298,0.0055,0.0028,-0.01,0.0027
2026-08-12 15:05:06,723.64,2026-08-12,709.0,14.57,16.17,9.91,44,914,0.7282,0.8839,0.01565,-0.73,0.0335
2026-08-12 15:05:06,723.64,2026-08-12,710.0,13.94,14.68,9.15,344,1083,0.6747,0.885,0.01679,-0.67,0.0333
2026-08-12 15:05:06,723.64,2026-08-12,711.0,12.62,13.63,13.59,5,110,0.5814,0.9012,0.01746,-0.485,0.0298
2026-08-12 15:05:06,723.64,2026-08-12,712.0,11.51,12.34,12.32,3,175,0.4745,0.9265,0.01713,-0.285,0.0239
2026-08-12 15:05:06,723.64,2026-08-12,713.0,10.18,11.4,11.6,35,141,0.3793,0.9511,0.01558,-0.15,0.0174
2026-08-12 15:05:06,723.64,2026-08-12,714.0,9.48,10.75,11.52,63,319,0.4746,0.8851,0.02385,-0.475,0.0333
2026-08-12 15:05:06,723.64,2026-08-12,715.0,8.9,9.31,9.78,8,1322,0.4362,0.879,0.02691,-0.465,0.0345
2026-08-12 15:05:06,723.64,2026-08-12,716.0,7.86,8.49,9,5,571,0.4189,0.8593,0.03111,-0.535,0.0383
2026-08-12 15:05:06,723.64,2026-08-12,717.0,6.6,7.58,7.99,24,648,0.3594,0.8621,0.03576,-0.45,0.0378
2026-08-12 15:05:06,723.64,2026-08-12,718.0,5.54,5.84,6.32,914,351,0.1742,0.9716,0.0218,-0.05,0.0112
2026-08-12 15:05:06,723.64,2026-08-12,719.0,5.24,5.53,6.14,82,392,0.3463,0.7856,0.04914,-0.745,0.05
2026-08-12 15:05:06,723.64,2026-08-12,720.0,4.47,4.6,4.6,351,1518,0.3297,0.743,0.05705,-0.895,0.0553
2026-08-12 15:05:06,723.64,2026-08-12,721.0,3.06,3.08,3.2,709,1317,0.1968,0.7857,0.08645,-0.43,0.05
2026-08-12 15:05:06,723.64,2026-08-12,722.0,2.41,2.43,2.68,4350,2460,0.2112,0.6776,0.09911,-0.78,0.0615
2026-08-12 15:05:06,723.64,2026-08-12,723.0,2.09,2.15,2.15,236,2517,0.2592,0.56,0.08876,-1.48,0.0676
2026-08-12 15:05:06,723.64,2026-08-12,724.0,1.17,1.18,1.23,2437,1736,0.1958,0.4603,0.11827,-1.175,0.068
2026-08-12 15:05:06,723.64,2026-08-12,725.0,0.79,0.8,0.8,43062,4262,0.199,0.348,0.10834,-0.795,0.0634
2026-08-12 15:05:06,723.64,2026-08-12,726.0,0.44,0.49,0.49,71753,971,0.1925,0.2399,0.09421,-0.465,0.0533
2026-08-12 15:05:06,723.64,2026-08-12,727.0,0.41,0.42,0.42,1717,1404,0.2252,0.1946,0.07132,-0.415,0.0472
2026-08-12 15:05:06,723.64,2026-08-12,728.0,0.25,0.26,0.26,560,2306,0.2253,0.1317,0.05527,-0.255,0.0366
2026-08-12 15:05:06,723.64,2026-08-12,729.0,0.16,0.17,0.17,1182,380,0.2312,0.09,0.04099,-0.165,0.0278
2026-08-12 15:05:06,723.64,2026-08-12,730.0,0.08,0.09,0.09,33321,3893,0.2264,0.0522,0.02748,-0.085,0.0183
2026-08-12 15:05:06,723.64,2026-08-12,731.0,0.07,0.08,0.09,49,626,0.2482,0.0433,0.02158,-0.075,0.0157
2026-08-12 15:05:06,723.64,2026-08-12,732.0,0.01,0.02,0.06,415,558,0.2138,0.0119,0.00845,-0.015,0.0053
2026-08-12 15:05:06,723.64,2026-08-12,733.0,0.04,0.05,0.04,702,515,0.2763,0.0252,0.01242,-0.045,0.0101
2026-08-12 15:05:06,723.64,2026-08-12,734.0,0.01,0.04,0.02,401,440,0.2755,0.015,0.008,-0.025,0.0065
2026-08-12 15:05:06,723.64,2026-08-12,735.0,0.03,0.04,0.03,4097,4149,0.3127,0.0181,0.00828,-0.035,0.0076
2026-08-12 15:05:06,723.64,2026-08-12,736.0,0,0.01,0.04,1984,225,0.3426,0.0188,0.00781,-0.04,0.0079
2026-08-12 15:05:06,723.64,2026-08-12,737.0,0,0.01,0.01,26,750,0.3062,0.0059,0.00321,-0.01,0.0029
2026-08-12 15:05:06,723.64,2026-08-12,738.0,0,0.01,0.01,1889,280,0.3262,0.0056,0.00286,-0.01,0.0027
2026-08-12 15:06:07,723.82,2026-08-12,709.0,14.31,16.43,9.91,44,914,0.6783,0.9031,0.01477,-0.55,0.0294
2026-08-12 15:06:07,723.82,2026-08-12,710.0,13.23,13.87,9.15,344,1083,,,,,
2026-08-12 15:06:07,723.82,2026-08-12,711.0,12.5,12.61,13.59,5,110,,,,,
2026-08-12 15:06:07,723.82,2026-08-12,712.0,11.66,12.31,12.32,3,175,0.4225,0.9511,0.01402,-0.165,0.0173
2026-08-12 15:06:07,723.82,2026-08-12,713.0,10.13,10.95,11.6,35,141,,,,,
2026-08-12 15:06:07,723.82,2026-08-12,714.0,9.56,9.82,11.52,63,319,,,,,
2026-08-12 15:06:07,723.82,2026-08-12,715.0,8.55,9.07,9.78,8,1322,,,,,
2026-08-12 15:06:07,723.82,2026-08-12,716.0,7.64,7.7,9,5,571,,,,,
2026-08-12 15:06:07,723.82,2026-08-12,717.0,6.42,7.44,7.36,26,648,0.2473,0.948,0.02514,-0.11,0.0182
2026-08-12 15:06:07,723.82,2026-08-12,718.0,5.6,6.01,6.01,915,351,,,,,
2026-08-12 15:06:07,723.82,2026-08-12,719.0,4.8,4.92,6.14,82,392,0.1441,0.9756,0.02324,-0.04,0.0098
2026-08-12 15:06:07,723.82,2026-08-12,720.0,3.91,4.04,4.6,351,1518,0.174,0.9021,0.058,-0.155,0.0296
2026-08-12 15:06:07,723.82,2026-08-12,721.0,3.23,3.25,3.26,729,1317,0.2028,0.7943,0.08202,-0.42,0.0487
2026-08-12 15:06:07,723.82,2026-08-12,722.0,2.53,2.56,2.51,4415,2460,0.2118,0.695,0.09664,-0.725,0.06
2026-08-12 15:06:07,723.82,2026-08-12,723.0,1.76,1.77,2.15,237,2517,0.1911,0.602,0.118,-0.945,0.066
2026-08-12 15:06:07,723.82,2026-08-12,724.0,1.25,1.3,1.23,2527,1736,0.1984,0.4818,0.11737,-1.275,0.0682
2026-08-12 15:06:07,723.82,2026-08-12,725.0,0.81,0.82,0.86,43488,4262,0.1925,0.363,0.11389,-0.815,0.0642
2026-08-12 15:06:07,723.82,2026-08-12,726.0,0.49,0.54,0.54,72680,971,0.1937,0.2582,0.09747,-0.515,0.0553
2026-08-12 15:06:07,723.82,2026-08-12,727.0,0.26,0.27,0.42,1751,1404,0.1847,0.1597,0.07685,-0.265,0.0416
2026-08-12 15:06:07,723.82,2026-08-12,728.0,0.19,0.2,0.26,560,2306,0.2022,0.1157,0.05632,-0.195,0.0334
2026-08-12 15:06:07,723.82,2026-08-12,729.0,0.08,0.09,0.17,1212,380,0.1929,0.0599,0.03603,-0.085,0.0204
2026-08-12 15:06:07,723.82,2026-08-12,730.0,0.08,0.09,0.09,33582,3893,0.2217,0.0532,0.02855,-0.085,0.0185
2026-08-12 15:06:07,723.82,2026-08-12,731.0,0.02,0.07,0.09,50,626,0.2221,0.0306,0.01818,-0.045,0.0118
2026-08-12 15:06:07,723.82,2026-08-12,732.0,0.04,0.05,0.06,415,558,0.2474,0.0278,0.01508,-0.045,0.0109
2026-08-12 15:06:07,723.82,2026-08-12,733.0,0.03,0.04,0.04,702,515,0.2617,0.0212,0.01135,-0.035,0.0087
2026-08-12 15:06:07,723.82,2026-08-12,734.0,0.01,0.04,0.03,411,440,0.2718,0.0152,0.00822,-0.025,0.0065
2026-08-12 15:06:07,723.82,2026-08-12,735.0,0.01,0.02,0.03,4168,4149,0.2754,0.0095,0.00539,-0.015,0.0043
2026-08-12 15:06:07,723.82,2026-08-12,736.0,0,0.03,0.04,1984,225,0.3388,0.019,0.00798,-0.04,0.0079
2026-08-12 15:06:07,723.82,2026-08-12,737.0,0,0.03,0.01,26,750,0.303,0.006,0.00328,-0.01,0.0029
2026-08-12 15:06:07,723.82,2026-08-12,738.0,0,0.03,0.01,1889,280,0.3231,0.0057,0.00292,-0.01,0.0028
2026-08-12 15:07:08,724.29,2026-08-12,710.0,13.68,13.98,9.15,344,1083,,,,,
2026-08-12 15:07:08,724.29,2026-08-12,711.0,12.7,13.21,13.59,5,110,,,,,
2026-08-12 15:07:08,724.29,2026-08-12,712.0,11.94,12.1,12.32,3,175,,,,,
2026-08-12 15:07:08,724.29,2026-08-12,713.0,10.56,11.15,11.6,35,141,,,,,
2026-08-12 15:07:08,724.29,2026-08-12,714.0,10.01,10.22,11.52,63,319,,,,,
2026-08-12 15:07:08,724.29,2026-08-12,715.0,8.49,9.09,9.78,8,1322,,,,,
2026-08-12 15:07:08,724.29,2026-08-12,716.0,7.45,8.05,9,5,571,,,,,
2026-08-12 15:07:08,724.29,2026-08-12,717.0,6.63,7.49,7.57,34,648,,,,,
2026-08-12 15:07:08,724.29,2026-08-12,718.0,6.15,6.36,6.06,916,351,,,,,
2026-08-12 15:07:08,724.29,2026-08-12,719.0,4.89,5,6.14,82,392,,,,,
2026-08-12 15:07:08,724.29,2026-08-12,720.0,4.11,4.15,4.6,351,1518,,,,,
2026-08-12 15:07:08,724.29,2026-08-12,721.0,3.16,3.28,3.33,734,1317,,,,,
2026-08-12 15:07:08,724.29,2026-08-12,722.0,2.79,2.82,2.46,4441,2460,0.1981,0.7532,0.09318,-0.515,0.054
2026-08-12 15:07:08,724.29,2026-08-12,723.0,1.79,1.81,1.81,237,2517,0.149,0.6969,0.13714,-0.51,0.0597
2026-08-12 15:07:08,724.29,2026-08-12,724.0,1.26,1.28,1.32,2527,1736,0.1627,0.5448,0.14251,-0.98,0.0678
2026-08-12 15:07:08,724.29,2026-08-12,725.0,0.95,1.01,1,44309,4262,0.1901,0.4165,0.12007,-0.98,0.0667
2026-08-12 15:07:08,724.29,2026-08-12,726.0,0.62,0.63,0.58,73462,971,0.1903,0.3025,0.10724,-0.625,0.0597
2026-08-12 15:07:08,724.29,2026-08-12,727.0,0.28,0.29,0.29,1751,1404,0.1712,0.1798,0.08958,-0.285,0.0448
2026-08-12 15:07:08,724.29,2026-08-12,728.0,0.16,0.21,0.26,560,2306,0.1832,0.1202,0.06396,-0.185,0.0342
2026-08-12 15:07:08,724.29,2026-08-12,729.0,0.12,0.13,0.13,1212,380,0.1962,0.082,0.04514,-0.125,0.0259
2026-08-12 15:07:08,724.29,2026-08-12,730.0,0.09,0.1,0.1,33677,3893,0.2135,0.0605,0.03283,-0.095,0.0205
2026-08-12 15:07:08,724.29,2026-08-12,731.0,0.06,0.07,0.06,50,626,0.2247,0.0417,0.02321,-0.065,0.0152
2026-08-12 15:07:08,724.29,2026-08-12,732.0,0.01,0.02,0.06,415,558,0.1999,0.0126,0.00956,-0.015,0.0056
2026-08-12 15:07:08,724.29,2026-08-12,733.0,0.01,0.04,0.04,702,515,0.2383,0.0171,0.01039,-0.025,0.0072
2026-08-12 15:07:08,724.29,2026-08-12,734.0,0.03,0.04,0.03,411,440,0.2746,0.0203,0.01045,-0.035,0.0084
2026-08-12 15:07:08,724.29,2026-08-12,735.0,0.03,0.04,0.03,4203,4149,0.2983,0.0189,0.00904,-0.035,0.0079
2026-08-12 15:07:08,724.29,2026-08-12,736.0,0,0.01,0.04,1984,225,0.3281,0.0195,0.00846,-0.04,0.0081
2026-08-12 15:07:08,724.29,2026-08-12,737.0,0,0.03,0.01,26,750,0.2938,0.0062,0.00348,-0.01,0.003
2026-08-12 15:07:08,724.29,2026-08-12,738.0,0,0.03,0.01,1889,280,0.314,0.0058,0.00308,-0.01,0.0028
2026-08-12 15:07:08,724.29,2026-08-12,739.0,0,0.01,0.01,450,4963,0.3341,0.0055,0.00276,-0.01,0.0027
2026-08-12 15:08:08,724.27,2026-08-12,710.0,13.68,13.98,9.15,344,1083,,,,,
2026-08-12 15:08:08,724.27,2026-08-12,711.0,13.1,13.18,13.59,5,110,,,,,
2026-08-12 15:08:08,724.27,2026-08-12,712.0,11.87,12.4,12.32,3,175,,,,,
2026-08-12 15:08:08,724.27,2026-08-12,713.0,11.05,11.57,11.6,35,141,0.2994,0.9871,0.0065,-0.04,0.0057
2026-08-12 15:08:08,724.27,2026-08-12,714.0,10.28,10.29,11.52,63,319,,,,,
2026-08-12 15:08:08,724.27,2026-08-12,715.0,8.49,9.09,9.78,8,1322,,,,,
2026-08-12 15:08:08,724.27,2026-08-12,716.0,7.45,8.05,9,5,571,,,,,
2026-08-12 15:08:08,724.27,2026-08-12,717.0,7.21,7.6,7.38,34,648,0.2744,0.9415,0.02495,-0.135,0.0199
2026-08-12 15:08:08,724.27,2026-08-12,718.0,6.04,6.4,6.38,916,351,,,,,
2026-08-12 15:08:08,724.27,2026-08-12,719.0,4.89,5,6.14,82,392,,,,,
2026-08-12 15:08:08,724.27,2026-08-12,720.0,4.11,4.15,4.6,351,1518,,,,,
2026-08-12 15:08:08,724.27,2026-08-12,721.0,3.66,3.69,3.71,738,1317,0.2191,0.8116,0.0722,-0.405,0.0461
2026-08-12 15:08:08,724.27,2026-08-12,722.0,2.83,2.87,2.84,4496,2460,0.2094,0.74,0.09075,-0.58,0.0554
2026-08-12 15:08:08,724.27,2026-08-12,723.0,1.79,1.81,1.81,237,2517,0.1516,0.6914,0.13611,-0.53,0.0601
2026-08-12 15:08:08,724.27,2026-08-12,724.0,1.47,1.53,1.32,2530,1736,0.1985,0.5347,0.11729,-1.23,0.0678
2026-08-12 15:08:08,724.27,2026-08-12,725.0,0.98,1.03,1.04,44721,4262,0.1954,0.4163,0.11698,-1.005,0.0666
2026-08-12 15:08:08,724.27,2026-08-12,726.0,0.65,0.67,0.61,73832,971,0.1975,0.3068,0.10416,-0.66,0.0599
2026-08-12 15:08:08,724.27,2026-08-12,727.0,0.28,0.29,0.29,1751,1404,0.1723,0.1792,0.08896,-0.285,0.0447
2026-08-12 15:08:08,724.27,2026-08-12,728.0,0.16,0.21,0.26,560,2306,0.1842,0.1199,0.06357,-0.185,0.0341
2026-08-12 15:08:08,724.27,2026-08-12,729.0,0.12,0.13,0.13,1213,380,0.1972,0.0818,0.0449,-0.125,0.0258
2026-08-12 15:08:08,724.27,2026-08-12,730.0,0.1,0.11,0.1,33863,3893,0.2192,0.0645,0.03368,-0.105,0.0215
2026-08-12 15:08:08,724.27,2026-08-12,731.0,0.06,0.07,0.06,50,626,0.2257,0.0416,0.02311,-0.065,0.0152
2026-08-12 15:08:08,724.27,2026-08-12,732.0,0.05,0.06,0.06,415,558,0.245,0.0335,0.01783,-0.055,0.0127
2026-08-12 15:08:08,724.27,2026-08-12,733.0,0.01,0.04,0.04,702,515,0.2392,0.017,0.01035,-0.025,0.0072
2026-08-12 15:08:08,724.27,2026-08-12,734.0,0.03,0.04,0.03,411,440,0.2756,0.0203,0.01042,-0.035,0.0084
2026-08-12 15:08:08,724.27,2026-08-12,735.0,0.01,0.04,0.02,4207,4149,0.2852,0.0146,0.00759,-0.025,0.0063
2026-08-12 15:08:08,724.27,2026-08-12,736.0,0,0.01,0.04,1984,225,0.3292,0.0195,0.00844,-0.04,0.0081
2026-08-12 15:08:08,724.27,2026-08-12,737.0,0,0.03,0.01,26,750,0.2947,0.0062,0.00347,-0.01,0.003
2026-08-12 15:08:08,724.27,2026-08-12,738.0,0,0.03,0.01,1889,280,0.315,0.0058,0.00308,-0.01,0.0028
2026-08-12 15:08:08,724.27,2026-08-12,739.0,0,0.01,0.01,450,4963,0.3351,0.0055,0.00275,-0.01,0.0027
2026-08-12 15:09:09,724.08,2026-08-12,710.0,14.03,14.52,9.15,344,1083,0.5076,0.9508,0.01178,-0.195,0.0173
2026-08-12 15:09:09,724.08,2026-08-12,711.0,13.05,13.32,13.59,5,110,0.4187,0.9684,0.00995,-0.105,0.0121
2026-08-12 15:09:09,724.08,2026-08-12,712.0,12.07,12.38,12.32,3,175,0.42,0.9564,0.01292,-0.145,0.0157
2026-08-12 15:09:09,724.08,2026-08-12,713.0,11.17,11.52,11.6,35,141,0.4515,0.9278,0.01788,-0.265,0.0234
2026-08-12 15:09:09,724.08,2026-08-12,714.0,9.97,10.33,11.52,63,319,0.3089,0.9736,0.01163,-0.07,0.0104
2026-08-12 15:09:09,724.08,2026-08-12,715.0,8.99,9.61,9.78,8,1322,0.3694,0.9277,0.02186,-0.22,0.0234
2026-08-12 15:09:09,724.08,2026-08-12,716.0,8.16,8.49,9,5,571,0.3476,0.9161,0.02603,-0.245,0.0262
2026-08-12 15:09:09,724.08,2026-08-12,717.0,6.98,7.39,7.38,34,648,0.2533,0.9511,0.02347,-0.105,0.0172
2026-08-12 15:09:09,724.08,2026-08-12,718.0,6.19,6.25,6.38,916,351,0.2414,0.9322,0.03187,-0.14,0.0223
2026-08-12 15:09:09,724.08,2026-08-12,719.0,5.3,5.46,6.14,82,392,0.2633,0.8736,0.04626,-0.3,0.0353
2026-08-12 15:09:09,724.08,2026-08-12,720.0,4.28,4.37,4.53,354,1518,0.2116,0.8733,0.05764,-0.245,0.0354
2026-08-12 15:09:09,724.08,2026-08-12,721.0,3.47,3.58,3.64,748,1317,0.2201,0.7969,0.07538,-0.445,0.0481
2026-08-12 15:09:09,724.08,2026-08-12,722.0,2.76,2.81,2.81,4586,2460,0.2226,0.7111,0.09012,-0.705,0.0582
2026-08-12 15:09:09,724.08,2026-08-12,723.0,2.029,2.09,2.1,258,2517,0.2128,0.62,0.10504,-0.9795,0.0649
2026-08-12 15:09:09,724.08,2026-08-12,724.0,1.43,1.45,1.49,2657,1736,0.2047,0.5121,0.11437,-1.36,0.0679
2026-08-12 15:09:09,724.08,2026-08-12,725.0,0.97,0.98,0.97,45553,4262,0.2029,0.3979,0.11163,-0.975,0.0657
2026-08-12 15:09:09,724.08,2026-08-12,726.0,0.57,0.62,0.62,74379,971,0.1964,0.2858,0.10162,-0.595,0.0579
2026-08-12 15:09:09,724.08,2026-08-12,727.0,0.34,0.35,0.29,1751,1404,0.1936,0.1904,0.08242,-0.345,0.0463
2026-08-12 15:09:09,724.08,2026-08-12,728.0,0.19,0.2,0.26,560,2306,0.1942,0.1201,0.06051,-0.195,0.0341
2026-08-12 15:09:09,724.08,2026-08-12,729.0,0.1,0.11,0.12,1217,380,0.1953,0.0713,0.04092,-0.105,0.0232
2026-08-12 15:09:09,724.08,2026-08-12,730.0,0.09,0.1,0.1,33930,3893,0.2205,0.059,0.03132,-0.095,0.02
2026-08-12 15:09:09,724.08,2026-08-12,731.0,0.06,0.07,0.06,50,626,0.2313,0.0408,0.02224,-0.065,0.0149
2026-08-12 15:09:09,724.08,2026-08-12,732.0,0.05,0.06,0.06,415,558,0.2505,0.0329,0.01723,-0.055,0.0125
2026-08-12 15:09:09,724.08,2026-08-12,733.0,0.01,0.02,0.04,702,515,0.2275,0.0113,0.00764,-0.015,0.005
2026-08-12 15:09:09,724.08,2026-08-12,734.0,0.01,0.02,0.03,411,440,0.2495,0.0104,0.00649,-0.015,0.0047
2026-08-12 15:09:09,724.08,2026-08-12,735.0,0.03,0.04,0.03,4223,4149,0.3044,0.0186,0.00878,-0.035,0.0078
2026-08-12 15:09:09,724.08,2026-08-12,736.0,0,0.01,0.04,1984,225,0.3344,0.0193,0.00824,-0.04,0.008
2026-08-12 15:09:09,724.08,2026-08-12,737.0,0,0.01,0.01,26,750,0.2992,0.0061,0.00339,-0.01,0.0029
2026-08-12 15:09:09,724.08,2026-08-12,738.0,0,0.01,0.01,1889,280,0.3194,0.0057,0.00301,-0.01,0.0028
2026-08-12 15:09:09,724.08,2026-08-12,739.0,0,0.01,0.01,450,4963,0.3395,0.0054,0.00269,-0.01,0.0027
2026-08-12 15:10:10,724.03,2026-08-12,710.0,13.67,14.3,9.15,344,1083,,,,,
2026-08-12 15:10:10,724.03,2026-08-12,711.0,12.83,13.68,13.59,5,110,0.4913,0.9432,0.01365,-0.22,0.0194
2026-08-12 15:10:10,724.03,2026-08-12,712.0,12.17,12.21,12.32,3,175,0.4257,0.9539,0.01335,-0.155,0.0164
2026-08-12 15:10:10,724.03,2026-08-12,713.0,11.25,11.64,11.6,35,141,0.506,0.9033,0.01991,-0.41,0.0291
2026-08-12 15:10:10,724.03,2026-08-12,714.0,9.96,10.32,11.52,64,319,0.3368,0.9618,0.01451,-0.105,0.0141
2026-08-12 15:10:10,724.03,2026-08-12,715.0,8.95,9.39,9.78,13,1322,0.3275,0.9495,0.01868,-0.135,0.0177
2026-08-12 15:10:10,724.03,2026-08-12,716.0,8.13,8.61,9,5,571,0.3784,0.8967,0.02793,-0.335,0.0306
2026-08-12 15:10:10,724.03,2026-08-12,717.0,7,7.52,7.38,46,648,0.3067,0.9135,0.03023,-0.225,0.0268
2026-08-12 15:10:10,724.03,2026-08-12,718.0,6.3,6.46,6.38,919,351,0.3112,0.8754,0.03882,-0.345,0.0349
2026-08-12 15:10:10,724.03,2026-08-12,719.0,5.14,5.49,6.14,84,392,0.2564,0.8782,0.04638,-0.28,0.0344
2026-08-12 15:10:10,724.03,2026-08-12,720.0,4.36,4.46,4.53,364,1518,0.2439,0.8371,0.05936,-0.375,0.0418
2026-08-12 15:10:10,724.03,2026-08-12,721.0,3.62,3.67,3.64,759,1317,0.2513,0.7639,0.07212,-0.61,0.0524
2026-08-12 15:10:10,724.03,2026-08-12,722.0,2.7,2.82,2.75,4640,2460,0.2242,0.706,0.09038,-0.725,0.0586
2026-08-12 15:10:10,724.03,2026-08-12,723.0,1.99,2.009,2.1,624,2517,0.2082,0.6178,0.10772,-0.9645,0.0648
2026-08-12 15:10:10,724.03,2026-08-12,724.0,1.44,1.45,1.49,2930,1736,0.2092,0.5068,0.11216,-1.41,0.0678
2026-08-12 15:10:10,724.03,2026-08-12,725.0,0.99,1,1,46452,4262,0.209,0.3959,0.1084,-0.995,0.0655
2026-08-12 15:10:10,724.03,2026-08-12,726.0,0.61,0.63,0.63,75326,971,0.2033,0.2876,0.09865,-0.62,0.058
2026-08-12 15:10:10,724.03,2026-08-12,727.0,0.38,0.39,0.29,1873,1404,0.2043,0.1992,0.0804,-0.385,0.0475
2026-08-12 15:10:10,724.03,2026-08-12,728.0,0.19,0.2,0.26,758,2306,0.1961,0.1193,0.05975,-0.195,0.0339
2026-08-12 15:10:10,724.03,2026-08-12,729.0,0.14,0.15,0.12,1224,380,0.213,0.0871,0.04375,-0.145,0.0269
2026-08-12 15:10:10,724.03,2026-08-12,730.0,0.09,0.1,0.06,34200,3893,0.2222,0.0587,0.03101,-0.095,0.0199
2026-08-12 15:10:10,724.03,2026-08-12,731.0,0.06,0.07,0.06,86,626,0.2329,0.0406,0.02204,-0.065,0.0148
2026-08-12 15:10:10,724.03,2026-08-12,732.0,0.01,0.06,0.06,415,558,0.2338,0.0235,0.01397,-0.035,0.0094
2026-08-12 15:10:10,724.03,2026-08-12,733.0,0.04,0.05,0.04,702,515,0.2687,0.026,0.01322,-0.045,0.0103
2026-08-12 15:10:10,724.03,2026-08-12,734.0,0.01,0.04,0.03,474,440,0.2687,0.0154,0.00848,-0.025,0.0066
2026-08-12 15:10:10,724.03,2026-08-12,735.0,0.03,0.04,0.02,4253,4149,0.306,0.0185,0.00873,-0.035,0.0077
2026-08-12 15:10:10,724.03,2026-08-12,736.0,0,0.03,0.04,1984,225,0.336,0.0192,0.00819,-0.04,0.008
2026-08-12 15:10:10,724.03,2026-08-12,737.0,0,0.03,0.01,26,750,0.3006,0.0061,0.00337,-0.01,0.0029
2026-08-12 15:10:10,724.03,2026-08-12,738.0,0,0.03,0.01,1889,280,0.3209,0.0057,0.00299,-0.01,0.0028
2026-08-12 15:10:10,724.03,2026-08-12,739.0,0,0.01,0.01,450,4963,0.3411,0.0054,0.00268,-0.01,0.0026
2026-08-12 15:11:11,723.79,2026-08-12,709.0,14.96,16.48,9.91,44,914,0.7988,0.8672,0.01584,-0.93,0.0364
2026-08-12 15:11:11,723.79,2026-08-12,710.0,13.67,14.3,9.15,344,1083,0.5012,0.9501,0.01212,-0.195,0.0175
2026-08-12 15:11:11,723.79,2026-08-12,711.0,12.72,13.52,13.59,5,110,0.535,0.9236,0.01581,-0.33,0.0244
2026-08-12 15:11:11,723.79,2026-08-12,712.0,12.01,12.21,12.32,3,175,0.4988,0.9211,0.01738,-0.32,0.025
2026-08-12 15:11:11,723.79,2026-08-12,713.0,10.7,11.61,11.6,35,141,0.483,0.909,0.01999,-0.365,0.0278
2026-08-12 15:11:11,723.79,2026-08-12,714.0,9.7,10.62,10.32,64,319,0.451,0.9025,0.02252,-0.37,0.0292
2026-08-12 15:11:11,723.79,2026-08-12,715.0,8.95,9.39,9.34,13,1322,0.42,0.8941,0.02568,-0.38,0.031
2026-08-12 15:11:11,723.79,2026-08-12,716.0,8.13,8.61,9,5,571,0.4407,0.8543,0.03059,-0.58,0.0388
2026-08-12 15:11:11,723.79,2026-08-12,717.0,6.92,7.41,7.14,46,648,0.3478,0.8776,0.03437,-0.375,0.0344
2026-08-12 15:11:11,723.79,2026-08-12,718.0,5.89,6.07,6.01,945,351,0.2535,0.9129,0.03686,-0.19,0.0269
2026-08-12 15:11:11,723.79,2026-08-12,719.0,5.14,5.49,5.21,84,392,0.3095,0.8218,0.04966,-0.525,0.0442
2026-08-12 15:11:11,723.79,2026-08-12,720.0,4.36,4.46,4.36,372,1518,0.2875,0.784,0.06006,-0.62,0.0497
2026-08-12 15:11:11,723.79,2026-08-12,721.0,3.3,3.34,3.38,777,1317,0.2253,0.7698,0.07946,-0.53,0.0515
2026-08-12 15:11:11,723.79,2026-08-12,722.0,2.57,2.64,2.58,4657,2460,0.2271,0.6816,0.09261,-0.815,0.0605
2026-08-12 15:11:11,723.79,2026-08-12,723.0,1.99,2.009,1.99,786,2517,0.231,0.5827,0.09958,-1.2095,0.0662
2026-08-12 15:11:11,723.79,2026-08-12,724.0,1.29,1.35,1.3,3081,1736,0.2089,0.4793,0.11239,-1.32,0.0676
2026-08-12 15:11:11,723.79,2026-08-12,725.0,0.87,0.88,0.84,47085,4262,0.2053,0.367,0.1081,-0.875,0.0639
2026-08-12 15:11:11,723.79,2026-08-12,726.0,0.5,0.51,0.51,75598,971,0.195,0.2548,0.097,-0.505,0.0545
2026-08-12 15:11:11,723.79,2026-08-12,727.0,0.38,0.39,0.39,1941,1404,0.2149,0.1918,0.07486,-0.385,0.0463
2026-08-12 15:11:11,723.79,2026-08-12,728.0,0.19,0.2,0.2,874,2306,0.205,0.1152,0.05586,-0.195,0.033
2026-08-12 15:11:11,723.79,2026-08-12,729.0,0.09,0.1,0.15,1289,380,0.2003,0.0643,0.03697,-0.095,0.0213
2026-08-12 15:11:11,723.79,2026-08-12,730.0,0.09,0.1,0.09,34313,3893,0.2298,0.0572,0.02942,-0.095,0.0195
2026-08-12 15:11:11,723.79,2026-08-12,731.0,0.06,0.07,0.06,89,626,0.24,0.0397,0.02102,-0.065,0.0145
2026-08-12 15:11:11,723.79,2026-08-12,732.0,0.01,0.02,0.05,451,558,0.2126,0.012,0.00868,-0.015,0.0053
2026-08-12 15:11:11,723.79,2026-08-12,733.0,0.04,0.05,0.04,814,515,0.2754,0.0255,0.01271,-0.045,0.0101
2026-08-12 15:11:11,723.79,2026-08-12,734.0,0.01,0.02,0.01,474,440,0.2568,0.0102,0.0062,-0.015,0.0046
2026-08-12 15:11:11,723.79,2026-08-12,735.0,0.03,0.04,0.01,4258,4149,0.3124,0.0182,0.00844,-0.035,0.0076
2026-08-12 15:11:11,723.79,2026-08-12,736.0,0,0.03,0.01,3,225,0.2858,0.0064,0.00371,-0.01,0.003
2026-08-12 15:11:11,723.79,2026-08-12,737.0,0,0.03,0.01,26,750,0.3063,0.006,0.00327,-0.01,0.0029
2026-08-12 15:11:11,723.79,2026-08-12,738.0,0,0.01,0.01,1889,280,0.3266,0.0057,0.00291,-0.01,0.0027
2026-08-12 15:12:12,723.93,2026-08-12,709.0,14.95,16.55,9.91,44,914,0.7729,0.8776,0.01549,-0.815,0.0344
2026-08-12 15:12:12,723.93,2026-08-12,710.0,13.67,14.3,9.15,344,1083,0.3818,0.9855,0.0057,-0.05,0.0062
2026-08-12 15:12:12,723.93,2026-08-12,711.0,12.54,13.1,13.59,5,110,,,,,
2026-08-12 15:12:12,723.93,2026-08-12,712.0,11.59,12.24,12.32,3,175,,,,,
2026-08-12 15:12:12,723.93,2026-08-12,713.0,10.56,11.14,11.6,35,141,,,,,
2026-08-12 15:12:12,723.93,2026-08-12,714.0,9.57,10.52,10.32,64,319,0.3389,0.9599,0.01504,-0.11,0.0146
2026-08-12 15:12:12,723.93,2026-08-12,715.0,8.95,9.39,9.34,13,1322,0.3732,0.9235,0.02273,-0.235,0.0243
2026-08-12 15:12:12,723.93,2026-08-12,716.0,8.13,8.61,9,5,571,0.4072,0.8778,0.02938,-0.435,0.0343
2026-08-12 15:12:12,723.93,2026-08-12,717.0,6.84,7.09,7.14,46,648,0.1833,0.9878,0.01019,-0.03,0.0054
2026-08-12 15:12:12,723.93,2026-08-12,718.0,5.77,6.13,6.01,945,351,,,,,
2026-08-12 15:12:12,723.93,2026-08-12,719.0,5.14,5.49,5.21,84,392,0.2809,0.8525,0.04844,-0.38,0.039
2026-08-12 15:12:12,723.93,2026-08-12,720.0,4.36,4.46,4.39,373,1518,0.2637,0.8133,0.06009,-0.475,0.0455
2026-08-12 15:12:12,723.93,2026-08-12,721.0,3.25,3.29,3.32,807,1317,0.1915,0.8197,0.08098,-0.335,0.0445
2026-08-12 15:12:12,723.93,2026-08-12,722.0,2.42,2.49,2.5,4765,2460,0.1841,0.7353,0.10496,-0.52,0.0555
2026-08-12 15:12:12,723.93,2026-08-12,723.0,1.99,2.009,2.009,804,2517,0.2184,0.6026,0.10426,-1.0645,0.0653
2026-08-12 15:12:12,723.93,2026-08-12,724.0,1.22,1.23,1.29,3234,1736,0.1848,0.4948,0.12744,-1.225,0.0676
2026-08-12 15:12:12,723.93,2026-08-12,725.0,0.82,0.83,0.83,47361,4262,0.1895,0.373,0.11794,-0.825,0.0641
2026-08-12 15:12:12,723.93,2026-08-12,726.0,0.51,0.52,0.53,75769,971,0.1904,0.2637,0.10132,-0.515,0.0553
2026-08-12 15:12:12,723.93,2026-08-12,727.0,0.38,0.39,0.39,2077,1404,0.2092,0.1961,0.07805,-0.385,0.0469
2026-08-12 15:12:12,723.93,2026-08-12,728.0,0.19,0.2,0.2,918,2306,0.2003,0.1176,0.0581,-0.195,0.0334
2026-08-12 15:12:12,723.93,2026-08-12,729.0,0.08,0.09,0.1,1296,380,0.1915,0.0608,0.0371,-0.085,0.0204
2026-08-12 15:12:12,723.93,2026-08-12,730.0,0.04,0.05,0.09,34372,3893,0.1953,0.0345,0.02308,-0.045,0.0129
2026-08-12 15:12:12,723.93,2026-08-12,731.0,0.06,0.07,0.06,92,626,0.2365,0.0402,0.02161,-0.065,0.0147
2026-08-12 15:12:12,723.93,2026-08-12,732.0,0.01,0.02,0.04,451,558,0.2097,0.0122,0.00893,-0.015,0.0054
2026-08-12 15:12:12,723.93,2026-08-12,733.0,0.01,0.02,0.03,816,515,0.232,0.0112,0.00746,-0.015,0.005
2026-08-12 15:12:12,723.93,2026-08-12,734.0,0.03,0.04,0.01,483,440,0.2857,0.0198,0.00991,-0.035,0.0081
2026-08-12 15:12:12,723.93,2026-08-12,735.0,0.03,0.04,0.01,4260,4149,0.3095,0.0184,0.00861,-0.035,0.0076
2026-08-12 15:12:12,723.93,2026-08-12,736.0,0,0.03,0.01,3,225,0.2833,0.0064,0.00378,-0.01,0.0031
2026-08-12 15:12:12,723.93,2026-08-12,737.0,0,0.01,0.01,30,750,0.3038,0.006,0.00333,-0.01,0.0029
2026-08-12 15:12:12,723.93,2026-08-12,738.0,0,0.03,0.01,1889,280,0.3241,0.0057,0.00296,-0.01,0.0028
2026-08-12 15:13:13,724.53,2026-08-12,710.0,13.95,14.43,9.15,344,1083,,,,,
2026-08-12 15:13:13,724.53,2026-08-12,711.0,13.15,13.5,13.59,5,110,,,,,
2026-08-12 15:13:13,724.53,2026-08-12,712.0,11.82,12.32,12.32,3,175,,,,,
2026-08-12 15:13:13,724.53,2026-08-12,713.0,10.86,11.52,11.6,35,141,,,,,
2026-08-12 15:13:13,724.53,2026-08-12,714.0,10.17,10.52,10.32,64,319,,,,,
2026-08-12 15:13:13,724.53,2026-08-12,715.0,8.97,9.41,9.34,13,1322,,,,,
2026-08-12 15:13:13,724.53,2026-08-12,716.0,7.93,8.27,9,6,571,,,,,
2026-08-12 15:13:13,724.53,2026-08-12,717.0,7.02,7.51,7.14,47,648,,,,,
2026-08-12 15:13:13,724.53,2026-08-12,718.0,6,6.3,6.33,948,351,,,,,
2026-08-12 15:13:13,724.53,2026-08-12,719.0,5.25,5.53,5.21,84,392,,,,,
2026-08-12 15:13:13,724.53,2026-08-12,720.0,4.32,4.51,4.39,374,1518,,,,,
2026-08-12 15:13:13,724.53,2026-08-12,721.0,3.65,3.69,3.44,809,1317,0.1612,0.9041,0.0624,-0.14,0.0288
2026-08-12 15:13:13,724.53,2026-08-12,722.0,2.84,2.86,2.86,4777,2460,0.1717,0.8106,0.09322,-0.32,0.0458
2026-08-12 15:13:13,724.53,2026-08-12,723.0,2.11,2.12,1.93,818,2517,0.1756,0.6996,0.11708,-0.585,0.0589
2026-08-12 15:13:13,724.53,2026-08-12,724.0,1.49,1.51,1.33,3509,1736,0.1788,0.5726,0.12964,-0.97,0.0664
2026-08-12 15:13:13,724.53,2026-08-12,725.0,0.99,1,1,47827,4262,0.1789,0.4414,0.13037,-0.995,0.0668
2026-08-12 15:13:13,724.53,2026-08-12,726.0,0.59,0.64,0.64,76298,971,0.1782,0.3159,0.11791,-0.615,0.0602
2026-08-12 15:13:13,724.53,2026-08-12,727.0,0.35,0.36,0.35,2243,1404,0.1781,0.2089,0.09531,-0.355,0.0486
2026-08-12 15:13:13,724.53,2026-08-12,728.0,0.19,0.2,0.22,1017,2306,0.1794,0.1287,0.0692,-0.195,0.0356
2026-08-12 15:13:13,724.53,2026-08-12,729.0,0.14,0.15,0.14,1296,380,0.1979,0.093,0.04965,-0.145,0.0281
2026-08-12 15:13:13,724.53,2026-08-12,730.0,0.05,0.1,0.1,35345,3893,0.1984,0.0531,0.0322,-0.075,0.0183
2026-08-12 15:13:13,724.53,2026-08-12,731.0,0.02,0.07,0.06,94,626,0.2061,0.0329,0.02107,-0.045,0.0124
2026-08-12 15:13:13,724.53,2026-08-12,732.0,0.01,0.02,0.04,461,558,0.1965,0.013,0.01004,-0.015,0.0056
2026-08-12 15:13:13,724.53,2026-08-12,733.0,0.03,0.04,0.03,816,515,0.2473,0.0225,0.01277,-0.035,0.009
2026-08-12 15:13:13,724.53,2026-08-12,734.0,0.01,0.02,0.03,483,440,0.2412,0.0108,0.00697,-0.015,0.0048
2026-08-12 15:13:13,724.53,2026-08-12,735.0,0.01,0.04,0.03,4363,4149,0.2816,0.0148,0.00787,-0.025,0.0064
2026-08-12 15:13:13,724.53,2026-08-12,736.0,0,0.01,0.01,3,225,0.2712,0.0067,0.00409,-0.01,0.0032
2026-08-12 15:13:13,724.53,2026-08-12,737.0,0,0.03,0.01,30,750,0.2919,0.0063,0.00358,-0.01,0.003
2026-08-12 15:13:13,724.53,2026-08-12,738.0,0,0.01,0.01,1889,280,0.3123,0.0059,0.00317,-0.01,0.0028
2026-08-12 15:13:13,724.53,2026-08-12,739.0,0,0.01,0.01,450,4963,0.3327,0.0056,0.00283,-0.01,0.0027
2026-08-12 15:14:13,724.57,2026-08-12,710.0,14.45,14.76,9.15,344,1083,0.3682,0.9912,0.00384,-0.035,0.004
2026-08-12 15:14:13,724.57,2026-08-12,711.0,13.18,13.71,13.59,5,110,,,,,
2026-08-12 15:14:13,724.57,2026-08-12,712.0,12.22,13.05,12.32,3,175,0.37,0.9791,0.00804,-0.065,0.0085
2026-08-12 15:14:13,724.57,2026-08-12,713.0,11.42,11.68,11.6,35,141,,,,,
2026-08-12 15:14:13,724.57,2026-08-12,714.0,10.3,10.77,10.32,64,319,,,,,
2026-08-12 15:14:13,724.57,2026-08-12,715.0,9.48,9.64,9.34,13,1322,,,,,
2026-08-12 15:14:13,724.57,2026-08-12,716.0,8.27,8.59,8.51,6,571,,,,,
2026-08-12 15:14:13,724.57,2026-08-12,717.0,7.43,7.61,7.39,47,648,,,,,
2026-08-12 15:14:13,724.57,2026-08-12,718.0,6.36,6.73,6.33,948,351,,,,,
2026-08-12 15:14:13,724.57,2026-08-12,719.0,5.53,5.9,5.21,84,392,0.2297,0.9262,0.03604,-0.145,0.0236
2026-08-12 15:14:13,724.57,2026-08-12,720.0,4.66,4.7,4.67,374,1518,0.1832,0.9317,0.04255,-0.11,0.0222
2026-08-12 15:14:13,724.57,2026-08-12,721.0,3.75,3.93,3.72,812,1317,0.2013,0.8553,0.06691,-0.27,0.0384
2026-08-12 15:14:13,724.57,2026-08-12,722.0,3.04,3.07,3,4782,2460,0.2076,0.7707,0.08642,-0.485,0.0512
2026-08-12 15:14:13,724.57,2026-08-12,723.0,2.28,2.3,2.22,819,2517,0.2006,0.6812,0.10533,-0.72,0.0603
2026-08-12 15:14:13,724.57,2026-08-12,724.0,1.58,1.6,1.6,3744,1736,0.1893,0.5737,0.12263,-1.02,0.0662
2026-08-12 15:14:13,724.57,2026-08-12,725.0,1.05,1.06,1.08,48013,4262,0.1855,0.4484,0.12623,-1.055,0.0668
2026-08-12 15:14:13,724.57,2026-08-12,726.0,0.65,0.7,0.65,76564,971,0.1863,0.3277,0.11471,-0.675,0.061
2026-08-12 15:14:13,724.57,2026-08-12,727.0,0.38,0.39,0.41,2244,1404,0.1828,0.2183,0.09546,-0.385,0.0498
2026-08-12 15:14:13,724.57,2026-08-12,728.0,0.25,0.26,0.25,1030,2306,0.1942,0.1503,0.07113,-0.255,0.0394
2026-08-12 15:14:13,724.57,2026-08-12,729.0,0.15,0.16,0.15,1316,380,0.2005,0.0974,0.05082,-0.155,0.0291
2026-08-12 15:14:13,724.57,2026-08-12,730.0,0.05,0.1,0.08,35363,3893,0.1975,0.0533,0.03252,-0.075,0.0183
2026-08-12 15:14:13,724.57,2026-08-12,731.0,0.02,0.07,0.06,98,626,0.2054,0.0331,0.02126,-0.045,0.0125
2026-08-12 15:14:13,724.57,2026-08-12,732.0,0.01,0.05,0.02,473,558,0.2166,0.0221,0.01439,-0.03,0.0089
2026-08-12 15:14:13,724.57,2026-08-12,733.0,0.03,0.04,0.03,817,515,0.2468,0.0226,0.01286,-0.035,0.0091
2026-08-12 15:14:13,724.57,2026-08-12,734.0,0.03,0.04,0.03,483,440,0.2711,0.0208,0.01091,-0.035,0.0084
2026-08-12 15:14:13,724.57,2026-08-12,735.0,0.03,0.04,0.02,4364,4149,0.2952,0.0192,0.0094,-0.035,0.0079
2026-08-12 15:14:13,724.57,2026-08-12,736.0,0,0.03,0.01,3,225,0.2709,0.0067,0.00411,-0.01,0.0032
2026-08-12 15:14:13,724.57,2026-08-12,737.0,0,0.01,0.01,80,750,0.2916,0.0063,0.0036,-0.01,0.003
2026-08-12 15:14:13,724.57,2026-08-12,738.0,0,0.03,0.01,1889,280,0.3121,0.0059,0.00319,-0.01,0.0028
2026-08-12 15:14:13,724.57,2026-08-12,739.0,0,0.03,0.01,450,4963,0.3324,0.0056,0.00284,-0.01,0.0027
2026-08-12 15:15:14,724.37,2026-08-12,710.0,14.3,14.68,9.15,344,1083,0.4743,0.9658,0.00949,-0.125,0.0128
2026-08-12 15:15:14,724.37,2026-08-12,711.0,13.06,13.47,13.59,5,110,,,,,
2026-08-12 15:15:14,724.37,2026-08-12,712.0,12.48,13.05,12.32,3,175,0.5518,0.9113,0.01727,-0.4,0.0271
2026-08-12 15:15:14,724.37,2026-08-12,713.0,11.26,11.83,11.6,35,141,0.4242,0.9462,0.01529,-0.18,0.0184
2026-08-12 15:15:14,724.37,2026-08-12,714.0,10.4,10.87,10.32,64,319,0.4355,0.9235,0.01957,-0.27,0.0242
2026-08-12 15:15:14,724.37,2026-08-12,715.0,9.28,9.66,9.34,13,1322,0.3212,0.9597,0.016,-0.105,0.0146
2026-08-12 15:15:14,724.37,2026-08-12,716.0,8.34,8.54,8.51,6,571,0.2714,0.9675,0.01588,-0.075,0.0122
2026-08-12 15:15:14,724.37,2026-08-12,717.0,7.39,7.63,7.39,47,648,0.2858,0.9386,0.02518,-0.145,0.0205
2026-08-12 15:15:14,724.37,2026-08-12,718.0,6.49,6.64,6.33,948,351,0.2778,0.9149,0.03325,-0.2,0.0263
2026-08-12 15:15:14,724.37,2026-08-12,719.0,5.47,5.94,5.21,84,392,0.2878,0.8679,0.04408,-0.34,0.0361
2026-08-12 15:15:14,724.37,2026-08-12,720.0,4.49,4.7,4.67,374,1518,0.2198,0.8827,0.05312,-0.23,0.0332
2026-08-12 15:15:14,724.37,2026-08-12,721.0,3.79,3.83,3.73,820,1317,0.2345,0.8051,0.0697,-0.445,0.0465
2026-08-12 15:15:14,724.37,2026-08-12,722.0,2.99,3.03,2.89,4787,2460,0.2284,0.7331,0.08536,-0.645,0.0554
2026-08-12 15:15:14,724.37,2026-08-12,723.0,2.18,2.19,2.22,819,2517,0.2062,0.6555,0.1059,-0.82,0.0621
2026-08-12 15:15:14,724.37,2026-08-12,724.0,1.54,1.55,1.55,3796,1736,0.2001,0.546,0.11747,-1.18,0.0668
2026-08-12 15:15:14,724.37,2026-08-12,725.0,1.06,1.07,1.07,48254,4262,0.2009,0.4285,0.11591,-1.065,0.0662
2026-08-12 15:15:14,724.37,2026-08-12,726.0,0.67,0.69,0.66,76783,971,0.1984,0.3153,0.10624,-0.68,0.0599
2026-08-12 15:15:14,724.37,2026-08-12,727.0,0.41,0.42,0.41,2244,1404,0.1981,0.2177,0.0881,-0.415,0.0496
2026-08-12 15:15:14,724.37,2026-08-12,728.0,0.24,0.25,0.25,1030,2306,0.1998,0.1425,0.06688,-0.245,0.038
2026-08-12 15:15:14,724.37,2026-08-12,729.0,0.15,0.16,0.15,1343,380,0.2077,0.0947,0.04816,-0.155,0.0284
2026-08-12 15:15:14,724.37,2026-08-12,730.0,0.05,0.06,0.09,35445,3893,0.1917,0.0419,0.02769,-0.055,0.0151
2026-08-12 15:15:14,724.37,2026-08-12,731.0,0.06,0.07,0.06,98,626,0.2259,0.042,0.02357,-0.065,0.0151
2026-08-12 15:15:14,724.37,2026-08-12,732.0,0.04,0.05,0.03,473,558,0.2372,0.0292,0.01665,-0.045,0.0112
2026-08-12 15:15:14,724.37,2026-08-12,733.0,0.01,0.04,0.03,820,515,0.2398,0.0172,0.01052,-0.025,0.0072
2026-08-12 15:15:14,724.37,2026-08-12,734.0,0.03,0.04,0.03,483,440,0.2767,0.0204,0.01057,-0.035,0.0083
2026-08-12 15:15:14,724.37,2026-08-12,735.0,0.01,0.02,0.01,4400,4149,0.2677,0.0098,0.00582,-0.015,0.0044
2026-08-12 15:15:14,724.37,2026-08-12,736.0,0,0.01,0.01,3,225,0.2757,0.0066,0.004,-0.01,0.0031
2026-08-12 15:15:14,724.37,2026-08-12,737.0,0,0.03,0.01,80,750,0.2964,0.0062,0.00351,-0.01,0.003
2026-08-12 15:15:14,724.37,2026-08-12,738.0,0,0.03,0.01,1889,280,0.3169,0.0058,0.00311,-0.01,0.0028
2026-08-12 15:15:14,724.37,2026-08-12,739.0,0,0.01,0.01,450,4963,0.3373,0.0055,0.00278,-0.01,0.0027
2026-08-12 15:16:14,724.45,2026-08-12,710.0,14.44,14.92,9.15,344,1083,0.5469,0.9444,0.01218,-0.235,0.0189
2026-08-12 15:16:14,724.45,2026-08-12,711.0,13.32,13.74,13.59,6,110,0.4155,0.9743,0.00856,-0.085,0.0101
2026-08-12 15:16:14,724.45,2026-08-12,712.0,12.12,13.1,12.32,3,175,0.4482,0.9527,0.01308,-0.165,0.0166
2026-08-12 15:16:14,724.45,2026-08-12,713.0,11.48,11.88,11.6,35,141,0.455,0.9349,0.01656,-0.235,0.0214
2026-08-12 15:16:14,724.45,2026-08-12,714.0,10.28,10.6,10.32,64,319,,,,,
2026-08-12 15:16:14,724.45,2026-08-12,715.0,9.27,9.67,9.34,15,1322,0.229,0.9933,0.00486,-0.025,0.0032
2026-08-12 15:16:14,724.45,2026-08-12,716.0,8.35,8.61,8.51,6,571,0.2291,0.9864,0.00901,-0.035,0.0058
2026-08-12 15:16:14,724.45,2026-08-12,717.0,7.42,7.71,7.39,47,648,0.2757,0.9473,0.02317,-0.12,0.0181
2026-08-12 15:16:14,724.45,2026-08-12,718.0,6.38,6.54,6.33,948,351,,,,,
2026-08-12 15:16:14,724.45,2026-08-12,719.0,5.39,5.74,5.21,84,392,0.2156,0.9349,0.03498,-0.12,0.0214
2026-08-12 15:16:14,724.45,2026-08-12,720.0,4.61,4.7,4.61,379,1518,0.2168,0.8905,0.05138,-0.21,0.0316
2026-08-12 15:16:14,724.45,2026-08-12,721.0,3.67,3.77,3.66,823,1317,0.1986,0.8509,0.06946,-0.275,0.0391
2026-08-12 15:16:14,724.45,2026-08-12,722.0,2.86,2.94,2.91,4793,2460,0.1969,0.7723,0.09112,-0.455,0.0508
2026-08-12 15:16:14,724.45,2026-08-12,723.0,2.16,2.19,2.16,848,2517,0.1963,0.6719,0.10934,-0.73,0.0608
2026-08-12 15:16:14,724.45,2026-08-12,724.0,1.57,1.59,1.57,3909,1736,0.1991,0.5557,0.11789,-1.135,0.0665
2026-08-12 15:16:14,724.45,2026-08-12,725.0,1.03,1.05,1.03,48536,4262,0.1922,0.4349,0.12165,-1.04,0.0663
2026-08-12 15:16:14,724.45,2026-08-12,726.0,0.65,0.66,0.62,76902,971,0.1904,0.3166,0.1111,-0.655,0.0599
2026-08-12 15:16:14,724.45,2026-08-12,727.0,0.36,0.41,0.4,2261,1404,0.1889,0.2134,0.0915,-0.385,0.049
2026-08-12 15:16:14,724.45,2026-08-12,728.0,0.21,0.26,0.24,1052,2306,0.1945,0.141,0.06831,-0.235,0.0376
2026-08-12 15:16:14,724.45,2026-08-12,729.0,0.15,0.16,0.15,1368,380,0.2054,0.0957,0.04917,-0.155,0.0286
2026-08-12 15:16:14,724.45,2026-08-12,730.0,0.09,0.1,0.06,35480,3893,0.2123,0.0616,0.03403,-0.095,0.0205
2026-08-12 15:16:14,724.45,2026-08-12,731.0,0.02,0.03,0.03,101,626,0.1902,0.0211,0.01585,-0.025,0.0085
2026-08-12 15:16:14,724.45,2026-08-12,732.0,0.01,0.05,0.03,473,558,0.2205,0.0218,0.01404,-0.03,0.0088
2026-08-12 15:16:14,724.45,2026-08-12,733.0,0.01,0.04,0.03,821,515,0.2384,0.0173,0.01067,-0.025,0.0072
2026-08-12 15:16:14,724.45,2026-08-12,734.0,0.03,0.04,0.03,492,440,0.2752,0.0206,0.0107,-0.035,0.0083
2026-08-12 15:16:14,724.45,2026-08-12,735.0,0.03,0.04,0.03,4400,4149,0.2993,0.0191,0.00923,-0.035,0.0078
2026-08-12 15:16:14,724.45,2026-08-12,736.0,0,0.01,0.01,3,225,0.2745,0.0067,0.00404,-0.01,0.0031
2026-08-12 15:16:14,724.45,2026-08-12,737.0,0,0.01,0.01,80,750,0.2952,0.0062,0.00354,-0.01,0.003
2026-08-12 15:16:14,724.45,2026-08-12,738.0,0,0.03,0.01,1889,280,0.3158,0.0059,0.00314,-0.01,0.0028
2026-08-12 15:16:14,724.45,2026-08-12,739.0,0,0.03,0.01,458,4963,0.3362,0.0055,0.0028,-0.01,0.0027
2026-08-12 15:17:15,724.45,2026-08-12,710.0,14.18,14.99,9.15,344,1083,0.4896,0.9626,0.00992,-0.14,0.0137
2026-08-12 15:17:15,724.45,2026-08-12,711.0,13.3,13.93,13.32,6,110,0.4812,0.9541,0.01191,-0.17,0.0162
2026-08-12 15:17:15,724.45,2026-08-12,712.0,12.27,12.82,12.32,3,175,0.4034,0.9685,0.01045,-0.1,0.0119
2026-08-12 15:17:15,724.45,2026-08-12,713.0,11.09,11.59,11.6,35,141,,,,,
2026-08-12 15:17:15,724.45,2026-08-12,714.0,10.12,10.74,10.32,64,319,,,,,
2026-08-12 15:17:15,724.45,2026-08-12,715.0,9.29,9.69,9.27,20,1322,0.269,0.9826,0.00952,-0.045,0.0072
2026-08-12 15:17:15,724.45,2026-08-12,716.0,8.1,8.56,8.51,6,571,,,,,
2026-08-12 15:17:15,724.45,2026-08-12,717.0,7.41,7.81,7.39,47,648,0.2988,0.9329,0.0259,-0.165,0.0218
2026-08-12 15:17:15,724.45,2026-08-12,718.0,6.21,6.59,6.33,948,351,,,,,
2026-08-12 15:17:15,724.45,2026-08-12,719.0,5.31,5.88,5.21,84,392,0.2291,0.9232,0.03745,-0.15,0.0242
2026-08-12 15:17:15,724.45,2026-08-12,720.0,4.45,4.68,4.61,379,1518,0.1847,0.9257,0.04531,-0.12,0.0236
2026-08-12 15:17:15,724.45,2026-08-12,721.0,3.69,3.73,3.69,823,1317,0.1964,0.854,0.06938,-0.265,0.0385
2026-08-12 15:17:15,724.45,2026-08-12,722.0,2.88,2.92,2.9,4841,2460,0.1972,0.7723,0.09112,-0.455,0.0507
2026-08-12 15:17:15,724.45,2026-08-12,723.0,2.09,2.2,2.13,848,2517,0.1917,0.676,0.11158,-0.7,0.0604
2026-08-12 15:17:15,724.45,2026-08-12,724.0,1.48,1.54,1.54,3919,1736,0.1889,0.5587,0.12434,-1.065,0.0663
2026-08-12 15:17:15,724.45,2026-08-12,725.0,1.02,1.03,1.02,48930,4262,0.1903,0.4341,0.12306,-1.025,0.0661
2026-08-12 15:17:15,724.45,2026-08-12,726.0,0.6,0.61,0.64,77256,971,0.1823,0.3087,0.11496,-0.605,0.0592
2026-08-12 15:17:15,724.45,2026-08-12,727.0,0.39,0.4,0.41,2270,1404,0.1913,0.2159,0.09113,-0.395,0.0492
2026-08-12 15:17:15,724.45,2026-08-12,728.0,0.23,0.24,0.24,1053,2306,0.1948,0.141,0.06831,-0.235,0.0376
2026-08-12 15:17:15,724.45,2026-08-12,729.0,0.1,0.15,0.15,1368,380,0.1947,0.0837,0.04702,-0.125,0.0259
2026-08-12 15:17:15,724.45,2026-08-12,730.0,0.09,0.1,0.09,35673,3893,0.2127,0.0616,0.03403,-0.095,0.0204
2026-08-12 15:17:15,724.45,2026-08-12,731.0,0.02,0.03,0.03,101,626,0.1906,0.0211,0.01585,-0.025,0.0085
2026-08-12 15:17:15,724.45,2026-08-12,732.0,0.04,0.05,0.03,473,558,0.2359,0.0294,0.0169,-0.045,0.0113
2026-08-12 15:17:15,724.45,2026-08-12,733.0,0.03,0.04,0.03,821,515,0.2512,0.0223,0.01259,-0.035,0.0089
2026-08-12 15:17:15,724.45,2026-08-12,734.0,0.01,0.04,0.03,492,440,0.2624,0.0159,0.00904,-0.025,0.0067
2026-08-12 15:17:15,724.45,2026-08-12,735.0,0.03,0.04,0.03,4400,4149,0.2998,0.0191,0.00923,-0.035,0.0078
2026-08-12 15:17:15,724.45,2026-08-12,736.0,0,0.01,0.01,3,225,0.275,0.0067,0.00404,-0.01,0.0031
2026-08-12 15:17:15,724.45,2026-08-12,737.0,0,0.03,0.01,80,750,0.2958,0.0062,0.00354,-0.01,0.003
2026-08-12 15:17:15,724.45,2026-08-12,738.0,0,0.01,0.01,1889,280,0.3164,0.0059,0.00314,-0.01,0.0028
2026-08-12 15:17:15,724.45,2026-08-12,739.0,0,0.03,0.01,458,4963,0.3368,0.0055,0.0028,-0.01,0.0027
2026-08-12 15:18:15,724.45,2026-08-12,710.0,14.34,14.87,9.15,344,1083,0.5045,0.9584,0.01052,-0.16,0.0149
2026-08-12 15:18:15,724.45,2026-08-12,711.0,13.25,13.93,13.32,6,110,0.4658,0.9595,0.01115,-0.145,0.0146
2026-08-12 15:18:15,724.45,2026-08-12,712.0,12.36,12.68,12.32,3,175,0.3808,0.9757,0.00893,-0.075,0.0096
2026-08-12 15:18:15,724.45,2026-08-12,713.0,11.23,11.68,11.6,35,141,,,,,
2026-08-12 15:18:15,724.45,2026-08-12,714.0,10.25,10.83,10.32,64,319,0.3456,0.9658,0.01309,-0.095,0.0127
2026-08-12 15:18:15,724.45,2026-08-12,715.0,9.26,9.72,9.27,20,1322,0.2695,0.9826,0.00953,-0.045,0.0072
2026-08-12 15:18:15,724.45,2026-08-12,716.0,8.1,8.48,8.51,6,571,,,,,
2026-08-12 15:18:15,724.45,2026-08-12,717.0,7.07,7.71,7.39,47,648,,,,,
2026-08-12 15:18:15,724.45,2026-08-12,718.0,6.32,6.48,6.33,948,351,,,,,
2026-08-12 15:18:15,724.45,2026-08-12,719.0,5.22,5.54,5.21,84,392,,,,,
2026-08-12 15:18:15,724.45,2026-08-12,720.0,4.49,4.77,4.61,379,1518,0.2094,0.8991,0.05028,-0.185,0.0296
2026-08-12 15:18:15,724.45,2026-08-12,721.0,3.7,3.72,3.69,837,1317,0.1967,0.854,0.06939,-0.265,0.0384
2026-08-12 15:18:15,724.45,2026-08-12,722.0,2.93,2.97,2.81,4849,2460,0.2073,0.7616,0.08907,-0.505,0.0519
2026-08-12 15:18:15,724.45,2026-08-12,723.0,2.18,2.19,2.13,848,2517,0.1987,0.6705,0.1086,-0.74,0.0607
2026-08-12 15:18:15,724.45,2026-08-12,724.0,1.52,1.55,1.54,3919,1736,0.193,0.5576,0.12195,-1.09,0.0662
2026-08-12 15:18:15,724.45,2026-08-12,725.0,1,1.01,1.02,49723,4262,0.1876,0.433,0.12499,-1.005,0.066
2026-08-12 15:18:15,724.45,2026-08-12,726.0,0.62,0.67,0.65,77398,971,0.1894,0.3151,0.11185,-0.645,0.0596
2026-08-12 15:18:15,724.45,2026-08-12,727.0,0.36,0.41,0.41,2270,1404,0.1896,0.2134,0.09149,-0.385,0.0488
2026-08-12 15:18:15,724.45,2026-08-12,728.0,0.2,0.21,0.24,1053,2306,0.187,0.1306,0.06769,-0.205,0.0356
2026-08-12 15:18:15,724.45,2026-08-12,729.0,0.15,0.16,0.15,1368,380,0.2061,0.0957,0.04917,-0.155,0.0285
2026-08-12 15:18:15,724.45,2026-08-12,730.0,0.05,0.1,0.08,36056,3893,0.2026,0.0525,0.03155,-0.075,0.018
2026-08-12 15:18:15,724.45,2026-08-12,731.0,0.06,0.07,0.03,101,626,0.2248,0.0424,0.02396,-0.065,0.0152
2026-08-12 15:18:15,724.45,2026-08-12,732.0,0.04,0.05,0.03,473,558,0.2363,0.0294,0.0169,-0.045,0.0112
2026-08-12 15:18:15,724.45,2026-08-12,733.0,0.01,0.02,0.03,821,515,0.2229,0.0117,0.00815,-0.015,0.0051
2026-08-12 15:18:15,724.45,2026-08-12,734.0,0.03,0.04,0.03,501,440,0.2762,0.0206,0.0107,-0.035,0.0083
2026-08-12 15:18:15,724.45,2026-08-12,735.0,0.03,0.04,0.03,4421,4149,0.3004,0.0191,0.00923,-0.035,0.0078
2026-08-12 15:18:15,724.45,2026-08-12,736.0,0,0.01,0.01,3,225,0.2755,0.0067,0.00404,-0.01,0.0031
2026-08-12 15:18:15,724.45,2026-08-12,737.0,0,0.01,0.01,80,750,0.2963,0.0062,0.00354,-0.01,0.003
2026-08-12 15:18:15,724.45,2026-08-12,738.0,0,0.03,0.01,1889,280,0.3169,0.0059,0.00314,-0.01,0.0028
2026-08-12 15:18:15,724.45,2026-08-12,739.0,0,0.03,0.01,459,4963,0.3374,0.0055,0.0028,-0.01,0.0027
2026-08-12 15:19:16,724.36,2026-08-12,710.0,13.72,14.93,9.15,344,1083,,,,,
2026-08-12 15:19:16,724.36,2026-08-12,711.0,12.85,13.41,13.32,6,110,,,,,
2026-08-12 15:19:16,724.36,2026-08-12,712.0,11.82,12.68,12.32,3,175,,,,,
2026-08-12 15:19:16,724.36,2026-08-12,713.0,10.85,11.55,11.6,35,141,,,,,
2026-08-12 15:19:16,724.36,2026-08-12,714.0,10.12,10.63,10.32,64,319,,,,,
2026-08-12 15:19:16,724.36,2026-08-12,715.0,8.88,9.75,9.27,20,1322,,,,,
2026-08-12 15:19:16,724.36,2026-08-12,716.0,8.109,8.68,8.51,6,571,0.2278,0.9865,0.00906,-0.0345,0.0058
2026-08-12 15:19:16,724.36,2026-08-12,717.0,6.9,7.75,7.39,47,648,,,,,
2026-08-12 15:19:16,724.36,2026-08-12,718.0,6.19,6.67,6.33,953,351,0.2147,0.9628,0.0226,-0.07,0.0136
2026-08-12 15:19:16,724.36,2026-08-12,719.0,5.06,5.6,5.21,84,392,,,,,
2026-08-12 15:19:16,724.36,2026-08-12,720.0,4.19,4.4,4.61,379,1518,,,,,
2026-08-12 15:19:16,724.36,2026-08-12,721.0,3.42,3.48,3.57,851,1317,0.1381,0.9286,0.05898,-0.09,0.0228
2026-08-12 15:19:16,724.36,2026-08-12,722.0,2.63,2.66,2.78,4875,2460,0.1587,0.8153,0.10035,-0.285,0.0446
2026-08-12 15:19:16,724.36,2026-08-12,723.0,1.9,1.95,2.13,848,2517,0.1653,0.6914,0.12726,-0.565,0.0589
2026-08-12 15:19:16,724.36,2026-08-12,724.0,1.3,1.36,1.39,4346,1736,0.1695,0.5536,0.13932,-0.97,0.0662
2026-08-12 15:19:16,724.36,2026-08-12,725.0,0.84,0.85,0.89,50359,4262,0.169,0.4136,0.13766,-0.845,0.0652
2026-08-12 15:19:16,724.36,2026-08-12,726.0,0.51,0.56,0.57,78152,971,0.1753,0.291,0.11682,-0.535,0.0574
2026-08-12 15:19:16,724.36,2026-08-12,727.0,0.33,0.34,0.41,2270,1404,0.1831,0.197,0.09053,-0.335,0.0464
2026-08-12 15:19:16,724.36,2026-08-12,728.0,0.16,0.17,0.24,1053,2306,0.1786,0.1137,0.06441,-0.165,0.0322
2026-08-12 15:19:16,724.36,2026-08-12,729.0,0.09,0.1,0.15,1368,380,0.1856,0.0693,0.04289,-0.095,0.0223
2026-08-12 15:19:16,724.36,2026-08-12,730.0,0.09,0.1,0.09,36285,3893,0.216,0.061,0.03336,-0.095,0.0202
2026-08-12 15:19:16,724.36,2026-08-12,731.0,0.02,0.03,0.03,101,626,0.1934,0.0209,0.01556,-0.025,0.0084
2026-08-12 15:19:16,724.36,2026-08-12,732.0,0.01,0.02,0.03,473,558,0.2025,0.0127,0.0097,-0.015,0.0055
2026-08-12 15:19:16,724.36,2026-08-12,733.0,0.01,0.04,0.03,821,515,0.2417,0.0172,0.01051,-0.025,0.0071
2026-08-12 15:19:16,724.36,2026-08-12,734.0,0.03,0.04,0.02,501,440,0.2788,0.0204,0.01056,-0.035,0.0082
2026-08-12 15:19:16,724.36,2026-08-12,735.0,0.03,0.04,0.03,4443,4149,0.303,0.019,0.00912,-0.035,0.0077
2026-08-12 15:19:16,724.36,2026-08-12,736.0,0,0.03,0.01,3,225,0.2778,0.0066,0.004,-0.01,0.0031
2026-08-12 15:19:16,724.36,2026-08-12,737.0,0,0.01,0.01,80,750,0.2986,0.0062,0.00351,-0.01,0.0029
2026-08-12 15:19:16,724.36,2026-08-12,738.0,0,0.01,0.01,1889,280,0.3193,0.0058,0.00311,-0.01,0.0028
2026-08-12 15:19:16,724.36,2026-08-12,739.0,0,0.03,0.01,469,4963,0.3398,0.0055,0.00278,-0.01,0.0026
2026-08-12 15:20:16,724.3,2026-08-12,710.0,14.29,14.9,9.15,344,1083,0.5743,0.935,0.01321,-0.29,0.0212
2026-08-12 15:20:16,724.3,2026-08-12,711.0,13.11,13.59,13.32,6,110,0.3643,0.9866,0.00566,-0.045,0.0058
2026-08-12 15:20:16,724.3,2026-08-12,712.0,12.12,12.48,12.32,3,175,,,,,
2026-08-12 15:20:16,724.3,2026-08-12,713.0,11.11,11.75,11.6,35,141,0.393,0.9593,0.01332,-0.125,0.0146
2026-08-12 15:20:16,724.3,2026-08-12,714.0,10.11,10.46,10.32,64,319,,,,,
2026-08-12 15:20:16,724.3,2026-08-12,715.0,9,9.74,9.27,20,1322,0.2902,0.9737,0.01258,-0.065,0.0102
2026-08-12 15:20:16,724.3,2026-08-12,716.0,8.25,8.63,8.51,6,571,0.3118,0.9463,0.02095,-0.135,0.0182
2026-08-12 15:20:16,724.3,2026-08-12,717.0,7.28,7.76,7.39,47,648,0.3173,0.918,0.02857,-0.215,0.0253
2026-08-12 15:20:16,724.3,2026-08-12,718.0,5.98,6.58,6.18,953,351,,,,,
2026-08-12 15:20:16,724.3,2026-08-12,719.0,5.12,5.73,5.21,84,392,0.2129,0.9337,0.0362,-0.12,0.0215
2026-08-12 15:20:16,724.3,2026-08-12,720.0,4.52,4.64,4.61,379,1518,0.2327,0.868,0.05496,-0.275,0.0357
2026-08-12 15:20:16,724.3,2026-08-12,721.0,3.6,3.62,3.63,882,1317,0.2021,0.8384,0.0725,-0.305,0.0409
2026-08-12 15:20:16,724.3,2026-08-12,722.0,2.74,2.77,2.69,4917,2460,0.191,0.7676,0.09572,-0.45,0.051
2026-08-12 15:20:16,724.3,2026-08-12,723.0,2.029,2.04,2.13,899,2517,0.19,0.6623,0.1151,-0.7295,0.0611
2026-08-12 15:20:16,724.3,2026-08-12,724.0,1.43,1.5,1.43,4544,1736,0.1947,0.5403,0.12197,-1.16,0.0663
2026-08-12 15:20:16,724.3,2026-08-12,725.0,0.91,0.93,0.98,50886,4262,0.1844,0.4137,0.12646,-0.92,0.0651
2026-08-12 15:20:16,724.3,2026-08-12,726.0,0.62,0.63,0.62,78414,971,0.194,0.3033,0.10778,-0.625,0.0584
2026-08-12 15:20:16,724.3,2026-08-12,727.0,0.34,0.39,0.41,2287,1404,0.1922,0.2032,0.08801,-0.365,0.0472
2026-08-12 15:20:16,724.3,2026-08-12,728.0,0.19,0.2,0.24,1072,2306,0.1899,0.1242,0.06459,-0.195,0.0342
2026-08-12 15:20:16,724.3,2026-08-12,729.0,0.1,0.15,0.1,1410,380,0.2003,0.0821,0.04531,-0.125,0.0253
2026-08-12 15:20:16,724.3,2026-08-12,730.0,0.09,0.1,0.06,36454,3893,0.218,0.0606,0.03294,-0.095,0.0201
2026-08-12 15:20:16,724.3,2026-08-12,731.0,0.06,0.07,0.03,105,626,0.2296,0.0418,0.02327,-0.065,0.0149
2026-08-12 15:20:16,724.3,2026-08-12,732.0,0.04,0.05,0.03,484,558,0.2409,0.0291,0.01646,-0.045,0.0111
2026-08-12 15:20:16,724.3,2026-08-12,733.0,0.01,0.04,0.03,821,515,0.2435,0.0171,0.01041,-0.025,0.0071
2026-08-12 15:20:16,724.3,2026-08-12,734.0,0.01,0.02,0.02,504,440,0.2493,0.0106,0.00672,-0.015,0.0047
2026-08-12 15:20:16,724.3,2026-08-12,735.0,0.01,0.02,0.01,4478,4149,0.2714,0.0098,0.00577,-0.015,0.0044
2026-08-12 15:20:16,724.3,2026-08-12,736.0,0,0.01,0.01,3,225,0.2794,0.0066,0.00397,-0.01,0.0031
2026-08-12 15:20:16,724.3,2026-08-12,737.0,0,0.01,0.01,80,750,0.3003,0.0062,0.00348,-0.01,0.0029
2026-08-12 15:20:16,724.3,2026-08-12,738.0,0,0.01,0.01,1889,280,0.321,0.0058,0.00309,-0.01,0.0028
2026-08-12 15:20:16,724.3,2026-08-12,739.0,0,0.01,0.01,469,4963,0.3415,0.0055,0.00276,-0.01,0.0026
2026-08-12 15:21:17,724.03,2026-08-12,710.0,14.23,14.61,9.15,344,1083,0.6101,0.9195,0.01469,-0.39,0.0249
2026-08-12 15:21:17,724.03,2026-08-12,711.0,12.99,13.41,13.32,6,110,0.4729,0.953,0.01244,-0.17,0.0164
2026-08-12 15:21:17,724.03,2026-08-12,712.0,11.99,12.2,12.32,3,175,0.3616,0.9783,0.00862,-0.065,0.0087
2026-08-12 15:21:17,724.03,2026-08-12,713.0,10.91,11.83,11.6,35,141,0.4904,0.9142,0.01917,-0.34,0.0261
2026-08-12 15:21:17,724.03,2026-08-12,714.0,10.05,10.24,10.08,70,319,0.3508,0.9585,0.01517,-0.115,0.0148
2026-08-12 15:21:17,724.03,2026-08-12,715.0,8.95,9.65,9.27,20,1322,0.3966,0.9164,0.02324,-0.27,0.0256
2026-08-12 15:21:17,724.03,2026-08-12,716.0,8.06,8.53,8.51,6,571,0.3613,0.9111,0.02672,-0.265,0.0268
2026-08-12 15:21:17,724.03,2026-08-12,717.0,7.03,7.81,7.39,47,648,0.3673,0.8771,0.03322,-0.39,0.0339
2026-08-12 15:21:17,724.03,2026-08-12,718.0,6.09,6.4,6.18,953,351,0.2755,0.9075,0.0361,-0.215,0.0276
2026-08-12 15:21:17,724.03,2026-08-12,719.0,5.03,5.72,5.21,84,392,0.2799,0.8618,0.04728,-0.345,0.0368
2026-08-12 15:21:17,724.03,2026-08-12,720.0,4.26,4.44,4.32,384,1518,0.2349,0.8506,0.05939,-0.32,0.0388
2026-08-12 15:21:17,724.03,2026-08-12,721.0,3.47,3.48,3.35,926,1317,0.2228,0.7952,0.07646,-0.445,0.0473
2026-08-12 15:21:17,724.03,2026-08-12,722.0,2.58,2.64,2.71,4921,2460,0.2027,0.7286,0.09807,-0.58,0.0553
2026-08-12 15:21:17,724.03,2026-08-12,723.0,1.95,1.97,1.91,913,2517,0.2067,0.6203,0.11046,-0.93,0.0635
2026-08-12 15:21:17,724.03,2026-08-12,724.0,1.36,1.38,1.36,5002,1736,0.2025,0.5064,0.11817,-1.34,0.0665
2026-08-12 15:21:17,724.03,2026-08-12,725.0,0.88,0.9,0.84,51450,4262,0.1971,0.3868,0.11647,-0.89,0.0638
2026-08-12 15:21:17,724.03,2026-08-12,726.0,0.51,0.52,0.52,78661,971,0.1888,0.2685,0.10472,-0.515,0.055
2026-08-12 15:21:17,724.03,2026-08-12,727.0,0.29,0.3,0.3,2292,1404,0.1885,0.1747,0.08194,-0.295,0.0429
2026-08-12 15:21:17,724.03,2026-08-12,728.0,0.21,0.22,0.18,1074,2306,0.2061,0.1261,0.06027,-0.215,0.0345
2026-08-12 15:21:17,724.03,2026-08-12,729.0,0.13,0.14,0.1,1482,380,0.2136,0.0832,0.043,-0.135,0.0255
2026-08-12 15:21:17,724.03,2026-08-12,730.0,0.05,0.1,0.06,36476,3893,0.2158,0.05,0.02865,-0.075,0.0172
2026-08-12 15:21:17,724.03,2026-08-12,731.0,0.02,0.03,0.05,105,626,0.2023,0.0202,0.01448,-0.025,0.0081
2026-08-12 15:21:17,724.03,2026-08-12,732.0,0.01,0.05,0.02,553,558,0.2329,0.021,0.01297,-0.03,0.0084
2026-08-12 15:21:17,724.03,2026-08-12,733.0,0.01,0.02,0.03,821,515,0.2336,0.0112,0.00758,-0.015,0.0049
2026-08-12 15:21:17,724.03,2026-08-12,734.0,0.01,0.04,0.01,504,440,0.2742,0.0154,0.00848,-0.025,0.0065
2026-08-12 15:21:17,724.03,2026-08-12,735.0,0.01,0.04,0.01,4493,4149,0.2975,0.0143,0.00734,-0.025,0.0061
2026-08-12 15:21:17,724.03,2026-08-12,736.0,0,0.03,0.01,3,225,0.2858,0.0065,0.00382,-0.01,0.003
2026-08-12 15:21:17,724.03,2026-08-12,737.0,0,0.01,0.01,80,750,0.3067,0.0061,0.00337,-0.01,0.0029
2026-08-12 15:21:17,724.03,2026-08-12,738.0,0,0.01,0.01,1896,280,0.3274,0.0057,0.00299,-0.01,0.0027
2026-08-12 15:21:17,724.03,2026-08-12,739.0,0,0.01,0.01,479,4963,0.3479,0.0054,0.00268,-0.01,0.0026
2026-08-12 15:22:17,723.97,2026-08-12,709.0,14.85,16.34,9.91,44,914,0.7288,0.8956,0.01493,-0.625,0.0301
2026-08-12 15:22:17,723.97,2026-08-12,710.0,13.42,14.92,9.15,344,1083,0.5196,0.9494,0.01204,-0.2,0.0173
2026-08-12 15:22:17,723.97,2026-08-12,711.0,12.92,13.54,13.32,6,110,0.5203,0.9357,0.01453,-0.26,0.0209
2026-08-12 15:22:17,723.97,2026-08-12,712.0,11.86,12.55,12.32,3,175,0.4769,0.9368,0.01563,-0.235,0.0206
2026-08-12 15:22:17,723.97,2026-08-12,713.0,11.06,11.46,11.6,35,141,0.4695,0.9225,0.01857,-0.29,0.0241
2026-08-12 15:22:17,723.97,2026-08-12,714.0,9.8,10.17,10.08,70,319,,,,,
2026-08-12 15:22:17,723.97,2026-08-12,715.0,9.1,9.47,9.27,20,1322,0.4123,0.907,0.02424,-0.315,0.0277
2026-08-12 15:22:17,723.97,2026-08-12,716.0,8.029,8.4,8.51,6,571,0.3522,0.9153,0.02648,-0.2445,0.0258
2026-08-12 15:22:17,723.97,2026-08-12,717.0,6.98,7.75,7.39,49,648,0.3673,0.8755,0.03358,-0.395,0.0342
2026-08-12 15:22:17,723.97,2026-08-12,718.0,6,6.5,6.18,953,351,0.2959,0.8895,0.0383,-0.28,0.0314
2026-08-12 15:22:17,723.97,2026-08-12,719.0,5.13,5.5,5.21,84,392,0.2782,0.8608,0.04789,-0.345,0.0369
2026-08-12 15:22:17,723.97,2026-08-12,720.0,4.2,4.35,4.32,384,1518,0.2291,0.8534,0.06023,-0.305,0.0382
2026-08-12 15:22:17,723.97,2026-08-12,721.0,3.4,3.41,3.41,940,1317,0.2185,0.7955,0.07804,-0.435,0.0472
2026-08-12 15:22:17,723.97,2026-08-12,722.0,2.62,2.66,2.66,4960,2460,0.2162,0.7107,0.09505,-0.67,0.0569
2026-08-12 15:22:17,723.97,2026-08-12,723.0,1.88,1.9,1.91,913,2517,0.2019,0.6164,0.11365,-0.92,0.0635
2026-08-12 15:22:17,723.97,2026-08-12,724.0,1.33,1.35,1.37,5084,1736,0.2029,0.4993,0.11818,-1.34,0.0664
2026-08-12 15:22:17,723.97,2026-08-12,725.0,0.83,0.89,0.88,52345,4262,0.1964,0.3792,0.11644,-0.86,0.0633
2026-08-12 15:22:17,723.97,2026-08-12,726.0,0.54,0.55,0.55,78994,971,0.1976,0.2712,0.10078,-0.545,0.0551
2026-08-12 15:22:17,723.97,2026-08-12,727.0,0.29,0.3,0.3,2292,1404,0.1913,0.173,0.08038,-0.295,0.0426
2026-08-12 15:22:17,723.97,2026-08-12,728.0,0.2,0.21,0.18,1074,2306,0.2057,0.1216,0.059,-0.205,0.0336
2026-08-12 15:22:17,723.97,2026-08-12,729.0,0.09,0.14,0.1,1482,380,0.2077,0.0745,0.04075,-0.115,0.0234
2026-08-12 15:22:17,723.97,2026-08-12,730.0,0.09,0.1,0.09,36524,3893,0.229,0.0583,0.03057,-0.095,0.0194
2026-08-12 15:22:17,723.97,2026-08-12,731.0,0.06,0.07,0.05,105,626,0.2398,0.0404,0.02176,-0.065,0.0144
2026-08-12 15:22:17,723.97,2026-08-12,732.0,0.01,0.05,0.02,553,558,0.2348,0.0208,0.01283,-0.03,0.0083
2026-08-12 15:22:17,723.97,2026-08-12,733.0,0.03,0.04,0.03,821,515,0.2654,0.0214,0.01163,-0.035,0.0085
2026-08-12 15:22:17,723.97,2026-08-12,734.0,0.01,0.04,0.01,504,440,0.2761,0.0153,0.0084,-0.025,0.0064
2026-08-12 15:22:17,723.97,2026-08-12,735.0,0.01,0.04,0.01,4509,4149,0.2995,0.0143,0.00728,-0.025,0.006
2026-08-12 15:22:17,723.97,2026-08-12,736.0,0,0.01,0.01,3,225,0.2876,0.0065,0.00379,-0.01,0.003
2026-08-12 15:22:17,723.97,2026-08-12,737.0,0,0.03,0.01,80,750,0.3085,0.0061,0.00334,-0.01,0.0029
2026-08-12 15:22:17,723.97,2026-08-12,738.0,0,0.01,0.01,1896,280,0.3293,0.0057,0.00297,-0.01,0.0027
2026-08-12 15:23:18,723.67,2026-08-12,709.0,14.29,16.51,9.91,44,914,0.7532,0.884,0.01562,-0.73,0.0324
2026-08-12 15:23:18,723.67,2026-08-12,710.0,13.69,14.87,9.15,344,1083,0.6789,0.8913,0.01654,-0.61,0.031
2026-08-12 15:23:18,723.67,2026-08-12,711.0,12.76,13.79,13.28,7,110,0.641,0.8868,0.01803,-0.605,0.0319
2026-08-12 15:23:18,723.67,2026-08-12,712.0,11.7,12.19,12.32,3,175,0.4869,0.9282,0.01693,-0.275,0.0227
2026-08-12 15:23:18,723.67,2026-08-12,713.0,10.8,11.45,11.6,35,141,0.5208,0.8945,0.0211,-0.455,0.0303
2026-08-12 15:23:18,723.67,2026-08-12,714.0,9.76,10.44,10.08,70,319,0.477,0.8919,0.02345,-0.43,0.0308
2026-08-12 15:23:18,723.67,2026-08-12,715.0,8.53,9.51,9.27,20,1322,0.4151,0.8984,0.02575,-0.35,0.0295
2026-08-12 15:23:18,723.67,2026-08-12,716.0,7.58,8.51,8.51,6,571,0.3877,0.8859,0.02999,-0.375,0.0321
2026-08-12 15:23:18,723.67,2026-08-12,717.0,6.67,7.88,7.38,49,648,0.4124,0.8379,0.03584,-0.605,0.0408
2026-08-12 15:23:18,723.67,2026-08-12,718.0,5.7,5.89,6.18,964,351,0.2281,0.9345,0.03369,-0.125,0.0212
2026-08-12 15:23:18,723.67,2026-08-12,719.0,4.79,4.93,5.21,84,392,0.2212,0.9002,0.04771,-0.19,0.0291
2026-08-12 15:23:18,723.67,2026-08-12,720.0,4.04,4.07,4.32,385,1518,0.2375,0.8264,0.06504,-0.385,0.0426
2026-08-12 15:23:18,723.67,2026-08-12,721.0,3.23,3.25,3.17,974,1317,0.2326,0.7579,0.08088,-0.57,0.0519
2026-08-12 15:23:18,723.67,2026-08-12,722.0,2.43,2.46,2.44,5016,2460,0.2189,0.6798,0.09842,-0.775,0.0594
2026-08-12 15:23:18,723.67,2026-08-12,723.0,1.71,1.77,1.91,960,2517,0.2069,0.5802,0.1138,-1.07,0.0649
2026-08-12 15:23:18,723.67,2026-08-12,724.0,1.16,1.17,1.17,5424,1736,0.1986,0.463,0.12046,-1.165,0.066
2026-08-12 15:23:18,723.67,2026-08-12,725.0,0.74,0.75,0.79,53038,4262,0.1957,0.344,0.11327,-0.745,0.0611
2026-08-12 15:23:18,723.67,2026-08-12,726.0,0.44,0.49,0.48,79409,971,0.1973,0.2411,0.09512,-0.465,0.0517
2026-08-12 15:23:18,723.67,2026-08-12,727.0,0.29,0.3,0.3,2379,1404,0.2038,0.1648,0.07332,-0.295,0.0412
2026-08-12 15:23:18,723.67,2026-08-12,728.0,0.18,0.19,0.18,1093,2306,0.2106,0.1098,0.05371,-0.185,0.0312
2026-08-12 15:23:18,723.67,2026-08-12,729.0,0.12,0.13,0.13,1503,380,0.2219,0.0758,0.03871,-0.125,0.0237
2026-08-12 15:23:18,723.67,2026-08-12,730.0,0.08,0.09,0.08,36555,3893,0.2329,0.0523,0.02765,-0.085,0.0178
2026-08-12 15:23:18,723.67,2026-08-12,731.0,0.06,0.07,0.05,108,626,0.2486,0.0392,0.02054,-0.065,0.0141
2026-08-12 15:23:18,723.67,2026-08-12,732.0,0.01,0.05,0.02,555,558,0.2427,0.0203,0.01215,-0.03,0.0081
2026-08-12 15:23:18,723.67,2026-08-12,733.0,0.03,0.04,0.03,821,515,0.2734,0.0209,0.01108,-0.035,0.0084
2026-08-12 15:23:18,723.67,2026-08-12,734.0,0.01,0.04,0.03,514,440,0.2838,0.015,0.00804,-0.025,0.0063
2026-08-12 15:23:18,723.67,2026-08-12,735.0,0.03,0.04,0.01,4515,4149,0.3222,0.0181,0.00831,-0.035,0.0074
2026-08-12 15:23:18,723.67,2026-08-12,736.0,0,0.01,0.01,3,225,0.2946,0.0063,0.00365,-0.01,0.003
2026-08-12 15:23:18,723.67,2026-08-12,737.0,0,0.01,0.01,80,750,0.3155,0.006,0.00322,-0.01,0.0028
2026-08-12 15:23:18,723.67,2026-08-12,738.0,0,0.03,0.01,1896,280,0.3362,0.0056,0.00287,-0.01,0.0027
2026-08-12 15:24:18,723.8,2026-08-12,709.0,14.81,16.63,9.91,44,914,0.8153,0.868,0.01582,-0.92,0.0354
2026-08-12 15:24:18,723.8,2026-08-12,710.0,13.41,14.63,9.15,344,1083,0.5278,0.9453,0.01267,-0.22,0.0184
2026-08-12 15:24:18,723.8,2026-08-12,711.0,12.59,14.69,13.28,7,110,0.716,0.8638,0.0184,-0.84,0.0362
2026-08-12 15:24:18,723.8,2026-08-12,712.0,11.59,12.47,12.32,3,175,0.471,0.9371,0.01582,-0.23,0.0205
2026-08-12 15:24:18,723.8,2026-08-12,713.0,10.71,11.65,11.6,35,141,0.5004,0.9065,0.02014,-0.38,0.0277
2026-08-12 15:24:18,723.8,2026-08-12,714.0,9.64,10.38,10.08,70,319,0.3985,0.9333,0.01958,-0.21,0.0214
2026-08-12 15:24:18,723.8,2026-08-12,715.0,8.56,9.43,9.27,20,1322,0.3598,0.9321,0.022,-0.195,0.0218
2026-08-12 15:24:18,723.8,2026-08-12,716.0,7.72,8.45,8.51,6,571,0.3629,0.905,0.0281,-0.285,0.028
2026-08-12 15:24:18,723.8,2026-08-12,717.0,6.78,7.14,7.14,50,648,0.2803,0.9302,0.02884,-0.16,0.0222
2026-08-12 15:24:18,723.8,2026-08-12,718.0,5.82,6.04,5.94,964,351,0.2349,0.9335,0.03315,-0.13,0.0214
2026-08-12 15:24:18,723.8,2026-08-12,719.0,4.83,5.02,5.21,84,392,0.201,0.9269,0.04168,-0.125,0.023
2026-08-12 15:24:18,723.8,2026-08-12,720.0,4.09,4.15,4.08,385,1518,0.2273,0.8457,0.06306,-0.32,0.0394
2026-08-12 15:24:18,723.8,2026-08-12,721.0,3.16,3.28,3.28,1013,1317,0.2087,0.7933,0.08252,-0.42,0.0473
2026-08-12 15:24:18,723.8,2026-08-12,722.0,2.48,2.5,2.42,5065,2460,0.2117,0.6987,0.09928,-0.69,0.0577
2026-08-12 15:24:18,723.8,2026-08-12,723.0,1.79,1.81,1.8,967,2517,0.2047,0.596,0.11416,-1.0,0.0642
2026-08-12 15:24:18,723.8,2026-08-12,724.0,1.23,1.24,1.21,5649,1736,0.2003,0.4789,0.11998,-1.235,0.066
2026-08-12 15:24:18,723.8,2026-08-12,725.0,0.75,0.76,0.8,53602,4262,0.1903,0.3547,0.11799,-0.755,0.0617
2026-08-12 15:24:18,723.8,2026-08-12,726.0,0.49,0.5,0.5,79780,971,0.1973,0.2532,0.09782,-0.495,0.053
2026-08-12 15:24:18,723.8,2026-08-12,727.0,0.3,0.31,0.3,2436,1404,0.2013,0.1711,0.07616,-0.305,0.0421
2026-08-12 15:24:18,723.8,2026-08-12,728.0,0.18,0.19,0.19,1094,2306,0.2064,0.1118,0.05561,-0.185,0.0315
2026-08-12 15:24:18,723.8,2026-08-12,729.0,0.11,0.12,0.12,1503,380,0.2139,0.0729,0.03908,-0.115,0.023
2026-08-12 15:24:18,723.8,2026-08-12,730.0,0.08,0.09,0.05,36610,3893,0.2295,0.0531,0.02842,-0.085,0.0179
2026-08-12 15:24:18,723.8,2026-08-12,731.0,0.02,0.03,0.06,108,626,0.2091,0.0197,0.0138,-0.025,0.0079
2026-08-12 15:24:18,723.8,2026-08-12,732.0,0.04,0.05,0.04,556,558,0.2559,0.0277,0.01503,-0.045,0.0106
2026-08-12 15:24:18,723.8,2026-08-12,733.0,0.01,0.04,0.03,821,515,0.2575,0.0164,0.00957,-0.025,0.0068
2026-08-12 15:24:18,723.8,2026-08-12,734.0,0.03,0.04,0.02,523,440,0.2953,0.0196,0.00971,-0.035,0.0079
2026-08-12 15:24:18,723.8,2026-08-12,735.0,0.03,0.04,0.01,4515,4149,0.3196,0.0182,0.00845,-0.035,0.0074
2026-08-12 15:24:18,723.8,2026-08-12,736.0,0,0.03,0.01,3,225,0.2923,0.0064,0.00371,-0.01,0.003
2026-08-12 15:24:18,723.8,2026-08-12,737.0,0,0.01,0.01,80,750,0.3133,0.006,0.00327,-0.01,0.0028
2026-08-12 15:24:18,723.8,2026-08-12,738.0,0,0.01,0.01,1896,280,0.3341,0.0057,0.00292,-0.01,0.0027
2026-08-12 15:25:19,723.85,2026-08-12,709.0,14.75,16.64,9.91,44,914,0.7971,0.8745,0.01565,-0.845,0.0342
2026-08-12 15:25:19,723.85,2026-08-12,710.0,13.74,14.72,9.15,344,1083,0.6047,0.9201,0.01484,-0.38,0.0246
2026-08-12 15:25:19,723.85,2026-08-12,711.0,12.67,14.46,13.28,7,110,0.6834,0.8761,0.01809,-0.715,0.0339
2026-08-12 15:25:19,723.85,2026-08-12,712.0,11.6,12.11,12.32,3,175,,,,,
2026-08-12 15:25:19,723.85,2026-08-12,713.0,10.67,11.41,11.6,35,141,0.4222,0.942,0.0166,-0.19,0.0192
2026-08-12 15:25:19,723.85,2026-08-12,714.0,9.68,10.24,10.08,70,319,0.345,0.9594,0.01527,-0.11,0.0144
2026-08-12 15:25:19,723.85,2026-08-12,715.0,8.8,8.96,9.27,20,1322,0.234,0.9895,0.00721,-0.03,0.0046
2026-08-12 15:25:19,723.85,2026-08-12,716.0,7.7,8.22,8.51,6,571,0.287,0.9524,0.02087,-0.11,0.0164
2026-08-12 15:25:19,723.85,2026-08-12,717.0,6.55,6.94,7.14,50,648,,,,,
2026-08-12 15:25:19,723.85,2026-08-12,718.0,5.73,6.01,5.93,965,351,0.1393,0.9947,0.00658,-0.02,0.0025
2026-08-12 15:25:19,723.85,2026-08-12,719.0,4.84,4.99,5.21,84,392,0.1713,0.9577,0.0318,-0.065,0.0149
2026-08-12 15:25:19,723.85,2026-08-12,720.0,3.85,4.03,4.08,385,1518,0.1554,0.9344,0.04966,-0.09,0.0211
2026-08-12 15:25:19,723.85,2026-08-12,721.0,3.07,3.11,3.19,1014,1317,0.1698,0.8472,0.08405,-0.24,0.0391
2026-08-12 15:25:19,723.85,2026-08-12,722.0,2.29,2.32,2.49,5102,2460,0.1724,0.7445,0.11271,-0.455,0.0532
2026-08-12 15:25:19,723.85,2026-08-12,723.0,1.66,1.71,1.8,967,2517,0.1823,0.6139,0.12684,-0.835,0.0633
2026-08-12 15:25:19,723.85,2026-08-12,724.0,1.13,1.15,1.15,5895,1736,0.1826,0.4832,0.1319,-1.14,0.066
2026-08-12 15:25:19,723.85,2026-08-12,725.0,0.69,0.7,0.75,54338,4262,0.178,0.351,0.12589,-0.695,0.0614
2026-08-12 15:25:19,723.85,2026-08-12,726.0,0.41,0.46,0.47,80174,971,0.1838,0.2425,0.10277,-0.435,0.0517
2026-08-12 15:25:19,723.85,2026-08-12,727.0,0.23,0.24,0.3,2436,1404,0.1823,0.1505,0.07745,-0.235,0.0387
2026-08-12 15:25:19,723.85,2026-08-12,728.0,0.13,0.14,0.19,1094,2306,0.1881,0.0931,0.05349,-0.135,0.0276
2026-08-12 15:25:19,723.85,2026-08-12,729.0,0.07,0.08,0.12,1504,380,0.1934,0.0553,0.03488,-0.075,0.0185
2026-08-12 15:25:19,723.85,2026-08-12,730.0,0.03,0.04,0.07,36667,3893,0.1936,0.0285,0.02032,-0.035,0.0108
2026-08-12 15:25:19,723.85,2026-08-12,731.0,0.05,0.06,0.06,108,626,0.2371,0.0354,0.01989,-0.055,0.0129
2026-08-12 15:25:19,723.85,2026-08-12,732.0,0.04,0.05,0.04,556,558,0.2551,0.0279,0.01516,-0.045,0.0106
2026-08-12 15:25:19,723.85,2026-08-12,733.0,0.03,0.04,0.03,829,515,0.2699,0.0212,0.0114,-0.035,0.0084
2026-08-12 15:25:19,723.85,2026-08-12,734.0,0.03,0.04,0.02,553,440,0.2946,0.0196,0.00978,-0.035,0.0079
2026-08-12 15:25:19,723.85,2026-08-12,735.0,0.03,0.04,0.03,4521,4149,0.3189,0.0183,0.00851,-0.035,0.0074
2026-08-12 15:25:19,723.85,2026-08-12,736.0,0,0.03,0.01,3,225,0.2918,0.0064,0.00373,-0.01,0.003
2026-08-12 15:25:19,723.85,2026-08-12,737.0,0,0.03,0.01,80,750,0.3128,0.006,0.00329,-0.01,0.0028
2026-08-12 15:25:19,723.85,2026-08-12,738.0,0,0.01,0.01,1896,280,0.3336,0.0057,0.00293,-0.01,0.0027
2026-08-12 15:26:20,723.68,2026-08-12,709.0,14.6,16.43,9.91,44,914,0.7881,0.875,0.01582,-0.83,0.034
2026-08-12 15:26:20,723.68,2026-08-12,710.0,13.64,14.75,9.15,344,1083,0.6494,0.9027,0.01604,-0.51,0.0284
2026-08-12 15:26:20,723.68,2026-08-12,711.0,12.69,13.09,12.96,9,110,0.4875,0.9449,0.01384,-0.205,0.0184
2026-08-12 15:26:20,723.68,2026-08-12,712.0,11.56,12.22,12.32,3,175,0.4567,0.9417,0.01544,-0.205,0.0192
2026-08-12 15:26:20,723.68,2026-08-12,713.0,10.5,11.11,11.6,35,141,0.3766,0.9589,0.01417,-0.12,0.0146
2026-08-12 15:26:20,723.68,2026-08-12,714.0,9.59,10.41,10.08,70,319,0.4401,0.9113,0.0221,-0.315,0.0265
2026-08-12 15:26:20,723.68,2026-08-12,715.0,8.55,8.84,9.27,20,1322,,,,,
2026-08-12 15:26:20,723.68,2026-08-12,716.0,7.58,7.79,8.51,6,571,,,,,
2026-08-12 15:26:20,723.68,2026-08-12,717.0,6.65,6.97,6.98,52,648,0.261,0.9412,0.0272,-0.125,0.0194
2026-08-12 15:26:20,723.68,2026-08-12,718.0,5.72,5.89,5.93,965,351,0.2275,0.9365,0.03314,-0.12,0.0206
2026-08-12 15:26:20,723.68,2026-08-12,719.0,4.69,4.99,5.21,84,392,0.2102,0.9132,0.04552,-0.155,0.0261
2026-08-12 15:26:20,723.68,2026-08-12,720.0,3.91,3.96,4.08,385,1518,0.2051,0.8639,0.06447,-0.25,0.0361
2026-08-12 15:26:20,723.68,2026-08-12,721.0,3.1,3.15,3.15,1028,1317,0.2086,0.7847,0.0849,-0.44,0.0483
2026-08-12 15:26:20,723.68,2026-08-12,722.0,2.32,2.35,2.33,5146,2460,0.1995,0.6982,0.10582,-0.65,0.0576
2026-08-12 15:26:20,723.68,2026-08-12,723.0,1.62,1.63,1.8,967,2517,0.1888,0.5899,0.12471,-0.94,0.0642
2026-08-12 15:26:20,723.68,2026-08-12,724.0,1.07,1.12,1.12,6200,1736,0.188,0.4625,0.12795,-1.095,0.0656
2026-08-12 15:26:20,723.68,2026-08-12,725.0,0.7,0.71,0.71,55154,4262,0.1893,0.3398,0.11718,-0.705,0.0605
2026-08-12 15:26:20,723.68,2026-08-12,726.0,0.38,0.43,0.39,80463,971,0.1859,0.228,0.09842,-0.405,0.0499
2026-08-12 15:26:20,723.68,2026-08-12,727.0,0.25,0.26,0.3,2436,1404,0.1943,0.153,0.07364,-0.255,0.039
2026-08-12 15:26:20,723.68,2026-08-12,728.0,0.12,0.17,0.19,1094,2306,0.1977,0.095,0.05177,-0.145,0.0279
2026-08-12 15:26:20,723.68,2026-08-12,729.0,0.1,0.11,0.11,1570,380,0.2138,0.0678,0.03708,-0.105,0.0216
2026-08-12 15:26:20,723.68,2026-08-12,730.0,0.03,0.04,0.04,36786,3893,0.1984,0.0279,0.01956,-0.035,0.0106
2026-08-12 15:26:20,723.68,2026-08-12,731.0,0.01,0.06,0.06,108,626,0.2242,0.0251,0.01582,-0.035,0.0097
2026-08-12 15:26:20,723.68,2026-08-12,732.0,0.01,0.05,0.03,779,558,0.2437,0.0203,0.01219,-0.03,0.0081
2026-08-12 15:26:20,723.68,2026-08-12,733.0,0.03,0.04,0.03,829,515,0.2746,0.0209,0.01111,-0.035,0.0083
2026-08-12 15:26:20,723.68,2026-08-12,734.0,0.01,0.04,0.03,560,440,0.285,0.015,0.00805,-0.025,0.0063
2026-08-12 15:26:20,723.68,2026-08-12,735.0,0.03,0.04,0.03,4521,4149,0.3236,0.0181,0.00833,-0.035,0.0073
2026-08-12 15:26:20,723.68,2026-08-12,736.0,0,0.01,0.01,3,225,0.2959,0.0063,0.00365,-0.01,0.0029
2026-08-12 15:26:20,723.68,2026-08-12,737.0,0,0.03,0.01,80,750,0.3169,0.006,0.00323,-0.01,0.0028
2026-08-12 15:26:20,723.68,2026-08-12,738.0,0,0.01,0.01,1896,280,0.3377,0.0056,0.00288,-0.01,0.0027
2026-08-12 15:27:21,723.66,2026-08-12,709.0,14.68,16.219,9.91,44,914,0.7766,0.8784,0.01577,-0.7895,0.0333
2026-08-12 15:27:21,723.66,2026-08-12,710.0,13.67,14.82,9.15,344,1083,0.6754,0.894,0.01645,-0.585,0.0302
2026-08-12 15:27:21,723.66,2026-08-12,711.0,12.57,12.93,12.8,11,110,0.4087,0.9715,0.00969,-0.09,0.0108
2026-08-12 15:27:21,723.66,2026-08-12,712.0,11.41,12.01,12.32,3,175,0.3375,0.983,0.00758,-0.05,0.0069
2026-08-12 15:27:21,723.66,2026-08-12,713.0,10.71,11.1,11.6,35,141,0.4445,0.9296,0.0184,-0.245,0.0222
2026-08-12 15:27:21,723.66,2026-08-12,714.0,9.55,10.33,10.03,71,319,0.4265,0.9178,0.02158,-0.28,0.025
2026-08-12 15:27:21,723.66,2026-08-12,715.0,8.63,8.88,9.27,20,1322,0.3018,0.9606,0.0171,-0.095,0.014
2026-08-12 15:27:21,723.66,2026-08-12,716.0,7.56,8.02,8.51,7,571,0.294,0.9447,0.02304,-0.13,0.0184
2026-08-12 15:27:21,723.66,2026-08-12,717.0,6.62,6.9,6.98,52,648,0.2469,0.9506,0.02509,-0.1,0.0168
2026-08-12 15:27:21,723.66,2026-08-12,718.0,5.63,5.82,5.93,965,351,0.1951,0.962,0.02569,-0.065,0.0136
2026-08-12 15:27:21,723.66,2026-08-12,719.0,4.7,4.95,5.01,97,392,0.2136,0.9091,0.04648,-0.165,0.027
2026-08-12 15:27:21,723.66,2026-08-12,720.0,3.82,4.03,4.08,395,1518,0.2087,0.8586,0.06516,-0.265,0.0369
2026-08-12 15:27:21,723.66,2026-08-12,721.0,3.09,3.12,3.07,1031,1317,0.2089,0.7826,0.08541,-0.445,0.0485
2026-08-12 15:27:21,723.66,2026-08-12,722.0,2.27,2.3,2.36,5266,2460,0.1942,0.7007,0.1085,-0.625,0.0572
2026-08-12 15:27:21,723.66,2026-08-12,723.0,1.66,1.68,1.67,1084,2517,0.1984,0.5828,0.11934,-1.01,0.0643
2026-08-12 15:27:21,723.66,2026-08-12,724.0,1.11,1.13,1.07,6876,1736,0.1939,0.4605,0.12421,-1.12,0.0654
2026-08-12 15:27:21,723.66,2026-08-12,725.0,0.7,0.71,0.74,56050,4262,0.1911,0.3381,0.11608,-0.705,0.0603
2026-08-12 15:27:21,723.66,2026-08-12,726.0,0.43,0.44,0.43,80698,971,0.1934,0.234,0.09619,-0.435,0.0505
2026-08-12 15:27:21,723.66,2026-08-12,727.0,0.21,0.26,0.3,2539,1404,0.1904,0.1458,0.0729,-0.235,0.0377
2026-08-12 15:27:21,723.66,2026-08-12,728.0,0.16,0.17,0.19,1140,2306,0.2059,0.1024,0.05262,-0.165,0.0294
2026-08-12 15:27:21,723.66,2026-08-12,729.0,0.1,0.11,0.11,1607,380,0.215,0.0675,0.03686,-0.105,0.0215
2026-08-12 15:27:21,723.66,2026-08-12,730.0,0.07,0.08,0.07,36856,3893,0.2291,0.048,0.02642,-0.075,0.0164
2026-08-12 15:27:21,723.66,2026-08-12,731.0,0.01,0.02,0.06,120,626,0.1987,0.0131,0.01031,-0.015,0.0056
2026-08-12 15:27:21,723.66,2026-08-12,732.0,0.04,0.05,0.02,782,558,0.2611,0.0274,0.01466,-0.045,0.0104
2026-08-12 15:27:21,723.66,2026-08-12,733.0,0.03,0.04,0.03,840,515,0.2757,0.0209,0.01106,-0.035,0.0083
2026-08-12 15:27:21,723.66,2026-08-12,734.0,0.01,0.04,0.03,562,440,0.2861,0.015,0.00802,-0.025,0.0062
2026-08-12 15:27:21,723.66,2026-08-12,735.0,0.03,0.04,0.03,4521,4149,0.3248,0.0181,0.0083,-0.035,0.0073
2026-08-12 15:27:21,723.66,2026-08-12,736.0,0,0.03,0.01,5,225,0.297,0.0063,0.00364,-0.01,0.0029
2026-08-12 15:27:21,723.66,2026-08-12,737.0,0,0.01,0.01,80,750,0.318,0.0059,0.00322,-0.01,0.0028
2026-08-12 15:27:21,723.66,2026-08-12,738.0,0,0.01,0.01,1896,280,0.3389,0.0056,0.00287,-0.01,0.0026
2026-08-12 15:28:21,723.6,2026-08-12,709.0,14.84,16.329,9.91,44,914,0.8319,0.8618,0.01612,-0.9845,0.0363
2026-08-12 15:28:21,723.6,2026-08-12,710.0,13.4,14.84,9.15,344,1083,0.6525,0.9011,0.01621,-0.52,0.0286
2026-08-12 15:28:21,723.6,2026-08-12,711.0,12.59,12.85,12.98,12,110,0.433,0.9634,0.01125,-0.12,0.0132
2026-08-12 15:28:21,723.6,2026-08-12,712.0,11.74,12.26,12.32,3,175,0.5394,0.9076,0.01867,-0.4,0.0272
2026-08-12 15:28:21,723.6,2026-08-12,713.0,10.43,10.98,11.6,35,141,0.365,0.9629,0.0135,-0.105,0.0133
2026-08-12 15:28:21,723.6,2026-08-12,714.0,9.77,10.43,10.03,71,319,0.5011,0.881,0.02412,-0.5,0.0327
2026-08-12 15:28:21,723.6,2026-08-12,715.0,8.45,9,9.27,20,1322,0.3201,0.9505,0.01943,-0.125,0.0168
2026-08-12 15:28:21,723.6,2026-08-12,716.0,7.65,7.99,8.09,8,571,0.3343,0.9186,0.02738,-0.22,0.0248
2026-08-12 15:28:21,723.6,2026-08-12,717.0,6.76,7,6.97,53,648,0.322,0.8959,0.03412,-0.28,0.0297
2026-08-12 15:28:21,723.6,2026-08-12,718.0,5.8,5.85,5.97,969,351,0.268,0.9001,0.03979,-0.225,0.0289
2026-08-12 15:28:21,723.6,2026-08-12,719.0,4.69,4.85,4.87,97,392,0.2138,0.9064,0.04752,-0.17,0.0275
2026-08-12 15:28:21,723.6,2026-08-12,720.0,3.86,4.08,4.07,396,1518,0.2333,0.8283,0.06637,-0.37,0.0419
2026-08-12 15:28:21,723.6,2026-08-12,721.0,3,3.11,3.08,1056,1317,0.2087,0.7781,0.08668,-0.455,0.0489
2026-08-12 15:28:21,723.6,2026-08-12,722.0,2.33,2.36,2.41,5281,2460,0.2121,0.6795,0.10259,-0.745,0.0589
2026-08-12 15:28:21,723.6,2026-08-12,723.0,1.63,1.65,1.67,1176,2517,0.1995,0.5754,0.11936,-1.04,0.0645
2026-08-12 15:28:21,723.6,2026-08-12,724.0,1.09,1.1,1.16,7150,1736,0.1947,0.4532,0.12373,-1.095,0.0652
2026-08-12 15:28:21,723.6,2026-08-12,725.0,0.64,0.65,0.66,57330,4262,0.1847,0.3253,0.11849,-0.645,0.0592
2026-08-12 15:28:21,723.6,2026-08-12,726.0,0.41,0.42,0.39,81333,971,0.1925,0.2268,0.09514,-0.415,0.0496
2026-08-12 15:28:21,723.6,2026-08-12,727.0,0.2,0.25,0.26,3321,1404,0.1904,0.141,0.07142,-0.225,0.0368
2026-08-12 15:28:21,723.6,2026-08-12,728.0,0.11,0.12,0.16,1171,2306,0.1899,0.0812,0.04812,-0.115,0.0247
2026-08-12 15:28:21,723.6,2026-08-12,729.0,0.1,0.11,0.11,1680,380,0.2173,0.067,0.03634,-0.105,0.0214
2026-08-12 15:28:21,723.6,2026-08-12,730.0,0.07,0.08,0.04,36900,3893,0.2312,0.0476,0.02608,-0.075,0.0163
2026-08-12 15:28:21,723.6,2026-08-12,731.0,0.01,0.06,0.02,131,626,0.2272,0.0248,0.01555,-0.035,0.0096
2026-08-12 15:28:21,723.6,2026-08-12,732.0,0.04,0.05,0.03,782,558,0.2631,0.0273,0.01451,-0.045,0.0103
2026-08-12 15:28:21,723.6,2026-08-12,733.0,0.01,0.04,0.02,890,515,0.2643,0.0161,0.00926,-0.025,0.0066
2026-08-12 15:28:21,723.6,2026-08-12,734.0,0.01,0.02,0.03,562,440,0.2691,0.01,0.00603,-0.015,0.0044
2026-08-12 15:28:21,723.6,2026-08-12,735.0,0.03,0.04,0.03,4531,4149,0.3269,0.018,0.00823,-0.035,0.0073
2026-08-12 15:28:21,723.6,2026-08-12,736.0,0,0.01,0.01,5,225,0.2988,0.0063,0.00361,-0.01,0.0029
2026-08-12 15:28:21,723.6,2026-08-12,737.0,0,0.03,0.01,80,750,0.3199,0.0059,0.0032,-0.01,0.0028
2026-08-12 15:28:21,723.6,2026-08-12,738.0,0,0.03,0.01,1896,280,0.3408,0.0056,0.00285,-0.01,0.0026
2026-08-12 15:29:22,723.85,2026-08-12,709.0,14.72,16.23,9.91,44,914,0.7342,0.8951,0.01507,-0.625,0.0299
2026-08-12 15:29:22,723.85,2026-08-12,710.0,13.58,14.66,9.15,344,1083,0.5602,0.9367,0.01349,-0.27,0.0204
2026-08-12 15:29:22,723.85,2026-08-12,711.0,12.63,13.11,12.98,12,110,0.2877,0.997,0.00192,-0.02,0.0015
2026-08-12 15:29:22,723.85,2026-08-12,712.0,11.61,12.4,12.32,3,175,0.4359,0.9531,0.01368,-0.155,0.0161
2026-08-12 15:29:22,723.85,2026-08-12,713.0,10.75,10.89,11.6,35,141,,,,,
2026-08-12 15:29:22,723.85,2026-08-12,714.0,9.93,10.11,10.03,71,319,0.3839,0.9429,0.01817,-0.17,0.0188
2026-08-12 15:29:22,723.85,2026-08-12,715.0,8.72,9.07,9.27,20,1322,0.2612,0.9814,0.01063,-0.045,0.0075
2026-08-12 15:29:22,723.85,2026-08-12,716.0,7.82,8.15,8.09,8,571,0.3036,0.944,0.02262,-0.135,0.0185
2026-08-12 15:29:22,723.85,2026-08-12,717.0,6.55,6.95,6.97,53,648,,,,,
2026-08-12 15:29:22,723.85,2026-08-12,718.0,5.93,6.01,6.05,974,351,0.234,0.9376,0.03195,-0.12,0.0202
2026-08-12 15:29:22,723.85,2026-08-12,719.0,5,5.09,4.87,97,392,0.2317,0.9007,0.04588,-0.195,0.0287
2026-08-12 15:29:22,723.85,2026-08-12,720.0,4.04,4.3,4.22,400,1518,0.2314,0.8467,0.06223,-0.32,0.0389
2026-08-12 15:29:22,723.85,2026-08-12,721.0,3.22,3.24,3.19,1063,1317,0.2042,0.8047,0.08228,-0.38,0.0453
2026-08-12 15:29:22,723.85,2026-08-12,722.0,2.49,2.59,2.56,5293,2460,0.2163,0.7014,0.09765,-0.69,0.057
2026-08-12 15:29:22,723.85,2026-08-12,723.0,1.77,1.8,1.69,1211,2517,0.1995,0.6051,0.11748,-0.935,0.0632
2026-08-12 15:29:22,723.85,2026-08-12,724.0,1.23,1.24,1.23,7739,1736,0.1985,0.4845,0.12226,-1.235,0.0655
2026-08-12 15:29:22,723.85,2026-08-12,725.0,0.78,0.79,0.75,58218,4262,0.194,0.3619,0.11761,-0.785,0.0616
2026-08-12 15:29:22,723.85,2026-08-12,726.0,0.42,0.47,0.48,81869,971,0.1872,0.2448,0.10221,-0.445,0.0516
2026-08-12 15:29:22,723.85,2026-08-12,727.0,0.23,0.28,0.28,3523,1404,0.1888,0.1572,0.07754,-0.255,0.0395
2026-08-12 15:29:22,723.85,2026-08-12,728.0,0.16,0.17,0.16,1486,2306,0.2,0.1052,0.05542,-0.165,0.0299
2026-08-12 15:29:22,723.85,2026-08-12,729.0,0.1,0.11,0.11,1702,380,0.2098,0.0692,0.0386,-0.105,0.0218
2026-08-12 15:29:22,723.85,2026-08-12,730.0,0.03,0.04,0.07,36932,3893,0.1951,0.0285,0.02032,-0.035,0.0107
2026-08-12 15:29:22,723.85,2026-08-12,731.0,0.01,0.06,0.05,144,626,0.2212,0.0255,0.01635,-0.035,0.0098
2026-08-12 15:29:22,723.85,2026-08-12,732.0,0.04,0.05,0.04,802,558,0.257,0.0279,0.01516,-0.045,0.0105
2026-08-12 15:29:22,723.85,2026-08-12,733.0,0.01,0.02,0.03,899,515,0.2412,0.0111,0.00735,-0.015,0.0048
2026-08-12 15:29:22,723.85,2026-08-12,734.0,0.01,0.02,0.03,562,440,0.2639,0.0102,0.00626,-0.015,0.0045
2026-08-12 15:29:22,723.85,2026-08-12,735.0,0.03,0.04,0.03,4533,4149,0.3213,0.0183,0.00851,-0.035,0.0074
2026-08-12 15:29:22,723.85,2026-08-12,736.0,0,0.03,0.01,6,225,0.294,0.0064,0.00373,-0.01,0.003
2026-08-12 15:29:22,723.85,2026-08-12,737.0,0,0.03,0.01,80,750,0.3151,0.006,0.00329,-0.01,0.0028
2026-08-12 15:29:22,723.85,2026-08-12,738.0,0,0.01,0.01,1896,280,0.3361,0.0057,0.00293,-0.01,0.0027
2026-08-12 15:30:22,724.13,2026-08-12,710.0,13.63,14.51,9.15,344,1083,,,,,
2026-08-12 15:30:22,724.13,2026-08-12,711.0,13.17,13.38,12.98,12,110,0.4677,0.9586,0.01155,-0.145,0.0145
2026-08-12 15:30:22,724.13,2026-08-12,712.0,12.07,12.16,12.32,3,175,,,,,
2026-08-12 15:30:22,724.13,2026-08-12,713.0,10.97,11.14,11.6,35,141,,,,,
2026-08-12 15:30:22,724.13,2026-08-12,714.0,10.04,10.26,10.03,71,319,0.2323,0.9964,0.00285,-0.02,0.0018
2026-08-12 15:30:22,724.13,2026-08-12,715.0,8.77,9.14,9.27,20,1322,,,,,
2026-08-12 15:30:22,724.13,2026-08-12,716.0,7.87,8.21,8.09,10,571,,,,,
2026-08-12 15:30:22,724.13,2026-08-12,717.0,6.77,7.2,6.97,53,648,,,,,
2026-08-12 15:30:22,724.13,2026-08-12,718.0,6.03,6.37,6.15,974,351,0.2131,0.9615,0.02391,-0.07,0.0137
2026-08-12 15:30:22,724.13,2026-08-12,719.0,5.27,5.43,4.87,97,392,0.2505,0.8961,0.04391,-0.22,0.0296
2026-08-12 15:30:22,724.13,2026-08-12,720.0,4.31,4.47,4.27,400,1518,0.2263,0.8692,0.05723,-0.26,0.0348
2026-08-12 15:30:22,724.13,2026-08-12,721.0,3.43,3.57,3.34,1069,1317,0.2143,0.8158,0.07574,-0.37,0.0437
2026-08-12 15:30:22,724.13,2026-08-12,722.0,2.66,2.72,2.6,5294,2460,0.2074,0.737,0.09591,-0.56,0.0535
2026-08-12 15:30:22,724.13,2026-08-12,723.0,1.9,1.92,1.98,1231,2517,0.1919,0.643,0.11852,-0.78,0.0612
2026-08-12 15:30:22,724.13,2026-08-12,724.0,1.3,1.31,1.36,7789,1736,0.1881,0.5197,0.12916,-1.175,0.0654
2026-08-12 15:30:22,724.13,2026-08-12,725.0,0.86,0.87,0.87,58802,4262,0.1903,0.3931,0.12322,-0.865,0.0631
2026-08-12 15:30:22,724.13,2026-08-12,726.0,0.53,0.54,0.54,82290,971,0.1907,0.2776,0.10719,-0.535,0.055
2026-08-12 15:30:22,724.13,2026-08-12,727.0,0.27,0.28,0.28,3550,1404,0.1828,0.1716,0.0849,-0.275,0.0417
2026-08-12 15:30:22,724.13,2026-08-12,728.0,0.15,0.2,0.2,1545,2306,0.1937,0.1135,0.06056,-0.175,0.0315
2026-08-12 15:30:22,724.13,2026-08-12,729.0,0.07,0.08,0.12,1715,380,0.1868,0.0574,0.03755,-0.075,0.0189
2026-08-12 15:30:22,724.13,2026-08-12,730.0,0.07,0.08,0.08,36975,3893,0.2165,0.0506,0.0293,-0.075,0.0171
2026-08-12 15:30:22,724.13,2026-08-12,731.0,0.01,0.02,0.05,146,626,0.1887,0.0138,0.0114,-0.015,0.0058
2026-08-12 15:30:22,724.13,2026-08-12,732.0,0.04,0.05,0.04,803,558,0.25,0.0286,0.01594,-0.045,0.0107
2026-08-12 15:30:22,724.13,2026-08-12,733.0,0.03,0.04,0.03,899,515,0.2653,0.0217,0.01193,-0.035,0.0085
2026-08-12 15:30:22,724.13,2026-08-12,734.0,0.03,0.04,0.03,562,440,0.2903,0.0201,0.0102,-0.035,0.008
2026-08-12 15:30:22,724.13,2026-08-12,735.0,0.03,0.04,0.01,4534,4149,0.3149,0.0187,0.00884,-0.035,0.0075
2026-08-12 15:30:22,724.13,2026-08-12,736.0,0,0.03,0.01,6,225,0.2884,0.0065,0.00387,-0.01,0.003
2026-08-12 15:30:22,724.13,2026-08-12,737.0,0,0.01,0.01,80,750,0.3097,0.0061,0.00341,-0.01,0.0028
2026-08-12 15:30:22,724.13,2026-08-12,738.0,0,0.03,0.01,1896,280,0.3307,0.0058,0.00303,-0.01,0.0027
2026-08-12 15:30:22,724.13,2026-08-12,739.0,0,0.01,0.01,479,4963,0.3516,0.0055,0.00271,-0.01,0.0026
2026-08-12 15:31:24,723.94,2026-08-12,709.0,15.23,16.54,9.91,44,914,0.8385,0.8667,0.01569,-0.945,0.0352
2026-08-12 15:31:24,723.94,2026-08-12,710.0,14.1,14.48,9.15,344,1083,0.602,0.9247,0.01442,-0.35,0.0232
2026-08-12 15:31:24,723.94,2026-08-12,711.0,12.69,13.36,12.98,12,110,0.4146,0.9733,0.00911,-0.085,0.0101
2026-08-12 15:31:24,723.94,2026-08-12,712.0,11.87,12.53,12.32,3,175,0.4962,0.9319,0.01618,-0.26,0.0215
2026-08-12 15:31:24,723.94,2026-08-12,713.0,11.04,11.24,11.6,35,141,0.435,0.9401,0.01671,-0.2,0.0195
2026-08-12 15:31:24,723.94,2026-08-12,714.0,9.99,10.34,10.03,71,319,0.4153,0.9305,0.01964,-0.225,0.0218
2026-08-12 15:31:24,723.94,2026-08-12,715.0,9.02,9.46,9.27,20,1322,0.4128,0.9096,0.02411,-0.3,0.0267
2026-08-12 15:31:24,723.94,2026-08-12,716.0,8.2,8.25,8.09,10,571,0.3726,0.9059,0.02752,-0.285,0.0275
2026-08-12 15:31:24,723.94,2026-08-12,717.0,6.83,7.41,6.97,56,648,0.2975,0.9249,0.0291,-0.18,0.0232
2026-08-12 15:31:24,723.94,2026-08-12,718.0,5.95,6.45,6.15,974,351,0.2934,0.8941,0.0381,-0.26,0.0299
2026-08-12 15:31:24,723.94,2026-08-12,719.0,5.24,5.55,4.87,97,392,0.3105,0.837,0.04847,-0.455,0.0403
2026-08-12 15:31:24,723.94,2026-08-12,720.0,4.33,4.39,4.27,420,1518,0.2606,0.8246,0.06053,-0.42,0.0422
2026-08-12 15:31:24,723.94,2026-08-12,721.0,3.3,3.46,3.44,1091,1317,0.222,0.7933,0.0786,-0.44,0.0467
2026-08-12 15:31:24,723.94,2026-08-12,722.0,2.52,2.64,2.59,5312,2460,0.2129,0.7138,0.09762,-0.64,0.0557
2026-08-12 15:31:24,723.94,2026-08-12,723.0,1.92,1.95,1.98,1233,2517,0.2154,0.6079,0.10899,-0.995,0.0629
2026-08-12 15:31:24,723.94,2026-08-12,724.0,1.28,1.29,1.28,7854,1736,0.2002,0.4955,0.12177,-1.285,0.0653
2026-08-12 15:31:24,723.94,2026-08-12,725.0,0.78,0.83,0.83,59589,4262,0.1927,0.3712,0.11988,-0.805,0.0619
2026-08-12 15:31:24,723.94,2026-08-12,726.0,0.46,0.51,0.51,82701,971,0.1912,0.2578,0.1032,-0.485,0.0529
2026-08-12 15:31:24,723.94,2026-08-12,727.0,0.27,0.32,0.28,3552,1404,0.1958,0.1721,0.07961,-0.295,0.0417
2026-08-12 15:31:24,723.94,2026-08-12,728.0,0.14,0.15,0.2,1571,2306,0.1907,0.0986,0.05563,-0.145,0.0284
2026-08-12 15:31:24,723.94,2026-08-12,729.0,0.11,0.12,0.12,1768,380,0.2122,0.0742,0.04044,-0.115,0.023
2026-08-12 15:31:24,723.94,2026-08-12,730.0,0.07,0.08,0.08,37082,3893,0.2225,0.0495,0.02807,-0.075,0.0167
2026-08-12 15:31:24,723.94,2026-08-12,731.0,0.05,0.06,0.05,146,626,0.2373,0.0357,0.02024,-0.055,0.0129
2026-08-12 15:31:24,723.94,2026-08-12,732.0,0.04,0.05,0.04,803,558,0.2556,0.0281,0.0154,-0.045,0.0105
2026-08-12 15:31:24,723.94,2026-08-12,733.0,0.01,0.02,0.03,899,515,0.2401,0.0112,0.00746,-0.015,0.0048
2026-08-12 15:31:24,723.94,2026-08-12,734.0,0.03,0.04,0.03,562,440,0.2956,0.0198,0.00991,-0.035,0.0078
2026-08-12 15:31:24,723.94,2026-08-12,735.0,0.03,0.04,0.01,4534,4149,0.3203,0.0184,0.00861,-0.035,0.0074
2026-08-12 15:31:24,723.94,2026-08-12,736.0,0,0.03,0.01,6,225,0.2931,0.0064,0.00378,-0.01,0.003
2026-08-12 15:31:24,723.94,2026-08-12,737.0,0,0.01,0.01,80,750,0.3144,0.0061,0.00333,-0.01,0.0028
2026-08-12 15:31:24,723.94,2026-08-12,738.0,0,0.03,0.01,1896,280,0.3354,0.0057,0.00296,-0.01,0.0027
2026-08-12 15:32:24,723.76,2026-08-12,709.0,14.71,16.58,9.91,44,914,0.8148,0.8711,0.01581,-0.88,0.0343
2026-08-12 15:32:24,723.76,2026-08-12,710.0,13.53,14.69,9.15,344,1083,0.5953,0.9248,0.01459,-0.345,0.0232
2026-08-12 15:32:24,723.76,2026-08-12,711.0,12.8,13.28,12.98,12,110,0.531,0.9323,0.01509,-0.275,0.0214
2026-08-12 15:32:24,723.76,2026-08-12,712.0,11.58,12.3,12.32,3,175,0.4479,0.9483,0.01448,-0.175,0.0173
2026-08-12 15:32:24,723.76,2026-08-12,713.0,10.73,11.27,11.6,35,141,0.4475,0.932,0.01796,-0.235,0.0214
2026-08-12 15:32:24,723.76,2026-08-12,714.0,9.77,10.6,10.03,71,319,0.4853,0.894,0.0231,-0.42,0.0299
2026-08-12 15:32:24,723.76,2026-08-12,715.0,8.74,9.29,9.27,20,1322,0.3882,0.9189,0.02369,-0.25,0.0245
2026-08-12 15:32:24,723.76,2026-08-12,716.0,7.64,8.15,8.09,10,571,0.3001,0.9451,0.02265,-0.13,0.0181
2026-08-12 15:32:24,723.76,2026-08-12,717.0,6.81,7.24,7.41,56,648,0.3233,0.9021,0.03271,-0.26,0.0282
2026-08-12 15:32:24,723.76,2026-08-12,718.0,5.72,6.41,6.15,974,351,0.3006,0.8822,0.04024,-0.3,0.0323
2026-08-12 15:32:24,723.76,2026-08-12,719.0,4.87,5.5,4.87,97,392,0.2952,0.8409,0.05028,-0.42,0.0396
2026-08-12 15:32:24,723.76,2026-08-12,720.0,3.88,4.1,4.36,420,1518,0.2033,0.8736,0.06246,-0.225,0.0339
2026-08-12 15:32:24,723.76,2026-08-12,721.0,3.11,3.17,3.21,1098,1317,0.2006,0.8031,0.08466,-0.375,0.0453
2026-08-12 15:32:24,723.76,2026-08-12,722.0,2.32,2.45,2.52,5325,2460,0.2007,0.7076,0.10485,-0.62,0.0561
2026-08-12 15:32:24,723.76,2026-08-12,723.0,1.7,1.73,1.7,1257,2517,0.1977,0.5965,0.11996,-0.95,0.0632
2026-08-12 15:32:24,723.76,2026-08-12,724.0,1.1,1.12,1.14,8131,1736,0.1867,0.4722,0.13054,-1.11,0.065
2026-08-12 15:32:24,723.76,2026-08-12,725.0,0.72,0.73,0.73,60109,4262,0.1902,0.3483,0.11901,-0.725,0.0604
2026-08-12 15:32:24,723.76,2026-08-12,726.0,0.43,0.44,0.44,82946,971,0.1903,0.2386,0.09971,-0.435,0.0506
2026-08-12 15:32:24,723.76,2026-08-12,727.0,0.21,0.22,0.26,3872,1404,0.1827,0.1413,0.07507,-0.215,0.0366
2026-08-12 15:32:24,723.76,2026-08-12,728.0,0.11,0.12,0.12,1585,2306,0.1858,0.0831,0.05044,-0.115,0.025
2026-08-12 15:32:24,723.76,2026-08-12,729.0,0.06,0.11,0.12,1817,380,0.2039,0.0595,0.03552,-0.085,0.0193
2026-08-12 15:32:24,723.76,2026-08-12,730.0,0.03,0.08,0.04,37113,3893,0.2149,0.039,0.02407,-0.055,0.0138
2026-08-12 15:32:24,723.76,2026-08-12,731.0,0.05,0.06,0.05,146,626,0.2426,0.0351,0.01956,-0.055,0.0127
2026-08-12 15:32:24,723.76,2026-08-12,732.0,0.01,0.02,0.04,811,558,0.2215,0.012,0.00864,-0.015,0.0051
2026-08-12 15:32:24,723.76,2026-08-12,733.0,0.03,0.04,0.03,899,515,0.2756,0.0211,0.01125,-0.035,0.0083
2026-08-12 15:32:24,723.76,2026-08-12,734.0,0.03,0.04,0.03,569,440,0.3006,0.0195,0.00966,-0.035,0.0077
2026-08-12 15:32:24,723.76,2026-08-12,735.0,0.01,0.02,0.01,4534,4149,0.2899,0.0094,0.00535,-0.015,0.0041
2026-08-12 15:32:24,723.76,2026-08-12,736.0,0,0.03,0.01,6,225,0.2975,0.0064,0.00369,-0.01,0.0029
2026-08-12 15:32:24,723.76,2026-08-12,737.0,0,0.01,0.01,80,750,0.3188,0.006,0.00326,-0.01,0.0028
2026-08-12 15:32:24,723.76,2026-08-12,738.0,0,0.03,0.01,1896,280,0.3398,0.0056,0.0029,-0.01,0.0026
2026-08-12 15:33:25,723.48,2026-08-12,709.0,14.31,16.44,9.91,44,914,0.8112,0.8679,0.01618,-0.9,0.0348
2026-08-12 15:33:25,723.48,2026-08-12,710.0,13.35,14.68,9.15,344,1083,0.6613,0.8982,0.0165,-0.54,0.029
2026-08-12 15:33:25,723.48,2026-08-12,711.0,12.47,13.16,12.98,12,110,0.5513,0.9206,0.01646,-0.34,0.0241
2026-08-12 15:33:25,723.48,2026-08-12,712.0,11.03,11.97,12.32,3,175,0.2853,0.9937,0.00382,-0.025,0.0029
2026-08-12 15:33:25,723.48,2026-08-12,713.0,10.08,11.61,11.6,35,141,0.4942,0.9062,0.02079,-0.37,0.0273
2026-08-12 15:33:25,723.48,2026-08-12,714.0,9.42,10.58,10.39,74,319,0.5089,0.8765,0.02461,-0.525,0.0333
2026-08-12 15:33:25,723.48,2026-08-12,715.0,8.34,9.14,9.27,20,1322,0.3853,0.9139,0.02504,-0.265,0.0256
2026-08-12 15:33:25,723.48,2026-08-12,716.0,7.25,8.14,8.09,10,571,0.3334,0.9177,0.02796,-0.22,0.0247
2026-08-12 15:33:25,723.48,2026-08-12,717.0,6.29,6.82,7.41,56,648,0.2317,0.9581,0.02368,-0.08,0.0146
2026-08-12 15:33:25,723.48,2026-08-12,718.0,5.58,5.82,6.15,984,351,0.2662,0.8986,0.04087,-0.225,0.0289
2026-08-12 15:33:25,723.48,2026-08-12,719.0,4.45,4.67,4.87,97,392,0.175,0.9431,0.04005,-0.085,0.0186
2026-08-12 15:33:25,723.48,2026-08-12,720.0,3.65,3.69,3.92,428,1518,0.184,0.8789,0.06717,-0.195,0.0328
2026-08-12 15:33:25,723.48,2026-08-12,721.0,2.81,2.85,3.17,1103,1317,0.1839,0.7981,0.09397,-0.355,0.0459
2026-08-12 15:33:25,723.48,2026-08-12,722.0,2.14,2.21,2.12,5343,2460,0.1995,0.6777,0.11034,-0.7,0.0584
2026-08-12 15:33:25,723.48,2026-08-12,723.0,1.45,1.47,1.47,1412,2517,0.1845,0.5657,0.13093,-0.985,0.0641
2026-08-12 15:33:25,723.48,2026-08-12,724.0,0.95,0.97,0.97,8499,1736,0.1842,0.4335,0.13111,-0.96,0.0641
2026-08-12 15:33:25,723.48,2026-08-12,725.0,0.63,0.64,0.6,60654,4262,0.1916,0.3154,0.11382,-0.635,0.0579
2026-08-12 15:33:25,723.48,2026-08-12,726.0,0.34,0.35,0.35,83534,971,0.1853,0.204,0.09382,-0.345,0.0462
2026-08-12 15:33:25,723.48,2026-08-12,727.0,0.21,0.22,0.22,4074,1404,0.1942,0.1348,0.06854,-0.215,0.0353
2026-08-12 15:33:25,723.48,2026-08-12,728.0,0.13,0.14,0.14,1682,2306,0.2037,0.0882,0.0482,-0.135,0.0261
2026-08-12 15:33:25,723.48,2026-08-12,729.0,0.05,0.06,0.06,2581,380,0.1953,0.0425,0.02844,-0.055,0.0147
2026-08-12 15:33:25,723.48,2026-08-12,730.0,0.06,0.07,0.07,37184,3893,0.2306,0.0425,0.02411,-0.065,0.0148
2026-08-12 15:33:25,723.48,2026-08-12,731.0,0.05,0.06,0.05,149,626,0.2511,0.0342,0.01851,-0.055,0.0123
2026-08-12 15:33:25,723.48,2026-08-12,732.0,0.01,0.05,0.04,936,558,0.2523,0.0199,0.01174,-0.03,0.0079
2026-08-12 15:33:25,723.48,2026-08-12,733.0,0.03,0.04,0.02,908,515,0.2836,0.0206,0.01075,-0.035,0.0081
2026-08-12 15:33:25,723.48,2026-08-12,734.0,0.03,0.04,0.01,572,440,0.3085,0.0191,0.00927,-0.035,0.0076
2026-08-12 15:33:25,723.48,2026-08-12,735.0,0.03,0.04,0.01,4534,4149,0.3331,0.0179,0.0081,-0.035,0.0072
2026-08-12 15:33:25,723.48,2026-08-12,736.0,0,0.01,0.01,6,225,0.3044,0.0063,0.00356,-0.01,0.0029
2026-08-12 15:33:25,723.48,2026-08-12,737.0,0,0.03,0.01,80,750,0.3256,0.0059,0.00315,-0.01,0.0027
2026-08-12 15:33:25,723.48,2026-08-12,738.0,0,0.01,0.01,1896,280,0.3467,0.0056,0.00281,-0.01,0.0026
2026-08-12 15:34:25,723.07,2026-08-12,709.0,14.45,15.99,9.91,44,914,0.8651,0.8465,0.01684,-1.15,0.0385
2026-08-12 15:34:25,723.07,2026-08-12,710.0,13.02,14.81,9.15,344,1083,0.7424,0.8649,0.018,-0.845,0.0353
2026-08-12 15:34:25,723.07,2026-08-12,711.0,11.69,13.31,13.29,13,110,0.5736,0.9055,0.01806,-0.43,0.0274
2026-08-12 15:34:25,723.07,2026-08-12,712.0,11.22,11.68,12.32,3,175,0.52,0.9078,0.01955,-0.38,0.0269
2026-08-12 15:34:25,723.07,2026-08-12,713.0,9.83,11.65,11.6,35,141,0.5752,0.8628,0.02349,-0.67,0.0357
2026-08-12 15:34:25,723.07,2026-08-12,714.0,8.89,10.52,10.39,74,319,0.5261,0.8588,0.02617,-0.635,0.0364
2026-08-12 15:34:25,723.07,2026-08-12,715.0,8.09,9.22,8.9,22,1322,0.4729,0.8562,0.02949,-0.585,0.0368
2026-08-12 15:34:25,723.07,2026-08-12,716.0,7.4,8.16,8.09,10,571,0.464,0.8288,0.03371,-0.71,0.0413
2026-08-12 15:34:25,723.07,2026-08-12,717.0,6.03,6.29,7.41,56,648,0.2269,0.9515,0.02728,-0.09,0.0163
2026-08-12 15:34:25,723.07,2026-08-12,718.0,5.24,5.33,5.74,984,351,0.249,0.8968,0.04435,-0.215,0.0292
2026-08-12 15:34:25,723.07,2026-08-12,719.0,4.49,4.51,4.87,97,392,0.2703,0.8253,0.05862,-0.43,0.0419
2026-08-12 15:34:25,723.07,2026-08-12,720.0,3.51,3.57,3.64,437,1518,0.2358,0.7909,0.07501,-0.47,0.0467
2026-08-12 15:34:25,723.07,2026-08-12,721.0,2.62,2.72,2.89,1158,1317,0.2138,0.7269,0.09569,-0.6,0.054
2026-08-12 15:34:25,723.07,2026-08-12,722.0,1.95,1.97,2.15,5371,2460,0.2081,0.6269,0.11195,-0.89,0.0615
2026-08-12 15:34:25,723.07,2026-08-12,723.0,1.38,1.43,1.43,2440,2517,0.21,0.511,0.11683,-1.335,0.0648
2026-08-12 15:34:25,723.07,2026-08-12,724.0,0.83,0.84,0.89,9517,1736,0.1909,0.385,0.12318,-0.835,0.0621
2026-08-12 15:34:25,723.07,2026-08-12,725.0,0.53,0.54,0.54,62172,4262,0.1955,0.2744,0.10492,-0.535,0.0542
2026-08-12 15:34:25,723.07,2026-08-12,726.0,0.31,0.32,0.32,84064,971,0.1965,0.1818,0.08268,-0.315,0.0429
2026-08-12 15:34:25,723.07,2026-08-12,727.0,0.16,0.17,0.17,4277,1404,0.1943,0.1087,0.05901,-0.165,0.0303
2026-08-12 15:34:25,723.07,2026-08-12,728.0,0.12,0.13,0.13,1756,2306,0.2137,0.0796,0.04265,-0.125,0.0241
2026-08-12 15:34:25,723.07,2026-08-12,729.0,0.07,0.08,0.05,2657,380,0.2202,0.0502,0.0289,-0.075,0.0168
2026-08-12 15:34:25,723.07,2026-08-12,730.0,0.06,0.07,0.07,37307,3893,0.2427,0.0408,0.02219,-0.065,0.0142
2026-08-12 15:34:25,723.07,2026-08-12,731.0,0.01,0.02,0.05,190,626,0.2154,0.0124,0.00916,-0.015,0.0052
2026-08-12 15:34:25,723.07,2026-08-12,732.0,0.01,0.02,0.02,971,558,0.2387,0.0113,0.00763,-0.015,0.0048
2026-08-12 15:34:25,723.07,2026-08-12,733.0,0.01,0.02,0.03,920,515,0.2617,0.0104,0.00648,-0.015,0.0045
2026-08-12 15:34:25,723.07,2026-08-12,734.0,0.01,0.02,0.01,574,440,0.2844,0.0096,0.00558,-0.015,0.0042
2026-08-12 15:34:25,723.07,2026-08-12,735.0,0,0.01,0.01,4534,4149,0.2924,0.0065,0.00384,-0.01,0.003
2026-08-12 15:34:25,723.07,2026-08-12,736.0,0,0.03,0.01,20,225,0.3138,0.0061,0.00338,-0.01,0.0028
2026-08-12 15:34:25,723.07,2026-08-12,737.0,0,0.03,0.01,80,750,0.335,0.0057,0.00301,-0.01,0.0027
2026-08-12 15:34:25,723.07,2026-08-12,738.0,0,0.01,0.01,1896,280,0.3561,0.0054,0.00269,-0.01,0.0025
2026-08-12 15:35:26,723.35,2026-08-12,709.0,13.88,16.149,9.91,44,914,0.7393,0.8883,0.01585,-0.6695,0.0309
2026-08-12 15:35:26,723.35,2026-08-12,710.0,13.02,14.82,9.15,344,1083,0.6712,0.8935,0.01686,-0.575,0.0298
2026-08-12 15:35:26,723.35,2026-08-12,711.0,11.92,13.41,13.38,14,110,0.5407,0.9232,0.01643,-0.32,0.0234
2026-08-12 15:35:26,723.35,2026-08-12,712.0,11.22,12.02,12.32,3,175,0.4877,0.9268,0.01756,-0.275,0.0226
2026-08-12 15:35:26,723.35,2026-08-12,713.0,10.01,11.21,11.6,35,141,0.4501,0.9242,0.01954,-0.265,0.0232
2026-08-12 15:35:26,723.35,2026-08-12,714.0,9,10.32,10.3,75,319,0.4361,0.9092,0.02309,-0.315,0.0265
2026-08-12 15:35:26,723.35,2026-08-12,715.0,8.23,9.03,8.9,22,1322,0.39,0.9087,0.02593,-0.285,0.0266
2026-08-12 15:35:26,723.35,2026-08-12,716.0,7.44,7.66,7.66,12,571,0.3243,0.9207,0.02807,-0.205,0.024
2026-08-12 15:35:26,723.35,2026-08-12,717.0,6.38,6.74,7.41,56,648,0.2942,0.9101,0.03398,-0.215,0.0263
2026-08-12 15:35:26,723.35,2026-08-12,718.0,5.62,5.78,5.74,984,351,0.3028,0.8639,0.04442,-0.355,0.0354
2026-08-12 15:35:26,723.35,2026-08-12,719.0,4.61,4.62,4.51,98,392,0.24,0.8699,0.05436,-0.27,0.0344
2026-08-12 15:35:26,723.35,2026-08-12,720.0,3.7,3.85,3.8,442,1518,0.2396,0.8075,0.07033,-0.43,0.0444
2026-08-12 15:35:26,723.35,2026-08-12,721.0,2.89,2.95,2.87,1158,1317,0.2232,0.7438,0.08885,-0.575,0.0522
2026-08-12 15:35:26,723.35,2026-08-12,722.0,2.19,2.21,2.17,5381,2460,0.2191,0.6501,0.10418,-0.855,0.0601
2026-08-12 15:35:26,723.35,2026-08-12,723.0,1.49,1.5,1.49,2509,2517,0.2019,0.5447,0.121,-1.15,0.0643
2026-08-12 15:35:26,723.35,2026-08-12,724.0,1,1.01,1,9737,1736,0.2007,0.4231,0.12022,-1.005,0.0635
2026-08-12 15:35:26,723.35,2026-08-12,725.0,0.56,0.57,0.57,62830,4262,0.1871,0.2955,0.11375,-0.565,0.056
2026-08-12 15:35:26,723.35,2026-08-12,726.0,0.31,0.36,0.36,84223,971,0.1895,0.1965,0.09004,-0.335,0.0449
2026-08-12 15:35:26,723.35,2026-08-12,727.0,0.19,0.2,0.2,4421,1404,0.1941,0.125,0.06535,-0.195,0.0334
2026-08-12 15:35:26,723.35,2026-08-12,728.0,0.07,0.08,0.08,1803,2306,0.1822,0.0591,0.03984,-0.075,0.0191
2026-08-12 15:35:26,723.35,2026-08-12,729.0,0.03,0.04,0.08,2657,380,0.1842,0.0302,0.02292,-0.035,0.0111
2026-08-12 15:35:26,723.35,2026-08-12,730.0,0.01,0.06,0.06,37381,3893,0.2108,0.0269,0.01814,-0.035,0.0101
2026-08-12 15:35:26,723.35,2026-08-12,731.0,0.01,0.05,0.02,192,626,0.2313,0.0216,0.01376,-0.03,0.0084
2026-08-12 15:35:26,723.35,2026-08-12,732.0,0.01,0.02,0.02,973,558,0.2327,0.0116,0.00801,-0.015,0.0049
2026-08-12 15:35:26,723.35,2026-08-12,733.0,0.01,0.02,0.02,929,515,0.2558,0.0106,0.00676,-0.015,0.0046
2026-08-12 15:35:26,723.35,2026-08-12,734.0,0,0.03,0.01,574,440,0.2652,0.0071,0.00459,-0.01,0.0032
2026-08-12 15:35:26,723.35,2026-08-12,735.0,0,0.03,0.01,4562,4149,0.2869,0.0066,0.00399,-0.01,0.003
2026-08-12 15:35:26,723.35,2026-08-12,736.0,0,0.01,0.01,20,225,0.3084,0.0062,0.0035,-0.01,0.0028
2026-08-12 15:35:26,723.35,2026-08-12,737.0,0,0.01,0.01,80,750,0.3297,0.0058,0.0031,-0.01,0.0027
2026-08-12 15:35:26,723.35,2026-08-12,738.0,0,0.03,0.01,1896,280,0.3508,0.0055,0.00277,-0.01,0.0026
2026-08-12 15:36:26,723.38,2026-08-12,709.0,13.86,16.28,9.91,44,914,0.7486,0.8864,0.01587,-0.69,0.0312
2026-08-12 15:36:26,723.38,2026-08-12,710.0,13.12,13.52,14.29,1,1083,,,,,
2026-08-12 15:36:26,723.38,2026-08-12,711.0,12.25,13.3,13.3,15,110,0.5734,0.9119,0.01721,-0.395,0.0259
2026-08-12 15:36:26,723.38,2026-08-12,712.0,11.34,12.1,12.32,3,175,0.5172,0.9157,0.01846,-0.34,0.025
2026-08-12 15:36:26,723.38,2026-08-12,713.0,9.91,11.45,11.6,35,141,0.4668,0.9177,0.02008,-0.3,0.0246
2026-08-12 15:36:26,723.38,2026-08-12,714.0,9.22,10.55,10.3,75,319,0.5023,0.8786,0.02479,-0.505,0.0327
2026-08-12 15:36:26,723.38,2026-08-12,715.0,8.27,9.05,8.9,22,1322,0.3901,0.91,0.0257,-0.28,0.0263
2026-08-12 15:36:26,723.38,2026-08-12,716.0,7.37,7.61,7.66,12,571,0.2794,0.9501,0.02276,-0.11,0.0167
2026-08-12 15:36:26,723.38,2026-08-12,717.0,6.4,6.67,7.41,56,648,0.2712,0.9286,0.03103,-0.155,0.0221
2026-08-12 15:36:26,723.38,2026-08-12,718.0,5.5,5.8,5.74,984,351,0.2793,0.8849,0.04291,-0.27,0.0315
2026-08-12 15:36:26,723.38,2026-08-12,719.0,4.64,4.7,4.76,108,392,0.2475,0.8649,0.05419,-0.29,0.0352
2026-08-12 15:36:26,723.38,2026-08-12,720.0,3.69,3.89,3.81,442,1518,0.2371,0.813,0.06998,-0.41,0.0435
2026-08-12 15:36:26,723.38,2026-08-12,721.0,2.9,3.03,2.87,1162,1317,0.2273,0.7435,0.08748,-0.585,0.0522
2026-08-12 15:36:26,723.38,2026-08-12,722.0,2.18,2.2,2.21,5391,2460,0.214,0.6574,0.10601,-0.81,0.0595
2026-08-12 15:36:26,723.38,2026-08-12,723.0,1.54,1.55,1.51,2524,2517,0.2071,0.5479,0.11807,-1.165,0.0642
2026-08-12 15:36:26,723.38,2026-08-12,724.0,0.97,1.02,0.99,10295,1736,0.1971,0.4258,0.12277,-0.995,0.0635
2026-08-12 15:36:26,723.38,2026-08-12,725.0,0.57,0.58,0.62,63782,4262,0.1873,0.2994,0.11448,-0.575,0.0563
2026-08-12 15:36:26,723.38,2026-08-12,726.0,0.31,0.36,0.36,85062,971,0.1884,0.1977,0.09111,-0.335,0.045
2026-08-12 15:36:26,723.38,2026-08-12,727.0,0.19,0.2,0.2,4459,1404,0.1931,0.1256,0.06605,-0.195,0.0335
2026-08-12 15:36:26,723.38,2026-08-12,728.0,0.11,0.12,0.12,1828,2306,0.2001,0.0787,0.0453,-0.115,0.0238
2026-08-12 15:36:26,723.38,2026-08-12,729.0,0.07,0.08,0.08,2770,380,0.2118,0.0521,0.03105,-0.075,0.0173
2026-08-12 15:36:26,723.38,2026-08-12,730.0,0.01,0.02,0.06,37392,3893,0.185,0.0142,0.01207,-0.015,0.0059
2026-08-12 15:36:26,723.38,2026-08-12,731.0,0.04,0.05,0.02,192,626,0.2465,0.0293,0.01669,-0.045,0.0108
2026-08-12 15:36:26,723.38,2026-08-12,732.0,0.01,0.04,0.02,973,558,0.2493,0.0172,0.01055,-0.025,0.0069
2026-08-12 15:36:26,723.38,2026-08-12,733.0,0.03,0.04,0.03,939,515,0.2876,0.0204,0.01059,-0.035,0.008
2026-08-12 15:36:26,723.38,2026-08-12,734.0,0,0.03,0.01,574,440,0.2649,0.0071,0.00462,-0.01,0.0032
2026-08-12 15:36:26,723.38,2026-08-12,735.0,0,0.03,0.01,4562,4149,0.2867,0.0066,0.00401,-0.01,0.003
2026-08-12 15:36:26,723.38,2026-08-12,736.0,0,0.01,0.01,20,225,0.3082,0.0062,0.00352,-0.01,0.0028
2026-08-12 15:36:26,723.38,2026-08-12,737.0,0,0.01,0.01,80,750,0.3296,0.0059,0.00311,-0.01,0.0027
2026-08-12 15:36:26,723.38,2026-08-12,738.0,0,0.01,0.01,1896,280,0.3507,0.0055,0.00278,-0.01,0.0026
2026-08-12 15:37:27,723.76,2026-08-12,709.0,14.8,16.28,9.91,44,914,0.791,0.8802,0.01562,-0.775,0.0323
2026-08-12 15:37:27,723.76,2026-08-12,710.0,13.15,14.21,14.29,1,1083,,,,,
2026-08-12 15:37:27,723.76,2026-08-12,711.0,12.63,13.21,13.3,15,110,0.4704,0.9554,0.01236,-0.155,0.0152
2026-08-12 15:37:27,723.76,2026-08-12,712.0,11.49,12.24,12.32,3,175,0.4008,0.9668,0.0114,-0.1,0.012
2026-08-12 15:37:27,723.76,2026-08-12,713.0,10.62,11.34,11.6,35,141,0.4423,0.9361,0.01748,-0.215,0.0202
2026-08-12 15:37:27,723.76,2026-08-12,714.0,9.68,10.19,10.3,75,319,0.3874,0.9425,0.0184,-0.17,0.0186
2026-08-12 15:37:27,723.76,2026-08-12,715.0,8.42,9.06,8.9,23,1322,,,,,
2026-08-12 15:37:27,723.76,2026-08-12,716.0,7.51,8.02,7.66,12,571,,,,,
2026-08-12 15:37:27,723.76,2026-08-12,717.0,6.7,6.87,7.41,56,648,0.1653,0.9946,0.00579,-0.02,0.0025
2026-08-12 15:37:27,723.76,2026-08-12,718.0,5.73,5.92,5.74,987,351,0.1983,0.965,0.02411,-0.06,0.0125
2026-08-12 15:37:27,723.76,2026-08-12,719.0,4.71,5.01,4.76,110,392,0.1908,0.9402,0.0385,-0.095,0.0192
2026-08-12 15:37:27,723.76,2026-08-12,720.0,3.89,3.98,4.04,461,1518,0.188,0.8941,0.06017,-0.17,0.0296
2026-08-12 15:37:27,723.76,2026-08-12,721.0,3.05,3.13,3.16,1187,1317,0.1912,0.8167,0.08581,-0.325,0.0429
2026-08-12 15:37:27,723.76,2026-08-12,722.0,2.31,2.34,2.38,5418,2460,0.1918,0.718,0.10889,-0.56,0.0546
2026-08-12 15:37:27,723.76,2026-08-12,723.0,1.64,1.65,1.62,2870,2517,0.1884,0.6019,0.12662,-0.88,0.0624
2026-08-12 15:37:27,723.76,2026-08-12,724.0,1.07,1.08,1.08,10786,1736,0.1831,0.4713,0.13438,-1.075,0.0644
2026-08-12 15:37:27,723.76,2026-08-12,725.0,0.65,0.66,0.66,65149,4262,0.1803,0.3388,0.12546,-0.655,0.0592
2026-08-12 15:37:27,723.76,2026-08-12,726.0,0.33,0.38,0.38,85499,971,0.1758,0.2185,0.10371,-0.355,0.0477
2026-08-12 15:37:27,723.76,2026-08-12,727.0,0.16,0.17,0.17,5090,1404,0.17,0.1218,0.07349,-0.165,0.0327
2026-08-12 15:37:27,723.76,2026-08-12,728.0,0.07,0.12,0.12,1939,2306,0.1792,0.0736,0.04813,-0.095,0.0226
2026-08-12 15:37:27,723.76,2026-08-12,729.0,0.03,0.04,0.08,2966,380,0.1734,0.032,0.02558,-0.035,0.0116
2026-08-12 15:37:27,723.76,2026-08-12,730.0,0.05,0.06,0.02,37433,3893,0.217,0.039,0.02407,-0.055,0.0137
2026-08-12 15:37:27,723.76,2026-08-12,731.0,0.01,0.05,0.05,224,626,0.2213,0.0225,0.01495,-0.03,0.0087
2026-08-12 15:37:27,723.76,2026-08-12,732.0,0.01,0.02,0.03,974,558,0.2236,0.012,0.00864,-0.015,0.0051
2026-08-12 15:37:27,723.76,2026-08-12,733.0,0.03,0.04,0.02,948,515,0.2783,0.0211,0.01125,-0.035,0.0082
2026-08-12 15:37:27,723.76,2026-08-12,734.0,0,0.01,0.01,574,440,0.2568,0.0073,0.0049,-0.01,0.0033
2026-08-12 15:37:27,723.76,2026-08-12,735.0,0,0.03,0.01,4564,4149,0.2787,0.0068,0.00423,-0.01,0.0031
2026-08-12 15:37:27,723.76,2026-08-12,736.0,0,0.01,0.01,20,225,0.3003,0.0064,0.00369,-0.01,0.0029
2026-08-12 15:37:27,723.76,2026-08-12,737.0,0,0.01,0.01,80,750,0.3218,0.006,0.00326,-0.01,0.0027
2026-08-12 15:37:27,723.76,2026-08-12,738.0,0,0.03,0.01,1896,280,0.3431,0.0056,0.0029,-0.01,0.0026
2026-08-12 15:38:27,723.54,2026-08-12,709.0,14.64,16.23,9.91,44,914,0.8201,0.8687,0.0161,-0.895,0.0344
2026-08-12 15:38:27,723.54,2026-08-12,710.0,13.32,14.04,14.29,1,1083,0.4841,0.9605,0.01091,-0.14,0.0138
2026-08-12 15:38:27,723.54,2026-08-12,711.0,12.5,13.26,13.3,15,110,0.5588,0.9208,0.01636,-0.34,0.0238
2026-08-12 15:38:27,723.54,2026-08-12,712.0,11.55,11.89,12.32,3,175,0.4493,0.9464,0.01502,-0.18,0.0176
2026-08-12 15:38:27,723.54,2026-08-12,713.0,10.61,11.46,11.6,35,141,0.5446,0.888,0.02167,-0.495,0.0307
2026-08-12 15:38:27,723.54,2026-08-12,714.0,9.57,10.58,10.3,75,319,0.5194,0.8756,0.02447,-0.535,0.0331
2026-08-12 15:38:27,723.54,2026-08-12,715.0,8.42,8.97,8.7,23,1322,0.3417,0.9411,0.02128,-0.155,0.0189
2026-08-12 15:38:27,723.54,2026-08-12,716.0,7.48,7.92,7.66,12,571,0.3123,0.9345,0.0253,-0.16,0.0206
2026-08-12 15:38:27,723.54,2026-08-12,717.0,6.6,6.7,7.41,56,648,0.2547,0.9457,0.02678,-0.11,0.0178
2026-08-12 15:38:27,723.54,2026-08-12,718.0,5.52,5.72,5.8,989,351,0.2064,0.9532,0.02938,-0.08,0.0158
2026-08-12 15:38:27,723.54,2026-08-12,719.0,4.63,4.74,5,110,392,0.2064,0.9153,0.0466,-0.145,0.0251
2026-08-12 15:38:27,723.54,2026-08-12,720.0,3.8,3.99,3.99,461,1518,0.2317,0.8304,0.06757,-0.355,0.0408
2026-08-12 15:38:27,723.54,2026-08-12,721.0,2.96,3.05,3.06,1205,1317,0.212,0.7735,0.08797,-0.465,0.0486
2026-08-12 15:38:27,723.54,2026-08-12,722.0,2.27,2.28,2.25,5512,2460,0.2111,0.677,0.10536,-0.735,0.0579
2026-08-12 15:38:27,723.54,2026-08-12,723.0,1.58,1.59,1.59,2933,2517,0.2002,0.5692,0.12163,-1.045,0.0634
2026-08-12 15:38:27,723.54,2026-08-12,724.0,0.98,1.03,1,10882,1736,0.1885,0.4428,0.12975,-1.005,0.0637
2026-08-12 15:38:27,723.54,2026-08-12,725.0,0.57,0.58,0.61,65888,4262,0.1794,0.3099,0.12179,-0.575,0.0569
2026-08-12 15:38:27,723.54,2026-08-12,726.0,0.35,0.36,0.35,86519,971,0.1864,0.2092,0.0956,-0.355,0.0464
2026-08-12 15:38:27,723.54,2026-08-12,727.0,0.19,0.2,0.2,5150,1404,0.1878,0.1289,0.06938,-0.195,0.0339
2026-08-12 15:38:27,723.54,2026-08-12,728.0,0.11,0.12,0.12,1950,2306,0.1955,0.0805,0.04732,-0.115,0.0241
2026-08-12 15:38:27,723.54,2026-08-12,729.0,0.03,0.04,0.04,2969,380,0.1799,0.031,0.02409,-0.035,0.0113
2026-08-12 15:38:27,723.54,2026-08-12,730.0,0.05,0.06,0.02,37719,3893,0.2238,0.0381,0.02291,-0.055,0.0134
2026-08-12 15:38:27,723.54,2026-08-12,731.0,0.01,0.05,0.05,224,626,0.2276,0.022,0.0143,-0.03,0.0085
2026-08-12 15:38:27,723.54,2026-08-12,732.0,0.03,0.04,0.03,974,558,0.2591,0.0225,0.01279,-0.035,0.0086
2026-08-12 15:38:27,723.54,2026-08-12,733.0,0.03,0.04,0.02,948,515,0.2846,0.0207,0.01085,-0.035,0.008
2026-08-12 15:38:27,723.54,2026-08-12,734.0,0,0.01,0.01,574,440,0.2623,0.0072,0.00473,-0.01,0.0032
2026-08-12 15:38:27,723.54,2026-08-12,735.0,0,0.01,0.01,4564,4149,0.2842,0.0067,0.0041,-0.01,0.003
2026-08-12 15:38:27,723.54,2026-08-12,736.0,0,0.01,0.01,20,225,0.3059,0.0063,0.00359,-0.01,0.0029
2026-08-12 15:38:27,723.54,2026-08-12,737.0,0,0.03,0.01,80,750,0.3273,0.0059,0.00317,-0.01,0.0027
2026-08-12 15:38:27,723.54,2026-08-12,738.0,0,0.03,0.01,1896,280,0.3486,0.0056,0.00283,-0.01,0.0026
2026-08-12 15:39:28,723.58,2026-08-12,709.0,14.66,16.1,9.91,44,914,0.7949,0.877,0.01589,-0.8,0.0328
2026-08-12 15:39:28,723.58,2026-08-12,710.0,13.18,13.97,14.29,1,1083,,,,,
2026-08-12 15:39:28,723.58,2026-08-12,711.0,12.49,13.28,13.3,15,110,0.5461,0.9265,0.01584,-0.305,0.0225
2026-08-12 15:39:28,723.58,2026-08-12,712.0,11.58,12.14,12.32,3,175,0.5015,0.9268,0.0172,-0.28,0.0224
2026-08-12 15:39:28,723.58,2026-08-12,713.0,10.62,11.19,11.6,35,141,0.4864,0.9143,0.01998,-0.325,0.0252
2026-08-12 15:39:28,723.58,2026-08-12,714.0,9.63,10.02,10.3,75,319,0.4191,0.9244,0.02109,-0.245,0.0229
2026-08-12 15:39:28,723.58,2026-08-12,715.0,8.48,8.98,8.7,24,1322,0.3409,0.9427,0.02091,-0.15,0.0185
2026-08-12 15:39:28,723.58,2026-08-12,716.0,7.59,8.029,7.66,13,571,0.3448,0.916,0.02778,-0.2295,0.0249
2026-08-12 15:39:28,723.58,2026-08-12,717.0,6.5,6.84,6.74,61,648,0.2444,0.9541,0.02448,-0.09,0.0155
2026-08-12 15:39:28,723.58,2026-08-12,718.0,5.64,5.65,5.88,993,351,0.1978,0.9612,0.02636,-0.065,0.0135
2026-08-12 15:39:28,723.58,2026-08-12,719.0,4.6,4.9,4.9,156,392,0.2178,0.9059,0.04782,-0.17,0.027
2026-08-12 15:39:28,723.58,2026-08-12,720.0,3.77,3.83,3.85,507,1518,0.1977,0.8716,0.06586,-0.22,0.0338
2026-08-12 15:39:28,723.58,2026-08-12,721.0,2.87,2.98,2.98,1261,1317,0.1885,0.8046,0.0909,-0.345,0.0445
2026-08-12 15:39:28,723.58,2026-08-12,722.0,2.13,2.16,2.2,5610,2460,0.1838,0.7059,0.11638,-0.565,0.0555
2026-08-12 15:39:28,723.58,2026-08-12,723.0,1.48,1.53,1.56,3180,2517,0.1842,0.5803,0.13168,-0.925,0.063
2026-08-12 15:39:28,723.58,2026-08-12,724.0,0.97,0.99,0.99,11772,1736,0.1822,0.446,0.13468,-0.98,0.0637
2026-08-12 15:39:28,723.58,2026-08-12,725.0,0.58,0.59,0.6,68245,4262,0.1794,0.3143,0.12283,-0.585,0.0572
2026-08-12 15:39:28,723.58,2026-08-12,726.0,0.29,0.3,0.35,86920,971,0.1717,0.1932,0.09913,-0.295,0.0442
2026-08-12 15:39:28,723.58,2026-08-12,727.0,0.19,0.2,0.2,5636,1404,0.1867,0.1298,0.07027,-0.195,0.034
2026-08-12 15:39:28,723.58,2026-08-12,728.0,0.11,0.12,0.12,2231,2306,0.1946,0.0809,0.04785,-0.115,0.0242
2026-08-12 15:39:28,723.58,2026-08-12,729.0,0.03,0.08,0.04,3117,380,0.1945,0.0431,0.0292,-0.055,0.0147
2026-08-12 15:39:28,723.58,2026-08-12,730.0,0.05,0.06,0.06,37866,3893,0.2231,0.0382,0.02311,-0.055,0.0134
2026-08-12 15:39:28,723.58,2026-08-12,731.0,0.04,0.05,0.02,254,626,0.2425,0.0298,0.01734,-0.045,0.0109
2026-08-12 15:39:28,723.58,2026-08-12,732.0,0.03,0.04,0.03,985,558,0.2586,0.0226,0.01288,-0.035,0.0086
2026-08-12 15:39:28,723.58,2026-08-12,733.0,0.01,0.02,0.02,960,515,0.2522,0.0108,0.00703,-0.015,0.0046
2026-08-12 15:39:28,723.58,2026-08-12,734.0,0,0.03,0.01,574,440,0.262,0.0072,0.00476,-0.01,0.0032
2026-08-12 15:39:28,723.58,2026-08-12,735.0,0,0.01,0.01,4564,4149,0.2839,0.0067,0.00412,-0.01,0.003
2026-08-12 15:39:28,723.58,2026-08-12,736.0,0,0.01,0.01,20,225,0.3056,0.0063,0.00361,-0.01,0.0029
2026-08-12 15:39:28,723.58,2026-08-12,737.0,0,0.01,0.01,80,750,0.3271,0.0059,0.00319,-0.01,0.0027
2026-08-12 15:39:28,723.58,2026-08-12,738.0,0,0.03,0.01,1896,280,0.3484,0.0056,0.00284,-0.01,0.0026
2026-08-12 15:40:29,723.13,2026-08-12,709.0,13.81,15.85,9.91,44,914,0.7485,0.8842,0.01622,-0.7,0.0313
2026-08-12 15:40:29,723.13,2026-08-12,710.0,12.91,14.63,14.29,1,1083,0.6913,0.8853,0.01744,-0.64,0.0311
2026-08-12 15:40:29,723.13,2026-08-12,711.0,11.1,14.2,13.3,15,110,0.6144,0.8939,0.01856,-0.52,0.0294
2026-08-12 15:40:29,723.13,2026-08-12,712.0,10.96,12.23,12.32,3,175,0.5588,0.8956,0.02016,-0.465,0.0291
2026-08-12 15:40:29,723.13,2026-08-12,713.0,9.89,11.58,11.6,35,141,0.5655,0.8709,0.02317,-0.605,0.0338
2026-08-12 15:40:29,723.13,2026-08-12,714.0,9.18,10.48,10.3,75,319,0.5525,0.8515,0.02609,-0.7,0.0372
2026-08-12 15:40:29,723.13,2026-08-12,715.0,7.98,9.07,8.65,28,1322,0.4245,0.886,0.02828,-0.395,0.031
2026-08-12 15:40:29,723.13,2026-08-12,716.0,7.23,7.78,7.8,14,571,0.3806,0.8807,0.03258,-0.375,0.032
2026-08-12 15:40:29,723.13,2026-08-12,717.0,6.01,6.49,6.64,62,648,0.2484,0.9393,0.03012,-0.12,0.0193
2026-08-12 15:40:29,723.13,2026-08-12,718.0,5.25,5.44,5.46,1007,351,0.2542,0.8975,0.04377,-0.215,0.0287
2026-08-12 15:40:29,723.13,2026-08-12,719.0,4.3,4.51,4.37,174,392,0.2355,0.8646,0.0575,-0.275,0.035
2026-08-12 15:40:29,723.13,2026-08-12,720.0,3.53,3.57,3.53,519,1518,0.2303,0.8036,0.07484,-0.42,0.0445
2026-08-12 15:40:29,723.13,2026-08-12,721.0,2.69,2.74,2.71,1301,1317,0.2166,0.7323,0.09461,-0.585,0.0529
2026-08-12 15:40:29,723.13,2026-08-12,722.0,1.9,1.98,1.92,5650,2460,0.2009,0.6395,0.11592,-0.81,0.0601
2026-08-12 15:40:29,723.13,2026-08-12,723.0,1.33,1.35,1.3,3655,2517,0.1975,0.5191,0.12556,-1.21,0.064
2026-08-12 15:40:29,723.13,2026-08-12,724.0,0.84,0.85,0.85,12650,1736,0.191,0.3912,0.12512,-0.845,0.0617
2026-08-12 15:40:29,723.13,2026-08-12,725.0,0.46,0.51,0.51,69113,4262,0.1853,0.2676,0.11056,-0.485,0.0529
2026-08-12 15:40:29,723.13,2026-08-12,726.0,0.28,0.29,0.29,87166,971,0.189,0.1747,0.08477,-0.285,0.0414
2026-08-12 15:40:29,723.13,2026-08-12,727.0,0.12,0.13,0.17,7324,1404,0.1804,0.0927,0.05726,-0.125,0.0267
2026-08-12 15:40:29,723.13,2026-08-12,728.0,0.06,0.11,0.11,2421,2306,0.1959,0.0624,0.03902,-0.085,0.0197
2026-08-12 15:40:29,723.13,2026-08-12,729.0,0.03,0.08,0.08,3142,380,0.208,0.0407,0.02616,-0.055,0.0141
2026-08-12 15:40:29,723.13,2026-08-12,730.0,0.05,0.06,0.06,37982,3893,0.2364,0.0364,0.02103,-0.055,0.0128
2026-08-12 15:40:29,723.13,2026-08-12,731.0,0.04,0.05,0.04,262,626,0.2552,0.0286,0.01594,-0.045,0.0105
2026-08-12 15:40:29,723.13,2026-08-12,732.0,0.01,0.04,0.03,988,558,0.2575,0.0168,0.01011,-0.025,0.0067
2026-08-12 15:40:29,723.13,2026-08-12,733.0,0.01,0.04,0.02,976,515,0.2821,0.0155,0.00861,-0.025,0.0063
2026-08-12 15:40:29,723.13,2026-08-12,734.0,0,0.01,0.01,580,440,0.2726,0.007,0.00445,-0.01,0.0031
2026-08-12 15:40:29,723.13,2026-08-12,735.0,0,0.03,0.01,4574,4149,0.2944,0.0065,0.00387,-0.01,0.0029
2026-08-12 15:40:29,723.13,2026-08-12,736.0,0,0.03,0.01,27,225,0.3161,0.0061,0.00341,-0.01,0.0028
2026-08-12 15:40:29,723.13,2026-08-12,737.0,0,0.01,0.01,80,750,0.3376,0.0058,0.00303,-0.01,0.0026
2026-08-12 15:40:29,723.13,2026-08-12,738.0,0,0.03,0.01,1896,280,0.3589,0.0055,0.00271,-0.01,0.0025
2026-08-12 15:41:29,722.95,2026-08-12,708.0,14.87,16.61,10.81,123,213,0.8099,0.8797,0.01543,-0.79,0.0321
2026-08-12 15:41:29,722.95,2026-08-12,709.0,13.86,15.6,9.91,44,914,0.7681,0.8757,0.01665,-0.78,0.0329
2026-08-12 15:41:29,722.95,2026-08-12,710.0,12.62,14.66,14.29,1,1083,0.7018,0.8791,0.01787,-0.69,0.0322
2026-08-12 15:41:29,722.95,2026-08-12,711.0,11.98,14,13.3,15,110,0.7598,0.8411,0.01989,-1.04,0.0388
2026-08-12 15:41:29,722.95,2026-08-12,712.0,10.67,12.42,12.32,3,175,0.5955,0.8778,0.02123,-0.595,0.0325
2026-08-12 15:41:29,722.95,2026-08-12,713.0,10.05,11.38,11.6,35,141,0.6046,0.8512,0.02392,-0.765,0.0372
2026-08-12 15:41:29,722.95,2026-08-12,714.0,8.85,10.13,10.3,75,319,0.5015,0.8702,0.02628,-0.54,0.0339
2026-08-12 15:41:29,722.95,2026-08-12,715.0,8.08,8.93,8.6,30,1322,0.4663,0.8591,0.0299,-0.555,0.0358
2026-08-12 15:41:29,722.95,2026-08-12,716.0,7,7.91,7.6,14,571,0.4124,0.8561,0.03429,-0.505,0.0364
2026-08-12 15:41:29,722.95,2026-08-12,717.0,6.08,6.16,6.31,65,648,0.2663,0.9201,0.03478,-0.17,0.0238
2026-08-12 15:41:29,722.95,2026-08-12,718.0,5.1,5.29,5.23,1011,351,0.2582,0.8862,0.04655,-0.245,0.0309
2026-08-12 15:41:29,722.95,2026-08-12,719.0,4.2,4.21,4.47,176,392,0.2233,0.8672,0.05997,-0.255,0.0344
2026-08-12 15:41:29,722.95,2026-08-12,720.0,3.27,3.37,3.42,639,1518,0.2115,0.8102,0.07998,-0.37,0.0435
2026-08-12 15:41:29,722.95,2026-08-12,721.0,2.52,2.56,2.59,1313,1317,0.2087,0.7225,0.10014,-0.59,0.0537
2026-08-12 15:41:29,722.95,2026-08-12,722.0,1.8,1.83,1.83,5704,2460,0.1994,0.6196,0.11913,-0.865,0.0611
2026-08-12 15:41:29,722.95,2026-08-12,723.0,1.19,1.24,1.23,3828,2517,0.1927,0.4964,0.12915,-1.215,0.064
2026-08-12 15:41:29,722.95,2026-08-12,724.0,0.76,0.77,0.74,13232,1736,0.1895,0.3676,0.12402,-0.765,0.0604
2026-08-12 15:41:29,722.95,2026-08-12,725.0,0.45,0.46,0.42,69867,4262,0.1889,0.2518,0.10533,-0.455,0.0511
2026-08-12 15:41:29,722.95,2026-08-12,726.0,0.26,0.27,0.27,87327,971,0.192,0.1631,0.08005,-0.265,0.0395
2026-08-12 15:41:29,722.95,2026-08-12,727.0,0.12,0.13,0.13,7474,1404,0.187,0.0901,0.05422,-0.125,0.0261
2026-08-12 15:41:29,722.95,2026-08-12,728.0,0.06,0.11,0.11,2523,2306,0.202,0.0609,0.03722,-0.085,0.0193
2026-08-12 15:41:29,722.95,2026-08-12,729.0,0.07,0.08,0.08,3278,380,0.2269,0.0495,0.02813,-0.075,0.0164
2026-08-12 15:41:29,722.95,2026-08-12,730.0,0.01,0.06,0.02,38097,3893,0.2239,0.0257,0.01668,-0.035,0.0096
2026-08-12 15:41:29,722.95,2026-08-12,731.0,0.04,0.05,0.04,262,626,0.2606,0.0281,0.01543,-0.045,0.0103
2026-08-12 15:41:29,722.95,2026-08-12,732.0,0.01,0.04,0.02,1002,558,0.2625,0.0166,0.00981,-0.025,0.0066
2026-08-12 15:41:29,722.95,2026-08-12,733.0,0.03,0.04,0.03,986,515,0.3015,0.0198,0.00993,-0.035,0.0077
2026-08-12 15:41:29,722.95,2026-08-12,734.0,0,0.01,0.01,580,440,0.2771,0.0069,0.00434,-0.01,0.0031
2026-08-12 15:41:29,722.95,2026-08-12,735.0,0,0.01,0.01,4577,4149,0.299,0.0065,0.00378,-0.01,0.0029
2026-08-12 15:41:29,722.95,2026-08-12,736.0,0,0.01,0.01,27,225,0.3207,0.0061,0.00333,-0.01,0.0027
2026-08-12 15:41:29,722.95,2026-08-12,737.0,0,0.03,0.01,80,750,0.3422,0.0057,0.00296,-0.01,0.0026
2026-08-12 15:42:30,723.23,2026-08-12,709.0,14.37,15.82,9.91,44,914,0.8058,0.8696,0.01644,-0.865,0.0339
2026-08-12 15:42:30,723.23,2026-08-12,710.0,13.3,14.66,14.29,1,1083,0.7322,0.8746,0.0176,-0.75,0.033
2026-08-12 15:42:30,723.23,2026-08-12,711.0,11.64,13.96,13.3,15,110,0.6372,0.8883,0.01863,-0.57,0.0304
2026-08-12 15:42:30,723.23,2026-08-12,712.0,10.69,12.36,12.32,3,175,0.4995,0.9226,0.01813,-0.295,0.0232
2026-08-12 15:42:30,723.23,2026-08-12,713.0,10.23,11.48,11.6,35,141,0.5775,0.8692,0.02298,-0.625,0.034
2026-08-12 15:42:30,723.23,2026-08-12,714.0,8.84,10.13,10.3,75,319,0.4143,0.9204,0.02234,-0.255,0.0237
2026-08-12 15:42:30,723.23,2026-08-12,715.0,8.14,9.14,8.77,30,1322,0.4347,0.8842,0.02802,-0.41,0.0312
2026-08-12 15:42:30,723.23,2026-08-12,716.0,7.1,7.65,7.6,14,571,0.2975,0.9373,0.0259,-0.145,0.0197
2026-08-12 15:42:30,723.23,2026-08-12,717.0,6.3,6.58,6.2,66,648,0.2925,0.9104,0.03458,-0.21,0.0259
2026-08-12 15:42:30,723.23,2026-08-12,718.0,5.39,5.61,5.37,1012,351,0.2771,0.8829,0.04431,-0.27,0.0315
2026-08-12 15:42:30,723.23,2026-08-12,719.0,4.45,4.52,4.62,177,392,0.2345,0.8722,0.05569,-0.255,0.0335
2026-08-12 15:42:30,723.23,2026-08-12,720.0,3.65,3.68,3.53,647,1518,0.239,0.8031,0.07249,-0.435,0.0444
2026-08-12 15:42:30,723.23,2026-08-12,721.0,2.8,2.87,2.84,1336,1317,0.2263,0.7334,0.09068,-0.605,0.0526
2026-08-12 15:42:30,723.23,2026-08-12,722.0,2.009,2.029,1.99,5764,2460,0.2042,0.6493,0.1134,-0.789,0.0593
2026-08-12 15:42:30,723.23,2026-08-12,723.0,1.37,1.38,1.38,4039,2517,0.1955,0.5321,0.12704,-1.145,0.0637
2026-08-12 15:42:30,723.23,2026-08-12,724.0,0.89,0.91,0.91,13873,1736,0.1942,0.405,0.12465,-0.9,0.062
2026-08-12 15:42:30,723.23,2026-08-12,725.0,0.48,0.49,0.47,70617,4262,0.1809,0.2732,0.11484,-0.485,0.0532
2026-08-12 15:42:30,723.23,2026-08-12,726.0,0.25,0.3,0.3,87448,971,0.1831,0.1747,0.08783,-0.275,0.0412
2026-08-12 15:42:30,723.23,2026-08-12,727.0,0.17,0.18,0.14,7871,1404,0.1948,0.1153,0.06236,-0.175,0.0311
2026-08-12 15:42:30,723.23,2026-08-12,728.0,0.06,0.07,0.11,2884,2306,0.1827,0.0528,0.03682,-0.065,0.0172
2026-08-12 15:42:30,723.23,2026-08-12,729.0,0.07,0.08,0.08,3291,380,0.2188,0.0511,0.02998,-0.075,0.0168
2026-08-12 15:42:30,723.23,2026-08-12,730.0,0.05,0.06,0.06,38167,3893,0.2344,0.0368,0.02146,-0.055,0.0129
2026-08-12 15:42:30,723.23,2026-08-12,731.0,0.01,0.02,0.02,320,626,0.2149,0.0126,0.00945,-0.015,0.0052
2026-08-12 15:42:30,723.23,2026-08-12,732.0,0.01,0.02,0.03,1002,558,0.2386,0.0114,0.00784,-0.015,0.0048
2026-08-12 15:42:30,723.23,2026-08-12,733.0,0.03,0.04,0.02,1000,515,0.2949,0.0202,0.01035,-0.035,0.0078
2026-08-12 15:42:30,723.23,2026-08-12,734.0,0,0.03,0.01,580,440,0.2714,0.0071,0.00452,-0.01,0.0031
2026-08-12 15:42:30,723.23,2026-08-12,735.0,0,0.03,0.01,4729,4149,0.2934,0.0066,0.00393,-0.01,0.003
2026-08-12 15:42:30,723.23,2026-08-12,736.0,0,0.03,0.01,30,225,0.3151,0.0062,0.00345,-0.01,0.0028
2026-08-12 15:42:30,723.23,2026-08-12,737.0,0,0.01,0.01,80,750,0.3367,0.0058,0.00306,-0.01,0.0026
2026-08-12 15:42:30,723.23,2026-08-12,738.0,0,0.01,0.01,1896,280,0.3581,0.0055,0.00274,-0.01,0.0025
2026-08-12 15:43:30,723.4,2026-08-12,709.0,14.32,16.03,9.91,44,914,0.7867,0.8784,0.01606,-0.775,0.0323
2026-08-12 15:43:30,723.4,2026-08-12,710.0,13.38,14.95,14.29,1,1083,0.7446,0.8741,0.01738,-0.765,0.0331
2026-08-12 15:43:30,723.4,2026-08-12,711.0,11.92,13.86,13.3,15,110,0.6173,0.8991,0.01791,-0.49,0.0282
2026-08-12 15:43:30,723.4,2026-08-12,712.0,11.2,11.66,12.32,3,175,0.3057,0.9908,0.00506,-0.03,0.0039
2026-08-12 15:43:30,723.4,2026-08-12,713.0,10.42,11.6,11.6,35,141,0.5807,0.8722,0.02253,-0.61,0.0334
2026-08-12 15:43:30,723.4,2026-08-12,714.0,8.89,10.35,10.3,75,319,0.4053,0.9289,0.02098,-0.22,0.0217
2026-08-12 15:43:30,723.4,2026-08-12,715.0,7.97,9.13,8.77,30,1322,0.3381,0.9418,0.02152,-0.15,0.0186
2026-08-12 15:43:30,723.4,2026-08-12,716.0,7.42,7.62,7.6,14,571,0.2899,0.9465,0.02349,-0.12,0.0174
2026-08-12 15:43:30,723.4,2026-08-12,717.0,6.33,6.63,6.57,66,648,0.2344,0.9575,0.02415,-0.08,0.0145
2026-08-12 15:43:30,723.4,2026-08-12,718.0,5.36,5.64,5.53,1014,351,0.2161,0.9426,0.03334,-0.1,0.0184
2026-08-12 15:43:30,723.4,2026-08-12,719.0,4.55,4.67,4.62,177,392,0.2272,0.8892,0.05206,-0.21,0.0302
2026-08-12 15:43:30,723.4,2026-08-12,720.0,3.63,3.82,3.61,648,1518,0.2207,0.8347,0.07046,-0.325,0.0397
2026-08-12 15:43:30,723.4,2026-08-12,721.0,2.88,2.91,2.83,1361,1317,0.2136,0.7615,0.09076,-0.495,0.0495
2026-08-12 15:43:30,723.4,2026-08-12,722.0,2.1,2.12,2.06,5776,2460,0.201,0.6712,0.1126,-0.71,0.0578
2026-08-12 15:43:30,723.4,2026-08-12,723.0,1.43,1.46,1.46,4231,2517,0.1924,0.5546,0.12854,-1.045,0.0632
2026-08-12 15:43:30,723.4,2026-08-12,724.0,0.91,0.92,0.92,14328,1736,0.1857,0.4227,0.13189,-0.915,0.0626
2026-08-12 15:43:30,723.4,2026-08-12,725.0,0.53,0.54,0.5,71003,4262,0.1816,0.2934,0.11859,-0.535,0.055
2026-08-12 15:43:30,723.4,2026-08-12,726.0,0.29,0.3,0.3,87671,971,0.1809,0.1866,0.09282,-0.295,0.0429
2026-08-12 15:43:30,723.4,2026-08-12,727.0,0.13,0.14,0.14,8119,1404,0.1755,0.1015,0.06326,-0.135,0.0284
2026-08-12 15:43:30,723.4,2026-08-12,728.0,0.06,0.07,0.07,2953,2306,0.1778,0.0541,0.03865,-0.065,0.0176
2026-08-12 15:43:30,723.4,2026-08-12,729.0,0.03,0.08,0.08,3355,380,0.2013,0.0421,0.02791,-0.055,0.0144
2026-08-12 15:43:30,723.4,2026-08-12,730.0,0.05,0.06,0.06,38225,3893,0.23,0.0375,0.02224,-0.055,0.0131
2026-08-12 15:43:30,723.4,2026-08-12,731.0,0.01,0.05,0.04,323,626,0.2335,0.0217,0.01391,-0.03,0.0083
2026-08-12 15:43:30,723.4,2026-08-12,732.0,0.01,0.04,0.03,1002,558,0.2522,0.0172,0.01058,-0.025,0.0068
2026-08-12 15:43:30,723.4,2026-08-12,733.0,0.03,0.04,0.03,1010,515,0.2911,0.0205,0.01062,-0.035,0.0079
2026-08-12 15:43:30,723.4,2026-08-12,734.0,0,0.01,0.01,580,440,0.2681,0.0071,0.00463,-0.01,0.0032
2026-08-12 15:43:30,723.4,2026-08-12,735.0,0,0.01,0.01,4738,4149,0.2901,0.0067,0.00402,-0.01,0.003
2026-08-12 15:43:30,723.4,2026-08-12,736.0,0,0.03,0.01,46,225,0.312,0.0062,0.00352,-0.01,0.0028
2026-08-12 15:43:30,723.4,2026-08-12,737.0,0,0.03,0.01,80,750,0.3336,0.0059,0.00312,-0.01,0.0027
2026-08-12 15:43:30,723.4,2026-08-12,738.0,0,0.01,0.01,1896,280,0.3551,0.0055,0.00279,-0.01,0.0025
2026-08-12 15:44:30,723.39,2026-08-12,709.0,14.12,15.72,9.91,44,914,0.7057,0.9033,0.01522,-0.53,0.0273
2026-08-12 15:44:30,723.39,2026-08-12,710.0,13.16,14.92,14.29,1,1083,0.7097,0.8855,0.01709,-0.65,0.0309
2026-08-12 15:44:30,723.39,2026-08-12,711.0,11.72,14.04,13.3,16,110,0.6182,0.899,0.01793,-0.49,0.0282
2026-08-12 15:44:30,723.39,2026-08-12,712.0,11.43,11.64,12.32,3,175,0.4289,0.954,0.0141,-0.145,0.0154
2026-08-12 15:44:30,723.39,2026-08-12,713.0,10.46,11.52,11.6,35,141,0.5785,0.8733,0.02252,-0.6,0.0331
2026-08-12 15:44:30,723.39,2026-08-12,714.0,8.81,10.39,10.3,75,319,0.4011,0.9311,0.02073,-0.21,0.0212
2026-08-12 15:44:30,723.39,2026-08-12,715.0,8.15,8.92,8.77,30,1322,0.3358,0.9432,0.0213,-0.145,0.0182
2026-08-12 15:44:30,723.39,2026-08-12,716.0,7.43,7.44,7.6,15,571,0.2317,0.9781,0.01412,-0.045,0.0083
2026-08-12 15:44:30,723.39,2026-08-12,717.0,6.43,6.53,6.62,67,648,0.2413,0.953,0.02551,-0.09,0.0157
2026-08-12 15:44:30,723.39,2026-08-12,718.0,5.39,5.49,5.62,1016,351,0.1823,0.9691,0.02398,-0.05,0.0111
2026-08-12 15:44:30,723.39,2026-08-12,719.0,4.51,4.64,4.62,181,392,0.2187,0.8978,0.05112,-0.185,0.0284
2026-08-12 15:44:30,723.39,2026-08-12,720.0,3.54,3.74,3.73,653,1518,0.2009,0.8571,0.07043,-0.25,0.036
2026-08-12 15:44:30,723.39,2026-08-12,721.0,2.81,2.84,2.75,1426,1317,0.2013,0.7742,0.09362,-0.435,0.0479
2026-08-12 15:44:30,723.39,2026-08-12,722.0,2,2.06,2.029,5816,2460,0.1886,0.6807,0.11879,-0.64,0.057
2026-08-12 15:44:30,723.39,2026-08-12,723.0,1.4,1.41,1.37,5166,2517,0.1873,0.5548,0.13228,-1.015,0.063
2026-08-12 15:44:30,723.39,2026-08-12,724.0,0.87,0.88,0.88,15593,1736,0.1804,0.4189,0.13582,-0.875,0.0623
2026-08-12 15:44:30,723.39,2026-08-12,725.0,0.46,0.48,0.52,71821,4262,0.1705,0.2797,0.12369,-0.47,0.0537
2026-08-12 15:44:30,723.39,2026-08-12,726.0,0.28,0.29,0.29,89372,971,0.1794,0.1832,0.09272,-0.285,0.0423
2026-08-12 15:44:30,723.39,2026-08-12,727.0,0.16,0.17,0.17,8276,1404,0.1864,0.1142,0.06499,-0.165,0.0308
2026-08-12 15:44:30,723.39,2026-08-12,728.0,0.1,0.11,0.11,4097,2306,0.1985,0.0743,0.04439,-0.105,0.0224
2026-08-12 15:44:30,723.39,2026-08-12,729.0,0.07,0.08,0.04,3369,380,0.2148,0.0521,0.03112,-0.075,0.017
2026-08-12 15:44:30,723.39,2026-08-12,730.0,0.05,0.06,0.06,38313,3893,0.2308,0.0375,0.02219,-0.055,0.013
2026-08-12 15:44:30,723.39,2026-08-12,731.0,0.04,0.05,0.04,357,626,0.2501,0.0293,0.01672,-0.045,0.0106
2026-08-12 15:44:30,723.39,2026-08-12,732.0,0.01,0.04,0.03,1010,558,0.253,0.0172,0.01057,-0.025,0.0068
2026-08-12 15:44:30,723.39,2026-08-12,733.0,0.01,0.04,0.02,1020,515,0.2778,0.0158,0.00896,-0.025,0.0063
2026-08-12 15:44:30,723.39,2026-08-12,734.0,0,0.01,0.01,610,440,0.2688,0.0071,0.00463,-0.01,0.0032
2026-08-12 15:44:30,723.39,2026-08-12,735.0,0,0.01,0.01,4738,4149,0.2909,0.0066,0.00401,-0.01,0.003
2026-08-12 15:44:30,723.39,2026-08-12,736.0,0,0.03,0.01,52,225,0.3128,0.0062,0.00352,-0.01,0.0028
2026-08-12 15:44:30,723.39,2026-08-12,737.0,0,0.01,0.01,80,750,0.3345,0.0059,0.00312,-0.01,0.0027
2026-08-12 15:44:30,723.39,2026-08-12,738.0,0,0.03,0.01,1896,280,0.356,0.0055,0.00279,-0.01,0.0025
