run_time,spot,expiration,strike,bid,ask,last,volume,open_interest,iv,delta,gamma,theta,vega
2026-08-21 19:15:13,713.3,2026-08-21,707.0,6.28,6.5,6.44,3380,861,0.5884,0.9493,0.02692,-0.085,0.0069
2026-08-21 19:15:13,713.3,2026-08-21,708.0,5.14,5.34,5.51,6201,646,,,,,
2026-08-21 19:15:13,713.3,2026-08-21,709.0,4.3,4.31,4.45,15227,1134,,,,,
2026-08-21 19:15:13,713.3,2026-08-21,710.0,3.32,3.37,3.32,131945,17785,0.2991,0.954,0.049,-0.04,0.0064
2026-08-21 19:15:13,713.3,2026-08-21,711.0,2.24,2.33,2.34,126991,810,,,,,
2026-08-21 19:15:13,713.3,2026-08-21,712.0,1.37,1.41,1.4,254782,1268,0.1813,0.8638,0.18305,-0.085,0.0144
2026-08-21 19:15:13,713.3,2026-08-21,712.5,0.97,1,1,118997,442,0.1814,0.7509,0.26555,-0.18,0.0209
2026-08-21 19:15:13,713.3,2026-08-21,713.0,0.59,0.61,0.61,350740,765,0.1633,0.6129,0.35615,-0.295,0.0252
2026-08-21 19:15:13,713.3,2026-08-21,714.0,0.17,0.22,0.22,402523,1413,0.1754,0.2747,0.28887,-0.195,0.022
2026-08-21 19:15:13,713.3,2026-08-21,715.0,0.04,0.05,0.05,366478,8004,0.1841,0.0817,0.12459,-0.045,0.0099
2026-08-21 19:15:13,713.3,2026-08-21,716.0,0.04,0.05,0.05,168696,5826,0.2629,0.0604,0.06917,-0.045,0.0079
2026-08-21 19:15:13,713.3,2026-08-21,717.0,0.01,0.02,0.02,111001,6840,0.2778,0.0221,0.02879,-0.015,0.0035
2026-08-21 19:15:13,713.3,2026-08-21,717.5,0.01,0.04,0.02,18407,1907,0.3356,0.0293,0.03024,-0.025,0.0044
2026-08-21 19:15:13,713.3,2026-08-21,718.0,0.03,0.04,0.03,30832,6599,0.3903,0.0345,0.02973,-0.035,0.005
2026-08-21 19:15:13,713.3,2026-08-21,719.0,0.01,0.02,0.03,27828,3930,0.4009,0.0159,0.01511,-0.015,0.0026
2026-08-21 19:15:13,713.3,2026-08-21,720.0,0.03,0.04,0.02,43559,21971,0.5231,0.0267,0.01793,-0.035,0.0041
2026-08-21 19:16:14,713.2,2026-08-21,707.0,6.02,6.22,6.44,3380,861,,,,,
2026-08-21 19:16:14,713.2,2026-08-21,708.0,5.05,5.3,5.29,6201,646,,,,,
2026-08-21 19:16:14,713.2,2026-08-21,709.0,4.13,4.28,4.34,15231,1134,0.2502,0.9952,0.00856,-0.005,0.0009
2026-08-21 19:16:14,713.2,2026-08-21,710.0,3.07,3.26,3.21,131964,17785,,,,,
2026-08-21 19:16:14,713.2,2026-08-21,711.0,2.15,2.28,2.32,127032,810,0.1776,0.9719,0.05572,-0.015,0.0042
2026-08-21 19:16:14,713.2,2026-08-21,712.0,1.24,1.26,1.26,254912,1268,0.1469,0.8961,0.18878,-0.05,0.0117
2026-08-21 19:16:14,713.2,2026-08-21,712.5,0.83,0.85,0.89,119156,442,0.1514,0.7625,0.31382,-0.14,0.0201
2026-08-21 19:16:14,713.2,2026-08-21,713.0,0.49,0.55,0.55,352449,765,0.1583,0.5783,0.37989,-0.32,0.0255
2026-08-21 19:16:14,713.2,2026-08-21,714.0,0.18,0.19,0.19,408874,1413,0.1858,0.2551,0.26572,-0.185,0.0209
2026-08-21 19:16:14,713.2,2026-08-21,715.0,0.07,0.08,0.08,368420,8004,0.2226,0.1078,0.12794,-0.075,0.0121
2026-08-21 19:16:14,713.2,2026-08-21,716.0,0.01,0.02,0.05,168876,5826,0.2228,0.0271,0.04315,-0.015,0.0041
2026-08-21 19:16:14,713.2,2026-08-21,717.0,0.03,0.04,0.02,111150,6840,0.3324,0.0401,0.03993,-0.035,0.0056
2026-08-21 19:16:14,713.2,2026-08-21,717.5,0.03,0.04,0.02,18431,1907,0.3676,0.0368,0.03363,-0.035,0.0052
2026-08-21 19:16:14,713.2,2026-08-21,718.0,0.01,0.02,0.02,30873,6599,0.3507,0.0181,0.01953,-0.015,0.0029
2026-08-21 19:16:14,713.2,2026-08-21,719.0,0.01,0.02,0.01,27854,3930,0.412,0.0157,0.0147,-0.015,0.0026
2026-08-21 19:16:14,713.2,2026-08-21,720.0,0.03,0.04,0.02,43597,21971,0.5362,0.0264,0.01753,-0.035,0.004
2026-08-21 19:17:15,713.2,2026-08-21,707.0,6.14,6.34,6.44,3388,861,0.5241,0.9678,0.02141,-0.045,0.0046
2026-08-21 19:17:15,713.2,2026-08-21,708.0,5.02,5.35,5.29,6201,646,,,,,
2026-08-21 19:17:15,713.2,2026-08-21,709.0,4.019,4.24,4.34,15233,1134,,,,,
2026-08-21 19:17:15,713.2,2026-08-21,710.0,3.16,3.19,3.19,131981,17785,,,,,
2026-08-21 19:17:15,713.2,2026-08-21,711.0,2.15,2.28,2.32,127054,810,0.1903,0.964,0.0646,-0.02,0.0051
2026-08-21 19:17:15,713.2,2026-08-21,712.0,1.28,1.31,1.36,255329,1268,0.1849,0.8434,0.20171,-0.1,0.0154
2026-08-21 19:17:15,713.2,2026-08-21,712.5,0.88,0.95,0.94,119468,442,0.1908,0.7156,0.27648,-0.22,0.0218
2026-08-21 19:17:15,713.2,2026-08-21,713.0,0.58,0.59,0.59,353852,765,0.187,0.5655,0.32718,-0.39,0.0253
2026-08-21 19:17:15,713.2,2026-08-21,714.0,0.19,0.2,0.2,413028,1413,0.1934,0.2598,0.26069,-0.195,0.0209
2026-08-21 19:17:15,713.2,2026-08-21,715.0,0.03,0.04,0.04,370018,8004,0.1864,0.0666,0.10787,-0.035,0.0083
2026-08-21 19:17:15,713.2,2026-08-21,716.0,0.04,0.05,0.02,169132,5826,0.2777,0.0588,0.06565,-0.045,0.0075
2026-08-21 19:17:15,713.2,2026-08-21,717.0,0.03,0.04,0.03,111263,6840,0.3367,0.0401,0.03986,-0.035,0.0056
2026-08-21 19:17:15,713.2,2026-08-21,717.5,0.01,0.04,0.02,18448,1907,0.351,0.0288,0.02913,-0.025,0.0042
2026-08-21 19:17:15,713.2,2026-08-21,718.0,0.01,0.02,0.03,30927,6599,0.3551,0.0181,0.0195,-0.015,0.0029
2026-08-21 19:17:15,713.2,2026-08-21,719.0,0.03,0.04,0.02,27907,3930,0.4759,0.0296,0.02201,-0.035,0.0043
2026-08-21 19:17:15,713.2,2026-08-21,720.0,0.01,0.02,0.01,43681,21971,0.478,0.0139,0.01154,-0.015,0.0023
2026-08-21 19:18:16,713.25,2026-08-21,707.0,6.08,6.37,6.48,3388,861,,,,,
2026-08-21 19:18:16,713.25,2026-08-21,708.0,5.28,5.49,5.29,6201,646,0.5873,0.9215,0.03927,-0.135,0.0093
2026-08-21 19:18:16,713.25,2026-08-21,709.0,4.26,4.45,4.38,15233,1134,0.47,0.9237,0.04803,-0.105,0.0091
2026-08-21 19:18:16,713.25,2026-08-21,710.0,3.24,3.41,3.28,133958,17785,0.3526,0.9274,0.06165,-0.075,0.0088
2026-08-21 19:18:16,713.25,2026-08-21,711.0,2.39,2.45,2.43,127076,810,0.3417,0.851,0.10693,-0.17,0.0148
2026-08-21 19:18:16,713.25,2026-08-21,712.0,1.35,1.53,1.46,255411,1268,0.2462,0.7888,0.18481,-0.19,0.0184
2026-08-21 19:18:16,713.25,2026-08-21,712.5,1.05,1.07,1.07,119586,442,0.2414,0.6886,0.23047,-0.31,0.0225
2026-08-21 19:18:16,713.25,2026-08-21,713.0,0.69,0.7,0.7,354524,765,0.2208,0.5718,0.27967,-0.445,0.0249
2026-08-21 19:18:16,713.25,2026-08-21,714.0,0.19,0.2,0.2,416438,1413,0.1888,0.267,0.27408,-0.195,0.0209
2026-08-21 19:18:16,713.25,2026-08-21,715.0,0.07,0.08,0.08,370951,8004,0.2234,0.1096,0.13212,-0.075,0.0119
2026-08-21 19:18:16,713.25,2026-08-21,716.0,0.04,0.05,0.04,169311,5826,0.2767,0.0596,0.06737,-0.045,0.0075
2026-08-21 19:18:16,713.25,2026-08-21,717.0,0.03,0.04,0.03,111361,6840,0.3368,0.0405,0.04066,-0.035,0.0055
2026-08-21 19:18:16,713.25,2026-08-21,717.5,0.01,0.02,0.03,18488,1907,0.3239,0.0199,0.02341,-0.015,0.0031
2026-08-21 19:18:16,713.25,2026-08-21,718.0,0.01,0.02,0.03,30931,6599,0.3559,0.0183,0.01984,-0.015,0.0029
2026-08-21 19:18:16,713.25,2026-08-21,719.0,0.01,0.02,0.01,27909,3930,0.4188,0.0158,0.01489,-0.015,0.0025
2026-08-21 19:18:16,713.25,2026-08-21,720.0,0.01,0.04,0.01,43723,21971,0.5174,0.0207,0.01514,-0.025,0.0032
2026-08-21 19:19:17,713.46,2026-08-21,707.0,6.33,6.61,6.48,3388,861,0.4616,0.9875,0.0112,-0.015,0.002
2026-08-21 19:19:17,713.46,2026-08-21,708.0,5.29,5.55,5.29,6201,646,,,,,
2026-08-21 19:19:17,713.46,2026-08-21,709.0,4.25,4.53,4.38,15233,1134,,,,,
2026-08-21 19:19:17,713.46,2026-08-21,710.0,3.35,3.52,3.49,133961,17785,,,,,
2026-08-21 19:19:17,713.46,2026-08-21,711.0,2.43,2.52,2.6,127116,810,0.2139,0.9666,0.05531,-0.02,0.0047
2026-08-21 19:19:17,713.46,2026-08-21,712.0,1.52,1.53,1.58,255742,1268,0.1932,0.8856,0.15941,-0.07,0.0121
2026-08-21 19:19:17,713.46,2026-08-21,712.5,1.1,1.13,1.11,119898,442,0.1982,0.7795,0.2382,-0.16,0.0186
2026-08-21 19:19:17,713.46,2026-08-21,713.0,0.74,0.75,0.76,355780,765,0.1926,0.6478,0.30706,-0.29,0.0233
2026-08-21 19:19:17,713.46,2026-08-21,714.0,0.22,0.23,0.23,419173,1413,0.1774,0.3135,0.31818,-0.225,0.0223
2026-08-21 19:19:17,713.46,2026-08-21,715.0,0.08,0.09,0.05,371504,8004,0.2147,0.1267,0.15415,-0.085,0.013
2026-08-21 19:19:17,713.46,2026-08-21,716.0,0.04,0.05,0.05,169488,5826,0.2636,0.0627,0.07451,-0.045,0.0077
2026-08-21 19:19:17,713.46,2026-08-21,717.0,0.01,0.02,0.02,112134,6840,0.2813,0.0228,0.03059,-0.015,0.0034
2026-08-21 19:19:17,713.46,2026-08-21,717.5,0.03,0.04,0.03,18492,1907,0.3624,0.0384,0.03661,-0.035,0.0052
2026-08-21 19:19:17,713.46,2026-08-21,718.0,0.01,0.02,0.02,30992,6599,0.347,0.0189,0.02118,-0.015,0.0029
2026-08-21 19:19:17,713.46,2026-08-21,719.0,0.03,0.04,0.01,27913,3930,0.4693,0.0306,0.02349,-0.035,0.0043
2026-08-21 19:19:17,713.46,2026-08-21,720.0,0.03,0.04,0.03,43787,21971,0.5383,0.0271,0.01853,-0.035,0.0039
2026-08-21 19:20:18,713.18,2026-08-21,707.0,6.08,6.41,6.48,3388,861,0.5826,0.9575,0.02508,-0.065,0.0056
2026-08-21 19:20:18,713.18,2026-08-21,708.0,5.11,5.48,5.29,6201,646,0.5734,0.9287,0.03833,-0.115,0.0084
2026-08-21 19:20:18,713.18,2026-08-21,709.0,4.13,4.41,4.38,15233,1134,0.4585,0.9303,0.04709,-0.09,0.0083
2026-08-21 19:20:18,713.18,2026-08-21,710.0,3.2,3.42,3.36,133963,17785,0.4107,0.8952,0.07133,-0.13,0.0113
2026-08-21 19:20:18,713.18,2026-08-21,711.0,2.2,2.4,2.38,127119,810,0.3065,0.8753,0.10817,-0.12,0.0127
2026-08-21 19:20:18,713.18,2026-08-21,712.0,1.26,1.4,1.36,255829,1268,0.2215,0.8059,0.20026,-0.15,0.017
2026-08-21 19:20:18,713.18,2026-08-21,712.5,0.92,0.95,0.95,120140,442,0.2123,0.6983,0.26485,-0.255,0.0216
2026-08-21 19:20:18,713.18,2026-08-21,713.0,0.59,0.61,0.61,357201,765,0.2037,0.5578,0.31268,-0.42,0.0245
2026-08-21 19:20:18,713.18,2026-08-21,714.0,0.16,0.17,0.21,421128,1413,0.1874,0.2411,0.26833,-0.165,0.0193
2026-08-21 19:20:18,713.18,2026-08-21,715.0,0.08,0.09,0.09,372042,8004,0.2441,0.1153,0.12853,-0.085,0.0121
2026-08-21 19:20:18,713.18,2026-08-21,716.0,0.04,0.05,0.02,169602,5826,0.2893,0.0586,0.06518,-0.045,0.0072
2026-08-21 19:20:18,713.18,2026-08-21,717.0,0.01,0.04,0.02,112156,6840,0.3299,0.0314,0.03456,-0.025,0.0044
2026-08-21 19:20:18,713.18,2026-08-21,717.5,0.03,0.04,0.03,18496,1907,0.3874,0.0366,0.03341,-0.035,0.005
2026-08-21 19:20:18,713.18,2026-08-21,718.0,0.03,0.04,0.02,30997,6599,0.4237,0.0339,0.02865,-0.035,0.0047
2026-08-21 19:20:18,713.18,2026-08-21,719.0,0.01,0.04,0.03,27917,3930,0.4683,0.0231,0.01882,-0.025,0.0034
2026-08-21 19:20:18,713.18,2026-08-21,720.0,0.03,0.04,0.03,43951,21971,0.5643,0.0263,0.01746,-0.035,0.0038
2026-08-21 19:21:20,713.47,2026-08-21,707.0,6.25,6.65,6.48,3388,861,,,,,
2026-08-21 19:21:20,713.47,2026-08-21,708.0,5.27,5.46,5.29,6211,646,,,,,
2026-08-21 19:21:20,713.47,2026-08-21,709.0,4.32,4.49,4.38,15233,1134,,,,,
2026-08-21 19:21:20,713.47,2026-08-21,710.0,3.43,3.57,3.34,133967,17785,0.3165,0.964,0.04086,-0.03,0.0048
2026-08-21 19:21:20,713.47,2026-08-21,711.0,2.48,2.58,2.42,127130,810,0.2812,0.9251,0.08216,-0.06,0.0087
2026-08-21 19:21:20,713.47,2026-08-21,712.0,1.49,1.56,1.53,255862,1268,0.1864,0.902,0.15163,-0.055,0.0106
2026-08-21 19:21:20,713.47,2026-08-21,712.5,1.12,1.16,1.1,120337,442,0.2108,0.775,0.23258,-0.17,0.0184
2026-08-21 19:21:20,713.47,2026-08-21,713.0,0.71,0.76,0.7,357517,765,0.1889,0.6589,0.31743,-0.265,0.0224
2026-08-21 19:21:20,713.47,2026-08-21,714.0,0.24,0.25,0.24,423547,1413,0.1891,0.3245,0.31092,-0.245,0.022
2026-08-21 19:21:20,713.47,2026-08-21,715.0,0.04,0.09,0.05,372409,8004,0.2023,0.109,0.1509,-0.065,0.0114
2026-08-21 19:21:20,713.47,2026-08-21,716.0,0.01,0.02,0.04,169650,5826,0.2178,0.0292,0.04993,-0.015,0.0041
2026-08-21 19:21:20,713.47,2026-08-21,717.0,0.03,0.04,0.02,112259,6840,0.3331,0.0422,0.04419,-0.035,0.0055
2026-08-21 19:21:20,713.47,2026-08-21,717.5,0.01,0.02,0.01,18500,1907,0.3216,0.0207,0.02532,-0.015,0.003
2026-08-21 19:21:20,713.47,2026-08-21,718.0,0.01,0.04,0.03,31012,6599,0.3849,0.0277,0.02708,-0.025,0.0039
2026-08-21 19:21:20,713.47,2026-08-21,719.0,0.01,0.04,0.03,27946,3930,0.4545,0.024,0.02028,-0.025,0.0035
2026-08-21 19:21:20,713.47,2026-08-21,720.0,0.01,0.04,0.03,44004,21971,0.5226,0.0212,0.01589,-0.025,0.0031
2026-08-21 19:22:21,713.47,2026-08-21,707.0,6.32,6.68,6.48,3388,861,0.5536,0.9742,0.01797,-0.035,0.0036
2026-08-21 19:22:21,713.47,2026-08-21,708.0,5.22,5.53,5.39,6211,646,,,,,
2026-08-21 19:22:21,713.47,2026-08-21,709.0,4.35,4.46,4.38,15234,1134,,,,,
2026-08-21 19:22:21,713.47,2026-08-21,710.0,3.38,3.56,3.47,133972,17785,0.2306,0.9937,0.01267,-0.005,0.0011
2026-08-21 19:22:21,713.47,2026-08-21,711.0,2.4,2.49,2.55,127178,810,,,,,
2026-08-21 19:22:21,713.47,2026-08-21,712.0,1.48,1.53,1.57,255929,1268,0.1731,0.9202,0.14203,-0.04,0.009
2026-08-21 19:22:21,713.47,2026-08-21,712.5,1.1,1.12,1.14,120576,442,0.1989,0.7901,0.23991,-0.145,0.0174
2026-08-21 19:22:21,713.47,2026-08-21,713.0,0.72,0.74,0.75,358717,765,0.1907,0.6579,0.31905,-0.265,0.0222
2026-08-21 19:22:21,713.47,2026-08-21,714.0,0.24,0.25,0.25,426158,1413,0.1924,0.3236,0.30933,-0.245,0.0217
2026-08-21 19:22:21,713.47,2026-08-21,715.0,0.04,0.05,0.05,372867,8004,0.1864,0.0869,0.14062,-0.045,0.0096
2026-08-21 19:22:21,713.47,2026-08-21,716.0,0.01,0.02,0.04,169816,5826,0.2211,0.0292,0.04978,-0.015,0.004
2026-08-21 19:22:21,713.47,2026-08-21,717.0,0.01,0.02,0.03,112363,6840,0.2918,0.0228,0.03072,-0.015,0.0033
2026-08-21 19:22:21,713.47,2026-08-21,717.5,0.03,0.04,0.03,18500,1907,0.3762,0.0384,0.03674,-0.035,0.005
2026-08-21 19:22:21,713.47,2026-08-21,718.0,0.03,0.04,0.01,31013,6599,0.4138,0.0354,0.03121,-0.035,0.0047
2026-08-21 19:22:21,713.47,2026-08-21,719.0,0.01,0.02,0.01,27947,3930,0.4267,0.0163,0.01577,-0.015,0.0025
2026-08-21 19:22:21,713.47,2026-08-21,720.0,0.01,0.02,0.01,44074,21971,0.4918,0.0143,0.01227,-0.015,0.0022
2026-08-21 19:23:22,713.43,2026-08-21,707.0,6.32,6.65,6.48,3388,861,0.6067,0.9633,0.02221,-0.055,0.0048
2026-08-21 19:23:22,713.43,2026-08-21,708.0,5.28,5.63,5.39,6212,646,0.4573,0.9775,0.01965,-0.025,0.0032
2026-08-21 19:23:22,713.43,2026-08-21,709.0,4.38,4.45,4.45,15234,1134,,,,,
2026-08-21 19:23:22,713.43,2026-08-21,710.0,3.34,3.51,3.56,133981,17785,,,,,
2026-08-21 19:23:22,713.43,2026-08-21,711.0,2.39,2.51,2.5,127195,810,0.2242,0.9661,0.05644,-0.02,0.0045
2026-08-21 19:23:22,713.43,2026-08-21,712.0,1.5,1.52,1.53,255953,1268,0.2098,0.8746,0.16514,-0.08,0.0123
2026-08-21 19:23:22,713.43,2026-08-21,712.5,1.04,1.11,1.12,120730,442,0.1974,0.7865,0.24755,-0.145,0.0173
2026-08-21 19:23:22,713.43,2026-08-21,713.0,0.67,0.68,0.68,359584,765,0.1787,0.658,0.34511,-0.245,0.0219
2026-08-21 19:23:22,713.43,2026-08-21,714.0,0.23,0.24,0.24,427842,1413,0.1956,0.3133,0.30431,-0.235,0.0211
2026-08-21 19:23:22,713.43,2026-08-21,715.0,0.04,0.05,0.05,373633,8004,0.1922,0.0857,0.13681,-0.045,0.0093
2026-08-21 19:23:22,713.43,2026-08-21,716.0,0.04,0.05,0.04,169981,5826,0.2801,0.0623,0.07356,-0.045,0.0073
2026-08-21 19:23:22,713.43,2026-08-21,717.0,0.03,0.04,0.02,112384,6840,0.3454,0.0419,0.04351,-0.035,0.0053
2026-08-21 19:23:22,713.43,2026-08-21,717.5,0.03,0.04,0.03,18503,1907,0.3841,0.0382,0.0363,-0.035,0.0049
2026-08-21 19:23:22,713.43,2026-08-21,718.0,0.03,0.04,0.01,31021,6599,0.4221,0.0352,0.03087,-0.035,0.0046
2026-08-21 19:23:22,713.43,2026-08-21,719.0,0.01,0.04,0.03,27947,3930,0.4698,0.0238,0.02007,-0.025,0.0033
2026-08-21 19:23:22,713.43,2026-08-21,720.0,0,0.03,0.02,44078,21971,0.5219,0.0178,0.01411,-0.02,0.0026
2026-08-21 19:24:23,713.4,2026-08-21,707.0,6.31,6.5,6.59,3389,861,0.4122,0.9961,0.00481,-0.005,0.0007
2026-08-21 19:24:23,713.4,2026-08-21,708.0,5.41,5.59,5.62,6213,646,0.6054,0.9367,0.03493,-0.1,0.0073
2026-08-21 19:24:23,713.4,2026-08-21,709.0,4.3,4.62,4.45,15234,1134,0.4605,0.949,0.03877,-0.06,0.0062
2026-08-21 19:24:23,713.4,2026-08-21,710.0,3.39,3.59,3.59,133995,17785,0.4135,0.9202,0.06113,-0.09,0.0087
2026-08-21 19:24:23,713.4,2026-08-21,711.0,2.38,2.43,2.53,127204,810,0.1723,0.9913,0.02326,-0.005,0.0014
2026-08-21 19:24:23,713.4,2026-08-21,712.0,1.43,1.46,1.49,255993,1268,0.1775,0.911,0.15446,-0.045,0.0095
2026-08-21 19:24:23,713.4,2026-08-21,712.5,1.03,1.06,1.1,120930,442,0.1965,0.7833,0.25447,-0.145,0.0172
2026-08-21 19:24:23,713.4,2026-08-21,713.0,0.68,0.7,0.7,360223,765,0.197,0.6363,0.32456,-0.29,0.022
2026-08-21 19:24:23,713.4,2026-08-21,714.0,0.18,0.19,0.2,429419,1413,0.1782,0.2842,0.324,-0.185,0.0199
2026-08-21 19:24:23,713.4,2026-08-21,715.0,0.04,0.05,0.05,374036,8004,0.1977,0.0847,0.13368,-0.045,0.0091
2026-08-21 19:24:23,713.4,2026-08-21,716.0,0.04,0.05,0.04,170146,5826,0.2866,0.0618,0.07246,-0.045,0.0072
2026-08-21 19:24:23,713.4,2026-08-21,717.0,0.03,0.04,0.03,112392,6840,0.3526,0.0417,0.04301,-0.035,0.0052
2026-08-21 19:24:23,713.4,2026-08-21,717.5,0.01,0.04,0.03,18512,1907,0.3692,0.0298,0.03124,-0.025,0.004
2026-08-21 19:24:23,713.4,2026-08-21,718.0,0.03,0.04,0.02,31027,6599,0.4304,0.035,0.03059,-0.035,0.0045
2026-08-21 19:24:23,713.4,2026-08-21,719.0,0,0.03,0.03,27947,3930,0.493,0.0272,0.02164,-0.03,0.0037
2026-08-21 19:24:23,713.4,2026-08-21,720.0,0,0.03,0.01,44088,21971,0.4832,0.0104,0.0097,-0.01,0.0016
2026-08-21 19:25:24,713.47,2026-08-21,707.0,6.36,6.64,6.59,3390,861,0.578,0.9741,0.01802,-0.035,0.0035
2026-08-21 19:25:24,713.47,2026-08-21,708.0,5.49,5.67,5.51,6213,646,0.6403,0.931,0.03582,-0.115,0.0077
2026-08-21 19:25:24,713.47,2026-08-21,709.0,4.45,4.56,4.45,15234,1134,0.4356,0.9624,0.03251,-0.04,0.0047
2026-08-21 19:25:24,713.47,2026-08-21,710.0,3.5,3.53,3.45,134003,17785,0.3715,0.9471,0.05014,-0.05,0.0062
2026-08-21 19:25:24,713.47,2026-08-21,711.0,2.48,2.59,2.52,127286,810,0.3088,0.9168,0.08567,-0.07,0.0089
2026-08-21 19:25:24,713.47,2026-08-21,712.0,1.52,1.56,1.58,256031,1268,0.2153,0.8809,0.15971,-0.075,0.0115
2026-08-21 19:25:24,713.47,2026-08-21,712.5,1.11,1.13,1.11,121007,442,0.2135,0.7834,0.23741,-0.155,0.017
2026-08-21 19:25:24,713.47,2026-08-21,713.0,0.69,0.75,0.72,361877,765,0.1942,0.6614,0.32542,-0.255,0.0212
2026-08-21 19:25:24,713.47,2026-08-21,714.0,0.23,0.24,0.24,432535,1413,0.1959,0.3195,0.31524,-0.235,0.0207
2026-08-21 19:25:24,713.47,2026-08-21,715.0,0.04,0.05,0.05,374261,8004,0.1944,0.0869,0.1406,-0.045,0.0092
2026-08-21 19:25:24,713.47,2026-08-21,716.0,0.04,0.05,0.02,170260,5826,0.2851,0.0629,0.07488,-0.045,0.0072
2026-08-21 19:25:24,713.47,2026-08-21,717.0,0.03,0.04,0.03,112478,6840,0.3525,0.0422,0.0441,-0.035,0.0052
2026-08-21 19:25:24,713.47,2026-08-21,717.5,0.03,0.04,0.03,18549,1907,0.3924,0.0384,0.03674,-0.035,0.0048
2026-08-21 19:25:24,713.47,2026-08-21,718.0,0.03,0.04,0.01,31046,6599,0.4316,0.0354,0.03121,-0.035,0.0045
2026-08-21 19:25:24,713.47,2026-08-21,719.0,0,0.01,0.03,28003,3930,0.4953,0.0274,0.02201,-0.03,0.0037
2026-08-21 19:25:24,713.47,2026-08-21,720.0,0,0.01,0.01,44158,21971,0.486,0.0105,0.00985,-0.01,0.0016
2026-08-21 19:26:26,713.47,2026-08-21,707.0,6.25,6.73,6.41,3390,861,0.5353,0.9835,0.01345,-0.02,0.0023
2026-08-21 19:26:26,713.47,2026-08-21,708.0,5.5,5.6,5.51,6217,646,0.6,0.9461,0.03199,-0.08,0.0062
2026-08-21 19:26:26,713.47,2026-08-21,709.0,4.39,4.48,4.45,15254,1134,,,,,
2026-08-21 19:26:26,713.47,2026-08-21,710.0,3.5,3.57,3.5,134018,17785,0.4004,0.9365,0.05452,-0.065,0.0071
2026-08-21 19:26:26,713.47,2026-08-21,711.0,2.49,2.55,2.52,127287,810,0.2893,0.9336,0.07821,-0.05,0.0074
2026-08-21 19:26:26,713.47,2026-08-21,712.0,1.53,1.61,1.53,256120,1268,0.2399,0.8595,0.16309,-0.1,0.0127
2026-08-21 19:26:26,713.47,2026-08-21,712.5,1.14,1.18,1.09,121074,442,0.2379,0.7637,0.22731,-0.19,0.0176
2026-08-21 19:26:26,713.47,2026-08-21,713.0,0.7,0.72,0.7,362535,765,0.1908,0.6681,0.33369,-0.24,0.0207
2026-08-21 19:26:26,713.47,2026-08-21,714.0,0.24,0.25,0.24,432954,1413,0.203,0.3244,0.31082,-0.245,0.0205
2026-08-21 19:26:26,713.47,2026-08-21,715.0,0.08,0.09,0.05,374382,8004,0.2349,0.1274,0.15575,-0.085,0.0119
2026-08-21 19:26:26,713.47,2026-08-21,716.0,0.01,0.02,0.02,170335,5826,0.2338,0.0292,0.04992,-0.015,0.0038
2026-08-21 19:26:26,713.47,2026-08-21,717.0,0.01,0.02,0.01,112485,6840,0.3088,0.0228,0.03078,-0.015,0.0031
2026-08-21 19:26:26,713.47,2026-08-21,717.5,0.03,0.04,0.03,18552,1907,0.398,0.0385,0.0368,-0.035,0.0048
2026-08-21 19:26:26,713.47,2026-08-21,718.0,0.01,0.02,0.03,31050,6599,0.3811,0.0189,0.02129,-0.015,0.0026
2026-08-21 19:26:26,713.47,2026-08-21,719.0,0,0.01,0.01,28007,3930,0.4271,0.0119,0.01274,-0.01,0.0018
2026-08-21 19:26:26,713.47,2026-08-21,720.0,0,0.01,0.01,44169,21971,0.4932,0.0105,0.00986,-0.01,0.0016
2026-08-21 19:27:27,713.53,2026-08-21,707.0,6.43,6.74,6.41,3390,861,0.6412,0.9661,0.02089,-0.05,0.0042
2026-08-21 19:27:27,713.53,2026-08-21,708.0,5.45,5.56,5.41,6230,646,,,,,
2026-08-21 19:27:27,713.53,2026-08-21,709.0,4.52,4.67,4.4,15258,1134,0.4937,0.9499,0.03726,-0.06,0.0058
2026-08-21 19:27:27,713.53,2026-08-21,710.0,3.57,3.62,3.57,134043,17785,0.4052,0.9406,0.05192,-0.06,0.0066
2026-08-21 19:27:27,713.53,2026-08-21,711.0,2.51,2.6,2.46,127302,810,0.2468,0.9668,0.05345,-0.02,0.0042
2026-08-21 19:27:27,713.53,2026-08-21,712.0,1.61,1.62,1.57,256237,1268,0.234,0.8794,0.1528,-0.08,0.0113
2026-08-21 19:27:27,713.53,2026-08-21,712.5,1.13,1.22,1.12,121214,442,0.22,0.7999,0.2268,-0.14,0.0157
2026-08-21 19:27:27,713.53,2026-08-21,713.0,0.8,0.81,0.73,363239,765,0.2191,0.6691,0.29474,-0.27,0.0204
2026-08-21 19:27:27,713.53,2026-08-21,714.0,0.2,0.21,0.21,435145,1413,0.1759,0.3198,0.36212,-0.205,0.0201
2026-08-21 19:27:27,713.53,2026-08-21,715.0,0.04,0.09,0.07,374665,8004,0.2138,0.1118,0.15852,-0.065,0.0107
2026-08-21 19:27:27,713.53,2026-08-21,716.0,0.01,0.05,0.03,170445,5826,0.264,0.0487,0.06811,-0.03,0.0057
2026-08-21 19:27:27,713.53,2026-08-21,717.0,0.01,0.02,0.02,112522,6840,0.3087,0.0232,0.03163,-0.015,0.0031
2026-08-21 19:27:27,713.53,2026-08-21,717.5,0.03,0.04,0.02,18552,1907,0.3989,0.0389,0.03764,-0.035,0.0047
2026-08-21 19:27:27,713.53,2026-08-21,718.0,0.03,0.04,0.03,31051,6599,0.4394,0.0358,0.03189,-0.035,0.0044
2026-08-21 19:27:27,713.53,2026-08-21,719.0,0,0.03,0.01,28010,3930,0.4293,0.012,0.01297,-0.01,0.0018
2026-08-21 19:27:27,713.53,2026-08-21,720.0,0,0.03,0.01,44172,21971,0.4965,0.0105,0.01001,-0.01,0.0016
2026-08-21 19:28:28,713.56,2026-08-21,707.0,6.46,6.58,6.41,3390,861,,,,,
2026-08-21 19:28:28,713.56,2026-08-21,708.0,5.51,5.78,5.41,6230,646,0.6354,0.9444,0.03196,-0.085,0.0062
2026-08-21 19:28:28,713.56,2026-08-21,709.0,4.49,4.56,4.4,15258,1134,,,,,
2026-08-21 19:28:28,713.56,2026-08-21,710.0,3.5,3.59,3.5,134072,17785,,,,,
2026-08-21 19:28:28,713.56,2026-08-21,711.0,2.55,2.62,2.57,127316,810,0.2643,0.9606,0.05823,-0.025,0.0047
2026-08-21 19:28:28,713.56,2026-08-21,712.0,1.51,1.64,1.55,256270,1268,0.1589,0.9625,0.09303,-0.015,0.0045
2026-08-21 19:28:28,713.56,2026-08-21,712.5,1.16,1.19,1.16,121380,442,0.21,0.8203,0.22588,-0.115,0.0145
2026-08-21 19:28:28,713.56,2026-08-21,713.0,0.77,0.8,0.71,363666,765,0.2039,0.6913,0.31253,-0.225,0.0195
2026-08-21 19:28:28,713.56,2026-08-21,714.0,0.21,0.26,0.24,435832,1413,0.1896,0.3382,0.34905,-0.235,0.0202
2026-08-21 19:28:28,713.56,2026-08-21,715.0,0.08,0.09,0.05,375048,8004,0.2324,0.1318,0.16632,-0.085,0.0118
2026-08-21 19:28:28,713.56,2026-08-21,716.0,0.04,0.05,0.04,170536,5826,0.2899,0.0645,0.07866,-0.045,0.007
2026-08-21 19:28:28,713.56,2026-08-21,717.0,0.01,0.04,0.03,112586,6840,0.3395,0.0339,0.04008,-0.025,0.0042
2026-08-21 19:28:28,713.56,2026-08-21,717.5,0.01,0.04,0.01,18558,1907,0.3796,0.0307,0.03306,-0.025,0.0038
2026-08-21 19:28:28,713.56,2026-08-21,718.0,0.01,0.02,0.03,31052,6599,0.3866,0.0192,0.02193,-0.015,0.0026
2026-08-21 19:28:28,713.56,2026-08-21,719.0,0,0.01,0.01,28014,3930,0.4344,0.0121,0.01307,-0.01,0.0017
2026-08-21 19:28:28,713.56,2026-08-21,720.0,0,0.01,0.01,44173,21971,0.5027,0.0106,0.01007,-0.01,0.0015
2026-08-21 19:29:29,713.58,2026-08-21,707.0,6.58,6.79,6.41,3390,861,0.78,0.9407,0.02782,-0.11,0.0064
2026-08-21 19:29:29,713.58,2026-08-21,708.0,5.51,5.77,5.41,6230,646,0.612,0.954,0.029,-0.065,0.0052
2026-08-21 19:29:29,713.58,2026-08-21,709.0,4.48,4.59,4.4,15258,1134,,,,,
2026-08-21 19:29:29,713.58,2026-08-21,710.0,3.55,3.58,3.55,134097,17785,,,,,
2026-08-21 19:29:29,713.58,2026-08-21,711.0,2.58,2.66,2.57,127324,810,0.306,0.9398,0.07182,-0.045,0.0065
2026-08-21 19:29:29,713.58,2026-08-21,712.0,1.56,1.62,1.6,256406,1268,0.163,0.9627,0.09197,-0.015,0.0044
2026-08-21 19:29:29,713.58,2026-08-21,712.5,1.12,1.2,1.16,121452,442,0.1932,0.8477,0.22423,-0.085,0.0128
2026-08-21 19:29:29,713.58,2026-08-21,713.0,0.72,0.75,0.72,363926,765,0.1747,0.7284,0.34909,-0.16,0.018
2026-08-21 19:29:29,713.58,2026-08-21,714.0,0.2,0.25,0.21,436023,1413,0.1851,0.3374,0.36297,-0.225,0.0199
2026-08-21 19:29:29,713.58,2026-08-21,715.0,0.04,0.05,0.08,375215,8004,0.1959,0.091,0.15378,-0.045,0.0089
2026-08-21 19:29:29,713.58,2026-08-21,716.0,0.01,0.05,0.04,170573,5826,0.2691,0.0492,0.06962,-0.03,0.0055
2026-08-21 19:29:29,713.58,2026-08-21,717.0,0.01,0.02,0.01,112598,6840,0.3156,0.0234,0.03217,-0.015,0.003
2026-08-21 19:29:29,713.58,2026-08-21,717.5,0.03,0.04,0.03,18561,1907,0.4085,0.0392,0.03817,-0.035,0.0046
2026-08-21 19:29:29,713.58,2026-08-21,718.0,0.03,0.04,0.03,31057,6599,0.4504,0.036,0.0323,-0.035,0.0043
2026-08-21 19:29:29,713.58,2026-08-21,719.0,0,0.03,0.01,28019,3930,0.4405,0.0121,0.01312,-0.01,0.0017
2026-08-21 19:29:29,713.58,2026-08-21,720.0,0,0.03,0.01,44194,21971,0.5099,0.0106,0.01011,-0.01,0.0015
2026-08-21 19:30:30,713.71,2026-08-21,707.0,6.66,6.9,6.41,3390,861,0.734,0.9574,0.02312,-0.07,0.0048
2026-08-21 19:30:30,713.71,2026-08-21,708.0,5.69,5.81,5.41,6230,646,0.5784,0.9683,0.02302,-0.04,0.0038
2026-08-21 19:30:30,713.71,2026-08-21,709.0,4.56,4.84,4.4,15259,1134,,,,,
2026-08-21 19:30:30,713.71,2026-08-21,710.0,3.61,3.78,3.59,134172,17785,,,,,
2026-08-21 19:30:30,713.71,2026-08-21,711.0,2.6,2.83,2.69,127345,810,0.2135,0.9914,0.02051,-0.005,0.0013
2026-08-21 19:30:30,713.71,2026-08-21,712.0,1.74,1.76,1.74,256555,1268,0.2205,0.9271,0.11747,-0.04,0.0074
2026-08-21 19:30:30,713.71,2026-08-21,712.5,1.24,1.32,1.28,121623,442,0.1998,0.872,0.19589,-0.07,0.0112
2026-08-21 19:30:30,713.71,2026-08-21,713.0,0.85,0.86,0.85,365221,765,0.1891,0.7596,0.30779,-0.145,0.0166
2026-08-21 19:30:30,713.71,2026-08-21,714.0,0.26,0.31,0.26,437616,1413,0.1937,0.3907,0.37066,-0.285,0.0205
2026-08-21 19:30:30,713.71,2026-08-21,715.0,0.05,0.06,0.06,375609,8004,0.1955,0.1092,0.17898,-0.055,0.01
2026-08-21 19:30:30,713.71,2026-08-21,716.0,0.01,0.02,0.02,170697,5826,0.2295,0.0314,0.05756,-0.015,0.0038
2026-08-21 19:30:30,713.71,2026-08-21,717.0,0.01,0.04,0.03,112608,6840,0.3383,0.035,0.04268,-0.025,0.0041
2026-08-21 19:30:30,713.71,2026-08-21,717.5,0.03,0.04,0.03,18577,1907,0.4038,0.0402,0.04006,-0.035,0.0046
2026-08-21 19:30:30,713.71,2026-08-21,718.0,0.03,0.04,0.01,31059,6599,0.4466,0.0368,0.03373,-0.035,0.0043
2026-08-21 19:30:30,713.71,2026-08-21,719.0,0,0.01,0.01,28019,3930,0.4383,0.0123,0.01364,-0.01,0.0017
2026-08-21 19:30:30,713.71,2026-08-21,720.0,0,0.01,0.01,44197,21971,0.5091,0.0108,0.01045,-0.01,0.0015
2026-08-21 19:31:33,713.6,2026-08-21,707.0,6.64,6.73,6.41,3390,861,0.7673,0.9505,0.02541,-0.085,0.0054
2026-08-21 19:31:33,713.6,2026-08-21,708.0,5.5,5.74,5.65,6232,646,0.5149,0.9814,0.01687,-0.02,0.0024
2026-08-21 19:31:33,713.6,2026-08-21,709.0,4.54,4.61,4.58,15260,1134,,,,,
2026-08-21 19:31:33,713.6,2026-08-21,710.0,3.58,3.65,3.72,134260,17785,0.3368,0.9795,0.02795,-0.015,0.0026
2026-08-21 19:31:33,713.6,2026-08-21,711.0,2.57,2.62,2.67,127364,810,,,,,
2026-08-21 19:31:33,713.6,2026-08-21,712.0,1.63,1.69,1.66,256647,1268,0.2375,0.901,0.13977,-0.06,0.0091
2026-08-21 19:31:33,713.6,2026-08-21,712.5,1.15,1.26,1.18,121711,442,0.219,0.8315,0.21893,-0.105,0.0132
2026-08-21 19:31:33,713.6,2026-08-21,713.0,0.75,0.78,0.82,366373,765,0.1878,0.7295,0.33574,-0.165,0.0174
2026-08-21 19:31:33,713.6,2026-08-21,714.0,0.25,0.26,0.25,439760,1413,0.2028,0.3544,0.34954,-0.255,0.0195
2026-08-21 19:31:33,713.6,2026-08-21,715.0,0.04,0.09,0.06,375872,8004,0.2214,0.1148,0.16685,-0.065,0.0102
2026-08-21 19:31:33,713.6,2026-08-21,716.0,0.01,0.02,0.04,170847,5826,0.243,0.0303,0.05383,-0.015,0.0036
2026-08-21 19:31:33,713.6,2026-08-21,717.0,0.03,0.04,0.01,112662,6840,0.3768,0.0434,0.04652,-0.035,0.0048
2026-08-21 19:31:33,713.6,2026-08-21,717.5,0.01,0.04,0.03,18578,1907,0.3963,0.0309,0.03354,-0.025,0.0037
2026-08-21 19:31:33,713.6,2026-08-21,718.0,0.03,0.04,0.01,31061,6599,0.4644,0.0362,0.03255,-0.035,0.0042
2026-08-21 19:31:33,713.6,2026-08-21,719.0,0,0.03,0.01,28019,3930,0.4544,0.0121,0.01321,-0.01,0.0017
2026-08-21 19:31:33,713.6,2026-08-21,720.0,0,0.03,0.01,44202,21971,0.5264,0.0106,0.01017,-0.01,0.0015
2026-08-21 19:32:35,713.76,2026-08-21,707.0,6.64,6.79,6.41,3390,861,,,,,
2026-08-21 19:32:35,713.76,2026-08-21,708.0,5.62,5.88,5.65,6232,646,,,,,
2026-08-21 19:32:35,713.76,2026-08-21,709.0,4.61,4.81,4.59,15260,1134,,,,,
2026-08-21 19:32:35,713.76,2026-08-21,710.0,3.63,3.81,3.71,134518,17785,,,,,
2026-08-21 19:32:35,713.76,2026-08-21,711.0,2.72,2.8,2.74,127387,810,,,,,
2026-08-21 19:32:35,713.76,2026-08-21,712.0,1.73,1.76,1.78,256680,1268,,,,,
2026-08-21 19:32:35,713.76,2026-08-21,712.5,1.27,1.29,1.27,121807,442,0.1532,0.9451,0.14062,-0.02,0.0057
2026-08-21 19:32:35,713.76,2026-08-21,713.0,0.86,0.9,0.86,367035,765,0.1874,0.7851,0.30238,-0.12,0.0151
2026-08-21 19:32:35,713.76,2026-08-21,714.0,0.24,0.29,0.29,440231,1413,0.1809,0.3994,0.4141,-0.265,0.0199
2026-08-21 19:32:35,713.76,2026-08-21,715.0,0.05,0.1,0.05,377266,8004,0.2162,0.1336,0.19344,-0.075,0.0111
2026-08-21 19:32:35,713.76,2026-08-21,716.0,0.01,0.02,0.04,170881,5826,0.2338,0.0319,0.05939,-0.015,0.0037
2026-08-21 19:32:35,713.76,2026-08-21,717.0,0.01,0.02,0.03,112695,6840,0.3178,0.0243,0.03489,-0.015,0.0029
2026-08-21 19:32:35,713.76,2026-08-21,717.5,0.03,0.04,0.03,18578,1907,0.4144,0.0406,0.0408,-0.035,0.0045
2026-08-21 19:32:35,713.76,2026-08-21,718.0,0.03,0.04,0.03,31071,6599,0.4588,0.0371,0.03428,-0.035,0.0042
2026-08-21 19:32:35,713.76,2026-08-21,719.0,0,0.01,0.01,28022,3930,0.4509,0.0124,0.01384,-0.01,0.0017
2026-08-21 19:32:35,713.76,2026-08-21,720.0,0,0.03,0.01,44202,21971,0.5244,0.0108,0.01058,-0.01,0.0015
2026-08-21 19:33:37,713.74,2026-08-21,707.0,6.7,6.88,6.41,3390,861,0.7438,0.9643,0.0209,-0.055,0.004
2026-08-21 19:33:37,713.74,2026-08-21,708.0,5.52,5.91,5.65,6232,646,,,,,
2026-08-21 19:33:37,713.74,2026-08-21,709.0,4.55,4.87,4.59,15360,1134,,,,,
2026-08-21 19:33:37,713.74,2026-08-21,710.0,3.66,3.74,3.61,134875,17785,,,,,
2026-08-21 19:33:37,713.74,2026-08-21,711.0,2.61,2.83,2.61,127427,810,,,,,
2026-08-21 19:33:37,713.74,2026-08-21,712.0,1.74,1.75,1.7,256723,1268,0.1758,0.9748,0.06614,-0.01,0.003
2026-08-21 19:33:37,713.74,2026-08-21,712.5,1.25,1.33,1.28,122059,442,0.1995,0.8902,0.18615,-0.055,0.0095
2026-08-21 19:33:37,713.74,2026-08-21,713.0,0.84,0.85,0.89,368390,765,0.1807,0.7903,0.31526,-0.11,0.0146
2026-08-21 19:33:37,713.74,2026-08-21,714.0,0.29,0.3,0.3,441435,1413,0.2049,0.3999,0.37285,-0.295,0.0195
2026-08-21 19:33:37,713.74,2026-08-21,715.0,0.05,0.1,0.09,378520,8004,0.2235,0.1321,0.18933,-0.075,0.0108
2026-08-21 19:33:37,713.74,2026-08-21,716.0,0.01,0.02,0.04,170924,5826,0.2405,0.0316,0.05846,-0.015,0.0036
2026-08-21 19:33:37,713.74,2026-08-21,717.0,0.01,0.04,0.01,112708,6840,0.3555,0.0351,0.04313,-0.025,0.0039
2026-08-21 19:33:37,713.74,2026-08-21,717.5,0.03,0.04,0.03,18578,1907,0.4247,0.0404,0.04043,-0.035,0.0044
2026-08-21 19:33:37,713.74,2026-08-21,718.0,0.03,0.04,0.03,31077,6599,0.47,0.037,0.034,-0.035,0.0041
2026-08-21 19:33:37,713.74,2026-08-21,719.0,0,0.03,0.01,28022,3930,0.4616,0.0124,0.01374,-0.01,0.0016
2026-08-21 19:33:37,713.74,2026-08-21,720.0,0,0.01,0.01,44210,21971,0.5365,0.0108,0.01051,-0.01,0.0014
2026-08-21 19:34:38,713.68,2026-08-21,707.0,6.45,6.72,6.41,3390,861,,,,,
2026-08-21 19:34:38,713.68,2026-08-21,708.0,5.65,5.86,5.6,6233,646,0.7022,0.9496,0.02981,-0.075,0.0051
2026-08-21 19:34:38,713.68,2026-08-21,709.0,4.55,4.69,4.53,15362,1134,,,,,
2026-08-21 19:34:38,713.68,2026-08-21,710.0,3.56,3.68,3.66,134889,17785,,,,,
2026-08-21 19:34:38,713.68,2026-08-21,711.0,2.59,2.72,2.62,127437,810,,,,,
2026-08-21 19:34:38,713.68,2026-08-21,712.0,1.66,1.76,1.68,256748,1268,0.2194,0.9393,0.11058,-0.03,0.006
2026-08-21 19:34:38,713.68,2026-08-21,712.5,1.23,1.29,1.2,122177,442,0.2213,0.8597,0.20325,-0.08,0.0111
2026-08-21 19:34:38,713.68,2026-08-21,713.0,0.8,0.82,0.8,369014,765,0.1896,0.7661,0.32612,-0.13,0.0152
2026-08-21 19:34:38,713.68,2026-08-21,714.0,0.22,0.23,0.23,442640,1413,0.1831,0.3631,0.41337,-0.225,0.0186
2026-08-21 19:34:38,713.68,2026-08-21,715.0,0.08,0.09,0.08,379514,8004,0.2441,0.1384,0.18246,-0.085,0.0109
2026-08-21 19:34:38,713.68,2026-08-21,716.0,0.04,0.05,0.02,170947,5826,0.3108,0.0667,0.08391,-0.045,0.0064
2026-08-21 19:34:38,713.68,2026-08-21,717.0,0.01,0.02,0.01,112713,6840,0.3373,0.0239,0.03367,-0.015,0.0028
2026-08-21 19:34:38,713.68,2026-08-21,717.5,0.01,0.02,0.03,18583,1907,0.3795,0.0215,0.0274,-0.015,0.0026
2026-08-21 19:34:38,713.68,2026-08-21,718.0,0.03,0.04,0.03,31079,6599,0.4844,0.0366,0.0334,-0.035,0.004
2026-08-21 19:34:38,713.68,2026-08-21,719.0,0,0.03,0.02,28023,3930,0.5245,0.0209,0.0193,-0.02,0.0025
2026-08-21 19:34:38,713.68,2026-08-21,720.0,0,0.01,0.01,44243,21971,0.5513,0.0107,0.01037,-0.01,0.0014
2026-08-21 19:35:38,713.74,2026-08-21,707.0,6.62,6.74,6.41,3391,861,,,,,
2026-08-21 19:35:38,713.74,2026-08-21,708.0,5.48,5.87,5.6,6233,646,,,,,
2026-08-21 19:35:38,713.74,2026-08-21,709.0,4.54,4.86,4.53,15372,1134,,,,,
2026-08-21 19:35:38,713.74,2026-08-21,710.0,3.67,3.79,3.49,134926,17785,,,,,
2026-08-21 19:35:38,713.74,2026-08-21,711.0,2.7,2.72,2.7,127474,810,,,,,
2026-08-21 19:35:38,713.74,2026-08-21,712.0,1.66,1.85,1.66,256816,1268,0.1988,0.9646,0.08086,-0.015,0.0038
2026-08-21 19:35:38,713.74,2026-08-21,712.5,1.22,1.32,1.22,122276,442,0.1771,0.9257,0.1633,-0.03,0.0068
2026-08-21 19:35:38,713.74,2026-08-21,713.0,0.87,0.91,0.87,370036,765,0.2163,0.7601,0.29575,-0.15,0.0151
2026-08-21 19:35:38,713.74,2026-08-21,714.0,0.27,0.28,0.27,446056,1413,0.2016,0.3962,0.3935,-0.275,0.0187
2026-08-21 19:35:38,713.74,2026-08-21,715.0,0.07,0.08,0.07,382962,8004,0.232,0.1324,0.19012,-0.075,0.0104
2026-08-21 19:35:38,713.74,2026-08-21,716.0,0.01,0.05,0.04,171011,5826,0.2848,0.0517,0.07651,-0.03,0.0051
2026-08-21 19:35:38,713.74,2026-08-21,717.0,0.01,0.04,0.02,112714,6840,0.3696,0.0352,0.04322,-0.025,0.0038
2026-08-21 19:35:38,713.74,2026-08-21,717.5,0.03,0.04,0.01,18583,1907,0.4416,0.0404,0.0405,-0.035,0.0042
2026-08-21 19:35:38,713.74,2026-08-21,718.0,0.01,0.02,0.03,31099,6599,0.4246,0.0198,0.02332,-0.015,0.0023
2026-08-21 19:35:38,713.74,2026-08-21,719.0,0,0.03,0.01,28036,3930,0.48,0.0124,0.01376,-0.01,0.0016
2026-08-21 19:35:38,713.74,2026-08-21,720.0,0,0.03,0.01,44244,21971,0.5579,0.0108,0.01052,-0.01,0.0014
2026-08-21 19:36:41,713.6,2026-08-21,707.0,6.44,6.82,6.45,3391,861,0.7002,0.977,0.01638,-0.03,0.0026
2026-08-21 19:36:41,713.6,2026-08-21,708.0,5.53,5.69,5.6,6233,646,0.5125,0.9896,0.01135,-0.01,0.0013
2026-08-21 19:36:41,713.6,2026-08-21,709.0,4.65,4.79,4.56,15372,1134,0.6912,0.9204,0.0451,-0.12,0.007
2026-08-21 19:36:41,713.6,2026-08-21,710.0,3.55,3.75,3.65,134927,17785,0.4677,0.948,0.04786,-0.05,0.0051
2026-08-21 19:36:41,713.6,2026-08-21,711.0,2.67,2.72,2.59,127508,810,0.425,0.9018,0.08575,-0.095,0.0082
2026-08-21 19:36:41,713.6,2026-08-21,712.0,1.61,1.67,1.64,256864,1268,0.2362,0.9235,0.12804,-0.04,0.0068
2026-08-21 19:36:41,713.6,2026-08-21,712.5,1.16,1.27,1.2,122347,442,0.2503,0.8232,0.21816,-0.115,0.0123
2026-08-21 19:36:41,713.6,2026-08-21,713.0,0.8,0.83,0.78,370330,765,0.2386,0.7024,0.30553,-0.215,0.0165
2026-08-21 19:36:41,713.6,2026-08-21,714.0,0.23,0.24,0.23,447158,1413,0.2127,0.347,0.36526,-0.235,0.0175
2026-08-21 19:36:41,713.6,2026-08-21,715.0,0.03,0.04,0.07,384223,8004,0.2077,0.0785,0.14854,-0.035,0.007
2026-08-21 19:36:41,713.6,2026-08-21,716.0,0.01,0.05,0.04,171031,5826,0.3054,0.0496,0.07058,-0.03,0.0049
2026-08-21 19:36:41,713.6,2026-08-21,717.0,0.01,0.02,0.01,112716,6840,0.3589,0.0235,0.03251,-0.015,0.0026
2026-08-21 19:36:41,713.6,2026-08-21,717.5,0.01,0.02,0.01,18583,1907,0.4029,0.0212,0.02657,-0.015,0.0024
2026-08-21 19:36:41,713.6,2026-08-21,718.0,0.01,0.04,0.01,31103,6599,0.4838,0.0283,0.02823,-0.025,0.0031
2026-08-21 19:36:41,713.6,2026-08-21,719.0,0,0.03,0.01,28037,3930,0.5019,0.0121,0.01321,-0.01,0.0015
2026-08-21 19:36:41,713.6,2026-08-21,720.0,0,0.03,0.01,44257,21971,0.5814,0.0106,0.01017,-0.01,0.0013
2026-08-21 19:37:42,713.69,2026-08-21,707.0,6.59,6.78,6.45,3391,861,,,,,
2026-08-21 19:37:42,713.69,2026-08-21,708.0,5.58,5.7,5.6,6233,646,,,,,
2026-08-21 19:37:42,713.69,2026-08-21,709.0,4.59,4.68,4.56,15372,1134,,,,,
2026-08-21 19:37:42,713.69,2026-08-21,710.0,3.72,3.82,3.65,134928,17785,0.5415,0.9295,0.05364,-0.08,0.0063
2026-08-21 19:37:42,713.69,2026-08-21,711.0,2.72,2.73,2.63,127527,810,0.3516,0.9506,0.06249,-0.035,0.0047
2026-08-21 19:37:42,713.69,2026-08-21,712.0,1.76,1.8,1.66,256903,1268,0.314,0.8772,0.13929,-0.09,0.0095
2026-08-21 19:37:42,713.69,2026-08-21,712.5,1.31,1.33,1.25,122410,442,0.2815,0.8191,0.20113,-0.13,0.0122
2026-08-21 19:37:42,713.69,2026-08-21,713.0,0.86,0.87,0.8,370623,765,0.2345,0.7374,0.2991,-0.175,0.0152
2026-08-21 19:37:42,713.69,2026-08-21,714.0,0.25,0.26,0.21,447825,1413,0.2103,0.3764,0.38835,-0.255,0.0176
2026-08-21 19:37:42,713.69,2026-08-21,715.0,0.07,0.08,0.04,384330,8004,0.249,0.1295,0.18228,-0.075,0.0098
2026-08-21 19:37:42,713.69,2026-08-21,716.0,0.04,0.05,0.02,171059,5826,0.3304,0.0668,0.08437,-0.045,0.006
2026-08-21 19:37:42,713.69,2026-08-21,717.0,0.03,0.04,0.03,112775,6840,0.4164,0.0442,0.04825,-0.035,0.0043
2026-08-21 19:37:42,713.69,2026-08-21,717.5,0.03,0.04,0.01,18583,1907,0.4664,0.04,0.03977,-0.035,0.004
2026-08-21 19:37:42,713.69,2026-08-21,718.0,0.01,0.04,0.01,31104,6599,0.4861,0.0288,0.02907,-0.025,0.0031
2026-08-21 19:37:42,713.69,2026-08-21,719.0,0,0.03,0.01,28038,3930,0.5057,0.0123,0.01356,-0.01,0.0015
2026-08-21 19:37:42,713.69,2026-08-21,720.0,0,0.01,0.01,44290,21971,0.5871,0.0107,0.01039,-0.01,0.0013
2026-08-21 19:38:42,713.81,2026-08-21,707.0,6.67,6.87,6.45,3391,861,,,,,
2026-08-21 19:38:42,713.81,2026-08-21,708.0,5.67,5.79,5.6,6233,646,,,,,
2026-08-21 19:38:42,713.81,2026-08-21,709.0,4.76,4.85,4.56,15372,1134,,,,,
2026-08-21 19:38:42,713.81,2026-08-21,710.0,3.82,3.9,3.61,134930,17785,0.5122,0.9499,0.04438,-0.05,0.0047
2026-08-21 19:38:42,713.81,2026-08-21,711.0,2.81,2.83,2.74,127559,810,0.2958,0.982,0.03292,-0.01,0.002
2026-08-21 19:38:42,713.81,2026-08-21,712.0,1.77,1.82,1.81,256916,1268,,,,,
2026-08-21 19:38:42,713.81,2026-08-21,712.5,1.29,1.33,1.34,122465,442,,,,,
2026-08-21 19:38:42,713.81,2026-08-21,713.0,0.88,0.89,0.91,370919,765,0.1842,0.8341,0.29766,-0.075,0.0113
2026-08-21 19:38:42,713.81,2026-08-21,714.0,0.28,0.29,0.28,448592,1413,0.2051,0.42,0.41951,-0.285,0.0178
2026-08-21 19:38:42,713.81,2026-08-21,715.0,0.07,0.08,0.07,384480,8004,0.2385,0.1367,0.20207,-0.075,0.0099
2026-08-21 19:38:42,713.81,2026-08-21,716.0,0.04,0.05,0.03,171101,5826,0.3245,0.0692,0.09031,-0.045,0.006
2026-08-21 19:38:42,713.81,2026-08-21,717.0,0.03,0.04,0.03,112776,6840,0.4136,0.0453,0.05074,-0.035,0.0043
2026-08-21 19:38:42,713.81,2026-08-21,717.5,0.03,0.04,0.01,18583,1907,0.4651,0.0409,0.04156,-0.035,0.004
2026-08-21 19:38:42,713.81,2026-08-21,718.0,0.03,0.04,0.03,31108,6599,0.5156,0.0374,0.03485,-0.035,0.0037
2026-08-21 19:38:42,713.81,2026-08-21,719.0,0,0.01,0.01,28060,3930,0.5074,0.0125,0.01404,-0.01,0.0015
2026-08-21 19:38:42,713.81,2026-08-21,720.0,0,0.01,0.01,44311,21971,0.5909,0.0109,0.01071,-0.01,0.0013
2026-08-21 19:39:43,713.82,2026-08-21,707.0,6.67,6.79,6.45,3391,861,,,,,
2026-08-21 19:39:43,713.82,2026-08-21,708.0,5.68,5.98,5.6,6233,646,0.5696,0.9897,0.0108,-0.01,0.0012
2026-08-21 19:39:43,713.82,2026-08-21,709.0,4.65,4.89,4.56,15372,1134,,,,,
2026-08-21 19:39:43,713.82,2026-08-21,710.0,3.76,3.95,3.81,134948,17785,0.4898,0.9613,0.03865,-0.035,0.0037
2026-08-21 19:39:43,713.82,2026-08-21,711.0,2.84,2.86,2.76,127576,810,0.3713,0.9571,0.05538,-0.03,0.004
2026-08-21 19:39:43,713.82,2026-08-21,712.0,1.8,1.87,1.79,257150,1268,0.2267,0.9652,0.07644,-0.015,0.0034
2026-08-21 19:39:43,713.82,2026-08-21,712.5,1.37,1.42,1.32,122679,442,0.262,0.8727,0.17949,-0.075,0.0092
2026-08-21 19:39:43,713.82,2026-08-21,713.0,0.88,0.95,0.93,371435,765,0.2078,0.814,0.29078,-0.095,0.0119
2026-08-21 19:39:43,713.82,2026-08-21,714.0,0.25,0.3,0.25,449804,1413,0.202,0.4211,0.43675,-0.275,0.0173
2026-08-21 19:39:43,713.82,2026-08-21,715.0,0.03,0.08,0.07,384667,8004,0.2212,0.1151,0.19795,-0.055,0.0086
2026-08-21 19:39:43,713.82,2026-08-21,716.0,0.04,0.05,0.02,171164,5826,0.3313,0.0694,0.09083,-0.045,0.0059
2026-08-21 19:39:43,713.82,2026-08-21,717.0,0.03,0.04,0.03,112798,6840,0.4227,0.0454,0.05095,-0.035,0.0042
2026-08-21 19:39:43,713.82,2026-08-21,717.5,0.01,0.02,0.01,18583,1907,0.4112,0.0221,0.02894,-0.015,0.0023
2026-08-21 19:39:43,713.82,2026-08-21,718.0,0.03,0.04,0.03,31110,6599,0.5273,0.0375,0.03496,-0.035,0.0036
2026-08-21 19:39:43,713.82,2026-08-21,719.0,0,0.03,0.01,28063,3930,0.519,0.0125,0.01408,-0.01,0.0014
2026-08-21 19:39:43,713.82,2026-08-21,720.0,0,0.01,0.01,44311,21971,0.6046,0.0109,0.01073,-0.01,0.0013
2026-08-21 19:40:43,713.77,2026-08-21,707.0,6.52,6.89,6.52,3395,861,,,,,
2026-08-21 19:40:43,713.77,2026-08-21,708.0,5.56,5.83,5.6,6233,646,,,,,
2026-08-21 19:40:43,713.77,2026-08-21,709.0,4.67,4.73,4.56,15372,1134,,,,,
2026-08-21 19:40:43,713.77,2026-08-21,710.0,3.69,3.82,3.62,134965,17785,,,,,
2026-08-21 19:40:43,713.77,2026-08-21,711.0,2.61,2.75,2.61,127618,810,,,,,
2026-08-21 19:40:43,713.77,2026-08-21,712.0,1.69,1.85,1.74,257405,1268,,,,,
2026-08-21 19:40:43,713.77,2026-08-21,712.5,1.18,1.31,1.18,122811,442,,,,,
2026-08-21 19:40:43,713.77,2026-08-21,713.0,0.75,0.83,0.78,372112,765,0.1254,0.9227,0.26715,-0.02,0.0063
2026-08-21 19:40:43,713.77,2026-08-21,714.0,0.17,0.19,0.24,450606,1413,0.1622,0.3722,0.53973,-0.18,0.0163
2026-08-21 19:40:43,713.77,2026-08-21,715.0,0.03,0.08,0.07,384802,8004,0.2338,0.1123,0.18886,-0.055,0.0082
2026-08-21 19:40:43,713.77,2026-08-21,716.0,0.04,0.05,0.03,171204,5826,0.3459,0.0684,0.08824,-0.045,0.0057
2026-08-21 19:40:43,713.77,2026-08-21,717.0,0.01,0.02,0.03,112806,6840,0.3781,0.0244,0.03504,-0.015,0.0025
2026-08-21 19:40:43,713.77,2026-08-21,717.5,0.03,0.04,0.01,18583,1907,0.4932,0.0406,0.04095,-0.035,0.0038
2026-08-21 19:40:43,713.77,2026-08-21,718.0,0.01,0.04,0.01,31111,6599,0.5149,0.0292,0.02986,-0.025,0.0029
2026-08-21 19:40:43,713.77,2026-08-21,719.0,0,0.01,0.02,28112,3930,0.5931,0.0211,0.01979,-0.02,0.0022
2026-08-21 19:40:43,713.77,2026-08-21,720.0,0,0.01,0.01,44321,21971,0.6246,0.0108,0.0106,-0.01,0.0012
2026-08-21 19:41:45,713.59,2026-08-21,707.0,6.47,6.84,6.66,3395,861,0.9085,0.9588,0.02312,-0.065,0.0037
2026-08-21 19:41:45,713.59,2026-08-21,708.0,5.42,5.67,5.6,6233,646,,,,,
2026-08-21 19:41:45,713.59,2026-08-21,709.0,4.61,4.66,4.56,15372,1134,0.6303,0.9591,0.03312,-0.045,0.0037
2026-08-21 19:41:45,713.59,2026-08-21,710.0,3.56,3.7,3.59,134987,17785,0.5046,0.9553,0.04443,-0.04,0.004
2026-08-21 19:41:45,713.59,2026-08-21,711.0,2.51,2.7,2.61,127669,810,0.3208,0.9729,0.0463,-0.015,0.0026
2026-08-21 19:41:45,713.59,2026-08-21,712.0,1.59,1.65,1.59,257455,1268,0.2486,0.9364,0.11934,-0.03,0.0052
2026-08-21 19:41:45,713.59,2026-08-21,712.5,1.14,1.16,1.12,122879,442,0.2259,0.875,0.21673,-0.06,0.0087
2026-08-21 19:41:45,713.59,2026-08-21,713.0,0.68,0.73,0.74,372549,765,0.1958,0.7639,0.37429,-0.115,0.0129
2026-08-21 19:41:45,713.59,2026-08-21,714.0,0.13,0.14,0.19,451036,1413,0.1762,0.2907,0.46267,-0.135,0.0144
2026-08-21 19:41:45,713.59,2026-08-21,715.0,0.01,0.06,0.06,385052,8004,0.2361,0.0782,0.14719,-0.035,0.0061
2026-08-21 19:41:45,713.59,2026-08-21,716.0,0.04,0.05,0.04,171212,5826,0.3776,0.065,0.07989,-0.045,0.0053
2026-08-21 19:41:45,713.59,2026-08-21,717.0,0.03,0.04,0.01,112810,6840,0.4717,0.0433,0.04632,-0.035,0.0039
2026-08-21 19:41:45,713.59,2026-08-21,717.5,0.03,0.04,0.01,18583,1907,0.5268,0.0393,0.03836,-0.035,0.0036
2026-08-21 19:41:45,713.59,2026-08-21,718.0,0,0.03,0.01,31112,6599,0.4767,0.0142,0.01801,-0.01,0.0015
2026-08-21 19:41:45,713.59,2026-08-21,719.0,0,0.03,0.01,28614,3930,0.5684,0.0121,0.01318,-0.01,0.0013
2026-08-21 19:41:45,713.59,2026-08-21,720.0,0,0.01,0.01,44322,21971,0.6583,0.0106,0.01014,-0.01,0.0012
2026-08-21 19:42:46,713.59,2026-08-21,707.0,6.46,6.83,6.66,3395,861,0.906,0.9634,0.02164,-0.055,0.0033
2026-08-21 19:42:46,713.59,2026-08-21,708.0,5.61,5.71,5.6,6233,646,0.8307,0.9512,0.02981,-0.07,0.0041
2026-08-21 19:42:46,713.59,2026-08-21,709.0,4.49,4.77,4.56,15372,1134,0.6344,0.9624,0.03161,-0.04,0.0033
2026-08-21 19:42:46,713.59,2026-08-21,710.0,3.64,3.65,3.64,135097,17785,0.5549,0.9441,0.04973,-0.055,0.0046
2026-08-21 19:42:46,713.59,2026-08-21,711.0,2.61,2.69,2.6,127691,810,0.4389,0.9264,0.07787,-0.06,0.0057
2026-08-21 19:42:46,713.59,2026-08-21,712.0,1.58,1.68,1.65,257499,1268,0.2741,0.9227,0.12938,-0.04,0.0059
2026-08-21 19:42:46,713.59,2026-08-21,712.5,1.1,1.18,1.2,122950,442,0.2202,0.8877,0.21214,-0.05,0.0078
2026-08-21 19:42:46,713.59,2026-08-21,713.0,0.68,0.74,0.74,373229,765,0.2055,0.7596,0.3707,-0.12,0.0127
2026-08-21 19:42:46,713.59,2026-08-21,714.0,0.17,0.18,0.18,452625,1413,0.2093,0.3165,0.41628,-0.175,0.0145
2026-08-21 19:42:46,713.59,2026-08-21,715.0,0.04,0.05,0.05,385226,8004,0.2588,0.0916,0.15565,-0.045,0.0067
2026-08-21 19:42:46,713.59,2026-08-21,716.0,0.03,0.04,0.02,171216,5826,0.368,0.0549,0.07392,-0.035,0.0045
2026-08-21 19:42:46,713.59,2026-08-21,717.0,0.01,0.04,0.02,112816,6840,0.4561,0.0341,0.04056,-0.025,0.0031
2026-08-21 19:42:46,713.59,2026-08-21,717.5,0.03,0.04,0.01,18583,1907,0.5422,0.0393,0.03836,-0.035,0.0035
2026-08-21 19:42:46,713.59,2026-08-21,718.0,0,0.03,0.01,31112,6599,0.4906,0.0142,0.01801,-0.01,0.0015
2026-08-21 19:42:46,713.59,2026-08-21,719.0,0,0.03,0.01,29414,3930,0.585,0.0121,0.01317,-0.01,0.0013
2026-08-21 19:42:46,713.59,2026-08-21,720.0,0,0.03,0.01,44322,21971,0.6774,0.0106,0.01014,-0.01,0.0011
2026-08-21 19:43:47,713.58,2026-08-21,707.0,6.37,6.73,6.66,3395,861,,,,,
2026-08-21 19:43:47,713.58,2026-08-21,708.0,5.54,5.61,5.6,6233,646,,,,,
2026-08-21 19:43:47,713.58,2026-08-21,709.0,4.5,4.69,4.65,15386,1134,0.552,0.9823,0.02,-0.015,0.0017
2026-08-21 19:43:47,713.58,2026-08-21,710.0,3.62,3.69,3.64,135117,17785,0.6118,0.9309,0.05484,-0.075,0.0053
2026-08-21 19:43:47,713.58,2026-08-21,711.0,2.54,2.7,2.65,127707,810,0.4113,0.9438,0.06943,-0.04,0.0045
2026-08-21 19:43:47,713.58,2026-08-21,712.0,1.57,1.68,1.66,257559,1268,0.2897,0.9161,0.1342,-0.045,0.0061
2026-08-21 19:43:47,713.58,2026-08-21,712.5,1.12,1.18,1.18,122988,442,0.25,0.8627,0.22169,-0.07,0.0087
2026-08-21 19:43:47,713.58,2026-08-21,713.0,0.69,0.75,0.76,374024,765,0.2258,0.7422,0.36093,-0.14,0.0128
2026-08-21 19:43:47,713.58,2026-08-21,714.0,0.11,0.12,0.17,453948,1413,0.1741,0.272,0.48109,-0.115,0.0132
2026-08-21 19:43:47,713.58,2026-08-21,715.0,0.03,0.04,0.04,385500,8004,0.2518,0.0778,0.14589,-0.035,0.0058
2026-08-21 19:43:47,713.58,2026-08-21,716.0,0.03,0.04,0.02,171261,5826,0.3806,0.0548,0.07352,-0.035,0.0044
2026-08-21 19:43:47,713.58,2026-08-21,717.0,0.03,0.04,0.02,112860,6840,0.5015,0.0432,0.04613,-0.035,0.0036
2026-08-21 19:43:47,713.58,2026-08-21,717.5,0.03,0.04,0.01,18602,1907,0.56,0.0392,0.03822,-0.035,0.0034
2026-08-21 19:43:47,713.58,2026-08-21,718.0,0,0.01,0.01,31112,6599,0.5066,0.0142,0.01795,-0.01,0.0014
2026-08-21 19:43:47,713.58,2026-08-21,719.0,0,0.03,0.01,29605,3930,0.6039,0.0121,0.01314,-0.01,0.0012
2026-08-21 19:43:47,713.58,2026-08-21,720.0,0,0.03,0.01,44323,21971,0.6992,0.0106,0.01012,-0.01,0.0011
2026-08-21 19:44:48,713.77,2026-08-21,707.0,6.5,6.9,6.66,3395,861,,,,,
2026-08-21 19:44:48,713.77,2026-08-21,708.0,5.75,5.91,5.71,6234,646,0.8796,0.9571,0.02699,-0.06,0.0035
2026-08-21 19:44:48,713.77,2026-08-21,709.0,4.66,4.87,4.62,15397,1134,,,,,
2026-08-21 19:44:48,713.77,2026-08-21,710.0,3.66,3.9,3.66,135134,17785,0.453,0.9852,0.02152,-0.01,0.0014
2026-08-21 19:44:48,713.77,2026-08-21,711.0,2.73,2.82,2.74,127718,810,0.3117,0.9899,0.02253,-0.005,0.001
2026-08-21 19:44:48,713.77,2026-08-21,712.0,1.71,1.87,1.74,257614,1268,0.2719,0.9554,0.09017,-0.02,0.0036
2026-08-21 19:44:48,713.77,2026-08-21,712.5,1.28,1.33,1.32,123017,442,0.2381,0.9181,0.16559,-0.035,0.0058
2026-08-21 19:44:48,713.77,2026-08-21,713.0,0.86,0.89,0.86,374605,765,0.2405,0.7985,0.30467,-0.105,0.0108
2026-08-21 19:44:48,713.77,2026-08-21,714.0,0.2,0.22,0.21,454703,1413,0.2032,0.3847,0.48995,-0.21,0.0147
2026-08-21 19:44:48,713.77,2026-08-21,715.0,0.04,0.05,0.05,386003,8004,0.249,0.0996,0.18301,-0.045,0.0067
2026-08-21 19:44:48,713.77,2026-08-21,716.0,0.03,0.04,0.03,171925,5826,0.3684,0.0579,0.08189,-0.035,0.0044
2026-08-21 19:44:48,713.77,2026-08-21,717.0,0,0.03,0.01,112875,6840,0.4,0.018,0.02881,-0.01,0.0017
2026-08-21 19:44:48,713.77,2026-08-21,717.5,0.01,0.02,0.01,18602,1907,0.4804,0.0219,0.02837,-0.015,0.002
2026-08-21 19:44:48,713.77,2026-08-21,718.0,0,0.03,0.01,31121,6599,0.5037,0.0146,0.01918,-0.01,0.0014
2026-08-21 19:44:48,713.77,2026-08-21,719.0,0,0.03,0.01,29607,3930,0.6046,0.0124,0.01388,-0.01,0.0012
2026-08-21 19:44:48,713.77,2026-08-21,720.0,0,0.03,0.01,44323,21971,0.7033,0.0108,0.0106,-0.01,0.0011
2026-08-21 19:45:48,713.95,2026-08-21,707.0,6.79,7.05,6.66,3395,861,,,,,
2026-08-21 19:45:48,713.95,2026-08-21,708.0,5.67,6,5.71,6234,646,,,,,
2026-08-21 19:45:48,713.95,2026-08-21,709.0,4.87,4.92,4.88,15398,1134,,,,,
2026-08-21 19:45:48,713.95,2026-08-21,710.0,3.87,3.94,3.91,135219,17785,,,,,
2026-08-21 19:45:48,713.95,2026-08-21,711.0,2.79,3.06,2.85,127735,810,,,,,
2026-08-21 19:45:48,713.95,2026-08-21,712.0,1.93,1.97,1.88,257716,1268,,,,,
2026-08-21 19:45:48,713.95,2026-08-21,712.5,1.4,1.48,1.38,123082,442,,,,,
2026-08-21 19:45:48,713.95,2026-08-21,713.0,0.98,1.01,1.02,376385,765,0.2133,0.8855,0.24455,-0.045,0.0072
2026-08-21 19:45:48,713.95,2026-08-21,714.0,0.34,0.36,0.34,457657,1413,0.2528,0.4794,0.42491,-0.35,0.0148
2026-08-21 19:45:48,713.95,2026-08-21,715.0,0.07,0.08,0.08,387522,8004,0.2684,0.1464,0.23034,-0.075,0.0085
2026-08-21 19:45:48,713.95,2026-08-21,716.0,0.01,0.02,0.02,172052,5826,0.3021,0.034,0.0673,-0.015,0.0028
2026-08-21 19:45:48,713.95,2026-08-21,717.0,0,0.01,0.01,112900,6840,0.3942,0.0188,0.03139,-0.01,0.0017
2026-08-21 19:45:48,713.95,2026-08-21,717.5,0,0.01,0.01,18610,1907,0.4486,0.0167,0.025,-0.01,0.0015
2026-08-21 19:45:48,713.95,2026-08-21,718.0,0,0.01,0.01,31624,6599,0.5021,0.0151,0.02049,-0.01,0.0014
2026-08-21 19:45:48,713.95,2026-08-21,719.0,0,0.01,0.01,29611,3930,0.6069,0.0128,0.01464,-0.01,0.0012
2026-08-21 19:45:48,713.95,2026-08-21,720.0,0,0.01,0.01,44623,21971,0.7095,0.0111,0.01109,-0.01,0.0011
2026-08-21 19:46:51,713.99,2026-08-21,707.0,6.9,7,6.66,3395,861,,,,,
2026-08-21 19:46:51,713.99,2026-08-21,708.0,5.87,6.01,5.73,6254,646,,,,,
2026-08-21 19:46:51,713.99,2026-08-21,709.0,4.87,5.15,4.88,15398,1134,0.6908,0.9789,0.02052,-0.02,0.0018
2026-08-21 19:46:51,713.99,2026-08-21,710.0,3.86,4.07,3.9,135341,17785,,,,,
2026-08-21 19:46:51,713.99,2026-08-21,711.0,2.98,3.07,2.86,127773,810,0.4998,0.9536,0.05445,-0.035,0.0035
2026-08-21 19:46:51,713.99,2026-08-21,712.0,1.96,2.02,1.97,257754,1268,,,,,
2026-08-21 19:46:51,713.99,2026-08-21,712.5,1.43,1.58,1.46,123147,442,0.2403,0.9591,0.10234,-0.015,0.0031
2026-08-21 19:46:51,713.99,2026-08-21,713.0,1.09,1.11,1.02,377065,765,0.3071,0.8172,0.24158,-0.11,0.0095
2026-08-21 19:46:51,713.99,2026-08-21,714.0,0.32,0.33,0.32,458784,1413,0.2314,0.4958,0.48286,-0.325,0.0142
2026-08-21 19:46:51,713.99,2026-08-21,715.0,0.03,0.08,0.07,387734,8004,0.2463,0.1259,0.2352,-0.055,0.0074
2026-08-21 19:46:51,713.99,2026-08-21,716.0,0.03,0.04,0.03,172068,5826,0.3651,0.062,0.09377,-0.035,0.0044
2026-08-21 19:46:51,713.99,2026-08-21,717.0,0,0.03,0.01,112941,6840,0.405,0.019,0.03201,-0.01,0.0017
2026-08-21 19:46:51,713.99,2026-08-21,717.5,0,0.03,0.01,18611,1907,0.4616,0.0169,0.02543,-0.01,0.0015
2026-08-21 19:46:51,713.99,2026-08-21,718.0,0,0.03,0.01,31625,6599,0.5172,0.0153,0.0208,-0.01,0.0014
2026-08-21 19:46:51,713.99,2026-08-21,719.0,0,0.01,0.01,29611,3930,0.6263,0.0129,0.01482,-0.01,0.0012
2026-08-21 19:46:51,713.99,2026-08-21,720.0,0,0.03,0.01,44623,21971,0.7328,0.0112,0.0112,-0.01,0.001
2026-08-21 19:47:51,714.08,2026-08-21,708.0,6,6.25,5.73,6254,646,0.9738,0.9664,0.02238,-0.045,0.0026
2026-08-21 19:47:51,714.08,2026-08-21,709.0,4.9,5.1,4.88,15399,1134,,,,,
2026-08-21 19:47:51,714.08,2026-08-21,710.0,4,4.13,4.01,135360,17785,,,,,
2026-08-21 19:47:51,714.08,2026-08-21,711.0,2.94,3.08,2.99,127804,810,,,,,
2026-08-21 19:47:51,714.08,2026-08-21,712.0,2.1,2.12,2.02,257792,1268,0.3771,0.9465,0.08417,-0.03,0.0037
2026-08-21 19:47:51,714.08,2026-08-21,712.5,1.61,1.68,1.52,123177,442,0.3695,0.8942,0.14423,-0.065,0.0063
2026-08-21 19:47:51,714.08,2026-08-21,713.0,1.12,1.17,1.16,377544,765,0.2823,0.868,0.22066,-0.065,0.0073
2026-08-21 19:47:51,714.08,2026-08-21,714.0,0.42,0.43,0.4,459975,1413,0.28,0.5337,0.41372,-0.345,0.0136
2026-08-21 19:47:51,714.08,2026-08-21,715.0,0.09,0.1,0.09,388465,8004,0.2891,0.1774,0.26208,-0.095,0.0089
2026-08-21 19:47:51,714.08,2026-08-21,716.0,0.01,0.02,0.03,172091,5826,0.3095,0.0356,0.0738,-0.015,0.0027
2026-08-21 19:47:51,714.08,2026-08-21,717.0,0,0.01,0.01,112953,6840,0.4108,0.0194,0.03349,-0.01,0.0016
2026-08-21 19:47:51,714.08,2026-08-21,717.5,0,0.01,0.01,18612,1907,0.4698,0.0172,0.02644,-0.01,0.0015
2026-08-21 19:47:51,714.08,2026-08-21,718.0,0,0.01,0.01,31637,6599,0.5279,0.0155,0.02153,-0.01,0.0013
2026-08-21 19:47:51,714.08,2026-08-21,719.0,0,0.03,0.01,29611,3930,0.6416,0.013,0.01524,-0.01,0.0012
2026-08-21 19:47:51,714.08,2026-08-21,720.0,0,0.03,0.01,44629,21971,0.7527,0.0113,0.01147,-0.01,0.001
2026-08-21 19:47:51,714.08,2026-08-21,721.0,0,0.01,0.01,17331,2166,0.8618,0.01,0.00901,-0.01,0.0009
2026-08-21 19:48:52,714.21,2026-08-21,708.0,6.2,6.36,5.73,6254,646,1.1249,0.9545,0.02587,-0.07,0.0031
2026-08-21 19:48:52,714.21,2026-08-21,709.0,5.07,5.36,4.88,15399,1134,0.6397,0.9936,0.00856,-0.005,0.0006
2026-08-21 19:48:52,714.21,2026-08-21,710.0,4.21,4.3,4.08,135381,17785,0.7529,0.9562,0.03746,-0.045,0.003
2026-08-21 19:48:52,714.21,2026-08-21,711.0,3.08,3.37,3.11,127810,810,0.4937,0.9764,0.0343,-0.015,0.0018
2026-08-21 19:48:52,714.21,2026-08-21,712.0,2.21,2.23,2.16,257807,1268,0.3367,0.9774,0.04861,-0.01,0.0018
2026-08-21 19:48:52,714.21,2026-08-21,712.5,1.66,1.72,1.68,123298,442,,,,,
2026-08-21 19:48:52,714.21,2026-08-21,713.0,1.24,1.29,1.2,377861,765,0.3037,0.8878,0.19113,-0.055,0.0063
2026-08-21 19:48:52,714.21,2026-08-21,714.0,0.42,0.47,0.46,461071,1413,0.251,0.601,0.46809,-0.235,0.0127
2026-08-21 19:48:52,714.21,2026-08-21,715.0,0.05,0.1,0.06,388784,8004,0.2514,0.17,0.30625,-0.075,0.0083
2026-08-21 19:48:52,714.21,2026-08-21,716.0,0.01,0.04,0.03,172167,5826,0.3372,0.0535,0.09816,-0.025,0.0036
2026-08-21 19:48:52,714.21,2026-08-21,717.0,0,0.03,0.01,112953,6840,0.4127,0.0201,0.03584,-0.01,0.0016
2026-08-21 19:48:52,714.21,2026-08-21,717.5,0,0.03,0.01,18652,1907,0.4747,0.0177,0.02802,-0.01,0.0014
2026-08-21 19:48:52,714.21,2026-08-21,718.0,0,0.03,0.01,31650,6599,0.5356,0.0159,0.02265,-0.01,0.0013
2026-08-21 19:48:52,714.21,2026-08-21,719.0,0,0.03,0.01,29611,3930,0.6547,0.0133,0.01587,-0.01,0.0011
2026-08-21 19:48:52,714.21,2026-08-21,720.0,0,0.01,0.01,44629,21971,0.7711,0.0115,0.01187,-0.01,0.001
2026-08-21 19:48:52,714.21,2026-08-21,721.0,0,0.01,0.01,17331,2166,0.8852,0.0101,0.00928,-0.01,0.0009
2026-08-21 19:49:53,714.2,2026-08-21,708.0,6.07,6.27,5.73,6254,646,,,,,
2026-08-21 19:49:53,714.2,2026-08-21,709.0,5.08,5.2,5.16,15404,1134,,,,,
2026-08-21 19:49:53,714.2,2026-08-21,710.0,4.019,4.21,4.12,135395,17785,,,,,
2026-08-21 19:49:53,714.2,2026-08-21,711.0,3.02,3.22,3.03,127819,810,,,,,
2026-08-21 19:49:53,714.2,2026-08-21,712.0,2.06,2.28,2.14,257818,1268,,,,,
2026-08-21 19:49:53,714.2,2026-08-21,712.5,1.62,1.77,1.72,123339,442,,,,,
2026-08-21 19:49:53,714.2,2026-08-21,713.0,1.17,1.27,1.17,377972,765,0.2572,0.9313,0.16423,-0.025,0.0041
2026-08-21 19:49:53,714.2,2026-08-21,714.0,0.38,0.41,0.42,461501,1413,0.2294,0.6075,0.53488,-0.2,0.012
2026-08-21 19:49:53,714.2,2026-08-21,715.0,0.05,0.1,0.06,388994,8004,0.2669,0.1683,0.30069,-0.075,0.0079
2026-08-21 19:49:53,714.2,2026-08-21,716.0,0.01,0.04,0.03,172257,5826,0.356,0.0531,0.09708,-0.025,0.0034
2026-08-21 19:49:53,714.2,2026-08-21,717.0,0,0.01,0.01,112954,6840,0.4348,0.02,0.03555,-0.01,0.0015
2026-08-21 19:49:53,714.2,2026-08-21,717.5,0,0.01,0.01,18652,1907,0.4998,0.0177,0.02783,-0.01,0.0014
2026-08-21 19:49:53,714.2,2026-08-21,718.0,0,0.03,0.01,31661,6599,0.5636,0.0159,0.02252,-0.01,0.0012
2026-08-21 19:49:53,714.2,2026-08-21,719.0,0,0.03,0.01,29611,3930,0.6885,0.0133,0.0158,-0.01,0.0011
2026-08-21 19:49:53,714.2,2026-08-21,720.0,0,0.03,0.01,44629,21971,0.8105,0.0115,0.01182,-0.01,0.0009
2026-08-21 19:49:53,714.2,2026-08-21,721.0,0,0.03,0.01,17331,2166,0.9302,0.0101,0.00924,-0.01,0.0008
2026-08-21 19:50:53,713.8,2026-08-21,707.0,6.72,6.93,6.67,3399,861,1.0843,0.9832,0.01295,-0.02,0.0012
2026-08-21 19:50:53,713.8,2026-08-21,708.0,5.55,5.86,5.73,6254,646,,,,,
2026-08-21 19:50:53,713.8,2026-08-21,709.0,4.68,4.79,4.96,15424,1134,,,,,
2026-08-21 19:50:53,713.8,2026-08-21,710.0,3.67,3.83,3.77,135446,17785,,,,,
2026-08-21 19:50:53,713.8,2026-08-21,711.0,2.66,2.86,2.77,127845,810,,,,,
2026-08-21 19:50:53,713.8,2026-08-21,712.0,1.67,1.78,1.78,257831,1268,,,,,
2026-08-21 19:50:53,713.8,2026-08-21,712.5,1.16,1.32,1.25,123356,442,,,,,
2026-08-21 19:50:53,713.8,2026-08-21,713.0,0.77,0.8,0.78,378811,765,,,,,
2026-08-21 19:50:53,713.8,2026-08-21,714.0,0.16,0.17,0.17,462335,1413,0.2112,0.3785,0.60619,-0.165,0.0113
2026-08-21 19:50:53,713.8,2026-08-21,715.0,0.03,0.04,0.05,389268,8004,0.2951,0.0868,0.18029,-0.035,0.0047
2026-08-21 19:50:53,713.8,2026-08-21,716.0,0.01,0.02,0.02,172515,5826,0.399,0.0323,0.06108,-0.015,0.0022
2026-08-21 19:50:53,713.8,2026-08-21,717.0,0,0.01,0.01,112958,6840,0.5121,0.0181,0.02928,-0.01,0.0013
2026-08-21 19:50:53,713.8,2026-08-21,717.5,0,0.01,0.01,18652,1907,0.5797,0.0162,0.02354,-0.01,0.0012
2026-08-21 19:50:53,713.8,2026-08-21,718.0,0,0.03,0.01,31661,6599,0.6462,0.0147,0.01943,-0.01,0.0011
2026-08-21 19:50:53,713.8,2026-08-21,719.0,0,0.03,0.01,29611,3930,0.7766,0.0125,0.01402,-0.01,0.001
2026-08-21 19:50:53,713.8,2026-08-21,720.0,0,0.01,0.01,44629,21971,0.9043,0.0109,0.01069,-0.01,0.0009
2026-08-21 19:51:55,713.65,2026-08-21,707.0,6.41,6.76,6.67,3399,861,,,,,
2026-08-21 19:51:55,713.65,2026-08-21,708.0,5.63,5.83,5.73,6254,646,1.2595,0.9466,0.03084,-0.08,0.003
2026-08-21 19:51:55,713.65,2026-08-21,709.0,4.65,4.92,4.96,15424,1134,1.2215,0.9144,0.0458,-0.135,0.0044
2026-08-21 19:51:55,713.65,2026-08-21,710.0,3.72,3.76,3.67,135450,17785,0.92,0.9228,0.05623,-0.09,0.004
2026-08-21 19:51:55,713.65,2026-08-21,711.0,2.65,2.85,2.69,127859,810,0.7442,0.8993,0.08478,-0.1,0.0049
2026-08-21 19:51:55,713.65,2026-08-21,712.0,1.63,1.82,1.72,257881,1268,0.4875,0.8874,0.14022,-0.075,0.0053
2026-08-21 19:51:55,713.65,2026-08-21,712.5,1.15,1.3,1.25,123399,442,0.3788,0.8616,0.20845,-0.075,0.0062
2026-08-21 19:51:55,713.65,2026-08-21,713.0,0.73,0.84,0.82,379114,765,0.3344,0.7569,0.33469,-0.135,0.0088
2026-08-21 19:51:55,713.65,2026-08-21,714.0,0.08,0.13,0.1,462835,1413,0.2154,0.2811,0.55977,-0.105,0.0094
2026-08-21 19:51:55,713.65,2026-08-21,715.0,0.01,0.04,0.02,389670,8004,0.3176,0.0646,0.14204,-0.025,0.0035
2026-08-21 19:51:55,713.65,2026-08-21,716.0,0.03,0.04,0.02,172655,5826,0.527,0.0559,0.07641,-0.035,0.0031
2026-08-21 19:51:55,713.65,2026-08-21,717.0,0,0.03,0.02,112993,6840,0.6317,0.0293,0.03782,-0.02,0.0019
2026-08-21 19:51:55,713.65,2026-08-21,717.5,0,0.01,0.01,18653,1907,0.6378,0.0157,0.02212,-0.01,0.0011
2026-08-21 19:51:55,713.65,2026-08-21,718.0,0,0.01,0.01,31663,6599,0.7082,0.0143,0.01838,-0.01,0.001
2026-08-21 19:51:55,713.65,2026-08-21,719.0,0,0.03,0.01,29611,3930,0.8462,0.0122,0.0134,-0.01,0.0009
2026-08-21 19:51:55,713.65,2026-08-21,720.0,0,0.03,0.01,44638,21971,0.9814,0.0107,0.01029,-0.01,0.0008
2026-08-21 19:52:56,713.55,2026-08-21,707.0,6.52,6.72,6.67,3399,861,1.4769,0.9561,0.02407,-0.07,0.0024
2026-08-21 19:52:56,713.55,2026-08-21,708.0,5.34,5.84,5.73,6254,646,1.1617,0.9669,0.02432,-0.04,0.0019
2026-08-21 19:52:56,713.55,2026-08-21,709.0,4.45,4.71,4.96,15424,1134,0.9365,0.969,0.02857,-0.03,0.0018
2026-08-21 19:52:56,713.55,2026-08-21,710.0,3.6,3.73,3.65,135463,17785,1.0249,0.9083,0.06147,-0.115,0.0043
2026-08-21 19:52:56,713.55,2026-08-21,711.0,2.47,2.68,2.75,127864,810,0.5628,0.9588,0.05995,-0.025,0.0023
2026-08-21 19:52:56,713.55,2026-08-21,712.0,1.48,1.78,1.73,257894,1268,0.5084,0.8787,0.15163,-0.08,0.0053
2026-08-21 19:52:56,713.55,2026-08-21,712.5,1.02,1.17,1.13,123434,442,0.3259,0.8914,0.21861,-0.045,0.0049
2026-08-21 19:52:56,713.55,2026-08-21,713.0,0.66,0.69,0.69,379501,765,0.3157,0.7478,0.38677,-0.125,0.0083
2026-08-21 19:52:56,713.55,2026-08-21,714.0,0.1,0.11,0.11,463353,1413,0.2615,0.2557,0.47023,-0.105,0.0084
2026-08-21 19:52:56,713.55,2026-08-21,715.0,0.01,0.04,0.04,390243,8004,0.3591,0.0616,0.12948,-0.025,0.0032
2026-08-21 19:52:56,713.55,2026-08-21,716.0,0.03,0.04,0.03,172663,5826,0.5825,0.0543,0.07231,-0.035,0.0029
2026-08-21 19:52:56,713.55,2026-08-21,717.0,0,0.01,0.01,112998,6840,0.6212,0.0171,0.0261,-0.01,0.0011
2026-08-21 19:52:56,713.55,2026-08-21,717.5,0,0.01,0.01,18677,1907,0.6973,0.0154,0.02128,-0.01,0.001
2026-08-21 19:52:56,713.55,2026-08-21,718.0,0,0.03,0.01,31726,6599,0.7724,0.0141,0.01776,-0.01,0.0009
2026-08-21 19:52:56,713.55,2026-08-21,719.0,0,0.01,0.01,29611,3930,0.9197,0.012,0.01302,-0.01,0.0008
2026-08-21 19:52:56,713.55,2026-08-21,720.0,0,0.03,0.01,44739,21971,1.064,0.0106,0.01004,-0.01,0.0007
2026-08-21 19:53:57,713.47,2026-08-21,707.0,6.19,6.63,6.67,3399,861,,,,,
2026-08-21 19:53:57,713.47,2026-08-21,708.0,5.42,5.61,5.73,6254,646,1.2921,0.9606,0.02723,-0.05,0.0021
2026-08-21 19:53:57,713.47,2026-08-21,709.0,4.31,4.63,4.75,15429,1134,0.7639,0.9924,0.01139,-0.005,0.0005
2026-08-21 19:53:57,713.47,2026-08-21,710.0,3.42,3.62,3.63,135549,17785,0.9135,0.9423,0.05233,-0.055,0.0028
2026-08-21 19:53:57,713.47,2026-08-21,711.0,2.4,2.58,2.7,127903,810,0.5923,0.9578,0.06289,-0.025,0.0022
2026-08-21 19:53:57,713.47,2026-08-21,712.0,1.4,1.68,1.73,257919,1268,0.5183,0.8792,0.16032,-0.075,0.0049
2026-08-21 19:53:57,713.47,2026-08-21,712.5,0.92,1.05,1.09,123662,442,0.2688,0.9314,0.20329,-0.02,0.0032
2026-08-21 19:53:57,713.47,2026-08-21,713.0,0.56,0.6,0.6,380797,765,0.3005,0.7393,0.447,-0.115,0.0079
2026-08-21 19:53:57,713.47,2026-08-21,714.0,0.08,0.09,0.09,465096,1413,0.2828,0.2174,0.42997,-0.085,0.0071
2026-08-21 19:53:57,713.47,2026-08-21,715.0,0.01,0.02,0.02,390639,8004,0.3661,0.0417,0.10073,-0.015,0.0022
2026-08-21 19:53:57,713.47,2026-08-21,716.0,0.01,0.04,0.03,172739,5826,0.6052,0.042,0.06129,-0.025,0.0022
2026-08-21 19:53:57,713.47,2026-08-21,717.0,0,0.03,0.01,113010,6840,0.6857,0.0168,0.02516,-0.01,0.001
2026-08-21 19:53:57,713.47,2026-08-21,717.5,0,0.03,0.01,18677,1907,0.7678,0.0152,0.0206,-0.01,0.0009
2026-08-21 19:53:57,713.47,2026-08-21,718.0,0,0.03,0.01,31726,6599,0.8487,0.0139,0.01725,-0.01,0.0009
2026-08-21 19:53:57,713.47,2026-08-21,719.0,0,0.03,0.01,30062,3930,1.0077,0.0119,0.01272,-0.01,0.0007
2026-08-21 19:53:57,713.47,2026-08-21,720.0,0,0.01,0.01,44740,21971,1.1635,0.0105,0.00984,-0.01,0.0007
2026-08-21 19:54:58,713.39,2026-08-21,707.0,6.18,6.63,6.67,3399,861,1.3297,0.9858,0.01233,-0.015,0.0008
2026-08-21 19:54:58,713.39,2026-08-21,708.0,5.32,5.65,5.73,6254,646,1.5975,0.938,0.03468,-0.095,0.0027
2026-08-21 19:54:58,713.39,2026-08-21,709.0,4.22,4.63,4.75,15429,1134,1.1089,0.9643,0.03213,-0.035,0.0017
2026-08-21 19:54:58,713.39,2026-08-21,710.0,3.4,3.57,3.55,135647,17785,1.1185,0.9161,0.06245,-0.095,0.0034
2026-08-21 19:54:58,713.39,2026-08-21,711.0,2.38,2.49,2.52,127937,810,0.7168,0.9352,0.08,-0.045,0.0028
2026-08-21 19:54:58,713.39,2026-08-21,712.0,1.32,1.62,1.56,257928,1268,0.5589,0.8708,0.17094,-0.08,0.0046
2026-08-21 19:54:58,713.39,2026-08-21,712.5,0.92,1,1.12,123669,442,0.3955,0.8466,0.27133,-0.07,0.0052
2026-08-21 19:54:58,713.39,2026-08-21,713.0,0.53,0.55,0.53,381376,765,0.348,0.6947,0.45662,-0.15,0.0077
2026-08-21 19:54:58,713.39,2026-08-21,714.0,0.03,0.08,0.08,467085,1413,0.2841,0.1655,0.3969,-0.055,0.0055
2026-08-21 19:54:58,713.39,2026-08-21,715.0,0.01,0.04,0.04,390864,8004,0.4622,0.0574,0.11291,-0.025,0.0025
2026-08-21 19:54:58,713.39,2026-08-21,716.0,0.03,0.04,0.02,172751,5826,0.7262,0.052,0.06647,-0.035,0.0023
2026-08-21 19:54:58,713.39,2026-08-21,717.0,0,0.03,0.01,113110,6840,0.7656,0.0165,0.02437,-0.01,0.0009
2026-08-21 19:54:58,713.39,2026-08-21,717.5,0,0.01,0.01,18717,1907,0.8555,0.015,0.02004,-0.01,0.0008
2026-08-21 19:54:58,713.39,2026-08-21,718.0,0,0.03,0.01,31732,6599,0.9441,0.0137,0.01683,-0.01,0.0008
2026-08-21 19:54:58,713.39,2026-08-21,719.0,0,0.03,0.01,30065,3930,1.1181,0.0118,0.01246,-0.01,0.0007
2026-08-21 19:54:58,713.39,2026-08-21,720.0,0,0.01,0.01,44740,21971,1.2887,0.0104,0.00967,-0.01,0.0006
2026-08-21 19:55:59,713.44,2026-08-21,707.0,6.44,6.58,6.67,3399,861,1.9345,0.9555,0.02467,-0.07,0.0019
2026-08-21 19:55:59,713.44,2026-08-21,708.0,5.41,5.58,5.57,6257,646,1.61,0.9577,0.02845,-0.055,0.0018
2026-08-21 19:55:59,713.44,2026-08-21,709.0,4.3,4.54,4.49,15431,1134,,,,,
2026-08-21 19:55:59,713.44,2026-08-21,710.0,3.31,3.54,3.46,135683,17785,,,,,
2026-08-21 19:55:59,713.44,2026-08-21,711.0,2.39,2.44,2.64,127942,810,,,,,
2026-08-21 19:55:59,713.44,2026-08-21,712.0,1.36,1.52,1.51,257944,1268,,,,,
2026-08-21 19:55:59,713.44,2026-08-21,712.5,0.9,1,0.98,123725,442,0.2791,0.9565,0.16764,-0.01,0.0018
2026-08-21 19:55:59,713.44,2026-08-21,713.0,0.5,0.58,0.58,381935,765,0.3353,0.7477,0.48349,-0.1,0.0063
2026-08-21 19:55:59,713.44,2026-08-21,714.0,0.07,0.08,0.08,468317,1413,0.3389,0.2011,0.42076,-0.075,0.0055
2026-08-21 19:55:59,713.44,2026-08-21,715.0,0.03,0.04,0.02,393336,8004,0.5444,0.0732,0.12962,-0.035,0.0027
2026-08-21 19:55:59,713.44,2026-08-21,716.0,0.01,0.04,0.02,172819,5826,0.749,0.0417,0.06046,-0.025,0.0018
2026-08-21 19:55:59,713.44,2026-08-21,717.0,0,0.01,0.01,113230,6840,0.847,0.0167,0.02489,-0.01,0.0008
2026-08-21 19:55:59,713.44,2026-08-21,717.5,0,0.01,0.01,18717,1907,0.9477,0.0151,0.02041,-0.01,0.0008
2026-08-21 19:55:59,713.44,2026-08-21,718.0,0,0.01,0.01,31803,6599,1.047,0.0138,0.01711,-0.01,0.0007
2026-08-21 19:55:59,713.44,2026-08-21,719.0,0,0.03,0.01,30065,3930,1.242,0.0119,0.01263,-0.01,0.0006
2026-08-21 19:55:59,713.44,2026-08-21,720.0,0,0.03,0.01,44744,21971,1.4332,0.0104,0.00978,-0.01,0.0005
2026-08-21 19:57:01,713.48,2026-08-21,707.0,6.21,6.5,6.67,3399,861,,,,,
2026-08-21 19:57:01,713.48,2026-08-21,708.0,5.29,5.49,5.57,6257,646,,,,,
2026-08-21 19:57:01,713.48,2026-08-21,709.0,4.3,4.72,4.45,15435,1134,1.4656,0.9647,0.03131,-0.035,0.0013
2026-08-21 19:57:01,713.48,2026-08-21,710.0,3.27,3.59,3.53,135728,17785,,,,,
2026-08-21 19:57:01,713.48,2026-08-21,711.0,2.23,2.47,2.44,127960,810,,,,,
2026-08-21 19:57:01,713.48,2026-08-21,712.0,1.34,1.52,1.46,258119,1268,,,,,
2026-08-21 19:57:01,713.48,2026-08-21,712.5,0.81,1.04,1.04,123766,442,,,,,
2026-08-21 19:57:01,713.48,2026-08-21,713.0,0.52,0.55,0.55,382966,765,0.3262,0.805,0.49837,-0.06,0.0047
2026-08-21 19:57:01,713.48,2026-08-21,714.0,0.08,0.09,0.09,471945,1413,0.399,0.2193,0.43665,-0.085,0.005
2026-08-21 19:57:01,713.48,2026-08-21,715.0,0.03,0.04,0.03,401993,8004,0.6215,0.0743,0.13336,-0.035,0.0024
2026-08-21 19:57:01,713.48,2026-08-21,716.0,0.03,0.04,0.03,173849,5826,0.9198,0.0532,0.06946,-0.035,0.0018
2026-08-21 19:57:01,713.48,2026-08-21,717.0,0,0.01,0.01,113950,6840,0.9755,0.0168,0.02526,-0.01,0.0007
2026-08-21 19:57:01,713.48,2026-08-21,717.5,0,0.03,0.01,18835,1907,1.0926,0.0152,0.02068,-0.01,0.0006
2026-08-21 19:57:01,713.48,2026-08-21,718.0,0,0.01,0.01,31899,6599,1.208,0.0139,0.01731,-0.01,0.0006
2026-08-21 19:57:01,713.48,2026-08-21,719.0,0,0.01,0.01,30095,3930,1.4348,0.0119,0.01275,-0.01,0.0005
2026-08-21 19:57:01,713.48,2026-08-21,720.0,0,0.03,0.01,44745,21971,1.657,0.0105,0.00987,-0.01,0.0005
2026-08-21 19:58:02,713.45,2026-08-21,707.0,6.27,6.57,6.67,3399,861,,,,,
2026-08-21 19:58:02,713.45,2026-08-21,708.0,5.42,5.64,5.57,6258,646,2.4872,0.9451,0.03241,-0.08,0.0015
2026-08-21 19:58:02,713.45,2026-08-21,709.0,4.4,4.68,4.54,15435,1134,2.177,0.932,0.04379,-0.09,0.0018
2026-08-21 19:58:02,713.45,2026-08-21,710.0,3.4,3.62,3.48,135732,17785,1.6303,0.9384,0.05414,-0.06,0.0017
2026-08-21 19:58:02,713.45,2026-08-21,711.0,2.37,2.52,2.54,127981,810,,,,,
2026-08-21 19:58:02,713.45,2026-08-21,712.0,1.45,1.57,1.41,258133,1268,0.8478,0.8932,0.15761,-0.06,0.0025
2026-08-21 19:58:02,713.45,2026-08-21,712.5,0.99,1.09,1.07,123855,442,0.7217,0.8307,0.25384,-0.09,0.0035
2026-08-21 19:58:02,713.45,2026-08-21,713.0,0.53,0.55,0.61,383267,765,0.4623,0.7604,0.48775,-0.09,0.0043
2026-08-21 19:58:02,713.45,2026-08-21,714.0,0.08,0.09,0.1,472973,1413,0.5048,0.2147,0.41996,-0.085,0.004
2026-08-21 19:58:02,713.45,2026-08-21,715.0,0.01,0.04,0.02,405321,8004,0.7183,0.0589,0.11866,-0.025,0.0016
2026-08-21 19:58:02,713.45,2026-08-21,716.0,0.03,0.04,0.03,173921,5826,1.1414,0.0528,0.06855,-0.035,0.0015
2026-08-21 19:58:02,713.45,2026-08-21,717.0,0,0.01,0.01,114183,6840,1.2084,0.0167,0.02499,-0.01,0.0006
2026-08-21 19:58:02,713.45,2026-08-21,717.5,0,0.01,0.01,18854,1907,1.3524,0.0151,0.02049,-0.01,0.0005
2026-08-21 19:58:02,713.45,2026-08-21,718.0,0,0.01,0.01,31990,6599,1.4945,0.0138,0.01717,-0.01,0.0005
2026-08-21 19:58:02,713.45,2026-08-21,719.0,0,0.01,0.01,30705,3930,1.7735,0.0119,0.01266,-0.01,0.0004
2026-08-21 19:58:02,713.45,2026-08-21,720.0,0,0.03,0.01,44757,21971,2.047,0.0104,0.00981,-0.01,0.0004
2026-08-21 19:59:03,713.67,2026-08-21,707.0,6.5,6.85,6.67,3399,861,,,,,
2026-08-21 19:59:03,713.67,2026-08-21,708.0,5.52,5.77,5.61,6278,646,,,,,
2026-08-21 19:59:03,713.67,2026-08-21,709.0,4.45,4.73,4.69,15454,1134,,,,,
2026-08-21 19:59:03,713.67,2026-08-21,710.0,3.59,3.78,3.65,135763,17785,1.7491,0.9839,0.02341,-0.01,0.0004
2026-08-21 19:59:03,713.67,2026-08-21,711.0,2.58,2.78,2.7,128116,810,1.207,0.988,0.02633,-0.005,0.0003
2026-08-21 19:59:03,713.67,2026-08-21,712.0,1.57,1.85,1.71,258640,1268,1.1528,0.9304,0.11783,-0.035,0.0013
2026-08-21 19:59:03,713.67,2026-08-21,712.5,1.03,1.23,1.23,123890,442,,,,,
2026-08-21 19:59:03,713.67,2026-08-21,713.0,0.66,0.76,0.75,383980,765,0.5891,0.878,0.34898,-0.035,0.002
2026-08-21 19:59:03,713.67,2026-08-21,714.0,0.12,0.13,0.13,476936,1413,0.6498,0.3059,0.54835,-0.125,0.0035
2026-08-21 19:59:03,713.67,2026-08-21,715.0,0.03,0.04,0.03,406010,8004,0.9625,0.0813,0.15882,-0.035,0.0015
2026-08-21 19:59:03,713.67,2026-08-21,716.0,0.01,0.04,0.01,173949,5826,1.3869,0.0446,0.06898,-0.025,0.0009
2026-08-21 19:59:03,713.67,2026-08-21,717.0,0,0.03,0.01,114613,6840,1.5991,0.0176,0.02758,-0.01,0.0004
2026-08-21 19:59:03,713.67,2026-08-21,717.5,0,0.01,0.01,18864,1907,1.8021,0.0158,0.02234,-0.01,0.0004
2026-08-21 19:59:03,713.67,2026-08-21,718.0,0,0.01,0.01,31990,6599,2.0021,0.0144,0.01854,-0.01,0.0004
2026-08-21 19:59:03,713.67,2026-08-21,719.0,0,0.03,0.01,30705,3930,2.3945,0.0123,0.0135,-0.01,0.0003
2026-08-21 19:59:03,713.67,2026-08-21,720.0,0,0.03,0.01,44757,21971,2.7788,0.0107,0.01035,-0.01,0.0003
2026-08-21 20:00:03,713.41,2026-08-21,707.0,4.59,8.33,6.67,3405,861,3.6236,0.9647,0.02181,-0.05,0.0008
2026-08-21 20:00:03,713.41,2026-08-21,708.0,3.46,5.91,5.4,6288,646,,,,,
2026-08-21 20:00:03,713.41,2026-08-21,709.0,4.14,5.03,4.7,15455,1134,3.5766,0.8961,0.05129,-0.175,0.0018
2026-08-21 20:00:03,713.41,2026-08-21,710.0,3.06,3.57,3.44,135818,17785,,,,,
2026-08-21 20:00:03,713.41,2026-08-21,711.0,2.12,2.53,2.5,128156,810,,,,,
2026-08-21 20:00:03,713.41,2026-08-21,712.0,1.22,1.49,1.27,258958,1268,,,,,
2026-08-21 20:00:03,713.41,2026-08-21,712.5,0.8,0.94,0.78,124540,442,,,,,
2026-08-21 20:00:03,713.41,2026-08-21,713.0,0.46,0.51,0.4,385908,765,0.5666,0.7691,0.54572,-0.075,0.003
2026-08-21 20:00:03,713.41,2026-08-21,714.0,0.07,0.08,0.05,486497,1413,0.7002,0.1962,0.40161,-0.075,0.0027
2026-08-21 20:00:03,713.41,2026-08-21,715.0,0.03,0.04,0.02,415757,8004,1.1059,0.0723,0.12652,-0.035,0.0014
2026-08-21 20:00:03,713.41,2026-08-21,716.0,0.01,0.02,0.02,176027,5826,1.3817,0.0287,0.04821,-0.015,0.0006
2026-08-21 20:00:03,713.41,2026-08-21,717.0,0,0.01,0.01,114965,6840,1.7077,0.0166,0.02458,-0.01,0.0004
2026-08-21 20:00:03,713.41,2026-08-21,717.5,0,0.03,0.01,19092,1907,1.9091,0.015,0.02018,-0.01,0.0004
2026-08-21 20:00:03,713.41,2026-08-21,718.0,0,0.03,0.01,32006,6599,2.1078,0.0137,0.01694,-0.01,0.0003
2026-08-21 20:00:03,713.41,2026-08-21,719.0,0,0.01,0.01,30762,3930,2.498,0.0118,0.01253,-0.01,0.0003
2026-08-21 20:00:03,713.41,2026-08-21,720.0,0,0.01,0.01,44763,21971,2.8805,0.0104,0.00972,-0.01,0.0003
2026-08-21 20:01:04,713.2,2026-08-21,707.0,4.59,8.33,6.37,3405,861,,,,,
2026-08-21 20:01:04,713.2,2026-08-21,708.0,3.46,5.91,5.24,6313,646,,,,,
2026-08-21 20:01:04,713.2,2026-08-21,709.0,4.14,5.03,4.27,15463,1134,4.4272,0.834,0.05721,-0.385,0.0025
2026-08-21 20:01:04,713.2,2026-08-21,710.0,3.06,3.57,3.21,135877,17785,2.5249,0.902,0.06962,-0.115,0.0017
2026-08-21 20:01:04,713.2,2026-08-21,711.0,2.12,2.53,2.15,128190,810,1.9777,0.8716,0.10781,-0.125,0.0021
2026-08-21 20:01:04,713.2,2026-08-21,712.0,1.22,1.49,1.17,258998,1268,1.4352,0.8028,0.19661,-0.155,0.0027
2026-08-21 20:01:04,713.2,2026-08-21,712.5,0.8,0.94,0.7,124583,442,1.1035,0.7408,0.29829,-0.17,0.0032
2026-08-21 20:01:04,713.2,2026-08-21,713.0,0.46,0.51,0.31,386460,765,0.9596,0.5842,0.41317,-0.285,0.0038
2026-08-21 20:01:04,713.2,2026-08-21,714.0,0.07,0.08,0.05,488434,1413,0.8471,0.1688,0.30232,-0.075,0.0025
2026-08-21 20:01:04,713.2,2026-08-21,715.0,0.03,0.04,0.04,416656,8004,1.2169,0.0667,0.10806,-0.035,0.0013
2026-08-21 20:01:04,713.2,2026-08-21,716.0,0.01,0.02,0.02,176210,5826,1.4746,0.0271,0.04309,-0.015,0.0006
2026-08-21 20:01:04,713.2,2026-08-21,717.0,0,0.01,0.01,114971,6840,1.7932,0.0159,0.02256,-0.01,0.0004
2026-08-21 20:01:04,713.2,2026-08-21,717.5,0,0.03,0.01,19113,1907,1.9935,0.0145,0.01871,-0.01,0.0004
2026-08-21 20:01:04,713.2,2026-08-21,718.0,0,0.03,0.01,32040,6599,2.1911,0.0133,0.01582,-0.01,0.0003
2026-08-21 20:01:04,713.2,2026-08-21,719.0,0,0.01,0.01,30763,3930,2.5797,0.0115,0.01183,-0.01,0.0003
2026-08-21 20:01:04,713.2,2026-08-21,720.0,0,0.01,0.01,44866,21971,2.9608,0.0101,0.00925,-0.01,0.0003
2026-08-21 20:02:07,713.15,2026-08-21,707.0,4.59,8.33,6.37,3405,861,,,,,
2026-08-21 20:02:07,713.15,2026-08-21,708.0,3.46,5.91,5.12,6334,646,,,,,
2026-08-21 20:02:07,713.15,2026-08-21,709.0,4.14,5.03,4.21,15464,1134,4.5924,0.8224,0.0576,-0.435,0.0026
2026-08-21 20:02:07,713.15,2026-08-21,710.0,3.06,3.57,3.12,135987,17785,2.7651,0.8775,0.07462,-0.165,0.002
2026-08-21 20:02:07,713.15,2026-08-21,711.0,2.12,2.53,2.08,128216,810,2.1713,0.8437,0.11219,-0.175,0.0024
2026-08-21 20:02:07,713.15,2026-08-21,712.0,1.22,1.49,1.17,259054,1268,1.573,0.7719,0.19536,-0.205,0.003
2026-08-21 20:02:07,713.15,2026-08-21,712.5,0.8,0.94,0.61,125189,442,1.2136,0.7073,0.28797,-0.22,0.0034
2026-08-21 20:02:07,713.15,2026-08-21,713.0,0.46,0.51,0.3,387165,765,1.0336,0.559,0.3881,-0.335,0.0039
2026-08-21 20:02:07,713.15,2026-08-21,714.0,0.07,0.08,0.04,490409,1413,0.8809,0.1636,0.28492,-0.075,0.0024
2026-08-21 20:02:07,713.15,2026-08-21,715.0,0.03,0.04,0.03,417268,8004,1.2431,0.0655,0.10433,-0.035,0.0013
2026-08-21 20:02:07,713.15,2026-08-21,716.0,0.01,0.02,0.01,176217,5826,1.4966,0.0267,0.042,-0.015,0.0006
2026-08-21 20:02:07,713.15,2026-08-21,717.0,0,0.01,0.01,114977,6840,1.8135,0.0157,0.02212,-0.01,0.0004
2026-08-21 20:02:07,713.15,2026-08-21,717.5,0,0.03,0.01,19117,1907,2.0135,0.0143,0.01838,-0.01,0.0004
2026-08-21 20:02:07,713.15,2026-08-21,718.0,0,0.03,0.01,32040,6599,2.2109,0.0132,0.01557,-0.01,0.0003
2026-08-21 20:02:07,713.15,2026-08-21,719.0,0,0.01,0.01,30765,3930,2.5991,0.0114,0.01168,-0.01,0.0003
2026-08-21 20:02:07,713.15,2026-08-21,720.0,0,0.01,0.01,45052,21971,2.9799,0.0101,0.00915,-0.01,0.0003
2026-08-21 20:03:08,713.13,2026-08-21,707.0,4.59,8.33,6.37,3405,861,,,,,
2026-08-21 20:03:08,713.13,2026-08-21,708.0,3.46,5.91,5.23,6335,646,,,,,
2026-08-21 20:03:08,713.13,2026-08-21,709.0,4.14,5.03,4.25,15471,1134,4.656,0.818,0.0577,-0.455,0.0026
2026-08-21 20:03:08,713.13,2026-08-21,710.0,3.06,3.57,3.13,135997,17785,2.8504,0.8688,0.07593,-0.185,0.0021
2026-08-21 20:03:08,713.13,2026-08-21,711.0,2.12,2.53,2.09,128243,810,2.2411,0.8338,0.11314,-0.195,0.0025
2026-08-21 20:03:08,713.13,2026-08-21,712.0,1.22,1.49,1.06,259079,1268,1.6238,0.7609,0.19423,-0.225,0.0031
2026-08-21 20:03:08,713.13,2026-08-21,712.5,0.8,0.94,0.65,125432,442,1.2547,0.6955,0.2836,-0.24,0.0034
2026-08-21 20:03:08,713.13,2026-08-21,713.0,0.46,0.51,0.23,387431,765,1.0621,0.5498,0.37888,-0.355,0.0039
2026-08-21 20:03:08,713.13,2026-08-21,714.0,0.07,0.08,0.02,494154,1413,0.8944,0.1617,0.27845,-0.075,0.0024
2026-08-21 20:03:08,713.13,2026-08-21,715.0,0.03,0.04,0.01,418220,8004,1.2535,0.0651,0.1029,-0.035,0.0012
2026-08-21 20:03:08,713.13,2026-08-21,716.0,0.01,0.02,0.01,176810,5826,1.5054,0.0266,0.04158,-0.015,0.0006
2026-08-21 20:03:08,713.13,2026-08-21,717.0,0,0.01,0.01,115037,6840,1.8216,0.0157,0.02194,-0.01,0.0004
2026-08-21 20:03:08,713.13,2026-08-21,717.5,0,0.03,0.01,19189,1907,2.0215,0.0143,0.01825,-0.01,0.0004
2026-08-21 20:03:08,713.13,2026-08-21,718.0,0,0.03,0.01,32040,6599,2.2188,0.0131,0.01547,-0.01,0.0003
2026-08-21 20:03:08,713.13,2026-08-21,719.0,0,0.01,0.01,30769,3930,2.6068,0.0114,0.01162,-0.01,0.0003
2026-08-21 20:03:08,713.13,2026-08-21,720.0,0,0.01,0.01,45155,21971,2.9875,0.01,0.00911,-0.01,0.0003
2026-08-21 20:04:08,713.14,2026-08-21,707.0,4.59,8.33,6.37,3405,861,,,,,
2026-08-21 20:04:08,713.14,2026-08-21,708.0,3.46,5.91,5.15,6339,646,,,,,
2026-08-21 20:04:08,713.14,2026-08-21,709.0,4.14,5.03,4.12,15475,1134,4.6244,0.8202,0.05765,-0.445,0.0026
2026-08-21 20:04:08,713.14,2026-08-21,710.0,3.06,3.57,3.2,136070,17785,2.8084,0.8731,0.07531,-0.175,0.002
2026-08-21 20:04:08,713.14,2026-08-21,711.0,2.12,2.53,2.2,128252,810,2.2066,0.8387,0.11271,-0.185,0.0024
2026-08-21 20:04:08,713.14,2026-08-21,712.0,1.22,1.49,1.17,259145,1268,1.5986,0.7663,0.19483,-0.215,0.003
2026-08-21 20:04:08,713.14,2026-08-21,712.5,0.8,0.94,0.68,125683,442,1.2343,0.7013,0.28579,-0.23,0.0034
2026-08-21 20:04:08,713.14,2026-08-21,713.0,0.46,0.51,0.28,387731,765,1.0479,0.5543,0.38344,-0.345,0.0039
2026-08-21 20:04:08,713.14,2026-08-21,714.0,0.07,0.08,0.04,495636,1413,0.8877,0.1626,0.28165,-0.075,0.0024
2026-08-21 20:04:08,713.14,2026-08-21,715.0,0.03,0.04,0.01,420382,8004,1.2483,0.0653,0.10361,-0.035,0.0013
2026-08-21 20:04:08,713.14,2026-08-21,716.0,0.01,0.02,0.01,177046,5826,1.501,0.0267,0.04179,-0.015,0.0006
2026-08-21 20:04:08,713.14,2026-08-21,717.0,0,0.01,0.01,115230,6840,1.8175,0.0157,0.02203,-0.01,0.0004
2026-08-21 20:04:08,713.14,2026-08-21,717.5,0,0.03,0.01,19189,1907,2.0175,0.0143,0.01832,-0.01,0.0004
2026-08-21 20:04:08,713.14,2026-08-21,718.0,0,0.03,0.01,32062,6599,2.2148,0.0132,0.01552,-0.01,0.0003
2026-08-21 20:04:08,713.14,2026-08-21,719.0,0,0.01,0.01,30770,3930,2.6029,0.0114,0.01165,-0.01,0.0003
2026-08-21 20:04:08,713.14,2026-08-21,720.0,0,0.01,0.01,45156,21971,2.9837,0.0101,0.00913,-0.01,0.0003
2026-08-21 20:05:09,713.16,2026-08-21,707.0,4.59,8.33,6.37,3405,861,,,,,
2026-08-21 20:05:09,713.16,2026-08-21,708.0,3.46,5.91,5.37,6339,646,,,,,
2026-08-21 20:05:09,713.16,2026-08-21,709.0,4.14,5.03,4.37,15480,1134,4.5601,0.8247,0.05754,-0.425,0.0025
2026-08-21 20:05:09,713.16,2026-08-21,710.0,3.06,3.57,3.39,136223,17785,2.7204,0.8821,0.07384,-0.155,0.0019
2026-08-21 20:05:09,713.16,2026-08-21,711.0,2.12,2.53,2.25,128277,810,2.135,0.8489,0.11158,-0.165,0.0023
2026-08-21 20:05:09,713.16,2026-08-21,712.0,1.22,1.49,1.28,259170,1268,1.5467,0.7776,0.19582,-0.195,0.0029
2026-08-21 20:05:09,713.16,2026-08-21,712.5,0.8,0.94,0.77,125696,442,1.1925,0.7136,0.29013,-0.21,0.0033
2026-08-21 20:05:09,713.16,2026-08-21,713.0,0.46,0.51,0.34,388723,765,1.0191,0.5637,0.39287,-0.325,0.0039
2026-08-21 20:05:09,713.16,2026-08-21,714.0,0.07,0.08,0.04,497375,1413,0.8742,0.1646,0.28825,-0.075,0.0024
2026-08-21 20:05:09,713.16,2026-08-21,715.0,0.03,0.04,0.01,422287,8004,1.2379,0.0657,0.10506,-0.035,0.0013
2026-08-21 20:05:09,713.16,2026-08-21,716.0,0.01,0.02,0.01,177371,5826,1.4922,0.0268,0.04222,-0.015,0.0006
2026-08-21 20:05:09,713.16,2026-08-21,717.0,0,0.01,0.01,115330,6840,1.8094,0.0158,0.0222,-0.01,0.0004
2026-08-21 20:05:09,713.16,2026-08-21,717.5,0,0.03,0.01,19193,1907,2.0095,0.0144,0.01844,-0.01,0.0004
2026-08-21 20:05:09,713.16,2026-08-21,718.0,0,0.03,0.01,32156,6599,2.2069,0.0132,0.01562,-0.01,0.0003
2026-08-21 20:05:09,713.16,2026-08-21,719.0,0,0.01,0.01,30805,3930,2.5952,0.0114,0.01171,-0.01,0.0003
2026-08-21 20:05:09,713.16,2026-08-21,720.0,0,0.01,0.01,45292,21971,2.9761,0.0101,0.00917,-0.01,0.0003
2026-08-21 20:06:10,713.16,2026-08-21,707.0,4.59,8.33,6.37,3405,861,,,,,
2026-08-21 20:06:10,713.16,2026-08-21,708.0,3.46,5.91,5.38,6379,646,,,,,
2026-08-21 20:06:10,713.16,2026-08-21,709.0,4.14,5.03,4.37,15481,1134,4.5601,0.8247,0.05754,-0.425,0.0025
2026-08-21 20:06:10,713.16,2026-08-21,710.0,3.06,3.57,3.27,136438,17785,2.7204,0.8821,0.07384,-0.155,0.0019
2026-08-21 20:06:10,713.16,2026-08-21,711.0,2.12,2.53,2.2,128335,810,2.135,0.8489,0.11158,-0.165,0.0023
2026-08-21 20:06:10,713.16,2026-08-21,712.0,1.22,1.49,1.26,259218,1268,1.5467,0.7776,0.19582,-0.195,0.0029
2026-08-21 20:06:10,713.16,2026-08-21,712.5,0.8,0.94,0.74,125701,442,1.1925,0.7136,0.29013,-0.21,0.0033
2026-08-21 20:06:10,713.16,2026-08-21,713.0,0.46,0.51,0.34,389041,765,1.0191,0.5637,0.39287,-0.325,0.0039
2026-08-21 20:06:10,713.16,2026-08-21,714.0,0.07,0.08,0.04,498289,1413,0.8742,0.1646,0.28825,-0.075,0.0024
2026-08-21 20:06:10,713.16,2026-08-21,715.0,0.03,0.04,0.01,422736,8004,1.2379,0.0657,0.10506,-0.035,0.0013
2026-08-21 20:06:10,713.16,2026-08-21,716.0,0.01,0.02,0.01,177416,5826,1.4922,0.0268,0.04222,-0.015,0.0006
2026-08-21 20:06:10,713.16,2026-08-21,717.0,0,0.01,0.01,115335,6840,1.8094,0.0158,0.0222,-0.01,0.0004
2026-08-21 20:06:10,713.16,2026-08-21,717.5,0,0.03,0.01,19213,1907,2.0095,0.0144,0.01844,-0.01,0.0004
2026-08-21 20:06:10,713.16,2026-08-21,718.0,0,0.03,0.01,32301,6599,2.2069,0.0132,0.01562,-0.01,0.0003
2026-08-21 20:06:10,713.16,2026-08-21,719.0,0,0.01,0.01,30852,3930,2.5952,0.0114,0.01171,-0.01,0.0003
2026-08-21 20:06:10,713.16,2026-08-21,720.0,0,0.01,0.01,45298,21971,2.9761,0.0101,0.00917,-0.01,0.0003
2026-08-21 20:07:13,713.2,2026-08-21,707.0,4.59,8.33,6.37,3405,861,,,,,
2026-08-21 20:07:13,713.2,2026-08-21,708.0,3.46,5.91,5.38,6380,646,,,,,
2026-08-21 20:07:13,713.2,2026-08-21,709.0,4.14,5.03,4.28,15482,1134,4.4272,0.834,0.05721,-0.385,0.0025
2026-08-21 20:07:13,713.2,2026-08-21,710.0,3.06,3.57,3.32,136565,17785,2.5249,0.902,0.06962,-0.115,0.0017
2026-08-21 20:07:13,713.2,2026-08-21,711.0,2.12,2.53,2.18,128339,810,1.9777,0.8716,0.10781,-0.125,0.0021
2026-08-21 20:07:13,713.2,2026-08-21,712.0,1.22,1.49,1.28,259226,1268,1.4352,0.8028,0.19661,-0.155,0.0027
2026-08-21 20:07:13,713.2,2026-08-21,712.5,0.8,0.94,0.78,125707,442,1.1035,0.7408,0.29829,-0.17,0.0032
2026-08-21 20:07:13,713.2,2026-08-21,713.0,0.46,0.51,0.37,389233,765,0.9596,0.5842,0.41317,-0.285,0.0038
2026-08-21 20:07:13,713.2,2026-08-21,714.0,0.07,0.08,0.02,499311,1413,0.8471,0.1688,0.30232,-0.075,0.0025
2026-08-21 20:07:13,713.2,2026-08-21,715.0,0.03,0.04,0.01,422998,8004,1.2169,0.0667,0.10806,-0.035,0.0013
2026-08-21 20:07:13,713.2,2026-08-21,716.0,0.01,0.02,0.01,177449,5826,1.4746,0.0271,0.04309,-0.015,0.0006
2026-08-21 20:07:13,713.2,2026-08-21,717.0,0,0.01,0.01,115352,6840,1.7932,0.0159,0.02256,-0.01,0.0004
2026-08-21 20:07:13,713.2,2026-08-21,717.5,0,0.03,0.01,19213,1907,1.9935,0.0145,0.01871,-0.01,0.0004
2026-08-21 20:07:13,713.2,2026-08-21,718.0,0,0.03,0.01,32334,6599,2.1911,0.0133,0.01582,-0.01,0.0003
2026-08-21 20:07:13,713.2,2026-08-21,719.0,0,0.01,0.01,30852,3930,2.5797,0.0115,0.01183,-0.01,0.0003
2026-08-21 20:07:13,713.2,2026-08-21,720.0,0,0.01,0.01,45299,21971,2.9608,0.0101,0.00925,-0.01,0.0003
2026-08-21 20:08:13,713.13,2026-08-21,707.0,4.59,8.33,6.37,3405,861,,,,,
2026-08-21 20:08:13,713.13,2026-08-21,708.0,3.46,5.91,5.28,6420,646,,,,,
2026-08-21 20:08:13,713.13,2026-08-21,709.0,4.14,5.03,4.25,15512,1134,4.656,0.818,0.0577,-0.455,0.0026
2026-08-21 20:08:13,713.13,2026-08-21,710.0,3.06,3.57,3.2,136696,17785,2.8504,0.8688,0.07593,-0.185,0.0021
2026-08-21 20:08:13,713.13,2026-08-21,711.0,2.12,2.53,2.11,128341,810,2.2411,0.8338,0.11314,-0.195,0.0025
2026-08-21 20:08:13,713.13,2026-08-21,712.0,1.22,1.49,1.18,259237,1268,1.6238,0.7609,0.19423,-0.225,0.0031
2026-08-21 20:08:13,713.13,2026-08-21,712.5,0.8,0.94,0.71,125733,442,1.2547,0.6955,0.2836,-0.24,0.0034
2026-08-21 20:08:13,713.13,2026-08-21,713.0,0.46,0.51,0.3,389545,765,1.0621,0.5498,0.37888,-0.355,0.0039
2026-08-21 20:08:13,713.13,2026-08-21,714.0,0.07,0.08,0.04,500306,1413,0.8944,0.1617,0.27845,-0.075,0.0024
2026-08-21 20:08:13,713.13,2026-08-21,715.0,0.03,0.04,0.02,423138,8004,1.2535,0.0651,0.1029,-0.035,0.0012
2026-08-21 20:08:13,713.13,2026-08-21,716.0,0.01,0.02,0.01,177501,5826,1.5054,0.0266,0.04158,-0.015,0.0006
2026-08-21 20:08:13,713.13,2026-08-21,717.0,0,0.01,0.01,115352,6840,1.8216,0.0157,0.02194,-0.01,0.0004
2026-08-21 20:08:13,713.13,2026-08-21,717.5,0,0.03,0.01,19213,1907,2.0215,0.0143,0.01825,-0.01,0.0004
2026-08-21 20:08:13,713.13,2026-08-21,718.0,0,0.03,0.01,32414,6599,2.2188,0.0131,0.01547,-0.01,0.0003
2026-08-21 20:08:13,713.13,2026-08-21,719.0,0,0.01,0.01,30852,3930,2.6068,0.0114,0.01162,-0.01,0.0003
2026-08-21 20:08:13,713.13,2026-08-21,720.0,0,0.01,0.01,45299,21971,2.9875,0.01,0.00911,-0.01,0.0003
2026-08-21 20:09:14,713.04,2026-08-21,707.0,4.59,8.33,6.37,3405,861,,,,,
2026-08-21 20:09:14,713.04,2026-08-21,708.0,3.46,5.91,5.18,6420,646,,,,,
2026-08-21 20:09:14,713.04,2026-08-21,709.0,4.14,5.03,4.25,15522,1134,4.9275,0.7994,0.05788,-0.545,0.0028
2026-08-21 20:09:14,713.04,2026-08-21,710.0,3.06,3.57,3.15,136834,17785,3.1875,0.835,0.07919,-0.275,0.0024
2026-08-21 20:09:14,713.04,2026-08-21,711.0,2.12,2.53,2.13,128351,810,2.5199,0.7956,0.11444,-0.285,0.0028
2026-08-21 20:09:14,713.04,2026-08-21,712.0,1.22,1.49,1.11,259277,1268,1.8322,0.7187,0.18724,-0.315,0.0033
2026-08-21 20:09:14,713.04,2026-08-21,712.5,0.8,0.94,0.64,125744,442,1.4251,0.6504,0.26415,-0.33,0.0036
2026-08-21 20:09:14,713.04,2026-08-21,713.0,0.46,0.51,0.27,389749,765,1.1844,0.514,0.34227,-0.445,0.0039
2026-08-21 20:09:14,713.04,2026-08-21,714.0,0.07,0.08,0.04,500899,1413,0.9542,0.1535,0.25228,-0.075,0.0023
2026-08-21 20:09:14,713.04,2026-08-21,715.0,0.03,0.04,0.02,423420,8004,1.3003,0.0631,0.09684,-0.035,0.0012
2026-08-21 20:09:14,713.04,2026-08-21,716.0,0.01,0.02,0.01,177528,5826,1.5449,0.026,0.03976,-0.015,0.0006
2026-08-21 20:09:14,713.04,2026-08-21,717.0,0,0.01,0.01,115548,6840,1.858,0.0154,0.02119,-0.01,0.0004
2026-08-21 20:09:14,713.04,2026-08-21,717.5,0,0.03,0.01,19213,1907,2.0574,0.0141,0.0177,-0.01,0.0004
2026-08-21 20:09:14,713.04,2026-08-21,718.0,0,0.03,0.01,32416,6599,2.2543,0.0129,0.01505,-0.01,0.0003
2026-08-21 20:09:14,713.04,2026-08-21,719.0,0,0.01,0.01,30852,3930,2.6417,0.0112,0.01135,-0.01,0.0003
2026-08-21 20:09:14,713.04,2026-08-21,720.0,0,0.01,0.01,45299,21971,3.0219,0.0099,0.00893,-0.01,0.0003
2026-08-21 20:10:15,713.08,2026-08-21,707.0,4.59,8.33,6.37,3405,861,,,,,
2026-08-21 20:10:15,713.08,2026-08-21,708.0,3.46,5.91,5.18,6424,646,,,,,
2026-08-21 20:10:15,713.08,2026-08-21,709.0,4.14,5.03,4.17,15545,1134,4.8096,0.8074,0.05785,-0.505,0.0027
2026-08-21 20:10:15,713.08,2026-08-21,710.0,3.06,3.57,3.14,137039,17785,3.0456,0.8491,0.07815,-0.235,0.0023
2026-08-21 20:10:15,713.08,2026-08-21,711.0,2.12,2.53,2.24,128390,810,2.4019,0.8115,0.11431,-0.245,0.0027
2026-08-21 20:10:15,713.08,2026-08-21,712.0,1.22,1.49,1.11,259314,1268,1.7431,0.7362,0.19061,-0.275,0.0032
2026-08-21 20:10:15,713.08,2026-08-21,712.5,0.8,0.94,0.7,125761,442,1.3519,0.6691,0.27266,-0.29,0.0036
2026-08-21 20:10:15,713.08,2026-08-21,713.0,0.46,0.51,0.28,390239,765,1.1311,0.529,0.35763,-0.405,0.0039
2026-08-21 20:10:15,713.08,2026-08-21,714.0,0.07,0.08,0.04,501769,1413,0.9278,0.157,0.26335,-0.075,0.0024
2026-08-21 20:10:15,713.08,2026-08-21,715.0,0.03,0.04,0.01,423780,8004,1.2795,0.0639,0.09945,-0.035,0.0012
2026-08-21 20:10:15,713.08,2026-08-21,716.0,0.01,0.02,0.01,177646,5826,1.5274,0.0263,0.04055,-0.015,0.0006
2026-08-21 20:10:15,713.08,2026-08-21,717.0,0,0.01,0.01,115558,6840,1.8418,0.0155,0.02152,-0.01,0.0004
2026-08-21 20:10:15,713.08,2026-08-21,717.5,0,0.03,0.01,19213,1907,2.0415,0.0142,0.01794,-0.01,0.0004
2026-08-21 20:10:15,713.08,2026-08-21,718.0,0,0.03,0.01,32420,6599,2.2385,0.013,0.01523,-0.01,0.0003
2026-08-21 20:10:15,713.08,2026-08-21,719.0,0,0.01,0.01,30853,3930,2.6262,0.0113,0.01147,-0.01,0.0003
2026-08-21 20:10:15,713.08,2026-08-21,720.0,0,0.01,0.01,45303,21971,3.0066,0.01,0.00901,-0.01,0.0003
2026-08-21 20:11:16,713.08,2026-08-21,707.0,4.59,8.33,6.37,3415,861,,,,,
2026-08-21 20:11:16,713.08,2026-08-21,708.0,3.46,5.91,5.27,6424,646,,,,,
2026-08-21 20:11:16,713.08,2026-08-21,709.0,4.14,5.03,4.1,15555,1134,4.8096,0.8074,0.05785,-0.505,0.0027
2026-08-21 20:11:16,713.08,2026-08-21,710.0,3.06,3.57,3.14,137169,17785,3.0456,0.8491,0.07815,-0.235,0.0023
2026-08-21 20:11:16,713.08,2026-08-21,711.0,2.12,2.53,2.15,128407,810,2.4019,0.8115,0.11431,-0.245,0.0027
2026-08-21 20:11:16,713.08,2026-08-21,712.0,1.22,1.49,1.12,259330,1268,1.7431,0.7362,0.19061,-0.275,0.0032
2026-08-21 20:11:16,713.08,2026-08-21,712.5,0.8,0.94,0.64,126184,442,1.3519,0.6691,0.27266,-0.29,0.0036
2026-08-21 20:11:16,713.08,2026-08-21,713.0,0.46,0.51,0.23,390571,765,1.1311,0.529,0.35763,-0.405,0.0039
2026-08-21 20:11:16,713.08,2026-08-21,714.0,0.07,0.08,0.04,504435,1413,0.9278,0.157,0.26335,-0.075,0.0024
2026-08-21 20:11:16,713.08,2026-08-21,715.0,0.03,0.04,0.01,426133,8004,1.2795,0.0639,0.09945,-0.035,0.0012
2026-08-21 20:11:16,713.08,2026-08-21,716.0,0.01,0.02,0.01,177672,5826,1.5274,0.0263,0.04055,-0.015,0.0006
2026-08-21 20:11:16,713.08,2026-08-21,717.0,0,0.01,0.01,115593,6840,1.8418,0.0155,0.02152,-0.01,0.0004
2026-08-21 20:11:16,713.08,2026-08-21,717.5,0,0.03,0.01,19213,1907,2.0415,0.0142,0.01794,-0.01,0.0004
2026-08-21 20:11:16,713.08,2026-08-21,718.0,0,0.03,0.01,32420,6599,2.2385,0.013,0.01523,-0.01,0.0003
2026-08-21 20:11:16,713.08,2026-08-21,719.0,0,0.01,0.01,30853,3930,2.6262,0.0113,0.01147,-0.01,0.0003
2026-08-21 20:11:16,713.08,2026-08-21,720.0,0,0.01,0.01,45303,21971,3.0066,0.01,0.00901,-0.01,0.0003
2026-08-21 20:12:18,713.18,2026-08-21,707.0,4.59,8.33,6.27,3415,861,,,,,
2026-08-21 20:12:18,713.18,2026-08-21,708.0,3.46,5.91,5.27,6424,646,,,,,
2026-08-21 20:12:18,713.18,2026-08-21,709.0,4.14,5.03,4.19,15555,1134,4.4944,0.8293,0.05739,-0.405,0.0025
2026-08-21 20:12:18,713.18,2026-08-21,710.0,3.06,3.57,3.37,137238,17785,2.6264,0.8917,0.07199,-0.135,0.0018
2026-08-21 20:12:18,713.18,2026-08-21,711.0,2.12,2.53,2.09,128435,810,2.0591,0.8598,0.11,-0.145,0.0022
2026-08-21 20:12:18,713.18,2026-08-21,712.0,1.22,1.49,1.22,259358,1268,1.4924,0.7897,0.19646,-0.175,0.0028
2026-08-21 20:12:18,713.18,2026-08-21,712.5,0.8,0.94,0.69,126193,442,1.149,0.7267,0.29433,-0.19,0.0033
2026-08-21 20:12:18,713.18,2026-08-21,713.0,0.46,0.51,0.28,390706,765,0.9897,0.5736,0.40277,-0.305,0.0039
2026-08-21 20:12:18,713.18,2026-08-21,714.0,0.07,0.08,0.03,508072,1413,0.8607,0.1667,0.29514,-0.075,0.0025
2026-08-21 20:12:18,713.18,2026-08-21,715.0,0.03,0.04,0.01,426495,8004,1.2274,0.0662,0.10654,-0.035,0.0013
2026-08-21 20:12:18,713.18,2026-08-21,716.0,0.01,0.02,0.01,177936,5826,1.4834,0.027,0.04265,-0.015,0.0006
2026-08-21 20:12:18,713.18,2026-08-21,717.0,0,0.01,0.01,115599,6840,1.8013,0.0158,0.02238,-0.01,0.0004
2026-08-21 20:12:18,713.18,2026-08-21,717.5,0,0.03,0.01,19213,1907,2.0015,0.0144,0.01857,-0.01,0.0004
2026-08-21 20:12:18,713.18,2026-08-21,718.0,0,0.03,0.01,32460,6599,2.199,0.0132,0.01572,-0.01,0.0003
2026-08-21 20:12:18,713.18,2026-08-21,719.0,0,0.01,0.01,30863,3930,2.5874,0.0114,0.01177,-0.01,0.0003
2026-08-21 20:12:18,713.18,2026-08-21,720.0,0,0.01,0.01,45303,21971,2.9685,0.0101,0.00921,-0.01,0.0003
2026-08-21 20:13:19,713.18,2026-08-21,707.0,4.59,8.33,6.27,3415,861,,,,,
2026-08-21 20:13:19,713.18,2026-08-21,708.0,3.46,5.91,5.27,6427,646,,,,,
2026-08-21 20:13:19,713.18,2026-08-21,709.0,4.14,5.03,4.19,15555,1134,4.4944,0.8293,0.05739,-0.405,0.0025
2026-08-21 20:13:19,713.18,2026-08-21,710.0,3.06,3.57,3.3,137283,17785,2.6264,0.8917,0.07199,-0.135,0.0018
2026-08-21 20:13:19,713.18,2026-08-21,711.0,2.12,2.53,2.31,128442,810,2.0591,0.8598,0.11,-0.145,0.0022
2026-08-21 20:13:19,713.18,2026-08-21,712.0,1.22,1.49,1.19,259382,1268,1.4924,0.7897,0.19646,-0.175,0.0028
2026-08-21 20:13:19,713.18,2026-08-21,712.5,0.8,0.94,0.68,126198,442,1.149,0.7267,0.29433,-0.19,0.0033
2026-08-21 20:13:19,713.18,2026-08-21,713.0,0.46,0.51,0.26,391575,765,0.9897,0.5736,0.40277,-0.305,0.0039
2026-08-21 20:13:19,713.18,2026-08-21,714.0,0.07,0.08,0.01,509227,1413,0.8607,0.1667,0.29514,-0.075,0.0025
2026-08-21 20:13:19,713.18,2026-08-21,715.0,0.03,0.04,0.01,426620,8004,1.2274,0.0662,0.10654,-0.035,0.0013
2026-08-21 20:13:19,713.18,2026-08-21,716.0,0.01,0.02,0.01,178198,5826,1.4834,0.027,0.04265,-0.015,0.0006
2026-08-21 20:13:19,713.18,2026-08-21,717.0,0,0.01,0.01,115615,6840,1.8013,0.0158,0.02238,-0.01,0.0004
2026-08-21 20:13:19,713.18,2026-08-21,717.5,0,0.03,0.01,19213,1907,2.0015,0.0144,0.01857,-0.01,0.0004
2026-08-21 20:13:19,713.18,2026-08-21,718.0,0,0.03,0.01,32460,6599,2.199,0.0132,0.01572,-0.01,0.0003
2026-08-21 20:13:19,713.18,2026-08-21,719.0,0,0.01,0.01,30863,3930,2.5874,0.0114,0.01177,-0.01,0.0003
2026-08-21 20:13:19,713.18,2026-08-21,720.0,0,0.01,0.01,45304,21971,2.9685,0.0101,0.00921,-0.01,0.0003
2026-08-21 20:14:19,713.01,2026-08-21,707.0,4.59,8.33,6.27,3415,861,,,,,
2026-08-21 20:14:19,713.01,2026-08-21,708.0,3.46,5.91,5.17,6430,646,,,,,
2026-08-21 20:14:19,713.01,2026-08-21,709.0,4.14,5.03,4.19,15557,1134,,,,,
2026-08-21 20:14:19,713.01,2026-08-21,710.0,3.06,3.57,3.25,137302,17785,3.2876,0.8252,0.07968,-0.305,0.0025
2026-08-21 20:14:19,713.01,2026-08-21,711.0,2.12,2.53,2.11,128449,810,2.6035,0.7846,0.11423,-0.315,0.0029
2026-08-21 20:14:19,713.01,2026-08-21,712.0,1.22,1.49,1.12,259464,1268,1.8959,0.7066,0.18459,-0.345,0.0034
2026-08-21 20:14:19,713.01,2026-08-21,712.5,0.8,0.94,0.65,126203,442,1.4778,0.6376,0.25799,-0.36,0.0037
2026-08-21 20:14:19,713.01,2026-08-21,713.0,0.46,0.51,0.25,392221,765,1.2233,0.5037,0.33159,-0.475,0.0039
2026-08-21 20:14:19,713.01,2026-08-21,714.0,0.07,0.08,0.03,514410,1413,0.9739,0.151,0.24451,-0.075,0.0023
2026-08-21 20:14:19,713.01,2026-08-21,715.0,0.03,0.04,0.01,427975,8004,1.3158,0.0624,0.09495,-0.035,0.0012
2026-08-21 20:14:19,713.01,2026-08-21,716.0,0.01,0.02,0.01,178311,5826,1.558,0.0258,0.03919,-0.015,0.0006
2026-08-21 20:14:19,713.01,2026-08-21,717.0,0,0.01,0.01,115615,6840,1.8701,0.0153,0.02095,-0.01,0.0004
2026-08-21 20:14:19,713.01,2026-08-21,717.5,0,0.03,0.01,19213,1907,2.0694,0.014,0.01752,-0.01,0.0004
2026-08-21 20:14:19,713.01,2026-08-21,718.0,0,0.03,0.01,32460,6599,2.2662,0.0129,0.01491,-0.01,0.0003
2026-08-21 20:14:19,713.01,2026-08-21,719.0,0,0.01,0.01,30865,3930,2.6533,0.0112,0.01126,-0.01,0.0003
2026-08-21 20:14:19,713.01,2026-08-21,720.0,0,0.01,0.01,45308,21971,3.0333,0.0099,0.00887,-0.01,0.0003
2026-08-21 20:15:20,713.13,2026-08-21,707.0,4.59,8.33,6.27,3437,861,,,,,
2026-08-21 20:15:20,713.13,2026-08-21,708.0,3.46,5.91,5.05,6451,646,,,,,
2026-08-21 20:15:20,713.13,2026-08-21,709.0,4.14,5.03,4.12,15559,1134,4.656,0.818,0.0577,-0.455,0.0026
2026-08-21 20:15:20,713.13,2026-08-21,710.0,3.06,3.57,3.22,137427,17785,2.8504,0.8688,0.07593,-0.185,0.0021
2026-08-21 20:15:20,713.13,2026-08-21,711.0,2.12,2.53,2.26,128451,810,2.2411,0.8338,0.11314,-0.195,0.0025
2026-08-21 20:15:20,713.13,2026-08-21,712.0,1.22,1.49,0.95,259528,1268,1.6238,0.7609,0.19423,-0.225,0.0031
2026-08-21 20:15:20,713.13,2026-08-21,712.5,0.8,0.94,0.64,126324,442,1.2547,0.6955,0.2836,-0.24,0.0034
2026-08-21 20:15:20,713.13,2026-08-21,713.0,0.46,0.51,0.26,392456,765,1.0621,0.5498,0.37888,-0.355,0.0039
2026-08-21 20:15:20,713.13,2026-08-21,714.0,0.07,0.08,0.02,515385,1413,0.8944,0.1617,0.27845,-0.075,0.0024
2026-08-21 20:15:20,713.13,2026-08-21,715.0,0.03,0.04,0.01,428229,8004,1.2535,0.0651,0.1029,-0.035,0.0012
2026-08-21 20:15:20,713.13,2026-08-21,716.0,0.01,0.02,0.02,178539,5826,1.5054,0.0266,0.04158,-0.015,0.0006
2026-08-21 20:15:20,713.13,2026-08-21,717.0,0,0.01,0.01,115616,6840,1.8216,0.0157,0.02194,-0.01,0.0004
2026-08-21 20:15:20,713.13,2026-08-21,717.5,0,0.03,0.01,19213,1907,2.0215,0.0143,0.01825,-0.01,0.0004
2026-08-21 20:15:20,713.13,2026-08-21,718.0,0,0.03,0.01,32462,6599,2.2188,0.0131,0.01547,-0.01,0.0003
2026-08-21 20:15:20,713.13,2026-08-21,719.0,0,0.01,0.01,30967,3930,2.6068,0.0114,0.01162,-0.01,0.0003
2026-08-21 20:15:20,713.13,2026-08-21,720.0,0,0.01,0.01,45312,21971,2.9875,0.01,0.00911,-0.01,0.0003
2026-08-21 20:16:20,713.13,2026-08-21,707.0,4.59,8.33,6.16,3442,861,,,,,
2026-08-21 20:16:20,713.13,2026-08-21,708.0,3.46,5.91,5.15,6455,646,,,,,
2026-08-21 20:16:20,713.13,2026-08-21,709.0,4.14,5.03,4.25,15562,1134,4.656,0.818,0.0577,-0.455,0.0026
2026-08-21 20:16:20,713.13,2026-08-21,710.0,3.06,3.57,3.13,137538,17785,2.8504,0.8688,0.07593,-0.185,0.0021
2026-08-21 20:16:20,713.13,2026-08-21,711.0,2.12,2.53,2.15,128459,810,2.2411,0.8338,0.11314,-0.195,0.0025
2026-08-21 20:16:20,713.13,2026-08-21,712.0,1.22,1.49,1.14,259544,1268,1.6238,0.7609,0.19423,-0.225,0.0031
2026-08-21 20:16:20,713.13,2026-08-21,712.5,0.8,0.94,0.64,126345,442,1.2547,0.6955,0.2836,-0.24,0.0034
2026-08-21 20:16:20,713.13,2026-08-21,713.0,0.46,0.51,0.26,393560,765,1.0621,0.5498,0.37888,-0.355,0.0039
2026-08-21 20:16:20,713.13,2026-08-21,714.0,0.07,0.08,0.02,516210,1413,0.8944,0.1617,0.27845,-0.075,0.0024
2026-08-21 20:16:20,713.13,2026-08-21,715.0,0.03,0.04,0.01,428637,8004,1.2535,0.0651,0.1029,-0.035,0.0012
2026-08-21 20:16:20,713.13,2026-08-21,716.0,0.01,0.02,0.01,178734,5826,1.5054,0.0266,0.04158,-0.015,0.0006
2026-08-21 20:16:20,713.13,2026-08-21,717.0,0,0.01,0.01,115618,6840,1.8216,0.0157,0.02194,-0.01,0.0004
2026-08-21 20:16:20,713.13,2026-08-21,717.5,0,0.03,0.01,19214,1907,2.0215,0.0143,0.01825,-0.01,0.0004
2026-08-21 20:16:20,713.13,2026-08-21,718.0,0,0.03,0.01,32472,6599,2.2188,0.0131,0.01547,-0.01,0.0003
2026-08-21 20:16:20,713.13,2026-08-21,719.0,0,0.01,0.01,30968,3930,2.6068,0.0114,0.01162,-0.01,0.0003
2026-08-21 20:16:20,713.13,2026-08-21,720.0,0,0.01,0.01,45328,21971,2.9875,0.01,0.00911,-0.01,0.0003
2026-08-21 20:17:23,713.13,2026-08-21,707.0,4.59,8.33,6.14,3444,861,,,,,
2026-08-21 20:17:23,713.13,2026-08-21,708.0,3.46,5.91,5.07,6455,646,,,,,
2026-08-21 20:17:23,713.13,2026-08-21,709.0,4.14,5.03,4.1,15562,1134,4.656,0.818,0.0577,-0.455,0.0026
2026-08-21 20:17:23,713.13,2026-08-21,710.0,3.06,3.57,3.1,137544,17785,2.8504,0.8688,0.07593,-0.185,0.0021
2026-08-21 20:17:23,713.13,2026-08-21,711.0,2.12,2.53,2.1,128459,810,2.2411,0.8338,0.11314,-0.195,0.0025
2026-08-21 20:17:23,713.13,2026-08-21,712.0,1.22,1.49,1.09,259546,1268,1.6238,0.7609,0.19423,-0.225,0.0031
2026-08-21 20:17:23,713.13,2026-08-21,712.5,0.8,0.94,0.58,126361,442,1.2547,0.6955,0.2836,-0.24,0.0034
2026-08-21 20:17:23,713.13,2026-08-21,713.0,0.46,0.51,0.26,393700,765,1.0621,0.5498,0.37888,-0.355,0.0039
2026-08-21 20:17:23,713.13,2026-08-21,714.0,0.07,0.08,0.02,518933,1413,0.8944,0.1617,0.27845,-0.075,0.0024
2026-08-21 20:17:23,713.13,2026-08-21,715.0,0.03,0.04,0.01,428659,8004,1.2535,0.0651,0.1029,-0.035,0.0012
2026-08-21 20:17:23,713.13,2026-08-21,716.0,0.01,0.02,0.01,178788,5826,1.5054,0.0266,0.04158,-0.015,0.0006
2026-08-21 20:17:23,713.13,2026-08-21,717.0,0,0.01,0.01,115621,6840,1.8216,0.0157,0.02194,-0.01,0.0004
2026-08-21 20:17:23,713.13,2026-08-21,717.5,0,0.03,0.01,19214,1907,2.0215,0.0143,0.01825,-0.01,0.0004
2026-08-21 20:17:23,713.13,2026-08-21,718.0,0,0.03,0.01,32526,6599,2.2188,0.0131,0.01547,-0.01,0.0003
2026-08-21 20:17:23,713.13,2026-08-21,719.0,0,0.01,0.01,30968,3930,2.6068,0.0114,0.01162,-0.01,0.0003
2026-08-21 20:17:23,713.13,2026-08-21,720.0,0,0.01,0.01,45328,21971,2.9875,0.01,0.00911,-0.01,0.0003
2026-08-21 20:18:23,713.13,2026-08-21,707.0,4.59,8.33,6.14,3444,861,,,,,
2026-08-21 20:18:23,713.13,2026-08-21,708.0,3.46,5.91,5.07,6455,646,,,,,
2026-08-21 20:18:23,713.13,2026-08-21,709.0,4.14,5.03,4.01,15563,1134,4.656,0.818,0.0577,-0.455,0.0026
2026-08-21 20:18:23,713.13,2026-08-21,710.0,3.06,3.57,3.1,137548,17785,2.8504,0.8688,0.07593,-0.185,0.0021
2026-08-21 20:18:23,713.13,2026-08-21,711.0,2.12,2.53,1.97,128467,810,2.2411,0.8338,0.11314,-0.195,0.0025
2026-08-21 20:18:23,713.13,2026-08-21,712.0,1.22,1.49,1.05,259548,1268,1.6238,0.7609,0.19423,-0.225,0.0031
2026-08-21 20:18:23,713.13,2026-08-21,712.5,0.8,0.94,0.6,126389,442,1.2547,0.6955,0.2836,-0.24,0.0034
2026-08-21 20:18:23,713.13,2026-08-21,713.0,0.46,0.51,0.23,393984,765,1.0621,0.5498,0.37888,-0.355,0.0039
2026-08-21 20:18:23,713.13,2026-08-21,714.0,0.07,0.08,0.01,519401,1413,0.8944,0.1617,0.27845,-0.075,0.0024
2026-08-21 20:18:23,713.13,2026-08-21,715.0,0.03,0.04,0.01,428664,8004,1.2535,0.0651,0.1029,-0.035,0.0012
2026-08-21 20:18:23,713.13,2026-08-21,716.0,0.01,0.02,0.01,178842,5826,1.5054,0.0266,0.04158,-0.015,0.0006
2026-08-21 20:18:23,713.13,2026-08-21,717.0,0,0.01,0.01,115622,6840,1.8216,0.0157,0.02194,-0.01,0.0004
2026-08-21 20:18:23,713.13,2026-08-21,717.5,0,0.03,0.01,19214,1907,2.0215,0.0143,0.01825,-0.01,0.0004
2026-08-21 20:18:23,713.13,2026-08-21,718.0,0,0.03,0.01,32541,6599,2.2188,0.0131,0.01547,-0.01,0.0003
2026-08-21 20:18:23,713.13,2026-08-21,719.0,0,0.01,0.01,30968,3930,2.6068,0.0114,0.01162,-0.01,0.0003
2026-08-21 20:18:23,713.13,2026-08-21,720.0,0,0.01,0.01,45328,21971,2.9875,0.01,0.00911,-0.01,0.0003
2026-08-21 20:19:24,713.0,2026-08-21,706.0,5.3,8.76,7.11,2121,569,3.5807,0.9773,0.01533,-0.03,0.0005
2026-08-21 20:19:24,713.0,2026-08-21,707.0,4.59,8.33,6.14,3444,861,,,,,
2026-08-21 20:19:24,713.0,2026-08-21,708.0,3.46,5.91,5.07,6456,646,,,,,
2026-08-21 20:19:24,713.0,2026-08-21,709.0,4.14,5.03,4.01,15563,1134,,,,,
2026-08-21 20:19:24,713.0,2026-08-21,710.0,3.06,3.57,3.13,137560,17785,3.3199,0.822,0.0798,-0.315,0.0026
2026-08-21 20:19:24,713.0,2026-08-21,711.0,2.12,2.53,2.13,128490,810,2.6306,0.7811,0.11411,-0.325,0.0029
2026-08-21 20:19:24,713.0,2026-08-21,712.0,1.22,1.49,1.14,259618,1268,1.9167,0.7027,0.18369,-0.355,0.0034
2026-08-21 20:19:24,713.0,2026-08-21,712.5,0.8,0.94,0.64,126440,442,1.495,0.6335,0.25599,-0.37,0.0037
2026-08-21 20:19:24,713.0,2026-08-21,713.0,0.46,0.51,0.26,394333,765,1.2361,0.5004,0.32817,-0.485,0.0039
2026-08-21 20:19:24,713.0,2026-08-21,714.0,0.07,0.08,0.02,519907,1413,0.9805,0.1502,0.24201,-0.075,0.0023
2026-08-21 20:19:24,713.0,2026-08-21,715.0,0.03,0.04,0.01,428677,8004,1.321,0.0622,0.09434,-0.035,0.0012
2026-08-21 20:19:24,713.0,2026-08-21,716.0,0.01,0.02,0.01,178843,5826,1.5624,0.0258,0.039,-0.015,0.0006
2026-08-21 20:19:24,713.0,2026-08-21,717.0,0,0.01,0.01,115622,6840,1.8742,0.0153,0.02087,-0.01,0.0004
2026-08-21 20:19:24,713.0,2026-08-21,717.5,0,0.03,0.01,19215,1907,2.0734,0.014,0.01746,-0.01,0.0004
2026-08-21 20:19:24,713.0,2026-08-21,718.0,0,0.03,0.01,32631,6599,2.2701,0.0129,0.01486,-0.01,0.0003
2026-08-21 20:19:24,713.0,2026-08-21,719.0,0,0.01,0.01,30970,3930,2.6572,0.0112,0.01123,-0.01,0.0003
2026-08-21 20:19:24,713.0,2026-08-21,720.0,0,0.01,0.01,45353,21971,3.0371,0.0099,0.00885,-0.01,0.0003
2026-08-21 20:20:25,713.0,2026-08-21,706.0,5.3,8.76,7.11,2121,569,3.5807,0.9773,0.01533,-0.03,0.0005
2026-08-21 20:20:25,713.0,2026-08-21,707.0,4.59,8.33,6.14,3444,861,,,,,
2026-08-21 20:20:25,713.0,2026-08-21,708.0,3.46,5.91,5.11,6456,646,,,,,
2026-08-21 20:20:25,713.0,2026-08-21,709.0,4.14,5.03,4.01,15563,1134,,,,,
2026-08-21 20:20:25,713.0,2026-08-21,710.0,3.06,3.57,3.06,137563,17785,3.3199,0.822,0.0798,-0.315,0.0026
2026-08-21 20:20:25,713.0,2026-08-21,711.0,2.12,2.53,2.26,128494,810,2.6306,0.7811,0.11411,-0.325,0.0029
2026-08-21 20:20:25,713.0,2026-08-21,712.0,1.22,1.49,1.25,259631,1268,1.9167,0.7027,0.18369,-0.355,0.0034
2026-08-21 20:20:25,713.0,2026-08-21,712.5,0.8,0.94,0.64,126468,442,1.495,0.6335,0.25599,-0.37,0.0037
2026-08-21 20:20:25,713.0,2026-08-21,713.0,0.46,0.51,0.26,394495,765,1.2361,0.5004,0.32817,-0.485,0.0039
2026-08-21 20:20:25,713.0,2026-08-21,714.0,0.07,0.08,0.02,519932,1413,0.9805,0.1502,0.24201,-0.075,0.0023
2026-08-21 20:20:25,713.0,2026-08-21,715.0,0.03,0.04,0.01,428690,8004,1.321,0.0622,0.09434,-0.035,0.0012
2026-08-21 20:20:25,713.0,2026-08-21,716.0,0.01,0.02,0.01,178843,5826,1.5624,0.0258,0.039,-0.015,0.0006
2026-08-21 20:20:25,713.0,2026-08-21,717.0,0,0.01,0.01,115625,6840,1.8742,0.0153,0.02087,-0.01,0.0004
2026-08-21 20:20:25,713.0,2026-08-21,717.5,0,0.03,0.01,19215,1907,2.0734,0.014,0.01746,-0.01,0.0004
2026-08-21 20:20:25,713.0,2026-08-21,718.0,0,0.03,0.01,32631,6599,2.2701,0.0129,0.01486,-0.01,0.0003
2026-08-21 20:20:25,713.0,2026-08-21,719.0,0,0.01,0.01,30970,3930,2.6572,0.0112,0.01123,-0.01,0.0003
2026-08-21 20:20:25,713.0,2026-08-21,720.0,0,0.01,0.01,45353,21971,3.0371,0.0099,0.00885,-0.01,0.0003
2026-08-21 20:21:26,713.0,2026-08-21,706.0,5.3,8.76,7.11,2121,569,3.5807,0.9773,0.01533,-0.03,0.0005
2026-08-21 20:21:26,713.0,2026-08-21,707.0,4.59,8.33,6.14,3444,861,,,,,
2026-08-21 20:21:26,713.0,2026-08-21,708.0,3.46,5.91,5.11,6456,646,,,,,
2026-08-21 20:21:26,713.0,2026-08-21,709.0,4.14,5.03,4.01,15563,1134,,,,,
2026-08-21 20:21:26,713.0,2026-08-21,710.0,3.06,3.57,3.18,137609,17785,3.3199,0.822,0.0798,-0.315,0.0026
2026-08-21 20:21:26,713.0,2026-08-21,711.0,2.12,2.53,2.04,128494,810,2.6306,0.7811,0.11411,-0.325,0.0029
2026-08-21 20:21:26,713.0,2026-08-21,712.0,1.22,1.49,1.2,259647,1268,1.9167,0.7027,0.18369,-0.355,0.0034
2026-08-21 20:21:26,713.0,2026-08-21,712.5,0.8,0.94,0.64,126475,442,1.495,0.6335,0.25599,-0.37,0.0037
2026-08-21 20:21:26,713.0,2026-08-21,713.0,0.46,0.51,0.26,395482,765,1.2361,0.5004,0.32817,-0.485,0.0039
2026-08-21 20:21:26,713.0,2026-08-21,714.0,0.07,0.08,0.02,519961,1413,0.9805,0.1502,0.24201,-0.075,0.0023
2026-08-21 20:21:26,713.0,2026-08-21,715.0,0.03,0.04,0.01,428696,8004,1.321,0.0622,0.09434,-0.035,0.0012
2026-08-21 20:21:26,713.0,2026-08-21,716.0,0.01,0.02,0.01,178951,5826,1.5624,0.0258,0.039,-0.015,0.0006
2026-08-21 20:21:26,713.0,2026-08-21,717.0,0,0.01,0.01,115625,6840,1.8742,0.0153,0.02087,-0.01,0.0004
2026-08-21 20:21:26,713.0,2026-08-21,717.5,0,0.03,0.01,19215,1907,2.0734,0.014,0.01746,-0.01,0.0004
2026-08-21 20:21:26,713.0,2026-08-21,718.0,0,0.03,0.01,32957,6599,2.2701,0.0129,0.01486,-0.01,0.0003
2026-08-21 20:21:26,713.0,2026-08-21,719.0,0,0.01,0.01,31080,3930,2.6572,0.0112,0.01123,-0.01,0.0003
2026-08-21 20:21:26,713.0,2026-08-21,720.0,0,0.01,0.01,45358,21971,3.0371,0.0099,0.00885,-0.01,0.0003
2026-08-21 20:22:28,713.0,2026-08-21,706.0,5.3,8.76,7.11,2121,569,3.5807,0.9773,0.01533,-0.03,0.0005
2026-08-21 20:22:28,713.0,2026-08-21,707.0,4.59,8.33,6.14,3444,861,,,,,
2026-08-21 20:22:28,713.0,2026-08-21,708.0,3.46,5.91,5.11,6456,646,,,,,
2026-08-21 20:22:28,713.0,2026-08-21,709.0,4.14,5.03,4.01,15573,1134,,,,,
2026-08-21 20:22:28,713.0,2026-08-21,710.0,3.06,3.57,3.18,137609,17785,3.3199,0.822,0.0798,-0.315,0.0026
2026-08-21 20:22:28,713.0,2026-08-21,711.0,2.12,2.53,2.19,128511,810,2.6306,0.7811,0.11411,-0.325,0.0029
2026-08-21 20:22:28,713.0,2026-08-21,712.0,1.22,1.49,1.17,259657,1268,1.9167,0.7027,0.18369,-0.355,0.0034
2026-08-21 20:22:28,713.0,2026-08-21,712.5,0.8,0.94,0.6,126499,442,1.495,0.6335,0.25599,-0.37,0.0037
2026-08-21 20:22:28,713.0,2026-08-21,713.0,0.46,0.51,0.26,397873,765,1.2361,0.5004,0.32817,-0.485,0.0039
2026-08-21 20:22:28,713.0,2026-08-21,714.0,0.07,0.08,0.02,521100,1413,0.9805,0.1502,0.24201,-0.075,0.0023
2026-08-21 20:22:28,713.0,2026-08-21,715.0,0.03,0.04,0.01,428707,8004,1.321,0.0622,0.09434,-0.035,0.0012
2026-08-21 20:22:28,713.0,2026-08-21,716.0,0.01,0.02,0.01,178951,5826,1.5624,0.0258,0.039,-0.015,0.0006
2026-08-21 20:22:28,713.0,2026-08-21,717.0,0,0.01,0.01,115633,6840,1.8742,0.0153,0.02087,-0.01,0.0004
2026-08-21 20:22:28,713.0,2026-08-21,717.5,0,0.03,0.01,19221,1907,2.0734,0.014,0.01746,-0.01,0.0004
2026-08-21 20:22:28,713.0,2026-08-21,718.0,0,0.03,0.01,32962,6599,2.2701,0.0129,0.01486,-0.01,0.0003
2026-08-21 20:22:28,713.0,2026-08-21,719.0,0,0.01,0.01,31180,3930,2.6572,0.0112,0.01123,-0.01,0.0003
2026-08-21 20:22:28,713.0,2026-08-21,720.0,0,0.01,0.01,45358,21971,3.0371,0.0099,0.00885,-0.01,0.0003
2026-08-21 20:23:28,712.92,2026-08-21,706.0,5.3,8.76,7.11,2121,569,4.5044,0.9421,0.02614,-0.11,0.0011
2026-08-21 20:23:28,712.92,2026-08-21,707.0,4.59,8.33,6.1,3446,861,,,,,
2026-08-21 20:23:28,712.92,2026-08-21,708.0,3.46,5.91,5.14,6458,646,,,,,
2026-08-21 20:23:28,712.92,2026-08-21,709.0,4.14,5.03,4.14,15573,1134,,,,,
2026-08-21 20:23:28,712.92,2026-08-21,710.0,3.06,3.57,3.09,137620,17785,3.5631,0.7989,0.08017,-0.395,0.0028
2026-08-21 20:23:28,712.92,2026-08-21,711.0,2.12,2.53,2.08,128513,810,2.8355,0.7554,0.11265,-0.405,0.0031
2026-08-21 20:23:28,712.92,2026-08-21,712.0,1.22,1.49,1.14,259692,1268,2.0751,0.6746,0.17647,-0.435,0.0035
2026-08-21 20:23:28,712.92,2026-08-21,712.5,0.8,0.94,0.59,126504,442,1.627,0.604,0.24083,-0.45,0.0038
2026-08-21 20:23:28,712.92,2026-08-21,713.0,0.46,0.51,0.26,397886,765,1.3356,0.4761,0.3032,-0.485,0.0039
2026-08-21 20:23:28,712.92,2026-08-21,714.0,0.07,0.08,0.01,521232,1413,1.0325,0.1441,0.22353,-0.075,0.0022
2026-08-21 20:23:28,712.92,2026-08-21,715.0,0.03,0.04,0.01,428711,8004,1.3621,0.0606,0.08965,-0.035,0.0012
2026-08-21 20:23:28,712.92,2026-08-21,716.0,0.01,0.02,0.01,178957,5826,1.5973,0.0253,0.03753,-0.015,0.0006
2026-08-21 20:23:28,712.92,2026-08-21,717.0,0,0.01,0.01,115633,6840,1.9064,0.015,0.02026,-0.01,0.0004
2026-08-21 20:23:28,712.92,2026-08-21,717.5,0,0.03,0.01,19221,1907,2.1053,0.0138,0.01699,-0.01,0.0003
2026-08-21 20:23:28,712.92,2026-08-21,718.0,0,0.03,0.01,32967,6599,2.3016,0.0127,0.01451,-0.01,0.0003
2026-08-21 20:23:28,712.92,2026-08-21,719.0,0,0.01,0.01,31180,3930,2.6881,0.0111,0.011,-0.01,0.0003
2026-08-21 20:24:29,712.89,2026-08-21,706.0,5.3,8.76,7.11,2121,569,4.7356,0.9319,0.02823,-0.14,0.0013
2026-08-21 20:24:29,712.89,2026-08-21,707.0,4.59,8.33,6.1,3446,861,,,,,
2026-08-21 20:24:29,712.89,2026-08-21,708.0,3.46,5.91,5.14,6458,646,,,,,
2026-08-21 20:24:29,712.89,2026-08-21,709.0,4.14,5.03,4.14,15573,1134,,,,,
2026-08-21 20:24:29,712.89,2026-08-21,710.0,3.06,3.57,2.95,137620,17785,3.6485,0.7909,0.08012,-0.425,0.0028
2026-08-21 20:24:29,712.89,2026-08-21,711.0,2.12,2.53,2.08,128533,810,2.9077,0.7466,0.11193,-0.435,0.0031
2026-08-21 20:24:29,712.89,2026-08-21,712.0,1.22,1.49,1.06,259734,1268,2.1315,0.6651,0.1738,-0.465,0.0036
2026-08-21 20:24:29,712.89,2026-08-21,712.5,0.8,0.94,0.59,126505,442,1.6743,0.5941,0.23554,-0.48,0.0038
2026-08-21 20:24:29,712.89,2026-08-21,713.0,0.46,0.51,0.23,398465,765,1.3718,0.4679,0.29479,-0.485,0.0039
2026-08-21 20:24:29,712.89,2026-08-21,714.0,0.07,0.08,0.01,521382,1413,1.0518,0.1419,0.21723,-0.075,0.0022
2026-08-21 20:24:29,712.89,2026-08-21,715.0,0.03,0.04,0.01,428713,8004,1.3775,0.06,0.08799,-0.035,0.0012
2026-08-21 20:24:29,712.89,2026-08-21,716.0,0.01,0.02,0.01,179352,5826,1.6103,0.0251,0.03701,-0.015,0.0006
2026-08-21 20:24:29,712.89,2026-08-21,717.0,0,0.01,0.01,115634,6840,1.9185,0.015,0.02003,-0.01,0.0004
2026-08-21 20:24:29,712.89,2026-08-21,717.5,0,0.03,0.01,19222,1907,2.1172,0.0137,0.01683,-0.01,0.0003
2026-08-21 20:24:29,712.89,2026-08-21,718.0,0,0.03,0.01,33026,6599,2.3134,0.0127,0.01438,-0.01,0.0003
2026-08-21 20:24:29,712.89,2026-08-21,719.0,0,0.01,0.01,31206,3930,2.6997,0.011,0.01092,-0.01,0.0003
2026-08-21 20:25:30,712.89,2026-08-21,706.0,5.3,8.76,7.11,2121,569,4.7356,0.9319,0.02823,-0.14,0.0013
2026-08-21 20:25:30,712.89,2026-08-21,707.0,4.59,8.33,6.1,3446,861,,,,,
2026-08-21 20:25:30,712.89,2026-08-21,708.0,3.46,5.91,5.14,6458,646,,,,,
2026-08-21 20:25:30,712.89,2026-08-21,709.0,4.14,5.03,4.14,15573,1134,,,,,
2026-08-21 20:25:30,712.89,2026-08-21,710.0,3.06,3.57,2.95,137620,17785,3.6485,0.7909,0.08012,-0.425,0.0028
2026-08-21 20:25:30,712.89,2026-08-21,711.0,2.12,2.53,2.1,128534,810,2.9077,0.7466,0.11193,-0.435,0.0031
2026-08-21 20:25:30,712.89,2026-08-21,712.0,1.22,1.49,1.09,260087,1268,2.1315,0.6651,0.1738,-0.465,0.0036
2026-08-21 20:25:30,712.89,2026-08-21,712.5,0.8,0.94,0.59,126515,442,1.6743,0.5941,0.23554,-0.48,0.0038
2026-08-21 20:25:30,712.89,2026-08-21,713.0,0.46,0.51,0.26,398612,765,1.3718,0.4679,0.29479,-0.485,0.0039
2026-08-21 20:25:30,712.89,2026-08-21,714.0,0.07,0.08,0.01,523545,1413,1.0518,0.1419,0.21723,-0.075,0.0022
2026-08-21 20:25:30,712.89,2026-08-21,715.0,0.03,0.04,0.01,428790,8004,1.3775,0.06,0.08799,-0.035,0.0012
2026-08-21 20:25:30,712.89,2026-08-21,716.0,0.01,0.02,0.01,179352,5826,1.6103,0.0251,0.03701,-0.015,0.0006
2026-08-21 20:25:30,712.89,2026-08-21,717.0,0,0.01,0.01,115722,6840,1.9185,0.015,0.02003,-0.01,0.0004
2026-08-21 20:25:30,712.89,2026-08-21,717.5,0,0.03,0.01,19222,1907,2.1172,0.0137,0.01683,-0.01,0.0003
2026-08-21 20:25:30,712.89,2026-08-21,718.0,0,0.03,0.01,33026,6599,2.3134,0.0127,0.01438,-0.01,0.0003
2026-08-21 20:25:30,712.89,2026-08-21,719.0,0,0.01,0.01,31206,3930,2.6997,0.011,0.01092,-0.01,0.0003
2026-08-21 20:26:30,712.89,2026-08-21,706.0,5.3,8.76,7.11,2121,569,4.7356,0.9319,0.02823,-0.14,0.0013
2026-08-21 20:26:30,712.89,2026-08-21,707.0,4.59,8.33,6.1,3446,861,,,,,
2026-08-21 20:26:30,712.89,2026-08-21,708.0,3.46,5.91,5.14,6458,646,,,,,
2026-08-21 20:26:30,712.89,2026-08-21,709.0,4.14,5.03,4.14,15598,1134,,,,,
2026-08-21 20:26:30,712.89,2026-08-21,710.0,3.06,3.57,2.95,137623,17785,3.6485,0.7909,0.08012,-0.425,0.0028
2026-08-21 20:26:30,712.89,2026-08-21,711.0,2.12,2.53,2.1,128534,810,2.9077,0.7466,0.11193,-0.435,0.0031
2026-08-21 20:26:30,712.89,2026-08-21,712.0,1.22,1.49,1.07,260142,1268,2.1315,0.6651,0.1738,-0.465,0.0036
2026-08-21 20:26:30,712.89,2026-08-21,712.5,0.8,0.94,0.58,126515,442,1.6743,0.5941,0.23554,-0.48,0.0038
2026-08-21 20:26:30,712.89,2026-08-21,713.0,0.46,0.51,0.19,401853,765,1.3718,0.4679,0.29479,-0.485,0.0039
2026-08-21 20:26:30,712.89,2026-08-21,714.0,0.07,0.08,0.01,524245,1413,1.0518,0.1419,0.21723,-0.075,0.0022
2026-08-21 20:26:30,712.89,2026-08-21,715.0,0.03,0.04,0.01,428792,8004,1.3775,0.06,0.08799,-0.035,0.0012
2026-08-21 20:26:30,712.89,2026-08-21,716.0,0.01,0.02,0.01,179352,5826,1.6103,0.0251,0.03701,-0.015,0.0006
2026-08-21 20:26:30,712.89,2026-08-21,717.0,0,0.01,0.01,115724,6840,1.9185,0.015,0.02003,-0.01,0.0004
2026-08-21 20:26:30,712.89,2026-08-21,717.5,0,0.03,0.01,19222,1907,2.1172,0.0137,0.01683,-0.01,0.0003
2026-08-21 20:26:30,712.89,2026-08-21,718.0,0,0.03,0.01,33033,6599,2.3134,0.0127,0.01438,-0.01,0.0003
2026-08-21 20:26:30,712.89,2026-08-21,719.0,0,0.01,0.01,31211,3930,2.6997,0.011,0.01092,-0.01,0.0003
2026-08-21 20:27:32,712.91,2026-08-21,706.0,5.3,8.76,7.11,2121,569,4.5851,0.9386,0.0269,-0.12,0.0012
2026-08-21 20:27:32,712.91,2026-08-21,707.0,4.59,8.33,6.1,3446,861,,,,,
2026-08-21 20:27:32,712.91,2026-08-21,708.0,3.46,5.91,5.14,6458,646,,,,,
2026-08-21 20:27:32,712.91,2026-08-21,709.0,4.14,5.03,4.16,15598,1134,,,,,
2026-08-21 20:27:32,712.91,2026-08-21,710.0,3.06,3.57,3.11,137630,17785,3.5919,0.7962,0.08017,-0.405,0.0028
2026-08-21 20:27:32,712.91,2026-08-21,711.0,2.12,2.53,2.1,128534,810,2.8598,0.7524,0.11242,-0.415,0.0031
2026-08-21 20:27:32,712.91,2026-08-21,712.0,1.22,1.49,1.14,260162,1268,2.0941,0.6714,0.17558,-0.445,0.0036
2026-08-21 20:27:32,712.91,2026-08-21,712.5,0.8,0.94,0.58,126515,442,1.6429,0.6007,0.23904,-0.46,0.0038
2026-08-21 20:27:32,712.91,2026-08-21,713.0,0.46,0.51,0.25,401946,765,1.3477,0.4733,0.30035,-0.485,0.0039
2026-08-21 20:27:32,712.91,2026-08-21,714.0,0.07,0.08,0.01,524254,1413,1.0389,0.1434,0.2214,-0.075,0.0022
2026-08-21 20:27:32,712.91,2026-08-21,715.0,0.03,0.04,0.01,428792,8004,1.3673,0.0604,0.08909,-0.035,0.0012
2026-08-21 20:27:32,712.91,2026-08-21,716.0,0.01,0.02,0.01,179352,5826,1.6016,0.0252,0.03736,-0.015,0.0006
2026-08-21 20:27:32,712.91,2026-08-21,717.0,0,0.01,0.01,115724,6840,1.9105,0.015,0.02018,-0.01,0.0004
2026-08-21 20:27:32,712.91,2026-08-21,717.5,0,0.03,0.01,19222,1907,2.1092,0.0137,0.01694,-0.01,0.0003
2026-08-21 20:27:32,712.91,2026-08-21,718.0,0,0.03,0.01,33033,6599,2.3056,0.0127,0.01446,-0.01,0.0003
2026-08-21 20:27:32,712.91,2026-08-21,719.0,0,0.01,0.01,31212,3930,2.692,0.011,0.01098,-0.01,0.0003
2026-08-21 20:28:33,712.91,2026-08-21,706.0,5.3,8.76,7.11,2121,569,4.5851,0.9386,0.0269,-0.12,0.0012
2026-08-21 20:28:33,712.91,2026-08-21,707.0,4.59,8.33,6.1,3446,861,,,,,
2026-08-21 20:28:33,712.91,2026-08-21,708.0,3.46,5.91,5.14,6458,646,,,,,
2026-08-21 20:28:33,712.91,2026-08-21,709.0,4.14,5.03,4.16,15601,1134,,,,,
2026-08-21 20:28:33,712.91,2026-08-21,710.0,3.06,3.57,3.11,137630,17785,3.5919,0.7962,0.08017,-0.405,0.0028
2026-08-21 20:28:33,712.91,2026-08-21,711.0,2.12,2.53,2.1,128534,810,2.8598,0.7524,0.11242,-0.415,0.0031
2026-08-21 20:28:33,712.91,2026-08-21,712.0,1.22,1.49,1,260184,1268,2.0941,0.6714,0.17558,-0.445,0.0036
2026-08-21 20:28:33,712.91,2026-08-21,712.5,0.8,0.94,0.58,126515,442,1.6429,0.6007,0.23904,-0.46,0.0038
2026-08-21 20:28:33,712.91,2026-08-21,713.0,0.46,0.51,0.21,401983,765,1.3477,0.4733,0.30035,-0.485,0.0039
2026-08-21 20:28:33,712.91,2026-08-21,714.0,0.07,0.08,0.01,524255,1413,1.0389,0.1434,0.2214,-0.075,0.0022
2026-08-21 20:28:33,712.91,2026-08-21,715.0,0.03,0.04,0.01,428792,8004,1.3673,0.0604,0.08909,-0.035,0.0012
2026-08-21 20:28:33,712.91,2026-08-21,716.0,0.01,0.02,0.01,179352,5826,1.6016,0.0252,0.03736,-0.015,0.0006
2026-08-21 20:28:33,712.91,2026-08-21,717.0,0,0.01,0.01,115724,6840,1.9105,0.015,0.02018,-0.01,0.0004
2026-08-21 20:28:33,712.91,2026-08-21,717.5,0,0.03,0.01,19222,1907,2.1092,0.0137,0.01694,-0.01,0.0003
2026-08-21 20:28:33,712.91,2026-08-21,718.0,0,0.03,0.01,33033,6599,2.3056,0.0127,0.01446,-0.01,0.0003
2026-08-21 20:28:33,712.91,2026-08-21,719.0,0,0.01,0.01,31212,3930,2.692,0.011,0.01098,-0.01,0.0003
2026-08-21 20:29:34,712.89,2026-08-21,706.0,5.3,8.76,7.11,2121,569,4.7356,0.9319,0.02823,-0.14,0.0013
2026-08-21 20:29:34,712.89,2026-08-21,707.0,4.59,8.33,6.1,3446,861,,,,,
2026-08-21 20:29:34,712.89,2026-08-21,708.0,3.46,5.91,5.14,6458,646,,,,,
2026-08-21 20:29:34,712.89,2026-08-21,709.0,4.14,5.03,4.16,15601,1134,,,,,
2026-08-21 20:29:34,712.89,2026-08-21,710.0,3.06,3.57,3.11,137630,17785,3.6485,0.7909,0.08012,-0.425,0.0028
2026-08-21 20:29:34,712.89,2026-08-21,711.0,2.12,2.53,2.1,128534,810,2.9077,0.7466,0.11193,-0.435,0.0031
2026-08-21 20:29:34,712.89,2026-08-21,712.0,1.22,1.49,1,260209,1268,2.1315,0.6651,0.1738,-0.465,0.0036
2026-08-21 20:29:34,712.89,2026-08-21,712.5,0.8,0.94,0.58,126525,442,1.6743,0.5941,0.23554,-0.48,0.0038
2026-08-21 20:29:34,712.89,2026-08-21,713.0,0.46,0.51,0.2,402144,765,1.3718,0.4679,0.29479,-0.485,0.0039
2026-08-21 20:29:34,712.89,2026-08-21,714.0,0.07,0.08,0.01,524257,1413,1.0518,0.1419,0.21723,-0.075,0.0022
2026-08-21 20:29:34,712.89,2026-08-21,715.0,0.03,0.04,0.01,428803,8004,1.3775,0.06,0.08799,-0.035,0.0012
2026-08-21 20:29:34,712.89,2026-08-21,716.0,0.01,0.02,0.01,179352,5826,1.6103,0.0251,0.03701,-0.015,0.0006
2026-08-21 20:29:34,712.89,2026-08-21,717.0,0,0.01,0.01,115725,6840,1.9185,0.015,0.02003,-0.01,0.0004
2026-08-21 20:29:34,712.89,2026-08-21,717.5,0,0.03,0.01,19222,1907,2.1172,0.0137,0.01683,-0.01,0.0003
2026-08-21 20:29:34,712.89,2026-08-21,718.0,0,0.03,0.01,33033,6599,2.3134,0.0127,0.01438,-0.01,0.0003
2026-08-21 20:29:34,712.89,2026-08-21,719.0,0,0.01,0.01,31212,3930,2.6997,0.011,0.01092,-0.01,0.0003
