run_time,spot,expiration,strike,bid,ask,last,volume,open_interest,iv,delta,gamma,theta,vega
2026-08-24 13:45:15,703.35,2026-08-24,689.0,0.07,0.08,0.03,2,835,0.3996,-0.0262,0.0081,-0.075,0.0114
2026-08-24 13:45:15,703.35,2026-08-24,690.0,0.04,0.09,0.04,51,1115,0.3673,-0.0249,0.00844,-0.065,0.0109
2026-08-24 13:45:15,703.35,2026-08-24,691.0,0.09,0.1,0.06,100,468,0.3671,-0.0347,0.01114,-0.095,0.0144
2026-08-24 13:45:15,703.35,2026-08-24,692.0,0.11,0.12,0.06,31,486,0.3548,-0.0423,0.01352,-0.115,0.0169
2026-08-24 13:45:15,703.35,2026-08-24,693.0,0.14,0.15,0.09,13,555,0.345,-0.0529,0.01665,-0.145,0.0203
2026-08-24 13:45:15,703.35,2026-08-24,694.0,0.17,0.18,0.17,7,2610,0.3315,-0.0643,0.02019,-0.175,0.0236
2026-08-24 13:45:15,703.35,2026-08-24,695.0,0.19,0.2,0.21,40,999,0.3114,-0.0743,0.02404,-0.195,0.0264
2026-08-24 13:45:15,703.35,2026-08-24,696.0,0.29,0.3,0.23,512,642,0.3147,-0.1042,0.03059,-0.295,0.034
2026-08-24 13:45:15,703.35,2026-08-24,697.0,0.39,0.4,0.34,35,758,0.3092,-0.1343,0.03726,-0.395,0.0406
2026-08-24 13:45:15,703.35,2026-08-24,698.0,0.47,0.52,0.47,196,556,0.2974,-0.1662,0.04465,-0.495,0.0468
2026-08-24 13:45:15,703.35,2026-08-24,699.0,0.68,0.7,0.62,168,438,0.2979,-0.2154,0.05228,-0.69,0.0549
2026-08-24 13:45:15,703.35,2026-08-24,700.0,0.89,0.91,0.89,1905,3691,0.2922,-0.2677,0.05999,-0.9,0.0618
2026-08-24 13:45:15,703.35,2026-08-24,701.0,1.15,1.18,1.12,463,767,0.2868,-0.3282,0.06708,-1.165,0.0679
2026-08-24 13:45:15,703.35,2026-08-24,702.0,1.44,1.5,1.47,657,612,0.2785,-0.395,0.07363,-1.47,0.0723
2026-08-24 13:45:15,703.35,2026-08-24,703.0,1.93,1.94,1.93,322,508,0.2824,-0.4706,0.075,-1.935,0.0747
2026-08-24 13:45:15,703.35,2026-08-24,704.0,2.33,2.39,2.43,681,715,0.2709,-0.5477,0.07786,-1.71,0.0744
2026-08-24 13:45:15,703.35,2026-08-24,705.0,2.94,2.99,2.94,1633,3566,0.2731,-0.623,0.07405,-1.315,0.0713
2026-08-24 13:45:15,703.35,2026-08-24,706.0,3.58,3.69,3.58,1279,543,0.2744,-0.6934,0.06814,-0.985,0.0659
2026-08-24 13:45:15,703.35,2026-08-24,707.0,4.26,4.38,4.26,2722,728,0.2669,-0.7638,0.06149,-0.67,0.0579
2026-08-24 13:45:15,703.35,2026-08-24,708.0,5.07,5.16,5.06,2326,981,0.2669,-0.8203,0.05228,-0.465,0.0492
2026-08-24 13:45:15,703.35,2026-08-24,709.0,6.11,6.24,6.11,1279,547,0.3151,-0.8272,0.04321,-0.525,0.048
2026-08-24 13:45:15,703.35,2026-08-24,710.0,6.65,6.86,6.65,10188,1760,0.2331,-0.9337,0.02941,-0.105,0.0242
2026-08-24 13:45:15,703.35,2026-08-24,711.0,7.53,8.119,7.53,278,1691,0.2873,-0.9196,0.02766,-0.1745,0.028
2026-08-24 13:45:15,703.35,2026-08-24,712.0,8.56,9.02,8.59,401,1281,0.3016,-0.9345,0.02253,-0.14,0.024
2026-08-24 13:45:15,703.35,2026-08-24,713.0,9.66,9.82,9.45,570,792,0.3041,-0.9526,0.01731,-0.09,0.0186
2026-08-24 13:45:15,703.35,2026-08-24,714.0,10.2,11,10.2,122,971,,,,,
2026-08-24 13:45:15,703.35,2026-08-24,715.0,11.32,11.83,11.31,93,1994,,,,,
2026-08-24 13:45:15,703.35,2026-08-24,716.0,12.34,12.97,11.9,79,1999,0.3013,-0.9864,0.00616,-0.005,0.0065
2026-08-24 13:45:15,703.35,2026-08-24,717.0,12.85,14.11,12.73,1,1410,,,,,
2026-08-24 13:45:15,703.35,2026-08-24,718.0,12.76,14.75,12.72,4,1084,,,,,
2026-08-24 13:46:17,703.3,2026-08-24,689.0,0.03,0.04,0.03,52,835,0.3554,-0.0148,0.00561,-0.035,0.007
2026-08-24 13:46:17,703.3,2026-08-24,690.0,0.08,0.09,0.04,134,1115,0.3834,-0.0304,0.00956,-0.085,0.0129
2026-08-24 13:46:17,703.3,2026-08-24,691.0,0.05,0.06,0.1,163,468,0.3341,-0.0234,0.00882,-0.055,0.0104
2026-08-24 13:46:17,703.3,2026-08-24,692.0,0.07,0.08,0.11,333,486,0.3275,-0.0313,0.01146,-0.075,0.0132
2026-08-24 13:46:17,703.3,2026-08-24,693.0,0.13,0.14,0.14,129,555,0.3391,-0.0505,0.01636,-0.135,0.0195
2026-08-24 13:46:17,703.3,2026-08-24,694.0,0.16,0.17,0.17,221,2610,0.3263,-0.0621,0.01998,-0.165,0.0229
2026-08-24 13:46:17,703.3,2026-08-24,695.0,0.21,0.22,0.17,180,999,0.3178,-0.0794,0.02481,-0.215,0.0277
2026-08-24 13:46:17,703.3,2026-08-24,696.0,0.24,0.25,0.23,691,642,0.2983,-0.0935,0.02986,-0.245,0.0313
2026-08-24 13:46:17,703.3,2026-08-24,697.0,0.36,0.37,0.31,597,758,0.3005,-0.1291,0.03735,-0.365,0.0395
2026-08-24 13:46:17,703.3,2026-08-24,698.0,0.44,0.49,0.49,377,556,0.2896,-0.1617,0.04512,-0.465,0.0459
2026-08-24 13:46:17,703.3,2026-08-24,699.0,0.59,0.64,0.62,468,438,0.2825,-0.2056,0.05371,-0.615,0.0534
2026-08-24 13:46:17,703.3,2026-08-24,700.0,0.79,0.85,0.79,2832,3691,0.2774,-0.2599,0.06234,-0.82,0.0608
2026-08-24 13:46:17,703.3,2026-08-24,701.0,1.07,1.09,1.07,854,767,0.2722,-0.3231,0.07033,-1.08,0.0673
2026-08-24 13:46:17,703.3,2026-08-24,702.0,1.37,1.44,1.38,1672,612,0.2671,-0.3945,0.07684,-1.405,0.0722
2026-08-24 13:46:17,703.3,2026-08-24,703.0,1.75,1.83,1.75,1402,508,0.2602,-0.4724,0.08155,-1.79,0.0746
2026-08-24 13:46:17,703.3,2026-08-24,704.0,2.33,2.35,2.33,2080,715,0.2648,-0.5529,0.07962,-1.64,0.0742
2026-08-24 13:46:17,703.3,2026-08-24,705.0,2.87,2.89,2.87,3551,3566,0.2571,-0.6347,0.07799,-1.18,0.0705
2026-08-24 13:46:17,703.3,2026-08-24,706.0,3.55,3.6,3.43,2917,543,0.2602,-0.7069,0.0705,-0.875,0.0645
2026-08-24 13:46:17,703.3,2026-08-24,707.0,4.26,4.31,4.26,5691,728,0.2543,-0.7781,0.06239,-0.585,0.0558
2026-08-24 13:46:17,703.3,2026-08-24,708.0,4.99,5.18,4.99,3695,981,0.2523,-0.837,0.05205,-0.385,0.0462
2026-08-24 13:46:17,703.3,2026-08-24,709.0,5.75,6.09,5.88,1613,547,0.2447,-0.8905,0.04084,-0.22,0.0351
2026-08-24 13:46:17,703.3,2026-08-24,710.0,6.61,6.9,6.61,10868,1760,0.2112,-0.9531,0.02475,-0.055,0.0184
2026-08-24 13:46:17,703.3,2026-08-24,711.0,7.66,8.35,7.66,407,1691,0.3304,-0.8903,0.03029,-0.305,0.0352
2026-08-24 13:46:17,703.3,2026-08-24,712.0,8.41,9.29,8.75,757,1281,0.3075,-0.9321,0.02275,-0.15,0.0246
2026-08-24 13:46:17,703.3,2026-08-24,713.0,9.43,10.1,9.66,761,792,0.2913,-0.9605,0.01563,-0.065,0.016
2026-08-24 13:46:17,703.3,2026-08-24,714.0,10.55,11.32,10.52,200,971,0.3954,-0.9228,0.01952,-0.235,0.0271
2026-08-24 13:46:17,703.3,2026-08-24,715.0,11.66,12.09,11.41,123,1994,0.3985,-0.9388,0.01619,-0.175,0.0227
2026-08-24 13:46:17,703.3,2026-08-24,716.0,11.77,14.27,11.87,136,1999,0.482,-0.9168,0.01695,-0.32,0.0287
2026-08-24 13:46:17,703.3,2026-08-24,717.0,12.56,15.36,12.73,4,1410,0.4875,-0.9299,0.0147,-0.26,0.0252
2026-08-24 13:46:17,703.3,2026-08-24,718.0,13.78,15.05,13.61,33,1084,,,,,
2026-08-24 13:47:18,704.25,2026-08-24,690.0,0.03,0.04,0.03,265,1115,0.3543,-0.0148,0.00564,-0.035,0.007
2026-08-24 13:47:18,704.25,2026-08-24,691.0,0.04,0.09,0.08,166,468,0.3655,-0.025,0.00853,-0.065,0.011
2026-08-24 13:47:18,704.25,2026-08-24,692.0,0.05,0.1,0.09,451,486,0.3503,-0.0295,0.0102,-0.075,0.0126
2026-08-24 13:47:18,704.25,2026-08-24,693.0,0.1,0.11,0.06,132,555,0.3467,-0.0399,0.01322,-0.105,0.0161
2026-08-24 13:47:18,704.25,2026-08-24,694.0,0.12,0.13,0.12,226,2610,0.3326,-0.0481,0.01603,-0.125,0.0188
2026-08-24 13:47:18,704.25,2026-08-24,695.0,0.15,0.16,0.12,433,999,0.3205,-0.0597,0.01975,-0.155,0.0223
2026-08-24 13:47:18,704.25,2026-08-24,696.0,0.2,0.21,0.15,750,642,0.3127,-0.0774,0.02472,-0.205,0.0272
2026-08-24 13:47:18,704.25,2026-08-24,697.0,0.22,0.27,0.22,747,758,0.2968,-0.0939,0.0301,-0.245,0.0314
2026-08-24 13:47:18,704.25,2026-08-24,698.0,0.31,0.32,0.31,1628,556,0.2858,-0.1192,0.03714,-0.315,0.0373
2026-08-24 13:47:18,704.25,2026-08-24,699.0,0.46,0.47,0.46,636,438,0.2878,-0.1625,0.04554,-0.465,0.0461
2026-08-24 13:47:18,704.25,2026-08-24,700.0,0.58,0.63,0.55,3181,3691,0.2787,-0.2051,0.05438,-0.605,0.0533
2026-08-24 13:47:18,704.25,2026-08-24,701.0,0.82,0.83,0.78,1231,767,0.2761,-0.2621,0.0629,-0.825,0.0611
2026-08-24 13:47:18,704.25,2026-08-24,702.0,1.04,1.1,1.03,2193,612,0.2683,-0.3243,0.07146,-1.07,0.0674
2026-08-24 13:47:18,704.25,2026-08-24,703.0,1.36,1.38,1.36,2660,508,0.2595,-0.3955,0.07915,-1.37,0.0722
2026-08-24 13:47:18,704.25,2026-08-24,704.0,1.81,1.83,1.81,3136,715,0.2611,-0.4765,0.08135,-1.82,0.0747
2026-08-24 13:47:18,704.25,2026-08-24,705.0,2.24,2.34,2.24,5302,3566,0.2543,-0.5593,0.08272,-1.54,0.074
2026-08-24 13:47:18,704.25,2026-08-24,706.0,2.83,2.86,2.83,4170,543,0.2475,-0.6438,0.0803,-1.095,0.0699
2026-08-24 13:47:18,704.25,2026-08-24,707.0,3.48,3.59,3.48,8396,728,0.2483,-0.7196,0.07235,-0.785,0.0632
2026-08-24 13:47:18,704.25,2026-08-24,708.0,4.34,4.4,4.32,4506,981,0.2625,-0.7739,0.06108,-0.62,0.0564
2026-08-24 13:47:18,704.25,2026-08-24,709.0,5.04,5.27,5.04,2109,547,0.2584,-0.8338,0.05148,-0.405,0.0468
2026-08-24 13:47:18,704.25,2026-08-24,710.0,5.93,6.01,5.93,11197,1760,0.2462,-0.8911,0.04043,-0.22,0.035
2026-08-24 13:47:18,704.25,2026-08-24,711.0,6.73,7.01,6.69,519,1691,0.2422,-0.9294,0.02976,-0.12,0.0253
2026-08-24 13:47:18,704.25,2026-08-24,712.0,7.8,8.119,7.8,902,1281,0.3026,-0.9115,0.02825,-0.2095,0.0301
2026-08-24 13:47:18,704.25,2026-08-24,713.0,8.79,9.17,8.59,1062,792,0.3384,-0.9135,0.02485,-0.23,0.0296
2026-08-24 13:47:18,704.25,2026-08-24,714.0,9.7,10.83,10.33,216,971,0.4509,-0.8721,0.02473,-0.515,0.0392
2026-08-24 13:47:18,704.25,2026-08-24,715.0,10.77,11.02,10.45,156,1994,0.36,-0.9421,0.01717,-0.145,0.0217
2026-08-24 13:47:18,704.25,2026-08-24,716.0,11.54,13.7,11.84,138,1999,0.6013,-0.847,0.02095,-0.87,0.0443
2026-08-24 13:47:18,704.25,2026-08-24,717.0,12.31,14.11,12.87,10,1410,0.5284,-0.8973,0.01807,-0.46,0.0336
2026-08-24 13:47:18,704.25,2026-08-24,718.0,13.25,15.16,13.61,48,1084,0.5565,-0.9024,0.01652,-0.455,0.0323
2026-08-24 13:47:18,704.25,2026-08-24,719.0,14.68,16.54,14.51,22,871,0.6976,-0.8654,0.01656,-0.86,0.0406
2026-08-24 13:48:19,703.89,2026-08-24,689.0,0.06,0.07,0.03,81,835,0.4044,-0.0229,0.00717,-0.065,0.0102
2026-08-24 13:48:19,703.89,2026-08-24,690.0,0.07,0.08,0.07,554,1115,0.3902,-0.0268,0.00849,-0.075,0.0116
2026-08-24 13:48:19,703.89,2026-08-24,691.0,0.04,0.05,0.08,204,468,0.3378,-0.0194,0.00746,-0.045,0.0088
2026-08-24 13:48:19,703.89,2026-08-24,692.0,0.05,0.06,0.05,952,486,0.3253,-0.024,0.00926,-0.055,0.0106
2026-08-24 13:48:19,703.89,2026-08-24,693.0,0.11,0.12,0.06,141,555,0.3443,-0.0435,0.01431,-0.115,0.0173
2026-08-24 13:48:19,703.89,2026-08-24,694.0,0.13,0.14,0.13,586,2610,0.329,-0.052,0.01727,-0.135,0.0199
2026-08-24 13:48:19,703.89,2026-08-24,695.0,0.16,0.17,0.16,752,999,0.3157,-0.0639,0.02118,-0.165,0.0234
2026-08-24 13:48:19,703.89,2026-08-24,696.0,0.2,0.21,0.17,954,642,0.303,-0.0796,0.02611,-0.205,0.0277
2026-08-24 13:48:19,703.89,2026-08-24,697.0,0.27,0.28,0.28,1006,758,0.2956,-0.1038,0.0326,-0.275,0.0338
2026-08-24 13:48:19,703.89,2026-08-24,698.0,0.35,0.36,0.38,2134,556,0.2851,-0.1319,0.04005,-0.355,0.04
2026-08-24 13:48:19,703.89,2026-08-24,699.0,0.43,0.45,0.5,886,438,0.2702,-0.1638,0.04884,-0.44,0.0462
2026-08-24 13:48:19,703.89,2026-08-24,700.0,0.59,0.6,0.59,4248,3691,0.2635,-0.2119,0.05875,-0.595,0.0542
2026-08-24 13:48:19,703.89,2026-08-24,701.0,0.82,0.83,0.82,2086,767,0.261,-0.2737,0.06813,-0.825,0.0623
2026-08-24 13:48:19,703.89,2026-08-24,702.0,1.05,1.07,1.05,4930,612,0.2499,-0.3396,0.0783,-1.06,0.0686
2026-08-24 13:48:19,703.89,2026-08-24,703.0,1.41,1.43,1.41,4700,508,0.2468,-0.4201,0.08461,-1.42,0.0732
2026-08-24 13:48:19,703.89,2026-08-24,704.0,1.79,1.82,1.79,5043,715,0.2361,-0.5063,0.09027,-1.7,0.0747
2026-08-24 13:48:19,703.89,2026-08-24,705.0,2.34,2.37,2.34,8717,3566,0.2356,-0.5958,0.08786,-1.25,0.0725
2026-08-24 13:48:19,703.89,2026-08-24,706.0,2.97,3.01,2.97,7744,543,0.2347,-0.681,0.0813,-0.885,0.0668
2026-08-24 13:48:19,703.89,2026-08-24,707.0,3.7,3.75,3.48,11594,728,0.2369,-0.7551,0.07088,-0.62,0.0588
2026-08-24 13:48:19,703.89,2026-08-24,708.0,4.24,4.47,4.24,5254,981,0.2018,-0.8589,0.05925,-0.25,0.0419
2026-08-24 13:48:19,703.89,2026-08-24,709.0,5.12,5.42,5.12,2677,547,0.2108,-0.8999,0.04451,-0.165,0.0329
2026-08-24 13:48:19,703.89,2026-08-24,710.0,6.11,6.2,6.13,11514,1760,0.1937,-0.9523,0.02738,-0.05,0.0186
2026-08-24 13:48:19,703.89,2026-08-24,711.0,6.78,7.14,6.78,639,1691,,,,,
2026-08-24 13:48:19,703.89,2026-08-24,712.0,8,8.14,7.9,1107,1281,,,,,
2026-08-24 13:48:19,703.89,2026-08-24,713.0,8.92,9.17,8.88,1108,792,,,,,
2026-08-24 13:48:19,703.89,2026-08-24,714.0,9.65,10.19,9.94,239,971,,,,,
2026-08-24 13:48:19,703.89,2026-08-24,715.0,10.85,11.01,10.32,160,1994,,,,,
2026-08-24 13:48:19,703.89,2026-08-24,716.0,11.92,12.15,11.64,143,1999,,,,,
2026-08-24 13:48:19,703.89,2026-08-24,717.0,12.61,13.36,12.58,24,1410,,,,,
2026-08-24 13:48:19,703.89,2026-08-24,718.0,13.52,14.41,13.52,56,1084,,,,,
2026-08-24 13:49:20,704.45,2026-08-24,690.0,0.02,0.07,0.06,696,1115,0.3727,-0.0178,0.00628,-0.045,0.0082
2026-08-24 13:49:20,704.45,2026-08-24,691.0,0.03,0.08,0.04,303,468,0.3613,-0.0218,0.00772,-0.055,0.0098
2026-08-24 13:49:20,704.45,2026-08-24,692.0,0.04,0.05,0.08,1190,486,0.328,-0.0199,0.00787,-0.045,0.009
2026-08-24 13:49:20,704.45,2026-08-24,693.0,0.1,0.11,0.1,146,555,0.3526,-0.0394,0.0129,-0.105,0.0159
2026-08-24 13:49:20,704.45,2026-08-24,694.0,0.08,0.13,0.11,598,2610,0.3273,-0.042,0.01465,-0.105,0.0168
2026-08-24 13:49:20,704.45,2026-08-24,695.0,0.11,0.16,0.11,832,999,0.3173,-0.0536,0.01837,-0.135,0.0204
2026-08-24 13:49:20,704.45,2026-08-24,696.0,0.19,0.2,0.19,1833,642,0.3155,-0.0738,0.02368,-0.195,0.0261
2026-08-24 13:49:20,704.45,2026-08-24,697.0,0.2,0.21,0.2,1162,758,0.2901,-0.0826,0.02806,-0.205,0.0285
2026-08-24 13:49:20,704.45,2026-08-24,698.0,0.27,0.28,0.25,2166,556,0.2818,-0.1081,0.03522,-0.275,0.0347
2026-08-24 13:49:20,704.45,2026-08-24,699.0,0.41,0.42,0.35,955,438,0.2844,-0.1501,0.04384,-0.415,0.0436
2026-08-24 13:49:20,704.45,2026-08-24,700.0,0.5,0.55,0.5,5641,3691,0.2716,-0.1877,0.05301,-0.525,0.0504
2026-08-24 13:49:20,704.45,2026-08-24,701.0,0.67,0.72,0.63,2552,767,0.2634,-0.239,0.06294,-0.695,0.058
2026-08-24 13:49:20,704.45,2026-08-24,702.0,0.9,0.96,0.9,7551,612,0.2574,-0.3024,0.07246,-0.93,0.0653
2026-08-24 13:49:20,704.45,2026-08-24,703.0,1.2,1.21,1.21,5526,508,0.2479,-0.3742,0.08171,-1.205,0.0709
2026-08-24 13:49:20,704.45,2026-08-24,704.0,1.62,1.63,1.62,5767,715,0.2481,-0.4582,0.08548,-1.625,0.0742
2026-08-24 13:49:20,704.45,2026-08-24,705.0,2.04,2.06,2.04,10438,3566,0.2375,-0.5461,0.08919,-1.5,0.0741
2026-08-24 13:49:20,704.45,2026-08-24,706.0,2.61,2.7,2.61,9488,543,0.2393,-0.6323,0.08418,-1.105,0.0705
2026-08-24 13:49:20,704.45,2026-08-24,707.0,3.22,3.31,3.22,13169,728,0.229,-0.7211,0.07844,-0.715,0.0628
2026-08-24 13:49:20,704.45,2026-08-24,708.0,4.03,4.09,3.98,5539,981,0.2354,-0.787,0.06598,-0.51,0.0544
2026-08-24 13:49:20,704.45,2026-08-24,709.0,4.79,4.98,4.66,2976,547,0.2367,-0.8453,0.05376,-0.335,0.0445
2026-08-24 13:49:20,704.45,2026-08-24,710.0,5.55,5.75,5.55,11846,1760,0.2016,-0.9275,0.03658,-0.1,0.0258
2026-08-24 13:49:20,704.45,2026-08-24,711.0,6.32,6.84,6.48,692,1691,0.1928,-0.964,0.02193,-0.03,0.0148
2026-08-24 13:49:20,704.45,2026-08-24,712.0,7.37,7.73,7.47,1162,1281,0.1886,-0.983,0.01196,0.0,0.0079
2026-08-24 13:49:20,704.45,2026-08-24,713.0,8.17,8.88,8.4,1154,792,,,,,
2026-08-24 13:49:20,704.45,2026-08-24,714.0,9.27,9.61,9.23,261,971,,,,,
2026-08-24 13:49:20,704.45,2026-08-24,715.0,10.16,10.58,10.37,161,1994,,,,,
2026-08-24 13:49:20,704.45,2026-08-24,716.0,11.17,11.81,11.2,151,1999,,,,,
2026-08-24 13:49:20,704.45,2026-08-24,717.0,12.32,12.56,12.07,30,1410,,,,,
2026-08-24 13:49:20,704.45,2026-08-24,718.0,13.35,13.46,13.41,57,1084,,,,,
2026-08-24 13:49:20,704.45,2026-08-24,719.0,14.14,14.86,14.84,25,871,,,,,
2026-08-24 13:50:21,703.6,2026-08-24,689.0,0.02,0.03,0.06,101,835,0.3474,-0.0112,0.00454,-0.025,0.0055
2026-08-24 13:50:21,703.6,2026-08-24,690.0,0.07,0.08,0.04,1398,1115,0.3843,-0.0273,0.00876,-0.075,0.0117
2026-08-24 13:50:21,703.6,2026-08-24,691.0,0.04,0.09,0.08,307,468,0.3519,-0.026,0.00919,-0.065,0.0113
2026-08-24 13:50:21,703.6,2026-08-24,692.0,0.1,0.11,0.1,1233,486,0.3572,-0.039,0.01267,-0.105,0.0158
2026-08-24 13:50:21,703.6,2026-08-24,693.0,0.12,0.13,0.08,188,555,0.3433,-0.047,0.01533,-0.125,0.0183
2026-08-24 13:50:21,703.6,2026-08-24,694.0,0.11,0.12,0.15,611,2610,0.3117,-0.0476,0.01704,-0.115,0.0185
2026-08-24 13:50:21,703.6,2026-08-24,695.0,0.19,0.2,0.15,988,999,0.3204,-0.0729,0.02318,-0.195,0.0259
2026-08-24 13:50:21,703.6,2026-08-24,696.0,0.22,0.27,0.24,1924,642,0.3087,-0.0912,0.02847,-0.245,0.0306
2026-08-24 13:50:21,703.6,2026-08-24,697.0,0.33,0.34,0.33,1191,758,0.3039,-0.1197,0.03522,-0.335,0.0373
2026-08-24 13:50:21,703.6,2026-08-24,698.0,0.39,0.44,0.41,2259,556,0.2902,-0.148,0.04267,-0.415,0.0431
2026-08-24 13:50:21,703.6,2026-08-24,699.0,0.53,0.58,0.53,1043,438,0.2838,-0.1898,0.05123,-0.555,0.0506
2026-08-24 13:50:21,703.6,2026-08-24,700.0,0.71,0.73,0.71,6882,3691,0.2745,-0.2384,0.06048,-0.72,0.0578
2026-08-24 13:50:21,703.6,2026-08-24,701.0,0.97,0.98,0.97,3031,767,0.2718,-0.3014,0.06871,-0.975,0.065
2026-08-24 13:50:21,703.6,2026-08-24,702.0,1.25,1.3,1.25,11867,612,0.2662,-0.3709,0.07609,-1.275,0.0705
2026-08-24 13:50:21,703.6,2026-08-24,703.0,1.65,1.67,1.65,6258,508,0.2624,-0.4485,0.08079,-1.66,0.0738
2026-08-24 13:50:21,703.6,2026-08-24,704.0,2.15,2.18,2.15,6574,715,0.2642,-0.5296,0.0807,-1.76,0.0742
2026-08-24 13:50:21,703.6,2026-08-24,705.0,2.68,2.72,2.68,14314,3566,0.259,-0.6113,0.07932,-1.295,0.0715
2026-08-24 13:50:21,703.6,2026-08-24,706.0,3.33,3.38,3.33,11690,543,0.2594,-0.6873,0.07317,-0.95,0.0661
2026-08-24 13:50:21,703.6,2026-08-24,707.0,4.01,4.03,4.01,14803,728,0.2491,-0.7652,0.0661,-0.615,0.0573
2026-08-24 13:50:21,703.6,2026-08-24,708.0,4.71,4.85,4.71,5924,981,0.241,-0.8336,0.0555,-0.375,0.0466
2026-08-24 13:50:21,703.6,2026-08-24,709.0,5.46,5.76,5.46,3237,547,0.2324,-0.8913,0.04298,-0.205,0.0348
2026-08-24 13:50:21,703.6,2026-08-24,710.0,6.6,6.64,6.6,12003,1760,0.266,-0.8992,0.03557,-0.215,0.0329
2026-08-24 13:50:21,703.6,2026-08-24,711.0,7.24,7.61,7.17,755,1691,0.206,-0.9718,0.0168,-0.02,0.0121
2026-08-24 13:50:21,703.6,2026-08-24,712.0,8.1,8.56,8.15,1193,1281,,,,,
2026-08-24 13:50:21,703.6,2026-08-24,713.0,8.85,9.77,8.7,1200,792,,,,,
2026-08-24 13:50:21,703.6,2026-08-24,714.0,10,10.49,9.93,271,971,,,,,
2026-08-24 13:50:21,703.6,2026-08-24,715.0,11.3,11.74,11.42,167,1994,0.3638,-0.9514,0.01485,-0.115,0.0188
2026-08-24 13:50:21,703.6,2026-08-24,716.0,11.91,12.48,11.77,160,1999,,,,,
2026-08-24 13:50:21,703.6,2026-08-24,717.0,12.67,13.5,12.28,30,1410,,,,,
2026-08-24 13:50:21,703.6,2026-08-24,718.0,13.59,14.71,13.89,92,1084,,,,,
2026-08-24 13:51:24,703.72,2026-08-24,689.0,0.02,0.03,0.03,102,835,0.3504,-0.0111,0.00448,-0.025,0.0055
2026-08-24 13:51:24,703.72,2026-08-24,690.0,0.07,0.08,0.03,1568,1115,0.3878,-0.0271,0.00865,-0.075,0.0116
2026-08-24 13:51:24,703.72,2026-08-24,691.0,0.04,0.05,0.04,308,468,0.3353,-0.0196,0.00762,-0.045,0.0089
2026-08-24 13:51:24,703.72,2026-08-24,692.0,0.05,0.06,0.05,1354,486,0.3227,-0.0242,0.00947,-0.055,0.0106
2026-08-24 13:51:24,703.72,2026-08-24,693.0,0.07,0.12,0.11,349,555,0.3292,-0.0385,0.01361,-0.095,0.0156
2026-08-24 13:51:24,703.72,2026-08-24,694.0,0.1,0.11,0.1,631,2610,0.3097,-0.0442,0.0162,-0.105,0.0174
2026-08-24 13:51:24,703.72,2026-08-24,695.0,0.13,0.18,0.17,1085,999,0.3079,-0.0622,0.02134,-0.155,0.0228
2026-08-24 13:51:24,703.72,2026-08-24,696.0,0.22,0.23,0.22,2105,642,0.3062,-0.0856,0.02742,-0.225,0.0292
2026-08-24 13:51:24,703.72,2026-08-24,697.0,0.24,0.29,0.25,1358,758,0.2885,-0.1031,0.03339,-0.265,0.0334
2026-08-24 13:51:24,703.72,2026-08-24,698.0,0.33,0.38,0.34,2323,556,0.2804,-0.1342,0.04138,-0.355,0.0403
2026-08-24 13:51:24,703.72,2026-08-24,699.0,0.45,0.5,0.51,1170,438,0.2725,-0.1735,0.05049,-0.475,0.0478
2026-08-24 13:51:24,703.72,2026-08-24,700.0,0.65,0.66,0.66,7590,3691,0.2685,-0.2257,0.06004,-0.655,0.056
2026-08-24 13:51:24,703.72,2026-08-24,701.0,0.86,0.87,0.86,3375,767,0.2607,-0.2848,0.06985,-0.865,0.0632
2026-08-24 13:51:24,703.72,2026-08-24,702.0,1.1,1.13,1.1,13864,612,0.2501,-0.353,0.07971,-1.115,0.0692
2026-08-24 13:51:24,703.72,2026-08-24,703.0,1.45,1.51,1.45,6760,508,0.2458,-0.4344,0.0859,-1.48,0.0733
2026-08-24 13:51:24,703.72,2026-08-24,704.0,1.88,1.94,1.9,7347,715,0.2391,-0.5219,0.08941,-1.63,0.0742
2026-08-24 13:51:24,703.72,2026-08-24,705.0,2.42,2.51,2.42,15993,3566,0.2371,-0.6108,0.08677,-1.185,0.0715
2026-08-24 13:51:24,703.72,2026-08-24,706.0,3.08,3.12,3.08,14114,543,0.234,-0.6964,0.08015,-0.82,0.0651
2026-08-24 13:51:24,703.72,2026-08-24,707.0,3.72,3.87,3.72,17084,728,0.2266,-0.7784,0.0704,-0.515,0.0554
2026-08-24 13:51:24,703.72,2026-08-24,708.0,4.53,4.77,4.54,6316,981,0.2358,-0.8323,0.0571,-0.37,0.0468
2026-08-24 13:51:24,703.72,2026-08-24,709.0,5.42,5.48,5.42,3567,547,0.2185,-0.9004,0.04298,-0.17,0.0326
2026-08-24 13:51:24,703.72,2026-08-24,710.0,6.23,6.58,6.38,12136,1760,0.2324,-0.9244,0.03287,-0.125,0.0265
2026-08-24 13:51:24,703.72,2026-08-24,711.0,7.21,7.47,7.08,819,1691,0.2298,-0.9538,0.0226,-0.06,0.018
2026-08-24 13:51:24,703.72,2026-08-24,712.0,8.029,8.64,8.109,1217,1281,0.2515,-0.9598,0.01846,-0.0545,0.0161
2026-08-24 13:51:24,703.72,2026-08-24,713.0,9.13,9.9,9.03,1217,792,0.3575,-0.9156,0.02324,-0.235,0.0288
2026-08-24 13:51:24,703.72,2026-08-24,714.0,9.8,10.6,10.02,275,971,,,,,
2026-08-24 13:51:24,703.72,2026-08-24,715.0,10.95,11.69,11.24,180,1994,0.3122,-0.9723,0.01095,-0.04,0.0119
2026-08-24 13:51:24,703.72,2026-08-24,716.0,11.69,12.49,11.67,166,1999,,,,,
2026-08-24 13:51:24,703.72,2026-08-24,717.0,12.79,13.51,12.96,33,1410,,,,,
2026-08-24 13:51:24,703.72,2026-08-24,718.0,13.64,15.01,13.75,93,1084,0.3846,-0.9753,0.00808,-0.045,0.0108
2026-08-24 13:52:25,703.44,2026-08-24,689.0,0.02,0.07,0.06,105,835,0.3746,-0.0178,0.00629,-0.045,0.0082
2026-08-24 13:52:25,703.44,2026-08-24,690.0,0.07,0.08,0.03,1640,1115,0.3818,-0.0275,0.00891,-0.075,0.0118
2026-08-24 13:52:25,703.44,2026-08-24,691.0,0.08,0.09,0.08,317,468,0.3656,-0.0319,0.01053,-0.085,0.0133
2026-08-24 13:52:25,703.44,2026-08-24,692.0,0.05,0.1,0.09,1376,486,0.3336,-0.031,0.01126,-0.075,0.013
2026-08-24 13:52:25,703.44,2026-08-24,693.0,0.07,0.08,0.11,393,555,0.3091,-0.0331,0.01284,-0.075,0.0137
2026-08-24 13:52:25,703.44,2026-08-24,694.0,0.1,0.15,0.1,644,2610,0.3138,-0.0509,0.01793,-0.125,0.0195
2026-08-24 13:52:25,703.44,2026-08-24,695.0,0.17,0.18,0.16,1203,999,0.309,-0.0688,0.02305,-0.175,0.0246
2026-08-24 13:52:25,703.44,2026-08-24,696.0,0.18,0.23,0.22,2124,642,0.2914,-0.0827,0.02811,-0.205,0.0283
2026-08-24 13:52:25,703.44,2026-08-24,697.0,0.29,0.3,0.24,1980,758,0.2888,-0.1128,0.03563,-0.295,0.0356
2026-08-24 13:52:25,703.44,2026-08-24,698.0,0.38,0.39,0.36,2487,556,0.2786,-0.1443,0.04382,-0.385,0.0423
2026-08-24 13:52:25,703.44,2026-08-24,699.0,0.47,0.48,0.5,1436,438,0.2626,-0.1789,0.05351,-0.475,0.0486
2026-08-24 13:52:25,703.44,2026-08-24,700.0,0.68,0.69,0.64,7801,3691,0.2627,-0.2378,0.06329,-0.685,0.0575
2026-08-24 13:52:25,703.44,2026-08-24,701.0,0.86,0.87,0.82,3496,767,0.2483,-0.2956,0.07477,-0.865,0.0642
2026-08-24 13:52:25,703.44,2026-08-24,702.0,1.13,1.14,1.17,15146,612,0.2388,-0.3698,0.08497,-1.135,0.0702
2026-08-24 13:52:25,703.44,2026-08-24,703.0,1.49,1.56,1.5,7109,508,0.2353,-0.4568,0.0906,-1.525,0.0738
2026-08-24 13:52:25,703.44,2026-08-24,704.0,1.94,2,1.94,7928,715,0.2272,-0.5495,0.09366,-1.41,0.0736
2026-08-24 13:52:25,703.44,2026-08-24,705.0,2.49,2.51,2.49,17652,3566,0.2174,-0.647,0.09186,-0.94,0.0691
2026-08-24 13:52:25,703.44,2026-08-24,706.0,3.25,3.28,3.19,15261,543,0.2291,-0.723,0.07859,-0.705,0.0623
2026-08-24 13:52:25,703.44,2026-08-24,707.0,3.88,3.97,3.88,18316,728,0.2091,-0.8172,0.06812,-0.365,0.0493
2026-08-24 13:52:25,703.44,2026-08-24,708.0,4.58,4.79,4.62,6835,981,0.183,-0.9076,0.04862,-0.125,0.0308
2026-08-24 13:52:25,703.44,2026-08-24,709.0,5.42,5.58,5.44,3917,547,,,,,
2026-08-24 13:52:25,703.44,2026-08-24,710.0,6.18,6.63,6.29,12246,1760,,,,,
2026-08-24 13:52:25,703.44,2026-08-24,711.0,6.97,7.72,7.02,897,1691,,,,,
2026-08-24 13:52:25,703.44,2026-08-24,712.0,8.14,8.77,8.16,1242,1281,,,,,
2026-08-24 13:52:25,703.44,2026-08-24,713.0,8.89,9.86,9.14,1224,792,,,,,
2026-08-24 13:52:25,703.44,2026-08-24,714.0,9.83,10.74,9.89,277,971,,,,,
2026-08-24 13:52:25,703.44,2026-08-24,715.0,10.87,11.96,11,184,1994,,,,,
2026-08-24 13:52:25,703.44,2026-08-24,716.0,11.94,12.93,11.97,176,1999,,,,,
2026-08-24 13:52:25,703.44,2026-08-24,717.0,12.74,13.75,12.54,35,1410,,,,,
2026-08-24 13:52:25,703.44,2026-08-24,718.0,13.68,14.7,13.89,93,1084,,,,,
2026-08-24 13:53:26,702.97,2026-08-24,688.0,0.06,0.07,0.06,288,648,0.4095,-0.0228,0.00712,-0.065,0.01
2026-08-24 13:53:26,702.97,2026-08-24,689.0,0.06,0.07,0.06,105,835,0.3861,-0.024,0.00789,-0.065,0.0105
2026-08-24 13:53:26,702.97,2026-08-24,690.0,0.04,0.09,0.04,2770,1115,0.3626,-0.0254,0.0088,-0.065,0.011
2026-08-24 13:53:26,702.97,2026-08-24,691.0,0.09,0.1,0.04,358,468,0.3619,-0.0355,0.01164,-0.095,0.0145
2026-08-24 13:53:26,702.97,2026-08-24,692.0,0.07,0.08,0.07,1498,486,0.3228,-0.0319,0.01196,-0.075,0.0133
2026-08-24 13:53:26,702.97,2026-08-24,693.0,0.13,0.14,0.09,408,555,0.3337,-0.0517,0.0171,-0.135,0.0197
2026-08-24 13:53:26,702.97,2026-08-24,694.0,0.16,0.17,0.16,674,2610,0.3204,-0.0636,0.02095,-0.165,0.0231
2026-08-24 13:53:26,702.97,2026-08-24,695.0,0.21,0.22,0.17,2082,999,0.3113,-0.0815,0.0261,-0.215,0.028
2026-08-24 13:53:26,702.97,2026-08-24,696.0,0.27,0.28,0.27,2315,642,0.3004,-0.1032,0.03219,-0.275,0.0333
2026-08-24 13:53:26,702.97,2026-08-24,697.0,0.35,0.36,0.35,2095,758,0.2899,-0.131,0.03951,-0.355,0.0395
2026-08-24 13:53:26,702.97,2026-08-24,698.0,0.46,0.47,0.46,2871,556,0.2806,-0.1672,0.04807,-0.465,0.0465
2026-08-24 13:53:26,702.97,2026-08-24,699.0,0.61,0.62,0.61,3376,438,0.2723,-0.2132,0.05752,-0.615,0.054
2026-08-24 13:53:26,702.97,2026-08-24,700.0,0.81,0.82,0.81,9986,3691,0.2649,-0.2699,0.06723,-0.815,0.0614
2026-08-24 13:53:26,702.97,2026-08-24,701.0,1.08,1.09,1.08,4052,767,0.2594,-0.3382,0.07593,-1.085,0.0679
2026-08-24 13:53:26,702.97,2026-08-24,702.0,1.42,1.43,1.42,19279,612,0.2539,-0.4154,0.08273,-1.425,0.0724
2026-08-24 13:53:26,702.97,2026-08-24,703.0,1.84,1.85,1.84,8514,508,0.2485,-0.4995,0.08647,-1.815,0.0741
2026-08-24 13:53:26,702.97,2026-08-24,704.0,2.27,2.32,2.27,10094,715,0.2354,-0.59,0.08897,-1.265,0.0722
2026-08-24 13:53:26,702.97,2026-08-24,705.0,2.87,2.98,2.87,23458,3566,0.2345,-0.6764,0.08253,-0.895,0.0667
2026-08-24 13:53:26,702.97,2026-08-24,706.0,3.58,3.65,3.58,20985,543,0.2297,-0.7584,0.07318,-0.585,0.0579
2026-08-24 13:53:26,702.97,2026-08-24,707.0,4.35,4.42,4.35,22325,728,0.2245,-0.8305,0.0606,-0.355,0.0469
2026-08-24 13:53:26,702.97,2026-08-24,708.0,5.24,5.33,5.24,7826,981,0.2353,-0.8728,0.04771,-0.255,0.0387
2026-08-24 13:53:26,702.97,2026-08-24,709.0,6.13,6.23,6.13,4791,547,0.2351,-0.9143,0.03587,-0.15,0.0291
2026-08-24 13:53:26,702.97,2026-08-24,710.0,6.97,7.41,6.97,12597,1760,0.2675,-0.9194,0.03012,-0.16,0.0278
2026-08-24 13:53:26,702.97,2026-08-24,711.0,7.3,8.4,7.3,1033,1691,,,,,
2026-08-24 13:53:26,702.97,2026-08-24,712.0,8.83,9.4,8.83,1267,1281,0.2889,-0.9521,0.01859,-0.085,0.0185
2026-08-24 13:53:26,702.97,2026-08-24,713.0,9.58,10.32,9.58,1341,792,,,,,
2026-08-24 13:53:26,702.97,2026-08-24,714.0,10.19,11.58,10.19,288,971,,,,,
2026-08-24 13:53:26,702.97,2026-08-24,715.0,11.22,12.5,11.43,188,1994,,,,,
2026-08-24 13:53:26,702.97,2026-08-24,716.0,12.02,13.19,11.75,236,1999,,,,,
2026-08-24 13:53:26,702.97,2026-08-24,717.0,12.97,14.3,12.87,36,1410,,,,,
2026-08-24 13:54:27,704.08,2026-08-24,690.0,0.07,0.08,0.07,3111,1115,0.3976,-0.0266,0.00833,-0.075,0.0114
2026-08-24 13:54:27,704.08,2026-08-24,691.0,0.03,0.04,0.08,358,468,0.3321,-0.0159,0.00644,-0.035,0.0074
2026-08-24 13:54:27,704.08,2026-08-24,692.0,0.08,0.09,0.09,1500,486,0.3573,-0.0326,0.01099,-0.085,0.0135
2026-08-24 13:54:27,704.08,2026-08-24,693.0,0.1,0.11,0.07,422,555,0.3457,-0.0403,0.01352,-0.105,0.0161
2026-08-24 13:54:27,704.08,2026-08-24,694.0,0.08,0.09,0.08,700,2610,0.3076,-0.0372,0.01421,-0.085,0.0151
2026-08-24 13:54:27,704.08,2026-08-24,695.0,0.1,0.11,0.1,2393,999,0.2941,-0.0464,0.0178,-0.105,0.018
2026-08-24 13:54:27,704.08,2026-08-24,696.0,0.14,0.15,0.18,2617,642,0.2867,-0.0626,0.02313,-0.145,0.0229
2026-08-24 13:54:27,704.08,2026-08-24,697.0,0.23,0.24,0.2,2206,758,0.2911,-0.0929,0.03075,-0.235,0.0309
2026-08-24 13:54:27,704.08,2026-08-24,698.0,0.26,0.27,0.26,3047,556,0.2691,-0.1096,0.03753,-0.265,0.0348
2026-08-24 13:54:27,704.08,2026-08-24,699.0,0.4,0.41,0.41,3602,438,0.271,-0.1539,0.04713,-0.405,0.044
2026-08-24 13:54:27,704.08,2026-08-24,700.0,0.5,0.51,0.5,10951,3691,0.2554,-0.1923,0.05764,-0.505,0.0508
2026-08-24 13:54:27,704.08,2026-08-24,701.0,0.73,0.74,0.73,4812,767,0.2562,-0.2561,0.06764,-0.735,0.0598
2026-08-24 13:54:27,704.08,2026-08-24,702.0,0.92,0.98,0.98,20907,612,0.2444,-0.3207,0.07886,-0.95,0.0665
2026-08-24 13:54:27,704.08,2026-08-24,703.0,1.27,1.29,1.27,10033,508,0.2397,-0.4015,0.08688,-1.28,0.0718
2026-08-24 13:54:27,704.08,2026-08-24,704.0,1.63,1.66,1.63,11292,715,0.2285,-0.4898,0.09399,-1.645,0.0741
2026-08-24 13:54:27,704.08,2026-08-24,705.0,2.18,2.2,2.17,26539,3566,0.2293,-0.5828,0.09166,-1.265,0.0725
2026-08-24 13:54:27,704.08,2026-08-24,706.0,2.76,2.8,2.76,23510,543,0.2234,-0.6756,0.08671,-0.855,0.0668
2026-08-24 13:54:27,704.08,2026-08-24,707.0,3.43,3.48,3.43,23309,728,0.2157,-0.7644,0.07682,-0.53,0.0571
2026-08-24 13:54:27,704.08,2026-08-24,708.0,4.21,4.41,4.21,8158,981,0.227,-0.8214,0.06196,-0.385,0.0485
2026-08-24 13:54:27,704.08,2026-08-24,709.0,5.11,5.28,5.24,5217,547,0.2356,-0.8674,0.04903,-0.27,0.0398
2026-08-24 13:54:27,704.08,2026-08-24,710.0,6,6.68,6.09,12829,1760,0.304,-0.8502,0.04126,-0.415,0.0432
2026-08-24 13:54:27,704.08,2026-08-24,711.0,6.79,7.84,7,1060,1691,0.3316,-0.8668,0.03494,-0.39,0.0399
2026-08-24 13:54:27,704.08,2026-08-24,712.0,7.75,8.2,8.41,1339,1281,0.2408,-0.9604,0.01914,-0.05,0.0159
2026-08-24 13:54:27,704.08,2026-08-24,713.0,8.93,10.04,8.87,1366,792,0.4395,-0.8596,0.02733,-0.56,0.0414
2026-08-24 13:54:27,704.08,2026-08-24,714.0,9.64,10.69,10.23,304,971,0.379,-0.9181,0.0215,-0.24,0.0281
2026-08-24 13:54:27,704.08,2026-08-24,715.0,10.78,10.97,11.23,201,1994,,,,,
2026-08-24 13:54:27,704.08,2026-08-24,716.0,11.91,13.54,12.08,236,1999,0.5969,-0.8548,0.02059,-0.8,0.0424
2026-08-24 13:54:27,704.08,2026-08-24,717.0,12.7,14.25,12.96,36,1410,0.565,-0.8871,0.01826,-0.55,0.0356
2026-08-24 13:54:27,704.08,2026-08-24,718.0,13.91,15.3,14.98,95,1084,0.6318,-0.878,0.01725,-0.68,0.0376
2026-08-24 13:54:27,704.08,2026-08-24,719.0,14.81,15.93,15.08,35,871,0.5933,-0.9084,0.01494,-0.445,0.0306
2026-08-24 13:55:28,704.21,2026-08-24,690.0,0.02,0.07,0.06,3690,1115,0.3706,-0.018,0.00644,-0.045,0.0082
2026-08-24 13:55:28,704.21,2026-08-24,691.0,0.07,0.08,0.07,359,468,0.3774,-0.0279,0.00914,-0.075,0.0119
2026-08-24 13:55:28,704.21,2026-08-24,692.0,0.08,0.09,0.04,1690,486,0.361,-0.0323,0.01081,-0.085,0.0134
2026-08-24 13:55:28,704.21,2026-08-24,693.0,0.06,0.11,0.1,592,555,0.3363,-0.0344,0.01222,-0.085,0.0141
2026-08-24 13:55:28,704.21,2026-08-24,694.0,0.12,0.13,0.07,935,2610,0.3352,-0.0482,0.01612,-0.125,0.0186
2026-08-24 13:55:28,704.21,2026-08-24,695.0,0.1,0.11,0.14,3061,999,0.298,-0.046,0.01744,-0.105,0.0179
2026-08-24 13:55:28,704.21,2026-08-24,696.0,0.14,0.15,0.18,2915,642,0.2908,-0.0619,0.02264,-0.145,0.0226
2026-08-24 13:55:28,704.21,2026-08-24,697.0,0.24,0.25,0.19,2514,758,0.2988,-0.0942,0.03031,-0.245,0.0311
2026-08-24 13:55:28,704.21,2026-08-24,698.0,0.27,0.28,0.27,3291,556,0.2766,-0.1106,0.03678,-0.275,0.035
2026-08-24 13:55:28,704.21,2026-08-24,699.0,0.41,0.42,0.4,3766,438,0.2784,-0.1537,0.0459,-0.415,0.044
2026-08-24 13:55:28,704.21,2026-08-24,700.0,0.51,0.56,0.51,11812,3691,0.2668,-0.1946,0.05565,-0.535,0.0511
2026-08-24 13:55:28,704.21,2026-08-24,701.0,0.73,0.74,0.69,5307,767,0.2624,-0.2517,0.06555,-0.735,0.0592
2026-08-24 13:55:28,704.21,2026-08-24,702.0,0.94,0.99,0.94,22146,612,0.2535,-0.3161,0.07566,-0.965,0.066
2026-08-24 13:55:28,704.21,2026-08-24,703.0,1.29,1.31,1.29,12302,508,0.2504,-0.3941,0.08288,-1.3,0.0714
2026-08-24 13:55:28,704.21,2026-08-24,704.0,1.7,1.71,1.7,13929,715,0.2458,-0.4785,0.08739,-1.705,0.0739
2026-08-24 13:55:28,704.21,2026-08-24,705.0,2.19,2.23,2.19,31071,3566,0.2431,-0.5664,0.08727,-1.42,0.073
2026-08-24 13:55:28,704.21,2026-08-24,706.0,2.85,2.87,2.85,26302,543,0.2487,-0.648,0.08049,-1.07,0.0688
2026-08-24 13:55:28,704.21,2026-08-24,707.0,3.41,3.55,3.41,24394,728,0.2374,-0.7339,0.07456,-0.69,0.0609
2026-08-24 13:55:28,704.21,2026-08-24,708.0,4.22,4.27,4.22,8818,981,0.2362,-0.8037,0.06319,-0.455,0.0513
2026-08-24 13:55:28,704.21,2026-08-24,709.0,4.95,5.22,4.95,5729,547,0.2375,-0.859,0.05077,-0.295,0.0415
2026-08-24 13:55:28,704.21,2026-08-24,710.0,5.86,6.18,5.89,12928,1760,0.253,-0.889,0.04034,-0.23,0.0351
2026-08-24 13:55:28,704.21,2026-08-24,711.0,6.9,6.98,6.78,1128,1691,0.2573,-0.9205,0.03101,-0.15,0.0274
2026-08-24 13:55:28,704.21,2026-08-24,712.0,7.68,8.09,7.63,1381,1281,0.262,-0.9437,0.02332,-0.095,0.021
2026-08-24 13:55:28,704.21,2026-08-24,713.0,8.82,9.07,8.69,1378,792,0.3153,-0.9314,0.02261,-0.155,0.0245
2026-08-24 13:55:28,704.21,2026-08-24,714.0,9.84,10.67,9.63,321,971,0.444,-0.8795,0.02437,-0.465,0.0372
2026-08-24 13:55:28,704.21,2026-08-24,715.0,10.85,10.9,10.55,210,1994,0.3334,-0.9576,0.0146,-0.085,0.0167
2026-08-24 13:55:28,704.21,2026-08-24,716.0,11.53,13.31,12.08,236,1999,0.5513,-0.8716,0.02051,-0.63,0.0389
2026-08-24 13:55:28,704.21,2026-08-24,717.0,12.73,14.51,12.96,36,1410,0.6336,-0.8574,0.01918,-0.83,0.0418
2026-08-24 13:55:28,704.21,2026-08-24,718.0,13.56,15.17,13.48,99,1084,0.5995,-0.8885,0.01708,-0.575,0.0352
2026-08-24 13:55:28,704.21,2026-08-24,719.0,14.5,15.42,14.67,41,871,0.4811,-0.9486,0.01181,-0.17,0.0195
2026-08-24 13:56:30,704.42,2026-08-24,690.0,0.02,0.07,0.03,3766,1115,0.3758,-0.0178,0.0063,-0.045,0.0081
2026-08-24 13:56:30,704.42,2026-08-24,691.0,0.07,0.08,0.04,419,468,0.383,-0.0275,0.00893,-0.075,0.0117
2026-08-24 13:56:30,704.42,2026-08-24,692.0,0.08,0.09,0.08,1697,486,0.3667,-0.0319,0.01054,-0.085,0.0133
2026-08-24 13:56:30,704.42,2026-08-24,693.0,0.06,0.07,0.06,688,555,0.3265,-0.0279,0.0106,-0.065,0.0119
2026-08-24 13:56:30,704.42,2026-08-24,694.0,0.12,0.13,0.12,980,2610,0.3413,-0.0475,0.01567,-0.125,0.0184
2026-08-24 13:56:30,704.42,2026-08-24,695.0,0.11,0.12,0.14,3180,999,0.3094,-0.0482,0.01746,-0.115,0.0185
2026-08-24 13:56:30,704.42,2026-08-24,696.0,0.14,0.19,0.18,3173,642,0.3058,-0.0663,0.02273,-0.165,0.0238
2026-08-24 13:56:30,704.42,2026-08-24,697.0,0.19,0.2,0.2,3075,758,0.2886,-0.0802,0.02785,-0.195,0.0276
2026-08-24 13:56:30,704.42,2026-08-24,698.0,0.26,0.31,0.31,3373,556,0.2867,-0.1106,0.03556,-0.285,0.035
2026-08-24 13:56:30,704.42,2026-08-24,699.0,0.36,0.37,0.35,4168,438,0.2745,-0.1404,0.04385,-0.365,0.0413
2026-08-24 13:56:30,704.42,2026-08-24,700.0,0.53,0.54,0.54,12228,3691,0.2753,-0.19,0.0532,-0.535,0.0503
2026-08-24 13:56:30,704.42,2026-08-24,701.0,0.67,0.73,0.69,5580,767,0.2658,-0.2404,0.06319,-0.7,0.0576
2026-08-24 13:56:30,704.42,2026-08-24,702.0,0.95,0.96,0.95,22709,612,0.2626,-0.306,0.07212,-0.955,0.065
2026-08-24 13:56:30,704.42,2026-08-24,703.0,1.27,1.28,1.27,13277,508,0.2589,-0.3801,0.07939,-1.275,0.0705
2026-08-24 13:56:30,704.42,2026-08-24,704.0,1.64,1.67,1.64,15020,715,0.253,-0.4608,0.08469,-1.655,0.0735
2026-08-24 13:56:30,704.42,2026-08-24,705.0,2.11,2.18,2.11,33200,3566,0.2509,-0.5461,0.08527,-1.57,0.0734
2026-08-24 13:56:30,704.42,2026-08-24,706.0,2.74,2.75,2.74,27379,543,0.2522,-0.6289,0.08089,-1.17,0.07
2026-08-24 13:56:30,704.42,2026-08-24,707.0,3.48,3.53,3.48,24919,728,0.2661,-0.6962,0.07092,-0.93,0.0648
2026-08-24 13:56:30,704.42,2026-08-24,708.0,4.15,4.16,4.04,9018,981,0.2515,-0.7757,0.06427,-0.58,0.0555
2026-08-24 13:56:30,704.42,2026-08-24,709.0,4.87,5.2,4.78,6091,547,0.2667,-0.8199,0.05311,-0.46,0.0486
2026-08-24 13:56:30,704.42,2026-08-24,710.0,5.79,6.17,5.7,13010,1760,0.2904,-0.8472,0.04388,-0.405,0.0437
2026-08-24 13:56:30,704.42,2026-08-24,711.0,6.58,7.18,6.58,1165,1691,0.2989,-0.8799,0.03616,-0.305,0.0371
2026-08-24 13:56:30,704.42,2026-08-24,712.0,7.55,7.88,7.56,1388,1281,0.2759,-0.9287,0.02663,-0.14,0.0252
2026-08-24 13:56:30,704.42,2026-08-24,713.0,8.75,9.03,8.8,1391,792,0.3642,-0.8953,0.02689,-0.315,0.0336
2026-08-24 13:56:30,704.42,2026-08-24,714.0,9.46,9.92,9.46,330,971,0.3189,-0.9454,0.01871,-0.115,0.0205
2026-08-24 13:56:30,704.42,2026-08-24,715.0,10.34,11.22,10.37,213,1994,0.3851,-0.9283,0.01917,-0.205,0.0253
2026-08-24 13:56:30,704.42,2026-08-24,716.0,11.37,13.16,12.08,236,1999,0.5601,-0.8637,0.02106,-0.69,0.0405
2026-08-24 13:56:30,704.42,2026-08-24,717.0,12.23,14.51,12.45,46,1410,0.6187,-0.8594,0.01948,-0.795,0.0414
2026-08-24 13:56:30,704.42,2026-08-24,718.0,12.74,15.56,13.48,101,1084,0.5935,-0.8875,0.01738,-0.575,0.0354
2026-08-24 13:56:30,704.42,2026-08-24,719.0,14.45,15.4,14.73,41,871,0.5519,-0.9195,0.01461,-0.35,0.0277
2026-08-24 13:57:31,704.42,2026-08-24,690.0,0.02,0.03,0.06,4192,1115,0.3468,-0.0113,0.00463,-0.025,0.0055
2026-08-24 13:57:31,704.42,2026-08-24,691.0,0.07,0.08,0.04,421,468,0.3835,-0.0275,0.00893,-0.075,0.0117
2026-08-24 13:57:31,704.42,2026-08-24,692.0,0.08,0.09,0.05,1738,486,0.3672,-0.0319,0.01054,-0.085,0.0133
2026-08-24 13:57:31,704.42,2026-08-24,693.0,0.05,0.1,0.06,915,555,0.3351,-0.031,0.01128,-0.075,0.0129
2026-08-24 13:57:31,704.42,2026-08-24,694.0,0.11,0.12,0.07,1553,2610,0.3362,-0.0449,0.01521,-0.115,0.0175
2026-08-24 13:57:31,704.42,2026-08-24,695.0,0.14,0.15,0.14,3688,999,0.3251,-0.0564,0.01887,-0.145,0.021
2026-08-24 13:57:31,704.42,2026-08-24,696.0,0.17,0.18,0.13,3451,642,0.3103,-0.0689,0.0231,-0.175,0.0245
2026-08-24 13:57:31,704.42,2026-08-24,697.0,0.22,0.23,0.21,3155,758,0.2995,-0.0877,0.02876,-0.225,0.0295
2026-08-24 13:57:31,704.42,2026-08-24,698.0,0.29,0.3,0.23,3661,556,0.2899,-0.1129,0.03572,-0.295,0.0354
2026-08-24 13:57:31,704.42,2026-08-24,699.0,0.38,0.39,0.37,4534,438,0.2797,-0.1445,0.04395,-0.385,0.0421
2026-08-24 13:57:31,704.42,2026-08-24,700.0,0.47,0.52,0.47,13569,3691,0.2677,-0.1829,0.05353,-0.495,0.049
2026-08-24 13:57:31,704.42,2026-08-24,701.0,0.68,0.69,0.68,6912,767,0.2636,-0.2383,0.06351,-0.685,0.0573
2026-08-24 13:57:31,704.42,2026-08-24,702.0,0.91,0.92,0.91,24200,612,0.2568,-0.3018,0.0734,-0.915,0.0645
2026-08-24 13:57:31,704.42,2026-08-24,703.0,1.17,1.19,1.2,15531,508,0.2458,-0.3739,0.08333,-1.18,0.0701
2026-08-24 13:57:31,704.42,2026-08-24,704.0,1.56,1.62,1.56,18056,715,0.2445,-0.4595,0.08773,-1.59,0.0734
2026-08-24 13:57:31,704.42,2026-08-24,705.0,2.08,2.1,2.08,39108,3566,0.2437,-0.5476,0.08785,-1.515,0.0733
2026-08-24 13:57:31,704.42,2026-08-24,706.0,2.68,2.72,2.68,30289,543,0.2461,-0.6322,0.08277,-1.125,0.0697
2026-08-24 13:57:31,704.42,2026-08-24,707.0,3.36,3.41,3.37,26219,728,0.2477,-0.7099,0.0747,-0.81,0.0633
2026-08-24 13:57:31,704.42,2026-08-24,708.0,4.16,4.22,4.16,9661,981,0.2581,-0.7701,0.06359,-0.615,0.0562
2026-08-24 13:57:31,704.42,2026-08-24,709.0,4.83,5.13,4.78,6229,547,0.2556,-0.8307,0.05339,-0.405,0.0467
2026-08-24 13:57:31,704.42,2026-08-24,710.0,5.74,5.86,5.62,13102,1760,0.2454,-0.8879,0.04199,-0.225,0.0353
2026-08-24 13:57:31,704.42,2026-08-24,711.0,6.59,6.99,6.54,1212,1691,0.2733,-0.9009,0.03448,-0.215,0.0323
2026-08-24 13:57:31,704.42,2026-08-24,712.0,7.42,8.029,7.54,1402,1281,0.28,-0.926,0.02704,-0.1495,0.0259
2026-08-24 13:57:31,704.42,2026-08-24,713.0,8.7,8.9,8.57,1407,792,0.3361,-0.9136,0.02534,-0.225,0.0291
2026-08-24 13:57:31,704.42,2026-08-24,714.0,9.53,9.84,9.24,331,971,0.3169,-0.9468,0.01848,-0.11,0.02
2026-08-24 13:57:31,704.42,2026-08-24,715.0,10.36,10.71,10.44,214,1994,,,,,
2026-08-24 13:57:31,704.42,2026-08-24,716.0,11.15,11.83,11.57,237,1999,,,,,
2026-08-24 13:57:31,704.42,2026-08-24,717.0,12.39,13.06,12.45,46,1410,0.415,-0.9469,0.01409,-0.15,0.02
2026-08-24 13:57:31,704.42,2026-08-24,718.0,12.93,14.02,13.13,104,1084,,,,,
2026-08-24 13:57:31,704.42,2026-08-24,719.0,14.14,14.86,14.73,46,871,,,,,
2026-08-24 13:58:32,704.21,2026-08-24,690.0,0.02,0.03,0.03,4556,1115,0.3428,-0.0114,0.00474,-0.025,0.0055
2026-08-24 13:58:32,704.21,2026-08-24,691.0,0.03,0.04,0.05,424,468,0.3369,-0.0157,0.00634,-0.035,0.0073
2026-08-24 13:58:32,704.21,2026-08-24,692.0,0.08,0.09,0.08,1886,486,0.3625,-0.0323,0.01081,-0.085,0.0134
2026-08-24 13:58:32,704.21,2026-08-24,693.0,0.06,0.11,0.07,927,555,0.3377,-0.0344,0.01222,-0.085,0.0141
2026-08-24 13:58:32,704.21,2026-08-24,694.0,0.08,0.13,0.09,1774,2610,0.3253,-0.0427,0.01514,-0.105,0.0168
2026-08-24 13:58:32,704.21,2026-08-24,695.0,0.14,0.15,0.14,4285,999,0.3197,-0.0573,0.01946,-0.145,0.0212
2026-08-24 13:58:32,704.21,2026-08-24,696.0,0.18,0.19,0.18,3965,642,0.3087,-0.0726,0.02423,-0.185,0.0255
2026-08-24 13:58:32,704.21,2026-08-24,697.0,0.23,0.24,0.23,3412,758,0.2969,-0.0918,0.03006,-0.235,0.0304
2026-08-24 13:58:32,704.21,2026-08-24,698.0,0.26,0.27,0.26,4012,556,0.2749,-0.1082,0.03659,-0.265,0.0343
2026-08-24 13:58:32,704.21,2026-08-24,699.0,0.35,0.36,0.35,4851,438,0.2655,-0.1413,0.04569,-0.355,0.0414
2026-08-24 13:58:32,704.21,2026-08-24,700.0,0.48,0.53,0.48,16330,3691,0.262,-0.1893,0.05596,-0.505,0.05
2026-08-24 13:58:32,704.21,2026-08-24,701.0,0.64,0.65,0.64,7696,767,0.248,-0.2387,0.06769,-0.645,0.0572
2026-08-24 13:58:32,704.21,2026-08-24,702.0,0.92,0.93,0.92,25720,612,0.2485,-0.312,0.07709,-0.925,0.0653
2026-08-24 13:58:32,704.21,2026-08-24,703.0,1.22,1.24,1.22,17291,508,0.2415,-0.39,0.08601,-1.23,0.0709
2026-08-24 13:58:32,704.21,2026-08-24,704.0,1.58,1.65,1.58,21636,715,0.2346,-0.4775,0.09194,-1.615,0.0736
2026-08-24 13:58:32,704.21,2026-08-24,705.0,2.12,2.14,2.12,43134,3566,0.2331,-0.5697,0.09127,-1.34,0.0725
2026-08-24 13:58:32,704.21,2026-08-24,706.0,2.68,2.72,2.68,32586,543,0.2262,-0.6628,0.08745,-0.91,0.0675
2026-08-24 13:58:32,704.21,2026-08-24,707.0,3.39,3.43,3.39,26926,728,0.2267,-0.7445,0.07678,-0.62,0.0594
2026-08-24 13:58:32,704.21,2026-08-24,708.0,4.07,4.17,4.16,9853,981,0.2116,-0.8312,0.06445,-0.33,0.0465
2026-08-24 13:58:32,704.21,2026-08-24,709.0,4.89,5.14,4.87,6460,547,0.2207,-0.8776,0.04976,-0.225,0.0375
2026-08-24 13:58:32,704.21,2026-08-24,710.0,5.86,5.93,5.88,13153,1760,0.2128,-0.9278,0.035,-0.105,0.0254
2026-08-24 13:58:32,704.21,2026-08-24,711.0,6.52,7.02,6.53,1233,1691,0.1234,-0.9984,0.00223,0.02,0.0009
2026-08-24 13:58:32,704.21,2026-08-24,712.0,7.56,8.14,7.86,1417,1281,0.2447,-0.9561,0.02057,-0.06,0.0172
2026-08-24 13:58:32,704.21,2026-08-24,713.0,8.67,9.14,8.88,1416,792,0.2991,-0.9422,0.02093,-0.115,0.0214
2026-08-24 13:58:32,704.21,2026-08-24,714.0,9.5,9.98,9.24,331,971,,,,,
2026-08-24 13:58:32,704.21,2026-08-24,715.0,10.69,10.94,10.82,227,1994,0.2898,-0.9769,0.01023,-0.025,0.0101
2026-08-24 13:58:32,704.21,2026-08-24,716.0,11.16,12.14,11.28,242,1999,,,,,
2026-08-24 13:58:32,704.21,2026-08-24,717.0,12.37,12.97,12.45,46,1410,,,,,
2026-08-24 13:58:32,704.21,2026-08-24,718.0,13.39,14.24,13.25,104,1084,0.3561,-0.9807,0.00714,-0.025,0.0087
2026-08-24 13:58:32,704.21,2026-08-24,719.0,14.69,14.86,14.37,47,871,0.2954,-0.9963,0.00204,0.015,0.0021
2026-08-24 13:59:33,704.59,2026-08-24,690.0,0.06,0.07,0.06,4804,1115,0.4029,-0.0233,0.0074,-0.065,0.0102
2026-08-24 13:59:33,704.59,2026-08-24,691.0,0.03,0.08,0.04,465,468,0.3695,-0.0217,0.0076,-0.055,0.0096
2026-08-24 13:59:33,704.59,2026-08-24,692.0,0.04,0.05,0.08,2002,486,0.3356,-0.0198,0.00774,-0.045,0.0088
2026-08-24 13:59:33,704.59,2026-08-24,693.0,0.05,0.06,0.1,1012,555,0.3227,-0.0244,0.00963,-0.055,0.0106
2026-08-24 13:59:33,704.59,2026-08-24,694.0,0.11,0.12,0.11,2155,2610,0.3412,-0.0444,0.01489,-0.115,0.0173
2026-08-24 13:59:33,704.59,2026-08-24,695.0,0.13,0.14,0.14,4883,999,0.3254,-0.0531,0.01803,-0.135,0.02
2026-08-24 13:59:33,704.59,2026-08-24,696.0,0.12,0.13,0.17,4512,642,0.2933,-0.0544,0.02037,-0.125,0.0203
2026-08-24 13:59:33,704.59,2026-08-24,697.0,0.17,0.18,0.21,3842,758,0.2869,-0.0738,0.02641,-0.175,0.0258
2026-08-24 13:59:33,704.59,2026-08-24,698.0,0.22,0.23,0.23,4313,556,0.2747,-0.0946,0.03324,-0.225,0.0311
2026-08-24 13:59:33,704.59,2026-08-24,699.0,0.35,0.36,0.36,5347,438,0.2786,-0.136,0.04245,-0.355,0.0403
2026-08-24 13:59:33,704.59,2026-08-24,700.0,0.42,0.47,0.47,18793,3691,0.2639,-0.1704,0.05206,-0.445,0.0468
2026-08-24 13:59:33,704.59,2026-08-24,701.0,0.56,0.57,0.6,9221,767,0.2492,-0.215,0.06353,-0.565,0.0539
2026-08-24 13:59:33,704.59,2026-08-24,702.0,0.83,0.85,0.85,27746,612,0.2531,-0.287,0.07293,-0.84,0.0628
2026-08-24 13:59:33,704.59,2026-08-24,703.0,1.12,1.13,1.13,20077,508,0.247,-0.3609,0.08216,-1.125,0.0691
2026-08-24 13:59:33,704.59,2026-08-24,704.0,1.44,1.5,1.5,25232,715,0.2387,-0.444,0.08969,-1.47,0.0729
2026-08-24 13:59:33,704.59,2026-08-24,705.0,1.85,1.91,1.91,46441,3566,0.2276,-0.5362,0.09462,-1.465,0.0733
2026-08-24 13:59:33,704.59,2026-08-24,706.0,2.46,2.49,2.49,34247,543,0.229,-0.628,0.08953,-1.06,0.0698
2026-08-24 13:59:33,704.59,2026-08-24,707.0,3.05,3.09,3.22,27767,728,0.2163,-0.7244,0.08368,-0.655,0.0616
2026-08-24 13:59:33,704.59,2026-08-24,708.0,3.73,3.93,4.019,10062,981,0.2153,-0.8022,0.07001,-0.415,0.0513
2026-08-24 13:59:33,704.59,2026-08-24,709.0,4.71,4.74,4.81,6647,547,0.2294,-0.8489,0.05534,-0.31,0.0432
2026-08-24 13:59:33,704.59,2026-08-24,710.0,5.5,5.83,5.64,13258,1760,0.2478,-0.8794,0.04391,-0.25,0.037
2026-08-24 13:59:33,704.59,2026-08-24,711.0,6.32,6.88,6.84,1265,1691,0.2596,-0.9075,0.0346,-0.185,0.0306
2026-08-24 13:59:33,704.59,2026-08-24,712.0,7.25,7.79,7.68,1447,1281,0.2578,-0.9386,0.02551,-0.105,0.0224
2026-08-24 13:59:33,704.59,2026-08-24,713.0,8.24,8.6,8.56,1440,792,0.2156,-0.9819,0.01117,-0.005,0.0082
2026-08-24 13:59:33,704.59,2026-08-24,714.0,9.27,9.69,9.87,340,971,0.2885,-0.9599,0.01623,-0.065,0.0159
2026-08-24 13:59:33,704.59,2026-08-24,715.0,10.21,10.51,10.65,228,1994,,,,,
2026-08-24 13:59:33,704.59,2026-08-24,716.0,11.14,12.07,11.82,244,1999,0.4035,-0.9348,0.01707,-0.19,0.0234
2026-08-24 13:59:33,704.59,2026-08-24,717.0,12.26,12.79,12.72,47,1410,0.3904,-0.9555,0.01305,-0.11,0.0173
2026-08-24 13:59:33,704.59,2026-08-24,718.0,12.96,13.76,13.7,105,1084,,,,,
2026-08-24 13:59:33,704.59,2026-08-24,719.0,14.17,14.9,14.37,48,871,0.4463,-0.9577,0.01095,-0.12,0.0166
2026-08-24 14:00:34,704.52,2026-08-24,690.0,0.06,0.07,0.06,4876,1115,0.4021,-0.0233,0.00745,-0.065,0.0102
2026-08-24 14:00:34,704.52,2026-08-24,691.0,0.03,0.08,0.04,499,468,0.3686,-0.0218,0.00766,-0.055,0.0096
2026-08-24 14:00:34,704.52,2026-08-24,692.0,0.04,0.05,0.08,2204,486,0.3347,-0.0198,0.0078,-0.045,0.0089
2026-08-24 14:00:34,704.52,2026-08-24,693.0,0.09,0.1,0.1,1391,555,0.3534,-0.0365,0.01229,-0.095,0.0147
2026-08-24 14:00:34,704.52,2026-08-24,694.0,0.11,0.12,0.12,2375,2610,0.3401,-0.0446,0.01501,-0.115,0.0173
2026-08-24 14:00:34,704.52,2026-08-24,695.0,0.1,0.11,0.15,5306,999,0.3082,-0.0449,0.01666,-0.105,0.0174
2026-08-24 14:00:34,704.52,2026-08-24,696.0,0.14,0.19,0.15,4804,642,0.3103,-0.0658,0.02238,-0.165,0.0236
2026-08-24 14:00:34,704.52,2026-08-24,697.0,0.19,0.24,0.2,4967,758,0.3003,-0.0846,0.02802,-0.215,0.0286
2026-08-24 14:00:34,704.52,2026-08-24,698.0,0.26,0.31,0.26,4846,556,0.2915,-0.1096,0.03493,-0.285,0.0346
2026-08-24 14:00:34,704.52,2026-08-24,699.0,0.35,0.36,0.36,6283,438,0.277,-0.1368,0.04294,-0.355,0.0404
2026-08-24 14:00:34,704.52,2026-08-24,700.0,0.51,0.52,0.48,22436,3691,0.2766,-0.1845,0.05228,-0.515,0.0491
2026-08-24 14:00:34,704.52,2026-08-24,701.0,0.68,0.7,0.7,10955,767,0.2697,-0.2361,0.062,-0.69,0.0568
2026-08-24 14:00:34,704.52,2026-08-24,702.0,0.88,0.89,0.89,30254,612,0.2578,-0.2945,0.07258,-0.885,0.0635
2026-08-24 14:00:34,704.52,2026-08-24,703.0,1.21,1.22,1.22,25588,508,0.2572,-0.3707,0.07974,-1.215,0.0696
2026-08-24 14:00:34,704.52,2026-08-24,704.0,1.6,1.62,1.62,27876,715,0.2546,-0.4523,0.08446,-1.61,0.073
2026-08-24 14:00:34,704.52,2026-08-24,705.0,2.17,2.21,2.13,48508,3566,0.2658,-0.5356,0.08113,-1.715,0.0732
2026-08-24 14:00:34,704.52,2026-08-24,706.0,2.68,2.73,2.73,35392,543,0.2568,-0.6193,0.08052,-1.23,0.0702
2026-08-24 14:00:34,704.52,2026-08-24,707.0,3.27,3.32,3.32,28165,728,0.2457,-0.7047,0.07625,-0.82,0.0636
2026-08-24 14:00:34,704.52,2026-08-24,708.0,4.15,4.27,4.26,10217,981,0.2759,-0.7499,0.06252,-0.735,0.0586
2026-08-24 14:00:34,704.52,2026-08-24,709.0,4.96,5.37,5.12,7061,547,0.309,-0.7811,0.05186,-0.69,0.0544
2026-08-24 14:00:34,704.52,2026-08-24,710.0,5.76,5.95,5.84,13335,1760,0.2827,-0.8507,0.04463,-0.38,0.0428
2026-08-24 14:00:34,704.52,2026-08-24,711.0,6.4,7.04,6.55,1269,1691,0.2804,-0.8925,0.0358,-0.245,0.0341
2026-08-24 14:00:34,704.52,2026-08-24,712.0,7.82,8.02,8.01,1471,1281,0.3661,-0.8631,0.03249,-0.445,0.0404
2026-08-24 14:00:34,704.52,2026-08-24,713.0,8.4,8.99,8.72,1442,792,0.3327,-0.9141,0.02558,-0.22,0.0289
2026-08-24 14:00:34,704.52,2026-08-24,714.0,9.07,10.25,10.09,347,971,0.3484,-0.9276,0.02146,-0.185,0.0254
2026-08-24 14:00:34,704.52,2026-08-24,715.0,10.35,10.92,11,234,1994,0.3655,-0.9377,0.01821,-0.16,0.0226
2026-08-24 14:00:34,704.52,2026-08-24,716.0,11.16,12.08,11.95,247,1999,0.3853,-0.9447,0.01574,-0.145,0.0206
2026-08-24 14:00:34,704.52,2026-08-24,717.0,12.37,12.94,12.81,54,1410,0.4283,-0.9405,0.015,-0.18,0.0218
2026-08-24 14:00:34,704.52,2026-08-24,718.0,13.2,13.78,13.7,105,1084,0.3377,-0.9837,0.00652,-0.015,0.0075
2026-08-24 14:00:34,704.52,2026-08-24,719.0,14.47,15.08,14.99,58,871,0.5333,-0.9264,0.01421,-0.3,0.0257
2026-08-24 14:01:38,704.52,2026-08-24,690.0,0.06,0.07,0.06,5084,1115,0.4026,-0.0234,0.00745,-0.065,0.0102
2026-08-24 14:01:38,704.52,2026-08-24,691.0,0.07,0.08,0.08,567,468,0.388,-0.0274,0.00884,-0.075,0.0116
2026-08-24 14:01:38,704.52,2026-08-24,692.0,0.08,0.09,0.09,2374,486,0.3716,-0.0317,0.01043,-0.085,0.0131
2026-08-24 14:01:38,704.52,2026-08-24,693.0,0.09,0.1,0.06,1486,555,0.3538,-0.0365,0.0123,-0.095,0.0147
2026-08-24 14:01:38,704.52,2026-08-24,694.0,0.1,0.11,0.12,2675,2610,0.3346,-0.0418,0.01452,-0.105,0.0164
2026-08-24 14:01:38,704.52,2026-08-24,695.0,0.12,0.13,0.13,5745,999,0.3195,-0.0506,0.01773,-0.125,0.0192
2026-08-24 14:01:38,704.52,2026-08-24,696.0,0.11,0.12,0.13,5013,642,0.2874,-0.0516,0.02002,-0.115,0.0195
2026-08-24 14:01:38,704.52,2026-08-24,697.0,0.15,0.16,0.16,5173,758,0.2779,-0.0686,0.02585,-0.155,0.0243
2026-08-24 14:01:38,704.52,2026-08-24,698.0,0.25,0.26,0.22,5286,556,0.2828,-0.1026,0.03438,-0.255,0.0329
2026-08-24 14:01:38,704.52,2026-08-24,699.0,0.34,0.35,0.35,7139,438,0.2747,-0.1348,0.04291,-0.345,0.0399
2026-08-24 14:01:38,704.52,2026-08-24,700.0,0.44,0.45,0.42,24656,3691,0.2622,-0.1716,0.05278,-0.445,0.0468
2026-08-24 14:01:38,704.52,2026-08-24,701.0,0.57,0.58,0.62,11894,767,0.2492,-0.2184,0.06432,-0.575,0.0542
2026-08-24 14:01:38,704.52,2026-08-24,702.0,0.81,0.82,0.82,31516,612,0.2469,-0.2865,0.07494,-0.815,0.0626
2026-08-24 14:01:38,704.52,2026-08-24,703.0,1.09,1.1,1.1,28772,508,0.2399,-0.3622,0.08494,-1.095,0.069
2026-08-24 14:01:38,704.52,2026-08-24,704.0,1.45,1.48,1.48,29821,715,0.2347,-0.4489,0.09164,-1.465,0.0728
2026-08-24 14:01:38,704.52,2026-08-24,705.0,1.86,1.88,1.92,49780,3566,0.222,-0.5436,0.09709,-1.39,0.073
2026-08-24 14:01:38,704.52,2026-08-24,706.0,2.42,2.44,2.49,36209,543,0.2171,-0.6414,0.09353,-0.95,0.0687
2026-08-24 14:01:38,704.52,2026-08-24,707.0,3.11,3.15,3.21,28398,728,0.2191,-0.7279,0.08238,-0.65,0.0611
2026-08-24 14:01:38,704.52,2026-08-24,708.0,3.86,3.97,3.79,10386,981,0.2223,-0.7998,0.0685,-0.435,0.0515
2026-08-24 14:01:38,704.52,2026-08-24,709.0,4.6,4.76,4.85,7280,547,0.2048,-0.8805,0.05295,-0.2,0.0367
2026-08-24 14:01:38,704.52,2026-08-24,710.0,5.48,5.7,5.98,13428,1760,0.2067,-0.9233,0.03787,-0.11,0.0265
2026-08-24 14:01:38,704.52,2026-08-24,711.0,6.37,6.86,7.26,1293,1691,0.2447,-0.9229,0.03211,-0.135,0.0266
2026-08-24 14:01:38,704.52,2026-08-24,712.0,7.29,7.9,8.07,1495,1281,0.2647,-0.9358,0.02579,-0.115,0.0231
2026-08-24 14:01:38,704.52,2026-08-24,713.0,8.47,9,9.17,1470,792,0.3451,-0.9066,0.02629,-0.255,0.0307
2026-08-24 14:01:38,704.52,2026-08-24,714.0,9.34,10.14,9.95,361,971,0.3764,-0.9118,0.0231,-0.26,0.0294
2026-08-24 14:01:38,704.52,2026-08-24,715.0,10.42,11,11.21,269,1994,0.3947,-0.9229,0.01991,-0.23,0.0266
2026-08-24 14:01:38,704.52,2026-08-24,716.0,11.24,11.9,11.95,257,1999,0.3562,-0.9582,0.01363,-0.09,0.0164
2026-08-24 14:01:38,704.52,2026-08-24,717.0,12.48,13.31,12.86,54,1410,0.5163,-0.9021,0.01819,-0.415,0.0318
2026-08-24 14:01:38,704.52,2026-08-24,718.0,13.19,13.87,13.83,107,1084,0.3753,-0.973,0.00904,-0.05,0.0115
2026-08-24 14:01:38,704.52,2026-08-24,719.0,14.19,15.24,14.99,59,871,0.5074,-0.9366,0.01333,-0.235,0.0229
2026-08-24 14:02:40,704.05,2026-08-24,690.0,0.02,0.07,0.06,5111,1115,0.3707,-0.0182,0.00656,-0.045,0.0082
2026-08-24 14:02:40,704.05,2026-08-24,691.0,0.03,0.04,0.04,578,468,0.3354,-0.0159,0.00646,-0.035,0.0073
2026-08-24 14:02:40,704.05,2026-08-24,692.0,0.04,0.05,0.05,2438,486,0.325,-0.0204,0.00826,-0.045,0.0091
2026-08-24 14:02:40,704.05,2026-08-24,693.0,0.09,0.1,0.09,1546,555,0.3426,-0.0376,0.01304,-0.095,0.0151
2026-08-24 14:02:40,704.05,2026-08-24,694.0,0.11,0.12,0.11,2780,2610,0.3288,-0.046,0.01599,-0.115,0.0177
2026-08-24 14:02:40,704.05,2026-08-24,695.0,0.1,0.11,0.11,6115,999,0.2968,-0.0465,0.01787,-0.105,0.0179
2026-08-24 14:02:40,704.05,2026-08-24,696.0,0.17,0.18,0.15,5281,642,0.3019,-0.071,0.02449,-0.175,0.0249
2026-08-24 14:02:40,704.05,2026-08-24,697.0,0.18,0.19,0.22,5363,758,0.2764,-0.0802,0.02934,-0.185,0.0273
2026-08-24 14:02:40,704.05,2026-08-24,698.0,0.29,0.3,0.26,5485,556,0.2799,-0.117,0.03824,-0.295,0.0361
2026-08-24 14:02:40,704.05,2026-08-24,699.0,0.38,0.39,0.35,7541,438,0.2686,-0.1502,0.04733,-0.385,0.0428
2026-08-24 14:02:40,704.05,2026-08-24,700.0,0.47,0.52,0.52,26045,3691,0.2554,-0.191,0.05808,-0.495,0.05
2026-08-24 14:02:40,704.05,2026-08-24,701.0,0.65,0.7,0.69,12405,767,0.2478,-0.2484,0.06961,-0.675,0.0581
2026-08-24 14:02:40,704.05,2026-08-24,702.0,0.93,0.94,0.93,32609,612,0.2437,-0.3204,0.07997,-0.935,0.0657
2026-08-24 14:02:40,704.05,2026-08-24,703.0,1.19,1.25,1.2,30545,508,0.2326,-0.3998,0.09048,-1.22,0.0709
2026-08-24 14:02:40,704.05,2026-08-24,704.0,1.63,1.66,1.63,31149,715,0.2294,-0.4921,0.09471,-1.645,0.0732
2026-08-24 14:02:40,704.05,2026-08-24,705.0,2.1,2.17,2.1,50861,3566,0.2222,-0.5889,0.09537,-1.185,0.0714
2026-08-24 14:02:40,704.05,2026-08-24,706.0,2.75,2.78,2.69,36684,543,0.221,-0.6815,0.08796,-0.815,0.0655
2026-08-24 14:02:40,704.05,2026-08-24,707.0,3.4,3.49,3.41,28620,728,0.2129,-0.7719,0.07732,-0.495,0.0555
2026-08-24 14:02:40,704.05,2026-08-24,708.0,4.12,4.34,4.21,10438,981,0.2074,-0.8477,0.06187,-0.28,0.0432
2026-08-24 14:02:40,704.05,2026-08-24,709.0,4.99,5.11,5.01,7493,547,0.188,-0.9223,0.04214,-0.1,0.0267
2026-08-24 14:02:40,704.05,2026-08-24,710.0,6.03,6.22,5.92,13792,1760,0.2436,-0.9061,0.03747,-0.175,0.0308
2026-08-24 14:02:40,704.05,2026-08-24,711.0,6.43,7.19,7.04,1298,1691,,,,,
2026-08-24 14:02:40,704.05,2026-08-24,712.0,7.69,8.06,7.8,1503,1281,,,,,
2026-08-24 14:02:40,704.05,2026-08-24,713.0,8.22,9.27,8.8,1478,792,,,,,
2026-08-24 14:02:40,704.05,2026-08-24,714.0,9.19,10.16,9.81,366,971,,,,,
2026-08-24 14:02:40,704.05,2026-08-24,715.0,10.39,10.96,10.57,278,1994,,,,,
2026-08-24 14:02:40,704.05,2026-08-24,716.0,11.22,11.97,11.94,257,1999,,,,,
2026-08-24 14:02:40,704.05,2026-08-24,717.0,12.18,12.86,12.86,54,1410,,,,,
2026-08-24 14:02:40,704.05,2026-08-24,718.0,13.36,14.36,13.8,111,1084,,,,,
2026-08-24 14:02:40,704.05,2026-08-24,719.0,14.32,15.07,14.65,59,871,,,,,
2026-08-24 14:03:41,703.42,2026-08-24,689.0,0.06,0.07,0.06,675,835,0.402,-0.0235,0.00753,-0.065,0.0102
2026-08-24 14:03:41,703.42,2026-08-24,690.0,0.07,0.08,0.07,5227,1115,0.3873,-0.0275,0.00893,-0.075,0.0116
2026-08-24 14:03:41,703.42,2026-08-24,691.0,0.08,0.09,0.08,628,468,0.3708,-0.0319,0.01055,-0.085,0.0131
2026-08-24 14:03:41,703.42,2026-08-24,692.0,0.1,0.11,0.06,2462,486,0.3594,-0.0395,0.01295,-0.105,0.0156
2026-08-24 14:03:41,703.42,2026-08-24,693.0,0.08,0.09,0.11,1656,555,0.3206,-0.0363,0.01355,-0.085,0.0146
2026-08-24 14:03:41,703.42,2026-08-24,694.0,0.14,0.15,0.1,2898,2610,0.3282,-0.0564,0.01888,-0.145,0.0208
2026-08-24 14:03:41,703.42,2026-08-24,695.0,0.18,0.19,0.16,6230,999,0.3174,-0.0715,0.02347,-0.185,0.025
2026-08-24 14:03:41,703.42,2026-08-24,696.0,0.19,0.24,0.17,5388,642,0.2989,-0.0853,0.0285,-0.215,0.0286
2026-08-24 14:03:41,703.42,2026-08-24,697.0,0.25,0.27,0.25,5473,758,0.2824,-0.1048,0.03511,-0.26,0.0333
2026-08-24 14:03:41,703.42,2026-08-24,698.0,0.34,0.36,0.38,5612,556,0.2738,-0.1372,0.04379,-0.35,0.0402
2026-08-24 14:03:41,703.42,2026-08-24,699.0,0.47,0.49,0.47,7844,438,0.267,-0.1803,0.05371,-0.48,0.0481
2026-08-24 14:03:41,703.42,2026-08-24,700.0,0.64,0.66,0.64,27980,3691,0.2598,-0.2332,0.06432,-0.65,0.056
2026-08-24 14:03:41,703.42,2026-08-24,701.0,0.86,0.93,0.88,13476,767,0.256,-0.2999,0.07415,-0.895,0.0637
2026-08-24 14:03:41,703.42,2026-08-24,702.0,1.2,1.22,1.17,33957,612,0.2523,-0.3762,0.08216,-1.21,0.0695
2026-08-24 14:03:41,703.42,2026-08-24,703.0,1.57,1.58,1.57,31602,508,0.2446,-0.4596,0.0886,-1.575,0.0727
2026-08-24 14:03:41,703.42,2026-08-24,704.0,2.02,2.04,2.04,33257,715,0.2375,-0.5499,0.091,-1.45,0.0725
2026-08-24 14:03:41,703.42,2026-08-24,705.0,2.66,2.72,2.66,52156,3566,0.2466,-0.6337,0.08331,-1.11,0.0689
2026-08-24 14:03:41,703.42,2026-08-24,706.0,3.3,3.39,3.35,37039,543,0.2432,-0.7158,0.07612,-0.765,0.0621
2026-08-24 14:03:41,703.42,2026-08-24,707.0,3.99,4.17,3.99,28870,728,0.2396,-0.7898,0.0657,-0.5,0.0528
2026-08-24 14:03:41,703.42,2026-08-24,708.0,4.77,4.94,4.88,10560,981,0.2284,-0.8607,0.05303,-0.275,0.0406
2026-08-24 14:03:41,703.42,2026-08-24,709.0,5.43,5.89,5.58,7836,547,0.1982,-0.9361,0.03446,-0.08,0.0229
2026-08-24 14:03:41,703.42,2026-08-24,710.0,6.59,6.88,6.52,13933,1760,0.256,-0.9176,0.03242,-0.155,0.0278
2026-08-24 14:03:41,703.42,2026-08-24,711.0,7.34,7.78,7.04,1298,1691,0.1336,-0.9989,0.00146,0.02,0.0007
2026-08-24 14:03:41,703.42,2026-08-24,712.0,8.32,8.71,8.25,1567,1281,,,,,
2026-08-24 14:03:41,703.42,2026-08-24,713.0,9.6,9.99,9.51,1485,792,0.3649,-0.9216,0.02191,-0.215,0.0268
2026-08-24 14:03:41,703.42,2026-08-24,714.0,10.35,10.83,10.55,368,971,0.2704,-0.9827,0.00864,-0.01,0.0078
2026-08-24 14:03:41,703.42,2026-08-24,715.0,11.31,12.04,10.96,279,1994,0.3632,-0.9572,0.01369,-0.095,0.0167
2026-08-24 14:03:41,703.42,2026-08-24,716.0,11.87,12.74,11.94,257,1999,,,,,
2026-08-24 14:03:41,703.42,2026-08-24,717.0,13.12,14.07,12.86,54,1410,0.3416,-0.9839,0.00643,-0.015,0.0074
2026-08-24 14:03:41,703.42,2026-08-24,718.0,13.96,14.61,13.99,121,1084,,,,,
2026-08-24 14:04:42,703.22,2026-08-24,689.0,0.02,0.07,0.06,788,835,0.3761,-0.018,0.00644,-0.045,0.0081
2026-08-24 14:04:42,703.22,2026-08-24,690.0,0.03,0.08,0.07,5241,1115,0.3643,-0.0221,0.00792,-0.055,0.0096
2026-08-24 14:04:42,703.22,2026-08-24,691.0,0.04,0.05,0.05,649,468,0.3302,-0.0202,0.00809,-0.045,0.0089
2026-08-24 14:04:42,703.22,2026-08-24,692.0,0.06,0.11,0.08,2520,486,0.3414,-0.0344,0.0122,-0.085,0.0139
2026-08-24 14:04:42,703.22,2026-08-24,693.0,0.08,0.09,0.1,1771,555,0.3161,-0.0368,0.01393,-0.085,0.0147
2026-08-24 14:04:42,703.22,2026-08-24,694.0,0.14,0.15,0.14,3154,2610,0.3232,-0.0573,0.01943,-0.145,0.021
2026-08-24 14:04:42,703.22,2026-08-24,695.0,0.18,0.19,0.16,6347,999,0.3121,-0.0726,0.0242,-0.185,0.0252
2026-08-24 14:04:42,703.22,2026-08-24,696.0,0.19,0.24,0.2,5539,642,0.2934,-0.0868,0.02947,-0.215,0.0289
2026-08-24 14:04:42,703.22,2026-08-24,697.0,0.25,0.3,0.27,5750,758,0.2809,-0.1105,0.03672,-0.275,0.0345
2026-08-24 14:04:42,703.22,2026-08-24,698.0,0.38,0.39,0.39,6159,556,0.2757,-0.1476,0.04575,-0.385,0.0422
2026-08-24 14:04:42,703.22,2026-08-24,699.0,0.47,0.53,0.48,8825,438,0.264,-0.1882,0.05589,-0.5,0.0493
2026-08-24 14:04:42,703.22,2026-08-24,700.0,0.63,0.64,0.69,29720,3691,0.2491,-0.2369,0.06777,-0.635,0.0564
2026-08-24 14:04:42,703.22,2026-08-24,701.0,0.92,0.93,0.92,14237,767,0.2515,-0.3116,0.0769,-0.925,0.0646
2026-08-24 14:04:42,703.22,2026-08-24,702.0,1.21,1.22,1.21,35100,612,0.2424,-0.3885,0.08648,-1.215,0.0701
2026-08-24 14:04:42,703.22,2026-08-24,703.0,1.57,1.59,1.62,32842,508,0.2328,-0.4763,0.09358,-1.58,0.0728
2026-08-24 14:04:42,703.22,2026-08-24,704.0,2.1,2.11,2.1,35437,715,0.2327,-0.5696,0.09234,-1.325,0.0718
2026-08-24 14:04:42,703.22,2026-08-24,705.0,2.63,2.66,2.63,54025,3566,0.2211,-0.667,0.08989,-0.865,0.0664
2026-08-24 14:04:42,703.22,2026-08-24,706.0,3.26,3.3,3.3,37324,543,0.2077,-0.7651,0.08093,-0.5,0.0562
2026-08-24 14:04:42,703.22,2026-08-24,707.0,4.019,4.21,4.1,29139,728,0.2143,-0.83,0.06459,-0.3345,0.0463
2026-08-24 14:04:42,703.22,2026-08-24,708.0,4.86,5.11,4.95,10613,981,0.2171,-0.8835,0.04938,-0.205,0.0358
2026-08-24 14:04:42,703.22,2026-08-24,709.0,5.69,6.17,5.96,7943,547,0.2311,-0.9122,0.03772,-0.15,0.0291
2026-08-24 14:04:42,703.22,2026-08-24,710.0,6.66,6.87,6.61,13972,1760,0.1478,-0.9936,0.0067,0.015,0.0033
2026-08-24 14:04:42,703.22,2026-08-24,711.0,7.65,8,7.77,1316,1691,0.2373,-0.9621,0.01901,-0.045,0.0151
2026-08-24 14:04:42,703.22,2026-08-24,712.0,8.75,8.98,9,1570,1281,0.2865,-0.9514,0.01926,-0.085,0.0184
2026-08-24 14:04:42,703.22,2026-08-24,713.0,9.45,9.83,9.41,1489,792,,,,,
2026-08-24 14:04:42,703.22,2026-08-24,714.0,10.18,10.97,10.39,379,971,,,,,
2026-08-24 14:04:42,703.22,2026-08-24,715.0,11.22,12.2,10.96,280,1994,,,,,
2026-08-24 14:04:42,703.22,2026-08-24,716.0,12.12,12.86,11.94,257,1999,,,,,
2026-08-24 14:04:42,703.22,2026-08-24,717.0,13.28,14.22,12.86,54,1410,,,,,
2026-08-24 14:04:42,703.22,2026-08-24,718.0,14.2,15.28,13.99,121,1084,,,,,
2026-08-24 14:05:43,703.3,2026-08-24,689.0,0.06,0.07,0.06,845,835,0.4004,-0.0236,0.00762,-0.065,0.0102
2026-08-24 14:05:43,703.3,2026-08-24,690.0,0.03,0.04,0.07,5313,1115,0.3427,-0.0156,0.00628,-0.035,0.0072
2026-08-24 14:05:43,703.3,2026-08-24,691.0,0.04,0.09,0.08,703,468,0.3525,-0.0264,0.00952,-0.065,0.0112
2026-08-24 14:05:43,703.3,2026-08-24,692.0,0.09,0.1,0.1,2537,486,0.3508,-0.037,0.01264,-0.095,0.0148
2026-08-24 14:05:43,703.3,2026-08-24,693.0,0.11,0.12,0.08,1798,555,0.3372,-0.0453,0.01546,-0.115,0.0174
2026-08-24 14:05:43,703.3,2026-08-24,694.0,0.13,0.14,0.13,3721,2610,0.321,-0.0542,0.01877,-0.135,0.0201
2026-08-24 14:05:43,703.3,2026-08-24,695.0,0.16,0.17,0.17,6903,999,0.3066,-0.0669,0.02317,-0.165,0.0237
2026-08-24 14:05:43,703.3,2026-08-24,696.0,0.16,0.17,0.22,5633,642,0.2777,-0.0728,0.0273,-0.165,0.0253
2026-08-24 14:05:43,703.3,2026-08-24,697.0,0.25,0.26,0.26,6404,758,0.2779,-0.1048,0.03578,-0.255,0.0332
2026-08-24 14:05:43,703.3,2026-08-24,698.0,0.33,0.34,0.34,6352,556,0.2667,-0.1356,0.04473,-0.335,0.0398
2026-08-24 14:05:43,703.3,2026-08-24,699.0,0.44,0.45,0.45,9569,438,0.256,-0.176,0.05536,-0.445,0.0472
2026-08-24 14:05:43,703.3,2026-08-24,700.0,0.58,0.59,0.59,31925,3691,0.2438,-0.2264,0.0676,-0.585,0.055
2026-08-24 14:05:43,703.3,2026-08-24,701.0,0.74,0.8,0.79,15298,767,0.2312,-0.29,0.08107,-0.77,0.0625
2026-08-24 14:05:43,703.3,2026-08-24,702.0,1.05,1.06,1.06,36527,612,0.2241,-0.3723,0.09246,-1.055,0.0691
2026-08-24 14:05:43,703.3,2026-08-24,703.0,1.41,1.42,1.42,34885,508,0.2156,-0.4664,0.10099,-1.415,0.0726
2026-08-24 14:05:43,703.3,2026-08-24,704.0,1.8,1.86,1.86,37326,715,0.201,-0.5724,0.10688,-1.13,0.0716
2026-08-24 14:05:43,703.3,2026-08-24,705.0,2.34,2.42,2.42,54978,3566,0.1893,-0.6854,0.10271,-0.68,0.0648
2026-08-24 14:05:43,703.3,2026-08-24,706.0,3,3.09,3.09,37771,543,0.176,-0.7967,0.08797,-0.345,0.0516
2026-08-24 14:05:43,703.3,2026-08-24,707.0,3.78,3.9,3.8,29279,728,0.1642,-0.8891,0.06307,-0.14,0.0345
2026-08-24 14:05:43,703.3,2026-08-24,708.0,4.48,4.69,4.65,10653,981,,,,,
2026-08-24 14:05:43,703.3,2026-08-24,709.0,5.38,5.95,5.53,7967,547,,,,,
2026-08-24 14:05:43,703.3,2026-08-24,710.0,6.34,6.98,6.49,14046,1760,,,,,
2026-08-24 14:05:43,703.3,2026-08-24,711.0,7.35,7.88,7.54,1322,1691,,,,,
2026-08-24 14:05:43,703.3,2026-08-24,712.0,8.21,8.83,9,1571,1281,,,,,
2026-08-24 14:05:43,703.3,2026-08-24,713.0,9.19,10.04,9.47,1491,792,,,,,
2026-08-24 14:05:43,703.3,2026-08-24,714.0,10.47,10.67,10.49,381,971,,,,,
2026-08-24 14:05:43,703.3,2026-08-24,715.0,11.34,11.8,11.29,282,1994,,,,,
2026-08-24 14:05:43,703.3,2026-08-24,716.0,12,13.05,11.94,257,1999,,,,,
2026-08-24 14:05:43,703.3,2026-08-24,717.0,13.08,14.03,12.86,54,1410,,,,,
2026-08-24 14:05:43,703.3,2026-08-24,718.0,14.22,15.15,13.99,121,1084,0.2949,-0.9965,0.00197,0.015,0.0019
2026-08-24 14:06:46,703.74,2026-08-24,689.0,0.02,0.07,0.06,995,835,0.3888,-0.0175,0.0061,-0.045,0.0079
2026-08-24 14:06:46,703.74,2026-08-24,690.0,0.07,0.08,0.04,5316,1115,0.3966,-0.0271,0.00863,-0.075,0.0114
2026-08-24 14:06:46,703.74,2026-08-24,691.0,0.04,0.05,0.05,827,468,0.343,-0.0196,0.0076,-0.045,0.0087
2026-08-24 14:06:46,703.74,2026-08-24,692.0,0.05,0.06,0.1,2565,486,0.3301,-0.0242,0.00945,-0.055,0.0104
2026-08-24 14:06:46,703.74,2026-08-24,693.0,0.07,0.12,0.11,1813,555,0.3368,-0.0384,0.01357,-0.095,0.0152
2026-08-24 14:06:46,703.74,2026-08-24,694.0,0.13,0.14,0.14,3935,2610,0.3333,-0.0525,0.01764,-0.135,0.0196
2026-08-24 14:06:46,703.74,2026-08-24,695.0,0.13,0.14,0.16,6951,999,0.3058,-0.0566,0.02039,-0.135,0.0208
2026-08-24 14:06:46,703.74,2026-08-24,696.0,0.21,0.22,0.22,5692,642,0.3098,-0.0831,0.02706,-0.215,0.0279
2026-08-24 14:06:46,703.74,2026-08-24,697.0,0.23,0.24,0.25,7058,758,0.2859,-0.0957,0.03259,-0.235,0.031
2026-08-24 14:06:46,703.74,2026-08-24,698.0,0.34,0.35,0.35,6504,556,0.2846,-0.1318,0.04114,-0.345,0.039
2026-08-24 14:06:46,703.74,2026-08-24,699.0,0.45,0.46,0.47,9945,438,0.2748,-0.1694,0.05037,-0.455,0.0461
2026-08-24 14:06:46,703.74,2026-08-24,700.0,0.59,0.61,0.58,33046,3691,0.2649,-0.2167,0.06073,-0.6,0.0535
2026-08-24 14:06:46,703.74,2026-08-24,701.0,0.8,0.81,0.83,15967,767,0.2574,-0.2769,0.07128,-0.805,0.0611
2026-08-24 14:06:46,703.74,2026-08-24,702.0,1.08,1.09,1.11,37173,612,0.2521,-0.3495,0.08051,-1.085,0.0675
2026-08-24 14:06:46,703.74,2026-08-24,703.0,1.38,1.42,1.42,36316,508,0.2411,-0.4301,0.08929,-1.4,0.0717
2026-08-24 14:06:46,703.74,2026-08-24,704.0,1.89,1.91,1.91,38478,715,0.2442,-0.5202,0.08943,-1.64,0.0727
2026-08-24 14:06:46,703.74,2026-08-24,705.0,2.41,2.44,2.44,55310,3566,0.2382,-0.611,0.08823,-1.165,0.0699
2026-08-24 14:06:46,703.74,2026-08-24,706.0,3.05,3.09,3.1,37938,543,0.2365,-0.6968,0.08098,-0.81,0.0637
2026-08-24 14:06:46,703.74,2026-08-24,707.0,3.85,3.93,3.86,29384,728,0.2512,-0.7587,0.06804,-0.63,0.0569
2026-08-24 14:06:46,703.74,2026-08-24,708.0,4.6,4.73,4.59,10703,981,0.2475,-0.8246,0.05718,-0.405,0.0471
2026-08-24 14:06:46,703.74,2026-08-24,709.0,5.53,6.02,5.58,7971,547,0.3077,-0.8228,0.04629,-0.515,0.0474
2026-08-24 14:06:46,703.74,2026-08-24,710.0,6.46,6.96,6.38,14116,1760,0.3292,-0.8485,0.03908,-0.45,0.0428
2026-08-24 14:06:46,703.74,2026-08-24,711.0,7.26,7.75,7.35,1386,1691,0.3075,-0.8997,0.03135,-0.245,0.0321
2026-08-24 14:06:46,703.74,2026-08-24,712.0,8.28,8.65,8.36,1592,1281,0.3242,-0.9163,0.026,-0.205,0.0281
2026-08-24 14:06:46,703.74,2026-08-24,713.0,9.26,9.9,9.22,1514,792,0.3924,-0.8992,0.02465,-0.32,0.0322
2026-08-24 14:06:46,703.74,2026-08-24,714.0,10.27,10.59,10.34,395,971,0.3675,-0.9347,0.01899,-0.17,0.0232
2026-08-24 14:06:46,703.74,2026-08-24,715.0,11.01,11.73,11.04,283,1994,0.3651,-0.9525,0.01486,-0.11,0.0181
2026-08-24 14:06:46,703.74,2026-08-24,716.0,11.81,12.72,12.24,258,1999,0.3,-0.9866,0.0063,-0.005,0.0063
2026-08-24 14:06:46,703.74,2026-08-24,717.0,13.18,13.72,12.86,54,1410,0.4581,-0.941,0.01406,-0.19,0.0214
2026-08-24 14:06:46,703.74,2026-08-24,718.0,13.89,14.73,13.99,121,1084,0.3962,-0.9741,0.00832,-0.05,0.011
2026-08-24 14:07:47,703.62,2026-08-24,689.0,0.06,0.07,0.06,1207,835,0.409,-0.0232,0.00738,-0.065,0.01
2026-08-24 14:07:47,703.62,2026-08-24,690.0,0.07,0.08,0.07,5454,1115,0.3943,-0.0272,0.00874,-0.075,0.0114
2026-08-24 14:07:47,703.62,2026-08-24,691.0,0.04,0.05,0.08,950,468,0.3408,-0.0197,0.00771,-0.045,0.0087
2026-08-24 14:07:47,703.62,2026-08-24,692.0,0.05,0.06,0.09,2587,486,0.3277,-0.0244,0.00959,-0.055,0.0104
2026-08-24 14:07:47,703.62,2026-08-24,693.0,0.11,0.12,0.11,1932,555,0.3466,-0.0443,0.01483,-0.115,0.017
2026-08-24 14:07:47,703.62,2026-08-24,694.0,0.09,0.14,0.1,4541,2610,0.3199,-0.0475,0.01698,-0.115,0.018
2026-08-24 14:07:47,703.62,2026-08-24,695.0,0.16,0.17,0.13,7018,999,0.3166,-0.0653,0.02207,-0.165,0.0232
2026-08-24 14:07:47,703.62,2026-08-24,696.0,0.2,0.21,0.17,5847,642,0.303,-0.0814,0.02729,-0.205,0.0274
2026-08-24 14:07:47,703.62,2026-08-24,697.0,0.26,0.27,0.27,7795,758,0.2919,-0.1041,0.03398,-0.265,0.0329
2026-08-24 14:07:47,703.62,2026-08-24,698.0,0.33,0.34,0.34,6833,556,0.2783,-0.1312,0.042,-0.335,0.0388
2026-08-24 14:07:47,703.62,2026-08-24,699.0,0.39,0.4,0.4,10548,438,0.2575,-0.1596,0.0518,-0.395,0.0443
2026-08-24 14:07:47,703.62,2026-08-24,700.0,0.54,0.59,0.59,35174,3691,0.2539,-0.214,0.06302,-0.565,0.0531
2026-08-24 14:07:47,703.62,2026-08-24,701.0,0.77,0.79,0.79,17282,767,0.2483,-0.2782,0.07421,-0.78,0.0611
2026-08-24 14:07:47,703.62,2026-08-24,702.0,1.04,1.05,1.05,38811,612,0.2403,-0.3526,0.08487,-1.045,0.0676
2026-08-24 14:07:47,703.62,2026-08-24,703.0,1.4,1.42,1.42,39210,508,0.2356,-0.4395,0.0919,-1.41,0.0718
2026-08-24 14:07:47,703.62,2026-08-24,704.0,1.84,1.87,1.87,40188,715,0.2296,-0.5331,0.09506,-1.475,0.0724
2026-08-24 14:07:47,703.62,2026-08-24,705.0,2.39,2.43,2.35,56305,3566,0.2257,-0.6284,0.09199,-1.03,0.0689
2026-08-24 14:07:47,703.62,2026-08-24,706.0,3.05,3.13,3.13,38165,543,0.2265,-0.715,0.0823,-0.71,0.0618
2026-08-24 14:07:47,703.62,2026-08-24,707.0,3.81,3.83,3.78,29607,728,0.2215,-0.7961,0.07019,-0.44,0.0516
2026-08-24 14:07:47,703.62,2026-08-24,708.0,4.57,4.74,4.6,10751,981,0.2227,-0.8573,0.05557,-0.275,0.0411
2026-08-24 14:07:47,703.62,2026-08-24,709.0,5.2,5.89,5.96,7987,547,0.2248,-0.9034,0.04179,-0.165,0.0312
2026-08-24 14:07:47,703.62,2026-08-24,710.0,6.52,6.57,6.44,14149,1760,0.255,-0.9131,0.03408,-0.165,0.0288
2026-08-24 14:07:47,703.62,2026-08-24,711.0,6.97,7.52,7.59,1393,1691,,,,,
2026-08-24 14:07:47,703.62,2026-08-24,712.0,8.33,8.59,8.36,1593,1281,0.2743,-0.9515,0.02015,-0.08,0.0183
2026-08-24 14:07:47,703.62,2026-08-24,713.0,8.99,9.94,9.38,1516,792,0.3031,-0.9536,0.01761,-0.085,0.0177
2026-08-24 14:07:47,703.62,2026-08-24,714.0,10.18,10.77,10.81,398,971,0.3345,-0.9539,0.01587,-0.095,0.0176
2026-08-24 14:07:47,703.62,2026-08-24,715.0,11.35,11.75,11.04,283,1994,0.3988,-0.939,0.01662,-0.17,0.022
2026-08-24 14:07:47,703.62,2026-08-24,716.0,11.85,12.95,12.24,259,1999,0.3234,-0.981,0.00786,-0.02,0.0084
2026-08-24 14:07:47,703.62,2026-08-24,717.0,13.18,13.61,13.58,55,1410,0.3389,-0.9838,0.00655,-0.015,0.0074
2026-08-24 14:07:47,703.62,2026-08-24,718.0,13.9,14.88,13.99,121,1084,0.3529,-0.9863,0.00543,-0.01,0.0064
2026-08-24 14:08:48,703.26,2026-08-24,689.0,0.07,0.08,0.05,1275,835,0.4106,-0.0263,0.00817,-0.075,0.0111
2026-08-24 14:08:48,703.26,2026-08-24,690.0,0.03,0.04,0.06,5515,1115,0.3434,-0.0157,0.0063,-0.035,0.0072
2026-08-24 14:08:48,703.26,2026-08-24,691.0,0.09,0.1,0.06,1017,468,0.3769,-0.0349,0.01126,-0.095,0.014
2026-08-24 14:08:48,703.26,2026-08-24,692.0,0.06,0.07,0.09,2602,486,0.3287,-0.0282,0.01083,-0.065,0.0118
2026-08-24 14:08:48,703.26,2026-08-24,693.0,0.08,0.13,0.12,2060,555,0.3318,-0.0426,0.01503,-0.105,0.0165
2026-08-24 14:08:48,703.26,2026-08-24,694.0,0.15,0.16,0.15,4849,2610,0.3309,-0.0597,0.01973,-0.155,0.0216
2026-08-24 14:08:48,703.26,2026-08-24,695.0,0.18,0.19,0.16,7123,999,0.315,-0.0724,0.02405,-0.185,0.025
2026-08-24 14:08:48,703.26,2026-08-24,696.0,0.19,0.24,0.21,5908,642,0.2963,-0.0865,0.02928,-0.215,0.0287
2026-08-24 14:08:48,703.26,2026-08-24,697.0,0.26,0.27,0.26,7889,758,0.2809,-0.1076,0.03626,-0.265,0.0337
2026-08-24 14:08:48,703.26,2026-08-24,698.0,0.39,0.4,0.35,7405,556,0.2811,-0.149,0.04542,-0.395,0.0422
2026-08-24 14:08:48,703.26,2026-08-24,699.0,0.51,0.52,0.51,11147,438,0.2701,-0.19,0.05527,-0.515,0.0493
2026-08-24 14:08:48,703.26,2026-08-24,700.0,0.65,0.7,0.68,36653,3691,0.2593,-0.2417,0.0662,-0.675,0.0567
2026-08-24 14:08:48,703.26,2026-08-24,701.0,0.91,0.92,0.91,18858,767,0.2533,-0.3088,0.07649,-0.915,0.064
2026-08-24 14:08:48,703.26,2026-08-24,702.0,1.23,1.25,1.23,40933,612,0.2496,-0.3876,0.08441,-1.24,0.0696
2026-08-24 14:08:48,703.26,2026-08-24,703.0,1.59,1.61,1.59,41713,508,0.2395,-0.4731,0.09143,-1.6,0.0724
2026-08-24 14:08:48,703.26,2026-08-24,704.0,2.13,2.17,2.09,42192,715,0.2435,-0.5633,0.08899,-1.41,0.0716
2026-08-24 14:08:48,703.26,2026-08-24,705.0,2.68,2.74,2.72,57181,3566,0.2361,-0.6543,0.08589,-0.97,0.067
2026-08-24 14:08:48,703.26,2026-08-24,706.0,3.34,3.52,3.34,38438,543,0.2399,-0.7322,0.07552,-0.69,0.0599
2026-08-24 14:08:48,703.26,2026-08-24,707.0,4.25,4.36,4.13,29849,728,0.2601,-0.7827,0.06219,-0.565,0.0534
2026-08-24 14:08:48,703.26,2026-08-24,708.0,5.02,5.1,4.89,10870,981,0.2465,-0.8524,0.05149,-0.32,0.0419
2026-08-24 14:08:48,703.26,2026-08-24,709.0,5.7,6.07,5.7,8216,547,0.2294,-0.9136,0.03778,-0.145,0.0286
2026-08-24 14:08:48,703.26,2026-08-24,710.0,6.6,7.11,6.65,14192,1760,0.247,-0.9314,0.02944,-0.115,0.024
2026-08-24 14:08:48,703.26,2026-08-24,711.0,7.48,7.91,7.54,1395,1691,,,,,
2026-08-24 14:08:48,703.26,2026-08-24,712.0,8.44,8.95,8.61,1636,1281,,,,,
2026-08-24 14:08:48,703.26,2026-08-24,713.0,9.27,10.14,9.95,1517,792,,,,,
2026-08-24 14:08:48,703.26,2026-08-24,714.0,10.12,10.98,10.46,403,971,,,,,
2026-08-24 14:08:48,703.26,2026-08-24,715.0,11.59,11.84,11.7,286,1994,,,,,
2026-08-24 14:08:48,703.26,2026-08-24,716.0,12.37,12.86,12.7,264,1999,,,,,
2026-08-24 14:08:48,703.26,2026-08-24,717.0,13.12,13.83,13.58,55,1410,,,,,
2026-08-24 14:08:48,703.26,2026-08-24,718.0,13.99,15.08,15,122,1084,,,,,
2026-08-24 14:09:49,703.2,2026-08-24,689.0,0.07,0.08,0.07,1275,835,0.4098,-0.0264,0.00822,-0.075,0.0111
2026-08-24 14:09:49,703.2,2026-08-24,690.0,0.04,0.05,0.08,5566,1115,0.3554,-0.0191,0.0072,-0.045,0.0084
2026-08-24 14:09:49,703.2,2026-08-24,691.0,0.05,0.06,0.06,1025,468,0.3427,-0.0235,0.00892,-0.055,0.0101
2026-08-24 14:09:49,703.2,2026-08-24,692.0,0.1,0.11,0.1,2693,486,0.3569,-0.04,0.01331,-0.105,0.0156
2026-08-24 14:09:49,703.2,2026-08-24,693.0,0.08,0.09,0.08,2169,555,0.3178,-0.0368,0.01397,-0.085,0.0146
2026-08-24 14:09:49,703.2,2026-08-24,694.0,0.1,0.15,0.11,4950,2610,0.315,-0.0519,0.01857,-0.125,0.0193
2026-08-24 14:09:49,703.2,2026-08-24,695.0,0.13,0.14,0.13,7521,999,0.2923,-0.0591,0.02219,-0.135,0.0214
2026-08-24 14:09:49,703.2,2026-08-24,696.0,0.17,0.22,0.17,6012,642,0.2878,-0.0818,0.02894,-0.195,0.0274
2026-08-24 14:09:49,703.2,2026-08-24,697.0,0.23,0.24,0.28,7982,758,0.2702,-0.1008,0.03598,-0.235,0.032
2026-08-24 14:09:49,703.2,2026-08-24,698.0,0.31,0.32,0.31,7638,556,0.2597,-0.1325,0.04546,-0.315,0.0389
2026-08-24 14:09:49,703.2,2026-08-24,699.0,0.43,0.48,0.43,11474,438,0.2558,-0.1801,0.05654,-0.455,0.0476
2026-08-24 14:09:49,703.2,2026-08-24,700.0,0.63,0.64,0.63,37554,3691,0.2501,-0.2375,0.0681,-0.635,0.0561
2026-08-24 14:09:49,703.2,2026-08-24,701.0,0.8,0.86,0.8,19634,767,0.2374,-0.3019,0.08091,-0.83,0.0633
2026-08-24 14:09:49,703.2,2026-08-24,702.0,1.09,1.15,1.15,41913,612,0.2293,-0.3835,0.09172,-1.12,0.0693
2026-08-24 14:09:49,703.2,2026-08-24,703.0,1.49,1.54,1.49,43490,508,0.2241,-0.4773,0.09791,-1.515,0.0723
2026-08-24 14:09:49,703.2,2026-08-24,704.0,2.02,2.029,2.02,43372,715,0.2215,-0.5758,0.09745,-1.2245,0.0711
2026-08-24 14:09:49,703.2,2026-08-24,705.0,2.55,2.59,2.55,58128,3566,0.2092,-0.6792,0.09427,-0.77,0.065
2026-08-24 14:09:49,703.2,2026-08-24,706.0,3.24,3.28,3.24,38920,543,0.2027,-0.7738,0.08176,-0.46,0.0546
2026-08-24 14:09:49,703.2,2026-08-24,707.0,4.1,4.12,4.01,29923,728,0.2111,-0.8367,0.06434,-0.31,0.0448
2026-08-24 14:09:49,703.2,2026-08-24,708.0,4.86,5.04,4.86,10914,981,0.2028,-0.9017,0.04707,-0.15,0.0315
2026-08-24 14:09:49,703.2,2026-08-24,709.0,5.76,6.1,5.76,8451,547,0.2261,-0.9192,0.03651,-0.13,0.0272
2026-08-24 14:09:49,703.2,2026-08-24,710.0,6.76,6.91,6.76,14229,1760,0.2076,-0.9631,0.02141,-0.035,0.0146
2026-08-24 14:09:49,703.2,2026-08-24,711.0,7.63,8.01,7.36,1403,1691,0.2201,-0.9734,0.0154,-0.02,0.0112
2026-08-24 14:09:49,703.2,2026-08-24,712.0,8.64,9.1,8.28,1686,1281,0.2804,-0.9564,0.01814,-0.07,0.0168
2026-08-24 14:09:49,703.2,2026-08-24,713.0,9.53,10.23,9.95,1517,792,0.3119,-0.9565,0.01629,-0.08,0.0167
2026-08-24 14:09:49,703.2,2026-08-24,714.0,10.53,11.25,10.51,405,971,0.3435,-0.9565,0.01479,-0.09,0.0167
2026-08-24 14:09:49,703.2,2026-08-24,715.0,11.31,12.15,11.53,288,1994,,,,,
2026-08-24 14:09:49,703.2,2026-08-24,716.0,12.27,13,12.7,264,1999,,,,,
2026-08-24 14:09:49,703.2,2026-08-24,717.0,13.06,13.8,13.58,55,1410,,,,,
2026-08-24 14:09:49,703.2,2026-08-24,718.0,14.33,15.08,15,122,1084,,,,,
2026-08-24 14:10:51,703.35,2026-08-24,689.0,0.07,0.08,0.07,1425,835,0.4139,-0.0262,0.0081,-0.075,0.011
2026-08-24 14:10:51,703.35,2026-08-24,690.0,0.07,0.08,0.07,5603,1115,0.3894,-0.0276,0.00901,-0.075,0.0115
2026-08-24 14:10:51,703.35,2026-08-24,691.0,0.04,0.05,0.08,1040,468,0.336,-0.0201,0.00797,-0.045,0.0088
2026-08-24 14:10:51,703.35,2026-08-24,692.0,0.1,0.11,0.1,2773,486,0.3611,-0.0397,0.01307,-0.105,0.0155
2026-08-24 14:10:51,703.35,2026-08-24,693.0,0.11,0.12,0.07,2180,555,0.3409,-0.0451,0.01537,-0.115,0.0172
2026-08-24 14:10:51,703.35,2026-08-24,694.0,0.13,0.14,0.14,5143,2610,0.3245,-0.0541,0.01865,-0.135,0.0199
2026-08-24 14:10:51,703.35,2026-08-24,695.0,0.16,0.17,0.17,7779,999,0.3101,-0.0667,0.02301,-0.165,0.0235
2026-08-24 14:10:51,703.35,2026-08-24,696.0,0.2,0.21,0.21,6084,642,0.2961,-0.0833,0.02856,-0.205,0.0278
2026-08-24 14:10:51,703.35,2026-08-24,697.0,0.21,0.26,0.26,8144,758,0.2752,-0.0993,0.03501,-0.235,0.0317
2026-08-24 14:10:51,703.35,2026-08-24,698.0,0.29,0.3,0.29,7855,556,0.2598,-0.1257,0.04388,-0.295,0.0375
2026-08-24 14:10:51,703.35,2026-08-24,699.0,0.4,0.45,0.46,13770,438,0.2552,-0.1711,0.05493,-0.425,0.0461
2026-08-24 14:10:51,703.35,2026-08-24,700.0,0.56,0.57,0.56,38475,3691,0.2438,-0.2217,0.0673,-0.565,0.0539
2026-08-24 14:10:51,703.35,2026-08-24,701.0,0.77,0.79,0.77,20458,767,0.2366,-0.2893,0.07971,-0.78,0.062
2026-08-24 14:10:51,703.35,2026-08-24,702.0,1.05,1.07,1.05,45349,612,0.2289,-0.3698,0.09099,-1.06,0.0684
2026-08-24 14:10:51,703.35,2026-08-24,703.0,1.47,1.49,1.47,44745,508,0.2291,-0.4638,0.09568,-1.48,0.072
2026-08-24 14:10:51,703.35,2026-08-24,704.0,1.91,1.99,1.91,44487,715,0.2229,-0.5613,0.09757,-1.295,0.0715
2026-08-24 14:10:51,703.35,2026-08-24,705.0,2.55,2.57,2.55,58912,3566,0.2227,-0.656,0.09116,-0.905,0.0667
2026-08-24 14:10:51,703.35,2026-08-24,706.0,3.24,3.28,3.24,39093,543,0.2224,-0.742,0.08014,-0.605,0.0586
2026-08-24 14:10:51,703.35,2026-08-24,707.0,3.9,4.07,4.05,29974,728,0.2105,-0.8283,0.06675,-0.33,0.0462
2026-08-24 14:10:51,703.35,2026-08-24,708.0,4.85,4.92,4.8,10942,981,0.2216,-0.8744,0.05143,-0.23,0.0375
2026-08-24 14:10:51,703.35,2026-08-24,709.0,5.7,6.16,5.71,8471,547,0.2668,-0.8764,0.04224,-0.275,0.037
2026-08-24 14:10:51,703.35,2026-08-24,710.0,6.86,6.99,6.86,14308,1760,0.2979,-0.8886,0.03514,-0.27,0.0344
2026-08-24 14:10:51,703.35,2026-08-24,711.0,7.4,8.01,7.56,1412,1691,0.2392,-0.9598,0.01996,-0.05,0.0157
2026-08-24 14:10:51,703.35,2026-08-24,712.0,8.57,8.96,8.63,1702,1281,0.2983,-0.9433,0.02107,-0.11,0.0206
2026-08-24 14:10:51,703.35,2026-08-24,713.0,9.72,9.88,9.78,1525,792,0.3419,-0.9382,0.01968,-0.145,0.0221
2026-08-24 14:10:51,703.35,2026-08-24,714.0,10.16,11.02,10.42,407,971,,,,,
2026-08-24 14:10:51,703.35,2026-08-24,715.0,11.51,12.05,11.53,288,1994,0.3857,-0.95,0.01474,-0.125,0.0187
2026-08-24 14:10:51,703.35,2026-08-24,716.0,12.45,12.98,12.7,264,1999,0.3692,-0.969,0.01045,-0.06,0.0127
2026-08-24 14:10:51,703.35,2026-08-24,717.0,13.1,14.06,13.58,55,1410,,,,,
2026-08-24 14:10:51,703.35,2026-08-24,718.0,14.31,15.41,15,122,1084,0.5057,-0.9422,0.01262,-0.205,0.021
2026-08-24 14:11:54,703.16,2026-08-24,689.0,0.06,0.07,0.07,1425,835,0.4008,-0.0238,0.00773,-0.065,0.0101
2026-08-24 14:11:54,703.16,2026-08-24,690.0,0.07,0.08,0.07,5603,1115,0.3857,-0.0279,0.00919,-0.075,0.0116
2026-08-24 14:11:54,703.16,2026-08-24,691.0,0.04,0.05,0.08,1056,468,0.3324,-0.0203,0.00815,-0.045,0.0089
2026-08-24 14:11:54,703.16,2026-08-24,692.0,0.05,0.1,0.09,2785,486,0.336,-0.0315,0.01166,-0.075,0.0128
2026-08-24 14:11:54,703.16,2026-08-24,693.0,0.07,0.08,0.07,2227,555,0.3108,-0.0338,0.01334,-0.075,0.0136
2026-08-24 14:11:54,703.16,2026-08-24,694.0,0.13,0.14,0.13,5149,2610,0.3201,-0.0548,0.01914,-0.135,0.0201
2026-08-24 14:11:54,703.16,2026-08-24,695.0,0.16,0.17,0.16,7812,999,0.3055,-0.0677,0.02367,-0.165,0.0237
2026-08-24 14:11:54,703.16,2026-08-24,696.0,0.17,0.22,0.2,6179,642,0.2876,-0.082,0.02912,-0.195,0.0274
2026-08-24 14:11:54,703.16,2026-08-24,697.0,0.26,0.27,0.26,8219,758,0.279,-0.1086,0.0369,-0.265,0.0337
2026-08-24 14:11:54,703.16,2026-08-24,698.0,0.35,0.36,0.31,7967,556,0.2693,-0.142,0.04612,-0.355,0.0407
2026-08-24 14:11:54,703.16,2026-08-24,699.0,0.46,0.47,0.43,14491,438,0.2573,-0.1828,0.0569,-0.465,0.0479
2026-08-24 14:11:54,703.16,2026-08-24,700.0,0.62,0.63,0.58,39087,3691,0.2475,-0.237,0.06893,-0.625,0.0559
2026-08-24 14:11:54,703.16,2026-08-24,701.0,0.8,0.86,0.8,21088,767,0.2364,-0.3035,0.08168,-0.83,0.0632
2026-08-24 14:11:54,703.16,2026-08-24,702.0,1.15,1.16,1.15,45862,612,0.2331,-0.3881,0.09083,-1.155,0.0693
2026-08-24 14:11:54,703.16,2026-08-24,703.0,1.5,1.52,1.5,45480,508,0.2218,-0.4805,0.09929,-1.51,0.0721
2026-08-24 14:11:54,703.16,2026-08-24,704.0,1.99,2.02,2.05,46202,715,0.2165,-0.5813,0.09971,-1.17,0.0707
2026-08-24 14:11:54,703.16,2026-08-24,705.0,2.65,2.68,2.65,60101,3566,0.2208,-0.6739,0.0902,-0.83,0.0652
2026-08-24 14:11:54,703.16,2026-08-24,706.0,3.3,3.43,3.31,39284,543,0.2174,-0.7615,0.07874,-0.53,0.0561
2026-08-24 14:11:54,703.16,2026-08-24,707.0,4.019,4.3,4.12,30098,728,0.2163,-0.8338,0.06372,-0.3245,0.0451
2026-08-24 14:11:54,703.16,2026-08-24,708.0,5.05,5.1,5.05,11002,981,0.2306,-0.8743,0.04953,-0.24,0.0374
2026-08-24 14:11:54,703.16,2026-08-24,709.0,5.7,6.2,5.67,8485,547,0.2221,-0.9248,0.0353,-0.115,0.0257
2026-08-24 14:11:54,703.16,2026-08-24,710.0,6.62,7.03,6.62,14350,1760,0.1617,-0.9897,0.00934,0.01,0.0049
2026-08-24 14:11:54,703.16,2026-08-24,711.0,7.22,7.96,7.38,1423,1691,,,,,
2026-08-24 14:11:54,703.16,2026-08-24,712.0,8.55,8.93,8.32,1810,1281,,,,,
2026-08-24 14:11:54,703.16,2026-08-24,713.0,9.34,10.08,9.34,1526,792,,,,,
2026-08-24 14:11:54,703.16,2026-08-24,714.0,10.13,11.17,10.26,408,971,,,,,
2026-08-24 14:11:54,703.16,2026-08-24,715.0,11.52,11.95,11.5,289,1994,,,,,
2026-08-24 14:11:54,703.16,2026-08-24,716.0,12.38,12.87,12.7,264,1999,,,,,
2026-08-24 14:11:54,703.16,2026-08-24,717.0,13.14,14.26,13.58,55,1410,,,,,
2026-08-24 14:11:54,703.16,2026-08-24,718.0,14.52,14.85,15,122,1084,,,,,
2026-08-24 14:12:55,702.97,2026-08-24,688.0,0.06,0.07,0.06,792,648,0.4208,-0.0228,0.00712,-0.065,0.0098
2026-08-24 14:12:55,702.97,2026-08-24,689.0,0.02,0.07,0.06,1432,835,0.3749,-0.0182,0.00661,-0.045,0.0081
2026-08-24 14:12:55,702.97,2026-08-24,690.0,0.07,0.08,0.04,5616,1115,0.3815,-0.0282,0.00939,-0.075,0.0117
2026-08-24 14:12:55,702.97,2026-08-24,691.0,0.04,0.09,0.05,1088,468,0.3482,-0.027,0.00991,-0.065,0.0113
2026-08-24 14:12:55,702.97,2026-08-24,692.0,0.05,0.06,0.09,3096,486,0.3148,-0.0255,0.01044,-0.055,0.0107
2026-08-24 14:12:55,702.97,2026-08-24,693.0,0.11,0.12,0.08,2259,555,0.332,-0.0463,0.01617,-0.115,0.0175
2026-08-24 14:12:55,702.97,2026-08-24,694.0,0.09,0.14,0.13,5400,2610,0.3049,-0.0498,0.01868,-0.115,0.0186
2026-08-24 14:12:55,702.97,2026-08-24,695.0,0.12,0.17,0.16,7840,999,0.2917,-0.0632,0.02353,-0.145,0.0224
2026-08-24 14:12:55,702.97,2026-08-24,696.0,0.17,0.22,0.2,6211,642,0.2821,-0.0835,0.03012,-0.195,0.0277
2026-08-24 14:12:55,702.97,2026-08-24,697.0,0.23,0.28,0.27,8755,758,0.2702,-0.1082,0.03808,-0.255,0.0336
2026-08-24 14:12:55,702.97,2026-08-24,698.0,0.31,0.36,0.35,8556,556,0.258,-0.1405,0.04789,-0.335,0.0403
2026-08-24 14:12:55,702.97,2026-08-24,699.0,0.47,0.48,0.47,14997,438,0.2523,-0.1891,0.05937,-0.475,0.0489
2026-08-24 14:12:55,702.97,2026-08-24,700.0,0.64,0.66,0.6,40390,3691,0.244,-0.2473,0.07169,-0.65,0.0571
2026-08-24 14:12:55,702.97,2026-08-24,701.0,0.84,0.85,0.84,21374,767,0.2297,-0.3145,0.08556,-0.845,0.0641
2026-08-24 14:12:55,702.97,2026-08-24,702.0,1.15,1.2,1.15,46759,612,0.2252,-0.4027,0.09512,-1.175,0.0699
2026-08-24 14:12:55,702.97,2026-08-24,703.0,1.55,1.56,1.55,47229,508,0.2151,-0.4999,0.10268,-1.525,0.0721
2026-08-24 14:12:55,702.97,2026-08-24,704.0,2.15,2.17,2.15,47644,715,0.2225,-0.598,0.09624,-1.13,0.0699
2026-08-24 14:12:55,702.97,2026-08-24,705.0,2.68,2.78,2.68,60882,3566,0.2103,-0.7004,0.09145,-0.7,0.0628
2026-08-24 14:12:55,702.97,2026-08-24,706.0,3.42,3.48,3.42,39373,543,0.2055,-0.79,0.07763,-0.42,0.0521
2026-08-24 14:12:55,702.97,2026-08-24,707.0,4.26,4.33,4.29,30259,728,0.2099,-0.8536,0.06051,-0.265,0.0414
2026-08-24 14:12:55,702.97,2026-08-24,708.0,5.16,5.34,5.16,11037,981,0.232,-0.8827,0.04699,-0.22,0.0356
2026-08-24 14:12:55,702.97,2026-08-24,709.0,5.99,6.16,5.93,8507,547,0.1952,-0.955,0.0269,-0.045,0.0171
2026-08-24 14:12:55,702.97,2026-08-24,710.0,6.84,7.03,6.93,14352,1760,,,,,
2026-08-24 14:12:55,702.97,2026-08-24,711.0,7.55,8.01,7.5,1429,1691,,,,,
2026-08-24 14:12:55,702.97,2026-08-24,712.0,8.82,9.28,8.7,1834,1281,0.2498,-0.9762,0.01243,-0.02,0.0101
2026-08-24 14:12:55,702.97,2026-08-24,713.0,9.58,10.21,9.46,1528,792,,,,,
2026-08-24 14:12:55,702.97,2026-08-24,714.0,10.47,10.99,10.47,418,971,,,,,
2026-08-24 14:12:55,702.97,2026-08-24,715.0,11.29,12.28,11.63,301,1994,,,,,
2026-08-24 14:12:55,702.97,2026-08-24,716.0,12.43,13.06,12.7,264,1999,,,,,
2026-08-24 14:12:55,702.97,2026-08-24,717.0,13.49,14.09,13.47,56,1410,,,,,
2026-08-24 14:13:56,703.19,2026-08-24,689.0,0.06,0.07,0.06,1440,835,0.4025,-0.0238,0.00771,-0.065,0.0101
2026-08-24 14:13:56,703.19,2026-08-24,690.0,0.07,0.08,0.07,5617,1115,0.3874,-0.0279,0.00916,-0.075,0.0116
2026-08-24 14:13:56,703.19,2026-08-24,691.0,0.08,0.09,0.05,1088,468,0.3705,-0.0324,0.01084,-0.085,0.0131
2026-08-24 14:13:56,703.19,2026-08-24,692.0,0.09,0.1,0.06,3103,486,0.3522,-0.0373,0.01281,-0.095,0.0147
2026-08-24 14:13:56,703.19,2026-08-24,693.0,0.06,0.07,0.08,2297,555,0.3046,-0.0304,0.01251,-0.065,0.0124
2026-08-24 14:13:56,703.19,2026-08-24,694.0,0.08,0.13,0.11,5407,2610,0.3057,-0.046,0.0175,-0.105,0.0174
2026-08-24 14:13:56,703.19,2026-08-24,695.0,0.11,0.12,0.12,8301,999,0.2839,-0.0531,0.02111,-0.115,0.0195
2026-08-24 14:13:56,703.19,2026-08-24,696.0,0.18,0.19,0.14,6256,642,0.2854,-0.0792,0.02864,-0.185,0.0266
2026-08-24 14:13:56,703.19,2026-08-24,697.0,0.24,0.25,0.23,8811,758,0.2746,-0.1034,0.0363,-0.245,0.0325
2026-08-24 14:13:56,703.19,2026-08-24,698.0,0.27,0.28,0.3,8633,556,0.2503,-0.1228,0.04502,-0.275,0.0367
2026-08-24 14:13:56,703.19,2026-08-24,699.0,0.38,0.39,0.36,15512,438,0.2418,-0.1658,0.05707,-0.385,0.0449
2026-08-24 14:13:56,703.19,2026-08-24,700.0,0.57,0.58,0.57,41115,3691,0.2402,-0.2281,0.06972,-0.575,0.0545
2026-08-24 14:13:56,703.19,2026-08-24,701.0,0.78,0.79,0.78,21922,767,0.2312,-0.2968,0.08296,-0.785,0.0624
2026-08-24 14:13:56,703.19,2026-08-24,702.0,1.03,1.09,1.03,48180,612,0.2214,-0.3798,0.0953,-1.06,0.0687
2026-08-24 14:13:56,703.19,2026-08-24,703.0,1.46,1.48,1.46,48508,508,0.2185,-0.4777,0.10102,-1.47,0.0719
2026-08-24 14:13:56,703.19,2026-08-24,704.0,1.96,2,1.96,49549,715,0.2156,-0.5793,0.1005,-1.17,0.0706
2026-08-24 14:13:56,703.19,2026-08-24,705.0,2.59,2.62,2.59,62713,3566,0.2148,-0.6767,0.09266,-0.795,0.0648
2026-08-24 14:13:56,703.19,2026-08-24,706.0,3.32,3.33,3.18,39641,543,0.2143,-0.7634,0.07977,-0.515,0.0557
2026-08-24 14:13:56,703.19,2026-08-24,707.0,3.93,4.19,3.87,30465,728,0.1987,-0.8535,0.06401,-0.25,0.0414
2026-08-24 14:13:56,703.19,2026-08-24,708.0,4.87,5.06,4.87,11116,981,0.2058,-0.9002,0.04719,-0.155,0.0316
2026-08-24 14:13:56,703.19,2026-08-24,709.0,5.55,6.33,5.94,8510,547,0.2277,-0.9193,0.03641,-0.13,0.027
2026-08-24 14:13:56,703.19,2026-08-24,710.0,6.53,6.95,6.71,14362,1760,,,,,
2026-08-24 14:13:56,703.19,2026-08-24,711.0,7.47,7.98,7.76,1430,1691,,,,,
2026-08-24 14:13:56,703.19,2026-08-24,712.0,8.47,8.8,8.44,1838,1281,,,,,
2026-08-24 14:13:56,703.19,2026-08-24,713.0,9.47,10.03,9.91,1529,792,,,,,
2026-08-24 14:13:56,703.19,2026-08-24,714.0,10.66,11.14,10.36,421,971,0.3456,-0.9566,0.01476,-0.09,0.0166
2026-08-24 14:13:56,703.19,2026-08-24,715.0,11.53,11.85,11.71,304,1994,,,,,
2026-08-24 14:13:56,703.19,2026-08-24,716.0,12.43,13.02,12.7,264,1999,,,,,
2026-08-24 14:13:56,703.19,2026-08-24,717.0,13.54,14,13.47,56,1410,,,,,
2026-08-24 14:13:56,703.19,2026-08-24,718.0,14.7,14.98,15,122,1084,0.392,-0.9805,0.0067,-0.03,0.0086
2026-08-24 14:14:56,703.79,2026-08-24,689.0,0.06,0.07,0.06,1450,835,0.4172,-0.023,0.00725,-0.065,0.0098
2026-08-24 14:14:56,703.79,2026-08-24,690.0,0.02,0.03,0.06,5625,1115,0.342,-0.0117,0.00496,-0.025,0.0055
2026-08-24 14:14:56,703.79,2026-08-24,691.0,0.07,0.08,0.05,1097,468,0.3777,-0.0285,0.00958,-0.075,0.0118
2026-08-24 14:14:56,703.79,2026-08-24,692.0,0.08,0.09,0.05,3150,486,0.3606,-0.0332,0.01137,-0.085,0.0133
2026-08-24 14:14:56,703.79,2026-08-24,693.0,0.09,0.1,0.08,2313,555,0.342,-0.0383,0.01349,-0.095,0.015
2026-08-24 14:14:56,703.79,2026-08-24,694.0,0.11,0.12,0.08,5617,2610,0.3277,-0.0469,0.01658,-0.115,0.0177
2026-08-24 14:14:56,703.79,2026-08-24,695.0,0.09,0.1,0.1,8326,999,0.2893,-0.0443,0.01794,-0.095,0.0169
2026-08-24 14:14:56,703.79,2026-08-24,696.0,0.16,0.17,0.13,6415,642,0.2956,-0.0698,0.02514,-0.165,0.0242
2026-08-24 14:14:56,703.79,2026-08-24,697.0,0.15,0.16,0.17,8877,758,0.2621,-0.0733,0.02945,-0.155,0.0251
2026-08-24 14:14:56,703.79,2026-08-24,698.0,0.21,0.26,0.26,8662,556,0.2588,-0.105,0.03897,-0.235,0.0328
2026-08-24 14:14:56,703.79,2026-08-24,699.0,0.3,0.35,0.33,16002,438,0.2496,-0.1411,0.04971,-0.325,0.0403
2026-08-24 14:14:56,703.79,2026-08-24,700.0,0.42,0.47,0.47,41834,3691,0.2395,-0.1874,0.0623,-0.445,0.0485
2026-08-24 14:14:56,703.79,2026-08-24,701.0,0.59,0.64,0.6,22641,767,0.2304,-0.248,0.07618,-0.615,0.0571
2026-08-24 14:14:56,703.79,2026-08-24,702.0,0.86,0.88,0.86,49023,612,0.225,-0.3265,0.08889,-0.87,0.065
2026-08-24 14:14:56,703.79,2026-08-24,703.0,1.15,1.17,1.15,49851,508,0.2129,-0.4154,0.10155,-1.16,0.0703
2026-08-24 14:14:56,703.79,2026-08-24,704.0,1.62,1.64,1.62,50498,715,0.2131,-0.5186,0.10372,-1.42,0.0719
2026-08-24 14:14:56,703.79,2026-08-24,705.0,2.18,2.21,2.18,63287,3566,0.212,-0.6211,0.09949,-0.985,0.0686
2026-08-24 14:14:56,703.79,2026-08-24,706.0,2.77,2.86,2.76,39862,543,0.2036,-0.7234,0.09113,-0.605,0.0603
2026-08-24 14:14:56,703.79,2026-08-24,707.0,3.53,3.63,3.53,30730,728,0.2031,-0.8069,0.07484,-0.37,0.0494
2026-08-24 14:14:56,703.79,2026-08-24,708.0,4.42,4.47,4.6,11141,981,0.209,-0.8656,0.05743,-0.235,0.039
2026-08-24 14:14:56,703.79,2026-08-24,709.0,5.33,5.92,5.28,8683,547,0.2874,-0.8399,0.04697,-0.415,0.0439
2026-08-24 14:14:56,703.79,2026-08-24,710.0,6.15,6.46,6.28,14370,1760,0.2253,-0.935,0.03121,-0.095,0.0229
2026-08-24 14:14:56,703.79,2026-08-24,711.0,7.31,7.41,7.19,1481,1691,0.2765,-0.9238,0.02873,-0.15,0.0258
2026-08-24 14:14:56,703.79,2026-08-24,712.0,8.33,8.51,8.67,1839,1281,0.3282,-0.9149,0.02631,-0.21,0.0281
2026-08-24 14:14:56,703.79,2026-08-24,713.0,9.22,9.77,9.5,1530,792,0.384,-0.9055,0.02431,-0.285,0.0304
2026-08-24 14:14:56,703.79,2026-08-24,714.0,10.29,11.07,10.21,433,971,0.4714,-0.8818,0.02328,-0.47,0.0357
2026-08-24 14:14:56,703.79,2026-08-24,715.0,11.06,11.33,11.71,304,1994,0.2319,-0.996,0.00284,0.015,0.0021
2026-08-24 14:14:56,703.79,2026-08-24,716.0,11.97,13.08,12.7,264,1999,0.4845,-0.9158,0.01769,-0.315,0.0279
2026-08-24 14:14:56,703.79,2026-08-24,717.0,13.11,13.84,13.47,56,1410,0.4945,-0.9277,0.01543,-0.265,0.0248
2026-08-24 14:14:56,703.79,2026-08-24,718.0,13.96,14.53,15,122,1084,0.3843,-0.9784,0.00745,-0.035,0.0093
2026-08-24 14:15:57,703.73,2026-08-24,689.0,0.02,0.07,0.06,1450,835,0.3937,-0.0175,0.0061,-0.045,0.0078
2026-08-24 14:15:57,703.73,2026-08-24,690.0,0.02,0.07,0.06,5694,1115,0.3706,-0.0185,0.00679,-0.045,0.0082
2026-08-24 14:15:57,703.73,2026-08-24,691.0,0.03,0.08,0.07,1141,468,0.3582,-0.0228,0.00838,-0.055,0.0097
2026-08-24 14:15:57,703.73,2026-08-24,692.0,0.04,0.09,0.05,3155,486,0.3435,-0.0274,0.0102,-0.065,0.0114
2026-08-24 14:15:57,703.73,2026-08-24,693.0,0.09,0.1,0.07,2314,555,0.3409,-0.0384,0.01359,-0.095,0.015
2026-08-24 14:15:57,703.73,2026-08-24,694.0,0.11,0.12,0.11,6220,2610,0.3266,-0.0471,0.01672,-0.115,0.0177
2026-08-24 14:15:57,703.73,2026-08-24,695.0,0.09,0.14,0.1,8791,999,0.2994,-0.0508,0.01937,-0.115,0.0188
2026-08-24 14:15:57,703.73,2026-08-24,696.0,0.12,0.13,0.13,6477,642,0.2766,-0.0584,0.02342,-0.125,0.021
2026-08-24 14:15:57,703.73,2026-08-24,697.0,0.16,0.21,0.2,9007,758,0.2721,-0.0826,0.03108,-0.185,0.0274
2026-08-24 14:15:57,703.73,2026-08-24,698.0,0.27,0.28,0.27,8770,556,0.269,-0.1159,0.04031,-0.275,0.0351
2026-08-24 14:15:57,703.73,2026-08-24,699.0,0.32,0.37,0.36,16240,438,0.2527,-0.1467,0.05049,-0.345,0.0414
2026-08-24 14:15:57,703.73,2026-08-24,700.0,0.44,0.49,0.49,42906,3691,0.2416,-0.1929,0.06296,-0.465,0.0493
2026-08-24 14:15:57,703.73,2026-08-24,701.0,0.65,0.66,0.66,25356,767,0.235,-0.2565,0.07612,-0.655,0.058
2026-08-24 14:15:57,703.73,2026-08-24,702.0,0.88,0.93,0.9,50001,612,0.2276,-0.3335,0.08873,-0.905,0.0655
2026-08-24 14:15:57,703.73,2026-08-24,703.0,1.21,1.23,1.21,51218,508,0.2182,-0.4232,0.09966,-1.22,0.0705
2026-08-24 14:15:57,703.73,2026-08-24,704.0,1.67,1.7,1.67,52250,715,0.2167,-0.5245,0.10206,-1.415,0.0717
2026-08-24 14:15:57,703.73,2026-08-24,705.0,2.16,2.19,2.16,65006,3566,0.2039,-0.6322,0.10265,-0.905,0.0678
2026-08-24 14:15:57,703.73,2026-08-24,706.0,2.91,2.93,2.88,40008,543,0.2141,-0.719,0.08746,-0.65,0.0607
2026-08-24 14:15:57,703.73,2026-08-24,707.0,3.72,3.77,3.75,30825,728,0.2264,-0.786,0.07149,-0.475,0.0525
2026-08-24 14:15:57,703.73,2026-08-24,708.0,4.5,4.66,4.55,11197,981,0.2297,-0.8465,0.05724,-0.31,0.0426
2026-08-24 14:15:57,703.73,2026-08-24,709.0,5.23,5.8,5.37,8728,547,0.2476,-0.8791,0.04513,-0.245,0.0362
2026-08-24 14:15:57,703.73,2026-08-24,710.0,6.37,6.6,6.37,14397,1760,0.271,-0.8983,0.03641,-0.215,0.032
2026-08-24 14:15:57,703.73,2026-08-24,711.0,7.21,7.56,7.02,1488,1691,0.2642,-0.9348,0.0267,-0.115,0.0229
2026-08-24 14:15:57,703.73,2026-08-24,712.0,8.06,8.59,8.09,1855,1281,0.2595,-0.9601,0.0184,-0.055,0.0155
2026-08-24 14:15:57,703.73,2026-08-24,713.0,9.03,9.56,9.51,1535,792,0.2609,-0.9746,0.01261,-0.025,0.0107
2026-08-24 14:15:57,703.73,2026-08-24,714.0,10.03,10.81,10.23,434,971,0.3634,-0.9395,0.01832,-0.15,0.0216
2026-08-24 14:15:57,703.73,2026-08-24,715.0,11.29,11.73,10.92,307,1994,0.4297,-0.9247,0.01836,-0.24,0.0256
2026-08-24 14:15:57,703.73,2026-08-24,716.0,12.01,12.6,12.24,265,1999,0.3404,-0.976,0.00922,-0.035,0.0102
2026-08-24 14:15:57,703.73,2026-08-24,717.0,12.94,14.02,13.47,56,1410,0.4735,-0.9375,0.01444,-0.21,0.0222
2026-08-24 14:15:57,703.73,2026-08-24,718.0,13.9,14.52,14.03,128,1084,,,,,
2026-08-24 14:17:00,703.75,2026-08-24,689.0,0.05,0.06,0.06,1477,835,0.4068,-0.0204,0.00672,-0.055,0.0088
2026-08-24 14:17:00,703.75,2026-08-24,690.0,0.06,0.07,0.06,5712,1115,0.3933,-0.0243,0.00808,-0.065,0.0103
2026-08-24 14:17:00,703.75,2026-08-24,691.0,0.07,0.08,0.07,1178,468,0.3779,-0.0286,0.00963,-0.075,0.0118
2026-08-24 14:17:00,703.75,2026-08-24,692.0,0.08,0.09,0.08,3247,486,0.3607,-0.0333,0.01143,-0.085,0.0133
2026-08-24 14:17:00,703.75,2026-08-24,693.0,0.05,0.1,0.09,2433,555,0.3277,-0.0324,0.01232,-0.075,0.013
2026-08-24 14:17:00,703.75,2026-08-24,694.0,0.1,0.11,0.1,6884,2610,0.3218,-0.0442,0.01613,-0.105,0.0168
2026-08-24 14:17:00,703.75,2026-08-24,695.0,0.12,0.13,0.09,9869,999,0.3056,-0.0537,0.01986,-0.125,0.0196
2026-08-24 14:17:00,703.75,2026-08-24,696.0,0.15,0.16,0.12,6701,642,0.2911,-0.0672,0.02487,-0.155,0.0234
2026-08-24 14:17:00,703.75,2026-08-24,697.0,0.16,0.17,0.2,9830,758,0.2656,-0.0766,0.03014,-0.165,0.0259
2026-08-24 14:17:00,703.75,2026-08-24,698.0,0.26,0.27,0.23,9864,556,0.2672,-0.1132,0.03997,-0.265,0.0345
2026-08-24 14:17:00,703.75,2026-08-24,699.0,0.31,0.36,0.35,16994,438,0.2514,-0.1441,0.05022,-0.335,0.0408
2026-08-24 14:17:00,703.75,2026-08-24,700.0,0.48,0.49,0.48,44809,3691,0.2468,-0.1963,0.06238,-0.485,0.0498
2026-08-24 14:17:00,703.75,2026-08-24,701.0,0.66,0.67,0.66,28759,767,0.238,-0.2573,0.0754,-0.665,0.058
2026-08-24 14:17:00,703.75,2026-08-24,702.0,0.91,0.93,0.91,52004,612,0.2313,-0.3339,0.08751,-0.92,0.0654
2026-08-24 14:17:00,703.75,2026-08-24,703.0,1.27,1.28,1.2,54155,508,0.2275,-0.4242,0.09576,-1.275,0.0704
2026-08-24 14:17:00,703.75,2026-08-24,704.0,1.7,1.71,1.7,56740,715,0.2213,-0.5219,0.10014,-1.455,0.0716
2026-08-24 14:17:00,703.75,2026-08-24,705.0,2.22,2.29,2.17,67200,3566,0.2178,-0.6221,0.09707,-1.005,0.0683
2026-08-24 14:17:00,703.75,2026-08-24,706.0,2.86,2.97,2.91,40338,543,0.216,-0.7159,0.0873,-0.665,0.0609
2026-08-24 14:17:00,703.75,2026-08-24,707.0,3.65,3.74,3.58,31037,728,0.2201,-0.7915,0.07252,-0.445,0.0516
2026-08-24 14:17:00,703.75,2026-08-24,708.0,4.36,4.51,4.48,11296,981,0.1975,-0.882,0.05566,-0.185,0.0355
2026-08-24 14:17:00,703.75,2026-08-24,709.0,5.33,5.61,5.31,8791,547,0.2402,-0.8856,0.04477,-0.22,0.0348
2026-08-24 14:17:00,703.75,2026-08-24,710.0,6.18,6.43,6.1,14478,1760,0.2075,-0.9516,0.02695,-0.055,0.0181
2026-08-24 14:17:00,703.75,2026-08-24,711.0,7.02,7.39,6.93,1498,1691,,,,,
2026-08-24 14:17:00,703.75,2026-08-24,712.0,7.75,8.55,7.76,1865,1281,,,,,
2026-08-24 14:17:00,703.75,2026-08-24,713.0,8.88,9.43,8.86,1542,792,,,,,
2026-08-24 14:17:00,703.75,2026-08-24,714.0,9.8,10.5,10.23,437,971,,,,,
2026-08-24 14:17:00,703.75,2026-08-24,715.0,10.81,11.25,10.76,343,1994,,,,,
2026-08-24 14:17:00,703.75,2026-08-24,716.0,12.04,12.58,12.05,266,1999,0.3622,-0.9684,0.01092,-0.06,0.0128
2026-08-24 14:17:00,703.75,2026-08-24,717.0,12.66,13.61,13.47,57,1410,,,,,
2026-08-24 14:17:00,703.75,2026-08-24,718.0,13.74,14.49,14.03,128,1084,,,,,
2026-08-24 14:18:01,703.44,2026-08-24,689.0,0.05,0.06,0.05,1479,835,0.4002,-0.0207,0.00694,-0.055,0.0089
2026-08-24 14:18:01,703.44,2026-08-24,690.0,0.06,0.07,0.07,5762,1115,0.3866,-0.0248,0.00836,-0.065,0.0104
2026-08-24 14:18:01,703.44,2026-08-24,691.0,0.03,0.04,0.06,1183,468,0.3292,-0.0165,0.00695,-0.035,0.0074
2026-08-24 14:18:01,703.44,2026-08-24,692.0,0.04,0.05,0.05,3316,486,0.3181,-0.0213,0.00893,-0.045,0.0091
2026-08-24 14:18:01,703.44,2026-08-24,693.0,0.09,0.1,0.09,2441,555,0.3345,-0.0392,0.01413,-0.095,0.0152
2026-08-24 14:18:01,703.44,2026-08-24,694.0,0.07,0.08,0.08,7034,2610,0.2949,-0.0356,0.01482,-0.075,0.0141
2026-08-24 14:18:01,703.44,2026-08-24,695.0,0.13,0.14,0.14,10037,999,0.3024,-0.0579,0.02136,-0.135,0.0208
2026-08-24 14:18:01,703.44,2026-08-24,696.0,0.17,0.18,0.18,6819,642,0.2907,-0.0747,0.02706,-0.175,0.0253
2026-08-24 14:18:01,703.44,2026-08-24,697.0,0.18,0.23,0.23,9975,758,0.2711,-0.0905,0.03353,-0.205,0.0293
2026-08-24 14:18:01,703.44,2026-08-24,698.0,0.25,0.3,0.3,11589,556,0.2602,-0.1195,0.04273,-0.275,0.0358
2026-08-24 14:18:01,703.44,2026-08-24,699.0,0.4,0.41,0.41,17642,438,0.2569,-0.1651,0.05387,-0.405,0.0446
2026-08-24 14:18:01,703.44,2026-08-24,700.0,0.54,0.55,0.55,46778,3691,0.2464,-0.2155,0.06617,-0.545,0.0525
2026-08-24 14:18:01,703.44,2026-08-24,701.0,0.74,0.75,0.75,30797,767,0.2378,-0.2808,0.07901,-0.745,0.0605
2026-08-24 14:18:01,703.44,2026-08-24,702.0,1.02,1.03,1.03,53867,612,0.2312,-0.3612,0.09029,-1.025,0.0672
2026-08-24 14:18:01,703.44,2026-08-24,703.0,1.4,1.41,1.41,56819,508,0.227,-0.4539,0.09729,-1.405,0.0711
2026-08-24 14:18:01,703.44,2026-08-24,704.0,1.89,1.9,1.9,59475,715,0.2249,-0.5521,0.09802,-1.335,0.071
2026-08-24 14:18:01,703.44,2026-08-24,705.0,2.4,2.48,2.48,68317,3566,0.2162,-0.6531,0.09515,-0.88,0.0662
2026-08-24 14:18:01,703.44,2026-08-24,706.0,3.14,3.18,3.18,40660,543,0.2196,-0.7392,0.08247,-0.6,0.0583
2026-08-24 14:18:01,703.44,2026-08-24,707.0,3.88,4.01,4.01,31150,728,0.2207,-0.813,0.06786,-0.385,0.0482
2026-08-24 14:18:01,703.44,2026-08-24,708.0,4.69,4.8,4.91,11330,981,0.208,-0.8868,0.05141,-0.185,0.0344
2026-08-24 14:18:01,703.44,2026-08-24,709.0,5.35,5.78,5.69,8794,547,0.1551,-0.9762,0.02015,-0.005,0.0101
2026-08-24 14:18:01,703.44,2026-08-24,710.0,6.47,6.72,6.67,14590,1760,0.2036,-0.9624,0.02243,-0.035,0.0147
2026-08-24 14:18:01,703.44,2026-08-24,711.0,7.59,7.8,7.68,1513,1691,0.2819,-0.9305,0.02641,-0.135,0.024
2026-08-24 14:18:01,703.44,2026-08-24,712.0,8.17,8.81,8.56,1868,1281,,,,,
2026-08-24 14:18:01,703.44,2026-08-24,713.0,9.07,9.84,9.53,1552,792,,,,,
2026-08-24 14:18:01,703.44,2026-08-24,714.0,9.93,10.6,10.54,439,971,,,,,
2026-08-24 14:18:01,703.44,2026-08-24,715.0,10.99,11.83,11.5,346,1994,,,,,
2026-08-24 14:18:01,703.44,2026-08-24,716.0,12.18,12.44,12.05,266,1999,,,,,
2026-08-24 14:18:01,703.44,2026-08-24,717.0,13.05,13.58,13.25,57,1410,,,,,
2026-08-24 14:18:01,703.44,2026-08-24,718.0,14.54,14.88,14.03,128,1084,0.4796,-0.9522,0.01157,-0.15,0.0179
2026-08-24 14:19:02,703.46,2026-08-24,689.0,0.05,0.06,0.02,1480,835,0.4013,-0.0207,0.00693,-0.055,0.0089
2026-08-24 14:19:02,703.46,2026-08-24,690.0,0.02,0.07,0.06,5784,1115,0.3661,-0.0188,0.007,-0.045,0.0082
2026-08-24 14:19:02,703.46,2026-08-24,691.0,0.07,0.08,0.07,1185,468,0.3719,-0.0291,0.00995,-0.075,0.0119
2026-08-24 14:19:02,703.46,2026-08-24,692.0,0.08,0.09,0.08,3327,486,0.3545,-0.0339,0.01184,-0.085,0.0135
2026-08-24 14:19:02,703.46,2026-08-24,693.0,0.09,0.1,0.1,2476,555,0.3355,-0.0392,0.01409,-0.095,0.0152
2026-08-24 14:19:02,703.46,2026-08-24,694.0,0.07,0.12,0.12,7391,2610,0.3091,-0.0421,0.01621,-0.095,0.0161
2026-08-24 14:19:02,703.46,2026-08-24,695.0,0.1,0.11,0.15,10096,999,0.288,-0.0488,0.01959,-0.105,0.0181
2026-08-24 14:19:02,703.46,2026-08-24,696.0,0.12,0.17,0.18,6962,642,0.2793,-0.066,0.02564,-0.145,0.023
2026-08-24 14:19:02,703.46,2026-08-24,697.0,0.17,0.18,0.22,10563,758,0.2615,-0.0818,0.03228,-0.175,0.0271
2026-08-24 14:19:02,703.46,2026-08-24,698.0,0.28,0.29,0.29,12909,556,0.264,-0.1217,0.04272,-0.285,0.0362
2026-08-24 14:19:02,703.46,2026-08-24,699.0,0.37,0.38,0.38,18272,438,0.2512,-0.1583,0.05367,-0.375,0.0433
2026-08-24 14:19:02,703.46,2026-08-24,700.0,0.47,0.48,0.48,48181,3691,0.234,-0.2019,0.06715,-0.475,0.0504
2026-08-24 14:19:02,703.46,2026-08-24,701.0,0.69,0.71,0.71,32066,767,0.2316,-0.2737,0.08024,-0.7,0.0596
2026-08-24 14:19:02,703.46,2026-08-24,702.0,0.96,0.98,0.98,55674,612,0.2244,-0.3552,0.09262,-0.97,0.0667
2026-08-24 14:19:02,703.46,2026-08-24,703.0,1.27,1.34,1.34,59144,508,0.2145,-0.4493,0.10295,-1.305,0.0709
2026-08-24 14:19:02,703.46,2026-08-24,704.0,1.74,1.8,1.8,60970,715,0.2091,-0.5542,0.10548,-1.23,0.0708
2026-08-24 14:19:02,703.46,2026-08-24,705.0,2.3,2.33,2.33,69202,3566,0.1996,-0.6636,0.10206,-0.775,0.0654
2026-08-24 14:19:02,703.46,2026-08-24,706.0,2.97,3.08,3.08,40738,543,0.1989,-0.7592,0.08742,-0.485,0.0558
2026-08-24 14:19:02,703.46,2026-08-24,707.0,3.82,3.95,3.95,31205,728,0.2118,-0.8219,0.06869,-0.345,0.0467
2026-08-24 14:19:02,703.46,2026-08-24,708.0,4.69,4.85,4.77,11348,981,0.2202,-0.8727,0.05284,-0.23,0.0374
2026-08-24 14:19:02,703.46,2026-08-24,709.0,5.61,5.76,5.7,8990,547,0.2265,-0.9118,0.03941,-0.145,0.0286
2026-08-24 14:19:02,703.46,2026-08-24,710.0,6.57,6.63,6.62,14603,1760,0.2186,-0.951,0.02592,-0.06,0.0182
2026-08-24 14:19:02,703.46,2026-08-24,711.0,7.58,7.62,7.6,1524,1691,0.245,-0.9556,0.02138,-0.06,0.0168
2026-08-24 14:19:02,703.46,2026-08-24,712.0,8.28,8.66,8.58,1872,1281,,,,,
2026-08-24 14:19:02,703.46,2026-08-24,713.0,9.26,10.03,9.55,1555,792,0.323,-0.9484,0.01826,-0.105,0.0189
2026-08-24 14:19:02,703.46,2026-08-24,714.0,10.24,10.86,10.6,439,971,0.2743,-0.983,0.00856,-0.01,0.0075
2026-08-24 14:19:02,703.46,2026-08-24,715.0,11.39,11.69,11.59,350,1994,0.2803,-0.9884,0.00602,0.0,0.0054
2026-08-24 14:19:02,703.46,2026-08-24,716.0,12.44,13.24,12.05,266,1999,0.4918,-0.9196,0.01694,-0.3,0.0267
2026-08-24 14:19:02,703.46,2026-08-24,717.0,12.99,14.18,13.25,57,1410,0.3812,-0.9748,0.00863,-0.045,0.0106
2026-08-24 14:19:02,703.46,2026-08-24,718.0,14.11,14.58,14.03,128,1084,,,,,
2026-08-24 14:20:04,703.38,2026-08-24,689.0,0.01,0.06,0.02,1650,835,0.3744,-0.0147,0.00557,-0.035,0.0067
2026-08-24 14:20:04,703.38,2026-08-24,690.0,0.06,0.07,0.06,5869,1115,0.3863,-0.0248,0.00841,-0.065,0.0104
2026-08-24 14:20:04,703.38,2026-08-24,691.0,0.07,0.08,0.07,1306,468,0.3705,-0.0292,0.01005,-0.075,0.0119
2026-08-24 14:20:04,703.38,2026-08-24,692.0,0.04,0.09,0.08,3339,486,0.337,-0.028,0.01066,-0.065,0.0115
2026-08-24 14:20:04,703.38,2026-08-24,693.0,0.05,0.1,0.1,2518,555,0.3199,-0.0333,0.01295,-0.075,0.0133
2026-08-24 14:20:04,703.38,2026-08-24,694.0,0.11,0.12,0.08,7422,2610,0.3192,-0.0483,0.01758,-0.115,0.018
2026-08-24 14:20:04,703.38,2026-08-24,695.0,0.13,0.14,0.14,10362,999,0.3017,-0.0582,0.02156,-0.135,0.0208
2026-08-24 14:20:04,703.38,2026-08-24,696.0,0.16,0.17,0.18,7071,642,0.2858,-0.0723,0.02693,-0.165,0.0246
2026-08-24 14:20:04,703.38,2026-08-24,697.0,0.21,0.22,0.23,10698,758,0.2734,-0.0938,0.03423,-0.215,0.0299
2026-08-24 14:20:04,703.38,2026-08-24,698.0,0.28,0.29,0.25,14074,556,0.2617,-0.1228,0.04343,-0.285,0.0364
2026-08-24 14:20:04,703.38,2026-08-24,699.0,0.38,0.39,0.39,18441,438,0.251,-0.162,0.05464,-0.385,0.0439
2026-08-24 14:20:04,703.38,2026-08-24,700.0,0.48,0.53,0.53,48984,3691,0.237,-0.2099,0.06796,-0.505,0.0515
2026-08-24 14:20:04,703.38,2026-08-24,701.0,0.67,0.68,0.73,32672,767,0.224,-0.2734,0.08302,-0.675,0.0595
2026-08-24 14:20:04,703.38,2026-08-24,702.0,0.98,1,1,57120,612,0.2234,-0.3619,0.09377,-0.99,0.067
2026-08-24 14:20:04,703.38,2026-08-24,703.0,1.33,1.38,1.34,61002,508,0.2168,-0.4579,0.1023,-1.355,0.071
2026-08-24 14:20:04,703.38,2026-08-24,704.0,1.83,1.86,1.83,62216,715,0.2138,-0.5613,0.1031,-1.225,0.0705
2026-08-24 14:20:04,703.38,2026-08-24,705.0,2.37,2.45,2.45,69443,3566,0.2063,-0.6666,0.09855,-0.79,0.065
2026-08-24 14:20:04,703.38,2026-08-24,706.0,3.08,3.14,3.14,40938,543,0.2035,-0.7613,0.08515,-0.49,0.0554
2026-08-24 14:20:04,703.38,2026-08-24,707.0,3.83,4.04,4.02,31283,728,0.2086,-0.8314,0.06745,-0.315,0.045
2026-08-24 14:20:04,703.38,2026-08-24,708.0,4.81,4.97,4.88,11374,981,0.2337,-0.863,0.05246,-0.27,0.0392
2026-08-24 14:20:04,703.38,2026-08-24,709.0,5.39,5.78,5.75,8998,547,,,,,
2026-08-24 14:20:04,703.38,2026-08-24,710.0,6.54,6.93,6.81,14610,1760,0.2473,-0.9308,0.03008,-0.115,0.0238
2026-08-24 14:20:04,703.38,2026-08-24,711.0,7.19,7.86,7.66,1538,1691,,,,,
2026-08-24 14:20:04,703.38,2026-08-24,712.0,8.15,8.92,8.7,1885,1281,,,,,
2026-08-24 14:20:04,703.38,2026-08-24,713.0,9.19,9.84,9.9,1555,792,,,,,
2026-08-24 14:20:04,703.38,2026-08-24,714.0,10.39,10.65,10.6,447,971,,,,,
2026-08-24 14:20:04,703.38,2026-08-24,715.0,11.3,11.61,11.67,353,1994,,,,,
2026-08-24 14:20:04,703.38,2026-08-24,716.0,12.11,12.7,12.05,266,1999,,,,,
2026-08-24 14:20:04,703.38,2026-08-24,717.0,13.5,13.9,13.25,58,1410,0.4127,-0.9656,0.01032,-0.08,0.0136
2026-08-24 14:20:04,703.38,2026-08-24,718.0,14.03,14.66,14.03,128,1084,,,,,
2026-08-24 14:21:05,703.89,2026-08-24,689.0,0.01,0.02,0.05,1761,835,0.3463,-0.0074,0.00329,-0.015,0.0036
2026-08-24 14:21:05,703.89,2026-08-24,690.0,0.02,0.03,0.06,5880,1115,0.3472,-0.0117,0.00491,-0.025,0.0054
2026-08-24 14:21:05,703.89,2026-08-24,691.0,0.07,0.08,0.06,1446,468,0.3836,-0.0284,0.00947,-0.075,0.0116
2026-08-24 14:21:05,703.89,2026-08-24,692.0,0.03,0.04,0.08,3341,486,0.3178,-0.0171,0.00745,-0.035,0.0076
2026-08-24 14:21:05,703.89,2026-08-24,693.0,0.09,0.1,0.08,2532,555,0.3476,-0.038,0.01331,-0.095,0.0148
2026-08-24 14:21:05,703.89,2026-08-24,694.0,0.06,0.11,0.11,7489,2610,0.3147,-0.0377,0.01459,-0.085,0.0147
2026-08-24 14:21:05,703.89,2026-08-24,695.0,0.11,0.12,0.13,10476,999,0.306,-0.0502,0.0189,-0.115,0.0185
2026-08-24 14:21:05,703.89,2026-08-24,696.0,0.14,0.15,0.15,7117,642,0.2925,-0.0636,0.02385,-0.145,0.0223
2026-08-24 14:21:05,703.89,2026-08-24,697.0,0.18,0.19,0.19,10752,758,0.279,-0.0814,0.0302,-0.185,0.0269
2026-08-24 14:21:05,703.89,2026-08-24,698.0,0.22,0.23,0.23,14787,556,0.2612,-0.1013,0.03794,-0.225,0.0317
2026-08-24 14:21:05,703.89,2026-08-24,699.0,0.3,0.31,0.31,18571,438,0.2503,-0.1347,0.04846,-0.305,0.0387
2026-08-24 14:21:05,703.89,2026-08-24,700.0,0.36,0.37,0.37,49455,3691,0.2283,-0.1676,0.06146,-0.365,0.0448
2026-08-24 14:21:05,703.89,2026-08-24,701.0,0.56,0.57,0.57,33147,767,0.2278,-0.2361,0.07566,-0.565,0.0551
2026-08-24 14:21:05,703.89,2026-08-24,702.0,0.78,0.79,0.79,58018,612,0.2187,-0.3114,0.09044,-0.785,0.0632
2026-08-24 14:21:05,703.89,2026-08-24,703.0,1.05,1.07,1.07,62590,508,0.2063,-0.4015,0.10487,-1.06,0.0691
2026-08-24 14:21:05,703.89,2026-08-24,704.0,1.44,1.47,1.51,62872,715,0.1976,-0.5092,0.11291,-1.345,0.0713
2026-08-24 14:21:05,703.89,2026-08-24,705.0,1.98,2,2.1,69889,3566,0.1929,-0.6231,0.11015,-0.88,0.0679
2026-08-24 14:21:05,703.89,2026-08-24,706.0,2.66,2.72,2.75,40981,543,0.1966,-0.7229,0.0953,-0.58,0.0599
2026-08-24 14:21:05,703.89,2026-08-24,707.0,3.45,3.49,3.52,31317,728,0.1989,-0.8065,0.07721,-0.36,0.0491
2026-08-24 14:21:05,703.89,2026-08-24,708.0,4.25,4.35,4.33,11388,981,0.1953,-0.8781,0.05792,-0.19,0.0361
2026-08-24 14:21:05,703.89,2026-08-24,709.0,5.16,5.75,5.31,9000,547,0.2697,-0.8528,0.04775,-0.345,0.0411
2026-08-24 14:21:05,703.89,2026-08-24,710.0,6.07,6.34,6.34,14629,1760,0.2243,-0.9344,0.03184,-0.095,0.0228
2026-08-24 14:21:05,703.89,2026-08-24,711.0,7.09,7.14,7.29,1538,1691,0.1914,-0.9803,0.01399,-0.005,0.0086
2026-08-24 14:21:05,703.89,2026-08-24,712.0,8.039,8.43,8.54,1885,1281,0.294,-0.9367,0.02365,-0.1245,0.0222
2026-08-24 14:21:05,703.89,2026-08-24,713.0,8.82,9.63,9.9,1557,792,0.3172,-0.944,0.01991,-0.115,0.0202
2026-08-24 14:21:05,703.89,2026-08-24,714.0,9.87,10.44,10.37,471,971,0.3,-0.9689,0.01308,-0.045,0.0125
2026-08-24 14:21:05,703.89,2026-08-24,715.0,11,11.58,11.38,356,1994,0.4031,-0.936,0.01738,-0.18,0.0224
2026-08-24 14:21:05,703.89,2026-08-24,716.0,11.81,12.6,12.05,266,1999,0.3852,-0.9587,0.01284,-0.095,0.0158
2026-08-24 14:21:05,703.89,2026-08-24,717.0,12.85,13.77,13.71,58,1410,0.4678,-0.9389,0.01446,-0.2,0.0216
2026-08-24 14:21:05,703.89,2026-08-24,718.0,13.66,14.03,14.03,128,1084,,,,,
2026-08-24 14:22:08,704.49,2026-08-24,690.0,0.01,0.02,0.06,6028,1115,0.3382,-0.0075,0.00344,-0.015,0.0037
2026-08-24 14:22:08,704.49,2026-08-24,691.0,0.02,0.07,0.06,1448,468,0.3679,-0.0187,0.00697,-0.045,0.0082
2026-08-24 14:22:08,704.49,2026-08-24,692.0,0.03,0.04,0.08,3347,486,0.3318,-0.0164,0.00691,-0.035,0.0073
2026-08-24 14:22:08,704.49,2026-08-24,693.0,0.07,0.08,0.05,2558,555,0.3486,-0.0309,0.01119,-0.075,0.0124
2026-08-24 14:22:08,704.49,2026-08-24,694.0,0.05,0.06,0.06,7494,2610,0.3066,-0.0263,0.01115,-0.055,0.0109
2026-08-24 14:22:08,704.49,2026-08-24,695.0,0.06,0.11,0.11,10614,999,0.3044,-0.0388,0.01546,-0.085,0.015
2026-08-24 14:22:08,704.49,2026-08-24,696.0,0.08,0.13,0.13,7189,642,0.2897,-0.0486,0.0195,-0.105,0.018
2026-08-24 14:22:08,704.49,2026-08-24,697.0,0.11,0.16,0.16,10761,758,0.2766,-0.0628,0.02499,-0.135,0.022
2026-08-24 14:22:08,704.49,2026-08-24,698.0,0.19,0.2,0.2,15280,556,0.2704,-0.0873,0.03288,-0.195,0.0284
2026-08-24 14:22:08,704.49,2026-08-24,699.0,0.25,0.26,0.26,18716,438,0.2573,-0.1138,0.04191,-0.255,0.0344
2026-08-24 14:22:08,704.49,2026-08-24,700.0,0.33,0.34,0.34,49969,3691,0.2436,-0.1486,0.05323,-0.335,0.0414
2026-08-24 14:22:08,704.49,2026-08-24,701.0,0.46,0.47,0.47,33448,767,0.2339,-0.1991,0.06681,-0.465,0.0499
2026-08-24 14:22:08,704.49,2026-08-24,702.0,0.65,0.66,0.62,58581,612,0.226,-0.2658,0.08126,-0.655,0.0586
2026-08-24 14:22:08,704.49,2026-08-24,703.0,0.86,0.87,0.87,63680,508,0.2108,-0.3431,0.09765,-0.865,0.0657
2026-08-24 14:22:08,704.49,2026-08-24,704.0,1.24,1.29,1.27,63424,715,0.2114,-0.4453,0.10464,-1.265,0.0706
2026-08-24 14:22:08,704.49,2026-08-24,705.0,1.7,1.78,1.78,70000,3566,0.2079,-0.5515,0.10654,-1.23,0.0707
2026-08-24 14:22:08,704.49,2026-08-24,706.0,2.29,2.37,2.34,41005,543,0.2055,-0.6565,0.10022,-0.82,0.0657
2026-08-24 14:22:08,704.49,2026-08-24,707.0,2.99,3.01,3.04,31346,728,0.1991,-0.757,0.08803,-0.49,0.0559
2026-08-24 14:22:08,704.49,2026-08-24,708.0,3.76,3.86,3.82,11408,981,0.2015,-0.8327,0.06959,-0.3,0.0447
2026-08-24 14:22:08,704.49,2026-08-24,709.0,4.65,5.12,5.6,9004,547,0.2553,-0.8361,0.05421,-0.375,0.0442
2026-08-24 14:22:08,704.49,2026-08-24,710.0,5.48,5.77,5.72,14638,1760,0.2152,-0.9222,0.03787,-0.115,0.026
2026-08-24 14:22:08,704.49,2026-08-24,711.0,6.49,6.95,7.29,1539,1691,0.279,-0.902,0.03471,-0.21,0.0309
2026-08-24 14:22:08,704.49,2026-08-24,712.0,7.49,8.21,8.54,1888,1281,0.3503,-0.8822,0.03155,-0.34,0.0353
2026-08-24 14:22:08,704.49,2026-08-24,713.0,8.47,8.66,9.06,1557,792,0.2675,-0.961,0.01766,-0.055,0.0151
2026-08-24 14:22:08,704.49,2026-08-24,714.0,9.48,9.89,10.39,474,971,0.3558,-0.9304,0.02103,-0.175,0.0239
2026-08-24 14:22:08,704.49,2026-08-24,715.0,10.47,10.91,11.28,360,1994,0.3864,-0.9337,0.01866,-0.18,0.023
2026-08-24 14:22:08,704.49,2026-08-24,716.0,11.48,12.27,12.05,266,1999,0.4851,-0.9048,0.01954,-0.365,0.0302
2026-08-24 14:22:08,704.49,2026-08-24,717.0,12.28,13.22,13.71,58,1410,0.4688,-0.9296,0.01611,-0.24,0.0241
2026-08-24 14:22:08,704.49,2026-08-24,718.0,13.44,13.75,14.03,128,1084,0.4141,-0.9642,0.01065,-0.085,0.0141
2026-08-24 14:22:08,704.49,2026-08-24,719.0,14.59,15.24,15.3,71,871,0.5899,-0.9121,0.01514,-0.405,0.0285
2026-08-24 14:23:09,704.62,2026-08-24,690.0,0.05,0.06,0.06,6040,1115,0.4068,-0.0205,0.00682,-0.055,0.0088
2026-08-24 14:23:09,704.62,2026-08-24,691.0,0.06,0.07,0.06,1469,468,0.3931,-0.0245,0.0082,-0.065,0.0103
2026-08-24 14:23:09,704.62,2026-08-24,692.0,0.06,0.07,0.08,3348,486,0.3686,-0.026,0.00917,-0.065,0.0108
2026-08-24 14:23:09,704.62,2026-08-24,693.0,0.03,0.08,0.04,2599,555,0.3345,-0.0244,0.0096,-0.055,0.0102
2026-08-24 14:23:09,704.62,2026-08-24,694.0,0.08,0.09,0.06,7781,2610,0.3342,-0.0358,0.0132,-0.085,0.014
2026-08-24 14:23:09,704.62,2026-08-24,695.0,0.1,0.11,0.11,10790,999,0.3207,-0.0446,0.01645,-0.105,0.0168
2026-08-24 14:23:09,704.62,2026-08-24,696.0,0.07,0.12,0.12,7232,642,0.2878,-0.0449,0.01844,-0.095,0.0169
2026-08-24 14:23:09,704.62,2026-08-24,697.0,0.14,0.15,0.15,10850,758,0.2851,-0.0651,0.02497,-0.145,0.0226
2026-08-24 14:23:09,704.62,2026-08-24,698.0,0.17,0.18,0.19,15658,556,0.2674,-0.0806,0.03135,-0.175,0.0267
2026-08-24 14:23:09,704.62,2026-08-24,699.0,0.23,0.24,0.24,19043,438,0.2558,-0.107,0.04038,-0.235,0.0329
2026-08-24 14:23:09,704.62,2026-08-24,700.0,0.27,0.32,0.28,50667,3691,0.2385,-0.1365,0.05144,-0.295,0.039
2026-08-24 14:23:09,704.62,2026-08-24,701.0,0.39,0.44,0.44,34341,767,0.229,-0.1854,0.06544,-0.415,0.0477
2026-08-24 14:23:09,704.62,2026-08-24,702.0,0.57,0.62,0.58,59443,612,0.2216,-0.2512,0.08062,-0.595,0.0568
2026-08-24 14:23:09,704.62,2026-08-24,703.0,0.85,0.86,0.86,65882,508,0.2161,-0.3346,0.09448,-0.855,0.065
2026-08-24 14:23:09,704.62,2026-08-24,704.0,1.15,1.2,1.17,64459,715,0.2067,-0.4306,0.10655,-1.175,0.0701
2026-08-24 14:23:09,704.62,2026-08-24,705.0,1.65,1.66,1.64,70215,3566,0.2058,-0.5386,0.10816,-1.27,0.0708
2026-08-24 14:23:09,704.62,2026-08-24,706.0,2.21,2.24,2.25,41112,543,0.2022,-0.6464,0.10306,-0.84,0.0663
2026-08-24 14:23:09,704.62,2026-08-24,707.0,2.83,2.96,2.97,31381,728,0.1974,-0.748,0.09063,-0.51,0.0569
2026-08-24 14:23:09,704.62,2026-08-24,708.0,3.59,3.71,3.82,11442,981,0.1892,-0.8395,0.07224,-0.265,0.0435
2026-08-24 14:23:09,704.62,2026-08-24,709.0,4.57,4.64,5.04,9005,547,0.2132,-0.8732,0.05467,-0.22,0.0371
2026-08-24 14:23:09,704.62,2026-08-24,710.0,5.39,5.64,5.61,14652,1760,0.2174,-0.9156,0.03993,-0.13,0.0276
2026-08-24 14:23:09,704.62,2026-08-24,711.0,6.36,6.53,6.92,1540,1691,0.2153,-0.9503,0.02675,-0.06,0.0183
2026-08-24 14:23:09,704.62,2026-08-24,712.0,7.48,7.94,8.1,1889,1281,0.3424,-0.884,0.03197,-0.325,0.0348
2026-08-24 14:23:09,704.62,2026-08-24,713.0,8.31,8.68,9.06,1558,792,0.2954,-0.9423,0.02192,-0.11,0.0206
2026-08-24 14:23:09,704.62,2026-08-24,714.0,9.28,9.94,10.1,481,971,0.3723,-0.9187,0.02267,-0.225,0.0269
2026-08-24 14:23:09,704.62,2026-08-24,715.0,10.45,10.64,11.08,361,1994,0.3745,-0.9377,0.01837,-0.16,0.0219
2026-08-24 14:23:09,704.62,2026-08-24,716.0,11.44,11.83,12.05,266,1999,0.4409,-0.9234,0.0183,-0.25,0.0257
2026-08-24 14:23:09,704.62,2026-08-24,717.0,12.45,12.72,13.71,63,1410,0.4485,-0.9365,0.01555,-0.2,0.0222
2026-08-24 14:23:09,704.62,2026-08-24,718.0,13.1,13.4,14.03,128,1084,,,,,
2026-08-24 14:23:09,704.62,2026-08-24,719.0,14.32,14.65,15.3,71,871,0.447,-0.9623,0.0103,-0.1,0.0147
2026-08-24 14:24:10,703.96,2026-08-24,689.0,0.05,0.06,0.05,1792,835,0.416,-0.0201,0.00658,-0.055,0.0087
2026-08-24 14:24:10,703.96,2026-08-24,690.0,0.01,0.06,0.06,6097,1115,0.3668,-0.0151,0.00583,-0.035,0.0068
2026-08-24 14:24:10,703.96,2026-08-24,691.0,0.05,0.06,0.02,1563,468,0.368,-0.0225,0.00816,-0.055,0.0095
2026-08-24 14:24:10,703.96,2026-08-24,692.0,0.06,0.07,0.07,3350,486,0.3532,-0.027,0.00992,-0.065,0.0111
2026-08-24 14:24:10,703.96,2026-08-24,693.0,0.03,0.08,0.04,2612,555,0.3193,-0.0255,0.01045,-0.055,0.0106
2026-08-24 14:24:10,703.96,2026-08-24,694.0,0.04,0.05,0.09,7934,2610,0.2851,-0.0236,0.01097,-0.045,0.0099
2026-08-24 14:24:10,703.96,2026-08-24,695.0,0.1,0.11,0.07,10894,999,0.3037,-0.0469,0.01812,-0.105,0.0174
2026-08-24 14:24:10,703.96,2026-08-24,696.0,0.09,0.14,0.14,7355,642,0.2814,-0.0541,0.02193,-0.115,0.0195
2026-08-24 14:24:10,703.96,2026-08-24,697.0,0.16,0.17,0.17,10978,758,0.2747,-0.0751,0.029,-0.165,0.0252
2026-08-24 14:24:10,703.96,2026-08-24,698.0,0.22,0.23,0.23,16173,556,0.2646,-0.1005,0.03741,-0.225,0.0314
2026-08-24 14:24:10,703.96,2026-08-24,699.0,0.25,0.26,0.3,19298,438,0.2403,-0.1207,0.04697,-0.255,0.0357
2026-08-24 14:24:10,703.96,2026-08-24,700.0,0.4,0.41,0.41,51238,3691,0.2408,-0.1751,0.06017,-0.405,0.0459
2026-08-24 14:24:10,703.96,2026-08-24,701.0,0.52,0.57,0.57,34948,767,0.2282,-0.2302,0.07482,-0.545,0.0541
2026-08-24 14:24:10,703.96,2026-08-24,702.0,0.79,0.8,0.8,60290,612,0.2247,-0.309,0.08812,-0.795,0.0627
2026-08-24 14:24:10,703.96,2026-08-24,703.0,1.07,1.09,1.1,68134,508,0.2142,-0.3975,0.10118,-1.08,0.0686
2026-08-24 14:24:10,703.96,2026-08-24,704.0,1.46,1.52,1.52,65474,715,0.2084,-0.5012,0.10756,-1.45,0.071
2026-08-24 14:24:10,703.96,2026-08-24,705.0,2.029,2.05,2.05,70805,3566,0.2074,-0.6079,0.10413,-0.9995,0.0684
2026-08-24 14:24:10,703.96,2026-08-24,706.0,2.64,2.67,2.65,41494,543,0.2001,-0.7137,0.09558,-0.615,0.0605
2026-08-24 14:24:10,703.96,2026-08-24,707.0,3.46,3.47,3.29,31467,728,0.2099,-0.7894,0.07729,-0.425,0.0514
2026-08-24 14:24:10,703.96,2026-08-24,708.0,4.25,4.34,4.31,11469,981,0.2108,-0.8568,0.06025,-0.255,0.0402
2026-08-24 14:24:10,703.96,2026-08-24,709.0,5.16,5.3,4.84,9006,547,0.2268,-0.8919,0.04601,-0.19,0.033
2026-08-24 14:24:10,703.96,2026-08-24,710.0,5.96,6.16,6.03,14762,1760,0.181,-0.9685,0.022,-0.02,0.0126
2026-08-24 14:24:10,703.96,2026-08-24,711.0,6.63,7.23,6.8,1543,1691,,,,,
2026-08-24 14:24:10,703.96,2026-08-24,712.0,7.74,8.17,7.52,1890,1281,,,,,
2026-08-24 14:24:10,703.96,2026-08-24,713.0,8.5,9.23,8.75,1562,792,,,,,
2026-08-24 14:24:10,703.96,2026-08-24,714.0,9.59,10.11,9.86,483,971,,,,,
2026-08-24 14:24:10,703.96,2026-08-24,715.0,10.32,11.19,10.48,363,1994,,,,,
2026-08-24 14:24:10,703.96,2026-08-24,716.0,11.43,11.93,12.05,266,1999,,,,,
2026-08-24 14:24:10,703.96,2026-08-24,717.0,12.33,13.11,12.66,63,1410,,,,,
2026-08-24 14:24:10,703.96,2026-08-24,718.0,13.29,13.98,14.03,128,1084,,,,,
2026-08-24 14:25:11,703.93,2026-08-24,689.0,0.05,0.06,0.05,1848,835,0.4159,-0.0202,0.0066,-0.055,0.0087
2026-08-24 14:25:11,703.93,2026-08-24,690.0,0.05,0.06,0.06,6177,1115,0.392,-0.0213,0.00733,-0.055,0.0091
2026-08-24 14:25:11,703.93,2026-08-24,691.0,0.05,0.06,0.06,1570,468,0.3678,-0.0225,0.00819,-0.055,0.0095
2026-08-24 14:25:11,703.93,2026-08-24,692.0,0.06,0.07,0.03,3435,486,0.353,-0.0271,0.00996,-0.065,0.0111
2026-08-24 14:25:11,703.93,2026-08-24,693.0,0.07,0.08,0.04,2644,555,0.3362,-0.032,0.01203,-0.075,0.0128
2026-08-24 14:25:11,703.93,2026-08-24,694.0,0.09,0.1,0.1,7985,2610,0.3243,-0.0406,0.01515,-0.095,0.0155
2026-08-24 14:25:11,703.93,2026-08-24,695.0,0.06,0.07,0.11,10976,999,0.2772,-0.0335,0.01512,-0.065,0.0132
2026-08-24 14:25:11,703.93,2026-08-24,696.0,0.13,0.14,0.14,7415,642,0.2908,-0.0604,0.02319,-0.135,0.0213
2026-08-24 14:25:11,703.93,2026-08-24,697.0,0.17,0.18,0.18,11089,758,0.2781,-0.0782,0.02959,-0.175,0.026
2026-08-24 14:25:11,703.93,2026-08-24,698.0,0.19,0.2,0.23,16631,556,0.2542,-0.0924,0.03667,-0.195,0.0294
2026-08-24 14:25:11,703.93,2026-08-24,699.0,0.31,0.32,0.31,19452,438,0.2558,-0.1365,0.04814,-0.315,0.0389
2026-08-24 14:25:11,703.93,2026-08-24,700.0,0.43,0.44,0.44,51915,3691,0.2465,-0.1821,0.06035,-0.435,0.047
2026-08-24 14:25:11,703.93,2026-08-24,701.0,0.56,0.61,0.59,35270,767,0.2346,-0.2382,0.07429,-0.585,0.055
2026-08-24 14:25:11,703.93,2026-08-24,702.0,0.85,0.86,0.85,61064,612,0.2331,-0.3176,0.08609,-0.855,0.0633
2026-08-24 14:25:11,703.93,2026-08-24,703.0,1.18,1.2,1.2,70060,508,0.2288,-0.4065,0.09543,-1.19,0.0689
2026-08-24 14:25:11,703.93,2026-08-24,704.0,1.59,1.61,1.61,65841,715,0.2221,-0.504,0.10108,-1.53,0.0709
2026-08-24 14:25:11,703.93,2026-08-24,705.0,2.1,2.11,2.11,70910,3566,0.2146,-0.6074,0.10081,-1.035,0.0683
2026-08-24 14:25:11,703.93,2026-08-24,706.0,2.79,2.82,2.71,41526,543,0.2214,-0.6977,0.0887,-0.735,0.062
2026-08-24 14:25:11,703.93,2026-08-24,707.0,3.56,3.59,3.52,31556,728,0.2267,-0.7742,0.0746,-0.505,0.0534
2026-08-24 14:25:11,703.93,2026-08-24,708.0,4.3,4.57,4.33,11472,981,0.238,-0.8295,0.05996,-0.365,0.045
2026-08-24 14:25:11,703.93,2026-08-24,709.0,4.93,5.12,5.55,9052,547,,,,,
2026-08-24 14:25:11,703.93,2026-08-24,710.0,6.07,6.33,6.34,14770,1760,0.2388,-0.9218,0.03445,-0.13,0.026
2026-08-24 14:25:11,703.93,2026-08-24,711.0,7.04,7.3,7.28,1553,1691,0.2551,-0.9388,0.02669,-0.1,0.0215
2026-08-24 14:25:11,703.93,2026-08-24,712.0,7.72,8.28,8.53,1903,1281,,,,,
2026-08-24 14:25:11,703.93,2026-08-24,713.0,8.76,9.52,9.55,1579,792,0.293,-0.9576,0.01734,-0.07,0.016
2026-08-24 14:25:11,703.93,2026-08-24,714.0,9.65,10.38,10.18,483,971,,,,,
2026-08-24 14:25:11,703.93,2026-08-24,715.0,10.8,11.32,11.39,380,1994,0.2491,-0.9933,0.00422,0.01,0.0033
2026-08-24 14:25:11,703.93,2026-08-24,716.0,11.77,12.51,12.05,266,1999,0.3693,-0.9653,0.01168,-0.07,0.0136
2026-08-24 14:25:11,703.93,2026-08-24,717.0,12.75,13.41,12.66,63,1410,0.3318,-0.9857,0.00616,-0.01,0.0065
2026-08-24 14:25:11,703.93,2026-08-24,718.0,13.7,14.25,14.03,128,1084,,,,,
2026-08-24 14:26:12,703.55,2026-08-24,689.0,0.05,0.06,0.04,1868,835,0.4077,-0.0206,0.00686,-0.055,0.0088
2026-08-24 14:26:12,703.55,2026-08-24,690.0,0.05,0.06,0.06,6386,1115,0.3836,-0.0217,0.00764,-0.055,0.0092
2026-08-24 14:26:12,703.55,2026-08-24,691.0,0.02,0.07,0.07,1574,468,0.3484,-0.0198,0.00778,-0.045,0.0085
2026-08-24 14:26:12,703.55,2026-08-24,692.0,0.06,0.07,0.07,3437,486,0.3443,-0.0277,0.01044,-0.065,0.0113
2026-08-24 14:26:12,703.55,2026-08-24,693.0,0.07,0.08,0.08,2655,555,0.3271,-0.0329,0.01265,-0.075,0.013
2026-08-24 14:26:12,703.55,2026-08-24,694.0,0.09,0.1,0.06,8067,2610,0.3148,-0.0418,0.016,-0.095,0.0158
2026-08-24 14:26:12,703.55,2026-08-24,695.0,0.07,0.08,0.12,11305,999,0.2751,-0.0383,0.01704,-0.075,0.0147
2026-08-24 14:26:12,703.55,2026-08-24,696.0,0.14,0.15,0.15,7440,642,0.2849,-0.0655,0.02525,-0.145,0.0226
2026-08-24 14:26:12,703.55,2026-08-24,697.0,0.18,0.19,0.19,11135,758,0.2707,-0.084,0.03214,-0.185,0.0274
2026-08-24 14:26:12,703.55,2026-08-24,698.0,0.2,0.21,0.21,17180,556,0.2458,-0.0992,0.04004,-0.205,0.0309
2026-08-24 14:26:12,703.55,2026-08-24,699.0,0.33,0.34,0.34,19685,438,0.2476,-0.1475,0.05251,-0.335,0.0409
2026-08-24 14:26:12,703.55,2026-08-24,700.0,0.46,0.47,0.43,52342,3691,0.2381,-0.1975,0.06582,-0.465,0.0493
2026-08-24 14:26:12,703.55,2026-08-24,701.0,0.64,0.66,0.66,35691,767,0.2296,-0.2626,0.0801,-0.65,0.0578
2026-08-24 14:26:12,703.55,2026-08-24,702.0,0.86,0.88,0.88,62176,612,0.2163,-0.34,0.09555,-0.87,0.065
2026-08-24 14:26:12,703.55,2026-08-24,703.0,1.25,1.27,1.27,71444,508,0.2161,-0.4398,0.10295,-1.26,0.0699
2026-08-24 14:26:12,703.55,2026-08-24,704.0,1.72,1.74,1.74,66360,715,0.2127,-0.5444,0.10514,-1.28,0.0703
2026-08-24 14:26:12,703.55,2026-08-24,705.0,2.26,2.33,2.33,71057,3566,0.2076,-0.6501,0.1006,-0.845,0.0657
2026-08-24 14:26:12,703.55,2026-08-24,706.0,3.01,3.03,2.98,41566,543,0.212,-0.7399,0.08632,-0.57,0.0575
2026-08-24 14:26:12,703.55,2026-08-24,707.0,3.69,3.83,3.86,31574,728,0.2029,-0.8286,0.0707,-0.31,0.0451
2026-08-24 14:26:12,703.55,2026-08-24,708.0,4.54,4.84,4.68,11491,981,0.222,-0.8685,0.05417,-0.24,0.0378
2026-08-24 14:26:12,703.55,2026-08-24,709.0,5.32,5.73,5.62,9054,547,0.1982,-0.9379,0.03484,-0.075,0.0217
2026-08-24 14:26:12,703.55,2026-08-24,710.0,6.54,6.55,6.44,14775,1760,0.2357,-0.9368,0.02967,-0.095,0.022
2026-08-24 14:26:12,703.55,2026-08-24,711.0,7.54,7.77,7.59,1555,1691,0.3086,-0.911,0.02943,-0.205,0.0285
2026-08-24 14:26:12,703.55,2026-08-24,712.0,7.98,8.79,8.39,1904,1281,,,,,
2026-08-24 14:26:12,703.55,2026-08-24,713.0,9.13,9.67,9.55,1594,792,,,,,
2026-08-24 14:26:12,703.55,2026-08-24,714.0,9.87,10.63,10.18,484,971,,,,,
2026-08-24 14:26:12,703.55,2026-08-24,715.0,11.19,11.75,11.43,397,1994,0.3098,-0.9803,0.0087,-0.02,0.0085
2026-08-24 14:26:12,703.55,2026-08-24,716.0,12.1,12.49,12.05,268,1999,,,,,
2026-08-24 14:26:12,703.55,2026-08-24,717.0,13.03,13.81,12.66,63,1410,,,,,
2026-08-24 14:26:12,703.55,2026-08-24,718.0,14.14,14.79,14.54,130,1084,0.3701,-0.9851,0.00575,-0.015,0.0067
2026-08-24 14:27:15,703.67,2026-08-24,689.0,0.01,0.02,0.05,1890,835,0.345,-0.0075,0.00337,-0.015,0.0036
2026-08-24 14:27:15,703.67,2026-08-24,690.0,0.01,0.06,0.06,6388,1115,0.3619,-0.0153,0.00602,-0.035,0.0068
2026-08-24 14:27:15,703.67,2026-08-24,691.0,0.06,0.07,0.06,1574,468,0.3727,-0.0259,0.00912,-0.065,0.0106
2026-08-24 14:27:15,703.67,2026-08-24,692.0,0.06,0.07,0.03,3441,486,0.3477,-0.0275,0.01028,-0.065,0.0112
2026-08-24 14:27:15,703.67,2026-08-24,693.0,0.03,0.08,0.08,2692,555,0.3137,-0.026,0.01087,-0.055,0.0107
2026-08-24 14:27:15,703.67,2026-08-24,694.0,0.04,0.05,0.1,8371,2610,0.2795,-0.0241,0.01146,-0.045,0.01
2026-08-24 14:27:15,703.67,2026-08-24,695.0,0.1,0.11,0.07,11310,999,0.2972,-0.0479,0.01895,-0.105,0.0177
2026-08-24 14:27:15,703.67,2026-08-24,696.0,0.08,0.13,0.13,7446,642,0.2694,-0.0522,0.02237,-0.105,0.0189
2026-08-24 14:27:15,703.67,2026-08-24,697.0,0.16,0.17,0.17,11219,758,0.2672,-0.0772,0.0306,-0.165,0.0256
2026-08-24 14:27:15,703.67,2026-08-24,698.0,0.17,0.18,0.18,17356,556,0.2399,-0.0889,0.03787,-0.175,0.0285
2026-08-24 14:27:15,703.67,2026-08-24,699.0,0.25,0.3,0.28,19837,438,0.237,-0.1304,0.05054,-0.275,0.0375
2026-08-24 14:27:15,703.67,2026-08-24,700.0,0.41,0.42,0.42,53100,3691,0.2328,-0.184,0.06454,-0.415,0.0471
2026-08-24 14:27:15,703.67,2026-08-24,701.0,0.53,0.55,0.55,36833,767,0.2158,-0.2395,0.08128,-0.54,0.055
2026-08-24 14:27:15,703.67,2026-08-24,702.0,0.79,0.8,0.8,64977,612,0.2112,-0.3246,0.09622,-0.795,0.0637
2026-08-24 14:27:15,703.67,2026-08-24,703.0,1.14,1.16,1.16,73990,508,0.2081,-0.4247,0.10636,-1.15,0.0694
2026-08-24 14:27:15,703.67,2026-08-24,704.0,1.63,1.64,1.64,66995,715,0.2087,-0.5325,0.10761,-1.305,0.0704
2026-08-24 14:27:15,703.67,2026-08-24,705.0,2.18,2.2,2.17,71349,3566,0.2038,-0.6407,0.10362,-0.86,0.0662
2026-08-24 14:27:15,703.67,2026-08-24,706.0,2.93,2.99,2.97,41628,543,0.2171,-0.7249,0.08682,-0.63,0.0591
2026-08-24 14:27:15,703.67,2026-08-24,707.0,3.6,3.65,3.65,31602,728,0.1953,-0.8296,0.07328,-0.295,0.0449
2026-08-24 14:27:15,703.67,2026-08-24,708.0,4.38,4.66,4.57,11496,981,0.2045,-0.8819,0.05464,-0.19,0.035
2026-08-24 14:27:15,703.67,2026-08-24,709.0,5.26,5.67,5.73,9131,547,0.219,-0.9133,0.04071,-0.135,0.028
2026-08-24 14:27:15,703.67,2026-08-24,710.0,6.31,6.53,6.6,14785,1760,0.2303,-0.938,0.02999,-0.09,0.0217
2026-08-24 14:27:15,703.67,2026-08-24,711.0,7.3,7.66,7.46,1567,1691,0.2849,-0.9248,0.02811,-0.15,0.0251
2026-08-24 14:27:15,703.67,2026-08-24,712.0,8.09,8.76,8.45,1925,1281,0.2884,-0.9468,0.02123,-0.095,0.0192
2026-08-24 14:27:15,703.67,2026-08-24,713.0,9.2,9.59,9.75,1600,792,0.2975,-0.9602,0.01631,-0.065,0.0152
2026-08-24 14:27:15,703.67,2026-08-24,714.0,9.83,10.59,10.52,485,971,,,,,
2026-08-24 14:27:15,703.67,2026-08-24,715.0,11.36,11.73,11.66,400,1994,0.4282,-0.9298,0.01774,-0.215,0.0238
2026-08-24 14:27:15,703.67,2026-08-24,716.0,12,12.37,12.55,269,1999,,,,,
2026-08-24 14:27:15,703.67,2026-08-24,717.0,13.24,13.52,12.66,63,1410,0.385,-0.9732,0.0091,-0.05,0.011
2026-08-24 14:27:15,703.67,2026-08-24,718.0,13.85,14.55,14.54,130,1084,,,,,
2026-08-24 14:28:15,703.72,2026-08-24,689.0,0.05,0.06,0.02,1890,835,0.4129,-0.0204,0.00674,-0.055,0.0087
2026-08-24 14:28:15,703.72,2026-08-24,690.0,0.05,0.06,0.05,6436,1115,0.3888,-0.0215,0.00749,-0.055,0.0091
2026-08-24 14:28:15,703.72,2026-08-24,691.0,0.06,0.07,0.06,1574,468,0.3745,-0.0258,0.00906,-0.065,0.0106
2026-08-24 14:28:15,703.72,2026-08-24,692.0,0.06,0.07,0.07,3443,486,0.3495,-0.0274,0.01022,-0.065,0.0112
2026-08-24 14:28:15,703.72,2026-08-24,693.0,0.07,0.08,0.08,2875,555,0.3324,-0.0325,0.01237,-0.075,0.0128
2026-08-24 14:28:15,703.72,2026-08-24,694.0,0.04,0.09,0.09,8375,2610,0.2989,-0.0315,0.0134,-0.065,0.0125
2026-08-24 14:28:15,703.72,2026-08-24,695.0,0.09,0.1,0.1,11730,999,0.2932,-0.0445,0.01814,-0.095,0.0166
2026-08-24 14:28:15,703.72,2026-08-24,696.0,0.12,0.13,0.09,7571,642,0.2814,-0.0585,0.02346,-0.125,0.0206
2026-08-24 14:28:15,703.72,2026-08-24,697.0,0.15,0.16,0.16,11810,758,0.2652,-0.0738,0.02984,-0.155,0.0247
2026-08-24 14:28:15,703.72,2026-08-24,698.0,0.16,0.21,0.21,17597,556,0.2453,-0.0915,0.0379,-0.185,0.0291
2026-08-24 14:28:15,703.72,2026-08-24,699.0,0.28,0.29,0.25,20169,438,0.2417,-0.1323,0.0501,-0.285,0.0379
2026-08-24 14:28:15,703.72,2026-08-24,700.0,0.39,0.4,0.36,53906,3691,0.2308,-0.1784,0.06393,-0.395,0.0461
2026-08-24 14:28:15,703.72,2026-08-24,701.0,0.56,0.57,0.57,38192,767,0.2228,-0.2421,0.07929,-0.565,0.0552
2026-08-24 14:28:15,703.72,2026-08-24,702.0,0.76,0.77,0.77,67006,612,0.2093,-0.318,0.0964,-0.765,0.0631
2026-08-24 14:28:15,703.72,2026-08-24,703.0,1.13,1.14,1.14,76502,508,0.2093,-0.4198,0.10564,-1.135,0.0691
2026-08-24 14:28:15,703.72,2026-08-24,704.0,1.52,1.58,1.59,67659,715,0.2007,-0.5283,0.11216,-1.27,0.0704
2026-08-24 14:28:15,703.72,2026-08-24,705.0,2.06,2.09,2.11,71602,3566,0.1915,-0.6442,0.11004,-0.795,0.0659
2026-08-24 14:28:15,703.72,2026-08-24,706.0,2.81,2.84,2.87,42197,543,0.2006,-0.737,0.09202,-0.545,0.0577
2026-08-24 14:28:15,703.72,2026-08-24,707.0,3.54,3.66,3.67,31656,728,0.1992,-0.8216,0.07411,-0.32,0.0461
2026-08-24 14:28:15,703.72,2026-08-24,708.0,4.4,4.57,4.57,11509,981,0.2073,-0.8762,0.05577,-0.205,0.0361
2026-08-24 14:28:15,703.72,2026-08-24,709.0,5.36,5.5,5.48,9138,547,0.223,-0.9077,0.04198,-0.15,0.0293
2026-08-24 14:28:15,703.72,2026-08-24,710.0,6.17,6.51,6.55,14805,1760,0.2142,-0.9498,0.02731,-0.06,0.0183
2026-08-24 14:28:15,703.72,2026-08-24,711.0,7.27,7.57,7.5,1568,1691,0.2797,-0.9274,0.0279,-0.14,0.0244
2026-08-24 14:28:15,703.72,2026-08-24,712.0,8.02,8.44,8.63,1926,1281,,,,,
2026-08-24 14:28:15,703.72,2026-08-24,713.0,9.01,9.63,9.65,1603,792,0.2784,-0.9689,0.01422,-0.04,0.0124
2026-08-24 14:28:15,703.72,2026-08-24,714.0,10.07,10.53,10.49,485,971,0.2836,-0.9787,0.01018,-0.02,0.009
2026-08-24 14:28:15,703.72,2026-08-24,715.0,11.13,11.33,11.39,402,1994,,,,,
2026-08-24 14:28:15,703.72,2026-08-24,716.0,12.14,12.67,12.57,270,1999,0.4117,-0.952,0.01371,-0.125,0.0176
2026-08-24 14:28:15,703.72,2026-08-24,717.0,13.33,13.43,12.66,63,1410,0.4226,-0.9602,0.01149,-0.1,0.0152
2026-08-24 14:28:15,703.72,2026-08-24,718.0,14.12,14.63,14.54,130,1084,0.4446,-0.9633,0.01022,-0.095,0.0142
2026-08-24 14:29:16,704.02,2026-08-24,690.0,0.05,0.06,0.02,6436,1115,0.3965,-0.0212,0.00726,-0.055,0.009
2026-08-24 14:29:16,704.02,2026-08-24,691.0,0.05,0.06,0.06,1575,468,0.3722,-0.0224,0.0081,-0.055,0.0094
2026-08-24 14:29:16,704.02,2026-08-24,692.0,0.02,0.03,0.07,3444,486,0.3097,-0.0131,0.00615,-0.025,0.0059
2026-08-24 14:29:16,704.02,2026-08-24,693.0,0.06,0.07,0.08,2885,555,0.3323,-0.0287,0.01118,-0.065,0.0116
2026-08-24 14:29:16,704.02,2026-08-24,694.0,0.08,0.09,0.09,8407,2610,0.3219,-0.0373,0.01433,-0.085,0.0144
2026-08-24 14:29:16,704.02,2026-08-24,695.0,0.05,0.1,0.1,11904,999,0.2886,-0.0368,0.01581,-0.075,0.0142
2026-08-24 14:29:16,704.02,2026-08-24,696.0,0.11,0.12,0.12,7579,642,0.2852,-0.0538,0.02172,-0.115,0.0193
2026-08-24 14:29:16,704.02,2026-08-24,697.0,0.13,0.14,0.1,11891,758,0.2659,-0.0656,0.02718,-0.135,0.0225
2026-08-24 14:29:16,704.02,2026-08-24,698.0,0.18,0.19,0.19,18302,556,0.2551,-0.0886,0.03563,-0.185,0.0283
2026-08-24 14:29:16,704.02,2026-08-24,699.0,0.21,0.26,0.26,20337,438,0.2385,-0.1143,0.0459,-0.235,0.0341
2026-08-24 14:29:16,704.02,2026-08-24,700.0,0.35,0.36,0.35,54892,3691,0.2337,-0.1624,0.05955,-0.355,0.0434
2026-08-24 14:29:16,704.02,2026-08-24,701.0,0.5,0.51,0.49,38946,767,0.2249,-0.2208,0.0747,-0.505,0.0524
2026-08-24 14:29:16,704.02,2026-08-24,702.0,0.71,0.72,0.71,68729,612,0.2164,-0.2956,0.09038,-0.715,0.061
2026-08-24 14:29:16,704.02,2026-08-24,703.0,0.96,0.98,0.98,78181,508,0.2031,-0.385,0.10657,-0.97,0.0675
2026-08-24 14:29:16,704.02,2026-08-24,704.0,1.41,1.42,1.37,68446,715,0.2036,-0.4946,0.11094,-1.415,0.0704
2026-08-24 14:29:16,704.02,2026-08-24,705.0,1.93,1.94,1.94,71955,3566,0.1989,-0.6067,0.10947,-0.955,0.0679
2026-08-24 14:29:16,704.02,2026-08-24,706.0,2.57,2.59,2.58,42319,543,0.1962,-0.7132,0.09828,-0.6,0.0601
2026-08-24 14:29:16,704.02,2026-08-24,707.0,3.24,3.3,3.31,31707,728,0.1813,-0.8213,0.08156,-0.29,0.0461
2026-08-24 14:29:16,704.02,2026-08-24,708.0,4.07,4.21,4.24,11536,981,0.1846,-0.8867,0.05891,-0.16,0.0339
2026-08-24 14:29:16,704.02,2026-08-24,709.0,4.74,5.16,5.48,9139,547,,,,,
2026-08-24 14:29:16,704.02,2026-08-24,710.0,5.91,6.05,6.07,14843,1760,0.1611,-0.9814,0.01598,-0.0,0.008
2026-08-24 14:29:16,704.02,2026-08-24,711.0,6.61,7.03,7.5,1568,1691,,,,,
2026-08-24 14:29:16,704.02,2026-08-24,712.0,7.54,7.92,8.63,1928,1281,,,,,
2026-08-24 14:29:16,704.02,2026-08-24,713.0,8.87,9.18,9.65,1603,792,0.2751,-0.9663,0.01541,-0.045,0.0132
2026-08-24 14:29:16,704.02,2026-08-24,714.0,9.6,10.16,10.49,485,971,,,,,
2026-08-24 14:29:16,704.02,2026-08-24,715.0,10.4,11.1,11.31,403,1994,,,,,
2026-08-24 14:29:16,704.02,2026-08-24,716.0,11.6,12.34,12.62,270,1999,0.2679,-0.9938,0.00368,0.01,0.0031
2026-08-24 14:29:16,704.02,2026-08-24,717.0,12.78,13.17,12.66,63,1410,0.3023,-0.9918,0.00417,0.005,0.0039
2026-08-24 14:29:16,704.02,2026-08-24,718.0,13.51,14.14,14.54,130,1084,,,,,
2026-08-24 14:29:16,704.02,2026-08-24,719.0,14.84,15.54,15.77,77,871,0.53,-0.9424,0.01233,-0.21,0.0204
2026-08-24 14:30:18,704.49,2026-08-24,690.0,0.01,0.02,0.02,6436,1115,0.3424,-0.0075,0.00344,-0.015,0.0037
2026-08-24 14:30:18,704.49,2026-08-24,691.0,0.01,0.02,0.05,1576,468,0.3213,-0.008,0.00386,-0.015,0.0039
2026-08-24 14:30:18,704.49,2026-08-24,692.0,0.01,0.06,0.06,3525,486,0.3359,-0.0164,0.00691,-0.035,0.0072
2026-08-24 14:30:18,704.49,2026-08-24,693.0,0.02,0.07,0.07,2897,555,0.3246,-0.0212,0.00888,-0.045,0.009
2026-08-24 14:30:18,704.49,2026-08-24,694.0,0.07,0.08,0.08,8463,2610,0.3272,-0.033,0.01276,-0.075,0.013
2026-08-24 14:30:18,704.49,2026-08-24,695.0,0.08,0.09,0.09,11935,999,0.3081,-0.0388,0.01546,-0.085,0.0148
2026-08-24 14:30:18,704.49,2026-08-24,696.0,0.06,0.07,0.07,7597,642,0.2677,-0.0347,0.01625,-0.065,0.0135
2026-08-24 14:30:18,704.49,2026-08-24,697.0,0.08,0.09,0.09,11985,758,0.2542,-0.0459,0.02146,-0.085,0.017
2026-08-24 14:30:18,704.49,2026-08-24,698.0,0.16,0.17,0.13,18804,556,0.2626,-0.0786,0.03166,-0.165,0.0259
2026-08-24 14:30:18,704.49,2026-08-24,699.0,0.21,0.22,0.22,20473,438,0.2483,-0.1028,0.04088,-0.215,0.0316
2026-08-24 14:30:18,704.49,2026-08-24,700.0,0.3,0.31,0.31,55914,3691,0.2392,-0.1412,0.05305,-0.305,0.0395
2026-08-24 14:30:18,704.49,2026-08-24,701.0,0.43,0.44,0.44,39795,767,0.2306,-0.1929,0.0673,-0.435,0.0483
2026-08-24 14:30:18,704.49,2026-08-24,702.0,0.61,0.62,0.62,69807,612,0.2218,-0.2595,0.08279,-0.615,0.0572
2026-08-24 14:30:18,704.49,2026-08-24,703.0,0.82,0.84,0.84,79448,508,0.208,-0.3393,0.09978,-0.83,0.0646
2026-08-24 14:30:18,704.49,2026-08-24,704.0,1.23,1.24,1.24,69059,715,0.2097,-0.4442,0.10677,-1.235,0.0697
2026-08-24 14:30:18,704.49,2026-08-24,705.0,1.65,1.67,1.65,72103,3566,0.1989,-0.5546,0.11259,-1.15,0.0697
2026-08-24 14:30:18,704.49,2026-08-24,706.0,2.26,2.27,2.27,42394,543,0.1979,-0.6642,0.10442,-0.755,0.0643
2026-08-24 14:30:18,704.49,2026-08-24,707.0,2.97,3.01,3.04,31773,728,0.1996,-0.7591,0.08844,-0.48,0.055
2026-08-24 14:30:18,704.49,2026-08-24,708.0,3.78,3.88,3.95,11600,981,0.2083,-0.8276,0.06946,-0.32,0.0451
2026-08-24 14:30:18,704.49,2026-08-24,709.0,4.53,4.8,4.86,9145,547,0.2006,-0.8966,0.05081,-0.155,0.0317
2026-08-24 14:30:18,704.49,2026-08-24,710.0,5.55,5.68,5.88,14849,1760,0.2137,-0.9261,0.0371,-0.105,0.0247
2026-08-24 14:30:18,704.49,2026-08-24,711.0,6.41,6.79,7.5,1579,1691,0.2361,-0.9392,0.0289,-0.09,0.0212
2026-08-24 14:30:18,704.49,2026-08-24,712.0,7.49,7.85,7.93,1940,1281,0.2951,-0.9233,0.02767,-0.16,0.0254
2026-08-24 14:30:18,704.49,2026-08-24,713.0,8.48,8.94,9.2,1615,792,0.3405,-0.9193,0.0249,-0.2,0.0264
2026-08-24 14:30:18,704.49,2026-08-24,714.0,9.61,10.11,10.49,487,971,0.4228,-0.8959,0.02423,-0.35,0.0319
2026-08-24 14:30:18,704.49,2026-08-24,715.0,10.31,11.05,11.2,407,1994,0.3865,-0.936,0.01837,-0.17,0.0221
2026-08-24 14:30:18,704.49,2026-08-24,716.0,11.14,12.19,12.62,270,1999,0.4075,-0.943,0.01592,-0.155,0.0202
2026-08-24 14:30:18,704.49,2026-08-24,717.0,12.46,12.94,12.66,63,1410,0.4522,-0.939,0.01513,-0.19,0.0213
2026-08-24 14:30:18,704.49,2026-08-24,718.0,13.29,13.59,14.54,130,1084,,,,,
2026-08-24 14:30:18,704.49,2026-08-24,719.0,14.26,15.19,15.77,77,871,0.5198,-0.9403,0.01294,-0.215,0.0209
2026-08-24 14:31:20,704.87,2026-08-24,690.0,0.05,0.06,0.05,6538,1115,0.4178,-0.0202,0.00664,-0.055,0.0086
2026-08-24 14:31:20,704.87,2026-08-24,691.0,0.05,0.06,0.05,1577,468,0.3936,-0.0213,0.00737,-0.055,0.009
2026-08-24 14:31:20,704.87,2026-08-24,692.0,0.05,0.06,0.02,3525,486,0.3693,-0.0226,0.00825,-0.055,0.0095
2026-08-24 14:31:20,704.87,2026-08-24,693.0,0.02,0.03,0.07,2898,555,0.3069,-0.0132,0.00627,-0.025,0.006
2026-08-24 14:31:20,704.87,2026-08-24,694.0,0.06,0.07,0.07,8513,2610,0.3291,-0.029,0.0114,-0.065,0.0117
2026-08-24 14:31:20,704.87,2026-08-24,695.0,0.03,0.04,0.08,11954,999,0.2747,-0.0197,0.00987,-0.035,0.0084
2026-08-24 14:31:20,704.87,2026-08-24,696.0,0.09,0.1,0.1,7759,642,0.2982,-0.044,0.01772,-0.095,0.0164
2026-08-24 14:31:20,704.87,2026-08-24,697.0,0.07,0.08,0.12,12061,758,0.2586,-0.0406,0.01913,-0.075,0.0154
2026-08-24 14:31:20,704.87,2026-08-24,698.0,0.14,0.15,0.15,19501,556,0.2663,-0.0697,0.02851,-0.145,0.0236
2026-08-24 14:31:20,704.87,2026-08-24,699.0,0.19,0.2,0.2,20773,438,0.2543,-0.093,0.03712,-0.195,0.0293
2026-08-24 14:31:20,704.87,2026-08-24,700.0,0.27,0.28,0.28,57268,3691,0.245,-0.1274,0.04829,-0.275,0.0368
2026-08-24 14:31:20,704.87,2026-08-24,701.0,0.38,0.39,0.39,40701,767,0.2352,-0.1727,0.06166,-0.385,0.045
2026-08-24 14:31:20,704.87,2026-08-24,702.0,0.54,0.55,0.55,71378,612,0.2264,-0.2332,0.07668,-0.545,0.0539
2026-08-24 14:31:20,704.87,2026-08-24,703.0,0.76,0.78,0.78,80848,508,0.2183,-0.3105,0.09176,-0.77,0.0622
2026-08-24 14:31:20,704.87,2026-08-24,704.0,1.05,1.1,1.1,69789,715,0.2102,-0.4041,0.10456,-1.075,0.0683
2026-08-24 14:31:20,704.87,2026-08-24,705.0,1.47,1.49,1.49,72553,3566,0.2025,-0.5114,0.11175,-1.35,0.0703
2026-08-24 14:31:20,704.87,2026-08-24,706.0,2.04,2.08,2.08,42455,543,0.2042,-0.6202,0.1058,-0.93,0.0671
2026-08-24 14:31:20,704.87,2026-08-24,707.0,2.71,2.77,2.75,31953,728,0.2053,-0.719,0.09318,-0.61,0.0594
2026-08-24 14:31:20,704.87,2026-08-24,708.0,3.52,3.57,3.43,11625,981,0.2135,-0.7945,0.0756,-0.415,0.0502
2026-08-24 14:31:20,704.87,2026-08-24,709.0,4.3,4.48,4.52,9156,547,0.2172,-0.8572,0.05891,-0.26,0.0398
2026-08-24 14:31:20,704.87,2026-08-24,710.0,5.22,5.66,5.61,14863,1760,0.2653,-0.8612,0.04732,-0.31,0.039
2026-08-24 14:31:20,704.87,2026-08-24,711.0,6.08,6.37,6.45,1680,1691,0.2278,-0.9348,0.03166,-0.095,0.0224
2026-08-24 14:31:20,704.87,2026-08-24,712.0,7.11,7.53,7.74,1942,1281,0.2951,-0.9125,0.03056,-0.19,0.028
2026-08-24 14:31:20,704.87,2026-08-24,713.0,8.08,8.51,8.68,1618,792,0.3158,-0.9258,0.02524,-0.165,0.0248
2026-08-24 14:31:20,704.87,2026-08-24,714.0,8.9,9.56,9.57,490,971,0.3141,-0.9486,0.01905,-0.1,0.0186
2026-08-24 14:31:20,704.87,2026-08-24,715.0,9.86,10.5,10.89,409,1994,0.3083,-0.9674,0.01342,-0.05,0.0128
2026-08-24 14:31:20,704.87,2026-08-24,716.0,10.94,11.73,12.62,270,1999,0.4201,-0.9311,0.01792,-0.205,0.0234
2026-08-24 14:31:20,704.87,2026-08-24,717.0,11.81,12.42,12.66,63,1410,0.2496,-0.9968,0.00221,0.015,0.0017
2026-08-24 14:31:20,704.87,2026-08-24,718.0,13.2,13.47,13.34,132,1084,0.477,-0.9381,0.01452,-0.205,0.0215
2026-08-24 14:31:20,704.87,2026-08-24,719.0,13.98,14.68,15.77,77,871,0.5026,-0.9419,0.01311,-0.2,0.0205
2026-08-24 14:32:24,705.09,2026-08-24,691.0,0.05,0.06,0.05,1577,468,0.3995,-0.0211,0.0072,-0.055,0.0089
2026-08-24 14:32:24,705.09,2026-08-24,692.0,0.05,0.06,0.02,3525,486,0.3751,-0.0223,0.00804,-0.055,0.0093
2026-08-24 14:32:24,705.09,2026-08-24,693.0,0.06,0.07,0.07,2903,555,0.3603,-0.0268,0.00976,-0.065,0.0109
2026-08-24 14:32:24,705.09,2026-08-24,694.0,0.06,0.07,0.07,8527,2610,0.3351,-0.0286,0.01107,-0.065,0.0115
2026-08-24 14:32:24,705.09,2026-08-24,695.0,0.07,0.08,0.08,11974,999,0.3175,-0.034,0.01348,-0.075,0.0133
2026-08-24 14:32:24,705.09,2026-08-24,696.0,0.09,0.1,0.06,7782,642,0.3045,-0.0433,0.01713,-0.095,0.0162
2026-08-24 14:32:24,705.09,2026-08-24,697.0,0.11,0.12,0.12,12115,758,0.2881,-0.0535,0.02147,-0.115,0.0192
2026-08-24 14:32:24,705.09,2026-08-24,698.0,0.14,0.15,0.15,19708,556,0.2733,-0.0683,0.02738,-0.145,0.0232
2026-08-24 14:32:24,705.09,2026-08-24,699.0,0.14,0.15,0.19,20859,438,0.2431,-0.0754,0.03321,-0.145,0.025
2026-08-24 14:32:24,705.09,2026-08-24,700.0,0.25,0.26,0.26,58678,3691,0.2474,-0.1189,0.04564,-0.255,0.035
2026-08-24 14:32:24,705.09,2026-08-24,701.0,0.35,0.36,0.35,40998,767,0.2371,-0.161,0.05854,-0.355,0.043
2026-08-24 14:32:24,705.09,2026-08-24,702.0,0.5,0.51,0.5,72609,612,0.2286,-0.2186,0.0733,-0.505,0.0519
2026-08-24 14:32:24,705.09,2026-08-24,703.0,0.71,0.72,0.72,82398,508,0.2205,-0.2922,0.08851,-0.715,0.0605
2026-08-24 14:32:24,705.09,2026-08-24,704.0,0.97,1.02,1.02,70374,715,0.2115,-0.3818,0.10243,-0.995,0.0671
2026-08-24 14:32:24,705.09,2026-08-24,705.0,1.38,1.44,1.44,73004,3566,0.2085,-0.4871,0.10866,-1.41,0.0702
2026-08-24 14:32:24,705.09,2026-08-24,706.0,1.84,1.86,1.92,42518,543,0.1933,-0.6023,0.11338,-0.94,0.0679
2026-08-24 14:32:24,705.09,2026-08-24,707.0,2.52,2.6,2.52,31986,728,0.2017,-0.7017,0.09767,-0.65,0.061
2026-08-24 14:32:24,705.09,2026-08-24,708.0,3.36,3.4,3.5,11630,981,0.2154,-0.7759,0.07893,-0.47,0.0527
2026-08-24 14:32:24,705.09,2026-08-24,709.0,4.05,4.31,4.33,9156,547,0.212,-0.8501,0.06243,-0.27,0.041
2026-08-24 14:32:24,705.09,2026-08-24,710.0,4.96,5.13,5.23,14868,1760,0.2072,-0.9089,0.04493,-0.135,0.0288
2026-08-24 14:32:24,705.09,2026-08-24,711.0,6.05,6.33,6.47,1681,1691,0.2845,-0.8786,0.04028,-0.28,0.0355
2026-08-24 14:32:24,705.09,2026-08-24,712.0,6.84,7.37,7.49,1944,1281,0.2904,-0.9095,0.03189,-0.195,0.0287
2026-08-24 14:32:24,705.09,2026-08-24,713.0,7.95,8.28,8.29,1618,792,0.3249,-0.9144,0.02736,-0.205,0.0275
2026-08-24 14:32:24,705.09,2026-08-24,714.0,8.99,9.38,9.22,491,971,0.3803,-0.9057,0.0251,-0.275,0.0296
2026-08-24 14:32:24,705.09,2026-08-24,715.0,10.03,10.24,10.21,418,1994,0.3929,-0.9215,0.02119,-0.225,0.0258
2026-08-24 14:32:24,705.09,2026-08-24,716.0,10.8,11.71,12.62,270,1999,0.4666,-0.9049,0.02059,-0.345,0.0298
2026-08-24 14:32:24,705.09,2026-08-24,717.0,11.95,12.5,12.66,63,1410,0.4869,-0.9146,0.01822,-0.315,0.0275
2026-08-24 14:32:24,705.09,2026-08-24,718.0,12.66,13.59,13.34,132,1084,0.476,-0.9356,0.01503,-0.215,0.0222
2026-08-24 14:32:24,705.09,2026-08-24,719.0,14.09,14.36,15.77,77,871,0.5468,-0.9225,0.01508,-0.315,0.0255
2026-08-24 14:32:24,705.09,2026-08-24,720.0,14.83,15.65,16.8,229,2546,0.5822,-0.9237,0.01399,-0.33,0.0252
2026-08-24 14:33:24,705.28,2026-08-24,691.0,0.01,0.05,0.05,1578,468,0.3706,-0.0131,0.00519,-0.03,0.0059
2026-08-24 14:33:24,705.28,2026-08-24,692.0,0.01,0.02,0.02,3525,486,0.318,-0.0081,0.00395,-0.015,0.0039
2026-08-24 14:33:24,705.28,2026-08-24,693.0,0.05,0.06,0.03,2908,555,0.3558,-0.0234,0.00884,-0.055,0.0097
2026-08-24 14:33:24,705.28,2026-08-24,694.0,0.02,0.03,0.07,8546,2610,0.2943,-0.0137,0.00678,-0.025,0.0062
2026-08-24 14:33:24,705.28,2026-08-24,695.0,0.07,0.08,0.08,11997,999,0.3229,-0.0335,0.01313,-0.075,0.0131
2026-08-24 14:33:24,705.28,2026-08-24,696.0,0.08,0.09,0.09,7816,642,0.3036,-0.0394,0.01596,-0.085,0.015
2026-08-24 14:33:24,705.28,2026-08-24,697.0,0.1,0.11,0.11,12161,758,0.2885,-0.0495,0.02017,-0.105,0.018
2026-08-24 14:33:24,705.28,2026-08-24,698.0,0.12,0.13,0.13,20362,556,0.2702,-0.0608,0.02535,-0.125,0.0212
2026-08-24 14:33:24,705.28,2026-08-24,699.0,0.12,0.17,0.13,21013,438,0.2492,-0.0739,0.03195,-0.145,0.0246
2026-08-24 14:33:24,705.28,2026-08-24,700.0,0.18,0.19,0.19,59294,3691,0.2325,-0.0961,0.0417,-0.185,0.03
2026-08-24 14:33:24,705.28,2026-08-24,701.0,0.3,0.31,0.31,41591,767,0.2324,-0.145,0.05578,-0.305,0.0401
2026-08-24 14:33:24,705.28,2026-08-24,702.0,0.44,0.45,0.45,74185,612,0.225,-0.2008,0.07095,-0.445,0.0493
2026-08-24 14:33:24,705.28,2026-08-24,703.0,0.6,0.61,0.61,83888,508,0.2112,-0.2667,0.08851,-0.605,0.0578
2026-08-24 14:33:24,705.28,2026-08-24,704.0,0.87,0.93,0.93,71097,715,0.2081,-0.3602,0.10227,-0.9,0.0658
2026-08-24 14:33:24,705.28,2026-08-24,705.0,1.25,1.3,1.3,73491,3566,0.2024,-0.4655,0.11168,-1.275,0.0699
2026-08-24 14:33:24,705.28,2026-08-24,706.0,1.74,1.76,1.79,42577,543,0.1954,-0.5799,0.11381,-1.03,0.0687
2026-08-24 14:33:24,705.28,2026-08-24,707.0,2.43,2.45,2.39,32027,728,0.2039,-0.6814,0.0996,-0.72,0.0628
2026-08-24 14:33:24,705.28,2026-08-24,708.0,3.08,3.16,3.19,11707,981,0.1942,-0.7844,0.08571,-0.4,0.0515
2026-08-24 14:33:24,705.28,2026-08-24,709.0,3.84,4.01,4.33,9156,547,0.1891,-0.8661,0.06495,-0.205,0.038
2026-08-24 14:33:24,705.28,2026-08-24,710.0,4.73,5.05,5.06,14873,1760,0.2128,-0.8943,0.04884,-0.17,0.0321
2026-08-24 14:33:24,705.28,2026-08-24,711.0,5.68,6.09,6.16,1681,1691,0.2432,-0.9074,0.03878,-0.165,0.0291
2026-08-24 14:33:24,705.28,2026-08-24,712.0,6.6,6.81,6.77,1945,1281,0.1469,-0.9951,0.00554,0.015,0.0025
2026-08-24 14:33:24,705.28,2026-08-24,713.0,7.61,8.029,8.29,1618,792,0.2756,-0.9426,0.02374,-0.0995,0.0202
2026-08-24 14:33:24,705.28,2026-08-24,714.0,8.8,9.04,9.22,491,971,0.348,-0.9206,0.02416,-0.2,0.026
2026-08-24 14:33:24,705.28,2026-08-24,715.0,9.72,9.75,9.95,419,1994,0.2662,-0.9801,0.01031,-0.015,0.0085
2026-08-24 14:33:24,705.28,2026-08-24,716.0,10.46,11.3,12.62,270,1999,0.3892,-0.9391,0.01761,-0.16,0.0212
2026-08-24 14:33:24,705.28,2026-08-24,717.0,11.63,11.96,12.66,63,1410,0.3677,-0.9633,0.01242,-0.075,0.0141
2026-08-24 14:33:24,705.28,2026-08-24,718.0,12.73,12.77,13.34,132,1084,0.3529,-0.9785,0.00828,-0.03,0.009
2026-08-24 14:33:24,705.28,2026-08-24,719.0,13.33,13.98,15.77,77,871,,,,,
2026-08-24 14:33:24,705.28,2026-08-24,720.0,14.78,15.19,15.19,230,2546,0.5504,-0.9328,0.01345,-0.265,0.0229
2026-08-24 14:34:25,705.6,2026-08-24,691.0,0.01,0.05,0.05,1582,468,0.3782,-0.0129,0.00501,-0.03,0.0058
2026-08-24 14:34:25,705.6,2026-08-24,692.0,0.01,0.06,0.02,3631,486,0.3633,-0.0154,0.00607,-0.035,0.0068
2026-08-24 14:34:25,705.6,2026-08-24,693.0,0.01,0.02,0.02,2910,555,0.3039,-0.0084,0.0043,-0.015,0.004
2026-08-24 14:34:25,705.6,2026-08-24,694.0,0.02,0.03,0.07,8696,2610,0.3019,-0.0134,0.0065,-0.025,0.006
2026-08-24 14:34:25,705.6,2026-08-24,695.0,0.06,0.07,0.08,12059,999,0.3234,-0.0295,0.01182,-0.065,0.0118
2026-08-24 14:34:25,705.6,2026-08-24,696.0,0.04,0.09,0.05,7928,642,0.2978,-0.0318,0.01364,-0.065,0.0125
2026-08-24 14:34:25,705.6,2026-08-24,697.0,0.09,0.1,0.1,12183,758,0.2919,-0.045,0.01849,-0.095,0.0166
2026-08-24 14:34:25,705.6,2026-08-24,698.0,0.11,0.12,0.09,20404,556,0.2748,-0.0559,0.02333,-0.115,0.0198
2026-08-24 14:34:25,705.6,2026-08-24,699.0,0.15,0.16,0.16,21050,438,0.2633,-0.0747,0.03053,-0.155,0.0248
2026-08-24 14:34:25,705.6,2026-08-24,700.0,0.16,0.17,0.22,59604,3691,0.2361,-0.0863,0.03798,-0.165,0.0276
2026-08-24 14:34:25,705.6,2026-08-24,701.0,0.28,0.29,0.29,41803,767,0.2391,-0.1342,0.05151,-0.285,0.038
2026-08-24 14:34:25,705.6,2026-08-24,702.0,0.4,0.41,0.41,75080,612,0.2298,-0.1836,0.06582,-0.405,0.0466
2026-08-24 14:34:25,705.6,2026-08-24,703.0,0.54,0.59,0.59,84634,508,0.219,-0.2467,0.08205,-0.565,0.0554
2026-08-24 14:34:25,705.6,2026-08-24,704.0,0.84,0.85,0.85,71390,715,0.2171,-0.3344,0.0955,-0.845,0.0639
2026-08-24 14:34:25,705.6,2026-08-24,705.0,1.17,1.18,1.21,73583,3566,0.209,-0.432,0.10711,-1.175,0.069
2026-08-24 14:34:25,705.6,2026-08-24,706.0,1.57,1.59,1.68,42623,543,0.1971,-0.5429,0.11461,-1.18,0.0697
2026-08-24 14:34:25,705.6,2026-08-24,707.0,2.24,2.26,2.27,32056,728,0.2077,-0.6464,0.10193,-0.85,0.0653
2026-08-24 14:34:25,705.6,2026-08-24,708.0,2.88,2.91,3.01,11838,981,0.1984,-0.7517,0.09088,-0.495,0.0556
2026-08-24 14:34:25,705.6,2026-08-24,709.0,3.59,3.65,4.33,9156,547,0.1817,-0.8542,0.07168,-0.22,0.0402
2026-08-24 14:34:25,705.6,2026-08-24,710.0,4.56,4.68,4.68,14889,1760,0.2169,-0.8737,0.05444,-0.22,0.0364
2026-08-24 14:34:25,705.6,2026-08-24,711.0,5.36,5.68,6.16,1681,1691,0.2173,-0.9196,0.03912,-0.12,0.0262
2026-08-24 14:34:25,705.6,2026-08-24,712.0,6.5,6.73,6.77,1945,1281,0.2817,-0.8998,0.03552,-0.215,0.0309
2026-08-24 14:34:25,705.6,2026-08-24,713.0,7.49,8.02,8.29,1618,792,0.3567,-0.8785,0.03221,-0.355,0.0354
2026-08-24 14:34:25,705.6,2026-08-24,714.0,8.33,8.88,9.22,491,971,0.3406,-0.9176,0.02543,-0.205,0.0267
2026-08-24 14:34:25,705.6,2026-08-24,715.0,9.27,9.48,9.49,420,1994,,,,,
2026-08-24 14:34:25,705.6,2026-08-24,716.0,10.22,10.98,12.62,270,1999,0.3982,-0.9291,0.0194,-0.2,0.0238
2026-08-24 14:34:25,705.6,2026-08-24,717.0,11.41,11.97,12.66,63,1410,0.4633,-0.9165,0.01887,-0.29,0.027
2026-08-24 14:34:25,705.6,2026-08-24,718.0,12.42,12.76,13.34,132,1084,0.4511,-0.9387,0.0153,-0.19,0.0213
2026-08-24 14:34:25,705.6,2026-08-24,719.0,13.05,13.69,15.77,77,871,,,,,
2026-08-24 14:34:25,705.6,2026-08-24,720.0,14.28,14.69,15.19,230,2546,0.4431,-0.9659,0.00972,-0.085,0.0133
2026-08-24 14:35:26,705.83,2026-08-24,691.0,0.04,0.05,0.05,1590,468,0.4065,-0.0174,0.00604,-0.045,0.0076
2026-08-24 14:35:26,705.83,2026-08-24,692.0,0.01,0.06,0.06,3632,486,0.369,-0.0152,0.00591,-0.035,0.0067
2026-08-24 14:35:26,705.83,2026-08-24,693.0,0.01,0.02,0.02,2940,555,0.3091,-0.0083,0.00418,-0.015,0.004
2026-08-24 14:35:26,705.83,2026-08-24,694.0,0.05,0.06,0.07,8722,2610,0.3455,-0.0241,0.00934,-0.055,0.0099
2026-08-24 14:35:26,705.83,2026-08-24,695.0,0.06,0.07,0.07,12104,999,0.3297,-0.0291,0.01146,-0.065,0.0116
2026-08-24 14:35:26,705.83,2026-08-24,696.0,0.03,0.08,0.08,7941,642,0.2956,-0.0276,0.01226,-0.055,0.0111
2026-08-24 14:35:26,705.83,2026-08-24,697.0,0.09,0.1,0.1,12287,758,0.2985,-0.0442,0.01783,-0.095,0.0164
2026-08-24 14:35:26,705.83,2026-08-24,698.0,0.07,0.08,0.12,20485,556,0.2588,-0.0407,0.01927,-0.075,0.0153
2026-08-24 14:35:26,705.83,2026-08-24,699.0,0.14,0.15,0.15,21138,438,0.2664,-0.07,0.02872,-0.145,0.0235
2026-08-24 14:35:26,705.83,2026-08-24,700.0,0.15,0.16,0.2,60034,3691,0.2399,-0.0809,0.03564,-0.155,0.0263
2026-08-24 14:35:26,705.83,2026-08-24,701.0,0.26,0.27,0.27,41995,767,0.2421,-0.1253,0.04856,-0.265,0.0362
2026-08-24 14:35:26,705.83,2026-08-24,702.0,0.33,0.34,0.34,75629,612,0.2234,-0.1616,0.06251,-0.335,0.043
2026-08-24 14:35:26,705.83,2026-08-24,703.0,0.49,0.5,0.54,85411,508,0.2164,-0.2252,0.07906,-0.495,0.0526
2026-08-24 14:35:26,705.83,2026-08-24,704.0,0.73,0.78,0.78,72048,715,0.2149,-0.3107,0.09369,-0.755,0.0619
2026-08-24 14:35:26,705.83,2026-08-24,705.0,1.06,1.11,1.11,73852,3566,0.2103,-0.4079,0.10527,-1.085,0.0681
2026-08-24 14:35:26,705.83,2026-08-24,706.0,1.53,1.55,1.56,42644,543,0.2091,-0.5154,0.10871,-1.37,0.0699
2026-08-24 14:35:26,705.83,2026-08-24,707.0,2.05,2.07,2.12,32080,728,0.2014,-0.6267,0.1072,-0.89,0.0664
2026-08-24 14:35:26,705.83,2026-08-24,708.0,2.71,2.76,2.75,11923,981,0.2005,-0.7285,0.09428,-0.565,0.0582
2026-08-24 14:35:26,705.83,2026-08-24,709.0,3.55,3.61,4.33,9157,547,0.2152,-0.7968,0.07488,-0.41,0.0496
2026-08-24 14:35:26,705.83,2026-08-24,710.0,4.36,4.54,4.5,14903,1760,0.2247,-0.8526,0.05849,-0.28,0.0404
2026-08-24 14:35:26,705.83,2026-08-24,711.0,5.27,5.35,6.16,1681,1691,0.2178,-0.9101,0.0425,-0.14,0.0285
2026-08-24 14:35:26,705.83,2026-08-24,712.0,6.32,6.46,6.77,1945,1281,0.2762,-0.8963,0.0372,-0.22,0.0316
2026-08-24 14:35:26,705.83,2026-08-24,713.0,7.28,7.49,8.29,1618,792,0.3065,-0.9065,0.03106,-0.215,0.0293
2026-08-24 14:35:26,705.83,2026-08-24,714.0,8.26,8.81,9.22,492,971,0.3859,-0.8835,0.02895,-0.365,0.0344
2026-08-24 14:35:26,705.83,2026-08-24,715.0,9.09,9.56,9.49,422,1994,0.3435,-0.9338,0.02134,-0.155,0.0225
2026-08-24 14:35:26,705.83,2026-08-24,716.0,10.1,10.78,12.62,270,1999,0.419,-0.9141,0.02135,-0.27,0.0275
2026-08-24 14:35:26,705.83,2026-08-24,717.0,11.02,11.62,12.66,63,1410,0.3978,-0.943,0.01639,-0.15,0.0201
2026-08-24 14:35:26,705.83,2026-08-24,718.0,12.26,12.46,13.34,132,1084,0.4451,-0.9379,0.01567,-0.19,0.0215
2026-08-24 14:35:26,705.83,2026-08-24,719.0,13.04,13.61,15.77,77,871,0.4555,-0.948,0.01333,-0.155,0.0187
2026-08-24 14:35:26,705.83,2026-08-24,720.0,14.13,14.64,15.19,230,2546,0.5133,-0.9394,0.01333,-0.215,0.0211
2026-08-24 14:36:27,705.77,2026-08-24,691.0,0.01,0.02,0.05,1629,468,0.3509,-0.0074,0.00334,-0.015,0.0036
2026-08-24 14:36:27,705.77,2026-08-24,692.0,0.05,0.06,0.05,3655,486,0.3938,-0.0215,0.00745,-0.055,0.009
2026-08-24 14:36:27,705.77,2026-08-24,693.0,0.05,0.06,0.06,2951,555,0.3693,-0.0227,0.00834,-0.055,0.0094
2026-08-24 14:36:27,705.77,2026-08-24,694.0,0.05,0.06,0.06,8867,2610,0.3446,-0.0242,0.00941,-0.055,0.0099
2026-08-24 14:36:27,705.77,2026-08-24,695.0,0.06,0.07,0.07,12185,999,0.3287,-0.0292,0.01155,-0.065,0.0116
2026-08-24 14:36:27,705.77,2026-08-24,696.0,0.03,0.04,0.04,7946,642,0.2741,-0.0198,0.01002,-0.035,0.0084
2026-08-24 14:36:27,705.77,2026-08-24,697.0,0.09,0.1,0.1,12505,758,0.2974,-0.0444,0.018,-0.095,0.0164
2026-08-24 14:36:27,705.77,2026-08-24,698.0,0.11,0.12,0.12,20681,556,0.2805,-0.055,0.02266,-0.115,0.0195
2026-08-24 14:36:27,705.77,2026-08-24,699.0,0.14,0.15,0.15,21371,438,0.2651,-0.0704,0.02905,-0.145,0.0236
2026-08-24 14:36:27,705.77,2026-08-24,700.0,0.15,0.16,0.16,61546,3691,0.2384,-0.0815,0.0361,-0.155,0.0264
2026-08-24 14:36:27,705.77,2026-08-24,701.0,0.26,0.27,0.28,42619,767,0.2404,-0.1262,0.04924,-0.265,0.0363
2026-08-24 14:36:27,705.77,2026-08-24,702.0,0.32,0.37,0.37,77211,612,0.2238,-0.1655,0.06347,-0.345,0.0435
2026-08-24 14:36:27,705.77,2026-08-24,703.0,0.51,0.52,0.53,91031,508,0.2179,-0.2312,0.07981,-0.515,0.0533
2026-08-24 14:36:27,705.77,2026-08-24,704.0,0.75,0.76,0.72,73174,715,0.2122,-0.314,0.09546,-0.755,0.0621
2026-08-24 14:36:27,705.77,2026-08-24,705.0,1.04,1.05,1.05,74461,3566,0.2011,-0.4104,0.11041,-1.045,0.0681
2026-08-24 14:36:27,705.77,2026-08-24,706.0,1.52,1.53,1.56,42749,543,0.2028,-0.5227,0.11217,-1.295,0.0697
2026-08-24 14:36:27,705.77,2026-08-24,707.0,2.05,2.08,2.22,32197,728,0.1967,-0.6364,0.10898,-0.835,0.0657
2026-08-24 14:36:27,705.77,2026-08-24,708.0,2.65,2.77,2.81,11938,981,0.1887,-0.7473,0.09674,-0.48,0.056
2026-08-24 14:36:27,705.77,2026-08-24,709.0,3.46,3.48,3.77,9157,547,0.1809,-0.8436,0.07568,-0.24,0.042
2026-08-24 14:36:27,705.77,2026-08-24,710.0,4.34,4.57,4.62,14922,1760,0.213,-0.8693,0.05693,-0.225,0.0372
2026-08-24 14:36:27,705.77,2026-08-24,711.0,5.27,5.52,5.5,1698,1691,0.2285,-0.9023,0.04312,-0.165,0.0302
2026-08-24 14:36:27,705.77,2026-08-24,712.0,6.17,6.71,6.72,1947,1281,0.2754,-0.8996,0.03651,-0.21,0.0308
2026-08-24 14:36:27,705.77,2026-08-24,713.0,7.25,7.74,7.54,1620,792,0.3253,-0.8954,0.03184,-0.265,0.0318
2026-08-24 14:36:27,705.77,2026-08-24,714.0,8.1,8.46,8.59,494,971,0.2617,-0.9623,0.01791,-0.05,0.0144
2026-08-24 14:36:27,705.77,2026-08-24,715.0,9.33,9.63,9.55,436,1994,0.3835,-0.9128,0.02363,-0.25,0.0278
2026-08-24 14:36:27,705.77,2026-08-24,716.0,10.14,10.76,12.62,270,1999,0.4025,-0.9242,0.02026,-0.22,0.025
2026-08-24 14:36:27,705.77,2026-08-24,717.0,11.12,11.64,12.66,65,1410,0.4001,-0.9432,0.01628,-0.15,0.02
2026-08-24 14:36:27,705.77,2026-08-24,718.0,12.21,12.52,13.34,132,1084,0.4197,-0.9497,0.0141,-0.135,0.0181
2026-08-24 14:36:27,705.77,2026-08-24,719.0,13.16,13.95,15.77,77,871,0.5332,-0.9185,0.01614,-0.325,0.0264
2026-08-24 14:36:27,705.77,2026-08-24,720.0,14.15,14.63,15.19,230,2546,0.4877,-0.9497,0.01214,-0.16,0.0182
2026-08-24 14:37:29,705.98,2026-08-24,691.0,0.04,0.05,0.04,1629,468,0.4112,-0.0173,0.00595,-0.045,0.0075
2026-08-24 14:37:29,705.98,2026-08-24,692.0,0.01,0.05,0.05,3805,486,0.3657,-0.0134,0.00536,-0.03,0.006
2026-08-24 14:37:29,705.98,2026-08-24,693.0,0.05,0.06,0.06,3049,555,0.3749,-0.0224,0.00814,-0.055,0.0093
2026-08-24 14:37:29,705.98,2026-08-24,694.0,0.01,0.06,0.02,8915,2610,0.3269,-0.017,0.00736,-0.035,0.0074
2026-08-24 14:37:29,705.98,2026-08-24,695.0,0.02,0.03,0.03,12201,999,0.289,-0.014,0.00707,-0.025,0.0063
2026-08-24 14:37:29,705.98,2026-08-24,696.0,0.07,0.08,0.08,8023,642,0.3167,-0.0342,0.0137,-0.075,0.0133
2026-08-24 14:37:29,705.98,2026-08-24,697.0,0.08,0.09,0.09,12541,758,0.2971,-0.0404,0.01671,-0.085,0.0152
2026-08-24 14:37:29,705.98,2026-08-24,698.0,0.06,0.07,0.11,20847,556,0.2567,-0.0363,0.01774,-0.065,0.0139
2026-08-24 14:37:29,705.98,2026-08-24,699.0,0.12,0.13,0.13,21640,438,0.2628,-0.0626,0.02678,-0.125,0.0215
2026-08-24 14:37:29,705.98,2026-08-24,700.0,0.16,0.18,0.18,62325,3691,0.2509,-0.0844,0.03528,-0.17,0.0271
2026-08-24 14:37:29,705.98,2026-08-24,701.0,0.23,0.24,0.24,42948,767,0.2394,-0.1149,0.04632,-0.235,0.0339
2026-08-24 14:37:29,705.98,2026-08-24,702.0,0.29,0.3,0.3,78827,612,0.2201,-0.1481,0.06007,-0.295,0.0404
2026-08-24 14:37:29,705.98,2026-08-24,703.0,0.43,0.44,0.44,92473,508,0.2117,-0.2077,0.07735,-0.435,0.0501
2026-08-24 14:37:29,705.98,2026-08-24,704.0,0.69,0.7,0.7,74427,715,0.2132,-0.2948,0.09251,-0.695,0.0603
2026-08-24 14:37:29,705.98,2026-08-24,705.0,0.95,0.96,1.01,75664,3566,0.2005,-0.3869,0.10917,-0.955,0.0669
2026-08-24 14:37:29,705.98,2026-08-24,706.0,1.42,1.43,1.43,43627,543,0.2042,-0.4991,0.11174,-1.405,0.0698
2026-08-24 14:37:29,705.98,2026-08-24,707.0,1.9,1.96,1.98,32305,728,0.1965,-0.6136,0.11138,-0.91,0.0669
2026-08-24 14:37:29,705.98,2026-08-24,708.0,2.54,2.64,2.52,11943,981,0.1949,-0.7204,0.0987,-0.57,0.0588
2026-08-24 14:37:29,705.98,2026-08-24,709.0,3.38,3.43,3.39,9163,547,0.2046,-0.798,0.07871,-0.385,0.0493
2026-08-24 14:37:29,705.98,2026-08-24,710.0,4.08,4.21,4.29,15038,1760,0.1767,-0.9013,0.05625,-0.125,0.0304
2026-08-24 14:37:29,705.98,2026-08-24,711.0,4.84,5.22,5.55,1829,1691,0.1497,-0.9714,0.02498,-0.01,0.0114
2026-08-24 14:37:29,705.98,2026-08-24,712.0,5.88,6.14,6.72,1947,1281,0.147,-0.9899,0.01045,0.01,0.0047
2026-08-24 14:37:29,705.98,2026-08-24,713.0,6.92,7.2,7.57,1621,792,0.2236,-0.9623,0.02098,-0.04,0.0143
2026-08-24 14:37:29,705.98,2026-08-24,714.0,7.72,8.17,8.59,496,971,,,,,
2026-08-24 14:37:29,705.98,2026-08-24,715.0,8.8,9.18,9.21,446,1994,,,,,
2026-08-24 14:37:29,705.98,2026-08-24,716.0,9.95,10.33,12.62,270,1999,0.3516,-0.9464,0.01773,-0.12,0.0191
2026-08-24 14:37:29,705.98,2026-08-24,717.0,10.63,11.37,11.61,65,1410,,,,,
2026-08-24 14:37:29,705.98,2026-08-24,718.0,11.94,12.24,13.34,132,1084,0.3735,-0.9654,0.01171,-0.07,0.0134
2026-08-24 14:37:29,705.98,2026-08-24,719.0,13.12,13.4,15.77,77,871,0.4933,-0.9315,0.0153,-0.24,0.0231
2026-08-24 14:37:29,705.98,2026-08-24,720.0,13.88,14.64,15.19,230,2546,0.5221,-0.9347,0.01393,-0.24,0.0222
2026-08-24 14:38:30,705.74,2026-08-24,691.0,0.01,0.02,0.04,1639,468,0.3514,-0.0074,0.00335,-0.015,0.0036
2026-08-24 14:38:30,705.74,2026-08-24,692.0,0.01,0.02,0.02,3812,486,0.3301,-0.0079,0.00375,-0.015,0.0038
2026-08-24 14:38:30,705.74,2026-08-24,693.0,0.05,0.06,0.05,3050,555,0.3697,-0.0228,0.00837,-0.055,0.0094
2026-08-24 14:38:30,705.74,2026-08-24,694.0,0.01,0.06,0.06,8966,2610,0.3219,-0.0172,0.00759,-0.035,0.0074
2026-08-24 14:38:30,705.74,2026-08-24,695.0,0.06,0.07,0.07,12222,999,0.329,-0.0292,0.0116,-0.065,0.0116
2026-08-24 14:38:30,705.74,2026-08-24,696.0,0.07,0.08,0.08,8048,642,0.311,-0.0348,0.01418,-0.075,0.0134
2026-08-24 14:38:30,705.74,2026-08-24,697.0,0.04,0.05,0.05,12980,758,0.2603,-0.026,0.0133,-0.045,0.0105
2026-08-24 14:38:30,705.74,2026-08-24,698.0,0.06,0.11,0.11,21032,556,0.2639,-0.0448,0.02052,-0.085,0.0165
2026-08-24 14:38:30,705.74,2026-08-24,699.0,0.13,0.14,0.1,21765,438,0.2607,-0.0674,0.02865,-0.135,0.0228
2026-08-24 14:38:30,705.74,2026-08-24,700.0,0.18,0.19,0.15,63135,3691,0.2491,-0.0913,0.03774,-0.185,0.0286
2026-08-24 14:38:30,705.74,2026-08-24,701.0,0.25,0.26,0.26,43249,767,0.2373,-0.1239,0.0494,-0.255,0.0357
2026-08-24 14:38:30,705.74,2026-08-24,702.0,0.36,0.37,0.37,79544,612,0.2279,-0.171,0.06386,-0.365,0.0443
2026-08-24 14:38:30,705.74,2026-08-24,703.0,0.48,0.53,0.52,93607,508,0.2154,-0.2303,0.08082,-0.505,0.053
2026-08-24 14:38:30,705.74,2026-08-24,704.0,0.7,0.72,0.72,76197,715,0.2041,-0.3097,0.09899,-0.71,0.0615
2026-08-24 14:38:30,705.74,2026-08-24,705.0,1.03,1.08,1.08,76545,3566,0.2014,-0.4136,0.11081,-1.055,0.068
2026-08-24 14:38:30,705.74,2026-08-24,706.0,1.51,1.53,1.55,43724,543,0.2004,-0.5265,0.11378,-1.26,0.0695
2026-08-24 14:38:30,705.74,2026-08-24,707.0,2.04,2.06,2.11,32423,728,0.1921,-0.6434,0.11122,-0.79,0.0651
2026-08-24 14:38:30,705.74,2026-08-24,708.0,2.76,2.82,2.82,11965,981,0.1995,-0.739,0.09333,-0.53,0.0567
2026-08-24 14:38:30,705.74,2026-08-24,709.0,3.46,3.52,3.62,9167,547,0.1802,-0.8476,0.07493,-0.23,0.0411
2026-08-24 14:38:30,705.74,2026-08-24,710.0,4.28,4.48,4.52,15050,1760,0.183,-0.9068,0.05216,-0.12,0.0291
2026-08-24 14:38:30,705.74,2026-08-24,711.0,5.01,5.45,5.34,1831,1691,,,,,
2026-08-24 14:38:30,705.74,2026-08-24,712.0,6.28,6.56,6.53,1967,1281,0.26,-0.9141,0.03458,-0.16,0.0274
2026-08-24 14:38:30,705.74,2026-08-24,713.0,7.22,7.6,7.22,1647,792,0.2866,-0.9246,0.02842,-0.15,0.0248
2026-08-24 14:38:30,705.74,2026-08-24,714.0,8.21,8.37,8.25,496,971,0.2478,-0.9707,0.01542,-0.03,0.0116
2026-08-24 14:38:30,705.74,2026-08-24,715.0,8.78,9.48,9.37,459,1994,,,,,
2026-08-24 14:38:30,705.74,2026-08-24,716.0,9.79,10.57,10.4,280,1999,,,,,
2026-08-24 14:38:30,705.74,2026-08-24,717.0,11.13,11.61,11.61,65,1410,0.3806,-0.953,0.01479,-0.11,0.0171
2026-08-24 14:38:30,705.74,2026-08-24,718.0,11.86,12.35,13.34,132,1084,,,,,
2026-08-24 14:38:30,705.74,2026-08-24,719.0,12.97,13.3,15.77,77,871,,,,,
2026-08-24 14:38:30,705.74,2026-08-24,720.0,13.93,14.23,14.23,233,2546,,,,,
2026-08-24 14:39:31,705.86,2026-08-24,691.0,0.01,0.05,0.04,1640,468,0.3869,-0.0127,0.00488,-0.03,0.0057
2026-08-24 14:39:31,705.86,2026-08-24,692.0,0.01,0.02,0.05,3812,486,0.333,-0.0078,0.0037,-0.015,0.0037
2026-08-24 14:39:31,705.86,2026-08-24,693.0,0.01,0.06,0.06,3060,555,0.3486,-0.0161,0.00661,-0.035,0.007
2026-08-24 14:39:31,705.86,2026-08-24,694.0,0.05,0.06,0.06,8968,2610,0.3483,-0.024,0.00931,-0.055,0.0099
2026-08-24 14:39:31,705.86,2026-08-24,695.0,0.02,0.07,0.03,12239,999,0.3131,-0.0221,0.00966,-0.045,0.0092
2026-08-24 14:39:31,705.86,2026-08-24,696.0,0.03,0.04,0.04,8065,642,0.2774,-0.0197,0.00989,-0.035,0.0083
2026-08-24 14:39:31,705.86,2026-08-24,697.0,0.04,0.05,0.09,13069,758,0.2636,-0.0258,0.01305,-0.045,0.0104
2026-08-24 14:39:31,705.86,2026-08-24,698.0,0.1,0.11,0.11,21278,556,0.2789,-0.0513,0.02166,-0.105,0.0184
2026-08-24 14:39:31,705.86,2026-08-24,699.0,0.09,0.1,0.14,21910,438,0.2451,-0.0527,0.02515,-0.095,0.0187
2026-08-24 14:39:31,705.86,2026-08-24,700.0,0.17,0.18,0.18,63509,3691,0.2496,-0.0871,0.03643,-0.175,0.0276
2026-08-24 14:39:31,705.86,2026-08-24,701.0,0.2,0.21,0.21,43559,767,0.2269,-0.1076,0.0468,-0.205,0.0323
2026-08-24 14:39:31,705.86,2026-08-24,702.0,0.34,0.35,0.35,80693,612,0.2281,-0.1636,0.06209,-0.345,0.043
2026-08-24 14:39:31,705.86,2026-08-24,703.0,0.45,0.5,0.49,95499,508,0.215,-0.2203,0.07909,-0.475,0.0517
2026-08-24 14:39:31,705.86,2026-08-24,704.0,0.7,0.71,0.71,77527,715,0.2093,-0.3027,0.09567,-0.705,0.0608
2026-08-24 14:39:31,705.86,2026-08-24,705.0,1,1.02,1.02,77210,3566,0.202,-0.401,0.1098,-1.01,0.0674
2026-08-24 14:39:31,705.86,2026-08-24,706.0,1.42,1.44,1.41,43778,543,0.1964,-0.5138,0.11647,-1.285,0.0695
2026-08-24 14:39:31,705.86,2026-08-24,707.0,1.97,1.99,2.02,32455,728,0.1929,-0.6302,0.11229,-0.835,0.0658
2026-08-24 14:39:31,705.86,2026-08-24,708.0,2.69,2.73,2.73,11969,981,0.2006,-0.7274,0.09504,-0.565,0.0579
2026-08-24 14:39:31,705.86,2026-08-24,709.0,3.41,3.49,3.55,9177,547,0.1934,-0.8221,0.0773,-0.305,0.0454
2026-08-24 14:39:31,705.86,2026-08-24,710.0,4.22,4.28,4.38,15158,1760,0.1744,-0.9118,0.05265,-0.105,0.0279
2026-08-24 14:39:31,705.86,2026-08-24,711.0,5.11,5.41,5.2,1862,1691,0.2091,-0.9191,0.04114,-0.115,0.0261
2026-08-24 14:39:31,705.86,2026-08-24,712.0,5.87,6.24,6.36,1967,1281,,,,,
2026-08-24 14:39:31,705.86,2026-08-24,713.0,7.02,7.21,7.38,1647,792,,,,,
2026-08-24 14:39:31,705.86,2026-08-24,714.0,7.76,8.27,8.25,496,971,,,,,
2026-08-24 14:39:31,705.86,2026-08-24,715.0,8.78,9.22,9.4,459,1994,,,,,
2026-08-24 14:39:31,705.86,2026-08-24,716.0,9.83,10.62,10.4,280,1999,0.333,-0.958,0.01544,-0.08,0.0156
2026-08-24 14:39:31,705.86,2026-08-24,717.0,10.8,11.23,11.61,65,1410,,,,,
2026-08-24 14:39:31,705.86,2026-08-24,718.0,12,12.6,13.34,132,1084,0.4299,-0.9451,0.01482,-0.155,0.0194
2026-08-24 14:39:31,705.86,2026-08-24,719.0,13.06,13.27,15.77,77,871,0.3533,-0.9825,0.00703,-0.02,0.0075
2026-08-24 14:39:31,705.86,2026-08-24,720.0,14.01,14.67,14.23,233,2546,0.5059,-0.9429,0.01299,-0.195,0.02
2026-08-24 14:40:32,705.88,2026-08-24,691.0,0.04,0.05,0.04,1658,468,0.4108,-0.0174,0.00601,-0.045,0.0075
2026-08-24 14:40:32,705.88,2026-08-24,692.0,0.01,0.02,0.05,3828,486,0.3341,-0.0078,0.00368,-0.015,0.0037
2026-08-24 14:40:32,705.88,2026-08-24,693.0,0.05,0.06,0.06,3061,555,0.3743,-0.0226,0.00824,-0.055,0.0093
2026-08-24 14:40:32,705.88,2026-08-24,694.0,0.01,0.06,0.02,8978,2610,0.3261,-0.0171,0.00746,-0.035,0.0074
2026-08-24 14:40:32,705.88,2026-08-24,695.0,0.06,0.07,0.07,12254,999,0.3336,-0.029,0.01139,-0.065,0.0115
2026-08-24 14:40:32,705.88,2026-08-24,696.0,0.03,0.04,0.08,8172,642,0.2784,-0.0197,0.00985,-0.035,0.0083
2026-08-24 14:40:32,705.88,2026-08-24,697.0,0.08,0.09,0.09,13102,758,0.2959,-0.0407,0.01697,-0.085,0.0152
2026-08-24 14:40:32,705.88,2026-08-24,698.0,0.1,0.11,0.07,21412,556,0.2801,-0.0512,0.02157,-0.105,0.0183
2026-08-24 14:40:32,705.88,2026-08-24,699.0,0.1,0.15,0.15,22006,438,0.2611,-0.0632,0.02729,-0.125,0.0216
2026-08-24 14:40:32,705.88,2026-08-24,700.0,0.14,0.15,0.15,63934,3691,0.2394,-0.0771,0.03471,-0.145,0.0252
2026-08-24 14:40:32,705.88,2026-08-24,701.0,0.22,0.23,0.23,44007,767,0.2342,-0.1133,0.04713,-0.225,0.0334
2026-08-24 14:40:32,705.88,2026-08-24,702.0,0.32,0.37,0.33,81617,612,0.2294,-0.163,0.0617,-0.345,0.0429
2026-08-24 14:40:32,705.88,2026-08-24,703.0,0.48,0.53,0.53,96846,508,0.2222,-0.2254,0.07766,-0.505,0.0522
2026-08-24 14:40:32,705.88,2026-08-24,704.0,0.76,0.77,0.77,78328,715,0.2208,-0.3094,0.09176,-0.765,0.0613
2026-08-24 14:40:32,705.88,2026-08-24,705.0,1.08,1.09,1.09,77589,3566,0.2149,-0.404,0.10355,-1.085,0.0674
2026-08-24 14:40:32,705.88,2026-08-24,706.0,1.53,1.55,1.55,43875,543,0.2144,-0.5098,0.10689,-1.42,0.0694
2026-08-24 14:40:32,705.88,2026-08-24,707.0,2.04,2.13,2,32508,728,0.2114,-0.6166,0.10376,-0.965,0.0664
2026-08-24 14:40:32,705.88,2026-08-24,708.0,2.78,2.83,2.74,11985,981,0.2201,-0.7072,0.08978,-0.685,0.0598
2026-08-24 14:40:32,705.88,2026-08-24,709.0,3.5,3.64,3.55,9192,547,0.2228,-0.7868,0.07499,-0.45,0.0506
2026-08-24 14:40:32,705.88,2026-08-24,710.0,4.38,4.48,4.5,15166,1760,0.2319,-0.8439,0.05933,-0.31,0.0417
2026-08-24 14:40:32,705.88,2026-08-24,711.0,4.98,5.33,5.45,1862,1691,0.171,-0.956,0.03129,-0.035,0.0162
2026-08-24 14:40:32,705.88,2026-08-24,712.0,5.99,6.29,6.36,1967,1281,0.1864,-0.9693,0.02138,-0.02,0.0121
2026-08-24 14:40:32,705.88,2026-08-24,713.0,6.97,7.49,7.38,1647,792,0.2661,-0.936,0.02704,-0.11,0.0218
2026-08-24 14:40:32,705.88,2026-08-24,714.0,8.029,8.46,8.21,506,971,0.3017,-0.937,0.02356,-0.1245,0.0215
2026-08-24 14:40:32,705.88,2026-08-24,715.0,8.93,9.49,9.4,460,1994,0.312,-0.9517,0.01848,-0.09,0.0175
2026-08-24 14:40:32,705.88,2026-08-24,716.0,9.75,10.55,10.4,280,1999,0.2941,-0.9748,0.01151,-0.03,0.0102
2026-08-24 14:40:32,705.88,2026-08-24,717.0,11.11,11.58,11.61,65,1410,0.4334,-0.9272,0.01835,-0.225,0.0241
2026-08-24 14:40:32,705.88,2026-08-24,718.0,12,12.47,13.34,132,1084,0.4077,-0.9541,0.01357,-0.115,0.0168
2026-08-24 14:40:32,705.88,2026-08-24,719.0,13.42,13.65,15.77,77,871,0.5654,-0.9053,0.01714,-0.415,0.0293
2026-08-24 14:40:32,705.88,2026-08-24,720.0,13.9,14.35,14.23,233,2546,0.3515,-0.9886,0.00487,-0.005,0.0052
2026-08-24 14:41:32,706.31,2026-08-24,692.0,0.01,0.05,0.05,3828,486,0.3754,-0.0131,0.00517,-0.03,0.0059
2026-08-24 14:41:32,706.31,2026-08-24,693.0,0.05,0.06,0.06,3084,555,0.3853,-0.022,0.00784,-0.055,0.0091
2026-08-24 14:41:32,706.31,2026-08-24,694.0,0.01,0.06,0.02,8978,2610,0.3366,-0.0166,0.00706,-0.035,0.0072
2026-08-24 14:41:32,706.31,2026-08-24,695.0,0.02,0.07,0.07,12292,999,0.325,-0.0214,0.00909,-0.045,0.0089
2026-08-24 14:41:32,706.31,2026-08-24,696.0,0.03,0.04,0.04,8206,642,0.289,-0.019,0.00924,-0.035,0.0081
2026-08-24 14:41:32,706.31,2026-08-24,697.0,0.08,0.09,0.09,13228,758,0.3078,-0.0393,0.01588,-0.085,0.0148
2026-08-24 14:41:32,706.31,2026-08-24,698.0,0.1,0.11,0.11,21581,556,0.2925,-0.0494,0.02008,-0.105,0.0178
2026-08-24 14:41:32,706.31,2026-08-24,699.0,0.08,0.13,0.09,22262,438,0.2641,-0.0539,0.02386,-0.105,0.019
2026-08-24 14:41:32,706.31,2026-08-24,700.0,0.12,0.17,0.17,64339,3691,0.2529,-0.0737,0.03176,-0.145,0.0243
2026-08-24 14:41:32,706.31,2026-08-24,701.0,0.21,0.22,0.23,44366,767,0.2459,-0.1049,0.04251,-0.215,0.0316
2026-08-24 14:41:32,706.31,2026-08-24,702.0,0.26,0.27,0.31,82402,612,0.2257,-0.1337,0.05496,-0.265,0.0375
2026-08-24 14:41:32,706.31,2026-08-24,703.0,0.43,0.44,0.43,100476,508,0.2267,-0.1978,0.07058,-0.435,0.0484
2026-08-24 14:41:32,706.31,2026-08-24,704.0,0.57,0.58,0.58,78804,715,0.2097,-0.2603,0.08904,-0.575,0.0564
2026-08-24 14:41:32,706.31,2026-08-24,705.0,0.83,0.88,0.88,77876,3566,0.2051,-0.3537,0.10425,-0.855,0.0646
2026-08-24 14:41:32,706.31,2026-08-24,706.0,1.2,1.21,1.28,43919,543,0.1965,-0.4607,0.11618,-1.205,0.069
2026-08-24 14:41:32,706.31,2026-08-24,707.0,1.7,1.77,2,32534,728,0.1979,-0.5764,0.11383,-1.045,0.0681
2026-08-24 14:41:32,706.31,2026-08-24,708.0,2.38,2.39,2.43,12098,981,0.2005,-0.6831,0.10215,-0.695,0.0619
2026-08-24 14:41:32,706.31,2026-08-24,709.0,3.12,3.15,3.38,9203,547,0.2038,-0.7734,0.08499,-0.445,0.0523
2026-08-24 14:41:32,706.31,2026-08-24,710.0,3.91,3.99,4.07,15187,1760,0.204,-0.8485,0.06618,-0.26,0.0408
2026-08-24 14:41:32,706.31,2026-08-24,711.0,4.68,4.98,4.98,1864,1691,0.2043,-0.9046,0.04772,-0.14,0.0295
2026-08-24 14:41:32,706.31,2026-08-24,712.0,5.67,6.09,6.4,1968,1281,0.2532,-0.8997,0.03994,-0.19,0.0306
2026-08-24 14:41:32,706.31,2026-08-24,713.0,6.56,7.06,7.38,1647,792,0.2582,-0.93,0.0299,-0.12,0.0233
2026-08-24 14:41:32,706.31,2026-08-24,714.0,7.62,8.109,8.21,506,971,0.3105,-0.9207,0.02736,-0.1745,0.0257
2026-08-24 14:41:32,706.31,2026-08-24,715.0,8.68,8.94,9.04,462,1994,0.3162,-0.9411,0.02136,-0.12,0.0204
2026-08-24 14:41:32,706.31,2026-08-24,716.0,9.61,10.26,10.4,280,1999,0.3986,-0.9164,0.02218,-0.245,0.0267
2026-08-24 14:41:32,706.31,2026-08-24,717.0,10.74,11.18,11.61,65,1410,0.4386,-0.9167,0.02009,-0.27,0.0266
2026-08-24 14:41:32,706.31,2026-08-24,718.0,11.74,12.21,13.34,132,1084,0.4748,-0.9187,0.01823,-0.285,0.0262
2026-08-24 14:41:32,706.31,2026-08-24,719.0,12.68,13.24,15.77,77,871,0.499,-0.9253,0.01627,-0.27,0.0245
2026-08-24 14:41:32,706.31,2026-08-24,720.0,13.65,14.1,14.23,233,2546,0.4894,-0.9436,0.01334,-0.185,0.0197
2026-08-24 14:41:32,706.31,2026-08-24,721.0,14.44,15.1,16.97,38,552,0.4507,-0.9677,0.00924,-0.08,0.0126
2026-08-24 14:42:35,706.27,2026-08-24,692.0,0.04,0.05,0.05,3828,486,0.3974,-0.0179,0.0064,-0.045,0.0077
2026-08-24 14:42:35,706.27,2026-08-24,693.0,0.01,0.02,0.06,3084,555,0.322,-0.0081,0.00396,-0.015,0.0038
2026-08-24 14:42:35,706.27,2026-08-24,694.0,0.01,0.02,0.06,9096,2610,0.3004,-0.0086,0.00448,-0.015,0.0041
2026-08-24 14:42:35,706.27,2026-08-24,695.0,0.06,0.07,0.07,12316,999,0.3446,-0.0282,0.01081,-0.065,0.0112
2026-08-24 14:42:35,706.27,2026-08-24,696.0,0.03,0.08,0.03,8211,642,0.31,-0.0267,0.01149,-0.055,0.0107
2026-08-24 14:42:35,706.27,2026-08-24,697.0,0.04,0.05,0.09,13339,758,0.2752,-0.0249,0.01219,-0.045,0.0101
2026-08-24 14:42:35,706.27,2026-08-24,698.0,0.1,0.11,0.11,22120,556,0.292,-0.0495,0.02019,-0.105,0.0178
2026-08-24 14:42:35,706.27,2026-08-24,699.0,0.08,0.13,0.13,22314,438,0.2635,-0.0541,0.02401,-0.105,0.0191
2026-08-24 14:42:35,706.27,2026-08-24,700.0,0.12,0.13,0.17,64619,3691,0.2437,-0.0671,0.03074,-0.125,0.0226
2026-08-24 14:42:35,706.27,2026-08-24,701.0,0.18,0.23,0.19,44689,767,0.242,-0.1024,0.04251,-0.205,0.031
2026-08-24 14:42:35,706.27,2026-08-24,702.0,0.31,0.32,0.32,83096,612,0.2377,-0.1476,0.05591,-0.315,0.04
2026-08-24 14:42:35,706.27,2026-08-24,703.0,0.41,0.46,0.46,100907,508,0.2256,-0.1988,0.07125,-0.435,0.0484
2026-08-24 14:42:35,706.27,2026-08-24,704.0,0.64,0.65,0.65,79025,715,0.2206,-0.2734,0.08689,-0.645,0.0577
2026-08-24 14:42:35,706.27,2026-08-24,705.0,0.88,0.93,0.93,78047,3566,0.2113,-0.3611,0.10213,-0.905,0.065
2026-08-24 14:42:35,706.27,2026-08-24,706.0,1.29,1.34,1.28,43975,543,0.2105,-0.467,0.10884,-1.315,0.069
2026-08-24 14:42:35,706.27,2026-08-24,707.0,1.79,1.85,1.83,32543,728,0.2077,-0.5767,0.1086,-1.095,0.068
2026-08-24 14:42:35,706.27,2026-08-24,708.0,2.41,2.5,2.32,12113,981,0.2083,-0.6804,0.09886,-0.73,0.062
2026-08-24 14:42:35,706.27,2026-08-24,709.0,3.23,3.27,3.03,9207,547,0.2207,-0.7588,0.08138,-0.525,0.0541
2026-08-24 14:42:35,706.27,2026-08-24,710.0,4.07,4.15,4,15190,1760,0.2345,-0.8174,0.06506,-0.385,0.046
2026-08-24 14:42:35,706.27,2026-08-24,711.0,4.81,5.06,4.74,1865,1691,0.2277,-0.8818,0.05007,-0.21,0.0343
2026-08-24 14:42:35,706.27,2026-08-24,712.0,5.81,6.05,6.4,1968,1281,0.2596,-0.8958,0.04012,-0.205,0.0314
2026-08-24 14:42:35,706.27,2026-08-24,713.0,6.86,6.91,7.38,1647,792,0.2758,-0.9179,0.03167,-0.16,0.0263
2026-08-24 14:42:35,706.27,2026-08-24,714.0,7.4,7.85,8.21,506,971,,,,,
2026-08-24 14:42:35,706.27,2026-08-24,715.0,8.55,8.95,8.95,465,1994,0.2559,-0.9741,0.01355,-0.025,0.0104
2026-08-24 14:42:35,706.27,2026-08-24,716.0,9.38,10.11,10.4,280,1999,0.2749,-0.9782,0.01093,-0.02,0.0091
2026-08-24 14:42:35,706.27,2026-08-24,717.0,10.27,11.24,11.61,65,1410,0.3094,-0.9759,0.01057,-0.03,0.0098
2026-08-24 14:42:35,706.27,2026-08-24,718.0,11.36,11.92,13.34,132,1084,,,,,
2026-08-24 14:42:35,706.27,2026-08-24,719.0,12.62,12.83,15.77,77,871,0.3122,-0.9898,0.00499,-0.0,0.0047
2026-08-24 14:42:35,706.27,2026-08-24,720.0,13.6,13.95,14.23,233,2546,0.4016,-0.974,0.00867,-0.05,0.0105
2026-08-24 14:42:35,706.27,2026-08-24,721.0,14.29,15.29,16.97,38,552,0.4398,-0.9714,0.00857,-0.065,0.0114
2026-08-24 14:43:35,706.19,2026-08-24,692.0,0.01,0.05,0.04,3838,486,0.3739,-0.0132,0.00524,-0.03,0.0059
2026-08-24 14:43:35,706.19,2026-08-24,693.0,0.01,0.02,0.05,3094,555,0.3207,-0.0081,0.004,-0.015,0.0038
2026-08-24 14:43:35,706.19,2026-08-24,694.0,0.05,0.06,0.06,9097,2610,0.3587,-0.0235,0.00894,-0.055,0.0096
2026-08-24 14:43:35,706.19,2026-08-24,695.0,0.02,0.07,0.07,12369,999,0.3232,-0.0216,0.00923,-0.045,0.009
2026-08-24 14:43:35,706.19,2026-08-24,696.0,0.07,0.08,0.04,8238,642,0.3252,-0.0337,0.0133,-0.075,0.013
2026-08-24 14:43:35,706.19,2026-08-24,697.0,0.04,0.09,0.09,13424,758,0.2911,-0.0328,0.01452,-0.065,0.0127
2026-08-24 14:43:35,706.19,2026-08-24,698.0,0.1,0.11,0.07,22227,556,0.2901,-0.0499,0.02048,-0.105,0.0178
2026-08-24 14:43:35,706.19,2026-08-24,699.0,0.12,0.13,0.13,22332,438,0.2715,-0.0613,0.02576,-0.125,0.021
2026-08-24 14:43:35,706.19,2026-08-24,700.0,0.16,0.17,0.17,64877,3691,0.258,-0.081,0.03358,-0.165,0.026
2026-08-24 14:43:35,706.19,2026-08-24,701.0,0.22,0.23,0.23,45074,767,0.2458,-0.1093,0.04394,-0.225,0.0324
2026-08-24 14:43:35,706.19,2026-08-24,702.0,0.26,0.27,0.27,84521,612,0.2221,-0.1358,0.05664,-0.265,0.0378
2026-08-24 14:43:35,706.19,2026-08-24,703.0,0.44,0.45,0.41,102335,508,0.2245,-0.2034,0.07271,-0.445,0.049
2026-08-24 14:43:35,706.19,2026-08-24,704.0,0.59,0.6,0.6,79643,715,0.2083,-0.2691,0.09148,-0.595,0.0572
2026-08-24 14:43:35,706.19,2026-08-24,705.0,0.92,0.93,0.93,78301,3566,0.2099,-0.3688,0.1037,-0.925,0.0653
2026-08-24 14:43:35,706.19,2026-08-24,706.0,1.26,1.28,1.31,43985,543,0.1985,-0.4749,0.11579,-1.27,0.069
2026-08-24 14:43:35,706.19,2026-08-24,707.0,1.81,1.84,1.85,32567,728,0.2015,-0.5887,0.11144,-1.015,0.0674
2026-08-24 14:43:35,706.19,2026-08-24,708.0,2.38,2.42,2.43,12133,981,0.1899,-0.7059,0.1047,-0.59,0.0597
2026-08-24 14:43:35,706.19,2026-08-24,709.0,3.11,3.24,3.22,9220,547,0.1937,-0.7961,0.08438,-0.365,0.0491
2026-08-24 14:43:35,706.19,2026-08-24,710.0,3.97,4.12,4.12,15193,1760,0.2028,-0.8585,0.0638,-0.235,0.0388
2026-08-24 14:43:35,706.19,2026-08-24,711.0,4.81,4.99,4.74,1865,1691,0.1901,-0.9262,0.04248,-0.09,0.0242
2026-08-24 14:43:35,706.19,2026-08-24,712.0,5.66,6.17,6.4,1968,1281,0.2264,-0.9289,0.03464,-0.105,0.0235
2026-08-24 14:43:35,706.19,2026-08-24,713.0,6.74,6.95,7.07,1648,792,0.2164,-0.9641,0.02106,-0.035,0.0137
2026-08-24 14:43:35,706.19,2026-08-24,714.0,7.55,8.13,8.21,506,971,0.2381,-0.9696,0.01666,-0.03,0.0119
2026-08-24 14:43:35,706.19,2026-08-24,715.0,8.63,9.07,9.07,467,1994,0.2716,-0.9681,0.01522,-0.04,0.0124
2026-08-24 14:43:35,706.19,2026-08-24,716.0,9.4,9.95,10.4,280,1999,,,,,
2026-08-24 14:43:35,706.19,2026-08-24,717.0,10.5,10.96,11.61,65,1410,,,,,
2026-08-24 14:43:35,706.19,2026-08-24,718.0,11.32,12.04,13.34,132,1084,,,,,
2026-08-24 14:43:35,706.19,2026-08-24,719.0,12.71,13.13,15.77,77,871,0.4248,-0.957,0.01241,-0.11,0.0158
2026-08-24 14:43:35,706.19,2026-08-24,720.0,13.26,14.01,14.23,242,2546,,,,,
2026-08-24 14:43:35,706.19,2026-08-24,721.0,14.5,14.79,16.97,38,552,,,,,
2026-08-24 14:44:36,705.88,2026-08-24,691.0,0.01,0.02,0.04,1680,468,0.3577,-0.0074,0.0033,-0.015,0.0035
2026-08-24 14:44:36,705.88,2026-08-24,692.0,0.01,0.02,0.04,3839,486,0.3362,-0.0078,0.00368,-0.015,0.0037
2026-08-24 14:44:36,705.88,2026-08-24,693.0,0.05,0.06,0.05,3094,555,0.3767,-0.0226,0.00824,-0.055,0.0093
2026-08-24 14:44:36,705.88,2026-08-24,694.0,0.05,0.06,0.06,9100,2610,0.3517,-0.024,0.00929,-0.055,0.0098
2026-08-24 14:44:36,705.88,2026-08-24,695.0,0.02,0.03,0.07,12398,999,0.29,-0.0141,0.00717,-0.025,0.0062
2026-08-24 14:44:36,705.88,2026-08-24,696.0,0.07,0.08,0.08,8250,642,0.3177,-0.0345,0.0139,-0.075,0.0132
2026-08-24 14:44:36,705.88,2026-08-24,697.0,0.04,0.09,0.09,13468,758,0.2835,-0.0336,0.01525,-0.065,0.0129
2026-08-24 14:44:36,705.88,2026-08-24,698.0,0.06,0.11,0.11,22280,556,0.2702,-0.0443,0.02002,-0.085,0.0162
2026-08-24 14:44:36,705.88,2026-08-24,699.0,0.13,0.14,0.15,22363,438,0.2674,-0.0665,0.0279,-0.135,0.0223
2026-08-24 14:44:36,705.88,2026-08-24,700.0,0.14,0.19,0.19,65256,3691,0.2487,-0.0837,0.03578,-0.165,0.0266
2026-08-24 14:44:36,705.88,2026-08-24,701.0,0.2,0.25,0.25,45294,767,0.2357,-0.1133,0.04714,-0.225,0.0332
2026-08-24 14:44:36,705.88,2026-08-24,702.0,0.33,0.34,0.35,85299,612,0.2285,-0.1606,0.06172,-0.335,0.0422
2026-08-24 14:44:36,705.88,2026-08-24,703.0,0.47,0.48,0.48,102969,508,0.2178,-0.2195,0.07853,-0.475,0.0511
2026-08-24 14:44:36,705.88,2026-08-24,704.0,0.68,0.7,0.7,80165,715,0.2098,-0.2992,0.09575,-0.69,0.0601
2026-08-24 14:44:36,705.88,2026-08-24,705.0,0.94,0.95,1.02,78499,3566,0.1954,-0.3942,0.11393,-0.945,0.0665
2026-08-24 14:44:36,705.88,2026-08-24,706.0,1.36,1.37,1.47,44034,543,0.1904,-0.5114,0.12113,-1.245,0.069
2026-08-24 14:44:36,705.88,2026-08-24,707.0,1.89,1.92,1.92,32583,728,0.1853,-0.6336,0.11746,-0.785,0.0651
2026-08-24 14:44:36,705.88,2026-08-24,708.0,2.6,2.61,2.62,12159,981,0.1869,-0.7412,0.10013,-0.485,0.0559
2026-08-24 14:44:36,705.88,2026-08-24,709.0,3.31,3.39,3.45,9259,547,0.1766,-0.8441,0.07834,-0.23,0.0414
2026-08-24 14:44:36,705.88,2026-08-24,710.0,4.13,4.31,4.37,15208,1760,0.173,-0.9138,0.05254,-0.1,0.0272
2026-08-24 14:44:36,705.88,2026-08-24,711.0,5.21,5.29,4.74,1865,1691,0.2155,-0.9133,0.04238,-0.13,0.0273
2026-08-24 14:44:36,705.88,2026-08-24,712.0,6.13,6.38,6.4,1968,1281,0.2485,-0.9209,0.03431,-0.135,0.0255
2026-08-24 14:44:36,705.88,2026-08-24,713.0,7.11,7.44,7.42,1650,792,0.287,-0.9223,0.02931,-0.155,0.0252
2026-08-24 14:44:36,705.88,2026-08-24,714.0,7.88,8.42,8.51,507,971,0.2463,-0.9705,0.01575,-0.03,0.0116
2026-08-24 14:44:36,705.88,2026-08-24,715.0,9.1,9.45,9.35,469,1994,0.3467,-0.9337,0.02147,-0.155,0.0223
2026-08-24 14:44:36,705.88,2026-08-24,716.0,9.87,10.32,10.4,280,1999,,,,,
2026-08-24 14:44:36,705.88,2026-08-24,717.0,10.9,11.28,11.61,65,1410,,,,,
2026-08-24 14:44:36,705.88,2026-08-24,718.0,11.73,12.34,13.34,132,1084,,,,,
2026-08-24 14:44:36,705.88,2026-08-24,719.0,12.78,13.52,15.77,77,871,0.3676,-0.9792,0.00787,-0.03,0.0086
2026-08-24 14:44:36,705.88,2026-08-24,720.0,14,14.46,14.18,242,2546,0.4603,-0.9598,0.01086,-0.11,0.0149
2026-08-24 14:45:38,705.87,2026-08-24,691.0,0.01,0.05,0.04,1680,468,0.391,-0.0127,0.00487,-0.03,0.0057
2026-08-24 14:45:38,705.87,2026-08-24,692.0,0.01,0.02,0.04,3862,486,0.3366,-0.0078,0.00369,-0.015,0.0037
2026-08-24 14:45:38,705.87,2026-08-24,693.0,0.01,0.02,0.05,3105,555,0.315,-0.0083,0.00416,-0.015,0.0039
2026-08-24 14:45:38,705.87,2026-08-24,694.0,0.01,0.06,0.06,9161,2610,0.3285,-0.0171,0.00747,-0.035,0.0073
2026-08-24 14:45:38,705.87,2026-08-24,695.0,0.02,0.03,0.03,12472,999,0.2902,-0.0141,0.00718,-0.025,0.0062
2026-08-24 14:45:38,705.87,2026-08-24,696.0,0.03,0.04,0.08,8274,642,0.2804,-0.0197,0.00987,-0.035,0.0082
2026-08-24 14:45:38,705.87,2026-08-24,697.0,0.08,0.09,0.09,13554,758,0.298,-0.0407,0.017,-0.085,0.0151
2026-08-24 14:45:38,705.87,2026-08-24,698.0,0.06,0.07,0.11,22565,556,0.2571,-0.0367,0.01809,-0.065,0.0139
2026-08-24 14:45:38,705.87,2026-08-24,699.0,0.13,0.14,0.14,22552,438,0.2675,-0.0665,0.02795,-0.135,0.0223
2026-08-24 14:45:38,705.87,2026-08-24,700.0,0.17,0.18,0.18,66044,3691,0.2525,-0.087,0.03632,-0.175,0.0273
2026-08-24 14:45:38,705.87,2026-08-24,701.0,0.22,0.23,0.19,45680,767,0.2357,-0.1135,0.04725,-0.225,0.0332
2026-08-24 14:45:38,705.87,2026-08-24,702.0,0.27,0.28,0.28,86681,612,0.2138,-0.1448,0.0617,-0.275,0.0393
2026-08-24 14:45:38,705.87,2026-08-24,703.0,0.44,0.45,0.45,104695,508,0.2118,-0.2135,0.07961,-0.445,0.0502
2026-08-24 14:45:38,705.87,2026-08-24,704.0,0.6,0.65,0.65,81488,715,0.1987,-0.2899,0.09978,-0.625,0.0591
2026-08-24 14:45:38,705.87,2026-08-24,705.0,0.87,0.93,0.93,79364,3566,0.1883,-0.3914,0.11816,-0.9,0.0663
2026-08-24 14:45:38,705.87,2026-08-24,706.0,1.26,1.28,1.33,44249,543,0.1762,-0.5138,0.13111,-1.14,0.0688
2026-08-24 14:45:38,705.87,2026-08-24,707.0,1.78,1.85,1.84,32619,728,0.1707,-0.6461,0.1262,-0.685,0.0642
2026-08-24 14:45:38,705.87,2026-08-24,708.0,2.43,2.46,2.41,12245,981,0.1558,-0.7829,0.10923,-0.315,0.0507
2026-08-24 14:45:38,705.87,2026-08-24,709.0,3.19,3.23,3.23,9273,547,0.1346,-0.9089,0.07048,-0.08,0.0283
2026-08-24 14:45:38,705.87,2026-08-24,710.0,3.94,4.2,4.16,15218,1760,,,,,
2026-08-24 14:45:38,705.87,2026-08-24,711.0,4.87,5.12,4.74,1867,1691,,,,,
2026-08-24 14:45:38,705.87,2026-08-24,712.0,5.79,6.21,6.4,1968,1281,,,,,
2026-08-24 14:45:38,705.87,2026-08-24,713.0,6.7,7.16,7.18,1657,792,,,,,
2026-08-24 14:45:38,705.87,2026-08-24,714.0,7.71,8.189,8.51,507,971,,,,,
2026-08-24 14:45:38,705.87,2026-08-24,715.0,8.62,9.12,9.44,471,1994,,,,,
2026-08-24 14:45:38,705.87,2026-08-24,716.0,9.74,10.53,10.4,280,1999,0.2659,-0.9855,0.008,-0.005,0.0063
2026-08-24 14:45:38,705.87,2026-08-24,717.0,10.62,11.26,11.66,81,1410,,,,,
2026-08-24 14:45:38,705.87,2026-08-24,718.0,11.77,12.49,12.39,134,1084,0.3008,-0.9895,0.00534,-0.0,0.0048
2026-08-24 14:45:38,705.87,2026-08-24,719.0,12.77,13.35,13.5,78,871,,,,,
2026-08-24 14:45:38,705.87,2026-08-24,720.0,13.74,14.41,14.18,242,2546,,,,,
2026-08-24 14:46:39,705.85,2026-08-24,691.0,0.04,0.05,0.02,1691,468,0.4141,-0.0174,0.00603,-0.045,0.0074
2026-08-24 14:46:39,705.85,2026-08-24,692.0,0.04,0.05,0.04,3862,486,0.39,-0.0184,0.0067,-0.045,0.0078
2026-08-24 14:46:39,705.85,2026-08-24,693.0,0.01,0.02,0.05,3124,555,0.315,-0.0083,0.00417,-0.015,0.0039
2026-08-24 14:46:39,705.85,2026-08-24,694.0,0.01,0.06,0.05,9162,2610,0.3286,-0.0171,0.00749,-0.035,0.0073
2026-08-24 14:46:39,705.85,2026-08-24,695.0,0.02,0.03,0.06,12552,999,0.2903,-0.0142,0.0072,-0.025,0.0062
2026-08-24 14:46:39,705.85,2026-08-24,696.0,0.03,0.04,0.07,8478,642,0.2804,-0.0197,0.0099,-0.035,0.0082
2026-08-24 14:46:39,705.85,2026-08-24,697.0,0.04,0.09,0.09,13673,758,0.2836,-0.0337,0.01532,-0.065,0.0129
2026-08-24 14:46:39,705.85,2026-08-24,698.0,0.06,0.07,0.11,22989,556,0.2569,-0.0367,0.01816,-0.065,0.0139
2026-08-24 14:46:39,705.85,2026-08-24,699.0,0.13,0.14,0.14,22804,438,0.2673,-0.0667,0.02806,-0.135,0.0223
2026-08-24 14:46:39,705.85,2026-08-24,700.0,0.17,0.18,0.18,66751,3691,0.2523,-0.0872,0.03647,-0.175,0.0273
2026-08-24 14:46:39,705.85,2026-08-24,701.0,0.23,0.25,0.25,46426,767,0.2399,-0.1181,0.04785,-0.24,0.0341
2026-08-24 14:46:39,705.85,2026-08-24,702.0,0.28,0.29,0.29,87563,612,0.2159,-0.148,0.0621,-0.285,0.0398
2026-08-24 14:46:39,705.85,2026-08-24,703.0,0.42,0.43,0.43,106217,508,0.2072,-0.2098,0.08064,-0.425,0.0496
2026-08-24 14:46:39,705.85,2026-08-24,704.0,0.62,0.67,0.64,82998,715,0.2014,-0.2941,0.09927,-0.645,0.0594
2026-08-24 14:46:39,705.85,2026-08-24,705.0,0.91,0.92,0.93,80473,3566,0.1897,-0.3943,0.11774,-0.915,0.0663
2026-08-24 14:46:39,705.85,2026-08-24,706.0,1.32,1.37,1.36,44631,543,0.1859,-0.5155,0.12446,-1.195,0.0687
2026-08-24 14:46:39,705.85,2026-08-24,707.0,1.88,1.9,1.92,32785,728,0.1806,-0.641,0.12006,-0.74,0.0644
2026-08-24 14:46:39,705.85,2026-08-24,708.0,2.47,2.52,2.61,12302,981,0.1628,-0.7754,0.10679,-0.345,0.0516
2026-08-24 14:46:39,705.85,2026-08-24,709.0,3.3,3.38,3.48,9276,547,0.1682,-0.859,0.07715,-0.19,0.0385
2026-08-24 14:46:39,705.85,2026-08-24,710.0,4.15,4.31,4.24,15241,1760,0.1668,-0.9238,0.04984,-0.08,0.0247
2026-08-24 14:46:39,705.85,2026-08-24,711.0,5.1,5.29,5.22,1867,1691,0.1793,-0.9508,0.03295,-0.045,0.0175
2026-08-24 14:46:39,705.85,2026-08-24,712.0,5.84,6.22,6.4,1968,1281,,,,,
2026-08-24 14:46:39,705.85,2026-08-24,713.0,7.03,7.34,7.16,1658,792,0.2263,-0.9654,0.01964,-0.035,0.0132
2026-08-24 14:46:39,705.85,2026-08-24,714.0,7.64,8.41,8.51,507,971,,,,,
2026-08-24 14:46:39,705.85,2026-08-24,715.0,8.75,9.43,8.96,486,1994,,,,,
2026-08-24 14:46:39,705.85,2026-08-24,716.0,9.85,10.5,10.4,281,1999,0.2922,-0.9769,0.01085,-0.025,0.0094
2026-08-24 14:46:39,705.85,2026-08-24,717.0,10.84,11.17,11.66,81,1410,,,,,
2026-08-24 14:46:39,705.85,2026-08-24,718.0,11.74,12.15,12.39,134,1084,,,,,
2026-08-24 14:46:39,705.85,2026-08-24,719.0,13.08,13.75,13.5,78,871,0.5149,-0.9278,0.01549,-0.265,0.0237
2026-08-24 14:46:39,705.85,2026-08-24,720.0,13.59,14.46,14.56,257,2546,,,,,
2026-08-24 14:47:41,706.33,2026-08-24,692.0,0.04,0.05,0.04,3867,486,0.4019,-0.0179,0.00637,-0.045,0.0076
2026-08-24 14:47:41,706.33,2026-08-24,693.0,0.05,0.06,0.05,3184,555,0.3894,-0.022,0.00783,-0.055,0.009
2026-08-24 14:47:41,706.33,2026-08-24,694.0,0.05,0.06,0.04,9277,2610,0.3644,-0.0233,0.00879,-0.055,0.0095
2026-08-24 14:47:41,706.33,2026-08-24,695.0,0.02,0.03,0.06,12556,999,0.3016,-0.0137,0.00674,-0.025,0.006
2026-08-24 14:47:41,706.33,2026-08-24,696.0,0.02,0.07,0.07,8498,642,0.3038,-0.023,0.01041,-0.045,0.0094
2026-08-24 14:47:41,706.33,2026-08-24,697.0,0.04,0.09,0.09,13706,758,0.2965,-0.0324,0.01422,-0.065,0.0125
2026-08-24 14:47:41,706.33,2026-08-24,698.0,0.05,0.1,0.1,23147,556,0.2771,-0.039,0.01769,-0.075,0.0145
2026-08-24 14:47:41,706.33,2026-08-24,699.0,0.08,0.09,0.13,23172,438,0.2558,-0.0466,0.02213,-0.085,0.0168
2026-08-24 14:47:41,706.33,2026-08-24,700.0,0.16,0.17,0.17,67152,3691,0.2639,-0.0799,0.0327,-0.165,0.0256
2026-08-24 14:47:41,706.33,2026-08-24,701.0,0.21,0.22,0.22,46712,767,0.2488,-0.1047,0.04237,-0.215,0.0313
2026-08-24 14:47:41,706.33,2026-08-24,702.0,0.25,0.3,0.3,88164,612,0.2311,-0.1362,0.05489,-0.275,0.0376
2026-08-24 14:47:41,706.33,2026-08-24,703.0,0.37,0.42,0.42,107940,508,0.221,-0.1885,0.07098,-0.395,0.0465
2026-08-24 14:47:41,706.33,2026-08-24,704.0,0.59,0.6,0.6,84472,715,0.216,-0.2631,0.08777,-0.595,0.0562
2026-08-24 14:47:41,706.33,2026-08-24,705.0,0.81,0.82,0.82,81095,3566,0.2017,-0.3484,0.10649,-0.815,0.0637
2026-08-24 14:47:41,706.33,2026-08-24,706.0,1.19,1.2,1.2,44798,543,0.198,-0.459,0.11641,-1.195,0.0683
2026-08-24 14:47:41,706.33,2026-08-24,707.0,1.73,1.74,1.74,33069,728,0.2011,-0.5743,0.11324,-1.06,0.0675
2026-08-24 14:47:41,706.33,2026-08-24,708.0,2.29,2.31,2.38,12446,981,0.1902,-0.6925,0.10734,-0.625,0.0605
2026-08-24 14:47:41,706.33,2026-08-24,709.0,3.05,3.11,3.21,9286,547,0.1973,-0.7818,0.08676,-0.405,0.0507
2026-08-24 14:47:41,706.33,2026-08-24,710.0,3.79,3.92,4.17,15249,1760,0.1844,-0.8742,0.06512,-0.18,0.0356
2026-08-24 14:47:41,706.33,2026-08-24,711.0,4.77,5.09,5.09,1889,1691,0.2404,-0.8683,0.05157,-0.255,0.0368
2026-08-24 14:47:41,706.33,2026-08-24,712.0,5.72,5.93,6.2,1972,1281,0.2413,-0.9121,0.03843,-0.15,0.0275
2026-08-24 14:47:41,706.33,2026-08-24,713.0,6.65,6.98,7.19,1659,792,0.2685,-0.9236,0.03104,-0.14,0.0247
2026-08-24 14:47:41,706.33,2026-08-24,714.0,7.48,8.2,8.52,509,971,0.3091,-0.9232,0.02707,-0.165,0.0248
2026-08-24 14:47:41,706.33,2026-08-24,715.0,8.71,8.87,9.26,487,1994,0.3162,-0.9426,0.02115,-0.115,0.0198
2026-08-24 14:47:41,706.33,2026-08-24,716.0,9.43,10.37,10.34,281,1999,0.3942,-0.9205,0.0218,-0.225,0.0255
2026-08-24 14:47:41,706.33,2026-08-24,717.0,10.42,11.37,11.66,81,1410,0.4225,-0.9263,0.0192,-0.22,0.024
2026-08-24 14:47:41,706.33,2026-08-24,718.0,11.52,12.34,12.39,134,1084,0.467,-0.9239,0.01779,-0.255,0.0246
2026-08-24 14:47:41,706.33,2026-08-24,719.0,12.79,13.28,13.5,78,871,0.5379,-0.9112,0.01736,-0.36,0.0277
2026-08-24 14:47:41,706.33,2026-08-24,720.0,13.54,14.27,14.56,257,2546,0.5154,-0.9355,0.0142,-0.23,0.0217
2026-08-24 14:47:41,706.33,2026-08-24,721.0,14.45,14.99,15.16,40,552,0.4226,-0.9766,0.00759,-0.045,0.0095
2026-08-24 14:48:43,706.28,2026-08-24,692.0,0.01,0.05,0.04,3875,486,0.379,-0.0131,0.00519,-0.03,0.0058
2026-08-24 14:48:43,706.28,2026-08-24,693.0,0.01,0.06,0.05,3210,555,0.3636,-0.0157,0.00629,-0.035,0.0068
2026-08-24 14:48:43,706.28,2026-08-24,694.0,0.01,0.02,0.05,9303,2610,0.3035,-0.0086,0.00448,-0.015,0.004
2026-08-24 14:48:43,706.28,2026-08-24,695.0,0.02,0.07,0.06,12640,999,0.328,-0.0215,0.00912,-0.045,0.0088
2026-08-24 14:48:43,706.28,2026-08-24,696.0,0.02,0.07,0.07,8527,642,0.3031,-0.023,0.01047,-0.045,0.0094
2026-08-24 14:48:43,706.28,2026-08-24,697.0,0.04,0.05,0.05,13767,758,0.278,-0.0249,0.01218,-0.045,0.01
2026-08-24 14:48:43,706.28,2026-08-24,698.0,0.09,0.1,0.1,23352,556,0.2892,-0.0462,0.01948,-0.095,0.0166
2026-08-24 14:48:43,706.28,2026-08-24,699.0,0.12,0.13,0.13,23333,438,0.2763,-0.0608,0.02535,-0.125,0.0207
2026-08-24 14:48:43,706.28,2026-08-24,700.0,0.11,0.12,0.12,67969,3691,0.2417,-0.0635,0.02998,-0.115,0.0214
2026-08-24 14:48:43,706.28,2026-08-24,701.0,0.2,0.21,0.22,47120,767,0.2445,-0.1023,0.04247,-0.205,0.0307
2026-08-24 14:48:43,706.28,2026-08-24,702.0,0.24,0.29,0.29,88907,612,0.2272,-0.1342,0.05537,-0.265,0.0372
2026-08-24 14:48:43,706.28,2026-08-24,703.0,0.37,0.38,0.42,109327,508,0.2152,-0.1851,0.07217,-0.375,0.0459
2026-08-24 14:48:43,706.28,2026-08-24,704.0,0.59,0.6,0.6,86043,715,0.2142,-0.2651,0.08898,-0.595,0.0563
2026-08-24 14:48:43,706.28,2026-08-24,705.0,0.86,0.87,0.87,82445,3566,0.2074,-0.3568,0.10464,-0.865,0.0641
2026-08-24 14:48:43,706.28,2026-08-24,706.0,1.23,1.24,1.24,45004,543,0.2011,-0.4647,0.11495,-1.235,0.0683
2026-08-24 14:48:43,706.28,2026-08-24,707.0,1.67,1.7,1.79,33166,728,0.1901,-0.5841,0.11938,-0.965,0.067
2026-08-24 14:48:43,706.28,2026-08-24,708.0,2.3,2.38,2.39,12491,981,0.192,-0.696,0.10601,-0.62,0.0601
2026-08-24 14:48:43,706.28,2026-08-24,709.0,3.01,3.13,3.11,9325,547,0.1884,-0.7968,0.08726,-0.35,0.0486
2026-08-24 14:48:43,706.28,2026-08-24,710.0,3.95,3.97,3.97,15256,1760,0.2024,-0.8552,0.06546,-0.24,0.0391
2026-08-24 14:48:43,706.28,2026-08-24,711.0,4.75,5.05,4.95,1894,1691,0.2206,-0.8913,0.04918,-0.18,0.032
2026-08-24 14:48:43,706.28,2026-08-24,712.0,5.75,5.92,5.93,1974,1281,0.2296,-0.9246,0.03603,-0.115,0.0244
2026-08-24 14:48:43,706.28,2026-08-24,713.0,6.56,6.83,6.82,1660,792,,,,,
2026-08-24 14:48:43,706.28,2026-08-24,714.0,7.38,7.99,8.52,509,971,,,,,
2026-08-24 14:48:43,706.28,2026-08-24,715.0,8.48,8.78,8.68,488,1994,,,,,
2026-08-24 14:48:43,706.28,2026-08-24,716.0,9.28,10.11,10.34,281,1999,,,,,
2026-08-24 14:48:43,706.28,2026-08-24,717.0,10.33,11.02,11,82,1410,,,,,
2026-08-24 14:48:43,706.28,2026-08-24,718.0,11.16,11.8,12.39,134,1084,,,,,
2026-08-24 14:48:43,706.28,2026-08-24,719.0,12.5,13.18,13.5,78,871,0.4319,-0.9546,0.01287,-0.12,0.0164
2026-08-24 14:48:43,706.28,2026-08-24,720.0,13.31,14.01,14.56,257,2546,,,,,
2026-08-24 14:48:43,706.28,2026-08-24,721.0,14.72,14.79,14.69,41,552,0.4131,-0.9795,0.00696,-0.035,0.0085
2026-08-24 14:49:43,706.45,2026-08-24,692.0,0.01,0.05,0.04,3875,486,0.3835,-0.013,0.00509,-0.03,0.0058
2026-08-24 14:49:43,706.45,2026-08-24,693.0,0.05,0.06,0.02,3215,555,0.3937,-0.0219,0.00772,-0.055,0.009
2026-08-24 14:49:43,706.45,2026-08-24,694.0,0.01,0.06,0.05,9304,2610,0.3443,-0.0165,0.00694,-0.035,0.007
2026-08-24 14:49:43,706.45,2026-08-24,695.0,0.02,0.07,0.03,12880,999,0.3327,-0.0212,0.00892,-0.045,0.0087
2026-08-24 14:49:43,706.45,2026-08-24,696.0,0.02,0.03,0.06,8571,642,0.2821,-0.0146,0.00763,-0.025,0.0063
2026-08-24 14:49:43,706.45,2026-08-24,697.0,0.07,0.08,0.07,13813,758,0.3085,-0.0356,0.0148,-0.075,0.0135
2026-08-24 14:49:43,706.45,2026-08-24,698.0,0.05,0.1,0.1,23403,556,0.2814,-0.0386,0.01733,-0.075,0.0144
2026-08-24 14:49:43,706.45,2026-08-24,699.0,0.07,0.12,0.12,23465,438,0.266,-0.0497,0.02249,-0.095,0.0176
2026-08-24 14:49:43,706.45,2026-08-24,700.0,0.11,0.12,0.12,68593,3691,0.2471,-0.0624,0.02896,-0.115,0.0211
2026-08-24 14:49:43,706.45,2026-08-24,701.0,0.16,0.21,0.21,47633,767,0.2438,-0.0943,0.04017,-0.185,0.0288
2026-08-24 14:49:43,706.45,2026-08-24,702.0,0.28,0.29,0.29,89696,612,0.2391,-0.1367,0.05337,-0.285,0.0376
2026-08-24 14:49:43,706.45,2026-08-24,703.0,0.36,0.37,0.41,110115,508,0.2202,-0.1781,0.06898,-0.365,0.0447
2026-08-24 14:49:43,706.45,2026-08-24,704.0,0.58,0.59,0.59,87210,715,0.2207,-0.2561,0.08496,-0.585,0.0552
2026-08-24 14:49:43,706.45,2026-08-24,705.0,0.79,0.85,0.85,84317,3566,0.21,-0.3408,0.10177,-0.82,0.0629
2026-08-24 14:49:43,706.45,2026-08-24,706.0,1.2,1.21,1.21,45624,543,0.2084,-0.447,0.11052,-1.205,0.0679
2026-08-24 14:49:43,706.45,2026-08-24,707.0,1.64,1.66,1.71,33315,728,0.1996,-0.5607,0.11507,-1.1,0.0677
2026-08-24 14:49:43,706.45,2026-08-24,708.0,2.31,2.32,2.27,12628,981,0.2071,-0.6657,0.10242,-0.765,0.0625
2026-08-24 14:49:43,706.45,2026-08-24,709.0,2.98,3.02,2.95,9351,547,0.2012,-0.7672,0.08854,-0.45,0.0525
2026-08-24 14:49:43,706.45,2026-08-24,710.0,3.76,3.91,3.79,15282,1760,0.2074,-0.8383,0.06884,-0.285,0.0421
2026-08-24 14:49:43,706.45,2026-08-24,711.0,4.69,4.97,4.98,1896,1691,0.2433,-0.8596,0.05339,-0.28,0.0383
2026-08-24 14:49:43,706.45,2026-08-24,712.0,5.52,5.77,5.64,1987,1281,0.2162,-0.9308,0.03584,-0.095,0.0228
2026-08-24 14:49:43,706.45,2026-08-24,713.0,6.39,6.75,6.83,1661,792,0.1995,-0.9711,0.01928,-0.02,0.0113
2026-08-24 14:49:43,706.45,2026-08-24,714.0,7.53,8.05,7.96,512,971,0.3338,-0.9038,0.02977,-0.24,0.0293
2026-08-24 14:49:43,706.45,2026-08-24,715.0,8.57,8.83,9.06,490,1994,0.33,-0.9323,0.0231,-0.15,0.0225
2026-08-24 14:49:43,706.45,2026-08-24,716.0,9.29,9.93,10.34,281,1999,0.3083,-0.9629,0.01532,-0.06,0.0139
2026-08-24 14:49:43,706.45,2026-08-24,717.0,10.3,10.86,11,82,1410,0.3082,-0.9757,0.01078,-0.03,0.0098
2026-08-24 14:49:43,706.45,2026-08-24,718.0,11.46,12.08,12.39,134,1084,0.45,-0.93,0.01739,-0.22,0.0231
2026-08-24 14:49:43,706.45,2026-08-24,719.0,12.63,12.99,13.5,78,871,0.4969,-0.9265,0.01634,-0.26,0.0239
2026-08-24 14:49:43,706.45,2026-08-24,720.0,13.54,14.14,14.56,257,2546,0.5394,-0.9252,0.01525,-0.29,0.0242
2026-08-24 14:49:43,706.45,2026-08-24,721.0,14.63,14.78,14.69,41,552,0.5031,-0.9515,0.01165,-0.155,0.0173
2026-08-24 14:50:44,706.5,2026-08-24,692.0,0.01,0.02,0.04,3983,486,0.3527,-0.0075,0.00344,-0.015,0.0036
2026-08-24 14:50:44,706.5,2026-08-24,693.0,0.01,0.02,0.05,3233,555,0.331,-0.008,0.00385,-0.015,0.0037
2026-08-24 14:50:44,706.5,2026-08-24,694.0,0.01,0.02,0.05,9310,2610,0.3092,-0.0085,0.00436,-0.015,0.004
2026-08-24 14:50:44,706.5,2026-08-24,695.0,0.01,0.06,0.05,12896,999,0.322,-0.0175,0.00784,-0.035,0.0074
2026-08-24 14:50:44,706.5,2026-08-24,696.0,0.02,0.03,0.06,8577,642,0.2837,-0.0145,0.00758,-0.025,0.0063
2026-08-24 14:50:44,706.5,2026-08-24,697.0,0.03,0.04,0.04,13912,758,0.2734,-0.0203,0.01045,-0.035,0.0084
2026-08-24 14:50:44,706.5,2026-08-24,698.0,0.09,0.1,0.09,23453,556,0.2962,-0.0454,0.01879,-0.095,0.0163
2026-08-24 14:50:44,706.5,2026-08-24,699.0,0.11,0.12,0.08,23728,438,0.2787,-0.0564,0.02375,-0.115,0.0194
2026-08-24 14:50:44,706.5,2026-08-24,700.0,0.15,0.16,0.16,69410,3691,0.2666,-0.0755,0.03113,-0.155,0.0244
2026-08-24 14:50:44,706.5,2026-08-24,701.0,0.21,0.22,0.22,48160,767,0.2559,-0.1027,0.04081,-0.215,0.0307
2026-08-24 14:50:44,706.5,2026-08-24,702.0,0.3,0.31,0.31,90620,612,0.2466,-0.141,0.05294,-0.305,0.0383
2026-08-24 14:50:44,706.5,2026-08-24,703.0,0.42,0.43,0.43,111007,508,0.2357,-0.1905,0.0673,-0.425,0.0466
2026-08-24 14:50:44,706.5,2026-08-24,704.0,0.62,0.63,0.63,88077,715,0.2306,-0.2608,0.0822,-0.625,0.0557
2026-08-24 14:50:44,706.5,2026-08-24,705.0,0.9,0.91,0.9,86148,3566,0.2265,-0.3467,0.09509,-0.905,0.0633
2026-08-24 14:50:44,706.5,2026-08-24,706.0,1.25,1.27,1.27,46642,543,0.2202,-0.4443,0.1047,-1.26,0.0677
2026-08-24 14:50:44,706.5,2026-08-24,707.0,1.77,1.82,1.82,33871,728,0.2255,-0.5486,0.10249,-1.295,0.0679
2026-08-24 14:50:44,706.5,2026-08-24,708.0,2.49,2.51,2.46,12707,981,0.2417,-0.6385,0.09044,-1.0,0.0642
2026-08-24 14:50:44,706.5,2026-08-24,709.0,3.2,3.23,3.22,9374,547,0.2471,-0.7198,0.07953,-0.715,0.0577
2026-08-24 14:50:44,706.5,2026-08-24,710.0,3.98,4.01,4.04,15290,1760,0.2513,-0.7892,0.06708,-0.495,0.0495
2026-08-24 14:50:44,706.5,2026-08-24,711.0,4.73,5.01,4.63,1899,1691,0.2642,-0.8374,0.05432,-0.37,0.0421
2026-08-24 14:50:44,706.5,2026-08-24,712.0,5.79,6,5.78,2001,1281,0.308,-0.8487,0.04443,-0.395,0.0402
2026-08-24 14:50:44,706.5,2026-08-24,713.0,6.68,7.09,6.58,1663,792,0.3419,-0.8637,0.0373,-0.385,0.0375
2026-08-24 14:50:44,706.5,2026-08-24,714.0,7.52,7.85,7.96,512,971,0.3129,-0.9168,0.02855,-0.185,0.0262
2026-08-24 14:50:44,706.5,2026-08-24,715.0,8.39,8.99,8.82,490,1994,0.3459,-0.9219,0.02462,-0.19,0.025
2026-08-24 14:50:44,706.5,2026-08-24,716.0,9.59,10.17,10.06,282,1999,0.4442,-0.891,0.02454,-0.38,0.032
2026-08-24 14:50:44,706.5,2026-08-24,717.0,10.52,11,11,82,1410,0.4351,-0.9178,0.02036,-0.26,0.026
2026-08-24 14:50:44,706.5,2026-08-24,718.0,11.57,11.9,12.39,134,1084,0.4556,-0.9269,0.01777,-0.235,0.0238
2026-08-24 14:50:44,706.5,2026-08-24,719.0,12.57,13.02,13.5,78,871,0.5104,-0.9205,0.01692,-0.295,0.0254
2026-08-24 14:50:44,706.5,2026-08-24,720.0,13.76,13.84,14.56,257,2546,0.5428,-0.9235,0.01545,-0.3,0.0246
2026-08-24 14:50:44,706.5,2026-08-24,721.0,14.17,15.04,14.95,42,552,0.4707,-0.9617,0.0103,-0.105,0.0142
2026-08-24 14:51:45,706.13,2026-08-24,692.0,0.04,0.05,0.03,3992,486,0.4,-0.0181,0.0065,-0.045,0.0076
2026-08-24 14:51:45,706.13,2026-08-24,693.0,0.05,0.06,0.05,3233,555,0.3873,-0.0222,0.008,-0.055,0.0091
2026-08-24 14:51:45,706.13,2026-08-24,694.0,0.05,0.06,0.05,9321,2610,0.3621,-0.0236,0.009,-0.055,0.0095
2026-08-24 14:51:45,706.13,2026-08-24,695.0,0.05,0.06,0.05,12912,999,0.3367,-0.0252,0.01022,-0.055,0.0101
2026-08-24 14:51:45,706.13,2026-08-24,696.0,0.02,0.03,0.06,8610,642,0.2758,-0.0149,0.008,-0.025,0.0064
2026-08-24 14:51:45,706.13,2026-08-24,697.0,0.07,0.08,0.08,13985,758,0.3011,-0.0365,0.01553,-0.075,0.0137
2026-08-24 14:51:45,706.13,2026-08-24,698.0,0.09,0.1,0.09,23669,556,0.2865,-0.0468,0.01995,-0.095,0.0167
2026-08-24 14:51:45,706.13,2026-08-24,699.0,0.07,0.08,0.12,23809,438,0.2461,-0.0435,0.02192,-0.075,0.0158
2026-08-24 14:51:45,706.13,2026-08-24,700.0,0.15,0.16,0.16,70089,3691,0.2557,-0.0783,0.03346,-0.155,0.025
2026-08-24 14:51:45,706.13,2026-08-24,701.0,0.21,0.22,0.22,48777,767,0.244,-0.1071,0.04419,-0.215,0.0315
2026-08-24 14:51:45,706.13,2026-08-24,702.0,0.24,0.29,0.3,91361,612,0.223,-0.1368,0.05745,-0.265,0.0375
2026-08-24 14:51:45,706.13,2026-08-24,703.0,0.42,0.43,0.43,112276,508,0.221,-0.2008,0.07426,-0.425,0.048
2026-08-24 14:51:45,706.13,2026-08-24,704.0,0.6,0.61,0.61,89257,715,0.2101,-0.2734,0.0926,-0.605,0.0569
2026-08-24 14:51:45,706.13,2026-08-24,705.0,0.83,0.88,0.89,88579,3566,0.1986,-0.3662,0.11077,-0.855,0.0643
2026-08-24 14:51:45,706.13,2026-08-24,706.0,1.25,1.26,1.28,47387,543,0.195,-0.4808,0.11951,-1.255,0.0681
2026-08-24 14:51:45,706.13,2026-08-24,707.0,1.78,1.79,1.84,34111,728,0.1931,-0.6003,0.11696,-0.92,0.0661
2026-08-24 14:51:45,706.13,2026-08-24,708.0,2.43,2.46,2.46,12768,981,0.1934,-0.7107,0.10339,-0.58,0.0585
2026-08-24 14:51:45,706.13,2026-08-24,709.0,3.14,3.23,3.22,9413,547,0.189,-0.8097,0.08404,-0.32,0.0464
2026-08-24 14:51:45,706.13,2026-08-24,710.0,4.019,4.2,4.31,15403,1760,0.2099,-0.8569,0.06295,-0.2445,0.0386
2026-08-24 14:51:45,706.13,2026-08-24,711.0,4.89,5.11,5.21,1904,1691,0.2114,-0.9088,0.04535,-0.135,0.028
2026-08-24 14:51:45,706.13,2026-08-24,712.0,5.85,6.1,6.08,2006,1281,0.233,-0.9277,0.03456,-0.11,0.0235
2026-08-24 14:51:45,706.13,2026-08-24,713.0,6.72,7.17,6.93,1663,792,0.2483,-0.9454,0.02604,-0.08,0.0189
2026-08-24 14:51:45,706.13,2026-08-24,714.0,7.52,8.07,7.96,519,971,,,,,
2026-08-24 14:51:45,706.13,2026-08-24,715.0,8.5,9.2,8.98,497,1994,0.1878,-0.9969,0.00295,0.015,0.0016
2026-08-24 14:51:45,706.13,2026-08-24,716.0,9.51,10.06,10.06,282,1999,,,,,
2026-08-24 14:51:45,706.13,2026-08-24,717.0,10.39,10.99,11,82,1410,,,,,
2026-08-24 14:51:45,706.13,2026-08-24,718.0,11.75,12.27,12.39,134,1084,0.4246,-0.9466,0.01496,-0.145,0.0186
2026-08-24 14:51:45,706.13,2026-08-24,719.0,12.92,13.41,13.5,78,871,0.5246,-0.9211,0.01639,-0.3,0.0251
2026-08-24 14:51:45,706.13,2026-08-24,720.0,13.91,13.99,14.56,257,2546,0.4405,-0.9652,0.0102,-0.085,0.0131
2026-08-24 14:51:45,706.13,2026-08-24,721.0,14.58,15.49,14.95,42,552,0.5221,-0.9494,0.01166,-0.17,0.0178
2026-08-24 14:52:49,706.15,2026-08-24,692.0,0.04,0.05,0.04,4004,486,0.4011,-0.0181,0.00648,-0.045,0.0076
2026-08-24 14:52:49,706.15,2026-08-24,693.0,0.01,0.06,0.02,3241,555,0.363,-0.0158,0.00638,-0.035,0.0068
2026-08-24 14:52:49,706.15,2026-08-24,694.0,0.01,0.06,0.02,9322,2610,0.3391,-0.0168,0.0072,-0.035,0.0071
2026-08-24 14:52:49,706.15,2026-08-24,695.0,0.01,0.02,0.05,12933,999,0.2807,-0.0093,0.00522,-0.015,0.0043
2026-08-24 14:52:49,706.15,2026-08-24,696.0,0.02,0.07,0.06,8677,642,0.3021,-0.0233,0.01067,-0.045,0.0094
2026-08-24 14:52:49,706.15,2026-08-24,697.0,0.03,0.04,0.07,14023,758,0.266,-0.0208,0.01104,-0.035,0.0086
2026-08-24 14:52:49,706.15,2026-08-24,698.0,0.09,0.1,0.09,23811,556,0.2876,-0.0467,0.01989,-0.095,0.0167
2026-08-24 14:52:49,706.15,2026-08-24,699.0,0.11,0.12,0.12,24371,438,0.2695,-0.0582,0.02528,-0.115,0.0199
2026-08-24 14:52:49,706.15,2026-08-24,700.0,0.15,0.16,0.16,70710,3691,0.2568,-0.0782,0.03333,-0.155,0.0249
2026-08-24 14:52:49,706.15,2026-08-24,701.0,0.16,0.17,0.21,49217,767,0.2283,-0.0909,0.04199,-0.165,0.0279
2026-08-24 14:52:49,706.15,2026-08-24,702.0,0.24,0.29,0.3,92190,612,0.2241,-0.1364,0.05716,-0.265,0.0373
2026-08-24 14:52:49,706.15,2026-08-24,703.0,0.41,0.42,0.42,113177,508,0.2201,-0.1979,0.07405,-0.415,0.0475
2026-08-24 14:52:49,706.15,2026-08-24,704.0,0.59,0.6,0.61,90246,715,0.2097,-0.2708,0.09251,-0.595,0.0565
2026-08-24 14:52:49,706.15,2026-08-24,705.0,0.87,0.88,0.89,91139,3566,0.2032,-0.3666,0.1085,-0.875,0.0643
2026-08-24 14:52:49,706.15,2026-08-24,706.0,1.26,1.28,1.28,48265,543,0.1989,-0.4788,0.11731,-1.27,0.068
2026-08-24 14:52:49,706.15,2026-08-24,707.0,1.78,1.8,1.8,34513,728,0.196,-0.5966,0.1157,-0.945,0.0661
2026-08-24 14:52:49,706.15,2026-08-24,708.0,2.43,2.46,2.43,12804,981,0.1961,-0.7063,0.10283,-0.6,0.0588
2026-08-24 14:52:49,706.15,2026-08-24,709.0,3.15,3.18,3.23,9417,547,0.1885,-0.8091,0.08458,-0.32,0.0465
2026-08-24 14:52:49,706.15,2026-08-24,710.0,3.98,4.21,4.019,15410,1760,0.2109,-0.8549,0.06334,-0.25,0.0389
2026-08-24 14:52:49,706.15,2026-08-24,711.0,4.92,5.15,5.08,1906,1691,0.2294,-0.8898,0.04807,-0.19,0.0321
2026-08-24 14:52:49,706.15,2026-08-24,712.0,5.77,6,6.03,2018,1281,0.1969,-0.9576,0.02686,-0.04,0.0154
2026-08-24 14:52:49,706.15,2026-08-24,713.0,6.81,6.98,6.93,1665,792,0.2306,-0.9576,0.02297,-0.05,0.0154
2026-08-24 14:52:49,706.15,2026-08-24,714.0,7.46,8.029,7.97,533,971,,,,,
2026-08-24 14:52:49,706.15,2026-08-24,715.0,8.44,9.2,9.2,497,1994,,,,,
2026-08-24 14:52:49,706.15,2026-08-24,716.0,9.6,10.31,10.06,282,1999,0.3493,-0.9487,0.01765,-0.11,0.018
2026-08-24 14:52:49,706.15,2026-08-24,717.0,10.55,11.07,11,82,1410,,,,,
2026-08-24 14:52:49,706.15,2026-08-24,718.0,11.55,12.07,12.39,134,1084,,,,,
2026-08-24 14:52:49,706.15,2026-08-24,719.0,12.61,13.32,13.5,78,871,0.4381,-0.9549,0.01269,-0.12,0.0162
2026-08-24 14:52:49,706.15,2026-08-24,720.0,13.6,14.06,14.08,258,2546,0.2812,-0.9978,0.00144,0.015,0.0012
2026-08-24 14:52:49,706.15,2026-08-24,721.0,14.76,15.28,14.95,42,552,0.5252,-0.9485,0.01178,-0.175,0.018
2026-08-24 14:53:49,705.96,2026-08-24,691.0,0.04,0.05,0.02,1897,468,0.4215,-0.0173,0.00596,-0.045,0.0073
2026-08-24 14:53:49,705.96,2026-08-24,692.0,0.01,0.05,0.02,4021,486,0.3748,-0.0134,0.00537,-0.03,0.0058
2026-08-24 14:53:49,705.96,2026-08-24,693.0,0.05,0.06,0.05,3257,555,0.3843,-0.0225,0.00816,-0.055,0.0091
2026-08-24 14:53:49,705.96,2026-08-24,694.0,0.01,0.02,0.05,9372,2610,0.299,-0.0088,0.00467,-0.015,0.0041
2026-08-24 14:53:49,705.96,2026-08-24,695.0,0.01,0.06,0.05,12941,999,0.3108,-0.0182,0.00843,-0.035,0.0076
2026-08-24 14:53:49,705.96,2026-08-24,696.0,0.02,0.03,0.05,8684,642,0.2726,-0.0151,0.00821,-0.025,0.0065
2026-08-24 14:53:49,705.96,2026-08-24,697.0,0.07,0.08,0.04,14104,758,0.2974,-0.037,0.01596,-0.075,0.0138
2026-08-24 14:53:49,705.96,2026-08-24,698.0,0.09,0.1,0.06,23875,556,0.2826,-0.0475,0.02056,-0.095,0.0169
2026-08-24 14:53:49,705.96,2026-08-24,699.0,0.07,0.08,0.11,24397,438,0.242,-0.0443,0.02268,-0.075,0.0159
2026-08-24 14:53:49,705.96,2026-08-24,700.0,0.11,0.12,0.12,71069,3691,0.2341,-0.0658,0.03208,-0.115,0.0218
2026-08-24 14:53:49,705.96,2026-08-24,701.0,0.17,0.22,0.22,49462,767,0.2324,-0.1031,0.04531,-0.195,0.0306
2026-08-24 14:53:49,705.96,2026-08-24,702.0,0.3,0.31,0.27,93057,612,0.2276,-0.1512,0.06044,-0.305,0.0399
2026-08-24 14:53:49,705.96,2026-08-24,703.0,0.39,0.44,0.44,113980,508,0.2123,-0.2039,0.07832,-0.415,0.0483
2026-08-24 14:53:49,705.96,2026-08-24,704.0,0.64,0.65,0.65,91234,715,0.2092,-0.2884,0.09577,-0.645,0.0582
2026-08-24 14:53:49,705.96,2026-08-24,705.0,0.94,0.95,0.95,92896,3566,0.203,-0.3877,0.11073,-0.945,0.0653
2026-08-24 14:53:49,705.96,2026-08-24,706.0,1.32,1.33,1.37,48985,543,0.1933,-0.5018,0.12114,-1.285,0.068
2026-08-24 14:53:49,705.96,2026-08-24,707.0,1.86,1.89,1.89,34712,728,0.1912,-0.6222,0.11668,-0.835,0.0648
2026-08-24 14:53:49,705.96,2026-08-24,708.0,2.59,2.6,2.58,12856,981,0.1983,-0.7242,0.09891,-0.555,0.0569
2026-08-24 14:53:49,705.96,2026-08-24,709.0,3.28,3.36,3.3,9435,547,0.1878,-0.8264,0.08013,-0.28,0.0437
2026-08-24 14:53:49,705.96,2026-08-24,710.0,4.08,4.29,4.2,15521,1760,0.1883,-0.8939,0.05709,-0.145,0.0312
2026-08-24 14:53:49,705.96,2026-08-24,711.0,5.01,5.21,5.01,1907,1691,0.191,-0.9376,0.03772,-0.07,0.0209
2026-08-24 14:53:49,705.96,2026-08-24,712.0,5.77,6.29,6.15,2020,1281,0.1491,-0.9908,0.00974,0.01,0.0042
2026-08-24 14:53:49,705.96,2026-08-24,713.0,6.84,7.17,7.08,1666,792,,,,,
2026-08-24 14:53:49,705.96,2026-08-24,714.0,7.78,8.26,8.2,537,971,,,,,
2026-08-24 14:53:49,705.96,2026-08-24,715.0,8.67,9.2,9.2,497,1994,,,,,
2026-08-24 14:53:49,705.96,2026-08-24,716.0,9.72,10.15,10.06,282,1999,,,,,
2026-08-24 14:53:49,705.96,2026-08-24,717.0,10.71,11.2,11,82,1410,,,,,
2026-08-24 14:53:49,705.96,2026-08-24,718.0,11.53,12.06,12.39,134,1084,,,,,
2026-08-24 14:53:49,705.96,2026-08-24,719.0,13.1,13.32,13.5,78,871,0.4727,-0.9448,0.01385,-0.17,0.019
2026-08-24 14:53:49,705.96,2026-08-24,720.0,13.83,14.19,14.08,258,2546,,,,,
2026-08-24 14:54:50,706.23,2026-08-24,692.0,0.01,0.02,0.02,4033,486,0.3493,-0.0076,0.00354,-0.015,0.0036
2026-08-24 14:54:50,706.23,2026-08-24,693.0,0.01,0.02,0.05,3257,555,0.3274,-0.0081,0.00398,-0.015,0.0038
2026-08-24 14:54:50,706.23,2026-08-24,694.0,0.01,0.02,0.05,9386,2610,0.3054,-0.0086,0.00451,-0.015,0.004
2026-08-24 14:54:50,706.23,2026-08-24,695.0,0.01,0.06,0.05,13150,999,0.3178,-0.0178,0.00812,-0.035,0.0075
2026-08-24 14:54:50,706.23,2026-08-24,696.0,0.06,0.07,0.05,8685,642,0.324,-0.0303,0.01245,-0.065,0.0117
2026-08-24 14:54:50,706.23,2026-08-24,697.0,0.07,0.08,0.07,14174,758,0.3051,-0.0362,0.0153,-0.075,0.0135
2026-08-24 14:54:50,706.23,2026-08-24,698.0,0.04,0.05,0.09,23891,556,0.2538,-0.0272,0.01452,-0.045,0.0107
2026-08-24 14:54:50,706.23,2026-08-24,699.0,0.11,0.12,0.12,24473,438,0.2726,-0.0578,0.02493,-0.115,0.0197
2026-08-24 14:54:50,706.23,2026-08-24,700.0,0.1,0.15,0.15,71457,3691,0.2472,-0.0675,0.03103,-0.125,0.0222
2026-08-24 14:54:50,706.23,2026-08-24,701.0,0.19,0.2,0.16,49564,767,0.2419,-0.0998,0.04259,-0.195,0.0298
2026-08-24 14:54:50,706.23,2026-08-24,702.0,0.22,0.27,0.27,93417,612,0.2221,-0.1293,0.05575,-0.245,0.0359
2026-08-24 14:54:50,706.23,2026-08-24,703.0,0.34,0.35,0.35,114461,508,0.2087,-0.179,0.07364,-0.345,0.0445
2026-08-24 14:54:50,706.23,2026-08-24,704.0,0.56,0.57,0.57,91931,715,0.2086,-0.2621,0.09178,-0.565,0.0554
2026-08-24 14:54:50,706.23,2026-08-24,705.0,0.81,0.83,0.78,94544,3566,0.1995,-0.3556,0.10972,-0.82,0.0634
2026-08-24 14:54:50,706.23,2026-08-24,706.0,1.19,1.2,1.21,49642,543,0.1938,-0.4691,0.12064,-1.195,0.0677
2026-08-24 14:54:50,706.23,2026-08-24,707.0,1.65,1.71,1.72,34974,728,0.1868,-0.5926,0.12213,-0.91,0.066
2026-08-24 14:54:50,706.23,2026-08-24,708.0,2.32,2.35,2.35,12865,981,0.187,-0.708,0.10789,-0.565,0.0584
2026-08-24 14:54:50,706.23,2026-08-24,709.0,3.03,3.08,3.06,9454,547,0.1784,-0.8167,0.08744,-0.285,0.0452
2026-08-24 14:54:50,706.23,2026-08-24,710.0,3.89,4.04,4.04,15668,1760,0.1941,-0.8709,0.06374,-0.195,0.0358
2026-08-24 14:54:50,706.23,2026-08-24,711.0,4.88,4.98,5.04,1931,1691,0.2179,-0.8988,0.04775,-0.16,0.0301
2026-08-24 14:54:50,706.23,2026-08-24,712.0,5.83,6.02,6,2025,1281,0.2488,-0.9115,0.03788,-0.155,0.0273
2026-08-24 14:54:50,706.23,2026-08-24,713.0,6.68,6.89,7.08,1666,792,0.2017,-0.9747,0.01719,-0.015,0.01
2026-08-24 14:54:50,706.23,2026-08-24,714.0,7.56,8.08,8.2,537,971,0.2563,-0.9612,0.01927,-0.05,0.0143
2026-08-24 14:54:50,706.23,2026-08-24,715.0,8.52,8.74,9.2,497,1994,,,,,
2026-08-24 14:54:50,706.23,2026-08-24,716.0,9.69,10.03,10.06,282,1999,0.3366,-0.9542,0.01679,-0.09,0.0164
2026-08-24 14:54:50,706.23,2026-08-24,717.0,10.48,11.38,11,82,1410,0.403,-0.9396,0.01746,-0.16,0.0204
2026-08-24 14:54:50,706.23,2026-08-24,718.0,11.69,12.09,12.39,134,1084,0.4099,-0.9522,0.01427,-0.12,0.0169
2026-08-24 14:54:50,706.23,2026-08-24,719.0,12.76,13.4,13.5,78,871,0.5281,-0.9192,0.01666,-0.31,0.0255
2026-08-24 14:54:50,706.23,2026-08-24,720.0,13.88,14.01,14.11,268,2546,0.4966,-0.9458,0.01301,-0.175,0.0187
2026-08-24 14:54:50,706.23,2026-08-24,721.0,14.92,15.46,14.95,42,552,0.6323,-0.9114,0.01492,-0.42,0.0273
2026-08-24 14:55:51,706.13,2026-08-24,692.0,0.01,0.02,0.02,4045,486,0.3477,-0.0077,0.00358,-0.015,0.0036
2026-08-24 14:55:51,706.13,2026-08-24,693.0,0.05,0.06,0.02,3260,555,0.3897,-0.0223,0.008,-0.055,0.009
2026-08-24 14:55:51,706.13,2026-08-24,694.0,0.01,0.02,0.05,9388,2610,0.3037,-0.0087,0.00457,-0.015,0.004
2026-08-24 14:55:51,706.13,2026-08-24,695.0,0.05,0.06,0.05,13152,999,0.3388,-0.0252,0.01022,-0.055,0.01
2026-08-24 14:55:51,706.13,2026-08-24,696.0,0.02,0.07,0.06,8695,642,0.3029,-0.0233,0.01071,-0.045,0.0094
2026-08-24 14:55:51,706.13,2026-08-24,697.0,0.07,0.08,0.07,14198,758,0.303,-0.0365,0.01554,-0.075,0.0136
2026-08-24 14:55:51,706.13,2026-08-24,698.0,0.04,0.05,0.09,23909,556,0.2517,-0.0275,0.01478,-0.045,0.0107
2026-08-24 14:55:51,706.13,2026-08-24,699.0,0.11,0.12,0.12,24503,438,0.2701,-0.0583,0.0254,-0.115,0.0198
2026-08-24 14:55:51,706.13,2026-08-24,700.0,0.14,0.15,0.15,71925,3691,0.2532,-0.0751,0.03295,-0.145,0.0241
2026-08-24 14:55:51,706.13,2026-08-24,701.0,0.15,0.16,0.2,49824,767,0.2249,-0.0877,0.0417,-0.155,0.0271
2026-08-24 14:55:51,706.13,2026-08-24,702.0,0.23,0.24,0.24,93931,612,0.2161,-0.128,0.05702,-0.235,0.0355
2026-08-24 14:55:51,706.13,2026-08-24,703.0,0.39,0.4,0.4,115208,508,0.2159,-0.1941,0.07498,-0.395,0.0467
2026-08-24 14:55:51,706.13,2026-08-24,704.0,0.58,0.59,0.59,92810,715,0.2077,-0.2702,0.09376,-0.585,0.0562
2026-08-24 14:55:51,706.13,2026-08-24,705.0,0.81,0.86,0.86,96278,3566,0.1965,-0.3645,0.11254,-0.835,0.0638
2026-08-24 14:55:51,706.13,2026-08-24,706.0,1.21,1.26,1.25,50224,543,0.193,-0.4811,0.12158,-1.235,0.0677
2026-08-24 14:55:51,706.13,2026-08-24,707.0,1.72,1.79,1.78,35076,728,0.1894,-0.6036,0.11982,-0.885,0.0655
2026-08-24 14:55:51,706.13,2026-08-24,708.0,2.36,2.37,2.37,12883,981,0.1801,-0.7266,0.10877,-0.495,0.0565
2026-08-24 14:55:51,706.13,2026-08-24,709.0,3.14,3.18,3.12,9477,547,0.1838,-0.8184,0.08449,-0.29,0.0448
2026-08-24 14:55:51,706.13,2026-08-24,710.0,3.94,4.16,4.09,15789,1760,0.1937,-0.8781,0.06149,-0.18,0.0344
2026-08-24 14:55:51,706.13,2026-08-24,711.0,4.8,5.06,4.86,1932,1691,0.1816,-0.9412,0.03799,-0.06,0.0199
2026-08-24 14:55:51,706.13,2026-08-24,712.0,5.63,6.02,5.98,2026,1281,,,,,
2026-08-24 14:55:51,706.13,2026-08-24,713.0,6.58,6.92,7.08,1666,792,,,,,
2026-08-24 14:55:51,706.13,2026-08-24,714.0,7.5,8.16,8.2,537,971,,,,,
2026-08-24 14:55:51,706.13,2026-08-24,715.0,8.49,8.97,9.2,497,1994,,,,,
2026-08-24 14:55:51,706.13,2026-08-24,716.0,9.84,10.19,10.06,282,1999,0.37,-0.9397,0.01903,-0.145,0.0203
2026-08-24 14:55:51,706.13,2026-08-24,717.0,10.54,11.31,11,82,1410,0.342,-0.9678,0.01241,-0.055,0.0122
2026-08-24 14:55:51,706.13,2026-08-24,718.0,11.8,11.99,12.39,134,1084,0.3375,-0.9796,0.00858,-0.025,0.0084
2026-08-24 14:55:51,706.13,2026-08-24,719.0,12.9,13.05,13.5,78,871,0.4312,-0.9585,0.01212,-0.105,0.0151
2026-08-24 14:55:51,706.13,2026-08-24,720.0,13.93,14.17,14.11,268,2546,0.503,-0.9451,0.01299,-0.18,0.0189
2026-08-24 14:55:51,706.13,2026-08-24,721.0,14.8,15.49,14.95,42,552,0.5781,-0.9319,0.01339,-0.275,0.0223
2026-08-24 14:56:52,706.06,2026-08-24,692.0,0.01,0.02,0.04,4057,486,0.3468,-0.0077,0.00361,-0.015,0.0036
2026-08-24 14:56:52,706.06,2026-08-24,693.0,0.01,0.02,0.04,3360,555,0.3248,-0.0082,0.00406,-0.015,0.0038
2026-08-24 14:56:52,706.06,2026-08-24,694.0,0.05,0.06,0.05,9390,2610,0.3632,-0.0237,0.00908,-0.055,0.0095
2026-08-24 14:56:52,706.06,2026-08-24,695.0,0.01,0.02,0.05,13154,999,0.2805,-0.0094,0.00529,-0.015,0.0043
2026-08-24 14:56:52,706.06,2026-08-24,696.0,0.06,0.07,0.06,8791,642,0.3206,-0.0307,0.01275,-0.065,0.0118
2026-08-24 14:56:52,706.06,2026-08-24,697.0,0.07,0.08,0.07,14229,758,0.3016,-0.0367,0.01571,-0.075,0.0136
2026-08-24 14:56:52,706.06,2026-08-24,698.0,0.08,0.09,0.07,23941,556,0.2806,-0.0436,0.01941,-0.085,0.0157
2026-08-24 14:56:52,706.06,2026-08-24,699.0,0.06,0.07,0.1,24886,438,0.2394,-0.0396,0.02107,-0.065,0.0145
2026-08-24 14:56:52,706.06,2026-08-24,700.0,0.1,0.11,0.14,72475,3691,0.2335,-0.0612,0.03057,-0.105,0.0205
2026-08-24 14:56:52,706.06,2026-08-24,701.0,0.15,0.16,0.2,50216,767,0.223,-0.0885,0.0424,-0.155,0.0272
2026-08-24 14:56:52,706.06,2026-08-24,702.0,0.27,0.28,0.28,94638,612,0.2248,-0.141,0.0587,-0.275,0.0379
2026-08-24 14:56:52,706.06,2026-08-24,703.0,0.4,0.41,0.37,115984,508,0.2154,-0.1985,0.0763,-0.405,0.0473
2026-08-24 14:56:52,706.06,2026-08-24,704.0,0.59,0.6,0.59,94443,715,0.2064,-0.2753,0.09537,-0.595,0.0566
2026-08-24 14:56:52,706.06,2026-08-24,705.0,0.83,0.88,0.84,98569,3566,0.196,-0.3719,0.11382,-0.855,0.0641
2026-08-24 14:56:52,706.06,2026-08-24,706.0,1.27,1.28,1.26,51233,543,0.1942,-0.4897,0.12113,-1.275,0.0676
2026-08-24 14:56:52,706.06,2026-08-24,707.0,1.8,1.81,1.8,36276,728,0.1908,-0.6113,0.11847,-0.865,0.065
2026-08-24 14:56:52,706.06,2026-08-24,708.0,2.39,2.48,2.38,13164,981,0.1838,-0.7304,0.10605,-0.495,0.056
2026-08-24 14:56:52,706.06,2026-08-24,709.0,3.16,3.18,3.13,9538,547,0.173,-0.8394,0.08314,-0.23,0.0413
2026-08-24 14:56:52,706.06,2026-08-24,710.0,4,4.17,4.13,15821,1760,0.1858,-0.8924,0.05875,-0.145,0.0314
2026-08-24 14:56:52,706.06,2026-08-24,711.0,4.81,5.11,4.82,1936,1691,0.1597,-0.9649,0.02864,-0.02,0.0131
2026-08-24 14:56:52,706.06,2026-08-24,712.0,5.75,6.04,5.93,2167,1281,,,,,
2026-08-24 14:56:52,706.06,2026-08-24,713.0,6.78,7.24,6.92,1667,792,0.2468,-0.9498,0.02472,-0.07,0.0175
2026-08-24 14:56:52,706.06,2026-08-24,714.0,7.59,8.05,7.82,540,971,,,,,
2026-08-24 14:56:52,706.06,2026-08-24,715.0,8.64,8.87,9.08,502,1994,,,,,
2026-08-24 14:56:52,706.06,2026-08-24,716.0,9.56,10.34,9.86,285,1999,0.2729,-0.9833,0.00899,-0.01,0.0071
2026-08-24 14:56:52,706.06,2026-08-24,717.0,10.84,11.05,11,82,1410,0.2881,-0.9866,0.00702,-0.005,0.0058
2026-08-24 14:56:52,706.06,2026-08-24,718.0,11.7,12.38,12.39,134,1084,0.4035,-0.9576,0.01321,-0.1,0.0153
2026-08-24 14:56:52,706.06,2026-08-24,719.0,12.75,13.01,13.5,78,871,,,,,
2026-08-24 14:56:52,706.06,2026-08-24,720.0,14.05,14.37,14.11,271,2546,0.5491,-0.9298,0.01446,-0.27,0.0228
2026-08-24 14:56:52,706.06,2026-08-24,721.0,14.47,15.03,14.95,43,552,,,,,
2026-08-24 14:57:54,706.35,2026-08-24,692.0,0.01,0.02,0.02,4098,486,0.3536,-0.0076,0.00349,-0.015,0.0035
2026-08-24 14:57:54,706.35,2026-08-24,693.0,0.04,0.05,0.04,3395,555,0.3845,-0.0189,0.00709,-0.045,0.0078
2026-08-24 14:57:54,706.35,2026-08-24,694.0,0.01,0.06,0.02,9392,2610,0.3465,-0.0166,0.00703,-0.035,0.007
2026-08-24 14:57:54,706.35,2026-08-24,695.0,0.05,0.06,0.04,13165,999,0.3455,-0.0248,0.00993,-0.055,0.0098
2026-08-24 14:57:54,706.35,2026-08-24,696.0,0.02,0.07,0.06,8913,642,0.3095,-0.0229,0.01037,-0.045,0.0092
2026-08-24 14:57:54,706.35,2026-08-24,697.0,0.07,0.08,0.07,14248,758,0.3099,-0.0359,0.01503,-0.075,0.0134
2026-08-24 14:57:54,706.35,2026-08-24,698.0,0.08,0.09,0.09,23978,556,0.2892,-0.0425,0.01848,-0.085,0.0153
2026-08-24 14:57:54,706.35,2026-08-24,699.0,0.1,0.11,0.11,25103,438,0.2723,-0.0537,0.02369,-0.105,0.0185
2026-08-24 14:57:54,706.35,2026-08-24,700.0,0.13,0.14,0.14,73061,3691,0.2566,-0.0701,0.03093,-0.135,0.0228
2026-08-24 14:57:54,706.35,2026-08-24,701.0,0.18,0.19,0.15,50393,767,0.2437,-0.0954,0.04107,-0.185,0.0287
2026-08-24 14:57:54,706.35,2026-08-24,702.0,0.26,0.27,0.22,95193,612,0.2332,-0.133,0.05443,-0.265,0.0364
2026-08-24 14:57:54,706.35,2026-08-24,703.0,0.34,0.39,0.39,116597,508,0.2191,-0.1808,0.07092,-0.365,0.0446
2026-08-24 14:57:54,706.35,2026-08-24,704.0,0.56,0.57,0.57,95299,715,0.2153,-0.2569,0.08842,-0.565,0.0546
2026-08-24 14:57:54,706.35,2026-08-24,705.0,0.79,0.8,0.8,100314,3566,0.2032,-0.3445,0.107,-0.795,0.0624
2026-08-24 14:57:54,706.35,2026-08-24,706.0,1.21,1.23,1.19,52009,543,0.2067,-0.4572,0.11332,-1.22,0.0672
2026-08-24 14:57:54,706.35,2026-08-24,707.0,1.73,1.74,1.74,36855,728,0.2065,-0.5708,0.11226,-1.085,0.0665
2026-08-24 14:57:54,706.35,2026-08-24,708.0,2.31,2.39,2.39,13260,981,0.2045,-0.6802,0.10323,-0.7,0.0605
2026-08-24 14:57:54,706.35,2026-08-24,709.0,3.11,3.18,3.1,9570,547,0.217,-0.7619,0.08424,-0.495,0.0524
2026-08-24 14:57:54,706.35,2026-08-24,710.0,3.86,3.97,3.84,15852,1760,0.209,-0.8464,0.06692,-0.265,0.0401
2026-08-24 14:57:54,706.35,2026-08-24,711.0,4.56,4.91,4.92,1939,1691,0.1871,-0.9272,0.04368,-0.085,0.0234
2026-08-24 14:57:54,706.35,2026-08-24,712.0,5.62,6.06,5.77,2189,1281,0.2583,-0.8996,0.04023,-0.19,0.0298
2026-08-24 14:57:54,706.35,2026-08-24,713.0,6.5,6.87,6.75,1669,792,0.2166,-0.9639,0.02163,-0.035,0.0134
2026-08-24 14:57:54,706.35,2026-08-24,714.0,7.38,7.77,7.72,546,971,,,,,
2026-08-24 14:57:54,706.35,2026-08-24,715.0,8.54,8.88,9.08,502,1994,0.2881,-0.9604,0.01752,-0.06,0.0145
2026-08-24 14:57:54,706.35,2026-08-24,716.0,9.6,9.94,9.77,285,1999,0.3519,-0.9453,0.01858,-0.12,0.0187
2026-08-24 14:57:54,706.35,2026-08-24,717.0,10.63,11.11,11,82,1410,0.4286,-0.9263,0.01924,-0.22,0.0236
2026-08-24 14:57:54,706.35,2026-08-24,718.0,11.62,12.31,12.39,134,1084,0.4974,-0.9137,0.01869,-0.315,0.0267
2026-08-24 14:57:54,706.35,2026-08-24,719.0,12.34,13.44,13.5,78,871,0.4978,-0.9305,0.01585,-0.24,0.0226
2026-08-24 14:57:54,706.35,2026-08-24,720.0,13.59,13.93,13.91,271,2546,0.4568,-0.9591,0.01135,-0.11,0.0149
2026-08-24 14:57:54,706.35,2026-08-24,721.0,14.06,15.31,14.64,43,552,0.417,-0.9796,0.00697,-0.035,0.0083
2026-08-24 14:58:55,706.0,2026-08-24,691.0,0.04,0.05,0.02,1899,468,0.4259,-0.0173,0.00594,-0.045,0.0072
2026-08-24 14:58:55,706.0,2026-08-24,692.0,0.01,0.02,0.04,4111,486,0.3466,-0.0077,0.00364,-0.015,0.0036
2026-08-24 14:58:55,706.0,2026-08-24,693.0,0.04,0.05,0.03,3396,555,0.3766,-0.0193,0.00738,-0.045,0.0079
2026-08-24 14:58:55,706.0,2026-08-24,694.0,0.05,0.06,0.02,9393,2610,0.3628,-0.0238,0.00915,-0.055,0.0095
2026-08-24 14:58:55,706.0,2026-08-24,695.0,0.01,0.02,0.05,13186,999,0.28,-0.0094,0.00534,-0.015,0.0043
2026-08-24 14:58:55,706.0,2026-08-24,696.0,0.06,0.07,0.06,8923,642,0.32,-0.0308,0.01287,-0.065,0.0118
2026-08-24 14:58:55,706.0,2026-08-24,697.0,0.03,0.08,0.07,14304,758,0.2848,-0.0295,0.01395,-0.055,0.0113
2026-08-24 14:58:55,706.0,2026-08-24,698.0,0.04,0.05,0.05,23996,556,0.2495,-0.0278,0.01515,-0.045,0.0108
2026-08-24 14:58:55,706.0,2026-08-24,699.0,0.1,0.11,0.11,25148,438,0.2623,-0.0556,0.02531,-0.105,0.019
2026-08-24 14:58:55,706.0,2026-08-24,700.0,0.1,0.15,0.15,73357,3691,0.2416,-0.0692,0.0326,-0.125,0.0225
2026-08-24 14:58:55,706.0,2026-08-24,701.0,0.19,0.2,0.16,50557,767,0.2356,-0.1027,0.04494,-0.195,0.0302
2026-08-24 14:58:55,706.0,2026-08-24,702.0,0.27,0.28,0.28,95392,612,0.2231,-0.1423,0.0597,-0.275,0.038
2026-08-24 14:58:55,706.0,2026-08-24,703.0,0.36,0.41,0.41,116855,508,0.2092,-0.1958,0.07821,-0.385,0.0467
2026-08-24 14:58:55,706.0,2026-08-24,704.0,0.56,0.61,0.61,96279,715,0.2022,-0.2768,0.09798,-0.585,0.0566
2026-08-24 14:58:55,706.0,2026-08-24,705.0,0.88,0.89,0.89,101441,3566,0.1975,-0.3798,0.11408,-0.885,0.0643
2026-08-24 14:58:55,706.0,2026-08-24,706.0,1.25,1.26,1.3,53342,543,0.1871,-0.4975,0.12619,-1.25,0.0674
2026-08-24 14:58:55,706.0,2026-08-24,707.0,1.83,1.84,1.85,37652,728,0.1899,-0.6199,0.11866,-0.83,0.0643
2026-08-24 14:58:55,706.0,2026-08-24,708.0,2.52,2.55,2.55,13339,981,0.1938,-0.727,0.10154,-0.53,0.0562
2026-08-24 14:58:55,706.0,2026-08-24,709.0,3.31,3.35,3.29,9682,547,0.198,-0.8129,0.08034,-0.325,0.0454
2026-08-24 14:58:55,706.0,2026-08-24,710.0,4.059,4.17,4.13,15878,1760,0.1766,-0.9084,0.05517,-0.1095,0.0278
2026-08-24 14:58:55,706.0,2026-08-24,711.0,4.88,5.12,5.15,1949,1691,0.136,-0.9847,0.0168,0.005,0.0065
2026-08-24 14:58:55,706.0,2026-08-24,712.0,5.88,6.32,5.88,2191,1281,0.2332,-0.9345,0.03236,-0.095,0.0215
2026-08-24 14:58:55,706.0,2026-08-24,713.0,6.89,7.18,6.88,1670,792,0.2225,-0.9676,0.01928,-0.03,0.0122
2026-08-24 14:58:55,706.0,2026-08-24,714.0,7.7,8.06,7.72,546,971,,,,,
2026-08-24 14:58:55,706.0,2026-08-24,715.0,8.67,9.21,9.08,502,1994,,,,,
2026-08-24 14:58:55,706.0,2026-08-24,716.0,10.11,10.48,9.77,285,1999,0.4366,-0.9097,0.02206,-0.29,0.0275
2026-08-24 14:58:55,706.0,2026-08-24,717.0,10.96,11.12,11,82,1410,0.3289,-0.9749,0.01056,-0.035,0.0099
2026-08-24 14:58:55,706.0,2026-08-24,718.0,11.5,12.33,12.14,135,1084,,,,,
2026-08-24 14:58:55,706.0,2026-08-24,719.0,12.85,13.45,13.5,78,871,0.4617,-0.9499,0.01324,-0.145,0.0175
2026-08-24 14:58:55,706.0,2026-08-24,720.0,13.95,14.02,13.75,272,2546,,,,,
2026-08-24 14:59:55,705.91,2026-08-24,691.0,0.01,0.05,0.02,1899,468,0.4011,-0.0127,0.00485,-0.03,0.0055
2026-08-24 14:59:55,705.91,2026-08-24,692.0,0.01,0.02,0.04,4123,486,0.3453,-0.0078,0.00367,-0.015,0.0036
2026-08-24 14:59:55,705.91,2026-08-24,693.0,0.04,0.05,0.04,3400,555,0.3751,-0.0194,0.00745,-0.045,0.008
2026-08-24 14:59:55,705.91,2026-08-24,694.0,0.01,0.06,0.02,9393,2610,0.3372,-0.017,0.00743,-0.035,0.0071
2026-08-24 14:59:55,705.91,2026-08-24,695.0,0.05,0.06,0.05,13191,999,0.3355,-0.0256,0.01053,-0.055,0.01
2026-08-24 14:59:55,705.91,2026-08-24,696.0,0.06,0.07,0.03,8924,642,0.3183,-0.031,0.01303,-0.065,0.0118
2026-08-24 14:59:55,705.91,2026-08-24,697.0,0.07,0.08,0.07,14305,758,0.299,-0.0371,0.01609,-0.075,0.0137
2026-08-24 14:59:55,705.91,2026-08-24,698.0,0.08,0.09,0.08,24103,556,0.2779,-0.0442,0.01992,-0.085,0.0157
2026-08-24 14:59:55,705.91,2026-08-24,699.0,0.1,0.11,0.11,25178,438,0.2603,-0.056,0.02572,-0.105,0.019
2026-08-24 14:59:55,705.91,2026-08-24,700.0,0.09,0.14,0.15,73765,3691,0.2349,-0.0661,0.03244,-0.115,0.0217
2026-08-24 14:59:55,705.91,2026-08-24,701.0,0.19,0.2,0.2,50869,767,0.2331,-0.1037,0.04585,-0.195,0.0304
2026-08-24 14:59:55,705.91,2026-08-24,702.0,0.27,0.28,0.25,95909,612,0.2203,-0.144,0.06105,-0.275,0.0383
2026-08-24 14:59:55,705.91,2026-08-24,703.0,0.36,0.37,0.37,119563,508,0.2017,-0.1936,0.0807,-0.365,0.0463
2026-08-24 14:59:55,705.91,2026-08-24,704.0,0.6,0.61,0.61,97421,715,0.2019,-0.2846,0.09965,-0.605,0.0572
2026-08-24 14:59:55,705.91,2026-08-24,705.0,0.85,0.86,0.86,102727,3566,0.1881,-0.3841,0.12039,-0.855,0.0644
2026-08-24 14:59:55,705.91,2026-08-24,706.0,1.3,1.32,1.32,54170,543,0.1892,-0.5082,0.12497,-1.22,0.0673
2026-08-24 14:59:55,705.91,2026-08-24,707.0,1.81,1.83,1.87,37962,728,0.1795,-0.6375,0.12386,-0.73,0.0632
2026-08-24 14:59:55,705.91,2026-08-24,708.0,2.53,2.59,2.58,13389,981,0.1873,-0.7431,0.10204,-0.47,0.0544
2026-08-24 14:59:55,705.91,2026-08-24,709.0,3.3,3.47,3.31,9718,547,0.1951,-0.8236,0.07872,-0.295,0.0437
2026-08-24 14:59:55,705.91,2026-08-24,710.0,4.1,4.32,4.3,15895,1760,0.1834,-0.905,0.05464,-0.12,0.0285
2026-08-24 14:59:55,705.91,2026-08-24,711.0,4.97,5.24,5.29,1950,1691,0.1603,-0.9691,0.0258,-0.015,0.0118
2026-08-24 14:59:55,705.91,2026-08-24,712.0,6.01,6.19,6.16,2199,1281,0.1811,-0.976,0.01848,-0.01,0.0095
2026-08-24 14:59:55,705.91,2026-08-24,713.0,6.95,7.14,6.88,1670,792,,,,,
2026-08-24 14:59:55,705.91,2026-08-24,714.0,7.7,8.16,8.21,549,971,,,,,
2026-08-24 14:59:55,705.91,2026-08-24,715.0,8.73,9.21,9,503,1994,,,,,
2026-08-24 14:59:55,705.91,2026-08-24,716.0,10.13,10.46,9.77,285,1999,0.4067,-0.9269,0.02023,-0.205,0.0234
2026-08-24 14:59:55,705.91,2026-08-24,717.0,10.92,11.24,11,82,1410,0.256,-0.9945,0.00366,0.01,0.0027
2026-08-24 14:59:55,705.91,2026-08-24,718.0,11.92,12.16,12.14,135,1084,,,,,
2026-08-24 14:59:55,705.91,2026-08-24,719.0,12.88,13.44,13.5,78,871,0.4141,-0.9678,0.01033,-0.07,0.0122
2026-08-24 14:59:55,705.91,2026-08-24,720.0,13.99,14.1,13.75,272,2546,,,,,
2026-08-24 15:00:56,705.57,2026-08-24,691.0,0.04,0.05,0.02,1899,468,0.417,-0.0177,0.00621,-0.045,0.0073
2026-08-24 15:00:56,705.57,2026-08-24,692.0,0.01,0.02,0.02,4136,486,0.3385,-0.0079,0.00382,-0.015,0.0037
2026-08-24 15:00:56,705.57,2026-08-24,693.0,0.04,0.05,0.04,3400,555,0.3673,-0.0198,0.00776,-0.045,0.0081
2026-08-24 15:00:56,705.57,2026-08-24,694.0,0.05,0.06,0.04,9399,2610,0.3532,-0.0245,0.00966,-0.055,0.0097
2026-08-24 15:00:56,705.57,2026-08-24,695.0,0.01,0.06,0.04,13246,999,0.3049,-0.0187,0.00891,-0.035,0.0077
2026-08-24 15:00:56,705.57,2026-08-24,696.0,0.02,0.03,0.06,9026,642,0.2665,-0.0156,0.00874,-0.025,0.0066
2026-08-24 15:00:56,705.57,2026-08-24,697.0,0.07,0.08,0.07,14318,758,0.2901,-0.0382,0.017,-0.075,0.014
2026-08-24 15:00:56,705.57,2026-08-24,698.0,0.08,0.09,0.09,24316,556,0.2686,-0.0456,0.02118,-0.085,0.0161
2026-08-24 15:00:56,705.57,2026-08-24,699.0,0.11,0.12,0.12,25241,438,0.2555,-0.0617,0.0283,-0.115,0.0205
2026-08-24 15:00:56,705.57,2026-08-24,700.0,0.15,0.16,0.12,73929,3691,0.2413,-0.0834,0.03776,-0.155,0.0258
2026-08-24 15:00:56,705.57,2026-08-24,701.0,0.21,0.22,0.18,50926,767,0.2279,-0.1148,0.05055,-0.215,0.0326
2026-08-24 15:00:56,705.57,2026-08-24,702.0,0.31,0.32,0.3,96178,612,0.2174,-0.1626,0.06718,-0.315,0.0414
2026-08-24 15:00:56,705.57,2026-08-24,703.0,0.47,0.48,0.44,120969,508,0.2095,-0.2309,0.08628,-0.475,0.0512
2026-08-24 15:00:56,705.57,2026-08-24,704.0,0.66,0.71,0.66,98470,715,0.1982,-0.3166,0.10674,-0.685,0.0599
2026-08-24 15:00:56,705.57,2026-08-24,705.0,1.03,1.04,1,103935,3566,0.1945,-0.4285,0.1199,-1.035,0.0661
2026-08-24 15:00:56,705.57,2026-08-24,706.0,1.5,1.51,1.5,54875,543,0.1914,-0.5507,0.12286,-1.07,0.0666
2026-08-24 15:00:56,705.57,2026-08-24,707.0,2.1,2.12,2.1,38247,728,0.1902,-0.6701,0.11314,-0.675,0.0609
2026-08-24 15:00:56,705.57,2026-08-24,708.0,2.76,2.79,2.83,13430,981,0.178,-0.7891,0.09642,-0.34,0.0486
2026-08-24 15:00:56,705.57,2026-08-24,709.0,3.51,3.64,3.53,9741,547,0.1681,-0.8856,0.06838,-0.14,0.0326
2026-08-24 15:00:56,705.57,2026-08-24,710.0,4.53,4.63,4.2,15910,1760,0.2039,-0.8999,0.05119,-0.145,0.0296
2026-08-24 15:00:56,705.57,2026-08-24,711.0,5.2,5.59,5.34,1951,1691,,,,,
2026-08-24 15:00:56,705.57,2026-08-24,712.0,6.25,6.55,6.08,2201,1281,,,,,
2026-08-24 15:00:56,705.57,2026-08-24,713.0,7.13,7.45,6.88,1670,792,,,,,
2026-08-24 15:00:56,705.57,2026-08-24,714.0,8.039,8.65,8.21,549,971,,,,,
2026-08-24 15:00:56,705.57,2026-08-24,715.0,9.04,9.43,9,503,1994,,,,,
2026-08-24 15:00:56,705.57,2026-08-24,716.0,10.24,10.56,9.77,285,1999,,,,,
2026-08-24 15:00:56,705.57,2026-08-24,717.0,11.31,11.74,11,82,1410,0.3859,-0.959,0.01354,-0.09,0.0148
2026-08-24 15:00:56,705.57,2026-08-24,718.0,12.31,12.43,12.14,135,1084,,,,,
2026-08-24 15:00:56,705.57,2026-08-24,719.0,13.14,13.55,13.5,78,871,,,,,
2026-08-24 15:00:56,705.57,2026-08-24,720.0,13.97,14.38,13.75,272,2546,,,,,
2026-08-24 15:01:58,705.61,2026-08-24,691.0,0.01,0.05,0.02,1899,468,0.3955,-0.0129,0.00501,-0.03,0.0056
2026-08-24 15:01:58,705.61,2026-08-24,692.0,0.04,0.05,0.04,4168,486,0.394,-0.0186,0.00688,-0.045,0.0077
2026-08-24 15:01:58,705.61,2026-08-24,693.0,0.04,0.05,0.03,3442,555,0.369,-0.0197,0.00772,-0.045,0.008
2026-08-24 15:01:58,705.61,2026-08-24,694.0,0.05,0.06,0.02,9453,2610,0.3549,-0.0244,0.00961,-0.055,0.0096
2026-08-24 15:01:58,705.61,2026-08-24,695.0,0.05,0.06,0.05,13346,999,0.3289,-0.0261,0.01097,-0.055,0.0102
2026-08-24 15:01:58,705.61,2026-08-24,696.0,0.02,0.03,0.06,9026,642,0.268,-0.0156,0.00868,-0.025,0.0066
2026-08-24 15:01:58,705.61,2026-08-24,697.0,0.07,0.08,0.07,14329,758,0.2919,-0.0381,0.01688,-0.075,0.0139
2026-08-24 15:01:58,705.61,2026-08-24,698.0,0.04,0.09,0.08,24336,556,0.2569,-0.0376,0.01897,-0.065,0.0138
2026-08-24 15:01:58,705.61,2026-08-24,699.0,0.07,0.08,0.08,25257,438,0.2354,-0.0459,0.02435,-0.075,0.0162
2026-08-24 15:01:58,705.61,2026-08-24,700.0,0.15,0.16,0.15,74104,3691,0.2432,-0.0829,0.03739,-0.155,0.0257
2026-08-24 15:01:58,705.61,2026-08-24,701.0,0.21,0.22,0.18,51024,767,0.2298,-0.1141,0.04999,-0.215,0.0324
2026-08-24 15:01:58,705.61,2026-08-24,702.0,0.3,0.31,0.3,96484,612,0.2171,-0.1588,0.06637,-0.305,0.0407
2026-08-24 15:01:58,705.61,2026-08-24,703.0,0.41,0.42,0.41,121594,508,0.2,-0.216,0.0872,-0.415,0.0492
2026-08-24 15:01:58,705.61,2026-08-24,704.0,0.64,0.65,0.64,99574,715,0.1941,-0.3079,0.10784,-0.645,0.0591
2026-08-24 15:01:58,705.61,2026-08-24,705.0,1.02,1.03,0.97,105595,3566,0.1962,-0.4236,0.11877,-1.025,0.0658
2026-08-24 15:01:58,705.61,2026-08-24,706.0,1.44,1.45,1.47,55558,543,0.1864,-0.5465,0.12652,-1.055,0.0666
2026-08-24 15:01:58,705.61,2026-08-24,707.0,2.07,2.1,2.08,38557,728,0.1913,-0.6644,0.11343,-0.695,0.0613
2026-08-24 15:01:58,705.61,2026-08-24,708.0,2.81,2.84,2.78,13526,981,0.1953,-0.7641,0.09386,-0.435,0.0517
2026-08-24 15:01:58,705.61,2026-08-24,709.0,3.5,3.76,3.63,9763,547,0.1943,-0.848,0.07202,-0.24,0.0395
2026-08-24 15:01:58,705.61,2026-08-24,710.0,4.59,4.69,4.47,15928,1760,0.2344,-0.8653,0.05507,-0.25,0.0364
2026-08-24 15:01:58,705.61,2026-08-24,711.0,5.43,5.5,5.34,1951,1691,0.2064,-0.9383,0.03509,-0.075,0.0204
2026-08-24 15:01:58,705.61,2026-08-24,712.0,6.32,6.66,6.08,2201,1281,0.2484,-0.9354,0.03024,-0.1,0.0212
2026-08-24 15:01:58,705.61,2026-08-24,713.0,7.18,7.38,7.25,1672,792,,,,,
2026-08-24 15:01:58,705.61,2026-08-24,714.0,8.119,8.37,8.21,549,971,,,,,
2026-08-24 15:01:58,705.61,2026-08-24,715.0,9.28,9.47,9.39,507,1994,0.197,-0.9975,0.00232,0.015,0.0013
2026-08-24 15:01:58,705.61,2026-08-24,716.0,10.33,10.7,9.77,285,1999,0.3786,-0.9468,0.01704,-0.125,0.0182
2026-08-24 15:01:58,705.61,2026-08-24,717.0,11.26,11.37,11,82,1410,,,,,
2026-08-24 15:01:58,705.61,2026-08-24,718.0,12.17,12.34,12.14,135,1084,,,,,
2026-08-24 15:01:58,705.61,2026-08-24,719.0,13.25,13.53,13.45,79,871,0.3344,-0.9907,0.00445,0.0,0.0042
2026-08-24 15:01:58,705.61,2026-08-24,720.0,14.46,14.51,13.75,272,2546,0.4694,-0.964,0.01004,-0.095,0.0133
2026-08-24 15:03:01,705.58,2026-08-24,691.0,0.01,0.05,0.04,1939,468,0.3955,-0.0129,0.00502,-0.03,0.0056
2026-08-24 15:03:01,705.58,2026-08-24,692.0,0.04,0.05,0.04,4209,486,0.394,-0.0187,0.00691,-0.045,0.0077
2026-08-24 15:03:01,705.58,2026-08-24,693.0,0.04,0.05,0.04,3535,555,0.369,-0.0198,0.00775,-0.045,0.008
2026-08-24 15:03:01,705.58,2026-08-24,694.0,0.01,0.06,0.05,9473,2610,0.331,-0.0174,0.00775,-0.035,0.0072
2026-08-24 15:03:01,705.58,2026-08-24,695.0,0.01,0.06,0.05,13823,999,0.3063,-0.0187,0.00889,-0.035,0.0077
2026-08-24 15:03:01,705.58,2026-08-24,696.0,0.02,0.03,0.06,9134,642,0.2678,-0.0156,0.00872,-0.025,0.0066
2026-08-24 15:03:01,705.58,2026-08-24,697.0,0.07,0.08,0.07,14385,758,0.2916,-0.0382,0.01696,-0.075,0.0139
2026-08-24 15:03:01,705.58,2026-08-24,698.0,0.04,0.09,0.08,24619,556,0.2565,-0.0377,0.01908,-0.065,0.0138
2026-08-24 15:03:01,705.58,2026-08-24,699.0,0.11,0.12,0.11,25305,438,0.2568,-0.0616,0.02822,-0.115,0.0204
2026-08-24 15:03:01,705.58,2026-08-24,700.0,0.15,0.16,0.15,75065,3691,0.2426,-0.0832,0.03764,-0.155,0.0257
2026-08-24 15:03:01,705.58,2026-08-24,701.0,0.21,0.22,0.19,51209,767,0.2292,-0.1146,0.05036,-0.215,0.0325
2026-08-24 15:03:01,705.58,2026-08-24,702.0,0.27,0.32,0.27,96866,612,0.2139,-0.1567,0.06692,-0.295,0.0403
2026-08-24 15:03:01,705.58,2026-08-24,703.0,0.41,0.42,0.42,126926,508,0.199,-0.2171,0.08805,-0.415,0.0493
2026-08-24 15:03:01,705.58,2026-08-24,704.0,0.68,0.69,0.68,100852,715,0.1996,-0.3156,0.10619,-0.685,0.0596
2026-08-24 15:03:01,705.58,2026-08-24,705.0,1,1.01,1,107763,3566,0.1916,-0.4254,0.12196,-1.005,0.0657
2026-08-24 15:03:01,705.58,2026-08-24,706.0,1.41,1.42,1.41,57648,543,0.1797,-0.5523,0.13121,-0.995,0.0663
2026-08-24 15:03:01,705.58,2026-08-24,707.0,2.05,2.07,2.05,39169,728,0.1842,-0.6742,0.11662,-0.64,0.0604
2026-08-24 15:03:01,705.58,2026-08-24,708.0,2.73,2.75,2.84,13755,981,0.1738,-0.7941,0.09771,-0.32,0.0478
2026-08-24 15:03:01,705.58,2026-08-24,709.0,3.53,3.62,3.63,9860,547,0.1726,-0.8791,0.06946,-0.155,0.0337
2026-08-24 15:03:01,705.58,2026-08-24,710.0,4.38,4.79,4.46,15959,1760,0.2107,-0.8925,0.05236,-0.165,0.031
2026-08-24 15:03:01,705.58,2026-08-24,711.0,5.49,5.66,5.52,1975,1691,0.2409,-0.9082,0.04081,-0.155,0.0276
2026-08-24 15:03:01,705.58,2026-08-24,712.0,6.36,6.63,6.22,2214,1281,0.2371,-0.9452,0.0279,-0.075,0.0186
2026-08-24 15:03:01,705.58,2026-08-24,713.0,6.92,7.61,7.08,1697,792,,,,,
2026-08-24 15:03:01,705.58,2026-08-24,714.0,8.35,8.66,8.21,549,971,0.3002,-0.9511,0.02013,-0.085,0.017
2026-08-24 15:03:01,705.58,2026-08-24,715.0,9.39,9.71,9.39,508,1994,0.3537,-0.9418,0.0196,-0.13,0.0195
2026-08-24 15:03:01,705.58,2026-08-24,716.0,10.28,10.44,10.29,293,1999,,,,,
2026-08-24 15:03:01,705.58,2026-08-24,717.0,11.19,11.41,11.14,87,1410,,,,,
2026-08-24 15:03:01,705.58,2026-08-24,718.0,12.34,12.66,12.14,135,1084,0.4066,-0.9639,0.01162,-0.08,0.0133
2026-08-24 15:03:01,705.58,2026-08-24,719.0,13.13,13.83,13.47,80,871,0.4162,-0.9711,0.00945,-0.06,0.0111
2026-08-24 15:03:01,705.58,2026-08-24,720.0,14.47,14.78,13.75,272,2546,0.5383,-0.9421,0.01283,-0.205,0.0194
2026-08-24 15:04:02,705.4,2026-08-24,691.0,0.04,0.05,0.04,1939,468,0.4152,-0.0178,0.00632,-0.045,0.0073
2026-08-24 15:04:02,705.4,2026-08-24,692.0,0.01,0.05,0.04,4221,486,0.3682,-0.0138,0.00573,-0.03,0.0059
2026-08-24 15:04:02,705.4,2026-08-24,693.0,0.01,0.02,0.04,3541,555,0.3143,-0.0085,0.00441,-0.015,0.0039
2026-08-24 15:04:02,705.4,2026-08-24,694.0,0.05,0.06,0.02,9557,2610,0.3508,-0.0248,0.00987,-0.055,0.0097
2026-08-24 15:04:02,705.4,2026-08-24,695.0,0.01,0.06,0.02,13829,999,0.3024,-0.0189,0.00912,-0.035,0.0077
2026-08-24 15:04:02,705.4,2026-08-24,696.0,0.02,0.07,0.06,9138,642,0.2886,-0.0246,0.01196,-0.045,0.0097
2026-08-24 15:04:02,705.4,2026-08-24,697.0,0.03,0.04,0.05,14421,758,0.2521,-0.0222,0.01255,-0.035,0.0089
2026-08-24 15:04:02,705.4,2026-08-24,698.0,0.08,0.09,0.08,24672,556,0.2653,-0.0463,0.02183,-0.085,0.0162
2026-08-24 15:04:02,705.4,2026-08-24,699.0,0.07,0.12,0.07,25347,438,0.2417,-0.0552,0.02758,-0.095,0.0187
2026-08-24 15:04:02,705.4,2026-08-24,700.0,0.15,0.16,0.15,75333,3691,0.2372,-0.085,0.03918,-0.155,0.026
2026-08-24 15:04:02,705.4,2026-08-24,701.0,0.21,0.22,0.21,51440,767,0.2232,-0.1173,0.05269,-0.215,0.0329
2026-08-24 15:04:02,705.4,2026-08-24,702.0,0.28,0.33,0.32,97233,612,0.2096,-0.1638,0.07043,-0.305,0.0414
2026-08-24 15:04:02,705.4,2026-08-24,703.0,0.47,0.48,0.47,129476,508,0.2031,-0.2374,0.0909,-0.475,0.0517
2026-08-24 15:04:02,705.4,2026-08-24,704.0,0.67,0.72,0.71,101348,715,0.192,-0.3286,0.11251,-0.695,0.0605
2026-08-24 15:04:02,705.4,2026-08-24,705.0,1.06,1.07,1.06,108644,3566,0.1891,-0.4467,0.12489,-1.065,0.0662
2026-08-24 15:04:02,705.4,2026-08-24,706.0,1.54,1.55,1.54,58607,543,0.1844,-0.574,0.12704,-0.945,0.0656
2026-08-24 15:04:02,705.4,2026-08-24,707.0,2.1,2.11,2.1,39560,728,0.171,-0.7089,0.11977,-0.505,0.0574
2026-08-24 15:04:02,705.4,2026-08-24,708.0,2.83,2.85,2.7,13837,981,0.164,-0.8256,0.09367,-0.24,0.0431
2026-08-24 15:04:02,705.4,2026-08-24,709.0,3.61,3.78,3.68,9896,547,0.1595,-0.9094,0.06115,-0.095,0.0273
2026-08-24 15:04:02,705.4,2026-08-24,710.0,4.36,4.72,4.42,15960,1760,,,,,
2026-08-24 15:04:02,705.4,2026-08-24,711.0,5.29,5.72,5.23,1978,1691,,,,,
2026-08-24 15:04:02,705.4,2026-08-24,712.0,6.54,6.76,6.29,2218,1281,0.228,-0.9568,0.02405,-0.05,0.0154
2026-08-24 15:04:02,705.4,2026-08-24,713.0,7.01,7.56,6.93,1702,792,,,,,
2026-08-24 15:04:02,705.4,2026-08-24,714.0,8.13,8.53,8.21,549,971,,,,,
2026-08-24 15:04:02,705.4,2026-08-24,715.0,9.4,9.53,9.42,508,1994,,,,,
2026-08-24 15:04:02,705.4,2026-08-24,716.0,10.14,10.58,10.29,293,1999,,,,,
2026-08-24 15:04:02,705.4,2026-08-24,717.0,11.22,11.49,11.14,87,1410,,,,,
2026-08-24 15:04:02,705.4,2026-08-24,718.0,12.12,12.48,12.14,135,1084,,,,,
2026-08-24 15:04:02,705.4,2026-08-24,719.0,13.24,13.7,13.47,80,871,,,,,
2026-08-24 15:04:02,705.4,2026-08-24,720.0,14.65,14.68,13.75,272,2546,0.4517,-0.9715,0.00862,-0.065,0.0109
2026-08-24 15:05:03,705.32,2026-08-24,691.0,0.04,0.05,0.04,1939,468,0.414,-0.0179,0.00637,-0.045,0.0074
2026-08-24 15:05:03,705.32,2026-08-24,692.0,0.04,0.05,0.04,4242,486,0.389,-0.0189,0.00711,-0.045,0.0077
2026-08-24 15:05:03,705.32,2026-08-24,693.0,0.04,0.05,0.03,3541,555,0.3638,-0.0201,0.008,-0.045,0.0081
2026-08-24 15:05:03,705.32,2026-08-24,694.0,0.01,0.06,0.04,9578,2610,0.3258,-0.0177,0.00803,-0.035,0.0073
2026-08-24 15:05:03,705.32,2026-08-24,695.0,0.05,0.06,0.05,13841,999,0.3232,-0.0267,0.01142,-0.055,0.0103
2026-08-24 15:05:03,705.32,2026-08-24,696.0,0.02,0.07,0.03,9142,642,0.287,-0.0248,0.01211,-0.045,0.0097
2026-08-24 15:05:03,705.32,2026-08-24,697.0,0.07,0.08,0.07,14430,758,0.2854,-0.039,0.01771,-0.075,0.0141
2026-08-24 15:05:03,705.32,2026-08-24,698.0,0.04,0.09,0.05,24685,556,0.2503,-0.0386,0.02003,-0.065,0.014
2026-08-24 15:05:03,705.32,2026-08-24,699.0,0.11,0.12,0.11,25421,438,0.2498,-0.0633,0.02974,-0.115,0.0207
2026-08-24 15:05:03,705.32,2026-08-24,700.0,0.11,0.12,0.15,75704,3691,0.2186,-0.0709,0.03711,-0.115,0.0226
2026-08-24 15:05:03,705.32,2026-08-24,701.0,0.22,0.23,0.18,51499,767,0.2237,-0.1217,0.05405,-0.225,0.0338
2026-08-24 15:05:03,705.32,2026-08-24,702.0,0.29,0.34,0.33,97702,612,0.2092,-0.1686,0.07203,-0.315,0.0421
2026-08-24 15:05:03,705.32,2026-08-24,703.0,0.5,0.51,0.46,129991,508,0.2055,-0.2469,0.09195,-0.505,0.0527
2026-08-24 15:05:03,705.32,2026-08-24,704.0,0.75,0.76,0.75,102031,715,0.1978,-0.3419,0.11112,-0.755,0.0613
2026-08-24 15:05:03,705.32,2026-08-24,705.0,1.13,1.14,1.13,110259,3566,0.1946,-0.4578,0.12204,-1.135,0.0663
2026-08-24 15:05:03,705.32,2026-08-24,706.0,1.57,1.59,1.58,59896,543,0.1829,-0.585,0.12755,-0.9,0.0651
2026-08-24 15:05:03,705.32,2026-08-24,707.0,2.26,2.29,2.26,40360,728,0.191,-0.6978,0.1093,-0.595,0.0583
2026-08-24 15:05:03,705.32,2026-08-24,708.0,2.96,3.06,2.93,13978,981,0.1877,-0.801,0.08899,-0.33,0.0466
2026-08-24 15:05:03,705.32,2026-08-24,709.0,3.77,4,3.77,9962,547,0.197,-0.866,0.06563,-0.205,0.0361
2026-08-24 15:05:03,705.32,2026-08-24,710.0,4.55,4.92,4.44,15985,1760,0.1762,-0.9426,0.0391,-0.055,0.0192
2026-08-24 15:05:03,705.32,2026-08-24,711.0,5.43,5.93,5.24,1985,1691,0.1604,-0.9823,0.01631,0.0,0.0073
2026-08-24 15:05:03,705.32,2026-08-24,712.0,6.54,6.83,6.38,2223,1281,0.1912,-0.9809,0.01455,-0.005,0.0078
2026-08-24 15:05:03,705.32,2026-08-24,713.0,7.68,7.91,7.43,1702,792,0.2958,-0.9381,0.02471,-0.115,0.0204
2026-08-24 15:05:03,705.32,2026-08-24,714.0,8.15,8.92,8.21,549,971,,,,,
2026-08-24 15:05:03,705.32,2026-08-24,715.0,9.54,9.85,9.42,508,1994,0.2768,-0.9809,0.01009,-0.015,0.0078
2026-08-24 15:05:03,705.32,2026-08-24,716.0,10.2,10.67,10.29,293,1999,,,,,
2026-08-24 15:05:03,705.32,2026-08-24,717.0,11.12,11.6,11.14,87,1410,,,,,
2026-08-24 15:05:03,705.32,2026-08-24,718.0,12.3,12.79,12.14,135,1084,,,,,
2026-08-24 15:05:03,705.32,2026-08-24,719.0,13.8,14.04,13.47,80,871,0.5355,-0.934,0.01434,-0.24,0.0214
2026-08-24 15:05:03,705.32,2026-08-24,720.0,14.38,15.03,13.75,272,2546,0.4098,-0.9828,0.00623,-0.025,0.0071
2026-08-24 15:06:05,704.94,2026-08-24,690.0,0.03,0.04,0.03,7627,1115,0.4152,-0.0143,0.00525,-0.035,0.0061
2026-08-24 15:06:05,704.94,2026-08-24,691.0,0.04,0.05,0.04,1939,468,0.4054,-0.0183,0.00664,-0.045,0.0075
2026-08-24 15:06:05,704.94,2026-08-24,692.0,0.04,0.05,0.04,4254,486,0.3803,-0.0194,0.00743,-0.045,0.0078
2026-08-24 15:06:05,704.94,2026-08-24,693.0,0.01,0.02,0.03,3561,555,0.3052,-0.0088,0.00468,-0.015,0.004
2026-08-24 15:06:05,704.94,2026-08-24,694.0,0.01,0.02,0.05,9584,2610,0.2825,-0.0094,0.00538,-0.015,0.0042
2026-08-24 15:06:05,704.94,2026-08-24,695.0,0.05,0.06,0.05,14112,999,0.3139,-0.0274,0.01206,-0.055,0.0105
2026-08-24 15:06:05,704.94,2026-08-24,696.0,0.02,0.03,0.06,9163,642,0.2538,-0.0164,0.00969,-0.025,0.0068
2026-08-24 15:06:05,704.94,2026-08-24,697.0,0.07,0.08,0.07,14437,758,0.2753,-0.0403,0.0189,-0.075,0.0145
2026-08-24 15:06:05,704.94,2026-08-24,698.0,0.09,0.1,0.08,24723,556,0.2588,-0.0522,0.02475,-0.095,0.0178
2026-08-24 15:06:05,704.94,2026-08-24,699.0,0.13,0.14,0.1,25479,438,0.2476,-0.0732,0.03367,-0.135,0.0232
2026-08-24 15:06:05,704.94,2026-08-24,700.0,0.18,0.19,0.18,76168,3691,0.2335,-0.1001,0.04513,-0.185,0.0293
2026-08-24 15:06:05,704.94,2026-08-24,701.0,0.22,0.27,0.22,51644,767,0.2159,-0.1346,0.06019,-0.245,0.0361
2026-08-24 15:06:05,704.94,2026-08-24,702.0,0.39,0.4,0.39,97975,612,0.2118,-0.2,0.07929,-0.395,0.0467
2026-08-24 15:06:05,704.94,2026-08-24,703.0,0.54,0.59,0.59,130440,508,0.1986,-0.2762,0.101,-0.565,0.0557
2026-08-24 15:06:05,704.94,2026-08-24,704.0,0.89,0.9,0.89,102591,715,0.1984,-0.3852,0.11559,-0.895,0.0637
2026-08-24 15:06:05,704.94,2026-08-24,705.0,1.29,1.31,1.29,111636,3566,0.1922,-0.5045,0.1245,-1.24,0.0665
2026-08-24 15:06:05,704.94,2026-08-24,706.0,1.81,1.83,1.84,60504,543,0.1846,-0.6317,0.12249,-0.76,0.0628
2026-08-24 15:06:05,704.94,2026-08-24,707.0,2.51,2.53,2.51,40887,728,0.1862,-0.7438,0.10372,-0.46,0.0537
2026-08-24 15:06:05,704.94,2026-08-24,708.0,3.26,3.35,3.25,14026,981,0.1842,-0.8381,0.07985,-0.245,0.0409
2026-08-24 15:06:05,704.94,2026-08-24,709.0,4.019,4.17,4.019,10034,547,0.1471,-0.9497,0.04226,-0.0345,0.0173
2026-08-24 15:06:05,704.94,2026-08-24,710.0,5.02,5.06,5.04,16020,1760,,,,,
2026-08-24 15:06:05,704.94,2026-08-24,711.0,5.7,6.12,5.46,1992,1691,,,,,
2026-08-24 15:06:05,704.94,2026-08-24,712.0,6.81,7.01,6.73,2225,1281,,,,,
2026-08-24 15:06:05,704.94,2026-08-24,713.0,7.83,8.039,7.43,1702,792,,,,,
2026-08-24 15:06:05,704.94,2026-08-24,714.0,8.89,9.19,8.21,549,971,,,,,
2026-08-24 15:06:05,704.94,2026-08-24,715.0,9.96,10.09,9.42,508,1994,,,,,
2026-08-24 15:06:05,704.94,2026-08-24,716.0,10.57,11.14,10.29,293,1999,,,,,
2026-08-24 15:06:05,704.94,2026-08-24,717.0,11.4,12.01,11.14,87,1410,,,,,
2026-08-24 15:06:05,704.94,2026-08-24,718.0,12.65,13.35,12.14,135,1084,,,,,
2026-08-24 15:06:05,704.94,2026-08-24,719.0,14.23,14.38,13.47,80,871,0.5505,-0.9343,0.01393,-0.245,0.0213
2026-08-24 15:07:06,705.18,2026-08-24,691.0,0.01,0.02,0.04,2089,468,0.356,-0.0077,0.00356,-0.015,0.0035
2026-08-24 15:07:06,705.18,2026-08-24,692.0,0.04,0.05,0.04,4269,486,0.387,-0.0191,0.00722,-0.045,0.0077
2026-08-24 15:07:06,705.18,2026-08-24,693.0,0.04,0.05,0.02,3581,555,0.3617,-0.0203,0.00813,-0.045,0.0081
2026-08-24 15:07:06,705.18,2026-08-24,694.0,0.01,0.02,0.02,9585,2610,0.2885,-0.0093,0.00519,-0.015,0.0042
2026-08-24 15:07:06,705.18,2026-08-24,695.0,0.01,0.02,0.05,14134,999,0.2657,-0.01,0.00602,-0.015,0.0044
2026-08-24 15:07:06,705.18,2026-08-24,696.0,0.02,0.03,0.06,9178,642,0.2602,-0.0161,0.0093,-0.025,0.0067
2026-08-24 15:07:06,705.18,2026-08-24,697.0,0.07,0.08,0.04,14438,758,0.2826,-0.0395,0.01812,-0.075,0.0142
2026-08-24 15:07:06,705.18,2026-08-24,698.0,0.09,0.1,0.09,24767,556,0.2664,-0.051,0.02362,-0.095,0.0174
2026-08-24 15:07:06,705.18,2026-08-24,699.0,0.08,0.09,0.12,25484,438,0.2311,-0.0524,0.02782,-0.085,0.0178
2026-08-24 15:07:06,705.18,2026-08-24,700.0,0.12,0.13,0.16,76251,3691,0.2194,-0.0761,0.03917,-0.125,0.0238
2026-08-24 15:07:06,705.18,2026-08-24,701.0,0.19,0.24,0.23,51711,767,0.2166,-0.1207,0.05572,-0.215,0.0334
2026-08-24 15:07:06,705.18,2026-08-24,702.0,0.34,0.35,0.34,98334,612,0.2114,-0.1803,0.07463,-0.345,0.0437
2026-08-24 15:07:06,705.18,2026-08-24,703.0,0.47,0.48,0.52,130714,508,0.1941,-0.2468,0.09765,-0.475,0.0525
2026-08-24 15:07:06,705.18,2026-08-24,704.0,0.74,0.75,0.73,102906,715,0.1892,-0.3504,0.11765,-0.745,0.0617
2026-08-24 15:07:06,705.18,2026-08-24,705.0,1.11,1.16,1.11,112445,3566,0.1857,-0.4731,0.12873,-1.135,0.0663
2026-08-24 15:07:06,705.18,2026-08-24,706.0,1.66,1.68,1.65,61443,543,0.1851,-0.6013,0.12527,-0.855,0.0643
2026-08-24 15:07:06,705.18,2026-08-24,707.0,2.3,2.32,2.24,41056,728,0.181,-0.7237,0.11102,-0.495,0.0557
2026-08-24 15:07:06,705.18,2026-08-24,708.0,3,3.08,3.05,14062,981,0.1699,-0.8377,0.08681,-0.225,0.0409
2026-08-24 15:07:06,705.18,2026-08-24,709.0,3.89,3.91,3.82,10118,547,0.1635,-0.9177,0.05581,-0.085,0.0253
2026-08-24 15:07:06,705.18,2026-08-24,710.0,4.78,5.04,4.82,16034,1760,0.1996,-0.9246,0.04276,-0.095,0.0236
2026-08-24 15:07:06,705.18,2026-08-24,711.0,5.65,5.89,5.94,2005,1691,,,,,
2026-08-24 15:07:06,705.18,2026-08-24,712.0,6.77,7.02,6.68,2228,1281,0.2531,-0.9455,0.02621,-0.08,0.0184
2026-08-24 15:07:06,705.18,2026-08-24,713.0,7.82,7.94,7.43,1710,792,0.2729,-0.9558,0.02056,-0.065,0.0156
2026-08-24 15:07:06,705.18,2026-08-24,714.0,8.62,8.81,8.21,549,971,,,,,
2026-08-24 15:07:06,705.18,2026-08-24,715.0,9.75,10.26,9.42,508,1994,0.3968,-0.929,0.02055,-0.19,0.0226
2026-08-24 15:07:06,705.18,2026-08-24,716.0,10.64,11.26,10.29,293,1999,0.3998,-0.9458,0.01652,-0.135,0.0183
2026-08-24 15:07:06,705.18,2026-08-24,717.0,11.62,12.28,11.14,88,1410,0.4286,-0.9489,0.0147,-0.135,0.0175
2026-08-24 15:07:06,705.18,2026-08-24,718.0,12.78,13.08,12.55,136,1084,0.4447,-0.9562,0.01253,-0.115,0.0154
2026-08-24 15:07:06,705.18,2026-08-24,719.0,13.95,14.07,13.47,80,871,0.5193,-0.9423,0.01336,-0.195,0.0192
2026-08-24 15:07:06,705.18,2026-08-24,720.0,14.55,15.29,13.75,273,2546,0.4924,-0.9625,0.00997,-0.105,0.0136
2026-08-24 15:08:09,705.03,2026-08-24,691.0,0.01,0.05,0.02,2089,468,0.3861,-0.0133,0.00533,-0.03,0.0057
2026-08-24 15:08:09,705.03,2026-08-24,692.0,0.01,0.05,0.04,4306,486,0.362,-0.0141,0.00598,-0.03,0.006
2026-08-24 15:08:09,705.03,2026-08-24,693.0,0.01,0.05,0.04,3581,555,0.3378,-0.015,0.00676,-0.03,0.0063
2026-08-24 15:08:09,705.03,2026-08-24,694.0,0.01,0.06,0.02,9585,2610,0.3205,-0.0181,0.00835,-0.035,0.0074
2026-08-24 15:08:09,705.03,2026-08-24,695.0,0.05,0.06,0.03,14142,999,0.3173,-0.0272,0.01191,-0.055,0.0104
2026-08-24 15:08:09,705.03,2026-08-24,696.0,0.06,0.07,0.06,9181,642,0.2992,-0.0332,0.01489,-0.065,0.0123
2026-08-24 15:08:09,705.03,2026-08-24,697.0,0.03,0.08,0.07,14448,758,0.2636,-0.0321,0.01642,-0.055,0.0119
2026-08-24 15:08:09,705.03,2026-08-24,698.0,0.05,0.06,0.09,24769,556,0.2361,-0.0353,0.01984,-0.055,0.0129
2026-08-24 15:08:09,705.03,2026-08-24,699.0,0.13,0.14,0.13,25569,438,0.2513,-0.0725,0.03303,-0.135,0.0229
2026-08-24 15:08:09,705.03,2026-08-24,700.0,0.18,0.19,0.14,76379,3691,0.2374,-0.099,0.04419,-0.185,0.029
2026-08-24 15:08:09,705.03,2026-08-24,701.0,0.21,0.22,0.21,51738,767,0.2114,-0.1234,0.05809,-0.215,0.0339
2026-08-24 15:08:09,705.03,2026-08-24,702.0,0.34,0.39,0.33,98479,612,0.2098,-0.1899,0.07781,-0.365,0.0451
2026-08-24 15:08:09,705.03,2026-08-24,703.0,0.57,0.58,0.56,131041,508,0.2056,-0.2734,0.09742,-0.575,0.0553
2026-08-24 15:08:09,705.03,2026-08-24,704.0,0.8,0.81,0.84,103200,715,0.1902,-0.3693,0.1194,-0.805,0.0627
2026-08-24 15:08:09,705.03,2026-08-24,705.0,1.23,1.24,1.23,113501,3566,0.1899,-0.4932,0.12646,-1.235,0.0663
2026-08-24 15:08:09,705.03,2026-08-24,706.0,1.74,1.75,1.74,62611,543,0.1823,-0.6226,0.12545,-0.775,0.0631
2026-08-24 15:08:09,705.03,2026-08-24,707.0,2.33,2.39,2.33,41323,728,0.1693,-0.7554,0.11168,-0.39,0.0522
2026-08-24 15:08:09,705.03,2026-08-24,708.0,3.11,3.18,3.17,14092,981,0.1634,-0.8608,0.08169,-0.175,0.0368
2026-08-24 15:08:09,705.03,2026-08-24,709.0,3.99,4.08,3.99,10146,547,0.1603,-0.9303,0.05024,-0.065,0.0222
2026-08-24 15:08:09,705.03,2026-08-24,710.0,4.86,5.07,4.72,16038,1760,0.1366,-0.9851,0.01657,0.005,0.0062
2026-08-24 15:08:09,705.03,2026-08-24,711.0,5.87,6.17,5.65,2013,1691,0.2117,-0.9538,0.02753,-0.05,0.0161
2026-08-24 15:08:09,705.03,2026-08-24,712.0,6.59,7.19,6.77,2228,1281,,,,,
2026-08-24 15:08:09,705.03,2026-08-24,713.0,7.63,8.09,7.63,1710,792,,,,,
2026-08-24 15:08:09,705.03,2026-08-24,714.0,8.55,9.22,8.21,549,971,,,,,
2026-08-24 15:08:09,705.03,2026-08-24,715.0,9.65,10.2,9.42,508,1994,,,,,
2026-08-24 15:08:09,705.03,2026-08-24,716.0,10.6,11.21,10.29,293,1999,,,,,
2026-08-24 15:08:09,705.03,2026-08-24,717.0,11.71,12.11,11.75,88,1410,,,,,
2026-08-24 15:08:09,705.03,2026-08-24,718.0,12.95,13.05,12.55,136,1084,0.3772,-0.9795,0.00789,-0.03,0.0082
2026-08-24 15:08:09,705.03,2026-08-24,719.0,13.52,13.94,13.47,80,871,,,,,
2026-08-24 15:08:09,705.03,2026-08-24,720.0,14.35,14.94,14.85,275,2546,,,,,
2026-08-24 15:09:10,705.31,2026-08-24,691.0,0.01,0.02,0.02,2089,468,0.36,-0.0076,0.00351,-0.015,0.0035
2026-08-24 15:09:10,705.31,2026-08-24,692.0,0.01,0.02,0.04,4318,486,0.3376,-0.0081,0.00394,-0.015,0.0037
2026-08-24 15:09:10,705.31,2026-08-24,693.0,0.04,0.05,0.04,3581,555,0.3661,-0.0201,0.00801,-0.045,0.0081
2026-08-24 15:09:10,705.31,2026-08-24,694.0,0.01,0.02,0.02,9585,2610,0.2923,-0.0092,0.0051,-0.015,0.0041
2026-08-24 15:09:10,705.31,2026-08-24,695.0,0.05,0.06,0.02,14152,999,0.3252,-0.0267,0.01144,-0.055,0.0102
2026-08-24 15:09:10,705.31,2026-08-24,696.0,0.02,0.07,0.06,9193,642,0.2888,-0.0248,0.01213,-0.045,0.0096
2026-08-24 15:09:10,705.31,2026-08-24,697.0,0.07,0.08,0.07,14454,758,0.2871,-0.0391,0.01774,-0.075,0.014
2026-08-24 15:09:10,705.31,2026-08-24,698.0,0.05,0.1,0.06,24772,556,0.2586,-0.0428,0.0212,-0.075,0.0151
2026-08-24 15:09:10,705.31,2026-08-24,699.0,0.12,0.13,0.12,25573,438,0.256,-0.0669,0.03053,-0.125,0.0215
2026-08-24 15:09:10,705.31,2026-08-24,700.0,0.17,0.18,0.13,76430,3691,0.2438,-0.0926,0.04101,-0.175,0.0275
2026-08-24 15:09:10,705.31,2026-08-24,701.0,0.24,0.25,0.24,51786,767,0.2308,-0.1279,0.05464,-0.245,0.0347
2026-08-24 15:09:10,705.31,2026-08-24,702.0,0.31,0.32,0.31,98678,612,0.2102,-0.1689,0.07225,-0.315,0.0418
2026-08-24 15:09:10,705.31,2026-08-24,703.0,0.52,0.53,0.52,131175,508,0.2103,-0.2512,0.09134,-0.525,0.0529
2026-08-24 15:09:10,705.31,2026-08-24,704.0,0.74,0.79,0.74,103594,715,0.2002,-0.3438,0.11077,-0.765,0.061
2026-08-24 15:09:10,705.31,2026-08-24,705.0,1.12,1.17,1.12,114461,3566,0.1967,-0.4592,0.12158,-1.145,0.0658
2026-08-24 15:09:10,705.31,2026-08-24,706.0,1.64,1.65,1.67,63626,543,0.1933,-0.5822,0.12172,-0.955,0.0648
2026-08-24 15:09:10,705.31,2026-08-24,707.0,2.22,2.32,2.28,41458,728,0.1902,-0.701,0.10999,-0.58,0.0576
2026-08-24 15:09:10,705.31,2026-08-24,708.0,3.06,3.09,2.98,14172,981,0.2011,-0.7874,0.08702,-0.385,0.0482
2026-08-24 15:09:10,705.31,2026-08-24,709.0,3.81,4.03,3.84,10188,547,0.2056,-0.8581,0.06586,-0.23,0.0373
2026-08-24 15:09:10,705.31,2026-08-24,710.0,4.77,5.06,4.91,16070,1760,0.241,-0.8774,0.05079,-0.225,0.0337
2026-08-24 15:09:10,705.31,2026-08-24,711.0,5.7,5.95,5.81,2016,1691,0.2446,-0.9177,0.03744,-0.135,0.0252
2026-08-24 15:09:10,705.31,2026-08-24,712.0,6.77,7.22,6.77,2234,1281,0.3367,-0.882,0.03539,-0.305,0.0328
2026-08-24 15:09:10,705.31,2026-08-24,713.0,7.62,7.92,7.63,1711,792,0.2794,-0.9498,0.02231,-0.08,0.0172
2026-08-24 15:09:10,705.31,2026-08-24,714.0,8.51,9.06,8.21,549,971,0.3169,-0.949,0.01991,-0.095,0.0174
2026-08-24 15:09:10,705.31,2026-08-24,715.0,9.61,10,9.42,508,1994,0.3573,-0.947,0.01822,-0.115,0.0179
2026-08-24 15:09:10,705.31,2026-08-24,716.0,10.73,10.98,10.29,293,1999,0.413,-0.9384,0.01776,-0.165,0.0202
2026-08-24 15:09:10,705.31,2026-08-24,717.0,11.71,11.93,11.75,88,1410,0.4235,-0.9498,0.01473,-0.13,0.0172
2026-08-24 15:09:10,705.31,2026-08-24,718.0,12.42,12.73,12.55,136,1084,,,,,
2026-08-24 15:09:10,705.31,2026-08-24,719.0,13.46,13.94,13.47,80,871,0.3653,-0.9871,0.00548,-0.01,0.0055
2026-08-24 15:09:10,705.31,2026-08-24,720.0,14.39,14.76,14.57,279,2546,,,,,
2026-08-24 15:10:11,705.52,2026-08-24,691.0,0.04,0.05,0.02,2092,468,0.4225,-0.0177,0.00624,-0.045,0.0072
2026-08-24 15:10:11,705.52,2026-08-24,692.0,0.04,0.05,0.03,4330,486,0.3973,-0.0187,0.00695,-0.045,0.0076
2026-08-24 15:10:11,705.52,2026-08-24,693.0,0.04,0.05,0.04,3584,555,0.372,-0.0198,0.00781,-0.045,0.008
2026-08-24 15:10:11,705.52,2026-08-24,694.0,0.05,0.06,0.02,9585,2610,0.3576,-0.0246,0.00972,-0.055,0.0095
2026-08-24 15:10:11,705.52,2026-08-24,695.0,0.05,0.06,0.05,14156,999,0.3312,-0.0263,0.01111,-0.055,0.0101
2026-08-24 15:10:11,705.52,2026-08-24,696.0,0.02,0.03,0.06,9198,642,0.2696,-0.0157,0.0088,-0.025,0.0065
2026-08-24 15:10:11,705.52,2026-08-24,697.0,0.03,0.08,0.07,14516,758,0.2776,-0.0307,0.01508,-0.055,0.0115
2026-08-24 15:10:11,705.52,2026-08-24,698.0,0.09,0.1,0.07,24839,556,0.2776,-0.0494,0.02221,-0.095,0.0169
2026-08-24 15:10:11,705.52,2026-08-24,699.0,0.12,0.13,0.09,25634,438,0.263,-0.0655,0.02927,-0.125,0.0211
2026-08-24 15:10:11,705.52,2026-08-24,700.0,0.17,0.18,0.16,76480,3691,0.2513,-0.0904,0.03914,-0.175,0.027
2026-08-24 15:10:11,705.52,2026-08-24,701.0,0.25,0.26,0.23,52010,767,0.2418,-0.1274,0.05206,-0.255,0.0346
2026-08-24 15:10:11,705.52,2026-08-24,702.0,0.37,0.38,0.35,99352,612,0.2333,-0.1788,0.0676,-0.375,0.0433
2026-08-24 15:10:11,705.52,2026-08-24,703.0,0.52,0.57,0.52,131429,508,0.2244,-0.2463,0.08481,-0.545,0.0522
2026-08-24 15:10:11,705.52,2026-08-24,704.0,0.8,0.81,0.8,103914,715,0.2189,-0.3348,0.10043,-0.805,0.0603
2026-08-24 15:10:11,705.52,2026-08-24,705.0,1.2,1.21,1.22,115036,3566,0.2206,-0.4406,0.10793,-1.205,0.0654
2026-08-24 15:10:11,705.52,2026-08-24,706.0,1.75,1.77,1.75,64561,543,0.2295,-0.5474,0.1042,-1.28,0.0656
2026-08-24 15:10:11,705.52,2026-08-24,707.0,2.37,2.4,2.31,41758,728,0.2334,-0.6463,0.09615,-0.905,0.0616
2026-08-24 15:10:11,705.52,2026-08-24,708.0,3.2,3.27,3.05,14208,981,0.2616,-0.7137,0.07851,-0.755,0.0564
2026-08-24 15:10:11,705.52,2026-08-24,709.0,3.93,4.18,3.66,10200,547,0.2753,-0.7747,0.06582,-0.575,0.0497
2026-08-24 15:10:11,705.52,2026-08-24,710.0,4.79,5.01,4.85,16083,1760,0.2843,-0.8267,0.05439,-0.42,0.0424
2026-08-24 15:10:11,705.52,2026-08-24,711.0,5.37,6.02,5.59,2017,1691,0.2663,-0.8907,0.04242,-0.215,0.031
2026-08-24 15:10:11,705.52,2026-08-24,712.0,6.34,7.01,6.33,2236,1281,0.2936,-0.9065,0.03435,-0.195,0.0277
2026-08-24 15:10:11,705.52,2026-08-24,713.0,7.4,8.1,7.71,1713,792,0.3535,-0.8968,0.03066,-0.27,0.0297
2026-08-24 15:10:11,705.52,2026-08-24,714.0,8.61,8.85,8.21,549,971,0.3801,-0.9085,0.02611,-0.25,0.0272
2026-08-24 15:10:11,705.52,2026-08-24,715.0,9.41,10.03,9.25,510,1994,0.4089,-0.9166,0.02264,-0.24,0.0254
2026-08-24 15:10:11,705.52,2026-08-24,716.0,10.63,11.08,10.29,293,1999,0.4911,-0.8981,0.02187,-0.375,0.0295
2026-08-24 15:10:11,705.52,2026-08-24,717.0,11.49,12.05,11.75,88,1410,0.493,-0.9172,0.01868,-0.29,0.0253
2026-08-24 15:10:11,705.52,2026-08-24,718.0,12.63,12.74,12.55,136,1084,0.487,-0.9364,0.01544,-0.205,0.0206
2026-08-24 15:10:11,705.52,2026-08-24,719.0,13.49,14.24,13.47,80,871,0.5941,-0.9112,0.01634,-0.385,0.0266
2026-08-24 15:10:11,705.52,2026-08-24,720.0,14.23,14.71,14.43,279,2546,0.3274,-0.9958,0.00228,0.01,0.0021
2026-08-24 15:11:12,705.26,2026-08-24,691.0,0.04,0.05,0.02,2092,468,0.417,-0.018,0.00641,-0.045,0.0073
2026-08-24 15:11:12,705.26,2026-08-24,692.0,0.01,0.05,0.03,4342,486,0.3695,-0.0139,0.00582,-0.03,0.0059
2026-08-24 15:11:12,705.26,2026-08-24,693.0,0.01,0.02,0.04,3606,555,0.3151,-0.0086,0.00449,-0.015,0.0039
2026-08-24 15:11:12,705.26,2026-08-24,694.0,0.01,0.02,0.02,9655,2610,0.2923,-0.0092,0.00514,-0.015,0.0041
2026-08-24 15:11:12,705.26,2026-08-24,695.0,0.05,0.06,0.05,14203,999,0.3252,-0.0268,0.01151,-0.055,0.0102
2026-08-24 15:11:12,705.26,2026-08-24,696.0,0.06,0.07,0.06,9199,642,0.3071,-0.0326,0.01435,-0.065,0.012
2026-08-24 15:11:12,705.26,2026-08-24,697.0,0.03,0.08,0.05,14586,758,0.2713,-0.0314,0.01575,-0.055,0.0117
2026-08-24 15:11:12,705.26,2026-08-24,698.0,0.09,0.1,0.06,24936,556,0.2706,-0.0506,0.02327,-0.095,0.0172
2026-08-24 15:11:12,705.26,2026-08-24,699.0,0.08,0.13,0.12,25710,438,0.2458,-0.0599,0.02928,-0.105,0.0197
2026-08-24 15:11:12,705.26,2026-08-24,700.0,0.13,0.18,0.17,76521,3691,0.2356,-0.0863,0.04041,-0.155,0.026
2026-08-24 15:11:12,705.26,2026-08-24,701.0,0.21,0.26,0.21,52220,767,0.227,-0.1257,0.05506,-0.235,0.0342
2026-08-24 15:11:12,705.26,2026-08-24,702.0,0.37,0.38,0.33,99535,612,0.2231,-0.1855,0.07251,-0.375,0.0442
2026-08-24 15:11:12,705.26,2026-08-24,703.0,0.5,0.51,0.55,131735,508,0.205,-0.2493,0.09362,-0.505,0.0525
2026-08-24 15:11:12,705.26,2026-08-24,704.0,0.76,0.77,0.8,104243,715,0.1984,-0.347,0.11259,-0.765,0.061
2026-08-24 15:11:12,705.26,2026-08-24,705.0,1.19,1.21,1.19,115962,3566,0.2026,-0.4655,0.11865,-1.2,0.0657
2026-08-24 15:11:12,705.26,2026-08-24,706.0,1.63,1.69,1.69,65971,543,0.1923,-0.5885,0.12242,-0.925,0.0643
2026-08-24 15:11:12,705.26,2026-08-24,707.0,2.28,2.31,2.34,41984,728,0.1897,-0.7071,0.10964,-0.56,0.0569
2026-08-24 15:11:12,705.26,2026-08-24,708.0,3.05,3.23,3.13,14276,981,0.2079,-0.7843,0.08517,-0.405,0.0484
2026-08-24 15:11:12,705.26,2026-08-24,709.0,3.89,4.04,3.76,10274,547,0.208,-0.8591,0.06503,-0.23,0.037
2026-08-24 15:11:12,705.26,2026-08-24,710.0,4.74,5.07,4.64,16103,1760,0.2262,-0.8953,0.04854,-0.17,0.03
2026-08-24 15:11:12,705.26,2026-08-24,711.0,5.38,6.11,5.49,2017,1691,0.175,-0.9754,0.01994,-0.01,0.0095
2026-08-24 15:11:12,705.26,2026-08-24,712.0,6.68,6.88,6.77,2238,1281,0.2309,-0.9598,0.02265,-0.045,0.0143
2026-08-24 15:11:12,705.26,2026-08-24,713.0,7.5,8.029,7.67,1713,792,0.2457,-0.9704,0.01656,-0.0295,0.0111
2026-08-24 15:11:12,705.26,2026-08-24,714.0,8.63,9.04,8.39,550,971,0.3222,-0.9477,0.02007,-0.1,0.0177
2026-08-24 15:11:12,705.26,2026-08-24,715.0,9.4,9.8,9.4,512,1994,,,,,
2026-08-24 15:11:12,705.26,2026-08-24,716.0,10.62,10.82,10.29,293,1999,0.221,-0.9982,0.00159,0.015,0.001
2026-08-24 15:11:12,705.26,2026-08-24,717.0,11.36,12.03,11.75,109,1410,,,,,
2026-08-24 15:11:12,705.26,2026-08-24,718.0,12.54,13.08,12.55,136,1084,0.4167,-0.966,0.01095,-0.075,0.0125
2026-08-24 15:11:12,705.26,2026-08-24,719.0,13.84,14.22,13.47,80,871,0.5675,-0.9253,0.01504,-0.295,0.0233
2026-08-24 15:11:12,705.26,2026-08-24,720.0,14.62,14.97,14.43,279,2546,0.4556,-0.9731,0.00825,-0.06,0.0103
2026-08-24 15:12:14,705.38,2026-08-24,691.0,0.04,0.05,0.02,2092,468,0.4207,-0.0178,0.00633,-0.045,0.0073
2026-08-24 15:12:14,705.38,2026-08-24,692.0,0.04,0.05,0.03,4342,486,0.3954,-0.0189,0.00706,-0.045,0.0076
2026-08-24 15:12:14,705.38,2026-08-24,693.0,0.04,0.05,0.04,3620,555,0.3699,-0.02,0.00793,-0.045,0.008
2026-08-24 15:12:14,705.38,2026-08-24,694.0,0.05,0.06,0.02,9742,2610,0.3554,-0.0248,0.00989,-0.055,0.0096
2026-08-24 15:12:14,705.38,2026-08-24,695.0,0.01,0.06,0.05,14218,999,0.3063,-0.0189,0.00914,-0.035,0.0076
2026-08-24 15:12:14,705.38,2026-08-24,696.0,0.06,0.07,0.06,9212,642,0.3109,-0.0323,0.01409,-0.065,0.0119
2026-08-24 15:12:14,705.38,2026-08-24,697.0,0.07,0.08,0.05,14592,758,0.2907,-0.0388,0.01752,-0.075,0.0139
2026-08-24 15:12:14,705.38,2026-08-24,698.0,0.08,0.09,0.05,24948,556,0.2686,-0.0463,0.02189,-0.085,0.016
2026-08-24 15:12:14,705.38,2026-08-24,699.0,0.11,0.12,0.11,25819,438,0.2549,-0.0628,0.02935,-0.115,0.0204
2026-08-24 15:12:14,705.38,2026-08-24,700.0,0.12,0.17,0.12,77076,3691,0.2361,-0.0816,0.03873,-0.145,0.0249
2026-08-24 15:12:14,705.38,2026-08-24,701.0,0.22,0.23,0.18,52307,767,0.2288,-0.1207,0.05317,-0.225,0.0331
2026-08-24 15:12:14,705.38,2026-08-24,702.0,0.32,0.33,0.32,99913,612,0.2168,-0.1697,0.07063,-0.325,0.0417
2026-08-24 15:12:14,705.38,2026-08-24,703.0,0.49,0.5,0.49,132263,508,0.2092,-0.2422,0.0905,-0.495,0.0516
2026-08-24 15:12:14,705.38,2026-08-24,704.0,0.73,0.74,0.7,105000,715,0.2005,-0.335,0.11007,-0.735,0.0601
2026-08-24 15:12:14,705.38,2026-08-24,705.0,1.09,1.1,1.05,116915,3566,0.1953,-0.4495,0.12275,-1.095,0.0653
2026-08-24 15:12:14,705.38,2026-08-24,706.0,1.57,1.59,1.57,67451,543,0.191,-0.5744,0.12434,-0.965,0.0647
2026-08-24 15:12:14,705.38,2026-08-24,707.0,2.18,2.22,2.18,42904,728,0.1882,-0.6956,0.11268,-0.585,0.0578
2026-08-24 15:12:14,705.38,2026-08-24,708.0,2.89,2.97,2.89,14459,981,0.1839,-0.803,0.09141,-0.315,0.0458
2026-08-24 15:12:14,705.38,2026-08-24,709.0,3.79,3.87,3.66,10403,547,0.1997,-0.8614,0.06707,-0.215,0.0365
2026-08-24 15:12:14,705.38,2026-08-24,710.0,4.68,4.84,4.55,16131,1760,0.2138,-0.9025,0.0488,-0.145,0.0284
2026-08-24 15:12:14,705.38,2026-08-24,711.0,5.51,5.92,5.45,2027,1691,0.2286,-0.9299,0.03562,-0.1,0.0222
2026-08-24 15:12:14,705.38,2026-08-24,712.0,6.61,6.87,6.65,2241,1281,0.2711,-0.9285,0.03051,-0.125,0.0225
2026-08-24 15:12:14,705.38,2026-08-24,713.0,7.41,7.71,7.67,1713,792,,,,,
2026-08-24 15:12:14,705.38,2026-08-24,714.0,8.31,8.97,8.39,550,971,0.2646,-0.9747,0.01354,-0.025,0.0098
2026-08-24 15:12:14,705.38,2026-08-24,715.0,9.4,9.95,9.4,513,1994,0.3214,-0.9635,0.01506,-0.06,0.0132
2026-08-24 15:12:14,705.38,2026-08-24,716.0,10.29,10.93,10.29,293,1999,0.2651,-0.9918,0.00511,0.005,0.0037
2026-08-24 15:12:14,705.38,2026-08-24,717.0,11.25,11.76,11.48,116,1410,,,,,
2026-08-24 15:12:14,705.38,2026-08-24,718.0,12.63,12.82,12.55,136,1084,0.4394,-0.957,0.01261,-0.11,0.0151
2026-08-24 15:12:14,705.38,2026-08-24,719.0,13.65,13.7,13.47,80,871,0.4275,-0.9715,0.00923,-0.06,0.0107
2026-08-24 15:12:14,705.38,2026-08-24,720.0,14.3,15.17,14.59,283,2546,0.5017,-0.959,0.01062,-0.12,0.0145
2026-08-24 15:13:17,705.63,2026-08-24,691.0,0.01,0.02,0.02,2093,468,0.3697,-0.0075,0.00339,-0.015,0.0034
2026-08-24 15:13:17,705.63,2026-08-24,692.0,0.04,0.05,0.03,4342,486,0.4022,-0.0186,0.00687,-0.045,0.0075
2026-08-24 15:13:17,705.63,2026-08-24,693.0,0.01,0.05,0.03,3635,555,0.3552,-0.0145,0.00627,-0.03,0.0061
2026-08-24 15:13:17,705.63,2026-08-24,694.0,0.04,0.05,0.05,9742,2610,0.3511,-0.021,0.00872,-0.045,0.0083
2026-08-24 15:13:17,705.63,2026-08-24,695.0,0.01,0.06,0.02,14243,999,0.313,-0.0186,0.00883,-0.035,0.0075
2026-08-24 15:13:17,705.63,2026-08-24,696.0,0.06,0.07,0.03,9222,642,0.3181,-0.0317,0.01358,-0.065,0.0117
2026-08-24 15:13:17,705.63,2026-08-24,697.0,0.03,0.08,0.04,14609,758,0.2821,-0.0304,0.01481,-0.055,0.0113
2026-08-24 15:13:17,705.63,2026-08-24,698.0,0.08,0.09,0.08,24951,556,0.2762,-0.0453,0.02093,-0.085,0.0157
2026-08-24 15:13:17,705.63,2026-08-24,699.0,0.06,0.07,0.1,25855,438,0.234,-0.0414,0.023,-0.065,0.0146
2026-08-24 15:13:17,705.63,2026-08-24,700.0,0.1,0.15,0.14,77276,3691,0.236,-0.0721,0.03532,-0.125,0.0226
2026-08-24 15:13:17,705.63,2026-08-24,701.0,0.19,0.2,0.19,52331,767,0.2286,-0.1075,0.04908,-0.195,0.0305
2026-08-24 15:13:17,705.63,2026-08-24,702.0,0.24,0.25,0.25,100539,612,0.2065,-0.1408,0.06566,-0.245,0.0368
2026-08-24 15:13:17,705.63,2026-08-24,703.0,0.42,0.43,0.42,132562,508,0.2068,-0.2176,0.08633,-0.425,0.0485
2026-08-24 15:13:17,705.63,2026-08-24,704.0,0.63,0.64,0.63,105841,715,0.1972,-0.3052,0.1078,-0.635,0.0577
2026-08-24 15:13:17,705.63,2026-08-24,705.0,0.95,0.96,0.95,118658,3566,0.1905,-0.4175,0.12436,-0.955,0.0643
2026-08-24 15:13:17,705.63,2026-08-24,706.0,1.4,1.42,1.4,69309,543,0.1863,-0.5449,0.12911,-1.04,0.0653
2026-08-24 15:13:17,705.63,2026-08-24,707.0,1.95,2.029,1.95,43319,728,0.1812,-0.6739,0.12068,-0.6195,0.0594
2026-08-24 15:13:17,705.63,2026-08-24,708.0,2.73,2.77,2.67,14645,981,0.1871,-0.7764,0.09695,-0.38,0.0493
2026-08-24 15:13:17,705.63,2026-08-24,709.0,3.53,3.57,3.48,10471,547,0.181,-0.8685,0.07148,-0.18,0.0351
2026-08-24 15:13:17,705.63,2026-08-24,710.0,4.43,4.74,4.33,16199,1760,0.228,-0.8754,0.05466,-0.215,0.0338
2026-08-24 15:13:17,705.63,2026-08-24,711.0,5.29,5.63,5.45,2031,1691,0.2167,-0.932,0.03677,-0.09,0.0216
2026-08-24 15:13:17,705.63,2026-08-24,712.0,6.3,6.77,6.68,2247,1281,0.2802,-0.9141,0.03396,-0.165,0.0258
2026-08-24 15:13:17,705.63,2026-08-24,713.0,7.31,7.49,7.67,1713,792,0.2371,-0.9692,0.0178,-0.03,0.0115
2026-08-24 15:13:17,705.63,2026-08-24,714.0,8.25,8.61,8.39,550,971,0.2876,-0.9598,0.01825,-0.06,0.0143
2026-08-24 15:13:17,705.63,2026-08-24,715.0,9.02,9.9,9.31,514,1994,0.3355,-0.9532,0.0177,-0.09,0.0161
2026-08-24 15:13:17,705.63,2026-08-24,716.0,10.35,10.92,10.29,293,1999,0.4497,-0.9164,0.02073,-0.265,0.0253
2026-08-24 15:13:17,705.63,2026-08-24,717.0,11.32,11.95,11.37,116,1410,0.4818,-0.9211,0.01852,-0.265,0.0242
2026-08-24 15:13:17,705.63,2026-08-24,718.0,11.79,12.53,12.55,136,1084,,,,,
2026-08-24 15:13:17,705.63,2026-08-24,719.0,13.22,13.69,13.47,80,871,0.4428,-0.9647,0.01067,-0.085,0.0128
2026-08-24 15:13:17,705.63,2026-08-24,720.0,14.11,14.82,14.6,285,2546,0.4775,-0.9641,0.01003,-0.095,0.013
2026-08-24 15:14:18,705.3,2026-08-24,691.0,0.04,0.05,0.04,2096,468,0.4201,-0.0179,0.00639,-0.045,0.0073
2026-08-24 15:14:18,705.3,2026-08-24,692.0,0.04,0.05,0.03,4342,486,0.3947,-0.019,0.00713,-0.045,0.0076
2026-08-24 15:14:18,705.3,2026-08-24,693.0,0.04,0.05,0.04,3649,555,0.3691,-0.0201,0.00802,-0.045,0.008
2026-08-24 15:14:18,705.3,2026-08-24,694.0,0.04,0.05,0.05,9743,2610,0.3434,-0.0215,0.0091,-0.045,0.0085
2026-08-24 15:14:18,705.3,2026-08-24,695.0,0.05,0.06,0.05,14293,999,0.3278,-0.0267,0.01145,-0.055,0.0102
2026-08-24 15:14:18,705.3,2026-08-24,696.0,0.06,0.07,0.06,9222,642,0.3097,-0.0325,0.01428,-0.065,0.012
2026-08-24 15:14:18,705.3,2026-08-24,697.0,0.06,0.07,0.03,14661,758,0.2819,-0.0353,0.01679,-0.065,0.0128
2026-08-24 15:14:18,705.3,2026-08-24,698.0,0.04,0.09,0.08,25002,556,0.2537,-0.0387,0.02011,-0.065,0.0138
2026-08-24 15:14:18,705.3,2026-08-24,699.0,0.07,0.08,0.1,25916,438,0.2314,-0.0475,0.026,-0.075,0.0163
2026-08-24 15:14:18,705.3,2026-08-24,700.0,0.12,0.13,0.16,77312,3691,0.2259,-0.075,0.03811,-0.125,0.0233
2026-08-24 15:14:18,705.3,2026-08-24,701.0,0.19,0.2,0.23,52433,767,0.2173,-0.1123,0.05342,-0.195,0.0314
2026-08-24 15:14:18,705.3,2026-08-24,702.0,0.34,0.35,0.29,100714,612,0.2188,-0.1771,0.07219,-0.345,0.0427
2026-08-24 15:14:18,705.3,2026-08-24,703.0,0.47,0.52,0.47,132831,508,0.2059,-0.2458,0.09302,-0.495,0.0518
2026-08-24 15:14:18,705.3,2026-08-24,704.0,0.72,0.77,0.72,106094,715,0.1981,-0.3421,0.11274,-0.745,0.0604
2026-08-24 15:14:18,705.3,2026-08-24,705.0,1.11,1.16,1.11,119661,3566,0.1962,-0.46,0.12301,-1.135,0.0653
2026-08-24 15:14:18,705.3,2026-08-24,706.0,1.63,1.66,1.63,70990,543,0.1941,-0.5838,0.1222,-0.945,0.0641
2026-08-24 15:14:18,705.3,2026-08-24,707.0,2.26,2.33,2.21,43683,728,0.1951,-0.6991,0.10854,-0.595,0.0572
2026-08-24 15:14:18,705.3,2026-08-24,708.0,2.93,3.12,2.95,14690,981,0.1904,-0.8032,0.08854,-0.325,0.0456
2026-08-24 15:14:18,705.3,2026-08-24,709.0,3.77,3.9,3.42,10484,547,0.1796,-0.8929,0.06247,-0.135,0.0303
2026-08-24 15:14:18,705.3,2026-08-24,710.0,4.79,4.98,4.66,16233,1760,0.2311,-0.8899,0.04953,-0.185,0.0309
2026-08-24 15:14:18,705.3,2026-08-24,711.0,5.32,5.88,5.29,2032,1691,,,,,
2026-08-24 15:14:18,705.3,2026-08-24,712.0,6.3,7.02,6.31,2254,1281,,,,,
2026-08-24 15:14:18,705.3,2026-08-24,713.0,7.79,8.029,7.67,1714,792,0.3417,-0.9124,0.02831,-0.2095,0.0262
2026-08-24 15:14:18,705.3,2026-08-24,714.0,8.66,8.84,8.39,551,971,0.2899,-0.9646,0.01635,-0.05,0.0128
2026-08-24 15:14:18,705.3,2026-08-24,715.0,9.27,9.82,9.31,514,1994,,,,,
2026-08-24 15:14:18,705.3,2026-08-24,716.0,10.21,10.69,10.29,293,1999,,,,,
2026-08-24 15:14:18,705.3,2026-08-24,717.0,11.04,11.85,11.37,117,1410,,,,,
2026-08-24 15:14:18,705.3,2026-08-24,718.0,12.38,12.66,12.55,136,1084,,,,,
2026-08-24 15:14:18,705.3,2026-08-24,719.0,13.55,13.69,13.47,80,871,,,,,
2026-08-24 15:14:18,705.3,2026-08-24,720.0,14.67,14.84,14.33,285,2546,0.452,-0.9744,0.00802,-0.055,0.0098
2026-08-24 15:15:19,705.09,2026-08-24,691.0,0.01,0.02,0.02,2111,468,0.359,-0.0077,0.0036,-0.015,0.0035
2026-08-24 15:15:19,705.09,2026-08-24,692.0,0.04,0.05,0.02,4372,486,0.3902,-0.0192,0.0073,-0.045,0.0077
2026-08-24 15:15:19,705.09,2026-08-24,693.0,0.04,0.05,0.04,3686,555,0.3645,-0.0204,0.00823,-0.045,0.0081
2026-08-24 15:15:19,705.09,2026-08-24,694.0,0.01,0.02,0.04,9746,2610,0.2905,-0.0093,0.00527,-0.015,0.0041
2026-08-24 15:15:19,705.09,2026-08-24,695.0,0.05,0.06,0.05,14349,999,0.3229,-0.0271,0.0118,-0.055,0.0103
2026-08-24 15:15:19,705.09,2026-08-24,696.0,0.06,0.07,0.06,9234,642,0.3045,-0.0331,0.01475,-0.065,0.0121
2026-08-24 15:15:19,705.09,2026-08-24,697.0,0.03,0.04,0.03,15045,758,0.2491,-0.0229,0.01327,-0.035,0.0089
2026-08-24 15:15:19,705.09,2026-08-24,698.0,0.04,0.05,0.08,25370,556,0.2324,-0.0304,0.01802,-0.045,0.0113
2026-08-24 15:15:19,705.09,2026-08-24,699.0,0.07,0.08,0.12,25969,438,0.2257,-0.0486,0.02722,-0.075,0.0165
2026-08-24 15:15:19,705.09,2026-08-24,700.0,0.16,0.17,0.16,77551,3691,0.2352,-0.0917,0.04265,-0.165,0.027
2026-08-24 15:15:19,705.09,2026-08-24,701.0,0.19,0.24,0.19,52621,767,0.2162,-0.1224,0.05716,-0.215,0.0333
2026-08-24 15:15:19,705.09,2026-08-24,702.0,0.31,0.32,0.31,101041,612,0.2034,-0.1749,0.07719,-0.315,0.0423
2026-08-24 15:15:19,705.09,2026-08-24,703.0,0.48,0.53,0.48,133311,508,0.1981,-0.2574,0.09928,-0.505,0.0529
2026-08-24 15:15:19,705.09,2026-08-24,704.0,0.74,0.79,0.74,107253,715,0.1896,-0.3602,0.12024,-0.765,0.0614
2026-08-24 15:15:19,705.09,2026-08-24,705.0,1.12,1.17,1.12,123633,3566,0.1829,-0.485,0.13281,-1.145,0.0654
2026-08-24 15:15:19,705.09,2026-08-24,706.0,1.66,1.68,1.66,73204,543,0.1785,-0.619,0.1301,-0.76,0.0625
2026-08-24 15:15:19,705.09,2026-08-24,707.0,2.32,2.33,2.32,44675,728,0.1733,-0.7463,0.11262,-0.415,0.0525
2026-08-24 15:15:19,705.09,2026-08-24,708.0,2.96,3.18,2.96,14881,981,0.1589,-0.8656,0.08303,-0.16,0.0355
2026-08-24 15:15:19,705.09,2026-08-24,709.0,3.88,4.01,3.87,10652,547,0.1451,-0.9484,0.04443,-0.035,0.0174
2026-08-24 15:15:19,705.09,2026-08-24,710.0,4.83,4.99,4.83,16326,1760,0.1435,-0.9808,0.0199,0.0,0.0077
2026-08-24 15:15:19,705.09,2026-08-24,711.0,5.51,6.13,5.37,2035,1691,,,,,
2026-08-24 15:15:19,705.09,2026-08-24,712.0,6.68,7.07,6.53,2260,1281,,,,,
2026-08-24 15:15:19,705.09,2026-08-24,713.0,7.68,8.039,7.63,1722,792,,,,,
2026-08-24 15:15:19,705.09,2026-08-24,714.0,8.49,8.9,8.58,553,971,,,,,
2026-08-24 15:15:19,705.09,2026-08-24,715.0,9.62,10.18,9.31,514,1994,0.2348,-0.9946,0.00404,0.01,0.0026
2026-08-24 15:15:19,705.09,2026-08-24,716.0,10.32,11.16,10.29,293,1999,,,,,
2026-08-24 15:15:19,705.09,2026-08-24,717.0,11.61,12.12,11.34,117,1410,,,,,
2026-08-24 15:15:19,705.09,2026-08-24,718.0,12.38,13.17,12.55,136,1084,,,,,
2026-08-24 15:15:19,705.09,2026-08-24,719.0,13.93,14.3,13.35,81,871,0.5346,-0.9409,0.01342,-0.205,0.0193
2026-08-24 15:15:19,705.09,2026-08-24,720.0,14.73,15.07,14.33,286,2546,0.3377,-0.996,0.00212,0.01,0.0019
2026-08-24 15:16:21,705.14,2026-08-24,691.0,0.04,0.05,0.02,2136,468,0.4178,-0.0181,0.00649,-0.045,0.0073
2026-08-24 15:16:21,705.14,2026-08-24,692.0,0.04,0.05,0.03,4377,486,0.3922,-0.0191,0.00725,-0.045,0.0076
2026-08-24 15:16:21,705.14,2026-08-24,693.0,0.04,0.05,0.04,3686,555,0.3665,-0.0203,0.00817,-0.045,0.008
2026-08-24 15:16:21,705.14,2026-08-24,694.0,0.04,0.05,0.02,9746,2610,0.3406,-0.0217,0.00929,-0.045,0.0085
2026-08-24 15:16:21,705.14,2026-08-24,695.0,0.01,0.02,0.02,14505,999,0.269,-0.01,0.00606,-0.015,0.0044
2026-08-24 15:16:21,705.14,2026-08-24,696.0,0.06,0.07,0.06,9285,642,0.3066,-0.0329,0.01463,-0.065,0.012
2026-08-24 15:16:21,705.14,2026-08-24,697.0,0.07,0.08,0.07,15046,758,0.286,-0.0396,0.01825,-0.075,0.014
2026-08-24 15:16:21,705.14,2026-08-24,698.0,0.04,0.09,0.08,25393,556,0.2502,-0.0393,0.02072,-0.065,0.0139
2026-08-24 15:16:21,705.14,2026-08-24,699.0,0.07,0.08,0.08,26033,438,0.2277,-0.0483,0.02689,-0.075,0.0164
2026-08-24 15:16:21,705.14,2026-08-24,700.0,0.12,0.17,0.14,77863,3691,0.2298,-0.084,0.04097,-0.145,0.0253
2026-08-24 15:16:21,705.14,2026-08-24,701.0,0.2,0.25,0.2,52741,767,0.2216,-0.1246,0.05658,-0.225,0.0337
2026-08-24 15:16:21,705.14,2026-08-24,702.0,0.32,0.37,0.32,101473,612,0.2131,-0.1814,0.07553,-0.345,0.0432
2026-08-24 15:16:21,705.14,2026-08-24,703.0,0.49,0.54,0.49,133718,508,0.203,-0.2568,0.09692,-0.515,0.0528
2026-08-24 15:16:21,705.14,2026-08-24,704.0,0.8,0.81,0.8,108117,715,0.1997,-0.3603,0.11438,-0.805,0.0613
2026-08-24 15:16:21,705.14,2026-08-24,705.0,1.18,1.19,1.18,126922,3566,0.1934,-0.4788,0.12572,-1.185,0.0653
2026-08-24 15:16:21,705.14,2026-08-24,706.0,1.65,1.67,1.65,74647,543,0.1826,-0.6095,0.1283,-0.805,0.0629
2026-08-24 15:16:21,705.14,2026-08-24,707.0,2.33,2.37,2.28,44959,728,0.1858,-0.7261,0.1094,-0.495,0.0546
2026-08-24 15:16:21,705.14,2026-08-24,708.0,3.1,3.14,3.03,14921,981,0.1839,-0.8259,0.08528,-0.265,0.0421
2026-08-24 15:16:21,705.14,2026-08-24,709.0,3.97,3.99,4.01,10692,547,0.1822,-0.8998,0.05889,-0.125,0.0288
2026-08-24 15:16:21,705.14,2026-08-24,710.0,4.9,4.95,4.9,16348,1760,0.1924,-0.9367,0.0394,-0.07,0.0203
2026-08-24 15:16:21,705.14,2026-08-24,711.0,5.61,5.88,5.62,2038,1691,,,,,
2026-08-24 15:16:21,705.14,2026-08-24,712.0,6.7,6.97,6.64,2261,1281,,,,,
2026-08-24 15:16:21,705.14,2026-08-24,713.0,7.76,7.97,7.89,1722,792,0.2298,-0.9807,0.01249,-0.01,0.0077
2026-08-24 15:16:21,705.14,2026-08-24,714.0,8.53,9.09,8.66,553,971,,,,,
2026-08-24 15:16:21,705.14,2026-08-24,715.0,9.5,9.95,9.31,514,1994,,,,,
2026-08-24 15:16:21,705.14,2026-08-24,716.0,10.37,11.12,10.29,293,1999,,,,,
2026-08-24 15:16:21,705.14,2026-08-24,717.0,11.58,12.18,11.66,118,1410,0.3481,-0.9801,0.00847,-0.025,0.0079
2026-08-24 15:16:21,705.14,2026-08-24,718.0,12.55,12.78,12.55,136,1084,,,,,
2026-08-24 15:16:21,705.14,2026-08-24,719.0,13.76,13.96,13.35,116,871,0.363,-0.9893,0.00476,-0.005,0.0046
2026-08-24 15:16:21,705.14,2026-08-24,720.0,14.41,14.98,14.72,286,2546,,,,,
2026-08-24 15:17:22,705.27,2026-08-24,691.0,0.01,0.02,0.03,2153,468,0.3643,-0.0076,0.00353,-0.015,0.0034
2026-08-24 15:17:22,705.27,2026-08-24,692.0,0.01,0.02,0.03,4377,486,0.3416,-0.0081,0.00396,-0.015,0.0036
2026-08-24 15:17:22,705.27,2026-08-24,693.0,0.01,0.02,0.02,3687,555,0.3187,-0.0086,0.00449,-0.015,0.0038
2026-08-24 15:17:22,705.27,2026-08-24,694.0,0.01,0.05,0.02,9746,2610,0.3243,-0.0158,0.00747,-0.03,0.0065
2026-08-24 15:17:22,705.27,2026-08-24,695.0,0.01,0.02,0.03,14515,999,0.2724,-0.0099,0.00594,-0.015,0.0043
2026-08-24 15:17:22,705.27,2026-08-24,696.0,0.06,0.07,0.06,9285,642,0.3106,-0.0326,0.01434,-0.065,0.0119
2026-08-24 15:17:22,705.27,2026-08-24,697.0,0.07,0.08,0.04,15123,758,0.2901,-0.0392,0.01786,-0.075,0.0139
2026-08-24 15:17:22,705.27,2026-08-24,698.0,0.04,0.09,0.08,25406,556,0.2542,-0.0388,0.02023,-0.065,0.0138
2026-08-24 15:17:22,705.27,2026-08-24,699.0,0.11,0.12,0.08,26049,438,0.2536,-0.0636,0.03006,-0.115,0.0204
2026-08-24 15:17:22,705.27,2026-08-24,700.0,0.15,0.16,0.15,77954,3691,0.2383,-0.0863,0.04037,-0.155,0.0257
2026-08-24 15:17:22,705.27,2026-08-24,701.0,0.18,0.19,0.22,52787,767,0.2141,-0.1093,0.05345,-0.185,0.0306
2026-08-24 15:17:22,705.27,2026-08-24,702.0,0.33,0.34,0.3,102016,612,0.2164,-0.1753,0.07293,-0.335,0.0422
2026-08-24 15:17:22,705.27,2026-08-24,703.0,0.46,0.47,0.46,134535,508,0.1997,-0.2409,0.09537,-0.465,0.0509
2026-08-24 15:17:22,705.27,2026-08-24,704.0,0.75,0.76,0.75,109167,715,0.1991,-0.3454,0.11319,-0.755,0.0603
2026-08-24 15:17:22,705.27,2026-08-24,705.0,1.11,1.12,1.11,130876,3566,0.1921,-0.4628,0.12645,-1.115,0.065
2026-08-24 15:17:22,705.27,2026-08-24,706.0,1.6,1.62,1.6,76085,543,0.1869,-0.5914,0.12707,-0.88,0.0635
2026-08-24 15:17:22,705.27,2026-08-24,707.0,2.22,2.26,2.22,45835,728,0.1825,-0.7161,0.11352,-0.51,0.0554
2026-08-24 15:17:22,705.27,2026-08-24,708.0,2.91,3.13,2.91,14981,981,0.1848,-0.8143,0.08851,-0.29,0.0438
2026-08-24 15:17:22,705.27,2026-08-24,709.0,3.82,3.97,3.82,10739,547,0.1911,-0.8815,0.06342,-0.165,0.0324
2026-08-24 15:17:22,705.27,2026-08-24,710.0,4.79,4.85,4.75,16361,1760,0.198,-0.9263,0.04315,-0.09,0.0229
2026-08-24 15:17:22,705.27,2026-08-24,711.0,5.63,5.95,5.6,2039,1691,0.2138,-0.9479,0.03047,-0.06,0.0174
2026-08-24 15:17:22,705.27,2026-08-24,712.0,6.66,6.88,6.57,2261,1281,0.2294,-0.9623,0.02188,-0.04,0.0134
2026-08-24 15:17:22,705.27,2026-08-24,713.0,7.59,7.89,7.76,1723,792,0.227,-0.9805,0.01278,-0.01,0.0078
2026-08-24 15:17:22,705.27,2026-08-24,714.0,8.71,8.94,8.66,555,971,0.3224,-0.9494,0.01976,-0.095,0.017
2026-08-24 15:17:22,705.27,2026-08-24,715.0,9.62,10.07,9.31,514,1994,0.3633,-0.9473,0.0181,-0.115,0.0176
2026-08-24 15:17:22,705.27,2026-08-24,716.0,10.34,11.18,10.29,293,1999,0.3263,-0.9766,0.01035,-0.03,0.009
2026-08-24 15:17:22,705.27,2026-08-24,717.0,11.53,11.93,11.66,118,1410,0.3042,-0.9901,0.00529,0.0,0.0043
2026-08-24 15:17:22,705.27,2026-08-24,718.0,12.66,13.14,12.55,136,1084,0.4826,-0.9442,0.01426,-0.17,0.0184
2026-08-24 15:17:22,705.27,2026-08-24,719.0,13.61,14.08,13.58,116,871,0.4779,-0.9584,0.01139,-0.115,0.0146
2026-08-24 15:17:22,705.27,2026-08-24,720.0,14.56,15.14,14.72,286,2546,0.5093,-0.9593,0.0105,-0.12,0.0143
2026-08-24 15:18:24,705.23,2026-08-24,691.0,0.01,0.05,0.02,2153,468,0.3978,-0.0132,0.00522,-0.03,0.0055
2026-08-24 15:18:24,705.23,2026-08-24,692.0,0.01,0.02,0.03,4377,486,0.3413,-0.0081,0.00398,-0.015,0.0036
2026-08-24 15:18:24,705.23,2026-08-24,693.0,0.01,0.05,0.02,3688,555,0.3487,-0.0148,0.00659,-0.03,0.0061
2026-08-24 15:18:24,705.23,2026-08-24,694.0,0.04,0.05,0.02,9746,2610,0.3441,-0.0216,0.00919,-0.045,0.0084
2026-08-24 15:18:24,705.23,2026-08-24,695.0,0.05,0.06,0.05,14515,999,0.3283,-0.0268,0.01157,-0.055,0.0101
2026-08-24 15:18:24,705.23,2026-08-24,696.0,0.06,0.07,0.06,9288,642,0.31,-0.0327,0.01443,-0.065,0.0119
2026-08-24 15:18:24,705.23,2026-08-24,697.0,0.07,0.08,0.07,15150,758,0.2895,-0.0393,0.01798,-0.075,0.0139
2026-08-24 15:18:24,705.23,2026-08-24,698.0,0.04,0.09,0.06,25460,556,0.2536,-0.039,0.02039,-0.065,0.0138
2026-08-24 15:18:24,705.23,2026-08-24,699.0,0.11,0.12,0.11,26077,438,0.2528,-0.0639,0.03031,-0.115,0.0204
2026-08-24 15:18:24,705.23,2026-08-24,700.0,0.12,0.17,0.16,78433,3691,0.2335,-0.0831,0.04015,-0.145,0.025
2026-08-24 15:18:24,705.23,2026-08-24,701.0,0.19,0.2,0.19,52829,767,0.2163,-0.1134,0.05442,-0.195,0.0314
2026-08-24 15:18:24,705.23,2026-08-24,702.0,0.3,0.31,0.31,102369,612,0.2079,-0.1682,0.07407,-0.305,0.041
2026-08-24 15:18:24,705.23,2026-08-24,703.0,0.51,0.52,0.53,135025,508,0.2079,-0.2529,0.09423,-0.515,0.0522
2026-08-24 15:18:24,705.23,2026-08-24,704.0,0.78,0.79,0.79,110050,715,0.2021,-0.3518,0.11246,-0.785,0.0606
2026-08-24 15:18:24,705.23,2026-08-24,705.0,1.15,1.17,1.15,132484,3566,0.1965,-0.4685,0.12399,-1.16,0.0649
2026-08-24 15:18:24,705.23,2026-08-24,706.0,1.66,1.68,1.66,77270,543,0.193,-0.5936,0.12314,-0.9,0.0633
2026-08-24 15:18:24,705.23,2026-08-24,707.0,2.29,2.32,2.27,46218,728,0.1894,-0.7137,0.11003,-0.535,0.0555
2026-08-24 15:18:24,705.23,2026-08-24,708.0,2.98,3.17,3.02,15007,981,0.1903,-0.8113,0.087,-0.305,0.0441
2026-08-24 15:18:24,705.23,2026-08-24,709.0,3.85,4.07,3.85,10778,547,0.2005,-0.8732,0.06354,-0.19,0.0339
2026-08-24 15:18:24,705.23,2026-08-24,710.0,4.75,5.07,4.65,16572,1760,0.2196,-0.9064,0.04662,-0.14,0.0273
2026-08-24 15:18:24,705.23,2026-08-24,711.0,5.45,6.01,5.6,2039,1691,,,,,
2026-08-24 15:18:24,705.23,2026-08-24,712.0,6.62,7.05,6.57,2262,1281,0.2477,-0.9515,0.0249,-0.065,0.0164
2026-08-24 15:18:24,705.23,2026-08-24,713.0,7.52,7.93,7.76,1724,792,,,,,
2026-08-24 15:18:24,705.23,2026-08-24,714.0,8.56,9.01,8.66,559,971,0.2597,-0.9798,0.01153,-0.015,0.008
2026-08-24 15:18:24,705.23,2026-08-24,715.0,9.65,10.15,9.31,542,1994,0.3735,-0.9435,0.01865,-0.13,0.0186
2026-08-24 15:18:24,705.23,2026-08-24,716.0,10.35,11.31,10.47,298,1999,0.3562,-0.9665,0.01283,-0.06,0.0122
2026-08-24 15:18:24,705.23,2026-08-24,717.0,11.59,12.25,11.66,118,1410,0.444,-0.9456,0.01523,-0.15,0.018
2026-08-24 15:18:24,705.23,2026-08-24,718.0,12.7,12.97,12.55,136,1084,0.4141,-0.9689,0.01037,-0.065,0.0114
2026-08-24 15:18:24,705.23,2026-08-24,719.0,13.49,14.35,13.58,116,871,0.5025,-0.951,0.01237,-0.15,0.0166
2026-08-24 15:18:24,705.23,2026-08-24,720.0,14.46,14.94,14.72,286,2546,,,,,
2026-08-24 15:19:25,705.37,2026-08-24,691.0,0.01,0.02,0.02,2153,468,0.3679,-0.0076,0.00349,-0.015,0.0034
2026-08-24 15:19:25,705.37,2026-08-24,692.0,0.04,0.05,0.03,4377,486,0.4,-0.0189,0.00707,-0.045,0.0075
2026-08-24 15:19:25,705.37,2026-08-24,693.0,0.04,0.05,0.02,3696,555,0.3743,-0.02,0.00795,-0.045,0.0079
2026-08-24 15:19:25,705.37,2026-08-24,694.0,0.01,0.05,0.02,9746,2610,0.3279,-0.0157,0.00737,-0.03,0.0064
2026-08-24 15:19:25,705.37,2026-08-24,695.0,0.01,0.06,0.05,14520,999,0.3098,-0.019,0.00916,-0.035,0.0075
2026-08-24 15:19:25,705.37,2026-08-24,696.0,0.06,0.07,0.04,9299,642,0.3144,-0.0323,0.01413,-0.065,0.0118
2026-08-24 15:19:25,705.37,2026-08-24,697.0,0.07,0.08,0.07,15405,758,0.294,-0.0389,0.01756,-0.075,0.0137
2026-08-24 15:19:25,705.37,2026-08-24,698.0,0.04,0.05,0.08,25634,556,0.2417,-0.0295,0.01704,-0.045,0.0109
2026-08-24 15:19:25,705.37,2026-08-24,699.0,0.07,0.08,0.11,26142,438,0.2356,-0.0471,0.02561,-0.075,0.016
2026-08-24 15:19:25,705.37,2026-08-24,700.0,0.15,0.16,0.15,78656,3691,0.2426,-0.0853,0.03946,-0.155,0.0254
2026-08-24 15:19:25,705.37,2026-08-24,701.0,0.21,0.22,0.21,53081,767,0.2281,-0.1178,0.0531,-0.215,0.0322
2026-08-24 15:19:25,705.37,2026-08-24,702.0,0.27,0.32,0.31,102930,612,0.2115,-0.1618,0.0711,-0.295,0.0399
2026-08-24 15:19:25,705.37,2026-08-24,703.0,0.43,0.44,0.44,139332,508,0.1991,-0.23,0.09357,-0.435,0.0495
2026-08-24 15:19:25,705.37,2026-08-24,704.0,0.72,0.73,0.73,111511,715,0.2005,-0.3347,0.11145,-0.725,0.0594
2026-08-24 15:19:25,705.37,2026-08-24,705.0,1.07,1.08,1.08,135769,3566,0.1936,-0.4504,0.12543,-1.075,0.0645
2026-08-24 15:19:25,705.37,2026-08-24,706.0,1.56,1.58,1.57,78213,543,0.1905,-0.5775,0.12608,-0.94,0.0638
2026-08-24 15:19:25,705.37,2026-08-24,707.0,2.19,2.22,2.18,46550,728,0.1896,-0.6983,0.11283,-0.575,0.0568
2026-08-24 15:19:25,705.37,2026-08-24,708.0,2.88,3.02,2.97,15176,981,0.1879,-0.8023,0.09079,-0.32,0.0453
2026-08-24 15:19:25,705.37,2026-08-24,709.0,3.73,3.81,3.75,10894,547,0.1802,-0.8897,0.06413,-0.14,0.0307
2026-08-24 15:19:25,705.37,2026-08-24,710.0,4.69,4.94,4.7,16577,1760,0.2305,-0.889,0.05037,-0.185,0.0308
2026-08-24 15:19:25,705.37,2026-08-24,711.0,5.61,5.88,5.6,2040,1691,0.2385,-0.9245,0.03661,-0.115,0.0232
2026-08-24 15:19:25,705.37,2026-08-24,712.0,6.67,6.74,6.55,2262,1281,0.2498,-0.9467,0.02664,-0.075,0.0177
2026-08-24 15:19:25,705.37,2026-08-24,713.0,7.59,7.73,7.76,1727,792,0.2465,-0.9701,0.01689,-0.03,0.0111
2026-08-24 15:19:25,705.37,2026-08-24,714.0,8.47,8.77,8.66,559,971,0.2083,-0.9941,0.00491,0.01,0.0027
2026-08-24 15:19:25,705.37,2026-08-24,715.0,9.51,9.79,9.5,542,1994,0.2878,-0.9789,0.01078,-0.02,0.0082
2026-08-24 15:19:25,705.37,2026-08-24,716.0,10.65,11.26,10.54,303,1999,0.4863,-0.9072,0.02096,-0.325,0.0271
2026-08-24 15:19:25,705.37,2026-08-24,717.0,11.66,12.15,11.66,118,1410,0.4996,-0.9206,0.01816,-0.275,0.0241
2026-08-24 15:19:25,705.37,2026-08-24,718.0,12.57,12.71,12.55,136,1084,0.346,-0.9866,0.00611,-0.01,0.0056
2026-08-24 15:19:25,705.37,2026-08-24,719.0,13.49,13.78,13.58,116,871,0.3594,-0.9892,0.00486,-0.005,0.0046
2026-08-24 15:19:25,705.37,2026-08-24,720.0,14.3,15.27,14.72,286,2546,0.5311,-0.952,0.01153,-0.155,0.0163
2026-08-24 15:20:25,705.26,2026-08-24,691.0,0.04,0.05,0.02,2153,468,0.4237,-0.018,0.00641,-0.045,0.0072
2026-08-24 15:20:25,705.26,2026-08-24,692.0,0.04,0.05,0.03,4377,486,0.398,-0.019,0.00716,-0.045,0.0075
2026-08-24 15:20:25,705.26,2026-08-24,693.0,0.01,0.05,0.02,3698,555,0.3507,-0.0148,0.00657,-0.03,0.0061
2026-08-24 15:20:25,705.26,2026-08-24,694.0,0.01,0.02,0.02,9756,2610,0.297,-0.0092,0.00514,-0.015,0.004
2026-08-24 15:20:25,705.26,2026-08-24,695.0,0.05,0.06,0.02,14559,999,0.3303,-0.0268,0.01152,-0.055,0.0101
2026-08-24 15:20:25,705.26,2026-08-24,696.0,0.02,0.07,0.06,9410,642,0.2932,-0.0249,0.01222,-0.045,0.0095
2026-08-24 15:20:25,705.26,2026-08-24,697.0,0.03,0.08,0.04,15494,758,0.2756,-0.0314,0.01577,-0.055,0.0115
2026-08-24 15:20:25,705.26,2026-08-24,698.0,0.04,0.05,0.08,25695,556,0.2391,-0.0298,0.01742,-0.045,0.011
2026-08-24 15:20:25,705.26,2026-08-24,699.0,0.07,0.12,0.09,26301,438,0.2443,-0.056,0.0284,-0.095,0.0184
2026-08-24 15:20:25,705.26,2026-08-24,700.0,0.15,0.16,0.15,79667,3691,0.2393,-0.0864,0.04047,-0.155,0.0256
2026-08-24 15:20:25,705.26,2026-08-24,701.0,0.23,0.24,0.23,53532,767,0.2305,-0.1258,0.05514,-0.235,0.0336
2026-08-24 15:20:25,705.26,2026-08-24,702.0,0.34,0.35,0.34,103649,612,0.2195,-0.1782,0.07303,-0.345,0.0424
2026-08-24 15:20:25,705.26,2026-08-24,703.0,0.52,0.53,0.52,140808,508,0.212,-0.2535,0.09283,-0.525,0.0521
2026-08-24 15:20:25,705.26,2026-08-24,704.0,0.79,0.8,0.8,114599,715,0.2063,-0.3508,0.11049,-0.795,0.0603
2026-08-24 15:20:25,705.26,2026-08-24,705.0,1.13,1.18,1.18,140217,3566,0.1986,-0.465,0.12303,-1.155,0.0646
2026-08-24 15:20:25,705.26,2026-08-24,706.0,1.64,1.71,1.71,79605,543,0.1973,-0.5883,0.12128,-0.935,0.0633
2026-08-24 15:20:25,705.26,2026-08-24,707.0,2.3,2.39,2.39,46952,728,0.201,-0.6999,0.10634,-0.605,0.0566
2026-08-24 15:20:25,705.26,2026-08-24,708.0,3.08,3.15,3.15,15207,981,0.2051,-0.7918,0.08597,-0.375,0.0466
2026-08-24 15:20:25,705.26,2026-08-24,709.0,4.019,4.15,4.1,10976,547,0.2408,-0.8278,0.06514,-0.3445,0.0415
2026-08-24 15:20:25,705.26,2026-08-24,710.0,4.75,4.91,4.91,16744,1760,0.1993,-0.9264,0.04302,-0.09,0.0227
2026-08-24 15:20:25,705.26,2026-08-24,711.0,5.58,5.96,5.62,2046,1691,0.1954,-0.9634,0.02522,-0.03,0.013
2026-08-24 15:20:25,705.26,2026-08-24,712.0,6.69,6.99,6.84,2266,1281,0.2669,-0.938,0.02815,-0.1,0.0199
2026-08-24 15:20:25,705.26,2026-08-24,713.0,7.73,8,7.72,1730,792,0.3102,-0.9356,0.02495,-0.125,0.0205
2026-08-24 15:20:25,705.26,2026-08-24,714.0,8.58,8.83,8.66,560,971,,,,,
2026-08-24 15:20:25,705.26,2026-08-24,715.0,9.54,9.9,9.5,542,1994,,,,,
2026-08-24 15:20:25,705.26,2026-08-24,716.0,10.42,10.91,10.82,305,1999,,,,,
2026-08-24 15:20:25,705.26,2026-08-24,717.0,11.6,11.91,11.66,118,1410,0.3336,-0.9838,0.00746,-0.015,0.0066
2026-08-24 15:20:25,705.26,2026-08-24,718.0,12.57,13.12,12.55,136,1084,0.4457,-0.9586,0.01223,-0.105,0.0144
2026-08-24 15:20:25,705.26,2026-08-24,719.0,13.94,14.28,13.58,117,871,0.6077,-0.9144,0.01583,-0.37,0.0255
2026-08-24 15:20:25,705.26,2026-08-24,720.0,14.78,14.91,14.72,287,2546,0.5013,-0.9626,0.01001,-0.105,0.0133
2026-08-24 15:21:26,704.84,2026-08-24,690.0,0.01,0.04,0.01,7960,1115,0.4052,-0.0111,0.00443,-0.025,0.0047
2026-08-24 15:21:26,704.84,2026-08-24,691.0,0.01,0.02,0.02,2193,468,0.3573,-0.0078,0.0037,-0.015,0.0035
2026-08-24 15:21:26,704.84,2026-08-24,692.0,0.01,0.05,0.03,4377,486,0.3659,-0.0143,0.00612,-0.03,0.0059
2026-08-24 15:21:26,704.84,2026-08-24,693.0,0.04,0.05,0.04,3788,555,0.3621,-0.0207,0.00849,-0.045,0.0081
2026-08-24 15:21:26,704.84,2026-08-24,694.0,0.01,0.02,0.03,9756,2610,0.2879,-0.0095,0.00546,-0.015,0.0041
2026-08-24 15:21:26,704.84,2026-08-24,695.0,0.01,0.02,0.05,14566,999,0.2644,-0.0103,0.00636,-0.015,0.0044
2026-08-24 15:21:26,704.84,2026-08-24,696.0,0.06,0.07,0.06,9420,642,0.3009,-0.0337,0.01535,-0.065,0.0122
2026-08-24 15:21:26,704.84,2026-08-24,697.0,0.07,0.08,0.04,15494,758,0.2799,-0.0407,0.01924,-0.075,0.0142
2026-08-24 15:21:26,704.84,2026-08-24,698.0,0.05,0.06,0.06,25717,556,0.2364,-0.036,0.02062,-0.055,0.0128
2026-08-24 15:21:26,704.84,2026-08-24,699.0,0.08,0.09,0.09,26326,438,0.2265,-0.0545,0.03005,-0.085,0.0179
2026-08-24 15:21:26,704.84,2026-08-24,700.0,0.17,0.18,0.16,79942,3691,0.2328,-0.098,0.0458,-0.175,0.0281
2026-08-24 15:21:26,704.84,2026-08-24,701.0,0.24,0.25,0.25,53679,767,0.2179,-0.1365,0.06188,-0.245,0.0355
2026-08-24 15:21:26,704.84,2026-08-24,702.0,0.33,0.34,0.34,104085,612,0.1997,-0.188,0.08319,-0.335,0.0437
2026-08-24 15:21:26,704.84,2026-08-24,703.0,0.56,0.57,0.56,142329,508,0.1988,-0.2815,0.10461,-0.565,0.0548
2026-08-24 15:21:26,704.84,2026-08-24,704.0,0.81,0.86,0.83,119469,715,0.1879,-0.3885,0.12573,-0.835,0.0622
2026-08-24 15:21:26,704.84,2026-08-24,705.0,1.2,1.22,1.21,143277,3566,0.1756,-0.5193,0.13988,-1.05,0.0647
2026-08-24 15:21:26,704.84,2026-08-24,706.0,1.74,1.82,1.74,80622,543,0.1723,-0.658,0.13138,-0.62,0.0596
2026-08-24 15:21:26,704.84,2026-08-24,707.0,2.41,2.44,2.42,47330,728,0.156,-0.8006,0.11038,-0.265,0.0453
2026-08-24 15:21:26,704.84,2026-08-24,708.0,3.28,3.34,3.28,15267,981,0.167,-0.8761,0.0755,-0.15,0.0332
2026-08-24 15:21:26,704.84,2026-08-24,709.0,3.84,4.27,4.09,11052,547,,,,,
2026-08-24 15:21:26,704.84,2026-08-24,710.0,4.64,5.27,5,16789,1760,,,,,
2026-08-24 15:21:26,704.84,2026-08-24,711.0,5.8,6.14,6.03,2050,1691,,,,,
2026-08-24 15:21:26,704.84,2026-08-24,712.0,6.79,7.14,6.84,2267,1281,,,,,
2026-08-24 15:21:26,704.84,2026-08-24,713.0,7.98,8.31,7.98,1737,792,0.169,-0.9984,0.00188,0.015,0.0008
2026-08-24 15:21:26,704.84,2026-08-24,714.0,8.64,9.22,8.9,610,971,,,,,
2026-08-24 15:21:26,704.84,2026-08-24,715.0,9.46,10.04,9.5,542,1994,,,,,
2026-08-24 15:21:26,704.84,2026-08-24,716.0,10.5,11.16,10.98,325,1999,,,,,
2026-08-24 15:21:26,704.84,2026-08-24,717.0,11.42,12.2,11.66,118,1410,,,,,
2026-08-24 15:21:26,704.84,2026-08-24,718.0,12.92,13,12.55,136,1084,,,,,
2026-08-24 15:21:26,704.84,2026-08-24,719.0,14.22,14.51,14.02,117,871,0.548,-0.9416,0.01311,-0.205,0.0189
2026-08-24 15:22:27,705.18,2026-08-24,691.0,0.01,0.05,0.02,2253,468,0.3995,-0.0132,0.00525,-0.03,0.0055
2026-08-24 15:22:27,705.18,2026-08-24,692.0,0.04,0.05,0.03,4377,486,0.3974,-0.0191,0.00723,-0.045,0.0075
2026-08-24 15:22:27,705.18,2026-08-24,693.0,0.01,0.05,0.04,3809,555,0.35,-0.0149,0.00663,-0.03,0.0061
2026-08-24 15:22:27,705.18,2026-08-24,694.0,0.04,0.05,0.03,9766,2610,0.3453,-0.0216,0.00925,-0.045,0.0084
2026-08-24 15:22:27,705.18,2026-08-24,695.0,0.05,0.06,0.05,14571,999,0.3294,-0.0269,0.01165,-0.055,0.0101
2026-08-24 15:22:27,705.18,2026-08-24,696.0,0.02,0.07,0.05,9422,642,0.2922,-0.0251,0.01238,-0.045,0.0095
2026-08-24 15:22:27,705.18,2026-08-24,697.0,0.03,0.04,0.04,15515,758,0.2546,-0.0227,0.01306,-0.035,0.0087
2026-08-24 15:22:27,705.18,2026-08-24,698.0,0.04,0.05,0.08,25736,556,0.2378,-0.0301,0.0177,-0.045,0.0111
2026-08-24 15:22:27,705.18,2026-08-24,699.0,0.07,0.12,0.11,26357,438,0.2428,-0.0565,0.02889,-0.095,0.0184
2026-08-24 15:22:27,705.18,2026-08-24,700.0,0.11,0.12,0.12,80120,3691,0.2208,-0.0721,0.0384,-0.115,0.0223
2026-08-24 15:22:27,705.18,2026-08-24,701.0,0.22,0.23,0.22,54002,767,0.2254,-0.124,0.05607,-0.225,0.0332
2026-08-24 15:22:27,705.18,2026-08-24,702.0,0.28,0.33,0.29,104570,612,0.2073,-0.1696,0.0752,-0.305,0.0409
2026-08-24 15:22:27,705.18,2026-08-24,703.0,0.5,0.51,0.51,142786,508,0.205,-0.2532,0.09631,-0.505,0.0518
2026-08-24 15:22:27,705.18,2026-08-24,704.0,0.76,0.77,0.76,121377,715,0.1974,-0.3532,0.11621,-0.765,0.0602
2026-08-24 15:22:27,705.18,2026-08-24,705.0,1.13,1.14,1.14,147474,3566,0.1904,-0.4738,0.12904,-1.135,0.0645
2026-08-24 15:22:27,705.18,2026-08-24,706.0,1.64,1.65,1.65,81019,543,0.1856,-0.6045,0.12808,-0.825,0.0624
2026-08-24 15:22:27,705.18,2026-08-24,707.0,2.28,2.31,2.3,47483,728,0.1823,-0.7283,0.11226,-0.475,0.0537
2026-08-24 15:22:27,705.18,2026-08-24,708.0,2.97,3.11,3.13,15311,981,0.1733,-0.84,0.08664,-0.22,0.0394
2026-08-24 15:22:27,705.18,2026-08-24,709.0,3.74,4.019,3.9,11085,547,0.1567,-0.9322,0.0516,-0.0595,0.0212
2026-08-24 15:22:27,705.18,2026-08-24,710.0,4.67,4.92,4.9,16793,1760,,,,,
2026-08-24 15:22:27,705.18,2026-08-24,711.0,5.7,6.09,5.8,2051,1691,0.2266,-0.9419,0.03161,-0.075,0.0188
2026-08-24 15:22:27,705.18,2026-08-24,712.0,6.64,7.11,6.87,2267,1281,0.2445,-0.956,0.02348,-0.055,0.0151
2026-08-24 15:22:27,705.18,2026-08-24,713.0,7.59,8.01,7.92,1737,792,,,,,
2026-08-24 15:22:27,705.18,2026-08-24,714.0,8.48,9.04,8.78,611,971,,,,,
2026-08-24 15:22:27,705.18,2026-08-24,715.0,9.8,10.24,9.5,542,1994,0.4119,-0.927,0.02077,-0.2,0.0225
2026-08-24 15:22:27,705.18,2026-08-24,716.0,10.59,11.22,10.98,325,1999,0.3791,-0.9592,0.01427,-0.085,0.0142
2026-08-24 15:22:27,705.18,2026-08-24,717.0,11.57,12.22,11.66,119,1410,0.3995,-0.9644,0.01212,-0.075,0.0127
2026-08-24 15:22:27,705.18,2026-08-24,718.0,12.85,13.12,12.55,140,1084,0.4868,-0.9455,0.01399,-0.165,0.0179
2026-08-24 15:22:27,705.18,2026-08-24,719.0,13.74,14.02,14.02,117,871,0.4402,-0.972,0.009,-0.06,0.0104
2026-08-24 15:22:27,705.18,2026-08-24,720.0,14.73,15.18,14.9,287,2546,0.5266,-0.9564,0.01082,-0.135,0.015
2026-08-24 15:23:29,705.36,2026-08-24,691.0,0.01,0.02,0.04,2261,468,0.3704,-0.0076,0.00349,-0.015,0.0034
2026-08-24 15:23:29,705.36,2026-08-24,692.0,0.01,0.02,0.03,4377,486,0.3473,-0.008,0.00392,-0.015,0.0036
2026-08-24 15:23:29,705.36,2026-08-24,693.0,0.04,0.05,0.03,3811,555,0.3767,-0.02,0.00796,-0.045,0.0078
2026-08-24 15:23:29,705.36,2026-08-24,694.0,0.01,0.05,0.04,9766,2610,0.3301,-0.0157,0.00738,-0.03,0.0064
2026-08-24 15:23:29,705.36,2026-08-24,695.0,0.05,0.06,0.05,14571,999,0.3348,-0.0266,0.01136,-0.055,0.01
2026-08-24 15:23:29,705.36,2026-08-24,696.0,0.01,0.06,0.05,9423,642,0.2859,-0.0205,0.01069,-0.035,0.008
2026-08-24 15:23:29,705.36,2026-08-24,697.0,0.02,0.07,0.06,15607,758,0.2705,-0.0269,0.0142,-0.045,0.0101
2026-08-24 15:23:29,705.36,2026-08-24,698.0,0.04,0.09,0.08,25738,556,0.2596,-0.0385,0.01988,-0.065,0.0135
2026-08-24 15:23:29,705.36,2026-08-24,699.0,0.1,0.11,0.11,26376,438,0.2541,-0.0593,0.02871,-0.105,0.0191
2026-08-24 15:23:29,705.36,2026-08-24,700.0,0.13,0.14,0.1,80174,3691,0.2358,-0.0782,0.03831,-0.135,0.0236
2026-08-24 15:23:29,705.36,2026-08-24,701.0,0.14,0.19,0.2,54314,767,0.2129,-0.1008,0.05126,-0.165,0.0286
2026-08-24 15:23:29,705.36,2026-08-24,702.0,0.27,0.28,0.24,104746,612,0.2076,-0.1562,0.07133,-0.275,0.0387
2026-08-24 15:23:29,705.36,2026-08-24,703.0,0.41,0.42,0.42,143578,508,0.196,-0.2258,0.09476,-0.415,0.0486
2026-08-24 15:23:29,705.36,2026-08-24,704.0,0.64,0.65,0.64,122413,715,0.1878,-0.3243,0.11839,-0.645,0.0582
2026-08-24 15:23:29,705.36,2026-08-24,705.0,0.92,0.93,0.93,149249,3566,0.1709,-0.4451,0.14292,-0.925,0.0639
2026-08-24 15:23:29,705.36,2026-08-24,706.0,1.38,1.39,1.43,81314,543,0.1616,-0.5936,0.14838,-0.745,0.0628
2026-08-24 15:23:29,705.36,2026-08-24,707.0,1.97,2.04,2.11,47560,728,0.1529,-0.7435,0.13023,-0.365,0.0521
2026-08-24 15:23:29,705.36,2026-08-24,708.0,2.76,2.79,2.93,15340,981,0.1435,-0.87,0.09111,-0.135,0.0342
2026-08-24 15:23:29,705.36,2026-08-24,709.0,3.5,3.94,3.93,11093,547,0.1601,-0.9184,0.0583,-0.08,0.0244
2026-08-24 15:23:29,705.36,2026-08-24,710.0,4.45,4.81,4.87,16799,1760,0.1208,-0.9908,0.01272,0.01,0.004
2026-08-24 15:23:29,705.36,2026-08-24,711.0,5.39,5.66,5.87,2055,1691,,,,,
2026-08-24 15:23:29,705.36,2026-08-24,712.0,6.41,6.87,6.95,2270,1281,0.1876,-0.985,0.01247,0.0,0.0061
2026-08-24 15:23:29,705.36,2026-08-24,713.0,7.37,7.92,7.69,1739,792,0.2198,-0.9834,0.01161,-0.005,0.0067
2026-08-24 15:23:29,705.36,2026-08-24,714.0,8.37,8.66,8.8,614,971,,,,,
2026-08-24 15:23:29,705.36,2026-08-24,715.0,9.52,10.07,9.5,542,1994,0.3857,-0.9367,0.01991,-0.155,0.0201
2026-08-24 15:23:29,705.36,2026-08-24,716.0,10.33,10.99,10.98,325,1999,0.3151,-0.9805,0.00928,-0.02,0.0077
2026-08-24 15:23:29,705.36,2026-08-24,717.0,11.24,12.08,11.88,119,1410,0.3399,-0.9818,0.00812,-0.02,0.0072
2026-08-24 15:23:29,705.36,2026-08-24,718.0,12.32,12.52,12.56,140,1084,,,,,
2026-08-24 15:23:29,705.36,2026-08-24,719.0,13.11,14.13,14.02,117,871,,,,,
2026-08-24 15:23:29,705.36,2026-08-24,720.0,14.13,14.65,14.9,287,2546,,,,,
2026-08-24 15:24:30,705.56,2026-08-24,691.0,0.01,0.02,0.04,2261,468,0.3755,-0.0075,0.00341,-0.015,0.0033
2026-08-24 15:24:30,705.56,2026-08-24,692.0,0.04,0.05,0.04,4387,486,0.4085,-0.0187,0.00692,-0.045,0.0074
2026-08-24 15:24:30,705.56,2026-08-24,693.0,0.01,0.05,0.04,3811,555,0.3606,-0.0145,0.00633,-0.03,0.006
2026-08-24 15:24:30,705.56,2026-08-24,694.0,0.04,0.05,0.04,9776,2610,0.3564,-0.0211,0.0088,-0.045,0.0082
2026-08-24 15:24:30,705.56,2026-08-24,695.0,0.05,0.06,0.05,14581,999,0.3408,-0.0262,0.01105,-0.055,0.0098
2026-08-24 15:24:30,705.56,2026-08-24,696.0,0.05,0.06,0.05,9437,642,0.3135,-0.0282,0.01277,-0.055,0.0104
2026-08-24 15:24:30,705.56,2026-08-24,697.0,0.02,0.03,0.06,15629,758,0.2523,-0.017,0.01035,-0.025,0.0068
2026-08-24 15:24:30,705.56,2026-08-24,698.0,0.07,0.08,0.05,25821,556,0.273,-0.0418,0.02024,-0.075,0.0144
2026-08-24 15:24:30,705.56,2026-08-24,699.0,0.09,0.1,0.1,26418,438,0.2553,-0.0543,0.02669,-0.095,0.0178
2026-08-24 15:24:30,705.56,2026-08-24,700.0,0.12,0.13,0.09,80405,3691,0.2385,-0.0727,0.03589,-0.125,0.0223
2026-08-24 15:24:30,705.56,2026-08-24,701.0,0.13,0.14,0.18,54489,767,0.2091,-0.0867,0.04675,-0.135,0.0255
2026-08-24 15:24:30,705.56,2026-08-24,702.0,0.26,0.27,0.27,105181,612,0.2133,-0.1485,0.06722,-0.265,0.0374
2026-08-24 15:24:30,705.56,2026-08-24,703.0,0.36,0.37,0.37,144165,508,0.1949,-0.2056,0.09039,-0.365,0.046
2026-08-24 15:24:30,705.56,2026-08-24,704.0,0.58,0.63,0.63,123993,715,0.1921,-0.3048,0.11286,-0.605,0.0566
2026-08-24 15:24:30,705.56,2026-08-24,705.0,0.95,0.96,0.96,151523,3566,0.1896,-0.4245,0.12792,-0.955,0.0633
2026-08-24 15:24:30,705.56,2026-08-24,706.0,1.37,1.42,1.42,81997,543,0.1816,-0.5566,0.13461,-0.955,0.0638
2026-08-24 15:24:30,705.56,2026-08-24,707.0,2.04,2.06,2.1,47679,728,0.1871,-0.6804,0.1183,-0.61,0.0577
2026-08-24 15:24:30,705.56,2026-08-24,708.0,2.76,2.8,2.87,15375,981,0.1855,-0.7897,0.09626,-0.34,0.0466
2026-08-24 15:24:30,705.56,2026-08-24,709.0,3.5,3.68,3.68,11106,547,0.1781,-0.8821,0.06869,-0.15,0.0319
2026-08-24 15:24:30,705.56,2026-08-24,710.0,4.29,4.65,4.7,16803,1760,0.1595,-0.9563,0.03591,-0.03,0.015
2026-08-24 15:24:30,705.56,2026-08-24,711.0,5.24,5.76,5.87,2056,1691,0.2075,-0.9463,0.03259,-0.06,0.0176
2026-08-24 15:24:30,705.56,2026-08-24,712.0,6.5,6.75,6.95,2270,1281,0.2957,-0.9091,0.03424,-0.185,0.0264
2026-08-24 15:24:30,705.56,2026-08-24,713.0,7.4,7.48,7.94,1740,792,0.2071,-0.9863,0.01048,0.0,0.0057
2026-08-24 15:24:30,705.56,2026-08-24,714.0,8.029,8.76,8.45,616,971,,,,,
2026-08-24 15:24:30,705.56,2026-08-24,715.0,9.59,9.74,9.5,542,1994,0.4116,-0.9197,0.02242,-0.225,0.0241
2026-08-24 15:24:30,705.56,2026-08-24,716.0,10.34,10.73,10.98,325,1999,0.3762,-0.9553,0.01551,-0.095,0.0152
2026-08-24 15:24:30,705.56,2026-08-24,717.0,11.52,12.03,11.88,119,1410,0.5216,-0.9097,0.01932,-0.335,0.0263
2026-08-24 15:24:30,705.56,2026-08-24,718.0,11.94,12.45,12.56,142,1084,,,,,
2026-08-24 15:24:30,705.56,2026-08-24,719.0,13.31,13.86,14.02,117,871,0.4949,-0.9513,0.01263,-0.145,0.0163
2026-08-24 15:24:30,705.56,2026-08-24,720.0,14.09,14.92,14.9,287,2546,0.4627,-0.9716,0.00869,-0.065,0.0105
2026-08-24 15:25:31,706.11,2026-08-24,692.0,0.01,0.04,0.04,4387,486,0.3897,-0.0115,0.00479,-0.025,0.0049
2026-08-24 15:25:31,706.11,2026-08-24,693.0,0.04,0.05,0.04,3811,555,0.3971,-0.0192,0.00729,-0.045,0.0075
2026-08-24 15:25:31,706.11,2026-08-24,694.0,0.04,0.05,0.04,9776,2610,0.371,-0.0204,0.00821,-0.045,0.0079
2026-08-24 15:25:31,706.11,2026-08-24,695.0,0.04,0.05,0.05,14582,999,0.3447,-0.0217,0.00934,-0.045,0.0084
2026-08-24 15:25:31,706.11,2026-08-24,696.0,0.05,0.06,0.05,9437,642,0.3287,-0.0271,0.01178,-0.055,0.0101
2026-08-24 15:25:31,706.11,2026-08-24,697.0,0.05,0.06,0.06,15632,758,0.3013,-0.0292,0.01371,-0.055,0.0108
2026-08-24 15:25:31,706.11,2026-08-24,698.0,0.02,0.03,0.06,25824,556,0.241,-0.0177,0.01124,-0.025,0.0071
2026-08-24 15:25:31,706.11,2026-08-24,699.0,0.08,0.09,0.05,26718,438,0.2663,-0.0476,0.02308,-0.085,0.016
2026-08-24 15:25:31,706.11,2026-08-24,700.0,0.06,0.11,0.11,80620,3691,0.2359,-0.0529,0.02832,-0.085,0.0174
2026-08-24 15:25:31,706.11,2026-08-24,701.0,0.09,0.14,0.14,54524,767,0.2193,-0.0728,0.03912,-0.115,0.0223
2026-08-24 15:25:31,706.11,2026-08-24,702.0,0.19,0.2,0.17,105441,612,0.2142,-0.1154,0.0563,-0.195,0.0314
2026-08-24 15:25:31,706.11,2026-08-24,703.0,0.29,0.3,0.3,144710,508,0.2026,-0.1688,0.07705,-0.295,0.0406
2026-08-24 15:25:31,706.11,2026-08-24,704.0,0.46,0.47,0.47,125161,715,0.1944,-0.2484,0.10098,-0.465,0.0511
2026-08-24 15:25:31,706.11,2026-08-24,705.0,0.68,0.73,0.74,153531,3566,0.1837,-0.3518,0.12517,-0.705,0.0599
2026-08-24 15:25:31,706.11,2026-08-24,706.0,1.13,1.14,1.14,82615,543,0.1856,-0.4831,0.13311,-1.135,0.0643
2026-08-24 15:25:31,706.11,2026-08-24,707.0,1.66,1.67,1.7,47801,728,0.1822,-0.6167,0.12987,-0.77,0.0616
2026-08-24 15:25:31,706.11,2026-08-24,708.0,2.26,2.34,2.37,15401,981,0.1735,-0.7481,0.11399,-0.405,0.0515
2026-08-24 15:25:31,706.11,2026-08-24,709.0,3.13,3.25,3.24,11110,547,0.1954,-0.8183,0.0837,-0.295,0.0426
2026-08-24 15:25:31,706.11,2026-08-24,710.0,3.92,4.27,4.29,16816,1760,0.2104,-0.8722,0.06156,-0.2,0.0337
2026-08-24 15:25:31,706.11,2026-08-24,711.0,4.85,5.26,5.6,2064,1691,0.2336,-0.901,0.04622,-0.16,0.0281
2026-08-24 15:25:31,706.11,2026-08-24,712.0,5.82,6.28,6.71,2276,1281,0.266,-0.9132,0.03681,-0.155,0.0255
2026-08-24 15:25:31,706.11,2026-08-24,713.0,6.76,7.24,7.54,1740,792,0.2763,-0.9373,0.02766,-0.105,0.0199
2026-08-24 15:25:31,706.11,2026-08-24,714.0,7.86,8.27,8.37,618,971,0.3383,-0.9239,0.02623,-0.17,0.0231
2026-08-24 15:25:31,706.11,2026-08-24,715.0,8.76,9.18,9.5,542,1994,0.3187,-0.9566,0.01791,-0.075,0.0149
2026-08-24 15:25:31,706.11,2026-08-24,716.0,9.8,10.17,10.98,325,1999,0.3575,-0.9551,0.0164,-0.09,0.0153
2026-08-24 15:25:31,706.11,2026-08-24,717.0,10.91,11.02,11.88,119,1410,0.3716,-0.9638,0.01325,-0.07,0.0128
2026-08-24 15:25:31,706.11,2026-08-24,718.0,11.8,11.97,12.28,142,1084,0.2781,-0.9956,0.00286,0.01,0.0021
2026-08-24 15:25:31,706.11,2026-08-24,719.0,12.86,13.2,14.02,117,871,0.4733,-0.9521,0.01305,-0.135,0.0161
2026-08-24 15:25:31,706.11,2026-08-24,720.0,14.04,14.29,14.58,290,2546,0.5749,-0.9299,0.01449,-0.27,0.0217
2026-08-24 15:25:31,706.11,2026-08-24,721.0,14.94,15.3,14.64,43,552,0.5838,-0.9402,0.01261,-0.225,0.0192
2026-08-24 15:26:32,705.91,2026-08-24,691.0,0.01,0.02,0.04,2262,468,0.3848,-0.0074,0.00329,-0.015,0.0033
2026-08-24 15:26:32,705.91,2026-08-24,692.0,0.01,0.04,0.04,4387,486,0.3858,-0.0116,0.0049,-0.025,0.0049
2026-08-24 15:26:32,705.91,2026-08-24,693.0,0.04,0.05,0.04,3811,555,0.3929,-0.0194,0.00745,-0.045,0.0076
2026-08-24 15:26:32,705.91,2026-08-24,694.0,0.01,0.05,0.04,9776,2610,0.3455,-0.0152,0.00687,-0.03,0.0062
2026-08-24 15:26:32,705.91,2026-08-24,695.0,0.01,0.02,0.03,14583,999,0.2918,-0.0095,0.0054,-0.015,0.0041
2026-08-24 15:26:32,705.91,2026-08-24,696.0,0.01,0.06,0.02,9438,642,0.3016,-0.0196,0.00981,-0.035,0.0077
2026-08-24 15:26:32,705.91,2026-08-24,697.0,0.05,0.06,0.06,15643,758,0.2965,-0.0297,0.01414,-0.055,0.0109
2026-08-24 15:26:32,705.91,2026-08-24,698.0,0.02,0.03,0.07,25868,556,0.2365,-0.0181,0.01166,-0.025,0.0072
2026-08-24 15:26:32,705.91,2026-08-24,699.0,0.04,0.05,0.09,26732,438,0.2318,-0.0309,0.0187,-0.045,0.0112
2026-08-24 15:26:32,705.91,2026-08-24,700.0,0.06,0.07,0.11,80714,3691,0.2182,-0.0449,0.02695,-0.065,0.0152
2026-08-24 15:26:32,705.91,2026-08-24,701.0,0.11,0.16,0.11,54556,767,0.2217,-0.0827,0.0427,-0.135,0.0246
2026-08-24 15:26:32,705.91,2026-08-24,702.0,0.21,0.22,0.23,105562,612,0.2135,-0.1256,0.06007,-0.215,0.0333
2026-08-24 15:26:32,705.91,2026-08-24,703.0,0.32,0.33,0.33,145424,508,0.202,-0.183,0.08154,-0.325,0.0427
2026-08-24 15:26:32,705.91,2026-08-24,704.0,0.47,0.52,0.52,126239,715,0.1909,-0.2645,0.10646,-0.495,0.0527
2026-08-24 15:26:32,705.91,2026-08-24,705.0,0.8,0.81,0.81,154969,3566,0.1888,-0.3795,0.12519,-0.805,0.0613
2026-08-24 15:26:32,705.91,2026-08-24,706.0,1.21,1.22,1.23,83162,543,0.1833,-0.5092,0.13513,-1.125,0.0642
2026-08-24 15:26:32,705.91,2026-08-24,707.0,1.77,1.79,1.79,47849,728,0.1812,-0.6427,0.12787,-0.69,0.0601
2026-08-24 15:26:32,705.91,2026-08-24,708.0,2.39,2.44,2.59,15442,981,0.167,-0.7789,0.11045,-0.325,0.0478
2026-08-24 15:26:32,705.91,2026-08-24,709.0,3.2,3.36,3.37,11112,547,0.1771,-0.8585,0.07862,-0.19,0.0361
2026-08-24 15:26:32,705.91,2026-08-24,710.0,4.11,4.31,4.15,16825,1760,0.1916,-0.9057,0.0545,-0.12,0.0271
2026-08-24 15:26:32,705.91,2026-08-24,711.0,4.92,5.4,5.6,2064,1691,0.2028,-0.939,0.03697,-0.07,0.0194
2026-08-24 15:26:32,705.91,2026-08-24,712.0,6.02,6.36,6.08,2276,1281,0.2491,-0.9339,0.03205,-0.1,0.0207
2026-08-24 15:26:32,705.91,2026-08-24,713.0,7.1,7.38,7.54,1741,792,0.3041,-0.9242,0.02913,-0.15,0.023
2026-08-24 15:26:32,705.91,2026-08-24,714.0,7.83,8.37,8.37,618,971,0.239,-0.9814,0.01182,-0.01,0.0073
2026-08-24 15:26:32,705.91,2026-08-24,715.0,9.12,9.29,9.5,542,1994,0.3495,-0.945,0.01977,-0.115,0.0179
2026-08-24 15:26:32,705.91,2026-08-24,716.0,9.86,10.15,10.98,325,1999,,,,,
2026-08-24 15:26:32,705.91,2026-08-24,717.0,10.9,11.48,11.88,119,1410,0.3994,-0.9558,0.01452,-0.1,0.015
2026-08-24 15:26:32,705.91,2026-08-24,718.0,12.12,12.24,12.28,142,1084,0.4209,-0.961,0.01247,-0.09,0.0136
2026-08-24 15:26:32,705.91,2026-08-24,719.0,12.87,13.5,14.02,117,871,0.4526,-0.9618,0.01138,-0.095,0.0134
2026-08-24 15:26:32,705.91,2026-08-24,720.0,13.93,14.03,14.03,291,2546,,,,,
2026-08-24 15:27:32,706.0,2026-08-24,691.0,0.01,0.02,0.02,2262,468,0.3875,-0.0073,0.00325,-0.015,0.0033
2026-08-24 15:27:32,706.0,2026-08-24,692.0,0.03,0.04,0.04,4387,486,0.4069,-0.015,0.0058,-0.035,0.0061
2026-08-24 15:27:32,706.0,2026-08-24,693.0,0.04,0.05,0.04,3812,555,0.3959,-0.0193,0.00738,-0.045,0.0075
2026-08-24 15:27:32,706.0,2026-08-24,694.0,0.01,0.02,0.03,9777,2610,0.3179,-0.0088,0.00465,-0.015,0.0038
2026-08-24 15:27:32,706.0,2026-08-24,695.0,0.01,0.05,0.02,14585,999,0.3231,-0.0161,0.00776,-0.03,0.0065
2026-08-24 15:27:32,706.0,2026-08-24,696.0,0.05,0.06,0.02,9438,642,0.3271,-0.0273,0.01196,-0.055,0.0101
2026-08-24 15:27:32,706.0,2026-08-24,697.0,0.01,0.02,0.05,15648,758,0.2468,-0.011,0.00731,-0.015,0.0047
2026-08-24 15:27:32,706.0,2026-08-24,698.0,0.02,0.03,0.03,25934,556,0.2393,-0.0179,0.01146,-0.025,0.0071
2026-08-24 15:27:32,706.0,2026-08-24,699.0,0.04,0.09,0.09,26735,438,0.2508,-0.0399,0.02133,-0.065,0.0138
2026-08-24 15:27:32,706.0,2026-08-24,700.0,0.1,0.11,0.07,80777,3691,0.2443,-0.0617,0.03098,-0.105,0.0196
2026-08-24 15:27:32,706.0,2026-08-24,701.0,0.1,0.15,0.15,54667,767,0.221,-0.0779,0.04101,-0.125,0.0234
2026-08-24 15:27:32,706.0,2026-08-24,702.0,0.21,0.22,0.18,105717,612,0.2173,-0.124,0.05859,-0.215,0.0329
2026-08-24 15:27:32,706.0,2026-08-24,703.0,0.28,0.33,0.33,145747,508,0.2014,-0.1747,0.07953,-0.305,0.0414
2026-08-24 15:27:32,706.0,2026-08-24,704.0,0.47,0.52,0.52,127013,715,0.1957,-0.2599,0.10306,-0.495,0.0521
2026-08-24 15:27:32,706.0,2026-08-24,705.0,0.75,0.8,0.8,156003,3566,0.1898,-0.3687,0.12364,-0.775,0.0606
2026-08-24 15:27:32,706.0,2026-08-24,706.0,1.21,1.22,1.22,83510,543,0.1907,-0.4971,0.13015,-1.215,0.0641
2026-08-24 15:27:32,706.0,2026-08-24,707.0,1.77,1.78,1.78,47908,728,0.1902,-0.6254,0.12402,-0.775,0.0609
2026-08-24 15:27:32,706.0,2026-08-24,708.0,2.41,2.44,2.51,15443,981,0.1832,-0.7489,0.1082,-0.425,0.0512
2026-08-24 15:27:32,706.0,2026-08-24,709.0,3.14,3.32,3.37,11118,547,0.1845,-0.8418,0.08143,-0.23,0.0388
2026-08-24 15:27:32,706.0,2026-08-24,710.0,3.99,4.27,4.27,16837,1760,0.1924,-0.9002,0.05668,-0.13,0.0282
2026-08-24 15:27:32,706.0,2026-08-24,711.0,4.92,5.21,5.6,2064,1691,0.1977,-0.9407,0.03714,-0.065,0.019
2026-08-24 15:27:32,706.0,2026-08-24,712.0,5.9,6.24,6.08,2276,1281,0.2311,-0.9454,0.02979,-0.07,0.0178
2026-08-24 15:27:32,706.0,2026-08-24,713.0,6.99,7.33,7.13,1743,792,0.3059,-0.9207,0.03003,-0.16,0.0237
2026-08-24 15:27:32,706.0,2026-08-24,714.0,7.76,8.07,8.37,618,971,,,,,
2026-08-24 15:27:32,706.0,2026-08-24,715.0,8.83,9.34,9.5,542,1994,0.3295,-0.9537,0.01831,-0.085,0.0156
2026-08-24 15:27:32,706.0,2026-08-24,716.0,10.05,10.37,10.98,325,1999,0.4254,-0.9258,0.02054,-0.21,0.0226
2026-08-24 15:27:32,706.0,2026-08-24,717.0,11.11,11.34,11.88,119,1410,0.4643,-0.9272,0.01854,-0.225,0.0222
2026-08-24 15:27:32,706.0,2026-08-24,718.0,11.88,12.37,12.28,142,1084,0.4426,-0.9521,0.01401,-0.125,0.016
2026-08-24 15:27:32,706.0,2026-08-24,719.0,13.02,13.26,14.02,117,871,0.4812,-0.9513,0.01305,-0.14,0.0162
2026-08-24 15:27:32,706.0,2026-08-24,720.0,14,14.45,14.03,296,2546,0.5585,-0.9377,0.01366,-0.225,0.0197
2026-08-24 15:27:32,706.0,2026-08-24,721.0,14.91,15.24,15.15,44,552,0.4891,-0.97,0.00866,-0.075,0.0109
2026-08-24 15:28:35,705.96,2026-08-24,691.0,0.03,0.04,0.02,2262,468,0.4319,-0.0143,0.00524,-0.035,0.0058
2026-08-24 15:28:35,705.96,2026-08-24,692.0,0.01,0.04,0.02,4388,486,0.3884,-0.0116,0.00487,-0.025,0.0049
2026-08-24 15:28:35,705.96,2026-08-24,693.0,0.04,0.05,0.04,3812,555,0.3957,-0.0193,0.00741,-0.045,0.0075
2026-08-24 15:28:35,705.96,2026-08-24,694.0,0.01,0.02,0.03,9777,2610,0.3176,-0.0088,0.00467,-0.015,0.0038
2026-08-24 15:28:35,705.96,2026-08-24,695.0,0.01,0.02,0.03,14585,999,0.294,-0.0094,0.00537,-0.015,0.0041
2026-08-24 15:28:35,705.96,2026-08-24,696.0,0.05,0.06,0.02,9453,642,0.3267,-0.0274,0.01203,-0.055,0.0101
2026-08-24 15:28:35,705.96,2026-08-24,697.0,0.01,0.02,0.02,15656,758,0.2464,-0.0111,0.00736,-0.015,0.0047
2026-08-24 15:28:35,705.96,2026-08-24,698.0,0.02,0.07,0.07,25955,556,0.2618,-0.0279,0.01525,-0.045,0.0103
2026-08-24 15:28:35,705.96,2026-08-24,699.0,0.07,0.08,0.09,26744,438,0.257,-0.0443,0.02269,-0.075,0.015
2026-08-24 15:28:35,705.96,2026-08-24,700.0,0.1,0.11,0.11,81214,3691,0.2436,-0.0619,0.03126,-0.105,0.0196
2026-08-24 15:28:35,705.96,2026-08-24,701.0,0.09,0.14,0.14,54880,767,0.2157,-0.0742,0.04057,-0.115,0.0225
2026-08-24 15:28:35,705.96,2026-08-24,702.0,0.18,0.19,0.19,106137,612,0.2068,-0.1143,0.05825,-0.185,0.031
2026-08-24 15:28:35,705.96,2026-08-24,703.0,0.24,0.29,0.29,146661,508,0.1902,-0.1637,0.08093,-0.265,0.0396
2026-08-24 15:28:35,705.96,2026-08-24,704.0,0.43,0.44,0.44,128971,715,0.1825,-0.2489,0.10831,-0.435,0.0509
2026-08-24 15:28:35,705.96,2026-08-24,705.0,0.65,0.7,0.7,159422,3566,0.1711,-0.3603,0.13633,-0.675,0.06
2026-08-24 15:28:35,705.96,2026-08-24,706.0,1.01,1.06,1.06,84968,543,0.1598,-0.5031,0.15561,-0.995,0.064
2026-08-24 15:28:35,705.96,2026-08-24,707.0,1.58,1.6,1.58,48071,728,0.1554,-0.6587,0.14722,-0.55,0.0589
2026-08-24 15:28:35,705.96,2026-08-24,708.0,2.19,2.27,2.29,15541,981,0.1352,-0.8239,0.11931,-0.19,0.0415
2026-08-24 15:28:35,705.96,2026-08-24,709.0,2.93,3.09,3.17,11184,547,,,,,
2026-08-24 15:28:35,705.96,2026-08-24,710.0,3.77,3.94,4.09,16853,1760,,,,,
2026-08-24 15:28:35,705.96,2026-08-24,711.0,4.86,5.07,5.22,2066,1691,,,,,
2026-08-24 15:28:35,705.96,2026-08-24,712.0,5.76,5.98,6.08,2278,1281,,,,,
2026-08-24 15:28:35,705.96,2026-08-24,713.0,6.74,7,7.23,1751,792,,,,,
2026-08-24 15:28:35,705.96,2026-08-24,714.0,7.8,8.06,8.37,618,971,,,,,
2026-08-24 15:28:35,705.96,2026-08-24,715.0,8.64,8.96,9.5,542,1994,,,,,
2026-08-24 15:28:35,705.96,2026-08-24,716.0,9.53,10.14,10.32,326,1999,,,,,
2026-08-24 15:28:35,705.96,2026-08-24,717.0,10.72,10.85,11.88,119,1410,,,,,
2026-08-24 15:28:35,705.96,2026-08-24,718.0,11.71,11.91,12.28,142,1084,,,,,
2026-08-24 15:28:35,705.96,2026-08-24,719.0,12.89,13.19,14.02,117,871,0.3384,-0.9912,0.0044,0.0,0.0038
2026-08-24 15:28:35,705.96,2026-08-24,720.0,13.91,14.13,14.29,298,2546,,,,,
2026-08-24 15:29:36,706.86,2026-08-24,692.0,0.01,0.02,0.02,4388,486,0.3853,-0.0074,0.0033,-0.015,0.0033
2026-08-24 15:29:36,706.86,2026-08-24,693.0,0.03,0.04,0.04,3812,555,0.4044,-0.0152,0.00589,-0.035,0.0061
2026-08-24 15:29:36,706.86,2026-08-24,694.0,0.01,0.02,0.03,9797,2610,0.3388,-0.0083,0.00416,-0.015,0.0036
2026-08-24 15:29:36,706.86,2026-08-24,695.0,0.01,0.05,0.04,14619,999,0.3457,-0.0152,0.00691,-0.03,0.0061
2026-08-24 15:29:36,706.86,2026-08-24,696.0,0.01,0.05,0.04,9469,642,0.3203,-0.0163,0.00791,-0.03,0.0065
2026-08-24 15:29:36,706.86,2026-08-24,697.0,0.01,0.02,0.05,15662,758,0.2681,-0.0103,0.00634,-0.015,0.0044
2026-08-24 15:29:36,706.86,2026-08-24,698.0,0.02,0.07,0.06,25975,556,0.2866,-0.0258,0.01304,-0.045,0.0096
2026-08-24 15:29:36,706.86,2026-08-24,699.0,0.06,0.07,0.03,26777,438,0.2764,-0.0367,0.01813,-0.065,0.0129
2026-08-24 15:29:36,706.86,2026-08-24,700.0,0.08,0.09,0.09,81586,3691,0.2606,-0.0488,0.0242,-0.085,0.0162
2026-08-24 15:29:36,706.86,2026-08-24,701.0,0.11,0.12,0.12,54940,767,0.2454,-0.0665,0.03281,-0.115,0.0207
2026-08-24 15:29:36,706.86,2026-08-24,702.0,0.16,0.17,0.16,106560,612,0.2326,-0.0943,0.04509,-0.165,0.027
2026-08-24 15:29:36,706.86,2026-08-24,703.0,0.22,0.23,0.23,147985,508,0.2155,-0.1298,0.06117,-0.225,0.0339
2026-08-24 15:29:36,706.86,2026-08-24,704.0,0.33,0.38,0.34,131254,715,0.2076,-0.1927,0.08223,-0.355,0.0439
2026-08-24 15:29:36,706.86,2026-08-24,705.0,0.57,0.6,0.52,162602,3566,0.206,-0.284,0.10264,-0.585,0.0543
2026-08-24 15:29:36,706.86,2026-08-24,706.0,0.82,0.9,0.79,86383,543,0.1954,-0.389,0.12236,-0.86,0.0615
2026-08-24 15:29:36,706.86,2026-08-24,707.0,1.21,1.22,1.22,48187,728,0.1801,-0.5164,0.13808,-1.075,0.0639
2026-08-24 15:29:36,706.86,2026-08-24,708.0,1.82,2.52,1.95,15640,981,0.2411,-0.6133,0.09903,-1.03,0.0614
2026-08-24 15:29:36,706.86,2026-08-24,709.0,2.34,2.42,2.6,11194,547,0.1513,-0.8086,0.11238,-0.24,0.0437
2026-08-24 15:29:36,706.86,2026-08-24,710.0,3.08,3.38,3.48,16870,1760,0.1482,-0.9049,0.07116,-0.09,0.0271
2026-08-24 15:29:36,706.86,2026-08-24,711.0,3.92,4.11,4.27,2067,1691,,,,,
2026-08-24 15:29:36,706.86,2026-08-24,712.0,4.9,5.9,6.06,2279,1281,0.2766,-0.8745,0.04654,-0.26,0.0331
2026-08-24 15:29:36,706.86,2026-08-24,713.0,5.87,6.26,6.27,1756,792,,,,,
2026-08-24 15:29:36,706.86,2026-08-24,714.0,6.8,7.28,7.28,672,971,,,,,
2026-08-24 15:29:36,706.86,2026-08-24,715.0,7.77,8.86,9.5,542,1994,0.3505,-0.9241,0.02541,-0.175,0.0229
2026-08-24 15:29:36,706.86,2026-08-24,716.0,8.84,9.99,10.32,326,1999,0.4244,-0.9079,0.02429,-0.275,0.0265
2026-08-24 15:29:36,706.86,2026-08-24,717.0,9.59,11.09,11.88,119,1410,0.4264,-0.9286,0.01994,-0.2,0.0219
2026-08-24 15:29:36,706.86,2026-08-24,718.0,10.8,11.34,12.28,142,1084,,,,,
2026-08-24 15:29:36,706.86,2026-08-24,719.0,11.87,13.12,14.02,117,871,0.5568,-0.9099,0.0182,-0.355,0.0261
2026-08-24 15:29:36,706.86,2026-08-24,720.0,12.85,13.86,14,299,2546,0.5282,-0.9369,0.01463,-0.215,0.0199
2026-08-24 15:29:36,706.86,2026-08-24,721.0,13.56,15.74,15.05,45,552,0.6821,-0.8981,0.01626,-0.51,0.0285
2026-08-24 15:30:37,706.81,2026-08-24,692.0,0.03,0.04,0.02,4388,486,0.4292,-0.0144,0.00532,-0.035,0.0058
2026-08-24 15:30:37,706.81,2026-08-24,693.0,0.03,0.04,0.04,3822,555,0.4039,-0.0152,0.00593,-0.035,0.0061
2026-08-24 15:30:37,706.81,2026-08-24,694.0,0.01,0.02,0.02,9837,2610,0.3383,-0.0083,0.00419,-0.015,0.0036
2026-08-24 15:30:37,706.81,2026-08-24,695.0,0.01,0.02,0.03,14619,999,0.3149,-0.0089,0.00477,-0.015,0.0038
2026-08-24 15:30:37,706.81,2026-08-24,696.0,0.01,0.02,0.02,9504,642,0.2912,-0.0095,0.00548,-0.015,0.0041
2026-08-24 15:30:37,706.81,2026-08-24,697.0,0.01,0.02,0.05,15697,758,0.2674,-0.0103,0.00639,-0.015,0.0044
2026-08-24 15:30:37,706.81,2026-08-24,698.0,0.06,0.07,0.06,26092,556,0.3043,-0.0338,0.01543,-0.065,0.012
2026-08-24 15:30:37,706.81,2026-08-24,699.0,0.03,0.08,0.04,26814,438,0.2674,-0.0327,0.01709,-0.055,0.0117
2026-08-24 15:30:37,706.81,2026-08-24,700.0,0.05,0.06,0.06,81664,3691,0.2388,-0.0361,0.02075,-0.055,0.0127
2026-08-24 15:30:37,706.81,2026-08-24,701.0,0.12,0.13,0.13,55074,767,0.249,-0.0707,0.03394,-0.125,0.0216
2026-08-24 15:30:37,706.81,2026-08-24,702.0,0.12,0.17,0.17,106823,612,0.2237,-0.0877,0.04449,-0.145,0.0255
2026-08-24 15:30:37,706.81,2026-08-24,703.0,0.2,0.21,0.21,148466,508,0.208,-0.124,0.06153,-0.205,0.0328
2026-08-24 15:30:37,706.81,2026-08-24,704.0,0.37,0.38,0.37,132375,715,0.2103,-0.1994,0.08305,-0.375,0.0447
2026-08-24 15:30:37,706.81,2026-08-24,705.0,0.54,0.56,0.56,165946,3566,0.1973,-0.2805,0.10674,-0.55,0.0539
2026-08-24 15:30:37,706.81,2026-08-24,706.0,0.86,0.87,0.86,86856,543,0.1934,-0.3939,0.12431,-0.865,0.0616
2026-08-24 15:30:37,706.81,2026-08-24,707.0,1.28,1.29,1.3,48304,728,0.1873,-0.5224,0.13291,-1.095,0.0637
2026-08-24 15:30:37,706.81,2026-08-24,708.0,1.84,1.87,1.87,15708,981,0.184,-0.6541,0.12525,-0.665,0.059
2026-08-24 15:30:37,706.81,2026-08-24,709.0,2.55,2.63,2.64,11198,547,0.1882,-0.7639,0.10233,-0.4,0.0493
2026-08-24 15:30:37,706.81,2026-08-24,710.0,3.26,3.42,3.38,16890,1760,0.1704,-0.877,0.07468,-0.15,0.0326
2026-08-24 15:30:37,706.81,2026-08-24,711.0,4.19,4.51,4.27,2067,1691,0.2104,-0.8914,0.05534,-0.16,0.0298
2026-08-24 15:30:37,706.81,2026-08-24,712.0,4.88,5.79,5.81,2279,1281,0.2402,-0.9097,0.04237,-0.145,0.0261
2026-08-24 15:30:37,706.81,2026-08-24,713.0,6.18,6.32,6.43,1756,792,0.2319,-0.9509,0.02738,-0.06,0.0163
2026-08-24 15:30:37,706.81,2026-08-24,714.0,6.96,7.44,7.28,672,971,0.2173,-0.9798,0.01402,-0.01,0.0078
2026-08-24 15:30:37,706.81,2026-08-24,715.0,7.88,9.05,9.5,542,1994,0.3923,-0.9015,0.02765,-0.275,0.0278
2026-08-24 15:30:37,706.81,2026-08-24,716.0,8.84,9.85,10.32,326,1999,0.3757,-0.9348,0.02116,-0.155,0.0203
2026-08-24 15:30:37,706.81,2026-08-24,717.0,9.77,11.1,11.88,119,1410,0.4486,-0.9196,0.02079,-0.245,0.0239
2026-08-24 15:30:37,706.81,2026-08-24,718.0,11.04,11.56,12.28,142,1084,0.4112,-0.9535,0.01478,-0.11,0.0156
2026-08-24 15:30:37,706.81,2026-08-24,719.0,11.81,13.15,14.02,117,871,0.5334,-0.9205,0.01734,-0.29,0.0237
2026-08-24 15:30:37,706.81,2026-08-24,720.0,12.68,13.73,14,299,2546,0.3735,-0.9854,0.00621,-0.015,0.0059
2026-08-24 15:30:37,706.81,2026-08-24,721.0,13.84,16.12,15.05,45,552,0.7747,-0.8694,0.01712,-0.79,0.034
2026-08-24 15:31:39,706.88,2026-08-24,692.0,0.01,0.04,0.02,4388,486,0.4126,-0.011,0.00441,-0.025,0.0046
2026-08-24 15:31:39,706.88,2026-08-24,693.0,0.01,0.04,0.03,3822,555,0.3882,-0.0117,0.00492,-0.025,0.0049
2026-08-24 15:31:39,706.88,2026-08-24,694.0,0.04,0.05,0.04,9849,2610,0.3953,-0.0194,0.00748,-0.045,0.0075
2026-08-24 15:31:39,706.88,2026-08-24,695.0,0.04,0.05,0.03,14619,999,0.3689,-0.0207,0.00845,-0.045,0.0079
2026-08-24 15:31:39,706.88,2026-08-24,696.0,0.01,0.02,0.02,9510,642,0.2934,-0.0095,0.00543,-0.015,0.0041
2026-08-24 15:31:39,706.88,2026-08-24,697.0,0.05,0.06,0.05,15697,758,0.3259,-0.0275,0.01217,-0.055,0.0101
2026-08-24 15:31:39,706.88,2026-08-24,698.0,0.02,0.03,0.06,26092,556,0.2633,-0.0165,0.00979,-0.025,0.0066
2026-08-24 15:31:39,706.88,2026-08-24,699.0,0.03,0.04,0.04,26818,438,0.2503,-0.0233,0.0138,-0.035,0.0088
2026-08-24 15:31:39,706.88,2026-08-24,700.0,0.04,0.05,0.09,81934,3691,0.2329,-0.031,0.01882,-0.045,0.0112
2026-08-24 15:31:39,706.88,2026-08-24,701.0,0.07,0.08,0.12,55329,767,0.2254,-0.0498,0.02855,-0.075,0.0164
2026-08-24 15:31:39,706.88,2026-08-24,702.0,0.16,0.17,0.17,107050,612,0.2342,-0.0941,0.04487,-0.165,0.0268
2026-08-24 15:31:39,706.88,2026-08-24,703.0,0.23,0.24,0.24,148727,508,0.22,-0.1326,0.06104,-0.235,0.0343
2026-08-24 15:31:39,706.88,2026-08-24,704.0,0.36,0.37,0.37,133076,715,0.2115,-0.1946,0.0815,-0.365,0.044
2026-08-24 15:31:39,706.88,2026-08-24,705.0,0.52,0.57,0.57,166487,3566,0.2003,-0.2758,0.10442,-0.545,0.0534
2026-08-24 15:31:39,706.88,2026-08-24,706.0,0.83,0.85,0.88,87264,543,0.1942,-0.3855,0.1233,-0.84,0.0611
2026-08-24 15:31:39,706.88,2026-08-24,707.0,1.3,1.31,1.29,48364,728,0.1965,-0.5124,0.12706,-1.185,0.0637
2026-08-24 15:31:39,706.88,2026-08-24,708.0,1.81,1.91,1.91,15761,981,0.1928,-0.6391,0.12157,-0.74,0.0598
2026-08-24 15:31:39,706.88,2026-08-24,709.0,2.51,2.63,2.54,11206,547,0.1951,-0.7493,0.10214,-0.45,0.0508
2026-08-24 15:31:39,706.88,2026-08-24,710.0,3.27,3.43,3.21,16893,1760,0.1905,-0.8451,0.07826,-0.23,0.038
2026-08-24 15:31:39,706.88,2026-08-24,711.0,4.13,4.32,4.27,2067,1691,0.1883,-0.9128,0.05272,-0.105,0.0253
2026-08-24 15:31:39,706.88,2026-08-24,712.0,5.03,5.34,5.81,2279,1281,0.2026,-0.9417,0.03597,-0.065,0.0186
2026-08-24 15:31:39,706.88,2026-08-24,713.0,6.12,6.21,6.43,1756,792,0.2205,-0.9576,0.02565,-0.045,0.0144
2026-08-24 15:31:39,706.88,2026-08-24,714.0,6.79,7.39,7.28,672,971,,,,,
2026-08-24 15:31:39,706.88,2026-08-24,715.0,7.75,8.41,9.5,542,1994,,,,,
2026-08-24 15:31:39,706.88,2026-08-24,716.0,8.73,9.95,10.32,326,1999,0.4034,-0.9192,0.02326,-0.22,0.0239
2026-08-24 15:31:39,706.88,2026-08-24,717.0,9.96,10.77,11.88,119,1410,0.447,-0.9192,0.02097,-0.245,0.0239
2026-08-24 15:31:39,706.88,2026-08-24,718.0,11.04,11.44,12.28,142,1084,0.4162,-0.9508,0.01531,-0.12,0.0163
2026-08-24 15:31:39,706.88,2026-08-24,719.0,11.95,12.86,14.02,117,871,0.5299,-0.921,0.01739,-0.285,0.0235
2026-08-24 15:31:39,706.88,2026-08-24,720.0,12.6,13.8,14,299,2546,0.4451,-0.9657,0.01068,-0.08,0.0121
2026-08-24 15:31:39,706.88,2026-08-24,721.0,13.58,15.68,15.05,45,552,0.684,-0.8981,0.01629,-0.51,0.0284
2026-08-24 15:32:39,706.75,2026-08-24,692.0,0.01,0.04,0.02,4388,486,0.4104,-0.0111,0.00447,-0.025,0.0047
2026-08-24 15:32:39,706.75,2026-08-24,693.0,0.03,0.04,0.03,3822,555,0.4041,-0.0152,0.00596,-0.035,0.0061
2026-08-24 15:32:39,706.75,2026-08-24,694.0,0.01,0.05,0.04,9849,2610,0.3704,-0.0144,0.00618,-0.03,0.0058
2026-08-24 15:32:39,706.75,2026-08-24,695.0,0.01,0.05,0.04,14680,999,0.345,-0.0153,0.00701,-0.03,0.0061
2026-08-24 15:32:39,706.75,2026-08-24,696.0,0.04,0.05,0.05,9512,642,0.3396,-0.0223,0.0098,-0.045,0.0085
2026-08-24 15:32:39,706.75,2026-08-24,697.0,0.01,0.06,0.05,15757,758,0.3006,-0.0199,0.01005,-0.035,0.0077
2026-08-24 15:32:39,706.75,2026-08-24,698.0,0.06,0.07,0.06,26104,556,0.3039,-0.034,0.01557,-0.065,0.012
2026-08-24 15:32:39,706.75,2026-08-24,699.0,0.03,0.08,0.08,26838,438,0.2669,-0.0329,0.01726,-0.055,0.0117
2026-08-24 15:32:39,706.75,2026-08-24,700.0,0.04,0.05,0.05,82025,3691,0.2298,-0.0315,0.01932,-0.045,0.0113
2026-08-24 15:32:39,706.75,2026-08-24,701.0,0.11,0.12,0.12,55369,767,0.2434,-0.0673,0.03358,-0.115,0.0208
2026-08-24 15:32:39,706.75,2026-08-24,702.0,0.12,0.13,0.13,107080,612,0.2145,-0.0804,0.04365,-0.125,0.0238
2026-08-24 15:32:39,706.75,2026-08-24,703.0,0.23,0.24,0.25,149297,508,0.2156,-0.1351,0.06322,-0.235,0.0346
2026-08-24 15:32:39,706.75,2026-08-24,704.0,0.31,0.32,0.32,135151,715,0.1949,-0.1852,0.08598,-0.315,0.0426
2026-08-24 15:32:39,706.75,2026-08-24,705.0,0.5,0.55,0.56,167663,3566,0.1905,-0.2789,0.11067,-0.525,0.0536
2026-08-24 15:32:39,706.75,2026-08-24,706.0,0.83,0.84,0.84,87632,543,0.1857,-0.3965,0.13019,-0.835,0.0614
2026-08-24 15:32:39,706.75,2026-08-24,707.0,1.21,1.26,1.31,48457,728,0.1756,-0.5319,0.14212,-0.99,0.0634
2026-08-24 15:32:39,706.75,2026-08-24,708.0,1.8,1.82,1.86,15818,981,0.1707,-0.6735,0.13254,-0.565,0.0575
2026-08-24 15:32:39,706.75,2026-08-24,709.0,2.48,2.58,2.58,11208,547,0.167,-0.798,0.10582,-0.285,0.0449
2026-08-24 15:32:39,706.75,2026-08-24,710.0,3.34,3.43,3.61,16907,1760,0.1699,-0.8825,0.07275,-0.14,0.0314
2026-08-24 15:32:39,706.75,2026-08-24,711.0,4.21,4.4,4.27,2067,1691,0.1729,-0.9368,0.04502,-0.06,0.0198
2026-08-24 15:32:39,706.75,2026-08-24,712.0,5.03,5.39,5.81,2279,1281,,,,,
2026-08-24 15:32:39,706.75,2026-08-24,713.0,6.04,6.49,6.43,1756,792,0.2042,-0.9715,0.02003,-0.02,0.0104
2026-08-24 15:32:39,706.75,2026-08-24,714.0,6.94,7.48,7.28,672,971,,,,,
2026-08-24 15:32:39,706.75,2026-08-24,715.0,7.69,8.4,9.5,542,1994,,,,,
2026-08-24 15:32:39,706.75,2026-08-24,716.0,8.86,9.66,10.32,326,1999,0.277,-0.9809,0.01053,-0.015,0.0074
2026-08-24 15:32:39,706.75,2026-08-24,717.0,9.93,10.37,11.88,119,1410,,,,,
2026-08-24 15:32:39,706.75,2026-08-24,718.0,11.05,11.46,12.28,142,1084,0.319,-0.9856,0.00717,-0.01,0.0058
2026-08-24 15:32:39,706.75,2026-08-24,719.0,11.64,13.18,14.02,117,871,0.4771,-0.944,0.01485,-0.165,0.018
2026-08-24 15:32:39,706.75,2026-08-24,720.0,12.89,13.73,14.07,301,2546,0.4363,-0.9699,0.0098,-0.065,0.0109
2026-08-24 15:32:39,706.75,2026-08-24,721.0,13.85,15.54,15.77,47,552,0.6679,-0.9059,0.01577,-0.45,0.0268
2026-08-24 15:33:42,707.0,2026-08-24,692.0,0.01,0.02,0.02,4388,486,0.3914,-0.0073,0.00326,-0.015,0.0032
2026-08-24 15:33:42,707.0,2026-08-24,693.0,0.03,0.04,0.03,3822,555,0.411,-0.015,0.0058,-0.035,0.006
2026-08-24 15:33:42,707.0,2026-08-24,694.0,0.04,0.05,0.04,9850,2610,0.3999,-0.0193,0.00738,-0.045,0.0075
2026-08-24 15:33:42,707.0,2026-08-24,695.0,0.01,0.05,0.02,14685,999,0.3518,-0.0151,0.00679,-0.03,0.006
2026-08-24 15:33:42,707.0,2026-08-24,696.0,0.01,0.02,0.05,9512,642,0.2973,-0.0094,0.00533,-0.015,0.004
2026-08-24 15:33:42,707.0,2026-08-24,697.0,0.05,0.06,0.05,15757,758,0.3304,-0.0273,0.01196,-0.055,0.01
2026-08-24 15:33:42,707.0,2026-08-24,698.0,0.02,0.07,0.03,26105,556,0.2926,-0.0255,0.01275,-0.045,0.0094
2026-08-24 15:33:42,707.0,2026-08-24,699.0,0.07,0.08,0.08,26847,438,0.2901,-0.0401,0.01871,-0.075,0.0137
2026-08-24 15:33:42,707.0,2026-08-24,700.0,0.04,0.05,0.09,82109,3691,0.2371,-0.0306,0.01836,-0.045,0.011
2026-08-24 15:33:42,707.0,2026-08-24,701.0,0.11,0.12,0.12,55453,767,0.2518,-0.0655,0.03183,-0.115,0.0203
2026-08-24 15:33:42,707.0,2026-08-24,702.0,0.11,0.12,0.16,107179,612,0.2188,-0.0738,0.04016,-0.115,0.0223
2026-08-24 15:33:42,707.0,2026-08-24,703.0,0.18,0.19,0.19,149600,508,0.21,-0.1136,0.0576,-0.185,0.0306
2026-08-24 15:33:42,707.0,2026-08-24,704.0,0.3,0.31,0.31,136226,715,0.2034,-0.1747,0.07954,-0.305,0.041
2026-08-24 15:33:42,707.0,2026-08-24,705.0,0.48,0.53,0.53,168848,3566,0.1996,-0.2619,0.10248,-0.505,0.0518
2026-08-24 15:33:42,707.0,2026-08-24,706.0,0.76,0.81,0.81,88263,543,0.1933,-0.3698,0.12271,-0.785,0.0601
2026-08-24 15:33:42,707.0,2026-08-24,707.0,1.2,1.21,1.22,48503,728,0.191,-0.4971,0.13124,-1.205,0.0635
2026-08-24 15:33:42,707.0,2026-08-24,708.0,1.74,1.76,1.76,15863,981,0.1879,-0.6281,0.12648,-0.75,0.0602
2026-08-24 15:33:42,707.0,2026-08-24,709.0,2.37,2.46,2.59,11208,547,0.183,-0.7513,0.10884,-0.415,0.0504
2026-08-24 15:33:42,707.0,2026-08-24,710.0,3.21,3.28,3.48,16926,1760,0.1902,-0.8369,0.0814,-0.245,0.0392
2026-08-24 15:33:42,707.0,2026-08-24,711.0,4.13,4.29,4.27,2067,1691,0.2202,-0.871,0.06003,-0.21,0.0335
2026-08-24 15:33:42,707.0,2026-08-24,712.0,4.98,5.33,5.81,2279,1281,0.2386,-0.9041,0.04481,-0.155,0.0271
2026-08-24 15:33:42,707.0,2026-08-24,713.0,5.94,6.27,6.43,1757,792,0.2514,-0.9315,0.03302,-0.105,0.021
2026-08-24 15:33:42,707.0,2026-08-24,714.0,6.82,7.14,7.28,672,971,,,,,
2026-08-24 15:33:42,707.0,2026-08-24,715.0,7.74,8.18,9.5,542,1994,,,,,
2026-08-24 15:33:42,707.0,2026-08-24,716.0,8.87,9.39,10.32,326,1999,0.3589,-0.9405,0.02072,-0.13,0.0188
2026-08-24 15:33:42,707.0,2026-08-24,717.0,9.83,10.56,11.88,119,1410,0.4227,-0.9291,0.02016,-0.195,0.0216
2026-08-24 15:33:42,707.0,2026-08-24,718.0,10.9,11.31,12.28,142,1084,0.4045,-0.9543,0.01489,-0.105,0.0153
2026-08-24 15:33:42,707.0,2026-08-24,719.0,11.77,13.04,14.02,117,871,0.5748,-0.9019,0.01891,-0.405,0.0275
2026-08-24 15:33:42,707.0,2026-08-24,720.0,12.84,13.91,14.07,301,2546,0.5979,-0.9108,0.01696,-0.375,0.0257
2026-08-24 15:33:42,707.0,2026-08-24,721.0,13.56,15.95,15.77,47,552,0.7614,-0.8717,0.0173,-0.755,0.0334
2026-08-24 15:33:42,707.0,2026-08-24,722.0,14.02,16.75,16.59,23,486,0.669,-0.917,0.01436,-0.385,0.0243
2026-08-24 15:34:43,707.0,2026-08-24,692.0,0.01,0.02,0.02,4388,486,0.3921,-0.0073,0.00326,-0.015,0.0032
2026-08-24 15:34:43,707.0,2026-08-24,693.0,0.03,0.04,0.03,3842,555,0.4118,-0.015,0.0058,-0.035,0.006
2026-08-24 15:34:43,707.0,2026-08-24,694.0,0.04,0.05,0.04,9870,2610,0.4007,-0.0193,0.00738,-0.045,0.0075
2026-08-24 15:34:43,707.0,2026-08-24,695.0,0.01,0.05,0.02,14685,999,0.3525,-0.0151,0.00679,-0.03,0.006
2026-08-24 15:34:43,707.0,2026-08-24,696.0,0.04,0.05,0.04,9513,642,0.3474,-0.0219,0.00948,-0.045,0.0083
2026-08-24 15:34:43,707.0,2026-08-24,697.0,0.05,0.06,0.06,15787,758,0.331,-0.0273,0.01196,-0.055,0.01
2026-08-24 15:34:43,707.0,2026-08-24,698.0,0.05,0.06,0.07,26128,556,0.3031,-0.0295,0.01394,-0.055,0.0107
2026-08-24 15:34:43,707.0,2026-08-24,699.0,0.06,0.07,0.08,26867,438,0.2831,-0.0363,0.01769,-0.065,0.0126
2026-08-24 15:34:43,707.0,2026-08-24,700.0,0.08,0.09,0.09,82187,3691,0.2673,-0.0481,0.02355,-0.085,0.0159
2026-08-24 15:34:43,707.0,2026-08-24,701.0,0.1,0.11,0.11,55495,767,0.2473,-0.0617,0.03099,-0.105,0.0193
2026-08-24 15:34:43,707.0,2026-08-24,702.0,0.1,0.11,0.15,107480,612,0.2146,-0.0696,0.03921,-0.105,0.0212
2026-08-24 15:34:43,707.0,2026-08-24,703.0,0.16,0.21,0.21,149792,508,0.2104,-0.1136,0.0576,-0.185,0.0306
2026-08-24 15:34:43,707.0,2026-08-24,704.0,0.31,0.32,0.28,136898,715,0.2062,-0.1775,0.07941,-0.315,0.0413
2026-08-24 15:34:43,707.0,2026-08-24,705.0,0.44,0.49,0.45,169670,3566,0.1922,-0.2536,0.10488,-0.465,0.0509
2026-08-24 15:34:43,707.0,2026-08-24,706.0,0.7,0.75,0.75,88571,543,0.1836,-0.363,0.12863,-0.725,0.0596
2026-08-24 15:34:43,707.0,2026-08-24,707.0,1.09,1.1,1.14,48685,728,0.174,-0.497,0.14433,-1.095,0.0634
2026-08-24 15:34:43,707.0,2026-08-24,708.0,1.6,1.63,1.66,15916,981,0.1656,-0.6451,0.14152,-0.615,0.0591
2026-08-24 15:34:43,707.0,2026-08-24,709.0,2.3,2.36,2.59,11209,547,0.166,-0.7733,0.11423,-0.33,0.0478
2026-08-24 15:34:43,707.0,2026-08-24,710.0,3.06,3.14,3.26,16933,1760,0.1481,-0.8969,0.07626,-0.1,0.0285
2026-08-24 15:34:43,707.0,2026-08-24,711.0,4,4.04,4.22,2073,1691,0.1419,-0.9609,0.03754,-0.02,0.0134
2026-08-24 15:34:43,707.0,2026-08-24,712.0,4.78,5.03,5.15,2283,1281,,,,,
2026-08-24 15:34:43,707.0,2026-08-24,713.0,5.87,6.05,6.18,1758,792,,,,,
2026-08-24 15:34:43,707.0,2026-08-24,714.0,6.78,7.2,7.28,672,971,0.1747,-0.9938,0.00627,0.01,0.0028
2026-08-24 15:34:43,707.0,2026-08-24,715.0,7.64,8.29,9.5,542,1994,,,,,
2026-08-24 15:34:43,707.0,2026-08-24,716.0,8.56,9.64,9.38,336,1999,0.3426,-0.9492,0.0192,-0.1,0.0166
2026-08-24 15:34:43,707.0,2026-08-24,717.0,9.86,10.38,11.88,119,1410,0.3847,-0.9472,0.01763,-0.12,0.0171
2026-08-24 15:34:43,707.0,2026-08-24,718.0,10.57,11.45,12.28,142,1084,0.314,-0.9854,0.0074,-0.01,0.0059
2026-08-24 15:34:43,707.0,2026-08-24,719.0,11.8,12.88,14.02,117,871,0.5513,-0.9116,0.01829,-0.34,0.0254
2026-08-24 15:34:43,707.0,2026-08-24,720.0,12.74,13.81,13.79,306,2546,0.5572,-0.9261,0.01581,-0.275,0.0222
2026-08-24 15:34:43,707.0,2026-08-24,721.0,13.42,14.9,14.76,51,552,0.5288,-0.9498,0.01232,-0.16,0.0164
2026-08-24 15:34:43,707.0,2026-08-24,722.0,14.61,15.5,15.3,24,486,0.4746,-0.9751,0.00773,-0.055,0.0093
2026-08-24 15:35:44,707.28,2026-08-24,693.0,0.03,0.04,0.03,3842,555,0.4196,-0.0148,0.00563,-0.035,0.0059
2026-08-24 15:35:44,707.28,2026-08-24,694.0,0.01,0.05,0.04,9890,2610,0.3855,-0.0139,0.00581,-0.03,0.0056
2026-08-24 15:35:44,707.28,2026-08-24,695.0,0.01,0.02,0.03,14690,999,0.3288,-0.0086,0.00448,-0.015,0.0037
2026-08-24 15:35:44,707.28,2026-08-24,696.0,0.01,0.05,0.04,9514,642,0.3346,-0.0158,0.00746,-0.03,0.0063
2026-08-24 15:35:44,707.28,2026-08-24,697.0,0.05,0.06,0.06,15829,758,0.3393,-0.0267,0.01149,-0.055,0.0098
2026-08-24 15:35:44,707.28,2026-08-24,698.0,0.05,0.06,0.06,26131,556,0.3114,-0.0288,0.01333,-0.055,0.0104
2026-08-24 15:35:44,707.28,2026-08-24,699.0,0.06,0.07,0.07,26971,438,0.2917,-0.0354,0.01685,-0.065,0.0124
2026-08-24 15:35:44,707.28,2026-08-24,700.0,0.04,0.05,0.05,82781,3691,0.2458,-0.0298,0.01735,-0.045,0.0107
2026-08-24 15:35:44,707.28,2026-08-24,701.0,0.1,0.11,0.11,55504,767,0.2567,-0.0598,0.02919,-0.105,0.0188
2026-08-24 15:35:44,707.28,2026-08-24,702.0,0.13,0.14,0.14,107739,612,0.2378,-0.079,0.03904,-0.135,0.0234
2026-08-24 15:35:44,707.28,2026-08-24,703.0,0.19,0.2,0.2,150302,508,0.2245,-0.1126,0.05372,-0.195,0.0303
2026-08-24 15:35:44,707.28,2026-08-24,704.0,0.25,0.26,0.3,139531,715,0.2031,-0.152,0.07304,-0.255,0.0373
2026-08-24 15:35:44,707.28,2026-08-24,705.0,0.4,0.45,0.45,171751,3566,0.1982,-0.2316,0.09698,-0.425,0.0483
2026-08-24 15:35:44,707.28,2026-08-24,706.0,0.65,0.66,0.67,89210,543,0.1886,-0.3316,0.12129,-0.655,0.0575
2026-08-24 15:35:44,707.28,2026-08-24,707.0,1.05,1.06,1.03,48773,728,0.1892,-0.46,0.13228,-1.055,0.063
2026-08-24 15:35:44,707.28,2026-08-24,708.0,1.54,1.56,1.58,15974,981,0.1839,-0.5946,0.13295,-0.83,0.0615
2026-08-24 15:35:44,707.28,2026-08-24,709.0,2.2,2.23,2.24,11213,547,0.1848,-0.7187,0.11513,-0.495,0.0535
2026-08-24 15:35:44,707.28,2026-08-24,710.0,2.97,3.01,3.14,16936,1760,0.1852,-0.8204,0.0892,-0.27,0.0416
2026-08-24 15:35:44,707.28,2026-08-24,711.0,3.79,4.01,4.13,2075,1691,0.2012,-0.8762,0.06411,-0.18,0.0324
2026-08-24 15:35:44,707.28,2026-08-24,712.0,4.73,5.03,5,2299,1281,0.2313,-0.899,0.0482,-0.16,0.028
2026-08-24 15:35:44,707.28,2026-08-24,713.0,5.75,5.87,6.18,1758,792,0.2359,-0.9353,0.03379,-0.09,0.02
2026-08-24 15:35:44,707.28,2026-08-24,714.0,6.57,7.1,7.28,672,971,0.2802,-0.933,0.02922,-0.115,0.0206
2026-08-24 15:35:44,707.28,2026-08-24,715.0,7.59,7.95,7.87,545,1994,0.2718,-0.962,0.01917,-0.05,0.0131
2026-08-24 15:35:44,707.28,2026-08-24,716.0,8.38,9.1,9.38,336,1999,0.271,-0.9778,0.01232,-0.02,0.0084
2026-08-24 15:35:44,707.28,2026-08-24,717.0,9.61,10.27,11.88,119,1410,0.4262,-0.9224,0.0215,-0.22,0.023
2026-08-24 15:35:44,707.28,2026-08-24,718.0,10.78,11.47,12.28,142,1084,0.5316,-0.8951,0.02155,-0.405,0.0288
2026-08-24 15:35:44,707.28,2026-08-24,719.0,11.76,12.99,14.02,117,871,0.6481,-0.8691,0.02068,-0.655,0.0337
2026-08-24 15:35:44,707.28,2026-08-24,720.0,12.67,13.85,13.85,308,2546,0.6491,-0.888,0.0185,-0.54,0.0302
2026-08-24 15:35:44,707.28,2026-08-24,721.0,13.37,15.57,14.76,51,552,0.7519,-0.8707,0.01767,-0.75,0.0334
2026-08-24 15:35:44,707.28,2026-08-24,722.0,14.39,15.6,15.3,24,486,0.6134,-0.9318,0.01353,-0.275,0.0209
2026-08-24 15:36:44,707.18,2026-08-24,693.0,0.01,0.02,0.03,3842,555,0.3744,-0.0077,0.00356,-0.015,0.0033
2026-08-24 15:36:44,707.18,2026-08-24,694.0,0.04,0.05,0.04,9915,2610,0.407,-0.0191,0.00722,-0.045,0.0074
2026-08-24 15:36:44,707.18,2026-08-24,695.0,0.01,0.02,0.04,14759,999,0.3272,-0.0087,0.00454,-0.015,0.0037
2026-08-24 15:36:44,707.18,2026-08-24,696.0,0.01,0.02,0.05,9514,642,0.3034,-0.0093,0.0052,-0.015,0.0039
2026-08-24 15:36:44,707.18,2026-08-24,697.0,0.05,0.06,0.05,15833,758,0.3374,-0.0269,0.01165,-0.055,0.0098
2026-08-24 15:36:44,707.18,2026-08-24,698.0,0.05,0.06,0.06,26214,556,0.3094,-0.0291,0.01353,-0.055,0.0105
2026-08-24 15:36:44,707.18,2026-08-24,699.0,0.06,0.07,0.07,26998,438,0.2895,-0.0357,0.01713,-0.065,0.0124
2026-08-24 15:36:44,707.18,2026-08-24,700.0,0.04,0.05,0.09,82875,3691,0.2436,-0.0301,0.01768,-0.045,0.0108
2026-08-24 15:36:44,707.18,2026-08-24,701.0,0.1,0.11,0.11,55673,767,0.2541,-0.0604,0.02978,-0.105,0.019
2026-08-24 15:36:44,707.18,2026-08-24,702.0,0.13,0.14,0.14,108186,612,0.235,-0.0799,0.03993,-0.135,0.0235
2026-08-24 15:36:44,707.18,2026-08-24,703.0,0.15,0.2,0.2,150873,508,0.2147,-0.1071,0.05428,-0.175,0.0292
2026-08-24 15:36:44,707.18,2026-08-24,704.0,0.29,0.3,0.3,141463,715,0.21,-0.1666,0.07518,-0.295,0.0395
2026-08-24 15:36:44,707.18,2026-08-24,705.0,0.45,0.46,0.46,174484,3566,0.2001,-0.2426,0.09873,-0.455,0.0495
2026-08-24 15:36:44,707.18,2026-08-24,706.0,0.66,0.71,0.72,89639,543,0.1886,-0.3429,0.12313,-0.685,0.0582
2026-08-24 15:36:44,707.18,2026-08-24,707.0,1.08,1.09,1.12,48938,728,0.1873,-0.4722,0.13426,-1.085,0.063
2026-08-24 15:36:44,707.18,2026-08-24,708.0,1.54,1.56,1.64,16020,981,0.1748,-0.6129,0.13838,-0.735,0.0606
2026-08-24 15:36:44,707.18,2026-08-24,709.0,2.23,2.26,2.33,11224,547,0.1777,-0.738,0.11581,-0.43,0.0515
2026-08-24 15:36:44,707.18,2026-08-24,710.0,2.95,3.15,3.17,16939,1760,0.1809,-0.8349,0.08672,-0.235,0.0393
2026-08-24 15:36:44,707.18,2026-08-24,711.0,3.81,4.08,4.14,2076,1691,0.1886,-0.8975,0.05986,-0.13,0.0283
2026-08-24 15:36:44,707.18,2026-08-24,712.0,4.7,4.91,5,2299,1281,0.1256,-0.9919,0.01115,0.01,0.0035
2026-08-24 15:36:44,707.18,2026-08-24,713.0,5.64,6.03,5.92,1763,792,0.1936,-0.9701,0.02212,-0.02,0.0107
2026-08-24 15:36:44,707.18,2026-08-24,714.0,6.62,6.91,7.28,672,971,,,,,
2026-08-24 15:36:44,707.18,2026-08-24,715.0,7.68,8.029,7.87,545,1994,0.2666,-0.9668,0.01754,-0.0395,0.0117
2026-08-24 15:36:44,707.18,2026-08-24,716.0,8.46,9.23,9.28,337,1999,0.2851,-0.9735,0.0136,-0.03,0.0097
2026-08-24 15:36:44,707.18,2026-08-24,717.0,9.42,10.21,11.88,119,1410,0.267,-0.9893,0.0067,0.0,0.0045
2026-08-24 15:36:44,707.18,2026-08-24,718.0,10.7,11.46,12.28,142,1084,0.4827,-0.9189,0.01967,-0.265,0.0238
2026-08-24 15:36:44,707.18,2026-08-24,719.0,11.59,12.56,13.07,118,871,0.5137,-0.9242,0.01756,-0.26,0.0226
2026-08-24 15:36:44,707.18,2026-08-24,720.0,12.36,14.27,13.85,308,2546,0.6404,-0.8933,0.01815,-0.5,0.0291
2026-08-24 15:36:44,707.18,2026-08-24,721.0,13.31,14.38,14.76,51,552,0.4154,-0.981,0.00706,-0.03,0.0073
2026-08-24 15:36:44,707.18,2026-08-24,722.0,14.72,14.76,15.3,24,486,,,,,
2026-08-24 15:37:45,707.6,2026-08-24,693.0,0.03,0.04,0.03,3842,555,0.429,-0.0146,0.00544,-0.035,0.0058
2026-08-24 15:37:45,707.6,2026-08-24,694.0,0.04,0.05,0.04,10115,2610,0.4184,-0.0186,0.0069,-0.045,0.0072
2026-08-24 15:37:45,707.6,2026-08-24,695.0,0.01,0.02,0.04,14759,999,0.3374,-0.0084,0.0043,-0.015,0.0036
2026-08-24 15:37:45,707.6,2026-08-24,696.0,0.01,0.02,0.05,9514,642,0.3136,-0.009,0.00491,-0.015,0.0038
2026-08-24 15:37:45,707.6,2026-08-24,697.0,0.01,0.06,0.02,15846,758,0.3254,-0.0187,0.00887,-0.035,0.0072
2026-08-24 15:37:45,707.6,2026-08-24,698.0,0.05,0.06,0.06,26217,556,0.3213,-0.0281,0.0127,-0.055,0.0102
2026-08-24 15:37:45,707.6,2026-08-24,699.0,0.06,0.07,0.07,27040,438,0.3018,-0.0344,0.01598,-0.065,0.012
2026-08-24 15:37:45,707.6,2026-08-24,700.0,0.08,0.09,0.09,83108,3691,0.2869,-0.0454,0.02107,-0.085,0.0151
2026-08-24 15:37:45,707.6,2026-08-24,701.0,0.1,0.11,0.07,55720,767,0.2676,-0.0579,0.02737,-0.105,0.0183
2026-08-24 15:37:45,707.6,2026-08-24,702.0,0.08,0.09,0.09,108303,612,0.2247,-0.0561,0.03182,-0.085,0.0179
2026-08-24 15:37:45,707.6,2026-08-24,703.0,0.17,0.18,0.18,151337,508,0.23,-0.1012,0.04869,-0.175,0.028
2026-08-24 15:37:45,707.6,2026-08-24,704.0,0.22,0.27,0.27,142260,715,0.2138,-0.1416,0.06636,-0.245,0.0354
2026-08-24 15:37:45,707.6,2026-08-24,705.0,0.41,0.42,0.42,175395,3566,0.2118,-0.2166,0.08768,-0.415,0.0464
2026-08-24 15:37:45,707.6,2026-08-24,706.0,0.63,0.64,0.64,90027,543,0.2036,-0.3074,0.10922,-0.635,0.0556
2026-08-24 15:37:45,707.6,2026-08-24,707.0,0.97,0.98,0.98,49053,728,0.1994,-0.4223,0.1242,-0.975,0.0619
2026-08-24 15:37:45,707.6,2026-08-24,708.0,1.42,1.47,1.47,16090,981,0.1967,-0.549,0.12738,-1.04,0.0626
2026-08-24 15:37:45,707.6,2026-08-24,709.0,2.05,2.09,1.96,11260,547,0.1988,-0.6699,0.11528,-0.665,0.0572
2026-08-24 15:37:45,707.6,2026-08-24,710.0,2.78,2.82,2.83,16946,1760,0.1996,-0.7745,0.09516,-0.395,0.0475
2026-08-24 15:37:45,707.6,2026-08-24,711.0,3.66,3.79,3.93,2080,1691,0.2273,-0.826,0.07147,-0.32,0.0406
2026-08-24 15:37:45,707.6,2026-08-24,712.0,4.49,4.68,5,2299,1281,0.2275,-0.8878,0.05306,-0.18,0.0302
2026-08-24 15:37:45,707.6,2026-08-24,713.0,5.35,5.6,5.87,1764,792,0.2162,-0.9417,0.0341,-0.07,0.0184
2026-08-24 15:37:45,707.6,2026-08-24,714.0,6.26,6.79,6.89,673,971,0.2733,-0.9292,0.03137,-0.12,0.0214
2026-08-24 15:37:45,707.6,2026-08-24,715.0,7.48,7.64,7.87,545,1994,0.3222,-0.9251,0.02778,-0.155,0.0224
2026-08-24 15:37:45,707.6,2026-08-24,716.0,8.24,9.05,9.28,337,1999,0.3913,-0.9105,0.02614,-0.24,0.0256
2026-08-24 15:37:45,707.6,2026-08-24,717.0,9.44,10.09,11.88,119,1410,0.4705,-0.8942,0.02459,-0.36,0.0289
2026-08-24 15:37:45,707.6,2026-08-24,718.0,10.3,11.34,12.28,142,1084,0.5255,-0.8918,0.02238,-0.415,0.0294
2026-08-24 15:37:45,707.6,2026-08-24,719.0,11.26,12.25,13.07,118,871,0.5374,-0.9073,0.01954,-0.35,0.0262
2026-08-24 15:37:45,707.6,2026-08-24,720.0,12.5,13.17,13.85,308,2546,0.602,-0.9005,0.01838,-0.43,0.0276
2026-08-24 15:37:45,707.6,2026-08-24,721.0,13.08,14.26,14.76,51,552,0.5685,-0.9292,0.01507,-0.265,0.0214
2026-08-24 15:37:45,707.6,2026-08-24,722.0,14.04,15.13,15.3,24,486,0.5555,-0.947,0.01231,-0.18,0.0171
2026-08-24 15:38:48,707.44,2026-08-24,693.0,0.01,0.02,0.03,3842,555,0.3818,-0.0076,0.00346,-0.015,0.0033
2026-08-24 15:38:48,707.44,2026-08-24,694.0,0.01,0.04,0.02,10117,2610,0.3822,-0.012,0.00517,-0.025,0.0049
2026-08-24 15:38:48,707.44,2026-08-24,695.0,0.01,0.02,0.03,14762,999,0.3345,-0.0085,0.00439,-0.015,0.0037
2026-08-24 15:38:48,707.44,2026-08-24,696.0,0.04,0.05,0.04,9516,642,0.3617,-0.0213,0.00894,-0.045,0.008
2026-08-24 15:38:48,707.44,2026-08-24,697.0,0.01,0.02,0.05,15872,758,0.2865,-0.0098,0.00579,-0.015,0.0041
2026-08-24 15:38:48,707.44,2026-08-24,698.0,0.05,0.06,0.06,26239,556,0.3177,-0.0285,0.01301,-0.055,0.0103
2026-08-24 15:38:48,707.44,2026-08-24,699.0,0.06,0.07,0.07,27131,438,0.298,-0.0349,0.0164,-0.065,0.0122
2026-08-24 15:38:48,707.44,2026-08-24,700.0,0.07,0.08,0.04,83325,3691,0.276,-0.0422,0.0207,-0.075,0.0142
2026-08-24 15:38:48,707.44,2026-08-24,701.0,0.05,0.06,0.1,55830,767,0.2314,-0.0376,0.02245,-0.055,0.0129
2026-08-24 15:38:48,707.44,2026-08-24,702.0,0.08,0.13,0.13,108745,612,0.2307,-0.0658,0.03519,-0.105,0.0202
2026-08-24 15:38:48,707.44,2026-08-24,703.0,0.17,0.18,0.18,152476,508,0.2249,-0.1033,0.05069,-0.175,0.0283
2026-08-24 15:38:48,707.44,2026-08-24,704.0,0.25,0.26,0.26,143520,715,0.2108,-0.1482,0.06957,-0.255,0.0365
2026-08-24 15:38:48,707.44,2026-08-24,705.0,0.39,0.4,0.4,177546,3566,0.2006,-0.2178,0.09306,-0.395,0.0464
2026-08-24 15:38:48,707.44,2026-08-24,706.0,0.57,0.62,0.62,90687,543,0.1882,-0.3111,0.11904,-0.595,0.0557
2026-08-24 15:38:48,707.44,2026-08-24,707.0,0.9,0.96,0.96,49347,728,0.1818,-0.4361,0.13739,-0.93,0.0621
2026-08-24 15:38:48,707.44,2026-08-24,708.0,1.42,1.43,1.47,16177,981,0.1798,-0.5754,0.13816,-0.865,0.0618
2026-08-24 15:38:48,707.44,2026-08-24,709.0,2.05,2.07,2.07,11283,547,0.1782,-0.7078,0.12221,-0.5,0.0542
2026-08-24 15:38:48,707.44,2026-08-24,710.0,2.84,2.85,2.91,16961,1760,0.1828,-0.8103,0.09403,-0.285,0.0427
2026-08-24 15:38:48,707.44,2026-08-24,711.0,3.56,3.73,3.79,2082,1691,0.1632,-0.915,0.06047,-0.085,0.0245
2026-08-24 15:38:48,707.44,2026-08-24,712.0,4.43,4.65,5,2299,1281,,,,,
2026-08-24 15:38:48,707.44,2026-08-24,713.0,5.38,5.73,5.87,1764,792,0.1553,-0.9879,0.01285,0.005,0.005
2026-08-24 15:38:48,707.44,2026-08-24,714.0,6.48,6.65,6.89,673,971,0.1969,-0.982,0.01428,-0.005,0.007
2026-08-24 15:38:48,707.44,2026-08-24,715.0,7.32,7.79,7.87,545,1994,0.2028,-0.9905,0.008,0.005,0.004
2026-08-24 15:38:48,707.44,2026-08-24,716.0,8.26,9.24,9.28,337,1999,0.3767,-0.923,0.02431,-0.19,0.0228
2026-08-24 15:38:48,707.44,2026-08-24,717.0,9.49,9.99,11.88,119,1410,0.405,-0.9305,0.0209,-0.18,0.0211
2026-08-24 15:38:48,707.44,2026-08-24,718.0,10.4,11.08,11.22,143,1084,0.4372,-0.9349,0.01842,-0.18,0.02
2026-08-24 15:38:48,707.44,2026-08-24,719.0,11.2,12.14,13.07,118,871,0.4279,-0.9547,0.01412,-0.11,0.015
2026-08-24 15:38:48,707.44,2026-08-24,720.0,12.06,13.4,13.85,308,2546,0.4946,-0.9439,0.01448,-0.17,0.0178
2026-08-24 15:38:48,707.44,2026-08-24,721.0,13.5,14.17,14.76,51,552,0.5794,-0.9281,0.015,-0.275,0.0216
2026-08-24 15:38:48,707.44,2026-08-24,722.0,14.28,15.02,15.3,24,486,0.4991,-0.9659,0.00961,-0.09,0.0119
2026-08-24 15:39:49,707.73,2026-08-24,693.0,0.01,0.02,0.02,3861,555,0.3892,-0.0074,0.00335,-0.015,0.0032
2026-08-24 15:39:49,707.73,2026-08-24,694.0,0.03,0.04,0.03,10129,2610,0.4084,-0.0153,0.00598,-0.035,0.0061
2026-08-24 15:39:49,707.73,2026-08-24,695.0,0.01,0.05,0.03,14842,999,0.3742,-0.0144,0.0062,-0.03,0.0058
2026-08-24 15:39:49,707.73,2026-08-24,696.0,0.01,0.05,0.04,9526,642,0.3486,-0.0153,0.00703,-0.03,0.0061
2026-08-24 15:39:49,707.73,2026-08-24,697.0,0.04,0.05,0.04,15932,758,0.3431,-0.0223,0.00983,-0.045,0.0084
2026-08-24 15:39:49,707.73,2026-08-24,698.0,0.01,0.02,0.04,26306,556,0.2698,-0.0104,0.00647,-0.015,0.0043
2026-08-24 15:39:49,707.73,2026-08-24,699.0,0.02,0.07,0.07,27251,438,0.2882,-0.026,0.01333,-0.045,0.0095
2026-08-24 15:39:49,707.73,2026-08-24,700.0,0.03,0.08,0.08,83635,3691,0.2694,-0.033,0.01734,-0.055,0.0116
2026-08-24 15:39:49,707.73,2026-08-24,701.0,0.05,0.06,0.06,55974,767,0.2403,-0.0364,0.0211,-0.055,0.0126
2026-08-24 15:39:49,707.73,2026-08-24,702.0,0.07,0.12,0.12,109020,612,0.2354,-0.0595,0.03193,-0.095,0.0186
2026-08-24 15:39:49,707.73,2026-08-24,703.0,0.16,0.17,0.17,154070,508,0.2321,-0.0959,0.04657,-0.165,0.0268
2026-08-24 15:39:49,707.73,2026-08-24,704.0,0.23,0.24,0.24,144950,715,0.2172,-0.1356,0.06367,-0.235,0.0343
2026-08-24 15:39:49,707.73,2026-08-24,705.0,0.31,0.32,0.32,179556,3566,0.1961,-0.186,0.08672,-0.315,0.0422
2026-08-24 15:39:49,707.73,2026-08-24,706.0,0.56,0.57,0.57,91557,543,0.199,-0.2878,0.10887,-0.565,0.0537
2026-08-24 15:39:49,707.73,2026-08-24,707.0,0.83,0.84,0.87,49531,728,0.1863,-0.3989,0.13157,-0.835,0.0608
2026-08-24 15:39:49,707.73,2026-08-24,708.0,1.31,1.33,1.27,16233,981,0.1891,-0.5333,0.13351,-1.05,0.0626
2026-08-24 15:39:49,707.73,2026-08-24,709.0,1.86,1.93,1.91,11327,547,0.1847,-0.6661,0.12511,-0.625,0.0573
2026-08-24 15:39:49,707.73,2026-08-24,710.0,2.62,2.66,2.64,16965,1760,0.1887,-0.7751,0.10093,-0.37,0.0472
2026-08-24 15:39:49,707.73,2026-08-24,711.0,3.41,3.44,3.69,2084,1691,0.1776,-0.8768,0.07286,-0.155,0.0321
2026-08-24 15:39:49,707.73,2026-08-24,712.0,4.38,4.52,5,2299,1281,0.2233,-0.8857,0.05496,-0.18,0.0304
2026-08-24 15:39:49,707.73,2026-08-24,713.0,5.24,5.42,5.69,1765,792,0.2071,-0.9455,0.03385,-0.06,0.0174
2026-08-24 15:39:49,707.73,2026-08-24,714.0,6.16,6.54,6.89,673,971,0.2496,-0.9431,0.02906,-0.08,0.018
2026-08-24 15:39:49,707.73,2026-08-24,715.0,7.15,7.35,7.66,570,1994,,,,,
2026-08-24 15:39:49,707.73,2026-08-24,716.0,8.14,9.05,9.28,337,1999,0.4191,-0.8923,0.02806,-0.325,0.0292
2026-08-24 15:39:49,707.73,2026-08-24,717.0,9.33,10.14,9.97,120,1410,0.5017,-0.8766,0.02582,-0.465,0.0321
2026-08-24 15:39:49,707.73,2026-08-24,718.0,10.23,10.97,11.22,143,1084,0.4922,-0.9046,0.02188,-0.33,0.0267
2026-08-24 15:39:49,707.73,2026-08-24,719.0,11.31,12.31,13.07,118,871,0.6003,-0.8799,0.02117,-0.54,0.0315
2026-08-24 15:39:49,707.73,2026-08-24,720.0,12.33,13.16,13.85,308,2546,0.6153,-0.8938,0.01892,-0.475,0.0289
2026-08-24 15:39:49,707.73,2026-08-24,721.0,13.35,13.9,14.76,51,552,0.6053,-0.9148,0.01635,-0.355,0.0245
2026-08-24 15:39:49,707.73,2026-08-24,722.0,13.99,14.79,15.3,24,486,0.5148,-0.9587,0.01092,-0.12,0.0139
2026-08-24 15:40:49,707.95,2026-08-24,693.0,0.01,0.02,0.02,3862,555,0.395,-0.0073,0.00327,-0.015,0.0032
2026-08-24 15:40:49,707.95,2026-08-24,694.0,0.03,0.04,0.02,10151,2610,0.4147,-0.0151,0.00584,-0.035,0.006
2026-08-24 15:40:49,707.95,2026-08-24,695.0,0.04,0.05,0.03,14937,999,0.4035,-0.0193,0.00742,-0.045,0.0074
2026-08-24 15:40:49,707.95,2026-08-24,696.0,0.01,0.05,0.02,9619,642,0.3549,-0.0151,0.00683,-0.03,0.006
2026-08-24 15:40:49,707.95,2026-08-24,697.0,0.04,0.05,0.04,15980,758,0.3496,-0.022,0.00954,-0.045,0.0082
2026-08-24 15:40:49,707.95,2026-08-24,698.0,0.05,0.06,0.05,26423,556,0.333,-0.0274,0.01205,-0.055,0.0099
2026-08-24 15:40:49,707.95,2026-08-24,699.0,0.02,0.03,0.06,27421,438,0.2694,-0.0164,0.00967,-0.025,0.0064
2026-08-24 15:40:49,707.95,2026-08-24,700.0,0.03,0.04,0.08,84320,3691,0.2562,-0.0232,0.01362,-0.035,0.0086
2026-08-24 15:40:49,707.95,2026-08-24,701.0,0.04,0.05,0.09,56236,767,0.2386,-0.0308,0.01855,-0.045,0.0109
2026-08-24 15:40:49,707.95,2026-08-24,702.0,0.11,0.12,0.12,110292,612,0.2533,-0.0659,0.03217,-0.115,0.0201
2026-08-24 15:40:49,707.95,2026-08-24,703.0,0.1,0.11,0.11,155253,508,0.2152,-0.07,0.03972,-0.105,0.0211
2026-08-24 15:40:49,707.95,2026-08-24,704.0,0.17,0.22,0.22,146556,715,0.2139,-0.118,0.0588,-0.195,0.0311
2026-08-24 15:40:49,707.95,2026-08-24,705.0,0.33,0.34,0.34,185801,3566,0.211,-0.1846,0.08036,-0.335,0.0419
2026-08-24 15:40:49,707.95,2026-08-24,706.0,0.51,0.52,0.52,92735,543,0.2014,-0.2664,0.10372,-0.515,0.0516
2026-08-24 15:40:49,707.95,2026-08-24,707.0,0.79,0.8,0.76,50241,728,0.1942,-0.3751,0.12421,-0.795,0.0596
2026-08-24 15:40:49,707.95,2026-08-24,708.0,1.15,1.2,1.21,16351,981,0.1845,-0.504,0.1375,-1.125,0.0627
2026-08-24 15:40:49,707.95,2026-08-24,709.0,1.74,1.76,1.78,11393,547,0.1848,-0.6383,0.12899,-0.7,0.0589
2026-08-24 15:40:49,707.95,2026-08-24,710.0,2.38,2.47,2.49,16975,1760,0.1795,-0.7637,0.10925,-0.375,0.0485
2026-08-24 15:40:49,707.95,2026-08-24,711.0,3.22,3.31,3.69,2084,1691,0.1866,-0.8486,0.07999,-0.215,0.0369
2026-08-24 15:40:49,707.95,2026-08-24,712.0,4.01,4.3,4.2,2301,1281,0.1887,-0.9121,0.05377,-0.105,0.0251
2026-08-24 15:40:49,707.95,2026-08-24,713.0,4.94,5.29,5.69,1765,792,0.2034,-0.9415,0.03655,-0.065,0.0184
2026-08-24 15:40:49,707.95,2026-08-24,714.0,5.92,6.06,6.89,673,971,,,,,
2026-08-24 15:40:49,707.95,2026-08-24,715.0,6.82,7.18,7.45,574,1994,,,,,
2026-08-24 15:40:49,707.95,2026-08-24,716.0,7.73,9.62,9.28,338,1999,0.5005,-0.8437,0.03045,-0.625,0.0377
2026-08-24 15:40:49,707.95,2026-08-24,717.0,9.02,10.3,9.97,120,1410,0.5367,-0.855,0.02701,-0.61,0.0358
2026-08-24 15:40:49,707.95,2026-08-24,718.0,9.88,10.96,11.22,143,1084,0.4998,-0.8967,0.02288,-0.37,0.0283
2026-08-24 15:40:49,707.95,2026-08-24,719.0,10.45,12.72,13.07,118,871,0.5915,-0.8792,0.02161,-0.535,0.0316
2026-08-24 15:40:49,707.95,2026-08-24,720.0,11.27,13.91,13.02,320,2546,0.6302,-0.8845,0.01966,-0.54,0.0306
2026-08-24 15:40:49,707.95,2026-08-24,721.0,12.31,15.12,14.76,51,552,0.7072,-0.8757,0.01844,-0.665,0.0322
2026-08-24 15:40:49,707.95,2026-08-24,722.0,12.5,16.07,15.3,24,486,0.5775,-0.9363,0.01375,-0.235,0.0196
2026-08-24 15:41:50,708.11,2026-08-24,694.0,0.01,0.02,0.02,10151,2610,0.3758,-0.0077,0.00359,-0.015,0.0033
2026-08-24 15:41:50,708.11,2026-08-24,695.0,0.01,0.04,0.03,15065,999,0.3758,-0.0122,0.00538,-0.025,0.005
2026-08-24 15:41:50,708.11,2026-08-24,696.0,0.04,0.05,0.03,9680,642,0.3816,-0.0204,0.00821,-0.045,0.0077
2026-08-24 15:41:50,708.11,2026-08-24,697.0,0.01,0.02,0.04,15980,758,0.3042,-0.0093,0.00525,-0.015,0.0039
2026-08-24 15:41:50,708.11,2026-08-24,698.0,0.05,0.06,0.05,26428,556,0.3381,-0.0271,0.01177,-0.055,0.0098
2026-08-24 15:41:50,708.11,2026-08-24,699.0,0.06,0.07,0.07,27477,438,0.319,-0.033,0.01471,-0.065,0.0116
2026-08-24 15:41:50,708.11,2026-08-24,700.0,0.03,0.04,0.08,84449,3691,0.261,-0.0228,0.01323,-0.035,0.0085
2026-08-24 15:41:50,708.11,2026-08-24,701.0,0.08,0.09,0.09,56521,767,0.2739,-0.0476,0.02306,-0.085,0.0156
2026-08-24 15:41:50,708.11,2026-08-24,702.0,0.06,0.07,0.11,110709,612,0.23,-0.0439,0.02575,-0.065,0.0146
2026-08-24 15:41:50,708.11,2026-08-24,703.0,0.09,0.1,0.14,155928,508,0.2159,-0.0642,0.03707,-0.095,0.0197
2026-08-24 15:41:50,708.11,2026-08-24,704.0,0.16,0.17,0.21,147373,715,0.2102,-0.1045,0.05493,-0.165,0.0284
2026-08-24 15:41:50,708.11,2026-08-24,705.0,0.27,0.28,0.28,187141,3566,0.2034,-0.1627,0.07706,-0.275,0.0386
2026-08-24 15:41:50,708.11,2026-08-24,706.0,0.44,0.49,0.48,94006,543,0.2001,-0.2482,0.10083,-0.465,0.0497
2026-08-24 15:41:50,708.11,2026-08-24,707.0,0.7,0.71,0.76,50777,728,0.1892,-0.3515,0.12496,-0.705,0.0582
2026-08-24 15:41:50,708.11,2026-08-24,708.0,1.09,1.1,1.14,16417,981,0.1847,-0.482,0.13748,-1.095,0.0625
2026-08-24 15:41:50,708.11,2026-08-24,709.0,1.62,1.69,1.69,11439,547,0.1861,-0.6169,0.13072,-0.765,0.0599
2026-08-24 15:41:50,708.11,2026-08-24,710.0,2.27,2.3,2.31,16976,1760,0.176,-0.7505,0.11494,-0.395,0.0498
2026-08-24 15:41:50,708.11,2026-08-24,711.0,3.07,3.11,3.69,2084,1691,0.1763,-0.8497,0.08439,-0.2,0.0366
2026-08-24 15:41:50,708.11,2026-08-24,712.0,3.94,4.15,4.2,2301,1281,0.2015,-0.8887,0.05996,-0.155,0.0298
2026-08-24 15:41:50,708.11,2026-08-24,713.0,4.88,4.98,5.69,1765,792,0.1838,-0.9537,0.03361,-0.04,0.0152
2026-08-24 15:41:50,708.11,2026-08-24,714.0,5.89,6.01,6.89,673,971,0.2269,-0.9495,0.02918,-0.06,0.0163
2026-08-24 15:41:50,708.11,2026-08-24,715.0,6.64,6.98,7.45,574,1994,,,,,
2026-08-24 15:41:50,708.11,2026-08-24,716.0,7.64,9.55,9.34,338,1999,0.5155,-0.832,0.03104,-0.705,0.0394
2026-08-24 15:41:50,708.11,2026-08-24,717.0,8.61,10.49,9.97,120,1410,0.5449,-0.8474,0.02758,-0.66,0.037
2026-08-24 15:41:50,708.11,2026-08-24,718.0,9.71,10.74,11.22,143,1084,0.4823,-0.9015,0.02293,-0.335,0.0272
2026-08-24 15:41:50,708.11,2026-08-24,719.0,10.5,12.69,13.07,118,871,0.6372,-0.8582,0.02245,-0.705,0.0352
2026-08-24 15:41:50,708.11,2026-08-24,720.0,11.22,12.3,13.02,320,2546,,,,,
2026-08-24 15:41:50,708.11,2026-08-24,721.0,12.35,14.26,14.76,51,552,0.6177,-0.9048,0.01746,-0.415,0.0266
2026-08-24 15:41:50,708.11,2026-08-24,722.0,12.79,15.83,15.3,24,486,0.6544,-0.9084,0.01603,-0.42,0.0258
2026-08-24 15:41:50,708.11,2026-08-24,723.0,13.28,16.96,19.16,53,216,0.6023,-0.9395,0.01268,-0.23,0.0188
2026-08-24 15:42:51,707.99,2026-08-24,693.0,0.01,0.02,0.02,3904,555,0.3974,-0.0073,0.00326,-0.015,0.0032
2026-08-24 15:42:51,707.99,2026-08-24,694.0,0.01,0.02,0.02,10152,2610,0.3737,-0.0077,0.00364,-0.015,0.0033
2026-08-24 15:42:51,707.99,2026-08-24,695.0,0.01,0.04,0.02,15109,999,0.3735,-0.0123,0.00546,-0.025,0.005
2026-08-24 15:42:51,707.99,2026-08-24,696.0,0.01,0.02,0.02,9684,642,0.3259,-0.0088,0.00466,-0.015,0.0037
2026-08-24 15:42:51,707.99,2026-08-24,697.0,0.01,0.02,0.04,16209,758,0.3018,-0.0094,0.00535,-0.015,0.004
2026-08-24 15:42:51,707.99,2026-08-24,698.0,0.05,0.06,0.04,26437,556,0.3353,-0.0273,0.01199,-0.055,0.0099
2026-08-24 15:42:51,707.99,2026-08-24,699.0,0.02,0.07,0.07,27486,438,0.2969,-0.0255,0.01278,-0.045,0.0093
2026-08-24 15:42:51,707.99,2026-08-24,700.0,0.07,0.08,0.08,84524,3691,0.2944,-0.0402,0.01876,-0.075,0.0135
2026-08-24 15:42:51,707.99,2026-08-24,701.0,0.08,0.09,0.09,56635,767,0.2706,-0.0482,0.02362,-0.085,0.0157
2026-08-24 15:42:51,707.99,2026-08-24,702.0,0.06,0.07,0.11,111313,612,0.2266,-0.0445,0.02649,-0.065,0.0147
2026-08-24 15:42:51,707.99,2026-08-24,703.0,0.14,0.15,0.15,156190,508,0.2347,-0.0857,0.0426,-0.145,0.0245
2026-08-24 15:42:51,707.99,2026-08-24,704.0,0.16,0.21,0.21,147696,715,0.2128,-0.1139,0.05785,-0.185,0.0302
2026-08-24 15:42:51,707.99,2026-08-24,705.0,0.32,0.33,0.33,189298,3566,0.2109,-0.1808,0.07965,-0.325,0.0412
2026-08-24 15:42:51,707.99,2026-08-24,706.0,0.5,0.51,0.51,94539,543,0.2021,-0.2627,0.10305,-0.505,0.0511
2026-08-24 15:42:51,707.99,2026-08-24,707.0,0.74,0.75,0.79,51118,728,0.1887,-0.3667,0.12739,-0.745,0.059
2026-08-24 15:42:51,707.99,2026-08-24,708.0,1.18,1.19,1.18,16438,981,0.1897,-0.4992,0.13431,-1.17,0.0625
2026-08-24 15:42:51,707.99,2026-08-24,709.0,1.68,1.69,1.69,11452,547,0.1782,-0.6391,0.13415,-0.67,0.0586
2026-08-24 15:42:51,707.99,2026-08-24,710.0,2.37,2.44,2.42,16980,1760,0.1815,-0.7582,0.1098,-0.39,0.0489
2026-08-24 15:42:51,707.99,2026-08-24,711.0,3.18,3.22,3.28,2085,1691,0.1775,-0.8588,0.08053,-0.185,0.0351
2026-08-24 15:42:51,707.99,2026-08-24,712.0,4.1,4.15,4.2,2301,1281,0.1902,-0.9094,0.05478,-0.11,0.0255
2026-08-24 15:42:51,707.99,2026-08-24,713.0,5,5.19,5.69,1765,792,0.2108,-0.9341,0.03882,-0.08,0.0201
2026-08-24 15:42:51,707.99,2026-08-24,714.0,5.89,6.14,6.89,673,971,0.1763,-0.9847,0.01397,-0.0,0.006
2026-08-24 15:42:51,707.99,2026-08-24,715.0,7.01,7.03,7.45,574,1994,0.2096,-0.983,0.01284,-0.005,0.0066
2026-08-24 15:42:51,707.99,2026-08-24,716.0,7.87,8.01,9.34,338,1999,,,,,
2026-08-24 15:42:51,707.99,2026-08-24,717.0,8.75,9.04,9.97,120,1410,,,,,
2026-08-24 15:42:51,707.99,2026-08-24,718.0,10.02,10.28,10.85,145,1084,0.3991,-0.9435,0.01819,-0.135,0.0178
2026-08-24 15:42:51,707.99,2026-08-24,719.0,11.03,11.32,13.07,118,871,0.4442,-0.9411,0.01687,-0.16,0.0184
2026-08-24 15:42:51,707.99,2026-08-24,720.0,11.98,12.02,13.02,320,2546,0.2127,-0.9998,0.0002,0.015,0.0001
2026-08-24 15:42:51,707.99,2026-08-24,721.0,12.96,13.27,14.76,51,552,0.4664,-0.9607,0.01163,-0.1,0.0133
2026-08-24 15:42:51,707.99,2026-08-24,722.0,13.87,14.44,15.3,24,486,0.5238,-0.9539,0.01177,-0.14,0.0151
2026-08-24 15:43:53,707.99,2026-08-24,693.0,0.01,0.02,0.02,3904,555,0.3983,-0.0073,0.00326,-0.015,0.0032
2026-08-24 15:43:53,707.99,2026-08-24,694.0,0.01,0.02,0.02,10152,2610,0.3745,-0.0077,0.00364,-0.015,0.0033
2026-08-24 15:43:53,707.99,2026-08-24,695.0,0.01,0.04,0.02,15147,999,0.3743,-0.0123,0.00545,-0.025,0.005
2026-08-24 15:43:53,707.99,2026-08-24,696.0,0.04,0.05,0.03,9686,642,0.38,-0.0205,0.00833,-0.045,0.0077
2026-08-24 15:43:53,707.99,2026-08-24,697.0,0.04,0.05,0.02,16800,758,0.3528,-0.0219,0.00949,-0.045,0.0082
2026-08-24 15:43:53,707.99,2026-08-24,698.0,0.01,0.06,0.05,26575,556,0.3129,-0.0195,0.00969,-0.035,0.0074
2026-08-24 15:43:53,707.99,2026-08-24,699.0,0.06,0.07,0.06,27771,438,0.3168,-0.0333,0.01499,-0.065,0.0116
2026-08-24 15:43:53,707.99,2026-08-24,700.0,0.03,0.08,0.08,85215,3691,0.279,-0.0322,0.01654,-0.055,0.0113
2026-08-24 15:43:53,707.99,2026-08-24,701.0,0.08,0.09,0.09,56697,767,0.2713,-0.0482,0.0236,-0.085,0.0156
2026-08-24 15:43:53,707.99,2026-08-24,702.0,0.06,0.11,0.11,111538,612,0.2399,-0.0536,0.02906,-0.085,0.017
2026-08-24 15:43:53,707.99,2026-08-24,703.0,0.1,0.11,0.15,156595,508,0.2178,-0.0697,0.03931,-0.105,0.0209
2026-08-24 15:43:53,707.99,2026-08-24,704.0,0.21,0.22,0.18,148916,715,0.2231,-0.1241,0.05877,-0.215,0.032
2026-08-24 15:43:53,707.99,2026-08-24,705.0,0.28,0.29,0.29,191610,3566,0.2017,-0.1691,0.08003,-0.285,0.0394
2026-08-24 15:43:53,707.99,2026-08-24,706.0,0.49,0.5,0.5,96041,543,0.2008,-0.2604,0.10347,-0.495,0.0507
2026-08-24 15:43:53,707.99,2026-08-24,707.0,0.76,0.77,0.74,51440,728,0.1928,-0.3685,0.12515,-0.765,0.0589
2026-08-24 15:43:53,707.99,2026-08-24,708.0,1.15,1.17,1.19,16502,981,0.1864,-0.4985,0.13692,-1.15,0.0623
2026-08-24 15:43:53,707.99,2026-08-24,709.0,1.72,1.74,1.75,11539,547,0.1868,-0.6325,0.12904,-0.72,0.0589
2026-08-24 15:43:53,707.99,2026-08-24,710.0,2.34,2.43,2.43,17046,1760,0.1785,-0.7618,0.11096,-0.375,0.0484
2026-08-24 15:43:53,707.99,2026-08-24,711.0,3.2,3.25,3.12,2086,1691,0.186,-0.8476,0.08107,-0.215,0.0368
2026-08-24 15:43:53,707.99,2026-08-24,712.0,4.01,4.14,4.03,2308,1281,0.1709,-0.9319,0.04923,-0.065,0.0205
2026-08-24 15:43:53,707.99,2026-08-24,713.0,4.95,5.14,5.09,1776,792,0.1847,-0.9575,0.03137,-0.035,0.0142
2026-08-24 15:43:53,707.99,2026-08-24,714.0,6.12,6.14,6.89,673,971,0.2631,-0.9263,0.03396,-0.12,0.0218
2026-08-24 15:43:53,707.99,2026-08-24,715.0,6.76,7.08,6.91,575,1994,,,,,
2026-08-24 15:43:53,707.99,2026-08-24,716.0,8,8.17,9.34,338,1999,0.3019,-0.9537,0.02056,-0.075,0.0152
2026-08-24 15:43:53,707.99,2026-08-24,717.0,8.74,9.07,8.86,124,1410,,,,,
2026-08-24 15:43:53,707.99,2026-08-24,718.0,9.84,10.33,10.85,145,1084,0.3612,-0.9603,0.01517,-0.075,0.0134
2026-08-24 15:43:53,707.99,2026-08-24,719.0,11.02,11.27,13.07,118,871,0.4307,-0.947,0.01606,-0.135,0.0169
2026-08-24 15:43:53,707.99,2026-08-24,720.0,11.91,12.15,13.02,320,2546,0.3597,-0.9827,0.00763,-0.02,0.0067
2026-08-24 15:43:53,707.99,2026-08-24,721.0,12.97,13.09,14.76,51,552,0.385,-0.9837,0.00677,-0.02,0.0064
2026-08-24 15:43:53,707.99,2026-08-24,722.0,14.08,14.3,15.3,24,486,0.5495,-0.946,0.01276,-0.18,0.0171
2026-08-24 15:44:54,708.14,2026-08-24,694.0,0.03,0.04,0.02,10171,2610,0.4229,-0.0149,0.00572,-0.035,0.0059
2026-08-24 15:44:54,708.14,2026-08-24,695.0,0.03,0.04,0.03,15193,999,0.3968,-0.0158,0.0064,-0.035,0.0062
2026-08-24 15:44:54,708.14,2026-08-24,696.0,0.01,0.02,0.04,9725,642,0.3309,-0.0087,0.00456,-0.015,0.0037
2026-08-24 15:44:54,708.14,2026-08-24,697.0,0.04,0.05,0.02,16922,758,0.3575,-0.0217,0.0093,-0.045,0.0081
2026-08-24 15:44:54,708.14,2026-08-24,698.0,0.05,0.06,0.05,26698,556,0.341,-0.027,0.01172,-0.055,0.0097
2026-08-24 15:44:54,708.14,2026-08-24,699.0,0.02,0.07,0.06,28131,438,0.3023,-0.0252,0.01246,-0.045,0.0092
2026-08-24 15:44:54,708.14,2026-08-24,700.0,0.07,0.08,0.07,85633,3691,0.3002,-0.0396,0.01827,-0.075,0.0133
2026-08-24 15:44:54,708.14,2026-08-24,701.0,0.08,0.09,0.05,56963,767,0.2765,-0.0474,0.02293,-0.085,0.0154
2026-08-24 15:44:54,708.14,2026-08-24,702.0,0.1,0.11,0.11,113265,612,0.2563,-0.0607,0.03007,-0.105,0.0188
2026-08-24 15:44:54,708.14,2026-08-24,703.0,0.14,0.15,0.15,158005,508,0.2411,-0.0841,0.04104,-0.145,0.0241
2026-08-24 15:44:54,708.14,2026-08-24,704.0,0.19,0.2,0.16,151198,715,0.2228,-0.1149,0.05579,-0.195,0.0303
2026-08-24 15:44:54,708.14,2026-08-24,705.0,0.25,0.26,0.3,195230,3566,0.2006,-0.1556,0.07635,-0.255,0.0373
2026-08-24 15:44:54,708.14,2026-08-24,706.0,0.41,0.42,0.42,98725,543,0.1925,-0.2355,0.10246,-0.415,0.048
2026-08-24 15:44:54,708.14,2026-08-24,707.0,0.68,0.69,0.67,53906,728,0.1886,-0.3465,0.1254,-0.685,0.0576
2026-08-24 15:44:54,708.14,2026-08-24,708.0,1.07,1.09,1.08,17021,981,0.1857,-0.4779,0.13748,-1.08,0.0621
2026-08-24 15:44:54,708.14,2026-08-24,709.0,1.62,1.64,1.61,11662,547,0.1861,-0.6137,0.13182,-0.77,0.0597
2026-08-24 15:44:54,708.14,2026-08-24,710.0,2.24,2.3,2.31,17279,1760,0.1785,-0.7453,0.11524,-0.41,0.0501
2026-08-24 15:44:54,708.14,2026-08-24,711.0,2.98,3.06,3.32,2097,1691,0.1647,-0.8651,0.08448,-0.16,0.0339
2026-08-24 15:44:54,708.14,2026-08-24,712.0,3.8,4.059,4.23,2311,1281,0.1683,-0.9277,0.05244,-0.0695,0.0215
2026-08-24 15:44:54,708.14,2026-08-24,713.0,4.79,4.96,5.09,1811,792,0.1645,-0.9699,0.02657,-0.015,0.0106
2026-08-24 15:44:54,708.14,2026-08-24,714.0,5.82,6.06,6.2,675,971,0.2388,-0.9406,0.03172,-0.08,0.0184
2026-08-24 15:44:54,708.14,2026-08-24,715.0,6.72,6.94,7,579,1994,,,,,
2026-08-24 15:44:54,708.14,2026-08-24,716.0,7.68,8.119,8.07,342,1999,0.2713,-0.9671,0.01733,-0.0395,0.0114
2026-08-24 15:44:54,708.14,2026-08-24,717.0,8.78,8.86,9.16,135,1410,,,,,
2026-08-24 15:44:54,708.14,2026-08-24,718.0,9.69,9.81,10.85,145,1084,,,,,
2026-08-24 15:44:54,708.14,2026-08-24,719.0,10.78,11.21,13.07,118,871,0.4268,-0.9465,0.01635,-0.135,0.017
2026-08-24 15:44:54,708.14,2026-08-24,720.0,11.53,11.99,13.02,320,2546,,,,,
2026-08-24 15:44:54,708.14,2026-08-24,721.0,12.82,12.96,14.76,51,552,0.3962,-0.9801,0.00781,-0.03,0.0075
2026-08-24 15:44:54,708.14,2026-08-24,722.0,13.58,14.13,15.3,24,486,0.3477,-0.9942,0.00304,0.005,0.0026
2026-08-24 15:44:54,708.14,2026-08-24,723.0,14.54,15.29,19.16,53,216,0.4789,-0.9751,0.0078,-0.055,0.0091
