run_time,spot,expiration,strike,bid,ask,last,volume,open_interest,iv,delta,gamma,theta,vega
2026-08-11 13:45:16,720.25,2026-08-11,706.0,13.27,16.3,16,2,442,0.5807,0.9029,0.01537,-0.535,0.033
2026-08-11 13:45:16,720.25,2026-08-11,707.0,12.53,14.42,14.21,28,283,0.4403,0.9439,0.01335,-0.225,0.0217
2026-08-11 13:45:16,720.25,2026-08-11,708.0,13.25,13.45,13.8,23,188,0.6556,0.839,0.01937,-1.1,0.047
2026-08-11 13:45:16,720.25,2026-08-11,709.0,11.09,11.48,13.2,7,263,0.2473,0.9916,0.0048,-0.035,0.0044
2026-08-11 13:45:16,720.25,2026-08-11,710.0,10.48,11.27,11.25,48,353,0.4799,0.8702,0.0229,-0.625,0.0406
2026-08-11 13:45:16,720.25,2026-08-11,711.0,9.48,9.87,10.39,61,84,0.3961,0.8907,0.02457,-0.425,0.036
2026-08-11 13:45:16,720.25,2026-08-11,712.0,9.6,9.68,9.48,67,334,0.5631,0.7811,0.02727,-1.39,0.0568
2026-08-11 13:45:16,720.25,2026-08-11,713.0,7.38,7.61,8.49,65,1563,0.2824,0.9114,0.02955,-0.245,0.0309
2026-08-11 13:45:16,720.25,2026-08-11,714.0,7.23,7.4,7.4,2,642,0.4274,0.78,0.03603,-1.065,0.0569
2026-08-11 13:45:16,720.25,2026-08-11,715.0,5.84,6.02,6.75,620,1251,0.3192,0.8068,0.04466,-0.68,0.0527
2026-08-11 13:45:16,720.25,2026-08-11,716.0,5.08,5.13,5.87,77,1550,0.3117,0.7639,0.05139,-0.855,0.0593
2026-08-11 13:45:16,720.25,2026-08-11,717.0,4.019,4.07,4.07,3,633,0.2608,0.7445,0.06409,-0.7945,0.0618
2026-08-11 13:45:16,720.25,2026-08-11,718.0,3.85,3.95,4.38,723,1091,0.3405,0.6376,0.05727,-1.65,0.0721
2026-08-11 13:45:16,720.25,2026-08-11,719.0,3.07,3.21,3.21,1,623,0.3198,0.5837,0.06343,-1.89,0.075
2026-08-11 13:45:16,720.25,2026-08-11,720.0,2.13,2.14,2.07,11,550,0.2602,0.5231,0.07959,-1.885,0.0766
2026-08-11 13:45:16,720.25,2026-08-11,721.0,1.57,1.62,1.62,38,571,0.2524,0.4418,0.08132,-1.595,0.0759
2026-08-11 13:45:16,720.25,2026-08-11,722.0,1.37,1.38,1.38,57,935,0.2771,0.3744,0.07113,-1.375,0.0729
2026-08-11 13:45:16,720.25,2026-08-11,723.0,1.02,1.03,1.03,36,1120,0.2751,0.3047,0.06617,-1.025,0.0673
2026-08-11 13:45:16,720.25,2026-08-11,724.0,0.57,0.58,0.54,396,419,0.2443,0.2153,0.06224,-0.575,0.0562
2026-08-11 13:45:16,720.25,2026-08-11,725.0,0.45,0.46,0.46,88,1752,0.2578,0.1718,0.05139,-0.455,0.049
2026-08-11 13:45:16,720.25,2026-08-11,726.0,0.27,0.28,0.28,26,659,0.2491,0.1175,0.04114,-0.275,0.0379
2026-08-11 13:45:16,720.25,2026-08-11,727.0,0.24,0.25,0.25,6,760,0.2707,0.0998,0.03366,-0.245,0.0337
2026-08-11 13:45:16,720.25,2026-08-11,728.0,0.09,0.1,0.18,14,436,0.2414,0.0492,0.02194,-0.095,0.0196
2026-08-11 13:45:16,720.25,2026-08-11,729.0,0.1,0.11,0.11,282,901,0.2713,0.0485,0.0193,-0.105,0.0194
2026-08-11 13:45:16,720.25,2026-08-11,730.0,0.05,0.06,0.06,96,4961,0.2632,0.0283,0.01283,-0.055,0.0125
2026-08-11 13:45:16,720.25,2026-08-11,731.0,0.03,0.08,0.08,12,405,0.2854,0.0264,0.01115,-0.055,0.0118
2026-08-11 13:45:16,720.25,2026-08-11,732.0,0.06,0.07,0.07,24,635,0.3158,0.028,0.01057,-0.065,0.0124
2026-08-11 13:45:16,720.25,2026-08-11,733.0,0.01,0.02,0.06,13,442,0.2746,0.0085,0.0044,-0.015,0.0045
2026-08-11 13:45:16,720.25,2026-08-11,734.0,0.04,0.05,0.04,1057,359,0.3398,0.0189,0.00707,-0.045,0.0089
2026-08-11 13:45:16,720.25,2026-08-11,735.0,0.01,0.02,0.02,7,1261,0.3118,0.0076,0.0035,-0.015,0.004
2026-08-11 13:46:19,718.79,2026-08-11,704.0,17.26,17.74,15.92,568,346,1.0583,0.774,0.01482,-2.71,0.0576
2026-08-11 13:46:19,718.79,2026-08-11,705.0,15.05,15.5,16.11,65,257,0.793,0.8233,0.01706,-1.485,0.0497
2026-08-11 13:46:19,718.79,2026-08-11,706.0,13.27,16.3,16,2,442,0.8519,0.789,0.0177,-1.995,0.0554
2026-08-11 13:46:19,718.79,2026-08-11,707.0,12.33,14.3,14.21,28,283,0.7264,0.8065,0.01971,-1.525,0.0526
2026-08-11 13:46:19,718.79,2026-08-11,708.0,13.25,13.45,13.8,23,188,0.867,0.7477,0.01922,-2.56,0.0612
2026-08-11 13:46:19,718.79,2026-08-11,709.0,11.09,11.48,13.2,7,263,0.6442,0.7907,0.0233,-1.495,0.0551
2026-08-11 13:46:19,718.79,2026-08-11,710.0,10.48,11.27,11.25,48,353,0.7047,0.7472,0.02366,-2.085,0.0613
2026-08-11 13:46:19,718.79,2026-08-11,711.0,9.23,9.49,10.39,61,84,0.5777,0.7634,0.02786,-1.57,0.0591
2026-08-11 13:46:19,718.79,2026-08-11,712.0,9.6,9.68,9.48,67,334,0.7341,0.6902,0.02507,-2.85,0.0676
2026-08-11 13:46:19,718.79,2026-08-11,713.0,7.38,7.61,8.49,65,1563,0.5152,0.725,0.03379,-1.705,0.0639
2026-08-11 13:46:19,718.79,2026-08-11,714.0,7.23,7.4,7.4,2,642,0.5914,0.6678,0.03204,-2.525,0.0696
2026-08-11 13:46:19,718.79,2026-08-11,715.0,5.49,5.6,6.75,2,1251,0.432,0.6799,0.0432,-1.755,0.0685
2026-08-11 13:46:19,718.79,2026-08-11,716.0,4.84,4.88,4.88,4,1550,0.4276,0.6366,0.04579,-2.07,0.0719
2026-08-11 13:46:19,718.79,2026-08-11,717.0,4.019,4.07,4.07,3,633,0.3999,0.5956,0.05056,-2.2545,0.0743
2026-08-11 13:46:19,718.79,2026-08-11,718.0,3.85,3.95,4.38,723,1091,0.4553,0.5395,0.0455,-3.11,0.0761
2026-08-11 13:46:19,718.79,2026-08-11,719.0,3.07,3.21,3.21,1,623,0.4228,0.493,0.04922,-3.14,0.0764
2026-08-11 13:46:19,718.79,2026-08-11,720.0,2.02,2.05,2.05,138,550,0.3379,0.4291,0.06063,-2.035,0.0752
2026-08-11 13:46:19,718.79,2026-08-11,721.0,1.57,1.62,1.62,38,571,0.3318,0.3672,0.05924,-1.595,0.0722
2026-08-11 13:46:19,718.79,2026-08-11,722.0,1.37,1.38,1.38,115,935,0.3487,0.3187,0.05342,-1.375,0.0684
2026-08-11 13:46:19,718.79,2026-08-11,723.0,1.02,1.03,1.03,98,1120,0.339,0.2617,0.05009,-1.025,0.0624
2026-08-11 13:46:19,718.79,2026-08-11,724.0,0.53,0.54,0.54,908,419,0.291,0.178,0.04672,-0.535,0.0499
2026-08-11 13:46:19,718.79,2026-08-11,725.0,0.45,0.46,0.46,88,1752,0.3082,0.1494,0.03937,-0.455,0.0446
2026-08-11 13:46:19,718.79,2026-08-11,726.0,0.27,0.28,0.28,26,659,0.294,0.1028,0.03179,-0.275,0.0343
2026-08-11 13:46:19,718.79,2026-08-11,727.0,0.24,0.25,0.25,7,760,0.3137,0.0885,0.02668,-0.245,0.0307
2026-08-11 13:46:19,718.79,2026-08-11,728.0,0.13,0.14,0.14,112,436,0.2984,0.0557,0.01964,-0.135,0.0215
2026-08-11 13:46:19,718.79,2026-08-11,729.0,0.1,0.11,0.11,326,901,0.3079,0.0436,0.01567,-0.105,0.0177
2026-08-11 13:46:19,718.79,2026-08-11,730.0,0.05,0.06,0.06,96,4961,0.2965,0.0256,0.01049,-0.055,0.0114
2026-08-11 13:46:19,718.79,2026-08-11,731.0,0.03,0.08,0.08,12,405,0.3184,0.024,0.00927,-0.055,0.0108
2026-08-11 13:46:19,718.79,2026-08-11,732.0,0.02,0.07,0.06,34,635,0.3297,0.0195,0.0075,-0.045,0.0091
2026-08-11 13:46:19,718.79,2026-08-11,733.0,0.05,0.06,0.06,115,442,0.3614,0.0215,0.00743,-0.055,0.0099
2026-08-11 13:47:21,718.99,2026-08-11,704.0,17.26,17.74,15.92,568,346,1.0324,0.7827,0.01488,-2.51,0.0563
2026-08-11 13:47:21,718.99,2026-08-11,705.0,15.05,15.5,16.11,65,257,0.7598,0.8372,0.01692,-1.285,0.0471
2026-08-11 13:47:21,718.99,2026-08-11,706.0,13.27,16.3,16,2,442,0.8239,0.8005,0.01772,-1.795,0.0535
2026-08-11 13:47:21,718.99,2026-08-11,707.0,11.18,14.17,14.21,28,283,0.554,0.8748,0.01943,-0.685,0.0394
2026-08-11 13:47:21,718.99,2026-08-11,708.0,13.25,13.45,13.8,23,188,0.8433,0.7576,0.01936,-2.36,0.0598
2026-08-11 13:47:21,718.99,2026-08-11,709.0,11.09,11.48,13.2,7,263,0.6154,0.8062,0.02331,-1.295,0.0526
2026-08-11 13:47:21,718.99,2026-08-11,710.0,10.48,11.27,11.25,48,353,0.6807,0.7596,0.02388,-1.885,0.0596
2026-08-11 13:47:21,718.99,2026-08-11,711.0,7.89,8.15,10.39,61,84,0.1735,0.9924,0.00631,-0.03,0.004
2026-08-11 13:47:21,718.99,2026-08-11,712.0,9.6,9.68,9.48,67,334,0.7143,0.7001,0.02542,-2.65,0.0666
2026-08-11 13:47:21,718.99,2026-08-11,713.0,7.38,7.61,8.49,65,1563,0.4926,0.7411,0.03432,-1.505,0.062
2026-08-11 13:47:21,718.99,2026-08-11,714.0,7.23,7.4,7.4,2,642,0.5727,0.6795,0.03264,-2.325,0.0685
2026-08-11 13:47:21,718.99,2026-08-11,715.0,4.62,4.63,5.6,2,1251,0.2646,0.7875,0.0573,-0.635,0.0556
2026-08-11 13:47:21,718.99,2026-08-11,716.0,3.85,3.88,3.98,4,1550,0.2638,0.7261,0.06594,-0.875,0.0637
2026-08-11 13:47:21,718.99,2026-08-11,717.0,4.019,4.07,4.07,3,633,0.3841,0.6099,0.05218,-2.0545,0.0735
2026-08-11 13:47:21,718.99,2026-08-11,718.0,3.85,3.95,4.38,723,1091,0.4415,0.55,0.04682,-2.91,0.0758
2026-08-11 13:47:21,718.99,2026-08-11,719.0,3.07,3.21,3.21,1,623,0.4104,0.5028,0.05078,-3.14,0.0764
2026-08-11 13:47:21,718.99,2026-08-11,720.0,1.44,1.5,1.5,297,550,0.2517,0.4201,0.08112,-1.47,0.0748
2026-08-11 13:47:21,718.99,2026-08-11,721.0,1.57,1.62,1.62,38,571,0.322,0.3753,0.06154,-1.595,0.0726
2026-08-11 13:47:21,718.99,2026-08-11,722.0,1.37,1.38,1.38,115,935,0.3398,0.325,0.05533,-1.375,0.0689
2026-08-11 13:47:21,718.99,2026-08-11,723.0,1.02,1.03,1.03,98,1120,0.3311,0.2666,0.05184,-1.025,0.0629
2026-08-11 13:47:21,718.99,2026-08-11,724.0,0.38,0.39,0.39,1963,419,0.253,0.1532,0.04881,-0.385,0.0453
2026-08-11 13:47:21,718.99,2026-08-11,725.0,0.45,0.46,0.46,88,1752,0.3019,0.152,0.04071,-0.455,0.045
2026-08-11 13:47:21,718.99,2026-08-11,726.0,0.27,0.28,0.28,26,659,0.2884,0.1046,0.03284,-0.275,0.0347
2026-08-11 13:47:21,718.99,2026-08-11,727.0,0.24,0.25,0.25,7,760,0.3083,0.0899,0.02748,-0.245,0.0311
2026-08-11 13:47:21,718.99,2026-08-11,728.0,0.07,0.12,0.12,125,436,0.2735,0.0444,0.01789,-0.095,0.0179
2026-08-11 13:47:21,718.99,2026-08-11,729.0,0.08,0.09,0.09,470,901,0.2916,0.0381,0.01484,-0.085,0.0159
2026-08-11 13:47:21,718.99,2026-08-11,730.0,0.05,0.06,0.06,96,4961,0.2924,0.0259,0.01077,-0.055,0.0115
2026-08-11 13:47:21,718.99,2026-08-11,731.0,0.03,0.08,0.08,12,405,0.3144,0.0243,0.0095,-0.055,0.0109
2026-08-11 13:47:21,718.99,2026-08-11,732.0,0.01,0.06,0.06,34,635,0.314,0.0163,0.00677,-0.035,0.0078
2026-08-11 13:47:21,718.99,2026-08-11,733.0,0.04,0.05,0.05,204,442,0.3468,0.0187,0.00688,-0.045,0.0087
2026-08-11 13:48:22,718.97,2026-08-11,704.0,17.26,17.74,15.92,568,346,1.0367,0.7818,0.01487,-2.53,0.0563
2026-08-11 13:48:22,718.97,2026-08-11,705.0,15.05,15.5,16.11,65,257,0.7644,0.8357,0.01694,-1.305,0.0473
2026-08-11 13:48:22,718.97,2026-08-11,706.0,13.27,16.3,16,2,442,0.828,0.7993,0.01772,-1.815,0.0536
2026-08-11 13:48:22,718.97,2026-08-11,707.0,11.28,13.68,14.21,28,283,0.507,0.8952,0.01874,-0.51,0.0347
2026-08-11 13:48:22,718.97,2026-08-11,708.0,13.25,13.45,13.8,23,188,0.847,0.7566,0.01935,-2.38,0.0599
2026-08-11 13:48:22,718.97,2026-08-11,709.0,11.09,11.48,13.2,7,263,0.6193,0.8046,0.02332,-1.315,0.0528
2026-08-11 13:48:22,718.97,2026-08-11,710.0,10.48,11.27,11.25,48,353,0.6842,0.7583,0.02386,-1.905,0.0597
2026-08-11 13:48:22,718.97,2026-08-11,711.0,7.87,8.13,10.39,61,84,0.1735,0.9923,0.00636,-0.03,0.004
2026-08-11 13:48:22,718.97,2026-08-11,712.0,9.6,9.68,9.48,67,334,0.7174,0.6991,0.02538,-2.67,0.0666
2026-08-11 13:48:22,718.97,2026-08-11,713.0,7.38,7.61,8.49,65,1563,0.4957,0.7394,0.03427,-1.525,0.0621
2026-08-11 13:48:22,718.97,2026-08-11,714.0,7.23,7.4,7.4,2,642,0.5754,0.6783,0.03258,-2.345,0.0685
2026-08-11 13:48:22,718.97,2026-08-11,715.0,4.5,4.53,5.6,2,1251,0.2476,0.802,0.05878,-0.545,0.0532
2026-08-11 13:48:22,718.97,2026-08-11,716.0,3.7,3.75,3.7,7,1550,0.2442,0.7407,0.06939,-0.755,0.0619
2026-08-11 13:48:22,718.97,2026-08-11,717.0,4.019,4.07,4.07,6,633,0.3863,0.6084,0.05202,-2.0745,0.0734
2026-08-11 13:48:22,718.97,2026-08-11,718.0,3.85,3.95,4.38,723,1091,0.4436,0.5489,0.04669,-2.93,0.0757
2026-08-11 13:48:22,718.97,2026-08-11,719.0,3.07,3.21,3.21,2,623,0.4122,0.5018,0.05062,-3.14,0.0763
2026-08-11 13:48:22,718.97,2026-08-11,720.0,1.34,1.36,1.32,407,550,0.2371,0.4133,0.08593,-1.35,0.0745
2026-08-11 13:48:22,718.97,2026-08-11,721.0,1.57,1.62,1.62,40,571,0.3234,0.3745,0.0613,-1.595,0.0725
2026-08-11 13:48:22,718.97,2026-08-11,722.0,1.37,1.38,1.38,137,935,0.3412,0.3243,0.05513,-1.375,0.0687
2026-08-11 13:48:22,718.97,2026-08-11,723.0,1.02,1.03,1.03,127,1120,0.3324,0.2661,0.05166,-1.025,0.0628
2026-08-11 13:48:22,718.97,2026-08-11,724.0,0.29,0.3,0.34,2339,419,0.2331,0.132,0.04798,-0.295,0.0409
2026-08-11 13:48:22,718.97,2026-08-11,725.0,0.45,0.46,0.46,101,1752,0.303,0.1518,0.04057,-0.455,0.0449
2026-08-11 13:48:22,718.97,2026-08-11,726.0,0.27,0.28,0.28,26,659,0.2894,0.1044,0.03274,-0.275,0.0346
2026-08-11 13:48:22,718.97,2026-08-11,727.0,0.24,0.25,0.25,13,760,0.3093,0.0897,0.0274,-0.245,0.031
2026-08-11 13:48:22,718.97,2026-08-11,728.0,0.07,0.12,0.12,153,436,0.2744,0.0443,0.01784,-0.095,0.0179
2026-08-11 13:48:22,718.97,2026-08-11,729.0,0.08,0.09,0.09,485,901,0.2925,0.0381,0.0148,-0.085,0.0158
2026-08-11 13:48:22,718.97,2026-08-11,730.0,0.05,0.06,0.06,96,4961,0.2933,0.0259,0.01074,-0.055,0.0115
2026-08-11 13:48:22,718.97,2026-08-11,731.0,0.03,0.08,0.08,12,405,0.3152,0.0243,0.00947,-0.055,0.0109
2026-08-11 13:48:22,718.97,2026-08-11,732.0,0.01,0.02,0.06,106,635,0.2816,0.0084,0.00425,-0.015,0.0044
2026-08-11 13:48:22,718.97,2026-08-11,733.0,0.01,0.05,0.04,229,442,0.3282,0.0137,0.00557,-0.03,0.0067
2026-08-11 13:49:24,718.82,2026-08-11,704.0,17.26,17.74,15.92,568,346,1.0587,0.7752,0.01483,-2.68,0.0572
2026-08-11 13:49:24,718.82,2026-08-11,705.0,15.05,15.5,16.11,65,257,0.7913,0.8253,0.01705,-1.455,0.0491
2026-08-11 13:49:24,718.82,2026-08-11,706.0,13.27,16.3,16,2,442,0.8511,0.7907,0.0177,-1.965,0.0549
2026-08-11 13:49:24,718.82,2026-08-11,707.0,11.58,13.62,14.21,28,283,0.5735,0.864,0.01994,-0.78,0.0417
2026-08-11 13:49:24,718.82,2026-08-11,708.0,13.25,13.45,13.8,23,188,0.8669,0.7491,0.01924,-2.53,0.0608
2026-08-11 13:49:24,718.82,2026-08-11,709.0,11.09,11.48,13.2,7,263,0.6425,0.7929,0.02331,-1.465,0.0546
2026-08-11 13:49:24,718.82,2026-08-11,710.0,10.48,11.27,11.25,48,353,0.704,0.749,0.0237,-2.055,0.0608
2026-08-11 13:49:24,718.82,2026-08-11,711.0,8.42,8.63,10.39,61,84,0.4196,0.8389,0.03051,-0.705,0.0466
2026-08-11 13:49:24,718.82,2026-08-11,712.0,9.6,9.68,9.48,67,334,0.734,0.6916,0.02512,-2.82,0.0672
2026-08-11 13:49:24,718.82,2026-08-11,713.0,7.38,7.61,8.49,65,1563,0.5139,0.7273,0.03387,-1.675,0.0634
2026-08-11 13:49:24,718.82,2026-08-11,714.0,7.23,7.4,7.23,3,642,0.5909,0.6695,0.03213,-2.495,0.0692
2026-08-11 13:49:24,718.82,2026-08-11,715.0,4.74,4.76,5.6,2,1251,0.3089,0.7446,0.05452,-0.93,0.0613
2026-08-11 13:49:24,718.82,2026-08-11,716.0,3.95,3.97,3.87,7,1550,0.2975,0.6934,0.06184,-1.14,0.067
2026-08-11 13:49:24,718.82,2026-08-11,717.0,4.019,4.07,4.07,6,633,0.3991,0.5977,0.05079,-2.2245,0.0739
2026-08-11 13:49:24,718.82,2026-08-11,718.0,3.85,3.95,3.85,15,1091,0.455,0.541,0.04569,-3.08,0.0757
2026-08-11 13:49:24,718.82,2026-08-11,719.0,3.07,3.21,3.15,31,623,0.4226,0.4944,0.04945,-3.14,0.0761
2026-08-11 13:49:24,718.82,2026-08-11,720.0,1.51,1.57,1.47,495,550,0.2713,0.413,0.0752,-1.54,0.0743
2026-08-11 13:49:24,718.82,2026-08-11,721.0,1.57,1.62,1.62,40,571,0.3316,0.3684,0.05957,-1.595,0.072
2026-08-11 13:49:24,718.82,2026-08-11,722.0,1.37,1.38,1.38,315,935,0.3487,0.3196,0.0537,-1.375,0.0682
2026-08-11 13:49:24,718.82,2026-08-11,723.0,1.02,1.03,1.03,286,1120,0.3392,0.2624,0.05034,-1.025,0.0622
2026-08-11 13:49:24,718.82,2026-08-11,724.0,0.34,0.35,0.37,2437,419,0.2503,0.1417,0.04698,-0.345,0.0428
2026-08-11 13:49:24,718.82,2026-08-11,725.0,0.45,0.46,0.46,101,1752,0.3085,0.1498,0.03956,-0.455,0.0445
2026-08-11 13:49:24,718.82,2026-08-11,726.0,0.27,0.28,0.28,28,659,0.2943,0.1031,0.03195,-0.275,0.0343
2026-08-11 13:49:24,718.82,2026-08-11,727.0,0.24,0.25,0.25,24,760,0.3141,0.0887,0.02679,-0.245,0.0307
2026-08-11 13:49:24,718.82,2026-08-11,728.0,0.1,0.11,0.07,154,436,0.284,0.047,0.0181,-0.105,0.0187
2026-08-11 13:49:24,718.82,2026-08-11,729.0,0.04,0.09,0.09,485,901,0.2827,0.031,0.01297,-0.065,0.0134
2026-08-11 13:49:24,718.82,2026-08-11,730.0,0.05,0.06,0.06,96,4961,0.297,0.0257,0.01053,-0.055,0.0114
2026-08-11 13:49:24,718.82,2026-08-11,731.0,0.03,0.08,0.08,12,405,0.319,0.0241,0.0093,-0.055,0.0108
2026-08-11 13:49:24,718.82,2026-08-11,732.0,0.01,0.02,0.02,106,635,0.2848,0.0083,0.00417,-0.015,0.0043
2026-08-11 13:49:24,718.82,2026-08-11,733.0,0.04,0.05,0.05,229,442,0.3514,0.0185,0.00676,-0.045,0.0087
2026-08-11 13:50:25,719.4,2026-08-11,705.0,15.05,15.5,16.11,65,257,0.683,0.8702,0.01622,-0.875,0.0403
2026-08-11 13:50:25,719.4,2026-08-11,706.0,13.27,16.3,16,2,442,0.7621,0.8269,0.01761,-1.385,0.0488
2026-08-11 13:50:25,719.4,2026-08-11,707.0,11.87,13.29,14.21,1,283,0.3998,0.9504,0.01345,-0.18,0.0196
2026-08-11 13:50:25,719.4,2026-08-11,708.0,13.25,13.45,13.8,23,188,0.7926,0.7799,0.01959,-1.95,0.0565
2026-08-11 13:50:25,719.4,2026-08-11,709.0,11.09,11.48,13.2,7,263,0.5493,0.8435,0.02288,-0.885,0.0457
2026-08-11 13:50:25,719.4,2026-08-11,710.0,10.48,11.27,11.25,48,353,0.6283,0.788,0.02418,-1.475,0.0553
2026-08-11 13:50:25,719.4,2026-08-11,711.0,8.57,8.6,10.39,61,84,0.2956,0.934,0.02276,-0.185,0.0245
2026-08-11 13:50:25,719.4,2026-08-11,712.0,9.6,9.68,9.48,67,334,0.6726,0.7225,0.02612,-2.24,0.0639
2026-08-11 13:50:25,719.4,2026-08-11,713.0,7.38,7.61,8.49,65,1563,0.4421,0.7795,0.03515,-1.095,0.0566
2026-08-11 13:50:25,719.4,2026-08-11,714.0,7.23,7.4,7.23,3,642,0.5327,0.7063,0.03389,-1.915,0.0657
2026-08-11 13:50:25,719.4,2026-08-11,715.0,4.73,4.76,5.6,2,1251,0.2225,0.8527,0.05428,-0.345,0.0439
2026-08-11 13:50:25,719.4,2026-08-11,716.0,3.97,3.98,4.03,23,1550,0.2318,0.7819,0.06662,-0.575,0.0562
2026-08-11 13:50:25,719.4,2026-08-11,717.0,4.019,4.07,4.07,6,633,0.3501,0.6435,0.05582,-1.6445,0.0711
2026-08-11 13:50:25,719.4,2026-08-11,718.0,3.85,3.95,3.85,15,1091,0.4127,0.5739,0.0498,-2.5,0.0748
2026-08-11 13:50:25,719.4,2026-08-11,719.0,3.07,3.21,3.15,31,623,0.3844,0.525,0.0543,-2.74,0.076
2026-08-11 13:50:25,719.4,2026-08-11,720.0,1.52,1.54,1.54,757,550,0.237,0.4504,0.08756,-1.53,0.0755
2026-08-11 13:50:25,719.4,2026-08-11,721.0,1.57,1.62,1.62,40,571,0.3017,0.3936,0.06684,-1.595,0.0734
2026-08-11 13:50:25,719.4,2026-08-11,722.0,1.37,1.38,1.38,315,935,0.3215,0.339,0.05967,-1.375,0.0698
2026-08-11 13:50:25,719.4,2026-08-11,723.0,1.02,1.03,1.03,286,1120,0.3148,0.2776,0.05581,-1.025,0.0639
2026-08-11 13:50:25,719.4,2026-08-11,724.0,0.36,0.37,0.37,3288,419,0.2357,0.1558,0.05318,-0.365,0.0456
2026-08-11 13:50:25,719.4,2026-08-11,725.0,0.45,0.46,0.46,101,1752,0.2892,0.1578,0.04371,-0.455,0.046
2026-08-11 13:50:25,719.4,2026-08-11,726.0,0.27,0.28,0.28,28,659,0.2771,0.1084,0.0352,-0.275,0.0355
2026-08-11 13:50:25,719.4,2026-08-11,727.0,0.24,0.25,0.25,24,760,0.2977,0.0928,0.02926,-0.245,0.0317
2026-08-11 13:50:25,719.4,2026-08-11,728.0,0.1,0.11,0.07,210,436,0.2697,0.0491,0.01976,-0.105,0.0194
2026-08-11 13:50:25,719.4,2026-08-11,729.0,0.08,0.09,0.09,558,901,0.2829,0.0392,0.01572,-0.085,0.0162
2026-08-11 13:50:25,719.4,2026-08-11,730.0,0.05,0.06,0.06,96,4961,0.2844,0.0267,0.01137,-0.055,0.0118
2026-08-11 13:50:25,719.4,2026-08-11,731.0,0.03,0.08,0.08,12,405,0.3065,0.025,0.00999,-0.055,0.0111
2026-08-11 13:50:25,719.4,2026-08-11,732.0,0.01,0.02,0.04,119,635,0.274,0.0086,0.00448,-0.015,0.0045
2026-08-11 13:50:25,719.4,2026-08-11,733.0,0.01,0.05,0.02,239,442,0.3203,0.014,0.00584,-0.03,0.0068
2026-08-11 13:50:25,719.4,2026-08-11,734.0,0.04,0.05,0.04,1057,359,0.3604,0.0181,0.00647,-0.045,0.0085
2026-08-11 13:51:27,718.8,2026-08-11,704.0,17.26,17.74,15.92,568,346,1.0644,0.7744,0.01483,-2.7,0.0572
2026-08-11 13:51:27,718.8,2026-08-11,705.0,15.05,15.5,16.11,65,257,0.7969,0.824,0.01706,-1.475,0.0492
2026-08-11 13:51:27,718.8,2026-08-11,706.0,13.27,16.3,16,2,442,0.8564,0.7896,0.0177,-1.985,0.0549
2026-08-11 13:51:27,718.8,2026-08-11,707.0,11.65,13.51,13.29,1,283,0.5744,0.8638,0.01997,-0.78,0.0416
2026-08-11 13:51:27,718.8,2026-08-11,708.0,13.25,13.45,13.8,23,188,0.8718,0.7481,0.01923,-2.55,0.0607
2026-08-11 13:51:27,718.8,2026-08-11,709.0,11.09,11.48,13.2,7,263,0.6472,0.7914,0.0233,-1.485,0.0546
2026-08-11 13:51:27,718.8,2026-08-11,710.0,9.36,9.73,9.85,1,353,0.4638,0.8441,0.02709,-0.745,0.0455
2026-08-11 13:51:27,718.8,2026-08-11,711.0,8.51,8.57,10.39,61,84,0.4275,0.8345,0.03056,-0.74,0.0473
2026-08-11 13:51:27,718.8,2026-08-11,712.0,9.6,9.68,9.48,67,334,0.7381,0.6906,0.02509,-2.84,0.0671
2026-08-11 13:51:27,718.8,2026-08-11,713.0,7.38,7.61,8.49,65,1563,0.5177,0.7258,0.03382,-1.695,0.0634
2026-08-11 13:51:27,718.8,2026-08-11,714.0,7.23,7.4,7.23,28,642,0.5945,0.6684,0.03207,-2.515,0.0691
2026-08-11 13:51:27,718.8,2026-08-11,715.0,5.04,5.17,5.17,5,1251,0.3681,0.7095,0.0489,-1.305,0.0652
2026-08-11 13:51:27,718.8,2026-08-11,716.0,3.66,3.7,4.18,25,1550,0.2578,0.7189,0.06874,-0.88,0.0642
2026-08-11 13:51:27,718.8,2026-08-11,717.0,4.019,4.07,4.07,6,633,0.4018,0.5963,0.05063,-2.2445,0.0737
2026-08-11 13:51:27,718.8,2026-08-11,718.0,3.85,3.95,3.85,15,1091,0.4577,0.54,0.04556,-3.1,0.0756
2026-08-11 13:51:27,718.8,2026-08-11,719.0,3.07,3.21,3.07,112,623,0.4251,0.4935,0.0493,-3.14,0.0759
2026-08-11 13:51:27,718.8,2026-08-11,720.0,1.29,1.31,1.31,1674,550,0.2407,0.3998,0.08432,-1.3,0.0735
2026-08-11 13:51:27,718.8,2026-08-11,721.0,1.57,1.62,1.62,40,571,0.3336,0.3676,0.05934,-1.595,0.0717
2026-08-11 13:51:27,718.8,2026-08-11,722.0,1.37,1.38,1.37,368,935,0.3506,0.319,0.05351,-1.375,0.068
2026-08-11 13:51:27,718.8,2026-08-11,723.0,1.02,1.03,1.02,667,1120,0.341,0.2619,0.05017,-1.025,0.062
2026-08-11 13:51:27,718.8,2026-08-11,724.0,0.33,0.34,0.34,3551,419,0.2493,0.1392,0.04672,-0.335,0.0422
2026-08-11 13:51:27,718.8,2026-08-11,725.0,0.45,0.46,0.46,101,1752,0.31,0.1495,0.03943,-0.455,0.0443
2026-08-11 13:51:27,718.8,2026-08-11,726.0,0.27,0.28,0.28,28,659,0.2957,0.1029,0.03184,-0.275,0.0341
2026-08-11 13:51:27,718.8,2026-08-11,727.0,0.24,0.25,0.24,95,760,0.3156,0.0886,0.02671,-0.245,0.0305
2026-08-11 13:51:27,718.8,2026-08-11,728.0,0.1,0.11,0.11,259,436,0.2853,0.0469,0.01804,-0.105,0.0186
2026-08-11 13:51:27,718.8,2026-08-11,729.0,0.04,0.05,0.09,586,901,0.2672,0.0236,0.01097,-0.045,0.0106
2026-08-11 13:51:27,718.8,2026-08-11,730.0,0.05,0.06,0.06,96,4961,0.2983,0.0256,0.01051,-0.055,0.0114
2026-08-11 13:51:27,718.8,2026-08-11,731.0,0.03,0.08,0.08,15,405,0.3203,0.0241,0.00928,-0.055,0.0108
2026-08-11 13:51:27,718.8,2026-08-11,732.0,0.01,0.02,0.04,127,635,0.286,0.0083,0.00416,-0.015,0.0043
2026-08-11 13:51:27,718.8,2026-08-11,733.0,0.01,0.05,0.02,239,442,0.3331,0.0135,0.00547,-0.03,0.0066
2026-08-11 13:52:29,719.3,2026-08-11,705.0,15.05,15.5,16.11,65,257,0.706,0.8614,0.01646,-0.975,0.042
2026-08-11 13:52:29,719.3,2026-08-11,706.0,13.27,16.3,16,2,442,0.7809,0.82,0.01766,-1.485,0.0499
2026-08-11 13:52:29,719.3,2026-08-11,707.0,11.41,13.57,13.29,1,283,0.4034,0.9479,0.01388,-0.19,0.0203
2026-08-11 13:52:29,719.3,2026-08-11,708.0,13.25,13.45,13.8,23,188,0.8085,0.7742,0.01954,-2.05,0.0572
2026-08-11 13:52:29,719.3,2026-08-11,709.0,11.09,11.48,13.2,7,263,0.5688,0.8336,0.02307,-0.985,0.0475
2026-08-11 13:52:29,719.3,2026-08-11,710.0,9.36,9.73,9.85,1,353,0.3449,0.9243,0.02173,-0.245,0.0271
2026-08-11 13:52:29,719.3,2026-08-11,711.0,8.15,8.31,10.39,61,84,,,,,
2026-08-11 13:52:29,719.3,2026-08-11,712.0,9.6,9.68,9.48,67,334,0.6857,0.7168,0.02595,-2.34,0.0644
2026-08-11 13:52:29,719.3,2026-08-11,713.0,7.38,7.61,8.49,65,1563,0.4569,0.7693,0.035,-1.195,0.0579
2026-08-11 13:52:29,719.3,2026-08-11,714.0,7.23,7.4,7.23,28,642,0.5448,0.6994,0.03358,-2.015,0.0662
2026-08-11 13:52:29,719.3,2026-08-11,715.0,5.04,5.17,5.17,5,1251,0.3087,0.7711,0.05158,-0.805,0.0576
2026-08-11 13:52:29,719.3,2026-08-11,716.0,3.99,4.03,3.99,32,1550,0.2518,0.7575,0.06527,-0.71,0.0595
2026-08-11 13:52:29,719.3,2026-08-11,717.0,4.019,4.07,4.07,6,633,0.3601,0.6347,0.0549,-1.7445,0.0715
2026-08-11 13:52:29,719.3,2026-08-11,718.0,3.85,3.95,3.85,27,1091,0.4216,0.5677,0.04904,-2.6,0.0748
2026-08-11 13:52:29,719.3,2026-08-11,719.0,3.07,3.21,3.07,129,623,0.3923,0.5193,0.0534,-2.84,0.0758
2026-08-11 13:52:29,719.3,2026-08-11,720.0,1.49,1.5,1.44,2067,550,0.239,0.442,0.08685,-1.495,0.0751
2026-08-11 13:52:29,719.3,2026-08-11,721.0,1.57,1.62,1.6,132,571,0.3079,0.3889,0.06546,-1.595,0.0729
2026-08-11 13:52:29,719.3,2026-08-11,722.0,1.37,1.38,1.37,421,935,0.3273,0.3354,0.05855,-1.375,0.0693
2026-08-11 13:52:29,719.3,2026-08-11,723.0,1.02,1.03,1.02,703,1120,0.3201,0.2748,0.05479,-1.025,0.0634
2026-08-11 13:52:29,719.3,2026-08-11,724.0,0.32,0.37,0.37,3965,419,0.2353,0.1494,0.05197,-0.345,0.0442
2026-08-11 13:52:29,719.3,2026-08-11,725.0,0.45,0.46,0.45,102,1752,0.2934,0.1564,0.04294,-0.455,0.0456
2026-08-11 13:52:29,719.3,2026-08-11,726.0,0.27,0.28,0.28,28,659,0.2809,0.1074,0.0346,-0.275,0.0352
2026-08-11 13:52:29,719.3,2026-08-11,727.0,0.24,0.25,0.24,97,760,0.3014,0.0921,0.02881,-0.245,0.0314
2026-08-11 13:52:29,719.3,2026-08-11,728.0,0.1,0.11,0.11,259,436,0.273,0.0487,0.01945,-0.105,0.0192
2026-08-11 13:52:29,719.3,2026-08-11,729.0,0.08,0.09,0.09,662,901,0.2861,0.039,0.0155,-0.085,0.016
2026-08-11 13:52:29,719.3,2026-08-11,730.0,0.05,0.06,0.06,96,4961,0.2874,0.0265,0.01122,-0.055,0.0117
2026-08-11 13:52:29,719.3,2026-08-11,731.0,0.03,0.08,0.05,15,405,0.3096,0.0248,0.00986,-0.055,0.011
2026-08-11 13:52:29,719.3,2026-08-11,732.0,0.04,0.05,0.05,128,635,0.3214,0.0201,0.00795,-0.045,0.0092
2026-08-11 13:52:29,719.3,2026-08-11,733.0,0.04,0.05,0.02,390,442,0.3425,0.019,0.00711,-0.045,0.0088
2026-08-11 13:52:29,719.3,2026-08-11,734.0,0.04,0.05,0.04,1057,359,0.3635,0.018,0.00641,-0.045,0.0084
2026-08-11 13:53:30,719.32,2026-08-11,705.0,15.05,15.5,16.11,65,257,0.7028,0.8631,0.01642,-0.955,0.0416
2026-08-11 13:53:30,719.32,2026-08-11,706.0,13.27,16.3,16,2,442,0.7787,0.8214,0.01765,-1.465,0.0496
2026-08-11 13:53:30,719.32,2026-08-11,707.0,11.41,13.57,13.29,1,283,0.3943,0.9523,0.01327,-0.17,0.0189
2026-08-11 13:53:30,719.32,2026-08-11,708.0,13.25,13.45,13.8,23,188,0.8069,0.7753,0.01955,-2.03,0.0569
2026-08-11 13:53:30,719.32,2026-08-11,709.0,11.09,11.48,13.2,7,263,0.5661,0.8355,0.02304,-0.965,0.0471
2026-08-11 13:53:30,719.32,2026-08-11,710.0,9.36,9.73,9.85,1,353,0.3384,0.9288,0.02116,-0.225,0.0258
2026-08-11 13:53:30,719.32,2026-08-11,711.0,8.15,8.31,10.39,61,84,,,,,
2026-08-11 13:53:30,719.32,2026-08-11,712.0,9.6,9.68,9.48,67,334,0.6844,0.7179,0.02599,-2.32,0.0642
2026-08-11 13:53:30,719.32,2026-08-11,713.0,7.38,7.61,8.49,65,1563,0.4549,0.7713,0.03503,-1.175,0.0575
2026-08-11 13:53:30,719.32,2026-08-11,714.0,7.23,7.4,7.23,28,642,0.5435,0.7007,0.03364,-1.995,0.066
2026-08-11 13:53:30,719.32,2026-08-11,715.0,5.04,5.17,5.17,6,1251,0.3064,0.774,0.05165,-0.785,0.0571
2026-08-11 13:53:30,719.32,2026-08-11,716.0,3.97,4.019,4.019,38,1550,0.247,0.7634,0.06576,-0.6745,0.0586
2026-08-11 13:53:30,719.32,2026-08-11,717.0,4.019,4.07,4.07,6,633,0.3588,0.6364,0.05508,-1.7245,0.0713
2026-08-11 13:53:30,719.32,2026-08-11,718.0,3.85,3.95,3.85,27,1091,0.4206,0.5689,0.04919,-2.58,0.0746
2026-08-11 13:53:30,719.32,2026-08-11,719.0,3.07,3.21,3.07,129,623,0.3915,0.5204,0.05358,-2.82,0.0757
2026-08-11 13:53:30,719.32,2026-08-11,720.0,1.38,1.41,1.41,3166,550,0.2248,0.4399,0.09238,-1.395,0.0749
2026-08-11 13:53:30,719.32,2026-08-11,721.0,1.57,1.62,1.6,132,571,0.3073,0.3898,0.06573,-1.595,0.0729
2026-08-11 13:53:30,719.32,2026-08-11,722.0,1.37,1.38,1.37,421,935,0.3268,0.3361,0.05877,-1.375,0.0693
2026-08-11 13:53:30,719.32,2026-08-11,723.0,1.02,1.03,1.02,703,1120,0.3196,0.2753,0.05499,-1.025,0.0634
2026-08-11 13:53:30,719.32,2026-08-11,724.0,0.36,0.37,0.37,4368,419,0.2394,0.1543,0.05226,-0.365,0.0451
2026-08-11 13:53:30,719.32,2026-08-11,725.0,0.45,0.46,0.45,102,1752,0.2931,0.1566,0.04309,-0.455,0.0456
2026-08-11 13:53:30,719.32,2026-08-11,726.0,0.27,0.28,0.28,28,659,0.2807,0.1076,0.03472,-0.275,0.0352
2026-08-11 13:53:30,719.32,2026-08-11,727.0,0.24,0.25,0.24,97,760,0.3013,0.0922,0.02889,-0.245,0.0314
2026-08-11 13:53:30,719.32,2026-08-11,728.0,0.1,0.11,0.11,260,436,0.2729,0.0488,0.01951,-0.105,0.0192
2026-08-11 13:53:30,719.32,2026-08-11,729.0,0.04,0.09,0.09,675,901,0.2726,0.0322,0.01393,-0.065,0.0137
2026-08-11 13:53:30,719.32,2026-08-11,730.0,0.05,0.06,0.06,96,4961,0.2874,0.0265,0.01125,-0.055,0.0117
2026-08-11 13:53:30,719.32,2026-08-11,731.0,0.03,0.08,0.05,15,405,0.3096,0.0248,0.00989,-0.055,0.011
2026-08-11 13:53:30,719.32,2026-08-11,732.0,0.01,0.02,0.02,148,635,0.2768,0.0086,0.00443,-0.015,0.0044
2026-08-11 13:53:30,719.32,2026-08-11,733.0,0.04,0.05,0.03,391,442,0.3426,0.019,0.00713,-0.045,0.0088
2026-08-11 13:53:30,719.32,2026-08-11,734.0,0.04,0.05,0.04,1057,359,0.3636,0.018,0.00642,-0.045,0.0084
2026-08-11 13:54:32,719.27,2026-08-11,705.0,15.05,15.5,16.11,65,257,0.7141,0.8589,0.01652,-1.005,0.0424
2026-08-11 13:54:32,719.27,2026-08-11,706.0,13.27,16.3,16,2,442,0.7881,0.818,0.01767,-1.515,0.0501
2026-08-11 13:54:32,719.27,2026-08-11,707.0,12.14,12.96,13.29,1,283,0.4433,0.9306,0.01586,-0.28,0.0253
2026-08-11 13:54:32,719.27,2026-08-11,708.0,13.25,13.45,13.8,23,188,0.8148,0.7725,0.01953,-2.08,0.0572
2026-08-11 13:54:32,719.27,2026-08-11,709.0,11.09,11.48,13.2,7,263,0.5757,0.8307,0.02311,-1.015,0.0479
2026-08-11 13:54:32,719.27,2026-08-11,710.0,9.36,9.73,9.85,1,353,0.3559,0.9178,0.02249,-0.275,0.0288
2026-08-11 13:54:32,719.27,2026-08-11,711.0,8.46,8.6,10.39,61,84,0.3215,0.9149,0.02553,-0.26,0.0295
2026-08-11 13:54:32,719.27,2026-08-11,712.0,9.6,9.68,9.48,67,334,0.691,0.7151,0.0259,-2.37,0.0644
2026-08-11 13:54:32,719.27,2026-08-11,713.0,7.38,7.61,8.49,65,1563,0.4622,0.7664,0.03494,-1.225,0.0581
2026-08-11 13:54:32,719.27,2026-08-11,714.0,7.23,7.4,7.23,28,642,0.5496,0.6973,0.03349,-2.045,0.0662
2026-08-11 13:54:32,719.27,2026-08-11,715.0,4.88,4.94,5.17,6,1251,0.2789,0.7932,0.054,-0.64,0.0542
2026-08-11 13:54:32,719.27,2026-08-11,716.0,4.08,4.12,4.12,44,1550,0.2712,0.7405,0.063,-0.83,0.0615
2026-08-11 13:54:32,719.27,2026-08-11,717.0,4.019,4.07,4.07,6,633,0.3638,0.6321,0.05462,-1.7745,0.0715
2026-08-11 13:54:32,719.27,2026-08-11,718.0,3.85,3.95,3.85,27,1091,0.425,0.5659,0.04881,-2.63,0.0746
2026-08-11 13:54:32,719.27,2026-08-11,719.0,3.07,3.21,3.07,129,623,0.3955,0.5176,0.05313,-2.87,0.0756
2026-08-11 13:54:32,719.27,2026-08-11,720.0,1.48,1.49,1.49,3707,550,0.2401,0.4395,0.08661,-1.485,0.0748
2026-08-11 13:54:32,719.27,2026-08-11,721.0,1.57,1.62,1.6,132,571,0.3104,0.3875,0.06506,-1.595,0.0726
2026-08-11 13:54:32,719.27,2026-08-11,722.0,1.37,1.38,1.37,421,935,0.3297,0.3343,0.05822,-1.375,0.069
2026-08-11 13:54:32,719.27,2026-08-11,723.0,1.02,1.03,1.02,703,1120,0.3223,0.274,0.05449,-1.025,0.0632
2026-08-11 13:54:32,719.27,2026-08-11,724.0,0.32,0.37,0.37,4690,419,0.2369,0.1489,0.05163,-0.345,0.044
2026-08-11 13:54:32,719.27,2026-08-11,725.0,0.45,0.46,0.45,102,1752,0.2953,0.1559,0.04272,-0.455,0.0454
2026-08-11 13:54:32,719.27,2026-08-11,726.0,0.27,0.28,0.28,28,659,0.2827,0.1072,0.03442,-0.275,0.035
2026-08-11 13:54:32,719.27,2026-08-11,727.0,0.24,0.25,0.24,97,760,0.3032,0.0918,0.02867,-0.245,0.0313
2026-08-11 13:54:32,719.27,2026-08-11,728.0,0.06,0.11,0.11,261,436,0.2635,0.0419,0.01792,-0.085,0.017
2026-08-11 13:54:32,719.27,2026-08-11,729.0,0.04,0.05,0.09,742,901,0.2578,0.0245,0.01175,-0.045,0.0109
2026-08-11 13:54:32,719.27,2026-08-11,730.0,0.05,0.06,0.06,96,4961,0.2889,0.0264,0.01118,-0.055,0.0116
2026-08-11 13:54:32,719.27,2026-08-11,731.0,0.03,0.08,0.05,15,405,0.3111,0.0248,0.00983,-0.055,0.011
2026-08-11 13:54:32,719.27,2026-08-11,732.0,0.04,0.05,0.05,161,635,0.3229,0.0201,0.00793,-0.045,0.0092
2026-08-11 13:54:32,719.27,2026-08-11,733.0,0.01,0.05,0.03,420,442,0.3248,0.0139,0.00576,-0.03,0.0067
2026-08-11 13:54:32,719.27,2026-08-11,734.0,0.04,0.05,0.04,1057,359,0.3652,0.018,0.00639,-0.045,0.0084
2026-08-11 13:55:33,719.06,2026-08-11,705.0,15.05,15.5,16.11,65,257,0.7556,0.8423,0.01685,-1.215,0.0456
2026-08-11 13:55:33,719.06,2026-08-11,706.0,13.27,16.3,16,2,442,0.8225,0.8047,0.01772,-1.725,0.0523
2026-08-11 13:55:33,719.06,2026-08-11,707.0,12,12.84,13.29,2,283,0.4675,0.9166,0.01733,-0.36,0.029
2026-08-11 13:55:33,719.06,2026-08-11,708.0,13.25,13.45,13.8,23,188,0.8438,0.7612,0.01941,-2.29,0.0587
2026-08-11 13:55:33,719.06,2026-08-11,709.0,11.09,11.48,13.2,7,263,0.6114,0.8119,0.02329,-1.225,0.0511
2026-08-11 13:55:33,719.06,2026-08-11,710.0,9.36,9.73,9.85,1,353,0.4128,0.88,0.0256,-0.485,0.0379
2026-08-11 13:55:33,719.06,2026-08-11,711.0,7.97,8.36,10.39,61,84,0.2507,0.9569,0.0193,-0.105,0.0173
2026-08-11 13:55:33,719.06,2026-08-11,712.0,9.6,9.68,9.48,67,334,0.7149,0.7037,0.02554,-2.58,0.0655
2026-08-11 13:55:33,719.06,2026-08-11,713.0,7.38,7.61,8.49,65,1563,0.4897,0.747,0.03449,-1.435,0.0605
2026-08-11 13:55:33,719.06,2026-08-11,714.0,7.23,7.4,7.23,28,642,0.5721,0.6838,0.03285,-2.255,0.0674
2026-08-11 13:55:33,719.06,2026-08-11,715.0,4.59,4.61,4.94,15,1251,0.2525,0.8049,0.05768,-0.54,0.0522
2026-08-11 13:55:33,719.06,2026-08-11,716.0,3.77,3.86,3.86,54,1550,0.2504,0.7436,0.06791,-0.755,0.061
2026-08-11 13:55:33,719.06,2026-08-11,717.0,4.019,4.07,4.07,6,633,0.3825,0.6152,0.05277,-1.9845,0.0724
2026-08-11 13:55:33,719.06,2026-08-11,718.0,3.85,3.95,3.85,27,1091,0.4414,0.5538,0.0473,-2.84,0.0748
2026-08-11 13:55:33,719.06,2026-08-11,719.0,3.07,3.21,3.07,129,623,0.4103,0.5063,0.05135,-3.08,0.0755
2026-08-11 13:55:33,719.06,2026-08-11,720.0,1.41,1.43,1.43,5536,550,0.2438,0.4225,0.08478,-1.42,0.0741
2026-08-11 13:55:33,719.06,2026-08-11,721.0,1.57,1.62,1.6,132,571,0.3219,0.3782,0.06238,-1.595,0.072
2026-08-11 13:55:33,719.06,2026-08-11,722.0,1.37,1.38,1.37,421,935,0.3403,0.3272,0.05602,-1.375,0.0683
2026-08-11 13:55:33,719.06,2026-08-11,723.0,1.02,1.03,1.02,703,1120,0.3318,0.2684,0.05247,-1.025,0.0624
2026-08-11 13:55:33,719.06,2026-08-11,724.0,0.33,0.34,0.34,5065,419,0.242,0.1431,0.0493,-0.335,0.0428
2026-08-11 13:55:33,719.06,2026-08-11,725.0,0.45,0.46,0.45,102,1752,0.3029,0.153,0.04119,-0.455,0.0447
2026-08-11 13:55:33,719.06,2026-08-11,726.0,0.27,0.28,0.28,28,659,0.2895,0.1052,0.03322,-0.275,0.0345
2026-08-11 13:55:33,719.06,2026-08-11,727.0,0.24,0.25,0.24,97,760,0.3098,0.0903,0.02777,-0.245,0.0308
2026-08-11 13:55:33,719.06,2026-08-11,728.0,0.06,0.11,0.11,312,436,0.269,0.0413,0.01734,-0.085,0.0167
2026-08-11 13:55:33,719.06,2026-08-11,729.0,0.08,0.09,0.09,759,901,0.2931,0.0383,0.01498,-0.085,0.0157
2026-08-11 13:55:33,719.06,2026-08-11,730.0,0.05,0.06,0.06,96,4961,0.2941,0.0261,0.01087,-0.055,0.0115
2026-08-11 13:55:33,719.06,2026-08-11,731.0,0.03,0.08,0.05,15,405,0.3163,0.0244,0.00958,-0.055,0.0109
2026-08-11 13:55:33,719.06,2026-08-11,732.0,0.01,0.05,0.05,163,635,0.3093,0.0145,0.0063,-0.03,0.007
2026-08-11 13:55:33,719.06,2026-08-11,733.0,0.04,0.05,0.04,442,442,0.3492,0.0187,0.00693,-0.045,0.0087
2026-08-11 13:55:33,719.06,2026-08-11,734.0,0.04,0.05,0.04,1057,359,0.3702,0.0178,0.00625,-0.045,0.0083
2026-08-11 13:56:35,719.64,2026-08-11,705.0,15.05,15.5,16.11,65,257,0.6322,0.8937,0.01534,-0.635,0.0347
2026-08-11 13:56:35,719.64,2026-08-11,706.0,13.27,16.3,16,2,442,0.7258,0.8447,0.01738,-1.145,0.0452
2026-08-11 13:56:35,719.64,2026-08-11,707.0,11.9,12.87,12.84,2,283,,,,,
2026-08-11 13:56:35,719.64,2026-08-11,708.0,13.25,13.45,13.8,23,188,0.7649,0.7945,0.01966,-1.71,0.0538
2026-08-11 13:56:35,719.64,2026-08-11,709.0,11.09,11.48,13.2,7,263,0.5058,0.8705,0.02204,-0.645,0.0399
2026-08-11 13:56:35,719.64,2026-08-11,710.0,9.36,9.73,9.85,1,353,,,,,
2026-08-11 13:56:35,719.64,2026-08-11,711.0,8.44,8.59,8.36,15,84,,,,,
2026-08-11 13:56:35,719.64,2026-08-11,712.0,9.6,9.68,9.48,67,334,0.6503,0.7371,0.02651,-2.0,0.0617
2026-08-11 13:56:35,719.64,2026-08-11,713.0,7.38,7.61,8.49,65,1563,0.4107,0.8069,0.03527,-0.855,0.0519
2026-08-11 13:56:35,719.64,2026-08-11,714.0,7.23,7.4,7.23,28,642,0.5105,0.7241,0.0346,-1.675,0.0632
2026-08-11 13:56:35,719.64,2026-08-11,715.0,5,5.03,4.97,17,1251,0.2394,0.8497,0.05152,-0.375,0.0442
2026-08-11 13:56:35,719.64,2026-08-11,716.0,4.1,4.15,4.19,60,1550,0.2263,0.8051,0.06435,-0.485,0.0521
2026-08-11 13:56:35,719.64,2026-08-11,717.0,4.019,4.07,4.07,6,633,0.3306,0.6666,0.05813,-1.4045,0.0688
2026-08-11 13:56:35,719.64,2026-08-11,718.0,3.85,3.95,3.85,27,1091,0.3974,0.5896,0.05171,-2.26,0.0736
2026-08-11 13:56:35,719.64,2026-08-11,719.0,3.07,3.21,3.07,133,623,0.3707,0.5395,0.0566,-2.5,0.0751
2026-08-11 13:56:35,719.64,2026-08-11,720.0,1.5,1.56,1.56,6464,550,0.2243,0.4694,0.0937,-1.53,0.0753
2026-08-11 13:56:35,719.64,2026-08-11,721.0,1.57,1.62,1.6,132,571,0.2911,0.4056,0.07038,-1.595,0.0734
2026-08-11 13:56:35,719.64,2026-08-11,722.0,1.37,1.38,1.37,421,935,0.3124,0.348,0.06252,-1.375,0.0699
2026-08-11 13:56:35,719.64,2026-08-11,723.0,1.02,1.03,1.02,703,1120,0.3069,0.2845,0.05841,-1.025,0.0642
2026-08-11 13:56:35,719.64,2026-08-11,724.0,0.32,0.37,0.37,6095,419,0.225,0.1555,0.05609,-0.345,0.0452
2026-08-11 13:56:35,719.64,2026-08-11,725.0,0.45,0.46,0.45,102,1752,0.2833,0.1615,0.04566,-0.455,0.0463
2026-08-11 13:56:35,719.64,2026-08-11,726.0,0.27,0.28,0.28,28,659,0.272,0.1108,0.03672,-0.275,0.0358
2026-08-11 13:56:35,719.64,2026-08-11,727.0,0.24,0.25,0.24,97,760,0.2931,0.0947,0.03039,-0.245,0.0319
2026-08-11 13:56:35,719.64,2026-08-11,728.0,0.06,0.07,0.11,329,436,0.2426,0.0357,0.01712,-0.065,0.0149
2026-08-11 13:56:35,719.64,2026-08-11,729.0,0.08,0.09,0.09,786,901,0.2794,0.0399,0.01628,-0.085,0.0163
2026-08-11 13:56:35,719.64,2026-08-11,730.0,0.05,0.06,0.06,96,4961,0.2813,0.0271,0.01176,-0.055,0.0118
2026-08-11 13:56:35,719.64,2026-08-11,731.0,0.03,0.08,0.05,15,405,0.3036,0.0254,0.01029,-0.055,0.0112
2026-08-11 13:56:35,719.64,2026-08-11,732.0,0.04,0.05,0.05,183,635,0.3157,0.0205,0.00828,-0.045,0.0094
2026-08-11 13:56:35,719.64,2026-08-11,733.0,0.01,0.05,0.04,442,442,0.318,0.0142,0.006,-0.03,0.0068
2026-08-11 13:56:35,719.64,2026-08-11,734.0,0.04,0.05,0.04,1057,359,0.3583,0.0183,0.00663,-0.045,0.0085
2026-08-11 13:57:37,719.98,2026-08-11,705.0,15.05,15.5,16.11,65,257,0.5266,0.9369,0.01244,-0.295,0.0234
2026-08-11 13:57:37,719.98,2026-08-11,706.0,11.56,14.1,16,2,442,,,,,
2026-08-11 13:57:37,719.98,2026-08-11,707.0,10.67,14.18,12.84,2,283,,,,,
2026-08-11 13:57:37,719.98,2026-08-11,708.0,13.25,13.45,13.8,23,188,0.7133,0.8178,0.01961,-1.37,0.05
2026-08-11 13:57:37,719.98,2026-08-11,709.0,11.09,11.48,13.2,7,263,0.4174,0.9208,0.0187,-0.305,0.0279
2026-08-11 13:57:37,719.98,2026-08-11,710.0,9.74,10.04,9.85,1,353,,,,,
2026-08-11 13:57:37,719.98,2026-08-11,711.0,9.03,9.06,9.06,16,84,0.2449,0.975,0.01264,-0.065,0.0111
2026-08-11 13:57:37,719.98,2026-08-11,712.0,9.6,9.68,9.48,67,334,0.609,0.7602,0.02699,-1.66,0.0587
2026-08-11 13:57:37,719.98,2026-08-11,713.0,7.38,7.61,8.49,65,1563,0.3519,0.8559,0.03411,-0.515,0.0429
2026-08-11 13:57:37,719.98,2026-08-11,714.0,7.23,7.4,7.23,28,642,0.4704,0.753,0.03551,-1.335,0.0597
2026-08-11 13:57:37,719.98,2026-08-11,715.0,5.07,5.2,5.2,58,1251,0.1906,0.9185,0.04183,-0.155,0.0285
2026-08-11 13:57:37,719.98,2026-08-11,716.0,4.48,4.57,4.31,62,1550,0.2509,0.8022,0.05865,-0.545,0.0526
2026-08-11 13:57:37,719.98,2026-08-11,717.0,4.019,4.07,4.07,6,633,0.2963,0.7057,0.06153,-1.0645,0.0652
2026-08-11 13:57:37,719.98,2026-08-11,718.0,3.85,3.95,3.85,27,1091,0.3699,0.6146,0.05468,-1.92,0.0723
2026-08-11 13:57:37,719.98,2026-08-11,719.0,2.16,2.18,2.18,151,623,0.215,0.5985,0.09515,-1.19,0.0731
2026-08-11 13:57:37,719.98,2026-08-11,720.0,1.78,1.79,1.63,6720,550,0.2366,0.5014,0.0892,-1.785,0.0754
2026-08-11 13:57:37,719.98,2026-08-11,721.0,1.57,1.62,1.6,132,571,0.2724,0.4246,0.07608,-1.595,0.0741
2026-08-11 13:57:37,719.98,2026-08-11,722.0,1.37,1.38,1.38,516,935,0.2957,0.362,0.06704,-1.375,0.0709
2026-08-11 13:57:37,719.98,2026-08-11,723.0,1.02,1.03,1.02,933,1120,0.2921,0.2953,0.0625,-1.025,0.0653
2026-08-11 13:57:37,719.98,2026-08-11,724.0,0.38,0.43,0.39,6295,419,0.2261,0.1762,0.06057,-0.405,0.0489
2026-08-11 13:57:37,719.98,2026-08-11,725.0,0.45,0.46,0.45,102,1752,0.2718,0.167,0.0487,-0.455,0.0473
2026-08-11 13:57:37,719.98,2026-08-11,726.0,0.27,0.28,0.28,28,659,0.2618,0.1144,0.03907,-0.275,0.0366
2026-08-11 13:57:37,719.98,2026-08-11,727.0,0.24,0.25,0.24,104,760,0.2834,0.0974,0.03214,-0.245,0.0325
2026-08-11 13:57:37,719.98,2026-08-11,728.0,0.1,0.11,0.11,341,436,0.2575,0.0515,0.02169,-0.105,0.02
2026-08-11 13:57:37,719.98,2026-08-11,729.0,0.04,0.05,0.05,794,901,0.2428,0.0259,0.01311,-0.045,0.0114
2026-08-11 13:57:37,719.98,2026-08-11,730.0,0.05,0.06,0.06,96,4961,0.2739,0.0278,0.01233,-0.055,0.0121
2026-08-11 13:57:37,719.98,2026-08-11,731.0,0.03,0.08,0.05,15,405,0.2964,0.0259,0.01075,-0.055,0.0114
2026-08-11 13:57:37,719.98,2026-08-11,732.0,0.01,0.05,0.05,183,635,0.2909,0.0154,0.00704,-0.03,0.0073
2026-08-11 13:57:37,719.98,2026-08-11,733.0,0.04,0.05,0.02,443,442,0.3302,0.0197,0.00767,-0.045,0.009
2026-08-11 13:57:37,719.98,2026-08-11,734.0,0.04,0.05,0.04,1057,359,0.3514,0.0187,0.00687,-0.045,0.0086
2026-08-11 13:58:38,719.72,2026-08-11,705.0,15.05,15.5,16.11,65,257,0.614,0.902,0.01493,-0.56,0.0326
2026-08-11 13:58:38,719.72,2026-08-11,706.0,11.56,14.1,16,2,442,,,,,
2026-08-11 13:58:38,719.72,2026-08-11,707.0,12.5,13.79,12.84,2,283,0.512,0.9093,0.0169,-0.43,0.0308
2026-08-11 13:58:38,719.72,2026-08-11,708.0,13.25,13.45,13.8,23,188,0.7559,0.7994,0.01966,-1.635,0.0529
2026-08-11 13:58:38,719.72,2026-08-11,709.0,11.09,11.48,13.2,7,263,0.4904,0.8801,0.02161,-0.57,0.0377
2026-08-11 13:58:38,719.72,2026-08-11,710.0,9.73,10.13,9.85,1,353,0.3478,0.9329,0.01979,-0.215,0.0245
2026-08-11 13:58:38,719.72,2026-08-11,711.0,8.67,9.19,9.06,16,84,0.3198,0.9279,0.02275,-0.215,0.0259
2026-08-11 13:58:38,719.72,2026-08-11,712.0,9.6,9.68,9.48,67,334,0.6431,0.7419,0.02662,-1.925,0.061
2026-08-11 13:58:38,719.72,2026-08-11,713.0,7.38,7.61,8.49,65,1563,0.3999,0.8165,0.03519,-0.78,0.0501
2026-08-11 13:58:38,719.72,2026-08-11,714.0,7.23,7.4,7.23,28,642,0.5033,0.7301,0.03481,-1.6,0.0624
2026-08-11 13:58:38,719.72,2026-08-11,715.0,5.33,5.45,5.2,58,1251,0.304,0.7974,0.04918,-0.675,0.0533
2026-08-11 13:58:38,719.72,2026-08-11,716.0,4.32,4.35,4.31,62,1550,0.2549,0.7829,0.06108,-0.62,0.0555
2026-08-11 13:58:38,719.72,2026-08-11,717.0,4.019,4.07,4.07,6,633,0.3242,0.6745,0.05887,-1.3295,0.068
2026-08-11 13:58:38,719.72,2026-08-11,718.0,3.85,3.95,3.85,27,1091,0.3924,0.5948,0.05234,-2.185,0.0732
2026-08-11 13:58:38,719.72,2026-08-11,719.0,2.16,2.18,2.18,151,623,0.2362,0.5668,0.08823,-1.455,0.0742
2026-08-11 13:58:38,719.72,2026-08-11,720.0,1.67,1.68,1.71,7041,550,0.2396,0.478,0.08812,-1.675,0.0752
2026-08-11 13:58:38,719.72,2026-08-11,721.0,1.57,1.62,1.6,132,571,0.2878,0.4095,0.07156,-1.595,0.0733
2026-08-11 13:58:38,719.72,2026-08-11,722.0,1.37,1.38,1.38,516,935,0.3096,0.3509,0.06346,-1.375,0.07
2026-08-11 13:58:38,719.72,2026-08-11,723.0,1.02,1.03,1.02,933,1120,0.3045,0.2868,0.05926,-1.025,0.0643
2026-08-11 13:58:38,719.72,2026-08-11,724.0,0.34,0.35,0.4,6321,419,0.223,0.1569,0.05708,-0.345,0.0453
2026-08-11 13:58:38,719.72,2026-08-11,725.0,0.45,0.46,0.45,102,1752,0.2815,0.1626,0.0463,-0.455,0.0464
2026-08-11 13:58:38,719.72,2026-08-11,726.0,0.27,0.28,0.28,28,659,0.2705,0.1116,0.03721,-0.275,0.0358
2026-08-11 13:58:38,719.72,2026-08-11,727.0,0.24,0.25,0.24,104,760,0.2917,0.0952,0.03076,-0.245,0.032
2026-08-11 13:58:38,719.72,2026-08-11,728.0,0.05,0.06,0.11,341,436,0.2345,0.0319,0.01617,-0.055,0.0135
2026-08-11 13:58:38,719.72,2026-08-11,729.0,0.08,0.09,0.09,814,901,0.2783,0.0402,0.01646,-0.085,0.0163
2026-08-11 13:58:38,719.72,2026-08-11,730.0,0.05,0.06,0.06,96,4961,0.2803,0.0273,0.01188,-0.055,0.0119
2026-08-11 13:58:38,719.72,2026-08-11,731.0,0.03,0.08,0.05,15,405,0.3028,0.0255,0.01039,-0.055,0.0112
2026-08-11 13:58:38,719.72,2026-08-11,732.0,0.01,0.02,0.05,183,635,0.271,0.0088,0.00466,-0.015,0.0045
2026-08-11 13:58:38,719.72,2026-08-11,733.0,0.01,0.02,0.02,443,442,0.2901,0.0083,0.00412,-0.015,0.0043
2026-08-11 13:58:38,719.72,2026-08-11,734.0,0.04,0.05,0.04,1057,359,0.3577,0.0184,0.00668,-0.045,0.0085
2026-08-11 13:59:40,720.58,2026-08-11,706.0,11.56,14.1,16,2,442,,,,,
2026-08-11 13:59:40,720.58,2026-08-11,707.0,12.39,13.85,13.36,3,283,,,,,
2026-08-11 13:59:40,720.58,2026-08-11,708.0,13.25,13.45,13.8,23,188,0.6034,0.8696,0.01862,-0.77,0.04
2026-08-11 13:59:40,720.58,2026-08-11,709.0,11.09,11.48,13.2,7,263,,,,,
2026-08-11 13:59:40,720.58,2026-08-11,710.0,9.65,10.35,9.85,1,353,,,,,
2026-08-11 13:59:40,720.58,2026-08-11,711.0,8.82,9.52,9.26,17,84,,,,,
2026-08-11 13:59:40,720.58,2026-08-11,712.0,9.6,9.68,9.48,67,334,0.5253,0.8106,0.02733,-1.06,0.0511
2026-08-11 13:59:40,720.58,2026-08-11,713.0,7.38,7.61,8.49,65,1563,,,,,
2026-08-11 13:59:40,720.58,2026-08-11,714.0,7.23,7.4,7.23,28,642,0.386,0.8201,0.03602,-0.735,0.0495
2026-08-11 13:59:40,720.58,2026-08-11,715.0,5.34,5.56,5.2,58,1251,,,,,
2026-08-11 13:59:40,720.58,2026-08-11,716.0,4.61,4.66,4.59,74,1550,0.1341,0.9661,0.02978,-0.055,0.0142
2026-08-11 13:59:40,720.58,2026-08-11,717.0,4.019,4.07,4.07,6,633,0.2208,0.8077,0.06562,-0.4645,0.0516
2026-08-11 13:59:40,720.58,2026-08-11,718.0,3.85,3.95,3.85,27,1091,0.3163,0.6703,0.06066,-1.32,0.0683
2026-08-11 13:59:40,720.58,2026-08-11,719.0,2.16,2.18,2.18,151,623,0.1601,0.7029,0.11459,-0.59,0.0653
2026-08-11 13:59:40,720.58,2026-08-11,720.0,1.79,1.81,1.79,7509,550,0.1967,0.5654,0.10605,-1.22,0.0743
2026-08-11 13:59:40,720.58,2026-08-11,721.0,1.57,1.62,1.6,132,571,0.2374,0.4658,0.08874,-1.595,0.075
2026-08-11 13:59:40,720.58,2026-08-11,722.0,1.37,1.38,1.38,516,935,0.265,0.3913,0.0768,-1.375,0.0725
2026-08-11 13:59:40,720.58,2026-08-11,723.0,1.02,1.03,1.02,933,1120,0.2652,0.3174,0.07122,-1.025,0.0672
2026-08-11 13:59:40,720.58,2026-08-11,724.0,0.4,0.41,0.41,6596,419,0.2047,0.1908,0.07042,-0.405,0.0513
2026-08-11 13:59:40,720.58,2026-08-11,725.0,0.45,0.46,0.45,102,1752,0.2511,0.1781,0.05503,-0.455,0.0492
2026-08-11 13:59:40,720.58,2026-08-11,726.0,0.27,0.28,0.28,28,659,0.2436,0.1216,0.04393,-0.275,0.0381
2026-08-11 13:59:40,720.58,2026-08-11,727.0,0.24,0.25,0.24,104,760,0.266,0.1028,0.03568,-0.245,0.0338
2026-08-11 13:59:40,720.58,2026-08-11,728.0,0.06,0.11,0.11,341,436,0.2325,0.0469,0.02236,-0.085,0.0185
2026-08-11 13:59:40,720.58,2026-08-11,729.0,0.04,0.05,0.08,903,901,0.2298,0.0272,0.01448,-0.045,0.0118
2026-08-11 13:59:40,720.58,2026-08-11,730.0,0.05,0.06,0.06,96,4961,0.2607,0.0291,0.01347,-0.055,0.0125
2026-08-11 13:59:40,720.58,2026-08-11,731.0,0.03,0.08,0.05,15,405,0.2835,0.027,0.01166,-0.055,0.0118
2026-08-11 13:59:40,720.58,2026-08-11,732.0,0.01,0.02,0.04,204,635,0.2544,0.0093,0.00522,-0.015,0.0047
2026-08-11 13:59:40,720.58,2026-08-11,733.0,0.01,0.02,0.02,446,442,0.2737,0.0087,0.00458,-0.015,0.0045
2026-08-11 13:59:40,720.58,2026-08-11,734.0,0.04,0.05,0.04,1057,359,0.3394,0.0193,0.00733,-0.045,0.0089
2026-08-11 13:59:40,720.58,2026-08-11,735.0,0.01,0.02,0.02,9,1261,0.3117,0.0078,0.00363,-0.015,0.004
2026-08-11 14:00:41,720.57,2026-08-11,706.0,13.67,15.47,16,2,442,,,,,
2026-08-11 14:00:41,720.57,2026-08-11,707.0,12.61,14.35,13.36,3,283,,,,,
2026-08-11 14:00:41,720.57,2026-08-11,708.0,13.25,13.45,13.8,23,188,0.6075,0.8681,0.01867,-0.785,0.0403
2026-08-11 14:00:41,720.57,2026-08-11,709.0,11.09,11.48,13.2,7,263,,,,,
2026-08-11 14:00:41,720.57,2026-08-11,710.0,10.55,11.59,9.85,1,353,0.4687,0.8876,0.02163,-0.505,0.036
2026-08-11 14:00:41,720.57,2026-08-11,711.0,9.03,10.42,9.26,17,84,0.3201,0.9457,0.01826,-0.16,0.0207
2026-08-11 14:00:41,720.57,2026-08-11,712.0,9.6,9.68,9.48,67,334,0.5284,0.8091,0.02734,-1.075,0.0513
2026-08-11 14:00:41,720.57,2026-08-11,713.0,7.38,7.61,8.49,65,1563,,,,,
2026-08-11 14:00:41,720.57,2026-08-11,714.0,7.23,7.4,7.23,28,642,0.389,0.818,0.03605,-0.75,0.0498
2026-08-11 14:00:41,720.57,2026-08-11,715.0,5.77,6.03,5.2,58,1251,0.262,0.8728,0.04222,-0.335,0.0393
2026-08-11 14:00:41,720.57,2026-08-11,716.0,4.95,5,5.1,84,1550,0.2457,0.8406,0.05242,-0.41,0.0457
2026-08-11 14:00:41,720.57,2026-08-11,717.0,4.019,4.07,4.07,6,633,0.2234,0.8043,0.06565,-0.4795,0.0521
2026-08-11 14:00:41,720.57,2026-08-11,718.0,3.85,3.95,3.85,27,1091,0.3182,0.6687,0.0605,-1.335,0.0683
2026-08-11 14:00:41,720.57,2026-08-11,719.0,2.51,2.53,2.18,151,623,0.2136,0.6545,0.09161,-0.955,0.0695
2026-08-11 14:00:41,720.57,2026-08-11,720.0,1.94,1.99,1.98,7852,550,0.2203,0.5573,0.09511,-1.4,0.0744
2026-08-11 14:00:41,720.57,2026-08-11,721.0,1.57,1.62,1.6,132,571,0.2387,0.4646,0.08838,-1.595,0.0749
2026-08-11 14:00:41,720.57,2026-08-11,722.0,1.37,1.38,1.38,516,935,0.2662,0.3905,0.07652,-1.375,0.0723
2026-08-11 14:00:41,720.57,2026-08-11,723.0,0.61,0.62,1.02,933,1120,0.203,0.2652,0.08568,-0.615,0.0617
2026-08-11 14:00:41,720.57,2026-08-11,724.0,0.42,0.48,0.44,6818,419,0.2143,0.2002,0.0694,-0.45,0.0528
2026-08-11 14:00:41,720.57,2026-08-11,725.0,0.45,0.46,0.45,102,1752,0.252,0.1778,0.05486,-0.455,0.0491
2026-08-11 14:00:41,720.57,2026-08-11,726.0,0.27,0.28,0.28,28,659,0.2444,0.1214,0.0438,-0.275,0.038
2026-08-11 14:00:41,720.57,2026-08-11,727.0,0.13,0.14,0.24,104,760,0.2298,0.0706,0.0312,-0.135,0.0254
2026-08-11 14:00:41,720.57,2026-08-11,728.0,0.1,0.11,0.07,351,436,0.2434,0.0542,0.02398,-0.105,0.0207
2026-08-11 14:00:41,720.57,2026-08-11,729.0,0.04,0.05,0.08,909,901,0.2304,0.0272,0.01444,-0.045,0.0118
2026-08-11 14:00:41,720.57,2026-08-11,730.0,0.05,0.06,0.06,96,4961,0.2615,0.029,0.01344,-0.055,0.0125
2026-08-11 14:00:41,720.57,2026-08-11,731.0,0.05,0.06,0.05,15,405,0.2842,0.027,0.01163,-0.055,0.0117
2026-08-11 14:00:41,720.57,2026-08-11,732.0,0.01,0.02,0.04,208,635,0.255,0.0093,0.00521,-0.015,0.0047
2026-08-11 14:00:41,720.57,2026-08-11,733.0,0.04,0.05,0.04,447,442,0.3188,0.0204,0.0082,-0.045,0.0093
2026-08-11 14:00:41,720.57,2026-08-11,734.0,0.04,0.05,0.04,1057,359,0.3402,0.0193,0.00732,-0.045,0.0088
2026-08-11 14:00:41,720.57,2026-08-11,735.0,0.01,0.02,0.02,9,1261,0.3124,0.0077,0.00362,-0.015,0.004
2026-08-11 14:01:45,721.23,2026-08-11,707.0,13.36,14.06,13.36,3,283,,,,,
2026-08-11 14:01:45,721.23,2026-08-11,708.0,13.25,13.45,13.8,23,188,0.3906,0.9659,0.01028,-0.12,0.0142
2026-08-11 14:01:45,721.23,2026-08-11,709.0,11.09,11.48,13.2,7,263,,,,,
2026-08-11 14:01:45,721.23,2026-08-11,710.0,10.6,11.04,9.85,1,353,,,,,
2026-08-11 14:01:45,721.23,2026-08-11,711.0,9.34,10.01,9.34,18,84,,,,,
2026-08-11 14:01:45,721.23,2026-08-11,712.0,9.6,9.68,9.48,67,334,0.3999,0.8928,0.02451,-0.41,0.0347
2026-08-11 14:01:45,721.23,2026-08-11,713.0,7.38,7.61,8.49,65,1563,,,,,
2026-08-11 14:01:45,721.23,2026-08-11,714.0,7.23,7.4,7.23,28,642,0.2193,0.9614,0.02026,-0.085,0.0158
2026-08-11 14:01:45,721.23,2026-08-11,715.0,5.74,5.99,5.74,59,1251,,,,,
2026-08-11 14:01:45,721.23,2026-08-11,716.0,5.05,5.13,5.05,97,1550,,,,,
2026-08-11 14:01:45,721.23,2026-08-11,717.0,4.019,4.07,4.07,6,633,,,,,
2026-08-11 14:01:45,721.23,2026-08-11,718.0,3.85,3.95,3.85,27,1091,0.2447,0.7613,0.06727,-0.67,0.0584
2026-08-11 14:01:45,721.23,2026-08-11,719.0,2.63,2.65,2.18,151,623,0.1588,0.7752,0.10025,-0.41,0.0564
2026-08-11 14:01:45,721.23,2026-08-11,720.0,2.04,2.05,2.04,9096,550,0.1768,0.6475,0.11158,-0.815,0.0699
2026-08-11 14:01:45,721.23,2026-08-11,721.0,1.57,1.62,1.6,132,571,0.1952,0.5283,0.10827,-1.365,0.0749
2026-08-11 14:01:45,721.23,2026-08-11,722.0,1.37,1.38,1.38,516,935,0.2293,0.4324,0.09106,-1.375,0.074
2026-08-11 14:01:45,721.23,2026-08-11,723.0,0.61,0.62,1.02,933,1120,0.1739,0.2976,0.10582,-0.615,0.0652
2026-08-11 14:01:45,721.23,2026-08-11,724.0,0.43,0.48,0.43,7209,419,0.1897,0.222,0.08331,-0.455,0.056
2026-08-11 14:01:45,721.23,2026-08-11,725.0,0.45,0.46,0.45,102,1752,0.2278,0.1925,0.06377,-0.455,0.0515
2026-08-11 14:01:45,721.23,2026-08-11,726.0,0.27,0.28,0.28,28,659,0.2233,0.1307,0.05052,-0.275,0.04
2026-08-11 14:01:45,721.23,2026-08-11,727.0,0.13,0.14,0.24,104,760,0.2116,0.0757,0.03579,-0.135,0.0268
2026-08-11 14:01:45,721.23,2026-08-11,728.0,0.06,0.07,0.07,359,436,0.2054,0.0415,0.02294,-0.065,0.0167
2026-08-11 14:01:45,721.23,2026-08-11,729.0,0.08,0.09,0.08,971,901,0.2417,0.0455,0.02101,-0.085,0.018
2026-08-11 14:01:45,721.23,2026-08-11,730.0,0.05,0.06,0.06,96,4961,0.2463,0.0306,0.01492,-0.055,0.013
2026-08-11 14:01:45,721.23,2026-08-11,731.0,0.05,0.06,0.05,15,405,0.2693,0.0283,0.01279,-0.055,0.0122
2026-08-11 14:01:45,721.23,2026-08-11,732.0,0.01,0.05,0.04,212,635,0.266,0.0167,0.0083,-0.03,0.0078
2026-08-11 14:01:45,721.23,2026-08-11,733.0,0.04,0.05,0.02,448,442,0.3045,0.0213,0.00889,-0.045,0.0096
2026-08-11 14:01:45,721.23,2026-08-11,734.0,0.04,0.05,0.04,1057,359,0.3262,0.02,0.00789,-0.045,0.0091
2026-08-11 14:01:45,721.23,2026-08-11,735.0,0.01,0.02,0.02,9,1261,0.3,0.008,0.0039,-0.015,0.0041
2026-08-11 14:01:45,721.23,2026-08-11,736.0,0.01,0.04,0.02,3,300,0.3399,0.0114,0.00467,-0.025,0.0056
2026-08-11 14:02:48,721.07,2026-08-11,707.0,13.86,14.27,13.36,3,283,,,,,
2026-08-11 14:02:48,721.07,2026-08-11,708.0,13.25,13.45,13.8,23,188,0.4719,0.9325,0.01471,-0.285,0.0245
2026-08-11 14:02:48,721.07,2026-08-11,709.0,11.09,11.48,13.2,7,263,,,,,
2026-08-11 14:02:48,721.07,2026-08-11,710.0,10.6,11.04,9.85,1,353,,,,,
2026-08-11 14:02:48,721.07,2026-08-11,711.0,10.11,10.29,9.34,18,84,0.3211,0.9542,0.01593,-0.135,0.0181
2026-08-11 14:02:48,721.07,2026-08-11,712.0,9.6,9.68,9.48,67,334,0.4391,0.8673,0.026,-0.575,0.0403
2026-08-11 14:02:48,721.07,2026-08-11,713.0,7.38,7.61,8.49,65,1563,,,,,
2026-08-11 14:02:48,721.07,2026-08-11,714.0,7.23,7.4,7.23,28,642,0.2854,0.9084,0.03066,-0.25,0.0309
2026-08-11 14:02:48,721.07,2026-08-11,715.0,6.32,6.61,5.74,59,1251,0.2954,0.8653,0.03904,-0.4,0.0408
2026-08-11 14:02:48,721.07,2026-08-11,716.0,5.38,5.55,5.38,111,1550,0.2615,0.8513,0.04717,-0.4,0.0436
2026-08-11 14:02:48,721.07,2026-08-11,717.0,4.019,4.07,4.07,6,633,,,,,
2026-08-11 14:02:48,721.07,2026-08-11,718.0,3.85,3.95,3.85,27,1091,0.2656,0.7333,0.06582,-0.835,0.0618
2026-08-11 14:02:48,721.07,2026-08-11,719.0,2.63,2.65,2.18,151,623,0.18,0.7323,0.0973,-0.575,0.0619
2026-08-11 14:02:48,721.07,2026-08-11,720.0,2.36,2.39,2.36,9982,550,0.2375,0.5974,0.08669,-1.31,0.0727
2026-08-11 14:02:48,721.07,2026-08-11,721.0,1.57,1.62,1.6,132,571,0.2069,0.5099,0.10254,-1.53,0.075
2026-08-11 14:02:48,721.07,2026-08-11,722.0,1.37,1.38,1.38,516,935,0.2392,0.4207,0.08696,-1.375,0.0735
2026-08-11 14:02:48,721.07,2026-08-11,723.0,0.61,0.62,1.02,933,1120,0.1816,0.2886,0.10005,-0.615,0.0642
2026-08-11 14:02:48,721.07,2026-08-11,724.0,0.57,0.58,0.53,7369,419,0.2176,0.2395,0.0759,-0.575,0.0584
2026-08-11 14:02:48,721.07,2026-08-11,725.0,0.45,0.46,0.45,102,1752,0.2343,0.1886,0.06133,-0.455,0.0508
2026-08-11 14:02:48,721.07,2026-08-11,726.0,0.27,0.28,0.28,28,659,0.229,0.1283,0.04869,-0.275,0.0394
2026-08-11 14:02:48,721.07,2026-08-11,727.0,0.13,0.14,0.24,104,760,0.2165,0.0743,0.03455,-0.135,0.0264
2026-08-11 14:02:48,721.07,2026-08-11,728.0,0.06,0.07,0.07,362,436,0.2098,0.0408,0.02219,-0.065,0.0165
2026-08-11 14:02:48,721.07,2026-08-11,729.0,0.04,0.05,0.05,978,901,0.2195,0.0284,0.01577,-0.045,0.0122
2026-08-11 14:02:48,721.07,2026-08-11,730.0,0.05,0.06,0.06,96,4961,0.2505,0.0302,0.01453,-0.055,0.0129
2026-08-11 14:02:48,721.07,2026-08-11,731.0,0.05,0.06,0.05,15,405,0.2735,0.028,0.01248,-0.055,0.0121
2026-08-11 14:02:48,721.07,2026-08-11,732.0,0.04,0.05,0.04,212,635,0.2868,0.0225,0.00991,-0.045,0.01
2026-08-11 14:02:48,721.07,2026-08-11,733.0,0.01,0.02,0.02,478,442,0.2653,0.009,0.00487,-0.015,0.0046
2026-08-11 14:02:48,721.07,2026-08-11,734.0,0.04,0.05,0.04,1057,359,0.3303,0.0198,0.00774,-0.045,0.009
2026-08-11 14:02:48,721.07,2026-08-11,735.0,0.01,0.02,0.02,9,1261,0.3036,0.008,0.00382,-0.015,0.0041
2026-08-11 14:02:48,721.07,2026-08-11,736.0,0.01,0.04,0.02,3,300,0.3437,0.0113,0.00459,-0.025,0.0056
2026-08-11 14:03:49,721.31,2026-08-11,707.0,13.97,14.51,13.36,3,283,,,,,
2026-08-11 14:03:49,721.31,2026-08-11,708.0,13.25,13.45,13.8,23,188,0.3079,0.9901,0.00456,-0.04,0.0049
2026-08-11 14:03:49,721.31,2026-08-11,709.0,11.09,11.48,13.2,7,263,,,,,
2026-08-11 14:03:49,721.31,2026-08-11,710.0,10.6,11.04,9.85,1,353,,,,,
2026-08-11 14:03:49,721.31,2026-08-11,711.0,10.28,10.38,9.34,18,84,,,,,
2026-08-11 14:03:49,721.31,2026-08-11,712.0,9.6,9.68,9.48,67,334,0.3792,0.9072,0.02332,-0.33,0.0312
2026-08-11 14:03:49,721.31,2026-08-11,713.0,7.38,7.61,8.49,65,1563,,,,,
2026-08-11 14:03:49,721.31,2026-08-11,714.0,7.23,7.4,7.23,28,642,,,,,
2026-08-11 14:03:49,721.31,2026-08-11,715.0,6.17,6.43,6.3,69,1251,,,,,
2026-08-11 14:03:49,721.31,2026-08-11,716.0,5.49,5.52,5.49,124,1550,0.2152,0.9077,0.04094,-0.195,0.0311
2026-08-11 14:03:49,721.31,2026-08-11,717.0,4.019,4.07,4.07,6,633,,,,,
2026-08-11 14:03:49,721.31,2026-08-11,718.0,3.85,3.95,3.85,27,1091,0.2347,0.7766,0.06779,-0.59,0.0561
2026-08-11 14:03:49,721.31,2026-08-11,719.0,2.63,2.65,2.18,151,623,0.1477,0.8006,0.10076,-0.33,0.0525
2026-08-11 14:03:49,721.31,2026-08-11,720.0,2.35,2.38,2.35,11105,550,0.2155,0.6301,0.0933,-1.055,0.0709
2026-08-11 14:03:49,721.31,2026-08-11,721.0,1.57,1.62,1.6,132,571,0.1901,0.5379,0.11128,-1.285,0.0746
2026-08-11 14:03:49,721.31,2026-08-11,722.0,1.37,1.38,1.38,516,935,0.2253,0.4384,0.09318,-1.375,0.074
2026-08-11 14:03:49,721.31,2026-08-11,723.0,0.61,0.62,1.02,933,1120,0.1707,0.3023,0.10885,-0.615,0.0655
2026-08-11 14:03:49,721.31,2026-08-11,724.0,0.55,0.56,0.55,7820,419,0.2044,0.2447,0.08184,-0.555,0.059
2026-08-11 14:03:49,721.31,2026-08-11,725.0,0.45,0.46,0.45,102,1752,0.2255,0.1945,0.06502,-0.455,0.0517
2026-08-11 14:03:49,721.31,2026-08-11,726.0,0.27,0.28,0.28,28,659,0.2213,0.132,0.05144,-0.275,0.0401
2026-08-11 14:03:49,721.31,2026-08-11,727.0,0.13,0.14,0.24,104,760,0.2099,0.0764,0.03642,-0.135,0.027
2026-08-11 14:03:49,721.31,2026-08-11,728.0,0.1,0.11,0.07,364,436,0.2248,0.0582,0.02756,-0.105,0.0218
2026-08-11 14:03:49,721.31,2026-08-11,729.0,0.04,0.05,0.05,1245,901,0.2141,0.0291,0.01649,-0.045,0.0125
2026-08-11 14:03:49,721.31,2026-08-11,730.0,0.05,0.06,0.06,96,4961,0.2451,0.0308,0.01511,-0.055,0.0131
2026-08-11 14:03:49,721.31,2026-08-11,731.0,0.05,0.06,0.05,15,405,0.2682,0.0285,0.01294,-0.055,0.0122
2026-08-11 14:03:49,721.31,2026-08-11,732.0,0.01,0.05,0.04,212,635,0.265,0.0168,0.00839,-0.03,0.0078
2026-08-11 14:03:49,721.31,2026-08-11,733.0,0.04,0.05,0.04,482,442,0.3037,0.0214,0.00898,-0.045,0.0096
2026-08-11 14:03:49,721.31,2026-08-11,734.0,0.04,0.05,0.04,1057,359,0.3253,0.0201,0.00796,-0.045,0.0091
2026-08-11 14:03:49,721.31,2026-08-11,735.0,0.01,0.02,0.02,9,1261,0.2993,0.0081,0.00393,-0.015,0.0041
2026-08-11 14:03:49,721.31,2026-08-11,736.0,0.01,0.04,0.02,3,300,0.3392,0.0114,0.00471,-0.025,0.0056
2026-08-11 14:04:51,721.24,2026-08-11,707.0,14.57,14.95,13.36,3,283,0.591,0.9045,0.01531,-0.52,0.0318
2026-08-11 14:04:51,721.24,2026-08-11,708.0,13.25,13.45,13.8,23,188,0.3854,0.9684,0.00984,-0.11,0.0133
2026-08-11 14:04:51,721.24,2026-08-11,709.0,11.09,11.48,13.2,7,263,,,,,
2026-08-11 14:04:51,721.24,2026-08-11,710.0,11.34,11.59,9.85,1,353,0.397,0.937,0.01663,-0.225,0.0232
2026-08-11 14:04:51,721.24,2026-08-11,711.0,10.34,10.47,9.34,18,84,0.3422,0.9469,0.01687,-0.165,0.0203
2026-08-11 14:04:51,721.24,2026-08-11,712.0,9.6,9.68,9.48,67,334,0.3991,0.8945,0.02438,-0.4,0.0342
2026-08-11 14:04:51,721.24,2026-08-11,713.0,7.38,7.61,8.49,65,1563,,,,,
2026-08-11 14:04:51,721.24,2026-08-11,714.0,7.23,7.4,7.23,28,642,0.2139,0.9658,0.01891,-0.075,0.0142
2026-08-11 14:04:51,721.24,2026-08-11,715.0,6.44,6.8,6.29,70,1251,0.2971,0.8714,0.03771,-0.38,0.0394
2026-08-11 14:04:51,721.24,2026-08-11,716.0,5.63,5.94,5.83,133,1550,0.3001,0.827,0.04548,-0.545,0.048
2026-08-11 14:04:51,721.24,2026-08-11,717.0,4.019,4.07,4.07,6,633,,,,,
2026-08-11 14:04:51,721.24,2026-08-11,718.0,3.85,3.95,3.85,27,1091,0.2445,0.7631,0.06735,-0.66,0.0579
2026-08-11 14:04:51,721.24,2026-08-11,719.0,2.63,2.65,2.18,151,623,0.1581,0.7781,0.10036,-0.4,0.0558
2026-08-11 14:04:51,721.24,2026-08-11,720.0,2.47,2.55,2.55,11409,550,0.2422,0.6107,0.08445,-1.27,0.0719
2026-08-11 14:04:51,721.24,2026-08-11,721.0,1.57,1.62,1.6,132,571,0.1953,0.5294,0.10863,-1.355,0.0746
2026-08-11 14:04:51,721.24,2026-08-11,722.0,1.37,1.38,1.38,516,935,0.2298,0.4331,0.09131,-1.375,0.0737
2026-08-11 14:04:51,721.24,2026-08-11,723.0,0.61,0.62,1.02,933,1120,0.1742,0.2982,0.10619,-0.615,0.065
2026-08-11 14:04:51,721.24,2026-08-11,724.0,0.63,0.64,0.61,8002,419,0.2211,0.2557,0.07758,-0.635,0.0603
2026-08-11 14:04:51,721.24,2026-08-11,725.0,0.45,0.46,0.45,102,1752,0.2285,0.1928,0.06392,-0.455,0.0513
2026-08-11 14:04:51,721.24,2026-08-11,726.0,0.27,0.28,0.28,28,659,0.2239,0.1309,0.05063,-0.275,0.0399
2026-08-11 14:04:51,721.24,2026-08-11,727.0,0.13,0.14,0.24,104,760,0.2122,0.0758,0.03586,-0.135,0.0268
2026-08-11 14:04:51,721.24,2026-08-11,728.0,0.11,0.12,0.09,380,436,0.2314,0.0614,0.02797,-0.115,0.0228
2026-08-11 14:04:51,721.24,2026-08-11,729.0,0.08,0.09,0.08,1246,901,0.2425,0.0455,0.02104,-0.085,0.0179
2026-08-11 14:04:51,721.24,2026-08-11,730.0,0.05,0.06,0.06,96,4961,0.2471,0.0306,0.01494,-0.055,0.013
2026-08-11 14:04:51,721.24,2026-08-11,731.0,0.05,0.06,0.05,15,405,0.2702,0.0283,0.01281,-0.055,0.0122
2026-08-11 14:04:51,721.24,2026-08-11,732.0,0.01,0.02,0.02,263,635,0.2431,0.0098,0.00572,-0.015,0.0049
2026-08-11 14:04:51,721.24,2026-08-11,733.0,0.03,0.04,0.02,491,442,0.2944,0.0176,0.00787,-0.035,0.0081
2026-08-11 14:04:51,721.24,2026-08-11,734.0,0.04,0.05,0.04,1057,359,0.3274,0.02,0.0079,-0.045,0.0091
2026-08-11 14:04:51,721.24,2026-08-11,735.0,0.01,0.02,0.02,9,1261,0.3011,0.008,0.0039,-0.015,0.0041
2026-08-11 14:04:51,721.24,2026-08-11,736.0,0.03,0.04,0.02,3,300,0.357,0.0148,0.0056,-0.035,0.007
2026-08-11 14:05:53,721.62,2026-08-11,707.0,14.32,14.62,13.36,3,283,,,,,
2026-08-11 14:05:53,721.62,2026-08-11,708.0,13.25,13.45,13.8,23,188,,,,,
2026-08-11 14:05:53,721.62,2026-08-11,709.0,11.09,11.48,13.2,7,263,,,,,
2026-08-11 14:05:53,721.62,2026-08-11,710.0,11.23,11.91,9.85,1,353,,,,,
2026-08-11 14:05:53,721.62,2026-08-11,711.0,10.23,10.47,10.28,23,84,,,,,
2026-08-11 14:05:53,721.62,2026-08-11,712.0,9.6,9.68,9.48,67,334,0.1947,0.9961,0.00316,-0.025,0.0022
2026-08-11 14:05:53,721.62,2026-08-11,713.0,7.38,7.61,8.49,65,1563,,,,,
2026-08-11 14:05:53,721.62,2026-08-11,714.0,7.23,7.4,7.23,28,642,,,,,
2026-08-11 14:05:53,721.62,2026-08-11,715.0,6.5,6.58,6.35,78,1251,,,,,
2026-08-11 14:05:53,721.62,2026-08-11,716.0,5.58,5.73,5.57,212,1550,0.1461,0.9808,0.01712,-0.04,0.0088
2026-08-11 14:05:53,721.62,2026-08-11,717.0,4.019,4.07,4.07,6,633,,,,,
2026-08-11 14:05:53,721.62,2026-08-11,718.0,3.85,3.95,3.85,27,1091,0.1858,0.853,0.06607,-0.285,0.0431
2026-08-11 14:05:53,721.62,2026-08-11,719.0,2.63,2.65,2.18,151,623,0.0612,0.9893,0.02454,-0.025,0.0053
2026-08-11 14:05:53,721.62,2026-08-11,720.0,2.34,2.36,2.32,12087,550,0.185,0.6826,0.10286,-0.735,0.0667
2026-08-11 14:05:53,721.62,2026-08-11,721.0,1.57,1.62,1.6,132,571,0.1675,0.5812,0.12448,-0.98,0.0732
2026-08-11 14:05:53,721.62,2026-08-11,722.0,1.37,1.38,1.38,516,935,0.2074,0.4637,0.10227,-1.375,0.0744
2026-08-11 14:05:53,721.62,2026-08-11,723.0,0.61,0.62,1.02,933,1120,0.1568,0.3221,0.12207,-0.615,0.0672
2026-08-11 14:05:53,721.62,2026-08-11,724.0,0.57,0.58,0.57,8237,419,0.1955,0.2604,0.08866,-0.575,0.0608
2026-08-11 14:05:53,721.62,2026-08-11,725.0,0.45,0.46,0.45,102,1752,0.2146,0.2026,0.07021,-0.455,0.0528
2026-08-11 14:05:53,721.62,2026-08-11,726.0,0.27,0.28,0.28,28,659,0.2118,0.137,0.05528,-0.275,0.0411
2026-08-11 14:05:53,721.62,2026-08-11,727.0,0.13,0.14,0.24,104,760,0.2018,0.0791,0.039,-0.135,0.0276
2026-08-11 14:05:53,721.62,2026-08-11,728.0,0.06,0.11,0.09,387,436,0.2078,0.052,0.02736,-0.085,0.0199
2026-08-11 14:05:53,721.62,2026-08-11,729.0,0.08,0.09,0.05,1261,901,0.2333,0.0471,0.0225,-0.085,0.0184
2026-08-11 14:05:53,721.62,2026-08-11,730.0,0.05,0.06,0.06,96,4961,0.2386,0.0316,0.0159,-0.055,0.0133
2026-08-11 14:05:53,721.62,2026-08-11,731.0,0.05,0.06,0.05,15,405,0.2618,0.0291,0.01354,-0.055,0.0124
2026-08-11 14:05:53,721.62,2026-08-11,732.0,0.01,0.05,0.04,292,635,0.2592,0.0172,0.00876,-0.03,0.008
2026-08-11 14:05:53,721.62,2026-08-11,733.0,0.01,0.04,0.03,494,442,0.2733,0.0139,0.00694,-0.025,0.0067
2026-08-11 14:05:53,721.62,2026-08-11,734.0,0.04,0.05,0.04,1057,359,0.3195,0.0205,0.00825,-0.045,0.0093
2026-08-11 14:05:53,721.62,2026-08-11,735.0,0.01,0.02,0.02,9,1261,0.2942,0.0082,0.00407,-0.015,0.0042
2026-08-11 14:05:53,721.62,2026-08-11,736.0,0.03,0.04,0.02,3,300,0.3496,0.0151,0.00582,-0.035,0.0071
2026-08-11 14:06:55,721.83,2026-08-11,707.0,14.93,15.25,13.36,3,283,0.5147,0.9411,0.01219,-0.265,0.022
2026-08-11 14:06:55,721.83,2026-08-11,708.0,13.25,13.45,13.8,23,188,,,,,
2026-08-11 14:06:55,721.83,2026-08-11,709.0,11.09,11.48,13.2,7,263,,,,,
2026-08-11 14:06:55,721.83,2026-08-11,710.0,11.23,11.91,9.85,1,353,,,,,
2026-08-11 14:06:55,721.83,2026-08-11,711.0,10.61,10.9,10.28,23,84,,,,,
2026-08-11 14:06:55,721.83,2026-08-11,712.0,9.6,9.68,9.48,67,334,,,,,
2026-08-11 14:06:55,721.83,2026-08-11,713.0,7.38,7.61,8.49,65,1563,,,,,
2026-08-11 14:06:55,721.83,2026-08-11,714.0,7.23,7.4,7.23,28,642,,,,,
2026-08-11 14:06:55,721.83,2026-08-11,715.0,6.79,7.19,6.35,78,1251,0.2494,0.9302,0.02871,-0.165,0.0251
2026-08-11 14:06:55,721.83,2026-08-11,716.0,5.99,6.1,5.42,217,1550,0.2396,0.9053,0.03761,-0.22,0.0315
2026-08-11 14:06:55,721.83,2026-08-11,717.0,4.019,4.07,4.07,6,633,,,,,
2026-08-11 14:06:55,721.83,2026-08-11,718.0,3.85,3.95,3.85,27,1091,0.128,0.9465,0.04546,-0.075,0.0204
2026-08-11 14:06:55,721.83,2026-08-11,719.0,2.63,2.65,2.18,151,623,,,,,
2026-08-11 14:06:55,721.83,2026-08-11,720.0,2.78,2.79,2.71,12660,550,0.2288,0.6681,0.08479,-0.96,0.0679
2026-08-11 14:06:55,721.83,2026-08-11,721.0,1.57,1.62,1.6,132,571,0.1504,0.619,0.13545,-0.77,0.0713
2026-08-11 14:06:55,721.83,2026-08-11,722.0,1.37,1.38,1.38,516,935,0.1944,0.4841,0.10963,-1.375,0.0746
2026-08-11 14:06:55,721.83,2026-08-11,723.0,0.61,0.62,1.02,933,1120,0.1468,0.338,0.13308,-0.615,0.0684
2026-08-11 14:06:55,721.83,2026-08-11,724.0,0.71,0.72,0.53,8379,419,0.2089,0.292,0.08787,-0.715,0.0642
2026-08-11 14:06:55,721.83,2026-08-11,725.0,0.45,0.46,0.45,102,1752,0.2068,0.2087,0.07423,-0.455,0.0537
2026-08-11 14:06:55,721.83,2026-08-11,726.0,0.27,0.28,0.28,28,659,0.2051,0.1408,0.05823,-0.275,0.0418
2026-08-11 14:06:55,721.83,2026-08-11,727.0,0.13,0.14,0.24,104,760,0.1961,0.0811,0.04096,-0.135,0.0281
2026-08-11 14:06:55,721.83,2026-08-11,728.0,0.12,0.13,0.09,387,436,0.2203,0.0689,0.03219,-0.125,0.0248
2026-08-11 14:06:55,721.83,2026-08-11,729.0,0.08,0.09,0.06,1262,901,0.2282,0.048,0.0234,-0.085,0.0187
2026-08-11 14:06:55,721.83,2026-08-11,730.0,0.05,0.06,0.06,96,4961,0.234,0.0322,0.01648,-0.055,0.0135
2026-08-11 14:06:55,721.83,2026-08-11,731.0,0.05,0.06,0.05,15,405,0.2573,0.0296,0.01399,-0.055,0.0126
2026-08-11 14:06:55,721.83,2026-08-11,732.0,0.01,0.02,0.04,293,635,0.2321,0.0102,0.00624,-0.015,0.0051
2026-08-11 14:06:55,721.83,2026-08-11,733.0,0.01,0.02,0.02,495,442,0.2518,0.0095,0.0054,-0.015,0.0048
2026-08-11 14:06:55,721.83,2026-08-11,734.0,0.04,0.05,0.04,1057,359,0.3154,0.0207,0.00846,-0.045,0.0093
2026-08-11 14:06:55,721.83,2026-08-11,735.0,0.01,0.02,0.02,9,1261,0.2905,0.0083,0.00418,-0.015,0.0042
2026-08-11 14:06:55,721.83,2026-08-11,736.0,0.03,0.04,0.02,3,300,0.3457,0.0153,0.00595,-0.035,0.0072
2026-08-11 14:07:56,722.01,2026-08-11,708.0,13.25,13.45,13.8,23,188,,,,,
2026-08-11 14:07:56,722.01,2026-08-11,709.0,11.09,11.48,13.2,7,263,,,,,
2026-08-11 14:07:56,722.01,2026-08-11,710.0,11.62,11.79,9.85,1,353,,,,,
2026-08-11 14:07:56,722.01,2026-08-11,711.0,10.61,11.08,10.28,23,84,,,,,
2026-08-11 14:07:56,722.01,2026-08-11,712.0,9.6,9.68,9.48,67,334,,,,,
2026-08-11 14:07:56,722.01,2026-08-11,713.0,7.38,7.61,8.49,65,1563,,,,,
2026-08-11 14:07:56,722.01,2026-08-11,714.0,7.23,7.4,7.23,28,642,,,,,
2026-08-11 14:07:56,722.01,2026-08-11,715.0,6.75,7.07,6.35,78,1251,,,,,
2026-08-11 14:07:56,722.01,2026-08-11,716.0,5.96,5.99,6.03,223,1550,,,,,
2026-08-11 14:07:56,722.01,2026-08-11,717.0,4.019,4.07,4.07,6,633,,,,,
2026-08-11 14:07:56,722.01,2026-08-11,718.0,3.85,3.95,3.85,27,1091,,,,,
2026-08-11 14:07:56,722.01,2026-08-11,719.0,2.63,2.65,2.18,151,623,,,,,
2026-08-11 14:07:56,722.01,2026-08-11,720.0,2.57,2.62,2.7,13576,550,0.1803,0.7277,0.09855,-0.585,0.062
2026-08-11 14:07:56,722.01,2026-08-11,721.0,1.57,1.62,1.6,132,571,0.1337,0.6608,0.14654,-0.585,0.0684
2026-08-11 14:07:56,722.01,2026-08-11,722.0,1.37,1.38,1.38,516,935,0.1824,0.5045,0.11705,-1.365,0.0745
2026-08-11 14:07:56,722.01,2026-08-11,723.0,0.61,0.62,1.02,933,1120,0.1378,0.354,0.14448,-0.615,0.0695
2026-08-11 14:07:56,722.01,2026-08-11,724.0,0.66,0.67,0.64,8470,419,0.193,0.2936,0.09548,-0.665,0.0643
2026-08-11 14:07:56,722.01,2026-08-11,725.0,0.45,0.46,0.45,102,1752,0.1998,0.2145,0.07814,-0.455,0.0545
2026-08-11 14:07:56,722.01,2026-08-11,726.0,0.27,0.28,0.28,28,659,0.1991,0.1443,0.06106,-0.275,0.0425
2026-08-11 14:07:56,722.01,2026-08-11,727.0,0.13,0.14,0.24,104,760,0.191,0.083,0.04284,-0.135,0.0286
2026-08-11 14:07:56,722.01,2026-08-11,728.0,0.11,0.12,0.09,387,436,0.2114,0.0665,0.03269,-0.115,0.0241
2026-08-11 14:07:56,722.01,2026-08-11,729.0,0.04,0.09,0.05,1266,901,0.2125,0.0406,0.02195,-0.065,0.0163
2026-08-11 14:07:56,722.01,2026-08-11,730.0,0.05,0.06,0.06,96,4961,0.2299,0.0327,0.01702,-0.055,0.0137
2026-08-11 14:07:56,722.01,2026-08-11,731.0,0.05,0.06,0.05,15,405,0.2533,0.0301,0.0144,-0.055,0.0127
2026-08-11 14:07:56,722.01,2026-08-11,732.0,0.04,0.05,0.04,308,635,0.2675,0.024,0.0113,-0.045,0.0106
2026-08-11 14:07:56,722.01,2026-08-11,733.0,0.01,0.04,0.03,505,442,0.2658,0.0143,0.00732,-0.025,0.0068
2026-08-11 14:07:56,722.01,2026-08-11,734.0,0.04,0.05,0.04,1057,359,0.3117,0.021,0.00865,-0.045,0.0094
2026-08-11 14:07:56,722.01,2026-08-11,735.0,0.01,0.02,0.02,9,1261,0.2873,0.0084,0.00427,-0.015,0.0043
2026-08-11 14:07:56,722.01,2026-08-11,736.0,0.03,0.04,0.02,3,300,0.3422,0.0154,0.00607,-0.035,0.0072
2026-08-11 14:07:56,722.01,2026-08-11,737.0,0,0.03,0.01,283,250,0.3107,0.0054,0.00268,-0.01,0.0029
2026-08-11 14:08:58,721.86,2026-08-11,707.0,14.96,15.35,13.36,3,283,0.5325,0.9357,0.01265,-0.3,0.0234
2026-08-11 14:08:58,721.86,2026-08-11,708.0,13.25,13.45,13.8,23,188,,,,,
2026-08-11 14:08:58,721.86,2026-08-11,709.0,11.09,11.48,13.2,7,263,,,,,
2026-08-11 14:08:58,721.86,2026-08-11,710.0,11.62,11.79,9.85,1,353,,,,,
2026-08-11 14:08:58,721.86,2026-08-11,711.0,10.63,11.25,10.28,23,84,0.3102,0.9711,0.01139,-0.085,0.0123
2026-08-11 14:08:58,721.86,2026-08-11,712.0,9.6,9.68,9.48,67,334,,,,,
2026-08-11 14:08:58,721.86,2026-08-11,713.0,7.38,7.61,8.49,65,1563,,,,,
2026-08-11 14:08:58,721.86,2026-08-11,714.0,7.23,7.4,7.23,28,642,,,,,
2026-08-11 14:08:58,721.86,2026-08-11,715.0,7.05,7.26,6.35,78,1251,0.2966,0.8948,0.03291,-0.3,0.034
2026-08-11 14:08:58,721.86,2026-08-11,716.0,6.01,6.29,6.07,224,1550,0.2635,0.8857,0.03933,-0.295,0.0361
2026-08-11 14:08:58,721.86,2026-08-11,717.0,4.019,4.07,4.07,6,633,,,,,
2026-08-11 14:08:58,721.86,2026-08-11,718.0,3.85,3.95,3.85,27,1091,0.1111,0.9697,0.0331,-0.045,0.0128
2026-08-11 14:08:58,721.86,2026-08-11,719.0,2.63,2.65,2.18,151,623,,,,,
2026-08-11 14:08:58,721.86,2026-08-11,720.0,2.83,2.85,2.76,13709,550,0.2347,0.6672,0.08301,-0.985,0.0678
2026-08-11 14:08:58,721.86,2026-08-11,721.0,1.57,1.62,1.6,132,571,0.1482,0.6251,0.13715,-0.74,0.0707
2026-08-11 14:08:58,721.86,2026-08-11,722.0,1.37,1.38,1.38,516,935,0.193,0.4872,0.11076,-1.375,0.0744
2026-08-11 14:08:58,721.86,2026-08-11,723.0,0.61,0.62,1.02,933,1120,0.1458,0.3405,0.1348,-0.615,0.0684
2026-08-11 14:08:58,721.86,2026-08-11,724.0,0.68,0.69,0.71,8481,419,0.2034,0.289,0.09005,-0.685,0.0638
2026-08-11 14:08:58,721.86,2026-08-11,725.0,0.45,0.46,0.45,102,1752,0.2062,0.2096,0.07484,-0.455,0.0537
2026-08-11 14:08:58,721.86,2026-08-11,726.0,0.27,0.28,0.28,28,659,0.2047,0.1414,0.05867,-0.275,0.0418
2026-08-11 14:08:58,721.86,2026-08-11,727.0,0.13,0.14,0.24,104,760,0.1958,0.0814,0.04126,-0.135,0.0281
2026-08-11 14:08:58,721.86,2026-08-11,728.0,0.08,0.09,0.09,387,436,0.2024,0.0534,0.02879,-0.085,0.0203
2026-08-11 14:08:58,721.86,2026-08-11,729.0,0.08,0.09,0.05,1266,901,0.2281,0.0482,0.02353,-0.085,0.0187
2026-08-11 14:08:58,721.86,2026-08-11,730.0,0.05,0.06,0.06,96,4961,0.2339,0.0323,0.01657,-0.055,0.0135
2026-08-11 14:08:58,721.86,2026-08-11,731.0,0.05,0.06,0.05,15,405,0.2573,0.0297,0.01405,-0.055,0.0126
2026-08-11 14:08:58,721.86,2026-08-11,732.0,0.01,0.05,0.04,308,635,0.2552,0.0175,0.00907,-0.03,0.0081
2026-08-11 14:08:58,721.86,2026-08-11,733.0,0.01,0.04,0.03,505,442,0.2694,0.0142,0.00717,-0.025,0.0067
2026-08-11 14:08:58,721.86,2026-08-11,734.0,0.04,0.05,0.04,1057,359,0.3156,0.0208,0.00849,-0.045,0.0093
2026-08-11 14:08:58,721.86,2026-08-11,735.0,0.01,0.02,0.02,9,1261,0.2908,0.0083,0.00419,-0.015,0.0042
2026-08-11 14:08:58,721.86,2026-08-11,736.0,0.01,0.04,0.02,3,300,0.3305,0.0118,0.00499,-0.025,0.0057
2026-08-11 14:10:00,721.84,2026-08-11,707.0,14.42,14.97,13.36,3,283,,,,,
2026-08-11 14:10:00,721.84,2026-08-11,708.0,13.25,13.45,13.8,23,188,,,,,
2026-08-11 14:10:00,721.84,2026-08-11,709.0,11.09,11.48,13.2,7,263,,,,,
2026-08-11 14:10:00,721.84,2026-08-11,710.0,11.64,12.22,9.85,1,353,0.3384,0.9714,0.01038,-0.09,0.0122
2026-08-11 14:10:00,721.84,2026-08-11,711.0,10.44,10.8,10.28,23,84,,,,,
2026-08-11 14:10:00,721.84,2026-08-11,712.0,9.6,9.68,9.48,67,334,,,,,
2026-08-11 14:10:00,721.84,2026-08-11,713.0,7.38,7.61,8.49,65,1563,,,,,
2026-08-11 14:10:00,721.84,2026-08-11,714.0,7.23,7.4,7.23,28,642,,,,,
2026-08-11 14:10:00,721.84,2026-08-11,715.0,6.85,7.17,6.85,80,1251,0.253,0.9287,0.0289,-0.17,0.0254
2026-08-11 14:10:00,721.84,2026-08-11,716.0,5.81,5.91,5.86,225,1550,,,,,
2026-08-11 14:10:00,721.84,2026-08-11,717.0,4.019,4.07,4.07,6,633,,,,,
2026-08-11 14:10:00,721.84,2026-08-11,718.0,3.85,3.95,3.85,27,1091,0.121,0.9572,0.04041,-0.06,0.017
2026-08-11 14:10:00,721.84,2026-08-11,719.0,2.63,2.65,2.18,151,623,,,,,
2026-08-11 14:10:00,721.84,2026-08-11,720.0,2.56,2.57,2.68,14255,550,0.1952,0.6967,0.0961,-0.725,0.0651
2026-08-11 14:10:00,721.84,2026-08-11,721.0,1.57,1.62,1.6,132,571,0.1497,0.622,0.13629,-0.755,0.0708
2026-08-11 14:10:00,721.84,2026-08-11,722.0,1.37,1.38,1.38,516,935,0.1942,0.4856,0.11019,-1.375,0.0743
2026-08-11 14:10:00,721.84,2026-08-11,723.0,0.61,0.62,1.02,933,1120,0.1467,0.3392,0.13393,-0.615,0.0682
2026-08-11 14:10:00,721.84,2026-08-11,724.0,0.6,0.61,0.68,8605,419,0.1917,0.2757,0.09355,-0.605,0.0622
2026-08-11 14:10:00,721.84,2026-08-11,725.0,0.45,0.46,0.45,102,1752,0.2071,0.2092,0.07453,-0.455,0.0536
2026-08-11 14:10:00,721.84,2026-08-11,726.0,0.27,0.28,0.28,28,659,0.2055,0.1411,0.05844,-0.275,0.0417
2026-08-11 14:10:00,721.84,2026-08-11,727.0,0.13,0.14,0.24,104,760,0.1965,0.0813,0.04111,-0.135,0.028
2026-08-11 14:10:00,721.84,2026-08-11,728.0,0.07,0.08,0.09,387,436,0.198,0.0489,0.02749,-0.075,0.0189
2026-08-11 14:10:00,721.84,2026-08-11,729.0,0.08,0.09,0.08,1441,901,0.2289,0.0481,0.02346,-0.085,0.0186
2026-08-11 14:10:00,721.84,2026-08-11,730.0,0.05,0.06,0.06,96,4961,0.2346,0.0322,0.01652,-0.055,0.0135
2026-08-11 14:10:00,721.84,2026-08-11,731.0,0.05,0.06,0.05,15,405,0.2581,0.0297,0.01402,-0.055,0.0126
2026-08-11 14:10:00,721.84,2026-08-11,732.0,0.01,0.05,0.03,310,635,0.2559,0.0175,0.00905,-0.03,0.008
2026-08-11 14:10:00,721.84,2026-08-11,733.0,0.03,0.04,0.03,505,442,0.2834,0.0183,0.0085,-0.035,0.0084
2026-08-11 14:10:00,721.84,2026-08-11,734.0,0.04,0.05,0.04,1057,359,0.3164,0.0208,0.00848,-0.045,0.0093
2026-08-11 14:10:00,721.84,2026-08-11,735.0,0.01,0.02,0.02,9,1261,0.2915,0.0083,0.00418,-0.015,0.0042
2026-08-11 14:10:00,721.84,2026-08-11,736.0,0.03,0.04,0.02,3,300,0.3469,0.0153,0.00596,-0.035,0.0072
2026-08-11 14:11:02,721.76,2026-08-11,707.0,14.56,14.86,13.36,3,283,,,,,
2026-08-11 14:11:02,721.76,2026-08-11,708.0,13.25,13.45,13.8,23,188,,,,,
2026-08-11 14:11:02,721.76,2026-08-11,709.0,11.09,11.48,13.2,7,263,,,,,
2026-08-11 14:11:02,721.76,2026-08-11,710.0,11.69,12.07,9.85,1,353,0.3591,0.9627,0.01218,-0.12,0.0151
2026-08-11 14:11:02,721.76,2026-08-11,711.0,10.84,11.13,10.28,23,84,0.3869,0.9351,0.01761,-0.225,0.0236
2026-08-11 14:11:02,721.76,2026-08-11,712.0,9.6,9.68,9.48,67,334,,,,,
2026-08-11 14:11:02,721.76,2026-08-11,713.0,7.38,7.61,8.49,65,1563,,,,,
2026-08-11 14:11:02,721.76,2026-08-11,714.0,7.23,7.4,7.23,28,642,,,,,
2026-08-11 14:11:02,721.76,2026-08-11,715.0,6.78,7.08,6.85,86,1251,0.2511,0.9281,0.02934,-0.17,0.0255
2026-08-11 14:11:02,721.76,2026-08-11,716.0,6.18,6.23,5.86,226,1550,0.2991,0.8525,0.04145,-0.445,0.0429
2026-08-11 14:11:02,721.76,2026-08-11,717.0,4.019,4.07,4.07,6,633,,,,,
2026-08-11 14:11:02,721.76,2026-08-11,718.0,3.85,3.95,3.85,27,1091,0.1526,0.9094,0.05747,-0.14,0.0303
2026-08-11 14:11:02,721.76,2026-08-11,719.0,2.63,2.65,2.18,151,623,,,,,
2026-08-11 14:11:02,721.76,2026-08-11,720.0,2.87,2.9,2.75,15796,550,0.2511,0.6499,0.07932,-1.125,0.0689
2026-08-11 14:11:02,721.76,2026-08-11,721.0,1.57,1.62,1.6,132,571,0.1569,0.6063,0.13186,-0.835,0.0715
2026-08-11 14:11:02,721.76,2026-08-11,722.0,1.37,1.38,1.38,516,935,0.1997,0.4775,0.10723,-1.375,0.0741
2026-08-11 14:11:02,721.76,2026-08-11,723.0,0.61,0.62,1.02,933,1120,0.1509,0.3328,0.12946,-0.615,0.0676
2026-08-11 14:11:02,721.76,2026-08-11,724.0,0.73,0.74,0.68,8678,419,0.2162,0.2918,0.08536,-0.735,0.0638
2026-08-11 14:11:02,721.76,2026-08-11,725.0,0.45,0.46,0.45,102,1752,0.2105,0.2068,0.07294,-0.455,0.0531
2026-08-11 14:11:02,721.76,2026-08-11,726.0,0.27,0.28,0.28,28,659,0.2085,0.1396,0.05728,-0.275,0.0413
2026-08-11 14:11:02,721.76,2026-08-11,727.0,0.13,0.14,0.24,104,760,0.1991,0.0805,0.04033,-0.135,0.0278
2026-08-11 14:11:02,721.76,2026-08-11,728.0,0.11,0.12,0.09,388,436,0.2193,0.0648,0.03101,-0.115,0.0235
2026-08-11 14:11:02,721.76,2026-08-11,729.0,0.08,0.09,0.08,1464,901,0.2313,0.0477,0.02311,-0.085,0.0185
2026-08-11 14:11:02,721.76,2026-08-11,730.0,0.05,0.06,0.06,96,4961,0.2369,0.032,0.0163,-0.055,0.0134
2026-08-11 14:11:02,721.76,2026-08-11,731.0,0.05,0.06,0.05,15,405,0.2604,0.0295,0.01385,-0.055,0.0125
2026-08-11 14:11:02,721.76,2026-08-11,732.0,0.01,0.05,0.03,321,635,0.258,0.0174,0.00895,-0.03,0.008
2026-08-11 14:11:02,721.76,2026-08-11,733.0,0.01,0.04,0.03,505,442,0.2722,0.0141,0.00708,-0.025,0.0067
2026-08-11 14:11:02,721.76,2026-08-11,734.0,0.04,0.05,0.04,1057,359,0.3187,0.0207,0.0084,-0.045,0.0093
2026-08-11 14:11:02,721.76,2026-08-11,735.0,0.01,0.02,0.02,9,1261,0.2935,0.0083,0.00414,-0.015,0.0042
2026-08-11 14:11:02,721.76,2026-08-11,736.0,0.03,0.04,0.02,3,300,0.3491,0.0152,0.00591,-0.035,0.0071
2026-08-11 14:12:04,721.78,2026-08-11,707.0,14.91,15,13.36,3,283,0.4712,0.9568,0.01047,-0.175,0.017
2026-08-11 14:12:04,721.78,2026-08-11,708.0,13.25,13.45,13.8,23,188,,,,,
2026-08-11 14:12:04,721.78,2026-08-11,709.0,11.09,11.48,13.2,7,263,,,,,
2026-08-11 14:12:04,721.78,2026-08-11,710.0,11.7,11.92,9.85,1,353,0.2573,0.9937,0.00373,-0.03,0.0033
2026-08-11 14:12:04,721.78,2026-08-11,711.0,10.55,10.89,10.28,23,84,,,,,
2026-08-11 14:12:04,721.78,2026-08-11,712.0,9.6,9.68,9.48,67,334,,,,,
2026-08-11 14:12:04,721.78,2026-08-11,713.0,8.86,9.1,8.49,65,1563,0.3211,0.9318,0.02208,-0.2,0.0244
2026-08-11 14:12:04,721.78,2026-08-11,714.0,7.79,8.109,7.23,28,642,0.2802,0.9346,0.02449,-0.1695,0.0237
2026-08-11 14:12:04,721.78,2026-08-11,715.0,6.9,7.11,7.04,96,1251,0.2721,0.9124,0.0315,-0.225,0.0296
2026-08-11 14:12:04,721.78,2026-08-11,716.0,6.09,6.24,6.05,266,1550,0.2858,0.8646,0.041,-0.385,0.0404
2026-08-11 14:12:04,721.78,2026-08-11,717.0,4.019,4.07,4.07,6,633,,,,,
2026-08-11 14:12:04,721.78,2026-08-11,718.0,4.24,4.42,3.85,27,1091,0.2487,0.7963,0.0613,-0.55,0.0526
2026-08-11 14:12:04,721.78,2026-08-11,719.0,3.44,3.46,3.52,190,623,0.2291,0.7461,0.07529,-0.67,0.0595
2026-08-11 14:12:04,721.78,2026-08-11,720.0,2.7,2.73,2.75,17373,550,0.2246,0.6683,0.08701,-0.935,0.0674
2026-08-11 14:12:04,721.78,2026-08-11,721.0,1.57,1.62,1.6,132,571,0.1554,0.6101,0.13294,-0.815,0.0712
2026-08-11 14:12:04,721.78,2026-08-11,722.0,1.48,1.49,1.38,516,935,0.2136,0.481,0.10046,-1.485,0.074
2026-08-11 14:12:04,721.78,2026-08-11,723.0,1.05,1.06,1.02,933,1120,0.2135,0.3823,0.09621,-1.055,0.0708
2026-08-11 14:12:04,721.78,2026-08-11,724.0,0.66,0.71,0.65,9045,419,0.2078,0.2855,0.08807,-0.685,0.0631
2026-08-11 14:12:04,721.78,2026-08-11,725.0,0.45,0.46,0.45,102,1752,0.2101,0.2074,0.07333,-0.455,0.0531
2026-08-11 14:12:04,721.78,2026-08-11,726.0,0.27,0.28,0.28,28,659,0.2082,0.14,0.05757,-0.275,0.0413
2026-08-11 14:12:04,721.78,2026-08-11,727.0,0.17,0.18,0.24,104,760,0.2124,0.0949,0.04284,-0.175,0.0314
2026-08-11 14:12:04,721.78,2026-08-11,728.0,0.07,0.12,0.08,388,436,0.2101,0.0571,0.02938,-0.095,0.0213
2026-08-11 14:12:04,721.78,2026-08-11,729.0,0.08,0.09,0.07,1472,901,0.2311,0.0478,0.0232,-0.085,0.0185
2026-08-11 14:12:04,721.78,2026-08-11,730.0,0.05,0.06,0.06,96,4961,0.2368,0.0321,0.01635,-0.055,0.0134
2026-08-11 14:12:04,721.78,2026-08-11,731.0,0.05,0.06,0.05,15,405,0.2603,0.0295,0.01389,-0.055,0.0125
2026-08-11 14:12:04,721.78,2026-08-11,732.0,0.04,0.05,0.03,321,635,0.2743,0.0236,0.01093,-0.045,0.0103
2026-08-11 14:12:04,721.78,2026-08-11,733.0,0.01,0.04,0.03,526,442,0.2722,0.0141,0.0071,-0.025,0.0067
2026-08-11 14:12:04,721.78,2026-08-11,734.0,0.04,0.05,0.04,1057,359,0.3187,0.0207,0.00842,-0.045,0.0092
2026-08-11 14:12:04,721.78,2026-08-11,735.0,0.01,0.02,0.02,9,1261,0.2936,0.0083,0.00415,-0.015,0.0042
2026-08-11 14:12:04,721.78,2026-08-11,736.0,0.03,0.04,0.02,3,300,0.3492,0.0152,0.00592,-0.035,0.0071
2026-08-11 14:13:06,721.78,2026-08-11,707.0,14.49,15.07,13.36,3,283,,,,,
2026-08-11 14:13:06,721.78,2026-08-11,708.0,13.54,13.94,13.8,23,188,,,,,
2026-08-11 14:13:06,721.78,2026-08-11,709.0,12.71,12.78,13.2,7,263,,,,,
2026-08-11 14:13:06,721.78,2026-08-11,710.0,11.48,11.95,9.85,1,353,,,,,
2026-08-11 14:13:06,721.78,2026-08-11,711.0,10.57,10.86,10.28,23,84,,,,,
2026-08-11 14:13:06,721.78,2026-08-11,712.0,9.86,9.91,9.48,67,334,0.2972,0.9637,0.01445,-0.1,0.0148
2026-08-11 14:13:06,721.78,2026-08-11,713.0,8.77,8.93,8.49,65,1563,0.2459,0.9742,0.01317,-0.065,0.0111
2026-08-11 14:13:06,721.78,2026-08-11,714.0,7.59,8.2,7.23,28,642,0.2522,0.9536,0.02076,-0.11,0.018
2026-08-11 14:13:06,721.78,2026-08-11,715.0,6.83,7.01,6.87,105,1251,0.2379,0.9398,0.02708,-0.135,0.0221
2026-08-11 14:13:06,721.78,2026-08-11,716.0,5.98,6.12,5.87,269,1550,0.2543,0.8924,0.03925,-0.265,0.0343
2026-08-11 14:13:06,721.78,2026-08-11,717.0,4.9,5.24,4.07,6,633,0.2274,0.8741,0.04905,-0.285,0.0384
2026-08-11 14:13:06,721.78,2026-08-11,718.0,4.18,4.3,3.85,27,1091,0.2306,0.8146,0.06249,-0.455,0.0496
2026-08-11 14:13:06,721.78,2026-08-11,719.0,3.35,3.4,3.52,190,623,0.216,0.7594,0.07771,-0.59,0.0577
2026-08-11 14:13:06,721.78,2026-08-11,720.0,2.69,2.7,2.62,18239,550,0.2215,0.6711,0.08806,-0.91,0.0671
2026-08-11 14:13:06,721.78,2026-08-11,721.0,2.009,2.029,1.6,132,571,0.2142,0.5815,0.09833,-1.234,0.0724
2026-08-11 14:13:06,721.78,2026-08-11,722.0,1.4,1.45,1.38,516,935,0.2055,0.4807,0.10458,-1.425,0.0739
2026-08-11 14:13:06,721.78,2026-08-11,723.0,0.95,1,1.02,933,1120,0.2022,0.3761,0.10123,-0.975,0.0704
2026-08-11 14:13:06,721.78,2026-08-11,724.0,0.66,0.68,0.65,9107,419,0.2055,0.2835,0.08889,-0.67,0.0628
2026-08-11 14:13:06,721.78,2026-08-11,725.0,0.42,0.43,0.45,102,1752,0.2045,0.201,0.07406,-0.425,0.0521
2026-08-11 14:13:06,721.78,2026-08-11,726.0,0.22,0.27,0.28,28,659,0.2009,0.1313,0.05719,-0.245,0.0395
2026-08-11 14:13:06,721.78,2026-08-11,727.0,0.16,0.17,0.24,104,760,0.2093,0.0916,0.04239,-0.165,0.0305
2026-08-11 14:13:06,721.78,2026-08-11,728.0,0.11,0.12,0.08,388,436,0.2192,0.065,0.03117,-0.115,0.0235
2026-08-11 14:13:06,721.78,2026-08-11,729.0,0.04,0.05,0.08,1472,901,0.2057,0.0305,0.01806,-0.045,0.0128
2026-08-11 14:13:06,721.78,2026-08-11,730.0,0.02,0.03,0.06,96,4961,0.209,0.0179,0.01135,-0.025,0.0082
2026-08-11 14:13:06,721.78,2026-08-11,731.0,0.05,0.06,0.05,15,405,0.2605,0.0295,0.0139,-0.055,0.0125
2026-08-11 14:13:06,721.78,2026-08-11,732.0,0.04,0.05,0.03,321,635,0.2746,0.0236,0.01094,-0.045,0.0103
2026-08-11 14:13:06,721.78,2026-08-11,733.0,0.01,0.04,0.03,537,442,0.2725,0.0141,0.0071,-0.025,0.0067
2026-08-11 14:13:06,721.78,2026-08-11,734.0,0.03,0.04,0.04,1057,359,0.3074,0.0171,0.00743,-0.035,0.0079
2026-08-11 14:13:06,721.78,2026-08-11,735.0,0.01,0.04,0.02,9,1261,0.3137,0.0124,0.00553,-0.025,0.006
2026-08-11 14:13:06,721.78,2026-08-11,736.0,0.01,0.04,0.02,3,300,0.334,0.0117,0.00495,-0.025,0.0057
2026-08-11 14:14:07,721.75,2026-08-11,707.0,14.45,15.22,13.36,3,283,0.4053,0.9769,0.00728,-0.085,0.0101
2026-08-11 14:14:07,721.75,2026-08-11,708.0,13.73,13.91,13.8,23,188,0.3665,0.98,0.00713,-0.07,0.009
2026-08-11 14:14:07,721.75,2026-08-11,709.0,12.75,12.97,13.2,7,263,0.3785,0.9674,0.01041,-0.11,0.0135
2026-08-11 14:14:07,721.75,2026-08-11,710.0,11.5,12.04,9.85,1,353,,,,,
2026-08-11 14:14:07,721.75,2026-08-11,711.0,10.63,11.13,10.7,28,84,0.3413,0.9575,0.01434,-0.13,0.0168
2026-08-11 14:14:07,721.75,2026-08-11,712.0,9.65,10.13,9.48,67,334,0.3208,0.9516,0.01692,-0.14,0.0186
2026-08-11 14:14:07,721.75,2026-08-11,713.0,8.68,8.9,8.49,65,1563,0.2172,0.986,0.00887,-0.04,0.0066
2026-08-11 14:14:07,721.75,2026-08-11,714.0,7.68,8.039,7.23,28,642,0.2514,0.9537,0.02085,-0.1095,0.018
2026-08-11 14:14:07,721.75,2026-08-11,715.0,6.81,7.03,6.87,105,1251,0.252,0.928,0.02941,-0.17,0.0254
2026-08-11 14:14:07,721.75,2026-08-11,716.0,6.01,6.03,5.86,272,1550,0.2551,0.8907,0.03965,-0.27,0.0347
2026-08-11 14:14:07,721.75,2026-08-11,717.0,4.99,5.22,4.07,6,633,0.244,0.856,0.05022,-0.355,0.042
2026-08-11 14:14:07,721.75,2026-08-11,718.0,4.19,4.32,3.85,27,1091,0.2396,0.8038,0.06239,-0.505,0.0512
2026-08-11 14:14:07,721.75,2026-08-11,719.0,3.49,3.51,3.52,340,623,0.2418,0.7334,0.07338,-0.75,0.0608
2026-08-11 14:14:07,721.75,2026-08-11,720.0,2.69,2.72,2.73,19424,550,0.2268,0.6646,0.08681,-0.955,0.0675
2026-08-11 14:14:07,721.75,2026-08-11,721.0,2.02,2.08,1.6,132,571,0.2216,0.5756,0.09548,-1.3,0.0725
2026-08-11 14:14:07,721.75,2026-08-11,722.0,1.46,1.48,1.38,516,935,0.2142,0.478,0.10046,-1.47,0.0738
2026-08-11 14:14:07,721.75,2026-08-11,723.0,1.01,1.03,1.02,1135,1120,0.2108,0.3775,0.09737,-1.02,0.0704
2026-08-11 14:14:07,721.75,2026-08-11,724.0,0.63,0.64,0.64,9759,419,0.2017,0.2764,0.08957,-0.635,0.0619
2026-08-11 14:14:07,721.75,2026-08-11,725.0,0.42,0.43,0.45,102,1752,0.2061,0.2,0.07335,-0.425,0.0518
2026-08-11 14:14:07,721.75,2026-08-11,726.0,0.26,0.27,0.28,28,659,0.2074,0.1366,0.05701,-0.265,0.0405
2026-08-11 14:14:07,721.75,2026-08-11,727.0,0.17,0.18,0.24,105,760,0.2139,0.0946,0.04255,-0.175,0.0312
2026-08-11 14:14:07,721.75,2026-08-11,728.0,0.07,0.12,0.08,899,436,0.2115,0.0569,0.02919,-0.095,0.0212
2026-08-11 14:14:07,721.75,2026-08-11,729.0,0.04,0.05,0.08,1992,901,0.2068,0.0303,0.01794,-0.045,0.0127
2026-08-11 14:14:07,721.75,2026-08-11,730.0,0.02,0.07,0.06,96,4961,0.2302,0.0276,0.01491,-0.045,0.0118
2026-08-11 14:14:07,721.75,2026-08-11,731.0,0.05,0.06,0.05,15,405,0.2618,0.0294,0.01383,-0.055,0.0124
2026-08-11 14:14:07,721.75,2026-08-11,732.0,0.01,0.02,0.03,325,635,0.236,0.0101,0.00617,-0.015,0.005
2026-08-11 14:14:07,721.75,2026-08-11,733.0,0.01,0.04,0.03,568,442,0.2736,0.0141,0.00707,-0.025,0.0066
2026-08-11 14:14:07,721.75,2026-08-11,734.0,0.03,0.04,0.04,1057,359,0.3086,0.0171,0.0074,-0.035,0.0078
2026-08-11 14:14:07,721.75,2026-08-11,735.0,0.01,0.02,0.02,9,1261,0.295,0.0083,0.00414,-0.015,0.0042
2026-08-11 14:14:07,721.75,2026-08-11,736.0,0.01,0.02,0.02,3,300,0.3143,0.0078,0.00369,-0.015,0.004
2026-08-11 14:15:09,721.47,2026-08-11,707.0,14.57,15.07,13.36,3,283,0.5471,0.9271,0.0137,-0.35,0.0256
2026-08-11 14:15:09,721.47,2026-08-11,708.0,13.73,13.91,13.8,23,188,0.5177,0.9236,0.015,-0.35,0.0265
2026-08-11 14:15:09,721.47,2026-08-11,709.0,12.3,12.79,13.2,7,263,0.3429,0.9769,0.00864,-0.075,0.0101
2026-08-11 14:15:09,721.47,2026-08-11,710.0,11.58,11.71,9.85,1,353,0.3857,0.9484,0.01483,-0.175,0.0195
2026-08-11 14:15:09,721.47,2026-08-11,711.0,10.67,11.12,10.7,28,84,0.4515,0.8983,0.02129,-0.425,0.0328
2026-08-11 14:15:09,721.47,2026-08-11,712.0,9.65,10.13,9.48,67,334,0.4182,0.8928,0.02389,-0.42,0.0341
2026-08-11 14:15:09,721.47,2026-08-11,713.0,8.67,9.1,8.49,65,1563,0.3845,0.8862,0.02711,-0.415,0.0356
2026-08-11 14:15:09,721.47,2026-08-11,714.0,7.63,7.66,7.23,28,642,0.2751,0.9311,0.02608,-0.175,0.0245
2026-08-11 14:15:09,721.47,2026-08-11,715.0,6.79,7,6.78,145,1251,0.3207,0.8652,0.03659,-0.425,0.0401
2026-08-11 14:15:09,721.47,2026-08-11,716.0,5.84,5.92,5.91,290,1550,0.2826,0.8552,0.04361,-0.41,0.0421
2026-08-11 14:15:09,721.47,2026-08-11,717.0,4.99,5.22,4.07,6,633,0.2933,0.7981,0.05195,-0.635,0.052
2026-08-11 14:15:09,721.47,2026-08-11,718.0,4.08,4.11,3.85,27,1091,0.2514,0.7753,0.06451,-0.625,0.0554
2026-08-11 14:15:09,721.47,2026-08-11,719.0,3.17,3.29,3.25,369,623,0.2314,0.7212,0.07856,-0.76,0.0621
2026-08-11 14:15:09,721.47,2026-08-11,720.0,2.47,2.49,2.47,20562,550,0.221,0.6436,0.09129,-1.01,0.0689
2026-08-11 14:15:09,721.47,2026-08-11,721.0,2.02,2.08,1.6,132,571,0.2434,0.5446,0.08812,-1.58,0.0733
2026-08-11 14:15:09,721.47,2026-08-11,722.0,1.32,1.33,1.38,516,935,0.2124,0.4494,0.10081,-1.325,0.0731
2026-08-11 14:15:09,721.47,2026-08-11,723.0,0.85,0.91,0.86,1210,1120,0.2055,0.3466,0.09718,-0.88,0.0682
2026-08-11 14:15:09,721.47,2026-08-11,724.0,0.58,0.59,0.58,9963,419,0.2061,0.2562,0.08452,-0.585,0.0595
2026-08-11 14:15:09,721.47,2026-08-11,725.0,0.42,0.43,0.45,102,1752,0.2172,0.1923,0.06811,-0.425,0.0505
2026-08-11 14:15:09,721.47,2026-08-11,726.0,0.23,0.24,0.28,28,659,0.2093,0.1231,0.05266,-0.235,0.0376
2026-08-11 14:15:09,721.47,2026-08-11,727.0,0.15,0.16,0.15,106,760,0.2159,0.0849,0.03897,-0.155,0.0287
2026-08-11 14:15:09,721.47,2026-08-11,728.0,0.11,0.12,0.11,907,436,0.2286,0.0629,0.02925,-0.115,0.0228
2026-08-11 14:15:09,721.47,2026-08-11,729.0,0.04,0.05,0.05,2012,901,0.2138,0.0295,0.01699,-0.045,0.0124
2026-08-11 14:15:09,721.47,2026-08-11,730.0,0.02,0.03,0.06,96,4961,0.2165,0.0174,0.01072,-0.025,0.0079
2026-08-11 14:15:09,721.47,2026-08-11,731.0,0.05,0.06,0.05,15,405,0.2688,0.0288,0.01325,-0.055,0.0122
2026-08-11 14:15:09,721.47,2026-08-11,732.0,0.04,0.05,0.04,325,635,0.2827,0.0231,0.01047,-0.045,0.0101
2026-08-11 14:15:09,721.47,2026-08-11,733.0,0.03,0.04,0.03,568,442,0.2937,0.0179,0.0081,-0.035,0.0081
2026-08-11 14:15:09,721.47,2026-08-11,734.0,0.03,0.04,0.04,1057,359,0.3151,0.0168,0.00716,-0.035,0.0077
2026-08-11 14:15:09,721.47,2026-08-11,735.0,0.03,0.04,0.02,9,1261,0.3364,0.0158,0.00638,-0.035,0.0073
2026-08-11 14:15:09,721.47,2026-08-11,736.0,0.03,0.04,0.02,3,300,0.3574,0.015,0.00573,-0.035,0.007
2026-08-11 14:16:11,721.94,2026-08-11,707.0,13.96,14.7,13.36,3,283,,,,,
2026-08-11 14:16:11,721.94,2026-08-11,708.0,12.97,13.44,13.8,23,188,,,,,
2026-08-11 14:16:11,721.94,2026-08-11,709.0,12.23,12.53,13.2,7,263,,,,,
2026-08-11 14:16:11,721.94,2026-08-11,710.0,11.26,11.38,9.85,1,353,,,,,
2026-08-11 14:16:11,721.94,2026-08-11,711.0,10.1,10.42,10.7,28,84,,,,,
2026-08-11 14:16:11,721.94,2026-08-11,712.0,9.1,9.51,9.48,67,334,,,,,
2026-08-11 14:16:11,721.94,2026-08-11,713.0,8.25,8.63,8.49,65,1563,,,,,
2026-08-11 14:16:11,721.94,2026-08-11,714.0,7.44,7.58,7.23,28,642,,,,,
2026-08-11 14:16:11,721.94,2026-08-11,715.0,6.32,6.75,6.36,159,1251,,,,,
2026-08-11 14:16:11,721.94,2026-08-11,716.0,5.8,5.97,5.62,290,1550,,,,,
2026-08-11 14:16:11,721.94,2026-08-11,717.0,4.8,4.91,4.07,6,633,,,,,
2026-08-11 14:16:11,721.94,2026-08-11,718.0,3.95,4,3.85,27,1091,0.1054,0.9794,0.02552,-0.035,0.0092
2026-08-11 14:16:11,721.94,2026-08-11,719.0,3.12,3.17,3.08,407,623,0.1461,0.8647,0.08062,-0.205,0.0402
2026-08-11 14:16:11,721.94,2026-08-11,720.0,2.48,2.5,2.31,20706,550,0.1737,0.7305,0.103,-0.55,0.061
2026-08-11 14:16:11,721.94,2026-08-11,721.0,1.71,1.73,1.6,132,571,0.16,0.6283,0.12796,-0.78,0.0698
2026-08-11 14:16:11,721.94,2026-08-11,722.0,1.19,1.21,1.38,516,935,0.1656,0.4957,0.13048,-1.2,0.0737
2026-08-11 14:16:11,721.94,2026-08-11,723.0,0.77,0.78,0.86,1210,1120,0.1662,0.3683,0.12283,-0.775,0.0696
2026-08-11 14:16:11,721.94,2026-08-11,724.0,0.51,0.52,0.52,9982,419,0.1743,0.2641,0.10161,-0.515,0.0604
2026-08-11 14:16:11,721.94,2026-08-11,725.0,0.28,0.29,0.45,102,1752,0.1712,0.1692,0.07981,-0.285,0.0466
2026-08-11 14:16:11,721.94,2026-08-11,726.0,0.16,0.17,0.28,28,659,0.175,0.1066,0.05692,-0.165,0.034
2026-08-11 14:16:11,721.94,2026-08-11,727.0,0.08,0.13,0.15,106,760,0.184,0.07,0.03952,-0.105,0.0248
2026-08-11 14:16:11,721.94,2026-08-11,728.0,0.08,0.09,0.06,930,436,0.2022,0.0539,0.02932,-0.085,0.0202
2026-08-11 14:16:11,721.94,2026-08-11,729.0,0.02,0.07,0.07,2012,901,0.2029,0.0309,0.01863,-0.045,0.0129
2026-08-11 14:16:11,721.94,2026-08-11,730.0,0.05,0.06,0.06,96,4961,0.2343,0.0325,0.01681,-0.055,0.0134
2026-08-11 14:16:11,721.94,2026-08-11,731.0,0.04,0.05,0.05,15,405,0.2495,0.0258,0.01302,-0.045,0.0111
2026-08-11 14:16:11,721.94,2026-08-11,732.0,0.01,0.05,0.04,325,635,0.256,0.0176,0.00919,-0.03,0.008
2026-08-11 14:16:11,721.94,2026-08-11,733.0,0.01,0.02,0.03,598,442,0.2528,0.0095,0.00548,-0.015,0.0047
2026-08-11 14:16:11,721.94,2026-08-11,734.0,0.01,0.04,0.04,1057,359,0.2912,0.0133,0.00636,-0.025,0.0063
2026-08-11 14:16:11,721.94,2026-08-11,735.0,0.03,0.04,0.02,9,1261,0.3267,0.0163,0.00673,-0.035,0.0075
2026-08-11 14:16:11,721.94,2026-08-11,736.0,0.03,0.04,0.02,3,300,0.3478,0.0154,0.00602,-0.035,0.0071
2026-08-11 14:17:13,721.69,2026-08-11,707.0,14.72,15.32,13.36,3,283,0.5471,0.9307,0.01321,-0.33,0.0246
2026-08-11 14:17:13,721.69,2026-08-11,708.0,12.97,13.44,13.8,23,188,,,,,
2026-08-11 14:17:13,721.69,2026-08-11,709.0,12.23,12.53,13.2,7,263,,,,,
2026-08-11 14:17:13,721.69,2026-08-11,710.0,11.26,11.38,9.85,1,353,,,,,
2026-08-11 14:17:13,721.69,2026-08-11,711.0,10.97,11.01,10.7,28,84,0.418,0.9201,0.01927,-0.3,0.0274
2026-08-11 14:17:13,721.69,2026-08-11,712.0,9.1,9.51,9.48,67,334,,,,,
2026-08-11 14:17:13,721.69,2026-08-11,713.0,8.25,8.63,8.49,65,1563,,,,,
2026-08-11 14:17:13,721.69,2026-08-11,714.0,7.44,7.58,7.23,28,642,,,,,
2026-08-11 14:17:13,721.69,2026-08-11,715.0,7.03,7.36,6.36,169,1251,0.3487,0.8539,0.03564,-0.505,0.0422
2026-08-11 14:17:13,721.69,2026-08-11,716.0,6.18,6.21,6.04,316,1550,0.3131,0.8407,0.04204,-0.505,0.0447
2026-08-11 14:17:13,721.69,2026-08-11,717.0,4.8,4.91,4.07,6,633,0.1907,0.911,0.04581,-0.165,0.0297
2026-08-11 14:17:13,721.69,2026-08-11,718.0,3.95,4,3.85,27,1091,0.1916,0.8545,0.0647,-0.285,0.0421
2026-08-11 14:17:13,721.69,2026-08-11,719.0,3.12,3.17,3.08,407,623,0.1893,0.7825,0.08431,-0.455,0.0542
2026-08-11 14:17:13,721.69,2026-08-11,720.0,2.81,2.84,2.81,21804,550,0.2513,0.6454,0.08036,-1.135,0.0686
2026-08-11 14:17:13,721.69,2026-08-11,721.0,1.71,1.73,1.6,132,571,0.1817,0.5849,0.11645,-1.03,0.0719
2026-08-11 14:17:13,721.69,2026-08-11,722.0,1.19,1.21,1.38,516,935,0.1822,0.4665,0.11839,-1.2,0.0733
2026-08-11 14:17:13,721.69,2026-08-11,723.0,0.77,0.78,0.86,1210,1120,0.1795,0.3493,0.11189,-0.775,0.0682
2026-08-11 14:17:13,721.69,2026-08-11,724.0,0.68,0.69,0.68,10508,419,0.2134,0.2815,0.0858,-0.685,0.0622
2026-08-11 14:17:13,721.69,2026-08-11,725.0,0.28,0.29,0.45,102,1752,0.1805,0.1625,0.07388,-0.285,0.0453
2026-08-11 14:17:13,721.69,2026-08-11,726.0,0.16,0.17,0.28,28,659,0.1831,0.1029,0.0531,-0.165,0.033
2026-08-11 14:17:13,721.69,2026-08-11,727.0,0.08,0.13,0.15,106,760,0.1913,0.0678,0.03716,-0.105,0.0242
2026-08-11 14:17:13,721.69,2026-08-11,728.0,0.11,0.12,0.06,930,436,0.2232,0.0643,0.03057,-0.115,0.0232
2026-08-11 14:17:13,721.69,2026-08-11,729.0,0.03,0.04,0.07,2056,901,0.2007,0.0251,0.01585,-0.035,0.0108
2026-08-11 14:17:13,721.69,2026-08-11,730.0,0.05,0.06,0.06,96,4961,0.2407,0.0318,0.0161,-0.055,0.0132
2026-08-11 14:17:13,721.69,2026-08-11,731.0,0.04,0.05,0.05,15,405,0.2557,0.0253,0.01252,-0.045,0.0109
2026-08-11 14:17:13,721.69,2026-08-11,732.0,0.04,0.05,0.04,326,635,0.2785,0.0235,0.01079,-0.045,0.0102
2026-08-11 14:17:13,721.69,2026-08-11,733.0,0.01,0.04,0.02,598,442,0.2762,0.014,0.00701,-0.025,0.0066
2026-08-11 14:17:13,721.69,2026-08-11,734.0,0.01,0.04,0.04,1057,359,0.297,0.0131,0.00616,-0.025,0.0062
2026-08-11 14:17:13,721.69,2026-08-11,735.0,0.03,0.04,0.02,9,1261,0.3326,0.016,0.00654,-0.035,0.0074
2026-08-11 14:17:13,721.69,2026-08-11,736.0,0.03,0.04,0.02,3,300,0.3538,0.0152,0.00586,-0.035,0.007
2026-08-11 14:18:15,721.32,2026-08-11,707.0,14.74,15.14,13.36,3,283,0.6359,0.8937,0.01569,-0.62,0.0337
2026-08-11 14:18:15,721.32,2026-08-11,708.0,12.97,13.44,13.8,23,188,,,,,
2026-08-11 14:18:15,721.32,2026-08-11,709.0,12.23,12.53,13.2,7,263,0.3249,0.9816,0.00756,-0.06,0.0083
2026-08-11 14:18:15,721.32,2026-08-11,710.0,11.63,12.24,9.85,1,353,0.5358,0.8783,0.0205,-0.615,0.0372
2026-08-11 14:18:15,721.32,2026-08-11,711.0,10.58,11.14,10.7,28,84,0.4821,0.8812,0.02241,-0.54,0.0365
2026-08-11 14:18:15,721.32,2026-08-11,712.0,9.1,9.51,9.48,67,334,,,,,
2026-08-11 14:18:15,721.32,2026-08-11,713.0,8.25,8.63,8.49,65,1563,0.2741,0.9523,0.01971,-0.12,0.0183
2026-08-11 14:18:15,721.32,2026-08-11,714.0,7.74,8.22,7.23,28,642,0.4075,0.8388,0.03262,-0.66,0.045
2026-08-11 14:18:15,721.32,2026-08-11,715.0,6.88,7.05,6.99,169,1251,0.3674,0.8282,0.0377,-0.645,0.0469
2026-08-11 14:18:15,721.32,2026-08-11,716.0,5.85,6.21,5.97,330,1550,0.3427,0.8037,0.04393,-0.71,0.0509
2026-08-11 14:18:15,721.32,2026-08-11,717.0,4.8,4.91,4.07,6,633,0.2692,0.8113,0.05458,-0.535,0.0497
2026-08-11 14:18:15,721.32,2026-08-11,718.0,4.25,4.29,3.85,27,1091,0.3019,0.728,0.05977,-0.95,0.061
2026-08-11 14:18:15,721.32,2026-08-11,719.0,3.42,3.43,3.08,407,623,0.2792,0.6772,0.06988,-1.105,0.066
2026-08-11 14:18:15,721.32,2026-08-11,720.0,2.69,2.71,2.61,22568,550,0.267,0.6089,0.07819,-1.38,0.0706
2026-08-11 14:18:15,721.32,2026-08-11,721.0,1.71,1.73,1.6,132,571,0.2105,0.5361,0.10264,-1.4,0.0731
2026-08-11 14:18:15,721.32,2026-08-11,722.0,1.4,1.41,1.38,516,935,0.2336,0.4402,0.09181,-1.405,0.0726
2026-08-11 14:18:15,721.32,2026-08-11,723.0,0.93,0.98,0.86,1210,1120,0.2252,0.3455,0.08901,-0.955,0.0678
2026-08-11 14:18:15,721.32,2026-08-11,724.0,0.6,0.66,0.62,11031,419,0.2211,0.2578,0.07942,-0.63,0.0594
2026-08-11 14:18:15,721.32,2026-08-11,725.0,0.28,0.29,0.45,102,1752,0.194,0.1537,0.06642,-0.285,0.0436
2026-08-11 14:18:15,721.32,2026-08-11,726.0,0.16,0.17,0.28,28,659,0.1948,0.0979,0.04822,-0.165,0.0318
2026-08-11 14:18:15,721.32,2026-08-11,727.0,0.12,0.13,0.15,106,760,0.2102,0.0727,0.03577,-0.125,0.0254
2026-08-11 14:18:15,721.32,2026-08-11,728.0,0.1,0.11,0.07,1143,436,0.2292,0.0583,0.02761,-0.105,0.0214
2026-08-11 14:18:15,721.32,2026-08-11,729.0,0.03,0.04,0.07,2061,901,0.2096,0.0242,0.01475,-0.035,0.0105
2026-08-11 14:18:15,721.32,2026-08-11,730.0,0.05,0.06,0.06,96,4961,0.25,0.0308,0.01514,-0.055,0.0128
2026-08-11 14:18:15,721.32,2026-08-11,731.0,0.01,0.02,0.05,15,405,0.2261,0.0106,0.00674,-0.015,0.0052
2026-08-11 14:18:15,721.32,2026-08-11,732.0,0.04,0.05,0.04,326,635,0.2874,0.0229,0.01025,-0.045,0.01
2026-08-11 14:18:15,721.32,2026-08-11,733.0,0.03,0.04,0.03,599,442,0.2983,0.0177,0.00795,-0.035,0.008
2026-08-11 14:18:15,721.32,2026-08-11,734.0,0.01,0.04,0.04,1057,359,0.3052,0.0128,0.00589,-0.025,0.0061
2026-08-11 14:18:15,721.32,2026-08-11,735.0,0.03,0.04,0.02,9,1261,0.3411,0.0157,0.00627,-0.035,0.0072
2026-08-11 14:18:15,721.32,2026-08-11,736.0,0.01,0.04,0.02,3,300,0.3461,0.0115,0.00471,-0.025,0.0055
2026-08-11 14:19:16,721.25,2026-08-11,707.0,13.97,14.39,13.36,3,283,,,,,
2026-08-11 14:19:16,721.25,2026-08-11,708.0,12.97,13.44,13.8,23,188,,,,,
2026-08-11 14:19:16,721.25,2026-08-11,709.0,12.23,12.53,13.2,7,263,0.3831,0.9611,0.01196,-0.13,0.0155
2026-08-11 14:19:16,721.25,2026-08-11,710.0,11.63,12.24,9.85,1,353,0.5527,0.87,0.02085,-0.685,0.0389
2026-08-11 14:19:16,721.25,2026-08-11,711.0,10.03,10.43,10.7,28,84,,,,,
2026-08-11 14:19:16,721.25,2026-08-11,712.0,9.1,9.51,9.48,67,334,0.2496,0.9793,0.0109,-0.055,0.0092
2026-08-11 14:19:16,721.25,2026-08-11,713.0,8.25,8.63,8.49,65,1563,0.3055,0.9314,0.02356,-0.19,0.0243
2026-08-11 14:19:16,721.25,2026-08-11,714.0,7.74,8.22,7.23,28,642,0.4209,0.8291,0.03285,-0.73,0.0466
2026-08-11 14:19:16,721.25,2026-08-11,715.0,5.99,6.45,6.99,169,1251,,,,,
2026-08-11 14:19:16,721.25,2026-08-11,716.0,5.27,5.4,5.3,333,1550,0.1741,0.9512,0.03164,-0.085,0.0186
2026-08-11 14:19:16,721.25,2026-08-11,717.0,4.8,4.91,4.07,6,633,0.2807,0.798,0.05464,-0.605,0.0517
2026-08-11 14:19:16,721.25,2026-08-11,718.0,4.25,4.29,3.85,27,1091,0.3106,0.7186,0.05917,-1.02,0.062
2026-08-11 14:19:16,721.25,2026-08-11,719.0,3.42,3.43,3.08,407,623,0.2868,0.6684,0.06891,-1.175,0.0666
2026-08-11 14:19:16,721.25,2026-08-11,720.0,2.05,2.12,2.13,23015,550,0.1853,0.6465,0.10923,-0.835,0.0683
2026-08-11 14:19:16,721.25,2026-08-11,721.0,1.71,1.73,1.6,132,571,0.2159,0.5283,0.10038,-1.47,0.0731
2026-08-11 14:19:16,721.25,2026-08-11,722.0,1.4,1.41,1.38,516,935,0.2382,0.435,0.09,-1.405,0.0723
2026-08-11 14:19:16,721.25,2026-08-11,723.0,0.93,0.98,0.86,1210,1120,0.2291,0.3417,0.08727,-0.955,0.0674
2026-08-11 14:19:16,721.25,2026-08-11,724.0,0.4,0.41,0.46,11501,419,0.1845,0.2113,0.08538,-0.405,0.0531
2026-08-11 14:19:16,721.25,2026-08-11,725.0,0.28,0.29,0.45,102,1752,0.1967,0.1521,0.06515,-0.285,0.0432
2026-08-11 14:19:16,721.25,2026-08-11,726.0,0.16,0.17,0.28,28,659,0.1973,0.097,0.04738,-0.165,0.0315
2026-08-11 14:19:16,721.25,2026-08-11,727.0,0.12,0.13,0.15,106,760,0.2125,0.0722,0.03523,-0.125,0.0252
2026-08-11 14:19:16,721.25,2026-08-11,728.0,0.04,0.05,0.09,1415,436,0.1966,0.032,0.01986,-0.045,0.0132
2026-08-11 14:19:16,721.25,2026-08-11,729.0,0.06,0.07,0.07,2064,901,0.2351,0.0377,0.01902,-0.065,0.0151
2026-08-11 14:19:16,721.25,2026-08-11,730.0,0.05,0.06,0.06,96,4961,0.2521,0.0307,0.01496,-0.055,0.0127
2026-08-11 14:19:16,721.25,2026-08-11,731.0,0.01,0.02,0.05,15,405,0.2279,0.0105,0.00667,-0.015,0.0051
2026-08-11 14:19:16,721.25,2026-08-11,732.0,0.04,0.05,0.04,326,635,0.2894,0.0227,0.01016,-0.045,0.0099
2026-08-11 14:19:16,721.25,2026-08-11,733.0,0.03,0.04,0.03,599,442,0.3003,0.0176,0.00788,-0.035,0.008
2026-08-11 14:19:16,721.25,2026-08-11,734.0,0.01,0.04,0.04,1057,359,0.3071,0.0128,0.00584,-0.025,0.0061
2026-08-11 14:19:16,721.25,2026-08-11,735.0,0.03,0.04,0.02,9,1261,0.3432,0.0156,0.00623,-0.035,0.0072
2026-08-11 14:19:16,721.25,2026-08-11,736.0,0.01,0.04,0.02,3,300,0.3481,0.0114,0.00468,-0.025,0.0055
2026-08-11 14:20:17,721.23,2026-08-11,707.0,14.09,14.76,13.36,3,283,0.4742,0.9517,0.01154,-0.195,0.0184
2026-08-11 14:20:17,721.23,2026-08-11,708.0,12.97,13.44,13.8,23,188,,,,,
2026-08-11 14:20:17,721.23,2026-08-11,709.0,12.23,12.53,13.2,7,263,0.3955,0.9563,0.01278,-0.15,0.017
2026-08-11 14:20:17,721.23,2026-08-11,710.0,11.63,12.24,9.85,1,353,0.558,0.8676,0.02093,-0.705,0.0393
2026-08-11 14:20:17,721.23,2026-08-11,711.0,10.19,10.38,10.7,28,84,0.2725,0.9807,0.00938,-0.055,0.0086
2026-08-11 14:20:17,721.23,2026-08-11,712.0,9.1,9.51,9.48,67,334,0.2684,0.971,0.01346,-0.075,0.0121
2026-08-11 14:20:17,721.23,2026-08-11,713.0,8.25,8.63,8.49,65,1563,0.3135,0.9261,0.02434,-0.21,0.0257
2026-08-11 14:20:17,721.23,2026-08-11,714.0,7.74,8.22,7.23,28,642,0.4251,0.8265,0.0329,-0.75,0.047
2026-08-11 14:20:17,721.23,2026-08-11,715.0,6.37,6.6,6.99,173,1251,0.2685,0.8995,0.03579,-0.255,0.0323
2026-08-11 14:20:17,721.23,2026-08-11,716.0,5.55,5.74,5.68,335,1550,0.2776,0.8505,0.0457,-0.415,0.0427
2026-08-11 14:20:17,721.23,2026-08-11,717.0,4.8,4.91,4.07,6,633,0.2842,0.7943,0.05463,-0.625,0.0522
2026-08-11 14:20:17,721.23,2026-08-11,718.0,4.25,4.29,3.85,27,1091,0.3134,0.716,0.05899,-1.04,0.0621
2026-08-11 14:20:17,721.23,2026-08-11,719.0,3.42,3.43,3.08,407,623,0.2892,0.6659,0.06863,-1.195,0.0667
2026-08-11 14:20:17,721.23,2026-08-11,720.0,2.39,2.42,2.41,23352,550,0.2337,0.616,0.08915,-1.175,0.07
2026-08-11 14:20:17,721.23,2026-08-11,721.0,1.71,1.73,1.6,132,571,0.2177,0.5261,0.09975,-1.49,0.073
2026-08-11 14:20:17,721.23,2026-08-11,722.0,1.4,1.41,1.38,516,935,0.2397,0.4335,0.08949,-1.405,0.0721
2026-08-11 14:20:17,721.23,2026-08-11,723.0,0.93,0.98,0.86,1210,1120,0.2304,0.3406,0.08679,-0.955,0.0672
2026-08-11 14:20:17,721.23,2026-08-11,724.0,0.52,0.53,0.53,12300,419,0.2075,0.2361,0.08099,-0.525,0.0565
2026-08-11 14:20:17,721.23,2026-08-11,725.0,0.28,0.29,0.45,102,1752,0.1977,0.1517,0.0648,-0.285,0.0431
2026-08-11 14:20:17,721.23,2026-08-11,726.0,0.16,0.17,0.28,28,659,0.1982,0.0968,0.04714,-0.165,0.0314
2026-08-11 14:20:17,721.23,2026-08-11,727.0,0.12,0.13,0.15,106,760,0.2134,0.072,0.03507,-0.125,0.0252
2026-08-11 14:20:17,721.23,2026-08-11,728.0,0.04,0.05,0.09,1417,436,0.1974,0.0319,0.01977,-0.045,0.0131
2026-08-11 14:20:17,721.23,2026-08-11,729.0,0.06,0.07,0.06,2081,901,0.236,0.0376,0.01896,-0.065,0.015
2026-08-11 14:20:17,721.23,2026-08-11,730.0,0.05,0.06,0.06,96,4961,0.2529,0.0306,0.01492,-0.055,0.0127
2026-08-11 14:20:17,721.23,2026-08-11,731.0,0.01,0.02,0.05,15,405,0.2286,0.0105,0.00665,-0.015,0.0051
2026-08-11 14:20:17,721.23,2026-08-11,732.0,0.04,0.05,0.04,326,635,0.2903,0.0227,0.01013,-0.045,0.0099
2026-08-11 14:20:17,721.23,2026-08-11,733.0,0.01,0.04,0.03,599,442,0.2872,0.0136,0.0066,-0.025,0.0064
2026-08-11 14:20:17,721.23,2026-08-11,734.0,0.01,0.04,0.04,1057,359,0.308,0.0127,0.00583,-0.025,0.006
2026-08-11 14:20:17,721.23,2026-08-11,735.0,0.03,0.04,0.02,9,1261,0.3441,0.0156,0.00621,-0.035,0.0072
2026-08-11 14:20:17,721.23,2026-08-11,736.0,0.01,0.04,0.02,3,300,0.3491,0.0114,0.00467,-0.025,0.0055
2026-08-11 14:21:19,721.23,2026-08-11,707.0,14.34,14.81,13.36,3,283,0.5433,0.927,0.01394,-0.345,0.0254
2026-08-11 14:21:19,721.23,2026-08-11,708.0,12.97,13.44,13.8,23,188,,,,,
2026-08-11 14:21:19,721.23,2026-08-11,709.0,12.23,12.53,13.2,7,263,0.3961,0.9562,0.01278,-0.15,0.017
2026-08-11 14:21:19,721.23,2026-08-11,710.0,11.63,12.24,9.85,1,353,0.5588,0.8676,0.02094,-0.705,0.0392
2026-08-11 14:21:19,721.23,2026-08-11,711.0,10.19,10.67,10.7,28,84,0.3672,0.9382,0.01812,-0.2,0.0223
2026-08-11 14:21:19,721.23,2026-08-11,712.0,9.1,9.51,9.48,67,334,0.2688,0.9709,0.01346,-0.075,0.0121
2026-08-11 14:21:19,721.23,2026-08-11,713.0,8.25,8.63,8.49,65,1563,0.314,0.9261,0.02434,-0.21,0.0256
2026-08-11 14:21:19,721.23,2026-08-11,714.0,7.74,8.22,7.23,28,642,0.4257,0.8265,0.0329,-0.75,0.0469
2026-08-11 14:21:19,721.23,2026-08-11,715.0,6.24,6.69,6.38,173,1251,0.2626,0.9048,0.03523,-0.235,0.031
2026-08-11 14:21:19,721.23,2026-08-11,716.0,5.45,5.76,5.68,335,1550,0.2685,0.8589,0.04552,-0.375,0.041
2026-08-11 14:21:19,721.23,2026-08-11,717.0,4.8,4.91,4.07,6,633,0.2847,0.7943,0.05463,-0.625,0.0521
2026-08-11 14:21:19,721.23,2026-08-11,718.0,4.25,4.29,3.85,27,1091,0.3138,0.716,0.05899,-1.04,0.0621
2026-08-11 14:21:19,721.23,2026-08-11,719.0,3.42,3.43,3.08,407,623,0.2896,0.6659,0.06863,-1.195,0.0666
2026-08-11 14:21:19,721.23,2026-08-11,720.0,2.28,2.3,2.36,23596,550,0.2175,0.6243,0.09527,-1.06,0.0695
2026-08-11 14:21:19,721.23,2026-08-11,721.0,1.71,1.73,1.6,132,571,0.218,0.5261,0.09975,-1.49,0.0729
2026-08-11 14:21:19,721.23,2026-08-11,722.0,1.4,1.41,1.38,516,935,0.2401,0.4335,0.08949,-1.405,0.072
2026-08-11 14:21:19,721.23,2026-08-11,723.0,0.93,0.98,0.86,1210,1120,0.2308,0.3406,0.08678,-0.955,0.0671
2026-08-11 14:21:19,721.23,2026-08-11,724.0,0.49,0.5,0.47,12818,419,0.2024,0.2302,0.08198,-0.495,0.0556
2026-08-11 14:21:19,721.23,2026-08-11,725.0,0.28,0.29,0.45,102,1752,0.198,0.1517,0.0648,-0.285,0.043
2026-08-11 14:21:19,721.23,2026-08-11,726.0,0.16,0.17,0.28,28,659,0.1985,0.0968,0.04714,-0.165,0.0314
2026-08-11 14:21:19,721.23,2026-08-11,727.0,0.12,0.13,0.15,106,760,0.2137,0.072,0.03507,-0.125,0.0251
2026-08-11 14:21:19,721.23,2026-08-11,728.0,0.04,0.05,0.09,1430,436,0.1977,0.0319,0.01977,-0.045,0.0131
2026-08-11 14:21:19,721.23,2026-08-11,729.0,0.02,0.07,0.06,2083,901,0.2215,0.0289,0.01625,-0.045,0.0121
2026-08-11 14:21:19,721.23,2026-08-11,730.0,0.05,0.06,0.06,96,4961,0.2533,0.0306,0.01492,-0.055,0.0127
2026-08-11 14:21:19,721.23,2026-08-11,731.0,0.01,0.02,0.05,15,405,0.229,0.0105,0.00665,-0.015,0.0051
2026-08-11 14:21:19,721.23,2026-08-11,732.0,0.01,0.05,0.04,326,635,0.2736,0.0167,0.0083,-0.03,0.0076
2026-08-11 14:21:19,721.23,2026-08-11,733.0,0.01,0.02,0.03,600,442,0.2692,0.0091,0.00498,-0.015,0.0045
2026-08-11 14:21:19,721.23,2026-08-11,734.0,0.01,0.04,0.04,1057,359,0.3085,0.0127,0.00583,-0.025,0.006
2026-08-11 14:21:19,721.23,2026-08-11,735.0,0.03,0.04,0.02,9,1261,0.3447,0.0156,0.00621,-0.035,0.0072
2026-08-11 14:21:19,721.23,2026-08-11,736.0,0.01,0.04,0.02,3,300,0.3496,0.0114,0.00467,-0.025,0.0055
2026-08-11 14:22:21,721.5,2026-08-11,707.0,14.22,14.56,13.36,3,283,,,,,
2026-08-11 14:22:21,721.5,2026-08-11,708.0,12.97,13.44,13.8,23,188,,,,,
2026-08-11 14:22:21,721.5,2026-08-11,709.0,12.23,12.53,13.2,7,263,,,,,
2026-08-11 14:22:21,721.5,2026-08-11,710.0,10.88,11.46,9.85,1,353,,,,,
2026-08-11 14:22:21,721.5,2026-08-11,711.0,10.04,10.48,10.48,30,84,,,,,
2026-08-11 14:22:21,721.5,2026-08-11,712.0,9.1,9.51,9.48,67,334,,,,,
2026-08-11 14:22:21,721.5,2026-08-11,713.0,8.25,8.63,8.49,65,1563,,,,,
2026-08-11 14:22:21,721.5,2026-08-11,714.0,7.18,7.47,7.23,28,642,,,,,
2026-08-11 14:22:21,721.5,2026-08-11,715.0,6.33,6.61,6.38,191,1251,,,,,
2026-08-11 14:22:21,721.5,2026-08-11,716.0,5.53,5.69,5.39,338,1550,0.1963,0.9387,0.03372,-0.115,0.0221
2026-08-11 14:22:21,721.5,2026-08-11,717.0,4.8,4.91,4.07,6,633,0.2394,0.8503,0.0532,-0.36,0.0426
2026-08-11 14:22:21,721.5,2026-08-11,718.0,4.25,4.29,3.85,27,1091,0.2818,0.754,0.06113,-0.775,0.0576
2026-08-11 14:22:21,721.5,2026-08-11,719.0,2.94,3.04,3.08,407,623,0.1901,0.7665,0.08811,-0.495,0.056
2026-08-11 14:22:21,721.5,2026-08-11,720.0,2.29,2.31,2.31,23835,550,0.1942,0.6662,0.10243,-0.805,0.0665
2026-08-11 14:22:21,721.5,2026-08-11,721.0,1.71,1.73,1.6,132,571,0.1986,0.5574,0.10874,-1.225,0.0722
2026-08-11 14:22:21,721.5,2026-08-11,722.0,1.05,1.1,1.38,516,935,0.1786,0.4419,0.12087,-1.075,0.0722
2026-08-11 14:22:21,721.5,2026-08-11,723.0,0.75,0.77,0.86,1210,1120,0.1886,0.3344,0.10558,-0.76,0.0666
2026-08-11 14:22:21,721.5,2026-08-11,724.0,0.47,0.48,0.48,13861,419,0.1881,0.2362,0.08957,-0.475,0.0563
2026-08-11 14:22:21,721.5,2026-08-11,725.0,0.28,0.29,0.45,102,1752,0.1889,0.1577,0.06976,-0.285,0.0441
2026-08-11 14:22:21,721.5,2026-08-11,726.0,0.16,0.17,0.28,28,659,0.1906,0.1002,0.05042,-0.165,0.0321
2026-08-11 14:22:21,721.5,2026-08-11,727.0,0.12,0.13,0.15,106,760,0.2064,0.0742,0.03721,-0.125,0.0257
2026-08-11 14:22:21,721.5,2026-08-11,728.0,0.08,0.09,0.05,1435,436,0.216,0.0514,0.02668,-0.085,0.0193
2026-08-11 14:22:21,721.5,2026-08-11,729.0,0.06,0.07,0.03,2172,901,0.23,0.0386,0.01989,-0.065,0.0153
2026-08-11 14:22:21,721.5,2026-08-11,730.0,0.05,0.06,0.06,96,4961,0.2473,0.0313,0.01558,-0.055,0.0129
2026-08-11 14:22:21,721.5,2026-08-11,731.0,0.01,0.05,0.05,15,405,0.2463,0.0184,0.01,-0.03,0.0082
2026-08-11 14:22:21,721.5,2026-08-11,732.0,0.04,0.05,0.04,327,635,0.2851,0.0231,0.0105,-0.045,0.01
2026-08-11 14:22:21,721.5,2026-08-11,733.0,0.01,0.04,0.02,955,442,0.2824,0.0138,0.00683,-0.025,0.0065
2026-08-11 14:22:21,721.5,2026-08-11,734.0,0.01,0.04,0.04,1057,359,0.3034,0.013,0.00602,-0.025,0.0061
2026-08-11 14:22:21,721.5,2026-08-11,735.0,0.03,0.04,0.02,9,1261,0.3394,0.0158,0.0064,-0.035,0.0073
2026-08-11 14:22:21,721.5,2026-08-11,736.0,0.03,0.04,0.02,3,300,0.3607,0.015,0.00574,-0.035,0.0069
2026-08-11 14:23:22,721.27,2026-08-11,707.0,14.55,14.6,13.36,3,283,0.5279,0.9339,0.01334,-0.3,0.0235
2026-08-11 14:23:22,721.27,2026-08-11,708.0,12.97,13.44,13.8,23,188,,,,,
2026-08-11 14:23:22,721.27,2026-08-11,709.0,12.23,12.53,13.2,7,263,0.3687,0.9677,0.01076,-0.105,0.0132
2026-08-11 14:23:22,721.27,2026-08-11,710.0,11.17,11.58,9.85,1,353,0.3399,0.9671,0.01185,-0.1,0.0134
2026-08-11 14:23:22,721.27,2026-08-11,711.0,10.41,10.69,10.48,31,84,0.4004,0.9227,0.01981,-0.275,0.0264
2026-08-11 14:23:22,721.27,2026-08-11,712.0,9.1,9.51,9.48,67,334,0.2132,0.992,0.00566,-0.03,0.004
2026-08-11 14:23:22,721.27,2026-08-11,713.0,8.3,8.86,8.49,65,1563,0.3499,0.905,0.02646,-0.305,0.0309
2026-08-11 14:23:22,721.27,2026-08-11,714.0,7.42,7.87,7.23,28,642,0.3373,0.8839,0.03173,-0.37,0.0357
2026-08-11 14:23:22,721.27,2026-08-11,715.0,6.46,6.92,6.83,194,1251,0.3155,0.8647,0.03775,-0.415,0.0397
2026-08-11 14:23:22,721.27,2026-08-11,716.0,5.57,5.77,5.84,342,1550,0.2758,0.8553,0.04523,-0.395,0.0416
2026-08-11 14:23:22,721.27,2026-08-11,717.0,4.8,4.91,4.07,6,633,0.2785,0.8025,0.05464,-0.58,0.0507
2026-08-11 14:23:22,721.27,2026-08-11,718.0,3.94,3.96,3.85,27,1091,0.2554,0.7616,0.06643,-0.675,0.0565
2026-08-11 14:23:22,721.27,2026-08-11,719.0,3.06,3.09,3.08,407,623,0.2317,0.7076,0.08124,-0.8,0.0627
2026-08-11 14:23:22,721.27,2026-08-11,720.0,2.41,2.43,2.43,24056,550,0.2329,0.6209,0.0895,-1.145,0.0695
2026-08-11 14:23:22,721.27,2026-08-11,721.0,1.71,1.73,1.6,132,571,0.2154,0.531,0.10116,-1.445,0.0726
2026-08-11 14:23:22,721.27,2026-08-11,722.0,1.19,1.24,1.38,516,935,0.2116,0.4287,0.10161,-1.215,0.0717
2026-08-11 14:23:22,721.27,2026-08-11,723.0,0.82,0.83,0.86,1210,1120,0.2097,0.3291,0.09452,-0.825,0.066
2026-08-11 14:23:22,721.27,2026-08-11,724.0,0.48,0.53,0.53,14657,419,0.203,0.2339,0.08272,-0.505,0.0559
2026-08-11 14:23:22,721.27,2026-08-11,725.0,0.28,0.29,0.45,102,1752,0.197,0.1527,0.06559,-0.285,0.0431
2026-08-11 14:23:22,721.27,2026-08-11,726.0,0.2,0.21,0.28,28,659,0.2098,0.1109,0.04938,-0.205,0.0345
2026-08-11 14:23:22,721.27,2026-08-11,727.0,0.09,0.1,0.15,106,760,0.2003,0.0604,0.03274,-0.095,0.0219
2026-08-11 14:23:22,721.27,2026-08-11,728.0,0.04,0.05,0.09,1438,436,0.1972,0.032,0.01996,-0.045,0.0131
2026-08-11 14:23:22,721.27,2026-08-11,729.0,0.06,0.07,0.03,2188,901,0.2359,0.0378,0.01911,-0.065,0.015
2026-08-11 14:23:22,721.27,2026-08-11,730.0,0.05,0.06,0.06,96,4961,0.253,0.0307,0.01502,-0.055,0.0127
2026-08-11 14:23:22,721.27,2026-08-11,731.0,0.01,0.02,0.05,15,405,0.2287,0.0106,0.00669,-0.015,0.0051
2026-08-11 14:23:22,721.27,2026-08-11,732.0,0.01,0.05,0.02,330,635,0.2734,0.0168,0.00835,-0.03,0.0076
2026-08-11 14:23:22,721.27,2026-08-11,733.0,0.03,0.04,0.02,955,442,0.3016,0.0176,0.0079,-0.035,0.0079
2026-08-11 14:23:22,721.27,2026-08-11,734.0,0.01,0.04,0.04,1057,359,0.3085,0.0128,0.00586,-0.025,0.006
2026-08-11 14:23:22,721.27,2026-08-11,735.0,0.01,0.04,0.02,9,1261,0.3292,0.0121,0.00522,-0.025,0.0057
2026-08-11 14:23:22,721.27,2026-08-11,736.0,0.03,0.04,0.03,8,300,0.366,0.0148,0.00562,-0.035,0.0068
2026-08-11 14:24:24,721.14,2026-08-11,707.0,14.22,14.59,13.36,3,283,0.5095,0.939,0.01299,-0.265,0.022
2026-08-11 14:24:24,721.14,2026-08-11,708.0,12.97,13.44,13.8,23,188,0.3532,0.9807,0.0073,-0.065,0.0086
2026-08-11 14:24:24,721.14,2026-08-11,709.0,12.23,12.53,13.2,7,263,0.4412,0.9371,0.01537,-0.24,0.0225
2026-08-11 14:24:24,721.14,2026-08-11,710.0,11.17,11.58,9.85,1,353,0.4104,0.9344,0.01708,-0.235,0.0233
2026-08-11 14:24:24,721.14,2026-08-11,711.0,10.06,10.43,10.67,31,84,0.3153,0.9628,0.01412,-0.105,0.0148
2026-08-11 14:24:24,721.14,2026-08-11,712.0,9.1,9.51,9.48,67,334,0.3222,0.9423,0.01968,-0.165,0.0211
2026-08-11 14:24:24,721.14,2026-08-11,713.0,8.3,8.86,8.49,65,1563,0.3861,0.8792,0.02856,-0.44,0.0366
2026-08-11 14:24:24,721.14,2026-08-11,714.0,7.42,7.87,7.23,28,642,0.3686,0.859,0.0333,-0.505,0.0408
2026-08-11 14:24:24,721.14,2026-08-11,715.0,6.24,6.68,6.72,194,1251,0.2864,0.8828,0.0377,-0.32,0.0359
2026-08-11 14:24:24,721.14,2026-08-11,716.0,5.39,5.62,5.58,343,1550,0.2642,0.8597,0.0463,-0.365,0.0406
2026-08-11 14:24:24,721.14,2026-08-11,717.0,4.8,4.91,4.07,6,633,0.2993,0.7789,0.05443,-0.715,0.0541
2026-08-11 14:24:24,721.14,2026-08-11,718.0,3.94,3.96,3.85,27,1091,0.2733,0.7387,0.0653,-0.81,0.0593
2026-08-11 14:24:24,721.14,2026-08-11,719.0,3.06,3.09,3.08,407,623,0.2469,0.6858,0.07889,-0.935,0.0647
2026-08-11 14:24:24,721.14,2026-08-11,720.0,2.23,2.26,2.26,24179,550,0.2201,0.6149,0.09532,-1.105,0.0697
2026-08-11 14:24:24,721.14,2026-08-11,721.0,1.71,1.73,1.6,132,571,0.2255,0.5166,0.09702,-1.58,0.0726
2026-08-11 14:24:24,721.14,2026-08-11,722.0,1.19,1.24,1.38,516,935,0.22,0.4181,0.09742,-1.215,0.0712
2026-08-11 14:24:24,721.14,2026-08-11,723.0,0.82,0.83,0.86,1210,1120,0.2167,0.3218,0.09078,-0.825,0.0653
2026-08-11 14:24:24,721.14,2026-08-11,724.0,0.44,0.45,0.45,15148,419,0.1979,0.2166,0.08139,-0.445,0.0535
2026-08-11 14:24:24,721.14,2026-08-11,725.0,0.28,0.29,0.45,102,1752,0.2021,0.1498,0.06325,-0.285,0.0424
2026-08-11 14:24:24,721.14,2026-08-11,726.0,0.2,0.21,0.28,28,659,0.2145,0.1091,0.04782,-0.205,0.0341
2026-08-11 14:24:24,721.14,2026-08-11,727.0,0.09,0.1,0.15,106,760,0.2044,0.0595,0.03176,-0.095,0.0216
2026-08-11 14:24:24,721.14,2026-08-11,728.0,0.04,0.05,0.05,1445,436,0.2008,0.0316,0.01941,-0.045,0.0129
2026-08-11 14:24:24,721.14,2026-08-11,729.0,0.06,0.07,0.06,2199,901,0.2397,0.0373,0.01865,-0.065,0.0148
2026-08-11 14:24:24,721.14,2026-08-11,730.0,0.05,0.06,0.06,96,4961,0.2567,0.0304,0.0147,-0.055,0.0125
2026-08-11 14:24:24,721.14,2026-08-11,731.0,0.01,0.02,0.05,15,405,0.2319,0.0104,0.00655,-0.015,0.005
2026-08-11 14:24:24,721.14,2026-08-11,732.0,0.01,0.05,0.04,407,635,0.2768,0.0166,0.00819,-0.03,0.0075
2026-08-11 14:24:24,721.14,2026-08-11,733.0,0.01,0.02,0.01,956,442,0.2722,0.009,0.00492,-0.015,0.0044
2026-08-11 14:24:24,721.14,2026-08-11,734.0,0.01,0.04,0.04,1057,359,0.3118,0.0127,0.00577,-0.025,0.006
2026-08-11 14:24:24,721.14,2026-08-11,735.0,0.01,0.04,0.02,9,1261,0.3325,0.012,0.00514,-0.025,0.0057
2026-08-11 14:24:24,721.14,2026-08-11,736.0,0.03,0.04,0.03,8,300,0.3695,0.0147,0.00554,-0.035,0.0068
2026-08-11 14:25:25,721.08,2026-08-11,707.0,13.88,14.37,13.36,3,283,0.3463,0.9882,0.00488,-0.045,0.0056
2026-08-11 14:25:25,721.08,2026-08-11,708.0,12.97,13.44,13.8,23,188,0.4049,0.964,0.01072,-0.125,0.0144
2026-08-11 14:25:25,721.08,2026-08-11,709.0,12.23,12.53,13.2,7,263,0.4652,0.9261,0.01653,-0.3,0.0255
2026-08-11 14:25:25,721.08,2026-08-11,710.0,11.17,11.58,9.85,1,353,0.4335,0.9227,0.01836,-0.295,0.0263
2026-08-11 14:25:25,721.08,2026-08-11,711.0,10.06,10.34,10.67,31,84,0.324,0.9582,0.01516,-0.12,0.0163
2026-08-11 14:25:25,721.08,2026-08-11,712.0,9.1,9.51,9.48,67,334,0.347,0.9272,0.02193,-0.225,0.0252
2026-08-11 14:25:25,721.08,2026-08-11,713.0,8.3,8.86,8.49,65,1563,0.4007,0.8692,0.02915,-0.5,0.0387
2026-08-11 14:25:25,721.08,2026-08-11,714.0,7.42,7.87,7.23,28,642,0.3815,0.8491,0.03372,-0.565,0.0426
2026-08-11 14:25:25,721.08,2026-08-11,715.0,6.19,6.51,6.66,198,1251,0.2704,0.8941,0.0372,-0.27,0.0333
2026-08-11 14:25:25,721.08,2026-08-11,716.0,5.29,5.55,5.5,349,1550,0.2563,0.8645,0.04668,-0.34,0.0396
2026-08-11 14:25:25,721.08,2026-08-11,717.0,4.8,4.91,4.07,6,633,0.3083,0.7694,0.05422,-0.775,0.0553
2026-08-11 14:25:25,721.08,2026-08-11,718.0,3.94,3.96,3.85,27,1091,0.2811,0.7294,0.06473,-0.87,0.0602
2026-08-11 14:25:25,721.08,2026-08-11,719.0,3.06,3.09,3.08,407,623,0.2535,0.6769,0.07784,-0.995,0.0653
2026-08-11 14:25:25,721.08,2026-08-11,720.0,2.16,2.2,2.23,24523,550,0.2164,0.6111,0.09739,-1.1,0.0697
2026-08-11 14:25:25,721.08,2026-08-11,721.0,1.71,1.73,1.6,132,571,0.2301,0.5107,0.09528,-1.64,0.0726
2026-08-11 14:25:25,721.08,2026-08-11,722.0,1.19,1.24,1.38,516,935,0.2238,0.4137,0.09566,-1.215,0.0709
2026-08-11 14:25:25,721.08,2026-08-11,723.0,0.82,0.83,0.86,1210,1120,0.22,0.3187,0.0892,-0.825,0.0649
2026-08-11 14:25:25,721.08,2026-08-11,724.0,0.43,0.48,0.48,15440,419,0.2025,0.2168,0.0797,-0.455,0.0534
2026-08-11 14:25:25,721.08,2026-08-11,725.0,0.28,0.29,0.45,102,1752,0.2045,0.1486,0.06225,-0.285,0.0421
2026-08-11 14:25:25,721.08,2026-08-11,726.0,0.2,0.21,0.28,28,659,0.2167,0.1083,0.04715,-0.205,0.0338
2026-08-11 14:25:25,721.08,2026-08-11,727.0,0.09,0.1,0.15,106,760,0.2063,0.059,0.03134,-0.095,0.0214
2026-08-11 14:25:25,721.08,2026-08-11,728.0,0.04,0.09,0.09,1446,436,0.2165,0.0408,0.02225,-0.065,0.0159
2026-08-11 14:25:25,721.08,2026-08-11,729.0,0.02,0.03,0.03,2202,901,0.2065,0.0184,0.01198,-0.025,0.0082
2026-08-11 14:25:25,721.08,2026-08-11,730.0,0.05,0.06,0.06,96,4961,0.2585,0.0302,0.01456,-0.055,0.0125
2026-08-11 14:25:25,721.08,2026-08-11,731.0,0.01,0.02,0.05,15,405,0.2335,0.0104,0.00649,-0.015,0.005
2026-08-11 14:25:25,721.08,2026-08-11,732.0,0.04,0.05,0.04,407,635,0.296,0.0225,0.00992,-0.045,0.0097
2026-08-11 14:25:25,721.08,2026-08-11,733.0,0.01,0.02,0.01,956,442,0.2739,0.009,0.00488,-0.015,0.0044
2026-08-11 14:25:25,721.08,2026-08-11,734.0,0.01,0.04,0.04,1057,359,0.3136,0.0126,0.00573,-0.025,0.0059
2026-08-11 14:25:25,721.08,2026-08-11,735.0,0.01,0.04,0.02,9,1261,0.3343,0.0119,0.00511,-0.025,0.0057
2026-08-11 14:25:25,721.08,2026-08-11,736.0,0.03,0.04,0.03,8,300,0.3713,0.0147,0.00551,-0.035,0.0068
2026-08-11 14:26:27,721.33,2026-08-11,707.0,14.17,14.2,13.36,3,283,,,,,
2026-08-11 14:26:27,721.33,2026-08-11,708.0,12.97,13.44,13.8,23,188,,,,,
2026-08-11 14:26:27,721.33,2026-08-11,709.0,12.23,12.53,13.2,7,263,0.3232,0.9832,0.00712,-0.055,0.0076
2026-08-11 14:26:27,721.33,2026-08-11,710.0,11.33,11.68,9.85,1,353,0.3912,0.9467,0.01527,-0.18,0.0197
2026-08-11 14:26:27,721.33,2026-08-11,711.0,10.34,10.56,10.67,31,84,0.3339,0.9574,0.01494,-0.125,0.0165
2026-08-11 14:26:27,721.33,2026-08-11,712.0,9.1,9.51,9.48,67,334,,,,,
2026-08-11 14:26:27,721.33,2026-08-11,713.0,8.3,8.86,8.49,65,1563,0.3361,0.916,0.02526,-0.255,0.028
2026-08-11 14:26:27,721.33,2026-08-11,714.0,7.22,7.67,7.23,28,642,0.2508,0.9477,0.02345,-0.12,0.0194
2026-08-11 14:26:27,721.33,2026-08-11,715.0,6.38,6.75,6.53,202,1251,0.2692,0.9042,0.03476,-0.24,0.0309
2026-08-11 14:26:27,721.33,2026-08-11,716.0,5.48,5.54,5.54,349,1550,0.2199,0.9107,0.04039,-0.185,0.0293
2026-08-11 14:26:27,721.33,2026-08-11,717.0,4.8,4.91,4.07,6,633,0.2717,0.8122,0.05457,-0.53,0.049
2026-08-11 14:26:27,721.33,2026-08-11,718.0,3.7,3.81,3.85,27,1091,0.2126,0.808,0.0707,-0.43,0.0496
2026-08-11 14:26:27,721.33,2026-08-11,719.0,2.98,3.03,3.09,409,623,0.2156,0.7265,0.08494,-0.68,0.0605
2026-08-11 14:26:27,721.33,2026-08-11,720.0,2.23,2.25,2.34,25207,550,0.2031,0.6433,0.10105,-0.915,0.0678
2026-08-11 14:26:27,721.33,2026-08-11,721.0,1.71,1.73,1.6,132,571,0.2127,0.5366,0.10278,-1.395,0.0722
2026-08-11 14:26:27,721.33,2026-08-11,722.0,1.09,1.1,1.38,516,935,0.1928,0.4268,0.11195,-1.095,0.0713
2026-08-11 14:26:27,721.33,2026-08-11,723.0,0.74,0.75,0.78,1297,1120,0.1959,0.3221,0.10071,-0.745,0.0652
2026-08-11 14:26:27,721.33,2026-08-11,724.0,0.43,0.44,0.49,15653,419,0.1891,0.2209,0.08639,-0.435,0.0539
2026-08-11 14:26:27,721.33,2026-08-11,725.0,0.28,0.29,0.45,102,1752,0.1962,0.1538,0.0665,-0.285,0.0431
2026-08-11 14:26:27,721.33,2026-08-11,726.0,0.2,0.21,0.28,28,659,0.2092,0.1116,0.04998,-0.205,0.0345
2026-08-11 14:26:27,721.33,2026-08-11,727.0,0.11,0.12,0.13,207,760,0.2086,0.0689,0.03501,-0.115,0.0241
2026-08-11 14:26:27,721.33,2026-08-11,728.0,0.08,0.09,0.09,1448,436,0.2219,0.0505,0.02577,-0.085,0.0189
2026-08-11 14:26:27,721.33,2026-08-11,729.0,0.06,0.07,0.07,2206,901,0.2357,0.038,0.01928,-0.065,0.015
2026-08-11 14:26:27,721.33,2026-08-11,730.0,0.05,0.06,0.06,96,4961,0.253,0.0308,0.01515,-0.055,0.0127
2026-08-11 14:26:27,721.33,2026-08-11,731.0,0.04,0.05,0.05,15,405,0.2678,0.0246,0.01184,-0.045,0.0105
2026-08-11 14:26:27,721.33,2026-08-11,732.0,0.01,0.05,0.04,407,635,0.2736,0.0168,0.00841,-0.03,0.0076
2026-08-11 14:26:27,721.33,2026-08-11,733.0,0.03,0.04,0.01,956,442,0.3019,0.0177,0.00795,-0.035,0.0079
2026-08-11 14:26:27,721.33,2026-08-11,734.0,0.01,0.04,0.04,1057,359,0.3088,0.0128,0.00589,-0.025,0.006
2026-08-11 14:26:27,721.33,2026-08-11,735.0,0.01,0.04,0.02,9,1261,0.3296,0.0121,0.00525,-0.025,0.0057
2026-08-11 14:26:27,721.33,2026-08-11,736.0,0.01,0.04,0.03,8,300,0.3503,0.0115,0.00471,-0.025,0.0055
2026-08-11 14:27:28,721.46,2026-08-11,707.0,13.76,14.39,14.3,9,283,,,,,
2026-08-11 14:27:28,721.46,2026-08-11,708.0,12.97,13.44,13.8,23,188,,,,,
2026-08-11 14:27:28,721.46,2026-08-11,709.0,12.23,12.53,13.2,7,263,,,,,
2026-08-11 14:27:28,721.46,2026-08-11,710.0,10.92,11.61,9.85,1,353,,,,,
2026-08-11 14:27:28,721.46,2026-08-11,711.0,9.95,10.59,10.67,31,84,,,,,
2026-08-11 14:27:28,721.46,2026-08-11,712.0,9.1,9.51,9.48,67,334,,,,,
2026-08-11 14:27:28,721.46,2026-08-11,713.0,8.3,8.86,8.49,65,1563,0.2819,0.9526,0.0193,-0.12,0.0179
2026-08-11 14:27:28,721.46,2026-08-11,714.0,7.34,7.65,7.23,28,642,0.1867,0.9869,0.00998,-0.035,0.0061
2026-08-11 14:27:28,721.46,2026-08-11,715.0,6.22,6.52,6.53,202,1251,,,,,
2026-08-11 14:27:28,721.46,2026-08-11,716.0,5.34,5.49,5.54,349,1550,,,,,
2026-08-11 14:27:28,721.46,2026-08-11,717.0,4.8,4.91,4.07,6,633,0.2481,0.8416,0.05368,-0.395,0.0439
2026-08-11 14:27:28,721.46,2026-08-11,718.0,3.78,3.81,3.85,27,1091,0.198,0.8348,0.06915,-0.335,0.0451
2026-08-11 14:27:28,721.46,2026-08-11,719.0,2.8,2.9,3.09,421,623,0.1707,0.7893,0.09322,-0.39,0.0524
2026-08-11 14:27:28,721.46,2026-08-11,720.0,2.09,2.16,2.17,25374,550,0.1726,0.6826,0.11379,-0.665,0.0647
2026-08-11 14:27:28,721.46,2026-08-11,721.0,1.71,1.73,1.6,132,571,0.2028,0.5529,0.10745,-1.26,0.0718
2026-08-11 14:27:28,721.46,2026-08-11,722.0,1.15,1.16,1.16,588,935,0.1933,0.442,0.11253,-1.155,0.0716
2026-08-11 14:27:28,721.46,2026-08-11,723.0,0.68,0.7,0.76,1700,1120,0.1811,0.3228,0.10921,-0.69,0.0651
2026-08-11 14:27:28,721.46,2026-08-11,724.0,0.39,0.4,0.4,15980,419,0.1764,0.2166,0.09167,-0.395,0.0532
2026-08-11 14:27:28,721.46,2026-08-11,725.0,0.28,0.29,0.45,102,1752,0.1916,0.1569,0.06906,-0.285,0.0436
2026-08-11 14:27:28,721.46,2026-08-11,726.0,0.2,0.21,0.21,35,659,0.2051,0.1135,0.05167,-0.205,0.0349
2026-08-11 14:27:28,721.46,2026-08-11,727.0,0.12,0.13,0.13,208,760,0.209,0.0739,0.03691,-0.125,0.0254
2026-08-11 14:27:28,721.46,2026-08-11,728.0,0.08,0.09,0.09,1461,436,0.2186,0.0512,0.02649,-0.085,0.0191
2026-08-11 14:27:28,721.46,2026-08-11,729.0,0.06,0.07,0.07,2308,901,0.2327,0.0384,0.01976,-0.065,0.0151
2026-08-11 14:27:28,721.46,2026-08-11,730.0,0.05,0.06,0.06,96,4961,0.2501,0.0312,0.01549,-0.055,0.0128
2026-08-11 14:27:28,721.46,2026-08-11,731.0,0.01,0.05,0.04,16,405,0.249,0.0183,0.00994,-0.03,0.0082
2026-08-11 14:27:28,721.46,2026-08-11,732.0,0.04,0.05,0.04,407,635,0.2881,0.0231,0.01045,-0.045,0.0099
2026-08-11 14:27:28,721.46,2026-08-11,733.0,0.01,0.02,0.01,956,442,0.2669,0.0092,0.00513,-0.015,0.0045
2026-08-11 14:27:28,721.46,2026-08-11,734.0,0.01,0.04,0.04,1057,359,0.3064,0.0129,0.00599,-0.025,0.006
2026-08-11 14:27:28,721.46,2026-08-11,735.0,0.01,0.02,0.02,9,1261,0.3068,0.0081,0.004,-0.015,0.004
2026-08-11 14:27:28,721.46,2026-08-11,736.0,0.01,0.02,0.03,8,300,0.3264,0.0077,0.00358,-0.015,0.0038
2026-08-11 14:28:30,721.11,2026-08-11,707.0,13.94,14.7,14.3,9,283,0.4851,0.9485,0.01202,-0.21,0.0191
2026-08-11 14:28:30,721.11,2026-08-11,708.0,12.97,13.44,13.44,2,188,0.3846,0.9718,0.00929,-0.095,0.0117
2026-08-11 14:28:30,721.11,2026-08-11,709.0,12.27,12.75,12.53,2,263,0.5049,0.9105,0.01768,-0.4,0.0293
2026-08-11 14:28:30,721.11,2026-08-11,710.0,11.37,11.73,9.85,1,353,0.4863,0.8997,0.01998,-0.44,0.0319
2026-08-11 14:28:30,721.11,2026-08-11,711.0,10.13,10.52,10.67,31,84,0.3746,0.9343,0.01885,-0.215,0.0232
2026-08-11 14:28:30,721.11,2026-08-11,712.0,9.1,9.51,9.48,67,334,0.3371,0.9344,0.02092,-0.195,0.0231
2026-08-11 14:28:30,721.11,2026-08-11,713.0,8.14,8.58,8.49,65,1563,0.3289,0.9157,0.02596,-0.25,0.028
2026-08-11 14:28:30,721.11,2026-08-11,714.0,7.29,7.55,7.23,28,642,0.3171,0.8946,0.03174,-0.31,0.033
2026-08-11 14:28:30,721.11,2026-08-11,715.0,6.36,6.59,6.59,303,1251,0.2995,0.8726,0.03846,-0.365,0.0378
2026-08-11 14:28:30,721.11,2026-08-11,716.0,5.36,5.6,5.54,351,1550,0.2661,0.8581,0.04662,-0.37,0.0407
2026-08-11 14:28:30,721.11,2026-08-11,717.0,4.62,4.72,4.91,107,633,0.2703,0.8022,0.05682,-0.56,0.0504
2026-08-11 14:28:30,721.11,2026-08-11,718.0,3.68,3.71,3.84,30,1091,0.2342,0.771,0.0714,-0.585,0.0549
2026-08-11 14:28:30,721.11,2026-08-11,719.0,2.95,2.97,3.01,443,623,0.2337,0.6939,0.08291,-0.85,0.0635
2026-08-11 14:28:30,721.11,2026-08-11,720.0,2.18,2.2,2.2,25415,550,0.2162,0.6146,0.09766,-1.08,0.0692
2026-08-11 14:28:30,721.11,2026-08-11,721.0,1.6,1.61,1.73,289,571,0.2131,0.5145,0.10331,-1.495,0.0722
2026-08-11 14:28:30,721.11,2026-08-11,722.0,1.08,1.09,1.09,963,935,0.2047,0.4082,0.10477,-1.085,0.0703
2026-08-11 14:28:30,721.11,2026-08-11,723.0,0.7,0.71,0.71,1940,1120,0.2008,0.3046,0.09627,-0.705,0.0634
2026-08-11 14:28:30,721.11,2026-08-11,724.0,0.39,0.4,0.45,16149,419,0.1907,0.2041,0.08205,-0.395,0.0513
2026-08-11 14:28:30,721.11,2026-08-11,725.0,0.28,0.29,0.29,206,1752,0.2044,0.1492,0.06274,-0.285,0.0421
2026-08-11 14:28:30,721.11,2026-08-11,726.0,0.17,0.18,0.19,75,659,0.2076,0.0988,0.04627,-0.175,0.0315
2026-08-11 14:28:30,721.11,2026-08-11,727.0,0.07,0.12,0.08,321,760,0.2065,0.0592,0.03155,-0.095,0.0214
2026-08-11 14:28:30,721.11,2026-08-11,728.0,0.08,0.09,0.05,1489,436,0.2283,0.0494,0.0247,-0.085,0.0185
2026-08-11 14:28:30,721.11,2026-08-11,729.0,0.02,0.07,0.06,2335,901,0.2268,0.0285,0.01589,-0.045,0.0118
2026-08-11 14:28:30,721.11,2026-08-11,730.0,0.01,0.02,0.05,102,4961,0.2133,0.0113,0.00769,-0.015,0.0054
2026-08-11 14:28:30,721.11,2026-08-11,731.0,0.04,0.05,0.04,16,405,0.2737,0.0242,0.01147,-0.045,0.0103
2026-08-11 14:28:30,721.11,2026-08-11,732.0,0.04,0.05,0.04,407,635,0.2967,0.0225,0.00996,-0.045,0.0097
2026-08-11 14:28:30,721.11,2026-08-11,733.0,0.03,0.04,0.01,956,442,0.3076,0.0174,0.00774,-0.035,0.0078
2026-08-11 14:28:30,721.11,2026-08-11,734.0,0.01,0.02,0.04,1057,359,0.2945,0.0085,0.00432,-0.015,0.0042
2026-08-11 14:28:30,721.11,2026-08-11,735.0,0.01,0.02,0.02,9,1261,0.3143,0.008,0.00384,-0.015,0.004
2026-08-11 14:28:30,721.11,2026-08-11,736.0,0.01,0.04,0.03,8,300,0.3559,0.0113,0.00461,-0.025,0.0054
2026-08-11 14:29:31,721.55,2026-08-11,707.0,14.55,14.86,14.3,9,283,0.4656,0.9602,0.01019,-0.155,0.0155
2026-08-11 14:29:31,721.55,2026-08-11,708.0,12.97,13.44,13.44,2,188,,,,,
2026-08-11 14:29:31,721.55,2026-08-11,709.0,12.27,12.75,12.53,2,263,,,,,
2026-08-11 14:29:31,721.55,2026-08-11,710.0,11.1,11.56,11.56,6,353,,,,,
2026-08-11 14:29:31,721.55,2026-08-11,711.0,10.43,10.82,10.62,36,84,0.3047,0.9735,0.01113,-0.075,0.0111
2026-08-11 14:29:31,721.55,2026-08-11,712.0,9.1,9.51,9.48,67,334,,,,,
2026-08-11 14:29:31,721.55,2026-08-11,713.0,8.41,8.53,8.49,65,1563,,,,,
2026-08-11 14:29:31,721.55,2026-08-11,714.0,7.32,7.63,7.23,28,642,,,,,
2026-08-11 14:29:31,721.55,2026-08-11,715.0,6.57,6.7,6.59,303,1251,0.2115,0.9579,0.02347,-0.085,0.0163
2026-08-11 14:29:31,721.55,2026-08-11,716.0,5.69,5.8,5.88,355,1550,0.2313,0.9097,0.0389,-0.195,0.0294
2026-08-11 14:29:31,721.55,2026-08-11,717.0,4.53,4.77,4.91,107,633,0.1651,0.9378,0.04101,-0.1,0.0222
2026-08-11 14:29:31,721.55,2026-08-11,718.0,3.67,3.69,3.84,30,1091,0.1473,0.9105,0.06064,-0.13,0.0292
2026-08-11 14:29:31,721.55,2026-08-11,719.0,2.86,2.87,2.87,469,623,0.1599,0.8137,0.09266,-0.315,0.0485
2026-08-11 14:29:31,721.55,2026-08-11,720.0,2.4,2.43,2.43,25549,550,0.2083,0.6626,0.09695,-0.865,0.0661
2026-08-11 14:29:31,721.55,2026-08-11,721.0,1.55,1.6,1.73,289,571,0.176,0.5719,0.12323,-1.025,0.071
2026-08-11 14:29:31,721.55,2026-08-11,722.0,1.03,1.04,1.04,1187,935,0.1715,0.4457,0.12737,-1.035,0.0715
2026-08-11 14:29:31,721.55,2026-08-11,723.0,0.62,0.67,0.67,2114,1120,0.1703,0.3221,0.11641,-0.645,0.0649
2026-08-11 14:29:31,721.55,2026-08-11,724.0,0.5,0.51,0.51,16351,419,0.1932,0.2445,0.08986,-0.505,0.0568
2026-08-11 14:29:31,721.55,2026-08-11,725.0,0.28,0.29,0.29,206,1752,0.189,0.159,0.07087,-0.285,0.0438
2026-08-11 14:29:31,721.55,2026-08-11,726.0,0.17,0.18,0.18,82,659,0.194,0.1046,0.05165,-0.175,0.0328
2026-08-11 14:29:31,721.55,2026-08-11,727.0,0.11,0.12,0.12,356,760,0.203,0.0708,0.03686,-0.115,0.0245
2026-08-11 14:29:31,721.55,2026-08-11,728.0,0.04,0.09,0.09,1499,436,0.2057,0.0429,0.02451,-0.065,0.0165
2026-08-11 14:29:31,721.55,2026-08-11,729.0,0.02,0.07,0.06,2381,901,0.2165,0.0298,0.01725,-0.045,0.0122
2026-08-11 14:29:31,721.55,2026-08-11,730.0,0.01,0.06,0.05,102,4961,0.2308,0.0225,0.01282,-0.035,0.0097
2026-08-11 14:29:31,721.55,2026-08-11,731.0,0.04,0.05,0.04,18,405,0.2638,0.025,0.01225,-0.045,0.0106
2026-08-11 14:29:31,721.55,2026-08-11,732.0,0.04,0.05,0.04,407,635,0.2869,0.0232,0.01058,-0.045,0.0099
2026-08-11 14:29:31,721.55,2026-08-11,733.0,0.01,0.04,0.03,959,442,0.2843,0.0139,0.00688,-0.025,0.0064
2026-08-11 14:29:31,721.55,2026-08-11,734.0,0.01,0.04,0.04,1057,359,0.3055,0.013,0.00606,-0.025,0.0061
2026-08-11 14:29:31,721.55,2026-08-11,735.0,0.03,0.04,0.02,9,1261,0.3419,0.0159,0.00643,-0.035,0.0072
2026-08-11 14:29:31,721.55,2026-08-11,736.0,0.03,0.04,0.03,8,300,0.3634,0.0151,0.00578,-0.035,0.0069
2026-08-11 14:30:32,721.44,2026-08-11,707.0,14.93,15.07,14.3,9,283,0.6332,0.9006,0.01528,-0.56,0.0316
2026-08-11 14:30:32,721.44,2026-08-11,708.0,12.97,13.44,13.44,2,188,,,,,
2026-08-11 14:30:32,721.44,2026-08-11,709.0,12.27,12.75,12.53,2,263,0.3458,0.9781,0.00836,-0.07,0.0094
2026-08-11 14:30:32,721.44,2026-08-11,710.0,11.64,11.96,11.56,6,353,0.4715,0.9134,0.01852,-0.36,0.0285
2026-08-11 14:30:32,721.44,2026-08-11,711.0,10.78,11.09,10.62,36,84,0.4823,0.8879,0.02188,-0.495,0.0344
2026-08-11 14:30:32,721.44,2026-08-11,712.0,9.1,9.51,9.48,67,334,,,,,
2026-08-11 14:30:32,721.44,2026-08-11,713.0,8.41,8.53,8.49,65,1563,0.1991,0.9911,0.00672,-0.03,0.0044
2026-08-11 14:30:32,721.44,2026-08-11,714.0,7.32,7.63,7.23,28,642,0.1874,0.9867,0.01008,-0.035,0.0062
2026-08-11 14:30:32,721.44,2026-08-11,715.0,6.8,7.06,6.59,303,1251,0.3434,0.8533,0.03705,-0.49,0.0415
2026-08-11 14:30:32,721.44,2026-08-11,716.0,6,6.07,5.92,365,1550,0.3301,0.8221,0.04369,-0.595,0.047
2026-08-11 14:30:32,721.44,2026-08-11,717.0,4.53,4.77,4.91,107,633,0.2012,0.8913,0.0513,-0.21,0.0337
2026-08-11 14:30:32,721.44,2026-08-11,718.0,3.67,3.69,3.69,37,1091,0.1758,0.8631,0.06904,-0.24,0.0396
2026-08-11 14:30:32,721.44,2026-08-11,719.0,2.86,2.87,2.87,469,623,0.1773,0.7798,0.09251,-0.425,0.0535
2026-08-11 14:30:32,721.44,2026-08-11,720.0,2.58,2.6,2.68,25938,550,0.2452,0.6304,0.08522,-1.15,0.0682
2026-08-11 14:30:32,721.44,2026-08-11,721.0,1.55,1.6,1.73,289,571,0.185,0.5556,0.11822,-1.135,0.0714
2026-08-11 14:30:32,721.44,2026-08-11,722.0,1.03,1.04,1.04,1390,935,0.1786,0.4344,0.12201,-1.035,0.0711
2026-08-11 14:30:32,721.44,2026-08-11,723.0,0.62,0.67,0.67,2182,1120,0.176,0.3149,0.11176,-0.645,0.0642
2026-08-11 14:30:32,721.44,2026-08-11,724.0,0.5,0.52,0.53,16994,419,0.1991,0.2411,0.08667,-0.51,0.0563
2026-08-11 14:30:32,721.44,2026-08-11,725.0,0.28,0.29,0.29,206,1752,0.1932,0.1564,0.06867,-0.285,0.0433
2026-08-11 14:30:32,721.44,2026-08-11,726.0,0.17,0.18,0.18,88,659,0.1978,0.103,0.05021,-0.175,0.0324
2026-08-11 14:30:32,721.44,2026-08-11,727.0,0.11,0.12,0.12,358,760,0.2065,0.0699,0.03593,-0.115,0.0242
2026-08-11 14:30:32,721.44,2026-08-11,728.0,0.05,0.1,0.08,1502,436,0.2147,0.0469,0.02525,-0.075,0.0177
2026-08-11 14:30:32,721.44,2026-08-11,729.0,0.06,0.07,0.06,2510,901,0.2343,0.0384,0.01969,-0.065,0.015
2026-08-11 14:30:32,721.44,2026-08-11,730.0,0.01,0.06,0.05,102,4961,0.2337,0.0223,0.01258,-0.035,0.0096
2026-08-11 14:30:32,721.44,2026-08-11,731.0,0.04,0.05,0.04,18,405,0.2668,0.0248,0.01205,-0.045,0.0105
2026-08-11 14:30:32,721.44,2026-08-11,732.0,0.01,0.02,0.03,411,635,0.2483,0.0099,0.00589,-0.015,0.0048
2026-08-11 14:30:32,721.44,2026-08-11,733.0,0.01,0.04,0.02,961,442,0.2871,0.0138,0.00678,-0.025,0.0064
2026-08-11 14:30:32,721.44,2026-08-11,734.0,0.01,0.04,0.04,1057,359,0.3083,0.0129,0.00598,-0.025,0.006
2026-08-11 14:30:32,721.44,2026-08-11,735.0,0.03,0.04,0.02,9,1261,0.3448,0.0158,0.00636,-0.035,0.0072
2026-08-11 14:30:32,721.44,2026-08-11,736.0,0.01,0.04,0.03,8,300,0.35,0.0115,0.00477,-0.025,0.0054
2026-08-11 14:31:36,721.06,2026-08-11,707.0,13.91,14.42,14.3,9,283,0.4186,0.9706,0.00887,-0.105,0.0121
2026-08-11 14:31:36,721.06,2026-08-11,708.0,12.97,13.44,13.44,2,188,0.4217,0.9592,0.01152,-0.145,0.0158
2026-08-11 14:31:36,721.06,2026-08-11,709.0,12.27,12.75,12.53,2,263,0.5225,0.9032,0.0182,-0.45,0.0309
2026-08-11 14:31:36,721.06,2026-08-11,710.0,11.22,11.42,11.56,6,353,0.4233,0.9291,0.01778,-0.26,0.0244
2026-08-11 14:31:36,721.06,2026-08-11,711.0,10.2,10.25,10.62,36,84,0.3517,0.9458,0.01734,-0.165,0.0198
2026-08-11 14:31:36,721.06,2026-08-11,712.0,9.1,9.51,9.48,67,334,0.3576,0.9225,0.02252,-0.245,0.0262
2026-08-11 14:31:36,721.06,2026-08-11,713.0,8.41,8.53,8.49,65,1563,0.3794,0.8835,0.02864,-0.41,0.0353
2026-08-11 14:31:36,721.06,2026-08-11,714.0,7.32,7.63,7.23,28,642,0.3469,0.8733,0.03323,-0.415,0.0374
2026-08-11 14:31:36,721.06,2026-08-11,715.0,6.11,6.48,6.59,308,1251,0.2615,0.903,0.03643,-0.235,0.0309
2026-08-11 14:31:36,721.06,2026-08-11,716.0,5.2,5.47,5.53,367,1550,0.2408,0.8805,0.04596,-0.275,0.036
2026-08-11 14:31:36,721.06,2026-08-11,717.0,4.53,4.77,4.91,107,633,0.2755,0.7959,0.05706,-0.59,0.0511
2026-08-11 14:31:36,721.06,2026-08-11,718.0,3.67,3.69,3.69,37,1091,0.2396,0.7635,0.07141,-0.62,0.0556
2026-08-11 14:31:36,721.06,2026-08-11,719.0,2.83,2.86,2.87,470,623,0.222,0.6995,0.08694,-0.785,0.0627
2026-08-11 14:31:36,721.06,2026-08-11,720.0,2.04,2.1,2.1,26213,550,0.2043,0.6164,0.10372,-1.01,0.0688
2026-08-11 14:31:36,721.06,2026-08-11,721.0,1.55,1.6,1.6,329,571,0.2135,0.5093,0.10365,-1.515,0.0719
2026-08-11 14:31:36,721.06,2026-08-11,722.0,1.03,1.04,1.04,1468,935,0.2014,0.4009,0.1065,-1.035,0.0697
2026-08-11 14:31:36,721.06,2026-08-11,723.0,0.62,0.67,0.67,2210,1120,0.1946,0.293,0.09809,-0.645,0.062
2026-08-11 14:31:36,721.06,2026-08-11,724.0,0.36,0.37,0.37,17615,419,0.1877,0.1951,0.08153,-0.365,0.0497
2026-08-11 14:31:36,721.06,2026-08-11,725.0,0.28,0.29,0.29,206,1752,0.2072,0.1481,0.06192,-0.285,0.0417
2026-08-11 14:31:36,721.06,2026-08-11,726.0,0.17,0.18,0.18,91,659,0.2102,0.0982,0.04571,-0.175,0.0312
2026-08-11 14:31:36,721.06,2026-08-11,727.0,0.11,0.12,0.11,384,760,0.2178,0.0669,0.03303,-0.115,0.0234
2026-08-11 14:31:36,721.06,2026-08-11,728.0,0.07,0.08,0.08,1505,436,0.2251,0.0451,0.02339,-0.075,0.0171
2026-08-11 14:31:36,721.06,2026-08-11,729.0,0.02,0.07,0.06,2632,901,0.2291,0.0284,0.01575,-0.045,0.0117
2026-08-11 14:31:36,721.06,2026-08-11,730.0,0.01,0.06,0.05,102,4961,0.2429,0.0216,0.0118,-0.035,0.0093
2026-08-11 14:31:36,721.06,2026-08-11,731.0,0.04,0.05,0.04,18,405,0.2762,0.0241,0.01138,-0.045,0.0102
2026-08-11 14:31:36,721.06,2026-08-11,732.0,0.03,0.04,0.02,416,635,0.288,0.0186,0.00876,-0.035,0.0082
2026-08-11 14:31:36,721.06,2026-08-11,733.0,0.01,0.02,0.02,961,442,0.2768,0.009,0.00487,-0.015,0.0044
2026-08-11 14:31:36,721.06,2026-08-11,734.0,0.01,0.04,0.04,1057,359,0.317,0.0126,0.00571,-0.025,0.0059
2026-08-11 14:31:36,721.06,2026-08-11,735.0,0.03,0.04,0.02,9,1261,0.3538,0.0155,0.0061,-0.035,0.007
2026-08-11 14:31:36,721.06,2026-08-11,736.0,0.03,0.04,0.03,8,300,0.3753,0.0147,0.00549,-0.035,0.0067
2026-08-11 14:32:38,721.24,2026-08-11,707.0,14.07,14.2,14.3,9,283,,,,,
2026-08-11 14:32:38,721.24,2026-08-11,708.0,12.97,13.44,13.44,2,188,,,,,
2026-08-11 14:32:38,721.24,2026-08-11,709.0,12.27,12.75,12.53,2,263,0.4629,0.9319,0.01578,-0.27,0.0237
2026-08-11 14:32:38,721.24,2026-08-11,710.0,10.99,11.34,11.56,6,353,,,,,
2026-08-11 14:32:38,721.24,2026-08-11,711.0,9.88,10.39,10.45,37,84,,,,,
2026-08-11 14:32:38,721.24,2026-08-11,712.0,9.1,9.51,9.48,67,334,0.2654,0.9747,0.01238,-0.065,0.0106
2026-08-11 14:32:38,721.24,2026-08-11,713.0,8.41,8.53,8.49,65,1563,0.3276,0.9211,0.02494,-0.23,0.0265
2026-08-11 14:32:38,721.24,2026-08-11,714.0,7.32,7.63,7.23,28,642,0.2988,0.9131,0.02941,-0.235,0.0285
2026-08-11 14:32:38,721.24,2026-08-11,715.0,6.04,6.46,6.47,311,1251,,,,,
2026-08-11 14:32:38,721.24,2026-08-11,716.0,5.2,5.52,5.37,377,1550,0.1947,0.9343,0.03647,-0.12,0.023
2026-08-11 14:32:38,721.24,2026-08-11,717.0,4.53,4.77,4.91,107,633,0.2455,0.834,0.05641,-0.41,0.0449
2026-08-11 14:32:38,721.24,2026-08-11,718.0,3.67,3.69,3.69,40,1091,0.2133,0.8033,0.07219,-0.44,0.0499
2026-08-11 14:32:38,721.24,2026-08-11,719.0,2.78,2.79,2.79,486,623,0.1909,0.7456,0.09331,-0.545,0.0577
2026-08-11 14:32:38,721.24,2026-08-11,720.0,2.07,2.09,2.08,26250,550,0.1894,0.6451,0.10922,-0.84,0.067
2026-08-11 14:32:38,721.24,2026-08-11,721.0,1.55,1.6,1.6,329,571,0.2008,0.5296,0.11007,-1.335,0.0716
2026-08-11 14:32:38,721.24,2026-08-11,722.0,1.03,1.04,1.04,1609,935,0.1912,0.4158,0.11333,-1.035,0.0702
2026-08-11 14:32:38,721.24,2026-08-11,723.0,0.66,0.67,0.67,2303,1120,0.1894,0.3059,0.10286,-0.665,0.0631
2026-08-11 14:32:38,721.24,2026-08-11,724.0,0.39,0.4,0.4,17842,419,0.1867,0.2085,0.08539,-0.395,0.0517
2026-08-11 14:32:38,721.24,2026-08-11,725.0,0.28,0.29,0.29,206,1752,0.2011,0.1519,0.06496,-0.285,0.0423
2026-08-11 14:32:38,721.24,2026-08-11,726.0,0.17,0.18,0.18,91,659,0.2048,0.1004,0.04775,-0.175,0.0317
2026-08-11 14:32:38,721.24,2026-08-11,727.0,0.11,0.12,0.12,430,760,0.213,0.0683,0.03435,-0.115,0.0237
2026-08-11 14:32:38,721.24,2026-08-11,728.0,0.07,0.08,0.08,1509,436,0.2207,0.0459,0.02424,-0.075,0.0173
2026-08-11 14:32:38,721.24,2026-08-11,729.0,0.05,0.06,0.06,2698,901,0.233,0.0334,0.01774,-0.055,0.0134
2026-08-11 14:32:38,721.24,2026-08-11,730.0,0.01,0.06,0.05,102,4961,0.2391,0.0219,0.01216,-0.035,0.0094
2026-08-11 14:32:38,721.24,2026-08-11,731.0,0.04,0.05,0.04,18,405,0.2724,0.0244,0.01169,-0.045,0.0103
2026-08-11 14:32:38,721.24,2026-08-11,732.0,0.03,0.04,0.02,417,635,0.2844,0.0188,0.00898,-0.035,0.0083
2026-08-11 14:32:38,721.24,2026-08-11,733.0,0.03,0.04,0.02,981,442,0.3066,0.0176,0.00787,-0.035,0.0078
2026-08-11 14:32:38,721.24,2026-08-11,734.0,0.01,0.04,0.04,1057,359,0.3136,0.0128,0.00583,-0.025,0.0059
2026-08-11 14:32:38,721.24,2026-08-11,735.0,0.03,0.04,0.02,9,1261,0.3504,0.0156,0.00622,-0.035,0.0071
2026-08-11 14:32:38,721.24,2026-08-11,736.0,0.03,0.04,0.03,8,300,0.3719,0.0148,0.0056,-0.035,0.0067
2026-08-11 14:33:40,721.49,2026-08-11,707.0,14.22,14.69,14.3,9,283,,,,,
2026-08-11 14:33:40,721.49,2026-08-11,708.0,12.97,13.44,13.44,2,188,,,,,
2026-08-11 14:33:40,721.49,2026-08-11,709.0,12.27,12.75,12.53,2,263,0.2263,0.999,0.00079,-0.02,0.0006
2026-08-11 14:33:40,721.49,2026-08-11,710.0,11.17,11.33,11.56,6,353,,,,,
2026-08-11 14:33:40,721.49,2026-08-11,711.0,10.25,10.76,10.45,37,84,,,,,
2026-08-11 14:33:40,721.49,2026-08-11,712.0,9.1,9.51,9.48,67,334,,,,,
2026-08-11 14:33:40,721.49,2026-08-11,713.0,8.41,8.53,8.49,65,1563,,,,,
2026-08-11 14:33:40,721.49,2026-08-11,714.0,7.32,7.63,7.23,28,642,,,,,
2026-08-11 14:33:40,721.49,2026-08-11,715.0,6.29,6.55,6.57,333,1251,,,,,
2026-08-11 14:33:40,721.49,2026-08-11,716.0,5.38,5.55,5.37,377,1550,,,,,
2026-08-11 14:33:40,721.49,2026-08-11,717.0,4.53,4.77,4.91,107,633,0.1878,0.9102,0.04802,-0.16,0.0292
2026-08-11 14:33:40,721.49,2026-08-11,718.0,3.67,3.69,3.69,40,1091,0.165,0.8826,0.06641,-0.19,0.0354
2026-08-11 14:33:40,721.49,2026-08-11,719.0,2.78,2.79,2.79,486,623,0.1545,0.8178,0.09521,-0.295,0.0475
2026-08-11 14:33:40,721.49,2026-08-11,720.0,2.18,2.24,2.17,26361,550,0.1843,0.6766,0.1084,-0.72,0.0646
2026-08-11 14:33:40,721.49,2026-08-11,721.0,1.55,1.6,1.6,329,571,0.182,0.5628,0.12044,-1.085,0.0708
2026-08-11 14:33:40,721.49,2026-08-11,722.0,1.03,1.04,1.04,1609,935,0.1764,0.4394,0.12438,-1.035,0.0709
2026-08-11 14:33:40,721.49,2026-08-11,723.0,0.66,0.67,0.67,2303,1120,0.1775,0.3211,0.11226,-0.665,0.0644
2026-08-11 14:33:40,721.49,2026-08-11,724.0,0.4,0.41,0.41,18151,419,0.1787,0.2202,0.0922,-0.405,0.0533
2026-08-11 14:33:40,721.49,2026-08-11,725.0,0.28,0.29,0.29,206,1752,0.1924,0.1576,0.06965,-0.285,0.0433
2026-08-11 14:33:40,721.49,2026-08-11,726.0,0.17,0.18,0.18,91,659,0.1972,0.1037,0.05085,-0.175,0.0324
2026-08-11 14:33:40,721.49,2026-08-11,727.0,0.11,0.12,0.12,430,760,0.2061,0.0703,0.03635,-0.115,0.0242
2026-08-11 14:33:40,721.49,2026-08-11,728.0,0.03,0.04,0.08,1511,436,0.1868,0.0273,0.01874,-0.035,0.0113
2026-08-11 14:33:40,721.49,2026-08-11,729.0,0.05,0.06,0.05,2825,901,0.2271,0.0342,0.01857,-0.055,0.0136
2026-08-11 14:33:40,721.49,2026-08-11,730.0,0.01,0.06,0.05,102,4961,0.2337,0.0224,0.01269,-0.035,0.0096
2026-08-11 14:33:40,721.49,2026-08-11,731.0,0.04,0.05,0.04,18,405,0.2669,0.0249,0.01214,-0.045,0.0105
2026-08-11 14:33:40,721.49,2026-08-11,732.0,0.03,0.04,0.02,420,635,0.2792,0.0191,0.0093,-0.035,0.0084
2026-08-11 14:33:40,721.49,2026-08-11,733.0,0.03,0.04,0.02,1031,442,0.3015,0.0179,0.00812,-0.035,0.0079
2026-08-11 14:33:40,721.49,2026-08-11,734.0,0.01,0.04,0.04,1057,359,0.3087,0.013,0.00601,-0.025,0.006
2026-08-11 14:33:40,721.49,2026-08-11,735.0,0.03,0.04,0.02,9,1261,0.3454,0.0158,0.00639,-0.035,0.0071
2026-08-11 14:33:40,721.49,2026-08-11,736.0,0.03,0.04,0.03,8,300,0.367,0.015,0.00574,-0.035,0.0068
2026-08-11 14:34:41,721.48,2026-08-11,707.0,14.12,14.76,14.3,9,283,,,,,
2026-08-11 14:34:41,721.48,2026-08-11,708.0,12.97,13.44,13.44,2,188,,,,,
2026-08-11 14:34:41,721.48,2026-08-11,709.0,12.27,12.75,12.53,2,263,0.2844,0.9933,0.00367,-0.03,0.0034
2026-08-11 14:34:41,721.48,2026-08-11,710.0,11.52,11.94,11.56,6,353,0.4333,0.9326,0.01676,-0.25,0.0234
2026-08-11 14:34:41,721.48,2026-08-11,711.0,10.2,10.88,10.45,37,84,0.2909,0.9788,0.00975,-0.06,0.0091
2026-08-11 14:34:41,721.48,2026-08-11,712.0,9.1,9.51,9.48,67,334,,,,,
2026-08-11 14:34:41,721.48,2026-08-11,713.0,8.41,8.53,8.49,65,1563,,,,,
2026-08-11 14:34:41,721.48,2026-08-11,714.0,7.32,7.63,7.23,28,642,,,,,
2026-08-11 14:34:41,721.48,2026-08-11,715.0,6.48,6.74,6.57,333,1251,0.2353,0.9393,0.02848,-0.13,0.0216
2026-08-11 14:34:41,721.48,2026-08-11,716.0,5.66,5.89,5.53,379,1550,0.2616,0.8807,0.04241,-0.295,0.0357
2026-08-11 14:34:41,721.48,2026-08-11,717.0,4.53,4.77,4.91,107,633,0.1912,0.9061,0.04881,-0.17,0.0301
2026-08-11 14:34:41,721.48,2026-08-11,718.0,3.67,3.69,3.69,40,1091,0.1677,0.8784,0.06705,-0.2,0.0362
2026-08-11 14:34:41,721.48,2026-08-11,719.0,3.15,3.18,2.79,486,623,0.2263,0.7321,0.08109,-0.685,0.0591
2026-08-11 14:34:41,721.48,2026-08-11,720.0,2.32,2.42,2.33,26531,550,0.2101,0.6556,0.09763,-0.89,0.0661
2026-08-11 14:34:41,721.48,2026-08-11,721.0,1.55,1.6,1.6,329,571,0.1831,0.5613,0.11999,-1.095,0.0708
2026-08-11 14:34:41,721.48,2026-08-11,722.0,1.03,1.04,1.04,1609,935,0.1773,0.4384,0.12389,-1.035,0.0707
2026-08-11 14:34:41,721.48,2026-08-11,723.0,0.72,0.73,0.67,2303,1120,0.1875,0.3289,0.10744,-0.725,0.0649
2026-08-11 14:34:41,721.48,2026-08-11,724.0,0.42,0.47,0.46,18430,419,0.1869,0.229,0.09032,-0.445,0.0544
2026-08-11 14:34:41,721.48,2026-08-11,725.0,0.28,0.29,0.29,206,1752,0.193,0.1573,0.06945,-0.285,0.0432
2026-08-11 14:34:41,721.48,2026-08-11,726.0,0.17,0.18,0.18,91,659,0.1978,0.1036,0.05072,-0.175,0.0323
2026-08-11 14:34:41,721.48,2026-08-11,727.0,0.11,0.12,0.12,430,760,0.2067,0.0702,0.03626,-0.115,0.0241
2026-08-11 14:34:41,721.48,2026-08-11,728.0,0.03,0.04,0.07,1536,436,0.1873,0.0273,0.0187,-0.035,0.0113
2026-08-11 14:34:41,721.48,2026-08-11,729.0,0.05,0.06,0.05,2831,901,0.2277,0.0342,0.01854,-0.055,0.0136
2026-08-11 14:34:41,721.48,2026-08-11,730.0,0.01,0.06,0.05,102,4961,0.2343,0.0224,0.01267,-0.035,0.0096
2026-08-11 14:34:41,721.48,2026-08-11,731.0,0.04,0.05,0.04,18,405,0.2675,0.0249,0.01212,-0.045,0.0104
2026-08-11 14:34:41,721.48,2026-08-11,732.0,0.01,0.04,0.03,420,635,0.2666,0.0148,0.00782,-0.025,0.0067
2026-08-11 14:34:41,721.48,2026-08-11,733.0,0.01,0.04,0.03,1031,442,0.2881,0.0138,0.00682,-0.025,0.0063
2026-08-11 14:34:41,721.48,2026-08-11,734.0,0.01,0.04,0.04,1057,359,0.3094,0.0129,0.00601,-0.025,0.006
2026-08-11 14:34:41,721.48,2026-08-11,735.0,0.03,0.04,0.02,9,1261,0.3461,0.0158,0.00638,-0.035,0.0071
2026-08-11 14:34:41,721.48,2026-08-11,736.0,0.01,0.04,0.03,8,300,0.3514,0.0115,0.00479,-0.025,0.0054
2026-08-11 14:35:43,721.69,2026-08-11,707.0,14.5,14.83,14.3,9,283,,,,,
2026-08-11 14:35:43,721.69,2026-08-11,708.0,12.97,13.44,13.44,2,188,,,,,
2026-08-11 14:35:43,721.69,2026-08-11,709.0,12.27,12.75,12.53,2,263,,,,,
2026-08-11 14:35:43,721.69,2026-08-11,710.0,11.29,11.88,11.56,6,353,,,,,
2026-08-11 14:35:43,721.69,2026-08-11,711.0,10.21,10.67,10.45,37,84,,,,,
2026-08-11 14:35:43,721.69,2026-08-11,712.0,9.1,9.51,9.48,67,334,,,,,
2026-08-11 14:35:43,721.69,2026-08-11,713.0,8.41,8.53,8.49,65,1563,,,,,
2026-08-11 14:35:43,721.69,2026-08-11,714.0,7.32,7.63,7.23,28,642,,,,,
2026-08-11 14:35:43,721.69,2026-08-11,715.0,6.47,6.66,6.57,333,1251,,,,,
2026-08-11 14:35:43,721.69,2026-08-11,716.0,5.44,5.87,5.53,379,1550,,,,,
2026-08-11 14:35:43,721.69,2026-08-11,717.0,4.53,4.77,4.91,107,633,,,,,
2026-08-11 14:35:43,721.69,2026-08-11,718.0,3.67,3.69,3.69,40,1091,,,,,
2026-08-11 14:35:43,721.69,2026-08-11,719.0,3.06,3.2,2.79,486,623,0.1919,0.7856,0.08479,-0.44,0.0523
2026-08-11 14:35:43,721.69,2026-08-11,720.0,2.24,2.34,2.33,27150,550,0.1756,0.7073,0.10918,-0.6,0.0616
2026-08-11 14:35:43,721.69,2026-08-11,721.0,1.55,1.6,1.6,329,571,0.166,0.595,0.13021,-0.885,0.0695
2026-08-11 14:35:43,721.69,2026-08-11,722.0,1.03,1.04,1.04,1609,935,0.1642,0.4615,0.13488,-1.035,0.0712
2026-08-11 14:35:43,721.69,2026-08-11,723.0,0.74,0.76,0.67,2303,1120,0.1808,0.3462,0.11381,-0.75,0.0661
2026-08-11 14:35:43,721.69,2026-08-11,724.0,0.39,0.44,0.44,18538,419,0.1728,0.2308,0.09823,-0.415,0.0545
2026-08-11 14:35:43,721.69,2026-08-11,725.0,0.28,0.29,0.29,206,1752,0.1856,0.1625,0.07385,-0.285,0.0441
2026-08-11 14:35:43,721.69,2026-08-11,726.0,0.17,0.18,0.18,91,659,0.1913,0.1066,0.05359,-0.175,0.0329
2026-08-11 14:35:43,721.69,2026-08-11,727.0,0.11,0.12,0.12,430,760,0.2009,0.072,0.03809,-0.115,0.0246
2026-08-11 14:35:43,721.69,2026-08-11,728.0,0.03,0.08,0.07,1536,436,0.1976,0.0387,0.02369,-0.055,0.015
2026-08-11 14:35:43,721.69,2026-08-11,729.0,0.05,0.06,0.05,2831,901,0.2228,0.0349,0.01929,-0.055,0.0138
2026-08-11 14:35:43,721.69,2026-08-11,730.0,0.01,0.06,0.05,102,4961,0.2297,0.0228,0.01314,-0.035,0.0097
2026-08-11 14:35:43,721.69,2026-08-11,731.0,0.01,0.04,0.04,18,405,0.2405,0.0162,0.0094,-0.025,0.0073
2026-08-11 14:35:43,721.69,2026-08-11,732.0,0.01,0.04,0.03,420,635,0.2623,0.015,0.00806,-0.025,0.0068
2026-08-11 14:35:43,721.69,2026-08-11,733.0,0.01,0.02,0.03,1031,442,0.2656,0.0094,0.0053,-0.015,0.0045
2026-08-11 14:35:43,721.69,2026-08-11,734.0,0.01,0.04,0.04,1057,359,0.3053,0.0131,0.00616,-0.025,0.006
2026-08-11 14:35:43,721.69,2026-08-11,735.0,0.03,0.04,0.02,9,1261,0.342,0.016,0.00654,-0.035,0.0072
2026-08-11 14:35:43,721.69,2026-08-11,736.0,0.03,0.04,0.03,8,300,0.3637,0.0152,0.00586,-0.035,0.0069
2026-08-11 14:36:45,721.59,2026-08-11,707.0,14.72,14.85,14.3,9,283,0.4963,0.9523,0.01118,-0.195,0.0178
2026-08-11 14:36:45,721.59,2026-08-11,708.0,12.97,13.44,13.44,2,188,,,,,
2026-08-11 14:36:45,721.59,2026-08-11,709.0,12.27,12.75,12.53,2,263,,,,,
2026-08-11 14:36:45,721.59,2026-08-11,710.0,11.48,11.87,11.56,6,353,0.3431,0.972,0.01048,-0.085,0.0115
2026-08-11 14:36:45,721.59,2026-08-11,711.0,10.65,10.97,10.45,37,84,0.3955,0.9351,0.01789,-0.22,0.0227
2026-08-11 14:36:45,721.59,2026-08-11,712.0,9.1,9.51,9.48,67,334,,,,,
2026-08-11 14:36:45,721.59,2026-08-11,713.0,8.41,8.53,8.49,65,1563,,,,,
2026-08-11 14:36:45,721.59,2026-08-11,714.0,7.32,7.63,7.23,28,642,,,,,
2026-08-11 14:36:45,721.59,2026-08-11,715.0,6.56,6.99,6.67,358,1251,0.2624,0.9218,0.03112,-0.185,0.0261
2026-08-11 14:36:45,721.59,2026-08-11,716.0,5.67,5.98,5.53,379,1550,0.2483,0.898,0.04007,-0.235,0.0319
2026-08-11 14:36:45,721.59,2026-08-11,717.0,4.53,4.77,4.91,107,633,0.1466,0.9611,0.03208,-0.06,0.0151
2026-08-11 14:36:45,721.59,2026-08-11,718.0,3.67,3.69,3.69,40,1091,0.135,0.9331,0.05367,-0.09,0.0232
2026-08-11 14:36:45,721.59,2026-08-11,719.0,3.06,3.2,2.79,486,623,0.2066,0.761,0.0839,-0.54,0.0555
2026-08-11 14:36:45,721.59,2026-08-11,720.0,2.31,2.39,2.41,27215,550,0.1965,0.6775,0.10206,-0.76,0.0642
2026-08-11 14:36:45,721.59,2026-08-11,721.0,1.55,1.6,1.6,329,571,0.1747,0.5781,0.12514,-0.985,0.07
2026-08-11 14:36:45,721.59,2026-08-11,722.0,1.03,1.04,1.04,1623,935,0.1709,0.45,0.12941,-1.035,0.0708
2026-08-11 14:36:45,721.59,2026-08-11,723.0,0.74,0.76,0.74,2344,1120,0.1863,0.3393,0.1098,-0.75,0.0655
2026-08-11 14:36:45,721.59,2026-08-11,724.0,0.4,0.45,0.46,18644,419,0.1791,0.2289,0.09448,-0.425,0.0542
2026-08-11 14:36:45,721.59,2026-08-11,725.0,0.28,0.29,0.29,206,1752,0.1896,0.16,0.07169,-0.285,0.0435
2026-08-11 14:36:45,721.59,2026-08-11,726.0,0.17,0.18,0.18,91,659,0.1949,0.1051,0.05219,-0.175,0.0326
2026-08-11 14:36:45,721.59,2026-08-11,727.0,0.11,0.12,0.11,451,760,0.2042,0.0711,0.0372,-0.115,0.0243
2026-08-11 14:36:45,721.59,2026-08-11,728.0,0.07,0.08,0.06,1537,436,0.2128,0.0476,0.02605,-0.075,0.0177
2026-08-11 14:36:45,721.59,2026-08-11,729.0,0.05,0.06,0.02,2832,901,0.2257,0.0345,0.01893,-0.055,0.0137
2026-08-11 14:36:45,721.59,2026-08-11,730.0,0.01,0.06,0.05,102,4961,0.2324,0.0226,0.01291,-0.035,0.0096
2026-08-11 14:36:45,721.59,2026-08-11,731.0,0.01,0.04,0.04,18,405,0.2431,0.0161,0.00925,-0.025,0.0072
2026-08-11 14:36:45,721.59,2026-08-11,732.0,0.03,0.04,0.03,420,635,0.2782,0.0193,0.00943,-0.035,0.0084
2026-08-11 14:36:45,721.59,2026-08-11,733.0,0.03,0.04,0.03,1031,442,0.3006,0.018,0.00823,-0.035,0.0079
2026-08-11 14:36:45,721.59,2026-08-11,734.0,0.01,0.04,0.04,1057,359,0.308,0.013,0.00609,-0.025,0.006
2026-08-11 14:36:45,721.59,2026-08-11,735.0,0.03,0.04,0.02,9,1261,0.3448,0.0159,0.00646,-0.035,0.0071
2026-08-11 14:36:45,721.59,2026-08-11,736.0,0.01,0.02,0.03,8,300,0.3284,0.0078,0.00363,-0.015,0.0038
2026-08-11 14:37:46,721.44,2026-08-11,707.0,14.39,14.77,14.3,9,283,0.459,0.963,0.00985,-0.14,0.0144
2026-08-11 14:37:46,721.44,2026-08-11,708.0,12.97,13.44,13.44,2,188,,,,,
2026-08-11 14:37:46,721.44,2026-08-11,709.0,12.27,12.75,12.53,2,263,0.3501,0.978,0.0084,-0.07,0.0094
2026-08-11 14:37:46,721.44,2026-08-11,710.0,11.66,11.77,11.56,6,353,0.4447,0.9278,0.01731,-0.275,0.0246
2026-08-11 14:37:46,721.44,2026-08-11,711.0,10.63,10.97,10.45,37,84,0.4453,0.9082,0.02071,-0.36,0.0294
2026-08-11 14:37:46,721.44,2026-08-11,712.0,9.1,9.51,9.48,67,334,,,,,
2026-08-11 14:37:46,721.44,2026-08-11,713.0,8.41,8.53,8.49,65,1563,0.2023,0.9908,0.00687,-0.03,0.0044
2026-08-11 14:37:46,721.44,2026-08-11,714.0,7.44,7.84,7.23,28,642,0.2944,0.9236,0.02731,-0.2,0.0257
2026-08-11 14:37:46,721.44,2026-08-11,715.0,6.72,6.88,6.67,358,1251,0.3137,0.8773,0.03626,-0.36,0.0363
2026-08-11 14:37:46,721.44,2026-08-11,716.0,5.75,5.99,5.53,379,1550,0.2964,0.8505,0.04394,-0.43,0.0416
2026-08-11 14:37:46,721.44,2026-08-11,717.0,4.53,4.77,4.91,107,633,0.2035,0.8911,0.05133,-0.21,0.0333
2026-08-11 14:37:46,721.44,2026-08-11,718.0,3.95,4.11,3.93,52,1091,0.2525,0.7799,0.06567,-0.59,0.0529
2026-08-11 14:37:46,721.44,2026-08-11,719.0,3.13,3.25,3.07,488,623,0.2365,0.7211,0.07954,-0.75,0.06
2026-08-11 14:37:46,721.44,2026-08-11,720.0,2.41,2.43,2.41,27298,550,0.2226,0.6443,0.09369,-0.98,0.0665
2026-08-11 14:37:46,721.44,2026-08-11,721.0,1.55,1.6,1.6,329,571,0.1871,0.5555,0.1182,-1.135,0.0706
2026-08-11 14:37:46,721.44,2026-08-11,722.0,1.11,1.16,1.16,1652,935,0.1948,0.4392,0.11331,-1.135,0.0704
2026-08-11 14:37:46,721.44,2026-08-11,723.0,0.71,0.72,0.72,2423,1120,0.1889,0.325,0.10666,-0.715,0.0643
2026-08-11 14:37:46,721.44,2026-08-11,724.0,0.4,0.45,0.45,19274,419,0.1857,0.2229,0.08994,-0.425,0.0533
2026-08-11 14:37:46,721.44,2026-08-11,725.0,0.28,0.29,0.29,206,1752,0.1954,0.1564,0.06866,-0.285,0.0428
2026-08-11 14:37:46,721.44,2026-08-11,726.0,0.17,0.18,0.18,91,659,0.2,0.103,0.0502,-0.175,0.032
2026-08-11 14:37:46,721.44,2026-08-11,727.0,0.06,0.07,0.11,474,760,0.1849,0.0476,0.03,-0.065,0.0177
2026-08-11 14:37:46,721.44,2026-08-11,728.0,0.07,0.08,0.04,1538,436,0.2171,0.0469,0.02524,-0.075,0.0175
2026-08-11 14:37:46,721.44,2026-08-11,729.0,0.01,0.06,0.02,2835,901,0.213,0.0245,0.01509,-0.035,0.0103
2026-08-11 14:37:46,721.44,2026-08-11,730.0,0.01,0.06,0.05,102,4961,0.2363,0.0223,0.01258,-0.035,0.0095
2026-08-11 14:37:46,721.44,2026-08-11,731.0,0.03,0.04,0.04,18,405,0.2594,0.0205,0.01069,-0.035,0.0088
2026-08-11 14:37:46,721.44,2026-08-11,732.0,0.01,0.02,0.03,420,635,0.2511,0.0099,0.00589,-0.015,0.0047
2026-08-11 14:37:46,721.44,2026-08-11,733.0,0.03,0.04,0.03,1031,442,0.3045,0.0178,0.00807,-0.035,0.0078
2026-08-11 14:37:46,721.44,2026-08-11,734.0,0.01,0.04,0.04,1057,359,0.3117,0.0129,0.00598,-0.025,0.0059
2026-08-11 14:37:46,721.44,2026-08-11,735.0,0.01,0.04,0.02,9,1261,0.3329,0.0122,0.00532,-0.025,0.0056
2026-08-11 14:37:46,721.44,2026-08-11,736.0,0.01,0.04,0.03,8,300,0.3539,0.0115,0.00477,-0.025,0.0054
2026-08-11 14:38:48,721.11,2026-08-11,707.0,13.94,14.58,14.3,9,283,0.458,0.9602,0.0105,-0.15,0.0153
2026-08-11 14:38:48,721.11,2026-08-11,708.0,12.97,13.44,13.44,2,188,0.3912,0.9716,0.00932,-0.095,0.0116
2026-08-11 14:38:48,721.11,2026-08-11,709.0,12.27,12.75,12.53,2,263,0.5132,0.9104,0.01769,-0.4,0.0288
2026-08-11 14:38:48,721.11,2026-08-11,710.0,11.02,11.63,11.55,7,353,0.41,0.9382,0.01669,-0.215,0.0217
2026-08-11 14:38:48,721.11,2026-08-11,711.0,9.92,10.39,10.45,37,84,0.2659,0.9844,0.00825,-0.045,0.007
2026-08-11 14:38:48,721.11,2026-08-11,712.0,9.1,9.51,9.48,67,334,0.3427,0.9342,0.02094,-0.195,0.0228
2026-08-11 14:38:48,721.11,2026-08-11,713.0,8.41,8.53,8.49,65,1563,0.3706,0.8929,0.02793,-0.36,0.0329
2026-08-11 14:38:48,721.11,2026-08-11,714.0,7.69,7.97,7.23,28,642,0.4262,0.8285,0.0335,-0.72,0.0454
2026-08-11 14:38:48,721.11,2026-08-11,715.0,6.1,6.48,6.67,358,1251,0.2469,0.9195,0.03395,-0.18,0.0266
2026-08-11 14:38:48,721.11,2026-08-11,716.0,5.37,5.45,5.53,379,1550,0.2522,0.8745,0.04591,-0.3,0.0368
2026-08-11 14:38:48,721.11,2026-08-11,717.0,4.53,4.77,4.91,107,633,0.2706,0.8056,0.05705,-0.54,0.0491
2026-08-11 14:38:48,721.11,2026-08-11,718.0,3.94,4,3.94,53,1091,0.2867,0.7314,0.06453,-0.86,0.0588
2026-08-11 14:38:48,721.11,2026-08-11,719.0,2.85,2.87,3.07,488,623,0.2213,0.7065,0.08726,-0.75,0.0614
2026-08-11 14:38:48,721.11,2026-08-11,720.0,2.029,2.05,2.14,27369,550,0.1975,0.6268,0.10755,-0.9295,0.0675
2026-08-11 14:38:48,721.11,2026-08-11,721.0,1.55,1.6,1.6,329,571,0.2123,0.5146,0.10534,-1.465,0.0711
2026-08-11 14:38:48,721.11,2026-08-11,722.0,1.15,1.16,1.16,1838,935,0.2181,0.4125,0.10014,-1.155,0.0694
2026-08-11 14:38:48,721.11,2026-08-11,723.0,0.58,0.64,0.78,2446,1120,0.1886,0.29,0.10179,-0.61,0.061
2026-08-11 14:38:48,721.11,2026-08-11,724.0,0.36,0.37,0.35,19370,419,0.1878,0.1967,0.08279,-0.365,0.0494
2026-08-11 14:38:48,721.11,2026-08-11,725.0,0.28,0.29,0.29,206,1752,0.2077,0.1492,0.06273,-0.285,0.0414
2026-08-11 14:38:48,721.11,2026-08-11,726.0,0.17,0.18,0.18,94,659,0.2109,0.0988,0.04626,-0.175,0.031
2026-08-11 14:38:48,721.11,2026-08-11,727.0,0.1,0.11,0.11,475,760,0.2144,0.0633,0.03252,-0.105,0.0222
2026-08-11 14:38:48,721.11,2026-08-11,728.0,0.07,0.08,0.04,1538,436,0.2263,0.0453,0.02362,-0.075,0.017
2026-08-11 14:38:48,721.11,2026-08-11,729.0,0.01,0.02,0.05,2858,901,0.1955,0.0124,0.00923,-0.015,0.0057
2026-08-11 14:38:48,721.11,2026-08-11,730.0,0.01,0.06,0.05,102,4961,0.2445,0.0217,0.0119,-0.035,0.0092
2026-08-11 14:38:48,721.11,2026-08-11,731.0,0.01,0.02,0.04,18,405,0.2377,0.0104,0.00652,-0.015,0.0049
2026-08-11 14:38:48,721.11,2026-08-11,732.0,0.03,0.04,0.03,420,635,0.2901,0.0186,0.00882,-0.035,0.0081
2026-08-11 14:38:48,721.11,2026-08-11,733.0,0.03,0.04,0.03,1031,442,0.3125,0.0174,0.00774,-0.035,0.0077
2026-08-11 14:38:48,721.11,2026-08-11,734.0,0.01,0.04,0.04,1057,359,0.3194,0.0127,0.00574,-0.025,0.0058
2026-08-11 14:38:48,721.11,2026-08-11,735.0,0.03,0.04,0.02,9,1261,0.3566,0.0155,0.00613,-0.035,0.0069
2026-08-11 14:38:48,721.11,2026-08-11,736.0,0.01,0.02,0.03,8,300,0.3393,0.0076,0.00345,-0.015,0.0037
2026-08-11 14:39:49,721.16,2026-08-11,707.0,14.01,14.37,14.3,9,283,0.3028,0.9961,0.00214,-0.025,0.0021
2026-08-11 14:39:49,721.16,2026-08-11,708.0,13.13,13.46,13.44,2,188,0.4202,0.9628,0.01086,-0.13,0.0145
2026-08-11 14:39:49,721.16,2026-08-11,709.0,12.06,12.11,12.53,2,263,,,,,
2026-08-11 14:39:49,721.16,2026-08-11,710.0,11.04,11.09,11.55,7,353,,,,,
2026-08-11 14:39:49,721.16,2026-08-11,711.0,10.02,10.39,10.45,37,84,0.2599,0.9868,0.00733,-0.04,0.006
2026-08-11 14:39:49,721.16,2026-08-11,712.0,8.9,9.19,9.48,67,334,,,,,
2026-08-11 14:39:49,721.16,2026-08-11,713.0,8.16,8.37,8.49,65,1563,0.2679,0.9581,0.01875,-0.1,0.0159
2026-08-11 14:39:49,721.16,2026-08-11,714.0,7.12,7.33,7.23,28,642,0.2131,0.9717,0.01709,-0.06,0.0115
2026-08-11 14:39:49,721.16,2026-08-11,715.0,6.26,6.45,6.67,358,1251,0.2527,0.9168,0.03404,-0.19,0.0273
2026-08-11 14:39:49,721.16,2026-08-11,716.0,5.35,5.38,5.41,380,1550,0.2247,0.9038,0.04265,-0.2,0.0304
2026-08-11 14:39:49,721.16,2026-08-11,717.0,4.43,4.65,4.91,107,633,0.2375,0.8402,0.0575,-0.375,0.0433
2026-08-11 14:39:49,721.16,2026-08-11,718.0,3.67,3.69,3.94,53,1091,0.2275,0.7854,0.07206,-0.515,0.0519
2026-08-11 14:39:49,721.16,2026-08-11,719.0,2.78,2.8,3.07,488,623,0.2035,0.7279,0.09165,-0.625,0.0591
2026-08-11 14:39:49,721.16,2026-08-11,720.0,2.06,2.07,2.08,27540,550,0.1965,0.6336,0.10764,-0.9,0.067
2026-08-11 14:39:49,721.16,2026-08-11,721.0,1.44,1.49,1.6,329,571,0.1931,0.5223,0.11588,-1.3,0.0709
2026-08-11 14:39:49,721.16,2026-08-11,722.0,0.94,0.95,1.16,1838,935,0.1848,0.403,0.11769,-0.945,0.0689
2026-08-11 14:39:49,721.16,2026-08-11,723.0,0.58,0.63,0.78,2446,1120,0.1855,0.2922,0.10403,-0.605,0.0611
2026-08-11 14:39:49,721.16,2026-08-11,724.0,0.36,0.37,0.34,19686,419,0.1859,0.1985,0.08422,-0.365,0.0496
2026-08-11 14:39:49,721.16,2026-08-11,725.0,0.22,0.23,0.29,206,1752,0.191,0.132,0.06287,-0.225,0.038
2026-08-11 14:39:49,721.16,2026-08-11,726.0,0.13,0.14,0.18,94,659,0.1959,0.0847,0.0445,-0.135,0.0276
2026-08-11 14:39:49,721.16,2026-08-11,727.0,0.04,0.09,0.11,475,760,0.1929,0.046,0.0281,-0.065,0.0172
2026-08-11 14:39:49,721.16,2026-08-11,728.0,0.06,0.07,0.04,1538,436,0.2191,0.0412,0.02263,-0.065,0.0157
2026-08-11 14:39:49,721.16,2026-08-11,729.0,0.01,0.06,0.05,2858,901,0.2202,0.0238,0.01432,-0.035,0.01
2026-08-11 14:39:49,721.16,2026-08-11,730.0,0.04,0.05,0.05,102,4961,0.2535,0.0263,0.0135,-0.045,0.0108
2026-08-11 14:39:49,721.16,2026-08-11,731.0,0.01,0.04,0.04,18,405,0.2538,0.0156,0.00866,-0.025,0.007
2026-08-11 14:39:49,721.16,2026-08-11,732.0,0.01,0.04,0.03,420,635,0.2757,0.0145,0.00748,-0.025,0.0065
2026-08-11 14:39:49,721.16,2026-08-11,733.0,0.03,0.04,0.03,1031,442,0.3118,0.0175,0.00779,-0.035,0.0077
2026-08-11 14:39:49,721.16,2026-08-11,734.0,0.03,0.04,0.04,1057,359,0.334,0.0165,0.0069,-0.035,0.0073
2026-08-11 14:39:49,721.16,2026-08-11,735.0,0.01,0.04,0.02,9,1261,0.3399,0.012,0.00516,-0.025,0.0056
2026-08-11 14:39:49,721.16,2026-08-11,736.0,0.03,0.04,0.03,8,300,0.3777,0.0148,0.00555,-0.035,0.0066
2026-08-11 14:40:51,721.08,2026-08-11,707.0,14.02,14.14,14.3,9,283,,,,,
2026-08-11 14:40:51,721.08,2026-08-11,708.0,13.13,13.46,13.44,2,188,0.4705,0.9437,0.01356,-0.22,0.0201
2026-08-11 14:40:51,721.08,2026-08-11,709.0,11.86,12.11,12.53,2,263,,,,,
2026-08-11 14:40:51,721.08,2026-08-11,710.0,10.93,11.47,11.55,7,353,0.3621,0.9593,0.0136,-0.125,0.0155
2026-08-11 14:40:51,721.08,2026-08-11,711.0,10.19,10.46,10.45,37,84,0.3958,0.9265,0.01982,-0.25,0.0248
2026-08-11 14:40:51,721.08,2026-08-11,712.0,8.96,9.37,9.48,67,334,0.2856,0.9646,0.01537,-0.09,0.0139
2026-08-11 14:40:51,721.08,2026-08-11,713.0,7.93,8.41,8.49,65,1563,0.2628,0.9596,0.01859,-0.095,0.0154
2026-08-11 14:40:51,721.08,2026-08-11,714.0,7.22,7.61,7.23,28,642,0.3313,0.8878,0.03239,-0.34,0.0339
2026-08-11 14:40:51,721.08,2026-08-11,715.0,6.25,6.28,6.67,358,1251,0.2504,0.916,0.03467,-0.19,0.0274
2026-08-11 14:40:51,721.08,2026-08-11,716.0,5.19,5.38,5.36,381,1550,0.2255,0.8995,0.04397,-0.21,0.0313
2026-08-11 14:40:51,721.08,2026-08-11,717.0,4.34,4.52,4.91,107,633,0.2299,0.8432,0.05877,-0.355,0.0427
2026-08-11 14:40:51,721.08,2026-08-11,718.0,3.56,3.61,3.94,53,1091,0.2232,0.7836,0.07395,-0.51,0.0521
2026-08-11 14:40:51,721.08,2026-08-11,719.0,2.69,2.73,2.73,509,623,0.2013,0.7219,0.09378,-0.635,0.0596
2026-08-11 14:40:51,721.08,2026-08-11,720.0,2.04,2.05,2.05,27703,550,0.2022,0.6206,0.10593,-0.97,0.0676
2026-08-11 14:40:51,721.08,2026-08-11,721.0,1.44,1.46,1.6,329,571,0.1979,0.5116,0.11342,-1.375,0.0709
2026-08-11 14:40:51,721.08,2026-08-11,722.0,0.93,0.94,1.16,1838,935,0.1889,0.3945,0.1147,-0.935,0.0684
2026-08-11 14:40:51,721.08,2026-08-11,723.0,0.54,0.55,0.78,2446,1120,0.1801,0.2767,0.10459,-0.545,0.0595
2026-08-11 14:40:51,721.08,2026-08-11,724.0,0.35,0.36,0.33,20019,419,0.1878,0.193,0.08212,-0.355,0.0487
2026-08-11 14:40:51,721.08,2026-08-11,725.0,0.17,0.22,0.29,206,1752,0.1862,0.12,0.06046,-0.195,0.0355
2026-08-11 14:40:51,721.08,2026-08-11,726.0,0.13,0.14,0.18,94,659,0.199,0.0837,0.04351,-0.135,0.0273
2026-08-11 14:40:51,721.08,2026-08-11,727.0,0.04,0.05,0.11,475,760,0.1826,0.0351,0.02387,-0.045,0.0138
2026-08-11 14:40:51,721.08,2026-08-11,728.0,0.02,0.03,0.03,1539,436,0.1887,0.0203,0.01462,-0.025,0.0087
2026-08-11 14:40:51,721.08,2026-08-11,729.0,0.05,0.06,0.05,2878,901,0.2402,0.0329,0.01722,-0.055,0.0131
2026-08-11 14:40:51,721.08,2026-08-11,730.0,0.01,0.02,0.05,102,4961,0.2182,0.0113,0.00764,-0.015,0.0053
2026-08-11 14:40:51,721.08,2026-08-11,731.0,0.01,0.02,0.04,18,405,0.2392,0.0104,0.00648,-0.015,0.0049
2026-08-11 14:40:51,721.08,2026-08-11,732.0,0.01,0.02,0.03,420,635,0.26,0.0096,0.00559,-0.015,0.0046
2026-08-11 14:40:51,721.08,2026-08-11,733.0,0.01,0.04,0.03,1031,442,0.2998,0.0134,0.00647,-0.025,0.0061
2026-08-11 14:40:51,721.08,2026-08-11,734.0,0.01,0.02,0.04,1057,359,0.3009,0.0084,0.0043,-0.015,0.0041
2026-08-11 14:40:51,721.08,2026-08-11,735.0,0.03,0.04,0.02,9,1261,0.3585,0.0155,0.00611,-0.035,0.0069
2026-08-11 14:40:51,721.08,2026-08-11,736.0,0.01,0.02,0.01,8,300,0.3411,0.0075,0.00343,-0.015,0.0037
2026-08-11 14:41:53,721.19,2026-08-11,707.0,14.08,14.18,14.3,9,283,,,,,
2026-08-11 14:41:53,721.19,2026-08-11,708.0,13.13,13.46,13.44,2,188,0.4036,0.969,0.00976,-0.105,0.0124
2026-08-11 14:41:53,721.19,2026-08-11,709.0,11.81,12.17,12.53,2,263,,,,,
2026-08-11 14:41:53,721.19,2026-08-11,710.0,11.1,11.39,11.55,7,353,0.3057,0.9815,0.00834,-0.055,0.008
2026-08-11 14:41:53,721.19,2026-08-11,711.0,10.06,10.1,10.45,37,84,,,,,
2026-08-11 14:41:53,721.19,2026-08-11,712.0,8.96,9.37,9.48,67,334,,,,,
2026-08-11 14:41:53,721.19,2026-08-11,713.0,8.01,8.25,8.49,65,1563,,,,,
2026-08-11 14:41:53,721.19,2026-08-11,714.0,6.99,7.29,7.23,28,642,,,,,
2026-08-11 14:41:53,721.19,2026-08-11,715.0,6.22,6.32,6.25,368,1251,0.2034,0.9582,0.02474,-0.08,0.0158
2026-08-11 14:41:53,721.19,2026-08-11,716.0,5.3,5.47,5.36,381,1550,0.2246,0.9056,0.0422,-0.195,0.0298
2026-08-11 14:41:53,721.19,2026-08-11,717.0,4.28,4.4,4.91,107,633,0.1776,0.9102,0.05146,-0.15,0.0288
2026-08-11 14:41:53,721.19,2026-08-11,718.0,3.63,3.66,3.63,56,1091,0.2175,0.7984,0.07289,-0.455,0.0499
2026-08-11 14:41:53,721.19,2026-08-11,719.0,2.73,2.81,2.67,513,623,0.1976,0.7368,0.09311,-0.58,0.0579
2026-08-11 14:41:53,721.19,2026-08-11,720.0,2.009,2.029,2,27734,550,0.1878,0.6426,0.11201,-0.829,0.0662
2026-08-11 14:41:53,721.19,2026-08-11,721.0,1.43,1.44,1.6,329,571,0.1876,0.5259,0.11957,-1.245,0.0706
2026-08-11 14:41:53,721.19,2026-08-11,722.0,0.9,0.91,0.94,1891,935,0.1781,0.402,0.12243,-0.905,0.0686
2026-08-11 14:41:53,721.19,2026-08-11,723.0,0.54,0.59,0.58,2697,1120,0.1783,0.2866,0.1076,-0.565,0.0604
2026-08-11 14:41:53,721.19,2026-08-11,724.0,0.34,0.35,0.35,20127,419,0.1814,0.194,0.08539,-0.345,0.0488
2026-08-11 14:41:53,721.19,2026-08-11,725.0,0.16,0.17,0.29,206,1752,0.174,0.1107,0.0612,-0.165,0.0335
2026-08-11 14:41:53,721.19,2026-08-11,726.0,0.12,0.13,0.18,94,659,0.1921,0.0809,0.044,-0.125,0.0266
2026-08-11 14:41:53,721.19,2026-08-11,727.0,0.08,0.09,0.09,477,760,0.2036,0.0555,0.031,-0.085,0.0199
2026-08-11 14:41:53,721.19,2026-08-11,728.0,0.02,0.03,0.06,1567,436,0.1863,0.0206,0.01499,-0.025,0.0088
2026-08-11 14:41:53,721.19,2026-08-11,729.0,0.01,0.05,0.05,2930,901,0.2151,0.0213,0.01337,-0.03,0.0091
2026-08-11 14:41:53,721.19,2026-08-11,730.0,0.04,0.05,0.05,102,4961,0.2537,0.0263,0.01356,-0.045,0.0108
2026-08-11 14:41:53,721.19,2026-08-11,731.0,0.03,0.04,0.04,18,405,0.2669,0.0202,0.01029,-0.035,0.0086
2026-08-11 14:41:53,721.19,2026-08-11,732.0,0.01,0.02,0.03,420,635,0.258,0.0097,0.00568,-0.015,0.0046
2026-08-11 14:41:53,721.19,2026-08-11,733.0,0.03,0.04,0.03,1031,442,0.3122,0.0175,0.00782,-0.035,0.0077
2026-08-11 14:41:53,721.19,2026-08-11,734.0,0.01,0.02,0.04,1057,359,0.299,0.0085,0.00436,-0.015,0.0041
2026-08-11 14:41:53,721.19,2026-08-11,735.0,0.01,0.04,0.02,9,1261,0.3405,0.012,0.00517,-0.025,0.0055
2026-08-11 14:41:53,721.19,2026-08-11,736.0,0.03,0.04,0.01,45,300,0.3784,0.0148,0.00557,-0.035,0.0066
2026-08-11 14:42:54,721.06,2026-08-11,707.0,14.21,14.29,14.3,9,283,0.4841,0.952,0.01165,-0.19,0.0177
2026-08-11 14:42:54,721.06,2026-08-11,708.0,13.2,13.25,13.44,2,188,0.4419,0.9547,0.01219,-0.165,0.0169
2026-08-11 14:42:54,721.06,2026-08-11,709.0,11.99,12.53,12.53,2,263,0.433,0.9445,0.01461,-0.2,0.0198
2026-08-11 14:42:54,721.06,2026-08-11,710.0,11.15,11.45,11.55,7,353,0.4225,0.9328,0.01738,-0.24,0.023
2026-08-11 14:42:54,721.06,2026-08-11,711.0,10.22,10.47,10.45,37,84,0.4103,0.9195,0.02055,-0.285,0.0265
2026-08-11 14:42:54,721.06,2026-08-11,712.0,8.95,9.45,9.48,67,334,0.317,0.9486,0.01879,-0.14,0.0187
2026-08-11 14:42:54,721.06,2026-08-11,713.0,7.9,8.45,8.49,65,1563,0.2755,0.9524,0.02032,-0.115,0.0176
2026-08-11 14:42:54,721.06,2026-08-11,714.0,6.94,7.23,7.23,28,642,0.1631,0.9931,0.00663,-0.025,0.0034
2026-08-11 14:42:54,721.06,2026-08-11,715.0,6.29,6.5,6.25,368,1251,0.2964,0.8783,0.03849,-0.335,0.0358
2026-08-11 14:42:54,721.06,2026-08-11,716.0,5.4,5.5,5.36,381,1550,0.2754,0.8528,0.04722,-0.39,0.0408
2026-08-11 14:42:54,721.06,2026-08-11,717.0,4.33,4.51,4.91,107,633,0.2313,0.8416,0.05899,-0.36,0.0428
2026-08-11 14:42:54,721.06,2026-08-11,718.0,3.54,3.62,3.63,56,1091,0.2252,0.7812,0.074,-0.52,0.0523
2026-08-11 14:42:54,721.06,2026-08-11,719.0,2.73,2.75,2.8,519,623,0.2088,0.7141,0.09194,-0.68,0.0602
2026-08-11 14:42:54,721.06,2026-08-11,720.0,2.02,2.04,2.12,27924,550,0.202,0.6195,0.10647,-0.97,0.0675
2026-08-11 14:42:54,721.06,2026-08-11,721.0,1.42,1.47,1.6,329,571,0.1989,0.5099,0.11321,-1.385,0.0706
2026-08-11 14:42:54,721.06,2026-08-11,722.0,0.96,0.97,0.97,1901,935,0.1947,0.3957,0.11169,-0.965,0.0682
2026-08-11 14:42:54,721.06,2026-08-11,723.0,0.54,0.59,0.55,2915,1120,0.1848,0.2796,0.1028,-0.565,0.0596
2026-08-11 14:42:54,721.06,2026-08-11,724.0,0.3,0.35,0.36,20474,419,0.1827,0.1844,0.08233,-0.325,0.0472
2026-08-11 14:42:54,721.06,2026-08-11,725.0,0.2,0.21,0.29,206,1752,0.1901,0.1232,0.06053,-0.205,0.0361
2026-08-11 14:42:54,721.06,2026-08-11,726.0,0.08,0.13,0.13,105,659,0.1884,0.0711,0.04072,-0.105,0.0241
2026-08-11 14:42:54,721.06,2026-08-11,727.0,0.08,0.09,0.09,479,760,0.2076,0.0546,0.0301,-0.085,0.0196
2026-08-11 14:42:54,721.06,2026-08-11,728.0,0.02,0.07,0.06,1577,436,0.2086,0.0313,0.01908,-0.045,0.0125
2026-08-11 14:42:54,721.06,2026-08-11,729.0,0.04,0.05,0.05,2930,901,0.2332,0.0284,0.01575,-0.045,0.0115
2026-08-11 14:42:54,721.06,2026-08-11,730.0,0.04,0.05,0.05,102,4961,0.2573,0.026,0.01327,-0.045,0.0107
2026-08-11 14:42:54,721.06,2026-08-11,731.0,0.03,0.04,0.04,18,405,0.2703,0.02,0.01009,-0.035,0.0086
2026-08-11 14:42:54,721.06,2026-08-11,732.0,0.01,0.04,0.03,420,635,0.2793,0.0144,0.00737,-0.025,0.0065
2026-08-11 14:42:54,721.06,2026-08-11,733.0,0.01,0.04,0.03,1032,442,0.3011,0.0134,0.00645,-0.025,0.0061
2026-08-11 14:42:54,721.06,2026-08-11,734.0,0.01,0.02,0.04,1057,359,0.3022,0.0084,0.00429,-0.015,0.0041
2026-08-11 14:42:54,721.06,2026-08-11,735.0,0.01,0.02,0.02,9,1261,0.3224,0.008,0.00382,-0.015,0.0039
2026-08-11 14:42:54,721.06,2026-08-11,736.0,0.01,0.02,0.01,49,300,0.3425,0.0075,0.00343,-0.015,0.0037
2026-08-11 14:43:56,720.96,2026-08-11,706.0,14.79,15.1,15.35,5,442,,,,,
2026-08-11 14:43:56,720.96,2026-08-11,707.0,14.12,14.18,14.3,9,283,0.4821,0.9517,0.01176,-0.19,0.0177
2026-08-11 14:43:56,720.96,2026-08-11,708.0,13.2,13.25,13.44,2,188,0.4908,0.9352,0.01459,-0.265,0.0224
2026-08-11 14:43:56,720.96,2026-08-11,709.0,11.99,12.53,12.53,2,263,0.4755,0.9255,0.01676,-0.3,0.0249
2026-08-11 14:43:56,720.96,2026-08-11,710.0,10.66,11.22,11.55,7,353,,,,,
2026-08-11 14:43:56,720.96,2026-08-11,711.0,9.71,10.22,10.45,37,84,,,,,
2026-08-11 14:43:56,720.96,2026-08-11,712.0,8.95,9.45,9.48,67,334,0.3598,0.9229,0.02273,-0.24,0.0256
2026-08-11 14:43:56,720.96,2026-08-11,713.0,7.9,8.45,8.49,65,1563,0.3194,0.9229,0.0256,-0.215,0.0256
2026-08-11 14:43:56,720.96,2026-08-11,714.0,6.94,7.23,7.23,28,642,0.2505,0.9437,0.02559,-0.125,0.02
2026-08-11 14:43:56,720.96,2026-08-11,715.0,6.17,6.44,6.25,368,1251,0.2963,0.8749,0.03933,-0.345,0.0364
2026-08-11 14:43:56,720.96,2026-08-11,716.0,5.28,5.4,5.4,391,1550,0.2698,0.8533,0.04816,-0.38,0.0406
2026-08-11 14:43:56,720.96,2026-08-11,717.0,4.33,4.51,4.91,107,633,0.2502,0.8173,0.05988,-0.46,0.0468
2026-08-11 14:43:56,720.96,2026-08-11,718.0,3.54,3.62,3.6,64,1091,0.24,0.76,0.07326,-0.62,0.055
2026-08-11 14:43:56,720.96,2026-08-11,719.0,2.69,2.72,2.8,556,623,0.215,0.6998,0.09149,-0.745,0.0615
2026-08-11 14:43:56,720.96,2026-08-11,720.0,1.99,2,2.02,27933,550,0.2062,0.6068,0.10547,-1.035,0.068
2026-08-11 14:43:56,720.96,2026-08-11,721.0,1.42,1.47,1.47,334,571,0.2064,0.4987,0.10934,-1.445,0.0705
2026-08-11 14:43:56,720.96,2026-08-11,722.0,0.96,0.97,0.97,2291,935,0.2008,0.3878,0.10789,-0.965,0.0677
2026-08-11 14:43:56,720.96,2026-08-11,723.0,0.54,0.59,0.59,3107,1120,0.1897,0.2745,0.09937,-0.565,0.0589
2026-08-11 14:43:56,720.96,2026-08-11,724.0,0.33,0.34,0.36,20706,419,0.189,0.1841,0.07963,-0.335,0.047
2026-08-11 14:43:56,720.96,2026-08-11,725.0,0.2,0.21,0.29,206,1752,0.1939,0.1215,0.05887,-0.205,0.0357
2026-08-11 14:43:56,720.96,2026-08-11,726.0,0.08,0.13,0.13,115,659,0.1916,0.0702,0.0397,-0.105,0.0238
2026-08-11 14:43:56,720.96,2026-08-11,727.0,0.08,0.09,0.09,485,760,0.2107,0.054,0.02944,-0.085,0.0194
2026-08-11 14:43:56,720.96,2026-08-11,728.0,0.05,0.06,0.06,1578,436,0.2191,0.0358,0.02034,-0.055,0.0139
2026-08-11 14:43:56,720.96,2026-08-11,729.0,0.01,0.05,0.05,2930,901,0.2212,0.0208,0.01281,-0.03,0.0089
2026-08-11 14:43:56,720.96,2026-08-11,730.0,0.04,0.05,0.04,106,4961,0.2602,0.0258,0.01306,-0.045,0.0106
2026-08-11 14:43:56,720.96,2026-08-11,731.0,0.03,0.04,0.03,22,405,0.2731,0.0198,0.00995,-0.035,0.0085
2026-08-11 14:43:56,720.96,2026-08-11,732.0,0.01,0.02,0.03,420,635,0.2637,0.0096,0.0055,-0.015,0.0045
2026-08-11 14:43:56,720.96,2026-08-11,733.0,0.03,0.04,0.03,1032,442,0.3185,0.0173,0.00759,-0.035,0.0076
2026-08-11 14:43:56,720.96,2026-08-11,734.0,0.01,0.02,0.04,1057,359,0.3047,0.0084,0.00424,-0.015,0.004
2026-08-11 14:43:56,720.96,2026-08-11,735.0,0.01,0.02,0.02,9,1261,0.325,0.0079,0.00378,-0.015,0.0038
2026-08-11 14:44:57,720.97,2026-08-11,706.0,14.82,14.96,15.35,5,442,,,,,
2026-08-11 14:44:57,720.97,2026-08-11,707.0,13.92,14.3,14.3,9,283,0.4522,0.9621,0.01034,-0.14,0.0146
2026-08-11 14:44:57,720.97,2026-08-11,708.0,13.2,13.25,13.44,2,188,0.4874,0.9369,0.0144,-0.255,0.0219
2026-08-11 14:44:57,720.97,2026-08-11,709.0,11.99,12.53,12.53,2,263,0.4725,0.9272,0.01659,-0.29,0.0244
2026-08-11 14:44:57,720.97,2026-08-11,710.0,10.8,11.08,11.55,7,353,,,,,
2026-08-11 14:44:57,720.97,2026-08-11,711.0,9.71,10.21,10.45,37,84,,,,,
2026-08-11 14:44:57,720.97,2026-08-11,712.0,8.95,9.45,9.48,67,334,0.3567,0.9252,0.02244,-0.23,0.0249
2026-08-11 14:44:57,720.97,2026-08-11,713.0,7.9,8.45,8.49,65,1563,0.3162,0.9255,0.02523,-0.205,0.0249
2026-08-11 14:44:57,720.97,2026-08-11,714.0,6.94,7.23,7.23,28,642,0.2461,0.9473,0.02474,-0.115,0.019
2026-08-11 14:44:57,720.97,2026-08-11,715.0,5.97,6.19,6.36,369,1251,0.2152,0.9436,0.02988,-0.11,0.02
2026-08-11 14:44:57,720.97,2026-08-11,716.0,5.02,5.1,5.23,397,1550,0.1768,0.9459,0.03518,-0.09,0.0194
2026-08-11 14:44:57,720.97,2026-08-11,717.0,4.33,4.51,4.91,107,633,0.2489,0.8195,0.05984,-0.45,0.0464
2026-08-11 14:44:57,720.97,2026-08-11,718.0,3.54,3.62,3.6,64,1091,0.239,0.762,0.07335,-0.61,0.0546
2026-08-11 14:44:57,720.97,2026-08-11,719.0,2.52,2.53,2.8,556,623,0.1842,0.7307,0.10159,-0.555,0.0583
2026-08-11 14:44:57,720.97,2026-08-11,720.0,1.83,1.84,1.84,28175,550,0.182,0.6218,0.11837,-0.865,0.0671
2026-08-11 14:44:57,720.97,2026-08-11,721.0,1.42,1.47,1.47,334,571,0.206,0.4998,0.10971,-1.445,0.0704
2026-08-11 14:44:57,720.97,2026-08-11,722.0,0.96,0.97,0.97,2291,935,0.2006,0.3886,0.10825,-0.965,0.0677
2026-08-11 14:44:57,720.97,2026-08-11,723.0,0.44,0.45,0.59,3107,1120,0.1687,0.2507,0.10685,-0.445,0.0562
2026-08-11 14:44:57,720.97,2026-08-11,724.0,0.24,0.25,0.29,20919,419,0.1689,0.1572,0.08068,-0.245,0.0424
2026-08-11 14:44:57,720.97,2026-08-11,725.0,0.2,0.21,0.29,206,1752,0.1938,0.1217,0.05903,-0.205,0.0357
2026-08-11 14:44:57,720.97,2026-08-11,726.0,0.08,0.13,0.13,115,659,0.1917,0.0703,0.0398,-0.105,0.0238
2026-08-11 14:44:57,720.97,2026-08-11,727.0,0.07,0.08,0.09,485,760,0.2054,0.0496,0.02828,-0.075,0.0181
2026-08-11 14:44:57,720.97,2026-08-11,728.0,0.01,0.02,0.06,1581,436,0.1788,0.0136,0.01102,-0.015,0.0061
2026-08-11 14:44:57,720.97,2026-08-11,729.0,0.04,0.05,0.05,2936,901,0.2362,0.0282,0.01549,-0.045,0.0114
2026-08-11 14:44:57,720.97,2026-08-11,730.0,0.04,0.05,0.04,106,4961,0.2604,0.0259,0.01308,-0.045,0.0106
2026-08-11 14:44:57,720.97,2026-08-11,731.0,0.03,0.04,0.03,22,405,0.2733,0.0198,0.00996,-0.035,0.0085
2026-08-11 14:44:57,720.97,2026-08-11,732.0,0.03,0.04,0.02,470,635,0.2962,0.0185,0.00865,-0.035,0.008
2026-08-11 14:44:57,720.97,2026-08-11,733.0,0.01,0.02,0.03,1032,442,0.2846,0.0089,0.00481,-0.015,0.0043
2026-08-11 14:44:57,720.97,2026-08-11,734.0,0.01,0.02,0.04,1057,359,0.305,0.0084,0.00425,-0.015,0.004
2026-08-11 14:44:57,720.97,2026-08-11,735.0,0.01,0.02,0.02,9,1261,0.3253,0.0079,0.00378,-0.015,0.0038
2026-08-11 14:45:59,721.2,2026-08-11,707.0,13.79,14.6,14.3,9,283,,,,,
2026-08-11 14:45:59,721.2,2026-08-11,708.0,13.2,13.25,13.44,2,188,0.2883,0.9957,0.00248,-0.025,0.0022
2026-08-11 14:45:59,721.2,2026-08-11,709.0,11.99,12.53,12.53,2,263,0.3381,0.9809,0.00783,-0.06,0.0082
2026-08-11 14:45:59,721.2,2026-08-11,710.0,10.79,11.46,11.55,7,353,,,,,
2026-08-11 14:45:59,721.2,2026-08-11,711.0,9.81,10.24,10.45,37,84,,,,,
2026-08-11 14:45:59,721.2,2026-08-11,712.0,8.95,9.45,9.48,67,334,,,,,
2026-08-11 14:45:59,721.2,2026-08-11,713.0,7.9,8.45,8.49,65,1563,,,,,
2026-08-11 14:45:59,721.2,2026-08-11,714.0,6.94,7.23,7.23,28,642,,,,,
2026-08-11 14:45:59,721.2,2026-08-11,715.0,6.14,6.49,6.24,373,1251,0.2246,0.943,0.02892,-0.115,0.0202
2026-08-11 14:45:59,721.2,2026-08-11,716.0,5.34,5.4,5.3,419,1550,0.2178,0.9142,0.04082,-0.17,0.0276
2026-08-11 14:45:59,721.2,2026-08-11,717.0,4.33,4.51,4.91,107,633,0.2013,0.8839,0.05507,-0.22,0.0344
2026-08-11 14:45:59,721.2,2026-08-11,718.0,3.54,3.62,3.6,64,1091,0.2038,0.816,0.07404,-0.38,0.0469
2026-08-11 14:45:59,721.2,2026-08-11,719.0,2.79,2.83,2.8,556,623,0.2046,0.7319,0.09136,-0.61,0.0581
2026-08-11 14:45:59,721.2,2026-08-11,720.0,2.04,2.07,2.05,29029,550,0.1935,0.6405,0.10961,-0.855,0.0659
2026-08-11 14:45:59,721.2,2026-08-11,721.0,1.42,1.47,1.47,334,571,0.1896,0.527,0.11911,-1.245,0.0702
2026-08-11 14:45:59,721.2,2026-08-11,722.0,0.96,0.97,0.97,2291,935,0.1875,0.4075,0.11746,-0.965,0.0684
2026-08-11 14:45:59,721.2,2026-08-11,723.0,0.51,0.56,0.59,3107,1120,0.174,0.2817,0.11006,-0.535,0.0595
2026-08-11 14:45:59,721.2,2026-08-11,724.0,0.31,0.32,0.28,21342,419,0.176,0.186,0.08634,-0.315,0.0472
2026-08-11 14:45:59,721.2,2026-08-11,725.0,0.2,0.21,0.29,206,1752,0.1863,0.1258,0.06298,-0.205,0.0365
2026-08-11 14:45:59,721.2,2026-08-11,726.0,0.08,0.13,0.13,115,659,0.1851,0.0724,0.04223,-0.105,0.0243
2026-08-11 14:45:59,721.2,2026-08-11,727.0,0.03,0.04,0.09,485,760,0.1731,0.0297,0.02212,-0.035,0.0119
2026-08-11 14:45:59,721.2,2026-08-11,728.0,0.05,0.06,0.06,1598,436,0.2136,0.0367,0.02135,-0.055,0.0142
2026-08-11 14:45:59,721.2,2026-08-11,729.0,0.04,0.05,0.05,2944,901,0.2308,0.0288,0.01615,-0.045,0.0116
2026-08-11 14:45:59,721.2,2026-08-11,730.0,0.04,0.05,0.04,106,4961,0.2552,0.0264,0.01358,-0.045,0.0108
2026-08-11 14:45:59,721.2,2026-08-11,731.0,0.01,0.04,0.03,22,405,0.2555,0.0156,0.0087,-0.025,0.0069
2026-08-11 14:45:59,721.2,2026-08-11,732.0,0.03,0.04,0.02,470,635,0.2913,0.0188,0.00893,-0.035,0.0081
2026-08-11 14:45:59,721.2,2026-08-11,733.0,0.01,0.02,0.03,1032,442,0.2802,0.0091,0.00496,-0.015,0.0043
2026-08-11 14:45:59,721.2,2026-08-11,734.0,0.01,0.02,0.04,1057,359,0.3007,0.0085,0.00437,-0.015,0.0041
2026-08-11 14:45:59,721.2,2026-08-11,735.0,0.01,0.02,0.02,9,1261,0.3211,0.008,0.00388,-0.015,0.0039
2026-08-11 14:45:59,721.2,2026-08-11,736.0,0,0.03,0.01,49,300,0.3257,0.0055,0.00273,-0.01,0.0028
2026-08-11 14:47:01,721.44,2026-08-11,707.0,14.08,14.52,14.3,9,283,,,,,
2026-08-11 14:47:01,721.44,2026-08-11,708.0,13.2,13.25,13.44,2,188,,,,,
2026-08-11 14:47:01,721.44,2026-08-11,709.0,11.99,12.53,12.53,2,263,,,,,
2026-08-11 14:47:01,721.44,2026-08-11,710.0,11.39,11.53,11.55,7,353,0.223,0.9984,0.00133,-0.02,0.0009
2026-08-11 14:47:01,721.44,2026-08-11,711.0,10.4,10.76,10.45,37,84,0.3575,0.9533,0.01551,-0.14,0.0172
2026-08-11 14:47:01,721.44,2026-08-11,712.0,8.95,9.45,9.48,67,334,,,,,
2026-08-11 14:47:01,721.44,2026-08-11,713.0,7.9,8.45,8.49,65,1563,,,,,
2026-08-11 14:47:01,721.44,2026-08-11,714.0,6.95,7.48,7.23,28,642,,,,,
2026-08-11 14:47:01,721.44,2026-08-11,715.0,6.3,6.54,6.24,373,1251,,,,,
2026-08-11 14:47:01,721.44,2026-08-11,716.0,5.6,5.76,5.3,422,1550,0.2492,0.8947,0.04153,-0.24,0.0321
2026-08-11 14:47:01,721.44,2026-08-11,717.0,4.33,4.51,4.91,107,633,,,,,
2026-08-11 14:47:01,721.44,2026-08-11,718.0,3.5,3.57,3.6,64,1091,0.1351,0.9277,0.05786,-0.095,0.0242
2026-08-11 14:47:01,721.44,2026-08-11,719.0,2.9,2.97,2.8,556,623,0.1952,0.7639,0.08965,-0.495,0.0542
2026-08-11 14:47:01,721.44,2026-08-11,720.0,2.21,2.22,2.21,29479,550,0.1943,0.6661,0.10635,-0.775,0.0641
2026-08-11 14:47:01,721.44,2026-08-11,721.0,1.42,1.47,1.47,334,571,0.1712,0.5613,0.13081,-1.005,0.0694
2026-08-11 14:47:01,721.44,2026-08-11,722.0,0.9,0.91,0.97,2291,935,0.1645,0.4266,0.13544,-0.905,0.069
2026-08-11 14:47:01,721.44,2026-08-11,723.0,0.63,0.64,0.55,3110,1120,0.179,0.3133,0.11248,-0.635,0.0624
2026-08-11 14:47:01,721.44,2026-08-11,724.0,0.32,0.37,0.36,21750,419,0.1728,0.2028,0.09278,-0.345,0.0497
2026-08-11 14:47:01,721.44,2026-08-11,725.0,0.2,0.21,0.29,206,1752,0.1782,0.1306,0.06762,-0.205,0.0374
2026-08-11 14:47:01,721.44,2026-08-11,726.0,0.08,0.13,0.13,115,659,0.1783,0.0749,0.04505,-0.105,0.0249
2026-08-11 14:47:01,721.44,2026-08-11,727.0,0.07,0.08,0.09,485,760,0.1931,0.0525,0.03152,-0.075,0.0189
2026-08-11 14:47:01,721.44,2026-08-11,728.0,0.01,0.06,0.02,1599,436,0.192,0.0272,0.01853,-0.035,0.011
2026-08-11 14:47:01,721.44,2026-08-11,729.0,0.01,0.02,0.04,3009,901,0.1908,0.0128,0.00986,-0.015,0.0058
2026-08-11 14:47:01,721.44,2026-08-11,730.0,0.04,0.05,0.04,106,4961,0.2497,0.0269,0.01413,-0.045,0.0109
2026-08-11 14:47:01,721.44,2026-08-11,731.0,0.03,0.04,0.03,22,405,0.2632,0.0205,0.01069,-0.035,0.0087
2026-08-11 14:47:01,721.44,2026-08-11,732.0,0.01,0.02,0.02,470,635,0.2548,0.0099,0.00589,-0.015,0.0047
2026-08-11 14:47:01,721.44,2026-08-11,733.0,0.03,0.04,0.03,1033,442,0.309,0.0178,0.00807,-0.035,0.0077
2026-08-11 14:47:01,721.44,2026-08-11,734.0,0.01,0.02,0.04,1057,359,0.2962,0.0086,0.0045,-0.015,0.0041
2026-08-11 14:47:01,721.44,2026-08-11,735.0,0.01,0.02,0.02,9,1261,0.3166,0.0081,0.00399,-0.015,0.0039
2026-08-11 14:47:01,721.44,2026-08-11,736.0,0,0.03,0.01,49,300,0.3215,0.0055,0.0028,-0.01,0.0028
2026-08-11 14:48:03,721.64,2026-08-11,707.0,14.52,14.91,14.3,9,283,0.4154,0.979,0.00692,-0.075,0.0089
2026-08-11 14:48:03,721.64,2026-08-11,708.0,13.09,13.73,13.44,2,188,,,,,
2026-08-11 14:48:03,721.64,2026-08-11,709.0,12.06,12.59,12.53,2,263,,,,,
2026-08-11 14:48:03,721.64,2026-08-11,710.0,11.44,11.51,11.55,7,353,,,,,
2026-08-11 14:48:03,721.64,2026-08-11,711.0,10.32,10.79,10.45,37,84,,,,,
2026-08-11 14:48:03,721.64,2026-08-11,712.0,9.43,9.57,9.48,67,334,,,,,
2026-08-11 14:48:03,721.64,2026-08-11,713.0,8.27,8.61,8.49,65,1563,,,,,
2026-08-11 14:48:03,721.64,2026-08-11,714.0,7.4,7.62,7.23,28,642,,,,,
2026-08-11 14:48:03,721.64,2026-08-11,715.0,6.57,6.65,6.24,373,1251,,,,,
2026-08-11 14:48:03,721.64,2026-08-11,716.0,5.55,5.81,5.58,423,1550,0.1591,0.979,0.01805,-0.04,0.0089
2026-08-11 14:48:03,721.64,2026-08-11,717.0,4.64,4.81,4.91,107,633,0.1656,0.946,0.03767,-0.085,0.0193
2026-08-11 14:48:03,721.64,2026-08-11,718.0,3.81,3.83,3.6,64,1091,0.1711,0.8891,0.0629,-0.18,0.0333
2026-08-11 14:48:03,721.64,2026-08-11,719.0,2.99,3.03,2.8,557,623,0.1798,0.8009,0.08834,-0.37,0.0491
2026-08-11 14:48:03,721.64,2026-08-11,720.0,2.25,2.27,2.2,29821,550,0.18,0.7008,0.10972,-0.62,0.061
2026-08-11 14:48:03,721.64,2026-08-11,721.0,1.53,1.54,1.47,334,571,0.1678,0.5891,0.13182,-0.895,0.0684
2026-08-11 14:48:03,721.64,2026-08-11,722.0,0.99,1.04,0.97,2291,935,0.1679,0.4548,0.13428,-1.015,0.0697
2026-08-11 14:48:03,721.64,2026-08-11,723.0,0.63,0.64,0.55,3110,1120,0.1691,0.3268,0.12134,-0.635,0.0634
2026-08-11 14:48:03,721.64,2026-08-11,724.0,0.37,0.38,0.38,21929,419,0.1707,0.2186,0.0983,-0.375,0.0519
2026-08-11 14:48:03,721.64,2026-08-11,725.0,0.17,0.18,0.29,206,1752,0.1634,0.1233,0.07098,-0.175,0.0358
2026-08-11 14:48:03,721.64,2026-08-11,726.0,0.12,0.13,0.13,115,659,0.18,0.0861,0.04963,-0.125,0.0276
2026-08-11 14:48:03,721.64,2026-08-11,727.0,0.03,0.08,0.09,485,760,0.1766,0.0434,0.02967,-0.055,0.0162
2026-08-11 14:48:03,721.64,2026-08-11,728.0,0.01,0.06,0.06,1631,436,0.1874,0.0278,0.01938,-0.035,0.0112
2026-08-11 14:48:03,721.64,2026-08-11,729.0,0.04,0.05,0.04,3010,901,0.2206,0.03,0.01755,-0.045,0.012
2026-08-11 14:48:03,721.64,2026-08-11,730.0,0.01,0.05,0.04,106,4961,0.2299,0.0202,0.01209,-0.03,0.0086
2026-08-11 14:48:03,721.64,2026-08-11,731.0,0.03,0.04,0.03,22,405,0.2589,0.0209,0.01103,-0.035,0.0088
2026-08-11 14:48:03,721.64,2026-08-11,732.0,0.01,0.02,0.02,470,635,0.2509,0.01,0.00607,-0.015,0.0047
2026-08-11 14:48:03,721.64,2026-08-11,733.0,0.01,0.04,0.03,1033,442,0.2906,0.0139,0.00696,-0.025,0.0063
2026-08-11 14:48:03,721.64,2026-08-11,734.0,0.01,0.04,0.04,1057,359,0.3124,0.0131,0.00612,-0.025,0.0059
2026-08-11 14:48:03,721.64,2026-08-11,735.0,0.03,0.04,0.02,9,1261,0.3498,0.016,0.0065,-0.035,0.007
2026-08-11 14:48:03,721.64,2026-08-11,736.0,0,0.03,0.01,49,300,0.318,0.0056,0.00286,-0.01,0.0028
2026-08-11 14:49:05,721.69,2026-08-11,707.0,14.48,14.94,14.3,9,283,0.284,0.9986,0.00093,-0.02,0.0008
2026-08-11 14:49:05,721.69,2026-08-11,708.0,13.49,13.91,13.44,2,188,,,,,
2026-08-11 14:49:05,721.69,2026-08-11,709.0,12.38,12.59,12.53,2,263,,,,,
2026-08-11 14:49:05,721.69,2026-08-11,710.0,11.6,12.02,11.55,7,353,0.38,0.962,0.01239,-0.12,0.0145
2026-08-11 14:49:05,721.69,2026-08-11,711.0,10.42,10.76,10.45,37,84,,,,,
2026-08-11 14:49:05,721.69,2026-08-11,712.0,9.31,9.76,9.48,67,334,,,,,
2026-08-11 14:49:05,721.69,2026-08-11,713.0,8.49,8.62,8.49,65,1563,,,,,
2026-08-11 14:49:05,721.69,2026-08-11,714.0,7.71,7.91,7.23,28,642,0.2706,0.949,0.02207,-0.12,0.0184
2026-08-11 14:49:05,721.69,2026-08-11,715.0,6.64,6.94,6.24,373,1251,0.2315,0.9517,0.0247,-0.1,0.0176
2026-08-11 14:49:05,721.69,2026-08-11,716.0,5.82,5.96,5.72,423,1550,0.245,0.9092,0.03802,-0.2,0.0287
2026-08-11 14:49:05,721.69,2026-08-11,717.0,4.81,4.87,4.91,107,633,0.1954,0.9162,0.04491,-0.15,0.027
2026-08-11 14:49:05,721.69,2026-08-11,718.0,4.01,4.11,3.6,64,1091,0.2217,0.831,0.06479,-0.37,0.0442
2026-08-11 14:49:05,721.69,2026-08-11,719.0,3.24,3.26,3.1,564,623,0.2188,0.7609,0.08078,-0.56,0.0545
2026-08-11 14:49:05,721.69,2026-08-11,720.0,2.45,2.47,2.45,30026,550,0.2071,0.6819,0.09814,-0.77,0.0626
2026-08-11 14:49:05,721.69,2026-08-11,721.0,1.6,1.61,1.47,334,571,0.1741,0.5925,0.12705,-0.915,0.0681
2026-08-11 14:49:05,721.69,2026-08-11,722.0,1.16,1.17,0.97,2291,935,0.1864,0.4654,0.12146,-1.165,0.0698
2026-08-11 14:49:05,721.69,2026-08-11,723.0,0.72,0.73,0.55,3145,1120,0.1808,0.343,0.11581,-0.725,0.0645
2026-08-11 14:49:05,721.69,2026-08-11,724.0,0.42,0.43,0.43,22204,419,0.1783,0.2331,0.09772,-0.425,0.0537
2026-08-11 14:49:05,721.69,2026-08-11,725.0,0.21,0.22,0.29,206,1752,0.1726,0.1396,0.07334,-0.215,0.039
2026-08-11 14:49:05,721.69,2026-08-11,726.0,0.12,0.13,0.13,115,659,0.1788,0.0867,0.05033,-0.125,0.0277
2026-08-11 14:49:05,721.69,2026-08-11,727.0,0.08,0.09,0.09,485,760,0.1918,0.0589,0.03489,-0.085,0.0206
2026-08-11 14:49:05,721.69,2026-08-11,728.0,0.01,0.02,0.06,1658,436,0.1638,0.0148,0.01299,-0.015,0.0066
2026-08-11 14:49:05,721.69,2026-08-11,729.0,0.01,0.05,0.04,3012,901,0.2056,0.0224,0.01474,-0.03,0.0093
2026-08-11 14:49:05,721.69,2026-08-11,730.0,0.01,0.02,0.04,106,4961,0.2077,0.0119,0.00853,-0.015,0.0055
2026-08-11 14:49:05,721.69,2026-08-11,731.0,0.01,0.02,0.03,22,405,0.2291,0.0109,0.00716,-0.015,0.0051
2026-08-11 14:49:05,721.69,2026-08-11,732.0,0.03,0.04,0.02,470,635,0.2813,0.0194,0.00956,-0.035,0.0083
2026-08-11 14:49:05,721.69,2026-08-11,733.0,0.01,0.02,0.03,1033,442,0.2712,0.0094,0.00529,-0.015,0.0044
2026-08-11 14:49:05,721.69,2026-08-11,734.0,0.01,0.04,0.04,1057,359,0.3118,0.0131,0.00616,-0.025,0.0059
2026-08-11 14:49:05,721.69,2026-08-11,735.0,0.01,0.02,0.02,9,1261,0.3125,0.0083,0.00411,-0.015,0.004
2026-08-11 14:49:05,721.69,2026-08-11,736.0,0,0.03,0.01,49,300,0.3176,0.0056,0.00288,-0.01,0.0028
2026-08-11 14:50:06,721.88,2026-08-11,707.0,14.39,14.83,14.3,9,283,,,,,
2026-08-11 14:50:06,721.88,2026-08-11,708.0,13.58,13.79,13.44,2,188,,,,,
2026-08-11 14:50:06,721.88,2026-08-11,709.0,12.77,13.12,12.53,2,263,0.3626,0.9799,0.00764,-0.065,0.0085
2026-08-11 14:50:06,721.88,2026-08-11,710.0,11.81,11.96,11.55,7,353,,,,,
2026-08-11 14:50:06,721.88,2026-08-11,711.0,10.52,10.81,10.45,37,84,,,,,
2026-08-11 14:50:06,721.88,2026-08-11,712.0,9.67,9.88,9.48,67,334,,,,,
2026-08-11 14:50:06,721.88,2026-08-11,713.0,8.81,8.92,8.49,65,1563,,,,,
2026-08-11 14:50:06,721.88,2026-08-11,714.0,7.75,7.97,7.23,28,642,,,,,
2026-08-11 14:50:06,721.88,2026-08-11,715.0,6.91,7.08,6.8,378,1251,0.2454,0.9468,0.0252,-0.115,0.019
2026-08-11 14:50:06,721.88,2026-08-11,716.0,5.81,6.14,5.72,424,1550,0.2065,0.9494,0.02878,-0.095,0.0183
2026-08-11 14:50:06,721.88,2026-08-11,717.0,5,5.16,4.91,107,633,0.2191,0.9002,0.04564,-0.2,0.0307
2026-08-11 14:50:06,721.88,2026-08-11,718.0,4.13,4.19,3.6,64,1091,0.2075,0.8593,0.0614,-0.28,0.0392
2026-08-11 14:50:06,721.88,2026-08-11,719.0,3.32,3.38,3.3,564,623,0.2103,0.7853,0.07919,-0.47,0.0512
2026-08-11 14:50:06,721.88,2026-08-11,720.0,2.44,2.54,2.45,30062,550,0.1906,0.7161,0.10143,-0.61,0.0594
2026-08-11 14:50:06,721.88,2026-08-11,721.0,1.81,1.83,1.47,334,571,0.1893,0.6077,0.11585,-0.94,0.0674
2026-08-11 14:50:06,721.88,2026-08-11,722.0,1.18,1.19,0.97,2291,935,0.1766,0.4878,0.1288,-1.185,0.0699
2026-08-11 14:50:06,721.88,2026-08-11,723.0,0.72,0.77,0.74,3145,1120,0.174,0.3598,0.12268,-0.745,0.0656
2026-08-11 14:50:06,721.88,2026-08-11,724.0,0.45,0.46,0.41,22260,419,0.1758,0.2485,0.10283,-0.455,0.0555
2026-08-11 14:50:06,721.88,2026-08-11,725.0,0.25,0.26,0.29,206,1752,0.1758,0.1581,0.07835,-0.255,0.0423
2026-08-11 14:50:06,721.88,2026-08-11,726.0,0.1,0.11,0.13,115,659,0.1657,0.0799,0.05112,-0.105,0.026
2026-08-11 14:50:06,721.88,2026-08-11,727.0,0.09,0.1,0.09,485,760,0.1913,0.065,0.03783,-0.095,0.0222
2026-08-11 14:50:06,721.88,2026-08-11,728.0,0.02,0.03,0.06,1658,436,0.1724,0.0223,0.01755,-0.025,0.0093
2026-08-11 14:50:06,721.88,2026-08-11,729.0,0.04,0.05,0.04,3024,901,0.2153,0.0307,0.0184,-0.045,0.0122
2026-08-11 14:50:06,721.88,2026-08-11,730.0,0.04,0.05,0.04,106,4961,0.24,0.0279,0.01525,-0.045,0.0112
2026-08-11 14:50:06,721.88,2026-08-11,731.0,0.01,0.02,0.03,22,405,0.2254,0.0111,0.00739,-0.015,0.0051
2026-08-11 14:50:06,721.88,2026-08-11,732.0,0.01,0.02,0.02,470,635,0.2466,0.0102,0.00629,-0.015,0.0048
2026-08-11 14:50:06,721.88,2026-08-11,733.0,0.01,0.04,0.03,1033,442,0.2862,0.0142,0.00719,-0.025,0.0063
2026-08-11 14:50:06,721.88,2026-08-11,734.0,0.03,0.04,0.04,1057,359,0.323,0.0172,0.00752,-0.035,0.0075
2026-08-11 14:50:06,721.88,2026-08-11,735.0,0.01,0.02,0.02,9,1261,0.309,0.0083,0.0042,-0.015,0.004
2026-08-11 14:50:06,721.88,2026-08-11,736.0,0,0.03,0.01,49,300,0.3143,0.0057,0.00294,-0.01,0.0028
2026-08-11 14:51:08,721.62,2026-08-11,707.0,14.37,14.73,14.3,9,283,,,,,
2026-08-11 14:51:08,721.62,2026-08-11,708.0,13.46,13.9,13.44,2,188,0.3749,0.9823,0.00665,-0.06,0.0076
2026-08-11 14:51:08,721.62,2026-08-11,709.0,12.87,13.18,12.53,2,263,0.5414,0.9119,0.01687,-0.405,0.028
2026-08-11 14:51:08,721.62,2026-08-11,710.0,11.75,12.1,11.55,7,353,0.4722,0.9231,0.01747,-0.305,0.0252
2026-08-11 14:51:08,721.62,2026-08-11,711.0,10.46,10.91,10.45,37,84,0.3083,0.9768,0.01019,-0.065,0.0096
2026-08-11 14:51:08,721.62,2026-08-11,712.0,9.76,9.9,9.48,67,334,0.3714,0.9329,0.02,-0.21,0.0227
2026-08-11 14:51:08,721.62,2026-08-11,713.0,8.55,9.05,8.49,65,1563,0.3281,0.9355,0.02196,-0.18,0.0221
2026-08-11 14:51:08,721.62,2026-08-11,714.0,7.56,8.13,7.23,28,642,0.3162,0.9181,0.02737,-0.225,0.0265
2026-08-11 14:51:08,721.62,2026-08-11,715.0,6.7,6.84,6.8,378,1251,0.2551,0.9328,0.02914,-0.15,0.0227
2026-08-11 14:51:08,721.62,2026-08-11,716.0,5.68,5.91,5.83,424,1550,0.2346,0.9165,0.03741,-0.175,0.0269
2026-08-11 14:51:08,721.62,2026-08-11,717.0,4.96,5.15,4.91,107,633,0.2731,0.8358,0.0518,-0.435,0.0433
2026-08-11 14:51:08,721.62,2026-08-11,718.0,4,4.03,3.6,64,1091,0.2253,0.8233,0.0658,-0.395,0.0454
2026-08-11 14:51:08,721.62,2026-08-11,719.0,3.14,3.18,3.3,564,623,0.2128,0.762,0.08314,-0.54,0.0541
2026-08-11 14:51:08,721.62,2026-08-11,720.0,2.22,2.24,2.28,31030,550,0.1783,0.7012,0.11126,-0.61,0.0607
2026-08-11 14:51:08,721.62,2026-08-11,721.0,1.78,1.79,1.47,334,571,0.2069,0.571,0.10846,-1.165,0.0687
2026-08-11 14:51:08,721.62,2026-08-11,722.0,1.11,1.12,0.97,2291,935,0.1845,0.4563,0.12287,-1.115,0.0694
2026-08-11 14:51:08,721.62,2026-08-11,723.0,0.68,0.7,0.74,3145,1120,0.1797,0.3334,0.11569,-0.69,0.0636
2026-08-11 14:51:08,721.62,2026-08-11,724.0,0.34,0.35,0.34,22346,419,0.1665,0.2097,0.09886,-0.345,0.0504
2026-08-11 14:51:08,721.62,2026-08-11,725.0,0.21,0.22,0.29,206,1752,0.1757,0.138,0.07173,-0.215,0.0386
2026-08-11 14:51:08,721.62,2026-08-11,726.0,0.1,0.15,0.13,115,659,0.1816,0.0858,0.04935,-0.125,0.0274
2026-08-11 14:51:08,721.62,2026-08-11,727.0,0.09,0.1,0.09,485,760,0.1992,0.0629,0.03548,-0.095,0.0216
2026-08-11 14:51:08,721.62,2026-08-11,728.0,0.06,0.07,0.03,1668,436,0.2109,0.0432,0.02487,-0.065,0.0161
2026-08-11 14:51:08,721.62,2026-08-11,729.0,0.04,0.05,0.02,3027,901,0.2222,0.03,0.01748,-0.045,0.0119
2026-08-11 14:51:08,721.62,2026-08-11,730.0,0.01,0.05,0.04,106,4961,0.2315,0.0202,0.01205,-0.03,0.0085
2026-08-11 14:51:08,721.62,2026-08-11,731.0,0.01,0.02,0.03,22,405,0.2314,0.0109,0.00708,-0.015,0.005
2026-08-11 14:51:08,721.62,2026-08-11,732.0,0.03,0.04,0.02,470,635,0.2839,0.0193,0.00947,-0.035,0.0082
2026-08-11 14:51:08,721.62,2026-08-11,733.0,0.03,0.04,0.03,1033,442,0.3069,0.018,0.00826,-0.035,0.0078
2026-08-11 14:51:08,721.62,2026-08-11,734.0,0.03,0.04,0.04,1057,359,0.3296,0.0169,0.00728,-0.035,0.0073
2026-08-11 14:51:08,721.62,2026-08-11,735.0,0.01,0.04,0.02,9,1261,0.3361,0.0123,0.00543,-0.025,0.0056
2026-08-11 14:51:08,721.62,2026-08-11,736.0,0,0.01,0.01,49,300,0.32,0.0056,0.00286,-0.01,0.0028
2026-08-11 14:52:10,722.03,2026-08-11,708.0,13.46,13.9,13.44,2,188,,,,,
2026-08-11 14:52:10,722.03,2026-08-11,709.0,12.87,13.18,12.53,2,263,,,,,
2026-08-11 14:52:10,722.03,2026-08-11,710.0,11.63,11.87,11.55,7,353,,,,,
2026-08-11 14:52:10,722.03,2026-08-11,711.0,10.68,10.94,10.45,37,84,,,,,
2026-08-11 14:52:10,722.03,2026-08-11,712.0,9.76,9.9,9.48,67,334,,,,,
2026-08-11 14:52:10,722.03,2026-08-11,713.0,8.55,9.05,8.49,65,1563,,,,,
2026-08-11 14:52:10,722.03,2026-08-11,714.0,7.56,8.13,7.23,28,642,,,,,
2026-08-11 14:52:10,722.03,2026-08-11,715.0,6.82,7.26,6.8,378,1251,,,,,
2026-08-11 14:52:10,722.03,2026-08-11,716.0,5.95,6.19,5.83,429,1550,0.1697,0.9799,0.01643,-0.04,0.0085
2026-08-11 14:52:10,722.03,2026-08-11,717.0,4.96,5.15,4.91,107,633,0.1237,0.9905,0.01181,-0.025,0.0045
2026-08-11 14:52:10,722.03,2026-08-11,718.0,4,4.03,3.6,64,1091,,,,,
2026-08-11 14:52:10,722.03,2026-08-11,719.0,3.11,3.14,3.3,568,623,0.1237,0.9214,0.06787,-0.095,0.0256
2026-08-11 14:52:10,722.03,2026-08-11,720.0,2.62,2.64,2.51,31344,550,0.1967,0.7255,0.09701,-0.6,0.0583
2026-08-11 14:52:10,722.03,2026-08-11,721.0,1.78,1.79,1.47,334,571,0.1706,0.6383,0.12573,-0.755,0.0655
2026-08-11 14:52:10,722.03,2026-08-11,722.0,1.11,1.12,0.97,2523,935,0.1565,0.5078,0.14588,-1.085,0.0697
2026-08-11 14:52:10,722.03,2026-08-11,723.0,0.66,0.67,0.67,3246,1120,0.154,0.3626,0.13934,-0.665,0.0655
2026-08-11 14:52:10,722.03,2026-08-11,724.0,0.44,0.49,0.43,22401,419,0.1713,0.2582,0.10795,-0.465,0.0565
2026-08-11 14:52:10,722.03,2026-08-11,725.0,0.21,0.22,0.29,206,1752,0.1611,0.1481,0.08214,-0.215,0.0404
2026-08-11 14:52:10,722.03,2026-08-11,726.0,0.1,0.15,0.13,115,659,0.1689,0.0913,0.05558,-0.125,0.0287
2026-08-11 14:52:10,722.03,2026-08-11,727.0,0.09,0.1,0.09,519,760,0.1875,0.0663,0.0393,-0.095,0.0225
2026-08-11 14:52:10,722.03,2026-08-11,728.0,0.06,0.07,0.03,1677,436,0.2001,0.0453,0.02724,-0.065,0.0166
2026-08-11 14:52:10,722.03,2026-08-11,729.0,0.04,0.05,0.04,3059,901,0.2122,0.0312,0.01896,-0.045,0.0123
2026-08-11 14:52:10,722.03,2026-08-11,730.0,0.01,0.05,0.04,106,4961,0.2222,0.021,0.01298,-0.03,0.0088
2026-08-11 14:52:10,722.03,2026-08-11,731.0,0.01,0.02,0.03,22,405,0.2228,0.0112,0.00758,-0.015,0.0052
2026-08-11 14:52:10,722.03,2026-08-11,732.0,0.01,0.02,0.02,480,635,0.2442,0.0104,0.00644,-0.015,0.0048
2026-08-11 14:52:10,722.03,2026-08-11,733.0,0.03,0.04,0.03,1033,442,0.2978,0.0185,0.00872,-0.035,0.0079
2026-08-11 14:52:10,722.03,2026-08-11,734.0,0.03,0.04,0.04,1057,359,0.3207,0.0174,0.00766,-0.035,0.0075
2026-08-11 14:52:10,722.03,2026-08-11,735.0,0.01,0.04,0.02,9,1261,0.3276,0.0126,0.00569,-0.025,0.0057
2026-08-11 14:52:10,722.03,2026-08-11,736.0,0,0.03,0.01,49,300,0.3123,0.0057,0.00299,-0.01,0.0029
2026-08-11 14:52:10,722.03,2026-08-11,737.0,0,0.01,0.01,643,250,0.3319,0.0054,0.00268,-0.01,0.0027
2026-08-11 14:53:12,722.32,2026-08-11,708.0,14.08,14.45,13.44,2,188,,,,,
2026-08-11 14:53:12,722.32,2026-08-11,709.0,12.76,13.1,12.53,2,263,,,,,
2026-08-11 14:53:12,722.32,2026-08-11,710.0,12.07,12.39,11.55,7,353,,,,,
2026-08-11 14:53:12,722.32,2026-08-11,711.0,11.29,11.33,10.45,37,84,,,,,
2026-08-11 14:53:12,722.32,2026-08-11,712.0,10.08,10.38,9.48,67,334,,,,,
2026-08-11 14:53:12,722.32,2026-08-11,713.0,8.85,9.43,8.49,65,1563,,,,,
2026-08-11 14:53:12,722.32,2026-08-11,714.0,8.119,8.41,7.23,28,642,,,,,
2026-08-11 14:53:12,722.32,2026-08-11,715.0,7.27,7.49,6.8,378,1251,0.2219,0.9718,0.01671,-0.06,0.0113
2026-08-11 14:53:12,722.32,2026-08-11,716.0,6.5,6.56,6.09,433,1550,0.2702,0.912,0.03386,-0.21,0.0279
2026-08-11 14:53:12,722.32,2026-08-11,717.0,5.23,5.35,4.91,107,633,,,,,
2026-08-11 14:53:12,722.32,2026-08-11,718.0,4.34,4.37,3.6,64,1091,0.1231,0.9787,0.0238,-0.035,0.0089
2026-08-11 14:53:12,722.32,2026-08-11,719.0,3.59,3.72,3.55,581,623,0.2007,0.8308,0.07201,-0.335,0.044
2026-08-11 14:53:12,722.32,2026-08-11,720.0,2.89,2.91,2.86,31669,550,0.207,0.7424,0.08936,-0.58,0.0563
2026-08-11 14:53:12,722.32,2026-08-11,721.0,1.98,1.99,1.47,334,571,0.1724,0.6727,0.11999,-0.665,0.063
2026-08-11 14:53:12,722.32,2026-08-11,722.0,1.37,1.38,1.3,2523,935,0.1722,0.5456,0.13191,-1.055,0.0692
2026-08-11 14:53:12,722.32,2026-08-11,723.0,0.86,0.87,0.86,3318,1120,0.1674,0.4112,0.13315,-0.865,0.0679
2026-08-11 14:53:12,722.32,2026-08-11,724.0,0.59,0.6,0.59,22687,419,0.18,0.2994,0.11057,-0.595,0.0606
2026-08-11 14:53:12,722.32,2026-08-11,725.0,0.25,0.3,0.29,206,1752,0.1644,0.1777,0.09073,-0.275,0.0454
2026-08-11 14:53:12,722.32,2026-08-11,726.0,0.16,0.17,0.13,115,659,0.1726,0.113,0.06365,-0.165,0.0335
2026-08-11 14:53:12,722.32,2026-08-11,727.0,0.09,0.1,0.09,519,760,0.1792,0.069,0.04244,-0.095,0.0232
2026-08-11 14:53:12,722.32,2026-08-11,728.0,0.03,0.08,0.03,1783,436,0.1864,0.0417,0.0274,-0.055,0.0156
2026-08-11 14:53:12,722.32,2026-08-11,729.0,0.05,0.06,0.04,3059,901,0.2126,0.0372,0.02188,-0.055,0.0142
2026-08-11 14:53:12,722.32,2026-08-11,730.0,0.01,0.02,0.04,106,4961,0.1951,0.0127,0.00962,-0.015,0.0057
2026-08-11 14:53:12,722.32,2026-08-11,731.0,0.03,0.04,0.03,22,405,0.2448,0.0221,0.01232,-0.035,0.0092
2026-08-11 14:53:12,722.32,2026-08-11,732.0,0.03,0.04,0.02,480,635,0.2683,0.0204,0.0105,-0.035,0.0086
2026-08-11 14:53:12,722.32,2026-08-11,733.0,0.03,0.04,0.03,1033,442,0.2915,0.0189,0.00908,-0.035,0.0081
2026-08-11 14:53:12,722.32,2026-08-11,734.0,0.03,0.04,0.04,1057,359,0.3145,0.0177,0.00794,-0.035,0.0076
2026-08-11 14:53:12,722.32,2026-08-11,735.0,0.01,0.04,0.02,9,1261,0.3217,0.0128,0.00589,-0.025,0.0058
2026-08-11 14:53:12,722.32,2026-08-11,736.0,0,0.03,0.01,49,300,0.307,0.0058,0.00309,-0.01,0.0029
2026-08-11 14:53:12,722.32,2026-08-11,737.0,0,0.03,0.01,643,250,0.3267,0.0055,0.00277,-0.01,0.0028
2026-08-11 14:54:13,722.08,2026-08-11,708.0,14.22,14.43,13.44,2,188,0.5224,0.9419,0.01276,-0.245,0.0202
2026-08-11 14:54:13,722.08,2026-08-11,709.0,12.95,13.54,12.53,2,263,0.4503,0.9546,0.01218,-0.165,0.0166
2026-08-11 14:54:13,722.08,2026-08-11,710.0,11.85,12.6,11.55,7,353,0.4103,0.9566,0.01289,-0.145,0.016
2026-08-11 14:54:13,722.08,2026-08-11,711.0,11.15,11.46,10.45,37,84,0.4238,0.9358,0.01701,-0.225,0.0219
2026-08-11 14:54:13,722.08,2026-08-11,712.0,9.96,10.49,9.48,67,334,0.3544,0.9507,0.01652,-0.145,0.0178
2026-08-11 14:54:13,722.08,2026-08-11,713.0,9.16,9.48,8.49,65,1563,0.3692,0.9234,0.02237,-0.24,0.025
2026-08-11 14:54:13,722.08,2026-08-11,714.0,7.94,8.55,7.23,28,642,0.3067,0.9368,0.02323,-0.165,0.0216
2026-08-11 14:54:13,722.08,2026-08-11,715.0,6.91,7.28,7.16,385,1251,,,,,
2026-08-11 14:54:13,722.08,2026-08-11,716.0,6.09,6.28,6.37,434,1550,0.219,0.9461,0.0287,-0.105,0.0191
2026-08-11 14:54:13,722.08,2026-08-11,717.0,5.28,5.44,4.91,112,633,0.2517,0.879,0.0459,-0.28,0.035
2026-08-11 14:54:13,722.08,2026-08-11,718.0,4.46,4.48,3.6,64,1091,0.2431,0.8348,0.05866,-0.39,0.0433
2026-08-11 14:54:13,722.08,2026-08-11,719.0,3.27,3.36,3.51,610,623,0.1682,0.8559,0.0775,-0.235,0.0395
2026-08-11 14:54:13,722.08,2026-08-11,720.0,2.5,2.53,2.61,31786,550,0.1703,0.7613,0.10452,-0.435,0.054
2026-08-11 14:54:13,722.08,2026-08-11,721.0,1.97,1.98,1.97,354,571,0.1953,0.6276,0.11125,-0.895,0.0659
2026-08-11 14:54:13,722.08,2026-08-11,722.0,1.33,1.38,1.33,2792,935,0.1879,0.5129,0.12185,-1.275,0.0694
2026-08-11 14:54:13,722.08,2026-08-11,723.0,0.88,0.89,0.88,3421,1120,0.185,0.3907,0.11916,-0.885,0.0669
2026-08-11 14:54:13,722.08,2026-08-11,724.0,0.46,0.47,0.52,22954,419,0.1696,0.2608,0.10997,-0.465,0.0566
2026-08-11 14:54:13,722.08,2026-08-11,725.0,0.27,0.32,0.27,222,1752,0.1785,0.1763,0.08332,-0.295,0.0451
2026-08-11 14:54:13,722.08,2026-08-11,726.0,0.18,0.19,0.18,116,659,0.187,0.1165,0.06015,-0.185,0.0341
2026-08-11 14:54:13,722.08,2026-08-11,727.0,0.07,0.08,0.09,631,760,0.1772,0.057,0.03707,-0.075,0.0199
2026-08-11 14:54:13,722.08,2026-08-11,728.0,0.07,0.08,0.04,1797,436,0.2052,0.0503,0.02898,-0.075,0.018
2026-08-11 14:54:13,722.08,2026-08-11,729.0,0.05,0.06,0.02,3093,901,0.2193,0.0363,0.02083,-0.055,0.0139
2026-08-11 14:54:13,722.08,2026-08-11,730.0,0.04,0.05,0.04,106,4961,0.2366,0.0285,0.0158,-0.045,0.0113
2026-08-11 14:54:13,722.08,2026-08-11,731.0,0.03,0.04,0.03,22,405,0.251,0.0216,0.01184,-0.035,0.009
2026-08-11 14:54:13,722.08,2026-08-11,732.0,0.01,0.04,0.02,480,635,0.2613,0.0155,0.00854,-0.025,0.0068
2026-08-11 14:54:13,722.08,2026-08-11,733.0,0.01,0.04,0.02,1035,442,0.2836,0.0144,0.00739,-0.025,0.0064
2026-08-11 14:54:13,722.08,2026-08-11,734.0,0.01,0.02,0.04,1057,359,0.2861,0.009,0.00488,-0.015,0.0042
2026-08-11 14:54:13,722.08,2026-08-11,735.0,0.01,0.04,0.02,9,1261,0.3276,0.0126,0.00572,-0.025,0.0057
2026-08-11 14:54:13,722.08,2026-08-11,736.0,0,0.01,0.01,50,300,0.3124,0.0058,0.00301,-0.01,0.0029
2026-08-11 14:54:13,722.08,2026-08-11,737.0,0,0.01,0.01,643,250,0.332,0.0054,0.0027,-0.01,0.0027
2026-08-11 14:55:15,722.37,2026-08-11,708.0,14.22,14.43,13.44,2,188,,,,,
2026-08-11 14:55:15,722.37,2026-08-11,709.0,12.95,13.54,12.53,2,263,,,,,
2026-08-11 14:55:15,722.37,2026-08-11,710.0,11.7,12.42,11.55,7,353,,,,,
2026-08-11 14:55:15,722.37,2026-08-11,711.0,10.68,11.12,10.45,37,84,,,,,
2026-08-11 14:55:15,722.37,2026-08-11,712.0,9.96,10.49,9.48,67,334,,,,,
2026-08-11 14:55:15,722.37,2026-08-11,713.0,9.16,9.48,8.49,65,1563,,,,,
2026-08-11 14:55:15,722.37,2026-08-11,714.0,7.94,8.55,7.23,28,642,,,,,
2026-08-11 14:55:15,722.37,2026-08-11,715.0,6.99,7.15,7.16,385,1251,,,,,
2026-08-11 14:55:15,722.37,2026-08-11,716.0,5.92,6.22,5.97,454,1550,,,,,
2026-08-11 14:55:15,722.37,2026-08-11,717.0,5.28,5.44,5.28,112,633,,,,,
2026-08-11 14:55:15,722.37,2026-08-11,718.0,4.46,4.48,4.46,76,1091,0.1691,0.9327,0.04427,-0.105,0.0227
2026-08-11 14:55:15,722.37,2026-08-11,719.0,3.4,3.43,3.32,624,623,0.1119,0.9593,0.04486,-0.05,0.0152
2026-08-11 14:55:15,722.37,2026-08-11,720.0,2.59,2.62,2.51,31936,550,0.1427,0.8323,0.10106,-0.24,0.0436
2026-08-11 14:55:15,722.37,2026-08-11,721.0,1.97,1.98,1.97,376,571,0.1665,0.6844,0.12278,-0.61,0.0618
2026-08-11 14:55:15,722.37,2026-08-11,722.0,1.33,1.38,1.33,3380,935,0.1663,0.5535,0.13671,-0.99,0.0688
2026-08-11 14:55:15,722.37,2026-08-11,723.0,0.84,0.85,0.79,3635,1120,0.1623,0.4143,0.13804,-0.845,0.0678
2026-08-11 14:55:15,722.37,2026-08-11,724.0,0.5,0.51,0.44,23202,419,0.1634,0.2856,0.11958,-0.505,0.0591
2026-08-11 14:55:15,722.37,2026-08-11,725.0,0.27,0.32,0.27,229,1752,0.1675,0.1855,0.09177,-0.295,0.0465
2026-08-11 14:55:15,722.37,2026-08-11,726.0,0.18,0.19,0.18,131,659,0.1775,0.1217,0.06544,-0.185,0.0351
2026-08-11 14:55:15,722.37,2026-08-11,727.0,0.06,0.11,0.07,720,760,0.1741,0.0645,0.04163,-0.085,0.0219
2026-08-11 14:55:15,722.37,2026-08-11,728.0,0.07,0.08,0.04,1829,436,0.1976,0.052,0.03096,-0.075,0.0185
2026-08-11 14:55:15,722.37,2026-08-11,729.0,0.05,0.06,0.03,4302,901,0.2122,0.0374,0.02209,-0.055,0.0142
2026-08-11 14:55:15,722.37,2026-08-11,730.0,0.04,0.05,0.04,129,4961,0.2299,0.0292,0.01665,-0.045,0.0116
2026-08-11 14:55:15,722.37,2026-08-11,731.0,0.03,0.04,0.03,22,405,0.2445,0.0222,0.01242,-0.035,0.0092
2026-08-11 14:55:15,722.37,2026-08-11,732.0,0.01,0.02,0.02,480,635,0.2382,0.0106,0.00679,-0.015,0.0049
2026-08-11 14:55:15,722.37,2026-08-11,733.0,0.03,0.04,0.02,1035,442,0.2915,0.019,0.00913,-0.035,0.0081
2026-08-11 14:55:15,722.37,2026-08-11,734.0,0.01,0.02,0.04,1057,359,0.2805,0.0092,0.00507,-0.015,0.0043
2026-08-11 14:55:15,722.37,2026-08-11,735.0,0.01,0.04,0.02,9,1261,0.3218,0.0129,0.00592,-0.025,0.0058
2026-08-11 14:55:15,722.37,2026-08-11,736.0,0,0.03,0.01,50,300,0.3072,0.0058,0.00311,-0.01,0.0029
2026-08-11 14:55:15,722.37,2026-08-11,737.0,0,0.01,0.01,646,250,0.3269,0.0055,0.00278,-0.01,0.0027
2026-08-11 14:56:16,722.25,2026-08-11,708.0,14.22,14.43,13.44,2,188,0.4115,0.9784,0.00723,-0.075,0.009
2026-08-11 14:56:16,722.25,2026-08-11,709.0,12.95,13.54,12.53,2,263,,,,,
2026-08-11 14:56:16,722.25,2026-08-11,710.0,12.38,12.72,11.55,7,353,0.4935,0.9265,0.01627,-0.3,0.0242
2026-08-11 14:56:16,722.25,2026-08-11,711.0,10.99,11.6,10.45,37,84,0.301,0.9853,0.00714,-0.045,0.0065
2026-08-11 14:56:16,722.25,2026-08-11,712.0,9.96,10.49,9.48,67,334,,,,,
2026-08-11 14:56:16,722.25,2026-08-11,713.0,9.16,9.48,8.49,65,1563,0.2813,0.9721,0.0131,-0.07,0.0111
2026-08-11 14:56:16,722.25,2026-08-11,714.0,7.94,8.55,7.23,28,642,,,,,
2026-08-11 14:56:16,722.25,2026-08-11,715.0,7.16,7.53,7.16,385,1251,0.2469,0.9561,0.02168,-0.095,0.0161
2026-08-11 14:56:16,722.25,2026-08-11,716.0,6.39,6.43,6.3,455,1550,0.2502,0.9268,0.032,-0.16,0.0241
2026-08-11 14:56:16,722.25,2026-08-11,717.0,5.28,5.44,5.28,117,633,0.1981,0.9382,0.03545,-0.11,0.0212
2026-08-11 14:56:16,722.25,2026-08-11,718.0,4.46,4.48,4.46,81,1091,0.2062,0.8845,0.05437,-0.22,0.0338
2026-08-11 14:56:16,722.25,2026-08-11,719.0,3.53,3.66,3.53,638,623,0.2013,0.8262,0.07341,-0.345,0.0446
2026-08-11 14:56:16,722.25,2026-08-11,720.0,2.8,2.84,2.77,31997,550,0.2031,0.7411,0.0918,-0.57,0.0562
2026-08-11 14:56:16,722.25,2026-08-11,721.0,1.97,1.98,1.97,482,571,0.1791,0.6592,0.11796,-0.725,0.0637
2026-08-11 14:56:16,722.25,2026-08-11,722.0,1.33,1.38,1.33,3873,935,0.1756,0.5359,0.13029,-1.105,0.069
2026-08-11 14:56:16,722.25,2026-08-11,723.0,0.92,0.93,0.92,3957,1120,0.1814,0.409,0.12334,-0.925,0.0675
2026-08-11 14:56:16,722.25,2026-08-11,724.0,0.52,0.53,0.57,23843,419,0.1726,0.2826,0.11283,-0.525,0.0587
2026-08-11 14:56:16,722.25,2026-08-11,725.0,0.27,0.32,0.27,250,1752,0.1724,0.1816,0.08818,-0.295,0.0458
2026-08-11 14:56:16,722.25,2026-08-11,726.0,0.18,0.19,0.18,169,659,0.1817,0.1195,0.06321,-0.185,0.0346
2026-08-11 14:56:16,722.25,2026-08-11,727.0,0.07,0.12,0.07,735,760,0.1822,0.0683,0.04164,-0.095,0.0229
2026-08-11 14:56:16,722.25,2026-08-11,728.0,0.07,0.08,0.07,1835,436,0.2011,0.0513,0.03014,-0.075,0.0183
2026-08-11 14:56:16,722.25,2026-08-11,729.0,0.05,0.06,0.02,4305,901,0.2156,0.0369,0.02156,-0.055,0.014
2026-08-11 14:56:16,722.25,2026-08-11,730.0,0.04,0.05,0.04,129,4961,0.2332,0.0289,0.0163,-0.045,0.0115
2026-08-11 14:56:16,722.25,2026-08-11,731.0,0.01,0.02,0.01,23,405,0.2195,0.0115,0.00788,-0.015,0.0052
2026-08-11 14:56:16,722.25,2026-08-11,732.0,0.03,0.04,0.02,480,635,0.2713,0.0202,0.01039,-0.035,0.0085
2026-08-11 14:56:16,722.25,2026-08-11,733.0,0.01,0.04,0.02,1035,442,0.2807,0.0145,0.00757,-0.025,0.0064
2026-08-11 14:56:16,722.25,2026-08-11,734.0,0.01,0.02,0.04,1057,359,0.2835,0.0091,0.00499,-0.015,0.0043
2026-08-11 14:56:16,722.25,2026-08-11,735.0,0.01,0.04,0.01,10,1261,0.3249,0.0128,0.00584,-0.025,0.0057
2026-08-11 14:56:16,722.25,2026-08-11,736.0,0,0.03,0.01,72,300,0.31,0.0058,0.00307,-0.01,0.0029
2026-08-11 14:56:16,722.25,2026-08-11,737.0,0,0.01,0.01,646,250,0.3297,0.0055,0.00274,-0.01,0.0027
2026-08-11 14:57:18,722.22,2026-08-11,708.0,14.2,14.29,13.44,2,188,0.3167,0.9956,0.00233,-0.025,0.0022
2026-08-11 14:57:18,722.22,2026-08-11,709.0,13,13.63,12.53,2,263,0.4061,0.9715,0.00927,-0.095,0.0113
2026-08-11 14:57:18,722.22,2026-08-11,710.0,11.98,12.59,11.55,7,353,0.351,0.979,0.00831,-0.065,0.0088
2026-08-11 14:57:18,722.22,2026-08-11,711.0,10.91,11.21,10.45,37,84,,,,,
2026-08-11 14:57:18,722.22,2026-08-11,712.0,10.26,10.56,9.48,67,334,0.3837,0.94,0.01791,-0.19,0.0206
2026-08-11 14:57:18,722.22,2026-08-11,713.0,8.93,9.49,8.49,65,1563,,,,,
2026-08-11 14:57:18,722.22,2026-08-11,714.0,8.02,8.56,7.23,28,642,0.2554,0.9696,0.01554,-0.07,0.0119
2026-08-11 14:57:18,722.22,2026-08-11,715.0,7.15,7.33,7.16,385,1251,0.1522,0.9971,0.00335,-0.02,0.0015
2026-08-11 14:57:18,722.22,2026-08-11,716.0,6.06,6.46,6.2,460,1550,0.176,0.9801,0.01579,-0.04,0.0083
2026-08-11 14:57:18,722.22,2026-08-11,717.0,5.14,5.36,5.28,117,633,0.1388,0.9856,0.0152,-0.03,0.0063
2026-08-11 14:57:18,722.22,2026-08-11,718.0,4.22,4.39,4.46,82,1091,0.1562,0.9421,0.04282,-0.085,0.0201
2026-08-11 14:57:18,722.22,2026-08-11,719.0,3.53,3.58,3.42,644,623,0.1983,0.8281,0.07416,-0.335,0.0442
2026-08-11 14:57:18,722.22,2026-08-11,720.0,2.67,2.7,2.66,32107,550,0.183,0.7608,0.09785,-0.465,0.0538
2026-08-11 14:57:18,722.22,2026-08-11,721.0,1.89,1.97,1.89,539,571,0.1754,0.659,0.12066,-0.71,0.0636
2026-08-11 14:57:18,722.22,2026-08-11,722.0,1.33,1.34,1.35,3944,935,0.1754,0.532,0.13083,-1.115,0.0689
2026-08-11 14:57:18,722.22,2026-08-11,723.0,0.85,0.86,0.85,4037,1120,0.1731,0.4006,0.12881,-0.855,0.067
2026-08-11 14:57:18,722.22,2026-08-11,724.0,0.51,0.52,0.52,23903,419,0.1726,0.2789,0.11229,-0.515,0.0582
2026-08-11 14:57:18,722.22,2026-08-11,725.0,0.29,0.3,0.27,255,1752,0.1739,0.1807,0.08729,-0.295,0.0456
2026-08-11 14:57:18,722.22,2026-08-11,726.0,0.13,0.14,0.18,172,659,0.1676,0.0986,0.05979,-0.135,0.0301
2026-08-11 14:57:18,722.22,2026-08-11,727.0,0.07,0.08,0.07,740,760,0.1741,0.0581,0.0385,-0.075,0.0201
2026-08-11 14:57:18,722.22,2026-08-11,728.0,0.07,0.08,0.04,1840,436,0.2023,0.0511,0.02993,-0.075,0.0182
2026-08-11 14:57:18,722.22,2026-08-11,729.0,0.05,0.06,0.02,4307,901,0.2167,0.0368,0.02143,-0.055,0.014
2026-08-11 14:57:18,722.22,2026-08-11,730.0,0.01,0.02,0.04,133,4961,0.1987,0.0126,0.00943,-0.015,0.0056
2026-08-11 14:57:18,722.22,2026-08-11,731.0,0.03,0.04,0.01,23,405,0.2489,0.0219,0.01212,-0.035,0.0091
2026-08-11 14:57:18,722.22,2026-08-11,732.0,0.01,0.02,0.02,480,635,0.2421,0.0105,0.00663,-0.015,0.0048
2026-08-11 14:57:18,722.22,2026-08-11,733.0,0.01,0.04,0.01,1040,442,0.2819,0.0145,0.00754,-0.025,0.0064
2026-08-11 14:57:18,722.22,2026-08-11,734.0,0.01,0.04,0.04,1057,359,0.3041,0.0136,0.00659,-0.025,0.006
2026-08-11 14:57:18,722.22,2026-08-11,735.0,0.03,0.04,0.01,10,1261,0.3418,0.0165,0.00695,-0.035,0.0071
2026-08-11 14:57:18,722.22,2026-08-11,736.0,0,0.03,0.01,80,300,0.3111,0.0058,0.00306,-0.01,0.0029
2026-08-11 14:57:18,722.22,2026-08-11,737.0,0,0.01,0.01,648,250,0.3309,0.0055,0.00274,-0.01,0.0027
2026-08-11 14:58:20,722.24,2026-08-11,708.0,14.2,14.29,13.44,2,188,,,,,
2026-08-11 14:58:20,722.24,2026-08-11,709.0,13,13.63,12.53,2,263,0.388,0.9771,0.00808,-0.075,0.0094
2026-08-11 14:58:20,722.24,2026-08-11,710.0,12.16,12.44,11.55,7,353,0.3463,0.9807,0.00785,-0.06,0.0081
2026-08-11 14:58:20,722.24,2026-08-11,711.0,10.96,11.36,10.45,37,84,,,,,
2026-08-11 14:58:20,722.24,2026-08-11,712.0,10.26,10.56,9.48,67,334,0.375,0.9449,0.01718,-0.17,0.0193
2026-08-11 14:58:20,722.24,2026-08-11,713.0,8.93,9.49,8.49,65,1563,,,,,
2026-08-11 14:58:20,722.24,2026-08-11,714.0,8.01,8.48,7.23,28,642,,,,,
2026-08-11 14:58:20,722.24,2026-08-11,715.0,7.16,7.28,7.16,385,1251,,,,,
2026-08-11 14:58:20,722.24,2026-08-11,716.0,5.95,6.31,6.15,463,1550,,,,,
2026-08-11 14:58:20,722.24,2026-08-11,717.0,5.14,5.36,5.28,117,633,,,,,
2026-08-11 14:58:20,722.24,2026-08-11,718.0,4.26,4.31,4.46,82,1091,0.132,0.9693,0.03035,-0.045,0.012
2026-08-11 14:58:20,722.24,2026-08-11,719.0,3.44,3.46,3.55,644,623,0.1686,0.8689,0.07293,-0.21,0.0368
2026-08-11 14:58:20,722.24,2026-08-11,720.0,2.57,2.65,2.57,32411,550,0.1659,0.7851,0.10173,-0.37,0.0505
2026-08-11 14:58:20,722.24,2026-08-11,721.0,1.89,1.97,1.89,539,571,0.1736,0.6632,0.12152,-0.69,0.0632
2026-08-11 14:58:20,722.24,2026-08-11,722.0,1.31,1.33,1.35,3944,935,0.1719,0.5354,0.13357,-1.08,0.0688
2026-08-11 14:58:20,722.24,2026-08-11,723.0,0.84,0.85,0.87,4037,1120,0.1707,0.4017,0.13093,-0.845,0.0669
2026-08-11 14:58:20,722.24,2026-08-11,724.0,0.44,0.49,0.44,24211,419,0.1633,0.2697,0.11695,-0.465,0.0572
2026-08-11 14:58:20,722.24,2026-08-11,725.0,0.29,0.3,0.27,255,1752,0.1734,0.1813,0.08788,-0.295,0.0456
2026-08-11 14:58:20,722.24,2026-08-11,726.0,0.13,0.14,0.18,172,659,0.1673,0.0989,0.06016,-0.135,0.0301
2026-08-11 14:58:20,722.24,2026-08-11,727.0,0.06,0.11,0.07,740,760,0.1786,0.0634,0.04022,-0.085,0.0215
2026-08-11 14:58:20,722.24,2026-08-11,728.0,0.07,0.08,0.04,1933,436,0.2021,0.0512,0.03007,-0.075,0.0182
2026-08-11 14:58:20,722.24,2026-08-11,729.0,0.05,0.06,0.05,4307,901,0.2166,0.0369,0.02152,-0.055,0.014
2026-08-11 14:58:20,722.24,2026-08-11,730.0,0.01,0.02,0.04,133,4961,0.1986,0.0126,0.00947,-0.015,0.0056
2026-08-11 14:58:20,722.24,2026-08-11,731.0,0.01,0.04,0.01,23,405,0.2366,0.017,0.0103,-0.025,0.0073
2026-08-11 14:58:20,722.24,2026-08-11,732.0,0.03,0.04,0.02,481,635,0.2725,0.0202,0.01037,-0.035,0.0085
2026-08-11 14:58:20,722.24,2026-08-11,733.0,0.03,0.04,0.03,1041,442,0.2959,0.0188,0.00897,-0.035,0.008
2026-08-11 14:58:20,722.24,2026-08-11,734.0,0.01,0.04,0.04,1057,359,0.3042,0.0136,0.0066,-0.025,0.006
2026-08-11 14:58:20,722.24,2026-08-11,735.0,0.03,0.04,0.01,10,1261,0.3419,0.0165,0.00696,-0.035,0.0071
2026-08-11 14:58:20,722.24,2026-08-11,736.0,0,0.01,0.01,105,300,0.3113,0.0058,0.00307,-0.01,0.0029
2026-08-11 14:58:20,722.24,2026-08-11,737.0,0,0.01,0.02,648,250,0.3593,0.0096,0.00412,-0.02,0.0044
2026-08-11 14:59:21,721.89,2026-08-11,707.0,15.13,15.36,14.3,9,283,0.6018,0.9274,0.01328,-0.355,0.0238
2026-08-11 14:59:21,721.89,2026-08-11,708.0,13.84,14.46,13.44,2,188,0.5287,0.9388,0.01325,-0.26,0.0209
2026-08-11 14:59:21,721.89,2026-08-11,709.0,12.92,13.3,12.53,2,263,0.4793,0.9429,0.01384,-0.22,0.0198
2026-08-11 14:59:21,721.89,2026-08-11,710.0,11.91,12.3,11.55,7,353,0.4471,0.9407,0.01529,-0.215,0.0204
2026-08-11 14:59:21,721.89,2026-08-11,711.0,11.05,11.13,10.45,37,84,0.4101,0.9403,0.01676,-0.2,0.0205
2026-08-11 14:59:21,721.89,2026-08-11,712.0,9.83,10.15,9.48,67,334,0.3239,0.9631,0.01443,-0.1,0.0139
2026-08-11 14:59:21,721.89,2026-08-11,713.0,9.15,9.42,8.49,65,1563,0.4207,0.8923,0.02549,-0.395,0.032
2026-08-11 14:59:21,721.89,2026-08-11,714.0,7.9,8.27,7.23,28,642,0.317,0.9274,0.02523,-0.195,0.0238
2026-08-11 14:59:21,721.89,2026-08-11,715.0,7.11,7.38,7.1,387,1251,0.3393,0.8828,0.03359,-0.355,0.034
2026-08-11 14:59:21,721.89,2026-08-11,716.0,6.03,6.43,6.12,468,1550,0.2997,0.8749,0.0398,-0.34,0.0356
2026-08-11 14:59:21,721.89,2026-08-11,717.0,5.07,5.41,5.28,117,633,0.2662,0.8588,0.04873,-0.35,0.0387
2026-08-11 14:59:21,721.89,2026-08-11,718.0,4.25,4.5,4.46,82,1091,0.2589,0.8105,0.06061,-0.485,0.0468
2026-08-11 14:59:21,721.89,2026-08-11,719.0,3.39,3.43,3.55,675,623,0.2238,0.7754,0.07754,-0.52,0.0517
2026-08-11 14:59:21,721.89,2026-08-11,720.0,2.55,2.59,2.51,32656,550,0.2059,0.7053,0.097,-0.68,0.0595
2026-08-11 14:59:21,721.89,2026-08-11,721.0,2.009,2.02,1.89,539,571,0.2205,0.5953,0.1018,-1.1245,0.0669
2026-08-11 14:59:21,721.89,2026-08-11,722.0,1.37,1.38,1.35,3944,935,0.2062,0.4907,0.11201,-1.375,0.0689
2026-08-11 14:59:21,721.89,2026-08-11,723.0,0.75,0.8,0.84,4346,1120,0.1807,0.3641,0.12037,-0.775,0.0648
2026-08-11 14:59:21,721.89,2026-08-11,724.0,0.43,0.48,0.47,24456,419,0.178,0.249,0.10318,-0.455,0.0547
2026-08-11 14:59:21,721.89,2026-08-11,725.0,0.3,0.31,0.27,255,1752,0.1897,0.1737,0.07832,-0.305,0.0443
2026-08-11 14:59:21,721.89,2026-08-11,726.0,0.17,0.18,0.18,172,659,0.192,0.1096,0.05658,-0.175,0.0324
2026-08-11 14:59:21,721.89,2026-08-11,727.0,0.1,0.11,0.1,745,760,0.1984,0.0695,0.039,-0.105,0.0231
2026-08-11 14:59:21,721.89,2026-08-11,728.0,0.07,0.08,0.07,1963,436,0.2123,0.0492,0.02778,-0.075,0.0176
2026-08-11 14:59:21,721.89,2026-08-11,729.0,0.01,0.06,0.05,4308,901,0.2094,0.0256,0.01649,-0.035,0.0103
2026-08-11 14:59:21,721.89,2026-08-11,730.0,0.01,0.05,0.04,133,4961,0.2282,0.0207,0.01265,-0.03,0.0086
2026-08-11 14:59:21,721.89,2026-08-11,731.0,0.01,0.02,0.01,24,405,0.2286,0.0111,0.0074,-0.015,0.005
2026-08-11 14:59:21,721.89,2026-08-11,732.0,0.03,0.04,0.02,481,635,0.2813,0.0197,0.00984,-0.035,0.0083
2026-08-11 14:59:21,721.89,2026-08-11,733.0,0.03,0.04,0.01,1043,442,0.3047,0.0184,0.00856,-0.035,0.0078
2026-08-11 14:59:21,721.89,2026-08-11,734.0,0.03,0.04,0.04,1057,359,0.3278,0.0172,0.00753,-0.035,0.0074
2026-08-11 14:59:21,721.89,2026-08-11,735.0,0.03,0.04,0.01,10,1261,0.3506,0.0162,0.00668,-0.035,0.007
2026-08-11 14:59:21,721.89,2026-08-11,736.0,0,0.03,0.01,105,300,0.3189,0.0057,0.00295,-0.01,0.0028
2026-08-11 15:00:23,721.89,2026-08-11,707.0,14.38,14.76,14.3,9,283,,,,,
2026-08-11 15:00:23,721.89,2026-08-11,708.0,13.84,14.46,13.44,2,188,0.5274,0.9396,0.01317,-0.255,0.0206
2026-08-11 15:00:23,721.89,2026-08-11,709.0,12.92,13.3,12.53,2,263,0.4777,0.9439,0.01373,-0.215,0.0195
2026-08-11 15:00:23,721.89,2026-08-11,710.0,11.8,11.83,11.55,7,353,,,,,
2026-08-11 15:00:23,721.89,2026-08-11,711.0,10.61,10.85,10.45,37,84,,,,,
2026-08-11 15:00:23,721.89,2026-08-11,712.0,9.83,10.15,9.48,67,334,0.3209,0.9647,0.01406,-0.095,0.0134
2026-08-11 15:00:23,721.89,2026-08-11,713.0,9.15,9.42,8.49,65,1563,0.42,0.8932,0.02543,-0.39,0.0317
2026-08-11 15:00:23,721.89,2026-08-11,714.0,7.9,8.27,7.23,28,642,0.3156,0.9287,0.02502,-0.19,0.0235
2026-08-11 15:00:23,721.89,2026-08-11,715.0,6.57,7.05,6.8,389,1251,,,,,
2026-08-11 15:00:23,721.89,2026-08-11,716.0,5.82,6.14,5.95,481,1550,0.205,0.9538,0.0274,-0.085,0.0167
2026-08-11 15:00:23,721.89,2026-08-11,717.0,5.07,5.41,5.28,117,633,0.2655,0.86,0.04864,-0.345,0.0384
2026-08-11 15:00:23,721.89,2026-08-11,718.0,4.25,4.5,4.46,82,1091,0.2585,0.8115,0.0606,-0.48,0.0465
2026-08-11 15:00:23,721.89,2026-08-11,719.0,3.12,3.15,3.07,722,623,0.1644,0.849,0.08267,-0.24,0.0404
2026-08-11 15:00:23,721.89,2026-08-11,720.0,2.26,2.36,2.31,33037,550,0.16,0.7569,0.1135,-0.415,0.054
2026-08-11 15:00:23,721.89,2026-08-11,721.0,2.009,2.02,1.89,539,571,0.2204,0.596,0.10196,-1.1195,0.0668
2026-08-11 15:00:23,721.89,2026-08-11,722.0,1.37,1.38,1.35,3944,935,0.2062,0.4912,0.1122,-1.375,0.0687
2026-08-11 15:00:23,721.89,2026-08-11,723.0,0.64,0.65,0.63,4517,1120,0.1605,0.348,0.1336,-0.645,0.0637
2026-08-11 15:00:23,721.89,2026-08-11,724.0,0.36,0.37,0.35,24777,419,0.1612,0.2272,0.10852,-0.365,0.052
2026-08-11 15:00:23,721.89,2026-08-11,725.0,0.3,0.31,0.27,255,1752,0.1898,0.1738,0.07844,-0.305,0.0442
2026-08-11 15:00:23,721.89,2026-08-11,726.0,0.17,0.18,0.18,172,659,0.1922,0.1097,0.05665,-0.175,0.0323
2026-08-11 15:00:23,721.89,2026-08-11,727.0,0.05,0.1,0.06,761,760,0.1844,0.0556,0.0353,-0.075,0.0193
2026-08-11 15:00:23,721.89,2026-08-11,728.0,0.06,0.07,0.06,2015,436,0.2066,0.0446,0.02642,-0.065,0.0162
2026-08-11 15:00:23,721.89,2026-08-11,729.0,0.01,0.06,0.05,4308,901,0.2096,0.0256,0.01651,-0.035,0.0103
2026-08-11 15:00:23,721.89,2026-08-11,730.0,0.01,0.05,0.04,133,4961,0.2285,0.0207,0.01266,-0.03,0.0086
2026-08-11 15:00:23,721.89,2026-08-11,731.0,0.03,0.04,0.02,24,405,0.258,0.0213,0.01149,-0.035,0.0088
2026-08-11 15:00:23,721.89,2026-08-11,732.0,0.01,0.04,0.02,481,635,0.2682,0.0153,0.00831,-0.025,0.0066
2026-08-11 15:00:23,721.89,2026-08-11,733.0,0.03,0.04,0.03,1043,442,0.3051,0.0184,0.00856,-0.035,0.0078
2026-08-11 15:00:23,721.89,2026-08-11,734.0,0.03,0.04,0.04,1057,359,0.3282,0.0172,0.00753,-0.035,0.0073
2026-08-11 15:00:23,721.89,2026-08-11,735.0,0.03,0.04,0.01,10,1261,0.3511,0.0162,0.00669,-0.035,0.007
2026-08-11 15:00:23,721.89,2026-08-11,736.0,0,0.03,0.01,156,300,0.3194,0.0057,0.00295,-0.01,0.0028
2026-08-11 15:01:25,722.1,2026-08-11,708.0,13.84,14.46,13.44,2,188,0.3787,0.9858,0.00554,-0.05,0.0062
2026-08-11 15:01:25,722.1,2026-08-11,709.0,12.64,12.88,12.53,2,263,,,,,
2026-08-11 15:01:25,722.1,2026-08-11,710.0,11.8,11.92,11.55,7,353,,,,,
2026-08-11 15:01:25,722.1,2026-08-11,711.0,10.53,11.14,10.45,37,84,,,,,
2026-08-11 15:01:25,722.1,2026-08-11,712.0,9.56,10.19,9.48,67,334,,,,,
2026-08-11 15:01:25,722.1,2026-08-11,713.0,8.82,9.24,8.49,65,1563,,,,,
2026-08-11 15:01:25,722.1,2026-08-11,714.0,7.78,8.21,7.23,28,642,,,,,
2026-08-11 15:01:25,722.1,2026-08-11,715.0,6.73,7.14,6.69,391,1251,,,,,
2026-08-11 15:01:25,722.1,2026-08-11,716.0,5.74,6.19,5.74,482,1550,,,,,
2026-08-11 15:01:25,722.1,2026-08-11,717.0,4.94,5.13,5.28,117,633,,,,,
2026-08-11 15:01:25,722.1,2026-08-11,718.0,4.1,4.12,4.46,82,1091,,,,,
2026-08-11 15:01:25,722.1,2026-08-11,719.0,3.22,3.32,3.24,755,623,0.1533,0.8822,0.07483,-0.17,0.034
2026-08-11 15:01:25,722.1,2026-08-11,720.0,2.46,2.49,2.42,33458,550,0.1618,0.7774,0.10705,-0.375,0.0513
2026-08-11 15:01:25,722.1,2026-08-11,721.0,1.77,1.79,1.89,539,571,0.1654,0.6535,0.12964,-0.68,0.0635
2026-08-11 15:01:25,722.1,2026-08-11,722.0,1.17,1.18,1.17,3991,935,0.1624,0.5176,0.14256,-1.075,0.0686
2026-08-11 15:01:25,722.1,2026-08-11,723.0,0.69,0.74,0.73,5033,1120,0.1602,0.3752,0.13759,-0.715,0.0653
2026-08-11 15:01:25,722.1,2026-08-11,724.0,0.38,0.39,0.38,25034,419,0.1562,0.2428,0.11637,-0.385,0.0538
2026-08-11 15:01:25,722.1,2026-08-11,725.0,0.2,0.21,0.27,255,1752,0.1585,0.1462,0.08404,-0.205,0.0395
2026-08-11 15:01:25,722.1,2026-08-11,726.0,0.14,0.15,0.18,172,659,0.1761,0.101,0.05835,-0.145,0.0304
2026-08-11 15:01:25,722.1,2026-08-11,727.0,0.05,0.1,0.09,1132,760,0.1788,0.0572,0.03726,-0.075,0.0197
2026-08-11 15:01:25,722.1,2026-08-11,728.0,0.06,0.07,0.06,2328,436,0.2013,0.0456,0.02767,-0.065,0.0165
2026-08-11 15:01:25,722.1,2026-08-11,729.0,0.05,0.06,0.03,4311,901,0.2214,0.0363,0.02091,-0.055,0.0137
2026-08-11 15:01:25,722.1,2026-08-11,730.0,0.04,0.05,0.04,133,4961,0.239,0.0285,0.01586,-0.045,0.0112
2026-08-11 15:01:25,722.1,2026-08-11,731.0,0.03,0.04,0.02,24,405,0.2535,0.0217,0.01188,-0.035,0.0089
2026-08-11 15:01:25,722.1,2026-08-11,732.0,0.01,0.02,0.03,521,635,0.2464,0.0104,0.00651,-0.015,0.0048
2026-08-11 15:01:25,722.1,2026-08-11,733.0,0.03,0.04,0.03,1043,442,0.3008,0.0186,0.0088,-0.035,0.0078
2026-08-11 15:01:25,722.1,2026-08-11,734.0,0.03,0.04,0.04,1057,359,0.324,0.0174,0.00773,-0.035,0.0074
2026-08-11 15:01:25,722.1,2026-08-11,735.0,0.03,0.04,0.01,10,1261,0.3469,0.0164,0.00685,-0.035,0.007
2026-08-11 15:01:25,722.1,2026-08-11,736.0,0,0.01,0.01,156,300,0.3157,0.0058,0.00302,-0.01,0.0028
2026-08-11 15:01:25,722.1,2026-08-11,737.0,0,0.01,0.02,648,250,0.3642,0.0095,0.00406,-0.02,0.0044
2026-08-11 15:02:27,722.07,2026-08-11,708.0,13.82,14.08,13.44,2,188,,,,,
2026-08-11 15:02:27,722.07,2026-08-11,709.0,13.08,13.17,12.53,2,263,0.3626,0.9832,0.0067,-0.055,0.0072
2026-08-11 15:02:27,722.07,2026-08-11,710.0,12,12.06,11.55,7,353,,,,,
2026-08-11 15:02:27,722.07,2026-08-11,711.0,10.99,11.26,10.45,37,84,0.3143,0.9809,0.00862,-0.055,0.008
2026-08-11 15:02:27,722.07,2026-08-11,712.0,9.75,10.38,9.48,67,334,,,,,
2026-08-11 15:02:27,722.07,2026-08-11,713.0,8.8,9.2,8.49,65,1563,,,,,
2026-08-11 15:02:27,722.07,2026-08-11,714.0,7.86,8.189,7.23,28,642,,,,,
2026-08-11 15:02:27,722.07,2026-08-11,715.0,6.86,7.23,6.85,392,1251,,,,,
2026-08-11 15:02:27,722.07,2026-08-11,716.0,5.89,6.36,5.88,484,1550,0.1892,0.9702,0.02084,-0.055,0.0116
2026-08-11 15:02:27,722.07,2026-08-11,717.0,5.08,5.16,5.28,130,633,0.159,0.9694,0.02536,-0.05,0.0119
2026-08-11 15:02:27,722.07,2026-08-11,718.0,4.2,4.33,4.46,91,1091,0.1947,0.8902,0.05613,-0.195,0.0323
2026-08-11 15:02:27,722.07,2026-08-11,719.0,3.33,3.44,3.31,762,623,0.1896,0.8295,0.07784,-0.315,0.0436
2026-08-11 15:02:27,722.07,2026-08-11,720.0,2.52,2.62,2.5,33503,550,0.1842,0.7463,0.1012,-0.5,0.055
2026-08-11 15:02:27,722.07,2026-08-11,721.0,1.81,1.82,1.89,768,571,0.1742,0.6427,0.12466,-0.745,0.0641
2026-08-11 15:02:27,722.07,2026-08-11,722.0,1.16,1.17,1.17,4405,935,0.1635,0.5132,0.14193,-1.095,0.0685
2026-08-11 15:02:27,722.07,2026-08-11,723.0,0.72,0.74,0.72,5260,1120,0.1645,0.3742,0.13411,-0.73,0.0651
2026-08-11 15:02:27,722.07,2026-08-11,724.0,0.44,0.45,0.39,25122,419,0.1688,0.2558,0.11088,-0.445,0.0553
2026-08-11 15:02:27,722.07,2026-08-11,725.0,0.25,0.26,0.27,305,1752,0.1721,0.1633,0.08339,-0.255,0.0424
2026-08-11 15:02:27,722.07,2026-08-11,726.0,0.15,0.16,0.18,172,659,0.1806,0.1047,0.05848,-0.155,0.0312
2026-08-11 15:02:27,722.07,2026-08-11,727.0,0.05,0.1,0.06,1133,760,0.18,0.0569,0.03696,-0.075,0.0196
2026-08-11 15:02:27,722.07,2026-08-11,728.0,0.02,0.03,0.03,2354,436,0.1713,0.0228,0.01838,-0.025,0.0093
2026-08-11 15:02:27,722.07,2026-08-11,729.0,0.01,0.02,0.02,4320,901,0.1814,0.0137,0.01126,-0.015,0.006
2026-08-11 15:02:27,722.07,2026-08-11,730.0,0.04,0.05,0.04,133,4961,0.2402,0.0284,0.01577,-0.045,0.0112
2026-08-11 15:02:27,722.07,2026-08-11,731.0,0.03,0.04,0.02,24,405,0.2547,0.0216,0.01182,-0.035,0.0089
2026-08-11 15:02:27,722.07,2026-08-11,732.0,0.01,0.02,0.02,527,635,0.2475,0.0104,0.00648,-0.015,0.0047
2026-08-11 15:02:27,722.07,2026-08-11,733.0,0.03,0.04,0.03,1073,442,0.302,0.0186,0.00877,-0.035,0.0078
2026-08-11 15:02:27,722.07,2026-08-11,734.0,0.01,0.04,0.04,1057,359,0.3102,0.0134,0.00646,-0.025,0.0059
2026-08-11 15:02:27,722.07,2026-08-11,735.0,0.01,0.04,0.01,10,1261,0.3323,0.0126,0.00572,-0.025,0.0056
2026-08-11 15:02:27,722.07,2026-08-11,736.0,0,0.01,0.01,156,300,0.3169,0.0057,0.00301,-0.01,0.0028
2026-08-11 15:02:27,722.07,2026-08-11,737.0,0,0.03,0.02,648,250,0.3655,0.0095,0.00405,-0.02,0.0044
2026-08-11 15:03:28,721.89,2026-08-11,707.0,14.83,15.19,14.3,9,283,0.4761,0.9679,0.00881,-0.12,0.0123
2026-08-11 15:03:28,721.89,2026-08-11,708.0,13.66,14.25,13.44,2,188,0.3964,0.9808,0.00688,-0.065,0.008
2026-08-11 15:03:28,721.89,2026-08-11,709.0,12.82,13.19,12.53,2,263,0.4185,0.9656,0.01061,-0.115,0.0131
2026-08-11 15:03:28,721.89,2026-08-11,710.0,11.65,12.09,11.55,7,353,,,,,
2026-08-11 15:03:28,721.89,2026-08-11,711.0,10.75,11.13,10.45,37,84,0.3041,0.9826,0.00823,-0.05,0.0074
2026-08-11 15:03:28,721.89,2026-08-11,712.0,9.7,9.98,9.48,67,334,,,,,
2026-08-11 15:03:28,721.89,2026-08-11,713.0,8.62,9.26,8.49,65,1563,0.2555,0.9797,0.01117,-0.05,0.0084
2026-08-11 15:03:28,721.89,2026-08-11,714.0,7.72,8.18,7.23,28,642,0.241,0.973,0.01508,-0.06,0.0107
2026-08-11 15:03:28,721.89,2026-08-11,715.0,6.85,7.19,6.81,393,1251,0.2593,0.9411,0.0264,-0.13,0.0201
2026-08-11 15:03:28,721.89,2026-08-11,716.0,5.92,6.13,5.87,486,1550,0.2316,0.9327,0.03279,-0.135,0.0223
2026-08-11 15:03:28,721.89,2026-08-11,717.0,5.01,5.19,4.89,132,633,0.2278,0.8968,0.04598,-0.21,0.0308
2026-08-11 15:03:28,721.89,2026-08-11,718.0,4.03,4.21,4.03,98,1091,0.1991,0.8749,0.06032,-0.23,0.0353
2026-08-11 15:03:28,721.89,2026-08-11,719.0,3.25,3.28,3.18,781,623,0.196,0.8077,0.08137,-0.375,0.0469
2026-08-11 15:03:28,721.89,2026-08-11,720.0,2.42,2.45,2.43,33889,550,0.1841,0.7281,0.10509,-0.545,0.0569
2026-08-11 15:03:28,721.89,2026-08-11,721.0,1.72,1.75,1.66,853,571,0.1797,0.6167,0.12391,-0.845,0.0655
2026-08-11 15:03:28,721.89,2026-08-11,722.0,1.14,1.16,1.12,4992,935,0.1748,0.4885,0.13306,-1.15,0.0684
2026-08-11 15:03:28,721.89,2026-08-11,723.0,0.69,0.71,0.68,5886,1120,0.1703,0.355,0.12751,-0.7,0.0638
2026-08-11 15:03:28,721.89,2026-08-11,724.0,0.36,0.37,0.4,25343,419,0.1623,0.227,0.1083,-0.365,0.0517
2026-08-11 15:03:28,721.89,2026-08-11,725.0,0.22,0.23,0.25,341,1752,0.1719,0.1481,0.07841,-0.225,0.0396
2026-08-11 15:03:28,721.89,2026-08-11,726.0,0.13,0.14,0.18,172,659,0.1802,0.0937,0.05413,-0.135,0.0287
2026-08-11 15:03:28,721.89,2026-08-11,727.0,0.04,0.09,0.08,1147,760,0.1801,0.0504,0.0336,-0.065,0.0178
2026-08-11 15:03:28,721.89,2026-08-11,728.0,0.02,0.03,0.03,2380,436,0.176,0.0223,0.01759,-0.025,0.0091
2026-08-11 15:03:28,721.89,2026-08-11,729.0,0.05,0.06,0.02,4324,901,0.2278,0.0356,0.02005,-0.055,0.0134
2026-08-11 15:03:28,721.89,2026-08-11,730.0,0.01,0.05,0.04,135,4961,0.2298,0.0207,0.01265,-0.03,0.0085
2026-08-11 15:03:28,721.89,2026-08-11,731.0,0.01,0.04,0.02,24,405,0.2468,0.0165,0.00971,-0.025,0.007
2026-08-11 15:03:28,721.89,2026-08-11,732.0,0.03,0.04,0.02,527,635,0.2833,0.0197,0.00984,-0.035,0.0082
2026-08-11 15:03:28,721.89,2026-08-11,733.0,0.03,0.04,0.03,1073,442,0.3068,0.0184,0.00856,-0.035,0.0077
2026-08-11 15:03:28,721.89,2026-08-11,734.0,0.01,0.04,0.04,1057,359,0.3148,0.0133,0.00632,-0.025,0.0058
2026-08-11 15:03:28,721.89,2026-08-11,735.0,0.03,0.04,0.01,10,1261,0.353,0.0162,0.00668,-0.035,0.0069
2026-08-11 15:03:28,721.89,2026-08-11,736.0,0,0.03,0.01,156,300,0.3211,0.0057,0.00295,-0.01,0.0028
2026-08-11 15:04:30,721.92,2026-08-11,707.0,14.91,15.38,14.3,9,283,0.5436,0.9483,0.01137,-0.22,0.0181
2026-08-11 15:04:30,721.92,2026-08-11,708.0,13.66,14.25,13.44,2,188,0.3344,0.9931,0.00335,-0.03,0.0033
2026-08-11 15:04:30,721.92,2026-08-11,709.0,12.82,13.19,12.53,2,263,0.3898,0.9751,0.00872,-0.08,0.01
2026-08-11 15:04:30,721.92,2026-08-11,710.0,11.77,12.03,11.55,7,353,,,,,
2026-08-11 15:04:30,721.92,2026-08-11,711.0,10.66,11.34,10.45,37,84,0.3336,0.9735,0.01075,-0.075,0.0105
2026-08-11 15:04:30,721.92,2026-08-11,712.0,9.7,10.07,9.48,67,334,,,,,
2026-08-11 15:04:30,721.92,2026-08-11,713.0,8.72,8.88,8.88,2,1563,,,,,
2026-08-11 15:04:30,721.92,2026-08-11,714.0,7.73,8.23,7.23,28,642,0.2375,0.9754,0.01417,-0.055,0.0099
2026-08-11 15:04:30,721.92,2026-08-11,715.0,6.87,7.28,6.81,394,1251,0.2704,0.9346,0.02754,-0.15,0.0218
2026-08-11 15:04:30,721.92,2026-08-11,716.0,5.92,6.32,5.97,493,1550,0.2574,0.9127,0.03604,-0.195,0.0272
2026-08-11 15:04:30,721.92,2026-08-11,717.0,4.97,5.2,4.97,138,633,0.212,0.9145,0.04306,-0.16,0.0267
2026-08-11 15:04:30,721.92,2026-08-11,718.0,4.019,4.25,4.09,115,1091,0.1948,0.8826,0.05909,-0.2095,0.0337
2026-08-11 15:04:30,721.92,2026-08-11,719.0,3.22,3.32,3.22,1039,623,0.1912,0.8167,0.08107,-0.345,0.0454
2026-08-11 15:04:30,721.92,2026-08-11,720.0,2.42,2.43,2.43,34251,550,0.1781,0.7389,0.10661,-0.5,0.0556
2026-08-11 15:04:30,721.92,2026-08-11,721.0,1.67,1.7,1.7,1430,571,0.169,0.6286,0.13072,-0.76,0.0647
2026-08-11 15:04:30,721.92,2026-08-11,722.0,1.15,1.16,1.16,6838,935,0.1733,0.4931,0.13446,-1.155,0.0683
2026-08-11 15:04:30,721.92,2026-08-11,723.0,0.7,0.71,0.71,6689,1120,0.1694,0.3585,0.12883,-0.705,0.0639
2026-08-11 15:04:30,721.92,2026-08-11,724.0,0.4,0.41,0.41,26363,419,0.1687,0.239,0.10742,-0.405,0.0531
2026-08-11 15:04:30,721.92,2026-08-11,725.0,0.18,0.23,0.23,468,1752,0.1658,0.1416,0.07904,-0.205,0.0384
2026-08-11 15:04:30,721.92,2026-08-11,726.0,0.13,0.14,0.13,218,659,0.1794,0.0942,0.05469,-0.135,0.0287
2026-08-11 15:04:30,721.92,2026-08-11,727.0,0.04,0.09,0.08,1401,760,0.1794,0.0506,0.03392,-0.065,0.0178
2026-08-11 15:04:30,721.92,2026-08-11,728.0,0.06,0.07,0.06,2508,436,0.2072,0.0447,0.02659,-0.065,0.0161
2026-08-11 15:04:30,721.92,2026-08-11,729.0,0.05,0.06,0.02,4335,901,0.2272,0.0357,0.02019,-0.055,0.0134
2026-08-11 15:04:30,721.92,2026-08-11,730.0,0.01,0.05,0.03,136,4961,0.2293,0.0208,0.01273,-0.03,0.0086
2026-08-11 15:04:30,721.92,2026-08-11,731.0,0.03,0.04,0.02,24,405,0.2591,0.0214,0.01154,-0.035,0.0088
2026-08-11 15:04:30,721.92,2026-08-11,732.0,0.03,0.04,0.02,528,635,0.283,0.0198,0.00989,-0.035,0.0082
2026-08-11 15:04:30,721.92,2026-08-11,733.0,0.01,0.04,0.03,1073,442,0.2921,0.0142,0.00723,-0.025,0.0062
2026-08-11 15:04:30,721.92,2026-08-11,734.0,0.01,0.04,0.04,1057,359,0.3145,0.0133,0.00634,-0.025,0.0058
2026-08-11 15:04:30,721.92,2026-08-11,735.0,0.03,0.04,0.03,11,1261,0.3528,0.0162,0.00671,-0.035,0.0069
2026-08-11 15:04:30,721.92,2026-08-11,736.0,0,0.01,0.01,171,300,0.321,0.0057,0.00296,-0.01,0.0028
2026-08-11 15:05:31,721.71,2026-08-11,707.0,14.36,15.03,14.3,9,283,,,,,
2026-08-11 15:05:31,721.71,2026-08-11,708.0,13.66,14.25,13.44,2,188,0.5217,0.9408,0.01323,-0.245,0.0201
2026-08-11 15:05:31,721.71,2026-08-11,709.0,12.51,13.08,12.53,2,263,0.39,0.9733,0.00926,-0.085,0.0105
2026-08-11 15:05:31,721.71,2026-08-11,710.0,11.55,12,11.55,7,353,0.344,0.9781,0.00889,-0.065,0.0089
2026-08-11 15:05:31,721.71,2026-08-11,711.0,10.56,10.97,10.45,37,84,0.3075,0.9804,0.00908,-0.055,0.0081
2026-08-11 15:05:31,721.71,2026-08-11,712.0,9.69,9.97,9.48,67,334,0.3361,0.9563,0.01611,-0.12,0.0158
2026-08-11 15:05:31,721.71,2026-08-11,713.0,8.68,9.02,8.88,2,1563,0.3191,0.9468,0.01988,-0.14,0.0185
2026-08-11 15:05:31,721.71,2026-08-11,714.0,7.68,7.9,7.23,28,642,0.2538,0.9637,0.01837,-0.08,0.0136
2026-08-11 15:05:31,721.71,2026-08-11,715.0,6.58,6.87,6.93,395,1251,,,,,
2026-08-11 15:05:31,721.71,2026-08-11,716.0,5.7,6.11,6,504,1550,0.2509,0.9106,0.03769,-0.195,0.0276
2026-08-11 15:05:31,721.71,2026-08-11,717.0,4.89,5.06,5.07,140,633,0.2393,0.8776,0.04962,-0.265,0.0346
2026-08-11 15:05:31,721.71,2026-08-11,718.0,3.83,4.07,4.09,115,1091,0.1962,0.8681,0.06377,-0.24,0.0365
2026-08-11 15:05:31,721.71,2026-08-11,719.0,3.06,3.14,3.21,1042,623,0.1923,0.7978,0.08576,-0.39,0.0481
2026-08-11 15:05:31,721.71,2026-08-11,720.0,2.32,2.34,2.34,34325,550,0.1889,0.7047,0.10695,-0.62,0.059
2026-08-11 15:05:31,721.71,2026-08-11,721.0,1.58,1.64,1.7,1589,571,0.1779,0.5954,0.1275,-0.9,0.0662
2026-08-11 15:05:31,721.71,2026-08-11,722.0,1.06,1.07,1.07,7290,935,0.1755,0.4646,0.13253,-1.065,0.0679
2026-08-11 15:05:31,721.71,2026-08-11,723.0,0.64,0.65,0.61,7119,1120,0.172,0.3333,0.12376,-0.645,0.0621
2026-08-11 15:05:31,721.71,2026-08-11,724.0,0.36,0.37,0.33,26579,419,0.1707,0.2189,0.10123,-0.365,0.0504
2026-08-11 15:05:31,721.71,2026-08-11,725.0,0.2,0.21,0.23,485,1752,0.174,0.1364,0.07358,-0.205,0.0374
2026-08-11 15:05:31,721.71,2026-08-11,726.0,0.12,0.13,0.13,269,659,0.1831,0.0869,0.0506,-0.125,0.027
2026-08-11 15:05:31,721.71,2026-08-11,727.0,0.08,0.09,0.08,1402,760,0.1965,0.0591,0.03505,-0.085,0.0201
2026-08-11 15:05:31,721.71,2026-08-11,728.0,0.06,0.07,0.03,2508,436,0.2135,0.0436,0.02536,-0.065,0.0158
2026-08-11 15:05:31,721.71,2026-08-11,729.0,0.04,0.05,0.04,4337,901,0.2253,0.0302,0.01779,-0.045,0.0117
2026-08-11 15:05:31,721.71,2026-08-11,730.0,0.04,0.05,0.04,166,4961,0.2506,0.0275,0.0148,-0.045,0.0108
2026-08-11 15:05:31,721.71,2026-08-11,731.0,0.01,0.04,0.02,24,405,0.2519,0.0163,0.00943,-0.025,0.0069
2026-08-11 15:05:31,721.71,2026-08-11,732.0,0.01,0.04,0.02,528,635,0.2749,0.015,0.00808,-0.025,0.0065
2026-08-11 15:05:31,721.71,2026-08-11,733.0,0.03,0.04,0.03,1073,442,0.3122,0.0181,0.00836,-0.035,0.0076
2026-08-11 15:05:31,721.71,2026-08-11,734.0,0.01,0.02,0.04,1057,359,0.2996,0.0088,0.00465,-0.015,0.0041
2026-08-11 15:05:31,721.71,2026-08-11,735.0,0,0.03,0.03,11,1261,0.3508,0.0142,0.00604,-0.03,0.0062
2026-08-11 15:05:31,721.71,2026-08-11,736.0,0,0.01,0.01,171,300,0.3259,0.0056,0.00289,-0.01,0.0027
2026-08-11 15:06:33,721.0,2026-08-11,707.0,14.33,14.54,14.3,9,283,0.6113,0.9142,0.01505,-0.43,0.0267
2026-08-11 15:06:33,721.0,2026-08-11,708.0,13.31,13.96,13.44,2,188,0.6441,0.8859,0.01759,-0.63,0.0329
2026-08-11 15:06:33,721.0,2026-08-11,709.0,12.75,13.04,12.53,2,263,0.6794,0.8544,0.01975,-0.89,0.0389
2026-08-11 15:06:33,721.0,2026-08-11,710.0,11.31,11.94,11.55,7,353,0.5692,0.8754,0.02118,-0.62,0.035
2026-08-11 15:06:33,721.0,2026-08-11,711.0,10.28,10.49,10.45,37,84,0.4598,0.9021,0.02205,-0.38,0.0294
2026-08-11 15:06:33,721.0,2026-08-11,712.0,9.56,10.17,9.48,67,334,0.5548,0.8333,0.02644,-0.86,0.0426
2026-08-11 15:06:33,721.0,2026-08-11,713.0,8.6,9.05,8.88,2,1563,0.5053,0.8272,0.02971,-0.82,0.0436
2026-08-11 15:06:33,721.0,2026-08-11,714.0,7.55,8.09,7.23,28,642,0.4634,0.8158,0.03373,-0.815,0.0454
2026-08-11 15:06:33,721.0,2026-08-11,715.0,6.41,6.58,6.93,395,1251,0.3479,0.8472,0.03983,-0.49,0.0402
2026-08-11 15:06:33,721.0,2026-08-11,716.0,5.35,5.49,5.94,504,1550,0.2908,0.8463,0.04783,-0.415,0.0404
2026-08-11 15:06:33,721.0,2026-08-11,717.0,4.66,5.02,5.07,140,633,0.3376,0.7597,0.05409,-0.835,0.053
2026-08-11 15:06:33,721.0,2026-08-11,718.0,3.83,3.94,4.09,115,1091,0.2986,0.7254,0.06555,-0.88,0.0568
2026-08-11 15:06:33,721.0,2026-08-11,719.0,2.92,2.98,2.98,1053,623,0.2589,0.6781,0.0813,-0.945,0.0611
2026-08-11 15:06:33,721.0,2026-08-11,720.0,2,2.029,2.029,34425,550,0.2129,0.612,0.10561,-1.0095,0.0653
2026-08-11 15:06:33,721.0,2026-08-11,721.0,1.54,1.56,1.7,1589,571,0.2264,0.5034,0.10342,-1.545,0.068
2026-08-11 15:06:33,721.0,2026-08-11,722.0,0.99,1.01,1.07,7290,935,0.2112,0.3939,0.10695,-1.0,0.0655
2026-08-11 15:06:33,721.0,2026-08-11,723.0,0.6,0.61,0.61,7119,1120,0.2018,0.2836,0.09854,-0.605,0.0577
2026-08-11 15:06:33,721.0,2026-08-11,724.0,0.24,0.25,0.25,26923,419,0.1737,0.1581,0.0816,-0.245,0.0411
2026-08-11 15:06:33,721.0,2026-08-11,725.0,0.2,0.21,0.23,485,1752,0.1997,0.1222,0.05958,-0.205,0.0345
2026-08-11 15:06:33,721.0,2026-08-11,726.0,0.12,0.13,0.13,269,659,0.2059,0.079,0.04198,-0.125,0.0251
2026-08-11 15:06:33,721.0,2026-08-11,727.0,0.04,0.05,0.08,1402,760,0.1923,0.0348,0.02347,-0.045,0.0131
2026-08-11 15:06:33,721.0,2026-08-11,728.0,0.01,0.06,0.05,2523,436,0.2093,0.0259,0.01688,-0.035,0.0103
2026-08-11 15:06:33,721.0,2026-08-11,729.0,0.01,0.05,0.04,4348,901,0.2285,0.0209,0.01292,-0.03,0.0086
2026-08-11 15:06:33,721.0,2026-08-11,730.0,0.04,0.05,0.04,166,4961,0.2689,0.0259,0.01315,-0.045,0.0103
2026-08-11 15:06:33,721.0,2026-08-11,731.0,0.03,0.04,0.02,24,405,0.2824,0.0199,0.01001,-0.035,0.0082
2026-08-11 15:06:33,721.0,2026-08-11,732.0,0.01,0.04,0.02,528,635,0.2917,0.0143,0.00731,-0.025,0.0062
2026-08-11 15:06:33,721.0,2026-08-11,733.0,0.01,0.04,0.02,1093,442,0.3143,0.0134,0.00641,-0.025,0.0058
2026-08-11 15:06:33,721.0,2026-08-11,734.0,0.01,0.04,0.04,1057,359,0.3366,0.0126,0.00567,-0.025,0.0055
2026-08-11 15:06:33,721.0,2026-08-11,735.0,0,0.03,0.03,11,1261,0.3676,0.0137,0.00559,-0.03,0.006
2026-08-11 15:06:33,721.0,2026-08-11,736.0,0,0.01,0.01,171,300,0.341,0.0054,0.00267,-0.01,0.0026
2026-08-11 15:07:34,721.0,2026-08-11,707.0,13.67,14.01,14.3,9,283,,,,,
2026-08-11 15:07:34,721.0,2026-08-11,708.0,12.89,13.04,13.44,2,188,,,,,
2026-08-11 15:07:34,721.0,2026-08-11,709.0,11.99,12.26,12.53,2,263,0.4017,0.9624,0.01199,-0.12,0.0139
2026-08-11 15:07:34,721.0,2026-08-11,710.0,10.86,11.12,11.55,7,353,,,,,
2026-08-11 15:07:34,721.0,2026-08-11,711.0,9.78,10.07,10.45,37,84,,,,,
2026-08-11 15:07:34,721.0,2026-08-11,712.0,8.84,9.29,9.48,67,334,0.2719,0.9754,0.01247,-0.06,0.0098
2026-08-11 15:07:34,721.0,2026-08-11,713.0,7.83,8.1,8.88,2,1563,,,,,
2026-08-11 15:07:34,721.0,2026-08-11,714.0,6.87,7.29,7.23,28,642,0.2322,0.9633,0.02036,-0.075,0.0137
2026-08-11 15:07:34,721.0,2026-08-11,715.0,5.96,6.25,6.93,396,1251,0.2198,0.9474,0.02871,-0.1,0.0182
2026-08-11 15:07:34,721.0,2026-08-11,716.0,5,5.39,5.34,505,1550,0.2269,0.9047,0.04391,-0.19,0.0288
2026-08-11 15:07:34,721.0,2026-08-11,717.0,4.11,4.39,5.07,140,633,0.2093,0.872,0.05881,-0.245,0.0356
2026-08-11 15:07:34,721.0,2026-08-11,718.0,3.24,3.39,4.09,120,1091,0.1878,0.829,0.07951,-0.31,0.0432
2026-08-11 15:07:34,721.0,2026-08-11,719.0,2.52,2.54,2.51,1071,623,0.1876,0.7379,0.10208,-0.525,0.0554
2026-08-11 15:07:34,721.0,2026-08-11,720.0,1.81,1.83,1.86,34641,550,0.1833,0.6294,0.1212,-0.815,0.0642
2026-08-11 15:07:34,721.0,2026-08-11,721.0,1.21,1.22,1.23,1959,571,0.1774,0.5038,0.1322,-1.21,0.0678
2026-08-11 15:07:34,721.0,2026-08-11,722.0,0.71,0.72,0.72,7774,935,0.1676,0.3666,0.13209,-0.715,0.064
2026-08-11 15:07:34,721.0,2026-08-11,723.0,0.39,0.44,0.4,8781,1120,0.168,0.2454,0.1101,-0.415,0.0535
2026-08-11 15:07:34,721.0,2026-08-11,724.0,0.24,0.25,0.25,28363,419,0.174,0.1581,0.0816,-0.245,0.0411
2026-08-11 15:07:34,721.0,2026-08-11,725.0,0.14,0.15,0.15,1011,1752,0.1814,0.0996,0.05672,-0.145,0.0298
2026-08-11 15:07:34,721.0,2026-08-11,726.0,0.09,0.1,0.13,295,659,0.1934,0.0661,0.03904,-0.095,0.0218
2026-08-11 15:07:34,721.0,2026-08-11,727.0,0.02,0.07,0.08,1402,760,0.1927,0.0348,0.02347,-0.045,0.0131
2026-08-11 15:07:34,721.0,2026-08-11,728.0,0.01,0.05,0.05,2566,436,0.2046,0.0231,0.01572,-0.03,0.0093
2026-08-11 15:07:34,721.0,2026-08-11,729.0,0.01,0.05,0.04,4390,901,0.2289,0.0209,0.01292,-0.03,0.0086
2026-08-11 15:07:34,721.0,2026-08-11,730.0,0.01,0.04,0.04,167,4961,0.2462,0.0167,0.0099,-0.025,0.007
2026-08-11 15:07:34,721.0,2026-08-11,731.0,0.01,0.04,0.02,24,405,0.2693,0.0154,0.00845,-0.025,0.0066
2026-08-11 15:07:34,721.0,2026-08-11,732.0,0.01,0.04,0.02,528,635,0.2922,0.0143,0.00731,-0.025,0.0062
2026-08-11 15:07:34,721.0,2026-08-11,733.0,0.01,0.04,0.02,1093,442,0.3148,0.0134,0.00641,-0.025,0.0058
2026-08-11 15:07:34,721.0,2026-08-11,734.0,0,0.03,0.04,1057,359,0.3602,0.0181,0.00725,-0.04,0.0076
2026-08-11 15:07:34,721.0,2026-08-11,735.0,0,0.01,0.03,11,1261,0.3683,0.0137,0.00559,-0.03,0.006
2026-08-11 15:07:34,721.0,2026-08-11,736.0,0,0.03,0.01,171,300,0.3416,0.0054,0.00267,-0.01,0.0026
2026-08-11 15:08:36,720.49,2026-08-11,706.0,14.51,15.04,15.35,5,442,0.5688,0.9364,0.01292,-0.285,0.0211
2026-08-11 15:08:36,720.49,2026-08-11,707.0,13.46,14.33,14.3,9,283,0.5875,0.9154,0.01555,-0.405,0.0263
2026-08-11 15:08:36,720.49,2026-08-11,708.0,12.79,13.37,13.44,2,188,0.6162,0.8877,0.01826,-0.59,0.0324
2026-08-11 15:08:36,720.49,2026-08-11,709.0,11.8,12.1,12.53,2,263,0.5396,0.8986,0.01937,-0.46,0.0301
2026-08-11 15:08:36,720.49,2026-08-11,710.0,10.91,11.04,11.55,7,353,0.5128,0.8893,0.02172,-0.485,0.032
2026-08-11 15:08:36,720.49,2026-08-11,711.0,9.8,10.17,10.45,37,84,0.4802,0.8811,0.0244,-0.495,0.0337
2026-08-11 15:08:36,720.49,2026-08-11,712.0,8.62,9.15,9.48,67,334,0.4143,0.8892,0.02689,-0.395,0.0321
2026-08-11 15:08:36,720.49,2026-08-11,713.0,7.67,8,8.88,2,1563,0.3636,0.8902,0.03044,-0.345,0.0319
2026-08-11 15:08:36,720.49,2026-08-11,714.0,6.8,7.05,7.23,28,642,0.3535,0.863,0.03656,-0.435,0.0372
2026-08-11 15:08:36,720.49,2026-08-11,715.0,5.77,6.08,6.3,396,1251,0.3157,0.8499,0.04356,-0.435,0.0396
2026-08-11 15:08:36,720.49,2026-08-11,716.0,4.89,5.06,5.13,509,1550,0.2883,0.8233,0.05304,-0.485,0.044
2026-08-11 15:08:36,720.49,2026-08-11,717.0,4.059,4.18,5.07,141,633,0.2761,0.7745,0.0641,-0.6295,0.0509
2026-08-11 15:08:36,720.49,2026-08-11,718.0,3.13,3.23,3.24,121,1091,0.2411,0.7314,0.08065,-0.69,0.0559
2026-08-11 15:08:36,720.49,2026-08-11,719.0,2.36,2.43,2.46,1075,623,0.2255,0.6543,0.09639,-0.905,0.0625
2026-08-11 15:08:36,720.49,2026-08-11,720.0,1.67,1.73,1.68,34963,550,0.2117,0.5572,0.10995,-1.21,0.067
2026-08-11 15:08:36,720.49,2026-08-11,721.0,1.13,1.14,1.2,1983,571,0.202,0.4438,0.11528,-1.135,0.067
2026-08-11 15:08:36,720.49,2026-08-11,722.0,0.65,0.66,0.75,7895,935,0.1865,0.3195,0.11295,-0.655,0.0606
2026-08-11 15:08:36,720.49,2026-08-11,723.0,0.36,0.37,0.41,9634,1120,0.1814,0.21,0.09364,-0.365,0.0489
2026-08-11 15:08:36,720.49,2026-08-11,724.0,0.23,0.24,0.24,29073,419,0.1913,0.142,0.06924,-0.235,0.0381
2026-08-11 15:08:36,720.49,2026-08-11,725.0,0.13,0.14,0.11,1044,1752,0.1952,0.0884,0.04841,-0.135,0.0272
2026-08-11 15:08:36,720.49,2026-08-11,726.0,0.04,0.09,0.09,295,659,0.1933,0.0478,0.03036,-0.065,0.0169
2026-08-11 15:08:36,720.49,2026-08-11,727.0,0.05,0.06,0.06,1424,760,0.2142,0.0379,0.02268,-0.055,0.014
2026-08-11 15:08:36,720.49,2026-08-11,728.0,0.01,0.02,0.02,2571,436,0.1969,0.0129,0.00996,-0.015,0.0056
2026-08-11 15:08:36,720.49,2026-08-11,729.0,0.04,0.05,0.04,4393,901,0.2579,0.027,0.01425,-0.045,0.0106
2026-08-11 15:08:36,720.49,2026-08-11,730.0,0.03,0.04,0.02,167,4961,0.2719,0.0206,0.01077,-0.035,0.0084
2026-08-11 15:08:36,720.49,2026-08-11,731.0,0.01,0.04,0.02,25,405,0.2818,0.0148,0.00783,-0.025,0.0064
2026-08-11 15:08:36,720.49,2026-08-11,732.0,0.01,0.04,0.02,528,635,0.3046,0.0138,0.00682,-0.025,0.006
2026-08-11 15:08:36,720.49,2026-08-11,733.0,0.01,0.04,0.02,1093,442,0.3272,0.013,0.00601,-0.025,0.0057
2026-08-11 15:08:36,720.49,2026-08-11,734.0,0,0.01,0.04,1057,359,0.3731,0.0175,0.00684,-0.04,0.0073
2026-08-11 15:08:36,720.49,2026-08-11,735.0,0,0.03,0.03,11,1261,0.3808,0.0133,0.00529,-0.03,0.0058
2026-08-11 15:09:37,720.51,2026-08-11,706.0,14.51,14.74,15.35,5,442,0.4639,0.9695,0.00877,-0.11,0.0117
2026-08-11 15:09:37,720.51,2026-08-11,707.0,13.47,13.59,14.3,9,283,,,,,
2026-08-11 15:09:37,720.51,2026-08-11,708.0,12.79,13.37,13.44,2,188,0.6104,0.8907,0.01811,-0.565,0.0317
2026-08-11 15:09:37,720.51,2026-08-11,709.0,11.8,12.1,12.53,2,263,0.533,0.9022,0.01913,-0.435,0.0292
2026-08-11 15:09:37,720.51,2026-08-11,710.0,10.52,10.83,11.55,7,353,0.3862,0.9481,0.01624,-0.16,0.018
2026-08-11 15:09:37,720.51,2026-08-11,711.0,9.23,9.78,10.45,37,84,,,,,
2026-08-11 15:09:37,720.51,2026-08-11,712.0,8.62,9.15,9.48,67,334,0.408,0.8938,0.02653,-0.37,0.031
2026-08-11 15:09:37,720.51,2026-08-11,713.0,7.67,8,8.88,2,1563,0.3571,0.8955,0.02997,-0.32,0.0307
2026-08-11 15:09:37,720.51,2026-08-11,714.0,6.8,7.05,7.23,28,642,0.3483,0.8679,0.03626,-0.41,0.0362
2026-08-11 15:09:37,720.51,2026-08-11,715.0,5.57,5.91,6.3,396,1251,0.2571,0.8995,0.04047,-0.225,0.0298
2026-08-11 15:09:37,720.51,2026-08-11,716.0,4.77,4.92,4.97,513,1550,0.2521,0.8572,0.05284,-0.33,0.0382
2026-08-11 15:09:37,720.51,2026-08-11,717.0,4.059,4.18,4.18,141,633,0.2728,0.7792,0.06422,-0.6045,0.0502
2026-08-11 15:09:37,720.51,2026-08-11,718.0,3.13,3.23,3.23,121,1091,0.2382,0.7362,0.08101,-0.665,0.0553
2026-08-11 15:09:37,720.51,2026-08-11,719.0,2.36,2.43,2.43,1078,623,0.2232,0.6585,0.09708,-0.88,0.0622
2026-08-11 15:09:37,720.51,2026-08-11,720.0,1.6,1.61,1.57,35035,550,0.1957,0.5647,0.11876,-1.09,0.0667
2026-08-11 15:09:37,720.51,2026-08-11,721.0,1.13,1.14,1.14,1983,571,0.2007,0.4462,0.11633,-1.135,0.0669
2026-08-11 15:09:37,720.51,2026-08-11,722.0,0.65,0.66,0.66,7895,935,0.1855,0.3211,0.11399,-0.655,0.0607
2026-08-11 15:09:37,720.51,2026-08-11,723.0,0.36,0.37,0.37,10252,1120,0.1807,0.211,0.09445,-0.365,0.0489
2026-08-11 15:09:37,720.51,2026-08-11,724.0,0.19,0.2,0.15,29442,419,0.1798,0.1284,0.06888,-0.195,0.0355
2026-08-11 15:09:37,720.51,2026-08-11,725.0,0.13,0.14,0.14,1044,1752,0.1947,0.0887,0.04874,-0.135,0.0272
2026-08-11 15:09:37,720.51,2026-08-11,726.0,0.04,0.09,0.09,295,659,0.193,0.048,0.03055,-0.065,0.0169
2026-08-11 15:09:37,720.51,2026-08-11,727.0,0.05,0.06,0.06,1425,760,0.2139,0.038,0.0228,-0.055,0.014
2026-08-11 15:09:37,720.51,2026-08-11,728.0,0.01,0.05,0.02,2581,436,0.2175,0.022,0.01423,-0.03,0.0089
2026-08-11 15:09:37,720.51,2026-08-11,729.0,0.04,0.05,0.03,4396,901,0.2577,0.0271,0.01431,-0.045,0.0106
2026-08-11 15:09:37,720.51,2026-08-11,730.0,0.03,0.04,0.02,167,4961,0.2718,0.0207,0.01082,-0.035,0.0084
2026-08-11 15:09:37,720.51,2026-08-11,731.0,0.01,0.04,0.02,25,405,0.2818,0.0148,0.00786,-0.025,0.0063
2026-08-11 15:09:37,720.51,2026-08-11,732.0,0.03,0.04,0.02,528,635,0.3195,0.0179,0.00815,-0.035,0.0075
2026-08-11 15:09:37,720.51,2026-08-11,733.0,0.01,0.02,0.02,1093,442,0.3063,0.0087,0.00454,-0.015,0.004
2026-08-11 15:09:37,720.51,2026-08-11,734.0,0,0.01,0.04,1057,359,0.3732,0.0176,0.00686,-0.04,0.0073
2026-08-11 15:09:37,720.51,2026-08-11,735.0,0,0.03,0.03,11,1261,0.3809,0.0133,0.00531,-0.03,0.0058
2026-08-11 15:10:39,720.29,2026-08-11,706.0,14.14,14.67,15.35,5,442,0.4631,0.968,0.00917,-0.115,0.0121
2026-08-11 15:10:39,720.29,2026-08-11,707.0,13.06,13.51,14.3,9,283,,,,,
2026-08-11 15:10:39,720.29,2026-08-11,708.0,12.79,13.37,13.44,2,188,0.6692,0.8655,0.01915,-0.79,0.0366
2026-08-11 15:10:39,720.29,2026-08-11,709.0,11.8,12.1,12.53,2,263,0.5957,0.8726,0.02072,-0.66,0.0352
2026-08-11 15:10:39,720.29,2026-08-11,710.0,10.31,10.69,11.55,7,353,0.4057,0.9356,0.01836,-0.21,0.0213
2026-08-11 15:10:39,720.29,2026-08-11,711.0,9.23,9.76,10.45,37,84,0.3724,0.9322,0.0208,-0.205,0.0221
2026-08-11 15:10:39,720.29,2026-08-11,712.0,8.62,9.15,9.48,67,334,0.4655,0.8571,0.02868,-0.595,0.0381
2026-08-11 15:10:39,720.29,2026-08-11,713.0,7.67,8,8.88,2,1563,0.4143,0.854,0.0327,-0.545,0.0387
2026-08-11 15:10:39,720.29,2026-08-11,714.0,6.31,6.68,7.23,28,642,0.2766,0.9129,0.03392,-0.205,0.0268
2026-08-11 15:10:39,720.29,2026-08-11,715.0,5.29,5.55,6.3,396,1251,0.2143,0.9296,0.03722,-0.13,0.0228
2026-08-11 15:10:39,720.29,2026-08-11,716.0,4.51,4.64,4.65,527,1550,0.2322,0.8651,0.0553,-0.285,0.0367
2026-08-11 15:10:39,720.29,2026-08-11,717.0,4.059,4.18,4.18,141,633,0.3058,0.7405,0.0627,-0.8295,0.0548
2026-08-11 15:10:39,720.29,2026-08-11,718.0,2.82,2.87,3.23,121,1091,0.2079,0.7454,0.09132,-0.555,0.0542
2026-08-11 15:10:39,720.29,2026-08-11,719.0,2.009,2.04,2.18,1082,623,0.1878,0.6607,0.11536,-0.7345,0.0619
2026-08-11 15:10:39,720.29,2026-08-11,720.0,1.43,1.45,1.47,35211,550,0.19,0.539,0.12366,-1.15,0.0671
2026-08-11 15:10:39,720.29,2026-08-11,721.0,1.13,1.14,1.14,1983,571,0.2157,0.4257,0.10751,-1.135,0.0662
2026-08-11 15:10:39,720.29,2026-08-11,722.0,0.55,0.56,0.66,7895,935,0.1806,0.2905,0.11225,-0.555,0.0579
2026-08-11 15:10:39,720.29,2026-08-11,723.0,0.31,0.32,0.33,10639,1120,0.1799,0.1889,0.08894,-0.315,0.0457
2026-08-11 15:10:39,720.29,2026-08-11,724.0,0.17,0.18,0.14,29736,419,0.1823,0.1164,0.06353,-0.175,0.0331
2026-08-11 15:10:39,720.29,2026-08-11,725.0,0.13,0.14,0.14,1044,1752,0.2024,0.0861,0.04593,-0.135,0.0265
2026-08-11 15:10:39,720.29,2026-08-11,726.0,0.04,0.09,0.09,295,659,0.1997,0.0467,0.02893,-0.065,0.0165
2026-08-11 15:10:39,720.29,2026-08-11,727.0,0.05,0.06,0.06,1440,760,0.2204,0.0371,0.02174,-0.055,0.0137
2026-08-11 15:10:39,720.29,2026-08-11,728.0,0.04,0.05,0.05,2583,436,0.2385,0.029,0.01642,-0.045,0.0112
2026-08-11 15:10:39,720.29,2026-08-11,729.0,0.01,0.02,0.04,4416,901,0.2246,0.0115,0.00793,-0.015,0.0051
2026-08-11 15:10:39,720.29,2026-08-11,730.0,0.03,0.04,0.02,167,4961,0.2778,0.0203,0.01045,-0.035,0.0083
2026-08-11 15:10:39,720.29,2026-08-11,731.0,0.01,0.04,0.02,25,405,0.2875,0.0146,0.00761,-0.025,0.0062
2026-08-11 15:10:39,720.29,2026-08-11,732.0,0.01,0.02,0.02,528,635,0.2903,0.0091,0.00502,-0.015,0.0042
2026-08-11 15:10:39,720.29,2026-08-11,733.0,0.03,0.04,0.02,1093,442,0.3489,0.0166,0.007,-0.035,0.007
2026-08-11 15:10:39,720.29,2026-08-11,734.0,0,0.01,0.04,1057,359,0.3792,0.0173,0.00669,-0.04,0.0072
2026-08-11 15:10:39,720.29,2026-08-11,735.0,0,0.03,0.03,11,1261,0.3867,0.0132,0.00518,-0.03,0.0057
2026-08-11 15:11:40,720.28,2026-08-11,706.0,14.23,14.66,15.35,5,442,0.4969,0.9581,0.01067,-0.16,0.0151
2026-08-11 15:11:40,720.28,2026-08-11,707.0,13.26,13.65,14.3,9,283,0.4745,0.9538,0.0121,-0.17,0.0163
2026-08-11 15:11:40,720.28,2026-08-11,708.0,12.79,13.37,13.44,2,188,0.6716,0.865,0.01916,-0.795,0.0366
2026-08-11 15:11:40,720.28,2026-08-11,709.0,11.8,12.1,12.53,2,263,0.5981,0.872,0.02074,-0.665,0.0353
2026-08-11 15:11:40,720.28,2026-08-11,710.0,10.08,10.54,11.55,7,353,0.246,0.9938,0.00419,-0.025,0.0029
2026-08-11 15:11:40,720.28,2026-08-11,711.0,9.33,9.43,10.45,37,84,0.3116,0.9628,0.01544,-0.095,0.0137
2026-08-11 15:11:40,720.28,2026-08-11,712.0,8.62,9.15,9.48,67,334,0.4674,0.8564,0.02871,-0.6,0.0382
2026-08-11 15:11:40,720.28,2026-08-11,713.0,7.67,8,8.88,2,1563,0.4161,0.8532,0.03274,-0.55,0.0388
2026-08-11 15:11:40,720.28,2026-08-11,714.0,6.35,6.57,7.23,28,642,0.2652,0.9219,0.03264,-0.175,0.0246
2026-08-11 15:11:40,720.28,2026-08-11,715.0,5.37,5.63,6.3,396,1251,0.2469,0.8998,0.04219,-0.215,0.0296
2026-08-11 15:11:40,720.28,2026-08-11,716.0,4.5,4.71,4.5,529,1550,0.2418,0.8556,0.05573,-0.32,0.0383
2026-08-11 15:11:40,720.28,2026-08-11,717.0,4.059,4.18,4.18,141,633,0.307,0.7398,0.06266,-0.8345,0.0547
2026-08-11 15:11:40,720.28,2026-08-11,718.0,2.8,2.84,3.23,121,1091,0.2043,0.749,0.09239,-0.535,0.0537
2026-08-11 15:11:40,720.28,2026-08-11,719.0,2.02,2.04,2.04,1100,623,0.1896,0.659,0.11471,-0.745,0.0619
2026-08-11 15:11:40,720.28,2026-08-11,720.0,1.46,1.48,1.48,35265,550,0.1952,0.5374,0.12061,-1.185,0.067
2026-08-11 15:11:40,720.28,2026-08-11,721.0,1.13,1.14,1.14,1986,571,0.2165,0.4252,0.10733,-1.135,0.0661
2026-08-11 15:11:40,720.28,2026-08-11,722.0,0.5,0.55,0.55,7978,935,0.176,0.2846,0.1143,-0.525,0.0572
2026-08-11 15:11:40,720.28,2026-08-11,723.0,0.3,0.31,0.31,10959,1120,0.1782,0.1858,0.08901,-0.305,0.0452
2026-08-11 15:11:40,720.28,2026-08-11,724.0,0.13,0.14,0.14,30632,419,0.1701,0.0996,0.06101,-0.135,0.0295
2026-08-11 15:11:40,720.28,2026-08-11,725.0,0.13,0.14,0.14,1044,1752,0.2029,0.086,0.04587,-0.135,0.0265
2026-08-11 15:11:40,720.28,2026-08-11,726.0,0.04,0.09,0.09,295,659,0.2002,0.0467,0.02889,-0.065,0.0165
2026-08-11 15:11:40,720.28,2026-08-11,727.0,0.01,0.06,0.06,1441,760,0.2043,0.0267,0.01791,-0.035,0.0104
2026-08-11 15:11:40,720.28,2026-08-11,728.0,0.04,0.05,0.05,2583,436,0.2391,0.029,0.0164,-0.045,0.0112
2026-08-11 15:11:40,720.28,2026-08-11,729.0,0.01,0.05,0.04,4417,901,0.2482,0.0196,0.01137,-0.03,0.008
2026-08-11 15:11:40,720.28,2026-08-11,730.0,0.03,0.04,0.02,167,4961,0.2784,0.0203,0.01044,-0.035,0.0083
2026-08-11 15:11:40,720.28,2026-08-11,731.0,0.01,0.02,0.02,45,405,0.2693,0.0098,0.00576,-0.015,0.0044
2026-08-11 15:11:40,720.28,2026-08-11,732.0,0.03,0.04,0.02,528,635,0.3262,0.0176,0.00791,-0.035,0.0073
2026-08-11 15:11:40,720.28,2026-08-11,733.0,0.01,0.02,0.02,1093,442,0.3125,0.0086,0.00441,-0.015,0.0039
2026-08-11 15:11:40,720.28,2026-08-11,734.0,0,0.01,0.04,1057,359,0.38,0.0173,0.00669,-0.04,0.0072
2026-08-11 15:11:40,720.28,2026-08-11,735.0,0,0.03,0.03,11,1261,0.3875,0.0132,0.00518,-0.03,0.0057
2026-08-11 15:12:42,720.45,2026-08-11,706.0,14.1,14.33,15.35,5,442,,,,,
2026-08-11 15:12:42,720.45,2026-08-11,707.0,13.15,13.52,14.3,9,283,,,,,
2026-08-11 15:12:42,720.45,2026-08-11,708.0,12.1,12.54,13.44,2,188,,,,,
2026-08-11 15:12:42,720.45,2026-08-11,709.0,11.25,11.33,12.53,2,263,,,,,
2026-08-11 15:12:42,720.45,2026-08-11,710.0,10.29,10.65,11.55,7,353,0.2269,0.9971,0.00231,-0.02,0.0015
2026-08-11 15:12:42,720.45,2026-08-11,711.0,9.41,9.75,10.45,37,84,0.3399,0.9524,0.01732,-0.13,0.0167
2026-08-11 15:12:42,720.45,2026-08-11,712.0,8.1,8.49,9.48,67,334,,,,,
2026-08-11 15:12:42,720.45,2026-08-11,713.0,7.36,7.69,8.88,2,1563,0.2468,0.9647,0.01871,-0.075,0.0131
2026-08-11 15:12:42,720.45,2026-08-11,714.0,6.34,6.62,7.23,28,642,0.1733,0.987,0.01144,-0.03,0.0056
2026-08-11 15:12:42,720.45,2026-08-11,715.0,5.29,5.58,6.3,396,1251,,,,,
2026-08-11 15:12:42,720.45,2026-08-11,716.0,4.61,4.75,4.67,534,1550,0.223,0.884,0.05198,-0.23,0.0329
2026-08-11 15:12:42,720.45,2026-08-11,717.0,3.75,3.82,4.18,141,633,0.2134,0.8338,0.06938,-0.335,0.042
2026-08-11 15:12:42,720.45,2026-08-11,718.0,2.83,2.93,3.23,122,1091,0.192,0.7783,0.09197,-0.43,0.0501
2026-08-11 15:12:42,720.45,2026-08-11,719.0,2.08,2.14,2.18,1106,623,0.1849,0.6821,0.11451,-0.66,0.0601
2026-08-11 15:12:42,720.45,2026-08-11,720.0,1.43,1.49,1.51,35337,550,0.1805,0.5619,0.12966,-1.01,0.0664
2026-08-11 15:12:42,720.45,2026-08-11,721.0,0.92,0.93,1.14,2013,571,0.1744,0.4288,0.13365,-0.925,0.0661
2026-08-11 15:12:42,720.45,2026-08-11,722.0,0.53,0.58,0.59,8341,935,0.1731,0.3004,0.11932,-0.555,0.0586
2026-08-11 15:12:42,720.45,2026-08-11,723.0,0.33,0.34,0.34,11361,1120,0.1782,0.2003,0.09338,-0.335,0.0472
2026-08-11 15:12:42,720.45,2026-08-11,724.0,0.14,0.19,0.19,31059,419,0.1743,0.1154,0.06627,-0.165,0.0328
2026-08-11 15:12:42,720.45,2026-08-11,725.0,0.1,0.11,0.14,1073,1752,0.186,0.075,0.04515,-0.105,0.0238
2026-08-11 15:12:42,720.45,2026-08-11,726.0,0.02,0.03,0.09,337,659,0.1652,0.0239,0.02025,-0.025,0.0095
2026-08-11 15:12:42,720.45,2026-08-11,727.0,0.01,0.02,0.05,1504,760,0.1763,0.0143,0.01227,-0.015,0.0061
2026-08-11 15:12:42,720.45,2026-08-11,728.0,0.01,0.02,0.05,2601,436,0.1992,0.0129,0.00988,-0.015,0.0056
2026-08-11 15:12:42,720.45,2026-08-11,729.0,0.04,0.05,0.04,4423,901,0.2608,0.0269,0.01415,-0.045,0.0105
2026-08-11 15:12:42,720.45,2026-08-11,730.0,0.03,0.04,0.02,167,4961,0.2749,0.0206,0.01071,-0.035,0.0083
2026-08-11 15:12:42,720.45,2026-08-11,731.0,0.03,0.04,0.02,45,405,0.299,0.0191,0.00924,-0.035,0.0078
2026-08-11 15:12:42,720.45,2026-08-11,732.0,0.01,0.02,0.02,528,635,0.2879,0.0092,0.00512,-0.015,0.0042
2026-08-11 15:12:42,720.45,2026-08-11,733.0,0.03,0.04,0.02,1093,442,0.3463,0.0167,0.00714,-0.035,0.007
2026-08-11 15:12:42,720.45,2026-08-11,734.0,0,0.03,0.04,1057,359,0.3768,0.0175,0.00681,-0.04,0.0073
2026-08-11 15:12:42,720.45,2026-08-11,735.0,0,0.03,0.03,11,1261,0.3844,0.0133,0.00527,-0.03,0.0057
2026-08-11 15:13:43,720.45,2026-08-11,706.0,14.06,14.46,15.35,5,442,,,,,
2026-08-11 15:13:43,720.45,2026-08-11,707.0,13.15,13.82,14.3,9,283,0.3448,0.9906,0.00436,-0.035,0.0043
2026-08-11 15:13:43,720.45,2026-08-11,708.0,12.16,12.77,13.44,2,188,,,,,
2026-08-11 15:13:43,720.45,2026-08-11,709.0,11.51,11.68,12.53,2,263,0.4076,0.9546,0.01392,-0.145,0.016
2026-08-11 15:13:43,720.45,2026-08-11,710.0,10.29,10.77,11.55,7,353,0.3323,0.9707,0.01194,-0.08,0.0112
2026-08-11 15:13:43,720.45,2026-08-11,711.0,9.3,9.49,10.45,37,84,,,,,
2026-08-11 15:13:43,720.45,2026-08-11,712.0,8.4,8.63,9.48,67,334,0.2657,0.9719,0.01443,-0.065,0.0108
2026-08-11 15:13:43,720.45,2026-08-11,713.0,7.45,7.63,8.88,2,1563,0.258,0.9585,0.02048,-0.09,0.0149
2026-08-11 15:13:43,720.45,2026-08-11,714.0,6.47,6.71,7.23,28,642,0.2561,0.9346,0.02957,-0.14,0.0214
2026-08-11 15:13:43,720.45,2026-08-11,715.0,5.38,5.68,5.85,406,1251,0.1948,0.9533,0.0298,-0.08,0.0164
2026-08-11 15:13:43,720.45,2026-08-11,716.0,4.53,4.65,4.67,534,1550,0.1928,0.9169,0.0472,-0.14,0.0257
2026-08-11 15:13:43,720.45,2026-08-11,717.0,3.74,3.79,3.79,142,633,0.209,0.8393,0.06945,-0.315,0.041
2026-08-11 15:13:43,720.45,2026-08-11,718.0,2.93,3,2.98,123,1091,0.2089,0.7599,0.08852,-0.515,0.0523
2026-08-11 15:13:43,720.45,2026-08-11,719.0,2.12,2.13,2.19,1110,623,0.1877,0.6799,0.11332,-0.675,0.0601
2026-08-11 15:13:43,720.45,2026-08-11,720.0,1.51,1.53,1.51,35373,550,0.1898,0.559,0.12362,-1.07,0.0663
2026-08-11 15:13:43,720.45,2026-08-11,721.0,0.98,0.99,0.99,2018,571,0.1838,0.4324,0.12724,-0.985,0.0661
2026-08-11 15:13:43,720.45,2026-08-11,722.0,0.55,0.6,0.55,8486,935,0.1768,0.304,0.11763,-0.575,0.0588
2026-08-11 15:13:43,720.45,2026-08-11,723.0,0.3,0.35,0.35,11568,1120,0.1763,0.1975,0.09369,-0.325,0.0467
2026-08-11 15:13:43,720.45,2026-08-11,724.0,0.19,0.2,0.2,31271,419,0.1835,0.1271,0.0675,-0.195,0.035
2026-08-11 15:13:43,720.45,2026-08-11,725.0,0.11,0.12,0.14,1073,1752,0.1905,0.0795,0.04618,-0.115,0.0249
2026-08-11 15:13:43,720.45,2026-08-11,726.0,0.02,0.07,0.09,337,659,0.183,0.0368,0.02615,-0.045,0.0135
2026-08-11 15:13:43,720.45,2026-08-11,727.0,0.04,0.05,0.05,1534,760,0.2096,0.0326,0.02071,-0.045,0.0123
2026-08-11 15:13:43,720.45,2026-08-11,728.0,0.01,0.02,0.05,2601,436,0.1996,0.0129,0.00988,-0.015,0.0056
2026-08-11 15:13:43,720.45,2026-08-11,729.0,0.01,0.04,0.04,4423,901,0.2385,0.0173,0.01068,-0.025,0.0072
2026-08-11 15:13:43,720.45,2026-08-11,730.0,0.01,0.02,0.02,167,4961,0.2445,0.0107,0.00688,-0.015,0.0048
2026-08-11 15:13:43,720.45,2026-08-11,731.0,0.03,0.04,0.02,45,405,0.2995,0.0191,0.00924,-0.035,0.0078
2026-08-11 15:13:43,720.45,2026-08-11,732.0,0.03,0.04,0.02,528,635,0.3233,0.0178,0.00808,-0.035,0.0074
2026-08-11 15:13:43,720.45,2026-08-11,733.0,0.03,0.04,0.02,1093,442,0.3469,0.0167,0.00714,-0.035,0.007
2026-08-11 15:13:43,720.45,2026-08-11,734.0,0,0.03,0.04,1057,359,0.3774,0.0175,0.00681,-0.04,0.0073
2026-08-11 15:13:43,720.45,2026-08-11,735.0,0,0.01,0.03,11,1261,0.3851,0.0133,0.00527,-0.03,0.0057
2026-08-11 15:14:45,720.38,2026-08-11,706.0,14.02,14.5,15.35,5,442,,,,,
2026-08-11 15:14:45,720.38,2026-08-11,707.0,13.06,13.5,14.3,9,283,,,,,
2026-08-11 15:14:45,720.38,2026-08-11,708.0,12.06,12.63,13.44,2,188,,,,,
2026-08-11 15:14:45,720.38,2026-08-11,709.0,10.93,11.59,12.53,2,263,,,,,
2026-08-11 15:14:45,720.38,2026-08-11,710.0,10.04,10.41,11.55,7,353,,,,,
2026-08-11 15:14:45,720.38,2026-08-11,711.0,9.24,9.56,10.45,37,84,0.2282,0.9933,0.00492,-0.025,0.0032
2026-08-11 15:14:45,720.38,2026-08-11,712.0,8.15,8.66,9.48,67,334,0.2187,0.9893,0.00768,-0.03,0.0047
2026-08-11 15:14:45,720.38,2026-08-11,713.0,7.34,7.43,8.88,2,1563,,,,,
2026-08-11 15:14:45,720.38,2026-08-11,714.0,6.23,6.51,7.23,28,642,,,,,
2026-08-11 15:14:45,720.38,2026-08-11,715.0,5.2,5.36,5.85,406,1251,,,,,
2026-08-11 15:14:45,720.38,2026-08-11,716.0,4.4,4.45,4.67,534,1550,0.1447,0.9653,0.03157,-0.05,0.0129
2026-08-11 15:14:45,720.38,2026-08-11,717.0,3.47,3.59,3.79,142,633,0.1624,0.8942,0.06707,-0.155,0.0307
2026-08-11 15:14:45,720.38,2026-08-11,718.0,2.71,2.8,2.98,123,1091,0.1792,0.7877,0.09642,-0.38,0.0487
2026-08-11 15:14:45,720.38,2026-08-11,719.0,2.029,2.05,2.08,1111,623,0.1823,0.6763,0.11744,-0.6645,0.0603
2026-08-11 15:14:45,720.38,2026-08-11,720.0,1.34,1.35,1.39,35438,550,0.1701,0.5554,0.13842,-0.97,0.0663
2026-08-11 15:14:45,720.38,2026-08-11,721.0,0.85,0.9,0.99,2018,571,0.1722,0.4175,0.13505,-0.875,0.0655
2026-08-11 15:14:45,720.38,2026-08-11,722.0,0.54,0.55,0.55,8486,935,0.1759,0.2938,0.1167,-0.545,0.0578
2026-08-11 15:14:45,720.38,2026-08-11,723.0,0.26,0.27,0.31,12173,1120,0.1665,0.1762,0.09267,-0.265,0.0434
2026-08-11 15:14:45,720.38,2026-08-11,724.0,0.17,0.18,0.14,31716,419,0.1806,0.118,0.0652,-0.175,0.0332
2026-08-11 15:14:45,720.38,2026-08-11,725.0,0.06,0.07,0.14,1073,1752,0.17,0.0539,0.03839,-0.065,0.0184
2026-08-11 15:14:45,720.38,2026-08-11,726.0,0.06,0.07,0.09,337,659,0.1987,0.0472,0.02952,-0.065,0.0165
2026-08-11 15:14:45,720.38,2026-08-11,727.0,0.01,0.05,0.05,1534,760,0.1981,0.024,0.01702,-0.03,0.0095
2026-08-11 15:14:45,720.38,2026-08-11,728.0,0.01,0.02,0.04,2612,436,0.2017,0.0128,0.00973,-0.015,0.0055
2026-08-11 15:14:45,720.38,2026-08-11,729.0,0.03,0.04,0.03,4425,901,0.2532,0.0222,0.01244,-0.035,0.0089
2026-08-11 15:14:45,720.38,2026-08-11,730.0,0.03,0.04,0.02,167,4961,0.2777,0.0204,0.01058,-0.035,0.0083
2026-08-11 15:14:45,720.38,2026-08-11,731.0,0.03,0.04,0.02,45,405,0.3019,0.019,0.00914,-0.035,0.0078
2026-08-11 15:14:45,720.38,2026-08-11,732.0,0.03,0.04,0.02,528,635,0.3257,0.0177,0.008,-0.035,0.0073
2026-08-11 15:14:45,720.38,2026-08-11,733.0,0.01,0.04,0.02,1093,442,0.3333,0.0129,0.00593,-0.025,0.0056
2026-08-11 15:14:45,720.38,2026-08-11,734.0,0,0.01,0.04,1057,359,0.3799,0.0174,0.00676,-0.04,0.0072
2026-08-11 15:14:45,720.38,2026-08-11,735.0,0,0.03,0.03,11,1261,0.3875,0.0132,0.00523,-0.03,0.0057
2026-08-11 15:15:46,720.15,2026-08-11,706.0,14.18,14.66,15.35,5,442,0.5585,0.9377,0.01311,-0.27,0.0205
2026-08-11 15:15:46,720.15,2026-08-11,707.0,13.25,13.64,14.3,9,283,0.5387,0.9305,0.01481,-0.295,0.0224
2026-08-11 15:15:46,720.15,2026-08-11,708.0,12.06,12.63,13.44,2,188,0.4589,0.9454,0.01439,-0.195,0.0185
2026-08-11 15:15:46,720.15,2026-08-11,709.0,11.1,11.43,12.53,2,263,0.3807,0.9616,0.01307,-0.115,0.014
2026-08-11 15:15:46,720.15,2026-08-11,710.0,9.91,10.3,11.55,7,353,,,,,
2026-08-11 15:15:46,720.15,2026-08-11,711.0,9.13,9.59,10.45,37,84,0.3738,0.9303,0.02138,-0.21,0.0224
2026-08-11 15:15:46,720.15,2026-08-11,712.0,8.15,8.66,9.48,67,334,0.3599,0.9142,0.02601,-0.255,0.0262
2026-08-11 15:15:46,720.15,2026-08-11,713.0,7.14,7.48,8.88,2,1563,0.2883,0.9326,0.02702,-0.16,0.0218
2026-08-11 15:15:46,720.15,2026-08-11,714.0,6.12,6.47,7.23,28,642,0.2502,0.9307,0.03179,-0.145,0.0223
2026-08-11 15:15:46,720.15,2026-08-11,715.0,5.31,5.5,5.85,406,1251,0.257,0.8864,0.0447,-0.255,0.0322
2026-08-11 15:15:46,720.15,2026-08-11,716.0,4.49,4.61,4.61,535,1550,0.2583,0.8337,0.05767,-0.4,0.0418
2026-08-11 15:15:46,720.15,2026-08-11,717.0,3.47,3.59,3.79,142,633,0.2128,0.8141,0.07513,-0.38,0.0448
2026-08-11 15:15:46,720.15,2026-08-11,718.0,2.79,2.82,2.98,123,1091,0.2212,0.7219,0.09058,-0.655,0.0562
2026-08-11 15:15:46,720.15,2026-08-11,719.0,1.97,2.04,2.1,1115,623,0.201,0.6365,0.11151,-0.855,0.0629
2026-08-11 15:15:46,720.15,2026-08-11,720.0,1.4,1.41,1.42,35512,550,0.1976,0.521,0.12039,-1.255,0.0667
2026-08-11 15:15:46,720.15,2026-08-11,721.0,0.85,0.9,0.99,2018,571,0.1866,0.3958,0.12326,-0.875,0.0645
2026-08-11 15:15:46,720.15,2026-08-11,722.0,0.54,0.55,0.55,8486,935,0.1875,0.2806,0.10733,-0.545,0.0564
2026-08-11 15:15:46,720.15,2026-08-11,723.0,0.3,0.31,0.33,12478,1120,0.1851,0.1814,0.08506,-0.305,0.0442
2026-08-11 15:15:46,720.15,2026-08-11,724.0,0.13,0.14,0.18,32164,419,0.1759,0.0975,0.05849,-0.135,0.0288
2026-08-11 15:15:46,720.15,2026-08-11,725.0,0.06,0.07,0.14,1073,1752,0.1769,0.0522,0.03603,-0.065,0.0179
2026-08-11 15:15:46,720.15,2026-08-11,726.0,0.02,0.07,0.09,337,659,0.1918,0.0354,0.02429,-0.045,0.0131
2026-08-11 15:15:46,720.15,2026-08-11,727.0,0.04,0.05,0.05,1535,760,0.2183,0.0316,0.01943,-0.045,0.0119
2026-08-11 15:15:46,720.15,2026-08-11,728.0,0.04,0.05,0.04,2614,436,0.2443,0.0286,0.016,-0.045,0.011
2026-08-11 15:15:46,720.15,2026-08-11,729.0,0.03,0.04,0.03,4426,901,0.2593,0.0218,0.01198,-0.035,0.0087
2026-08-11 15:15:46,720.15,2026-08-11,730.0,0.03,0.04,0.02,167,4961,0.2838,0.0201,0.01023,-0.035,0.0081
2026-08-11 15:15:46,720.15,2026-08-11,731.0,0.01,0.04,0.02,45,405,0.2934,0.0144,0.00746,-0.025,0.0061
2026-08-11 15:15:46,720.15,2026-08-11,732.0,0.01,0.02,0.02,528,635,0.2961,0.009,0.00492,-0.015,0.0041
2026-08-11 15:15:46,720.15,2026-08-11,733.0,0.01,0.02,0.02,1093,442,0.3177,0.0085,0.00434,-0.015,0.0039
2026-08-11 15:15:46,720.15,2026-08-11,734.0,0,0.01,0.04,1057,359,0.386,0.0172,0.00659,-0.04,0.0071
2026-08-11 15:15:46,720.15,2026-08-11,735.0,0,0.03,0.03,11,1261,0.3935,0.0131,0.00511,-0.03,0.0056
2026-08-11 15:16:48,720.2,2026-08-11,706.0,13.88,14.39,15.35,5,442,,,,,
2026-08-11 15:16:48,720.2,2026-08-11,707.0,12.84,13.42,14.3,9,283,,,,,
2026-08-11 15:16:48,720.2,2026-08-11,708.0,12.06,12.63,13.44,2,188,0.4317,0.9566,0.01276,-0.145,0.0154
2026-08-11 15:16:48,720.2,2026-08-11,709.0,11.1,11.43,12.53,2,263,0.3392,0.9771,0.00957,-0.065,0.0091
2026-08-11 15:16:48,720.2,2026-08-11,710.0,10.05,10.64,11.55,7,353,0.3735,0.9508,0.01632,-0.145,0.017
2026-08-11 15:16:48,720.2,2026-08-11,711.0,9.14,9.29,10.45,37,84,,,,,
2026-08-11 15:16:48,720.2,2026-08-11,712.0,8.15,8.66,9.48,67,334,0.342,0.9264,0.02441,-0.205,0.0233
2026-08-11 15:16:48,720.2,2026-08-11,713.0,7.23,7.62,8.88,2,1563,0.3175,0.9147,0.0294,-0.225,0.0261
2026-08-11 15:16:48,720.2,2026-08-11,714.0,6.28,6.44,7.23,28,642,0.2588,0.926,0.0324,-0.16,0.0234
2026-08-11 15:16:48,720.2,2026-08-11,715.0,5.12,5.51,5.85,406,1251,0.2072,0.935,0.03661,-0.115,0.0212
2026-08-11 15:16:48,720.2,2026-08-11,716.0,4.36,4.44,4.42,536,1550,0.2065,0.8902,0.05441,-0.2,0.0314
2026-08-11 15:16:48,720.2,2026-08-11,717.0,3.47,3.59,3.79,142,633,0.2038,0.8286,0.07467,-0.33,0.0425
2026-08-11 15:16:48,720.2,2026-08-11,718.0,2.71,2.72,2.72,124,1091,0.1984,0.7491,0.09599,-0.515,0.0532
2026-08-11 15:16:48,720.2,2026-08-11,719.0,1.93,1.95,1.95,1123,623,0.1857,0.6533,0.11887,-0.74,0.0617
2026-08-11 15:16:48,720.2,2026-08-11,720.0,1.39,1.41,1.4,35584,550,0.1933,0.5276,0.12318,-1.2,0.0665
2026-08-11 15:16:48,720.2,2026-08-11,721.0,0.85,0.9,0.9,2051,571,0.1839,0.4003,0.1257,-0.875,0.0646
2026-08-11 15:16:48,720.2,2026-08-11,722.0,0.48,0.53,0.53,8832,935,0.1782,0.2757,0.11213,-0.505,0.0558
2026-08-11 15:16:48,720.2,2026-08-11,723.0,0.3,0.31,0.31,13273,1120,0.1834,0.183,0.08648,-0.305,0.0443
2026-08-11 15:16:48,720.2,2026-08-11,724.0,0.17,0.18,0.18,32426,419,0.1875,0.1148,0.06183,-0.175,0.0324
2026-08-11 15:16:48,720.2,2026-08-11,725.0,0.06,0.07,0.07,1113,1752,0.1758,0.0526,0.03653,-0.065,0.0179
2026-08-11 15:16:48,720.2,2026-08-11,726.0,0.02,0.07,0.07,362,659,0.1908,0.0356,0.02458,-0.045,0.0131
2026-08-11 15:16:48,720.2,2026-08-11,727.0,0.04,0.05,0.05,1540,760,0.2174,0.0318,0.01964,-0.045,0.0119
2026-08-11 15:16:48,720.2,2026-08-11,728.0,0.01,0.02,0.05,2615,436,0.2065,0.0125,0.00939,-0.015,0.0054
2026-08-11 15:16:48,720.2,2026-08-11,729.0,0.03,0.04,0.03,4426,901,0.2585,0.0219,0.01208,-0.035,0.0087
2026-08-11 15:16:48,720.2,2026-08-11,730.0,0.03,0.04,0.02,167,4961,0.2831,0.0202,0.01031,-0.035,0.0082
2026-08-11 15:16:48,720.2,2026-08-11,731.0,0.03,0.04,0.02,45,405,0.3072,0.0188,0.00892,-0.035,0.0077
2026-08-11 15:16:48,720.2,2026-08-11,732.0,0.03,0.04,0.02,528,635,0.3312,0.0175,0.00782,-0.035,0.0072
2026-08-11 15:16:48,720.2,2026-08-11,733.0,0.01,0.02,0.02,1093,442,0.3171,0.0085,0.00437,-0.015,0.0039
2026-08-11 15:16:48,720.2,2026-08-11,734.0,0,0.01,0.04,1057,359,0.3855,0.0173,0.00663,-0.04,0.0071
2026-08-11 15:16:48,720.2,2026-08-11,735.0,0,0.03,0.03,11,1261,0.393,0.0131,0.00513,-0.03,0.0056
2026-08-11 15:17:50,720.27,2026-08-11,706.0,13.85,14.5,15.35,5,442,,,,,
2026-08-11 15:17:50,720.27,2026-08-11,707.0,13.06,13.77,14.3,9,283,0.4633,0.9591,0.01136,-0.145,0.0147
2026-08-11 15:17:50,720.27,2026-08-11,708.0,12.06,12.63,13.44,2,188,0.3783,0.9754,0.00912,-0.075,0.0096
2026-08-11 15:17:50,720.27,2026-08-11,709.0,11.1,11.43,12.53,2,263,,,,,
2026-08-11 15:17:50,720.27,2026-08-11,710.0,10.24,10.63,11.55,7,353,0.3876,0.9459,0.01698,-0.165,0.0183
2026-08-11 15:17:50,720.27,2026-08-11,711.0,9.11,9.44,10.45,37,84,,,,,
2026-08-11 15:17:50,720.27,2026-08-11,712.0,8.15,8.66,9.48,67,334,0.3111,0.9462,0.02107,-0.135,0.0183
2026-08-11 15:17:50,720.27,2026-08-11,713.0,7.23,7.62,8.88,2,1563,0.2908,0.9348,0.02619,-0.155,0.0212
2026-08-11 15:17:50,720.27,2026-08-11,714.0,6.28,6.44,7.23,28,642,0.2262,0.953,0.02599,-0.09,0.0164
2026-08-11 15:17:50,720.27,2026-08-11,715.0,5.34,5.67,5.85,406,1251,0.2558,0.8936,0.04301,-0.235,0.0306
2026-08-11 15:17:50,720.27,2026-08-11,716.0,4.49,4.67,4.42,536,1550,0.2413,0.8578,0.05586,-0.31,0.0375
2026-08-11 15:17:50,720.27,2026-08-11,717.0,3.47,3.59,3.59,150,633,0.1897,0.8515,0.07317,-0.26,0.0387
2026-08-11 15:17:50,720.27,2026-08-11,718.0,2.71,2.72,2.72,124,1091,0.1886,0.7672,0.09711,-0.445,0.051
2026-08-11 15:17:50,720.27,2026-08-11,719.0,2,2.08,2.08,1130,623,0.1949,0.6548,0.11331,-0.77,0.0615
2026-08-11 15:17:50,720.27,2026-08-11,720.0,1.41,1.43,1.47,35592,550,0.191,0.5367,0.12461,-1.15,0.0663
2026-08-11 15:17:50,720.27,2026-08-11,721.0,0.85,0.9,0.9,2125,571,0.1799,0.4069,0.12928,-0.875,0.0648
2026-08-11 15:17:50,720.27,2026-08-11,722.0,0.48,0.53,0.53,9000,935,0.1751,0.2797,0.11515,-0.505,0.0562
2026-08-11 15:17:50,720.27,2026-08-11,723.0,0.3,0.31,0.31,14025,1120,0.1808,0.1853,0.08855,-0.305,0.0446
2026-08-11 15:17:50,720.27,2026-08-11,724.0,0.17,0.18,0.18,33460,419,0.1854,0.116,0.06314,-0.175,0.0326
2026-08-11 15:17:50,720.27,2026-08-11,725.0,0.06,0.07,0.07,1145,1752,0.174,0.0531,0.03726,-0.065,0.0181
2026-08-11 15:17:50,720.27,2026-08-11,726.0,0.02,0.07,0.07,364,659,0.1892,0.0359,0.025,-0.045,0.0132
2026-08-11 15:17:50,720.27,2026-08-11,727.0,0.04,0.05,0.05,1540,760,0.2159,0.032,0.01993,-0.045,0.012
2026-08-11 15:17:50,720.27,2026-08-11,728.0,0.03,0.04,0.02,2623,436,0.2323,0.0241,0.0146,-0.035,0.0094
2026-08-11 15:17:50,720.27,2026-08-11,729.0,0.03,0.04,0.03,4428,901,0.2573,0.022,0.01222,-0.035,0.0088
2026-08-11 15:17:50,720.27,2026-08-11,730.0,0.03,0.04,0.02,167,4961,0.2818,0.0203,0.01042,-0.035,0.0082
2026-08-11 15:17:50,720.27,2026-08-11,731.0,0.03,0.04,0.03,48,405,0.3061,0.0188,0.00901,-0.035,0.0077
2026-08-11 15:17:50,720.27,2026-08-11,732.0,0.03,0.04,0.02,528,635,0.3301,0.0176,0.00789,-0.035,0.0073
2026-08-11 15:17:50,720.27,2026-08-11,733.0,0.01,0.02,0.02,1093,442,0.3162,0.0085,0.0044,-0.015,0.0039
2026-08-11 15:17:50,720.27,2026-08-11,734.0,0,0.01,0.04,1057,359,0.3845,0.0173,0.00668,-0.04,0.0072
2026-08-11 15:17:50,720.27,2026-08-11,735.0,0,0.03,0.03,11,1261,0.3921,0.0132,0.00517,-0.03,0.0056
2026-08-11 15:18:51,719.96,2026-08-11,705.0,14.82,15.69,16.11,65,257,0.6016,0.9354,0.0126,-0.3,0.021
2026-08-11 15:18:51,719.96,2026-08-11,706.0,13.71,14.07,15.35,5,442,,,,,
2026-08-11 15:18:51,719.96,2026-08-11,707.0,13.09,13.27,14.3,9,283,0.5021,0.942,0.01388,-0.225,0.0193
2026-08-11 15:18:51,719.96,2026-08-11,708.0,12.06,12.63,13.44,2,188,0.5412,0.9108,0.0179,-0.39,0.0269
2026-08-11 15:18:51,719.96,2026-08-11,709.0,11.1,11.43,12.53,2,263,0.4768,0.9189,0.01891,-0.31,0.025
2026-08-11 15:18:51,719.96,2026-08-11,710.0,9.84,10.17,11.55,7,353,0.2911,0.981,0.00956,-0.05,0.0077
2026-08-11 15:18:51,719.96,2026-08-11,711.0,9.11,9.39,10.45,37,84,0.4042,0.9109,0.02396,-0.295,0.0268
2026-08-11 15:18:51,719.96,2026-08-11,712.0,8.15,8.66,9.48,67,334,0.4195,0.8754,0.0294,-0.45,0.0342
2026-08-11 15:18:51,719.96,2026-08-11,713.0,7.23,7.62,8.88,2,1563,0.3876,0.8621,0.03413,-0.47,0.0367
2026-08-11 15:18:51,719.96,2026-08-11,714.0,6.28,6.44,7.23,28,642,0.3318,0.862,0.0399,-0.405,0.0367
2026-08-11 15:18:51,719.96,2026-08-11,715.0,5.11,5.51,5.85,406,1251,0.2801,0.8583,0.04811,-0.355,0.0374
2026-08-11 15:18:51,719.96,2026-08-11,716.0,4.29,4.39,4.42,536,1550,0.2484,0.8329,0.06051,-0.385,0.0417
2026-08-11 15:18:51,719.96,2026-08-11,717.0,3.47,3.59,3.59,150,633,0.2461,0.7671,0.07461,-0.575,0.0509
2026-08-11 15:18:51,719.96,2026-08-11,718.0,2.71,2.72,2.72,124,1091,0.2309,0.6971,0.09083,-0.76,0.0581
2026-08-11 15:18:51,719.96,2026-08-11,719.0,1.88,1.92,2.1,1133,623,0.2048,0.6131,0.11227,-0.945,0.0637
2026-08-11 15:18:51,719.96,2026-08-11,720.0,1.28,1.34,1.32,35610,550,0.1993,0.4975,0.12019,-1.31,0.0664
2026-08-11 15:18:51,719.96,2026-08-11,721.0,0.85,0.9,0.9,2126,571,0.1995,0.3794,0.11456,-0.875,0.0634
2026-08-11 15:18:51,719.96,2026-08-11,722.0,0.48,0.53,0.53,9195,935,0.1909,0.2627,0.1026,-0.505,0.0543
2026-08-11 15:18:51,719.96,2026-08-11,723.0,0.23,0.24,0.31,14227,1120,0.1772,0.1533,0.08019,-0.235,0.0394
2026-08-11 15:18:51,719.96,2026-08-11,724.0,0.15,0.16,0.16,33655,419,0.1903,0.1029,0.05653,-0.155,0.0298
2026-08-11 15:18:51,719.96,2026-08-11,725.0,0.06,0.07,0.07,1148,1752,0.1836,0.0508,0.03418,-0.065,0.0174
2026-08-11 15:18:51,719.96,2026-08-11,726.0,0.02,0.07,0.07,364,659,0.1981,0.0346,0.02319,-0.045,0.0127
2026-08-11 15:18:51,719.96,2026-08-11,727.0,0.01,0.02,0.05,1644,760,0.1899,0.0136,0.01098,-0.015,0.0058
2026-08-11 15:18:51,719.96,2026-08-11,728.0,0.03,0.04,0.02,2623,436,0.2407,0.0234,0.01377,-0.035,0.0092
2026-08-11 15:18:51,719.96,2026-08-11,729.0,0.03,0.04,0.02,4431,901,0.2656,0.0214,0.0116,-0.035,0.0085
2026-08-11 15:18:51,719.96,2026-08-11,730.0,0.03,0.04,0.02,167,4961,0.2902,0.0198,0.00994,-0.035,0.008
2026-08-11 15:18:51,719.96,2026-08-11,731.0,0.03,0.04,0.03,48,405,0.3144,0.0184,0.00863,-0.035,0.0075
2026-08-11 15:18:51,719.96,2026-08-11,732.0,0.01,0.04,0.02,528,635,0.3227,0.0133,0.00637,-0.025,0.0057
2026-08-11 15:18:51,719.96,2026-08-11,733.0,0.03,0.04,0.02,1093,442,0.362,0.0163,0.00673,-0.035,0.0068
2026-08-11 15:18:51,719.96,2026-08-11,734.0,0,0.01,0.04,1057,359,0.3929,0.017,0.00646,-0.04,0.007
2026-08-11 15:19:53,720.25,2026-08-11,706.0,13.69,14.49,15.35,5,442,,,,,
2026-08-11 15:19:53,720.25,2026-08-11,707.0,12.9,13.02,14.3,9,283,,,,,
2026-08-11 15:19:53,720.25,2026-08-11,708.0,12.06,12.63,13.44,2,188,0.3983,0.9695,0.01043,-0.095,0.0115
2026-08-11 15:19:53,720.25,2026-08-11,709.0,11.06,11.26,12.53,2,263,,,,,
2026-08-11 15:19:53,720.25,2026-08-11,710.0,9.7,10.3,11.55,7,353,,,,,
2026-08-11 15:19:53,720.25,2026-08-11,711.0,8.92,9.15,10.45,37,84,,,,,
2026-08-11 15:19:53,720.25,2026-08-11,712.0,8.07,8.21,9.48,67,334,,,,,
2026-08-11 15:19:53,720.25,2026-08-11,713.0,6.8,7.36,8.88,2,1563,,,,,
2026-08-11 15:19:53,720.25,2026-08-11,714.0,5.92,6.24,7.23,28,642,,,,,
2026-08-11 15:19:53,720.25,2026-08-11,715.0,5.11,5.29,5.85,406,1251,,,,,
2026-08-11 15:19:53,720.25,2026-08-11,716.0,4.29,4.37,4.42,536,1550,0.1617,0.9444,0.0417,-0.08,0.0186
2026-08-11 15:19:53,720.25,2026-08-11,717.0,3.43,3.52,3.59,150,633,0.1803,0.863,0.07314,-0.225,0.0365
2026-08-11 15:19:53,720.25,2026-08-11,718.0,2.69,2.73,2.72,128,1091,0.1913,0.7629,0.09706,-0.46,0.0513
2026-08-11 15:19:53,720.25,2026-08-11,719.0,1.9,1.92,1.97,1137,623,0.1764,0.6679,0.12376,-0.66,0.0604
2026-08-11 15:19:53,720.25,2026-08-11,720.0,1.32,1.33,1.33,35618,550,0.179,0.5365,0.1335,-1.075,0.0661
2026-08-11 15:19:53,720.25,2026-08-11,721.0,0.83,0.84,0.9,2126,571,0.1756,0.4016,0.13249,-0.835,0.0643
2026-08-11 15:19:53,720.25,2026-08-11,722.0,0.45,0.46,0.45,9338,935,0.1677,0.2679,0.11814,-0.455,0.0548
2026-08-11 15:19:53,720.25,2026-08-11,723.0,0.27,0.28,0.28,14512,1120,0.1754,0.1753,0.08848,-0.275,0.0429
2026-08-11 15:19:53,720.25,2026-08-11,724.0,0.11,0.12,0.16,33711,419,0.1666,0.0897,0.0585,-0.115,0.0269
2026-08-11 15:19:53,720.25,2026-08-11,725.0,0.05,0.1,0.07,1148,1752,0.1806,0.0584,0.03881,-0.075,0.0194
2026-08-11 15:19:53,720.25,2026-08-11,726.0,0.06,0.07,0.07,364,659,0.2041,0.0465,0.02865,-0.065,0.0162
2026-08-11 15:19:53,720.25,2026-08-11,727.0,0.04,0.05,0.05,1646,760,0.2172,0.0319,0.01984,-0.045,0.0119
2026-08-11 15:19:53,720.25,2026-08-11,728.0,0.03,0.04,0.02,2623,436,0.2337,0.024,0.01454,-0.035,0.0094
2026-08-11 15:19:53,720.25,2026-08-11,729.0,0.01,0.02,0.02,4431,901,0.2292,0.0115,0.00787,-0.015,0.005
2026-08-11 15:19:53,720.25,2026-08-11,730.0,0.03,0.04,0.02,167,4961,0.2834,0.0202,0.01038,-0.035,0.0081
2026-08-11 15:19:53,720.25,2026-08-11,731.0,0.01,0.04,0.03,48,405,0.2932,0.0145,0.00757,-0.025,0.0061
2026-08-11 15:19:53,720.25,2026-08-11,732.0,0.03,0.04,0.02,528,635,0.3318,0.0176,0.00787,-0.035,0.0072
2026-08-11 15:19:53,720.25,2026-08-11,733.0,0.03,0.04,0.02,1093,442,0.3555,0.0165,0.00697,-0.035,0.0069
2026-08-11 15:19:53,720.25,2026-08-11,734.0,0,0.03,0.04,1057,359,0.3864,0.0173,0.00666,-0.04,0.0071
2026-08-11 15:19:53,720.25,2026-08-11,735.0,0,0.03,0.03,11,1261,0.394,0.0131,0.00516,-0.03,0.0056
2026-08-11 15:20:54,720.12,2026-08-11,706.0,13.97,14.05,15.35,5,442,,,,,
2026-08-11 15:20:54,720.12,2026-08-11,707.0,12.96,13.55,14.3,9,283,0.4581,0.9598,0.01138,-0.14,0.0144
2026-08-11 15:20:54,720.12,2026-08-11,708.0,11.9,12.62,13.44,2,188,0.4326,0.9563,0.0129,-0.145,0.0154
2026-08-11 15:20:54,720.12,2026-08-11,709.0,11.23,11.4,12.53,2,263,0.4342,0.9408,0.01635,-0.2,0.0195
2026-08-11 15:20:54,720.12,2026-08-11,710.0,10.13,10.44,11.55,7,353,0.3879,0.944,0.01752,-0.17,0.0187
2026-08-11 15:20:54,720.12,2026-08-11,711.0,8.98,9.32,10.45,37,84,0.2491,0.987,0.0081,-0.035,0.0056
2026-08-11 15:20:54,720.12,2026-08-11,712.0,7.98,8.46,9.48,67,334,0.2907,0.9553,0.01954,-0.105,0.0156
2026-08-11 15:20:54,720.12,2026-08-11,713.0,7.18,7.39,8.88,2,1563,0.2945,0.9292,0.02771,-0.17,0.0225
2026-08-11 15:20:54,720.12,2026-08-11,714.0,6.2,6.55,7.23,28,642,0.2954,0.8961,0.03682,-0.26,0.0299
2026-08-11 15:20:54,720.12,2026-08-11,715.0,5.09,5.38,5.85,406,1251,0.2085,0.932,0.03795,-0.12,0.0218
2026-08-11 15:20:54,720.12,2026-08-11,716.0,4.2,4.48,4.33,536,1550,0.2128,0.8801,0.0566,-0.225,0.0332
2026-08-11 15:20:54,720.12,2026-08-11,717.0,3.55,3.62,3.59,150,633,0.2329,0.7924,0.07408,-0.47,0.0475
2026-08-11 15:20:54,720.12,2026-08-11,718.0,2.66,2.73,2.72,128,1091,0.2079,0.7327,0.09535,-0.58,0.0546
2026-08-11 15:20:54,720.12,2026-08-11,719.0,1.93,1.95,1.97,1137,623,0.196,0.637,0.11536,-0.825,0.0623
2026-08-11 15:20:54,720.12,2026-08-11,720.0,1.26,1.28,1.28,35674,550,0.1818,0.5182,0.13213,-1.155,0.0661
2026-08-11 15:20:54,720.12,2026-08-11,721.0,0.87,0.88,0.88,2153,571,0.1905,0.3927,0.12159,-0.875,0.0638
2026-08-11 15:20:54,720.12,2026-08-11,722.0,0.47,0.48,0.48,9443,935,0.1783,0.2647,0.11067,-0.475,0.0543
2026-08-11 15:20:54,720.12,2026-08-11,723.0,0.27,0.28,0.27,14628,1120,0.1813,0.1711,0.08449,-0.275,0.0422
2026-08-11 15:20:54,720.12,2026-08-11,724.0,0.15,0.16,0.16,33826,419,0.1855,0.1054,0.05924,-0.155,0.0303
2026-08-11 15:20:54,720.12,2026-08-11,725.0,0.09,0.1,0.1,1167,1752,0.1949,0.067,0.04016,-0.095,0.0216
2026-08-11 15:20:54,720.12,2026-08-11,726.0,0.06,0.07,0.07,369,659,0.2084,0.0457,0.02776,-0.065,0.0159
2026-08-11 15:20:54,720.12,2026-08-11,727.0,0.01,0.02,0.05,1666,760,0.1868,0.0138,0.01137,-0.015,0.0058
2026-08-11 15:20:54,720.12,2026-08-11,728.0,0.03,0.04,0.02,2623,436,0.2375,0.0237,0.01418,-0.035,0.0093
2026-08-11 15:20:54,720.12,2026-08-11,729.0,0.03,0.04,0.02,4473,901,0.2626,0.0217,0.01191,-0.035,0.0086
2026-08-11 15:20:54,720.12,2026-08-11,730.0,0.01,0.04,0.02,167,4961,0.2735,0.0155,0.00859,-0.025,0.0065
2026-08-11 15:20:54,720.12,2026-08-11,731.0,0.03,0.04,0.03,48,405,0.3116,0.0186,0.00882,-0.035,0.0076
2026-08-11 15:20:54,720.12,2026-08-11,732.0,0.01,0.04,0.02,528,635,0.3201,0.0135,0.0065,-0.025,0.0057
2026-08-11 15:20:54,720.12,2026-08-11,733.0,0.03,0.04,0.02,1093,442,0.3595,0.0164,0.00686,-0.035,0.0068
2026-08-11 15:20:54,720.12,2026-08-11,734.0,0,0.01,0.04,1057,359,0.3904,0.0172,0.00657,-0.04,0.0071
2026-08-11 15:20:54,720.12,2026-08-11,735.0,0,0.01,0.01,133,1261,0.3478,0.0054,0.0027,-0.01,0.0026
2026-08-11 15:21:55,720.5,2026-08-11,706.0,14.14,14.58,15.35,5,442,,,,,
2026-08-11 15:21:55,720.5,2026-08-11,707.0,12.87,13.19,14.3,9,283,,,,,
2026-08-11 15:21:55,720.5,2026-08-11,708.0,11.9,12.62,13.44,2,188,,,,,
2026-08-11 15:21:55,720.5,2026-08-11,709.0,11.23,11.4,12.53,2,263,,,,,
2026-08-11 15:21:55,720.5,2026-08-11,710.0,10.01,10.49,11.55,7,353,,,,,
2026-08-11 15:21:55,720.5,2026-08-11,711.0,9.28,9.64,10.45,37,84,,,,,
2026-08-11 15:21:55,720.5,2026-08-11,712.0,7.98,8.46,9.48,67,334,,,,,
2026-08-11 15:21:55,720.5,2026-08-11,713.0,7.18,7.39,8.88,2,1563,,,,,
2026-08-11 15:21:55,720.5,2026-08-11,714.0,6.14,6.53,7.23,28,642,,,,,
2026-08-11 15:21:55,720.5,2026-08-11,715.0,5.3,5.59,5.41,410,1251,,,,,
2026-08-11 15:21:55,720.5,2026-08-11,716.0,4.42,4.69,4.33,537,1550,0.154,0.9622,0.03226,-0.055,0.0136
2026-08-11 15:21:55,720.5,2026-08-11,717.0,3.55,3.62,3.59,150,633,0.1418,0.9334,0.05498,-0.085,0.0214
2026-08-11 15:21:55,720.5,2026-08-11,718.0,2.66,2.73,2.72,128,1091,0.1442,0.8547,0.09554,-0.195,0.0378
2026-08-11 15:21:55,720.5,2026-08-11,719.0,2.1,2.12,1.97,1137,623,0.1821,0.6932,0.11635,-0.61,0.0582
2026-08-11 15:21:55,720.5,2026-08-11,720.0,1.42,1.44,1.45,35795,550,0.1745,0.5717,0.1357,-0.93,0.065
2026-08-11 15:21:55,720.5,2026-08-11,721.0,0.87,0.88,0.88,2158,571,0.1663,0.4311,0.14258,-0.875,0.0651
2026-08-11 15:21:55,720.5,2026-08-11,722.0,0.46,0.51,0.51,9444,935,0.1612,0.2901,0.12818,-0.485,0.0567
2026-08-11 15:21:55,720.5,2026-08-11,723.0,0.26,0.31,0.31,14636,1120,0.168,0.1871,0.09655,-0.285,0.0445
2026-08-11 15:21:55,720.5,2026-08-11,724.0,0.12,0.17,0.17,34573,419,0.1691,0.1078,0.06614,-0.145,0.0307
2026-08-11 15:21:55,720.5,2026-08-11,725.0,0.09,0.1,0.1,1167,1752,0.1832,0.0707,0.04459,-0.095,0.0224
2026-08-11 15:21:55,720.5,2026-08-11,726.0,0.06,0.07,0.07,369,659,0.1976,0.0479,0.03043,-0.065,0.0165
2026-08-11 15:21:55,720.5,2026-08-11,727.0,0.01,0.05,0.05,1666,760,0.1974,0.0244,0.0175,-0.03,0.0095
2026-08-11 15:21:55,720.5,2026-08-11,728.0,0.03,0.04,0.02,2629,436,0.2281,0.0246,0.01525,-0.035,0.0096
2026-08-11 15:21:55,720.5,2026-08-11,729.0,0.01,0.04,0.02,4476,901,0.2408,0.0174,0.01077,-0.025,0.0071
2026-08-11 15:21:55,720.5,2026-08-11,730.0,0.01,0.04,0.02,167,4961,0.2647,0.016,0.00912,-0.025,0.0066
2026-08-11 15:21:55,720.5,2026-08-11,731.0,0.01,0.04,0.03,48,405,0.2883,0.0148,0.00784,-0.025,0.0062
2026-08-11 15:21:55,720.5,2026-08-11,732.0,0.01,0.04,0.02,528,635,0.3116,0.0138,0.00683,-0.025,0.0058
2026-08-11 15:21:55,720.5,2026-08-11,733.0,0.01,0.04,0.02,1093,442,0.3347,0.013,0.00602,-0.025,0.0055
2026-08-11 15:21:55,720.5,2026-08-11,734.0,0,0.01,0.04,1057,359,0.3817,0.0176,0.00685,-0.04,0.0072
2026-08-11 15:21:55,720.5,2026-08-11,735.0,0,0.01,0.01,133,1261,0.3403,0.0056,0.00282,-0.01,0.0026
2026-08-11 15:22:57,720.8,2026-08-11,706.0,14.28,14.92,15.35,5,442,,,,,
2026-08-11 15:22:57,720.8,2026-08-11,707.0,13.54,13.62,14.3,9,283,,,,,
2026-08-11 15:22:57,720.8,2026-08-11,708.0,12.18,12.78,13.44,2,188,,,,,
2026-08-11 15:22:57,720.8,2026-08-11,709.0,11.57,11.85,12.53,2,263,,,,,
2026-08-11 15:22:57,720.8,2026-08-11,710.0,10.25,10.87,11.55,7,353,,,,,
2026-08-11 15:22:57,720.8,2026-08-11,711.0,9.42,9.66,10.45,37,84,,,,,
2026-08-11 15:22:57,720.8,2026-08-11,712.0,8.26,8.87,9.48,67,334,,,,,
2026-08-11 15:22:57,720.8,2026-08-11,713.0,7.45,7.68,8.88,2,1563,,,,,
2026-08-11 15:22:57,720.8,2026-08-11,714.0,6.54,6.88,7.23,28,642,,,,,
2026-08-11 15:22:57,720.8,2026-08-11,715.0,5.48,5.72,5.48,415,1251,,,,,
2026-08-11 15:22:57,720.8,2026-08-11,716.0,4.61,4.9,4.33,537,1550,,,,,
2026-08-11 15:22:57,720.8,2026-08-11,717.0,3.79,3.95,3.59,150,633,0.1436,0.9465,0.04579,-0.07,0.018
2026-08-11 15:22:57,720.8,2026-08-11,718.0,3,3.1,2.72,128,1091,0.1703,0.8421,0.08558,-0.25,0.0399
2026-08-11 15:22:57,720.8,2026-08-11,719.0,2.19,2.23,2.26,1192,623,0.1614,0.7526,0.11831,-0.41,0.0523
2026-08-11 15:22:57,720.8,2026-08-11,720.0,1.52,1.58,1.58,36174,550,0.1658,0.6178,0.13905,-0.75,0.0631
2026-08-11 15:22:57,720.8,2026-08-11,721.0,1,1.01,0.88,2338,571,0.1657,0.4741,0.14514,-1.005,0.0659
2026-08-11 15:22:57,720.8,2026-08-11,722.0,0.59,0.6,0.56,9895,935,0.1643,0.3325,0.13358,-0.595,0.0601
2026-08-11 15:22:57,720.8,2026-08-11,723.0,0.32,0.33,0.33,15258,1120,0.164,0.2115,0.1066,-0.325,0.0479
2026-08-11 15:22:57,720.8,2026-08-11,724.0,0.13,0.14,0.14,35053,419,0.1556,0.109,0.07254,-0.135,0.0309
2026-08-11 15:22:57,720.8,2026-08-11,725.0,0.09,0.1,0.1,1193,1752,0.174,0.074,0.04865,-0.095,0.0232
2026-08-11 15:22:57,720.8,2026-08-11,726.0,0.06,0.07,0.06,381,659,0.1893,0.0498,0.03282,-0.065,0.017
2026-08-11 15:22:57,720.8,2026-08-11,727.0,0.04,0.05,0.04,1681,760,0.2035,0.034,0.02238,-0.045,0.0125
2026-08-11 15:22:57,720.8,2026-08-11,728.0,0.03,0.04,0.03,2644,436,0.2208,0.0254,0.01619,-0.035,0.0098
2026-08-11 15:22:57,720.8,2026-08-11,729.0,0.03,0.04,0.03,4487,901,0.2461,0.023,0.01339,-0.035,0.009
2026-08-11 15:22:57,720.8,2026-08-11,730.0,0.01,0.04,0.02,167,4961,0.2579,0.0164,0.00957,-0.025,0.0068
2026-08-11 15:22:57,720.8,2026-08-11,731.0,0.03,0.04,0.02,58,405,0.2958,0.0196,0.00971,-0.035,0.0079
2026-08-11 15:22:57,720.8,2026-08-11,732.0,0.01,0.02,0.02,528,635,0.2853,0.0095,0.00537,-0.015,0.0042
2026-08-11 15:22:57,720.8,2026-08-11,733.0,0.01,0.04,0.03,1107,442,0.3283,0.0132,0.00624,-0.025,0.0056
2026-08-11 15:22:57,720.8,2026-08-11,734.0,0,0.03,0.01,2,359,0.3138,0.006,0.00327,-0.01,0.0028
2026-08-11 15:22:57,720.8,2026-08-11,735.0,0,0.01,0.01,133,1261,0.3346,0.0057,0.00292,-0.01,0.0027
2026-08-11 15:23:58,720.39,2026-08-11,706.0,14.53,14.91,15.35,5,442,0.6005,0.9299,0.01356,-0.325,0.0222
2026-08-11 15:23:58,720.39,2026-08-11,707.0,13.63,13.76,14.3,9,283,0.5569,0.9304,0.01454,-0.3,0.0221
2026-08-11 15:23:58,720.39,2026-08-11,708.0,12.18,12.78,13.44,2,188,0.3961,0.9725,0.00968,-0.085,0.0104
2026-08-11 15:23:58,720.39,2026-08-11,709.0,11.41,11.96,12.53,2,263,0.4873,0.9244,0.0177,-0.29,0.0235
2026-08-11 15:23:58,720.39,2026-08-11,710.0,10.52,10.79,10.5,8,353,0.4417,0.9255,0.01931,-0.26,0.0232
2026-08-11 15:23:58,720.39,2026-08-11,711.0,9.41,9.68,10.45,37,84,0.3571,0.9464,0.01849,-0.15,0.018
2026-08-11 15:23:58,720.39,2026-08-11,712.0,8.39,8.86,9.48,67,334,0.3635,0.9214,0.02446,-0.23,0.0242
2026-08-11 15:23:58,720.39,2026-08-11,713.0,7.42,7.79,8.88,2,1563,0.3222,0.9198,0.02799,-0.21,0.0246
2026-08-11 15:23:58,720.39,2026-08-11,714.0,6.57,6.78,7.23,28,642,0.3135,0.8939,0.03539,-0.28,0.0302
2026-08-11 15:23:58,720.39,2026-08-11,715.0,5.48,5.82,5.76,426,1251,0.2697,0.8893,0.04241,-0.255,0.0312
2026-08-11 15:23:58,720.39,2026-08-11,716.0,4.53,4.69,4.83,542,1550,0.221,0.8879,0.05225,-0.215,0.0315
2026-08-11 15:23:58,720.39,2026-08-11,717.0,3.81,3.93,3.59,150,633,0.2475,0.7995,0.06863,-0.475,0.0463
2026-08-11 15:23:58,720.39,2026-08-11,718.0,2.93,2.96,3.02,132,1091,0.217,0.7507,0.08857,-0.55,0.0524
2026-08-11 15:23:58,720.39,2026-08-11,719.0,2.15,2.18,2.26,1199,623,0.2041,0.6633,0.10832,-0.77,0.0603
2026-08-11 15:23:58,720.39,2026-08-11,720.0,1.44,1.46,1.49,36826,550,0.1873,0.5538,0.12782,-1.055,0.0653
2026-08-11 15:23:58,720.39,2026-08-11,721.0,0.95,1,1,2404,571,0.1893,0.4262,0.12546,-0.975,0.0647
2026-08-11 15:23:58,720.39,2026-08-11,722.0,0.51,0.52,0.55,10150,935,0.1725,0.2893,0.12009,-0.515,0.0564
2026-08-11 15:23:58,720.39,2026-08-11,723.0,0.26,0.31,0.33,15697,1120,0.173,0.1834,0.09293,-0.285,0.0438
2026-08-11 15:23:58,720.39,2026-08-11,724.0,0.17,0.18,0.14,35482,419,0.1829,0.1183,0.0656,-0.175,0.0327
2026-08-11 15:23:58,720.39,2026-08-11,725.0,0.05,0.06,0.06,1228,1752,0.1665,0.0482,0.03646,-0.055,0.0165
2026-08-11 15:23:58,720.39,2026-08-11,726.0,0.02,0.03,0.03,387,659,0.17,0.0238,0.01996,-0.025,0.0092
2026-08-11 15:23:58,720.39,2026-08-11,727.0,0.04,0.05,0.04,1705,760,0.2149,0.0324,0.02046,-0.045,0.012
2026-08-11 15:23:58,720.39,2026-08-11,728.0,0.03,0.04,0.03,2665,436,0.2317,0.0243,0.01495,-0.035,0.0094
2026-08-11 15:23:58,720.39,2026-08-11,729.0,0.01,0.02,0.03,4498,901,0.2276,0.0116,0.00808,-0.015,0.005
2026-08-11 15:23:58,720.39,2026-08-11,730.0,0.03,0.04,0.02,167,4961,0.2818,0.0205,0.01062,-0.035,0.0082
2026-08-11 15:23:58,720.39,2026-08-11,731.0,0.03,0.04,0.02,58,405,0.3064,0.019,0.00917,-0.035,0.0077
2026-08-11 15:23:58,720.39,2026-08-11,732.0,0.03,0.04,0.02,528,635,0.3307,0.0178,0.00802,-0.035,0.0072
2026-08-11 15:23:58,720.39,2026-08-11,733.0,0.03,0.04,0.03,1107,442,0.3547,0.0167,0.00709,-0.035,0.0069
2026-08-11 15:23:58,720.39,2026-08-11,734.0,0,0.03,0.01,2,359,0.323,0.0059,0.00312,-0.01,0.0027
2026-08-11 15:23:58,720.39,2026-08-11,735.0,0,0.03,0.01,133,1261,0.3438,0.0055,0.00279,-0.01,0.0026
2026-08-11 15:25:00,720.03,2026-08-11,706.0,13.98,14.57,15.35,5,442,0.5493,0.9424,0.01276,-0.24,0.019
2026-08-11 15:25:00,720.03,2026-08-11,707.0,12.94,13.21,14.3,9,283,0.3545,0.9881,0.00532,-0.04,0.0051
2026-08-11 15:25:00,720.03,2026-08-11,708.0,12.38,12.47,13.44,2,188,0.55,0.9112,0.01776,-0.39,0.0265
2026-08-11 15:25:00,720.03,2026-08-11,709.0,11.28,11.75,12.53,2,263,0.5465,0.8932,0.02046,-0.48,0.0303
2026-08-11 15:25:00,720.03,2026-08-11,710.0,10.01,10.28,10.5,8,353,0.352,0.9599,0.01488,-0.11,0.0142
2026-08-11 15:25:00,720.03,2026-08-11,711.0,9.11,9.55,10.45,37,84,0.4115,0.9113,0.02371,-0.295,0.0265
2026-08-11 15:25:00,720.03,2026-08-11,712.0,8.35,8.89,9.48,67,334,0.4652,0.8559,0.02962,-0.585,0.0374
2026-08-11 15:25:00,720.03,2026-08-11,713.0,7.41,7.5,8.88,2,1563,0.3809,0.8716,0.03344,-0.42,0.0345
2026-08-11 15:25:00,720.03,2026-08-11,714.0,6.38,6.79,7.23,28,642,0.3764,0.8376,0.03964,-0.55,0.0405
2026-08-11 15:25:00,720.03,2026-08-11,715.0,5.23,5.29,5.69,446,1251,0.2477,0.8935,0.04503,-0.225,0.0303
2026-08-11 15:25:00,720.03,2026-08-11,716.0,4.23,4.46,4.43,574,1550,0.2354,0.8532,0.05926,-0.31,0.0378
2026-08-11 15:25:00,720.03,2026-08-11,717.0,3.69,3.73,3.59,150,633,0.2722,0.7534,0.07037,-0.675,0.052
2026-08-11 15:25:00,720.03,2026-08-11,718.0,2.78,2.8,3.02,134,1091,0.2368,0.7017,0.08891,-0.755,0.0571
2026-08-11 15:25:00,720.03,2026-08-11,719.0,2.08,2.1,2.1,1323,623,0.2294,0.6106,0.10149,-1.055,0.0632
2026-08-11 15:25:00,720.03,2026-08-11,720.0,1.23,1.28,1.32,37535,550,0.1871,0.5075,0.12945,-1.22,0.0657
2026-08-11 15:25:00,720.03,2026-08-11,721.0,0.9,0.91,1,2404,571,0.2016,0.3885,0.11541,-0.905,0.0631
2026-08-11 15:25:00,720.03,2026-08-11,722.0,0.52,0.53,0.55,10324,935,0.1928,0.2707,0.10428,-0.525,0.0545
2026-08-11 15:25:00,720.03,2026-08-11,723.0,0.25,0.3,0.33,15797,1120,0.1859,0.1687,0.08227,-0.275,0.0415
2026-08-11 15:25:00,720.03,2026-08-11,724.0,0.14,0.15,0.15,36328,419,0.1863,0.1,0.05721,-0.145,0.0289
2026-08-11 15:25:00,720.03,2026-08-11,725.0,0.09,0.1,0.06,1228,1752,0.1988,0.0663,0.03933,-0.095,0.0212
2026-08-11 15:25:00,720.03,2026-08-11,726.0,0.06,0.07,0.03,387,659,0.2122,0.0453,0.02725,-0.065,0.0157
2026-08-11 15:25:00,720.03,2026-08-11,727.0,0.04,0.05,0.04,1706,760,0.2251,0.0312,0.01898,-0.045,0.0116
2026-08-11 15:25:00,720.03,2026-08-11,728.0,0.01,0.04,0.03,2678,436,0.2293,0.0183,0.01187,-0.025,0.0074
2026-08-11 15:25:00,720.03,2026-08-11,729.0,0.01,0.04,0.03,4612,901,0.2535,0.0167,0.00995,-0.025,0.0068
2026-08-11 15:25:00,720.03,2026-08-11,730.0,0.03,0.04,0.02,167,4961,0.2914,0.0199,0.01005,-0.035,0.0079
2026-08-11 15:25:00,720.03,2026-08-11,731.0,0.01,0.04,0.02,58,405,0.301,0.0143,0.00734,-0.025,0.006
2026-08-11 15:25:00,720.03,2026-08-11,732.0,0.01,0.04,0.02,528,635,0.3244,0.0134,0.00643,-0.025,0.0057
2026-08-11 15:25:00,720.03,2026-08-11,733.0,0.03,0.04,0.03,1113,442,0.3641,0.0163,0.0068,-0.035,0.0067
2026-08-11 15:25:00,720.03,2026-08-11,734.0,0,0.01,0.01,2,359,0.3313,0.0057,0.00299,-0.01,0.0027
2026-08-11 15:25:00,720.03,2026-08-11,735.0,0,0.01,0.01,133,1261,0.3521,0.0054,0.00268,-0.01,0.0026
2026-08-11 15:26:02,720.0,2026-08-11,705.0,15.02,15.62,16.11,65,257,0.6205,0.9325,0.0128,-0.32,0.0215
2026-08-11 15:26:02,720.0,2026-08-11,706.0,13.62,14.29,15.35,5,442,,,,,
2026-08-11 15:26:02,720.0,2026-08-11,707.0,12.7,13.45,14.3,9,283,0.4039,0.9763,0.00841,-0.075,0.0092
2026-08-11 15:26:02,720.0,2026-08-11,708.0,12.21,12.37,13.44,2,188,0.5094,0.9269,0.01658,-0.29,0.0228
2026-08-11 15:26:02,720.0,2026-08-11,709.0,10.82,11.5,12.53,2,263,0.413,0.9495,0.01532,-0.16,0.0171
2026-08-11 15:26:02,720.0,2026-08-11,710.0,9.73,10.18,10.5,8,353,,,,,
2026-08-11 15:26:02,720.0,2026-08-11,711.0,8.91,9.47,10.45,37,84,0.367,0.9343,0.02121,-0.19,0.021
2026-08-11 15:26:02,720.0,2026-08-11,712.0,8.06,8.51,9.48,67,334,0.373,0.9064,0.02726,-0.285,0.0275
2026-08-11 15:26:02,720.0,2026-08-11,713.0,7.17,7.42,8.88,2,1563,0.3415,0.8962,0.03214,-0.295,0.0297
2026-08-11 15:26:02,720.0,2026-08-11,714.0,6.04,6.28,7.23,28,642,0.2569,0.9242,0.03381,-0.16,0.0235
2026-08-11 15:26:02,720.0,2026-08-11,715.0,5.07,5.17,5.22,446,1251,0.2069,0.9309,0.0391,-0.12,0.0219
2026-08-11 15:26:02,720.0,2026-08-11,716.0,4.15,4.3,4.3,575,1550,0.2107,0.8781,0.05842,-0.225,0.0333
2026-08-11 15:26:02,720.0,2026-08-11,717.0,3.39,3.47,3.59,150,633,0.2215,0.7975,0.07748,-0.43,0.0464
2026-08-11 15:26:02,720.0,2026-08-11,718.0,2.5,2.58,2.8,134,1091,0.1968,0.7344,0.10135,-0.54,0.0539
2026-08-11 15:26:02,720.0,2026-08-11,719.0,1.82,1.85,1.93,1323,623,0.1926,0.6268,0.11957,-0.835,0.0622
2026-08-11 15:26:02,720.0,2026-08-11,720.0,1.18,1.23,1.19,37913,550,0.1825,0.503,0.13297,-1.205,0.0656
2026-08-11 15:26:02,720.0,2026-08-11,721.0,0.79,0.8,1,2404,571,0.1866,0.3751,0.12363,-0.795,0.0623
2026-08-11 15:26:02,720.0,2026-08-11,722.0,0.39,0.4,0.53,10324,935,0.1702,0.2401,0.11112,-0.395,0.0511
2026-08-11 15:26:02,720.0,2026-08-11,723.0,0.2,0.25,0.26,15797,1120,0.1751,0.1509,0.08134,-0.225,0.0385
2026-08-11 15:26:02,720.0,2026-08-11,724.0,0.1,0.11,0.11,36437,419,0.1729,0.0814,0.05299,-0.105,0.0248
2026-08-11 15:26:02,720.0,2026-08-11,725.0,0.09,0.1,0.06,1228,1752,0.2003,0.066,0.03898,-0.095,0.0211
2026-08-11 15:26:02,720.0,2026-08-11,726.0,0.06,0.07,0.03,387,659,0.2136,0.0451,0.02704,-0.065,0.0156
2026-08-11 15:26:02,720.0,2026-08-11,727.0,0.04,0.05,0.04,1706,760,0.2264,0.0311,0.01884,-0.045,0.0115
2026-08-11 15:26:02,720.0,2026-08-11,728.0,0.01,0.02,0.03,2692,436,0.2146,0.0123,0.00904,-0.015,0.0052
2026-08-11 15:26:02,720.0,2026-08-11,729.0,0.03,0.04,0.02,4625,901,0.268,0.0215,0.01168,-0.035,0.0085
2026-08-11 15:26:02,720.0,2026-08-11,730.0,0.03,0.04,0.02,167,4961,0.2928,0.0199,0.01,-0.035,0.0079
2026-08-11 15:26:02,720.0,2026-08-11,731.0,0.03,0.04,0.02,58,405,0.3174,0.0185,0.00868,-0.035,0.0074
2026-08-11 15:26:02,720.0,2026-08-11,732.0,0.03,0.04,0.02,528,635,0.3416,0.0173,0.00763,-0.035,0.007
2026-08-11 15:26:02,720.0,2026-08-11,733.0,0.03,0.04,0.03,1113,442,0.3656,0.0163,0.00677,-0.035,0.0067
2026-08-11 15:26:02,720.0,2026-08-11,734.0,0,0.01,0.01,2,359,0.3327,0.0057,0.00298,-0.01,0.0027
2026-08-11 15:26:02,720.0,2026-08-11,735.0,0,0.01,0.01,133,1261,0.3535,0.0054,0.00267,-0.01,0.0026
2026-08-11 15:27:03,720.31,2026-08-11,706.0,14.3,14.39,15.35,5,442,0.3751,0.9907,0.00405,-0.035,0.0041
2026-08-11 15:27:03,720.31,2026-08-11,707.0,13.16,13.4,14.3,9,283,,,,,
2026-08-11 15:27:03,720.31,2026-08-11,708.0,12.44,12.77,13.44,2,188,0.5225,0.9273,0.01613,-0.295,0.0227
2026-08-11 15:27:03,720.31,2026-08-11,709.0,11,11.51,12.53,2,263,,,,,
2026-08-11 15:27:03,720.31,2026-08-11,710.0,10.09,10.55,10.5,8,353,,,,,
2026-08-11 15:27:03,720.31,2026-08-11,711.0,9.11,9.56,10.45,37,84,0.2341,0.9928,0.00522,-0.025,0.0033
2026-08-11 15:27:03,720.31,2026-08-11,712.0,8.08,8.38,9.48,67,334,,,,,
2026-08-11 15:27:03,720.31,2026-08-11,713.0,7.17,7.44,8.88,2,1563,,,,,
2026-08-11 15:27:03,720.31,2026-08-11,714.0,6.15,6.46,7.23,28,642,,,,,
2026-08-11 15:27:03,720.31,2026-08-11,715.0,5.35,5.68,5.22,447,1251,0.2514,0.9029,0.04162,-0.205,0.0282
2026-08-11 15:27:03,720.31,2026-08-11,716.0,4.42,4.53,4.3,580,1550,0.2025,0.9046,0.05103,-0.165,0.0278
2026-08-11 15:27:03,720.31,2026-08-11,717.0,3.59,3.67,3.59,150,633,0.2098,0.8341,0.07234,-0.32,0.0409
2026-08-11 15:27:03,720.31,2026-08-11,718.0,2.69,2.77,2.81,184,1091,0.1887,0.7747,0.09691,-0.42,0.0493
2026-08-11 15:27:03,720.31,2026-08-11,719.0,1.99,2.02,2.05,1421,623,0.188,0.6672,0.11775,-0.695,0.0596
2026-08-11 15:27:03,720.31,2026-08-11,720.0,1.34,1.36,1.32,38548,550,0.1802,0.5447,0.13402,-1.04,0.0651
2026-08-11 15:27:03,720.31,2026-08-11,721.0,0.8,0.86,1,2672,571,0.1733,0.4072,0.13644,-0.83,0.0637
2026-08-11 15:27:03,720.31,2026-08-11,722.0,0.44,0.49,0.49,10979,935,0.1687,0.2737,0.12018,-0.465,0.0546
2026-08-11 15:27:03,720.31,2026-08-11,723.0,0.23,0.24,0.28,16038,1120,0.1656,0.1636,0.0908,-0.235,0.0405
2026-08-11 15:27:03,720.31,2026-08-11,724.0,0.11,0.12,0.15,37064,419,0.1668,0.0906,0.05964,-0.115,0.0268
2026-08-11 15:27:03,720.31,2026-08-11,725.0,0.04,0.09,0.06,1319,1752,0.1758,0.0534,0.03767,-0.065,0.0178
2026-08-11 15:27:03,720.31,2026-08-11,726.0,0.06,0.07,0.03,389,659,0.205,0.0468,0.02906,-0.065,0.0161
2026-08-11 15:27:03,720.31,2026-08-11,727.0,0.04,0.05,0.04,1709,760,0.2185,0.0321,0.02009,-0.045,0.0118
2026-08-11 15:27:03,720.31,2026-08-11,728.0,0.03,0.04,0.03,2720,436,0.2352,0.0242,0.01471,-0.035,0.0093
2026-08-11 15:27:03,720.31,2026-08-11,729.0,0.01,0.02,0.02,4628,901,0.2309,0.0115,0.00796,-0.015,0.0049
2026-08-11 15:27:03,720.31,2026-08-11,730.0,0.01,0.04,0.02,176,4961,0.2718,0.0157,0.00885,-0.025,0.0065
2026-08-11 15:27:03,720.31,2026-08-11,731.0,0.03,0.04,0.02,58,405,0.3102,0.0189,0.00906,-0.035,0.0076
2026-08-11 15:27:03,720.31,2026-08-11,732.0,0.03,0.04,0.02,528,635,0.3346,0.0177,0.00793,-0.035,0.0072
2026-08-11 15:27:03,720.31,2026-08-11,733.0,0,0.01,0.03,1127,442,0.351,0.0148,0.00648,-0.03,0.0061
2026-08-11 15:27:03,720.31,2026-08-11,734.0,0,0.01,0.01,2,359,0.3267,0.0058,0.00309,-0.01,0.0027
2026-08-11 15:27:03,720.31,2026-08-11,735.0,0,0.03,0.01,133,1261,0.3476,0.0055,0.00276,-0.01,0.0026
2026-08-11 15:28:05,720.16,2026-08-11,706.0,14.11,14.51,15.35,5,442,0.4984,0.9608,0.01038,-0.145,0.0139
2026-08-11 15:28:05,720.16,2026-08-11,707.0,13.21,13.3,14.3,9,283,0.4252,0.9723,0.00916,-0.09,0.0104
2026-08-11 15:28:05,720.16,2026-08-11,708.0,12.07,12.23,13.44,2,188,,,,,
2026-08-11 15:28:05,720.16,2026-08-11,709.0,10.96,11.64,12.53,2,263,0.404,0.9561,0.01403,-0.135,0.0152
2026-08-11 15:28:05,720.16,2026-08-11,710.0,10.15,10.44,10.5,8,353,0.3712,0.9545,0.01572,-0.13,0.0157
2026-08-11 15:28:05,720.16,2026-08-11,711.0,9.1,9.35,10.45,37,84,0.2877,0.9752,0.01231,-0.06,0.0095
2026-08-11 15:28:05,720.16,2026-08-11,712.0,8.16,8.41,9.48,67,334,0.3055,0.9503,0.02052,-0.12,0.0168
2026-08-11 15:28:05,720.16,2026-08-11,713.0,7.25,7.38,8.88,2,1563,0.2908,0.9356,0.02644,-0.15,0.0206
2026-08-11 15:28:05,720.16,2026-08-11,714.0,6.29,6.62,7.23,28,642,0.3111,0.8891,0.03712,-0.29,0.031
2026-08-11 15:28:05,720.16,2026-08-11,715.0,5.21,5.39,5.58,447,1251,0.2197,0.9261,0.0389,-0.135,0.0229
2026-08-11 15:28:05,720.16,2026-08-11,716.0,4.28,4.42,4.55,596,1550,0.2047,0.8948,0.05428,-0.185,0.0298
2026-08-11 15:28:05,720.16,2026-08-11,717.0,3.43,3.48,3.59,150,633,0.1969,0.8391,0.07572,-0.29,0.04
2026-08-11 15:28:05,720.16,2026-08-11,718.0,2.63,2.65,2.67,207,1091,0.1932,0.7557,0.09919,-0.475,0.0514
2026-08-11 15:28:05,720.16,2026-08-11,719.0,1.85,1.86,1.91,1481,623,0.1793,0.657,0.12514,-0.69,0.0602
2026-08-11 15:28:05,720.16,2026-08-11,720.0,1.25,1.26,1.28,38897,550,0.1779,0.5256,0.13664,-1.09,0.0652
2026-08-11 15:28:05,720.16,2026-08-11,721.0,0.74,0.75,0.79,2844,571,0.1692,0.3846,0.13785,-0.745,0.0626
2026-08-11 15:28:05,720.16,2026-08-11,722.0,0.44,0.45,0.42,11405,935,0.1725,0.2608,0.11495,-0.445,0.0532
2026-08-11 15:28:05,720.16,2026-08-11,723.0,0.25,0.26,0.22,16390,1120,0.1768,0.1661,0.0861,-0.255,0.0408
2026-08-11 15:28:05,720.16,2026-08-11,724.0,0.14,0.15,0.15,37114,419,0.1828,0.102,0.05948,-0.145,0.0292
2026-08-11 15:28:05,720.16,2026-08-11,725.0,0.04,0.09,0.09,1349,1752,0.1805,0.0523,0.03617,-0.065,0.0175
2026-08-11 15:28:05,720.16,2026-08-11,726.0,0.06,0.07,0.06,400,659,0.2097,0.046,0.02808,-0.065,0.0158
2026-08-11 15:28:05,720.16,2026-08-11,727.0,0.04,0.05,0.04,1714,760,0.2228,0.0317,0.01949,-0.045,0.0117
2026-08-11 15:28:05,720.16,2026-08-11,728.0,0.03,0.04,0.03,2756,436,0.2394,0.0238,0.01431,-0.035,0.0092
2026-08-11 15:28:05,720.16,2026-08-11,729.0,0.01,0.04,0.02,4668,901,0.2518,0.0169,0.01017,-0.025,0.0069
2026-08-11 15:28:05,720.16,2026-08-11,730.0,0.01,0.04,0.02,176,4961,0.2758,0.0156,0.00865,-0.025,0.0064
2026-08-11 15:28:05,720.16,2026-08-11,731.0,0.01,0.02,0.02,58,405,0.28,0.0097,0.00566,-0.015,0.0043
2026-08-11 15:28:05,720.16,2026-08-11,732.0,0.03,0.04,0.02,528,635,0.3388,0.0175,0.00779,-0.035,0.0071
2026-08-11 15:28:05,720.16,2026-08-11,733.0,0,0.01,0.01,1129,442,0.3093,0.0061,0.00342,-0.01,0.0028
2026-08-11 15:28:05,720.16,2026-08-11,734.0,0,0.01,0.01,2,359,0.3304,0.0058,0.00304,-0.01,0.0027
2026-08-11 15:28:05,720.16,2026-08-11,735.0,0,0.03,0.01,133,1261,0.3513,0.0055,0.00272,-0.01,0.0026
2026-08-11 15:29:06,720.01,2026-08-11,706.0,13.78,14.12,15.35,5,442,,,,,
2026-08-11 15:29:06,720.01,2026-08-11,707.0,13.03,13.35,14.3,9,283,0.4882,0.9508,0.01276,-0.18,0.0166
2026-08-11 15:29:06,720.01,2026-08-11,708.0,11.86,12.33,13.44,2,188,0.3899,0.9718,0.01015,-0.085,0.0106
2026-08-11 15:29:06,720.01,2026-08-11,709.0,11.15,11.34,12.53,2,263,0.455,0.9331,0.01744,-0.235,0.0212
2026-08-11 15:29:06,720.01,2026-08-11,710.0,10.03,10.36,10.5,8,353,0.3986,0.9399,0.0183,-0.185,0.0195
2026-08-11 15:29:06,720.01,2026-08-11,711.0,9.05,9.42,10.45,37,84,0.3854,0.9259,0.02226,-0.225,0.0229
2026-08-11 15:29:06,720.01,2026-08-11,712.0,8.14,8.189,9.48,67,334,0.3203,0.9388,0.02309,-0.1545,0.0198
2026-08-11 15:29:06,720.01,2026-08-11,713.0,7.1,7.46,8.88,2,1563,0.3352,0.9019,0.03158,-0.27,0.0283
2026-08-11 15:29:06,720.01,2026-08-11,714.0,6.1,6.35,7.23,28,642,0.2805,0.9071,0.03626,-0.215,0.0272
2026-08-11 15:29:06,720.01,2026-08-11,715.0,5.04,5.28,5.3,459,1251,0.2214,0.9186,0.0416,-0.15,0.0246
2026-08-11 15:29:06,720.01,2026-08-11,716.0,4.18,4.26,4.29,598,1550,0.2077,0.8833,0.05778,-0.21,0.0321
2026-08-11 15:29:06,720.01,2026-08-11,717.0,3.36,3.4,3.59,150,633,0.2099,0.8123,0.07852,-0.37,0.044
2026-08-11 15:29:06,720.01,2026-08-11,718.0,2.47,2.56,2.51,219,1091,0.1919,0.7419,0.10305,-0.505,0.0528
2026-08-11 15:29:06,720.01,2026-08-11,719.0,1.8,1.84,1.84,1532,623,0.1903,0.6301,0.12136,-0.81,0.0617
2026-08-11 15:29:06,720.01,2026-08-11,720.0,1.16,1.17,1.17,39282,550,0.1767,0.5044,0.13815,-1.155,0.0652
2026-08-11 15:29:06,720.01,2026-08-11,721.0,0.7,0.75,0.73,2889,571,0.1757,0.3681,0.13122,-0.725,0.0616
2026-08-11 15:29:06,720.01,2026-08-11,722.0,0.38,0.43,0.43,11534,935,0.1727,0.2431,0.1109,-0.405,0.0512
2026-08-11 15:29:06,720.01,2026-08-11,723.0,0.23,0.24,0.24,16689,1120,0.1783,0.1548,0.08167,-0.235,0.0389
2026-08-11 15:29:06,720.01,2026-08-11,724.0,0.13,0.14,0.1,37365,419,0.185,0.0954,0.05605,-0.135,0.0277
2026-08-11 15:29:06,720.01,2026-08-11,725.0,0.08,0.09,0.09,1369,1752,0.1962,0.0614,0.03781,-0.085,0.0198
2026-08-11 15:29:06,720.01,2026-08-11,726.0,0.02,0.07,0.06,400,659,0.2003,0.0348,0.02349,-0.045,0.0126
2026-08-11 15:29:06,720.01,2026-08-11,727.0,0.01,0.05,0.04,1716,760,0.2127,0.0231,0.01573,-0.03,0.0089
2026-08-11 15:29:06,720.01,2026-08-11,728.0,0.03,0.04,0.02,2758,436,0.2439,0.0235,0.01391,-0.035,0.0091
2026-08-11 15:29:06,720.01,2026-08-11,729.0,0.03,0.04,0.03,4668,901,0.2692,0.0215,0.0117,-0.035,0.0084
2026-08-11 15:29:06,720.01,2026-08-11,730.0,0.01,0.04,0.02,176,4961,0.2801,0.0154,0.00845,-0.025,0.0063
2026-08-11 15:29:06,720.01,2026-08-11,731.0,0.01,0.04,0.03,59,405,0.3039,0.0143,0.00732,-0.025,0.0059
2026-08-11 15:29:06,720.01,2026-08-11,732.0,0,0.01,0.02,528,635,0.3179,0.0112,0.00568,-0.02,0.0048
2026-08-11 15:29:06,720.01,2026-08-11,733.0,0,0.01,0.01,1129,442,0.3133,0.0061,0.00336,-0.01,0.0028
2026-08-11 15:29:06,720.01,2026-08-11,734.0,0,0.01,0.01,2,359,0.3344,0.0057,0.00299,-0.01,0.0027
2026-08-11 15:29:06,720.01,2026-08-11,735.0,0,0.01,0.01,133,1261,0.3553,0.0054,0.00267,-0.01,0.0025
2026-08-11 15:30:08,720.03,2026-08-11,706.0,14.04,14.11,15.35,5,442,0.392,0.9869,0.00528,-0.045,0.0055
2026-08-11 15:30:08,720.03,2026-08-11,707.0,12.92,13.16,14.3,9,283,,,,,
2026-08-11 15:30:08,720.03,2026-08-11,708.0,12.09,12.41,13.44,2,188,0.4811,0.9398,0.01521,-0.22,0.0195
2026-08-11 15:30:08,720.03,2026-08-11,709.0,10.81,11.53,12.53,2,263,0.4049,0.9544,0.01449,-0.14,0.0156
2026-08-11 15:30:08,720.03,2026-08-11,710.0,9.92,10.25,10.5,8,353,0.3061,0.9788,0.0102,-0.055,0.0083
2026-08-11 15:30:08,720.03,2026-08-11,711.0,8.85,9.45,10.45,37,84,0.3327,0.9536,0.0179,-0.12,0.0159
2026-08-11 15:30:08,720.03,2026-08-11,712.0,8.119,8.189,9.48,67,334,0.3051,0.9483,0.02127,-0.124,0.0173
2026-08-11 15:30:08,720.03,2026-08-11,713.0,7.06,7.22,8.88,2,1563,0.2666,0.9485,0.02427,-0.11,0.0172
2026-08-11 15:30:08,720.03,2026-08-11,714.0,6.11,6.39,6.17,29,642,0.2835,0.9059,0.03629,-0.22,0.0274
2026-08-11 15:30:08,720.03,2026-08-11,715.0,5.04,5.27,5.22,460,1251,0.2118,0.9289,0.03932,-0.125,0.0222
2026-08-11 15:30:08,720.03,2026-08-11,716.0,4.15,4.26,4.35,598,1550,0.1974,0.8965,0.05586,-0.175,0.0294
2026-08-11 15:30:08,720.03,2026-08-11,717.0,3.32,3.38,3.59,150,633,0.1995,0.8264,0.0788,-0.32,0.0418
2026-08-11 15:30:08,720.03,2026-08-11,718.0,2.48,2.51,2.59,221,1091,0.1855,0.7514,0.10466,-0.465,0.0517
2026-08-11 15:30:08,720.03,2026-08-11,719.0,1.76,1.79,1.83,1540,623,0.1813,0.6391,0.12661,-0.745,0.0611
2026-08-11 15:30:08,720.03,2026-08-11,720.0,1.16,1.18,1.23,39686,550,0.1762,0.5072,0.13874,-1.14,0.0651
2026-08-11 15:30:08,720.03,2026-08-11,721.0,0.74,0.75,0.77,2889,571,0.1781,0.3722,0.13017,-0.745,0.0617
2026-08-11 15:30:08,720.03,2026-08-11,722.0,0.38,0.39,0.39,11665,935,0.1681,0.239,0.11307,-0.385,0.0506
2026-08-11 15:30:08,720.03,2026-08-11,723.0,0.19,0.24,0.24,16768,1120,0.1726,0.1481,0.08207,-0.215,0.0377
2026-08-11 15:30:08,720.03,2026-08-11,724.0,0.13,0.14,0.1,37409,419,0.1847,0.0957,0.05639,-0.135,0.0277
2026-08-11 15:30:08,720.03,2026-08-11,725.0,0.04,0.05,0.09,1369,1752,0.1724,0.0397,0.03048,-0.045,0.014
2026-08-11 15:30:08,720.03,2026-08-11,726.0,0.06,0.07,0.06,425,659,0.2144,0.0453,0.02722,-0.065,0.0155
2026-08-11 15:30:08,720.03,2026-08-11,727.0,0.04,0.05,0.04,1716,760,0.2273,0.0312,0.01896,-0.045,0.0115
2026-08-11 15:30:08,720.03,2026-08-11,728.0,0.01,0.04,0.03,2758,436,0.2316,0.0183,0.01186,-0.025,0.0073
2026-08-11 15:30:08,720.03,2026-08-11,729.0,0.01,0.04,0.03,4669,901,0.256,0.0167,0.00994,-0.025,0.0068
2026-08-11 15:30:08,720.03,2026-08-11,730.0,0.03,0.04,0.02,176,4961,0.2943,0.0199,0.01005,-0.035,0.0079
2026-08-11 15:30:08,720.03,2026-08-11,731.0,0.03,0.04,0.03,59,405,0.319,0.0185,0.00872,-0.035,0.0074
2026-08-11 15:30:08,720.03,2026-08-11,732.0,0,0.01,0.02,528,635,0.318,0.0113,0.0057,-0.02,0.0048
2026-08-11 15:30:08,720.03,2026-08-11,733.0,0,0.01,0.01,1129,442,0.3134,0.0061,0.00337,-0.01,0.0028
2026-08-11 15:30:08,720.03,2026-08-11,734.0,0,0.03,0.01,2,359,0.3346,0.0057,0.00299,-0.01,0.0027
2026-08-11 15:30:08,720.03,2026-08-11,735.0,0,0.03,0.01,133,1261,0.3555,0.0054,0.00268,-0.01,0.0025
2026-08-11 15:31:11,720.22,2026-08-11,706.0,14,14.19,15.35,5,442,,,,,
2026-08-11 15:31:11,720.22,2026-08-11,707.0,12.98,13.52,14.3,9,283,0.3402,0.9921,0.0039,-0.03,0.0035
2026-08-11 15:31:11,720.22,2026-08-11,708.0,11.85,12.21,13.44,2,188,,,,,
2026-08-11 15:31:11,720.22,2026-08-11,709.0,10.75,11.24,12.53,2,263,,,,,
2026-08-11 15:31:11,720.22,2026-08-11,710.0,9.78,10.47,10.5,8,353,,,,,
2026-08-11 15:31:11,720.22,2026-08-11,711.0,8.93,9.2,10.45,37,84,,,,,
2026-08-11 15:31:11,720.22,2026-08-11,712.0,7.87,8.21,9.48,67,334,,,,,
2026-08-11 15:31:11,720.22,2026-08-11,713.0,7.12,7.31,8.88,2,1563,,,,,
2026-08-11 15:31:11,720.22,2026-08-11,714.0,5.92,6.22,6.17,29,642,,,,,
2026-08-11 15:31:11,720.22,2026-08-11,715.0,5.2,5.34,5.22,460,1251,0.1733,0.9688,0.02488,-0.05,0.0114
2026-08-11 15:31:11,720.22,2026-08-11,716.0,4.39,4.59,4.46,617,1550,0.2343,0.8678,0.05609,-0.27,0.0349
2026-08-11 15:31:11,720.22,2026-08-11,717.0,3.41,3.46,3.59,150,633,0.1803,0.8658,0.07366,-0.215,0.0352
2026-08-11 15:31:11,720.22,2026-08-11,718.0,2.57,2.6,2.64,239,1091,0.1747,0.785,0.10272,-0.365,0.0476
2026-08-11 15:31:11,720.22,2026-08-11,719.0,1.85,1.86,1.88,1545,623,0.1743,0.6692,0.12772,-0.635,0.059
2026-08-11 15:31:11,720.22,2026-08-11,720.0,1.33,1.34,1.32,40021,550,0.1868,0.5317,0.13072,-1.115,0.0648
2026-08-11 15:31:11,720.22,2026-08-11,721.0,0.75,0.77,0.77,2889,571,0.1692,0.3916,0.13937,-0.76,0.0626
2026-08-11 15:31:11,720.22,2026-08-11,722.0,0.44,0.45,0.41,11832,935,0.1708,0.2639,0.11747,-0.445,0.0532
2026-08-11 15:31:11,720.22,2026-08-11,723.0,0.2,0.25,0.21,16784,1120,0.168,0.1572,0.08787,-0.225,0.0392
2026-08-11 15:31:11,720.22,2026-08-11,724.0,0.14,0.15,0.14,37569,419,0.1819,0.1029,0.06049,-0.145,0.0292
2026-08-11 15:31:11,720.22,2026-08-11,725.0,0.08,0.09,0.09,1369,1752,0.1904,0.0632,0.03998,-0.085,0.0202
2026-08-11 15:31:11,720.22,2026-08-11,726.0,0.06,0.07,0.06,425,659,0.2093,0.0463,0.02844,-0.065,0.0158
2026-08-11 15:31:11,720.22,2026-08-11,727.0,0.04,0.05,0.04,1716,760,0.2226,0.0318,0.01972,-0.045,0.0116
2026-08-11 15:31:11,720.22,2026-08-11,728.0,0.01,0.04,0.03,2759,436,0.2273,0.0186,0.01229,-0.025,0.0074
2026-08-11 15:31:11,720.22,2026-08-11,729.0,0.01,0.02,0.03,4669,901,0.2347,0.0114,0.00783,-0.015,0.0049
2026-08-11 15:31:11,720.22,2026-08-11,730.0,0.01,0.02,0.02,176,4961,0.2577,0.0105,0.00663,-0.015,0.0045
2026-08-11 15:31:11,720.22,2026-08-11,731.0,0.01,0.04,0.03,59,405,0.3,0.0145,0.00753,-0.025,0.006
2026-08-11 15:31:11,720.22,2026-08-11,732.0,0,0.01,0.02,593,635,0.3142,0.0114,0.00584,-0.02,0.0049
2026-08-11 15:31:11,720.22,2026-08-11,733.0,0,0.01,0.01,1129,442,0.3099,0.0062,0.00345,-0.01,0.0028
2026-08-11 15:31:11,720.22,2026-08-11,734.0,0,0.01,0.01,2,359,0.3311,0.0058,0.00306,-0.01,0.0027
2026-08-11 15:31:11,720.22,2026-08-11,735.0,0,0.01,0.01,133,1261,0.3522,0.0055,0.00274,-0.01,0.0026
2026-08-11 15:32:13,720.2,2026-08-11,706.0,14.04,14.59,15.35,5,442,0.4799,0.9675,0.00931,-0.115,0.0118
2026-08-11 15:32:13,720.2,2026-08-11,707.0,13.22,13.5,14.3,9,283,0.4842,0.9554,0.01195,-0.16,0.0153
2026-08-11 15:32:13,720.2,2026-08-11,708.0,12.08,12.48,13.44,2,188,0.3925,0.9735,0.00961,-0.08,0.01
2026-08-11 15:32:13,720.2,2026-08-11,709.0,11.14,11.31,12.53,2,263,0.2798,0.9936,0.00397,-0.025,0.0029
2026-08-11 15:32:13,720.2,2026-08-11,710.0,10.13,10.47,10.5,8,353,0.3543,0.9633,0.01394,-0.1,0.0131
2026-08-11 15:32:13,720.2,2026-08-11,711.0,8.97,9.28,10.45,37,84,,,,,
2026-08-11 15:32:13,720.2,2026-08-11,712.0,8.109,8.57,9.48,67,334,0.3202,0.9442,0.02162,-0.1395,0.0183
2026-08-11 15:32:13,720.2,2026-08-11,713.0,7.1,7.5,8.88,2,1563,0.2668,0.9531,0.02261,-0.1,0.0159
2026-08-11 15:32:13,720.2,2026-08-11,714.0,6.23,6.57,6.17,29,642,0.2829,0.9132,0.03438,-0.2,0.0257
2026-08-11 15:32:13,720.2,2026-08-11,715.0,5.26,5.36,5.4,461,1251,0.211,0.9368,0.03616,-0.11,0.0202
2026-08-11 15:32:13,720.2,2026-08-11,716.0,4.24,4.4,4.51,617,1550,0.1832,0.9224,0.04876,-0.12,0.0236
2026-08-11 15:32:13,720.2,2026-08-11,717.0,3.45,3.49,3.59,150,633,0.1948,0.8462,0.07489,-0.27,0.0385
2026-08-11 15:32:13,720.2,2026-08-11,718.0,2.58,2.68,2.64,239,1091,0.1874,0.7674,0.10027,-0.43,0.0497
2026-08-11 15:32:13,720.2,2026-08-11,719.0,1.91,1.92,1.88,1545,623,0.1869,0.6563,0.12107,-0.715,0.0598
2026-08-11 15:32:13,720.2,2026-08-11,720.0,1.27,1.29,1.29,40508,550,0.1803,0.5302,0.13574,-1.08,0.0647
2026-08-11 15:32:13,720.2,2026-08-11,721.0,0.73,0.78,0.77,2889,571,0.17,0.3891,0.13875,-0.755,0.0623
2026-08-11 15:32:13,720.2,2026-08-11,722.0,0.4,0.41,0.41,11832,935,0.1645,0.2532,0.11961,-0.405,0.052
2026-08-11 15:32:13,720.2,2026-08-11,723.0,0.2,0.21,0.21,16784,1120,0.164,0.149,0.08709,-0.205,0.0377
2026-08-11 15:32:13,720.2,2026-08-11,724.0,0.13,0.14,0.14,37590,419,0.1795,0.0983,0.05938,-0.135,0.0282
2026-08-11 15:32:13,720.2,2026-08-11,725.0,0.04,0.05,0.09,1369,1752,0.1682,0.0407,0.03199,-0.045,0.0142
2026-08-11 15:32:13,720.2,2026-08-11,726.0,0.06,0.07,0.06,425,659,0.2103,0.0462,0.02831,-0.065,0.0157
2026-08-11 15:32:13,720.2,2026-08-11,727.0,0.01,0.05,0.04,1716,760,0.209,0.0236,0.01638,-0.03,0.009
2026-08-11 15:32:13,720.2,2026-08-11,728.0,0.01,0.02,0.01,2759,436,0.2123,0.0125,0.00939,-0.015,0.0053
2026-08-11 15:32:13,720.2,2026-08-11,729.0,0.03,0.04,0.03,4669,901,0.2659,0.0219,0.01207,-0.035,0.0085
2026-08-11 15:32:13,720.2,2026-08-11,730.0,0.03,0.04,0.02,176,4961,0.2911,0.0202,0.0103,-0.035,0.0079
2026-08-11 15:32:13,720.2,2026-08-11,731.0,0.01,0.04,0.03,59,405,0.3011,0.0145,0.00751,-0.025,0.006
2026-08-11 15:32:13,720.2,2026-08-11,732.0,0,0.01,0.01,593,635,0.2895,0.0066,0.00391,-0.01,0.003
2026-08-11 15:32:13,720.2,2026-08-11,733.0,0,0.01,0.01,1129,442,0.3109,0.0061,0.00344,-0.01,0.0028
2026-08-11 15:32:13,720.2,2026-08-11,734.0,0,0.01,0.01,2,359,0.3322,0.0058,0.00305,-0.01,0.0027
2026-08-11 15:32:13,720.2,2026-08-11,735.0,0,0.01,0.01,133,1261,0.3533,0.0055,0.00273,-0.01,0.0025
2026-08-11 15:33:14,720.18,2026-08-11,706.0,13.9,14.47,15.35,5,442,,,,,
2026-08-11 15:33:14,720.18,2026-08-11,707.0,13.08,13.26,14.3,9,283,,,,,
2026-08-11 15:33:14,720.18,2026-08-11,708.0,11.72,12.31,13.44,2,188,,,,,
2026-08-11 15:33:14,720.18,2026-08-11,709.0,10.74,11.23,12.53,2,263,,,,,
2026-08-11 15:33:14,720.18,2026-08-11,710.0,9.94,10.13,10.5,8,353,,,,,
2026-08-11 15:33:14,720.18,2026-08-11,711.0,9.11,9.49,10.45,37,84,0.3392,0.9541,0.01751,-0.12,0.0156
2026-08-11 15:33:14,720.18,2026-08-11,712.0,7.84,8.37,9.48,67,334,,,,,
2026-08-11 15:33:14,720.18,2026-08-11,713.0,7.15,7.2,8.88,2,1563,,,,,
2026-08-11 15:33:14,720.18,2026-08-11,714.0,6.13,6.25,6.17,29,642,,,,,
2026-08-11 15:33:14,720.18,2026-08-11,715.0,5.1,5.41,5.4,461,1251,0.1913,0.9537,0.03123,-0.075,0.0157
2026-08-11 15:33:14,720.18,2026-08-11,716.0,4.31,4.38,4.51,617,1550,0.2004,0.9026,0.05295,-0.165,0.0279
2026-08-11 15:33:14,720.18,2026-08-11,717.0,3.49,3.51,3.59,150,633,0.2069,0.8306,0.07522,-0.32,0.041
2026-08-11 15:33:14,720.18,2026-08-11,718.0,2.62,2.65,2.64,239,1091,0.1919,0.7607,0.0997,-0.455,0.0504
2026-08-11 15:33:14,720.18,2026-08-11,719.0,1.87,1.89,1.88,1588,623,0.1836,0.6568,0.12342,-0.7,0.0597
2026-08-11 15:33:14,720.18,2026-08-11,720.0,1.21,1.26,1.26,41335,550,0.1753,0.5282,0.13992,-1.055,0.0646
2026-08-11 15:33:14,720.18,2026-08-11,721.0,0.72,0.77,0.77,2889,571,0.17,0.3861,0.13873,-0.745,0.0621
2026-08-11 15:33:14,720.18,2026-08-11,722.0,0.39,0.4,0.41,11832,935,0.1639,0.2496,0.1194,-0.395,0.0515
2026-08-11 15:33:14,720.18,2026-08-11,723.0,0.19,0.2,0.21,16814,1120,0.1624,0.1444,0.08629,-0.195,0.0369
2026-08-11 15:33:14,720.18,2026-08-11,724.0,0.09,0.1,0.1,37853,419,0.1651,0.0786,0.05477,-0.095,0.0238
2026-08-11 15:33:14,720.18,2026-08-11,725.0,0.08,0.09,0.09,1369,1752,0.1924,0.0628,0.03955,-0.085,0.02
2026-08-11 15:33:14,720.18,2026-08-11,726.0,0.05,0.06,0.06,425,659,0.2046,0.041,0.02648,-0.055,0.0143
2026-08-11 15:33:14,720.18,2026-08-11,727.0,0.04,0.05,0.04,1716,760,0.2246,0.0317,0.01955,-0.045,0.0116
2026-08-11 15:33:14,720.18,2026-08-11,728.0,0.03,0.04,0.01,2788,436,0.2413,0.0239,0.01435,-0.035,0.0091
2026-08-11 15:33:14,720.18,2026-08-11,729.0,0.01,0.02,0.03,4675,901,0.2366,0.0114,0.00778,-0.015,0.0048
2026-08-11 15:33:14,720.18,2026-08-11,730.0,0.03,0.04,0.02,176,4961,0.2922,0.0201,0.01027,-0.035,0.0079
2026-08-11 15:33:14,720.18,2026-08-11,731.0,0.03,0.04,0.03,59,405,0.3171,0.0187,0.0089,-0.035,0.0074
2026-08-11 15:33:14,720.18,2026-08-11,732.0,0,0.01,0.01,593,635,0.2905,0.0066,0.0039,-0.01,0.003
2026-08-11 15:33:14,720.18,2026-08-11,733.0,0,0.03,0.01,1134,442,0.312,0.0061,0.00343,-0.01,0.0028
2026-08-11 15:33:14,720.18,2026-08-11,734.0,0,0.01,0.01,2,359,0.3333,0.0058,0.00304,-0.01,0.0027
2026-08-11 15:33:14,720.18,2026-08-11,735.0,0,0.01,0.01,133,1261,0.3544,0.0055,0.00272,-0.01,0.0025
2026-08-11 15:34:16,719.52,2026-08-11,705.0,14.95,15.56,16.11,65,257,0.7691,0.8827,0.01582,-0.735,0.0318
2026-08-11 15:34:16,719.52,2026-08-11,706.0,13.62,14.06,15.35,5,442,0.5818,0.9276,0.01464,-0.32,0.0223
2026-08-11 15:34:16,719.52,2026-08-11,707.0,13.14,13.31,14.3,9,283,0.6835,0.8752,0.0186,-0.705,0.0333
2026-08-11 15:34:16,719.52,2026-08-11,708.0,11.78,12.45,13.44,2,188,0.6117,0.8814,0.02005,-0.595,0.0321
2026-08-11 15:34:16,719.52,2026-08-11,709.0,10.68,11.36,12.53,2,263,0.5441,0.8872,0.02175,-0.5,0.031
2026-08-11 15:34:16,719.52,2026-08-11,710.0,10,10.45,10.5,8,353,0.5657,0.8543,0.02498,-0.705,0.037
2026-08-11 15:34:16,719.52,2026-08-11,711.0,9.07,9.17,9.07,38,84,0.4971,0.8584,0.02789,-0.6,0.0363
2026-08-11 15:34:16,719.52,2026-08-11,712.0,7.79,8.44,9.48,67,334,0.4557,0.8491,0.03175,-0.595,0.0379
2026-08-11 15:34:16,719.52,2026-08-11,713.0,6.94,7.45,8.88,2,1563,0.4344,0.8262,0.03653,-0.675,0.0415
2026-08-11 15:34:16,719.52,2026-08-11,714.0,5.94,6.27,6.17,29,642,0.3703,0.8243,0.04314,-0.585,0.0418
2026-08-11 15:34:16,719.52,2026-08-11,715.0,5.12,5.25,5.4,461,1251,0.3446,0.7939,0.05113,-0.665,0.0461
2026-08-11 15:34:16,719.52,2026-08-11,716.0,4.21,4.24,4.51,622,1550,0.3065,0.7637,0.06216,-0.705,0.0499
2026-08-11 15:34:16,719.52,2026-08-11,717.0,3.28,3.34,3.59,150,633,0.273,0.7184,0.07642,-0.79,0.0546
2026-08-11 15:34:16,719.52,2026-08-11,718.0,2.41,2.43,2.64,240,1091,0.2375,0.6564,0.09574,-0.9,0.0595
2026-08-11 15:34:16,719.52,2026-08-11,719.0,1.71,1.72,1.76,1750,623,0.2218,0.5603,0.10988,-1.195,0.0638
2026-08-11 15:34:16,719.52,2026-08-11,720.0,1.11,1.12,1.16,41873,550,0.2067,0.4457,0.11821,-1.115,0.0639
2026-08-11 15:34:16,719.52,2026-08-11,721.0,0.7,0.71,0.77,2907,571,0.2026,0.3285,0.11029,-0.705,0.0585
2026-08-11 15:34:16,719.52,2026-08-11,722.0,0.39,0.4,0.41,11997,935,0.1953,0.2187,0.09341,-0.395,0.0477
2026-08-11 15:34:16,719.52,2026-08-11,723.0,0.17,0.18,0.22,17122,1120,0.1821,0.1208,0.06822,-0.175,0.0325
2026-08-11 15:34:16,719.52,2026-08-11,724.0,0.12,0.13,0.13,38009,419,0.1998,0.0846,0.04798,-0.125,0.0251
2026-08-11 15:34:16,719.52,2026-08-11,725.0,0.04,0.09,0.09,1369,1752,0.2019,0.048,0.03057,-0.065,0.0162
2026-08-11 15:34:16,719.52,2026-08-11,726.0,0.01,0.06,0.06,426,659,0.2069,0.0274,0.01885,-0.035,0.0102
2026-08-11 15:34:16,719.52,2026-08-11,727.0,0.04,0.05,0.02,1722,760,0.243,0.0297,0.01714,-0.045,0.0109
2026-08-11 15:34:16,719.52,2026-08-11,728.0,0.01,0.02,0.03,2892,436,0.2293,0.0117,0.00826,-0.015,0.005
2026-08-11 15:34:16,719.52,2026-08-11,729.0,0.01,0.04,0.03,4677,901,0.2707,0.016,0.00915,-0.025,0.0065
2026-08-11 15:34:16,719.52,2026-08-11,730.0,0.03,0.04,0.02,176,4961,0.3095,0.0192,0.00933,-0.035,0.0076
2026-08-11 15:34:16,719.52,2026-08-11,731.0,0.03,0.04,0.03,60,405,0.3343,0.0179,0.00815,-0.035,0.0071
2026-08-11 15:34:16,719.52,2026-08-11,732.0,0,0.03,0.01,594,635,0.3056,0.0063,0.00358,-0.01,0.0029
2026-08-11 15:34:16,719.52,2026-08-11,733.0,0,0.03,0.02,1136,442,0.3553,0.0103,0.00474,-0.02,0.0044
2026-08-11 15:34:16,719.52,2026-08-11,734.0,0,0.03,0.01,2,359,0.3482,0.0056,0.00283,-0.01,0.0026
2026-08-11 15:35:18,719.29,2026-08-11,705.0,14.95,15.56,16.11,65,257,0.8301,0.8616,0.01648,-0.965,0.0356
2026-08-11 15:35:18,719.29,2026-08-11,706.0,13.62,14.06,15.35,5,442,0.6643,0.8961,0.01682,-0.55,0.0291
2026-08-11 15:35:18,719.29,2026-08-11,707.0,12.54,12.97,14.3,9,283,0.5983,0.9018,0.01793,-0.465,0.028
2026-08-11 15:35:18,719.29,2026-08-11,708.0,11.78,12.45,13.44,2,188,0.6709,0.8554,0.02101,-0.825,0.0367
2026-08-11 15:35:18,719.29,2026-08-11,709.0,10.68,11.36,12.53,2,263,0.6047,0.8577,0.02305,-0.73,0.0363
2026-08-11 15:35:18,719.29,2026-08-11,710.0,9.57,9.7,10.5,8,353,0.4477,0.9034,0.02368,-0.345,0.0276
2026-08-11 15:35:18,719.29,2026-08-11,711.0,8.49,8.79,8.79,41,84,0.4135,0.8955,0.02715,-0.35,0.0293
2026-08-11 15:35:18,719.29,2026-08-11,712.0,7.95,8.37,9.48,67,334,0.5146,0.8132,0.03233,-0.87,0.0433
2026-08-11 15:35:18,719.29,2026-08-11,713.0,6.87,7.4,8.88,2,1563,0.4647,0.8022,0.03708,-0.845,0.0449
2026-08-11 15:35:18,719.29,2026-08-11,714.0,6.06,6.25,6.17,29,642,0.4235,0.7834,0.04293,-0.865,0.0474
2026-08-11 15:35:18,719.29,2026-08-11,715.0,4.59,4.76,5.4,462,1251,0.2703,0.8396,0.05586,-0.385,0.0393
2026-08-11 15:35:18,719.29,2026-08-11,716.0,3.52,3.55,4.26,622,1550,0.1931,0.8566,0.07258,-0.245,0.0365
2026-08-11 15:35:18,719.29,2026-08-11,717.0,3.31,3.34,3.34,151,633,0.3049,0.6818,0.07249,-1.035,0.0576
2026-08-11 15:35:18,719.29,2026-08-11,718.0,2.47,2.49,2.49,269,1091,0.272,0.6181,0.08683,-1.19,0.0616
2026-08-11 15:35:18,719.29,2026-08-11,719.0,1.7,1.72,1.72,1780,623,0.2411,0.5324,0.10216,-1.42,0.0642
2026-08-11 15:35:18,719.29,2026-08-11,720.0,1.02,1.03,1.03,42343,550,0.2086,0.4192,0.11606,-1.025,0.0631
2026-08-11 15:35:18,719.29,2026-08-11,721.0,0.7,0.71,0.71,2991,571,0.2158,0.3144,0.10191,-0.705,0.0573
2026-08-11 15:35:18,719.29,2026-08-11,722.0,0.39,0.4,0.4,12153,935,0.2062,0.2102,0.08665,-0.395,0.0465
2026-08-11 15:35:18,719.29,2026-08-11,723.0,0.17,0.18,0.18,17342,1120,0.191,0.1164,0.0635,-0.175,0.0316
2026-08-11 15:35:18,719.29,2026-08-11,724.0,0.09,0.1,0.11,38499,419,0.1948,0.0687,0.04207,-0.095,0.0214
2026-08-11 15:35:18,719.29,2026-08-11,725.0,0.04,0.05,0.05,1382,1752,0.1951,0.036,0.02512,-0.045,0.0128
2026-08-11 15:35:18,719.29,2026-08-11,726.0,0.05,0.06,0.05,427,659,0.2308,0.0371,0.02173,-0.055,0.0131
2026-08-11 15:35:18,719.29,2026-08-11,727.0,0.01,0.02,0.02,1724,760,0.2117,0.0126,0.00956,-0.015,0.0053
2026-08-11 15:35:18,719.29,2026-08-11,728.0,0.03,0.04,0.03,2893,436,0.2655,0.022,0.01226,-0.035,0.0085
2026-08-11 15:35:18,719.29,2026-08-11,729.0,0.03,0.04,0.03,4677,901,0.2909,0.0203,0.01045,-0.035,0.0079
2026-08-11 15:35:18,719.29,2026-08-11,730.0,0.03,0.04,0.02,176,4961,0.316,0.0189,0.00903,-0.035,0.0074
2026-08-11 15:35:18,719.29,2026-08-11,731.0,0.03,0.04,0.03,60,405,0.3408,0.0176,0.00791,-0.035,0.007
2026-08-11 15:35:18,719.29,2026-08-11,732.0,0,0.03,0.01,594,635,0.3112,0.0062,0.00348,-0.01,0.0028
2026-08-11 15:35:18,719.29,2026-08-11,733.0,0,0.03,0.01,1139,442,0.3326,0.0058,0.00308,-0.01,0.0027
2026-08-11 15:35:18,719.29,2026-08-11,734.0,0,0.03,0.01,2,359,0.3539,0.0055,0.00276,-0.01,0.0025
2026-08-11 15:36:20,719.42,2026-08-11,705.0,14.95,15.56,16.11,65,257,0.7991,0.8732,0.01615,-0.835,0.0335
2026-08-11 15:36:20,719.42,2026-08-11,706.0,13.62,14.06,15.35,5,442,0.6226,0.9129,0.0158,-0.42,0.0255
2026-08-11 15:36:20,719.42,2026-08-11,707.0,12.03,12.56,14.3,9,283,,,,,
2026-08-11 15:36:20,719.42,2026-08-11,708.0,11.78,12.45,13.44,2,188,0.6406,0.8695,0.02055,-0.695,0.0342
2026-08-11 15:36:20,719.42,2026-08-11,709.0,10.68,11.36,12.53,2,263,0.5737,0.8736,0.02244,-0.6,0.0334
2026-08-11 15:36:20,719.42,2026-08-11,710.0,9.57,9.7,10.5,8,353,0.4002,0.9302,0.02077,-0.215,0.0216
2026-08-11 15:36:20,719.42,2026-08-11,711.0,8.42,8.78,8.79,41,84,0.351,0.9337,0.02276,-0.18,0.0207
2026-08-11 15:36:20,719.42,2026-08-11,712.0,7.95,8.37,9.48,67,334,0.4902,0.8294,0.03211,-0.74,0.0409
2026-08-11 15:36:20,719.42,2026-08-11,713.0,6.87,7.4,8.88,2,1563,0.4414,0.8196,0.03695,-0.715,0.0423
2026-08-11 15:36:20,719.42,2026-08-11,714.0,6.06,6.25,6.17,29,642,0.402,0.8014,0.04303,-0.735,0.0449
2026-08-11 15:36:20,719.42,2026-08-11,715.0,4.51,4.68,4.76,462,1251,0.2139,0.902,0.05016,-0.175,0.0279
2026-08-11 15:36:20,719.42,2026-08-11,716.0,3.74,3.78,4.26,622,1550,0.2234,0.8313,0.06996,-0.34,0.0406
2026-08-11 15:36:20,719.42,2026-08-11,717.0,3.31,3.34,3.34,151,633,0.2897,0.7005,0.07443,-0.905,0.056
2026-08-11 15:36:20,719.42,2026-08-11,718.0,2.47,2.49,2.49,269,1091,0.2592,0.6357,0.08993,-1.06,0.0605
2026-08-11 15:36:20,719.42,2026-08-11,719.0,1.7,1.72,1.72,1899,623,0.2306,0.5477,0.10659,-1.29,0.0638
2026-08-11 15:36:20,719.42,2026-08-11,720.0,0.91,0.93,0.96,42814,550,0.1836,0.4252,0.13246,-0.92,0.0631
2026-08-11 15:36:20,719.42,2026-08-11,721.0,0.7,0.71,0.71,2991,571,0.209,0.3221,0.10649,-0.705,0.0578
2026-08-11 15:36:20,719.42,2026-08-11,722.0,0.39,0.4,0.4,12154,935,0.2006,0.2149,0.09035,-0.395,0.0471
2026-08-11 15:36:20,719.42,2026-08-11,723.0,0.17,0.18,0.18,17415,1120,0.1865,0.1188,0.06609,-0.175,0.032
2026-08-11 15:36:20,719.42,2026-08-11,724.0,0.05,0.1,0.1,38738,419,0.1812,0.0598,0.04069,-0.075,0.0191
2026-08-11 15:36:20,719.42,2026-08-11,725.0,0.04,0.05,0.05,1382,1752,0.1918,0.0366,0.02594,-0.045,0.0129
2026-08-11 15:36:20,719.42,2026-08-11,726.0,0.05,0.06,0.05,427,659,0.2276,0.0376,0.02233,-0.055,0.0132
2026-08-11 15:36:20,719.42,2026-08-11,727.0,0.01,0.02,0.02,1724,760,0.209,0.0128,0.00981,-0.015,0.0053
2026-08-11 15:36:20,719.42,2026-08-11,728.0,0.01,0.04,0.03,2905,436,0.2496,0.0173,0.01062,-0.025,0.0069
2026-08-11 15:36:20,719.42,2026-08-11,729.0,0.03,0.04,0.01,4678,901,0.2881,0.0205,0.01065,-0.035,0.008
2026-08-11 15:36:20,719.42,2026-08-11,730.0,0.03,0.04,0.02,176,4961,0.3133,0.019,0.0092,-0.035,0.0075
2026-08-11 15:36:20,719.42,2026-08-11,731.0,0.03,0.04,0.03,60,405,0.3382,0.0178,0.00804,-0.035,0.0071
2026-08-11 15:36:20,719.42,2026-08-11,732.0,0,0.01,0.01,594,635,0.309,0.0062,0.00353,-0.01,0.0028
2026-08-11 15:36:20,719.42,2026-08-11,733.0,0,0.01,0.01,1141,442,0.3304,0.0059,0.00313,-0.01,0.0027
2026-08-11 15:36:20,719.42,2026-08-11,734.0,0,0.03,0.01,2,359,0.3517,0.0055,0.0028,-0.01,0.0026
2026-08-11 15:37:22,719.43,2026-08-11,705.0,14.11,14.67,16.11,65,257,,,,,
2026-08-11 15:37:22,719.43,2026-08-11,706.0,13.09,13.47,15.35,5,442,,,,,
2026-08-11 15:37:22,719.43,2026-08-11,707.0,12.28,12.62,14.3,9,283,0.2887,0.9966,0.0022,-0.02,0.0016
2026-08-11 15:37:22,719.43,2026-08-11,708.0,11.2,11.84,13.44,2,188,0.3851,0.9691,0.01127,-0.09,0.0112
2026-08-11 15:37:22,719.43,2026-08-11,709.0,10.37,10.45,12.53,2,263,,,,,
2026-08-11 15:37:22,719.43,2026-08-11,710.0,9.44,9.58,10.5,8,353,0.3201,0.9679,0.01398,-0.08,0.0116
2026-08-11 15:37:22,719.43,2026-08-11,711.0,8.16,8.55,8.57,44,84,,,,,
2026-08-11 15:37:22,719.43,2026-08-11,712.0,7.39,7.55,9.48,67,334,0.2241,0.9812,0.01274,-0.04,0.0074
2026-08-11 15:37:22,719.43,2026-08-11,713.0,6.3,6.81,8.88,2,1563,0.2603,0.9394,0.02869,-0.125,0.0193
2026-08-11 15:37:22,719.43,2026-08-11,714.0,5.44,5.87,6.17,29,642,0.2682,0.898,0.04128,-0.225,0.0286
2026-08-11 15:37:22,719.43,2026-08-11,715.0,4.46,4.72,4.76,462,1251,0.2092,0.9079,0.04911,-0.16,0.0266
2026-08-11 15:37:22,719.43,2026-08-11,716.0,3.75,3.85,3.78,636,1550,0.2315,0.8238,0.06952,-0.37,0.0416
2026-08-11 15:37:22,719.43,2026-08-11,717.0,2.84,2.91,3.34,161,633,0.2035,0.7736,0.09197,-0.445,0.0484
2026-08-11 15:37:22,719.43,2026-08-11,718.0,2.17,2.2,2.49,316,1091,0.2091,0.6674,0.10804,-0.755,0.0584
2026-08-11 15:37:22,719.43,2026-08-11,719.0,1.5,1.51,1.51,2023,623,0.198,0.5565,0.12403,-1.075,0.0635
2026-08-11 15:37:22,719.43,2026-08-11,720.0,0.95,0.96,0.96,43929,550,0.1889,0.4284,0.12923,-0.955,0.0631
2026-08-11 15:37:22,719.43,2026-08-11,721.0,0.56,0.57,0.71,3555,571,0.1843,0.3008,0.11749,-0.565,0.056
2026-08-11 15:37:22,719.43,2026-08-11,722.0,0.26,0.31,0.4,12398,935,0.1762,0.1846,0.09408,-0.285,0.0429
2026-08-11 15:37:22,719.43,2026-08-11,723.0,0.16,0.17,0.17,17522,1120,0.1834,0.115,0.06582,-0.165,0.0312
2026-08-11 15:37:22,719.43,2026-08-11,724.0,0.05,0.1,0.1,38867,419,0.1812,0.0599,0.04081,-0.075,0.0191
2026-08-11 15:37:22,719.43,2026-08-11,725.0,0.06,0.07,0.05,1387,1752,0.2058,0.0475,0.0299,-0.065,0.0159
2026-08-11 15:37:22,719.43,2026-08-11,726.0,0.01,0.05,0.05,428,659,0.2053,0.0242,0.01722,-0.03,0.0091
2026-08-11 15:37:22,719.43,2026-08-11,727.0,0.03,0.04,0.03,1728,760,0.2369,0.0244,0.01505,-0.035,0.0092
2026-08-11 15:37:22,719.43,2026-08-11,728.0,0.03,0.04,0.03,2921,436,0.2629,0.0223,0.01255,-0.035,0.0085
2026-08-11 15:37:22,719.43,2026-08-11,729.0,0.03,0.04,0.02,4937,901,0.2884,0.0205,0.01067,-0.035,0.008
2026-08-11 15:37:22,719.43,2026-08-11,730.0,0,0.03,0.02,176,4961,0.2898,0.0124,0.00689,-0.02,0.0052
2026-08-11 15:37:22,719.43,2026-08-11,731.0,0.01,0.04,0.03,60,405,0.3228,0.0137,0.00677,-0.025,0.0057
2026-08-11 15:37:22,719.43,2026-08-11,732.0,0,0.01,0.01,594,635,0.3093,0.0062,0.00354,-0.01,0.0028
2026-08-11 15:37:22,719.43,2026-08-11,733.0,0,0.03,0.01,1147,442,0.3309,0.0059,0.00313,-0.01,0.0027
2026-08-11 15:37:22,719.43,2026-08-11,734.0,0,0.01,0.01,2,359,0.3522,0.0055,0.0028,-0.01,0.0025
2026-08-11 15:38:24,719.69,2026-08-11,705.0,14.55,14.85,16.11,65,257,,,,,
2026-08-11 15:38:24,719.69,2026-08-11,706.0,13.32,13.57,15.35,5,442,,,,,
2026-08-11 15:38:24,719.69,2026-08-11,707.0,12.07,12.72,14.3,9,283,,,,,
2026-08-11 15:38:24,719.69,2026-08-11,708.0,11.25,11.44,13.44,2,188,,,,,
2026-08-11 15:38:24,719.69,2026-08-11,709.0,10.24,10.54,12.53,2,263,,,,,
2026-08-11 15:38:24,719.69,2026-08-11,710.0,9.28,9.78,10.5,8,353,,,,,
2026-08-11 15:38:24,719.69,2026-08-11,711.0,8.189,8.57,8.57,44,84,,,,,
2026-08-11 15:38:24,719.69,2026-08-11,712.0,7.38,7.56,9.48,67,334,,,,,
2026-08-11 15:38:24,719.69,2026-08-11,713.0,6.46,6.84,8.88,2,1563,,,,,
2026-08-11 15:38:24,719.69,2026-08-11,714.0,5.56,5.7,6.17,29,642,,,,,
2026-08-11 15:38:24,719.69,2026-08-11,715.0,4.62,4.88,4.84,467,1251,0.1689,0.9593,0.03222,-0.06,0.014
2026-08-11 15:38:24,719.69,2026-08-11,716.0,3.79,3.9,3.78,636,1550,0.1815,0.8991,0.0606,-0.155,0.0284
2026-08-11 15:38:24,719.69,2026-08-11,717.0,3.04,3.08,2.96,161,633,0.1996,0.8017,0.08688,-0.37,0.0447
2026-08-11 15:38:24,719.69,2026-08-11,718.0,2.24,2.25,2.23,447,1091,0.1884,0.7145,0.11234,-0.555,0.0546
2026-08-11 15:38:24,719.69,2026-08-11,719.0,1.55,1.57,1.57,2046,623,0.1833,0.5955,0.13163,-0.87,0.0622
2026-08-11 15:38:24,719.69,2026-08-11,720.0,0.95,0.96,1,44672,550,0.1711,0.4581,0.14444,-0.955,0.0637
2026-08-11 15:38:24,719.69,2026-08-11,721.0,0.59,0.6,0.58,3754,571,0.1756,0.3239,0.12747,-0.595,0.0577
2026-08-11 15:38:24,719.69,2026-08-11,722.0,0.32,0.33,0.33,13279,935,0.1741,0.2068,0.10217,-0.325,0.0459
2026-08-11 15:38:24,719.69,2026-08-11,723.0,0.17,0.18,0.18,17715,1120,0.1771,0.1243,0.0721,-0.175,0.0329
2026-08-11 15:38:24,719.69,2026-08-11,724.0,0.05,0.06,0.06,38938,419,0.1624,0.0505,0.03985,-0.055,0.0167
2026-08-11 15:38:24,719.69,2026-08-11,725.0,0.02,0.07,0.03,1392,1752,0.1848,0.0379,0.0278,-0.045,0.0132
2026-08-11 15:38:24,719.69,2026-08-11,726.0,0.01,0.05,0.04,428,659,0.1988,0.0249,0.01826,-0.03,0.0094
2026-08-11 15:38:24,719.69,2026-08-11,727.0,0.01,0.04,0.03,1850,760,0.2187,0.0195,0.01349,-0.025,0.0076
2026-08-11 15:38:24,719.69,2026-08-11,728.0,0.01,0.02,0.03,2935,436,0.2271,0.0119,0.00852,-0.015,0.005
2026-08-11 15:38:24,719.69,2026-08-11,729.0,0.01,0.04,0.03,4946,901,0.2686,0.0162,0.0094,-0.025,0.0065
2026-08-11 15:38:24,719.69,2026-08-11,730.0,0,0.01,0.02,176,4961,0.2841,0.0126,0.00716,-0.02,0.0052
2026-08-11 15:38:24,719.69,2026-08-11,731.0,0.03,0.04,0.03,60,405,0.3327,0.0181,0.00833,-0.035,0.0071
2026-08-11 15:38:24,719.69,2026-08-11,732.0,0,0.01,0.01,594,635,0.3042,0.0063,0.00366,-0.01,0.0029
2026-08-11 15:38:24,719.69,2026-08-11,733.0,0,0.03,0.01,1153,442,0.3258,0.006,0.00323,-0.01,0.0027
2026-08-11 15:38:24,719.69,2026-08-11,734.0,0,0.03,0.01,2,359,0.3472,0.0056,0.00288,-0.01,0.0026
2026-08-11 15:39:25,719.39,2026-08-11,705.0,14.21,14.59,16.11,65,257,,,,,
2026-08-11 15:39:25,719.39,2026-08-11,706.0,13.11,13.92,15.35,5,442,0.4722,0.9636,0.01055,-0.125,0.0128
2026-08-11 15:39:25,719.39,2026-08-11,707.0,12.49,12.56,14.3,9,283,0.4502,0.9591,0.01217,-0.135,0.0141
2026-08-11 15:39:25,719.39,2026-08-11,708.0,11.18,11.48,13.44,2,188,,,,,
2026-08-11 15:39:25,719.39,2026-08-11,709.0,10.23,10.55,12.53,2,263,,,,,
2026-08-11 15:39:25,719.39,2026-08-11,710.0,9.4,9.67,10.5,8,353,0.3655,0.9475,0.01831,-0.145,0.0172
2026-08-11 15:39:25,719.39,2026-08-11,711.0,8.28,8.76,8.57,44,84,0.3257,0.9478,0.02045,-0.13,0.0171
2026-08-11 15:39:25,719.39,2026-08-11,712.0,7.46,7.77,9.48,67,334,0.3385,0.9157,0.02852,-0.225,0.0248
2026-08-11 15:39:25,719.39,2026-08-11,713.0,6.35,6.87,8.88,2,1563,0.3017,0.909,0.03387,-0.22,0.0262
2026-08-11 15:39:25,719.39,2026-08-11,714.0,5.6,5.7,6.17,29,642,0.2797,0.8877,0.04261,-0.26,0.0306
2026-08-11 15:39:25,719.39,2026-08-11,715.0,4.61,4.73,4.84,472,1251,0.2479,0.8677,0.05392,-0.28,0.0343
2026-08-11 15:39:25,719.39,2026-08-11,716.0,3.76,3.8,3.78,644,1550,0.2355,0.8179,0.07006,-0.39,0.0423
2026-08-11 15:39:25,719.39,2026-08-11,717.0,2.95,3.03,2.96,162,633,0.2333,0.7413,0.08658,-0.6,0.0518
2026-08-11 15:39:25,719.39,2026-08-11,718.0,2.14,2.15,2.18,451,1091,0.2076,0.6647,0.10958,-0.755,0.0584
2026-08-11 15:39:25,719.39,2026-08-11,719.0,1.51,1.53,1.53,2168,623,0.2046,0.5501,0.12074,-1.13,0.0634
2026-08-11 15:39:25,719.39,2026-08-11,720.0,0.94,0.99,0.95,45332,550,0.1939,0.425,0.12616,-0.965,0.0628
2026-08-11 15:39:25,719.39,2026-08-11,721.0,0.58,0.59,0.59,3912,571,0.1907,0.3018,0.11412,-0.585,0.0558
2026-08-11 15:39:25,719.39,2026-08-11,722.0,0.32,0.33,0.33,13589,935,0.1878,0.1952,0.09171,-0.325,0.0442
2026-08-11 15:39:25,719.39,2026-08-11,723.0,0.13,0.14,0.18,17763,1120,0.1755,0.1014,0.06306,-0.135,0.0284
2026-08-11 15:39:25,719.39,2026-08-11,724.0,0.09,0.1,0.06,39312,419,0.1931,0.0696,0.04323,-0.095,0.0214
2026-08-11 15:39:25,719.39,2026-08-11,725.0,0.06,0.07,0.07,1413,1752,0.2078,0.0472,0.02962,-0.065,0.0158
2026-08-11 15:39:25,719.39,2026-08-11,726.0,0.04,0.05,0.02,439,659,0.2217,0.0324,0.02044,-0.045,0.0116
2026-08-11 15:39:25,719.39,2026-08-11,727.0,0.01,0.04,0.03,1857,760,0.2268,0.0189,0.0127,-0.025,0.0074
2026-08-11 15:39:25,719.39,2026-08-11,728.0,0.01,0.04,0.02,2959,436,0.2519,0.0172,0.01057,-0.025,0.0068
2026-08-11 15:39:25,719.39,2026-08-11,729.0,0.03,0.04,0.01,4947,901,0.2906,0.0205,0.01061,-0.035,0.0079
2026-08-11 15:39:25,719.39,2026-08-11,730.0,0,0.03,0.02,176,4961,0.2919,0.0124,0.00685,-0.02,0.0051
2026-08-11 15:39:25,719.39,2026-08-11,731.0,0.03,0.04,0.03,61,405,0.3409,0.0178,0.00801,-0.035,0.007
2026-08-11 15:39:25,719.39,2026-08-11,732.0,0,0.03,0.01,598,635,0.3115,0.0062,0.00352,-0.01,0.0028
2026-08-11 15:39:25,719.39,2026-08-11,733.0,0,0.03,0.01,1154,442,0.3331,0.0059,0.00312,-0.01,0.0027
2026-08-11 15:39:25,719.39,2026-08-11,734.0,0,0.03,0.01,2,359,0.3545,0.0055,0.00279,-0.01,0.0025
2026-08-11 15:40:27,719.18,2026-08-11,705.0,14.3,14.52,16.11,65,257,0.5657,0.9443,0.01242,-0.23,0.0179
2026-08-11 15:40:27,719.18,2026-08-11,706.0,13.15,13.27,15.35,5,442,0.3474,0.9919,0.00401,-0.03,0.0036
2026-08-11 15:40:27,719.18,2026-08-11,707.0,12.27,12.42,14.3,9,283,0.4649,0.9516,0.01352,-0.165,0.0161
2026-08-11 15:40:27,719.18,2026-08-11,708.0,11.18,11.48,13.44,2,188,0.4247,0.9522,0.01465,-0.15,0.0159
2026-08-11 15:40:27,719.18,2026-08-11,709.0,10.57,10.7,12.53,2,263,0.5233,0.8913,0.02229,-0.455,0.0298
2026-08-11 15:40:27,719.18,2026-08-11,710.0,9.26,9.35,10.5,8,353,0.3478,0.9524,0.01783,-0.125,0.0158
2026-08-11 15:40:27,719.18,2026-08-11,711.0,8.09,8.43,8.57,44,84,0.2864,0.9644,0.01713,-0.08,0.0125
2026-08-11 15:40:27,719.18,2026-08-11,712.0,7.42,7.73,9.48,67,334,0.3908,0.8774,0.03251,-0.395,0.0325
2026-08-11 15:40:27,719.18,2026-08-11,713.0,6.4,6.83,8.88,2,1563,0.3634,0.8589,0.03853,-0.435,0.0358
2026-08-11 15:40:27,719.18,2026-08-11,714.0,5.23,5.4,6.17,29,642,0.226,0.9259,0.03883,-0.135,0.0224
2026-08-11 15:40:27,719.18,2026-08-11,715.0,4.37,4.49,4.47,485,1251,0.2314,0.8729,0.05631,-0.25,0.0333
2026-08-11 15:40:27,719.18,2026-08-11,716.0,3.63,3.67,3.68,647,1550,0.245,0.7941,0.07277,-0.47,0.0455
2026-08-11 15:40:27,719.18,2026-08-11,717.0,2.92,2.99,2.96,163,633,0.2556,0.7058,0.08436,-0.775,0.0551
2026-08-11 15:40:27,719.18,2026-08-11,718.0,2.18,2.23,2.18,476,1091,0.2408,0.6231,0.0987,-1.025,0.0607
2026-08-11 15:40:27,719.18,2026-08-11,719.0,1.39,1.4,1.41,2400,623,0.2031,0.5249,0.12264,-1.215,0.0636
2026-08-11 15:40:27,719.18,2026-08-11,720.0,0.85,0.9,0.86,49115,550,0.1937,0.3984,0.12464,-0.875,0.0617
2026-08-11 15:40:27,719.18,2026-08-11,721.0,0.58,0.59,0.59,3978,571,0.2024,0.2894,0.10575,-0.585,0.0547
2026-08-11 15:40:27,719.18,2026-08-11,722.0,0.32,0.33,0.33,13865,935,0.1974,0.1881,0.08547,-0.325,0.0431
2026-08-11 15:40:27,719.18,2026-08-11,723.0,0.16,0.17,0.17,18022,1120,0.1937,0.1105,0.06095,-0.165,0.0301
2026-08-11 15:40:27,719.18,2026-08-11,724.0,0.09,0.1,0.1,39495,419,0.2003,0.0676,0.04084,-0.095,0.0209
2026-08-11 15:40:27,719.18,2026-08-11,725.0,0.06,0.07,0.07,1413,1752,0.2145,0.0461,0.02818,-0.065,0.0154
2026-08-11 15:40:27,719.18,2026-08-11,726.0,0.04,0.05,0.02,439,659,0.228,0.0317,0.01955,-0.045,0.0114
2026-08-11 15:40:27,719.18,2026-08-11,727.0,0.03,0.04,0.03,1865,760,0.245,0.0239,0.01435,-0.035,0.009
2026-08-11 15:40:27,719.18,2026-08-11,728.0,0.03,0.04,0.02,3000,436,0.271,0.0218,0.01203,-0.035,0.0083
2026-08-11 15:40:27,719.18,2026-08-11,729.0,0.01,0.04,0.01,4949,901,0.2824,0.0156,0.00867,-0.025,0.0063
2026-08-11 15:40:27,719.18,2026-08-11,730.0,0,0.03,0.02,176,4961,0.2976,0.0122,0.00665,-0.02,0.0051
2026-08-11 15:40:27,719.18,2026-08-11,731.0,0.03,0.04,0.01,61,405,0.3469,0.0175,0.0078,-0.035,0.0069
2026-08-11 15:40:27,719.18,2026-08-11,732.0,0,0.03,0.01,610,635,0.3167,0.0061,0.00343,-0.01,0.0028
2026-08-11 15:40:27,719.18,2026-08-11,733.0,0,0.01,0.01,1162,442,0.3383,0.0058,0.00304,-0.01,0.0026
2026-08-11 15:40:27,719.18,2026-08-11,734.0,0,0.01,0.01,2,359,0.3598,0.0055,0.00272,-0.01,0.0025
2026-08-11 15:41:29,719.32,2026-08-11,705.0,14.3,14.52,16.11,65,257,0.4694,0.9737,0.00813,-0.09,0.0097
2026-08-11 15:41:29,719.32,2026-08-11,706.0,12.9,13.62,15.35,5,442,,,,,
2026-08-11 15:41:29,719.32,2026-08-11,707.0,12.1,12.56,14.3,9,283,,,,,
2026-08-11 15:41:29,719.32,2026-08-11,708.0,11.18,11.48,13.44,2,188,,,,,
2026-08-11 15:41:29,719.32,2026-08-11,709.0,10.57,10.7,12.53,2,263,0.4782,0.9147,0.02046,-0.315,0.0249
2026-08-11 15:41:29,719.32,2026-08-11,710.0,9.16,9.52,10.5,8,353,0.2253,0.9956,0.00361,-0.02,0.0021
2026-08-11 15:41:29,719.32,2026-08-11,711.0,8.039,8.62,8.57,44,84,,,,,
2026-08-11 15:41:29,719.32,2026-08-11,712.0,7.42,7.73,9.48,67,334,0.3492,0.9078,0.02968,-0.255,0.0264
2026-08-11 15:41:29,719.32,2026-08-11,713.0,6.4,6.83,8.88,2,1563,0.3271,0.8894,0.03619,-0.295,0.0301
2026-08-11 15:41:29,719.32,2026-08-11,714.0,5.34,5.57,6.17,30,642,0.2311,0.9272,0.03755,-0.135,0.0221
2026-08-11 15:41:29,719.32,2026-08-11,715.0,4.4,4.55,4.43,486,1251,0.2052,0.9083,0.05029,-0.155,0.0263
2026-08-11 15:41:29,719.32,2026-08-11,716.0,3.68,3.69,3.5,649,1550,0.2275,0.8221,0.07175,-0.365,0.0415
2026-08-11 15:41:29,719.32,2026-08-11,717.0,2.92,2.99,2.99,163,633,0.2374,0.7324,0.0869,-0.635,0.0525
2026-08-11 15:41:29,719.32,2026-08-11,718.0,1.95,1.99,1.99,486,1091,0.1863,0.6743,0.12121,-0.65,0.0575
2026-08-11 15:41:29,719.32,2026-08-11,719.0,1.38,1.4,1.4,2561,623,0.191,0.5447,0.13013,-1.07,0.0632
2026-08-11 15:41:29,719.32,2026-08-11,720.0,0.89,0.9,0.9,49890,550,0.1882,0.4132,0.12974,-0.895,0.0621
2026-08-11 15:41:29,719.32,2026-08-11,721.0,0.58,0.59,0.59,4007,571,0.1953,0.2975,0.11119,-0.585,0.0553
2026-08-11 15:41:29,719.32,2026-08-11,722.0,0.32,0.33,0.33,14426,935,0.1917,0.1928,0.08954,-0.325,0.0437
2026-08-11 15:41:29,719.32,2026-08-11,723.0,0.16,0.17,0.17,18366,1120,0.1889,0.113,0.0636,-0.165,0.0306
2026-08-11 15:41:29,719.32,2026-08-11,724.0,0.05,0.06,0.1,39565,419,0.1746,0.0477,0.03566,-0.055,0.0158
2026-08-11 15:41:29,719.32,2026-08-11,725.0,0.06,0.07,0.07,1413,1752,0.2107,0.0468,0.02912,-0.065,0.0156
2026-08-11 15:41:29,719.32,2026-08-11,726.0,0.04,0.05,0.02,439,659,0.2245,0.0322,0.02013,-0.045,0.0115
2026-08-11 15:41:29,719.32,2026-08-11,727.0,0.01,0.04,0.03,1868,760,0.2295,0.0188,0.01253,-0.025,0.0073
2026-08-11 15:41:29,719.32,2026-08-11,728.0,0.01,0.04,0.03,3000,436,0.2547,0.0171,0.01044,-0.025,0.0068
2026-08-11 15:41:29,719.32,2026-08-11,729.0,0.01,0.02,0.02,4950,901,0.2608,0.0106,0.00674,-0.015,0.0045
2026-08-11 15:41:29,719.32,2026-08-11,730.0,0,0.03,0.02,176,4961,0.2948,0.0123,0.00678,-0.02,0.0051
2026-08-11 15:41:29,719.32,2026-08-11,731.0,0.03,0.04,0.01,61,405,0.3441,0.0177,0.00794,-0.035,0.007
2026-08-11 15:41:29,719.32,2026-08-11,732.0,0,0.01,0.01,626,635,0.3142,0.0062,0.00349,-0.01,0.0028
2026-08-11 15:41:29,719.32,2026-08-11,733.0,0,0.03,0.01,1168,442,0.3359,0.0058,0.00309,-0.01,0.0026
2026-08-11 15:41:29,719.32,2026-08-11,734.0,0,0.01,0.01,2,359,0.3574,0.0055,0.00276,-0.01,0.0025
2026-08-11 15:42:30,719.26,2026-08-11,705.0,14.06,14.24,16.11,65,257,,,,,
2026-08-11 15:42:30,719.26,2026-08-11,706.0,13.09,13.74,15.35,5,442,0.49,0.9576,0.01158,-0.15,0.0144
2026-08-11 15:42:30,719.26,2026-08-11,707.0,11.93,12.69,14.3,9,283,0.3585,0.9851,0.00658,-0.045,0.006
2026-08-11 15:42:30,719.26,2026-08-11,708.0,11.01,11.47,13.44,2,188,,,,,
2026-08-11 15:42:30,719.26,2026-08-11,709.0,10.57,10.7,12.53,2,263,0.4985,0.905,0.02131,-0.37,0.0269
2026-08-11 15:42:30,719.26,2026-08-11,710.0,9.16,9.4,10.5,8,353,0.1549,0.9999,0.00012,-0.015,0.0
2026-08-11 15:42:30,719.26,2026-08-11,711.0,8.08,8.37,8.57,44,84,,,,,
2026-08-11 15:42:30,719.26,2026-08-11,712.0,7.35,7.56,9.48,67,334,0.3216,0.9241,0.02792,-0.19,0.0228
2026-08-11 15:42:30,719.26,2026-08-11,713.0,6.23,6.51,8.88,2,1563,0.2469,0.946,0.02789,-0.105,0.0175
2026-08-11 15:42:30,719.26,2026-08-11,714.0,5.33,5.59,5.57,30,642,0.2542,0.9053,0.04167,-0.195,0.0269
2026-08-11 15:42:30,719.26,2026-08-11,715.0,4.42,4.55,4.72,486,1251,0.2263,0.8838,0.05428,-0.22,0.0311
2026-08-11 15:42:30,719.26,2026-08-11,716.0,3.54,3.66,3.67,651,1550,0.2183,0.8285,0.07321,-0.335,0.0405
2026-08-11 15:42:30,719.26,2026-08-11,717.0,2.7,2.74,2.99,169,633,0.1998,0.7643,0.09678,-0.455,0.049
2026-08-11 15:42:30,719.26,2026-08-11,718.0,1.98,1.99,1.99,517,1091,0.1956,0.6604,0.1176,-0.72,0.0583
2026-08-11 15:42:30,719.26,2026-08-11,719.0,1.33,1.35,1.41,2671,623,0.1881,0.5381,0.13258,-1.075,0.0632
2026-08-11 15:42:30,719.26,2026-08-11,720.0,0.87,0.88,0.88,50884,550,0.189,0.4063,0.12894,-0.875,0.0618
2026-08-11 15:42:30,719.26,2026-08-11,721.0,0.51,0.52,0.59,5598,571,0.1857,0.2813,0.11411,-0.515,0.0537
2026-08-11 15:42:30,719.26,2026-08-11,722.0,0.24,0.29,0.29,15261,935,0.1802,0.1725,0.08904,-0.265,0.0407
2026-08-11 15:42:30,719.26,2026-08-11,723.0,0.11,0.16,0.16,18621,1120,0.181,0.0993,0.06059,-0.135,0.0278
2026-08-11 15:42:30,719.26,2026-08-11,724.0,0.05,0.1,0.1,39679,419,0.1882,0.0585,0.03895,-0.075,0.0186
2026-08-11 15:42:30,719.26,2026-08-11,725.0,0.02,0.07,0.06,1618,1752,0.1985,0.0359,0.02496,-0.045,0.0126
2026-08-11 15:42:30,719.26,2026-08-11,726.0,0.01,0.05,0.04,478,659,0.2117,0.0238,0.01661,-0.03,0.0089
2026-08-11 15:42:30,719.26,2026-08-11,727.0,0.01,0.04,0.03,1870,760,0.2314,0.0187,0.0124,-0.025,0.0073
2026-08-11 15:42:30,719.26,2026-08-11,728.0,0.03,0.04,0.01,3091,436,0.2698,0.022,0.0122,-0.035,0.0083
2026-08-11 15:42:30,719.26,2026-08-11,729.0,0.01,0.02,0.03,4957,901,0.2626,0.0105,0.00668,-0.015,0.0044
2026-08-11 15:42:30,719.26,2026-08-11,730.0,0,0.03,0.02,176,4961,0.2967,0.0122,0.00673,-0.02,0.0051
2026-08-11 15:42:30,719.26,2026-08-11,731.0,0.01,0.02,0.01,85,405,0.3088,0.0091,0.005,-0.015,0.0039
2026-08-11 15:42:30,719.26,2026-08-11,732.0,0,0.01,0.01,733,635,0.3161,0.0062,0.00347,-0.01,0.0028
2026-08-11 15:42:30,719.26,2026-08-11,733.0,0,0.03,0.01,1178,442,0.3378,0.0058,0.00307,-0.01,0.0026
2026-08-11 15:42:30,719.26,2026-08-11,734.0,0,0.01,0.01,2,359,0.3593,0.0055,0.00275,-0.01,0.0025
2026-08-11 15:43:32,719.63,2026-08-11,705.0,14.19,14.56,16.11,65,257,,,,,
2026-08-11 15:43:32,719.63,2026-08-11,706.0,13.1,13.48,15.35,5,442,,,,,
2026-08-11 15:43:32,719.63,2026-08-11,707.0,12.27,12.76,14.3,9,283,,,,,
2026-08-11 15:43:32,719.63,2026-08-11,708.0,11.48,11.86,13.44,2,188,0.3344,0.9865,0.0065,-0.04,0.0055
2026-08-11 15:43:32,719.63,2026-08-11,709.0,10.24,10.61,12.53,2,263,,,,,
2026-08-11 15:43:32,719.63,2026-08-11,710.0,9.3,9.68,10.5,8,353,,,,,
2026-08-11 15:43:32,719.63,2026-08-11,711.0,8.35,8.68,8.57,44,84,,,,,
2026-08-11 15:43:32,719.63,2026-08-11,712.0,7.26,7.66,9.48,67,334,,,,,
2026-08-11 15:43:32,719.63,2026-08-11,713.0,6.36,6.58,6.64,3,1563,,,,,
2026-08-11 15:43:32,719.63,2026-08-11,714.0,5.53,5.72,5.57,30,642,,,,,
2026-08-11 15:43:32,719.63,2026-08-11,715.0,4.6,4.84,4.72,486,1251,0.1874,0.9414,0.03926,-0.09,0.0186
2026-08-11 15:43:32,719.63,2026-08-11,716.0,3.78,3.9,3.62,651,1550,0.1993,0.8761,0.06458,-0.21,0.0325
2026-08-11 15:43:32,719.63,2026-08-11,717.0,2.94,3.03,3.05,183,633,0.1956,0.8036,0.08907,-0.355,0.044
2026-08-11 15:43:32,719.63,2026-08-11,718.0,2.21,2.22,2.24,600,1091,0.1926,0.7054,0.11262,-0.585,0.0548
2026-08-11 15:43:32,719.63,2026-08-11,719.0,1.53,1.54,1.51,2868,623,0.1869,0.5868,0.1311,-0.905,0.0619
2026-08-11 15:43:32,719.63,2026-08-11,720.0,0.97,0.98,0.98,51922,550,0.1803,0.4515,0.13816,-0.975,0.0629
2026-08-11 15:43:32,719.63,2026-08-11,721.0,0.56,0.57,0.57,6958,571,0.1755,0.3144,0.12726,-0.565,0.0564
2026-08-11 15:43:32,719.63,2026-08-11,722.0,0.31,0.32,0.32,16078,935,0.1763,0.2013,0.10029,-0.315,0.0447
2026-08-11 15:43:32,719.63,2026-08-11,723.0,0.12,0.13,0.13,18815,1120,0.1647,0.1008,0.06745,-0.125,0.0281
2026-08-11 15:43:32,719.63,2026-08-11,724.0,0.09,0.1,0.1,40213,419,0.1868,0.0721,0.04626,-0.095,0.0218
2026-08-11 15:43:32,719.63,2026-08-11,725.0,0.02,0.07,0.06,1922,1752,0.1884,0.0376,0.02737,-0.045,0.013
2026-08-11 15:43:32,719.63,2026-08-11,726.0,0.01,0.05,0.05,490,659,0.2024,0.0247,0.01801,-0.03,0.0092
2026-08-11 15:43:32,719.63,2026-08-11,727.0,0.01,0.02,0.03,2070,760,0.2068,0.0131,0.01024,-0.015,0.0054
2026-08-11 15:43:32,719.63,2026-08-11,728.0,0.01,0.04,0.03,3113,436,0.2478,0.0176,0.01102,-0.025,0.0069
2026-08-11 15:43:32,719.63,2026-08-11,729.0,0.01,0.02,0.02,4990,901,0.2545,0.0109,0.00708,-0.015,0.0046
2026-08-11 15:43:32,719.63,2026-08-11,730.0,0,0.03,0.02,176,4961,0.2884,0.0126,0.00709,-0.02,0.0052
2026-08-11 15:43:32,719.63,2026-08-11,731.0,0.03,0.04,0.01,85,405,0.3375,0.018,0.00827,-0.035,0.0071
2026-08-11 15:43:32,719.63,2026-08-11,732.0,0,0.03,0.01,764,635,0.3086,0.0063,0.00363,-0.01,0.0028
2026-08-11 15:43:32,719.63,2026-08-11,733.0,0,0.01,0.01,1194,442,0.3304,0.0059,0.00321,-0.01,0.0027
2026-08-11 15:43:32,719.63,2026-08-11,734.0,0,0.01,0.01,2,359,0.352,0.0056,0.00286,-0.01,0.0025
2026-08-11 15:44:33,719.62,2026-08-11,705.0,14.68,15.04,16.11,65,257,0.5897,0.9437,0.0121,-0.24,0.018
2026-08-11 15:44:33,719.62,2026-08-11,706.0,13.43,14.08,15.35,5,442,0.4915,0.9617,0.01067,-0.135,0.0132
2026-08-11 15:44:33,719.62,2026-08-11,707.0,12.67,12.94,14.3,9,283,0.4944,0.9485,0.01346,-0.185,0.0167
2026-08-11 15:44:33,719.62,2026-08-11,708.0,11.26,12.09,13.44,2,188,0.3582,0.9807,0.00827,-0.055,0.0075
2026-08-11 15:44:33,719.62,2026-08-11,709.0,10.54,10.96,12.53,2,263,0.3978,0.9556,0.01485,-0.13,0.0149
2026-08-11 15:44:33,719.62,2026-08-11,710.0,9.43,9.94,10.5,8,353,0.3159,0.9737,0.01215,-0.065,0.0097
2026-08-11 15:44:33,719.62,2026-08-11,711.0,8.65,8.79,8.57,44,84,0.3168,0.9584,0.01771,-0.1,0.0141
2026-08-11 15:44:33,719.62,2026-08-11,712.0,7.5,7.86,9.48,67,334,0.2553,0.9711,0.01627,-0.06,0.0105
2026-08-11 15:44:33,719.62,2026-08-11,713.0,6.52,6.78,6.64,3,1563,0.1916,0.9859,0.0118,-0.03,0.0057
2026-08-11 15:44:33,719.62,2026-08-11,714.0,5.57,5.95,5.86,36,642,0.2448,0.9278,0.03542,-0.14,0.0218
2026-08-11 15:44:33,719.62,2026-08-11,715.0,4.87,5.01,4.96,491,1251,0.271,0.8609,0.05154,-0.32,0.0352
2026-08-11 15:44:33,719.62,2026-08-11,716.0,3.95,4.04,4.019,655,1550,0.2442,0.8272,0.06599,-0.375,0.0406
2026-08-11 15:44:33,719.62,2026-08-11,717.0,3.01,3.04,3.13,222,633,0.2067,0.7902,0.08782,-0.405,0.0457
2026-08-11 15:44:33,719.62,2026-08-11,718.0,2.19,2.3,2.3,638,1091,0.1997,0.698,0.11005,-0.625,0.0553
2026-08-11 15:44:33,719.62,2026-08-11,719.0,1.56,1.58,1.59,2975,623,0.1939,0.5827,0.12692,-0.95,0.0619
2026-08-11 15:44:33,719.62,2026-08-11,720.0,0.96,0.97,1.01,52955,550,0.1798,0.4499,0.13876,-0.965,0.0628
2026-08-11 15:44:33,719.62,2026-08-11,721.0,0.54,0.59,0.59,8764,571,0.1764,0.3137,0.12673,-0.565,0.0563
2026-08-11 15:44:33,719.62,2026-08-11,722.0,0.32,0.33,0.33,17292,935,0.1794,0.2039,0.09953,-0.325,0.0449
2026-08-11 15:44:33,719.62,2026-08-11,723.0,0.17,0.18,0.18,19676,1120,0.1819,0.1228,0.07044,-0.175,0.0323
2026-08-11 15:44:33,719.62,2026-08-11,724.0,0.09,0.1,0.1,40326,419,0.1875,0.072,0.04612,-0.095,0.0218
2026-08-11 15:44:33,719.62,2026-08-11,725.0,0.02,0.07,0.06,2826,1752,0.1891,0.0376,0.02729,-0.045,0.013
2026-08-11 15:44:33,719.62,2026-08-11,726.0,0.01,0.02,0.02,495,659,0.1831,0.0146,0.01276,-0.015,0.0059
2026-08-11 15:44:33,719.62,2026-08-11,727.0,0.01,0.04,0.03,2077,760,0.2231,0.0193,0.0133,-0.025,0.0075
2026-08-11 15:44:33,719.62,2026-08-11,728.0,0.03,0.04,0.03,3126,436,0.2615,0.0227,0.01297,-0.035,0.0085
2026-08-11 15:44:33,719.62,2026-08-11,729.0,0.01,0.04,0.03,5008,901,0.2736,0.0161,0.00929,-0.025,0.0064
2026-08-11 15:44:33,719.62,2026-08-11,730.0,0,0.01,0.02,187,4961,0.2893,0.0126,0.00708,-0.02,0.0052
2026-08-11 15:44:33,719.62,2026-08-11,731.0,0.01,0.04,0.01,92,405,0.3226,0.0139,0.00694,-0.025,0.0056
2026-08-11 15:44:33,719.62,2026-08-11,732.0,0,0.03,0.01,777,635,0.3094,0.0063,0.00362,-0.01,0.0028
2026-08-11 15:44:33,719.62,2026-08-11,733.0,0,0.01,0.01,1194,442,0.3313,0.0059,0.0032,-0.01,0.0027
2026-08-11 15:44:33,719.62,2026-08-11,734.0,0,0.03,0.01,2,359,0.353,0.0056,0.00286,-0.01,0.0025
