run_time,spot,expiration,strike,bid,ask,last,volume,open_interest,iv,delta,gamma,theta,vega
2026-10-01 13:45:24,742.12,2026-10-01,728.0,12.32,16.14,12.49,35,130,0.3834,0.9703,0.00889,-0.11,0.0134
2026-10-01 13:45:24,742.12,2026-10-01,729.0,12.38,15.16,13.24,1,390,0.5612,0.8849,0.01746,-0.65,0.0385
2026-10-01 13:45:24,742.12,2026-10-01,730.0,10.68,13.45,10.61,167,1877,,,,,
2026-10-01 13:45:24,742.12,2026-10-01,731.0,9.51,13.1,11.98,240,227,0.3545,0.9456,0.01571,-0.185,0.0219
2026-10-01 13:45:24,742.12,2026-10-01,732.0,9.92,11.09,10.34,8,694,0.3987,0.9029,0.02175,-0.385,0.034
2026-10-01 13:45:24,742.12,2026-10-01,733.0,9.04,9.79,9.8,3,358,0.3425,0.9131,0.02331,-0.295,0.0313
2026-10-01 13:45:24,742.12,2026-10-01,734.0,8.45,10.2,7.33,216,411,0.5094,0.7934,0.02829,-1.205,0.0566
2026-10-01 13:45:24,742.12,2026-10-01,735.0,7.44,7.93,7.84,16,1086,0.3511,0.85,0.03352,-0.565,0.0462
2026-10-01 13:45:24,742.12,2026-10-01,736.0,6.81,6.99,6.99,12,1570,0.3594,0.8081,0.03834,-0.78,0.0541
2026-10-01 13:45:24,742.12,2026-10-01,737.0,6.03,6.12,6.09,1,1269,0.3528,0.7712,0.04331,-0.955,0.06
2026-10-01 13:45:24,742.12,2026-10-01,738.0,5.06,5.21,5.22,17,2192,0.3229,0.7433,0.05036,-1.015,0.0638
2026-10-01 13:45:24,742.12,2026-10-01,739.0,4.38,4.44,4.44,61,2072,0.3214,0.6911,0.05532,-1.29,0.0698
2026-10-01 13:45:24,742.12,2026-10-01,740.0,3.71,3.75,3.88,275,7644,0.3186,0.6346,0.05956,-1.61,0.0745
2026-10-01 13:45:24,742.12,2026-10-01,741.0,3.16,3.18,3.18,984,625,0.3239,0.5724,0.06114,-2.05,0.0777
2026-10-01 13:45:24,742.12,2026-10-01,742.0,2.61,2.62,2.62,813,791,0.3218,0.5106,0.06256,-2.495,0.079
2026-10-01 13:45:24,742.12,2026-10-01,743.0,2.05,2.07,2.04,946,1170,0.3117,0.4465,0.06402,-2.06,0.0783
2026-10-01 13:45:24,742.12,2026-10-01,744.0,1.57,1.58,1.6,2456,984,0.302,0.3798,0.06363,-1.575,0.0754
2026-10-01 13:45:24,742.12,2026-10-01,745.0,1.21,1.26,1.26,2191,3180,0.3028,0.3187,0.05951,-1.235,0.0707
2026-10-01 13:45:24,742.12,2026-10-01,746.0,0.97,0.98,0.98,852,1342,0.307,0.2648,0.05384,-0.975,0.0649
2026-10-01 13:45:24,742.12,2026-10-01,747.0,0.7,0.71,0.73,637,2595,0.3011,0.2097,0.04827,-0.705,0.057
2026-10-01 13:45:24,742.12,2026-10-01,748.0,0.49,0.5,0.54,325,1417,0.2959,0.1608,0.04164,-0.495,0.0484
2026-10-01 13:45:24,742.12,2026-10-01,749.0,0.35,0.36,0.36,697,1391,0.2958,0.1229,0.03471,-0.355,0.0403
2026-10-01 13:45:24,742.12,2026-10-01,750.0,0.24,0.25,0.29,2083,4016,0.2944,0.0908,0.02802,-0.245,0.0324
2026-10-01 13:45:24,742.12,2026-10-01,751.0,0.17,0.18,0.18,412,1052,0.297,0.0678,0.02227,-0.175,0.026
2026-10-01 13:45:24,742.12,2026-10-01,752.0,0.16,0.17,0.17,277,878,0.3184,0.0608,0.01908,-0.165,0.0238
2026-10-01 13:45:24,742.12,2026-10-01,753.0,0.12,0.13,0.08,383,2353,0.3243,0.0471,0.01531,-0.125,0.0195
2026-10-01 13:45:24,742.12,2026-10-01,754.0,0.09,0.1,0.09,22,606,0.3305,0.0365,0.01223,-0.095,0.0159
2026-10-01 13:45:24,742.12,2026-10-01,755.0,0.07,0.08,0.07,49,2022,0.3388,0.0291,0.00988,-0.075,0.0131
2026-10-01 13:45:24,742.12,2026-10-01,756.0,0.06,0.07,0.01,50,1599,0.352,0.0248,0.00832,-0.065,0.0115
2026-10-01 13:45:24,742.12,2026-10-01,757.0,0.05,0.06,0.05,72,6062,0.3634,0.0208,0.00694,-0.055,0.0099
2026-10-01 13:46:26,741.38,2026-10-01,727.0,13.72,15.93,13.6,26,146,0.5407,0.9143,0.01464,-0.445,0.0309
2026-10-01 13:46:26,741.38,2026-10-01,728.0,12.49,15.07,14.05,4,130,0.4977,0.9164,0.01562,-0.4,0.0304
2026-10-01 13:46:26,741.38,2026-10-01,729.0,12.26,14.38,13.24,1,390,0.6079,0.8529,0.01915,-0.94,0.0455
2026-10-01 13:46:26,741.38,2026-10-01,730.0,10.58,13.16,12.18,2,1877,0.4668,0.8946,0.01976,-0.49,0.036
2026-10-01 13:46:26,741.38,2026-10-01,731.0,9.55,11.65,11.98,240,227,0.3511,0.935,0.01827,-0.22,0.0251
2026-10-01 13:46:26,741.38,2026-10-01,732.0,9.43,10.75,10.34,10,694,0.4582,0.8534,0.02536,-0.71,0.0454
2026-10-01 13:46:26,741.38,2026-10-01,733.0,8.42,9.93,9.92,16,358,0.4425,0.8345,0.02844,-0.795,0.0492
2026-10-01 13:46:26,741.38,2026-10-01,734.0,7.52,8.22,7.33,7,411,0.3435,0.8644,0.03208,-0.49,0.043
2026-10-01 13:46:26,741.38,2026-10-01,735.0,6.84,6.91,6.93,38,1086,0.3123,0.8522,0.0374,-0.495,0.0456
2026-10-01 13:46:26,741.38,2026-10-01,736.0,5.95,6.02,6.02,37,1570,0.3009,0.8201,0.04411,-0.605,0.0518
2026-10-01 13:46:26,741.38,2026-10-01,737.0,5.1,5.17,5.41,20,1269,0.2915,0.7794,0.05147,-0.755,0.0586
2026-10-01 13:46:26,741.38,2026-10-01,738.0,4.46,4.49,4.72,26,2192,0.305,0.7156,0.05626,-1.095,0.067
2026-10-01 13:46:26,741.38,2026-10-01,739.0,3.75,3.8,3.8,123,2072,0.3028,0.6577,0.06139,-1.395,0.0726
2026-10-01 13:46:26,741.38,2026-10-01,740.0,3.08,3.11,3.11,626,7644,0.2954,0.5966,0.06633,-1.715,0.0765
2026-10-01 13:46:26,741.38,2026-10-01,741.0,2.63,2.65,2.65,1263,625,0.3087,0.528,0.06523,-2.26,0.0787
2026-10-01 13:46:26,741.38,2026-10-01,742.0,2.05,2.07,2.07,1867,791,0.2975,0.4611,0.06753,-2.06,0.0785
2026-10-01 13:46:26,741.38,2026-10-01,743.0,1.64,1.66,1.66,2414,1170,0.2994,0.3953,0.06508,-1.65,0.0761
2026-10-01 13:46:26,741.38,2026-10-01,744.0,1.27,1.28,1.28,3525,984,0.2973,0.331,0.06169,-1.275,0.0717
2026-10-01 13:46:26,741.38,2026-10-01,745.0,0.94,0.95,0.97,4865,3180,0.2925,0.2687,0.05705,-0.945,0.0652
2026-10-01 13:46:26,741.38,2026-10-01,746.0,0.69,0.74,0.74,2825,1342,0.294,0.2163,0.05046,-0.715,0.058
2026-10-01 13:46:26,741.38,2026-10-01,747.0,0.53,0.54,0.54,2143,2595,0.2961,0.1713,0.04346,-0.535,0.0503
2026-10-01 13:46:26,741.38,2026-10-01,748.0,0.35,0.36,0.36,731,1417,0.2887,0.1256,0.03621,-0.355,0.0408
2026-10-01 13:46:26,741.38,2026-10-01,749.0,0.28,0.29,0.28,1833,1391,0.2996,0.1016,0.02999,-0.285,0.0351
2026-10-01 13:46:26,741.38,2026-10-01,750.0,0.21,0.22,0.21,3835,4016,0.3054,0.079,0.02439,-0.215,0.0291
2026-10-01 13:46:26,741.38,2026-10-01,751.0,0.16,0.17,0.16,626,1052,0.3126,0.0619,0.01975,-0.165,0.0241
2026-10-01 13:46:26,741.38,2026-10-01,752.0,0.12,0.13,0.12,405,878,0.3189,0.0479,0.01582,-0.125,0.0197
2026-10-01 13:46:26,741.38,2026-10-01,753.0,0.09,0.1,0.09,598,2353,0.3254,0.0371,0.01261,-0.095,0.016
2026-10-01 13:46:26,741.38,2026-10-01,754.0,0.07,0.08,0.07,76,606,0.3339,0.0295,0.01017,-0.075,0.0133
2026-10-01 13:46:26,741.38,2026-10-01,755.0,0.06,0.07,0.06,294,2022,0.3474,0.0251,0.00855,-0.065,0.0116
2026-10-01 13:46:26,741.38,2026-10-01,756.0,0.05,0.06,0.02,339,1599,0.359,0.021,0.00713,-0.055,0.01
2026-10-01 13:47:27,741.36,2026-10-01,727.0,13.7,16.079,13.6,26,146,0.5671,0.9041,0.01521,-0.5295,0.0336
2026-10-01 13:47:27,741.36,2026-10-01,728.0,12.36,15.21,14.05,4,130,0.506,0.9129,0.01587,-0.425,0.0313
2026-10-01 13:47:27,741.36,2026-10-01,729.0,12.11,13.81,13.24,1,390,0.5269,0.8864,0.0185,-0.6,0.038
2026-10-01 13:47:27,741.36,2026-10-01,730.0,10.56,12.34,11.85,5,1877,0.3071,0.9711,0.01089,-0.09,0.013
2026-10-01 13:47:27,741.36,2026-10-01,731.0,9.46,11.79,11.98,240,227,0.3682,0.9256,0.01936,-0.265,0.0278
2026-10-01 13:47:27,741.36,2026-10-01,732.0,9.18,10.66,9.72,10,694,0.4236,0.8718,0.02506,-0.56,0.0413
2026-10-01 13:47:27,741.36,2026-10-01,733.0,8.22,9.06,8.73,18,358,0.3176,0.9114,0.02562,-0.28,0.0317
2026-10-01 13:47:27,741.36,2026-10-01,734.0,7.76,8.05,7.76,9,411,0.3559,0.8556,0.03235,-0.545,0.0449
2026-10-01 13:47:27,741.36,2026-10-01,735.0,7,7.17,6.93,40,1086,0.359,0.8184,0.03723,-0.725,0.0521
2026-10-01 13:47:27,741.36,2026-10-01,736.0,6.09,6.17,5.97,48,1570,0.3313,0.7969,0.04321,-0.77,0.0558
2026-10-01 13:47:27,741.36,2026-10-01,737.0,5.3,5.4,5.16,63,1269,0.3299,0.7516,0.04864,-0.99,0.0625
2026-10-01 13:47:27,741.36,2026-10-01,738.0,4.63,4.68,4.44,106,2192,0.334,0.698,0.05289,-1.295,0.0688
2026-10-01 13:47:27,741.36,2026-10-01,739.0,3.93,3.96,3.85,207,2072,0.3283,0.6453,0.05744,-1.585,0.0735
2026-10-01 13:47:27,741.36,2026-10-01,740.0,3.24,3.32,3.3,1064,7644,0.3215,0.588,0.06134,-1.92,0.0768
2026-10-01 13:47:27,741.36,2026-10-01,741.0,2.68,2.71,2.71,1657,625,0.3175,0.526,0.06353,-2.335,0.0786
2026-10-01 13:47:27,741.36,2026-10-01,742.0,2.11,2.19,2.19,3339,791,0.3106,0.4615,0.06478,-2.15,0.0784
2026-10-01 13:47:27,741.36,2026-10-01,743.0,1.71,1.72,1.72,5029,1170,0.3094,0.3973,0.06315,-1.715,0.0761
2026-10-01 13:47:27,741.36,2026-10-01,744.0,1.29,1.3,1.3,4574,984,0.3015,0.3318,0.06099,-1.295,0.0716
2026-10-01 13:47:27,741.36,2026-10-01,745.0,0.97,0.98,0.98,7685,3180,0.2983,0.2713,0.05629,-0.975,0.0654
2026-10-01 13:47:27,741.36,2026-10-01,746.0,0.75,0.77,0.77,4800,1342,0.3029,0.2219,0.04977,-0.76,0.0587
2026-10-01 13:47:27,741.36,2026-10-01,747.0,0.52,0.57,0.57,2822,2595,0.2992,0.1727,0.04328,-0.545,0.0504
2026-10-01 13:47:27,741.36,2026-10-01,748.0,0.41,0.42,0.42,1374,1417,0.3039,0.137,0.03655,-0.415,0.0433
2026-10-01 13:47:27,741.36,2026-10-01,749.0,0.3,0.31,0.31,2420,1391,0.3063,0.1057,0.03023,-0.305,0.0361
2026-10-01 13:47:27,741.36,2026-10-01,750.0,0.22,0.23,0.23,4688,4016,0.3098,0.0812,0.02459,-0.225,0.0297
2026-10-01 13:47:27,741.36,2026-10-01,751.0,0.16,0.17,0.16,1019,1052,0.3136,0.0618,0.0197,-0.165,0.0241
2026-10-01 13:47:27,741.36,2026-10-01,752.0,0.12,0.13,0.1,602,878,0.3198,0.0479,0.01578,-0.125,0.0197
2026-10-01 13:47:27,741.36,2026-10-01,753.0,0.05,0.06,0.08,697,2353,0.2971,0.0249,0.00993,-0.055,0.0115
2026-10-01 13:47:27,741.36,2026-10-01,754.0,0.03,0.04,0.07,103,606,0.2973,0.0167,0.00706,-0.035,0.0082
2026-10-01 13:47:27,741.36,2026-10-01,755.0,0.06,0.07,0.04,397,2022,0.3483,0.0251,0.00853,-0.065,0.0116
2026-10-01 13:47:27,741.36,2026-10-01,756.0,0.01,0.06,0.05,598,1599,0.3368,0.0149,0.00566,-0.035,0.0074
2026-10-01 13:48:29,740.77,2026-10-01,726.0,14.18,16.55,16.81,3,57,0.5997,0.8985,0.01502,-0.595,0.0349
2026-10-01 13:48:29,740.77,2026-10-01,727.0,12.56,15.97,13.6,1,146,0.5407,0.9057,0.01579,-0.495,0.0331
2026-10-01 13:48:29,740.77,2026-10-01,728.0,11.62,14.43,14.05,4,130,0.4299,0.937,0.01462,-0.255,0.0244
2026-10-01 13:48:29,740.77,2026-10-01,729.0,10.93,13.65,13.24,1,390,0.4886,0.8929,0.01918,-0.52,0.0363
2026-10-01 13:48:29,740.77,2026-10-01,730.0,10,12.07,12.22,7,1877,0.3802,0.9274,0.01843,-0.265,0.0272
2026-10-01 13:48:29,740.77,2026-10-01,731.0,9.44,11.44,11.98,240,227,0.4636,0.8612,0.02423,-0.67,0.0436
2026-10-01 13:48:29,740.77,2026-10-01,732.0,9.1,9.72,9.72,10,694,0.4242,0.8564,0.0271,-0.64,0.0446
2026-10-01 13:48:29,740.77,2026-10-01,733.0,8.23,8.33,8.57,21,358,0.362,0.8651,0.03044,-0.51,0.0427
2026-10-01 13:48:29,740.77,2026-10-01,734.0,7.22,7.32,7.76,9,411,0.3273,0.8561,0.03518,-0.5,0.0447
2026-10-01 13:48:29,740.77,2026-10-01,735.0,6.35,6.43,6.43,44,1086,0.3186,0.824,0.04122,-0.62,0.0509
2026-10-01 13:48:29,740.77,2026-10-01,736.0,5.68,5.73,5.71,49,1570,0.338,0.7663,0.04602,-0.935,0.0603
2026-10-01 13:48:29,740.77,2026-10-01,737.0,4.91,4.93,4.95,70,1269,0.3311,0.7216,0.05148,-1.15,0.0661
2026-10-01 13:48:29,740.77,2026-10-01,738.0,4.27,4.29,4.25,168,2192,0.3383,0.6643,0.05472,-1.51,0.0718
2026-10-01 13:48:29,740.77,2026-10-01,739.0,3.55,3.57,3.58,356,2072,0.3268,0.6115,0.05954,-1.79,0.0755
2026-10-01 13:48:29,740.77,2026-10-01,740.0,2.94,2.95,2.99,1562,7644,0.3221,0.5514,0.06237,-2.175,0.0779
2026-10-01 13:48:29,740.77,2026-10-01,741.0,2.32,2.33,2.33,1938,625,0.3089,0.488,0.06555,-2.325,0.0785
2026-10-01 13:48:29,740.77,2026-10-01,742.0,1.91,1.94,1.94,5192,791,0.3157,0.4247,0.06303,-1.925,0.0772
2026-10-01 13:48:29,740.77,2026-10-01,743.0,1.51,1.52,1.52,8052,1170,0.313,0.3619,0.0608,-1.515,0.0738
2026-10-01 13:48:29,740.77,2026-10-01,744.0,1.15,1.16,1.16,7445,984,0.3085,0.3006,0.05728,-1.155,0.0685
2026-10-01 13:48:29,740.77,2026-10-01,745.0,0.87,0.88,0.88,11236,3180,0.3069,0.2451,0.05202,-0.875,0.0619
2026-10-01 13:48:29,740.77,2026-10-01,746.0,0.66,0.67,0.67,6284,1342,0.3084,0.1976,0.04576,-0.665,0.0547
2026-10-01 13:48:29,740.77,2026-10-01,747.0,0.44,0.45,0.45,3893,2595,0.2984,0.1473,0.0392,-0.445,0.0454
2026-10-01 13:48:29,740.77,2026-10-01,748.0,0.36,0.37,0.37,2485,1417,0.3107,0.1214,0.03296,-0.365,0.0397
2026-10-01 13:48:29,740.77,2026-10-01,749.0,0.27,0.28,0.28,2986,1391,0.3151,0.0949,0.02722,-0.275,0.0333
2026-10-01 13:48:29,740.77,2026-10-01,750.0,0.16,0.21,0.21,5474,4016,0.3117,0.0686,0.02153,-0.185,0.026
2026-10-01 13:48:29,740.77,2026-10-01,751.0,0.15,0.16,0.16,1296,1052,0.3247,0.057,0.01788,-0.155,0.0225
2026-10-01 13:48:29,740.77,2026-10-01,752.0,0.07,0.08,0.08,1187,878,0.3045,0.0321,0.012,-0.075,0.0142
2026-10-01 13:48:29,740.77,2026-10-01,753.0,0.09,0.1,0.1,1124,2353,0.3404,0.0358,0.01174,-0.095,0.0155
2026-10-01 13:48:29,740.77,2026-10-01,754.0,0.03,0.04,0.07,183,606,0.3097,0.0161,0.00659,-0.035,0.0079
2026-10-01 13:48:29,740.77,2026-10-01,755.0,0.06,0.07,0.04,554,2022,0.3615,0.0243,0.00802,-0.065,0.0113
2026-10-01 13:49:30,741.14,2026-10-01,727.0,12.75,15.77,15.58,1,146,0.394,0.9678,0.0093,-0.12,0.0142
2026-10-01 13:49:30,741.14,2026-10-01,728.0,11.71,14.98,14.05,4,130,0.418,0.9474,0.01305,-0.205,0.0211
2026-10-01 13:49:30,741.14,2026-10-01,729.0,12.04,13.92,13.71,13,390,0.5803,0.8603,0.01946,-0.84,0.0437
2026-10-01 13:49:30,741.14,2026-10-01,730.0,11.05,12.32,12.23,13,1877,0.4766,0.886,0.02057,-0.545,0.038
2026-10-01 13:49:30,741.14,2026-10-01,731.0,9.72,11.28,11.98,240,227,0.3946,0.9071,0.02141,-0.36,0.0327
2026-10-01 13:49:30,741.14,2026-10-01,732.0,8.88,9.67,9.72,10,694,0.2831,0.9514,0.01809,-0.135,0.0198
2026-10-01 13:49:30,741.14,2026-10-01,733.0,8.23,8.56,8.99,33,358,0.3043,0.9154,0.0259,-0.255,0.0305
2026-10-01 13:49:30,741.14,2026-10-01,734.0,7.36,7.7,8.08,69,411,0.3133,0.8793,0.03258,-0.39,0.0395
2026-10-01 13:49:30,741.14,2026-10-01,735.0,6.76,6.82,6.89,67,1086,0.3378,0.8252,0.03875,-0.65,0.0507
2026-10-01 13:49:30,741.14,2026-10-01,736.0,5.74,5.86,5.99,52,1570,0.3041,0.8077,0.04567,-0.66,0.0538
2026-10-01 13:49:30,741.14,2026-10-01,737.0,5.13,5.17,5.35,130,1269,0.3252,0.7443,0.05025,-1.01,0.0633
2026-10-01 13:49:30,741.14,2026-10-01,738.0,4.29,4.41,4.53,236,2192,0.3129,0.6981,0.05663,-1.21,0.0686
2026-10-01 13:49:30,741.14,2026-10-01,739.0,3.65,3.67,3.77,373,2072,0.3096,0.6404,0.06138,-1.52,0.0736
2026-10-01 13:49:30,741.14,2026-10-01,740.0,2.99,3.01,3.1,1903,7644,0.3026,0.579,0.06568,-1.86,0.077
2026-10-01 13:49:30,741.14,2026-10-01,741.0,2.43,2.49,2.52,2440,625,0.3029,0.5125,0.06689,-2.32,0.0785
2026-10-01 13:49:30,741.14,2026-10-01,742.0,1.93,2,1.98,6022,791,0.3005,0.4453,0.06684,-1.965,0.0778
2026-10-01 13:49:30,741.14,2026-10-01,743.0,1.57,1.58,1.58,9672,1170,0.303,0.3807,0.06389,-1.575,0.075
2026-10-01 13:49:30,741.14,2026-10-01,744.0,1.22,1.23,1.23,9523,984,0.3025,0.3186,0.05996,-1.225,0.0702
2026-10-01 13:49:30,741.14,2026-10-01,745.0,0.89,0.9,0.9,13629,3180,0.2957,0.2566,0.05536,-0.895,0.0634
2026-10-01 13:49:30,741.14,2026-10-01,746.0,0.69,0.7,0.71,7404,1342,0.3007,0.2087,0.04853,-0.695,0.0565
2026-10-01 13:49:30,741.14,2026-10-01,747.0,0.51,0.52,0.54,5079,2595,0.3014,0.1645,0.04176,-0.515,0.0487
2026-10-01 13:49:30,741.14,2026-10-01,748.0,0.38,0.39,0.39,3427,1417,0.3046,0.1289,0.03509,-0.385,0.0414
2026-10-01 13:49:30,741.14,2026-10-01,749.0,0.24,0.29,0.29,4401,1391,0.302,0.0954,0.02854,-0.265,0.0334
2026-10-01 13:49:30,741.14,2026-10-01,750.0,0.21,0.22,0.22,6399,4016,0.3132,0.0776,0.02358,-0.215,0.0286
2026-10-01 13:49:30,741.14,2026-10-01,751.0,0.15,0.16,0.13,1945,1052,0.3158,0.0584,0.01876,-0.155,0.0229
2026-10-01 13:49:30,741.14,2026-10-01,752.0,0.08,0.13,0.12,1800,878,0.3152,0.0418,0.01439,-0.105,0.0176
2026-10-01 13:49:30,741.14,2026-10-01,753.0,0.09,0.1,0.06,2380,2353,0.3323,0.0366,0.01226,-0.095,0.0158
2026-10-01 13:49:30,741.14,2026-10-01,754.0,0.07,0.08,0.07,2545,606,0.3407,0.0291,0.0099,-0.075,0.0131
2026-10-01 13:49:30,741.14,2026-10-01,755.0,0.02,0.03,0.06,2047,2022,0.308,0.012,0.00514,-0.025,0.0061
2026-10-01 13:49:30,741.14,2026-10-01,756.0,0.01,0.02,0.02,650,1599,0.3068,0.0076,0.00346,-0.015,0.0041
2026-10-01 13:50:31,740.7,2026-10-01,726.0,13.82,16.379,16.81,3,57,0.5381,0.9214,0.01389,-0.3995,0.0288
2026-10-01 13:50:31,740.7,2026-10-01,727.0,12.81,15.4,15.58,1,146,0.5118,0.917,0.01521,-0.405,0.03
2026-10-01 13:50:31,740.7,2026-10-01,728.0,11.83,14.54,14.05,4,130,0.5078,0.9021,0.01733,-0.485,0.0339
2026-10-01 13:50:31,740.7,2026-10-01,729.0,11.5,13.76,13.71,14,390,0.5869,0.8492,0.0203,-0.93,0.046
2026-10-01 13:50:31,740.7,2026-10-01,730.0,10.45,12.08,12.14,15,1877,0.4691,0.8807,0.02162,-0.565,0.0391
2026-10-01 13:50:31,740.7,2026-10-01,731.0,9.71,11.17,11.98,240,227,0.4784,0.8527,0.02452,-0.74,0.0452
2026-10-01 13:50:31,740.7,2026-10-01,732.0,8.9,9.1,9.72,11,694,0.3352,0.9094,0.02479,-0.3,0.032
2026-10-01 13:50:31,740.7,2026-10-01,733.0,8.029,8.109,8.99,33,358,0.3256,0.8884,0.0297,-0.369,0.0373
2026-10-01 13:50:31,740.7,2026-10-01,734.0,7.01,7.1,8.08,93,411,0.2914,0.8818,0.03459,-0.355,0.0389
2026-10-01 13:50:31,740.7,2026-10-01,735.0,6.25,6.41,6.18,69,1086,0.3191,0.8215,0.04166,-0.63,0.0513
2026-10-01 13:50:31,740.7,2026-10-01,736.0,5.39,5.49,5.59,57,1570,0.303,0.7882,0.04868,-0.74,0.0569
2026-10-01 13:50:31,740.7,2026-10-01,737.0,4.73,4.78,4.74,334,1269,0.3146,0.7285,0.05367,-1.055,0.0651
2026-10-01 13:50:31,740.7,2026-10-01,738.0,3.97,3.99,4.019,247,2192,0.3037,0.6777,0.06014,-1.28,0.0704
2026-10-01 13:50:31,740.7,2026-10-01,739.0,3.35,3.45,3.39,625,2072,0.3122,0.6123,0.06248,-1.7,0.0752
2026-10-01 13:50:31,740.7,2026-10-01,740.0,2.8,2.81,2.81,2121,7644,0.3099,0.5489,0.06506,-2.105,0.0778
2026-10-01 13:50:31,740.7,2026-10-01,741.0,2.21,2.28,2.28,2764,625,0.3039,0.4831,0.06679,-2.245,0.0783
2026-10-01 13:50:31,740.7,2026-10-01,742.0,1.82,1.83,1.83,7168,791,0.3074,0.4178,0.06469,-1.825,0.0767
2026-10-01 13:50:31,740.7,2026-10-01,743.0,1.38,1.43,1.43,11498,1170,0.3023,0.3523,0.06255,-1.405,0.0729
2026-10-01 13:50:31,740.7,2026-10-01,744.0,1.09,1.1,1.1,11516,984,0.3036,0.2931,0.05769,-1.095,0.0676
2026-10-01 13:50:31,740.7,2026-10-01,745.0,0.82,0.83,0.83,17015,3180,0.3024,0.2375,0.05206,-0.825,0.0607
2026-10-01 13:50:31,740.7,2026-10-01,746.0,0.57,0.58,0.63,9798,1342,0.2949,0.1829,0.04578,-0.575,0.0521
2026-10-01 13:50:31,740.7,2026-10-01,747.0,0.45,0.46,0.46,5727,2595,0.3037,0.1482,0.03878,-0.455,0.0454
2026-10-01 13:50:31,740.7,2026-10-01,748.0,0.33,0.34,0.34,4155,1417,0.3059,0.1148,0.03227,-0.335,0.0381
2026-10-01 13:50:31,740.7,2026-10-01,749.0,0.24,0.25,0.25,5841,1391,0.3087,0.0879,0.02632,-0.245,0.0313
2026-10-01 13:50:31,740.7,2026-10-01,750.0,0.14,0.15,0.19,7247,4016,0.298,0.058,0.01983,-0.145,0.0228
2026-10-01 13:50:31,740.7,2026-10-01,751.0,0.1,0.11,0.11,2182,1052,0.3027,0.0434,0.01547,-0.105,0.0181
2026-10-01 13:50:31,740.7,2026-10-01,752.0,0.07,0.08,0.08,2407,878,0.3069,0.0319,0.01189,-0.075,0.0141
2026-10-01 13:50:31,740.7,2026-10-01,753.0,0.04,0.09,0.09,2450,2353,0.3212,0.0271,0.0099,-0.065,0.0123
2026-10-01 13:50:31,740.7,2026-10-01,754.0,0.07,0.08,0.04,2578,606,0.3509,0.0284,0.00943,-0.075,0.0128
2026-10-01 13:50:31,740.7,2026-10-01,755.0,0.01,0.06,0.06,2057,2022,0.3318,0.0152,0.00587,-0.035,0.0075
2026-10-01 13:51:42,740.37,2026-10-01,726.0,13.7,16.46,16.81,3,57,0.622,0.885,0.01592,-0.71,0.038
2026-10-01 13:51:42,740.37,2026-10-01,727.0,12.54,15.17,15.58,1,146,0.5287,0.9051,0.0163,-0.485,0.0331
2026-10-01 13:51:42,740.37,2026-10-01,728.0,11.71,14.27,14.05,4,130,0.5363,0.8842,0.01856,-0.62,0.0382
2026-10-01 13:51:42,740.37,2026-10-01,729.0,11.61,13.4,12.74,14,390,0.6197,0.8298,0.02085,-1.135,0.0496
2026-10-01 13:51:42,740.37,2026-10-01,730.0,10.56,11.83,11.76,15,1877,0.5205,0.8492,0.02294,-0.825,0.0459
2026-10-01 13:51:42,740.37,2026-10-01,731.0,9.74,10.96,11.98,240,227,0.5183,0.8257,0.02531,-0.98,0.0504
2026-10-01 13:51:42,740.37,2026-10-01,732.0,8.71,9.64,9.48,13,694,0.4481,0.8332,0.02846,-0.805,0.049
2026-10-01 13:51:42,740.37,2026-10-01,733.0,8.039,8.14,8.99,33,358,0.396,0.8321,0.03235,-0.7195,0.0492
2026-10-01 13:51:42,740.37,2026-10-01,734.0,7.17,7.2,7.09,93,411,0.3791,0.8076,0.03681,-0.815,0.0536
2026-10-01 13:51:42,740.37,2026-10-01,735.0,6.08,6.11,6.28,71,1086,0.3258,0.8028,0.04347,-0.725,0.0544
2026-10-01 13:51:42,740.37,2026-10-01,736.0,5.43,5.47,5.55,88,1570,0.3471,0.7429,0.04741,-1.08,0.0632
2026-10-01 13:51:42,740.37,2026-10-01,737.0,4.68,4.7,4.75,352,1269,0.3405,0.6964,0.05238,-1.32,0.0685
2026-10-01 13:51:42,740.37,2026-10-01,738.0,3.91,3.99,4.04,293,2192,0.3304,0.6459,0.05744,-1.58,0.0729
2026-10-01 13:51:42,740.37,2026-10-01,739.0,3.34,3.37,3.37,779,2072,0.3328,0.5863,0.05972,-1.985,0.0763
2026-10-01 13:51:42,740.37,2026-10-01,740.0,2.74,2.75,2.75,2426,7644,0.3255,0.5262,0.06241,-2.375,0.078
2026-10-01 13:51:42,740.37,2026-10-01,741.0,2.17,2.22,2.24,3193,625,0.318,0.4628,0.06374,-2.195,0.0778
2026-10-01 13:51:42,740.37,2026-10-01,742.0,1.71,1.72,1.72,8509,791,0.3111,0.3977,0.06327,-1.715,0.0756
2026-10-01 13:51:42,740.37,2026-10-01,743.0,1.37,1.38,1.38,12673,1170,0.3144,0.3379,0.05933,-1.375,0.0716
2026-10-01 13:51:42,740.37,2026-10-01,744.0,1.05,1.06,1.07,12780,984,0.3123,0.2796,0.05497,-1.055,0.0659
2026-10-01 13:51:42,740.37,2026-10-01,745.0,0.79,0.8,0.8,19099,3180,0.3107,0.2265,0.04945,-0.795,0.059
2026-10-01 13:51:42,740.37,2026-10-01,746.0,0.55,0.56,0.56,10744,1342,0.303,0.1744,0.04332,-0.555,0.0504
2026-10-01 13:51:42,740.37,2026-10-01,747.0,0.4,0.41,0.41,6302,2595,0.3035,0.1352,0.03655,-0.405,0.0426
2026-10-01 13:51:42,740.37,2026-10-01,748.0,0.33,0.34,0.3,4495,1417,0.3164,0.1119,0.0307,-0.335,0.0373
2026-10-01 13:51:42,740.37,2026-10-01,749.0,0.2,0.25,0.25,6535,1391,0.3118,0.0813,0.02462,-0.225,0.0295
2026-10-01 13:51:42,740.37,2026-10-01,750.0,0.14,0.19,0.19,7593,4016,0.3155,0.0618,0.01973,-0.165,0.0239
2026-10-01 13:51:42,740.37,2026-10-01,751.0,0.1,0.15,0.15,2323,1052,0.3218,0.0479,0.0158,-0.125,0.0195
2026-10-01 13:51:42,740.37,2026-10-01,752.0,0.11,0.12,0.1,2461,878,0.3403,0.0425,0.01357,-0.115,0.0177
2026-10-01 13:51:42,740.37,2026-10-01,753.0,0.04,0.05,0.09,2485,2353,0.3105,0.0202,0.00802,-0.045,0.0096
2026-10-01 13:51:42,740.37,2026-10-01,754.0,0.07,0.08,0.07,2591,606,0.3588,0.0279,0.00911,-0.075,0.0126
2026-10-01 13:51:42,740.37,2026-10-01,755.0,0.01,0.02,0.06,2089,2022,0.3039,0.0077,0.00354,-0.015,0.0041
2026-10-01 13:52:43,741.46,2026-10-01,727.0,12.96,15.29,15.58,1,146,,,,,
2026-10-01 13:52:43,741.46,2026-10-01,728.0,11.82,14.62,14.05,4,130,,,,,
2026-10-01 13:52:43,741.46,2026-10-01,729.0,11.93,13.6,12.74,14,390,0.4449,0.9263,0.01601,-0.31,0.0274
2026-10-01 13:52:43,741.46,2026-10-01,730.0,10.85,11.59,11.78,45,1877,,,,,
2026-10-01 13:52:43,741.46,2026-10-01,731.0,9.84,10.93,11.98,240,227,,,,,
2026-10-01 13:52:43,741.46,2026-10-01,732.0,9.01,9.8,9.8,14,694,,,,,
2026-10-01 13:52:43,741.46,2026-10-01,733.0,8.62,8.78,8.38,36,358,0.311,0.9196,0.02447,-0.245,0.0292
2026-10-01 13:52:43,741.46,2026-10-01,734.0,7.76,7.98,7.09,93,411,0.3307,0.8777,0.03127,-0.415,0.0397
2026-10-01 13:52:43,741.46,2026-10-01,735.0,6.96,7.09,7.14,73,1086,0.3337,0.8411,0.03703,-0.57,0.0475
2026-10-01 13:52:43,741.46,2026-10-01,736.0,6.13,6.14,5.71,90,1570,0.3205,0.8104,0.04314,-0.68,0.0531
2026-10-01 13:52:43,741.46,2026-10-01,737.0,5.26,5.37,5.08,372,1269,0.3147,0.768,0.04947,-0.86,0.0598
2026-10-01 13:52:43,741.46,2026-10-01,738.0,4.44,4.55,4.62,339,2192,0.3025,0.723,0.05647,-1.04,0.0656
2026-10-01 13:52:43,741.46,2026-10-01,739.0,3.82,3.89,3.9,1323,2072,0.3096,0.6602,0.06036,-1.4,0.0718
2026-10-01 13:52:43,741.46,2026-10-01,740.0,3.22,3.24,3.24,2808,7644,0.3098,0.5978,0.06372,-1.775,0.0758
2026-10-01 13:52:43,741.46,2026-10-01,741.0,2.66,2.68,2.68,3970,625,0.3101,0.5329,0.06542,-2.215,0.0779
2026-10-01 13:52:43,741.46,2026-10-01,742.0,2.07,2.12,2.14,10452,791,0.3001,0.4662,0.06759,-2.095,0.0779
2026-10-01 13:52:43,741.46,2026-10-01,743.0,1.66,1.68,1.68,14703,1170,0.3007,0.3997,0.06555,-1.67,0.0757
2026-10-01 13:52:43,741.46,2026-10-01,744.0,1.29,1.3,1.3,14383,984,0.2992,0.3352,0.06214,-1.295,0.0714
2026-10-01 13:52:43,741.46,2026-10-01,745.0,0.98,0.99,0.99,21802,3180,0.298,0.275,0.05713,-0.985,0.0654
2026-10-01 13:52:43,741.46,2026-10-01,746.0,0.69,0.7,0.74,11821,1342,0.2903,0.2151,0.05138,-0.695,0.0573
2026-10-01 13:52:43,741.46,2026-10-01,747.0,0.5,0.55,0.55,7425,2595,0.294,0.1709,0.04405,-0.525,0.0498
2026-10-01 13:52:43,741.46,2026-10-01,748.0,0.35,0.4,0.4,5143,1417,0.2937,0.1304,0.03684,-0.375,0.0416
2026-10-01 13:52:43,741.46,2026-10-01,749.0,0.25,0.26,0.26,7066,1391,0.2912,0.0955,0.02973,-0.255,0.0333
2026-10-01 13:52:43,741.46,2026-10-01,750.0,0.17,0.18,0.22,8307,4016,0.2915,0.0695,0.02338,-0.175,0.0262
2026-10-01 13:52:43,741.46,2026-10-01,751.0,0.12,0.13,0.13,2538,1052,0.2955,0.0516,0.01825,-0.125,0.0207
2026-10-01 13:52:43,741.46,2026-10-01,752.0,0.12,0.13,0.13,2576,878,0.3198,0.0482,0.01597,-0.125,0.0196
2026-10-01 13:52:43,741.46,2026-10-01,753.0,0.05,0.1,0.1,2657,2353,0.313,0.0315,0.01154,-0.075,0.0139
2026-10-01 13:52:43,741.46,2026-10-01,754.0,0.03,0.08,0.08,2800,606,0.3185,0.0236,0.00891,-0.055,0.0109
2026-10-01 13:52:43,741.46,2026-10-01,755.0,0.06,0.07,0.06,2221,2022,0.3487,0.0252,0.00862,-0.065,0.0115
2026-10-01 13:52:43,741.46,2026-10-01,756.0,0.05,0.06,0.05,1039,1599,0.3604,0.0211,0.00718,-0.055,0.0099
2026-10-01 13:53:44,741.79,2026-10-01,727.0,13.25,15.37,15.58,1,146,,,,,
2026-10-01 13:53:44,741.79,2026-10-01,728.0,11.95,14.4,14.05,4,130,,,,,
2026-10-01 13:53:44,741.79,2026-10-01,729.0,12.65,13.52,12.74,14,390,0.4489,0.9301,0.01527,-0.295,0.0263
2026-10-01 13:53:44,741.79,2026-10-01,730.0,11.54,12.36,11.78,45,1877,0.3636,0.9532,0.01373,-0.16,0.0191
2026-10-01 13:53:44,741.79,2026-10-01,731.0,10.81,11.4,11.98,240,227,0.4007,0.9183,0.01926,-0.315,0.0296
2026-10-01 13:53:44,741.79,2026-10-01,732.0,9.52,10.29,10.22,16,694,0.2897,0.9595,0.01534,-0.115,0.017
2026-10-01 13:53:44,741.79,2026-10-01,733.0,8.77,9.34,9.15,41,358,0.3275,0.9172,0.02379,-0.265,0.0299
2026-10-01 13:53:44,741.79,2026-10-01,734.0,8.26,8.36,7.09,93,411,0.3671,0.8638,0.03039,-0.52,0.0428
2026-10-01 13:53:44,741.79,2026-10-01,735.0,7.66,7.76,7.14,73,1086,0.4142,0.8021,0.0343,-0.92,0.0545
2026-10-01 13:53:44,741.79,2026-10-01,736.0,6.57,6.76,6.49,91,1570,0.3689,0.7918,0.0397,-0.875,0.0561
2026-10-01 13:53:44,741.79,2026-10-01,737.0,5.87,5.95,5.83,373,1269,0.371,0.7484,0.04389,-1.12,0.0624
2026-10-01 13:53:44,741.79,2026-10-01,738.0,4.88,5.02,4.84,376,2192,0.3354,0.7212,0.05115,-1.16,0.0658
2026-10-01 13:53:44,741.79,2026-10-01,739.0,4.31,4.33,4.29,1517,2072,0.3441,0.6638,0.05415,-1.53,0.0714
2026-10-01 13:53:44,741.79,2026-10-01,740.0,3.65,3.68,3.65,3010,7644,0.3411,0.6088,0.0575,-1.875,0.0752
2026-10-01 13:53:44,741.79,2026-10-01,741.0,2.97,3.01,3.01,4513,625,0.3283,0.552,0.06152,-2.2,0.0775
2026-10-01 13:53:44,741.79,2026-10-01,742.0,2.39,2.42,2.42,11650,791,0.3197,0.4897,0.06371,-2.405,0.0781
2026-10-01 13:53:44,741.79,2026-10-01,743.0,1.92,1.94,1.94,16243,1170,0.317,0.4258,0.06315,-1.93,0.0768
2026-10-01 13:53:44,741.79,2026-10-01,744.0,1.5,1.51,1.42,16485,984,0.3125,0.3621,0.06126,-1.505,0.0734
2026-10-01 13:53:44,741.79,2026-10-01,745.0,1.08,1.09,1.09,24397,3180,0.2991,0.2949,0.0589,-1.085,0.0676
2026-10-01 13:53:44,741.79,2026-10-01,746.0,0.84,0.85,0.85,15435,1342,0.3031,0.2421,0.05263,-0.845,0.0612
2026-10-01 13:53:44,741.79,2026-10-01,747.0,0.59,0.64,0.62,9019,2595,0.3002,0.1906,0.04626,-0.615,0.0532
2026-10-01 13:53:44,741.79,2026-10-01,748.0,0.4,0.41,0.41,5994,1417,0.2905,0.1402,0.03917,-0.405,0.0436
2026-10-01 13:53:44,741.79,2026-10-01,749.0,0.32,0.33,0.3,8012,1391,0.3015,0.1136,0.03259,-0.325,0.0377
2026-10-01 13:53:44,741.79,2026-10-01,750.0,0.24,0.25,0.25,9138,4016,0.3071,0.0885,0.02667,-0.245,0.0314
2026-10-01 13:53:44,741.79,2026-10-01,751.0,0.17,0.18,0.18,2901,1052,0.3091,0.0662,0.02125,-0.175,0.0252
2026-10-01 13:53:44,741.79,2026-10-01,752.0,0.13,0.14,0.14,2680,878,0.3169,0.0519,0.01713,-0.135,0.0208
2026-10-01 13:53:44,741.79,2026-10-01,753.0,0.06,0.07,0.07,2712,2353,0.2984,0.0289,0.01131,-0.065,0.0129
2026-10-01 13:53:44,741.79,2026-10-01,754.0,0.08,0.09,0.08,3113,606,0.3352,0.0331,0.01124,-0.085,0.0144
2026-10-01 13:53:44,741.79,2026-10-01,755.0,0.06,0.07,0.07,2300,2022,0.3418,0.0257,0.00893,-0.065,0.0117
2026-10-01 13:53:44,741.79,2026-10-01,756.0,0.05,0.06,0.05,1383,1599,0.3538,0.0215,0.00743,-0.055,0.0101
2026-10-01 13:54:45,742.2,2026-10-01,728.0,12.6,14.71,14.05,4,130,,,,,
2026-10-01 13:54:45,742.2,2026-10-01,729.0,12.8,13.48,12.74,14,390,,,,,
2026-10-01 13:54:45,742.2,2026-10-01,730.0,12.04,12.58,12.39,47,1877,0.3441,0.9668,0.011,-0.11,0.0145
2026-10-01 13:54:45,742.2,2026-10-01,731.0,10.96,11.6,11.98,240,227,0.2984,0.9739,0.01039,-0.08,0.0119
2026-10-01 13:54:45,742.2,2026-10-01,732.0,9.58,10.64,10.22,16,694,,,,,
2026-10-01 13:54:45,742.2,2026-10-01,733.0,9.17,9.77,9.15,41,358,0.341,0.9185,0.02259,-0.27,0.0295
2026-10-01 13:54:45,742.2,2026-10-01,734.0,8.41,8.64,7.09,93,411,0.3295,0.9009,0.02704,-0.325,0.0341
2026-10-01 13:54:45,742.2,2026-10-01,735.0,7.56,7.84,7.49,77,1086,0.3436,0.8608,0.03298,-0.5,0.0434
2026-10-01 13:54:45,742.2,2026-10-01,736.0,6.7,6.85,6.83,93,1570,0.3266,0.837,0.03854,-0.575,0.0482
2026-10-01 13:54:45,742.2,2026-10-01,737.0,6.03,6.08,6.08,378,1269,0.3433,0.7837,0.04365,-0.855,0.0574
2026-10-01 13:54:45,742.2,2026-10-01,738.0,5.15,5.26,5.25,421,2192,0.3288,0.7462,0.0498,-1.005,0.0627
2026-10-01 13:54:45,742.2,2026-10-01,739.0,4.35,4.39,4.43,1566,2072,0.3115,0.7033,0.05676,-1.17,0.0677
2026-10-01 13:54:45,742.2,2026-10-01,740.0,3.65,3.67,3.67,3118,7644,0.3062,0.6464,0.06206,-1.46,0.0727
2026-10-01 13:54:45,742.2,2026-10-01,741.0,3.01,3.03,3.16,4958,625,0.3024,0.5834,0.06594,-1.82,0.0763
2026-10-01 13:54:45,742.2,2026-10-01,742.0,2.43,2.49,2.56,12419,791,0.3008,0.5166,0.06774,-2.26,0.078
2026-10-01 13:54:45,742.2,2026-10-01,743.0,1.98,2,2,17774,1170,0.302,0.4492,0.06697,-1.99,0.0774
2026-10-01 13:54:45,742.2,2026-10-01,744.0,1.5,1.52,1.52,17969,984,0.293,0.3799,0.06641,-1.51,0.0745
2026-10-01 13:54:45,742.2,2026-10-01,745.0,1.14,1.19,1.17,26113,3180,0.293,0.3157,0.06203,-1.165,0.0696
2026-10-01 13:54:45,742.2,2026-10-01,746.0,0.84,0.85,0.85,20143,1342,0.2871,0.2524,0.05686,-0.845,0.0625
2026-10-01 13:54:45,742.2,2026-10-01,747.0,0.61,0.66,0.66,10021,2595,0.2894,0.2013,0.04962,-0.635,0.055
2026-10-01 13:54:45,742.2,2026-10-01,748.0,0.44,0.45,0.5,6915,1417,0.2864,0.1531,0.04218,-0.445,0.0462
2026-10-01 13:54:45,742.2,2026-10-01,749.0,0.31,0.32,0.32,9662,1391,0.2869,0.1154,0.03467,-0.315,0.0381
2026-10-01 13:54:45,742.2,2026-10-01,750.0,0.21,0.22,0.27,9746,4016,0.2863,0.0841,0.02757,-0.215,0.0302
2026-10-01 13:54:45,742.2,2026-10-01,751.0,0.15,0.16,0.16,3166,1052,0.2907,0.063,0.02175,-0.155,0.0242
2026-10-01 13:54:45,742.2,2026-10-01,752.0,0.14,0.15,0.14,2765,878,0.3117,0.056,0.01851,-0.145,0.0221
2026-10-01 13:54:45,742.2,2026-10-01,753.0,0.07,0.08,0.11,2918,2353,0.2968,0.033,0.01267,-0.075,0.0144
2026-10-01 13:54:45,742.2,2026-10-01,754.0,0.08,0.09,0.08,3563,606,0.3263,0.0339,0.01179,-0.085,0.0147
2026-10-01 13:54:45,742.2,2026-10-01,755.0,0.02,0.07,0.07,2317,2022,0.3146,0.02,0.00786,-0.045,0.0095
2026-10-01 13:54:45,742.2,2026-10-01,756.0,0.05,0.06,0.05,1705,1599,0.3455,0.022,0.00775,-0.055,0.0103
2026-10-01 13:54:45,742.2,2026-10-01,757.0,0.01,0.02,0.04,2114,6062,0.3075,0.0076,0.00348,-0.015,0.0041
2026-10-01 13:55:47,742.34,2026-10-01,728.0,12.88,14.53,14.05,4,130,,,,,
2026-10-01 13:55:47,742.34,2026-10-01,729.0,12.69,13.73,12.74,14,390,,,,,
2026-10-01 13:55:47,742.34,2026-10-01,730.0,12.12,12.76,12.39,47,1877,0.3442,0.9684,0.01057,-0.105,0.0139
2026-10-01 13:55:47,742.34,2026-10-01,731.0,10.84,11.98,11.98,240,227,0.2975,0.9757,0.0098,-0.075,0.0111
2026-10-01 13:55:47,742.34,2026-10-01,732.0,9.56,11.02,10.22,16,694,,,,,
2026-10-01 13:55:47,742.34,2026-10-01,733.0,8.97,9.83,9.55,42,358,0.2441,0.976,0.01185,-0.065,0.011
2026-10-01 13:55:47,742.34,2026-10-01,734.0,8.35,8.95,7.09,93,411,0.331,0.9039,0.02637,-0.315,0.0333
2026-10-01 13:55:47,742.34,2026-10-01,735.0,7.65,7.83,7.68,79,1086,0.3254,0.8784,0.03175,-0.405,0.0395
2026-10-01 13:55:47,742.34,2026-10-01,736.0,6.75,6.85,6.86,116,1570,0.3078,0.8567,0.0376,-0.465,0.0442
2026-10-01 13:55:47,742.34,2026-10-01,737.0,6.01,6.06,6.02,394,1269,0.3209,0.8055,0.04389,-0.7,0.0538
2026-10-01 13:55:47,742.34,2026-10-01,738.0,5,5.12,5.23,464,2192,0.288,0.7824,0.05228,-0.725,0.0575
2026-10-01 13:55:47,742.34,2026-10-01,739.0,4.29,4.43,4.48,1591,2072,0.296,0.7209,0.0581,-1.025,0.0657
2026-10-01 13:55:47,742.34,2026-10-01,740.0,3.6,3.75,3.64,3344,7644,0.2965,0.6596,0.06328,-1.34,0.0716
2026-10-01 13:55:47,742.34,2026-10-01,741.0,2.99,3.03,3.08,5281,625,0.2911,0.5959,0.0681,-1.675,0.0757
2026-10-01 13:55:47,742.34,2026-10-01,742.0,2.44,2.45,2.45,13325,791,0.2902,0.5266,0.07019,-2.11,0.0778
2026-10-01 13:55:47,742.34,2026-10-01,743.0,2,2.02,2.02,19132,1170,0.2971,0.4575,0.06832,-2.01,0.0775
2026-10-01 13:55:47,742.34,2026-10-01,744.0,1.53,1.55,1.55,19221,984,0.2905,0.3877,0.06747,-1.54,0.0749
2026-10-01 13:55:47,742.34,2026-10-01,745.0,1.16,1.17,1.17,27176,3180,0.2872,0.3205,0.06376,-1.165,0.0699
2026-10-01 13:55:47,742.34,2026-10-01,746.0,0.83,0.84,0.84,23033,1342,0.2804,0.2548,0.05858,-0.835,0.0627
2026-10-01 13:55:47,742.34,2026-10-01,747.0,0.61,0.66,0.66,10947,2595,0.2849,0.2039,0.05088,-0.635,0.0554
2026-10-01 13:55:47,742.34,2026-10-01,748.0,0.48,0.49,0.47,7323,1417,0.2908,0.1622,0.0432,-0.485,0.048
2026-10-01 13:55:47,742.34,2026-10-01,749.0,0.34,0.35,0.31,10897,1391,0.2909,0.1231,0.03583,-0.345,0.0398
2026-10-01 13:55:47,742.34,2026-10-01,750.0,0.21,0.26,0.22,10326,4016,0.2893,0.0899,0.02871,-0.235,0.0317
2026-10-01 13:55:47,742.34,2026-10-01,751.0,0.14,0.19,0.18,3351,1052,0.2916,0.0663,0.02259,-0.165,0.0252
2026-10-01 13:55:47,742.34,2026-10-01,752.0,0.09,0.14,0.14,2874,878,0.2943,0.0483,0.01743,-0.115,0.0196
2026-10-01 13:55:47,742.34,2026-10-01,753.0,0.06,0.11,0.1,3007,2353,0.3008,0.0364,0.01358,-0.085,0.0156
2026-10-01 13:55:47,742.34,2026-10-01,754.0,0.08,0.09,0.08,3683,606,0.3236,0.0342,0.01198,-0.085,0.0148
2026-10-01 13:55:47,742.34,2026-10-01,755.0,0.02,0.03,0.06,2343,2022,0.287,0.0128,0.0059,-0.025,0.0065
2026-10-01 13:55:47,742.34,2026-10-01,756.0,0.05,0.06,0.04,1812,1599,0.3431,0.0221,0.00787,-0.055,0.0103
2026-10-01 13:55:47,742.34,2026-10-01,757.0,0.04,0.05,0.02,2184,6062,0.3532,0.018,0.00643,-0.045,0.0087
2026-10-01 13:56:57,741.16,2026-10-01,727.0,13.67,15.97,15.58,1,146,0.606,0.889,0.01604,-0.66,0.0369
2026-10-01 13:56:57,741.16,2026-10-01,728.0,12.91,14.8,14.05,4,130,0.584,0.8804,0.01755,-0.695,0.0389
2026-10-01 13:56:57,741.16,2026-10-01,729.0,12.24,14.01,13.53,15,390,0.6151,0.8493,0.01952,-0.965,0.0456
2026-10-01 13:56:57,741.16,2026-10-01,730.0,11.27,12.65,12.76,49,1877,0.5446,0.8575,0.02123,-0.8,0.0439
2026-10-01 13:56:57,741.16,2026-10-01,731.0,10.23,11.58,11.98,240,227,0.4989,0.8558,0.02337,-0.745,0.0442
2026-10-01 13:56:57,741.16,2026-10-01,732.0,9.07,10.73,10.72,26,694,0.4642,0.848,0.02601,-0.74,0.0458
2026-10-01 13:56:57,741.16,2026-10-01,733.0,8.64,8.92,9.04,52,358,0.4042,0.8532,0.02919,-0.62,0.0448
2026-10-01 13:56:57,741.16,2026-10-01,734.0,7.81,7.93,8.15,94,411,0.3892,0.8307,0.03329,-0.71,0.0492
2026-10-01 13:56:57,741.16,2026-10-01,735.0,6.93,7.05,6.95,81,1086,0.3765,0.8027,0.03786,-0.83,0.0541
2026-10-01 13:56:57,741.16,2026-10-01,736.0,6.28,6.31,6.31,117,1570,0.3905,0.7545,0.04137,-1.135,0.0613
2026-10-01 13:56:57,741.16,2026-10-01,737.0,5.36,5.41,5.44,397,1269,0.3631,0.725,0.04718,-1.225,0.065
2026-10-01 13:56:57,741.16,2026-10-01,738.0,4.57,4.6,4.59,487,2192,0.3483,0.6824,0.05253,-1.425,0.0694
2026-10-01 13:56:57,741.16,2026-10-01,739.0,3.84,3.89,3.89,1649,2072,0.3391,0.6313,0.05709,-1.705,0.0735
2026-10-01 13:56:57,741.16,2026-10-01,740.0,3.23,3.25,3.34,3581,7644,0.3357,0.5735,0.05997,-2.08,0.0764
2026-10-01 13:56:57,741.16,2026-10-01,741.0,2.64,2.66,2.76,5703,625,0.3292,0.513,0.06218,-2.49,0.0777
2026-10-01 13:56:57,741.16,2026-10-01,742.0,2.1,2.18,2.18,14475,791,0.3251,0.4503,0.0625,-2.14,0.0771
2026-10-01 13:56:57,741.16,2026-10-01,743.0,1.72,1.76,1.76,21039,1170,0.3273,0.3895,0.06016,-1.74,0.0747
2026-10-01 13:56:57,741.16,2026-10-01,744.0,1.28,1.34,1.34,20680,984,0.3169,0.3258,0.05837,-1.31,0.0702
2026-10-01 13:56:57,741.16,2026-10-01,745.0,1.02,1.03,1.03,28636,3180,0.3184,0.271,0.05341,-1.025,0.0645
2026-10-01 13:56:57,741.16,2026-10-01,746.0,0.76,0.77,0.77,25906,1342,0.3154,0.2184,0.048,-0.765,0.0574
2026-10-01 13:56:57,741.16,2026-10-01,747.0,0.56,0.57,0.57,12166,2595,0.314,0.1728,0.0418,-0.565,0.0498
2026-10-01 13:56:57,741.16,2026-10-01,748.0,0.42,0.43,0.38,8154,1417,0.3167,0.1365,0.03547,-0.425,0.0426
2026-10-01 13:56:57,741.16,2026-10-01,749.0,0.3,0.31,0.27,11734,1391,0.3162,0.1041,0.02934,-0.305,0.0352
2026-10-01 13:56:57,741.16,2026-10-01,750.0,0.18,0.19,0.19,10913,4016,0.3049,0.0705,0.02274,-0.185,0.0263
2026-10-01 13:56:57,741.16,2026-10-01,751.0,0.12,0.13,0.17,3542,1052,0.3046,0.0505,0.01752,-0.125,0.0202
2026-10-01 13:56:57,741.16,2026-10-01,752.0,0.12,0.13,0.12,3033,878,0.3289,0.0473,0.01539,-0.125,0.0192
2026-10-01 13:56:57,741.16,2026-10-01,753.0,0.09,0.1,0.09,3140,2353,0.3352,0.0366,0.01228,-0.095,0.0156
2026-10-01 13:56:57,741.16,2026-10-01,754.0,0.03,0.08,0.04,3698,606,0.3268,0.0232,0.00861,-0.055,0.0107
2026-10-01 13:56:57,741.16,2026-10-01,755.0,0.02,0.03,0.06,2442,2022,0.3107,0.012,0.00515,-0.025,0.0061
2026-10-01 13:56:57,741.16,2026-10-01,756.0,0.05,0.06,0.05,1817,1599,0.3688,0.0208,0.00697,-0.055,0.0098
2026-10-01 13:57:58,741.76,2026-10-01,727.0,13.51,15.93,15.58,1,146,,,,,
2026-10-01 13:57:58,741.76,2026-10-01,728.0,12.91,14.81,14.05,4,130,0.3747,0.9721,0.00879,-0.1,0.0125
2026-10-01 13:57:58,741.76,2026-10-01,729.0,12.58,13.59,13.53,15,390,0.462,0.925,0.01574,-0.325,0.0275
2026-10-01 13:57:58,741.76,2026-10-01,730.0,11.31,12.5,11.73,71,1877,0.357,0.9567,0.01322,-0.145,0.0179
2026-10-01 13:57:58,741.76,2026-10-01,731.0,10.1,11.77,11.98,240,227,0.3472,0.9465,0.01611,-0.175,0.0212
2026-10-01 13:57:58,741.76,2026-10-01,732.0,9.51,10.44,10.72,26,694,0.3381,0.9333,0.01966,-0.215,0.0252
2026-10-01 13:57:58,741.76,2026-10-01,733.0,9.1,9.27,9.01,54,358,0.3762,0.8871,0.02616,-0.425,0.0373
2026-10-01 13:57:58,741.76,2026-10-01,734.0,8.35,8.45,8.189,97,411,0.3954,0.8465,0.03076,-0.64,0.0461
2026-10-01 13:57:58,741.76,2026-10-01,735.0,7.28,7.36,7.23,84,1086,0.3442,0.8464,0.03534,-0.56,0.0461
2026-10-01 13:57:58,741.76,2026-10-01,736.0,6.55,6.64,6.43,118,1570,0.3627,0.7958,0.04014,-0.835,0.0552
2026-10-01 13:57:58,741.76,2026-10-01,737.0,5.73,5.78,5.68,410,1269,0.3516,0.7598,0.04545,-0.995,0.0606
2026-10-01 13:57:58,741.76,2026-10-01,738.0,4.87,4.97,4.82,514,2192,0.3361,0.7203,0.05141,-1.16,0.0655
2026-10-01 13:57:58,741.76,2026-10-01,739.0,4.25,4.26,4.22,1753,2072,0.3397,0.6649,0.05509,-1.495,0.0709
2026-10-01 13:57:58,741.76,2026-10-01,740.0,3.46,3.58,3.46,3788,7644,0.3261,0.6123,0.06033,-1.76,0.0746
2026-10-01 13:57:58,741.76,2026-10-01,741.0,2.84,2.94,2.88,6162,625,0.3194,0.5517,0.06362,-2.13,0.077
2026-10-01 13:57:58,741.76,2026-10-01,742.0,2.3,2.37,2.31,15419,791,0.3145,0.4874,0.06514,-2.335,0.0776
2026-10-01 13:57:58,741.76,2026-10-01,743.0,1.87,1.89,1.87,22555,1170,0.314,0.4227,0.06403,-1.88,0.0762
2026-10-01 13:57:58,741.76,2026-10-01,744.0,1.41,1.47,1.45,22389,984,0.3069,0.3569,0.06244,-1.44,0.0726
2026-10-01 13:57:58,741.76,2026-10-01,745.0,1.11,1.12,1.11,30031,3180,0.3067,0.2967,0.05795,-1.115,0.0673
2026-10-01 13:57:58,741.76,2026-10-01,746.0,0.84,0.85,0.84,28963,1342,0.306,0.2413,0.05234,-0.845,0.0607
2026-10-01 13:57:58,741.76,2026-10-01,747.0,0.58,0.63,0.62,12919,2595,0.3011,0.1886,0.04608,-0.605,0.0526
2026-10-01 13:57:58,741.76,2026-10-01,748.0,0.45,0.46,0.45,8608,1417,0.3044,0.149,0.03916,-0.455,0.0452
2026-10-01 13:57:58,741.76,2026-10-01,749.0,0.32,0.33,0.33,12005,1391,0.3042,0.1133,0.03244,-0.325,0.0374
2026-10-01 13:57:58,741.76,2026-10-01,750.0,0.23,0.24,0.22,11874,4016,0.3065,0.086,0.02631,-0.235,0.0306
2026-10-01 13:57:58,741.76,2026-10-01,751.0,0.13,0.18,0.17,3696,1052,0.3035,0.061,0.02042,-0.155,0.0235
2026-10-01 13:57:58,741.76,2026-10-01,752.0,0.08,0.09,0.12,3242,878,0.2921,0.0375,0.01437,-0.085,0.0159
2026-10-01 13:57:58,741.76,2026-10-01,753.0,0.09,0.1,0.06,3227,2353,0.3216,0.038,0.0132,-0.095,0.0161
2026-10-01 13:57:58,741.76,2026-10-01,754.0,0.03,0.04,0.07,3709,606,0.2933,0.0171,0.00741,-0.035,0.0082
2026-10-01 13:57:58,741.76,2026-10-01,755.0,0.06,0.07,0.06,2461,2022,0.3445,0.0256,0.0089,-0.065,0.0116
2026-10-01 13:57:58,741.76,2026-10-01,756.0,0.01,0.02,0.05,1830,1599,0.2988,0.0078,0.0037,-0.015,0.0042
2026-10-01 13:58:59,741.71,2026-10-01,727.0,13.88,16.52,15.58,1,146,0.5742,0.91,0.01455,-0.49,0.0316
2026-10-01 13:58:59,741.71,2026-10-01,728.0,12.29,14.55,14.05,4,130,,,,,
2026-10-01 13:58:59,741.71,2026-10-01,729.0,12.39,13.57,13.53,15,390,0.4403,0.934,0.01499,-0.27,0.0249
2026-10-01 13:58:59,741.71,2026-10-01,730.0,11.14,12.5,12,75,1877,0.3349,0.9657,0.01168,-0.11,0.0148
2026-10-01 13:58:59,741.71,2026-10-01,731.0,10.24,11.61,11.98,240,227,0.3641,0.9373,0.01743,-0.215,0.024
2026-10-01 13:58:59,741.71,2026-10-01,732.0,9.38,10.45,9.7,27,694,0.3332,0.9353,0.0195,-0.205,0.0246
2026-10-01 13:58:59,741.71,2026-10-01,733.0,8.98,9.1,9.05,56,358,0.3484,0.9035,0.02525,-0.33,0.0332
2026-10-01 13:58:59,741.71,2026-10-01,734.0,8.13,8.23,8.1,101,411,0.3553,0.8708,0.03051,-0.47,0.041
2026-10-01 13:58:59,741.71,2026-10-01,735.0,7.02,7.23,7.23,84,1086,0.3099,0.8701,0.03511,-0.415,0.0411
2026-10-01 13:58:59,741.71,2026-10-01,736.0,6.2,6.26,6.35,121,1570,0.3004,0.8387,0.04188,-0.52,0.0475
2026-10-01 13:58:59,741.71,2026-10-01,737.0,5.53,5.56,5.6,422,1269,0.3231,0.7764,0.04758,-0.835,0.0581
2026-10-01 13:58:59,741.71,2026-10-01,738.0,4.73,4.77,4.72,527,2192,0.316,0.7301,0.05382,-1.04,0.0643
2026-10-01 13:58:59,741.71,2026-10-01,739.0,4.08,4.09,4.059,1833,2072,0.3209,0.6711,0.05798,-1.375,0.0703
2026-10-01 13:58:59,741.71,2026-10-01,740.0,3.26,3.31,3.39,4283,7644,0.2991,0.6187,0.06555,-1.575,0.0741
2026-10-01 13:58:59,741.71,2026-10-01,741.0,2.76,2.77,2.77,7299,625,0.3072,0.5504,0.06627,-2.055,0.0769
2026-10-01 13:58:59,741.71,2026-10-01,742.0,2.2,2.21,2.21,16702,791,0.3013,0.4833,0.06807,-2.205,0.0775
2026-10-01 13:58:59,741.71,2026-10-01,743.0,1.75,1.77,1.79,23627,1170,0.3014,0.4159,0.06657,-1.76,0.0758
2026-10-01 13:58:59,741.71,2026-10-01,744.0,1.33,1.34,1.34,23319,984,0.2952,0.348,0.06441,-1.335,0.0718
2026-10-01 13:58:59,741.71,2026-10-01,745.0,1.04,1.05,1.06,31210,3180,0.2988,0.2886,0.0588,-1.045,0.0664
2026-10-01 13:58:59,741.71,2026-10-01,746.0,0.73,0.79,0.8,30873,1342,0.2942,0.2296,0.05304,-0.76,0.059
2026-10-01 13:58:59,741.71,2026-10-01,747.0,0.54,0.59,0.59,15221,2595,0.2956,0.1815,0.0459,-0.565,0.0513
2026-10-01 13:58:59,741.71,2026-10-01,748.0,0.38,0.39,0.39,9116,1417,0.2905,0.1353,0.03851,-0.385,0.0423
2026-10-01 13:58:59,741.71,2026-10-01,749.0,0.31,0.32,0.32,12188,1391,0.3034,0.1108,0.03205,-0.315,0.0367
2026-10-01 13:58:59,741.71,2026-10-01,750.0,0.18,0.23,0.2,12440,4016,0.2981,0.0786,0.0253,-0.205,0.0285
2026-10-01 13:58:59,741.71,2026-10-01,751.0,0.16,0.17,0.15,3810,1052,0.3094,0.0633,0.02066,-0.165,0.0242
2026-10-01 13:58:59,741.71,2026-10-01,752.0,0.08,0.09,0.11,3271,878,0.2937,0.0374,0.01428,-0.085,0.0158
2026-10-01 13:58:59,741.71,2026-10-01,753.0,0.05,0.1,0.08,3273,2353,0.3098,0.032,0.01191,-0.075,0.0139
2026-10-01 13:58:59,741.71,2026-10-01,754.0,0.07,0.08,0.07,3816,606,0.3322,0.0301,0.01056,-0.075,0.0133
2026-10-01 13:58:59,741.71,2026-10-01,755.0,0.02,0.03,0.06,2465,2022,0.3007,0.0124,0.00548,-0.025,0.0062
2026-10-01 13:58:59,741.71,2026-10-01,756.0,0.05,0.06,0.05,1834,1599,0.3581,0.0214,0.00737,-0.055,0.01
2026-10-01 14:00:01,741.33,2026-10-01,727.0,12.07,16.73,15.58,1,146,0.3607,0.981,0.00662,-0.07,0.009
2026-10-01 14:00:01,741.33,2026-10-01,728.0,12.89,15.4,14.05,4,130,0.6219,0.8697,0.01756,-0.815,0.0411
2026-10-01 14:00:01,741.33,2026-10-01,729.0,10.41,15.12,13.53,15,390,0.488,0.9069,0.01759,-0.435,0.0323
2026-10-01 14:00:01,741.33,2026-10-01,730.0,9.37,13.75,12,75,1877,0.3877,0.9365,0.01656,-0.23,0.0242
2026-10-01 14:00:01,741.33,2026-10-01,731.0,8.16,13.06,11.98,240,227,0.3794,0.9224,0.01974,-0.28,0.0282
2026-10-01 14:00:01,741.33,2026-10-01,732.0,7.41,11.68,9.7,31,694,0.3276,0.9312,0.02084,-0.215,0.0257
2026-10-01 14:00:01,741.33,2026-10-01,733.0,6.89,10.03,9.05,57,358,0.2644,0.9496,0.02023,-0.13,0.0201
2026-10-01 14:00:01,741.33,2026-10-01,734.0,5.87,10.3,8.1,102,411,0.4059,0.8273,0.03246,-0.755,0.0496
2026-10-01 14:00:01,741.33,2026-10-01,735.0,5.9,8.6,6.98,99,1086,0.4009,0.7954,0.03648,-0.92,0.0551
2026-10-01 14:00:01,741.33,2026-10-01,736.0,5.68,6.31,6.22,146,1570,0.3165,0.8103,0.04416,-0.665,0.0526
2026-10-01 14:00:01,741.33,2026-10-01,737.0,5.01,6.2,5.55,454,1269,0.3796,0.725,0.04531,-1.275,0.0647
2026-10-01 14:00:01,741.33,2026-10-01,738.0,3.98,4.95,4.89,601,2192,0.3147,0.7103,0.05603,-1.135,0.0664
2026-10-01 14:00:01,741.33,2026-10-01,739.0,3.83,4.12,4.16,1989,2072,0.3408,0.6408,0.05653,-1.645,0.0725
2026-10-01 14:00:01,741.33,2026-10-01,740.0,3.21,3.37,3.37,4696,7644,0.3307,0.5852,0.06075,-1.96,0.0756
2026-10-01 14:00:01,741.33,2026-10-01,741.0,2.53,2.78,2.78,7974,625,0.3199,0.5243,0.06417,-2.325,0.0773
2026-10-01 14:00:01,741.33,2026-10-01,742.0,2.08,2.26,2.26,20677,791,0.3204,0.4602,0.06387,-2.17,0.077
2026-10-01 14:00:01,741.33,2026-10-01,743.0,1.6,1.73,1.73,26577,1170,0.3097,0.3936,0.06402,-1.665,0.0746
2026-10-01 14:00:01,741.33,2026-10-01,744.0,1.23,1.37,1.37,26092,984,0.3089,0.331,0.06051,-1.3,0.0703
2026-10-01 14:00:01,741.33,2026-10-01,745.0,0.9,1.02,1.02,34530,3180,0.3025,0.2689,0.05623,-0.96,0.064
2026-10-01 14:00:01,741.33,2026-10-01,746.0,0.68,0.79,0.79,35670,1342,0.305,0.218,0.04977,-0.735,0.0571
2026-10-01 14:00:01,741.33,2026-10-01,747.0,0.52,0.55,0.55,15877,2595,0.3034,0.1706,0.04308,-0.535,0.0492
2026-10-01 14:00:01,741.33,2026-10-01,748.0,0.38,0.41,0.41,10055,1417,0.3054,0.1329,0.03624,-0.395,0.0417
2026-10-01 14:00:01,741.33,2026-10-01,749.0,0.28,0.32,0.32,13071,1391,0.3111,0.1044,0.03001,-0.3,0.0351
2026-10-01 14:00:01,741.33,2026-10-01,750.0,0.19,0.23,0.23,14376,4016,0.3108,0.0775,0.02408,-0.21,0.0282
2026-10-01 14:00:01,741.33,2026-10-01,751.0,0.14,0.17,0.17,4348,1052,0.3155,0.0591,0.01924,-0.155,0.0229
2026-10-01 14:00:01,741.33,2026-10-01,752.0,0.11,0.13,0.13,3821,878,0.3235,0.0464,0.01549,-0.12,0.0189
2026-10-01 14:00:01,741.33,2026-10-01,753.0,0.08,0.1,0.09,3374,2353,0.3294,0.0356,0.01226,-0.09,0.0152
2026-10-01 14:00:01,741.33,2026-10-01,754.0,0.03,0.08,0.08,4084,606,0.3244,0.0234,0.00878,-0.055,0.0107
2026-10-01 14:00:01,741.33,2026-10-01,755.0,0.01,0.07,0.05,2476,2022,0.3295,0.0174,0.00672,-0.04,0.0083
2026-10-01 14:00:01,741.33,2026-10-01,756.0,0.01,0.06,0.02,1946,1599,0.3433,0.0149,0.00565,-0.035,0.0073
2026-10-01 14:01:03,739.82,2026-10-01,725.0,14.21,17.1,17.44,45,1221,0.6774,0.8757,0.01566,-0.835,0.0397
2026-10-01 14:01:03,739.82,2026-10-01,726.0,13.72,16.01,16.2,9,57,0.6942,0.8532,0.01713,-1.045,0.0444
2026-10-01 14:01:03,739.82,2026-10-01,727.0,12.43,14.97,15.58,1,146,0.6227,0.8608,0.01841,-0.88,0.0429
2026-10-01 14:01:03,739.82,2026-10-01,728.0,11.75,11.94,14.05,4,130,0.2231,0.9972,0.00199,-0.025,0.0017
2026-10-01 14:01:03,739.82,2026-10-01,729.0,10.84,11.95,13.53,15,390,0.4831,0.8801,0.0214,-0.575,0.0386
2026-10-01 14:01:03,739.82,2026-10-01,730.0,9.42,11.98,12,75,1877,0.5207,0.8391,0.02425,-0.88,0.0472
2026-10-01 14:01:03,739.82,2026-10-01,731.0,8.64,11,11.98,240,227,0.5096,0.8184,0.02678,-1.0,0.051
2026-10-01 14:01:03,739.82,2026-10-01,732.0,8.06,8.18,10.52,31,694,0.3148,0.9031,0.02818,-0.3,0.0332
2026-10-01 14:01:03,739.82,2026-10-01,733.0,7.17,7.3,9.88,58,358,0.3151,0.8712,0.03449,-0.415,0.0406
2026-10-01 14:01:03,739.82,2026-10-01,734.0,6.36,6.5,6.95,102,411,0.3245,0.8262,0.04092,-0.61,0.0496
2026-10-01 14:01:03,739.82,2026-10-01,735.0,5.66,5.69,6.17,108,1086,0.3327,0.7762,0.04648,-0.855,0.0578
2026-10-01 14:01:03,739.82,2026-10-01,736.0,4.86,4.94,5.33,151,1570,0.3287,0.7292,0.05211,-1.08,0.064
2026-10-01 14:01:03,739.82,2026-10-01,737.0,4.03,4.12,4.49,466,1269,0.3105,0.6838,0.05927,-1.255,0.0688
2026-10-01 14:01:03,739.82,2026-10-01,738.0,3.57,3.59,3.63,623,2192,0.3316,0.6148,0.05964,-1.76,0.0739
2026-10-01 14:01:03,739.82,2026-10-01,739.0,2.81,2.86,2.92,2134,2072,0.3101,0.5575,0.06585,-2.015,0.0763
2026-10-01 14:01:03,739.82,2026-10-01,740.0,2.33,2.35,2.39,5087,7644,0.3135,0.4912,0.0658,-2.34,0.0771
2026-10-01 14:01:03,739.82,2026-10-01,741.0,1.87,1.89,1.89,8460,625,0.3129,0.4257,0.06481,-1.88,0.0758
2026-10-01 14:01:03,739.82,2026-10-01,742.0,1.51,1.52,1.52,21967,791,0.3164,0.3639,0.06138,-1.515,0.0726
2026-10-01 14:01:03,739.82,2026-10-01,743.0,1.12,1.13,1.13,28567,1170,0.3076,0.2995,0.05841,-1.125,0.0672
2026-10-01 14:01:03,739.82,2026-10-01,744.0,0.84,0.85,0.85,27269,984,0.3058,0.2428,0.05292,-0.845,0.0605
2026-10-01 14:01:03,739.82,2026-10-01,745.0,0.66,0.67,0.67,36365,3180,0.3124,0.1985,0.04615,-0.665,0.0539
2026-10-01 14:01:03,739.82,2026-10-01,746.0,0.44,0.49,0.49,36887,1342,0.3068,0.1515,0.03957,-0.465,0.0454
2026-10-01 14:01:03,739.82,2026-10-01,747.0,0.35,0.36,0.36,16553,2595,0.3124,0.1199,0.0331,-0.355,0.0387
2026-10-01 14:01:03,739.82,2026-10-01,748.0,0.21,0.22,0.22,10475,1417,0.3002,0.0817,0.02602,-0.215,0.0292
2026-10-01 14:01:03,739.82,2026-10-01,749.0,0.19,0.2,0.2,13383,1391,0.3201,0.0712,0.02199,-0.195,0.0263
2026-10-01 14:01:03,739.82,2026-10-01,750.0,0.1,0.11,0.15,14928,4016,0.3046,0.0437,0.01572,-0.105,0.0179
2026-10-01 14:01:03,739.82,2026-10-01,751.0,0.06,0.07,0.11,4561,1052,0.3016,0.029,0.01135,-0.065,0.0128
2026-10-01 14:01:03,739.82,2026-10-01,752.0,0.04,0.05,0.1,3899,878,0.3053,0.0207,0.00845,-0.045,0.0096
2026-10-01 14:01:03,739.82,2026-10-01,753.0,0.06,0.07,0.04,3435,2353,0.3456,0.0257,0.00896,-0.065,0.0116
2026-10-01 14:01:03,739.82,2026-10-01,754.0,0.01,0.06,0.02,4187,606,0.3347,0.0153,0.00594,-0.035,0.0074
2026-10-01 14:02:14,738.6,2026-10-01,724.0,14.58,16.83,18.28,1,39,0.7367,0.8531,0.0162,-1.105,0.0443
2026-10-01 14:02:14,738.6,2026-10-01,725.0,13.68,15.33,17.44,45,1221,0.6567,0.8632,0.01731,-0.905,0.0422
2026-10-01 14:02:14,738.6,2026-10-01,726.0,12.81,14.65,16.2,9,57,0.6729,0.839,0.01884,-1.13,0.0471
2026-10-01 14:02:14,738.6,2026-10-01,727.0,11.57,13.75,15.58,1,146,0.6229,0.8374,0.02048,-1.06,0.0474
2026-10-01 14:02:14,738.6,2026-10-01,728.0,10.66,10.75,14.05,4,130,0.3081,0.9646,0.01315,-0.105,0.015
2026-10-01 14:02:14,738.6,2026-10-01,729.0,9.67,10.4,13.53,15,390,0.4089,0.8915,0.02363,-0.435,0.0359
2026-10-01 14:02:14,738.6,2026-10-01,730.0,8.77,9.6,12,75,1877,0.4153,0.862,0.02755,-0.585,0.0425
2026-10-01 14:02:14,738.6,2026-10-01,731.0,8.05,8.23,11.98,240,227,0.3716,0.8588,0.03127,-0.54,0.0431
2026-10-01 14:02:14,738.6,2026-10-01,732.0,7.28,7.34,10.52,31,694,0.3736,0.8235,0.036,-0.71,0.0499
2026-10-01 14:02:14,738.6,2026-10-01,733.0,6.25,6.45,7.04,64,358,0.3447,0.8034,0.0417,-0.75,0.0534
2026-10-01 14:02:14,738.6,2026-10-01,734.0,5.61,5.66,6.95,106,411,0.3553,0.7523,0.04619,-1.035,0.0609
2026-10-01 14:02:14,738.6,2026-10-01,735.0,4.72,4.9,4.91,115,1086,0.3402,0.7116,0.05207,-1.21,0.0658
2026-10-01 14:02:14,738.6,2026-10-01,736.0,4.04,4.15,4.28,153,1570,0.3355,0.6593,0.05672,-1.495,0.0707
2026-10-01 14:02:14,738.6,2026-10-01,737.0,3.45,3.47,3.6,481,1269,0.3344,0.6011,0.0599,-1.86,0.0744
2026-10-01 14:02:14,738.6,2026-10-01,738.0,2.81,2.85,2.84,944,2192,0.3262,0.5411,0.06312,-2.23,0.0765
2026-10-01 14:02:14,738.6,2026-10-01,739.0,2.36,2.38,2.39,2459,2072,0.3322,0.4782,0.06222,-2.37,0.0768
2026-10-01 14:02:14,738.6,2026-10-01,740.0,1.86,1.93,1.89,5505,7644,0.3281,0.4155,0.06168,-1.895,0.0751
2026-10-01 14:02:14,738.6,2026-10-01,741.0,1.47,1.49,1.49,9370,625,0.3235,0.3532,0.05962,-1.48,0.0716
2026-10-01 14:02:14,738.6,2026-10-01,742.0,1.14,1.2,1.2,23501,791,0.3251,0.2968,0.05522,-1.17,0.0667
2026-10-01 14:02:14,738.6,2026-10-01,743.0,0.91,0.92,0.92,29683,1170,0.3271,0.2457,0.04994,-0.915,0.0607
2026-10-01 14:02:14,738.6,2026-10-01,744.0,0.65,0.66,0.7,28917,984,0.3195,0.1932,0.04453,-0.655,0.0528
2026-10-01 14:02:14,738.6,2026-10-01,745.0,0.47,0.48,0.48,37867,3180,0.3173,0.1504,0.03821,-0.475,0.045
2026-10-01 14:02:14,738.6,2026-10-01,746.0,0.37,0.38,0.38,38496,1342,0.3253,0.1216,0.03222,-0.375,0.0389
2026-10-01 14:02:14,738.6,2026-10-01,747.0,0.27,0.28,0.28,17037,2595,0.3269,0.0937,0.02656,-0.275,0.0322
2026-10-01 14:02:14,738.6,2026-10-01,748.0,0.2,0.21,0.21,11001,1417,0.3308,0.0725,0.02163,-0.205,0.0266
2026-10-01 14:02:14,738.6,2026-10-01,749.0,0.11,0.16,0.12,13607,1391,0.3267,0.0513,0.01671,-0.135,0.0203
2026-10-01 14:02:14,738.6,2026-10-01,750.0,0.07,0.08,0.12,15333,4016,0.315,0.0317,0.01174,-0.075,0.0137
2026-10-01 14:02:14,738.6,2026-10-01,751.0,0.09,0.1,0.1,4810,1052,0.3518,0.0355,0.01152,-0.095,0.015
2026-10-01 14:02:14,738.6,2026-10-01,752.0,0.03,0.04,0.08,4402,878,0.32,0.0159,0.00647,-0.035,0.0077
2026-10-01 14:02:14,738.6,2026-10-01,753.0,0.06,0.07,0.07,3504,2353,0.3732,0.0241,0.00789,-0.065,0.0109
2026-10-01 14:03:15,738.36,2026-10-01,724.0,14.08,16.19,18.28,1,39,0.6507,0.8788,0.0161,-0.775,0.0388
2026-10-01 14:03:15,738.36,2026-10-01,725.0,13.41,15.42,17.44,45,1221,0.6842,0.8496,0.01774,-1.055,0.0449
2026-10-01 14:03:15,738.36,2026-10-01,726.0,12,14.09,16.2,9,57,0.5632,0.8769,0.01879,-0.685,0.0392
2026-10-01 14:03:15,738.36,2026-10-01,727.0,11.13,13.17,15.58,1,146,0.556,0.8599,0.02083,-0.79,0.0428
2026-10-01 14:03:15,738.36,2026-10-01,728.0,10.5,11.17,14.05,4,130,0.4443,0.8905,0.02193,-0.475,0.0361
2026-10-01 14:03:15,738.36,2026-10-01,729.0,9.49,10.15,13.53,15,390,0.409,0.8859,0.02452,-0.46,0.0371
2026-10-01 14:03:15,738.36,2026-10-01,730.0,8.38,8.82,12,75,1877,0.3127,0.92,0.0247,-0.24,0.0286
2026-10-01 14:03:15,738.36,2026-10-01,731.0,7.54,7.88,11.98,240,227,0.3169,0.889,0.03105,-0.35,0.0364
2026-10-01 14:03:15,738.36,2026-10-01,732.0,6.9,6.97,10.52,32,694,0.3379,0.839,0.03758,-0.575,0.047
2026-10-01 14:03:15,738.36,2026-10-01,733.0,6,6.13,6.46,81,358,0.328,0.8052,0.04367,-0.705,0.053
2026-10-01 14:03:15,738.36,2026-10-01,734.0,5.35,5.41,5.59,115,411,0.3436,0.7484,0.04825,-1.02,0.0613
2026-10-01 14:03:15,738.36,2026-10-01,735.0,4.55,4.66,4.77,120,1086,0.3354,0.7018,0.05374,-1.245,0.0667
2026-10-01 14:03:15,738.36,2026-10-01,736.0,3.88,3.89,4.28,162,1570,0.3285,0.6487,0.05869,-1.525,0.0713
2026-10-01 14:03:15,738.36,2026-10-01,737.0,3.26,3.34,3.39,514,1269,0.3326,0.5872,0.06086,-1.94,0.0749
2026-10-01 14:03:15,738.36,2026-10-01,738.0,2.71,2.73,3.03,1115,2192,0.3291,0.5257,0.06289,-2.36,0.0766
2026-10-01 14:03:15,738.36,2026-10-01,739.0,2.25,2.27,2.32,2649,2072,0.3331,0.4633,0.062,-2.26,0.0764
2026-10-01 14:03:15,738.36,2026-10-01,740.0,1.81,1.84,1.81,6116,7644,0.3323,0.4018,0.06051,-1.825,0.0744
2026-10-01 14:03:15,738.36,2026-10-01,741.0,1.43,1.44,1.44,10462,625,0.3293,0.3415,0.05794,-1.435,0.0706
2026-10-01 14:03:15,738.36,2026-10-01,742.0,1.05,1.06,1.06,24920,791,0.3186,0.2793,0.05486,-1.055,0.0647
2026-10-01 14:03:15,738.36,2026-10-01,743.0,0.83,0.84,0.84,30864,1170,0.3238,0.2312,0.04889,-0.835,0.0586
2026-10-01 14:03:15,738.36,2026-10-01,744.0,0.62,0.64,0.64,30256,984,0.3239,0.1856,0.04293,-0.63,0.0515
2026-10-01 14:03:15,738.36,2026-10-01,745.0,0.48,0.49,0.49,38978,3180,0.328,0.1492,0.03682,-0.485,0.0447
2026-10-01 14:03:15,738.36,2026-10-01,746.0,0.35,0.36,0.36,39571,1342,0.328,0.1157,0.03089,-0.355,0.0375
2026-10-01 14:03:15,738.36,2026-10-01,747.0,0.22,0.27,0.27,17685,2595,0.3247,0.0857,0.02507,-0.245,0.0301
2026-10-01 14:03:15,738.36,2026-10-01,748.0,0.19,0.2,0.2,11367,1417,0.334,0.069,0.02068,-0.195,0.0256
2026-10-01 14:03:15,738.36,2026-10-01,749.0,0.09,0.1,0.15,13935,1391,0.3113,0.0395,0.01424,-0.095,0.0164
2026-10-01 14:03:15,738.36,2026-10-01,750.0,0.1,0.11,0.11,15837,4016,0.341,0.0398,0.01309,-0.105,0.0165
2026-10-01 14:03:15,738.36,2026-10-01,751.0,0.04,0.05,0.05,5064,1052,0.3166,0.0202,0.00801,-0.045,0.0094
2026-10-01 14:03:15,738.36,2026-10-01,752.0,0.06,0.07,0.07,4623,878,0.3574,0.0251,0.00853,-0.065,0.0113
2026-10-01 14:03:15,738.36,2026-10-01,753.0,0.01,0.06,0.02,3534,2353,0.3456,0.0149,0.00566,-0.035,0.0072
2026-10-01 14:04:16,738.76,2026-10-01,724.0,14.8,14.88,18.28,1,39,0.3847,0.9786,0.00695,-0.08,0.0099
2026-10-01 14:04:16,738.76,2026-10-01,725.0,13.88,13.93,17.44,45,1221,0.4115,0.9612,0.01064,-0.145,0.0162
2026-10-01 14:04:16,738.76,2026-10-01,726.0,13.04,13.17,16.2,9,57,0.4753,0.9218,0.01599,-0.345,0.0281
2026-10-01 14:04:16,738.76,2026-10-01,727.0,11.7,11.74,15.58,1,146,,,,,
2026-10-01 14:04:16,738.76,2026-10-01,728.0,10.64,10.91,14.05,4,130,,,,,
2026-10-01 14:04:16,738.76,2026-10-01,729.0,9.82,10.15,13.53,15,390,0.3466,0.9309,0.01995,-0.225,0.0255
2026-10-01 14:04:16,738.76,2026-10-01,730.0,9.07,9.11,12,79,1877,0.3539,0.9038,0.02509,-0.33,0.0328
2026-10-01 14:04:16,738.76,2026-10-01,731.0,8,8.15,11.98,240,227,0.3195,0.8994,0.02871,-0.315,0.0339
2026-10-01 14:04:16,738.76,2026-10-01,732.0,7.28,7.36,7.03,32,694,0.3487,0.8464,0.03534,-0.56,0.0455
2026-10-01 14:04:16,738.76,2026-10-01,733.0,6.35,6.37,6.59,86,358,0.3223,0.8267,0.04136,-0.6,0.0492
2026-10-01 14:04:16,738.76,2026-10-01,734.0,5.51,5.71,5.69,119,411,0.3315,0.7756,0.04701,-0.85,0.0576
2026-10-01 14:04:16,738.76,2026-10-01,735.0,4.97,5.02,4.93,174,1086,0.3521,0.7139,0.05027,-1.235,0.0654
2026-10-01 14:04:16,738.76,2026-10-01,736.0,4.23,4.28,4.26,176,1570,0.3442,0.6649,0.05508,-1.495,0.07
2026-10-01 14:04:16,738.76,2026-10-01,737.0,3.51,3.58,3.43,649,1269,0.3338,0.6112,0.05976,-1.785,0.0737
2026-10-01 14:04:16,738.76,2026-10-01,738.0,2.88,2.97,2.93,1227,2192,0.3282,0.551,0.06273,-2.165,0.076
2026-10-01 14:04:16,738.76,2026-10-01,739.0,2.43,2.44,2.44,3027,2072,0.3316,0.488,0.06257,-2.435,0.0766
2026-10-01 14:04:16,738.76,2026-10-01,740.0,1.91,1.92,1.94,6656,7644,0.3228,0.4238,0.06314,-1.915,0.0753
2026-10-01 14:04:16,738.76,2026-10-01,741.0,1.49,1.51,1.51,11564,625,0.3192,0.3606,0.06102,-1.5,0.0719
2026-10-01 14:04:16,738.76,2026-10-01,742.0,1.19,1.2,1.15,26883,791,0.3226,0.3037,0.05639,-1.195,0.0672
2026-10-01 14:04:16,738.76,2026-10-01,743.0,0.87,0.88,0.88,31842,1170,0.315,0.2449,0.05191,-0.875,0.0604
2026-10-01 14:04:16,738.76,2026-10-01,744.0,0.64,0.65,0.65,32133,984,0.3127,0.1945,0.04582,-0.645,0.0529
2026-10-01 14:04:16,738.76,2026-10-01,745.0,0.47,0.48,0.52,40685,3180,0.3128,0.1525,0.03921,-0.475,0.0453
2026-10-01 14:04:16,738.76,2026-10-01,746.0,0.38,0.39,0.38,41038,1342,0.3238,0.1251,0.03309,-0.385,0.0396
2026-10-01 14:04:16,738.76,2026-10-01,747.0,0.27,0.28,0.24,18050,2595,0.3232,0.0948,0.02718,-0.275,0.0324
2026-10-01 14:04:16,738.76,2026-10-01,748.0,0.2,0.21,0.21,12116,1417,0.3274,0.0733,0.0221,-0.205,0.0267
2026-10-01 14:04:16,738.76,2026-10-01,749.0,0.1,0.15,0.11,14545,1391,0.3186,0.0491,0.01661,-0.125,0.0195
2026-10-01 14:04:16,738.76,2026-10-01,750.0,0.07,0.12,0.12,16164,4016,0.3257,0.038,0.0132,-0.095,0.0159
2026-10-01 14:04:16,738.76,2026-10-01,751.0,0.08,0.09,0.05,5240,1052,0.3422,0.033,0.0112,-0.085,0.0142
2026-10-01 14:04:16,738.76,2026-10-01,752.0,0.02,0.07,0.07,5004,878,0.3295,0.0195,0.00748,-0.045,0.0091
2026-10-01 14:04:16,738.76,2026-10-01,753.0,0.05,0.06,0.02,3635,2353,0.3611,0.0215,0.00741,-0.055,0.0099
2026-10-01 14:05:18,738.41,2026-10-01,724.0,14.62,14.74,18.28,4,39,0.4927,0.9392,0.01273,-0.27,0.0231
2026-10-01 14:05:18,738.41,2026-10-01,725.0,13.72,13.77,17.44,45,1221,0.4911,0.9258,0.0149,-0.335,0.0269
2026-10-01 14:05:18,738.41,2026-10-01,726.0,12.26,12.82,16.2,9,57,0.3698,0.9618,0.0117,-0.13,0.0159
2026-10-01 14:05:18,738.41,2026-10-01,727.0,11.49,11.65,15.58,1,146,0.3619,0.952,0.01439,-0.16,0.0192
2026-10-01 14:05:18,738.41,2026-10-01,728.0,10.63,10.71,14.05,4,130,0.3788,0.9266,0.01917,-0.26,0.0267
2026-10-01 14:05:18,738.41,2026-10-01,729.0,9.55,9.72,13.53,15,390,0.3376,0.9292,0.02091,-0.225,0.026
2026-10-01 14:05:18,738.41,2026-10-01,730.0,8.59,8.68,9.17,79,1877,0.3097,0.9239,0.02411,-0.225,0.0275
2026-10-01 14:05:18,738.41,2026-10-01,731.0,7.62,7.65,11.98,240,227,0.2813,0.9174,0.02822,-0.225,0.0292
2026-10-01 14:05:18,738.41,2026-10-01,732.0,6.89,6.95,7.03,37,694,0.3264,0.8499,0.03726,-0.51,0.0447
2026-10-01 14:05:18,738.41,2026-10-01,733.0,6.07,6.15,6.46,100,358,0.3298,0.8067,0.04334,-0.7,0.0526
2026-10-01 14:05:18,738.41,2026-10-01,734.0,5.26,5.34,5.56,135,411,0.325,0.7634,0.04948,-0.89,0.0592
2026-10-01 14:05:18,738.41,2026-10-01,735.0,4.69,4.72,4.76,194,1086,0.3461,0.6993,0.05242,-1.295,0.0668
2026-10-01 14:05:18,738.41,2026-10-01,736.0,3.86,3.98,4.09,252,1570,0.3298,0.6514,0.05846,-1.51,0.0709
2026-10-01 14:05:18,738.41,2026-10-01,737.0,3.36,3.38,3.41,739,1269,0.339,0.5889,0.05982,-1.96,0.0746
2026-10-01 14:05:18,738.41,2026-10-01,738.0,2.77,2.79,2.84,1512,2192,0.3344,0.5285,0.06203,-2.37,0.0763
2026-10-01 14:05:18,738.41,2026-10-01,739.0,2.22,2.23,2.28,3412,2072,0.3264,0.4655,0.06347,-2.225,0.0762
2026-10-01 14:05:18,738.41,2026-10-01,740.0,1.72,1.73,1.83,7380,7644,0.3171,0.3999,0.06352,-1.725,0.0741
2026-10-01 14:05:18,738.41,2026-10-01,741.0,1.39,1.4,1.44,14100,625,0.3222,0.3406,0.05933,-1.395,0.0703
2026-10-01 14:05:18,738.41,2026-10-01,742.0,1.1,1.11,1.11,28384,791,0.3251,0.2855,0.05449,-1.105,0.0652
2026-10-01 14:05:18,738.41,2026-10-01,743.0,0.84,0.85,0.85,32637,1170,0.3245,0.2334,0.04919,-0.845,0.0587
2026-10-01 14:05:18,738.41,2026-10-01,744.0,0.63,0.64,0.64,33437,984,0.324,0.1872,0.04326,-0.635,0.0516
2026-10-01 14:05:18,738.41,2026-10-01,745.0,0.44,0.45,0.45,42320,3180,0.3182,0.1429,0.03698,-0.445,0.0433
2026-10-01 14:05:18,738.41,2026-10-01,746.0,0.32,0.37,0.37,42722,1342,0.3247,0.1142,0.031,-0.345,0.037
2026-10-01 14:05:18,738.41,2026-10-01,747.0,0.22,0.23,0.28,18630,2595,0.3174,0.0815,0.02476,-0.225,0.0289
2026-10-01 14:05:18,738.41,2026-10-01,748.0,0.2,0.21,0.21,12461,1417,0.3375,0.0716,0.0211,-0.205,0.0262
2026-10-01 14:05:18,738.41,2026-10-01,749.0,0.15,0.16,0.12,15003,1391,0.3426,0.0557,0.01709,-0.155,0.0215
2026-10-01 14:05:18,738.41,2026-10-01,750.0,0.11,0.12,0.08,16677,4016,0.3467,0.0426,0.01363,-0.115,0.0174
2026-10-01 14:05:18,738.41,2026-10-01,751.0,0.08,0.09,0.09,5463,1052,0.3509,0.0324,0.01077,-0.085,0.0139
2026-10-01 14:05:18,738.41,2026-10-01,752.0,0.06,0.07,0.07,5088,878,0.3573,0.0252,0.00857,-0.065,0.0113
2026-10-01 14:05:18,738.41,2026-10-01,753.0,0.01,0.06,0.06,3638,2353,0.3456,0.0149,0.00569,-0.035,0.0072
2026-10-01 14:06:19,738.07,2026-10-01,724.0,13.89,14.55,14.64,4,39,0.4239,0.9607,0.01047,-0.15,0.0163
2026-10-01 14:06:19,738.07,2026-10-01,725.0,13.12,13.17,17.44,45,1221,0.3434,0.978,0.00799,-0.075,0.0101
2026-10-01 14:06:19,738.07,2026-10-01,726.0,12.18,12.5,16.2,9,57,0.4296,0.9316,0.01604,-0.27,0.0253
2026-10-01 14:06:19,738.07,2026-10-01,727.0,11.35,11.53,15.58,1,146,0.4366,0.9103,0.01938,-0.37,0.031
2026-10-01 14:06:19,738.07,2026-10-01,728.0,10.4,10.62,14.05,4,130,0.4276,0.8937,0.0224,-0.44,0.0351
2026-10-01 14:06:19,738.07,2026-10-01,729.0,9.49,9.64,13.53,15,390,0.4111,0.8785,0.02564,-0.495,0.0386
2026-10-01 14:06:19,738.07,2026-10-01,730.0,8.43,8.58,9.17,79,1877,0.3636,0.8797,0.02879,-0.435,0.0384
2026-10-01 14:06:19,738.07,2026-10-01,731.0,7.52,7.83,11.98,240,227,0.3707,0.8435,0.03379,-0.605,0.0459
2026-10-01 14:06:19,738.07,2026-10-01,732.0,6.82,6.88,6.98,37,694,0.3703,0.8072,0.03862,-0.78,0.0524
2026-10-01 14:06:19,738.07,2026-10-01,733.0,5.9,5.98,6.05,110,358,0.3485,0.7794,0.04444,-0.87,0.0568
2026-10-01 14:06:19,738.07,2026-10-01,734.0,5.22,5.29,5.2,137,411,0.3593,0.7261,0.04841,-1.185,0.0638
2026-10-01 14:06:19,738.07,2026-10-01,735.0,4.4,4.42,4.6,215,1086,0.3378,0.6856,0.05489,-1.34,0.068
2026-10-01 14:06:19,738.07,2026-10-01,736.0,3.76,3.85,3.79,262,1570,0.3446,0.6262,0.05742,-1.735,0.0725
2026-10-01 14:06:19,738.07,2026-10-01,737.0,3.14,3.22,3.22,789,1269,0.3404,0.5683,0.06032,-2.11,0.0753
2026-10-01 14:06:19,738.07,2026-10-01,738.0,2.59,2.64,2.58,1743,2192,0.3364,0.5074,0.06194,-2.545,0.0764
2026-10-01 14:06:19,738.07,2026-10-01,739.0,2.15,2.17,2.07,3636,2072,0.3388,0.4461,0.06095,-2.16,0.0757
2026-10-01 14:06:19,738.07,2026-10-01,740.0,1.7,1.72,1.72,8050,7644,0.3336,0.3843,0.05981,-1.71,0.0731
2026-10-01 14:06:19,738.07,2026-10-01,741.0,1.34,1.35,1.35,15125,625,0.3317,0.3254,0.0567,-1.345,0.0689
2026-10-01 14:06:19,738.07,2026-10-01,742.0,1.04,1.05,1.05,29421,791,0.3309,0.2706,0.05225,-1.045,0.0634
2026-10-01 14:06:19,738.07,2026-10-01,743.0,0.8,0.81,0.77,33599,1170,0.3314,0.2216,0.04686,-0.805,0.0569
2026-10-01 14:06:19,738.07,2026-10-01,744.0,0.6,0.61,0.58,35175,984,0.3308,0.1775,0.04107,-0.605,0.0498
2026-10-01 14:06:19,738.07,2026-10-01,745.0,0.42,0.43,0.43,43164,3180,0.3251,0.1355,0.03498,-0.425,0.0417
2026-10-01 14:06:19,738.07,2026-10-01,746.0,0.3,0.35,0.35,44096,1342,0.3301,0.1074,0.02925,-0.325,0.0354
2026-10-01 14:06:19,738.07,2026-10-01,747.0,0.25,0.26,0.26,19109,2595,0.3377,0.0861,0.0243,-0.255,0.0301
2026-10-01 14:06:19,738.07,2026-10-01,748.0,0.15,0.2,0.2,12673,1417,0.3351,0.063,0.0193,-0.175,0.0237
2026-10-01 14:06:19,738.07,2026-10-01,749.0,0.14,0.15,0.15,15712,1391,0.347,0.0521,0.01603,-0.145,0.0204
2026-10-01 14:06:19,738.07,2026-10-01,750.0,0.11,0.12,0.12,16967,4016,0.3555,0.0417,0.0131,-0.115,0.0171
2026-10-01 14:06:19,738.07,2026-10-01,751.0,0.08,0.09,0.09,5538,1052,0.3593,0.0318,0.01037,-0.085,0.0137
2026-10-01 14:06:19,738.07,2026-10-01,752.0,0.02,0.07,0.07,5190,878,0.3452,0.0187,0.00693,-0.045,0.0088
2026-10-01 14:06:19,738.07,2026-10-01,753.0,0.05,0.06,0.06,3735,2353,0.3772,0.0207,0.00691,-0.055,0.0096
2026-10-01 14:07:29,738.46,2026-10-01,724.0,14.75,14.88,14.64,7,39,0.5298,0.9265,0.01376,-0.355,0.0267
2026-10-01 14:07:29,738.46,2026-10-01,725.0,13.41,13.91,17.44,45,1221,0.4365,0.949,0.01255,-0.2,0.02
2026-10-01 14:07:29,738.46,2026-10-01,726.0,12.73,12.88,16.2,9,57,0.4691,0.9206,0.01648,-0.345,0.0283
2026-10-01 14:07:29,738.46,2026-10-01,727.0,11.46,11.63,15.58,1,146,0.3162,0.9724,0.01049,-0.085,0.0121
2026-10-01 14:07:29,738.46,2026-10-01,728.0,10.59,10.83,14.05,4,130,0.3776,0.9288,0.01884,-0.25,0.026
2026-10-01 14:07:29,738.46,2026-10-01,729.0,9.52,9.73,13.53,15,390,0.3148,0.944,0.01875,-0.165,0.0216
2026-10-01 14:07:29,738.46,2026-10-01,730.0,8.87,8.98,9,80,1877,0.3842,0.8781,0.02752,-0.465,0.0387
2026-10-01 14:07:29,738.46,2026-10-01,731.0,7.93,8.039,11.98,1,227,0.3662,0.8596,0.03185,-0.5245,0.0427
2026-10-01 14:07:29,738.46,2026-10-01,732.0,7.05,7.12,6.98,37,694,0.354,0.833,0.03695,-0.625,0.0478
2026-10-01 14:07:29,738.46,2026-10-01,733.0,6.26,6.3,6.32,113,358,0.3551,0.7924,0.04215,-0.82,0.0547
2026-10-01 14:07:29,738.46,2026-10-01,734.0,5.37,5.52,5.2,149,411,0.344,0.7542,0.04787,-0.985,0.0602
2026-10-01 14:07:29,738.46,2026-10-01,735.0,4.64,4.75,4.85,227,1086,0.3404,0.7056,0.05296,-1.235,0.0659
2026-10-01 14:07:29,738.46,2026-10-01,736.0,4.019,4.05,3.99,264,1570,0.3424,0.6495,0.05659,-1.5745,0.0709
2026-10-01 14:07:29,738.46,2026-10-01,737.0,3.41,3.44,3.41,825,1269,0.3435,0.591,0.05914,-1.965,0.0743
2026-10-01 14:07:29,738.46,2026-10-01,738.0,2.75,2.77,2.71,1929,2192,0.3294,0.5322,0.06313,-2.3,0.076
2026-10-01 14:07:29,738.46,2026-10-01,739.0,2.27,2.29,2.29,3869,2072,0.3316,0.4691,0.06272,-2.28,0.0761
2026-10-01 14:07:29,738.46,2026-10-01,740.0,1.77,1.85,1.85,8744,7644,0.3268,0.4058,0.06204,-1.81,0.0742
2026-10-01 14:07:29,738.46,2026-10-01,741.0,1.45,1.46,1.46,17295,625,0.3293,0.3464,0.0586,-1.455,0.0706
2026-10-01 14:07:29,738.46,2026-10-01,742.0,1.09,1.14,1.14,30863,791,0.3254,0.2878,0.05481,-1.115,0.0652
2026-10-01 14:07:29,738.46,2026-10-01,743.0,0.86,0.87,0.87,35103,1170,0.3269,0.2369,0.04937,-0.865,0.059
2026-10-01 14:07:29,738.46,2026-10-01,744.0,0.66,0.67,0.67,36646,984,0.329,0.1922,0.04345,-0.665,0.0523
2026-10-01 14:07:29,738.46,2026-10-01,745.0,0.5,0.51,0.51,45408,3180,0.3311,0.1537,0.03742,-0.505,0.0453
2026-10-01 14:07:29,738.46,2026-10-01,746.0,0.33,0.38,0.38,46064,1342,0.3269,0.1166,0.03135,-0.355,0.0375
2026-10-01 14:07:29,738.46,2026-10-01,747.0,0.28,0.29,0.29,19472,2595,0.3366,0.0949,0.02623,-0.285,0.0323
2026-10-01 14:07:29,738.46,2026-10-01,748.0,0.21,0.22,0.22,13096,1417,0.3409,0.0741,0.0215,-0.215,0.0268
2026-10-01 14:07:29,738.46,2026-10-01,749.0,0.16,0.17,0.17,15924,1391,0.3469,0.0582,0.01754,-0.165,0.0223
2026-10-01 14:07:29,738.46,2026-10-01,750.0,0.12,0.13,0.13,17317,4016,0.3522,0.0453,0.01414,-0.125,0.0182
2026-10-01 14:07:29,738.46,2026-10-01,751.0,0.05,0.06,0.06,5586,1052,0.3263,0.0236,0.00891,-0.055,0.0106
2026-10-01 14:07:29,738.46,2026-10-01,752.0,0.03,0.04,0.08,5284,878,0.3253,0.0158,0.00637,-0.035,0.0076
2026-10-01 14:07:29,738.46,2026-10-01,753.0,0.02,0.03,0.07,3844,2353,0.3302,0.0115,0.00478,-0.025,0.0058
2026-10-01 14:08:30,739.27,2026-10-01,725.0,14.39,14.48,17.44,45,1221,0.4357,0.9589,0.01057,-0.16,0.0168
2026-10-01 14:08:30,739.27,2026-10-01,726.0,13.19,13.55,16.2,9,57,0.3667,0.9725,0.00904,-0.095,0.0121
2026-10-01 14:08:30,739.27,2026-10-01,727.0,12.38,12.46,15.58,1,146,0.3769,0.9578,0.01249,-0.145,0.0172
2026-10-01 14:08:30,739.27,2026-10-01,728.0,11.32,11.46,14.05,4,130,0.3337,0.9631,0.01263,-0.115,0.0154
2026-10-01 14:08:30,739.27,2026-10-01,729.0,10.06,10.45,13.53,15,390,,,,,
2026-10-01 14:08:30,739.27,2026-10-01,730.0,9.26,9.38,9.76,82,1877,0.2272,0.9845,0.00897,-0.045,0.0074
2026-10-01 14:08:30,739.27,2026-10-01,731.0,8.27,8.56,8.58,2,227,0.272,0.9461,0.02106,-0.14,0.0209
2026-10-01 14:08:30,739.27,2026-10-01,732.0,7.58,7.75,6.98,37,694,0.327,0.8804,0.03192,-0.39,0.0382
2026-10-01 14:08:30,739.27,2026-10-01,733.0,6.68,6.82,6.95,115,358,0.315,0.8541,0.03801,-0.475,0.0438
2026-10-01 14:08:30,739.27,2026-10-01,734.0,5.77,5.92,6.14,151,411,0.3005,0.8236,0.0451,-0.57,0.0495
2026-10-01 14:08:30,739.27,2026-10-01,735.0,5.15,5.16,5.16,237,1086,0.3189,0.7614,0.05082,-0.88,0.0592
2026-10-01 14:08:30,739.27,2026-10-01,736.0,4.38,4.43,3.8,264,1570,0.3162,0.709,0.05671,-1.13,0.0655
2026-10-01 14:08:30,739.27,2026-10-01,737.0,3.72,3.75,3.32,829,1269,0.3172,0.6493,0.06113,-1.46,0.0709
2026-10-01 14:08:30,739.27,2026-10-01,738.0,3.04,3.05,3.18,2054,2192,0.3071,0.589,0.06626,-1.77,0.0744
2026-10-01 14:08:30,739.27,2026-10-01,739.0,2.54,2.55,2.64,4082,2072,0.314,0.5213,0.06637,-2.27,0.0762
2026-10-01 14:08:30,739.27,2026-10-01,740.0,2.04,2.05,2.05,9342,7644,0.312,0.4547,0.06646,-2.045,0.0758
2026-10-01 14:08:30,739.27,2026-10-01,741.0,1.62,1.63,1.63,18935,625,0.3118,0.3892,0.06434,-1.625,0.0733
2026-10-01 14:08:30,739.27,2026-10-01,742.0,1.27,1.28,1.28,33390,791,0.3124,0.3272,0.06042,-1.275,0.069
2026-10-01 14:08:30,739.27,2026-10-01,743.0,0.95,1,1,37568,1170,0.3117,0.2689,0.05539,-0.975,0.0631
2026-10-01 14:08:30,739.27,2026-10-01,744.0,0.75,0.76,0.77,38897,984,0.3152,0.2194,0.04907,-0.755,0.0565
2026-10-01 14:08:30,739.27,2026-10-01,745.0,0.57,0.58,0.55,47669,3180,0.318,0.1761,0.04256,-0.575,0.0495
2026-10-01 14:08:30,739.27,2026-10-01,746.0,0.43,0.44,0.44,47858,1342,0.3213,0.1396,0.03616,-0.435,0.0425
2026-10-01 14:08:30,739.27,2026-10-01,747.0,0.29,0.34,0.34,20513,2595,0.3216,0.1071,0.02999,-0.315,0.0353
2026-10-01 14:08:30,739.27,2026-10-01,748.0,0.21,0.26,0.26,13671,1417,0.3257,0.083,0.02454,-0.235,0.0292
2026-10-01 14:08:30,739.27,2026-10-01,749.0,0.15,0.2,0.2,16495,1391,0.3302,0.0639,0.01982,-0.175,0.0239
2026-10-01 14:08:30,739.27,2026-10-01,750.0,0.15,0.16,0.16,18044,4016,0.3472,0.0552,0.0168,-0.155,0.0213
2026-10-01 14:08:30,739.27,2026-10-01,751.0,0.07,0.12,0.12,6135,1052,0.3389,0.0369,0.01245,-0.095,0.0154
2026-10-01 14:08:30,739.27,2026-10-01,752.0,0.05,0.06,0.1,5416,878,0.3304,0.0233,0.00873,-0.055,0.0105
2026-10-01 14:08:30,739.27,2026-10-01,753.0,0.07,0.08,0.04,3877,2353,0.37,0.0278,0.00902,-0.075,0.0122
2026-10-01 14:08:30,739.27,2026-10-01,754.0,0.01,0.06,0.02,4310,606,0.3495,0.0148,0.00561,-0.035,0.0072
2026-10-01 14:09:32,739.75,2026-10-01,725.0,14.56,14.96,17.44,45,1221,,,,,
2026-10-01 14:09:32,739.75,2026-10-01,726.0,13.59,13.67,16.2,9,57,,,,,
2026-10-01 14:09:32,739.75,2026-10-01,727.0,12.86,12.92,15.58,1,146,0.3861,0.9601,0.01166,-0.14,0.0164
2026-10-01 14:09:32,739.75,2026-10-01,728.0,11.62,12.01,14.05,4,130,0.3046,0.9795,0.00851,-0.065,0.0095
2026-10-01 14:09:32,739.75,2026-10-01,729.0,10.72,11.2,13.53,15,390,0.3697,0.9383,0.01723,-0.21,0.0232
2026-10-01 14:09:32,739.75,2026-10-01,730.0,9.9,9.94,10.3,82,1877,0.3252,0.9438,0.01821,-0.17,0.0216
2026-10-01 14:09:32,739.75,2026-10-01,731.0,8.98,9.12,8.58,2,227,0.3465,0.9095,0.02464,-0.3,0.0312
2026-10-01 14:09:32,739.75,2026-10-01,732.0,8.06,8.34,6.98,37,694,0.358,0.8743,0.03022,-0.45,0.0395
2026-10-01 14:09:32,739.75,2026-10-01,733.0,7.27,7.39,7.26,115,358,0.355,0.8432,0.03541,-0.58,0.0459
2026-10-01 14:09:32,739.75,2026-10-01,734.0,6.56,6.65,5.78,152,411,0.3731,0.7933,0.04007,-0.855,0.0545
2026-10-01 14:09:32,739.75,2026-10-01,735.0,5.67,5.74,5.85,243,1086,0.3512,0.7636,0.04595,-0.955,0.0589
2026-10-01 14:09:32,739.75,2026-10-01,736.0,4.84,4.92,3.8,266,1570,0.3375,0.7227,0.05197,-1.13,0.064
2026-10-01 14:09:32,739.75,2026-10-01,737.0,4.1,4.18,4.33,842,1269,0.3307,0.6714,0.05723,-1.39,0.0691
2026-10-01 14:09:32,739.75,2026-10-01,738.0,3.49,3.52,3.54,2100,2192,0.3312,0.612,0.06055,-1.755,0.0732
2026-10-01 14:09:32,739.75,2026-10-01,739.0,2.87,2.89,2.97,4178,2072,0.325,0.5511,0.06373,-2.13,0.0756
2026-10-01 14:09:32,739.75,2026-10-01,740.0,2.27,2.3,2.35,9774,7644,0.3146,0.4864,0.06635,-2.285,0.0762
2026-10-01 14:09:32,739.75,2026-10-01,741.0,1.88,1.89,1.89,20214,625,0.3213,0.4223,0.06377,-1.885,0.0748
2026-10-01 14:09:32,739.75,2026-10-01,742.0,1.43,1.44,1.44,35695,791,0.3126,0.3562,0.06243,-1.435,0.0712
2026-10-01 14:09:32,739.75,2026-10-01,743.0,1.16,1.17,1.13,39723,1170,0.3205,0.3008,0.05685,-1.165,0.0665
2026-10-01 14:09:32,739.75,2026-10-01,744.0,0.88,0.89,0.84,41729,984,0.319,0.2458,0.05168,-0.885,0.0602
2026-10-01 14:09:32,739.75,2026-10-01,745.0,0.62,0.67,0.66,49604,3180,0.3149,0.1943,0.04574,-0.645,0.0526
2026-10-01 14:09:32,739.75,2026-10-01,746.0,0.45,0.46,0.46,48953,1342,0.3106,0.1489,0.0391,-0.455,0.0443
2026-10-01 14:09:32,739.75,2026-10-01,747.0,0.37,0.38,0.37,21111,2595,0.3235,0.1231,0.03295,-0.375,0.0389
2026-10-01 14:09:32,739.75,2026-10-01,748.0,0.28,0.29,0.24,14157,1417,0.3286,0.0969,0.02732,-0.285,0.0328
2026-10-01 14:09:32,739.75,2026-10-01,749.0,0.2,0.21,0.21,16743,1391,0.3297,0.0732,0.02207,-0.205,0.0266
2026-10-01 14:09:32,739.75,2026-10-01,750.0,0.12,0.13,0.13,19191,4016,0.3208,0.0491,0.01659,-0.125,0.0194
2026-10-01 14:09:32,739.75,2026-10-01,751.0,0.08,0.13,0.13,6419,1052,0.3341,0.0408,0.01371,-0.105,0.0167
2026-10-01 14:09:32,739.75,2026-10-01,752.0,0.09,0.1,0.1,5565,878,0.3514,0.0358,0.01171,-0.095,0.015
2026-10-01 14:09:32,739.75,2026-10-01,753.0,0.07,0.08,0.04,3881,2353,0.3597,0.0285,0.00948,-0.075,0.0124
2026-10-01 14:09:32,739.75,2026-10-01,754.0,0.02,0.07,0.07,4317,606,0.3527,0.0184,0.0067,-0.045,0.0086
2026-10-01 14:10:33,739.93,2026-10-01,725.0,14.83,14.94,17.44,45,1221,,,,,
2026-10-01 14:10:33,739.93,2026-10-01,726.0,14.08,14.22,16.2,9,57,0.4597,0.9465,0.01241,-0.22,0.0208
2026-10-01 14:10:33,739.93,2026-10-01,727.0,13.24,13.37,13.11,2,146,0.4944,0.918,0.01606,-0.375,0.0289
2026-10-01 14:10:33,739.93,2026-10-01,728.0,12.18,12.19,14.05,4,130,0.4213,0.9338,0.01601,-0.255,0.0245
2026-10-01 14:10:33,739.93,2026-10-01,729.0,11.24,11.38,13.53,15,390,0.4372,0.908,0.01979,-0.38,0.0315
2026-10-01 14:10:33,739.93,2026-10-01,730.0,9.96,10.35,10.3,82,1877,0.354,0.9316,0.01952,-0.225,0.0252
2026-10-01 14:10:33,739.93,2026-10-01,731.0,9.03,9.43,8.58,2,227,0.3522,0.9106,0.02404,-0.3,0.0308
2026-10-01 14:10:33,739.93,2026-10-01,732.0,8.24,8.26,6.98,37,694,0.3285,0.8996,0.02807,-0.32,0.0336
2026-10-01 14:10:33,739.93,2026-10-01,733.0,7.44,7.52,7.54,116,358,0.355,0.8498,0.03445,-0.55,0.0445
2026-10-01 14:10:33,739.93,2026-10-01,734.0,6.44,6.73,6.87,152,411,0.342,0.8213,0.04004,-0.655,0.0498
2026-10-01 14:10:33,739.93,2026-10-01,735.0,5.84,5.91,6.13,245,1086,0.3572,0.7684,0.04473,-0.945,0.0582
2026-10-01 14:10:33,739.93,2026-10-01,736.0,4.93,4.97,5.06,281,1570,0.3283,0.7379,0.05201,-1.02,0.0621
2026-10-01 14:10:33,739.93,2026-10-01,737.0,4.23,4.32,4.51,848,1269,0.3331,0.6807,0.05622,-1.345,0.0682
2026-10-01 14:10:33,739.93,2026-10-01,738.0,3.54,3.58,3.59,2118,2192,0.324,0.6256,0.06132,-1.63,0.0723
2026-10-01 14:10:33,739.93,2026-10-01,739.0,2.89,2.99,2.89,4307,2072,0.3201,0.5635,0.06449,-2.01,0.0751
2026-10-01 14:10:33,739.93,2026-10-01,740.0,2.44,2.46,2.44,10046,7644,0.3251,0.4985,0.06432,-2.45,0.0761
2026-10-01 14:10:33,739.93,2026-10-01,741.0,1.94,1.95,1.89,20794,625,0.3195,0.4334,0.06453,-1.945,0.075
2026-10-01 14:10:33,739.93,2026-10-01,742.0,1.47,1.52,1.52,37795,791,0.3123,0.3672,0.06321,-1.495,0.0719
2026-10-01 14:10:33,739.93,2026-10-01,743.0,1.12,1.17,1.17,41852,1170,0.3098,0.3048,0.05924,-1.145,0.0668
2026-10-01 14:10:33,739.93,2026-10-01,744.0,0.84,0.89,0.88,43249,984,0.3088,0.2478,0.05369,-0.865,0.0603
2026-10-01 14:10:33,739.93,2026-10-01,745.0,0.66,0.67,0.67,51559,3180,0.3125,0.2005,0.04703,-0.665,0.0535
2026-10-01 14:10:33,739.93,2026-10-01,746.0,0.49,0.5,0.5,50868,1342,0.3138,0.1581,0.04033,-0.495,0.0461
2026-10-01 14:10:33,739.93,2026-10-01,747.0,0.36,0.37,0.37,22184,2595,0.3157,0.1229,0.03377,-0.365,0.0388
2026-10-01 14:10:33,739.93,2026-10-01,748.0,0.27,0.28,0.28,14558,1417,0.3207,0.0961,0.02785,-0.275,0.0325
2026-10-01 14:10:33,739.93,2026-10-01,749.0,0.16,0.17,0.17,17055,1391,0.3094,0.0643,0.0213,-0.165,0.024
2026-10-01 14:10:33,739.93,2026-10-01,750.0,0.15,0.16,0.16,19921,4016,0.3311,0.0576,0.01825,-0.155,0.022
2026-10-01 14:10:33,739.93,2026-10-01,751.0,0.12,0.13,0.08,6453,1052,0.3415,0.0466,0.01496,-0.125,0.0186
2026-10-01 14:10:33,739.93,2026-10-01,752.0,0.09,0.1,0.1,5685,878,0.3476,0.0361,0.01196,-0.095,0.0151
2026-10-01 14:10:33,739.93,2026-10-01,753.0,0.07,0.08,0.08,3949,2353,0.3561,0.0288,0.00967,-0.075,0.0125
2026-10-01 14:10:33,739.93,2026-10-01,754.0,0.02,0.07,0.07,4356,606,0.3494,0.0186,0.00683,-0.045,0.0087
2026-10-01 14:11:34,739.84,2026-10-01,725.0,14.64,15.06,17.44,45,1221,,,,,
2026-10-01 14:11:34,739.84,2026-10-01,726.0,13.64,14.03,16.2,9,57,,,,,
2026-10-01 14:11:34,739.84,2026-10-01,727.0,13.05,13.18,13.53,3,146,0.4572,0.9326,0.01498,-0.28,0.0249
2026-10-01 14:11:34,739.84,2026-10-01,728.0,11.92,11.98,14.05,4,130,0.3487,0.9644,0.01181,-0.115,0.0149
2026-10-01 14:11:34,739.84,2026-10-01,729.0,10.8,10.94,13.53,15,390,0.2435,0.9909,0.0053,-0.035,0.0047
2026-10-01 14:11:34,739.84,2026-10-01,730.0,10.14,10.25,10.36,86,1877,0.3988,0.9051,0.02223,-0.36,0.0322
2026-10-01 14:11:34,739.84,2026-10-01,731.0,8.95,9.26,8.58,2,227,0.3401,0.9162,0.02377,-0.27,0.0293
2026-10-01 14:11:34,739.84,2026-10-01,732.0,7.99,8.17,6.98,37,694,0.3025,0.9154,0.02692,-0.245,0.0295
2026-10-01 14:11:34,739.84,2026-10-01,733.0,7.38,7.49,7.62,121,358,0.3633,0.8413,0.03497,-0.6,0.0461
2026-10-01 14:11:34,739.84,2026-10-01,734.0,6.44,6.49,6.46,155,411,0.3341,0.8234,0.04075,-0.63,0.0494
2026-10-01 14:11:34,739.84,2026-10-01,735.0,5.58,5.63,5.75,273,1086,0.3232,0.7868,0.04722,-0.77,0.0554
2026-10-01 14:11:34,739.84,2026-10-01,736.0,4.94,4.98,5.21,284,1570,0.3414,0.7254,0.05127,-1.125,0.0635
2026-10-01 14:11:34,739.84,2026-10-01,737.0,4.09,4.11,4.1,852,1269,0.3174,0.6835,0.05888,-1.265,0.0678
2026-10-01 14:11:34,739.84,2026-10-01,738.0,3.5,3.52,3.43,2156,2192,0.3257,0.6193,0.06141,-1.675,0.0726
2026-10-01 14:11:34,739.84,2026-10-01,739.0,2.87,2.89,2.8,4443,2072,0.3197,0.5576,0.06483,-2.045,0.0752
2026-10-01 14:11:34,739.84,2026-10-01,740.0,2.33,2.35,2.35,10679,7644,0.3173,0.4921,0.066,-2.34,0.076
2026-10-01 14:11:34,739.84,2026-10-01,741.0,1.84,1.85,1.85,21499,625,0.3121,0.4253,0.06594,-1.845,0.0747
2026-10-01 14:11:34,739.84,2026-10-01,742.0,1.39,1.4,1.4,39615,791,0.3036,0.3571,0.06451,-1.395,0.0711
2026-10-01 14:11:34,739.84,2026-10-01,743.0,1.09,1.1,1.1,43141,1170,0.3071,0.2972,0.05919,-1.095,0.066
2026-10-01 14:11:34,739.84,2026-10-01,744.0,0.78,0.79,0.79,44271,984,0.2996,0.2357,0.05393,-0.785,0.0586
2026-10-01 14:11:34,739.84,2026-10-01,745.0,0.57,0.58,0.58,53399,3180,0.2992,0.1852,0.04687,-0.575,0.0509
2026-10-01 14:11:34,739.84,2026-10-01,746.0,0.41,0.46,0.46,51727,1342,0.3041,0.1463,0.03959,-0.435,0.0437
2026-10-01 14:11:34,739.84,2026-10-01,747.0,0.29,0.3,0.3,22690,2595,0.3003,0.1076,0.03237,-0.295,0.0353
2026-10-01 14:11:34,739.84,2026-10-01,748.0,0.24,0.25,0.25,14842,1417,0.3144,0.0888,0.02684,-0.245,0.0306
2026-10-01 14:11:34,739.84,2026-10-01,749.0,0.18,0.19,0.19,17222,1391,0.3206,0.0689,0.02172,-0.185,0.0253
2026-10-01 14:11:34,739.84,2026-10-01,750.0,0.14,0.15,0.11,20334,4016,0.3295,0.0547,0.01764,-0.145,0.0211
2026-10-01 14:11:34,739.84,2026-10-01,751.0,0.07,0.12,0.12,6544,1052,0.3269,0.0382,0.01333,-0.095,0.0158
2026-10-01 14:11:34,739.84,2026-10-01,752.0,0.09,0.1,0.1,5771,878,0.3504,0.0359,0.01183,-0.095,0.015
2026-10-01 14:11:34,739.84,2026-10-01,753.0,0.03,0.04,0.07,3976,2353,0.3189,0.0162,0.00664,-0.035,0.0077
2026-10-01 14:11:34,739.84,2026-10-01,754.0,0.06,0.07,0.06,4365,606,0.3724,0.0244,0.00807,-0.065,0.0109
2026-10-01 14:12:44,739.46,2026-10-01,725.0,14.71,14.83,17.44,45,1221,0.5156,0.9331,0.01324,-0.31,0.0247
2026-10-01 14:12:44,739.46,2026-10-01,726.0,13.51,13.53,16.2,9,57,0.3382,0.983,0.00655,-0.06,0.008
2026-10-01 14:12:44,739.46,2026-10-01,727.0,12.62,12.75,13.53,3,146,0.4246,0.9412,0.01452,-0.225,0.0223
2026-10-01 14:12:44,739.46,2026-10-01,728.0,11.54,11.57,14.05,4,130,0.3263,0.9693,0.0112,-0.095,0.0132
2026-10-01 14:12:44,739.46,2026-10-01,729.0,10.53,10.82,13.53,15,390,0.3659,0.9361,0.018,-0.215,0.0238
2026-10-01 14:12:44,739.46,2026-10-01,730.0,9.68,9.82,10.36,86,1877,0.3659,0.9157,0.02223,-0.29,0.0294
2026-10-01 14:12:44,739.46,2026-10-01,731.0,8.61,8.96,8.58,2,227,0.3474,0.9025,0.02608,-0.325,0.0327
2026-10-01 14:12:44,739.46,2026-10-01,732.0,7.7,7.84,6.98,37,694,0.3125,0.8979,0.02999,-0.31,0.0339
2026-10-01 14:12:44,739.46,2026-10-01,733.0,7.07,7.13,7.62,121,358,0.3594,0.8309,0.03693,-0.64,0.0479
2026-10-01 14:12:44,739.46,2026-10-01,734.0,6.22,6.31,6.46,155,411,0.3546,0.7941,0.04227,-0.805,0.0541
2026-10-01 14:12:44,739.46,2026-10-01,735.0,5.35,5.44,5.72,276,1086,0.3377,0.7594,0.04849,-0.935,0.0592
2026-10-01 14:12:44,739.46,2026-10-01,736.0,4.61,4.66,5.21,287,1570,0.3333,0.7106,0.05398,-1.175,0.065
2026-10-01 14:12:44,739.46,2026-10-01,737.0,3.81,3.9,4.1,854,1269,0.319,0.6606,0.0604,-1.395,0.0696
2026-10-01 14:12:44,739.46,2026-10-01,738.0,3.25,3.26,3.28,2226,2192,0.3226,0.5971,0.06313,-1.795,0.0736
2026-10-01 14:12:44,739.46,2026-10-01,739.0,2.59,2.66,2.66,4547,2072,0.3135,0.5338,0.0667,-2.165,0.0756
2026-10-01 14:12:44,739.46,2026-10-01,740.0,2.07,2.12,2.09,10867,7644,0.3092,0.4664,0.06764,-2.095,0.0756
2026-10-01 14:12:44,739.46,2026-10-01,741.0,1.66,1.67,1.67,22092,625,0.3092,0.3997,0.06573,-1.665,0.0734
2026-10-01 14:12:44,739.46,2026-10-01,742.0,1.24,1.29,1.29,40998,791,0.304,0.3331,0.06291,-1.265,0.0691
2026-10-01 14:12:44,739.46,2026-10-01,743.0,0.94,0.99,0.99,44277,1170,0.304,0.273,0.05754,-0.965,0.0632
2026-10-01 14:12:44,739.46,2026-10-01,744.0,0.73,0.74,0.74,45014,984,0.3063,0.2207,0.05095,-0.735,0.0564
2026-10-01 14:12:44,739.46,2026-10-01,745.0,0.53,0.54,0.54,54396,3180,0.3051,0.1726,0.04405,-0.535,0.0486
2026-10-01 14:12:44,739.46,2026-10-01,746.0,0.4,0.41,0.41,52326,1342,0.31,0.1362,0.03707,-0.405,0.0415
2026-10-01 14:12:44,739.46,2026-10-01,747.0,0.25,0.26,0.26,22922,2595,0.3002,0.0956,0.02975,-0.255,0.0323
2026-10-01 14:12:44,739.46,2026-10-01,748.0,0.22,0.23,0.24,15012,1417,0.319,0.0818,0.02494,-0.225,0.0287
2026-10-01 14:12:44,739.46,2026-10-01,749.0,0.16,0.17,0.17,17365,1391,0.323,0.0622,0.01996,-0.165,0.0233
2026-10-01 14:12:44,739.46,2026-10-01,750.0,0.08,0.13,0.14,20461,4016,0.3186,0.0427,0.01499,-0.105,0.0173
2026-10-01 14:12:44,739.46,2026-10-01,751.0,0.06,0.11,0.11,6561,1052,0.3298,0.0344,0.01217,-0.085,0.0145
2026-10-01 14:12:44,739.46,2026-10-01,752.0,0.03,0.04,0.09,5839,878,0.3067,0.0168,0.00714,-0.035,0.0079
2026-10-01 14:12:44,739.46,2026-10-01,753.0,0.06,0.07,0.03,3998,2353,0.3595,0.0252,0.00862,-0.065,0.0112
2026-10-01 14:12:44,739.46,2026-10-01,754.0,0.05,0.06,0.06,4367,606,0.3716,0.0211,0.00718,-0.055,0.0096
2026-10-01 14:13:45,739.06,2026-10-01,725.0,13.85,14.39,17.44,45,1221,0.352,0.9836,0.00614,-0.06,0.0078
2026-10-01 14:13:45,739.06,2026-10-01,726.0,13.06,13.47,16.2,9,57,0.4322,0.9469,0.0132,-0.205,0.0205
2026-10-01 14:13:45,739.06,2026-10-01,727.0,11.98,12.09,13.53,3,146,,,,,
2026-10-01 14:13:45,739.06,2026-10-01,728.0,10.97,11.48,14.05,4,130,0.3597,0.9496,0.01521,-0.165,0.0197
2026-10-01 14:13:45,739.06,2026-10-01,729.0,10.42,10.52,13.53,15,390,0.4226,0.8982,0.02217,-0.41,0.0337
2026-10-01 14:13:45,739.06,2026-10-01,730.0,9.41,9.53,9.19,87,1877,0.3916,0.8916,0.02505,-0.41,0.0353
2026-10-01 14:13:45,739.06,2026-10-01,731.0,8.34,8.54,8.58,2,227,0.3519,0.8891,0.02833,-0.38,0.0359
2026-10-01 14:13:45,739.06,2026-10-01,732.0,7.36,7.59,6.98,37,694,0.3292,0.8736,0.03322,-0.415,0.0394
2026-10-01 14:13:45,739.06,2026-10-01,733.0,6.55,6.58,6.68,123,358,0.317,0.846,0.03946,-0.505,0.045
2026-10-01 14:13:45,739.06,2026-10-01,734.0,5.69,5.89,6.46,155,411,0.326,0.7964,0.04577,-0.73,0.0537
2026-10-01 14:13:45,739.06,2026-10-01,735.0,5.07,5.11,4.58,277,1086,0.3374,0.7401,0.05067,-1.03,0.0615
2026-10-01 14:13:45,739.06,2026-10-01,736.0,4.32,4.35,4.1,289,1570,0.3308,0.6901,0.05621,-1.275,0.0669
2026-10-01 14:13:45,739.06,2026-10-01,737.0,3.54,3.66,3.45,857,1269,0.32,0.6358,0.06187,-1.54,0.0712
2026-10-01 14:13:45,739.06,2026-10-01,738.0,2.91,2.94,2.67,2247,2192,0.3101,0.5745,0.06663,-1.865,0.0744
2026-10-01 14:13:45,739.06,2026-10-01,739.0,2.35,2.38,2.3,4595,2072,0.3072,0.5071,0.06846,-2.305,0.0757
2026-10-01 14:13:45,739.06,2026-10-01,740.0,1.88,1.89,1.9,11028,7644,0.3058,0.4386,0.06796,-1.885,0.0748
2026-10-01 14:13:45,739.06,2026-10-01,741.0,1.46,1.48,1.53,22401,625,0.304,0.3713,0.06555,-1.47,0.0717
2026-10-01 14:13:45,739.06,2026-10-01,742.0,1.1,1.12,1.18,41713,791,0.3005,0.306,0.06155,-1.11,0.0665
2026-10-01 14:13:45,739.06,2026-10-01,743.0,0.87,0.88,0.88,45068,1170,0.3069,0.2522,0.05485,-0.875,0.0606
2026-10-01 14:13:45,739.06,2026-10-01,744.0,0.61,0.66,0.67,45648,984,0.3038,0.1985,0.04837,-0.635,0.0529
2026-10-01 14:13:45,739.06,2026-10-01,745.0,0.48,0.49,0.49,55227,3180,0.309,0.1582,0.04121,-0.485,0.0458
2026-10-01 14:13:45,739.06,2026-10-01,746.0,0.36,0.37,0.36,53033,1342,0.3135,0.1242,0.03447,-0.365,0.0389
2026-10-01 14:13:45,739.06,2026-10-01,747.0,0.22,0.23,0.23,23241,2595,0.3026,0.0856,0.02726,-0.225,0.0297
2026-10-01 14:13:45,739.06,2026-10-01,748.0,0.15,0.16,0.19,15329,1417,0.3036,0.0623,0.02131,-0.155,0.0233
2026-10-01 14:13:45,739.06,2026-10-01,749.0,0.14,0.15,0.15,17462,1391,0.3251,0.0555,0.01817,-0.145,0.0213
2026-10-01 14:13:45,739.06,2026-10-01,750.0,0.06,0.11,0.07,20554,4016,0.3164,0.0358,0.01311,-0.085,0.0149
2026-10-01 14:13:45,739.06,2026-10-01,751.0,0.08,0.09,0.09,6591,1052,0.3398,0.0336,0.0116,-0.085,0.0142
2026-10-01 14:13:45,739.06,2026-10-01,752.0,0.02,0.07,0.07,5847,878,0.3275,0.0198,0.00773,-0.045,0.0091
2026-10-01 14:13:45,739.06,2026-10-01,753.0,0.01,0.06,0.02,4040,2353,0.3362,0.0155,0.0061,-0.035,0.0074
2026-10-01 14:13:45,739.06,2026-10-01,754.0,0.01,0.02,0.02,4369,606,0.3198,0.0075,0.00343,-0.015,0.0039
2026-10-01 14:14:46,738.84,2026-10-01,724.0,14.8,15.1,15.89,12,39,0.4198,0.9709,0.00835,-0.11,0.0126
2026-10-01 14:14:46,738.84,2026-10-01,725.0,13.73,13.99,17.44,45,1221,,,,,
2026-10-01 14:14:46,738.84,2026-10-01,726.0,12.83,12.95,16.2,9,57,0.3128,0.9859,0.00606,-0.05,0.0068
2026-10-01 14:14:46,738.84,2026-10-01,727.0,11.77,12.16,13.53,3,146,0.3576,0.9617,0.01229,-0.125,0.0158
2026-10-01 14:14:46,738.84,2026-10-01,728.0,11.18,11.28,14.05,4,130,0.4411,0.9059,0.0201,-0.39,0.0318
2026-10-01 14:14:46,738.84,2026-10-01,729.0,10.09,10.21,13.53,15,390,0.3852,0.914,0.02152,-0.31,0.0297
2026-10-01 14:14:46,738.84,2026-10-01,730.0,8.91,9.02,9.19,87,1877,0.2819,0.9529,0.01842,-0.125,0.0186
2026-10-01 14:14:46,738.84,2026-10-01,731.0,8.24,8.35,8.58,2,227,0.3654,0.8743,0.02987,-0.455,0.0391
2026-10-01 14:14:46,738.84,2026-10-01,732.0,7.29,7.41,6.98,37,694,0.3455,0.855,0.03484,-0.51,0.0432
2026-10-01 14:14:46,738.84,2026-10-01,733.0,6.31,6.52,6.59,124,358,0.3249,0.8316,0.04088,-0.575,0.0476
2026-10-01 14:14:46,738.84,2026-10-01,734.0,5.53,5.75,5.56,156,411,0.3308,0.7831,0.04688,-0.8,0.0556
2026-10-01 14:14:46,738.84,2026-10-01,735.0,4.8,4.9,4.85,299,1086,0.3253,0.7365,0.05302,-1.01,0.0618
2026-10-01 14:14:46,738.84,2026-10-01,736.0,4.15,4.16,4.05,291,1570,0.327,0.6798,0.05778,-1.315,0.0677
2026-10-01 14:14:46,738.84,2026-10-01,737.0,3.46,3.48,3.47,860,1269,0.3217,0.6217,0.06242,-1.63,0.072
2026-10-01 14:14:46,738.84,2026-10-01,738.0,2.82,2.84,2.83,2267,2192,0.3146,0.5591,0.06624,-1.99,0.0747
2026-10-01 14:14:46,738.84,2026-10-01,739.0,2.3,2.33,2.3,4605,2072,0.3156,0.4923,0.06676,-2.315,0.0755
2026-10-01 14:14:46,738.84,2026-10-01,740.0,1.8,1.82,1.83,11165,7644,0.3089,0.4244,0.06697,-1.81,0.0742
2026-10-01 14:14:46,738.84,2026-10-01,741.0,1.39,1.44,1.44,22931,625,0.308,0.3586,0.06406,-1.415,0.0707
2026-10-01 14:14:46,738.84,2026-10-01,742.0,1.09,1.1,1.1,42601,791,0.3087,0.2974,0.05925,-1.095,0.0656
2026-10-01 14:14:46,738.84,2026-10-01,743.0,0.78,0.79,0.79,45566,1170,0.3012,0.2358,0.05398,-0.785,0.0583
2026-10-01 14:14:46,738.84,2026-10-01,744.0,0.59,0.64,0.63,46117,984,0.3086,0.1915,0.04666,-0.615,0.0516
2026-10-01 14:14:46,738.84,2026-10-01,745.0,0.47,0.48,0.44,56304,3180,0.3148,0.1535,0.03972,-0.475,0.0448
2026-10-01 14:14:46,738.84,2026-10-01,746.0,0.31,0.32,0.32,53458,1342,0.3075,0.112,0.0327,-0.315,0.0361
2026-10-01 14:14:46,738.84,2026-10-01,747.0,0.27,0.28,0.28,23380,2595,0.3257,0.0954,0.02749,-0.275,0.0321
2026-10-01 14:14:46,738.84,2026-10-01,748.0,0.21,0.22,0.21,15427,1417,0.3339,0.076,0.02262,-0.215,0.0271
2026-10-01 14:14:46,738.84,2026-10-01,749.0,0.12,0.13,0.13,17585,1391,0.3214,0.0494,0.01679,-0.125,0.0193
2026-10-01 14:14:46,738.84,2026-10-01,750.0,0.09,0.14,0.13,20717,4016,0.3407,0.0437,0.01435,-0.115,0.0175
2026-10-01 14:14:46,738.84,2026-10-01,751.0,0.06,0.07,0.11,7105,1052,0.3301,0.0273,0.01006,-0.065,0.0119
2026-10-01 14:14:46,738.84,2026-10-01,752.0,0.04,0.05,0.09,7670,878,0.3327,0.0196,0.00754,-0.045,0.009
2026-10-01 14:14:46,738.84,2026-10-01,753.0,0.03,0.08,0.07,4055,2353,0.3648,0.0215,0.00747,-0.055,0.0098
2026-10-01 14:15:47,739.08,2026-10-01,725.0,14.12,14.21,17.44,45,1221,0.3854,0.9748,0.00806,-0.09,0.0111
2026-10-01 14:15:47,739.08,2026-10-01,726.0,12.95,13.06,16.2,9,57,,,,,
2026-10-01 14:15:47,739.08,2026-10-01,727.0,12.1,12.15,13.53,3,146,0.297,0.9852,0.00667,-0.05,0.0071
2026-10-01 14:15:47,739.08,2026-10-01,728.0,11.25,11.38,11.42,11,130,0.3952,0.9333,0.01731,-0.24,0.0245
2026-10-01 14:15:47,739.08,2026-10-01,729.0,9.9,10.1,13.53,21,390,,,,,
2026-10-01 14:15:47,739.08,2026-10-01,730.0,9.25,9.37,9.4,89,1877,0.337,0.9251,0.02219,-0.235,0.0267
2026-10-01 14:15:47,739.08,2026-10-01,731.0,8.22,8.39,8.58,3,227,0.3065,0.9205,0.02553,-0.23,0.028
2026-10-01 14:15:47,739.08,2026-10-01,732.0,7.36,7.4,6.98,38,694,0.3008,0.8957,0.03182,-0.305,0.0342
2026-10-01 14:15:47,739.08,2026-10-01,733.0,6.49,6.55,6.95,147,358,0.3047,0.8568,0.03922,-0.445,0.0428
2026-10-01 14:15:47,739.08,2026-10-01,734.0,5.58,5.65,5.88,657,411,0.2904,0.825,0.04693,-0.54,0.0488
2026-10-01 14:15:47,739.08,2026-10-01,735.0,4.76,4.92,5.18,800,1086,0.2944,0.7707,0.05443,-0.765,0.0573
2026-10-01 14:15:47,739.08,2026-10-01,736.0,4.11,4.2,4.3,315,1570,0.3029,0.7073,0.06001,-1.08,0.065
2026-10-01 14:15:47,739.08,2026-10-01,737.0,3.45,3.52,3.61,889,1269,0.3034,0.6442,0.06493,-1.41,0.0705
2026-10-01 14:15:47,739.08,2026-10-01,738.0,2.86,2.88,2.88,2394,2192,0.3024,0.5775,0.06842,-1.795,0.074
2026-10-01 14:15:47,739.08,2026-10-01,739.0,2.24,2.26,2.43,4761,2072,0.2918,0.5084,0.07226,-2.175,0.0754
2026-10-01 14:15:47,739.08,2026-10-01,740.0,1.84,1.86,1.88,11727,7644,0.3011,0.4385,0.06921,-1.85,0.0746
2026-10-01 14:15:47,739.08,2026-10-01,741.0,1.37,1.43,1.43,24231,625,0.2943,0.3677,0.06769,-1.4,0.0713
2026-10-01 14:15:47,739.08,2026-10-01,742.0,1.08,1.1,1.1,44780,791,0.2976,0.3047,0.06219,-1.09,0.0662
2026-10-01 14:15:47,739.08,2026-10-01,743.0,0.78,0.79,0.79,47060,1170,0.2921,0.2416,0.05648,-0.785,0.059
2026-10-01 14:15:47,739.08,2026-10-01,744.0,0.62,0.63,0.63,48365,984,0.3022,0.1973,0.04858,-0.625,0.0525
2026-10-01 14:15:47,739.08,2026-10-01,745.0,0.47,0.48,0.48,57698,3180,0.3072,0.1567,0.04131,-0.475,0.0454
2026-10-01 14:15:47,739.08,2026-10-01,746.0,0.35,0.36,0.36,54536,1342,0.3113,0.1224,0.03445,-0.355,0.0384
2026-10-01 14:15:47,739.08,2026-10-01,747.0,0.23,0.28,0.28,24125,2595,0.3129,0.0927,0.02804,-0.255,0.0314
2026-10-01 14:15:47,739.08,2026-10-01,748.0,0.21,0.22,0.22,15885,1417,0.3277,0.0773,0.02336,-0.215,0.0274
2026-10-01 14:15:47,739.08,2026-10-01,749.0,0.13,0.14,0.14,18088,1391,0.3208,0.0529,0.01778,-0.135,0.0204
2026-10-01 14:15:47,739.08,2026-10-01,750.0,0.1,0.15,0.14,21294,4016,0.3409,0.047,0.01523,-0.125,0.0186
2026-10-01 14:15:47,739.08,2026-10-01,751.0,0.07,0.08,0.11,7216,1052,0.3331,0.0307,0.01102,-0.075,0.0131
2026-10-01 14:15:47,739.08,2026-10-01,752.0,0.09,0.1,0.07,7760,878,0.3708,0.0344,0.01087,-0.095,0.0144
2026-10-01 14:15:47,739.08,2026-10-01,753.0,0.08,0.09,0.08,4109,2353,0.3865,0.0301,0.00934,-0.085,0.0129
2026-10-01 14:15:47,739.08,2026-10-01,754.0,0.02,0.07,0.03,4388,606,0.3704,0.0178,0.00626,-0.045,0.0083
2026-10-01 14:16:49,739.09,2026-10-01,725.0,13.97,14.27,14.29,75,1221,0.2964,0.9946,0.00277,-0.03,0.0029
2026-10-01 14:16:49,739.09,2026-10-01,726.0,13.27,13.4,16.2,9,57,0.4535,0.9395,0.01401,-0.245,0.0227
2026-10-01 14:16:49,739.09,2026-10-01,727.0,11.93,12.3,13.53,3,146,0.2386,0.9967,0.00223,-0.025,0.0019
2026-10-01 14:16:49,739.09,2026-10-01,728.0,11.23,11.51,11.28,11,130,0.4119,0.9257,0.01807,-0.28,0.0265
2026-10-01 14:16:49,739.09,2026-10-01,729.0,10.21,10.23,10.27,21,390,0.3175,0.9556,0.01564,-0.13,0.0177
2026-10-01 14:16:49,739.09,2026-10-01,730.0,9.03,9.33,9.34,90,1877,0.2678,0.9653,0.01516,-0.09,0.0145
2026-10-01 14:16:49,739.09,2026-10-01,731.0,8.119,8.23,8.25,3,227,0.2397,0.9644,0.01729,-0.0845,0.0148
2026-10-01 14:16:49,739.09,2026-10-01,732.0,7.33,7.6,7.19,48,694,0.3212,0.8814,0.03271,-0.375,0.0375
2026-10-01 14:16:49,739.09,2026-10-01,733.0,6.53,6.58,6.56,155,358,0.3104,0.8533,0.03919,-0.465,0.0434
2026-10-01 14:16:49,739.09,2026-10-01,734.0,5.68,5.75,5.81,684,411,0.3085,0.8117,0.04632,-0.625,0.051
2026-10-01 14:16:49,739.09,2026-10-01,735.0,4.85,4.9,4.96,818,1086,0.299,0.7685,0.05398,-0.785,0.0576
2026-10-01 14:16:49,739.09,2026-10-01,736.0,4.08,4.23,4.15,392,1570,0.3017,0.7092,0.06015,-1.065,0.0647
2026-10-01 14:16:49,739.09,2026-10-01,737.0,3.4,3.43,3.5,968,1269,0.2925,0.6504,0.06703,-1.325,0.0699
2026-10-01 14:16:49,739.09,2026-10-01,738.0,2.84,2.87,2.87,2549,2192,0.2997,0.5793,0.06909,-1.765,0.0738
2026-10-01 14:16:49,739.09,2026-10-01,739.0,2.24,2.33,2.26,5127,2072,0.2959,0.5094,0.07137,-2.195,0.0753
2026-10-01 14:16:49,739.09,2026-10-01,740.0,1.76,1.82,1.86,13032,7644,0.2926,0.4376,0.0713,-1.79,0.0744
2026-10-01 14:16:49,739.09,2026-10-01,741.0,1.41,1.43,1.37,25897,625,0.2968,0.3696,0.06734,-1.42,0.0713
2026-10-01 14:16:49,739.09,2026-10-01,742.0,1.07,1.09,1.04,46266,791,0.2959,0.3042,0.06261,-1.08,0.0661
2026-10-01 14:16:49,739.09,2026-10-01,743.0,0.81,0.82,0.82,48514,1170,0.297,0.2458,0.05615,-0.815,0.0595
2026-10-01 14:16:49,739.09,2026-10-01,744.0,0.61,0.62,0.62,51831,984,0.3002,0.1961,0.04879,-0.615,0.0522
2026-10-01 14:16:49,739.09,2026-10-01,745.0,0.42,0.43,0.48,61598,3180,0.2959,0.1478,0.04132,-0.425,0.0436
2026-10-01 14:16:49,739.09,2026-10-01,746.0,0.31,0.32,0.32,55483,1342,0.3006,0.1143,0.03404,-0.315,0.0365
2026-10-01 14:16:49,739.09,2026-10-01,747.0,0.27,0.28,0.27,24583,2595,0.3192,0.0972,0.02852,-0.275,0.0325
2026-10-01 14:16:49,739.09,2026-10-01,748.0,0.21,0.22,0.18,16170,1417,0.3278,0.0774,0.02341,-0.215,0.0274
2026-10-01 14:16:49,739.09,2026-10-01,749.0,0.12,0.17,0.16,18254,1391,0.3257,0.0556,0.01824,-0.145,0.0212
2026-10-01 14:16:49,739.09,2026-10-01,750.0,0.09,0.14,0.13,22947,4016,0.3355,0.0444,0.0148,-0.115,0.0177
2026-10-01 14:16:49,739.09,2026-10-01,751.0,0.06,0.11,0.1,7564,1052,0.3406,0.0337,0.01164,-0.085,0.0141
2026-10-01 14:16:49,739.09,2026-10-01,752.0,0.05,0.06,0.09,7943,878,0.3386,0.0231,0.00854,-0.055,0.0103
2026-10-01 14:16:49,739.09,2026-10-01,753.0,0.07,0.08,0.07,4163,2353,0.3787,0.0275,0.00885,-0.075,0.012
2026-10-01 14:16:49,739.09,2026-10-01,754.0,0.06,0.07,0.03,4409,606,0.392,0.0235,0.0075,-0.065,0.0105
2026-10-01 14:17:59,739.04,2026-10-01,725.0,13.78,14.09,14.18,80,1221,,,,,
2026-10-01 14:17:59,739.04,2026-10-01,726.0,13.22,13.33,16.2,9,57,0.4464,0.942,0.01378,-0.23,0.0219
2026-10-01 14:17:59,739.04,2026-10-01,727.0,11.78,12.18,13.53,3,146,,,,,
2026-10-01 14:17:59,739.04,2026-10-01,728.0,10.8,11.14,11.28,11,130,,,,,
2026-10-01 14:17:59,739.04,2026-10-01,729.0,9.93,10.33,10.25,22,390,0.2877,0.9694,0.01275,-0.085,0.013
2026-10-01 14:17:59,739.04,2026-10-01,730.0,8.93,9.03,9.42,197,1877,,,,,
2026-10-01 14:17:59,739.04,2026-10-01,731.0,8.17,8.22,8.3,41,227,0.2747,0.9418,0.02247,-0.15,0.0219
2026-10-01 14:17:59,739.04,2026-10-01,732.0,7.29,7.4,7.58,61,694,0.2994,0.8965,0.03189,-0.3,0.0339
2026-10-01 14:17:59,739.04,2026-10-01,733.0,6.5,6.56,6.56,160,358,0.3139,0.8492,0.03953,-0.485,0.0441
2026-10-01 14:17:59,739.04,2026-10-01,734.0,5.64,5.69,5.7,731,411,0.3064,0.8116,0.04673,-0.62,0.0509
2026-10-01 14:17:59,739.04,2026-10-01,735.0,4.73,4.76,4.99,850,1086,0.2827,0.7789,0.05571,-0.7,0.056
2026-10-01 14:17:59,739.04,2026-10-01,736.0,4.04,4.059,4.059,438,1570,0.2908,0.7136,0.06206,-1.0045,0.0642
2026-10-01 14:17:59,739.04,2026-10-01,737.0,3.29,3.35,3.47,1084,1269,0.2836,0.6519,0.06915,-1.275,0.0697
2026-10-01 14:17:59,739.04,2026-10-01,738.0,2.84,2.85,2.85,3139,2192,0.3024,0.5757,0.06872,-1.8,0.0739
2026-10-01 14:17:59,739.04,2026-10-01,739.0,2.18,2.24,2.27,6387,2072,0.2895,0.5063,0.07309,-2.165,0.0752
2026-10-01 14:17:59,739.04,2026-10-01,740.0,1.74,1.79,1.79,14632,7644,0.2924,0.4342,0.07138,-1.765,0.0742
2026-10-01 14:17:59,739.04,2026-10-01,741.0,1.3,1.32,1.41,27460,625,0.2841,0.3605,0.06989,-1.31,0.0706
2026-10-01 14:17:59,739.04,2026-10-01,742.0,1.03,1.04,1.04,49648,791,0.2916,0.2984,0.06309,-1.035,0.0654
2026-10-01 14:17:59,739.04,2026-10-01,743.0,0.79,0.8,0.8,50397,1170,0.296,0.2421,0.05598,-0.795,0.0589
2026-10-01 14:17:59,739.04,2026-10-01,744.0,0.57,0.58,0.6,54382,984,0.2947,0.189,0.04869,-0.575,0.051
2026-10-01 14:17:59,739.04,2026-10-01,745.0,0.43,0.44,0.44,65303,3180,0.3003,0.1491,0.04102,-0.435,0.0438
2026-10-01 14:17:59,739.04,2026-10-01,746.0,0.33,0.34,0.34,57529,1342,0.308,0.1181,0.03406,-0.335,0.0373
2026-10-01 14:17:59,739.04,2026-10-01,747.0,0.25,0.26,0.26,25685,2595,0.3148,0.0925,0.02792,-0.255,0.0312
2026-10-01 14:17:59,739.04,2026-10-01,748.0,0.19,0.2,0.2,16497,1417,0.3221,0.0724,0.02269,-0.195,0.026
2026-10-01 14:17:59,739.04,2026-10-01,749.0,0.11,0.12,0.16,18791,1391,0.3124,0.0473,0.01675,-0.115,0.0186
2026-10-01 14:17:59,739.04,2026-10-01,750.0,0.08,0.09,0.09,24721,4016,0.3187,0.0357,0.01308,-0.085,0.0148
2026-10-01 14:17:59,739.04,2026-10-01,751.0,0.06,0.11,0.06,7723,1052,0.3422,0.0336,0.01158,-0.085,0.0141
2026-10-01 14:17:59,739.04,2026-10-01,752.0,0.04,0.05,0.08,8133,878,0.3298,0.0198,0.00772,-0.045,0.009
2026-10-01 14:17:59,739.04,2026-10-01,753.0,0.03,0.04,0.07,4214,2353,0.3386,0.0155,0.00609,-0.035,0.0073
2026-10-01 14:17:59,739.04,2026-10-01,754.0,0.02,0.07,0.03,4412,606,0.3723,0.0178,0.00624,-0.045,0.0083
2026-10-01 14:19:00,738.62,2026-10-01,724.0,14.65,14.98,15.89,12,39,0.472,0.9527,0.01111,-0.195,0.0186
2026-10-01 14:19:00,738.62,2026-10-01,725.0,13.44,13.55,14.18,81,1221,,,,,
2026-10-01 14:19:00,738.62,2026-10-01,726.0,12.51,12.98,16.2,15,57,0.3795,0.9633,0.01125,-0.125,0.0151
2026-10-01 14:19:00,738.62,2026-10-01,727.0,11.61,11.92,13.53,5,146,0.3666,0.956,0.0135,-0.145,0.0175
2026-10-01 14:19:00,738.62,2026-10-01,728.0,10.92,11.04,10.7,15,130,0.4277,0.9095,0.02027,-0.36,0.0307
2026-10-01 14:19:00,738.62,2026-10-01,729.0,9.66,9.86,10.25,22,390,0.3121,0.9512,0.01723,-0.14,0.019
2026-10-01 14:19:00,738.62,2026-10-01,730.0,8.93,9.06,8.81,512,1877,0.371,0.8943,0.02617,-0.375,0.0344
2026-10-01 14:19:00,738.62,2026-10-01,731.0,7.93,8.029,7.98,62,227,0.3352,0.8892,0.02998,-0.3595,0.0356
2026-10-01 14:19:00,738.62,2026-10-01,732.0,7.01,7.12,7.58,96,694,0.3249,0.8634,0.03582,-0.445,0.0412
2026-10-01 14:19:00,738.62,2026-10-01,733.0,6.18,6.24,6.11,222,358,0.3222,0.8259,0.04238,-0.59,0.0483
2026-10-01 14:19:00,738.62,2026-10-01,734.0,5.28,5.36,5.27,962,411,0.306,0.7917,0.04981,-0.7,0.054
2026-10-01 14:19:00,738.62,2026-10-01,735.0,4.52,4.68,4.64,1219,1086,0.313,0.7336,0.05577,-0.98,0.0618
2026-10-01 14:19:00,738.62,2026-10-01,736.0,3.76,3.86,3.75,930,1570,0.3,0.6817,0.06323,-1.19,0.0671
2026-10-01 14:19:00,738.62,2026-10-01,737.0,3.12,3.13,3.13,1480,1269,0.2946,0.618,0.06882,-1.505,0.0717
2026-10-01 14:19:00,738.62,2026-10-01,738.0,2.6,2.61,2.61,5176,2192,0.3026,0.5463,0.0696,-1.985,0.0745
2026-10-01 14:19:00,738.62,2026-10-01,739.0,2.07,2.09,2.08,8755,2072,0.3004,0.4762,0.07047,-2.08,0.0749
2026-10-01 14:19:00,738.62,2026-10-01,740.0,1.58,1.59,1.59,18477,7644,0.2926,0.404,0.07036,-1.585,0.0729
2026-10-01 14:19:00,738.62,2026-10-01,741.0,1.25,1.26,1.26,29800,625,0.2979,0.3385,0.06526,-1.255,0.0688
2026-10-01 14:19:00,738.62,2026-10-01,742.0,0.92,0.97,0.93,52076,791,0.297,0.2756,0.05977,-0.945,0.0628
2026-10-01 14:19:00,738.62,2026-10-01,743.0,0.68,0.69,0.69,52624,1170,0.2942,0.2173,0.05311,-0.685,0.0553
2026-10-01 14:19:00,738.62,2026-10-01,744.0,0.5,0.55,0.55,56303,984,0.3005,0.1735,0.04533,-0.525,0.0482
2026-10-01 14:19:00,738.62,2026-10-01,745.0,0.36,0.37,0.41,70063,3180,0.2982,0.1303,0.03777,-0.365,0.0399
2026-10-01 14:19:00,738.62,2026-10-01,746.0,0.26,0.27,0.27,60250,1342,0.3016,0.0991,0.03073,-0.265,0.0328
2026-10-01 14:19:00,738.62,2026-10-01,747.0,0.19,0.24,0.24,26535,2595,0.3142,0.0804,0.02525,-0.215,0.0281
2026-10-01 14:19:00,738.62,2026-10-01,748.0,0.18,0.19,0.18,17167,1417,0.3304,0.0679,0.02109,-0.185,0.0247
2026-10-01 14:19:00,738.62,2026-10-01,749.0,0.14,0.15,0.14,20232,1391,0.3391,0.0539,0.01716,-0.145,0.0206
2026-10-01 14:19:00,738.62,2026-10-01,750.0,0.11,0.12,0.11,28080,4016,0.3484,0.0431,0.01397,-0.115,0.0172
2026-10-01 14:19:00,738.62,2026-10-01,751.0,0.09,0.1,0.09,7832,1052,0.3599,0.0355,0.01154,-0.095,0.0147
2026-10-01 14:19:00,738.62,2026-10-01,752.0,0.07,0.08,0.04,8509,878,0.3682,0.0283,0.00935,-0.075,0.0122
2026-10-01 14:19:00,738.62,2026-10-01,753.0,0.06,0.07,0.03,4281,2353,0.3818,0.0241,0.0079,-0.065,0.0107
2026-10-01 14:20:02,738.24,2026-10-01,724.0,14.56,14.78,15.89,19,39,0.5622,0.9148,0.01477,-0.435,0.0293
2026-10-01 14:20:02,738.24,2026-10-01,725.0,13.23,13.43,13.71,87,1221,0.3731,0.9722,0.00911,-0.095,0.012
2026-10-01 14:20:02,738.24,2026-10-01,726.0,12.34,12.85,12.68,19,57,0.4768,0.9172,0.01704,-0.36,0.0286
2026-10-01 14:20:02,738.24,2026-10-01,727.0,11.52,11.65,11.6,8,146,0.4437,0.9142,0.01881,-0.35,0.0294
2026-10-01 14:20:02,738.24,2026-10-01,728.0,10.51,10.83,10.7,28,130,0.44,0.8954,0.02195,-0.435,0.034
2026-10-01 14:20:02,738.24,2026-10-01,729.0,9.74,9.88,9.66,37,390,0.4454,0.8685,0.0255,-0.575,0.04
2026-10-01 14:20:02,738.24,2026-10-01,730.0,8.78,8.82,8.72,517,1877,0.4092,0.8612,0.0288,-0.565,0.0415
2026-10-01 14:20:02,738.24,2026-10-01,731.0,7.63,7.9,7.98,65,227,0.3668,0.8562,0.03291,-0.53,0.0425
2026-10-01 14:20:02,738.24,2026-10-01,732.0,6.83,7.01,6.92,98,694,0.365,0.8216,0.03808,-0.685,0.049
2026-10-01 14:20:02,738.24,2026-10-01,733.0,6.11,6.17,6.17,233,358,0.3684,0.7785,0.04297,-0.905,0.0558
2026-10-01 14:20:02,738.24,2026-10-01,734.0,5.11,5.2,5.26,964,411,0.33,0.7558,0.05064,-0.92,0.0589
2026-10-01 14:20:02,738.24,2026-10-01,735.0,4.48,4.52,4.47,1271,1086,0.341,0.6964,0.05461,-1.265,0.0656
2026-10-01 14:20:02,738.24,2026-10-01,736.0,3.74,3.75,3.73,1000,1570,0.3281,0.6446,0.06045,-1.51,0.0699
2026-10-01 14:20:02,738.24,2026-10-01,737.0,3.1,3.13,3.13,1735,1269,0.3255,0.5831,0.06386,-1.88,0.0733
2026-10-01 14:20:02,738.24,2026-10-01,738.0,2.44,2.45,2.5,5907,2192,0.3091,0.5191,0.06866,-2.21,0.0748
2026-10-01 14:20:02,738.24,2026-10-01,739.0,1.98,1.99,2.009,9645,2072,0.312,0.451,0.06758,-1.985,0.0743
2026-10-01 14:20:02,738.24,2026-10-01,740.0,1.55,1.57,1.57,20063,7644,0.3106,0.3841,0.06551,-1.56,0.0717
2026-10-01 14:20:02,738.24,2026-10-01,741.0,1.19,1.2,1.2,30955,625,0.3082,0.3194,0.06175,-1.195,0.0671
2026-10-01 14:20:02,738.24,2026-10-01,742.0,0.91,0.92,0.92,53460,791,0.3093,0.2614,0.056,-0.915,0.0611
2026-10-01 14:20:02,738.24,2026-10-01,743.0,0.68,0.69,0.69,53727,1170,0.3097,0.2092,0.04945,-0.685,0.054
2026-10-01 14:20:02,738.24,2026-10-01,744.0,0.47,0.48,0.48,57220,984,0.304,0.159,0.04245,-0.475,0.0455
2026-10-01 14:20:02,738.24,2026-10-01,745.0,0.38,0.39,0.39,71133,3180,0.3162,0.1299,0.03562,-0.385,0.0397
2026-10-01 14:20:02,738.24,2026-10-01,746.0,0.25,0.26,0.3,61240,1342,0.3106,0.0939,0.02873,-0.255,0.0315
2026-10-01 14:20:02,738.24,2026-10-01,747.0,0.22,0.23,0.23,27223,2595,0.3293,0.0805,0.02415,-0.225,0.028
2026-10-01 14:20:02,738.24,2026-10-01,748.0,0.17,0.18,0.17,17466,1417,0.3373,0.0637,0.01971,-0.175,0.0234
2026-10-01 14:20:02,738.24,2026-10-01,749.0,0.13,0.14,0.13,20522,1391,0.3446,0.0501,0.01596,-0.135,0.0194
2026-10-01 14:20:02,738.24,2026-10-01,750.0,0.06,0.07,0.1,28623,4016,0.3239,0.0279,0.01055,-0.065,0.012
2026-10-01 14:20:02,738.24,2026-10-01,751.0,0.08,0.09,0.08,7879,1052,0.3626,0.032,0.01056,-0.085,0.0135
2026-10-01 14:20:02,738.24,2026-10-01,752.0,0.07,0.08,0.07,8547,878,0.3777,0.0277,0.00898,-0.075,0.012
2026-10-01 14:20:02,738.24,2026-10-01,753.0,0.06,0.07,0.04,4303,2353,0.3911,0.0237,0.0076,-0.065,0.0105
2026-10-01 14:21:04,738.41,2026-10-01,724.0,14.07,14.53,14.01,19,39,,,,,
2026-10-01 14:21:04,738.41,2026-10-01,725.0,13.52,13.57,13.44,87,1221,0.4072,0.9625,0.01071,-0.135,0.0153
2026-10-01 14:21:04,738.41,2026-10-01,726.0,12.21,12.54,12.37,19,57,,,,,
2026-10-01 14:21:04,738.41,2026-10-01,727.0,11.29,11.58,11.6,8,146,0.2293,0.9963,0.00254,-0.025,0.0021
2026-10-01 14:21:04,738.41,2026-10-01,728.0,10.37,10.47,10.17,28,130,,,,,
2026-10-01 14:21:04,738.41,2026-10-01,729.0,9.33,9.55,9.46,38,390,0.2087,0.9924,0.00535,-0.03,0.0039
2026-10-01 14:21:04,738.41,2026-10-01,730.0,8.56,8.76,8.52,531,1877,0.3262,0.9178,0.02481,-0.25,0.0285
2026-10-01 14:21:04,738.41,2026-10-01,731.0,7.67,7.7,7.86,79,227,0.3046,0.9051,0.02956,-0.275,0.0317
2026-10-01 14:21:04,738.41,2026-10-01,732.0,6.7,6.86,6.6,101,694,0.3001,0.8752,0.03653,-0.37,0.0386
2026-10-01 14:21:04,738.41,2026-10-01,733.0,5.84,5.94,5.95,242,358,0.2923,0.8409,0.04423,-0.48,0.0455
2026-10-01 14:21:04,738.41,2026-10-01,734.0,5.03,5.21,5.17,976,411,0.3006,0.7858,0.05171,-0.71,0.0547
2026-10-01 14:21:04,738.41,2026-10-01,735.0,4.34,4.37,4.38,1417,1086,0.2992,0.7313,0.05879,-0.945,0.0619
2026-10-01 14:21:04,738.41,2026-10-01,736.0,3.58,3.64,3.65,1097,1570,0.2923,0.6729,0.06584,-1.2,0.0677
2026-10-01 14:21:04,738.41,2026-10-01,737.0,2.97,2.98,3,2166,1269,0.2925,0.6044,0.07024,-1.565,0.0722
2026-10-01 14:21:04,738.41,2026-10-01,738.0,2.4,2.41,2.41,6895,2192,0.2919,0.5328,0.07264,-1.995,0.0746
2026-10-01 14:21:04,738.41,2026-10-01,739.0,1.89,1.9,1.92,10709,2072,0.2897,0.4597,0.07307,-1.895,0.0744
2026-10-01 14:21:04,738.41,2026-10-01,740.0,1.47,1.5,1.44,21316,7644,0.2912,0.3884,0.07019,-1.485,0.0719
2026-10-01 14:21:04,738.41,2026-10-01,741.0,1.1,1.15,1.15,31708,625,0.2899,0.3198,0.06577,-1.125,0.067
2026-10-01 14:21:04,738.41,2026-10-01,742.0,0.81,0.82,0.83,55606,791,0.2858,0.2544,0.05984,-0.815,0.0601
2026-10-01 14:21:04,738.41,2026-10-01,743.0,0.6,0.65,0.65,54551,1170,0.2922,0.2039,0.05169,-0.625,0.0531
2026-10-01 14:21:04,738.41,2026-10-01,744.0,0.48,0.49,0.49,58192,984,0.3005,0.1633,0.04376,-0.485,0.0462
2026-10-01 14:21:04,738.41,2026-10-01,745.0,0.36,0.37,0.37,72427,3180,0.3059,0.1279,0.03647,-0.365,0.0392
2026-10-01 14:21:04,738.41,2026-10-01,746.0,0.27,0.28,0.24,61696,1342,0.312,0.0997,0.02993,-0.275,0.0328
2026-10-01 14:21:04,738.41,2026-10-01,747.0,0.21,0.22,0.22,27697,2595,0.3212,0.0792,0.02449,-0.215,0.0277
2026-10-01 14:21:04,738.41,2026-10-01,748.0,0.16,0.17,0.14,17538,1417,0.3288,0.062,0.01983,-0.165,0.0229
2026-10-01 14:21:04,738.41,2026-10-01,749.0,0.09,0.1,0.13,21186,1391,0.3182,0.0396,0.01433,-0.095,0.016
2026-10-01 14:21:04,738.41,2026-10-01,750.0,0.06,0.07,0.1,29341,4016,0.3203,0.0283,0.01078,-0.065,0.0121
2026-10-01 14:21:04,738.41,2026-10-01,751.0,0.08,0.09,0.06,7950,1052,0.359,0.0324,0.01076,-0.085,0.0136
2026-10-01 14:21:04,738.41,2026-10-01,752.0,0.07,0.08,0.07,8555,878,0.3742,0.028,0.00915,-0.075,0.012
2026-10-01 14:21:04,738.41,2026-10-01,753.0,0.06,0.07,0.03,4306,2353,0.3877,0.0239,0.00774,-0.065,0.0105
2026-10-01 14:22:06,737.93,2026-10-01,723.0,14.86,14.95,15.17,13,41,,,,,
2026-10-01 14:22:06,737.93,2026-10-01,724.0,13.8,13.92,14.01,20,39,,,,,
2026-10-01 14:22:06,737.93,2026-10-01,725.0,12.84,13.24,13.18,88,1221,0.3753,0.969,0.00996,-0.105,0.0131
2026-10-01 14:22:06,737.93,2026-10-01,726.0,12.01,12.06,12.37,20,57,0.3472,0.9685,0.01089,-0.1,0.0132
2026-10-01 14:22:06,737.93,2026-10-01,727.0,10.94,11.13,11.23,12,146,0.3228,0.9665,0.01235,-0.1,0.014
2026-10-01 14:22:06,737.93,2026-10-01,728.0,10.13,10.28,10.17,31,130,0.3787,0.9221,0.02056,-0.27,0.0273
2026-10-01 14:22:06,737.93,2026-10-01,729.0,9.01,9.45,9.62,40,390,0.3579,0.9115,0.02395,-0.295,0.03
2026-10-01 14:22:06,737.93,2026-10-01,730.0,8.24,8.27,8.65,535,1877,0.3354,0.8995,0.02806,-0.32,0.0329
2026-10-01 14:22:06,737.93,2026-10-01,731.0,7.48,7.61,7.71,87,227,0.3758,0.841,0.03446,-0.61,0.0453
2026-10-01 14:22:06,737.93,2026-10-01,732.0,6.61,6.67,7.01,103,694,0.3591,0.8144,0.0398,-0.705,0.05
2026-10-01 14:22:06,737.93,2026-10-01,733.0,5.67,5.73,5.69,256,358,0.3322,0.7893,0.04645,-0.765,0.054
2026-10-01 14:22:06,737.93,2026-10-01,734.0,4.94,5,5,980,411,0.3375,0.7364,0.05173,-1.035,0.0611
2026-10-01 14:22:06,737.93,2026-10-01,735.0,4.12,4.16,4.1,1495,1086,0.3189,0.6916,0.05899,-1.205,0.0659
2026-10-01 14:22:06,737.93,2026-10-01,736.0,3.39,3.42,3.42,1240,1570,0.308,0.6344,0.06525,-1.47,0.0704
2026-10-01 14:22:06,737.93,2026-10-01,737.0,2.86,2.88,2.84,2459,1269,0.3166,0.5657,0.06643,-1.935,0.0736
2026-10-01 14:22:06,737.93,2026-10-01,738.0,2.26,2.28,2.28,7693,2192,0.3071,0.4985,0.06943,-2.27,0.0746
2026-10-01 14:22:06,737.93,2026-10-01,739.0,1.75,1.8,1.8,12571,2072,0.3024,0.4283,0.06936,-1.775,0.0734
2026-10-01 14:22:06,737.93,2026-10-01,740.0,1.4,1.41,1.35,23094,7644,0.3054,0.3619,0.06558,-1.405,0.0701
2026-10-01 14:22:06,737.93,2026-10-01,741.0,1.02,1.03,1.03,32632,625,0.2973,0.2937,0.06191,-1.025,0.0644
2026-10-01 14:22:06,737.93,2026-10-01,742.0,0.81,0.82,0.82,57169,791,0.3062,0.2419,0.0545,-0.815,0.0584
2026-10-01 14:22:06,737.93,2026-10-01,743.0,0.57,0.62,0.62,55569,1170,0.3049,0.1902,0.04759,-0.595,0.0508
2026-10-01 14:22:06,737.93,2026-10-01,744.0,0.41,0.46,0.46,58660,984,0.3063,0.1476,0.04026,-0.435,0.0432
2026-10-01 14:22:06,737.93,2026-10-01,745.0,0.33,0.34,0.34,73748,3180,0.3138,0.117,0.03347,-0.335,0.0368
2026-10-01 14:22:06,737.93,2026-10-01,746.0,0.21,0.26,0.26,62551,1342,0.3138,0.0871,0.027,-0.235,0.0297
2026-10-01 14:22:06,737.93,2026-10-01,747.0,0.19,0.2,0.21,28068,2595,0.3276,0.0718,0.02234,-0.195,0.0256
2026-10-01 14:22:06,737.93,2026-10-01,748.0,0.11,0.12,0.16,17641,1417,0.3175,0.0469,0.0165,-0.115,0.0183
2026-10-01 14:22:06,737.93,2026-10-01,749.0,0.12,0.13,0.13,21430,1391,0.3481,0.0466,0.01497,-0.125,0.0182
2026-10-01 14:22:06,737.93,2026-10-01,750.0,0.1,0.11,0.1,30071,4016,0.3609,0.0388,0.01245,-0.105,0.0157
2026-10-01 14:22:06,737.93,2026-10-01,751.0,0.08,0.09,0.07,8086,1052,0.3708,0.0315,0.01022,-0.085,0.0133
2026-10-01 14:22:06,737.93,2026-10-01,752.0,0.03,0.04,0.04,8689,878,0.3434,0.0154,0.00601,-0.035,0.0072
2026-10-01 14:23:15,737.04,2026-10-01,723.0,13.79,13.9,15.17,13,41,,,,,
2026-10-01 14:23:15,737.04,2026-10-01,724.0,13.13,13.24,14.46,20,39,0.4033,0.9605,0.01133,-0.14,0.0159
2026-10-01 14:23:15,737.04,2026-10-01,725.0,11.99,12.03,13.18,88,1221,,,,,
2026-10-01 14:23:15,737.04,2026-10-01,726.0,10.94,11.04,12.21,20,57,,,,,
2026-10-01 14:23:15,737.04,2026-10-01,727.0,10.24,10.37,10.64,13,146,0.3793,0.9246,0.02008,-0.26,0.0265
2026-10-01 14:23:15,737.04,2026-10-01,728.0,9.41,9.56,9.99,33,130,0.4064,0.8865,0.02536,-0.44,0.0359
2026-10-01 14:23:15,737.04,2026-10-01,729.0,8.27,8.45,9.06,41,390,0.3383,0.9014,0.02753,-0.315,0.0324
2026-10-01 14:23:15,737.04,2026-10-01,730.0,7.36,7.46,7.54,549,1877,0.3211,0.8828,0.03284,-0.365,0.0367
2026-10-01 14:23:15,737.04,2026-10-01,731.0,6.42,6.6,6.74,94,227,0.3127,0.8527,0.03949,-0.465,0.043
2026-10-01 14:23:15,737.04,2026-10-01,732.0,5.81,5.87,6.55,123,694,0.3431,0.7877,0.04532,-0.795,0.0541
2026-10-01 14:23:15,737.04,2026-10-01,733.0,4.85,5.05,4.8,292,358,0.3216,0.7529,0.05265,-0.905,0.0589
2026-10-01 14:23:15,737.04,2026-10-01,734.0,4.14,4.17,4.15,1035,411,0.3104,0.7034,0.05972,-1.11,0.0645
2026-10-01 14:23:15,737.04,2026-10-01,735.0,3.45,3.48,3.48,1713,1086,0.3075,0.6422,0.06507,-1.42,0.0696
2026-10-01 14:23:15,737.04,2026-10-01,736.0,2.91,2.93,2.86,1547,1570,0.3159,0.5734,0.06656,-1.875,0.0732
2026-10-01 14:23:15,737.04,2026-10-01,737.0,2.29,2.3,2.3,3010,1269,0.304,0.5061,0.07034,-2.25,0.0744
2026-10-01 14:23:15,737.04,2026-10-01,738.0,1.86,1.88,1.88,9871,2192,0.3098,0.4374,0.06817,-1.87,0.0735
2026-10-01 14:23:15,737.04,2026-10-01,739.0,1.41,1.42,1.42,15476,2072,0.3021,0.3673,0.06683,-1.415,0.0703
2026-10-01 14:23:15,737.04,2026-10-01,740.0,1.12,1.13,1.13,27567,7644,0.3085,0.3068,0.06102,-1.125,0.0655
2026-10-01 14:23:15,737.04,2026-10-01,741.0,0.81,0.82,0.82,34665,625,0.3025,0.2446,0.05566,-0.815,0.0586
2026-10-01 14:23:15,737.04,2026-10-01,742.0,0.64,0.65,0.65,60216,791,0.3114,0.1997,0.04815,-0.645,0.0522
2026-10-01 14:23:15,737.04,2026-10-01,743.0,0.48,0.49,0.49,57842,1170,0.3147,0.158,0.0411,-0.485,0.045
2026-10-01 14:23:15,737.04,2026-10-01,744.0,0.32,0.37,0.36,60452,984,0.314,0.1201,0.03418,-0.345,0.0373
2026-10-01 14:23:15,737.04,2026-10-01,745.0,0.27,0.28,0.28,76427,3180,0.3245,0.0969,0.02833,-0.275,0.032
2026-10-01 14:23:15,737.04,2026-10-01,746.0,0.17,0.18,0.18,63192,1342,0.3175,0.0674,0.02202,-0.175,0.0243
2026-10-01 14:23:15,737.04,2026-10-01,747.0,0.12,0.13,0.13,28627,2595,0.321,0.0501,0.01725,-0.125,0.0193
2026-10-01 14:23:15,737.04,2026-10-01,748.0,0.13,0.14,0.1,17907,1417,0.3517,0.0495,0.01559,-0.135,0.0191
2026-10-01 14:23:15,737.04,2026-10-01,749.0,0.06,0.07,0.11,21666,1391,0.3303,0.0276,0.01031,-0.065,0.0119
2026-10-01 14:23:15,737.04,2026-10-01,750.0,0.08,0.09,0.09,30983,4016,0.3693,0.0317,0.01034,-0.085,0.0133
2026-10-01 14:23:15,737.04,2026-10-01,751.0,0.03,0.04,0.04,8206,1052,0.3422,0.0155,0.00609,-0.035,0.0072
2026-10-01 14:23:15,737.04,2026-10-01,752.0,0.02,0.07,0.07,8842,878,0.3762,0.0178,0.00624,-0.045,0.0082
2026-10-01 14:24:17,738.0,2026-10-01,723.0,14.76,15.21,15.17,13,41,,,,,
2026-10-01 14:24:17,738.0,2026-10-01,724.0,14.29,14.42,14.46,20,39,0.532,0.924,0.0144,-0.36,0.0267
2026-10-01 14:24:17,738.0,2026-10-01,725.0,13.23,13.38,13.18,88,1221,0.4838,0.928,0.0152,-0.31,0.0256
2026-10-01 14:24:17,738.0,2026-10-01,726.0,11.97,12.12,12.21,20,57,0.3002,0.9849,0.0068,-0.05,0.0071
2026-10-01 14:24:17,738.0,2026-10-01,727.0,11.16,11.28,10.64,13,146,0.3924,0.9359,0.01713,-0.225,0.0234
2026-10-01 14:24:17,738.0,2026-10-01,728.0,10.24,10.38,9.58,33,130,0.3976,0.9138,0.0212,-0.315,0.0293
2026-10-01 14:24:17,738.0,2026-10-01,729.0,9.12,9.4,8.54,41,390,0.3505,0.918,0.02317,-0.265,0.0282
2026-10-01 14:24:17,738.0,2026-10-01,730.0,8.31,8.47,8.32,567,1877,0.3601,0.8858,0.02876,-0.395,0.036
2026-10-01 14:24:17,738.0,2026-10-01,731.0,7.2,7.32,7.23,111,227,0.2905,0.904,0.03144,-0.265,0.0318
2026-10-01 14:24:17,738.0,2026-10-01,732.0,6.54,6.6,6.54,132,694,0.3356,0.8338,0.03985,-0.575,0.0465
2026-10-01 14:24:17,738.0,2026-10-01,733.0,5.56,5.77,5.65,346,358,0.3176,0.8033,0.04679,-0.67,0.0517
2026-10-01 14:24:17,738.0,2026-10-01,734.0,4.75,4.8,4.8,1051,411,0.298,0.7667,0.05506,-0.78,0.0571
2026-10-01 14:24:17,738.0,2026-10-01,735.0,4.09,4.18,4.15,1833,1086,0.3128,0.6991,0.05968,-1.14,0.0649
2026-10-01 14:24:17,738.0,2026-10-01,736.0,3.4,3.49,3.43,1687,1570,0.3093,0.6382,0.06496,-1.45,0.0699
2026-10-01 14:24:17,738.0,2026-10-01,737.0,2.77,2.8,2.8,3292,1269,0.3014,0.5732,0.06978,-1.79,0.0732
2026-10-01 14:24:17,738.0,2026-10-01,738.0,2.2,2.29,2.29,10738,2192,0.3007,0.5026,0.07113,-2.245,0.0744
2026-10-01 14:24:17,738.0,2026-10-01,739.0,1.74,1.8,1.8,17905,2072,0.2992,0.4315,0.07043,-1.77,0.0733
2026-10-01 14:24:17,738.0,2026-10-01,740.0,1.35,1.36,1.36,31240,7644,0.2962,0.3613,0.06781,-1.355,0.0699
2026-10-01 14:24:17,738.0,2026-10-01,741.0,1.02,1.08,1.08,36840,625,0.2994,0.2982,0.0621,-1.05,0.0647
2026-10-01 14:24:17,738.0,2026-10-01,742.0,0.76,0.77,0.77,62296,791,0.296,0.237,0.05592,-0.765,0.0576
2026-10-01 14:24:17,738.0,2026-10-01,743.0,0.56,0.57,0.61,59245,1170,0.2977,0.1865,0.04831,-0.565,0.05
2026-10-01 14:24:17,738.0,2026-10-01,744.0,0.41,0.46,0.46,61934,984,0.3052,0.1484,0.04067,-0.435,0.0432
2026-10-01 14:24:17,738.0,2026-10-01,745.0,0.34,0.35,0.35,78410,3180,0.3156,0.1196,0.0339,-0.345,0.0372
2026-10-01 14:24:17,738.0,2026-10-01,746.0,0.26,0.27,0.27,64107,1342,0.3229,0.0943,0.02792,-0.265,0.0314
2026-10-01 14:24:17,738.0,2026-10-01,747.0,0.2,0.21,0.21,28919,2595,0.3309,0.0745,0.02283,-0.205,0.0263
2026-10-01 14:24:17,738.0,2026-10-01,748.0,0.15,0.16,0.16,18473,1417,0.337,0.0578,0.01841,-0.155,0.0216
2026-10-01 14:24:17,738.0,2026-10-01,749.0,0.12,0.13,0.13,21880,1391,0.3477,0.0468,0.01508,-0.125,0.0182
2026-10-01 14:24:17,738.0,2026-10-01,750.0,0.05,0.1,0.1,32126,4016,0.3397,0.0306,0.01091,-0.075,0.0129
2026-10-01 14:24:17,738.0,2026-10-01,751.0,0.03,0.08,0.08,8302,1052,0.3449,0.0229,0.00845,-0.055,0.0101
2026-10-01 14:24:17,738.0,2026-10-01,752.0,0.02,0.03,0.07,8850,878,0.3279,0.0119,0.00506,-0.025,0.0058
2026-10-01 14:25:18,738.04,2026-10-01,724.0,13.9,14.27,14.46,20,39,0.3365,0.9884,0.00485,-0.045,0.0057
2026-10-01 14:25:18,738.04,2026-10-01,725.0,12.85,13.08,13.18,88,1221,,,,,
2026-10-01 14:25:18,738.04,2026-10-01,726.0,11.85,11.97,12.21,20,57,,,,,
2026-10-01 14:25:18,738.04,2026-10-01,727.0,11.08,11.16,10.64,13,146,0.3113,0.9729,0.01077,-0.08,0.0116
2026-10-01 14:25:18,738.04,2026-10-01,728.0,9.96,10.27,9.58,33,130,0.2833,0.9728,0.0119,-0.075,0.0117
2026-10-01 14:25:18,738.04,2026-10-01,729.0,9,9.12,9.33,42,390,0.1286,0.9999,0.00012,-0.02,0.0001
2026-10-01 14:25:18,738.04,2026-10-01,730.0,8.109,8.15,8.15,567,1877,0.2455,0.9621,0.01803,-0.0895,0.0154
2026-10-01 14:25:18,738.04,2026-10-01,731.0,7.35,7.39,7.39,118,227,0.3118,0.8898,0.03242,-0.33,0.0351
2026-10-01 14:25:18,738.04,2026-10-01,732.0,6.43,6.54,6.4,200,694,0.3084,0.8562,0.03946,-0.445,0.0422
2026-10-01 14:25:18,738.04,2026-10-01,733.0,5.56,5.7,5.59,426,358,0.304,0.8161,0.04697,-0.59,0.0495
2026-10-01 14:25:18,738.04,2026-10-01,734.0,4.82,4.83,4.72,1051,411,0.3012,0.7672,0.0545,-0.785,0.0569
2026-10-01 14:25:18,738.04,2026-10-01,735.0,3.89,3.93,4.17,1848,1086,0.2727,0.7281,0.06532,-0.87,0.0618
2026-10-01 14:25:18,738.04,2026-10-01,736.0,3.29,3.41,3.37,1747,1570,0.2919,0.6492,0.06819,-1.31,0.069
2026-10-01 14:25:18,738.04,2026-10-01,737.0,2.63,2.67,2.8,3404,1269,0.2797,0.5821,0.07495,-1.61,0.0727
2026-10-01 14:25:18,738.04,2026-10-01,738.0,2.12,2.18,2.22,11220,2192,0.2853,0.506,0.07507,-2.11,0.0743
2026-10-01 14:25:18,738.04,2026-10-01,739.0,1.64,1.65,1.65,19464,2072,0.2799,0.4299,0.07534,-1.645,0.0731
2026-10-01 14:25:18,738.04,2026-10-01,740.0,1.3,1.31,1.31,33398,7644,0.2871,0.3599,0.06995,-1.305,0.0697
2026-10-01 14:25:18,738.04,2026-10-01,741.0,0.95,0.96,0.96,38380,625,0.283,0.2901,0.06496,-0.955,0.0638
2026-10-01 14:25:18,738.04,2026-10-01,742.0,0.7,0.71,0.73,64545,791,0.2841,0.23,0.05738,-0.705,0.0565
2026-10-01 14:25:18,738.04,2026-10-01,743.0,0.52,0.57,0.57,60768,1170,0.2925,0.184,0.04884,-0.545,0.0495
2026-10-01 14:25:18,738.04,2026-10-01,744.0,0.42,0.43,0.43,63222,984,0.3018,0.1472,0.04095,-0.425,0.0429
2026-10-01 14:25:18,738.04,2026-10-01,745.0,0.28,0.33,0.29,79742,3180,0.3036,0.1117,0.03362,-0.305,0.0354
2026-10-01 14:25:18,738.04,2026-10-01,746.0,0.2,0.21,0.21,65107,1342,0.3018,0.0806,0.0266,-0.205,0.0278
2026-10-01 14:25:18,738.04,2026-10-01,747.0,0.19,0.2,0.16,29230,2595,0.3262,0.0724,0.02267,-0.195,0.0257
2026-10-01 14:25:18,738.04,2026-10-01,748.0,0.1,0.11,0.11,18702,1417,0.3107,0.0444,0.01619,-0.105,0.0175
2026-10-01 14:25:18,738.04,2026-10-01,749.0,0.11,0.12,0.08,22160,1391,0.3415,0.0443,0.01471,-0.115,0.0174
2026-10-01 14:25:18,738.04,2026-10-01,750.0,0.09,0.1,0.1,33022,4016,0.3535,0.0364,0.01211,-0.095,0.0149
2026-10-01 14:25:18,738.04,2026-10-01,751.0,0.03,0.08,0.04,8429,1052,0.3444,0.023,0.0085,-0.055,0.0102
2026-10-01 14:25:18,738.04,2026-10-01,752.0,0.02,0.07,0.07,9176,878,0.3556,0.0187,0.00691,-0.045,0.0085
2026-10-01 14:25:18,738.04,2026-10-01,753.0,0.05,0.06,0.05,4676,2353,0.3884,0.0207,0.00689,-0.055,0.0093
2026-10-01 14:26:20,738.05,2026-10-01,724.0,13.86,14.3,14.46,20,39,0.3022,0.9943,0.00288,-0.03,0.003
2026-10-01 14:26:20,738.05,2026-10-01,725.0,13.14,13.28,13.18,88,1221,0.4169,0.956,0.012,-0.16,0.0173
2026-10-01 14:26:20,738.05,2026-10-01,726.0,12.18,12.42,12.21,20,57,0.4339,0.9349,0.01572,-0.25,0.0236
2026-10-01 14:26:20,738.05,2026-10-01,727.0,11.23,11.38,10.64,13,146,0.4076,0.9301,0.01769,-0.255,0.0249
2026-10-01 14:26:20,738.05,2026-10-01,728.0,10.06,10.45,9.58,33,130,0.3586,0.9364,0.0187,-0.205,0.0232
2026-10-01 14:26:20,738.05,2026-10-01,729.0,9.34,9.36,9.33,42,390,0.3653,0.9112,0.02367,-0.3,0.0299
2026-10-01 14:26:20,738.05,2026-10-01,730.0,8.26,8.52,8.47,572,1877,0.3472,0.8964,0.02789,-0.34,0.0335
2026-10-01 14:26:20,738.05,2026-10-01,731.0,7.25,7.38,7.5,118,227,0.2931,0.9044,0.03115,-0.265,0.0316
2026-10-01 14:26:20,738.05,2026-10-01,732.0,6.52,6.76,6.72,201,694,0.3418,0.8323,0.03947,-0.59,0.0467
2026-10-01 14:26:20,738.05,2026-10-01,733.0,5.77,5.82,6.03,449,358,0.3351,0.7941,0.04572,-0.745,0.053
2026-10-01 14:26:20,738.05,2026-10-01,734.0,4.76,4.84,5.08,1097,411,0.2959,0.772,0.05492,-0.75,0.0562
2026-10-01 14:26:20,738.05,2026-10-01,735.0,4.09,4.21,4.23,1853,1086,0.3101,0.7045,0.05988,-1.1,0.0642
2026-10-01 14:26:20,738.05,2026-10-01,736.0,3.46,3.49,3.52,1871,1570,0.3095,0.6421,0.06487,-1.425,0.0694
2026-10-01 14:26:20,738.05,2026-10-01,737.0,2.76,2.77,2.77,3443,1269,0.2952,0.5788,0.07125,-1.715,0.0727
2026-10-01 14:26:20,738.05,2026-10-01,738.0,2.31,2.33,2.28,11415,2192,0.308,0.5064,0.06965,-2.27,0.0742
2026-10-01 14:26:20,738.05,2026-10-01,739.0,1.74,1.75,1.79,20199,2072,0.2935,0.4338,0.0721,-1.745,0.0732
2026-10-01 14:26:20,738.05,2026-10-01,740.0,1.41,1.42,1.35,34414,7644,0.3028,0.3675,0.0669,-1.415,0.0701
2026-10-01 14:26:20,738.05,2026-10-01,741.0,1.06,1.07,1.07,39429,625,0.3001,0.3014,0.06245,-1.065,0.0648
2026-10-01 14:26:20,738.05,2026-10-01,742.0,0.76,0.77,0.77,65414,791,0.2947,0.2384,0.05652,-0.765,0.0576
2026-10-01 14:26:20,738.05,2026-10-01,743.0,0.56,0.57,0.57,61406,1170,0.2966,0.1875,0.0488,-0.565,0.05
2026-10-01 14:26:20,738.05,2026-10-01,744.0,0.41,0.42,0.46,63933,984,0.2996,0.1454,0.04099,-0.415,0.0425
2026-10-01 14:26:20,738.05,2026-10-01,745.0,0.34,0.35,0.35,80671,3180,0.3148,0.1202,0.0342,-0.345,0.0372
2026-10-01 14:26:20,738.05,2026-10-01,746.0,0.22,0.27,0.27,65679,1342,0.3158,0.0902,0.02771,-0.245,0.0303
2026-10-01 14:26:20,738.05,2026-10-01,747.0,0.16,0.21,0.22,29664,2595,0.3225,0.07,0.02238,-0.185,0.025
2026-10-01 14:26:20,738.05,2026-10-01,748.0,0.16,0.17,0.17,18898,1417,0.3412,0.0605,0.0189,-0.165,0.0223
2026-10-01 14:26:20,738.05,2026-10-01,749.0,0.12,0.13,0.13,22637,1391,0.3473,0.0469,0.01518,-0.125,0.0182
2026-10-01 14:26:20,738.05,2026-10-01,750.0,0.1,0.11,0.11,33262,4016,0.3604,0.0391,0.01262,-0.105,0.0157
2026-10-01 14:26:20,738.05,2026-10-01,751.0,0.08,0.09,0.09,8552,1052,0.3704,0.0317,0.01034,-0.085,0.0133
2026-10-01 14:26:20,738.05,2026-10-01,752.0,0.03,0.04,0.08,9209,878,0.3432,0.0155,0.00609,-0.035,0.0072
2026-10-01 14:26:20,738.05,2026-10-01,753.0,0.06,0.07,0.05,4683,2353,0.399,0.0235,0.00747,-0.065,0.0103
2026-10-01 14:27:21,738.35,2026-10-01,724.0,14.63,14.89,14.46,20,39,0.5647,0.9178,0.01447,-0.415,0.0282
2026-10-01 14:27:21,738.35,2026-10-01,725.0,13.45,13.99,13.18,88,1221,0.5205,0.9195,0.01545,-0.375,0.0278
2026-10-01 14:27:21,738.35,2026-10-01,726.0,12.93,13.08,12.21,20,57,0.5765,0.8794,0.01875,-0.66,0.0373
2026-10-01 14:27:21,738.35,2026-10-01,727.0,11.8,11.87,10.64,13,146,0.4963,0.8941,0.01985,-0.49,0.034
2026-10-01 14:27:21,738.35,2026-10-01,728.0,10.76,10.84,9.58,33,130,0.4542,0.8931,0.02184,-0.455,0.0342
2026-10-01 14:27:21,738.35,2026-10-01,729.0,9.57,9.93,9.33,42,390,0.4077,0.8943,0.02413,-0.405,0.0339
2026-10-01 14:27:21,738.35,2026-10-01,730.0,8.97,9.13,9.03,572,1877,0.4503,0.8441,0.0286,-0.705,0.0444
2026-10-01 14:27:21,738.35,2026-10-01,731.0,7.75,8.06,8.05,123,227,0.3817,0.8529,0.03246,-0.56,0.0428
2026-10-01 14:27:21,738.35,2026-10-01,732.0,6.93,7.14,6.72,201,694,0.3742,0.8224,0.03744,-0.69,0.0483
2026-10-01 14:27:21,738.35,2026-10-01,733.0,6.09,6.14,6.24,451,358,0.3518,0.7963,0.04332,-0.77,0.0526
2026-10-01 14:27:21,738.35,2026-10-01,734.0,5.25,5.37,5.36,1100,411,0.346,0.7535,0.04908,-0.965,0.0586
2026-10-01 14:27:21,738.35,2026-10-01,735.0,4.48,4.58,4.27,1867,1086,0.3374,0.7062,0.05494,-1.185,0.064
2026-10-01 14:27:21,738.35,2026-10-01,736.0,3.76,3.78,3.73,1958,1570,0.325,0.6541,0.06108,-1.425,0.0685
2026-10-01 14:27:21,738.35,2026-10-01,737.0,3.05,3.17,3.15,3604,1269,0.3195,0.5926,0.06541,-1.765,0.0721
2026-10-01 14:27:21,738.35,2026-10-01,738.0,2.55,2.58,2.58,11608,2192,0.321,0.526,0.06677,-2.22,0.0739
2026-10-01 14:27:21,738.35,2026-10-01,739.0,1.95,1.98,1.98,20691,2072,0.306,0.4571,0.06979,-1.965,0.0737
2026-10-01 14:27:21,738.35,2026-10-01,740.0,1.54,1.56,1.56,36347,7644,0.3066,0.3886,0.0673,-1.55,0.0712
2026-10-01 14:27:21,738.35,2026-10-01,741.0,1.16,1.21,1.21,40242,625,0.3048,0.3225,0.06337,-1.185,0.0666
2026-10-01 14:27:21,738.35,2026-10-01,742.0,0.9,0.91,0.91,66626,791,0.3063,0.2632,0.05737,-0.905,0.0606
2026-10-01 14:27:21,738.35,2026-10-01,743.0,0.65,0.7,0.7,62159,1170,0.3069,0.21,0.05055,-0.675,0.0535
2026-10-01 14:27:21,738.35,2026-10-01,744.0,0.51,0.52,0.51,65963,984,0.3121,0.1675,0.04323,-0.515,0.0466
2026-10-01 14:27:21,738.35,2026-10-01,745.0,0.39,0.4,0.33,81596,3180,0.3186,0.133,0.03632,-0.395,0.0399
2026-10-01 14:27:21,738.35,2026-10-01,746.0,0.29,0.3,0.29,66181,1342,0.323,0.1035,0.02999,-0.295,0.0334
2026-10-01 14:27:21,738.35,2026-10-01,747.0,0.18,0.23,0.23,29905,2595,0.3224,0.0764,0.02398,-0.205,0.0267
2026-10-01 14:27:21,738.35,2026-10-01,748.0,0.17,0.18,0.14,18945,1417,0.338,0.0642,0.02,-0.175,0.0233
2026-10-01 14:27:21,738.35,2026-10-01,749.0,0.09,0.14,0.14,22836,1391,0.3347,0.0451,0.01528,-0.115,0.0176
2026-10-01 14:27:21,738.35,2026-10-01,750.0,0.06,0.11,0.11,33714,4016,0.3402,0.0342,0.012,-0.085,0.0141
2026-10-01 14:27:21,738.35,2026-10-01,751.0,0.04,0.09,0.05,8560,1052,0.3478,0.0265,0.0095,-0.065,0.0114
2026-10-01 14:27:21,738.35,2026-10-01,752.0,0.07,0.08,0.07,9223,878,0.3792,0.0279,0.00908,-0.075,0.0119
2026-10-01 14:27:21,738.35,2026-10-01,753.0,0.02,0.07,0.04,4723,2353,0.3714,0.018,0.00643,-0.045,0.0082
2026-10-01 14:28:31,738.0,2026-10-01,723.0,14.73,15.28,15.45,15,41,,,,,
2026-10-01 14:28:31,738.0,2026-10-01,724.0,14.06,14.31,14.46,20,39,0.4575,0.9531,0.01157,-0.185,0.0182
2026-10-01 14:28:31,738.0,2026-10-01,725.0,12.94,13.18,13.18,89,1221,0.3378,0.9822,0.00699,-0.06,0.0081
2026-10-01 14:28:31,738.0,2026-10-01,726.0,11.79,12.07,12.21,20,57,,,,,
2026-10-01 14:28:31,738.0,2026-10-01,727.0,11.08,11.29,10.64,14,146,0.377,0.9445,0.01603,-0.185,0.0208
2026-10-01 14:28:31,738.0,2026-10-01,728.0,9.89,10.34,9.58,34,130,0.3127,0.9595,0.01503,-0.115,0.0161
2026-10-01 14:28:31,738.0,2026-10-01,729.0,9.22,9.27,9.33,42,390,0.3457,0.9223,0.0227,-0.245,0.027
2026-10-01 14:28:31,738.0,2026-10-01,730.0,8.109,8.15,8.27,582,1877,0.2686,0.9478,0.02146,-0.1295,0.0198
2026-10-01 14:28:31,738.0,2026-10-01,731.0,7.41,7.51,7.27,124,227,0.3465,0.8649,0.03382,-0.46,0.0403
2026-10-01 14:28:31,738.0,2026-10-01,732.0,6.33,6.57,6.62,202,694,0.3097,0.8547,0.03976,-0.45,0.0423
2026-10-01 14:28:31,738.0,2026-10-01,733.0,5.49,5.66,5.88,523,358,0.301,0.8178,0.04741,-0.575,0.049
2026-10-01 14:28:31,738.0,2026-10-01,734.0,4.85,4.89,5.11,1119,411,0.3158,0.7557,0.05362,-0.87,0.0582
2026-10-01 14:28:31,738.0,2026-10-01,735.0,4.05,4.09,4.03,1977,1086,0.3042,0.7056,0.06115,-1.07,0.0639
2026-10-01 14:28:31,738.0,2026-10-01,736.0,3.38,3.41,3.41,2058,1570,0.3036,0.6418,0.06637,-1.395,0.0692
2026-10-01 14:28:31,738.0,2026-10-01,737.0,2.7,2.71,2.67,3760,1269,0.2919,0.5763,0.07239,-1.705,0.0726
2026-10-01 14:28:31,738.0,2026-10-01,738.0,2.15,2.17,2.17,12028,2192,0.2908,0.5029,0.07402,-2.16,0.0739
2026-10-01 14:28:31,738.0,2026-10-01,739.0,1.68,1.69,1.69,21523,2072,0.2892,0.4289,0.07326,-1.685,0.0728
2026-10-01 14:28:31,738.0,2026-10-01,740.0,1.29,1.34,1.33,37490,7644,0.2921,0.3588,0.06904,-1.315,0.0693
2026-10-01 14:28:31,738.0,2026-10-01,741.0,0.97,0.98,0.98,41047,625,0.2893,0.2908,0.06392,-0.975,0.0635
2026-10-01 14:28:31,738.0,2026-10-01,742.0,0.76,0.77,0.77,67555,791,0.2977,0.2371,0.05597,-0.765,0.0572
2026-10-01 14:28:31,738.0,2026-10-01,743.0,0.52,0.53,0.57,62925,1170,0.2913,0.1799,0.04859,-0.525,0.0486
2026-10-01 14:28:31,738.0,2026-10-01,744.0,0.38,0.39,0.39,66819,984,0.2951,0.1389,0.04048,-0.385,0.041
2026-10-01 14:28:31,738.0,2026-10-01,745.0,0.31,0.32,0.32,83052,3180,0.3092,0.1135,0.03355,-0.315,0.0356
2026-10-01 14:28:31,738.0,2026-10-01,746.0,0.24,0.25,0.25,66935,1342,0.3183,0.0899,0.0275,-0.245,0.0301
2026-10-01 14:28:31,738.0,2026-10-01,747.0,0.19,0.2,0.19,31061,2595,0.3289,0.0722,0.02254,-0.195,0.0255
2026-10-01 14:28:31,738.0,2026-10-01,748.0,0.1,0.15,0.15,19090,1417,0.3243,0.0499,0.01715,-0.125,0.0191
2026-10-01 14:28:31,738.0,2026-10-01,749.0,0.12,0.13,0.12,22940,1391,0.3498,0.0468,0.01509,-0.125,0.0181
2026-10-01 14:28:31,738.0,2026-10-01,750.0,0.05,0.1,0.09,34125,4016,0.3417,0.0306,0.01092,-0.075,0.0128
2026-10-01 14:28:31,738.0,2026-10-01,751.0,0.08,0.09,0.05,8576,1052,0.3729,0.0316,0.01029,-0.085,0.0132
2026-10-01 14:28:31,738.0,2026-10-01,752.0,0.07,0.08,0.04,9235,878,0.388,0.0274,0.00877,-0.075,0.0117
2026-10-01 14:28:31,738.0,2026-10-01,753.0,0.02,0.03,0.03,4725,2353,0.35,0.0113,0.00456,-0.025,0.0055
2026-10-01 14:29:32,738.6,2026-10-01,724.0,14.73,14.91,14.46,20,39,0.4924,0.948,0.01167,-0.22,0.0197
2026-10-01 14:29:32,738.6,2026-10-01,725.0,13.6,13.67,13.3,89,1221,0.3092,0.9919,0.00387,-0.035,0.0041
2026-10-01 14:29:32,738.6,2026-10-01,726.0,12.39,12.5,12.21,20,57,,,,,
2026-10-01 14:29:32,738.6,2026-10-01,727.0,11.51,11.67,11.39,14,146,,,,,
2026-10-01 14:29:32,738.6,2026-10-01,728.0,10.82,10.96,10.75,39,130,0.4097,0.9215,0.01932,-0.29,0.0272
2026-10-01 14:29:32,738.6,2026-10-01,729.0,9.71,9.85,9.33,46,390,0.3365,0.9404,0.01902,-0.18,0.0219
2026-10-01 14:29:32,738.6,2026-10-01,730.0,8.76,8.88,8.27,583,1877,0.3249,0.9258,0.02334,-0.22,0.026
2026-10-01 14:29:32,738.6,2026-10-01,731.0,7.66,7.8,8.029,125,227,0.2583,0.9457,0.02302,-0.13,0.0204
2026-10-01 14:29:32,738.6,2026-10-01,732.0,6.92,6.94,6.9,203,694,0.2994,0.8855,0.0349,-0.33,0.0358
2026-10-01 14:29:32,738.6,2026-10-01,733.0,6.18,6.19,6.14,533,358,0.3256,0.8263,0.04255,-0.585,0.0475
2026-10-01 14:29:32,738.6,2026-10-01,734.0,5.27,5.34,5.23,1130,411,0.3111,0.7905,0.04995,-0.705,0.0533
2026-10-01 14:29:32,738.6,2026-10-01,735.0,4.42,4.53,4.53,2011,1086,0.2997,0.7446,0.0579,-0.875,0.0595
2026-10-01 14:29:32,738.6,2026-10-01,736.0,3.74,3.8,3.75,2103,1570,0.3008,0.6826,0.06398,-1.17,0.066
2026-10-01 14:29:32,738.6,2026-10-01,737.0,3,3.02,3.11,3809,1269,0.2847,0.6221,0.07208,-1.41,0.0704
2026-10-01 14:29:32,738.6,2026-10-01,738.0,2.46,2.47,2.47,12331,2192,0.2899,0.5474,0.07379,-1.865,0.0734
2026-10-01 14:29:32,738.6,2026-10-01,739.0,1.94,1.95,1.95,22332,2072,0.2882,0.4731,0.07458,-1.945,0.0737
2026-10-01 14:29:32,738.6,2026-10-01,740.0,1.5,1.56,1.56,38995,7644,0.2907,0.4004,0.07177,-1.53,0.0716
2026-10-01 14:29:32,738.6,2026-10-01,741.0,1.16,1.18,1.18,41430,625,0.2911,0.331,0.06726,-1.17,0.0672
2026-10-01 14:29:32,738.6,2026-10-01,742.0,0.84,0.85,0.88,67989,791,0.2863,0.2636,0.0616,-0.845,0.0605
2026-10-01 14:29:32,738.6,2026-10-01,743.0,0.66,0.67,0.66,63381,1170,0.296,0.2139,0.05314,-0.665,0.054
2026-10-01 14:29:32,738.6,2026-10-01,744.0,0.45,0.5,0.5,67290,984,0.2953,0.1644,0.04529,-0.475,0.0459
2026-10-01 14:29:32,738.6,2026-10-01,745.0,0.32,0.37,0.33,84120,3180,0.2984,0.1259,0.03745,-0.345,0.0383
2026-10-01 14:29:32,738.6,2026-10-01,746.0,0.23,0.28,0.28,67400,1342,0.3039,0.0967,0.03041,-0.255,0.0317
2026-10-01 14:29:32,738.6,2026-10-01,747.0,0.17,0.22,0.22,31828,2595,0.3124,0.0754,0.02458,-0.195,0.0263
2026-10-01 14:29:32,738.6,2026-10-01,748.0,0.16,0.17,0.13,19236,1417,0.3278,0.0628,0.02034,-0.165,0.0229
2026-10-01 14:29:32,738.6,2026-10-01,749.0,0.09,0.1,0.14,23162,1391,0.3175,0.0401,0.0147,-0.095,0.016
2026-10-01 14:29:32,738.6,2026-10-01,750.0,0.06,0.11,0.11,42113,4016,0.3351,0.0347,0.01237,-0.085,0.0142
2026-10-01 14:29:32,738.6,2026-10-01,751.0,0.04,0.09,0.05,8787,1052,0.343,0.0269,0.00978,-0.065,0.0115
2026-10-01 14:29:32,738.6,2026-10-01,752.0,0.03,0.04,0.04,12476,878,0.333,0.0159,0.00647,-0.035,0.0074
2026-10-01 14:29:32,738.6,2026-10-01,753.0,0.02,0.03,0.04,9837,2353,0.3382,0.0116,0.00485,-0.025,0.0056
2026-10-01 14:30:34,738.58,2026-10-01,724.0,14.83,14.94,14.46,20,39,0.5337,0.9332,0.01312,-0.31,0.0239
2026-10-01 14:30:34,738.58,2026-10-01,725.0,14.02,14.18,14.17,90,1221,0.5801,0.9009,0.01626,-0.525,0.0322
2026-10-01 14:30:34,738.58,2026-10-01,726.0,12.62,13.11,12.21,20,57,0.468,0.9297,0.01556,-0.29,0.0249
2026-10-01 14:30:34,738.58,2026-10-01,727.0,11.91,12.07,11.39,14,146,0.4828,0.9058,0.01882,-0.415,0.0311
2026-10-01 14:30:34,738.58,2026-10-01,728.0,10.71,11.11,10.6,40,130,0.4256,0.9133,0.02007,-0.335,0.0292
2026-10-01 14:30:34,738.58,2026-10-01,729.0,9.76,9.91,9.89,48,390,0.369,0.9222,0.02134,-0.26,0.0269
2026-10-01 14:30:34,738.58,2026-10-01,730.0,9.13,9.14,8.98,588,1877,0.4261,0.8649,0.02757,-0.56,0.0402
2026-10-01 14:30:34,738.58,2026-10-01,731.0,8.07,8.189,8.21,132,227,0.3902,0.8561,0.03143,-0.5545,0.0419
2026-10-01 14:30:34,738.58,2026-10-01,732.0,7.15,7.28,6.9,204,694,0.3738,0.8322,0.0363,-0.64,0.0464
2026-10-01 14:30:34,738.58,2026-10-01,733.0,6.34,6.42,6.32,547,358,0.3692,0.796,0.0415,-0.805,0.0524
2026-10-01 14:30:34,738.58,2026-10-01,734.0,5.42,5.52,5.37,1146,411,0.3451,0.7663,0.04801,-0.895,0.0567
2026-10-01 14:30:34,738.58,2026-10-01,735.0,4.6,4.65,4.76,2031,1086,0.328,0.7252,0.055,-1.05,0.0617
2026-10-01 14:30:34,738.58,2026-10-01,736.0,3.9,3.93,3.98,2243,1570,0.3256,0.6685,0.06026,-1.34,0.0671
2026-10-01 14:30:34,738.58,2026-10-01,737.0,3.11,3.24,3.29,3930,1269,0.3107,0.6109,0.06673,-1.6,0.0709
2026-10-01 14:30:34,738.58,2026-10-01,738.0,2.51,2.6,2.6,12835,2192,0.3045,0.5436,0.07044,-1.98,0.0733
2026-10-01 14:30:34,738.58,2026-10-01,739.0,2.06,2.07,2.07,23480,2072,0.3065,0.473,0.07023,-2.065,0.0736
2026-10-01 14:30:34,738.58,2026-10-01,740.0,1.56,1.59,1.59,40379,7644,0.2989,0.4012,0.06997,-1.575,0.0715
2026-10-01 14:30:34,738.58,2026-10-01,741.0,1.23,1.24,1.24,42088,625,0.3024,0.3352,0.06516,-1.235,0.0674
2026-10-01 14:30:34,738.58,2026-10-01,742.0,0.92,0.93,0.93,68822,791,0.301,0.272,0.05964,-0.925,0.0614
2026-10-01 14:30:34,738.58,2026-10-01,743.0,0.69,0.7,0.7,64205,1170,0.303,0.2177,0.05252,-0.695,0.0544
2026-10-01 14:30:34,738.58,2026-10-01,744.0,0.46,0.51,0.52,68333,984,0.2989,0.1658,0.04507,-0.485,0.0461
2026-10-01 14:30:34,738.58,2026-10-01,745.0,0.33,0.34,0.34,84895,3180,0.297,0.1236,0.03718,-0.335,0.0378
2026-10-01 14:30:34,738.58,2026-10-01,746.0,0.24,0.29,0.29,67912,1342,0.3083,0.0988,0.03051,-0.265,0.0322
2026-10-01 14:30:34,738.58,2026-10-01,747.0,0.21,0.22,0.22,32281,2595,0.321,0.0801,0.02508,-0.215,0.0275
2026-10-01 14:30:34,738.58,2026-10-01,748.0,0.16,0.17,0.17,19522,1417,0.329,0.0627,0.02027,-0.165,0.0228
2026-10-01 14:30:34,738.58,2026-10-01,749.0,0.13,0.14,0.14,23316,1391,0.3412,0.0512,0.01666,-0.135,0.0194
2026-10-01 14:30:34,738.58,2026-10-01,750.0,0.06,0.11,0.11,42315,4016,0.3363,0.0347,0.01234,-0.085,0.0142
2026-10-01 14:30:34,738.58,2026-10-01,751.0,0.08,0.09,0.09,8885,1052,0.3601,0.0327,0.01097,-0.085,0.0135
2026-10-01 14:30:34,738.58,2026-10-01,752.0,0.07,0.08,0.08,12486,878,0.3757,0.0282,0.00931,-0.075,0.012
2026-10-01 14:30:34,738.58,2026-10-01,753.0,0.02,0.07,0.06,10117,2353,0.3682,0.0183,0.00658,-0.045,0.0083
2026-10-01 14:31:36,738.09,2026-10-01,724.0,14.54,14.69,14.46,20,39,0.5976,0.9031,0.01555,-0.525,0.0316
2026-10-01 14:31:36,738.09,2026-10-01,725.0,13.35,13.59,14.17,90,1221,0.5183,0.9177,0.01588,-0.38,0.028
2026-10-01 14:31:36,738.09,2026-10-01,726.0,12.11,12.35,12.21,20,57,0.3835,0.9582,0.01261,-0.14,0.0165
2026-10-01 14:31:36,738.09,2026-10-01,727.0,11.18,11.5,11.39,14,146,0.4101,0.9312,0.01751,-0.25,0.0244
2026-10-01 14:31:36,738.09,2026-10-01,728.0,10.42,10.44,10.6,40,130,0.4135,0.9098,0.02132,-0.34,0.03
2026-10-01 14:31:36,738.09,2026-10-01,729.0,9.55,9.7,9.85,49,390,0.4382,0.8727,0.02579,-0.535,0.0385
2026-10-01 14:31:36,738.09,2026-10-01,730.0,8.35,8.61,8.98,588,1877,0.3659,0.8874,0.02833,-0.39,0.0353
2026-10-01 14:31:36,738.09,2026-10-01,731.0,7.63,7.65,7.51,137,227,0.373,0.8515,0.03366,-0.55,0.0427
2026-10-01 14:31:36,738.09,2026-10-01,732.0,6.62,6.83,7.29,204,694,0.3557,0.8262,0.03911,-0.635,0.0473
2026-10-01 14:31:36,738.09,2026-10-01,733.0,5.68,5.8,6.32,550,358,0.3209,0.8079,0.04615,-0.65,0.0504
2026-10-01 14:31:36,738.09,2026-10-01,734.0,5.04,5.05,4.93,1154,411,0.3357,0.7484,0.05148,-0.955,0.0588
2026-10-01 14:31:36,738.09,2026-10-01,735.0,4.14,4.32,4.26,2065,1086,0.3208,0.7022,0.05856,-1.14,0.0639
2026-10-01 14:31:36,738.09,2026-10-01,736.0,3.57,3.6,3.5,2350,1570,0.3242,0.6395,0.06257,-1.495,0.0691
2026-10-01 14:31:36,738.09,2026-10-01,737.0,2.87,2.89,2.92,3969,1269,0.3103,0.5784,0.06833,-1.79,0.0722
2026-10-01 14:31:36,738.09,2026-10-01,738.0,2.32,2.35,2.35,13311,2192,0.3098,0.5092,0.06979,-2.245,0.0736
2026-10-01 14:31:36,738.09,2026-10-01,739.0,1.83,1.84,1.86,24206,2072,0.3058,0.4389,0.06988,-1.835,0.0727
2026-10-01 14:31:36,738.09,2026-10-01,740.0,1.41,1.42,1.42,41362,7644,0.3031,0.3693,0.06747,-1.415,0.0696
2026-10-01 14:31:36,738.09,2026-10-01,741.0,1.03,1.04,1.04,42673,625,0.2959,0.2999,0.06368,-1.035,0.0641
2026-10-01 14:31:36,738.09,2026-10-01,742.0,0.8,0.81,0.77,70209,791,0.3023,0.2445,0.0563,-0.805,0.0579
2026-10-01 14:31:36,738.09,2026-10-01,743.0,0.59,0.6,0.6,65116,1170,0.3034,0.193,0.04894,-0.595,0.0505
2026-10-01 14:31:36,738.09,2026-10-01,744.0,0.39,0.4,0.45,69313,984,0.2958,0.142,0.04118,-0.395,0.0415
2026-10-01 14:31:36,738.09,2026-10-01,745.0,0.28,0.29,0.33,85649,3180,0.2992,0.1077,0.03356,-0.285,0.0342
2026-10-01 14:31:36,738.09,2026-10-01,746.0,0.24,0.25,0.25,68292,1342,0.3171,0.0905,0.02788,-0.245,0.0301
2026-10-01 14:31:36,738.09,2026-10-01,747.0,0.15,0.16,0.19,32414,2595,0.3113,0.0624,0.02139,-0.155,0.0227
2026-10-01 14:31:36,738.09,2026-10-01,748.0,0.14,0.15,0.11,19696,1417,0.3335,0.0556,0.01824,-0.145,0.0207
2026-10-01 14:31:36,738.09,2026-10-01,749.0,0.11,0.12,0.12,23417,1391,0.3434,0.0444,0.0148,-0.115,0.0173
2026-10-01 14:31:36,738.09,2026-10-01,750.0,0.05,0.06,0.1,42442,4016,0.324,0.0245,0.00961,-0.055,0.0106
2026-10-01 14:31:36,738.09,2026-10-01,751.0,0.07,0.08,0.08,9044,1052,0.3645,0.029,0.00984,-0.075,0.0122
2026-10-01 14:31:36,738.09,2026-10-01,752.0,0.07,0.08,0.04,12496,878,0.3877,0.0275,0.00885,-0.075,0.0117
2026-10-01 14:31:36,738.09,2026-10-01,753.0,0.01,0.02,0.06,10117,2353,0.3282,0.0075,0.00344,-0.015,0.0038
2026-10-01 14:32:37,739.05,2026-10-01,725.0,13.74,14.04,14.17,90,1221,,,,,
2026-10-01 14:32:37,739.05,2026-10-01,726.0,12.76,12.89,12.21,20,57,,,,,
2026-10-01 14:32:37,739.05,2026-10-01,727.0,12.1,12.24,11.39,14,146,0.3698,0.9632,0.01181,-0.12,0.0149
2026-10-01 14:32:37,739.05,2026-10-01,728.0,10.77,10.88,10.6,40,130,,,,,
2026-10-01 14:32:37,739.05,2026-10-01,729.0,9.92,10.2,9.85,53,390,,,,,
2026-10-01 14:32:37,739.05,2026-10-01,730.0,8.84,9.16,8.81,594,1877,,,,,
2026-10-01 14:32:37,739.05,2026-10-01,731.0,8.22,8.38,8.109,143,227,0.321,0.9153,0.0262,-0.25,0.0286
2026-10-01 14:32:37,739.05,2026-10-01,732.0,7.14,7.4,7.16,205,694,0.2805,0.9156,0.0299,-0.22,0.0285
2026-10-01 14:32:37,739.05,2026-10-01,733.0,6.18,6.29,6.45,586,358,0.2383,0.9177,0.03457,-0.185,0.028
2026-10-01 14:32:37,739.05,2026-10-01,734.0,5.47,5.57,5.32,1165,411,0.282,0.8368,0.04738,-0.47,0.0455
2026-10-01 14:32:37,739.05,2026-10-01,735.0,4.67,4.73,4.41,2082,1086,0.2801,0.7862,0.05637,-0.65,0.0537
2026-10-01 14:32:37,739.05,2026-10-01,736.0,3.84,3.9,3.73,2462,1570,0.2677,0.7345,0.06641,-0.82,0.0605
2026-10-01 14:32:37,739.05,2026-10-01,737.0,3.22,3.23,3.25,4251,1269,0.2755,0.6596,0.07215,-1.175,0.0676
2026-10-01 14:32:37,739.05,2026-10-01,738.0,2.58,2.64,2.64,13898,2192,0.2761,0.5846,0.07656,-1.56,0.0719
2026-10-01 14:32:37,739.05,2026-10-01,739.0,2.04,2.11,2.14,25559,2072,0.2772,0.5068,0.07801,-2.025,0.0736
2026-10-01 14:32:37,739.05,2026-10-01,740.0,1.57,1.63,1.63,43141,7644,0.2759,0.4289,0.07715,-1.6,0.0724
2026-10-01 14:32:37,739.05,2026-10-01,741.0,1.23,1.24,1.24,43488,625,0.2793,0.3554,0.0723,-1.235,0.0687
2026-10-01 14:32:37,739.05,2026-10-01,742.0,0.93,0.94,0.94,71231,791,0.2821,0.2883,0.0656,-0.935,0.063
2026-10-01 14:32:37,739.05,2026-10-01,743.0,0.68,0.69,0.69,66200,1170,0.2829,0.2274,0.05781,-0.685,0.0556
2026-10-01 14:32:37,739.05,2026-10-01,744.0,0.46,0.47,0.47,69898,984,0.2783,0.1701,0.04932,-0.465,0.0467
2026-10-01 14:32:37,739.05,2026-10-01,745.0,0.37,0.38,0.38,86637,3180,0.2924,0.1375,0.04077,-0.375,0.0406
2026-10-01 14:32:37,739.05,2026-10-01,746.0,0.24,0.29,0.29,68591,1342,0.2946,0.1028,0.03295,-0.265,0.033
2026-10-01 14:32:37,739.05,2026-10-01,747.0,0.17,0.18,0.22,32588,2595,0.2932,0.0728,0.0256,-0.175,0.0255
2026-10-01 14:32:37,739.05,2026-10-01,748.0,0.12,0.17,0.17,19819,1417,0.308,0.0595,0.02084,-0.145,0.0218
2026-10-01 14:32:37,739.05,2026-10-01,749.0,0.09,0.1,0.09,23467,1391,0.3076,0.0414,0.01562,-0.095,0.0163
2026-10-01 14:32:37,739.05,2026-10-01,750.0,0.06,0.07,0.07,42496,4016,0.3108,0.0294,0.01169,-0.065,0.0124
2026-10-01 14:32:37,739.05,2026-10-01,751.0,0.04,0.09,0.08,9047,1052,0.334,0.0276,0.01031,-0.065,0.0117
2026-10-01 14:32:37,739.05,2026-10-01,752.0,0.07,0.08,0.07,12507,878,0.3656,0.029,0.0098,-0.075,0.0122
2026-10-01 14:32:37,739.05,2026-10-01,753.0,0.02,0.03,0.05,10251,2353,0.3304,0.0119,0.00509,-0.025,0.0057
2026-10-01 14:32:37,739.05,2026-10-01,754.0,0.05,0.06,0.04,8251,606,0.392,0.0207,0.00689,-0.055,0.0092
2026-10-01 14:33:48,739.22,2026-10-01,725.0,14.36,14.51,14.17,90,1221,0.4824,0.9479,0.012,-0.215,0.0196
2026-10-01 14:33:48,739.22,2026-10-01,726.0,13.37,13.5,12.21,20,57,0.455,0.9452,0.01324,-0.215,0.0204
2026-10-01 14:33:48,739.22,2026-10-01,727.0,12.22,12.32,11.39,14,146,0.3097,0.9849,0.00667,-0.05,0.007
2026-10-01 14:33:48,739.22,2026-10-01,728.0,11.03,11.17,11.31,45,130,,,,,
2026-10-01 14:33:48,739.22,2026-10-01,729.0,10.18,10.34,10.46,75,390,0.251,0.9873,0.00712,-0.04,0.0061
2026-10-01 14:33:48,739.22,2026-10-01,730.0,9.33,9.5,8.81,594,1877,0.3345,0.9349,0.0206,-0.195,0.0234
2026-10-01 14:33:48,739.22,2026-10-01,731.0,8.34,8.36,8.08,146,227,0.2766,0.9485,0.02074,-0.13,0.0195
2026-10-01 14:33:48,739.22,2026-10-01,732.0,7.36,7.48,7.16,205,694,0.2788,0.9223,0.02833,-0.2,0.0268
2026-10-01 14:33:48,739.22,2026-10-01,733.0,6.42,6.65,6.69,658,358,0.2846,0.8848,0.03709,-0.315,0.0358
2026-10-01 14:33:48,739.22,2026-10-01,734.0,5.54,5.76,5.59,1201,411,0.2796,0.8473,0.04583,-0.43,0.0435
2026-10-01 14:33:48,739.22,2026-10-01,735.0,4.88,4.91,4.85,2182,1086,0.292,0.7865,0.05411,-0.675,0.0536
2026-10-01 14:33:48,739.22,2026-10-01,736.0,4.019,4.08,4.03,2511,1570,0.2772,0.7388,0.0637,-0.8295,0.0599
2026-10-01 14:33:48,739.22,2026-10-01,737.0,3.31,3.36,3.51,4376,1269,0.2755,0.6721,0.07121,-1.115,0.0665
2026-10-01 14:33:48,739.22,2026-10-01,738.0,2.74,2.78,2.72,14546,2192,0.2836,0.5953,0.0742,-1.54,0.0714
2026-10-01 14:33:48,739.22,2026-10-01,739.0,2.13,2.14,2.13,27505,2072,0.274,0.5203,0.07895,-1.915,0.0734
2026-10-01 14:33:48,739.22,2026-10-01,740.0,1.71,1.72,1.67,44399,7644,0.282,0.4432,0.07604,-1.715,0.0727
2026-10-01 14:33:48,739.22,2026-10-01,741.0,1.29,1.31,1.29,44066,625,0.2803,0.368,0.07302,-1.3,0.0694
2026-10-01 14:33:48,739.22,2026-10-01,742.0,0.98,0.99,0.98,72338,791,0.2826,0.2995,0.06675,-0.985,0.064
2026-10-01 14:33:48,739.22,2026-10-01,743.0,0.72,0.73,0.72,67149,1170,0.2835,0.2374,0.05918,-0.725,0.0569
2026-10-01 14:33:48,739.22,2026-10-01,744.0,0.53,0.54,0.53,71358,984,0.2871,0.1857,0.05061,-0.535,0.0493
2026-10-01 14:33:48,739.22,2026-10-01,745.0,0.35,0.4,0.39,87764,3180,0.2871,0.1397,0.04204,-0.375,0.0409
2026-10-01 14:33:48,739.22,2026-10-01,746.0,0.29,0.3,0.29,69067,1342,0.2986,0.1112,0.03447,-0.295,0.0349
2026-10-01 14:33:48,739.22,2026-10-01,747.0,0.21,0.22,0.23,32797,2595,0.3036,0.0843,0.02765,-0.215,0.0285
2026-10-01 14:33:48,739.22,2026-10-01,748.0,0.12,0.13,0.17,19980,1417,0.2945,0.0545,0.02038,-0.125,0.0204
2026-10-01 14:33:48,739.22,2026-10-01,749.0,0.09,0.1,0.1,23539,1391,0.3038,0.0419,0.01599,-0.095,0.0165
2026-10-01 14:33:48,739.22,2026-10-01,750.0,0.11,0.12,0.11,42770,4016,0.3408,0.0448,0.01504,-0.115,0.0174
2026-10-01 14:33:48,739.22,2026-10-01,751.0,0.08,0.09,0.05,9083,1052,0.3462,0.0339,0.01182,-0.085,0.0139
2026-10-01 14:33:48,739.22,2026-10-01,752.0,0.07,0.08,0.07,12608,878,0.3622,0.0292,0.00998,-0.075,0.0123
2026-10-01 14:33:48,739.22,2026-10-01,753.0,0.02,0.07,0.05,10251,2353,0.3557,0.0189,0.00705,-0.045,0.0085
2026-10-01 14:33:48,739.22,2026-10-01,754.0,0.01,0.02,0.05,8260,606,0.3263,0.0076,0.00349,-0.015,0.0039
2026-10-01 14:34:49,739.56,2026-10-01,725.0,14.39,14.63,14.17,90,1221,,,,,
2026-10-01 14:34:49,739.56,2026-10-01,726.0,13.37,13.6,13.77,26,57,,,,,
2026-10-01 14:34:49,739.56,2026-10-01,727.0,12.66,12.74,11.39,14,146,0.3969,0.9593,0.01197,-0.14,0.0161
2026-10-01 14:34:49,739.56,2026-10-01,728.0,11.59,11.72,11.31,45,130,0.3406,0.9691,0.01114,-0.095,0.0128
2026-10-01 14:34:49,739.56,2026-10-01,729.0,10.71,10.88,10.24,76,390,0.3899,0.932,0.01832,-0.235,0.0242
2026-10-01 14:34:49,739.56,2026-10-01,730.0,9.67,9.8,9.49,611,1877,0.3355,0.9414,0.01895,-0.175,0.0215
2026-10-01 14:34:49,739.56,2026-10-01,731.0,8.74,8.94,8.57,153,227,0.3477,0.912,0.02496,-0.28,0.0294
2026-10-01 14:34:49,739.56,2026-10-01,732.0,7.65,7.96,7.93,207,694,0.3054,0.9131,0.02817,-0.245,0.0291
2026-10-01 14:34:49,739.56,2026-10-01,733.0,6.82,6.87,6.84,689,358,0.2872,0.8952,0.03438,-0.285,0.0334
2026-10-01 14:34:49,739.56,2026-10-01,734.0,6.09,6.21,5.78,1214,411,0.3275,0.8248,0.04282,-0.59,0.0475
2026-10-01 14:34:49,739.56,2026-10-01,735.0,5.18,5.24,5.19,2336,1086,0.3012,0.7976,0.0509,-0.65,0.0519
2026-10-01 14:34:49,739.56,2026-10-01,736.0,4.4,4.42,4.38,2568,1570,0.2958,0.7464,0.05884,-0.85,0.0589
2026-10-01 14:34:49,739.56,2026-10-01,737.0,3.7,3.72,3.6,4577,1269,0.2978,0.6827,0.06504,-1.15,0.0655
2026-10-01 14:34:49,739.56,2026-10-01,738.0,2.9,2.96,3,15308,2192,0.2788,0.6224,0.0741,-1.37,0.0699
2026-10-01 14:34:49,739.56,2026-10-01,739.0,2.39,2.41,2.39,29170,2072,0.2859,0.5453,0.07536,-1.84,0.0729
2026-10-01 14:34:49,739.56,2026-10-01,740.0,1.83,1.85,1.83,46341,7644,0.2783,0.4687,0.07767,-1.84,0.0732
2026-10-01 14:34:49,739.56,2026-10-01,741.0,1.43,1.46,1.43,45449,625,0.2829,0.3939,0.07392,-1.445,0.0708
2026-10-01 14:34:49,739.56,2026-10-01,742.0,1.04,1.09,1.08,73191,791,0.2792,0.3202,0.06966,-1.065,0.0658
2026-10-01 14:34:49,739.56,2026-10-01,743.0,0.8,0.81,0.75,68088,1170,0.2833,0.2574,0.06193,-0.805,0.0594
2026-10-01 14:34:49,739.56,2026-10-01,744.0,0.58,0.59,0.58,72396,984,0.2844,0.2008,0.05364,-0.585,0.0516
2026-10-01 14:34:49,739.56,2026-10-01,745.0,0.42,0.43,0.42,89475,3180,0.2876,0.1545,0.04495,-0.425,0.0437
2026-10-01 14:34:49,739.56,2026-10-01,746.0,0.27,0.32,0.27,70334,1342,0.2881,0.1146,0.03653,-0.295,0.0356
2026-10-01 14:34:49,739.56,2026-10-01,747.0,0.23,0.24,0.23,33244,2595,0.3007,0.0916,0.02974,-0.235,0.0303
2026-10-01 14:34:49,739.56,2026-10-01,748.0,0.17,0.18,0.13,20581,1417,0.3077,0.0701,0.02374,-0.175,0.0247
2026-10-01 14:34:49,739.56,2026-10-01,749.0,0.13,0.14,0.13,23684,1391,0.3171,0.0547,0.019,-0.135,0.0204
2026-10-01 14:34:49,739.56,2026-10-01,750.0,0.07,0.12,0.08,43080,4016,0.3206,0.04,0.01462,-0.095,0.0159
2026-10-01 14:34:49,739.56,2026-10-01,751.0,0.08,0.09,0.05,9088,1052,0.3384,0.0347,0.01231,-0.085,0.0141
2026-10-01 14:34:49,739.56,2026-10-01,752.0,0.07,0.08,0.07,12733,878,0.3546,0.0298,0.01037,-0.075,0.0124
2026-10-01 14:34:49,739.56,2026-10-01,753.0,0.02,0.07,0.06,10252,2353,0.3486,0.0193,0.00731,-0.045,0.0086
2026-10-01 14:34:49,739.56,2026-10-01,754.0,0.01,0.06,0.05,8260,606,0.3573,0.0151,0.00578,-0.035,0.007
2026-10-01 14:35:50,739.75,2026-10-01,725.0,14.64,14.78,14.17,90,1221,,,,,
2026-10-01 14:35:50,739.75,2026-10-01,726.0,13.39,13.63,13.39,31,57,,,,,
2026-10-01 14:35:50,739.75,2026-10-01,727.0,12.72,12.81,11.39,14,146,,,,,
2026-10-01 14:35:50,739.75,2026-10-01,728.0,11.63,11.75,11.31,45,130,,,,,
2026-10-01 14:35:50,739.75,2026-10-01,729.0,10.63,10.76,10.24,76,390,,,,,
2026-10-01 14:35:50,739.75,2026-10-01,730.0,9.49,9.55,9.87,619,1877,,,,,
2026-10-01 14:35:50,739.75,2026-10-01,731.0,8.54,8.64,8.58,153,227,,,,,
2026-10-01 14:35:50,739.75,2026-10-01,732.0,7.78,7.91,7.99,232,694,0.2423,0.9607,0.01908,-0.09,0.0156
2026-10-01 14:35:50,739.75,2026-10-01,733.0,6.85,7.01,7.17,691,358,0.2564,0.9262,0.02968,-0.175,0.0257
2026-10-01 14:35:50,739.75,2026-10-01,734.0,5.94,5.96,6.24,1218,411,0.2339,0.9118,0.03723,-0.195,0.0294
2026-10-01 14:35:50,739.75,2026-10-01,735.0,5.13,5.18,5.11,2358,1086,0.2568,0.8458,0.05034,-0.4,0.0436
2026-10-01 14:35:50,739.75,2026-10-01,736.0,4.38,4.43,4.52,2607,1570,0.2692,0.7789,0.06004,-0.65,0.0546
2026-10-01 14:35:50,739.75,2026-10-01,737.0,3.54,3.57,3.62,4666,1269,0.2523,0.7267,0.07178,-0.8,0.0611
2026-10-01 14:35:50,739.75,2026-10-01,738.0,2.9,2.91,2.9,15962,2192,0.2577,0.6475,0.07844,-1.15,0.0682
2026-10-01 14:35:50,739.75,2026-10-01,739.0,2.3,2.31,2.3,30481,2072,0.2584,0.5661,0.0829,-1.55,0.0723
2026-10-01 14:35:50,739.75,2026-10-01,740.0,1.84,1.85,1.84,47706,7644,0.2668,0.483,0.08132,-1.845,0.0732
2026-10-01 14:35:50,739.75,2026-10-01,741.0,1.4,1.41,1.4,46048,625,0.2668,0.4027,0.07896,-1.405,0.0711
2026-10-01 14:35:50,739.75,2026-10-01,742.0,1.05,1.06,1.05,74747,791,0.2685,0.3274,0.07318,-1.055,0.0663
2026-10-01 14:35:50,739.75,2026-10-01,743.0,0.71,0.72,0.75,68945,1170,0.26,0.2513,0.0667,-0.715,0.0585
2026-10-01 14:35:50,739.75,2026-10-01,744.0,0.51,0.52,0.55,73459,984,0.2636,0.193,0.05658,-0.515,0.0503
2026-10-01 14:35:50,739.75,2026-10-01,745.0,0.4,0.41,0.4,91087,3180,0.2765,0.1535,0.04661,-0.405,0.0435
2026-10-01 14:35:50,739.75,2026-10-01,746.0,0.25,0.26,0.26,70624,1342,0.2709,0.107,0.03705,-0.255,0.0339
2026-10-01 14:35:50,739.75,2026-10-01,747.0,0.18,0.23,0.22,33601,2595,0.2852,0.0855,0.02984,-0.205,0.0287
2026-10-01 14:35:50,739.75,2026-10-01,748.0,0.17,0.18,0.17,20652,1417,0.3027,0.0712,0.02445,-0.175,0.025
2026-10-01 14:35:50,739.75,2026-10-01,749.0,0.13,0.14,0.11,23804,1391,0.3124,0.0555,0.01952,-0.135,0.0206
2026-10-01 14:35:50,739.75,2026-10-01,750.0,0.07,0.12,0.11,44189,4016,0.3162,0.0405,0.015,-0.095,0.016
2026-10-01 14:35:50,739.75,2026-10-01,751.0,0.05,0.1,0.06,9096,1052,0.3268,0.0321,0.01197,-0.075,0.0132
2026-10-01 14:35:50,739.75,2026-10-01,752.0,0.07,0.08,0.07,12737,878,0.3505,0.0301,0.01061,-0.075,0.0126
2026-10-01 14:35:50,739.75,2026-10-01,753.0,0.02,0.03,0.03,10258,2353,0.3173,0.0124,0.00551,-0.025,0.0059
2026-10-01 14:35:50,739.75,2026-10-01,754.0,0.01,0.06,0.02,8351,606,0.3536,0.0152,0.0059,-0.035,0.007
2026-10-01 14:36:51,739.63,2026-10-01,725.0,14.63,15.28,14.17,90,1221,0.5461,0.9311,0.01324,-0.325,0.0243
2026-10-01 14:36:51,739.63,2026-10-01,726.0,13.8,14.2,13.3,39,57,0.5341,0.9212,0.01501,-0.37,0.027
2026-10-01 14:36:51,739.63,2026-10-01,727.0,12.83,13.13,11.39,14,146,0.4967,0.9202,0.01628,-0.35,0.0272
2026-10-01 14:36:51,739.63,2026-10-01,728.0,12.04,12.17,11.31,45,130,0.5075,0.8976,0.01919,-0.475,0.0327
2026-10-01 14:36:51,739.63,2026-10-01,729.0,11.08,11.21,10.24,76,390,0.4868,0.8864,0.02155,-0.515,0.0353
2026-10-01 14:36:51,739.63,2026-10-01,730.0,9.82,10.17,9.42,624,1877,0.4099,0.9027,0.02288,-0.365,0.0315
2026-10-01 14:36:51,739.63,2026-10-01,731.0,8.92,8.94,8.83,173,227,0.3577,0.9084,0.02509,-0.3,0.0302
2026-10-01 14:36:51,739.63,2026-10-01,732.0,8.109,8.23,7.74,236,694,0.3918,0.8588,0.03116,-0.5395,0.0411
2026-10-01 14:36:51,739.63,2026-10-01,733.0,7.12,7.25,7.17,691,358,0.36,0.8452,0.03606,-0.555,0.0437
2026-10-01 14:36:51,739.63,2026-10-01,734.0,6.19,6.42,5.99,1283,411,0.3487,0.8135,0.04194,-0.675,0.0492
2026-10-01 14:36:51,739.63,2026-10-01,735.0,5.4,5.47,5.38,2495,1086,0.3341,0.778,0.04858,-0.805,0.0546
2026-10-01 14:36:51,739.63,2026-10-01,736.0,4.55,4.7,4.52,2656,1570,0.3242,0.7322,0.05539,-0.995,0.0604
2026-10-01 14:36:51,739.63,2026-10-01,737.0,3.8,3.91,3.8,4898,1269,0.3136,0.6792,0.06224,-1.225,0.0657
2026-10-01 14:36:51,739.63,2026-10-01,738.0,3.17,3.22,3.17,18897,2192,0.3114,0.6152,0.06692,-1.565,0.0701
2026-10-01 14:36:51,739.63,2026-10-01,739.0,2.45,2.48,2.45,31552,2072,0.2905,0.55,0.07429,-1.835,0.0726
2026-10-01 14:36:51,739.63,2026-10-01,740.0,1.94,2,1.94,48812,7644,0.2925,0.4754,0.07422,-1.97,0.073
2026-10-01 14:36:51,739.63,2026-10-01,741.0,1.51,1.52,1.51,46685,625,0.2898,0.4012,0.07275,-1.515,0.0709
2026-10-01 14:36:51,739.63,2026-10-01,742.0,1.13,1.14,1.13,75477,791,0.2872,0.3293,0.06869,-1.135,0.0664
2026-10-01 14:36:51,739.63,2026-10-01,743.0,0.78,0.79,0.76,69843,1170,0.2778,0.2569,0.06329,-0.785,0.0591
2026-10-01 14:36:51,739.63,2026-10-01,744.0,0.55,0.56,0.54,74124,984,0.2767,0.1973,0.05472,-0.555,0.0509
2026-10-01 14:36:51,739.63,2026-10-01,745.0,0.43,0.44,0.43,91984,3180,0.2883,0.1575,0.04555,-0.435,0.0442
2026-10-01 14:36:51,739.63,2026-10-01,746.0,0.27,0.32,0.26,71098,1342,0.2868,0.1153,0.03698,-0.295,0.0357
2026-10-01 14:36:51,739.63,2026-10-01,747.0,0.19,0.24,0.22,33705,2595,0.2928,0.0872,0.02953,-0.215,0.0291
2026-10-01 14:36:51,739.63,2026-10-01,748.0,0.17,0.18,0.14,20699,1417,0.3067,0.0705,0.02399,-0.175,0.0247
2026-10-01 14:36:51,739.63,2026-10-01,749.0,0.13,0.14,0.13,23842,1391,0.3163,0.055,0.01918,-0.135,0.0204
2026-10-01 14:36:51,739.63,2026-10-01,750.0,0.1,0.11,0.08,45654,4016,0.326,0.0431,0.01533,-0.105,0.0168
2026-10-01 14:36:51,739.63,2026-10-01,751.0,0.09,0.1,0.09,9099,1052,0.3446,0.0377,0.01299,-0.095,0.0151
2026-10-01 14:36:51,739.63,2026-10-01,752.0,0.07,0.08,0.04,12753,878,0.3541,0.0299,0.01046,-0.075,0.0125
2026-10-01 14:36:51,739.63,2026-10-01,753.0,0.02,0.07,0.03,10258,2353,0.3482,0.0193,0.00737,-0.045,0.0086
2026-10-01 14:36:51,739.63,2026-10-01,754.0,0.05,0.06,0.02,8356,606,0.3814,0.0213,0.00731,-0.055,0.0094
2026-10-01 14:37:53,739.68,2026-10-01,725.0,14.8,14.92,14.86,96,1221,0.4786,0.9555,0.01073,-0.18,0.0172
2026-10-01 14:37:53,739.68,2026-10-01,726.0,13.82,13.98,13.64,49,57,0.4729,0.9455,0.01275,-0.22,0.0202
2026-10-01 14:37:53,739.68,2026-10-01,727.0,12.6,12.95,13.24,24,146,0.3698,0.971,0.00976,-0.095,0.0121
2026-10-01 14:37:53,739.68,2026-10-01,728.0,11.89,12.02,11.31,45,130,0.4406,0.9288,0.01686,-0.275,0.0249
2026-10-01 14:37:53,739.68,2026-10-01,729.0,10.79,10.88,10.24,76,390,0.3578,0.9505,0.01562,-0.155,0.0187
2026-10-01 14:37:53,739.68,2026-10-01,730.0,9.9,10.07,9.71,627,1877,0.3922,0.9138,0.0219,-0.305,0.0288
2026-10-01 14:37:53,739.68,2026-10-01,731.0,8.92,9.05,9.18,173,227,0.3615,0.9077,0.025,-0.305,0.0303
2026-10-01 14:37:53,739.68,2026-10-01,732.0,7.95,8.16,7.72,239,694,0.351,0.8866,0.0299,-0.375,0.0352
2026-10-01 14:37:53,739.68,2026-10-01,733.0,7.19,7.28,6.9,701,358,0.3624,0.8458,0.03578,-0.555,0.0435
2026-10-01 14:37:53,739.68,2026-10-01,734.0,6.21,6.32,6.06,1306,411,0.3324,0.8274,0.04197,-0.585,0.0468
2026-10-01 14:37:53,739.68,2026-10-01,735.0,5.25,5.33,5.23,2547,1086,0.2995,0.8061,0.05011,-0.61,0.0503
2026-10-01 14:37:53,739.68,2026-10-01,736.0,4.47,4.5,4.39,2866,1570,0.2947,0.7552,0.05824,-0.805,0.0575
2026-10-01 14:37:53,739.68,2026-10-01,737.0,3.73,3.81,3.69,5355,1269,0.2958,0.6925,0.0649,-1.09,0.0644
2026-10-01 14:37:53,739.68,2026-10-01,738.0,3.04,3.07,3.08,20249,2192,0.2873,0.6281,0.07188,-1.375,0.0693
2026-10-01 14:37:53,739.68,2026-10-01,739.0,2.46,2.48,2.46,33260,2072,0.2878,0.5542,0.07499,-1.79,0.0724
2026-10-01 14:37:53,739.68,2026-10-01,740.0,1.93,1.94,1.9,50338,7644,0.2849,0.4784,0.07635,-1.935,0.0729
2026-10-01 14:37:53,739.68,2026-10-01,741.0,1.45,1.47,1.45,47641,625,0.2797,0.4012,0.0755,-1.46,0.0708
2026-10-01 14:37:53,739.68,2026-10-01,742.0,1.04,1.09,1.07,76438,791,0.2746,0.3251,0.07159,-1.065,0.0659
2026-10-01 14:37:53,739.68,2026-10-01,743.0,0.78,0.79,0.78,71416,1170,0.276,0.2584,0.06398,-0.785,0.0592
2026-10-01 14:37:53,739.68,2026-10-01,744.0,0.56,0.57,0.55,75379,984,0.2772,0.2001,0.05517,-0.565,0.0513
2026-10-01 14:37:53,739.68,2026-10-01,745.0,0.4,0.41,0.39,92780,3180,0.2801,0.1524,0.04594,-0.405,0.0431
2026-10-01 14:37:53,739.68,2026-10-01,746.0,0.25,0.3,0.25,71684,1342,0.28,0.1112,0.03696,-0.275,0.0347
2026-10-01 14:37:53,739.68,2026-10-01,747.0,0.21,0.22,0.18,33790,2595,0.2918,0.0875,0.02977,-0.215,0.0291
2026-10-01 14:37:53,739.68,2026-10-01,748.0,0.16,0.17,0.17,20760,1417,0.3017,0.0681,0.02378,-0.165,0.0241
2026-10-01 14:37:53,739.68,2026-10-01,749.0,0.13,0.14,0.13,23879,1391,0.3154,0.0552,0.01932,-0.135,0.0204
2026-10-01 14:37:53,739.68,2026-10-01,750.0,0.06,0.07,0.07,46194,4016,0.2981,0.0307,0.01271,-0.065,0.0127
2026-10-01 14:37:53,739.68,2026-10-01,751.0,0.08,0.09,0.08,9121,1052,0.337,0.0349,0.0125,-0.085,0.0141
2026-10-01 14:37:53,739.68,2026-10-01,752.0,0.03,0.04,0.05,12765,878,0.3136,0.017,0.00733,-0.035,0.0077
2026-10-01 14:37:53,739.68,2026-10-01,753.0,0.06,0.07,0.04,10301,2353,0.3681,0.0255,0.00882,-0.065,0.0109
2026-10-01 14:37:53,739.68,2026-10-01,754.0,0.05,0.06,0.03,8377,606,0.3808,0.0214,0.00734,-0.055,0.0094
2026-10-01 14:39:03,740.1,2026-10-01,726.0,14.35,14.5,14.29,56,57,0.5321,0.9294,0.01389,-0.325,0.0247
2026-10-01 14:39:03,740.1,2026-10-01,727.0,13.03,13.28,13.22,25,146,0.3388,0.9838,0.00651,-0.055,0.0074
2026-10-01 14:39:03,740.1,2026-10-01,728.0,12.25,12.39,11.31,49,130,0.4295,0.9407,0.01502,-0.22,0.0216
2026-10-01 14:39:03,740.1,2026-10-01,729.0,11.05,11.41,10.72,77,390,0.3551,0.9581,0.01377,-0.13,0.0164
2026-10-01 14:39:03,740.1,2026-10-01,730.0,10.02,10.42,9.81,648,1877,0.3229,0.9581,0.01515,-0.12,0.0164
2026-10-01 14:39:03,740.1,2026-10-01,731.0,9.13,9.48,8.76,179,227,0.3377,0.9319,0.02129,-0.205,0.024
2026-10-01 14:39:03,740.1,2026-10-01,732.0,8.1,8.26,8.37,270,694,0.2454,0.9658,0.01691,-0.08,0.0139
2026-10-01 14:39:03,740.1,2026-10-01,733.0,7.26,7.46,7.27,750,358,0.2981,0.9059,0.03079,-0.26,0.0307
2026-10-01 14:39:03,740.1,2026-10-01,734.0,6.4,6.48,6.35,1405,411,0.2896,0.8778,0.03827,-0.34,0.0371
2026-10-01 14:39:03,740.1,2026-10-01,735.0,5.61,5.69,5.58,2889,1086,0.3036,0.8235,0.04667,-0.55,0.0474
2026-10-01 14:39:03,740.1,2026-10-01,736.0,4.77,4.84,4.67,3116,1570,0.2948,0.7793,0.05502,-0.705,0.0542
2026-10-01 14:39:03,740.1,2026-10-01,737.0,3.98,4.03,3.98,6402,1269,0.2863,0.7259,0.06362,-0.905,0.0609
2026-10-01 14:39:03,740.1,2026-10-01,738.0,3.22,3.23,3.22,23647,2192,0.2729,0.6659,0.07292,-1.125,0.0666
2026-10-01 14:39:03,740.1,2026-10-01,739.0,2.58,2.59,2.58,36478,2072,0.2709,0.5907,0.07843,-1.485,0.0711
2026-10-01 14:39:03,740.1,2026-10-01,740.0,2.05,2.06,2.05,54364,7644,0.2734,0.5109,0.07975,-1.955,0.0729
2026-10-01 14:39:03,740.1,2026-10-01,741.0,1.57,1.58,1.57,50314,625,0.2718,0.4311,0.07906,-1.575,0.0719
2026-10-01 14:39:03,740.1,2026-10-01,742.0,1.17,1.18,1.17,79470,791,0.2703,0.3532,0.07518,-1.175,0.068
2026-10-01 14:39:03,740.1,2026-10-01,743.0,0.85,0.86,0.82,73407,1170,0.2694,0.2809,0.06843,-0.855,0.0617
2026-10-01 14:39:03,740.1,2026-10-01,744.0,0.61,0.62,0.62,77450,984,0.2705,0.218,0.05954,-0.615,0.0539
2026-10-01 14:39:03,740.1,2026-10-01,745.0,0.4,0.45,0.4,95930,3180,0.2701,0.1632,0.04989,-0.425,0.0451
2026-10-01 14:39:03,740.1,2026-10-01,746.0,0.31,0.32,0.27,72317,1342,0.2778,0.1252,0.04056,-0.315,0.0377
2026-10-01 14:39:03,740.1,2026-10-01,747.0,0.23,0.24,0.23,34158,2595,0.2862,0.0959,0.03253,-0.235,0.0311
2026-10-01 14:39:03,740.1,2026-10-01,748.0,0.17,0.18,0.17,21299,1417,0.2943,0.0731,0.0258,-0.175,0.0254
2026-10-01 14:39:03,740.1,2026-10-01,749.0,0.13,0.14,0.09,24120,1391,0.3046,0.0569,0.02052,-0.135,0.0209
2026-10-01 14:39:03,740.1,2026-10-01,750.0,0.1,0.11,0.1,47861,4016,0.3149,0.0446,0.01632,-0.105,0.0172
2026-10-01 14:39:03,740.1,2026-10-01,751.0,0.08,0.09,0.05,9157,1052,0.3272,0.0359,0.01317,-0.085,0.0144
2026-10-01 14:39:03,740.1,2026-10-01,752.0,0.03,0.08,0.07,12807,878,0.3267,0.0245,0.00962,-0.055,0.0105
2026-10-01 14:39:03,740.1,2026-10-01,753.0,0.02,0.07,0.06,10320,2353,0.3388,0.0199,0.00777,-0.045,0.0088
2026-10-01 14:39:03,740.1,2026-10-01,754.0,0.01,0.02,0.03,8485,606,0.3115,0.008,0.00384,-0.015,0.004
2026-10-01 14:39:03,740.1,2026-10-01,755.0,0.04,0.05,0.02,8728,2022,0.3826,0.0178,0.00627,-0.045,0.008
2026-10-01 14:40:04,740.84,2026-10-01,726.0,14.6,14.65,14.29,62,57,,,,,
2026-10-01 14:40:04,740.84,2026-10-01,727.0,13.63,13.98,13.22,26,146,,,,,
2026-10-01 14:40:04,740.84,2026-10-01,728.0,12.63,12.87,12.76,49,130,,,,,
2026-10-01 14:40:04,740.84,2026-10-01,729.0,11.7,11.98,10.72,77,390,,,,,
2026-10-01 14:40:04,740.84,2026-10-01,730.0,10.97,11.09,10.4,650,1877,0.3827,0.9416,0.01668,-0.195,0.0213
2026-10-01 14:40:04,740.84,2026-10-01,731.0,10.02,10.14,9.45,189,227,0.3754,0.9265,0.02031,-0.245,0.0255
2026-10-01 14:40:04,740.84,2026-10-01,732.0,9.04,9.09,8.28,272,694,0.3402,0.9246,0.02286,-0.23,0.026
2026-10-01 14:40:04,740.84,2026-10-01,733.0,7.92,7.99,7.83,775,358,0.2632,0.95,0.02145,-0.12,0.0189
2026-10-01 14:40:04,740.84,2026-10-01,734.0,7.01,7.28,6.83,1414,411,0.3054,0.892,0.03324,-0.31,0.0339
2026-10-01 14:40:04,740.84,2026-10-01,735.0,6.14,6.36,6.09,2924,1086,0.2999,0.859,0.0408,-0.415,0.0409
2026-10-01 14:40:04,740.84,2026-10-01,736.0,5.36,5.43,5.36,3213,1570,0.2959,0.8171,0.04902,-0.56,0.0484
2026-10-01 14:40:04,740.84,2026-10-01,737.0,4.5,4.59,4.39,6939,1269,0.2849,0.772,0.05802,-0.71,0.0552
2026-10-01 14:40:04,740.84,2026-10-01,738.0,3.69,3.73,3.69,25233,2192,0.2695,0.7204,0.0683,-0.875,0.0615
2026-10-01 14:40:04,740.84,2026-10-01,739.0,3.03,3.05,3.08,37868,2072,0.2713,0.6472,0.07491,-1.205,0.0679
2026-10-01 14:40:04,740.84,2026-10-01,740.0,2.44,2.45,2.39,55797,7644,0.2729,0.5694,0.07877,-1.61,0.0718
2026-10-01 14:40:04,740.84,2026-10-01,741.0,1.86,1.87,1.86,51310,625,0.2656,0.4893,0.08215,-1.865,0.0729
2026-10-01 14:40:04,740.84,2026-10-01,742.0,1.39,1.4,1.39,80716,791,0.2622,0.4069,0.08096,-1.395,0.0709
2026-10-01 14:40:04,740.84,2026-10-01,743.0,1.01,1.06,1.01,73950,1170,0.2629,0.329,0.07527,-1.035,0.0661
2026-10-01 14:40:04,740.84,2026-10-01,744.0,0.72,0.73,0.7,78242,984,0.2596,0.2552,0.06769,-0.725,0.0587
2026-10-01 14:40:04,740.84,2026-10-01,745.0,0.49,0.5,0.49,97050,3180,0.2579,0.1911,0.05778,-0.495,0.0498
2026-10-01 14:40:04,740.84,2026-10-01,746.0,0.38,0.39,0.33,72640,1342,0.2705,0.1506,0.04729,-0.385,0.0427
2026-10-01 14:40:04,740.84,2026-10-01,747.0,0.23,0.24,0.23,34276,2595,0.2637,0.1027,0.03712,-0.235,0.0327
2026-10-01 14:40:04,740.84,2026-10-01,748.0,0.16,0.17,0.16,21453,1417,0.2696,0.075,0.02872,-0.165,0.0259
2026-10-01 14:40:04,740.84,2026-10-01,749.0,0.15,0.16,0.11,24272,1391,0.2937,0.0661,0.02393,-0.155,0.0235
2026-10-01 14:40:04,740.84,2026-10-01,750.0,0.11,0.12,0.07,48815,4016,0.3017,0.05,0.01871,-0.115,0.0189
2026-10-01 14:40:04,740.84,2026-10-01,751.0,0.05,0.06,0.05,9161,1052,0.2868,0.0275,0.01207,-0.055,0.0116
2026-10-01 14:40:04,740.84,2026-10-01,752.0,0.03,0.04,0.07,12808,878,0.289,0.0183,0.00849,-0.035,0.0082
2026-10-01 14:40:04,740.84,2026-10-01,753.0,0.02,0.07,0.06,10347,2353,0.3227,0.0207,0.00847,-0.045,0.0091
2026-10-01 14:40:04,740.84,2026-10-01,754.0,0.01,0.02,0.05,10487,606,0.2973,0.0083,0.00418,-0.015,0.0041
2026-10-01 14:40:04,740.84,2026-10-01,755.0,0.04,0.05,0.04,8767,2022,0.3668,0.0185,0.00676,-0.045,0.0083
2026-10-01 14:41:06,740.26,2026-10-01,726.0,14.14,14.47,14.25,62,57,0.35,0.9882,0.00482,-0.045,0.0056
2026-10-01 14:41:06,740.26,2026-10-01,727.0,12.93,12.94,13.22,29,146,,,,,
2026-10-01 14:41:06,740.26,2026-10-01,728.0,12,12.11,12.76,49,130,,,,,
2026-10-01 14:41:06,740.26,2026-10-01,729.0,10.96,11.36,10.72,77,390,,,,,
2026-10-01 14:41:06,740.26,2026-10-01,730.0,10.3,10.43,10.64,651,1877,0.3184,0.963,0.01393,-0.105,0.0147
2026-10-01 14:41:06,740.26,2026-10-01,731.0,9.28,9.41,9.38,196,227,0.279,0.9671,0.01445,-0.085,0.0134
2026-10-01 14:41:06,740.26,2026-10-01,732.0,8.31,8.41,8.28,280,694,0.2637,0.9586,0.01842,-0.1,0.0162
2026-10-01 14:41:06,740.26,2026-10-01,733.0,7.34,7.41,7.36,815,358,0.2457,0.9491,0.02337,-0.115,0.0191
2026-10-01 14:41:06,740.26,2026-10-01,734.0,6.46,6.5,6.55,1415,411,0.2598,0.909,0.03457,-0.22,0.0299
2026-10-01 14:41:06,740.26,2026-10-01,735.0,5.55,5.58,5.63,3016,1086,0.2529,0.8754,0.04455,-0.305,0.0375
2026-10-01 14:41:06,740.26,2026-10-01,736.0,4.75,4.81,4.67,3409,1570,0.2663,0.8125,0.05543,-0.52,0.0491
2026-10-01 14:41:06,740.26,2026-10-01,737.0,3.93,3.97,4.05,7296,1269,0.2577,0.7588,0.06633,-0.69,0.0568
2026-10-01 14:41:06,740.26,2026-10-01,738.0,3.22,3.25,3.25,27279,2192,0.2588,0.6869,0.07509,-0.975,0.0646
2026-10-01 14:41:06,740.26,2026-10-01,739.0,2.52,2.56,2.52,40329,2072,0.2517,0.611,0.08352,-1.28,0.0699
2026-10-01 14:41:06,740.26,2026-10-01,740.0,2.05,2.06,2.05,57584,7644,0.2629,0.5245,0.08306,-1.795,0.0726
2026-10-01 14:41:06,740.26,2026-10-01,741.0,1.49,1.56,1.57,52232,625,0.256,0.4399,0.08449,-1.525,0.0719
2026-10-01 14:41:06,740.26,2026-10-01,742.0,1.14,1.15,1.12,81869,791,0.2583,0.3588,0.07933,-1.145,0.0681
2026-10-01 14:41:06,740.26,2026-10-01,743.0,0.83,0.84,0.8,74836,1170,0.2597,0.2842,0.07161,-0.835,0.0618
2026-10-01 14:41:06,740.26,2026-10-01,744.0,0.56,0.61,0.61,78670,984,0.2593,0.2172,0.06216,-0.585,0.0536
2026-10-01 14:41:06,740.26,2026-10-01,745.0,0.38,0.39,0.4,97742,3180,0.2562,0.1576,0.05158,-0.385,0.0439
2026-10-01 14:41:06,740.26,2026-10-01,746.0,0.3,0.31,0.27,72881,1342,0.2707,0.1248,0.04167,-0.305,0.0375
2026-10-01 14:41:06,740.26,2026-10-01,747.0,0.18,0.19,0.22,34381,2595,0.2653,0.0838,0.03184,-0.185,0.0281
2026-10-01 14:41:06,740.26,2026-10-01,748.0,0.16,0.17,0.16,21570,1417,0.2866,0.0713,0.02606,-0.165,0.0248
2026-10-01 14:41:06,740.26,2026-10-01,749.0,0.08,0.09,0.11,24451,1391,0.2744,0.0419,0.01788,-0.085,0.0163
2026-10-01 14:41:06,740.26,2026-10-01,750.0,0.06,0.11,0.1,48995,4016,0.2995,0.0388,0.0154,-0.085,0.0153
2026-10-01 14:41:06,740.26,2026-10-01,751.0,0.04,0.09,0.06,9168,1052,0.3094,0.0299,0.01201,-0.065,0.0124
2026-10-01 14:41:06,740.26,2026-10-01,752.0,0.07,0.08,0.07,12808,878,0.3411,0.0311,0.01126,-0.075,0.0128
2026-10-01 14:41:06,740.26,2026-10-01,753.0,0.06,0.07,0.03,10365,2353,0.3563,0.0264,0.00941,-0.065,0.0111
2026-10-01 14:41:06,740.26,2026-10-01,754.0,0.05,0.06,0.02,10498,606,0.3695,0.022,0.0078,-0.055,0.0096
2026-10-01 14:41:06,740.26,2026-10-01,755.0,0.04,0.05,0.04,8770,2022,0.3802,0.018,0.00638,-0.045,0.0081
2026-10-01 14:42:07,740.26,2026-10-01,726.0,13.72,13.84,14.25,62,57,,,,,
2026-10-01 14:42:07,740.26,2026-10-01,727.0,12.94,13.17,13.16,39,146,,,,,
2026-10-01 14:42:07,740.26,2026-10-01,728.0,11.92,12.06,12.76,50,130,,,,,
2026-10-01 14:42:07,740.26,2026-10-01,729.0,11.01,11.19,11.03,78,390,,,,,
2026-10-01 14:42:07,740.26,2026-10-01,730.0,10.19,10.32,9.67,655,1877,,,,,
2026-10-01 14:42:07,740.26,2026-10-01,731.0,8.99,9.32,9.16,197,227,,,,,
2026-10-01 14:42:07,740.26,2026-10-01,732.0,8,8.21,7.94,280,694,,,,,
2026-10-01 14:42:07,740.26,2026-10-01,733.0,7.11,7.24,7.16,830,358,,,,,
2026-10-01 14:42:07,740.26,2026-10-01,734.0,6.28,6.49,6.15,1415,411,0.2235,0.9397,0.02938,-0.125,0.0218
2026-10-01 14:42:07,740.26,2026-10-01,735.0,5.47,5.55,5.4,3083,1086,0.2379,0.8899,0.04344,-0.25,0.0343
2026-10-01 14:42:07,740.26,2026-10-01,736.0,4.68,4.73,4.63,3460,1570,0.251,0.8269,0.05601,-0.445,0.0466
2026-10-01 14:42:07,740.26,2026-10-01,737.0,3.83,3.92,3.93,7587,1269,0.2448,0.7705,0.06806,-0.615,0.0552
2026-10-01 14:42:07,740.26,2026-10-01,738.0,3.12,3.16,3.13,28056,2192,0.2444,0.6971,0.07849,-0.88,0.0636
2026-10-01 14:42:07,740.26,2026-10-01,739.0,2.55,2.56,2.55,42370,2072,0.2543,0.6101,0.08287,-1.295,0.0698
2026-10-01 14:42:07,740.26,2026-10-01,740.0,1.99,2,1.93,59343,7644,0.2551,0.5252,0.08575,-1.735,0.0725
2026-10-01 14:42:07,740.26,2026-10-01,741.0,1.48,1.53,1.48,53441,625,0.2536,0.4392,0.0854,-1.505,0.0718
2026-10-01 14:42:07,740.26,2026-10-01,742.0,1.11,1.12,1.12,83286,791,0.2543,0.3564,0.08052,-1.115,0.0679
2026-10-01 14:42:07,740.26,2026-10-01,743.0,0.77,0.82,0.77,75431,1170,0.2536,0.2792,0.07282,-0.795,0.0612
2026-10-01 14:42:07,740.26,2026-10-01,744.0,0.57,0.58,0.57,79043,984,0.2578,0.2155,0.06233,-0.575,0.0533
2026-10-01 14:42:07,740.26,2026-10-01,745.0,0.4,0.41,0.4,98182,3180,0.2611,0.1619,0.05158,-0.405,0.0446
2026-10-01 14:42:07,740.26,2026-10-01,746.0,0.24,0.25,0.28,73617,1342,0.2544,0.1099,0.04056,-0.245,0.0342
2026-10-01 14:42:07,740.26,2026-10-01,747.0,0.2,0.21,0.2,34681,2595,0.2727,0.0894,0.03256,-0.205,0.0294
2026-10-01 14:42:07,740.26,2026-10-01,748.0,0.11,0.12,0.12,21773,1417,0.2651,0.0561,0.02342,-0.115,0.0206
2026-10-01 14:42:07,740.26,2026-10-01,749.0,0.08,0.13,0.11,24503,1391,0.2864,0.0485,0.01932,-0.105,0.0183
2026-10-01 14:42:07,740.26,2026-10-01,750.0,0.06,0.07,0.07,49058,4016,0.2859,0.032,0.0138,-0.065,0.0131
2026-10-01 14:42:07,740.26,2026-10-01,751.0,0.03,0.08,0.07,9177,1052,0.3014,0.0264,0.01115,-0.055,0.0111
2026-10-01 14:42:07,740.26,2026-10-01,752.0,0.02,0.03,0.07,12811,878,0.2887,0.0136,0.00662,-0.025,0.0063
2026-10-01 14:42:07,740.26,2026-10-01,753.0,0.05,0.06,0.06,10367,2353,0.3474,0.0233,0.00871,-0.055,0.01
2026-10-01 14:42:07,740.26,2026-10-01,754.0,0.01,0.02,0.05,10551,606,0.3098,0.008,0.00391,-0.015,0.004
2026-10-01 14:42:07,740.26,2026-10-01,755.0,0.01,0.02,0.02,8770,2022,0.3294,0.0076,0.0035,-0.015,0.0038
2026-10-01 14:43:08,739.85,2026-10-01,725.0,15.29,15.42,14.62,96,1221,0.6247,0.9085,0.01449,-0.505,0.0299
2026-10-01 14:43:08,739.85,2026-10-01,726.0,14.22,14.35,14.25,62,57,0.5695,0.9131,0.01529,-0.435,0.0287
2026-10-01 14:43:08,739.85,2026-10-01,727.0,12.77,13.18,12.68,39,146,0.3999,0.9634,0.01102,-0.125,0.0145
2026-10-01 14:43:08,739.85,2026-10-01,728.0,11.87,12.28,12.32,50,130,0.4277,0.9388,0.01556,-0.225,0.022
2026-10-01 14:43:08,739.85,2026-10-01,729.0,11.03,11.18,11.25,79,390,0.4117,0.9291,0.01813,-0.255,0.0246
2026-10-01 14:43:08,739.85,2026-10-01,730.0,9.99,10.18,9.75,658,1877,0.3743,0.9287,0.02004,-0.235,0.0247
2026-10-01 14:43:08,739.85,2026-10-01,731.0,9.04,9.29,9.05,202,227,0.3731,0.9068,0.0246,-0.315,0.0303
2026-10-01 14:43:08,739.85,2026-10-01,732.0,8.09,8.21,7.94,282,694,0.3368,0.9027,0.02811,-0.3,0.0312
2026-10-01 14:43:08,739.85,2026-10-01,733.0,7.12,7.25,7.38,833,358,0.3151,0.8868,0.03354,-0.335,0.0349
2026-10-01 14:43:08,739.85,2026-10-01,734.0,6.44,6.55,6.32,1430,411,0.3544,0.8211,0.0406,-0.645,0.0475
2026-10-01 14:43:08,739.85,2026-10-01,735.0,5.41,5.58,5.27,3118,1086,0.3156,0.804,0.04824,-0.645,0.0502
2026-10-01 14:43:08,739.85,2026-10-01,736.0,4.59,4.63,4.66,3497,1570,0.2964,0.7655,0.05701,-0.76,0.0558
2026-10-01 14:43:08,739.85,2026-10-01,737.0,3.85,3.88,3.85,7817,1269,0.2945,0.7057,0.06442,-1.015,0.0626
2026-10-01 14:43:08,739.85,2026-10-01,738.0,3.26,3.29,3.1,29067,2192,0.3062,0.6332,0.06769,-1.425,0.0684
2026-10-01 14:43:08,739.85,2026-10-01,739.0,2.6,2.61,2.6,43621,2072,0.2958,0.5657,0.07323,-1.755,0.0715
2026-10-01 14:43:08,739.85,2026-10-01,740.0,2.009,2.02,2.009,60831,7644,0.2869,0.4914,0.07653,-2.0145,0.0725
2026-10-01 14:43:08,739.85,2026-10-01,741.0,1.5,1.55,1.5,54179,625,0.2814,0.4139,0.07622,-1.525,0.0708
2026-10-01 14:43:08,739.85,2026-10-01,742.0,1.14,1.15,1.14,84766,791,0.2805,0.3394,0.07187,-1.145,0.0665
2026-10-01 14:43:08,739.85,2026-10-01,743.0,0.78,0.84,0.79,76171,1170,0.275,0.267,0.06582,-0.81,0.0597
2026-10-01 14:43:08,739.85,2026-10-01,744.0,0.58,0.59,0.58,79580,984,0.2766,0.2072,0.05689,-0.585,0.0519
2026-10-01 14:43:08,739.85,2026-10-01,745.0,0.37,0.38,0.37,98881,3180,0.2693,0.1487,0.04739,-0.375,0.0421
2026-10-01 14:43:08,739.85,2026-10-01,746.0,0.26,0.31,0.28,73750,1342,0.2796,0.1154,0.0383,-0.285,0.0353
2026-10-01 14:43:08,739.85,2026-10-01,747.0,0.17,0.22,0.17,34744,2595,0.282,0.0835,0.02998,-0.195,0.0279
2026-10-01 14:43:08,739.85,2026-10-01,748.0,0.11,0.16,0.15,21860,1417,0.2863,0.0604,0.02302,-0.135,0.0217
2026-10-01 14:43:08,739.85,2026-10-01,749.0,0.12,0.13,0.12,24528,1391,0.3084,0.053,0.01929,-0.125,0.0196
2026-10-01 14:43:08,739.85,2026-10-01,750.0,0.05,0.06,0.06,49285,4016,0.2882,0.0275,0.0121,-0.055,0.0115
2026-10-01 14:43:08,739.85,2026-10-01,751.0,0.08,0.09,0.05,9178,1052,0.3356,0.0353,0.01276,-0.085,0.0141
2026-10-01 14:43:08,739.85,2026-10-01,752.0,0.06,0.07,0.06,12818,878,0.3439,0.0273,0.01007,-0.065,0.0114
2026-10-01 14:43:08,739.85,2026-10-01,753.0,0.01,0.06,0.05,10373,2353,0.3341,0.0162,0.00665,-0.035,0.0073
2026-10-01 14:43:08,739.85,2026-10-01,754.0,0.01,0.02,0.05,10583,606,0.3185,0.0079,0.00373,-0.015,0.0039
2026-10-01 14:44:19,739.85,2026-10-01,725.0,15.15,15.28,14.62,96,1221,0.577,0.9254,0.01348,-0.37,0.0256
2026-10-01 14:44:19,739.85,2026-10-01,726.0,13.64,14.07,14.25,62,57,,,,,
2026-10-01 14:44:19,739.85,2026-10-01,727.0,12.96,13.14,12.68,39,146,0.447,0.9459,0.01354,-0.205,0.0199
2026-10-01 14:44:19,739.85,2026-10-01,728.0,11.96,12.09,12.32,50,130,0.4066,0.9482,0.0144,-0.18,0.0192
2026-10-01 14:44:19,739.85,2026-10-01,729.0,10.88,11.2,11.25,79,390,0.3862,0.9415,0.01667,-0.195,0.0212
2026-10-01 14:44:19,739.85,2026-10-01,730.0,9.93,10.25,10.09,670,1877,0.3789,0.9265,0.02029,-0.245,0.0253
2026-10-01 14:44:19,739.85,2026-10-01,731.0,9.15,9.28,9.05,202,227,0.3911,0.8966,0.02536,-0.37,0.0326
2026-10-01 14:44:19,739.85,2026-10-01,732.0,8.07,8.189,8.09,285,694,0.3322,0.906,0.02784,-0.2845,0.0304
2026-10-01 14:44:19,739.85,2026-10-01,733.0,7.06,7.28,7.3,839,358,0.3127,0.8888,0.03342,-0.325,0.0344
2026-10-01 14:44:19,739.85,2026-10-01,734.0,6.11,6.33,6.17,1447,411,0.2927,0.8671,0.04047,-0.375,0.0389
2026-10-01 14:44:19,739.85,2026-10-01,735.0,5.45,5.49,5.35,3147,1086,0.312,0.8069,0.04845,-0.625,0.0497
2026-10-01 14:44:19,739.85,2026-10-01,736.0,4.59,4.64,4.62,3586,1570,0.2985,0.7641,0.0569,-0.77,0.0558
2026-10-01 14:44:19,739.85,2026-10-01,737.0,3.81,3.84,3.81,7963,1269,0.2892,0.7091,0.06537,-0.98,0.0622
2026-10-01 14:44:19,739.85,2026-10-01,738.0,3.12,3.13,3.12,29656,2192,0.2852,0.6422,0.0722,-1.28,0.0677
2026-10-01 14:44:19,739.85,2026-10-01,739.0,2.5,2.51,2.5,44746,2072,0.2827,0.5683,0.07668,-1.66,0.0713
2026-10-01 14:44:19,739.85,2026-10-01,740.0,1.87,1.95,1.87,61775,7644,0.2733,0.4904,0.08048,-1.91,0.0723
2026-10-01 14:44:19,739.85,2026-10-01,741.0,1.48,1.49,1.48,54849,625,0.2765,0.4118,0.07761,-1.485,0.0706
2026-10-01 14:44:19,739.85,2026-10-01,742.0,1.08,1.09,1.09,85992,791,0.2722,0.334,0.07374,-1.085,0.066
2026-10-01 14:44:19,739.85,2026-10-01,743.0,0.75,0.76,0.79,76884,1170,0.2664,0.2596,0.06709,-0.755,0.0588
2026-10-01 14:44:19,739.85,2026-10-01,744.0,0.52,0.57,0.52,80223,984,0.2696,0.2003,0.05733,-0.545,0.0508
2026-10-01 14:44:19,739.85,2026-10-01,745.0,0.36,0.37,0.36,99191,3180,0.2676,0.1465,0.0473,-0.365,0.0416
2026-10-01 14:44:19,739.85,2026-10-01,746.0,0.28,0.29,0.28,73789,1342,0.2803,0.1153,0.03826,-0.285,0.0353
2026-10-01 14:44:19,739.85,2026-10-01,747.0,0.2,0.21,0.2,34846,2595,0.2863,0.0862,0.03029,-0.205,0.0285
2026-10-01 14:44:19,739.85,2026-10-01,748.0,0.15,0.16,0.15,21991,1417,0.2958,0.0662,0.02397,-0.155,0.0233
2026-10-01 14:44:19,739.85,2026-10-01,749.0,0.12,0.13,0.09,24528,1391,0.3091,0.053,0.01928,-0.125,0.0196
2026-10-01 14:44:19,739.85,2026-10-01,750.0,0.09,0.1,0.06,49388,4016,0.3181,0.0408,0.01518,-0.095,0.0159
2026-10-01 14:44:19,739.85,2026-10-01,751.0,0.03,0.08,0.04,9186,1052,0.3123,0.0257,0.01056,-0.055,0.0108
2026-10-01 14:44:19,739.85,2026-10-01,752.0,0.02,0.03,0.05,12820,878,0.2987,0.0132,0.00628,-0.025,0.0062
2026-10-01 14:44:19,739.85,2026-10-01,753.0,0.01,0.02,0.05,10375,2353,0.2995,0.0083,0.00418,-0.015,0.0041
2026-10-01 14:44:19,739.85,2026-10-01,754.0,0.05,0.06,0.04,10589,606,0.3809,0.0216,0.00747,-0.055,0.0094
2026-10-01 14:45:20,739.72,2026-10-01,725.0,14.94,15.16,14.62,96,1221,0.5583,0.9306,0.0132,-0.33,0.0241
2026-10-01 14:45:20,739.72,2026-10-01,726.0,13.96,14.09,14.25,68,57,0.5184,0.9311,0.01413,-0.305,0.024
2026-10-01 14:45:20,739.72,2026-10-01,727.0,12.96,13.04,12.68,39,146,0.4786,0.9318,0.01519,-0.28,0.0238
2026-10-01 14:45:20,739.72,2026-10-01,728.0,11.9,12.25,12.32,50,130,0.4775,0.9154,0.01794,-0.355,0.0281
2026-10-01 14:45:20,739.72,2026-10-01,729.0,10.78,10.91,11.25,79,390,0.346,0.9584,0.01422,-0.125,0.0161
2026-10-01 14:45:20,739.72,2026-10-01,730.0,9.91,10.24,9.93,675,1877,0.4151,0.9049,0.02251,-0.355,0.0306
2026-10-01 14:45:20,739.72,2026-10-01,731.0,8.86,9.09,9.05,208,227,0.3496,0.9183,0.02388,-0.255,0.0273
2026-10-01 14:45:20,739.72,2026-10-01,732.0,8.16,8.29,7.8,290,694,0.3916,0.8648,0.03066,-0.505,0.0393
2026-10-01 14:45:20,739.72,2026-10-01,733.0,7.06,7.33,7.12,851,358,0.349,0.859,0.0354,-0.475,0.0405
2026-10-01 14:45:20,739.72,2026-10-01,734.0,6.25,6.45,6.25,1459,411,0.3475,0.8213,0.04153,-0.63,0.0473
2026-10-01 14:45:20,739.72,2026-10-01,735.0,5.48,5.55,5.24,3206,1086,0.3405,0.781,0.04792,-0.795,0.0534
2026-10-01 14:45:20,739.72,2026-10-01,736.0,4.66,4.69,4.68,3719,1570,0.3259,0.7388,0.05513,-0.955,0.0588
2026-10-01 14:45:20,739.72,2026-10-01,737.0,3.88,3.91,3.8,8266,1269,0.3146,0.6864,0.06227,-1.175,0.0642
2026-10-01 14:45:20,739.72,2026-10-01,738.0,3.06,3.18,3.06,30613,2192,0.2966,0.6285,0.07043,-1.4,0.0684
2026-10-01 14:45:20,739.72,2026-10-01,739.0,2.5,2.52,2.5,46935,2072,0.2938,0.5567,0.07427,-1.79,0.0715
2026-10-01 14:45:20,739.72,2026-10-01,740.0,1.95,1.96,1.95,63497,7644,0.2884,0.4815,0.07634,-1.955,0.0721
2026-10-01 14:45:20,739.72,2026-10-01,741.0,1.47,1.48,1.47,55716,625,0.2828,0.4041,0.07567,-1.475,0.0701
2026-10-01 14:45:20,739.72,2026-10-01,742.0,1.04,1.05,1.04,87253,791,0.2728,0.325,0.07289,-1.045,0.0651
2026-10-01 14:45:20,739.72,2026-10-01,743.0,0.77,0.78,0.78,77475,1170,0.2758,0.2584,0.06477,-0.775,0.0585
2026-10-01 14:45:20,739.72,2026-10-01,744.0,0.54,0.55,0.5,81368,984,0.2749,0.1975,0.05584,-0.545,0.0503
2026-10-01 14:45:20,739.72,2026-10-01,745.0,0.38,0.39,0.33,99801,3180,0.2772,0.1489,0.04623,-0.385,0.042
2026-10-01 14:45:20,739.72,2026-10-01,746.0,0.27,0.28,0.23,74099,1342,0.282,0.1116,0.03722,-0.275,0.0344
2026-10-01 14:45:20,739.72,2026-10-01,747.0,0.15,0.2,0.19,34961,2595,0.2795,0.0771,0.02857,-0.175,0.0262
2026-10-01 14:45:20,739.72,2026-10-01,748.0,0.1,0.15,0.15,22101,1417,0.2861,0.0567,0.02201,-0.125,0.0206
2026-10-01 14:45:20,739.72,2026-10-01,749.0,0.07,0.12,0.11,24742,1391,0.2964,0.0434,0.01718,-0.095,0.0167
2026-10-01 14:45:20,739.72,2026-10-01,750.0,0.05,0.1,0.08,49486,4016,0.3083,0.0342,0.01358,-0.075,0.0137
2026-10-01 14:45:20,739.72,2026-10-01,751.0,0.03,0.08,0.07,9187,1052,0.3157,0.0255,0.01039,-0.055,0.0107
2026-10-01 14:45:20,739.72,2026-10-01,752.0,0.02,0.03,0.03,12820,878,0.3018,0.0131,0.00618,-0.025,0.0061
2026-10-01 14:45:20,739.72,2026-10-01,753.0,0.01,0.02,0.05,10381,2353,0.3025,0.0083,0.00412,-0.015,0.0041
2026-10-01 14:45:20,739.72,2026-10-01,754.0,0.01,0.05,0.02,10675,606,0.3521,0.0135,0.00542,-0.03,0.0063
2026-10-01 14:46:22,740.51,2026-10-01,726.0,14.01,14.66,14.42,68,57,,,,,
2026-10-01 14:46:22,740.51,2026-10-01,727.0,13.4,13.58,12.68,39,146,,,,,
2026-10-01 14:46:22,740.51,2026-10-01,728.0,12.42,12.54,12.32,50,130,,,,,
2026-10-01 14:46:22,740.51,2026-10-01,729.0,11.38,11.52,11.26,80,390,,,,,
2026-10-01 14:46:22,740.51,2026-10-01,730.0,10.27,10.68,10.56,685,1877,,,,,
2026-10-01 14:46:22,740.51,2026-10-01,731.0,9.33,9.35,9.21,208,227,,,,,
2026-10-01 14:46:22,740.51,2026-10-01,732.0,8.45,8.5,8.08,290,694,,,,,
2026-10-01 14:46:22,740.51,2026-10-01,733.0,7.63,7.74,7.6,852,358,0.2827,0.931,0.02597,-0.175,0.024
2026-10-01 14:46:22,740.51,2026-10-01,734.0,6.51,6.8,6.51,1467,411,0.2411,0.9341,0.0294,-0.145,0.0232
2026-10-01 14:46:22,740.51,2026-10-01,735.0,5.69,5.7,5.67,3227,1086,0.2268,0.9124,0.0388,-0.185,0.0288
2026-10-01 14:46:22,740.51,2026-10-01,736.0,4.9,5,4.77,3777,1570,0.261,0.8328,0.05302,-0.44,0.0453
2026-10-01 14:46:22,740.51,2026-10-01,737.0,4.019,4.19,4.03,8464,1269,0.253,0.7811,0.0645,-0.5945,0.0534
2026-10-01 14:46:22,740.51,2026-10-01,738.0,3.34,3.37,3.4,31093,2192,0.2523,0.7116,0.07481,-0.845,0.0618
2026-10-01 14:46:22,740.51,2026-10-01,739.0,2.72,2.75,2.72,48289,2072,0.2597,0.6289,0.08046,-1.225,0.0684
2026-10-01 14:46:22,740.51,2026-10-01,740.0,2.08,2.17,2.08,64855,7644,0.2562,0.5467,0.08548,-1.615,0.0717
2026-10-01 14:46:22,740.51,2026-10-01,741.0,1.58,1.61,1.58,56521,625,0.2522,0.4601,0.087,-1.595,0.0718
2026-10-01 14:46:22,740.51,2026-10-01,742.0,1.18,1.23,1.18,88034,791,0.2558,0.3766,0.08205,-1.205,0.0687
2026-10-01 14:46:22,740.51,2026-10-01,743.0,0.84,0.85,0.84,78143,1170,0.2518,0.2951,0.07577,-0.845,0.0624
2026-10-01 14:46:22,740.51,2026-10-01,744.0,0.58,0.59,0.58,81908,984,0.2512,0.2239,0.06582,-0.585,0.0541
2026-10-01 14:46:22,740.51,2026-10-01,745.0,0.43,0.44,0.43,100285,3180,0.2603,0.1727,0.05429,-0.435,0.0462
2026-10-01 14:46:22,740.51,2026-10-01,746.0,0.3,0.31,0.3,74254,1342,0.2646,0.128,0.04374,-0.305,0.0379
2026-10-01 14:46:22,740.51,2026-10-01,747.0,0.18,0.19,0.19,35124,2595,0.26,0.0859,0.03334,-0.185,0.0284
2026-10-01 14:46:22,740.51,2026-10-01,748.0,0.12,0.17,0.13,22275,1417,0.2736,0.0669,0.02622,-0.145,0.0235
2026-10-01 14:46:22,740.51,2026-10-01,749.0,0.12,0.13,0.12,24794,1391,0.292,0.0558,0.0213,-0.125,0.0203
2026-10-01 14:46:22,740.51,2026-10-01,750.0,0.05,0.06,0.06,49632,4016,0.2737,0.0289,0.01332,-0.055,0.0119
2026-10-01 14:46:22,740.51,2026-10-01,751.0,0.07,0.08,0.07,9198,1052,0.3136,0.0337,0.0132,-0.075,0.0135
2026-10-01 14:46:22,740.51,2026-10-01,752.0,0.06,0.07,0.03,12821,878,0.3297,0.0284,0.01091,-0.065,0.0118
2026-10-01 14:46:22,740.51,2026-10-01,753.0,0.01,0.02,0.02,10381,2353,0.2869,0.0087,0.00453,-0.015,0.0043
2026-10-01 14:46:22,740.51,2026-10-01,754.0,0.05,0.06,0.03,10684,606,0.3668,0.0223,0.00801,-0.055,0.0096
2026-10-01 14:46:22,740.51,2026-10-01,755.0,0.01,0.02,0.04,8838,2022,0.3266,0.0077,0.0036,-0.015,0.0038
2026-10-01 14:47:23,739.66,2026-10-01,725.0,14.75,14.8,14.62,96,1221,0.4417,0.969,0.00878,-0.115,0.0126
2026-10-01 14:47:23,739.66,2026-10-01,726.0,13.74,13.87,14.42,68,57,0.4374,0.9604,0.01083,-0.145,0.0154
2026-10-01 14:47:23,739.66,2026-10-01,727.0,12.67,12.96,12.68,39,146,0.417,0.9559,0.0124,-0.155,0.0168
2026-10-01 14:47:23,739.66,2026-10-01,728.0,11.8,11.96,12.32,56,130,0.4231,0.9391,0.01579,-0.22,0.0217
2026-10-01 14:47:23,739.66,2026-10-01,729.0,10.57,10.98,11.26,81,390,0.3392,0.961,0.01381,-0.115,0.0152
2026-10-01 14:47:23,739.66,2026-10-01,730.0,9.84,9.95,10.56,685,1877,0.3714,0.9277,0.02055,-0.235,0.0248
2026-10-01 14:47:23,739.66,2026-10-01,731.0,8.92,9.04,9.21,213,227,0.3714,0.9045,0.02533,-0.32,0.0306
2026-10-01 14:47:23,739.66,2026-10-01,732.0,7.7,7.92,8.08,290,694,0.2769,0.9393,0.02408,-0.15,0.0217
2026-10-01 14:47:23,739.66,2026-10-01,733.0,6.96,7.05,6.85,857,358,0.3139,0.8827,0.03476,-0.345,0.0355
2026-10-01 14:47:23,739.66,2026-10-01,734.0,6.14,6.26,6.07,1475,411,0.3269,0.8342,0.04223,-0.54,0.0449
2026-10-01 14:47:23,739.66,2026-10-01,735.0,5.12,5.22,5.12,3348,1086,0.2826,0.8223,0.05106,-0.51,0.0469
2026-10-01 14:47:23,739.66,2026-10-01,736.0,4.36,4.52,4.3,3848,1570,0.2939,0.7578,0.05893,-0.78,0.0564
2026-10-01 14:47:23,739.66,2026-10-01,737.0,3.61,3.73,3.68,8679,1269,0.2867,0.6993,0.0673,-1.01,0.0628
2026-10-01 14:47:23,739.66,2026-10-01,738.0,2.95,3.01,2.92,32214,2192,0.2826,0.6305,0.07404,-1.32,0.0681
2026-10-01 14:47:23,739.66,2026-10-01,739.0,2.34,2.36,2.36,50160,2072,0.277,0.5554,0.07908,-1.69,0.0713
2026-10-01 14:47:23,739.66,2026-10-01,740.0,1.85,1.86,1.85,66316,7644,0.2795,0.476,0.079,-1.855,0.0718
2026-10-01 14:47:23,739.66,2026-10-01,741.0,1.4,1.41,1.4,57085,625,0.2772,0.3972,0.07713,-1.405,0.0696
2026-10-01 14:47:23,739.66,2026-10-01,742.0,0.99,1.04,1.01,88841,791,0.2721,0.3196,0.07283,-1.015,0.0645
2026-10-01 14:47:23,739.66,2026-10-01,743.0,0.7,0.75,0.7,78576,1170,0.2707,0.2498,0.06504,-0.725,0.0573
2026-10-01 14:47:23,739.66,2026-10-01,744.0,0.49,0.54,0.48,82508,984,0.2721,0.191,0.05545,-0.515,0.0491
2026-10-01 14:47:23,739.66,2026-10-01,745.0,0.33,0.38,0.37,100786,3180,0.273,0.1415,0.04554,-0.355,0.0404
2026-10-01 14:47:23,739.66,2026-10-01,746.0,0.22,0.27,0.26,74442,1342,0.2758,0.1036,0.03618,-0.245,0.0325
2026-10-01 14:47:23,739.66,2026-10-01,747.0,0.15,0.2,0.19,35228,2595,0.2822,0.0767,0.02828,-0.175,0.026
2026-10-01 14:47:23,739.66,2026-10-01,748.0,0.1,0.15,0.14,22348,1417,0.2887,0.0565,0.02181,-0.125,0.0205
2026-10-01 14:47:23,739.66,2026-10-01,749.0,0.07,0.08,0.11,24797,1391,0.286,0.0366,0.01553,-0.075,0.0145
2026-10-01 14:47:23,739.66,2026-10-01,750.0,0.05,0.1,0.08,49751,4016,0.3108,0.034,0.01347,-0.075,0.0136
2026-10-01 14:47:23,739.66,2026-10-01,751.0,0.07,0.08,0.07,9224,1052,0.3352,0.0319,0.01183,-0.075,0.0129
2026-10-01 14:47:23,739.66,2026-10-01,752.0,0.06,0.07,0.06,12821,878,0.3508,0.027,0.00985,-0.065,0.0112
2026-10-01 14:47:23,739.66,2026-10-01,753.0,0.05,0.06,0.03,10385,2353,0.3644,0.0225,0.00814,-0.055,0.0097
2026-10-01 14:47:23,739.66,2026-10-01,754.0,0.05,0.06,0.02,10686,606,0.3871,0.0213,0.00733,-0.055,0.0092
2026-10-01 14:48:25,739.19,2026-10-01,725.0,14.4,14.41,14.62,96,1221,0.4932,0.9476,0.01205,-0.215,0.0193
2026-10-01 14:48:25,739.19,2026-10-01,726.0,13,13.44,14.42,68,57,0.299,0.9934,0.00342,-0.03,0.0033
2026-10-01 14:48:25,739.19,2026-10-01,727.0,12.43,12.46,12.68,39,146,0.4551,0.9343,0.01561,-0.255,0.023
2026-10-01 14:48:25,739.19,2026-10-01,728.0,11.21,11.54,11.32,56,130,0.394,0.9449,0.01571,-0.185,0.02
2026-10-01 14:48:25,739.19,2026-10-01,729.0,10.42,10.55,10.47,82,390,0.4113,0.9183,0.02041,-0.295,0.0272
2026-10-01 14:48:25,739.19,2026-10-01,730.0,9.31,9.49,9.41,692,1877,0.3481,0.931,0.0212,-0.21,0.0239
2026-10-01 14:48:25,739.19,2026-10-01,731.0,8.35,8.58,8.6,225,227,0.3424,0.9105,0.02625,-0.275,0.0291
2026-10-01 14:48:25,739.19,2026-10-01,732.0,7.46,7.69,8.08,290,694,0.3437,0.8801,0.03233,-0.385,0.036
2026-10-01 14:48:25,739.19,2026-10-01,733.0,6.45,6.58,6.74,909,358,0.2933,0.882,0.03746,-0.325,0.0356
2026-10-01 14:48:25,739.19,2026-10-01,734.0,5.61,5.7,5.84,1794,411,0.2933,0.8399,0.04612,-0.465,0.0438
2026-10-01 14:48:25,739.19,2026-10-01,735.0,4.95,4.97,5.03,3383,1086,0.3155,0.7725,0.05315,-0.77,0.0543
2026-10-01 14:48:25,739.19,2026-10-01,736.0,4.03,4.08,4.25,3915,1570,0.2884,0.7334,0.0633,-0.865,0.0591
2026-10-01 14:48:25,739.19,2026-10-01,737.0,3.37,3.4,3.43,9055,1269,0.2927,0.664,0.06924,-1.195,0.0656
2026-10-01 14:48:25,739.19,2026-10-01,738.0,2.69,2.74,2.84,33665,2192,0.2863,0.5942,0.07525,-1.525,0.0698
2026-10-01 14:48:25,739.19,2026-10-01,739.0,2.15,2.19,2.18,52817,2072,0.2875,0.5175,0.07703,-1.98,0.0717
2026-10-01 14:48:25,739.19,2026-10-01,740.0,1.62,1.67,1.64,68501,7644,0.2806,0.4391,0.07807,-1.645,0.071
2026-10-01 14:48:25,739.19,2026-10-01,741.0,1.2,1.26,1.27,58523,625,0.2781,0.3617,0.07486,-1.23,0.0674
2026-10-01 14:48:25,739.19,2026-10-01,742.0,0.92,0.93,0.93,90455,791,0.281,0.292,0.06791,-0.925,0.0618
2026-10-01 14:48:25,739.19,2026-10-01,743.0,0.66,0.67,0.69,79552,1170,0.2805,0.228,0.05985,-0.665,0.0544
2026-10-01 14:48:25,739.19,2026-10-01,744.0,0.46,0.47,0.44,83559,984,0.28,0.1725,0.05069,-0.465,0.046
2026-10-01 14:48:25,739.19,2026-10-01,745.0,0.33,0.34,0.34,101262,3180,0.2846,0.1308,0.04147,-0.335,0.0382
2026-10-01 14:48:25,739.19,2026-10-01,746.0,0.24,0.25,0.25,74649,1342,0.2912,0.0992,0.03328,-0.245,0.0314
2026-10-01 14:48:25,739.19,2026-10-01,747.0,0.17,0.18,0.15,35510,2595,0.2965,0.0737,0.02617,-0.175,0.0251
2026-10-01 14:48:25,739.19,2026-10-01,748.0,0.13,0.14,0.15,22458,1417,0.3071,0.0573,0.0208,-0.135,0.0207
2026-10-01 14:48:25,739.19,2026-10-01,749.0,0.1,0.11,0.11,24799,1391,0.3177,0.0448,0.01653,-0.105,0.017
2026-10-01 14:48:25,739.19,2026-10-01,750.0,0.08,0.09,0.09,49864,4016,0.3303,0.0361,0.01332,-0.085,0.0143
2026-10-01 14:48:25,739.19,2026-10-01,751.0,0.03,0.04,0.07,9257,1052,0.3078,0.0175,0.00781,-0.035,0.0078
2026-10-01 14:48:25,739.19,2026-10-01,752.0,0.02,0.07,0.05,12826,878,0.3423,0.02,0.00785,-0.045,0.0087
2026-10-01 14:48:25,739.19,2026-10-01,753.0,0.05,0.06,0.02,10394,2353,0.3759,0.022,0.00774,-0.055,0.0094
2026-10-01 14:48:25,739.19,2026-10-01,754.0,0.01,0.02,0.02,10686,606,0.3345,0.0076,0.00347,-0.015,0.0038
2026-10-01 14:49:35,739.43,2026-10-01,725.0,14.59,14.73,14.62,96,1221,0.5084,0.9456,0.01208,-0.23,0.0198
2026-10-01 14:49:35,739.43,2026-10-01,726.0,13.61,13.62,14.42,68,57,0.4569,0.9514,0.01228,-0.185,0.0181
2026-10-01 14:49:35,739.43,2026-10-01,727.0,12.37,12.84,12.68,39,146,0.4239,0.9509,0.01335,-0.175,0.0183
2026-10-01 14:49:35,739.43,2026-10-01,728.0,11.68,11.74,11.32,56,130,0.4438,0.9268,0.01743,-0.28,0.025
2026-10-01 14:49:35,739.43,2026-10-01,729.0,10.3,10.67,10.43,83,390,0.2841,0.9805,0.00927,-0.055,0.0085
2026-10-01 14:49:35,739.43,2026-10-01,730.0,9.34,9.53,9.55,698,1877,,,,,
2026-10-01 14:49:35,739.43,2026-10-01,731.0,8.41,8.85,8.58,236,227,0.3222,0.9295,0.02333,-0.2,0.0243
2026-10-01 14:49:35,739.43,2026-10-01,732.0,7.64,7.76,7.75,291,694,0.3174,0.906,0.0294,-0.27,0.0301
2026-10-01 14:49:35,739.43,2026-10-01,733.0,6.79,6.88,6.7,914,358,0.3236,0.8682,0.03673,-0.405,0.0384
2026-10-01 14:49:35,739.43,2026-10-01,734.0,5.78,5.85,5.91,1818,411,0.2834,0.8594,0.04385,-0.385,0.0401
2026-10-01 14:49:35,739.43,2026-10-01,735.0,4.95,5.01,4.84,3528,1086,0.2832,0.8107,0.05322,-0.55,0.0487
2026-10-01 14:49:35,739.43,2026-10-01,736.0,4.22,4.24,4.27,3950,1570,0.2885,0.7487,0.06147,-0.8,0.0573
2026-10-01 14:49:35,739.43,2026-10-01,737.0,3.47,3.53,3.5,9485,1269,0.286,0.6847,0.06916,-1.07,0.0639
2026-10-01 14:49:35,739.43,2026-10-01,738.0,2.81,2.83,2.83,34669,2192,0.2811,0.6143,0.07571,-1.39,0.0687
2026-10-01 14:49:35,739.43,2026-10-01,739.0,2.21,2.23,2.23,54583,2072,0.2773,0.5372,0.0797,-1.79,0.0714
2026-10-01 14:49:35,739.43,2026-10-01,740.0,1.68,1.74,1.74,71993,7644,0.2752,0.457,0.08021,-1.71,0.0713
2026-10-01 14:49:35,739.43,2026-10-01,741.0,1.23,1.29,1.28,59768,625,0.27,0.376,0.07822,-1.26,0.0682
2026-10-01 14:49:35,739.43,2026-10-01,742.0,0.93,0.94,0.94,93389,791,0.2717,0.3021,0.07144,-0.935,0.0627
2026-10-01 14:49:35,739.43,2026-10-01,743.0,0.62,0.67,0.67,81118,1170,0.2673,0.2313,0.06343,-0.645,0.0547
2026-10-01 14:49:35,739.43,2026-10-01,744.0,0.47,0.48,0.48,85352,984,0.2736,0.1789,0.05317,-0.475,0.047
2026-10-01 14:49:35,739.43,2026-10-01,745.0,0.33,0.34,0.3,101942,3180,0.2769,0.1339,0.04339,-0.335,0.0388
2026-10-01 14:49:35,739.43,2026-10-01,746.0,0.23,0.24,0.2,74809,1342,0.281,0.0988,0.03446,-0.235,0.0313
2026-10-01 14:49:35,739.43,2026-10-01,747.0,0.17,0.18,0.18,35634,2595,0.29,0.0752,0.02721,-0.175,0.0255
2026-10-01 14:49:35,739.43,2026-10-01,748.0,0.09,0.14,0.14,22494,1417,0.291,0.0524,0.02046,-0.115,0.0192
2026-10-01 14:49:35,739.43,2026-10-01,749.0,0.06,0.11,0.11,24917,1391,0.2997,0.0393,0.01578,-0.085,0.0153
2026-10-01 14:49:35,739.43,2026-10-01,750.0,0.08,0.09,0.05,49950,4016,0.3248,0.0367,0.01375,-0.085,0.0144
2026-10-01 14:49:35,739.43,2026-10-01,751.0,0.02,0.03,0.03,9276,1052,0.2889,0.0137,0.00677,-0.025,0.0063
2026-10-01 14:49:35,739.43,2026-10-01,752.0,0.06,0.07,0.03,12851,878,0.3575,0.0266,0.00959,-0.065,0.0111
2026-10-01 14:49:35,739.43,2026-10-01,753.0,0.05,0.06,0.05,10398,2353,0.371,0.0222,0.00794,-0.055,0.0095
2026-10-01 14:49:35,739.43,2026-10-01,754.0,0.01,0.05,0.02,10690,606,0.3608,0.0133,0.00526,-0.03,0.0061
2026-10-01 14:50:37,739.68,2026-10-01,725.0,14.7,15.07,14.62,96,1221,0.5003,0.9516,0.0112,-0.2,0.018
2026-10-01 14:50:37,739.68,2026-10-01,726.0,13.95,14.07,14.42,68,57,0.5301,0.9279,0.01444,-0.325,0.0247
2026-10-01 14:50:37,739.68,2026-10-01,727.0,12.94,13.12,13.02,40,146,0.5077,0.9211,0.01615,-0.345,0.0264
2026-10-01 14:50:37,739.68,2026-10-01,728.0,11.97,12.06,11.32,56,130,0.4714,0.9193,0.01769,-0.33,0.0269
2026-10-01 14:50:37,739.68,2026-10-01,729.0,10.67,10.87,10.7,84,390,0.3198,0.9701,0.01182,-0.085,0.0122
2026-10-01 14:50:37,739.68,2026-10-01,730.0,9.96,10.05,9.82,715,1877,0.4058,0.9109,0.02214,-0.32,0.0289
2026-10-01 14:50:37,739.68,2026-10-01,731.0,9.01,9.13,8.81,241,227,0.3946,0.8927,0.02608,-0.385,0.0331
2026-10-01 14:50:37,739.68,2026-10-01,732.0,7.94,8.14,7.75,292,694,0.3527,0.8902,0.02966,-0.355,0.0337
2026-10-01 14:50:37,739.68,2026-10-01,733.0,6.94,7.02,6.95,927,358,0.3018,0.8938,0.03385,-0.295,0.0329
2026-10-01 14:50:37,739.68,2026-10-01,734.0,6.01,6.16,6.25,1826,411,0.2965,0.8598,0.04186,-0.4,0.04
2026-10-01 14:50:37,739.68,2026-10-01,735.0,5.21,5.38,5.22,3551,1086,0.3059,0.806,0.05007,-0.61,0.0493
2026-10-01 14:50:37,739.68,2026-10-01,736.0,4.43,4.55,4.42,3959,1570,0.301,0.7552,0.05817,-0.805,0.0564
2026-10-01 14:50:37,739.68,2026-10-01,737.0,3.69,3.74,3.65,9669,1269,0.2926,0.6983,0.06639,-1.03,0.0626
2026-10-01 14:50:37,739.68,2026-10-01,738.0,2.96,2.97,2.97,35271,2192,0.2795,0.6344,0.07498,-1.28,0.0675
2026-10-01 14:50:37,739.68,2026-10-01,739.0,2.41,2.43,2.43,56649,2072,0.2863,0.5559,0.07688,-1.735,0.0709
2026-10-01 14:50:37,739.68,2026-10-01,740.0,1.81,1.84,1.84,74980,7644,0.2751,0.4774,0.08069,-1.825,0.0715
2026-10-01 14:50:37,739.68,2026-10-01,741.0,1.38,1.39,1.38,61030,625,0.2743,0.3975,0.07836,-1.385,0.0692
2026-10-01 14:50:37,739.68,2026-10-01,742.0,1.01,1.02,1.02,95024,791,0.2722,0.3206,0.07326,-1.015,0.0642
2026-10-01 14:50:37,739.68,2026-10-01,743.0,0.75,0.76,0.76,81668,1170,0.2763,0.2546,0.06472,-0.755,0.0576
2026-10-01 14:50:37,739.68,2026-10-01,744.0,0.53,0.54,0.5,86060,984,0.2766,0.195,0.05554,-0.535,0.0495
2026-10-01 14:50:37,739.68,2026-10-01,745.0,0.37,0.38,0.34,103380,3180,0.2784,0.1462,0.04587,-0.375,0.0411
2026-10-01 14:50:37,739.68,2026-10-01,746.0,0.22,0.27,0.27,75240,1342,0.2765,0.1038,0.03634,-0.245,0.0324
2026-10-01 14:50:37,739.68,2026-10-01,747.0,0.15,0.16,0.2,36162,2595,0.2749,0.071,0.02752,-0.155,0.0244
2026-10-01 14:50:37,739.68,2026-10-01,748.0,0.14,0.15,0.15,22565,1417,0.299,0.0625,0.02292,-0.145,0.0221
2026-10-01 14:50:37,739.68,2026-10-01,749.0,0.11,0.12,0.08,24946,1391,0.3113,0.0495,0.01831,-0.115,0.0184
2026-10-01 14:50:37,739.68,2026-10-01,750.0,0.05,0.06,0.09,49969,4016,0.2956,0.0272,0.01182,-0.055,0.0113
2026-10-01 14:50:37,739.68,2026-10-01,751.0,0.03,0.04,0.08,9487,1052,0.2977,0.0181,0.00833,-0.035,0.008
2026-10-01 14:50:37,739.68,2026-10-01,752.0,0.02,0.03,0.06,12865,878,0.3052,0.0131,0.00616,-0.025,0.006
2026-10-01 14:50:37,739.68,2026-10-01,753.0,0.01,0.06,0.05,10408,2353,0.3418,0.016,0.00653,-0.035,0.0072
2026-10-01 14:50:37,739.68,2026-10-01,754.0,0.04,0.05,0.02,10692,606,0.3769,0.0184,0.00666,-0.045,0.0081
2026-10-01 14:51:38,739.51,2026-10-01,725.0,14.4,14.59,14.62,96,1221,,,,,
2026-10-01 14:51:38,739.51,2026-10-01,726.0,13.75,13.92,14.42,68,57,0.5259,0.9273,0.01468,-0.325,0.0248
2026-10-01 14:51:38,739.51,2026-10-01,727.0,12.83,12.97,13.02,40,146,0.5198,0.9136,0.01691,-0.39,0.0282
2026-10-01 14:51:38,739.51,2026-10-01,728.0,11.84,11.9,11.32,56,130,0.4778,0.9136,0.0184,-0.36,0.0282
2026-10-01 14:51:38,739.51,2026-10-01,729.0,10.61,10.88,10.7,85,390,0.3993,0.9315,0.01845,-0.235,0.0236
2026-10-01 14:51:38,739.51,2026-10-01,730.0,9.71,9.83,9.7,717,1877,0.3794,0.9216,0.02155,-0.26,0.0262
2026-10-01 14:51:38,739.51,2026-10-01,731.0,8.55,8.77,8.81,241,227,0.3031,0.9433,0.02097,-0.15,0.0204
2026-10-01 14:51:38,739.51,2026-10-01,732.0,7.77,7.83,8.039,292,694,0.3275,0.9021,0.02945,-0.29,0.0309
2026-10-01 14:51:38,739.51,2026-10-01,733.0,6.74,6.96,6.95,930,358,0.3097,0.8821,0.0356,-0.34,0.0354
2026-10-01 14:51:38,739.51,2026-10-01,734.0,5.92,6,5.9,1851,411,0.303,0.8476,0.04342,-0.45,0.0422
2026-10-01 14:51:38,739.51,2026-10-01,735.0,5.04,5.11,5,3598,1086,0.2903,0.8098,0.05222,-0.565,0.0486
2026-10-01 14:51:38,739.51,2026-10-01,736.0,4.3,4.36,4.14,4013,1570,0.2965,0.7485,0.06004,-0.82,0.0571
2026-10-01 14:51:38,739.51,2026-10-01,737.0,3.54,3.56,3.43,9805,1269,0.2862,0.6906,0.06877,-1.04,0.0631
2026-10-01 14:51:38,739.51,2026-10-01,738.0,2.91,2.92,2.93,35726,2192,0.2887,0.6177,0.07376,-1.405,0.0683
2026-10-01 14:51:38,739.51,2026-10-01,739.0,2.31,2.33,2.33,57658,2072,0.2863,0.5424,0.07736,-1.81,0.0711
2026-10-01 14:51:38,739.51,2026-10-01,740.0,1.74,1.75,1.76,76965,7644,0.2758,0.4633,0.0804,-1.745,0.0712
2026-10-01 14:51:38,739.51,2026-10-01,741.0,1.3,1.35,1.31,61942,625,0.276,0.3844,0.07729,-1.325,0.0684
2026-10-01 14:51:38,739.51,2026-10-01,742.0,0.97,0.98,0.98,96541,791,0.2751,0.3094,0.07155,-0.975,0.0631
2026-10-01 14:51:38,739.51,2026-10-01,743.0,0.69,0.7,0.72,82212,1170,0.2738,0.2411,0.06355,-0.695,0.0558
2026-10-01 14:51:38,739.51,2026-10-01,744.0,0.49,0.5,0.47,86616,984,0.2757,0.1842,0.05391,-0.495,0.0477
2026-10-01 14:51:38,739.51,2026-10-01,745.0,0.31,0.32,0.36,103735,3180,0.2698,0.1304,0.04386,-0.315,0.038
2026-10-01 14:51:38,739.51,2026-10-01,746.0,0.25,0.26,0.26,75542,1342,0.2857,0.1046,0.03544,-0.255,0.0325
2026-10-01 14:51:38,739.51,2026-10-01,747.0,0.18,0.19,0.14,36261,2595,0.2924,0.0784,0.02796,-0.185,0.0262
2026-10-01 14:51:38,739.51,2026-10-01,748.0,0.09,0.14,0.14,22579,1417,0.2898,0.0527,0.02072,-0.115,0.0193
2026-10-01 14:51:38,739.51,2026-10-01,749.0,0.1,0.11,0.11,24958,1391,0.3109,0.0459,0.01729,-0.105,0.0172
2026-10-01 14:51:38,739.51,2026-10-01,750.0,0.08,0.09,0.09,50354,4016,0.3239,0.0368,0.01389,-0.085,0.0144
2026-10-01 14:51:38,739.51,2026-10-01,751.0,0.03,0.08,0.08,9487,1052,0.324,0.0251,0.01012,-0.055,0.0105
2026-10-01 14:51:38,739.51,2026-10-01,752.0,0.06,0.07,0.03,12891,878,0.3568,0.0268,0.00968,-0.065,0.0111
2026-10-01 14:51:38,739.51,2026-10-01,753.0,0.05,0.06,0.02,10410,2353,0.3704,0.0223,0.00801,-0.055,0.0095
2026-10-01 14:51:38,739.51,2026-10-01,754.0,0.04,0.05,0.04,10693,606,0.3815,0.0182,0.00654,-0.045,0.008
2026-10-01 14:52:39,738.47,2026-10-01,724.0,14.29,14.7,15.34,26,39,0.3091,0.996,0.00213,-0.025,0.0021
2026-10-01 14:52:39,738.47,2026-10-01,725.0,13.27,13.68,14.62,96,1221,,,,,
2026-10-01 14:52:39,738.47,2026-10-01,726.0,12.56,12.61,14.42,68,57,0.3902,0.965,0.01108,-0.115,0.0138
2026-10-01 14:52:39,738.47,2026-10-01,727.0,11.12,11.41,12.35,41,146,,,,,
2026-10-01 14:52:39,738.47,2026-10-01,728.0,10.46,10.49,11.32,56,130,,,,,
2026-10-01 14:52:39,738.47,2026-10-01,729.0,9.52,9.53,10.36,85,390,0.2635,0.979,0.01074,-0.055,0.009
2026-10-01 14:52:39,738.47,2026-10-01,730.0,8.4,8.53,8.8,768,1877,,,,,
2026-10-01 14:52:39,738.47,2026-10-01,731.0,7.58,7.71,8.81,241,227,0.2854,0.9306,0.02617,-0.175,0.0238
2026-10-01 14:52:39,738.47,2026-10-01,732.0,6.51,6.83,8.039,292,694,0.265,0.9163,0.03251,-0.2,0.0275
2026-10-01 14:52:39,738.47,2026-10-01,733.0,5.69,5.76,6.56,938,358,0.2512,0.8909,0.04168,-0.255,0.0334
2026-10-01 14:52:39,738.47,2026-10-01,734.0,4.94,4.98,5.43,2116,411,0.2739,0.8222,0.05323,-0.49,0.0465
2026-10-01 14:52:39,738.47,2026-10-01,735.0,4.14,4.19,4.32,3648,1086,0.2733,0.7642,0.06309,-0.695,0.055
2026-10-01 14:52:39,738.47,2026-10-01,736.0,3.43,3.44,3.72,4046,1570,0.2731,0.6965,0.07166,-0.965,0.0624
2026-10-01 14:52:39,738.47,2026-10-01,737.0,2.68,2.69,3.2,10022,1269,0.2594,0.6273,0.0817,-1.215,0.0676
2026-10-01 14:52:39,738.47,2026-10-01,738.0,2.16,2.19,2.25,36287,2192,0.2697,0.5417,0.08238,-1.705,0.0709
2026-10-01 14:52:39,738.47,2026-10-01,739.0,1.65,1.7,1.7,58585,2072,0.2694,0.459,0.08249,-1.675,0.0709
2026-10-01 14:52:39,738.47,2026-10-01,740.0,1.23,1.25,1.25,79624,7644,0.2666,0.3768,0.07978,-1.24,0.0678
2026-10-01 14:52:39,738.47,2026-10-01,741.0,0.94,0.95,0.95,63646,625,0.2731,0.3047,0.07181,-0.945,0.0625
2026-10-01 14:52:39,738.47,2026-10-01,742.0,0.68,0.69,0.69,98021,791,0.2745,0.2385,0.06319,-0.685,0.0553
2026-10-01 14:52:39,738.47,2026-10-01,743.0,0.48,0.49,0.5,83163,1170,0.276,0.1816,0.05354,-0.485,0.0471
2026-10-01 14:52:39,738.47,2026-10-01,744.0,0.34,0.35,0.35,87592,984,0.2798,0.1367,0.04382,-0.345,0.0391
2026-10-01 14:52:39,738.47,2026-10-01,745.0,0.25,0.26,0.26,104483,3180,0.2878,0.1042,0.03519,-0.255,0.0323
2026-10-01 14:52:39,738.47,2026-10-01,746.0,0.18,0.19,0.2,75792,1342,0.2945,0.0782,0.02778,-0.185,0.0261
2026-10-01 14:52:39,738.47,2026-10-01,747.0,0.1,0.15,0.15,36388,2595,0.2969,0.0556,0.02117,-0.125,0.02
2026-10-01 14:52:39,738.47,2026-10-01,748.0,0.07,0.08,0.12,22631,1417,0.2937,0.0361,0.0151,-0.075,0.0141
2026-10-01 14:52:39,738.47,2026-10-01,749.0,0.09,0.1,0.1,25021,1391,0.3326,0.0398,0.01444,-0.095,0.0153
2026-10-01 14:52:39,738.47,2026-10-01,750.0,0.03,0.08,0.08,50421,4016,0.3259,0.0251,0.01007,-0.055,0.0105
2026-10-01 14:52:39,738.47,2026-10-01,751.0,0.02,0.07,0.07,9493,1052,0.3386,0.0203,0.00811,-0.045,0.0088
2026-10-01 14:52:39,738.47,2026-10-01,752.0,0.01,0.06,0.06,12894,878,0.3482,0.0158,0.00637,-0.035,0.0071
2026-10-01 14:52:39,738.47,2026-10-01,753.0,0.05,0.06,0.02,10410,2353,0.3953,0.0211,0.00719,-0.055,0.0091
2026-10-01 14:53:41,738.66,2026-10-01,724.0,14.85,14.99,15.34,26,39,0.5315,0.9419,0.01225,-0.255,0.0207
2026-10-01 14:53:41,738.66,2026-10-01,725.0,13.97,14.13,14.62,96,1221,0.5564,0.9191,0.01512,-0.385,0.0267
2026-10-01 14:53:41,738.66,2026-10-01,726.0,12.75,12.88,14.42,68,57,0.4192,0.957,0.01223,-0.15,0.0163
2026-10-01 14:53:41,738.66,2026-10-01,727.0,11.6,11.86,12.35,41,146,0.3272,0.9784,0.00885,-0.065,0.0092
2026-10-01 14:53:41,738.66,2026-10-01,728.0,10.66,10.92,11.32,56,130,0.35,0.9581,0.01435,-0.125,0.016
2026-10-01 14:53:41,738.66,2026-10-01,729.0,9.63,9.86,10.36,85,390,0.2922,0.9695,0.01322,-0.08,0.0123
2026-10-01 14:53:41,738.66,2026-10-01,730.0,8.75,9.14,8.79,776,1877,0.3624,0.9125,0.02462,-0.28,0.0284
2026-10-01 14:53:41,738.66,2026-10-01,731.0,7.81,7.91,8.81,241,227,0.2998,0.9262,0.02615,-0.195,0.0249
2026-10-01 14:53:41,738.66,2026-10-01,732.0,6.98,7.19,8.039,292,694,0.3383,0.868,0.03544,-0.42,0.0381
2026-10-01 14:53:41,738.66,2026-10-01,733.0,5.99,6.21,5.81,938,358,0.3064,0.8526,0.04217,-0.435,0.0411
2026-10-01 14:53:41,738.66,2026-10-01,734.0,5.1,5.26,5.17,2130,411,0.2872,0.8214,0.05098,-0.515,0.0466
2026-10-01 14:53:41,738.66,2026-10-01,735.0,4.38,4.52,4.47,3677,1086,0.2985,0.7572,0.05877,-0.785,0.0558
2026-10-01 14:53:41,738.66,2026-10-01,736.0,3.63,3.77,3.7,4059,1570,0.2943,0.697,0.06655,-1.035,0.0623
2026-10-01 14:53:41,738.66,2026-10-01,737.0,3.02,3.05,3.06,10092,1269,0.2936,0.6276,0.07227,-1.37,0.0675
2026-10-01 14:53:41,738.66,2026-10-01,738.0,2.33,2.35,2.42,36621,2192,0.2784,0.5561,0.07957,-1.675,0.0704
2026-10-01 14:53:41,738.66,2026-10-01,739.0,1.86,1.88,1.88,59827,2072,0.2845,0.4765,0.0785,-1.87,0.071
2026-10-01 14:53:41,738.66,2026-10-01,740.0,1.41,1.43,1.41,81231,7644,0.2823,0.3982,0.07666,-1.42,0.0688
2026-10-01 14:53:41,738.66,2026-10-01,741.0,1,1.06,1.04,64205,625,0.2773,0.3212,0.07243,-1.03,0.0639
2026-10-01 14:53:41,738.66,2026-10-01,742.0,0.76,0.77,0.76,100245,791,0.2807,0.2553,0.06421,-0.765,0.0573
2026-10-01 14:53:41,738.66,2026-10-01,743.0,0.54,0.55,0.55,83860,1170,0.2812,0.1963,0.0552,-0.545,0.0494
2026-10-01 14:53:41,738.66,2026-10-01,744.0,0.34,0.39,0.39,87950,984,0.2785,0.1438,0.04564,-0.365,0.0404
2026-10-01 14:53:41,738.66,2026-10-01,745.0,0.23,0.24,0.24,105232,3180,0.2757,0.101,0.03596,-0.235,0.0315
2026-10-01 14:53:41,738.66,2026-10-01,746.0,0.19,0.2,0.2,76224,1342,0.2929,0.0822,0.02905,-0.195,0.0271
2026-10-01 14:53:41,738.66,2026-10-01,747.0,0.14,0.15,0.11,36533,2595,0.3014,0.0624,0.02285,-0.145,0.0219
2026-10-01 14:53:41,738.66,2026-10-01,748.0,0.07,0.12,0.08,22677,1417,0.3023,0.0433,0.01704,-0.095,0.0164
2026-10-01 14:53:41,738.66,2026-10-01,749.0,0.08,0.09,0.1,25147,1391,0.3214,0.0372,0.01418,-0.085,0.0145
2026-10-01 14:53:41,738.66,2026-10-01,750.0,0.07,0.08,0.08,50474,4016,0.3389,0.0319,0.01183,-0.075,0.0128
2026-10-01 14:53:41,738.66,2026-10-01,751.0,0.06,0.07,0.07,9495,1052,0.3547,0.027,0.00985,-0.065,0.0111
2026-10-01 14:53:41,738.66,2026-10-01,752.0,0.01,0.02,0.05,12913,878,0.3081,0.0082,0.00409,-0.015,0.004
2026-10-01 14:53:41,738.66,2026-10-01,753.0,0.04,0.05,0.02,10410,2353,0.3798,0.0183,0.00664,-0.045,0.008
2026-10-01 14:54:50,738.64,2026-10-01,724.0,14.21,14.29,15.34,26,39,,,,,
2026-10-01 14:54:50,738.64,2026-10-01,725.0,13.65,13.79,14.62,96,1221,0.3913,0.9764,0.008,-0.08,0.0099
2026-10-01 14:54:50,738.64,2026-10-01,726.0,12.45,12.62,14.42,68,57,,,,,
2026-10-01 14:54:50,738.64,2026-10-01,727.0,11.47,11.6,12.35,41,146,,,,,
2026-10-01 14:54:50,738.64,2026-10-01,728.0,10.55,10.67,10.76,58,130,,,,,
2026-10-01 14:54:50,738.64,2026-10-01,729.0,9.33,9.8,9.97,86,390,,,,,
2026-10-01 14:54:50,738.64,2026-10-01,730.0,8.58,8.71,8.79,776,1877,,,,,
2026-10-01 14:54:50,738.64,2026-10-01,731.0,7.67,7.87,8.81,241,227,0.2706,0.9454,0.02297,-0.13,0.0197
2026-10-01 14:54:50,738.64,2026-10-01,732.0,6.78,6.87,6.87,295,694,0.2655,0.922,0.03087,-0.185,0.026
2026-10-01 14:54:50,738.64,2026-10-01,733.0,5.9,5.94,5.68,957,358,0.2651,0.8863,0.04081,-0.28,0.0343
2026-10-01 14:54:50,738.64,2026-10-01,734.0,5.03,5.05,5.07,2144,411,0.2611,0.8435,0.05161,-0.4,0.0427
2026-10-01 14:54:50,738.64,2026-10-01,735.0,4.15,4.2,4.34,3702,1086,0.2511,0.7949,0.06359,-0.535,0.0506
2026-10-01 14:54:50,738.64,2026-10-01,736.0,3.45,3.46,3.35,4086,1570,0.2577,0.7203,0.07336,-0.815,0.0599
2026-10-01 14:54:50,738.64,2026-10-01,737.0,2.82,2.84,2.82,10174,1269,0.2659,0.6383,0.07918,-1.19,0.0667
2026-10-01 14:54:50,738.64,2026-10-01,738.0,2.2,2.24,2.24,36994,2192,0.2638,0.557,0.08409,-1.58,0.0703
2026-10-01 14:54:50,738.64,2026-10-01,739.0,1.7,1.71,1.71,60808,2072,0.2634,0.4722,0.08489,-1.705,0.0708
2026-10-01 14:54:50,738.64,2026-10-01,740.0,1.28,1.29,1.29,84195,7644,0.2646,0.3892,0.08144,-1.285,0.0682
2026-10-01 14:54:50,738.64,2026-10-01,741.0,0.94,0.95,0.95,66555,625,0.2657,0.3116,0.07478,-0.945,0.0629
2026-10-01 14:54:50,738.64,2026-10-01,742.0,0.64,0.69,0.69,103790,791,0.2645,0.2404,0.06609,-0.665,0.0554
2026-10-01 14:54:50,738.64,2026-10-01,743.0,0.49,0.5,0.5,85755,1170,0.2725,0.1869,0.0554,-0.495,0.0478
2026-10-01 14:54:50,738.64,2026-10-01,744.0,0.32,0.37,0.37,90004,984,0.2749,0.139,0.04529,-0.345,0.0394
2026-10-01 14:54:50,738.64,2026-10-01,745.0,0.22,0.23,0.23,106697,3180,0.2739,0.0981,0.03552,-0.225,0.0308
2026-10-01 14:54:50,738.64,2026-10-01,746.0,0.19,0.2,0.2,76753,1342,0.2942,0.082,0.02893,-0.195,0.027
2026-10-01 14:54:50,738.64,2026-10-01,747.0,0.14,0.15,0.15,36889,2595,0.3027,0.0623,0.02276,-0.145,0.0218
2026-10-01 14:54:50,738.64,2026-10-01,748.0,0.11,0.12,0.12,22789,1417,0.3151,0.0493,0.01819,-0.115,0.0182
2026-10-01 14:54:50,738.64,2026-10-01,749.0,0.05,0.06,0.06,25199,1391,0.2992,0.0271,0.01175,-0.055,0.0111
2026-10-01 14:54:50,738.64,2026-10-01,750.0,0.03,0.04,0.08,50659,4016,0.3012,0.0181,0.00828,-0.035,0.0079
2026-10-01 14:54:50,738.64,2026-10-01,751.0,0.06,0.07,0.07,9509,1052,0.356,0.027,0.00983,-0.065,0.0111
2026-10-01 14:54:50,738.64,2026-10-01,752.0,0.01,0.06,0.02,12930,878,0.3456,0.016,0.0065,-0.035,0.0071
2026-10-01 14:54:50,738.64,2026-10-01,753.0,0.01,0.02,0.05,10424,2353,0.3293,0.0078,0.00365,-0.015,0.0038
2026-10-01 14:55:51,739.18,2026-10-01,725.0,14.04,14.13,14.39,97,1221,,,,,
2026-10-01 14:55:51,739.18,2026-10-01,726.0,12.7,13.19,14.42,68,57,,,,,
2026-10-01 14:55:51,739.18,2026-10-01,727.0,11.82,12.27,12.35,41,146,,,,,
2026-10-01 14:55:51,739.18,2026-10-01,728.0,10.83,11.23,11.19,59,130,,,,,
2026-10-01 14:55:51,739.18,2026-10-01,729.0,10.11,10.26,9.97,86,390,,,,,
2026-10-01 14:55:51,739.18,2026-10-01,730.0,8.84,9.06,9.32,1182,1877,,,,,
2026-10-01 14:55:51,739.18,2026-10-01,731.0,8.039,8.189,8.81,241,227,,,,,
2026-10-01 14:55:51,739.18,2026-10-01,732.0,7.19,7.33,6.87,295,694,0.2293,0.9622,0.02018,-0.08,0.0146
2026-10-01 14:55:51,739.18,2026-10-01,733.0,6.19,6.39,6.51,963,358,0.2197,0.9448,0.02857,-0.11,0.0198
2026-10-01 14:55:51,739.18,2026-10-01,734.0,5.43,5.5,5.5,2145,411,0.2512,0.8791,0.045,-0.285,0.0357
2026-10-01 14:55:51,739.18,2026-10-01,735.0,4.61,4.67,4.9,3707,1086,0.2574,0.822,0.05693,-0.46,0.0463
2026-10-01 14:55:51,739.18,2026-10-01,736.0,3.81,3.86,4.059,4148,1570,0.2546,0.7615,0.06844,-0.655,0.0551
2026-10-01 14:55:51,739.18,2026-10-01,737.0,3.16,3.17,3.2,10463,1269,0.263,0.6822,0.07624,-0.985,0.0634
2026-10-01 14:55:51,739.18,2026-10-01,738.0,2.47,2.49,2.54,37324,2192,0.2565,0.6049,0.08442,-1.3,0.0685
2026-10-01 14:55:51,739.18,2026-10-01,739.0,1.9,1.95,1.95,61389,2072,0.2572,0.5185,0.08715,-1.745,0.0709
2026-10-01 14:55:51,739.18,2026-10-01,740.0,1.41,1.46,1.48,86778,7644,0.2547,0.431,0.08677,-1.435,0.0699
2026-10-01 14:55:51,739.18,2026-10-01,741.0,1.03,1.04,1.07,69044,625,0.2526,0.3454,0.08209,-1.035,0.0655
2026-10-01 14:55:51,739.18,2026-10-01,742.0,0.78,0.79,0.79,105908,791,0.2617,0.275,0.07171,-0.785,0.0593
2026-10-01 14:55:51,739.18,2026-10-01,743.0,0.52,0.53,0.54,87214,1170,0.2575,0.2047,0.06199,-0.525,0.0505
2026-10-01 14:55:51,739.18,2026-10-01,744.0,0.36,0.37,0.37,91188,984,0.2609,0.1519,0.05067,-0.365,0.0418
2026-10-01 14:55:51,739.18,2026-10-01,745.0,0.29,0.3,0.3,107765,3180,0.2776,0.1215,0.04089,-0.295,0.0359
2026-10-01 14:55:51,739.18,2026-10-01,746.0,0.17,0.22,0.23,77828,1342,0.2781,0.086,0.03175,-0.195,0.0279
2026-10-01 14:55:51,739.18,2026-10-01,747.0,0.16,0.17,0.18,37194,2595,0.2963,0.0709,0.02572,-0.165,0.0241
2026-10-01 14:55:51,739.18,2026-10-01,748.0,0.08,0.13,0.14,22840,1417,0.2954,0.0482,0.01908,-0.105,0.0178
2026-10-01 14:55:51,739.18,2026-10-01,749.0,0.06,0.11,0.1,25467,1391,0.3092,0.0386,0.01523,-0.085,0.0149
2026-10-01 14:55:51,739.18,2026-10-01,750.0,0.04,0.05,0.08,50819,4016,0.3006,0.0226,0.01005,-0.045,0.0096
2026-10-01 14:55:51,739.18,2026-10-01,751.0,0.02,0.03,0.03,9512,1052,0.2974,0.0135,0.00655,-0.025,0.0062
2026-10-01 14:55:51,739.18,2026-10-01,752.0,0.01,0.02,0.05,13007,878,0.2986,0.0085,0.00435,-0.015,0.0041
2026-10-01 14:55:51,739.18,2026-10-01,753.0,0.05,0.06,0.02,10502,2353,0.3807,0.0219,0.00773,-0.055,0.0093
2026-10-01 14:55:51,739.18,2026-10-01,754.0,0.01,0.05,0.03,10718,606,0.37,0.0131,0.00512,-0.03,0.006
2026-10-01 14:56:53,739.18,2026-10-01,725.0,13.35,13.71,14.39,97,1221,,,,,
2026-10-01 14:56:53,739.18,2026-10-01,726.0,12.69,12.77,14.42,68,57,,,,,
2026-10-01 14:56:53,739.18,2026-10-01,727.0,11.52,11.56,12.35,41,146,,,,,
2026-10-01 14:56:53,739.18,2026-10-01,728.0,10.6,10.76,11.16,60,130,,,,,
2026-10-01 14:56:53,739.18,2026-10-01,729.0,9.69,9.89,9.97,86,390,,,,,
2026-10-01 14:56:53,739.18,2026-10-01,730.0,8.62,8.77,9.32,1182,1877,,,,,
2026-10-01 14:56:53,739.18,2026-10-01,731.0,7.62,7.86,8.81,241,227,,,,,
2026-10-01 14:56:53,739.18,2026-10-01,732.0,6.96,6.98,6.87,295,694,,,,,
2026-10-01 14:56:53,739.18,2026-10-01,733.0,5.83,6.11,6.24,969,358,,,,,
2026-10-01 14:56:53,739.18,2026-10-01,734.0,5.09,5.24,5.5,2145,411,,,,,
2026-10-01 14:56:53,739.18,2026-10-01,735.0,4.32,4.38,4.65,3719,1086,0.184,0.9017,0.05307,-0.17,0.0308
2026-10-01 14:56:53,739.18,2026-10-01,736.0,3.58,3.6,3.86,4176,1570,0.2079,0.8081,0.07397,-0.41,0.0485
2026-10-01 14:56:53,739.18,2026-10-01,737.0,2.9,2.91,2.97,10519,1269,0.2216,0.7131,0.0866,-0.725,0.0605
2026-10-01 14:56:53,739.18,2026-10-01,738.0,2.3,2.31,2.22,37482,2192,0.2313,0.616,0.09304,-1.125,0.0678
2026-10-01 14:56:53,739.18,2026-10-01,739.0,1.78,1.8,1.8,61977,2072,0.2385,0.5198,0.0941,-1.61,0.0707
2026-10-01 14:56:53,739.18,2026-10-01,740.0,1.33,1.34,1.34,88753,7644,0.2408,0.4268,0.09177,-1.335,0.0696
2026-10-01 14:56:53,739.18,2026-10-01,741.0,0.93,0.98,0.98,70271,625,0.2407,0.3379,0.08555,-0.955,0.0649
2026-10-01 14:56:53,739.18,2026-10-01,742.0,0.7,0.71,0.71,106964,791,0.2485,0.264,0.07412,-0.705,0.058
2026-10-01 14:56:53,739.18,2026-10-01,743.0,0.5,0.51,0.48,88054,1170,0.254,0.201,0.06229,-0.505,0.0498
2026-10-01 14:56:53,739.18,2026-10-01,744.0,0.32,0.33,0.36,92198,984,0.2516,0.1426,0.05047,-0.325,0.04
2026-10-01 14:56:53,739.18,2026-10-01,745.0,0.22,0.27,0.27,111172,3180,0.2635,0.109,0.03992,-0.245,0.0332
2026-10-01 14:56:53,739.18,2026-10-01,746.0,0.19,0.2,0.2,78227,1342,0.2786,0.086,0.03175,-0.195,0.0279
2026-10-01 14:56:53,739.18,2026-10-01,747.0,0.11,0.12,0.12,37374,2595,0.2741,0.0557,0.0231,-0.115,0.0199
2026-10-01 14:56:53,739.18,2026-10-01,748.0,0.12,0.13,0.09,22962,1417,0.3066,0.0544,0.02025,-0.125,0.0196
2026-10-01 14:56:53,739.18,2026-10-01,749.0,0.05,0.1,0.11,25477,1391,0.3028,0.0353,0.01448,-0.075,0.0138
2026-10-01 14:56:53,739.18,2026-10-01,750.0,0.08,0.09,0.05,50986,4016,0.3351,0.036,0.01331,-0.085,0.0141
2026-10-01 14:56:53,739.18,2026-10-01,751.0,0.06,0.07,0.06,9513,1052,0.344,0.0278,0.01048,-0.065,0.0114
2026-10-01 14:56:53,739.18,2026-10-01,752.0,0.01,0.02,0.05,13010,878,0.2991,0.0085,0.00435,-0.015,0.0041
2026-10-01 14:56:53,739.18,2026-10-01,753.0,0.05,0.06,0.05,10502,2353,0.3814,0.0219,0.00773,-0.055,0.0093
2026-10-01 14:56:53,739.18,2026-10-01,754.0,0.01,0.02,0.03,10719,606,0.3394,0.0076,0.00347,-0.015,0.0037
2026-10-01 14:57:54,738.64,2026-10-01,724.0,15.09,15.22,15.34,26,39,0.6362,0.907,0.01477,-0.51,0.0295
2026-10-01 14:57:54,738.64,2026-10-01,725.0,13.92,14.04,14.39,97,1221,0.5403,0.9262,0.01462,-0.335,0.0248
2026-10-01 14:57:54,738.64,2026-10-01,726.0,12.8,12.82,14.42,68,57,0.4307,0.9535,0.01276,-0.165,0.0172
2026-10-01 14:57:54,738.64,2026-10-01,727.0,11.82,11.98,12.35,41,146,0.4466,0.9321,0.01658,-0.255,0.0232
2026-10-01 14:57:54,738.64,2026-10-01,728.0,10.88,10.91,10.78,64,130,0.4145,0.929,0.01849,-0.25,0.024
2026-10-01 14:57:54,738.64,2026-10-01,729.0,9.87,10.05,9.97,86,390,0.4084,0.9115,0.02218,-0.315,0.0284
2026-10-01 14:57:54,738.64,2026-10-01,730.0,8.75,8.87,8.8,1185,1877,0.3179,0.9396,0.02126,-0.165,0.0212
2026-10-01 14:57:54,738.64,2026-10-01,731.0,7.9,8.09,8.81,241,227,0.3547,0.8908,0.02978,-0.35,0.0331
2026-10-01 14:57:54,738.64,2026-10-01,732.0,7,7.03,6.87,295,694,0.3265,0.8773,0.03514,-0.37,0.036
2026-10-01 14:57:54,738.64,2026-10-01,733.0,6.12,6.21,6.24,970,358,0.328,0.8371,0.04238,-0.52,0.0436
2026-10-01 14:57:54,738.64,2026-10-01,734.0,5.35,5.41,5.5,2145,411,0.3334,0.7871,0.04921,-0.735,0.0514
2026-10-01 14:57:54,738.64,2026-10-01,735.0,4.37,4.56,4.28,3733,1086,0.306,0.7522,0.05837,-0.82,0.056
2026-10-01 14:57:54,738.64,2026-10-01,736.0,3.73,3.77,3.73,4191,1570,0.3067,0.6897,0.06499,-1.105,0.0625
2026-10-01 14:57:54,738.64,2026-10-01,737.0,3.03,3.05,2.91,10552,1269,0.2983,0.6251,0.07179,-1.395,0.0671
2026-10-01 14:57:54,738.64,2026-10-01,738.0,2.37,2.42,2.35,37594,2192,0.2898,0.5528,0.07706,-1.75,0.07
2026-10-01 14:57:54,738.64,2026-10-01,739.0,1.81,1.88,1.78,62224,2072,0.2843,0.4747,0.07908,-1.845,0.0705
2026-10-01 14:57:54,738.64,2026-10-01,740.0,1.4,1.41,1.33,89819,7644,0.2832,0.3963,0.07684,-1.405,0.0682
2026-10-01 14:57:54,738.64,2026-10-01,741.0,0.99,1.01,1.01,71062,625,0.2755,0.3175,0.07305,-1.0,0.0631
2026-10-01 14:57:54,738.64,2026-10-01,742.0,0.71,0.72,0.73,107570,791,0.2747,0.2479,0.06504,-0.715,0.056
2026-10-01 14:57:54,738.64,2026-10-01,743.0,0.5,0.51,0.51,88686,1170,0.2757,0.1888,0.05536,-0.505,0.0479
2026-10-01 14:57:54,738.64,2026-10-01,744.0,0.38,0.39,0.39,93686,984,0.2861,0.1477,0.04556,-0.385,0.0409
2026-10-01 14:57:54,738.64,2026-10-01,745.0,0.28,0.29,0.29,114143,3180,0.2936,0.1132,0.0369,-0.285,0.034
2026-10-01 14:57:54,738.64,2026-10-01,746.0,0.2,0.21,0.21,78840,1342,0.2992,0.0847,0.02929,-0.205,0.0275
2026-10-01 14:57:54,738.64,2026-10-01,747.0,0.15,0.16,0.15,37463,2595,0.3086,0.0651,0.02323,-0.155,0.0225
2026-10-01 14:57:54,738.64,2026-10-01,748.0,0.11,0.12,0.12,23109,1417,0.3166,0.0493,0.0182,-0.115,0.0181
2026-10-01 14:57:54,738.64,2026-10-01,749.0,0.09,0.1,0.1,25492,1391,0.3309,0.0402,0.01478,-0.095,0.0153
2026-10-01 14:57:54,738.64,2026-10-01,750.0,0.03,0.08,0.04,51023,4016,0.3245,0.0254,0.01029,-0.055,0.0105
2026-10-01 14:57:54,738.64,2026-10-01,751.0,0.06,0.07,0.06,9513,1052,0.3577,0.027,0.00983,-0.065,0.011
2026-10-01 14:57:54,738.64,2026-10-01,752.0,0.05,0.06,0.05,13044,878,0.3715,0.0225,0.00813,-0.055,0.0095
2026-10-01 14:57:54,738.64,2026-10-01,753.0,0.01,0.02,0.02,10518,2353,0.3309,0.0078,0.00365,-0.015,0.0038
2026-10-01 14:58:55,738.63,2026-10-01,724.0,14.62,14.76,15.34,26,39,0.3946,0.9832,0.00597,-0.06,0.0074
2026-10-01 14:58:55,738.63,2026-10-01,725.0,13.62,13.74,14.39,97,1221,0.3571,0.9856,0.00579,-0.05,0.0065
2026-10-01 14:58:55,738.63,2026-10-01,726.0,12.44,12.54,14.42,68,57,,,,,
2026-10-01 14:58:55,738.63,2026-10-01,727.0,11.7,11.77,12.35,41,146,0.3651,0.9659,0.01172,-0.105,0.0134
2026-10-01 14:58:55,738.63,2026-10-01,728.0,10.34,10.54,11.35,65,130,,,,,
2026-10-01 14:58:55,738.63,2026-10-01,729.0,9.46,9.52,9.82,90,390,,,,,
2026-10-01 14:58:55,738.63,2026-10-01,730.0,8.48,8.67,8.89,1186,1877,,,,,
2026-10-01 14:58:55,738.63,2026-10-01,731.0,7.66,7.79,8.29,245,227,0.2526,0.9577,0.02019,-0.095,0.0159
2026-10-01 14:58:55,738.63,2026-10-01,732.0,6.81,6.84,6.87,295,694,0.2709,0.9189,0.03137,-0.195,0.0266
2026-10-01 14:58:55,738.63,2026-10-01,733.0,5.76,5.81,6.4,970,358,0.2248,0.9235,0.03615,-0.155,0.0254
2026-10-01 14:58:55,738.63,2026-10-01,734.0,4.98,5.09,5.16,2160,411,0.2637,0.8422,0.05173,-0.405,0.0426
2026-10-01 14:58:55,738.63,2026-10-01,735.0,4.18,4.19,4.79,3743,1086,0.2564,0.791,0.06341,-0.555,0.0508
2026-10-01 14:58:55,738.63,2026-10-01,736.0,3.5,3.51,3.73,4191,1570,0.269,0.7126,0.07168,-0.875,0.0603
2026-10-01 14:58:55,738.63,2026-10-01,737.0,2.81,2.82,3.27,10579,1269,0.2664,0.6381,0.07957,-1.185,0.0663
2026-10-01 14:58:55,738.63,2026-10-01,738.0,2.21,2.23,2.27,37666,2192,0.2664,0.556,0.08387,-1.59,0.0698
2026-10-01 14:58:55,738.63,2026-10-01,739.0,1.71,1.72,1.78,62486,2072,0.2673,0.4716,0.08421,-1.715,0.0703
2026-10-01 14:58:55,738.63,2026-10-01,740.0,1.29,1.3,1.3,90891,7644,0.2684,0.3892,0.08081,-1.295,0.0678
2026-10-01 14:58:55,738.63,2026-10-01,741.0,0.9,0.95,0.95,71859,625,0.2648,0.3091,0.07527,-0.925,0.0623
2026-10-01 14:58:55,738.63,2026-10-01,742.0,0.68,0.69,0.66,108143,791,0.2704,0.2431,0.06549,-0.685,0.0553
2026-10-01 14:58:55,738.63,2026-10-01,743.0,0.49,0.5,0.5,89578,1170,0.2747,0.1867,0.05528,-0.495,0.0475
2026-10-01 14:58:55,738.63,2026-10-01,744.0,0.35,0.36,0.36,94355,984,0.2796,0.1411,0.04527,-0.355,0.0396
2026-10-01 14:58:55,738.63,2026-10-01,745.0,0.25,0.26,0.27,114462,3180,0.2856,0.1058,0.03621,-0.255,0.0323
2026-10-01 14:58:55,738.63,2026-10-01,746.0,0.15,0.16,0.2,79363,1342,0.2807,0.0707,0.02726,-0.155,0.0239
2026-10-01 14:58:55,738.63,2026-10-01,747.0,0.14,0.15,0.16,37614,2595,0.3051,0.0622,0.02273,-0.145,0.0217
2026-10-01 14:58:55,738.63,2026-10-01,748.0,0.11,0.12,0.12,23165,1417,0.3175,0.0493,0.01816,-0.115,0.018
2026-10-01 14:58:55,738.63,2026-10-01,749.0,0.05,0.1,0.1,25586,1391,0.3179,0.034,0.01341,-0.075,0.0133
2026-10-01 14:58:55,738.63,2026-10-01,750.0,0.07,0.08,0.08,51204,4016,0.3428,0.0318,0.01178,-0.075,0.0126
2026-10-01 14:58:55,738.63,2026-10-01,751.0,0.06,0.07,0.07,9548,1052,0.3586,0.0269,0.00981,-0.065,0.011
2026-10-01 14:58:55,738.63,2026-10-01,752.0,0.01,0.06,0.05,13044,878,0.3482,0.016,0.00649,-0.035,0.0071
2026-10-01 14:58:55,738.63,2026-10-01,753.0,0.04,0.05,0.05,10521,2353,0.3839,0.0183,0.00662,-0.045,0.0079
2026-10-01 15:00:05,738.72,2026-10-01,724.0,14.67,14.83,15.34,26,39,0.3388,0.9937,0.00298,-0.03,0.0031
2026-10-01 15:00:05,738.72,2026-10-01,725.0,13.25,13.58,14.39,97,1221,,,,,
2026-10-01 15:00:05,738.72,2026-10-01,726.0,12.66,12.87,14.42,68,57,0.3292,0.9867,0.0059,-0.045,0.006
2026-10-01 15:00:05,738.72,2026-10-01,727.0,11.37,11.64,12.35,42,146,,,,,
2026-10-01 15:00:05,738.72,2026-10-01,728.0,10.46,10.56,11.35,66,130,,,,,
2026-10-01 15:00:05,738.72,2026-10-01,729.0,9.41,9.6,9.82,90,390,,,,,
2026-10-01 15:00:05,738.72,2026-10-01,730.0,8.71,8.85,8.95,1187,1877,0.2541,0.9752,0.01295,-0.06,0.0102
2026-10-01 15:00:05,738.72,2026-10-01,731.0,7.74,7.91,8.29,245,227,0.2616,0.9543,0.02078,-0.105,0.0169
2026-10-01 15:00:05,738.72,2026-10-01,732.0,6.71,7.02,6.87,295,694,0.2537,0.9351,0.02828,-0.145,0.0223
2026-10-01 15:00:05,738.72,2026-10-01,733.0,5.8,6.1,5.9,981,358,0.2547,0.9005,0.03889,-0.23,0.0309
2026-10-01 15:00:05,738.72,2026-10-01,734.0,5.09,5.19,5.16,2164,411,0.2711,0.8406,0.05074,-0.42,0.0428
2026-10-01 15:00:05,738.72,2026-10-01,735.0,4.21,4.33,4.39,3771,1086,0.2596,0.7942,0.06216,-0.55,0.0502
2026-10-01 15:00:05,738.72,2026-10-01,736.0,3.5,3.55,3.69,4229,1570,0.262,0.7246,0.07223,-0.805,0.0589
2026-10-01 15:00:05,738.72,2026-10-01,737.0,2.82,2.83,2.92,10663,1269,0.2597,0.6491,0.08091,-1.105,0.0654
2026-10-01 15:00:05,738.72,2026-10-01,738.0,2.25,2.27,2.38,38128,2192,0.2655,0.5639,0.08407,-1.54,0.0695
2026-10-01 15:00:05,738.72,2026-10-01,739.0,1.73,1.75,1.76,65047,2072,0.2653,0.479,0.0851,-1.74,0.0703
2026-10-01 15:00:05,738.72,2026-10-01,740.0,1.31,1.32,1.32,93957,7644,0.2667,0.3956,0.08186,-1.315,0.068
2026-10-01 15:00:05,738.72,2026-10-01,741.0,0.91,0.96,0.96,73689,625,0.2624,0.314,0.07661,-0.935,0.0626
2026-10-01 15:00:05,738.72,2026-10-01,742.0,0.65,0.66,0.66,109850,791,0.2615,0.2413,0.06756,-0.655,0.055
2026-10-01 15:00:05,738.72,2026-10-01,743.0,0.44,0.45,0.45,91346,1170,0.261,0.1789,0.05675,-0.445,0.0461
2026-10-01 15:00:05,738.72,2026-10-01,744.0,0.34,0.35,0.31,101414,984,0.2744,0.1402,0.04601,-0.345,0.0393
2026-10-01 15:00:05,738.72,2026-10-01,745.0,0.24,0.25,0.25,115514,3180,0.2801,0.1041,0.03657,-0.245,0.0319
2026-10-01 15:00:05,738.72,2026-10-01,746.0,0.13,0.14,0.18,80186,1342,0.27,0.0651,0.02663,-0.135,0.0224
2026-10-01 15:00:05,738.72,2026-10-01,747.0,0.09,0.1,0.14,37743,2595,0.2775,0.047,0.02005,-0.095,0.0173
2026-10-01 15:00:05,738.72,2026-10-01,748.0,0.06,0.11,0.11,23305,1417,0.2977,0.0402,0.01646,-0.085,0.0153
2026-10-01 15:00:05,738.72,2026-10-01,749.0,0.03,0.08,0.09,25821,1391,0.2998,0.0273,0.01188,-0.055,0.0111
2026-10-01 15:00:05,738.72,2026-10-01,750.0,0.02,0.07,0.07,51487,4016,0.3137,0.0219,0.00946,-0.045,0.0092
2026-10-01 15:00:05,738.72,2026-10-01,751.0,0.05,0.06,0.05,9579,1052,0.3476,0.0239,0.00919,-0.055,0.0099
2026-10-01 15:00:05,738.72,2026-10-01,752.0,0.04,0.05,0.05,13071,878,0.3598,0.0194,0.00744,-0.045,0.0083
2026-10-01 15:00:05,738.72,2026-10-01,753.0,0.01,0.05,0.04,10527,2353,0.3612,0.0135,0.00542,-0.03,0.0061
2026-10-01 15:01:08,738.53,2026-10-01,724.0,14.39,14.41,15.34,26,39,,,,,
2026-10-01 15:01:08,738.53,2026-10-01,725.0,13.38,13.57,14.39,97,1221,,,,,
2026-10-01 15:01:08,738.53,2026-10-01,726.0,12.46,12.57,14.42,68,57,,,,,
2026-10-01 15:01:08,738.53,2026-10-01,727.0,11.41,11.49,11.57,43,146,,,,,
2026-10-01 15:01:08,738.53,2026-10-01,728.0,10.21,10.37,10.61,66,130,,,,,
2026-10-01 15:01:08,738.53,2026-10-01,729.0,9.48,9.6,9.82,90,390,,,,,
2026-10-01 15:01:08,738.53,2026-10-01,730.0,8.23,8.45,8.95,1190,1877,,,,,
2026-10-01 15:01:08,738.53,2026-10-01,731.0,7.32,7.5,8.29,246,227,,,,,
2026-10-01 15:01:08,738.53,2026-10-01,732.0,6.47,6.64,6.87,295,694,0.1548,0.9921,0.00793,-0.025,0.0038
2026-10-01 15:01:08,738.53,2026-10-01,733.0,5.71,5.77,5.9,981,358,0.2425,0.9044,0.03977,-0.21,0.0299
2026-10-01 15:01:08,738.53,2026-10-01,734.0,4.83,4.87,5.04,2164,411,0.2402,0.8602,0.05256,-0.32,0.0392
2026-10-01 15:01:08,738.53,2026-10-01,735.0,3.92,4.07,3.99,3799,1086,0.2351,0.8056,0.06646,-0.465,0.0485
2026-10-01 15:01:08,738.53,2026-10-01,736.0,3.32,3.33,3.36,4242,1570,0.2518,0.7185,0.07609,-0.795,0.0594
2026-10-01 15:01:08,738.53,2026-10-01,737.0,2.64,2.67,2.61,10685,1269,0.2529,0.6372,0.08424,-1.125,0.0661
2026-10-01 15:01:08,738.53,2026-10-01,738.0,2.029,2.08,2.1,38377,2192,0.2516,0.5504,0.08932,-1.5245,0.0697
2026-10-01 15:01:08,738.53,2026-10-01,739.0,1.54,1.6,1.6,65363,2072,0.2543,0.461,0.08867,-1.57,0.0699
2026-10-01 15:01:08,738.53,2026-10-01,740.0,1.18,1.19,1.21,95482,7644,0.2587,0.3763,0.08331,-1.185,0.0669
2026-10-01 15:01:08,738.53,2026-10-01,741.0,0.86,0.87,0.87,74919,625,0.261,0.2982,0.07545,-0.865,0.0611
2026-10-01 15:01:08,738.53,2026-10-01,742.0,0.62,0.63,0.63,110703,791,0.2647,0.231,0.06529,-0.625,0.0536
2026-10-01 15:01:08,738.53,2026-10-01,743.0,0.4,0.45,0.45,93337,1170,0.2644,0.171,0.05456,-0.425,0.0447
2026-10-01 15:01:08,738.53,2026-10-01,744.0,0.31,0.32,0.32,102290,984,0.2738,0.1307,0.04403,-0.315,0.0374
2026-10-01 15:01:08,738.53,2026-10-01,745.0,0.19,0.24,0.24,116190,3180,0.2769,0.0944,0.03451,-0.215,0.0296
2026-10-01 15:01:08,738.53,2026-10-01,746.0,0.13,0.18,0.18,80486,1342,0.2847,0.0701,0.0268,-0.155,0.0237
2026-10-01 15:01:08,738.53,2026-10-01,747.0,0.12,0.13,0.13,37846,2595,0.2994,0.0559,0.02136,-0.125,0.0198
2026-10-01 15:01:08,738.53,2026-10-01,748.0,0.1,0.11,0.11,23585,1417,0.3157,0.0459,0.01733,-0.105,0.017
2026-10-01 15:01:08,738.53,2026-10-01,749.0,0.03,0.04,0.08,25835,1391,0.2841,0.0192,0.00934,-0.035,0.0082
2026-10-01 15:01:08,738.53,2026-10-01,750.0,0.02,0.07,0.07,51505,4016,0.3188,0.0217,0.00923,-0.045,0.0091
2026-10-01 15:01:08,738.53,2026-10-01,751.0,0.05,0.06,0.02,9596,1052,0.3528,0.0237,0.00898,-0.055,0.0098
2026-10-01 15:01:08,738.53,2026-10-01,752.0,0.04,0.05,0.04,13071,878,0.3649,0.0192,0.00729,-0.045,0.0082
2026-10-01 15:01:08,738.53,2026-10-01,753.0,0.04,0.05,0.03,10533,2353,0.3876,0.0182,0.00655,-0.045,0.0079
2026-10-01 15:02:09,737.93,2026-10-01,723.0,15.08,15.1,16.44,18,41,0.494,0.9596,0.01001,-0.16,0.0153
2026-10-01 15:02:09,737.93,2026-10-01,724.0,13.84,13.98,15.34,26,39,,,,,
2026-10-01 15:02:09,737.93,2026-10-01,725.0,12.8,12.87,14.39,97,1221,,,,,
2026-10-01 15:02:09,737.93,2026-10-01,726.0,11.99,12.12,14.42,68,57,0.3898,0.9611,0.0123,-0.125,0.0148
2026-10-01 15:02:09,737.93,2026-10-01,727.0,10.82,10.9,11.31,93,146,,,,,
2026-10-01 15:02:09,737.93,2026-10-01,728.0,9.84,9.95,10.61,66,130,,,,,
2026-10-01 15:02:09,737.93,2026-10-01,729.0,8.89,9.25,9.82,90,390,0.3162,0.9478,0.0192,-0.14,0.0187
2026-10-01 15:02:09,737.93,2026-10-01,730.0,7.99,8,8.24,1192,1877,0.2403,0.971,0.01566,-0.065,0.0116
2026-10-01 15:02:09,737.93,2026-10-01,731.0,7.21,7.35,7.06,247,227,0.3333,0.8842,0.03332,-0.35,0.0343
2026-10-01 15:02:09,737.93,2026-10-01,732.0,6.32,6.42,6.87,295,694,0.3222,0.8552,0.04023,-0.44,0.04
2026-10-01 15:02:09,737.93,2026-10-01,733.0,5.29,5.37,5.41,991,358,0.2754,0.8484,0.04854,-0.4,0.0413
2026-10-01 15:02:09,737.93,2026-10-01,734.0,4.46,4.52,5.04,2166,411,0.2715,0.7976,0.05912,-0.56,0.0495
2026-10-01 15:02:09,737.93,2026-10-01,735.0,3.81,3.85,3.86,3806,1086,0.2893,0.7206,0.06616,-0.9,0.0591
2026-10-01 15:02:09,737.93,2026-10-01,736.0,3.03,3.13,3.06,4316,1570,0.2791,0.6558,0.07508,-1.15,0.0647
2026-10-01 15:02:09,737.93,2026-10-01,737.0,2.44,2.51,2.51,10791,1269,0.2805,0.5776,0.07942,-1.545,0.0687
2026-10-01 15:02:09,737.93,2026-10-01,738.0,1.93,1.94,1.97,38723,2192,0.2798,0.4971,0.08116,-1.935,0.0701
2026-10-01 15:02:09,737.93,2026-10-01,739.0,1.42,1.48,1.49,65749,2072,0.2753,0.4152,0.08063,-1.45,0.0685
2026-10-01 15:02:09,737.93,2026-10-01,740.0,1.09,1.1,1.1,97461,7644,0.2781,0.3387,0.07488,-1.095,0.0643
2026-10-01 15:02:09,737.93,2026-10-01,741.0,0.79,0.8,0.76,75867,625,0.2782,0.2676,0.06737,-0.795,0.0578
2026-10-01 15:02:09,737.93,2026-10-01,742.0,0.53,0.54,0.55,112083,791,0.2728,0.2005,0.0585,-0.535,0.0492
2026-10-01 15:02:09,737.93,2026-10-01,743.0,0.41,0.42,0.42,94095,1170,0.2852,0.1583,0.04822,-0.415,0.0424
2026-10-01 15:02:09,737.93,2026-10-01,744.0,0.25,0.26,0.3,103291,984,0.2776,0.1088,0.03827,-0.255,0.0328
2026-10-01 15:02:09,737.93,2026-10-01,745.0,0.17,0.22,0.22,116721,3180,0.2892,0.0841,0.03039,-0.195,0.0271
2026-10-01 15:02:09,737.93,2026-10-01,746.0,0.15,0.16,0.16,80720,1342,0.3029,0.0666,0.02429,-0.155,0.0227
2026-10-01 15:02:09,737.93,2026-10-01,747.0,0.12,0.13,0.13,38048,2595,0.3167,0.0534,0.01952,-0.125,0.0191
2026-10-01 15:02:09,737.93,2026-10-01,748.0,0.05,0.06,0.1,23754,1417,0.2961,0.0277,0.01223,-0.055,0.0112
2026-10-01 15:02:09,737.93,2026-10-01,749.0,0.07,0.08,0.08,25851,1391,0.3375,0.0324,0.01224,-0.075,0.0127
2026-10-01 15:02:09,737.93,2026-10-01,750.0,0.06,0.07,0.03,51561,4016,0.3537,0.0274,0.01017,-0.065,0.0111
2026-10-01 15:02:09,737.93,2026-10-01,751.0,0.01,0.06,0.05,9622,1052,0.3437,0.0162,0.00671,-0.035,0.0071
2026-10-01 15:02:09,737.93,2026-10-01,752.0,0.01,0.05,0.05,13084,878,0.3582,0.0136,0.00554,-0.03,0.0061
2026-10-01 15:03:11,737.83,2026-10-01,723.0,14.93,15.09,16.44,18,41,0.5049,0.9555,0.01062,-0.18,0.0165
2026-10-01 15:03:11,737.83,2026-10-01,724.0,13.45,13.75,15.34,26,39,,,,,
2026-10-01 15:03:11,737.83,2026-10-01,725.0,12.51,12.86,14.39,97,1221,,,,,
2026-10-01 15:03:11,737.83,2026-10-01,726.0,11.6,11.77,14.42,68,57,,,,,
2026-10-01 15:03:11,737.83,2026-10-01,727.0,10.96,11.11,11.13,93,146,0.4043,0.939,0.01702,-0.205,0.0212
2026-10-01 15:03:11,737.83,2026-10-01,728.0,9.7,10.09,10.61,66,130,0.2884,0.9753,0.01146,-0.065,0.0102
2026-10-01 15:03:11,737.83,2026-10-01,729.0,8.69,8.83,9.82,91,390,,,,,
2026-10-01 15:03:11,737.83,2026-10-01,730.0,7.75,7.91,8.21,1220,1877,,,,,
2026-10-01 15:03:11,737.83,2026-10-01,731.0,6.86,7.13,7.13,275,227,0.2674,0.9293,0.02886,-0.165,0.0237
2026-10-01 15:03:11,737.83,2026-10-01,732.0,6.18,6.28,6.87,295,694,0.3089,0.8616,0.04077,-0.4,0.0387
2026-10-01 15:03:11,737.83,2026-10-01,733.0,5.35,5.36,5.57,991,358,0.3009,0.8226,0.04928,-0.525,0.0456
2026-10-01 15:03:11,737.83,2026-10-01,734.0,4.42,4.47,4.79,2181,411,0.2788,0.786,0.05962,-0.615,0.0511
2026-10-01 15:03:11,737.83,2026-10-01,735.0,3.66,3.78,3.78,3823,1086,0.2834,0.7182,0.06795,-0.89,0.0592
2026-10-01 15:03:11,737.83,2026-10-01,736.0,3.03,3.07,3.09,4327,1570,0.285,0.6457,0.07445,-1.22,0.0652
2026-10-01 15:03:11,737.83,2026-10-01,737.0,2.42,2.45,2.31,10877,1269,0.2835,0.5691,0.07904,-1.605,0.0689
2026-10-01 15:03:11,737.83,2026-10-01,738.0,1.89,1.9,1.9,38925,2192,0.2816,0.4891,0.08076,-1.895,0.0699
2026-10-01 15:03:11,737.83,2026-10-01,739.0,1.44,1.45,1.45,66045,2072,0.2811,0.409,0.07883,-1.445,0.0681
2026-10-01 15:03:11,737.83,2026-10-01,740.0,1.07,1.08,1.07,98681,7644,0.2807,0.3324,0.07379,-1.075,0.0637
2026-10-01 15:03:11,737.83,2026-10-01,741.0,0.73,0.74,0.71,76639,625,0.2727,0.2564,0.06734,-0.735,0.0565
2026-10-01 15:03:11,737.83,2026-10-01,742.0,0.52,0.57,0.56,114309,791,0.2794,0.1999,0.05714,-0.545,0.0491
2026-10-01 15:03:11,737.83,2026-10-01,743.0,0.4,0.41,0.41,94789,1170,0.2871,0.1547,0.04728,-0.405,0.0417
2026-10-01 15:03:11,737.83,2026-10-01,744.0,0.28,0.29,0.29,104278,984,0.2904,0.1151,0.03815,-0.285,0.0341
2026-10-01 15:03:11,737.83,2026-10-01,745.0,0.16,0.21,0.21,117180,3180,0.2891,0.0806,0.02951,-0.185,0.0262
2026-10-01 15:03:11,737.83,2026-10-01,746.0,0.15,0.16,0.16,81576,1342,0.3064,0.0661,0.02391,-0.155,0.0225
2026-10-01 15:03:11,737.83,2026-10-01,747.0,0.07,0.08,0.12,38146,2595,0.2899,0.0371,0.01593,-0.075,0.0142
2026-10-01 15:03:11,737.83,2026-10-01,748.0,0.09,0.1,0.1,23805,1417,0.3294,0.0408,0.01515,-0.095,0.0153
2026-10-01 15:03:11,737.83,2026-10-01,749.0,0.03,0.04,0.08,25890,1391,0.3014,0.0183,0.00849,-0.035,0.0079
2026-10-01 15:03:11,737.83,2026-10-01,750.0,0.02,0.03,0.07,51595,4016,0.3092,0.0132,0.00627,-0.025,0.006
2026-10-01 15:03:11,737.83,2026-10-01,751.0,0.05,0.06,0.02,9626,1052,0.3709,0.0227,0.0083,-0.055,0.0095
2026-10-01 15:03:11,737.83,2026-10-01,752.0,0.01,0.05,0.04,13125,878,0.3611,0.0136,0.00548,-0.03,0.0061
2026-10-01 15:04:12,737.84,2026-10-01,723.0,14.94,15.15,16.44,18,41,0.5206,0.9509,0.01116,-0.205,0.0178
2026-10-01 15:04:12,737.84,2026-10-01,724.0,13.84,13.95,15.34,26,39,0.3735,0.984,0.00612,-0.055,0.007
2026-10-01 15:04:12,737.84,2026-10-01,725.0,12.92,12.98,14.39,97,1221,0.4045,0.9669,0.01043,-0.11,0.0129
2026-10-01 15:04:12,737.84,2026-10-01,726.0,11.65,11.83,14.42,69,57,,,,,
2026-10-01 15:04:12,737.84,2026-10-01,727.0,10.66,10.91,11.13,93,146,,,,,
2026-10-01 15:04:12,737.84,2026-10-01,728.0,9.9,10.06,10.61,67,130,0.3431,0.9512,0.01685,-0.14,0.0177
2026-10-01 15:04:12,737.84,2026-10-01,729.0,8.96,9.13,9,91,390,0.3456,0.9302,0.02215,-0.205,0.0235
2026-10-01 15:04:12,737.84,2026-10-01,730.0,7.91,7.97,7.86,1220,1877,0.2641,0.9565,0.01994,-0.1,0.0161
2026-10-01 15:04:12,737.84,2026-10-01,731.0,7,7.23,7.21,275,227,0.3084,0.8997,0.03258,-0.275,0.0308
2026-10-01 15:04:12,737.84,2026-10-01,732.0,6.19,6.28,6.87,295,694,0.3086,0.8627,0.04067,-0.395,0.0384
2026-10-01 15:04:12,737.84,2026-10-01,733.0,5.32,5.37,5.27,1002,358,0.2974,0.8264,0.04928,-0.505,0.0449
2026-10-01 15:04:12,737.84,2026-10-01,734.0,4.58,4.63,4.43,2182,411,0.3083,0.7644,0.05703,-0.765,0.0539
2026-10-01 15:04:12,737.84,2026-10-01,735.0,3.8,3.83,3.64,3852,1086,0.2987,0.7093,0.06556,-0.975,0.06
2026-10-01 15:04:12,737.84,2026-10-01,736.0,3,3.1,2.95,4348,1570,0.2845,0.6469,0.07462,-1.21,0.065
2026-10-01 15:04:12,737.84,2026-10-01,737.0,2.4,2.48,2.48,10930,1269,0.2839,0.5699,0.07903,-1.6,0.0688
2026-10-01 15:04:12,737.84,2026-10-01,738.0,1.83,1.88,1.9,39090,2192,0.2757,0.4896,0.08265,-1.855,0.0698
2026-10-01 15:04:12,737.84,2026-10-01,739.0,1.44,1.45,1.45,66394,2072,0.281,0.4095,0.07903,-1.445,0.068
2026-10-01 15:04:12,737.84,2026-10-01,740.0,1.03,1.08,1.07,100357,7644,0.2775,0.3311,0.07464,-1.055,0.0635
2026-10-01 15:04:12,737.84,2026-10-01,741.0,0.73,0.74,0.74,77350,625,0.2727,0.2567,0.0675,-0.735,0.0564
2026-10-01 15:04:12,737.84,2026-10-01,742.0,0.51,0.56,0.56,116070,791,0.2774,0.1984,0.05738,-0.535,0.0488
2026-10-01 15:04:12,737.84,2026-10-01,743.0,0.35,0.36,0.36,95842,1170,0.2749,0.1442,0.04719,-0.355,0.0397
2026-10-01 15:04:12,737.84,2026-10-01,744.0,0.24,0.25,0.25,108060,984,0.2784,0.1053,0.0374,-0.245,0.0319
2026-10-01 15:04:12,737.84,2026-10-01,745.0,0.2,0.21,0.17,117596,3180,0.2967,0.0861,0.03026,-0.205,0.0275
2026-10-01 15:04:12,737.84,2026-10-01,746.0,0.11,0.12,0.16,81685,1342,0.2874,0.0541,0.02184,-0.115,0.0192
2026-10-01 15:04:12,737.84,2026-10-01,747.0,0.07,0.12,0.12,38329,2595,0.3033,0.0438,0.01748,-0.095,0.0162
2026-10-01 15:04:12,737.84,2026-10-01,748.0,0.08,0.09,0.09,23918,1417,0.3229,0.0377,0.01452,-0.085,0.0144
2026-10-01 15:04:12,737.84,2026-10-01,749.0,0.03,0.04,0.08,25958,1391,0.3017,0.0183,0.0085,-0.035,0.0079
2026-10-01 15:04:12,737.84,2026-10-01,750.0,0.06,0.07,0.07,51653,4016,0.3571,0.0273,0.01006,-0.065,0.011
2026-10-01 15:04:12,737.84,2026-10-01,751.0,0.01,0.02,0.02,9629,1052,0.3103,0.0083,0.00418,-0.015,0.004
2026-10-01 15:04:12,737.84,2026-10-01,752.0,0.01,0.05,0.02,13129,878,0.3615,0.0136,0.00549,-0.03,0.0061
2026-10-01 15:05:22,738.26,2026-10-01,724.0,14.07,14.29,15.34,26,39,,,,,
2026-10-01 15:05:22,738.26,2026-10-01,725.0,13.23,13.59,13.27,98,1221,0.4413,0.9593,0.01133,-0.145,0.0153
2026-10-01 15:05:22,738.26,2026-10-01,726.0,12.45,12.61,12.28,69,57,0.4757,0.9326,0.01569,-0.265,0.0228
2026-10-01 15:05:22,738.26,2026-10-01,727.0,11.1,11.32,11.13,93,146,,,,,
2026-10-01 15:05:22,738.26,2026-10-01,728.0,10.33,10.6,10.33,67,130,0.3865,0.9379,0.01812,-0.2,0.0214
2026-10-01 15:05:22,738.26,2026-10-01,729.0,9.38,9.54,9.26,101,390,0.3545,0.9347,0.02054,-0.195,0.0222
2026-10-01 15:05:22,738.26,2026-10-01,730.0,8.53,8.66,8.36,1222,1877,0.3739,0.8995,0.02695,-0.33,0.0308
2026-10-01 15:05:22,738.26,2026-10-01,731.0,7.34,7.58,7.21,275,227,0.2939,0.9234,0.028,-0.195,0.0251
2026-10-01 15:05:22,738.26,2026-10-01,732.0,6.59,6.74,6.87,295,694,0.3256,0.867,0.03775,-0.4,0.0376
2026-10-01 15:05:22,738.26,2026-10-01,733.0,5.59,5.66,5.51,1004,358,0.2791,0.8622,0.04514,-0.36,0.0385
2026-10-01 15:05:22,738.26,2026-10-01,734.0,4.8,4.86,4.91,2186,411,0.2877,0.8044,0.05493,-0.565,0.0483
2026-10-01 15:05:22,738.26,2026-10-01,735.0,4.059,4.08,4.03,3873,1086,0.29,0.743,0.06362,-0.8045,0.0564
2026-10-01 15:05:22,738.26,2026-10-01,736.0,3.32,3.34,3.29,4361,1570,0.2848,0.6782,0.072,-1.065,0.0627
2026-10-01 15:05:22,738.26,2026-10-01,737.0,2.66,2.71,2.69,11005,1269,0.2839,0.6034,0.07769,-1.42,0.0674
2026-10-01 15:05:22,738.26,2026-10-01,738.0,2.09,2.1,2.13,39359,2192,0.2797,0.5244,0.08144,-1.83,0.0696
2026-10-01 15:05:22,738.26,2026-10-01,739.0,1.55,1.6,1.57,67505,2072,0.2741,0.4418,0.08238,-1.575,0.069
2026-10-01 15:05:22,738.26,2026-10-01,740.0,1.18,1.19,1.19,102204,7644,0.2754,0.362,0.07786,-1.185,0.0655
2026-10-01 15:05:22,738.26,2026-10-01,741.0,0.86,0.87,0.87,78138,625,0.2758,0.2879,0.07078,-0.865,0.0596
2026-10-01 15:05:22,738.26,2026-10-01,742.0,0.61,0.62,0.62,118225,791,0.2761,0.2222,0.06169,-0.615,0.052
2026-10-01 15:05:22,738.26,2026-10-01,743.0,0.43,0.44,0.44,96843,1170,0.2787,0.1681,0.05156,-0.435,0.0439
2026-10-01 15:05:22,738.26,2026-10-01,744.0,0.27,0.32,0.28,108771,984,0.2795,0.1225,0.04155,-0.295,0.0355
2026-10-01 15:05:22,738.26,2026-10-01,745.0,0.18,0.19,0.19,118375,3180,0.2767,0.0839,0.03186,-0.185,0.0269
2026-10-01 15:05:22,738.26,2026-10-01,746.0,0.12,0.17,0.17,81873,1342,0.2902,0.0655,0.02516,-0.145,0.0223
2026-10-01 15:05:22,738.26,2026-10-01,747.0,0.08,0.13,0.09,38755,2595,0.2982,0.0486,0.01933,-0.105,0.0176
2026-10-01 15:05:22,738.26,2026-10-01,748.0,0.05,0.06,0.1,24015,1417,0.2893,0.0284,0.01284,-0.055,0.0114
2026-10-01 15:05:22,738.26,2026-10-01,749.0,0.07,0.08,0.08,26036,1391,0.3307,0.0331,0.01278,-0.075,0.0129
2026-10-01 15:05:22,738.26,2026-10-01,750.0,0.06,0.07,0.06,51685,4016,0.3473,0.028,0.01058,-0.065,0.0112
2026-10-01 15:05:22,738.26,2026-10-01,751.0,0.01,0.02,0.02,9633,1052,0.302,0.0085,0.0044,-0.015,0.0041
2026-10-01 15:05:22,738.26,2026-10-01,752.0,0.04,0.05,0.05,13144,878,0.3737,0.0189,0.00708,-0.045,0.0081
2026-10-01 15:05:22,738.26,2026-10-01,753.0,0.04,0.05,0.03,10568,2353,0.3966,0.018,0.00638,-0.045,0.0077
2026-10-01 15:06:24,737.82,2026-10-01,723.0,14.54,15,16.44,18,41,,,,,
2026-10-01 15:06:24,737.82,2026-10-01,724.0,13.56,13.89,15.34,26,39,,,,,
2026-10-01 15:06:24,737.82,2026-10-01,725.0,12.96,12.98,13.27,98,1221,0.4334,0.9572,0.01205,-0.15,0.0159
2026-10-01 15:06:24,737.82,2026-10-01,726.0,11.66,11.81,12.28,69,57,,,,,
2026-10-01 15:06:24,737.82,2026-10-01,727.0,10.85,10.98,11.13,93,146,0.3415,0.9669,0.01238,-0.095,0.0129
2026-10-01 15:06:24,737.82,2026-10-01,728.0,9.68,9.81,10.33,67,130,,,,,
2026-10-01 15:06:24,737.82,2026-10-01,729.0,8.89,9.17,9.26,101,390,0.3485,0.9288,0.02238,-0.21,0.0237
2026-10-01 15:06:24,737.82,2026-10-01,730.0,7.92,7.94,8.36,1222,1877,0.2707,0.9528,0.02087,-0.11,0.0172
2026-10-01 15:06:24,737.82,2026-10-01,731.0,7.03,7.09,7.19,280,227,0.2972,0.9081,0.03183,-0.24,0.0288
2026-10-01 15:06:24,737.82,2026-10-01,732.0,6.03,6.08,6.87,295,694,0.2628,0.9,0.03828,-0.235,0.0306
2026-10-01 15:06:24,737.82,2026-10-01,733.0,5.18,5.24,5.35,1010,358,0.2709,0.8486,0.04965,-0.39,0.0409
2026-10-01 15:06:24,737.82,2026-10-01,734.0,4.47,4.51,4.49,2205,411,0.2906,0.7772,0.05886,-0.67,0.052
2026-10-01 15:06:24,737.82,2026-10-01,735.0,3.72,3.79,3.77,3894,1086,0.2921,0.7128,0.06689,-0.935,0.0594
2026-10-01 15:06:24,737.82,2026-10-01,736.0,3.01,3.03,3.09,4379,1570,0.283,0.6466,0.07533,-1.2,0.0648
2026-10-01 15:06:24,737.82,2026-10-01,737.0,2.41,2.42,2.45,11151,1269,0.283,0.5687,0.07963,-1.595,0.0685
2026-10-01 15:06:24,737.82,2026-10-01,738.0,1.82,1.87,1.89,39611,2192,0.2767,0.4879,0.08265,-1.845,0.0695
2026-10-01 15:06:24,737.82,2026-10-01,739.0,1.38,1.43,1.43,68193,2072,0.2773,0.4064,0.08022,-1.405,0.0676
2026-10-01 15:06:24,737.82,2026-10-01,740.0,1.05,1.06,1.06,103770,7644,0.2796,0.3302,0.07428,-1.055,0.0632
2026-10-01 15:06:24,737.82,2026-10-01,741.0,0.72,0.73,0.73,78670,625,0.2729,0.2547,0.06743,-0.725,0.056
2026-10-01 15:06:24,737.82,2026-10-01,742.0,0.51,0.56,0.56,119135,791,0.2793,0.198,0.05713,-0.535,0.0485
2026-10-01 15:06:24,737.82,2026-10-01,743.0,0.35,0.36,0.36,98098,1170,0.2767,0.1439,0.047,-0.355,0.0395
2026-10-01 15:06:24,737.82,2026-10-01,744.0,0.28,0.29,0.29,110162,984,0.2923,0.115,0.03808,-0.285,0.0339
2026-10-01 15:06:24,737.82,2026-10-01,745.0,0.16,0.17,0.17,118680,3180,0.2831,0.0749,0.02863,-0.165,0.0246
2026-10-01 15:06:24,737.82,2026-10-01,746.0,0.15,0.16,0.12,82030,1342,0.3083,0.066,0.02387,-0.155,0.0224
2026-10-01 15:06:24,737.82,2026-10-01,747.0,0.11,0.12,0.12,38877,2595,0.3167,0.05,0.01867,-0.115,0.018
2026-10-01 15:06:24,737.82,2026-10-01,748.0,0.04,0.09,0.05,24123,1417,0.3096,0.031,0.01296,-0.065,0.0122
2026-10-01 15:06:24,737.82,2026-10-01,749.0,0.07,0.08,0.04,26041,1391,0.3427,0.0322,0.01207,-0.075,0.0126
2026-10-01 15:06:24,737.82,2026-10-01,750.0,0.02,0.03,0.03,51731,4016,0.3111,0.0132,0.00626,-0.025,0.0059
2026-10-01 15:06:24,737.82,2026-10-01,751.0,0.05,0.06,0.06,9649,1052,0.3731,0.0227,0.00829,-0.055,0.0094
2026-10-01 15:06:24,737.82,2026-10-01,752.0,0.04,0.05,0.05,13144,878,0.3848,0.0185,0.00675,-0.045,0.0079
2026-10-01 15:07:25,737.71,2026-10-01,723.0,14.69,15.07,16.44,18,41,0.5022,0.9561,0.01063,-0.175,0.0162
2026-10-01 15:07:25,737.71,2026-10-01,724.0,13.61,13.63,15.34,26,39,,,,,
2026-10-01 15:07:25,737.71,2026-10-01,725.0,12.75,12.93,13.27,98,1221,0.4214,0.9604,0.01167,-0.135,0.0149
2026-10-01 15:07:25,737.71,2026-10-01,726.0,11.76,12.02,12.28,69,57,0.4229,0.9463,0.01482,-0.185,0.019
2026-10-01 15:07:25,737.71,2026-10-01,727.0,10.8,10.92,11.13,93,146,0.3781,0.9501,0.01565,-0.155,0.0179
2026-10-01 15:07:25,737.71,2026-10-01,728.0,9.65,9.87,10.33,67,130,0.2771,0.979,0.01048,-0.055,0.0088
2026-10-01 15:07:25,737.71,2026-10-01,729.0,8.73,8.82,9.26,101,390,0.2669,0.9708,0.01434,-0.07,0.0116
2026-10-01 15:07:25,737.71,2026-10-01,730.0,8,8.119,8.36,1223,1877,0.3645,0.8903,0.02958,-0.3545,0.0327
2026-10-01 15:07:25,737.71,2026-10-01,731.0,6.84,7.11,7.19,282,227,0.3041,0.8996,0.03325,-0.27,0.0306
2026-10-01 15:07:25,737.71,2026-10-01,732.0,6.01,6.04,6.87,295,694,0.2852,0.8771,0.04098,-0.32,0.0354
2026-10-01 15:07:25,737.71,2026-10-01,733.0,5.13,5.23,5.46,1018,358,0.2871,0.8294,0.05077,-0.475,0.0441
2026-10-01 15:07:25,737.71,2026-10-01,734.0,4.46,4.51,4.44,2225,411,0.3068,0.7588,0.05837,-0.78,0.0543
2026-10-01 15:07:25,737.71,2026-10-01,735.0,3.67,3.71,3.8,3902,1086,0.2954,0.7033,0.06729,-0.985,0.0602
2026-10-01 15:07:25,737.71,2026-10-01,736.0,2.97,2.98,3.16,4413,1570,0.2879,0.6359,0.07495,-1.27,0.0654
2026-10-01 15:07:25,737.71,2026-10-01,737.0,2.35,2.38,2.33,11305,1269,0.2857,0.5591,0.07935,-1.66,0.0687
2026-10-01 15:07:25,737.71,2026-10-01,738.0,1.82,1.83,1.83,40153,2192,0.2823,0.4788,0.08108,-1.825,0.0693
2026-10-01 15:07:25,737.71,2026-10-01,739.0,1.32,1.37,1.37,69896,2072,0.2757,0.3964,0.08031,-1.345,0.0671
2026-10-01 15:07:25,737.71,2026-10-01,740.0,0.97,1.02,0.98,106242,7644,0.2765,0.3195,0.07425,-0.995,0.0622
2026-10-01 15:07:25,737.71,2026-10-01,741.0,0.69,0.74,0.71,80264,625,0.2768,0.2497,0.06592,-0.715,0.0553
2026-10-01 15:07:25,737.71,2026-10-01,742.0,0.49,0.5,0.54,120546,791,0.2761,0.1882,0.05616,-0.495,0.047
2026-10-01 15:07:25,737.71,2026-10-01,743.0,0.38,0.39,0.39,99637,1170,0.2889,0.1486,0.04608,-0.385,0.0403
2026-10-01 15:07:25,737.71,2026-10-01,744.0,0.23,0.24,0.25,110753,984,0.2812,0.1014,0.03622,-0.235,0.0309
2026-10-01 15:07:25,737.71,2026-10-01,745.0,0.16,0.21,0.21,119282,3180,0.295,0.0798,0.02888,-0.185,0.0258
2026-10-01 15:07:25,737.71,2026-10-01,746.0,0.11,0.16,0.16,82735,1342,0.3029,0.0597,0.0225,-0.135,0.0206
2026-10-01 15:07:25,737.71,2026-10-01,747.0,0.07,0.08,0.08,39277,2595,0.2953,0.0367,0.01563,-0.075,0.014
2026-10-01 15:07:25,737.71,2026-10-01,748.0,0.04,0.09,0.09,24291,1417,0.313,0.0308,0.01276,-0.065,0.0121
2026-10-01 15:07:25,737.71,2026-10-01,749.0,0.03,0.04,0.08,26098,1391,0.3065,0.0181,0.00835,-0.035,0.0078
2026-10-01 15:07:25,737.71,2026-10-01,750.0,0.05,0.06,0.03,52196,4016,0.3528,0.0239,0.00917,-0.055,0.0098
2026-10-01 15:07:25,737.71,2026-10-01,751.0,0.01,0.02,0.05,9656,1052,0.3149,0.0083,0.00411,-0.015,0.0039
2026-10-01 15:07:25,737.71,2026-10-01,752.0,0.04,0.05,0.04,13145,878,0.3882,0.0184,0.00667,-0.045,0.0078
2026-10-01 15:08:26,736.73,2026-10-01,722.0,14.99,15.16,15.23,32,95,0.5896,0.9283,0.01337,-0.345,0.0237
2026-10-01 15:08:26,736.73,2026-10-01,723.0,13.92,14.09,16.44,18,41,0.5283,0.9358,0.01371,-0.275,0.0218
2026-10-01 15:08:26,736.73,2026-10-01,724.0,12.79,12.83,15.34,26,39,0.3794,0.9749,0.00892,-0.08,0.0102
2026-10-01 15:08:26,736.73,2026-10-01,725.0,11.74,11.9,12.05,103,1221,0.363,0.9702,0.01073,-0.09,0.0117
2026-10-01 15:08:26,736.73,2026-10-01,726.0,10.68,10.9,12.28,69,57,0.3087,0.9785,0.00959,-0.06,0.0089
2026-10-01 15:08:26,736.73,2026-10-01,727.0,9.63,9.89,11.13,93,146,0.2396,0.9909,0.00588,-0.03,0.0042
2026-10-01 15:08:26,736.73,2026-10-01,728.0,8.69,9.04,10.33,82,130,0.3119,0.9484,0.01954,-0.135,0.0184
2026-10-01 15:08:26,736.73,2026-10-01,729.0,7.97,8.01,9.26,102,390,0.3353,0.9103,0.02784,-0.26,0.0281
2026-10-01 15:08:26,736.73,2026-10-01,730.0,7.08,7.23,7.03,1228,1877,0.3516,0.8676,0.03511,-0.425,0.0372
2026-10-01 15:08:26,736.73,2026-10-01,731.0,6.08,6.29,6.58,284,227,0.3225,0.8496,0.04173,-0.455,0.0405
2026-10-01 15:08:26,736.73,2026-10-01,732.0,5.32,5.37,6.87,299,694,0.3194,0.8059,0.0496,-0.615,0.0477
2026-10-01 15:08:26,736.73,2026-10-01,733.0,4.42,4.6,4.99,1021,358,0.3089,0.7595,0.05807,-0.78,0.054
2026-10-01 15:08:26,736.73,2026-10-01,734.0,3.76,3.81,3.74,2229,411,0.3092,0.6973,0.06507,-1.055,0.0606
2026-10-01 15:08:26,736.73,2026-10-01,735.0,3.05,3.09,3.08,3944,1086,0.3009,0.6326,0.07215,-1.34,0.0654
2026-10-01 15:08:26,736.73,2026-10-01,736.0,2.36,2.37,2.46,4422,1570,0.2845,0.5615,0.07984,-1.635,0.0684
2026-10-01 15:08:26,736.73,2026-10-01,737.0,1.87,1.89,1.85,11397,1269,0.2894,0.4813,0.07936,-1.88,0.0691
2026-10-01 15:08:26,736.73,2026-10-01,738.0,1.39,1.41,1.41,40624,2192,0.2833,0.4008,0.07863,-1.4,0.0671
2026-10-01 15:08:26,736.73,2026-10-01,739.0,1.05,1.06,1.06,71413,2072,0.2857,0.3263,0.07271,-1.055,0.0625
2026-10-01 15:08:26,736.73,2026-10-01,740.0,0.73,0.74,0.74,107382,7644,0.2801,0.2532,0.06582,-0.735,0.0555
2026-10-01 15:08:26,736.73,2026-10-01,741.0,0.52,0.57,0.52,81068,625,0.2864,0.1977,0.05594,-0.545,0.0482
2026-10-01 15:08:26,736.73,2026-10-01,742.0,0.36,0.41,0.41,121519,791,0.2889,0.149,0.04631,-0.385,0.0403
2026-10-01 15:08:26,736.73,2026-10-01,743.0,0.24,0.25,0.25,101310,1170,0.2845,0.1042,0.03664,-0.245,0.0314
2026-10-01 15:08:26,736.73,2026-10-01,744.0,0.21,0.22,0.22,111316,984,0.3064,0.0879,0.03001,-0.215,0.0277
2026-10-01 15:08:26,736.73,2026-10-01,745.0,0.15,0.16,0.16,120285,3180,0.3125,0.0656,0.02354,-0.155,0.0221
2026-10-01 15:08:26,736.73,2026-10-01,746.0,0.12,0.13,0.13,82824,1342,0.3262,0.0526,0.01896,-0.125,0.0186
2026-10-01 15:08:26,736.73,2026-10-01,747.0,0.05,0.06,0.1,39458,2595,0.3047,0.0273,0.01189,-0.055,0.0109
2026-10-01 15:08:26,736.73,2026-10-01,748.0,0.08,0.09,0.09,24430,1417,0.3544,0.035,0.01257,-0.085,0.0134
2026-10-01 15:08:26,736.73,2026-10-01,749.0,0.02,0.03,0.03,26118,1391,0.3146,0.0131,0.00619,-0.025,0.0059
2026-10-01 15:08:26,736.73,2026-10-01,750.0,0.05,0.06,0.02,52268,4016,0.3771,0.0226,0.00821,-0.055,0.0093
2026-10-01 15:08:26,736.73,2026-10-01,751.0,0.01,0.02,0.05,9657,1052,0.3359,0.0078,0.00368,-0.015,0.0037
2026-10-01 15:09:28,736.99,2026-10-01,722.0,15.36,15.42,15.23,32,95,0.621,0.9217,0.0136,-0.4,0.0254
2026-10-01 15:09:28,736.99,2026-10-01,723.0,13.93,14.29,16.44,18,41,0.4472,0.9664,0.00964,-0.12,0.0129
2026-10-01 15:09:28,736.99,2026-10-01,724.0,12.93,13.1,15.34,26,39,0.2933,0.9951,0.00277,-0.025,0.0024
2026-10-01 15:09:28,736.99,2026-10-01,725.0,11.96,12.25,12.05,104,1221,0.39,0.9638,0.01177,-0.115,0.0138
2026-10-01 15:09:28,736.99,2026-10-01,726.0,11.11,11.3,12.28,69,57,0.4188,0.9374,0.01697,-0.215,0.0213
2026-10-01 15:09:28,736.99,2026-10-01,727.0,10.3,10.43,10.18,94,146,0.4498,0.9029,0.02204,-0.375,0.0298
2026-10-01 15:09:28,736.99,2026-10-01,728.0,9.17,9.34,9.26,84,130,0.3781,0.9174,0.02325,-0.265,0.0264
2026-10-01 15:09:28,736.99,2026-10-01,729.0,8.3,8.48,8.16,104,390,0.3897,0.8843,0.02886,-0.4,0.0338
2026-10-01 15:09:28,736.99,2026-10-01,730.0,7.32,7.41,7.03,1228,1877,0.3474,0.8797,0.03328,-0.375,0.0347
2026-10-01 15:09:28,736.99,2026-10-01,731.0,6.57,6.66,6.58,309,227,0.3729,0.8258,0.03977,-0.625,0.0445
2026-10-01 15:09:28,736.99,2026-10-01,732.0,5.5,5.6,5.67,309,694,0.3187,0.8196,0.04759,-0.56,0.0455
2026-10-01 15:09:28,736.99,2026-10-01,733.0,4.7,4.75,4.83,1026,358,0.3124,0.7722,0.0558,-0.735,0.0523
2026-10-01 15:09:28,736.99,2026-10-01,734.0,4.019,4.03,3.9,2277,411,0.3192,0.7084,0.06206,-1.0345,0.0595
2026-10-01 15:09:28,736.99,2026-10-01,735.0,3.21,3.22,3.27,4398,1086,0.298,0.6528,0.07152,-1.225,0.064
2026-10-01 15:09:28,736.99,2026-10-01,736.0,2.6,2.61,2.57,4593,1570,0.2985,0.5786,0.07562,-1.615,0.0678
2026-10-01 15:09:28,736.99,2026-10-01,737.0,2.04,2.06,2.05,11612,1269,0.296,0.502,0.07778,-2.05,0.0691
2026-10-01 15:09:28,736.99,2026-10-01,738.0,1.51,1.52,1.52,41292,2192,0.285,0.4217,0.07922,-1.515,0.0678
2026-10-01 15:09:28,736.99,2026-10-01,739.0,1.16,1.17,1.17,72435,2072,0.2898,0.3472,0.07355,-1.165,0.064
2026-10-01 15:09:28,736.99,2026-10-01,740.0,0.8,0.81,0.81,109338,7644,0.281,0.2709,0.06803,-0.805,0.0574
2026-10-01 15:09:28,736.99,2026-10-01,741.0,0.57,0.62,0.62,82007,625,0.2863,0.212,0.05843,-0.595,0.0502
2026-10-01 15:09:28,736.99,2026-10-01,742.0,0.39,0.44,0.44,123281,791,0.2869,0.1593,0.0488,-0.415,0.042
2026-10-01 15:09:28,736.99,2026-10-01,743.0,0.27,0.28,0.28,102906,1170,0.2855,0.1145,0.03911,-0.275,0.0335
2026-10-01 15:09:28,736.99,2026-10-01,744.0,0.22,0.23,0.23,112211,984,0.3022,0.0925,0.03165,-0.225,0.0287
2026-10-01 15:09:28,736.99,2026-10-01,745.0,0.16,0.17,0.13,121870,3180,0.3097,0.0698,0.02495,-0.165,0.0232
2026-10-01 15:09:28,736.99,2026-10-01,746.0,0.12,0.13,0.13,83181,1342,0.3194,0.0536,0.01969,-0.125,0.0189
2026-10-01 15:09:28,736.99,2026-10-01,747.0,0.09,0.1,0.1,39615,2595,0.3291,0.0412,0.01548,-0.095,0.0153
2026-10-01 15:09:28,736.99,2026-10-01,748.0,0.07,0.08,0.04,24595,1417,0.3406,0.0325,0.01233,-0.075,0.0126
2026-10-01 15:09:28,736.99,2026-10-01,749.0,0.06,0.07,0.07,26287,1391,0.3571,0.0275,0.01024,-0.065,0.011
2026-10-01 15:09:28,736.99,2026-10-01,750.0,0.01,0.06,0.05,52309,4016,0.3471,0.0163,0.00676,-0.035,0.007
2026-10-01 15:09:28,736.99,2026-10-01,751.0,0.04,0.05,0.05,9678,1052,0.3834,0.0187,0.00687,-0.045,0.0079
2026-10-01 15:10:37,736.63,2026-10-01,722.0,14.51,14.64,14.32,33,95,,,,,
2026-10-01 15:10:37,736.63,2026-10-01,723.0,13.3,13.45,16.44,18,41,,,,,
2026-10-01 15:10:37,736.63,2026-10-01,724.0,12.46,12.7,12.7,46,39,,,,,
2026-10-01 15:10:37,736.63,2026-10-01,725.0,11.64,11.8,12.15,108,1221,0.3619,0.97,0.01087,-0.09,0.0118
2026-10-01 15:10:37,736.63,2026-10-01,726.0,10.55,10.74,12.28,69,57,,,,,
2026-10-01 15:10:37,736.63,2026-10-01,727.0,9.58,9.89,10.18,94,146,0.3201,0.9607,0.01535,-0.105,0.0147
2026-10-01 15:10:37,736.63,2026-10-01,728.0,8.83,8.95,9.31,85,130,0.3657,0.9163,0.02434,-0.26,0.0266
2026-10-01 15:10:37,736.63,2026-10-01,729.0,7.71,7.72,8.28,104,390,0.2521,0.9614,0.01922,-0.085,0.0145
2026-10-01 15:10:37,736.63,2026-10-01,730.0,6.93,7.06,7.03,1229,1877,0.3327,0.878,0.03519,-0.365,0.035
2026-10-01 15:10:37,736.63,2026-10-01,731.0,5.84,5.96,5.91,330,227,0.2699,0.8885,0.04071,-0.27,0.0328
2026-10-01 15:10:37,736.63,2026-10-01,732.0,5.09,5.14,5.26,331,694,0.2884,0.826,0.05152,-0.485,0.0444
2026-10-01 15:10:37,736.63,2026-10-01,733.0,4.17,4.34,4.7,1032,358,0.2762,0.7791,0.06217,-0.625,0.0513
2026-10-01 15:10:37,736.63,2026-10-01,734.0,3.51,3.55,3.53,2283,411,0.2794,0.7097,0.07091,-0.9,0.0592
2026-10-01 15:10:37,736.63,2026-10-01,735.0,2.87,2.91,3,4630,1086,0.2841,0.6328,0.0767,-1.26,0.0651
2026-10-01 15:10:37,736.63,2026-10-01,736.0,2.25,2.26,2.33,4730,1570,0.2777,0.555,0.08233,-1.625,0.0683
2026-10-01 15:10:37,736.63,2026-10-01,737.0,1.75,1.77,1.81,11791,1269,0.28,0.4723,0.08223,-1.76,0.0688
2026-10-01 15:10:37,736.63,2026-10-01,738.0,1.26,1.31,1.35,42152,2192,0.2731,0.3885,0.08121,-1.285,0.0662
2026-10-01 15:10:37,736.63,2026-10-01,739.0,0.97,0.98,0.98,74048,2072,0.279,0.3143,0.07359,-0.975,0.0613
2026-10-01 15:10:37,736.63,2026-10-01,740.0,0.66,0.71,0.73,111105,7644,0.2766,0.2431,0.06548,-0.685,0.0541
2026-10-01 15:10:37,736.63,2026-10-01,741.0,0.46,0.51,0.51,82945,625,0.2788,0.1848,0.05535,-0.485,0.0461
2026-10-01 15:10:37,736.63,2026-10-01,742.0,0.32,0.37,0.38,124734,791,0.2834,0.1389,0.04519,-0.345,0.0383
2026-10-01 15:10:37,736.63,2026-10-01,743.0,0.22,0.27,0.27,103997,1170,0.2889,0.1032,0.03597,-0.245,0.031
2026-10-01 15:10:37,736.63,2026-10-01,744.0,0.19,0.2,0.21,113426,984,0.3033,0.0819,0.02888,-0.195,0.0262
2026-10-01 15:10:37,736.63,2026-10-01,745.0,0.15,0.16,0.16,122219,3180,0.3167,0.065,0.02318,-0.155,0.0219
2026-10-01 15:10:37,736.63,2026-10-01,746.0,0.08,0.13,0.13,83326,1342,0.3189,0.0463,0.01758,-0.105,0.0168
2026-10-01 15:10:37,736.63,2026-10-01,747.0,0.09,0.1,0.1,39748,2595,0.3394,0.0402,0.01475,-0.095,0.015
2026-10-01 15:10:37,736.63,2026-10-01,748.0,0.03,0.04,0.08,24632,1417,0.3104,0.018,0.00827,-0.035,0.0077
2026-10-01 15:10:37,736.63,2026-10-01,749.0,0.06,0.07,0.07,26616,1391,0.3668,0.0269,0.00981,-0.065,0.0108
2026-10-01 15:10:37,736.63,2026-10-01,750.0,0.01,0.02,0.02,52395,4016,0.3187,0.0082,0.00408,-0.015,0.0039
2026-10-01 15:10:37,736.63,2026-10-01,751.0,0.04,0.05,0.05,9764,1052,0.3926,0.0183,0.00662,-0.045,0.0078
2026-10-01 15:11:39,736.8,2026-10-01,722.0,14.66,15.21,14.32,33,95,0.4822,0.9644,0.00941,-0.135,0.0135
2026-10-01 15:11:39,736.8,2026-10-01,723.0,13.54,14.01,16.44,18,41,,,,,
2026-10-01 15:11:39,736.8,2026-10-01,724.0,12.72,12.85,12.7,46,39,,,,,
2026-10-01 15:11:39,736.8,2026-10-01,725.0,11.57,11.86,12.15,108,1221,,,,,
2026-10-01 15:11:39,736.8,2026-10-01,726.0,10.7,10.74,12.28,69,57,,,,,
2026-10-01 15:11:39,736.8,2026-10-01,727.0,9.99,10.01,10.18,94,146,0.3777,0.9358,0.01926,-0.2,0.0217
2026-10-01 15:11:39,736.8,2026-10-01,728.0,9.01,9.13,8.93,85,130,0.3755,0.9152,0.02398,-0.27,0.0268
2026-10-01 15:11:39,736.8,2026-10-01,729.0,7.85,7.95,8.08,105,390,0.2671,0.9562,0.02012,-0.1,0.016
2026-10-01 15:11:39,736.8,2026-10-01,730.0,6.9,7.24,7,1230,1877,0.31,0.9004,0.03271,-0.27,0.0302
2026-10-01 15:11:39,736.8,2026-10-01,731.0,6.1,6.19,5.93,330,227,0.2981,0.8726,0.04055,-0.345,0.036
2026-10-01 15:11:39,736.8,2026-10-01,732.0,5.15,5.29,5.24,336,694,0.2804,0.8419,0.0499,-0.42,0.0417
2026-10-01 15:11:39,736.8,2026-10-01,733.0,4.41,4.49,4.29,1032,358,0.2889,0.7796,0.05944,-0.65,0.0511
2026-10-01 15:11:39,736.8,2026-10-01,734.0,3.7,3.75,3.57,2283,411,0.2925,0.7131,0.06746,-0.925,0.0588
2026-10-01 15:11:39,736.8,2026-10-01,735.0,2.95,3,3.09,4645,1086,0.2809,0.6475,0.07659,-1.175,0.0641
2026-10-01 15:11:39,736.8,2026-10-01,736.0,2.36,2.38,2.41,4763,1570,0.2811,0.5682,0.08105,-1.57,0.0678
2026-10-01 15:11:39,736.8,2026-10-01,737.0,1.84,1.85,1.91,11864,1269,0.281,0.4863,0.08221,-1.845,0.0688
2026-10-01 15:11:39,736.8,2026-10-01,738.0,1.36,1.37,1.4,42449,2192,0.2755,0.4031,0.08143,-1.365,0.0668
2026-10-01 15:11:39,736.8,2026-10-01,739.0,1.02,1.03,1.03,74941,2072,0.2788,0.3265,0.07494,-1.025,0.0622
2026-10-01 15:11:39,736.8,2026-10-01,740.0,0.7,0.75,0.78,112122,7644,0.2767,0.254,0.06712,-0.725,0.0553
2026-10-01 15:11:39,736.8,2026-10-01,741.0,0.5,0.51,0.54,83534,625,0.2767,0.1921,0.05721,-0.505,0.0472
2026-10-01 15:11:39,736.8,2026-10-01,742.0,0.38,0.39,0.41,125313,791,0.2879,0.1501,0.04695,-0.385,0.0402
2026-10-01 15:11:39,736.8,2026-10-01,743.0,0.27,0.28,0.28,104482,1170,0.2931,0.1124,0.03776,-0.275,0.033
2026-10-01 15:11:39,736.8,2026-10-01,744.0,0.2,0.21,0.22,113669,984,0.3022,0.0858,0.03005,-0.205,0.027
2026-10-01 15:11:39,736.8,2026-10-01,745.0,0.15,0.16,0.16,122351,3180,0.3122,0.0659,0.0238,-0.155,0.0221
2026-10-01 15:11:39,736.8,2026-10-01,746.0,0.12,0.13,0.13,83525,1342,0.3261,0.0528,0.01915,-0.125,0.0186
2026-10-01 15:11:39,736.8,2026-10-01,747.0,0.05,0.1,0.1,40569,2595,0.3213,0.0344,0.01373,-0.075,0.0131
2026-10-01 15:11:39,736.8,2026-10-01,748.0,0.03,0.08,0.08,24648,1417,0.3292,0.0256,0.0105,-0.055,0.0103
2026-10-01 15:11:39,736.8,2026-10-01,749.0,0.02,0.07,0.07,26618,1391,0.3426,0.0207,0.00843,-0.045,0.0086
2026-10-01 15:11:39,736.8,2026-10-01,750.0,0.05,0.06,0.06,52402,4016,0.3775,0.0227,0.00827,-0.055,0.0093
2026-10-01 15:11:39,736.8,2026-10-01,751.0,0.01,0.05,0.05,9792,1052,0.3675,0.0135,0.00547,-0.03,0.006
2026-10-01 15:12:40,737.04,2026-10-01,723.0,13.69,14.18,16.44,18,41,,,,,
2026-10-01 15:12:40,737.04,2026-10-01,724.0,13.17,13.3,12.7,46,39,0.4689,0.9491,0.01294,-0.19,0.018
2026-10-01 15:12:40,737.04,2026-10-01,725.0,11.73,12.2,12.15,108,1221,,,,,
2026-10-01 15:12:40,737.04,2026-10-01,726.0,11.02,11.27,12.28,69,57,0.3557,0.9658,0.01237,-0.1,0.0131
2026-10-01 15:12:40,737.04,2026-10-01,727.0,9.99,10.09,10.18,94,146,,,,,
2026-10-01 15:12:40,737.04,2026-10-01,728.0,8.86,9.1,8.93,85,130,,,,,
2026-10-01 15:12:40,737.04,2026-10-01,729.0,7.93,8.18,8.08,106,390,,,,,
2026-10-01 15:12:40,737.04,2026-10-01,730.0,7.18,7.33,7,1230,1877,0.2972,0.9176,0.02968,-0.21,0.0262
2026-10-01 15:12:40,737.04,2026-10-01,731.0,6.32,6.36,5.93,330,227,0.2927,0.8869,0.03802,-0.295,0.033
2026-10-01 15:12:40,737.04,2026-10-01,732.0,5.3,5.34,5.24,336,694,0.2519,0.8797,0.04618,-0.275,0.0345
2026-10-01 15:12:40,737.04,2026-10-01,733.0,4.47,4.68,4.65,1045,358,0.2754,0.8055,0.058,-0.53,0.0474
2026-10-01 15:12:40,737.04,2026-10-01,734.0,3.7,3.74,4.01,2296,411,0.2604,0.7539,0.07021,-0.675,0.0543
2026-10-01 15:12:40,737.04,2026-10-01,735.0,3.09,3.11,3.15,4675,1086,0.2757,0.6693,0.07629,-1.055,0.0625
2026-10-01 15:12:40,737.04,2026-10-01,736.0,2.46,2.47,2.47,4807,1570,0.2746,0.5901,0.08215,-1.42,0.067
2026-10-01 15:12:40,737.04,2026-10-01,737.0,1.87,1.93,1.93,11988,1269,0.2718,0.5066,0.08515,-1.855,0.0687
2026-10-01 15:12:40,737.04,2026-10-01,738.0,1.46,1.47,1.47,43132,2192,0.2758,0.4231,0.08238,-1.465,0.0675
2026-10-01 15:12:40,737.04,2026-10-01,739.0,1.04,1.09,1.09,75753,2072,0.2726,0.3414,0.07811,-1.065,0.0632
2026-10-01 15:12:40,737.04,2026-10-01,740.0,0.74,0.75,0.75,113546,7644,0.2694,0.2649,0.07054,-0.745,0.0564
2026-10-01 15:12:40,737.04,2026-10-01,741.0,0.57,0.58,0.58,84020,625,0.2815,0.2101,0.05942,-0.575,0.0497
2026-10-01 15:12:40,737.04,2026-10-01,742.0,0.37,0.41,0.41,125808,791,0.2804,0.155,0.04932,-0.39,0.0411
2026-10-01 15:12:40,737.04,2026-10-01,743.0,0.26,0.27,0.27,105405,1170,0.2822,0.1126,0.03932,-0.265,0.033
2026-10-01 15:12:40,737.04,2026-10-01,744.0,0.22,0.23,0.19,113918,984,0.3021,0.0929,0.03194,-0.225,0.0287
2026-10-01 15:12:40,737.04,2026-10-01,745.0,0.12,0.17,0.13,122593,3180,0.3009,0.0643,0.02427,-0.145,0.0217
2026-10-01 15:12:40,737.04,2026-10-01,746.0,0.08,0.13,0.13,83622,1342,0.3085,0.0477,0.01869,-0.105,0.0171
2026-10-01 15:12:40,737.04,2026-10-01,747.0,0.09,0.1,0.06,40590,2595,0.3294,0.0414,0.0156,-0.095,0.0153
2026-10-01 15:12:40,737.04,2026-10-01,748.0,0.03,0.04,0.04,24685,1417,0.3017,0.0185,0.00874,-0.035,0.0078
2026-10-01 15:12:40,737.04,2026-10-01,749.0,0.06,0.07,0.07,26681,1391,0.3577,0.0276,0.01031,-0.065,0.0109
2026-10-01 15:12:40,737.04,2026-10-01,750.0,0.01,0.02,0.06,52467,4016,0.311,0.0084,0.00428,-0.015,0.004
2026-10-01 15:12:40,737.04,2026-10-01,751.0,0.01,0.02,0.04,9797,1052,0.3318,0.0079,0.00381,-0.015,0.0038
2026-10-01 15:12:40,737.04,2026-10-01,752.0,0.01,0.02,0.04,13288,878,0.3524,0.0075,0.00342,-0.015,0.0036
2026-10-01 15:13:42,737.64,2026-10-01,723.0,14.46,14.53,16.44,18,41,,,,,
2026-10-01 15:13:42,737.64,2026-10-01,724.0,13.47,13.61,12.7,46,39,,,,,
2026-10-01 15:13:42,737.64,2026-10-01,725.0,12.51,12.75,12.15,108,1221,,,,,
2026-10-01 15:13:42,737.64,2026-10-01,726.0,11.53,11.64,12.28,69,57,,,,,
2026-10-01 15:13:42,737.64,2026-10-01,727.0,10.67,10.81,10.18,94,146,0.3453,0.9649,0.01304,-0.1,0.0133
2026-10-01 15:13:42,737.64,2026-10-01,728.0,9.55,9.74,8.93,85,130,,,,,
2026-10-01 15:13:42,737.64,2026-10-01,729.0,8.51,8.8,8.56,110,390,,,,,
2026-10-01 15:13:42,737.64,2026-10-01,730.0,7.55,7.66,7.61,1232,1877,,,,,
2026-10-01 15:13:42,737.64,2026-10-01,731.0,6.64,6.89,6.6,331,227,0.2485,0.9413,0.02736,-0.125,0.0201
2026-10-01 15:13:42,737.64,2026-10-01,732.0,5.88,5.99,5.81,341,694,0.2789,0.8822,0.04112,-0.295,0.034
2026-10-01 15:13:42,737.64,2026-10-01,733.0,4.91,5.02,5.02,1052,358,0.2513,0.8606,0.05131,-0.325,0.0382
2026-10-01 15:13:42,737.64,2026-10-01,734.0,4.09,4.21,4.38,2328,411,0.2546,0.7994,0.06399,-0.51,0.0483
2026-10-01 15:13:42,737.64,2026-10-01,735.0,3.38,3.4,3.39,4704,1086,0.2552,0.7287,0.07543,-0.75,0.0571
2026-10-01 15:13:42,737.64,2026-10-01,736.0,2.74,2.79,2.75,4834,1570,0.2649,0.6431,0.08178,-1.125,0.0642
2026-10-01 15:13:42,737.64,2026-10-01,737.0,2.09,2.15,2.15,12232,1269,0.2581,0.56,0.08876,-1.48,0.0679
2026-10-01 15:13:42,737.64,2026-10-01,738.0,1.6,1.66,1.65,44123,2192,0.2615,0.4709,0.08839,-1.63,0.0685
2026-10-01 15:13:42,737.64,2026-10-01,739.0,1.18,1.24,1.23,77398,2072,0.2622,0.3843,0.08464,-1.21,0.0658
2026-10-01 15:13:42,737.64,2026-10-01,740.0,0.89,0.9,0.9,117403,7644,0.2665,0.3062,0.07648,-0.895,0.0604
2026-10-01 15:13:42,737.64,2026-10-01,741.0,0.6,0.61,0.61,85045,625,0.2622,0.2309,0.06742,-0.605,0.0524
2026-10-01 15:13:42,737.64,2026-10-01,742.0,0.42,0.43,0.47,127023,791,0.2662,0.1732,0.05587,-0.425,0.0441
2026-10-01 15:13:42,737.64,2026-10-01,743.0,0.29,0.3,0.3,106568,1170,0.2707,0.1273,0.04474,-0.295,0.0359
2026-10-01 15:13:42,737.64,2026-10-01,744.0,0.24,0.25,0.25,116646,984,0.2897,0.1033,0.03604,-0.245,0.0309
2026-10-01 15:13:42,737.64,2026-10-01,745.0,0.18,0.19,0.19,123071,3180,0.3003,0.0793,0.02857,-0.185,0.0254
2026-10-01 15:13:42,737.64,2026-10-01,746.0,0.09,0.1,0.1,83878,1342,0.2866,0.0467,0.01979,-0.095,0.0168
2026-10-01 15:13:42,737.64,2026-10-01,747.0,0.1,0.11,0.07,40654,2595,0.3199,0.0463,0.01761,-0.105,0.0167
2026-10-01 15:13:42,737.64,2026-10-01,748.0,0.04,0.05,0.09,25003,1417,0.2995,0.0234,0.01071,-0.045,0.0095
2026-10-01 15:13:42,737.64,2026-10-01,749.0,0.06,0.07,0.07,26746,1391,0.3432,0.0287,0.01109,-0.065,0.0113
2026-10-01 15:13:42,737.64,2026-10-01,750.0,0.05,0.06,0.02,52495,4016,0.3582,0.0238,0.0091,-0.055,0.0097
2026-10-01 15:13:42,737.64,2026-10-01,751.0,0.01,0.02,0.05,9809,1052,0.3197,0.0082,0.00408,-0.015,0.0039
2026-10-01 15:13:42,737.64,2026-10-01,752.0,0.04,0.05,0.05,13293,878,0.394,0.0183,0.00663,-0.045,0.0077
2026-10-01 15:14:43,738.02,2026-10-01,724.0,14.28,14.44,12.7,46,39,0.5688,0.9273,0.01413,-0.335,0.0238
2026-10-01 15:14:43,738.02,2026-10-01,725.0,13.28,13.42,12.15,108,1221,0.5332,0.9253,0.0154,-0.325,0.0243
2026-10-01 15:14:43,738.02,2026-10-01,726.0,12.17,12.2,12.28,69,57,0.4236,0.9527,0.01354,-0.16,0.017
2026-10-01 15:14:43,738.02,2026-10-01,727.0,11.17,11.3,10.18,94,146,0.4208,0.9385,0.01678,-0.21,0.0209
2026-10-01 15:14:43,738.02,2026-10-01,728.0,10.14,10.47,8.93,85,130,0.42,0.92,0.02059,-0.28,0.0256
2026-10-01 15:14:43,738.02,2026-10-01,729.0,9.18,9.4,8.55,111,390,0.3823,0.9175,0.02314,-0.265,0.0262
2026-10-01 15:14:43,738.02,2026-10-01,730.0,8.3,8.5,7.61,1232,1877,0.3864,0.8891,0.02847,-0.375,0.0325
2026-10-01 15:14:43,738.02,2026-10-01,731.0,7.44,7.45,7.18,341,227,0.3642,0.8716,0.03349,-0.42,0.0361
2026-10-01 15:14:43,738.02,2026-10-01,732.0,6.52,6.64,5.81,341,694,0.3611,0.8368,0.0397,-0.555,0.0424
2026-10-01 15:14:43,738.02,2026-10-01,733.0,5.61,5.62,5.21,1052,358,0.3292,0.8153,0.04711,-0.59,0.0458
2026-10-01 15:14:43,738.02,2026-10-01,734.0,4.79,4.84,4.22,2329,411,0.3269,0.7657,0.05457,-0.79,0.0527
2026-10-01 15:14:43,738.02,2026-10-01,735.0,4.01,4.03,3.87,4743,1086,0.3167,0.7135,0.06251,-0.995,0.0585
2026-10-01 15:14:43,738.02,2026-10-01,736.0,3.18,3.27,3.08,4998,1570,0.2983,0.6562,0.07173,-1.2,0.0633
2026-10-01 15:14:43,738.02,2026-10-01,737.0,2.58,2.6,2.42,12354,1269,0.2956,0.5826,0.0768,-1.565,0.0671
2026-10-01 15:14:43,738.02,2026-10-01,738.0,1.95,1.96,2,44949,2192,0.2819,0.5048,0.08229,-1.93,0.0686
2026-10-01 15:14:43,738.02,2026-10-01,739.0,1.5,1.51,1.47,78420,2072,0.2836,0.4235,0.08031,-1.505,0.0673
2026-10-01 15:14:43,738.02,2026-10-01,740.0,1.1,1.11,1.11,119543,7644,0.2807,0.3439,0.07625,-1.105,0.0633
2026-10-01 15:14:43,738.02,2026-10-01,741.0,0.75,0.8,0.76,85886,625,0.2762,0.2682,0.06938,-0.775,0.0567
2026-10-01 15:14:43,738.02,2026-10-01,742.0,0.52,0.57,0.57,127865,791,0.2769,0.2044,0.05958,-0.545,0.0488
2026-10-01 15:14:43,738.02,2026-10-01,743.0,0.35,0.36,0.4,107614,1170,0.2731,0.1471,0.049,-0.355,0.0396
2026-10-01 15:14:43,738.02,2026-10-01,744.0,0.23,0.28,0.28,116979,984,0.2804,0.1099,0.03896,-0.255,0.0323
2026-10-01 15:14:43,738.02,2026-10-01,745.0,0.16,0.17,0.21,123696,3180,0.2809,0.0763,0.02969,-0.165,0.0246
2026-10-01 15:14:43,738.02,2026-10-01,746.0,0.1,0.11,0.15,84164,1342,0.282,0.0517,0.02183,-0.105,0.0182
2026-10-01 15:14:43,738.02,2026-10-01,747.0,0.07,0.08,0.12,41312,2595,0.2905,0.0376,0.01641,-0.075,0.0141
2026-10-01 15:14:43,738.02,2026-10-01,748.0,0.04,0.09,0.05,27108,1417,0.3088,0.0315,0.01334,-0.065,0.0122
2026-10-01 15:14:43,738.02,2026-10-01,749.0,0.02,0.03,0.07,26802,1391,0.2886,0.0143,0.00733,-0.025,0.0063
2026-10-01 15:14:43,738.02,2026-10-01,750.0,0.05,0.06,0.06,54271,4016,0.3494,0.0244,0.00953,-0.055,0.0098
2026-10-01 15:14:43,738.02,2026-10-01,751.0,0.04,0.05,0.04,11939,1052,0.3622,0.0198,0.0077,-0.045,0.0082
2026-10-01 15:14:43,738.02,2026-10-01,752.0,0.04,0.05,0.05,13332,878,0.3855,0.0187,0.0069,-0.045,0.0079
2026-10-01 15:14:43,738.02,2026-10-01,753.0,0.03,0.04,0.03,12664,2353,0.3943,0.0146,0.00547,-0.035,0.0064
2026-10-01 15:15:53,738.34,2026-10-01,724.0,14.65,14.78,12.7,46,39,0.5962,0.9227,0.01415,-0.375,0.0249
2026-10-01 15:15:53,738.34,2026-10-01,725.0,13.39,13.58,12.15,108,1221,0.4519,0.9593,0.01126,-0.145,0.015
2026-10-01 15:15:53,738.34,2026-10-01,726.0,12.5,12.64,12.28,69,57,0.4707,0.9392,0.01491,-0.23,0.0207
2026-10-01 15:15:53,738.34,2026-10-01,727.0,11.32,11.47,10.18,94,146,0.3215,0.9811,0.00836,-0.055,0.0079
2026-10-01 15:15:53,738.34,2026-10-01,728.0,10.39,10.48,8.93,85,130,0.3345,0.9656,0.01325,-0.095,0.0131
2026-10-01 15:15:53,738.34,2026-10-01,729.0,9.58,9.63,8.55,111,390,0.393,0.9193,0.02218,-0.265,0.0257
2026-10-01 15:15:53,738.34,2026-10-01,730.0,8.64,8.78,7.61,1232,1877,0.3964,0.8925,0.02719,-0.37,0.0318
2026-10-01 15:15:53,738.34,2026-10-01,731.0,7.46,7.66,7.65,345,227,0.3116,0.9171,0.02855,-0.22,0.0262
2026-10-01 15:15:53,738.34,2026-10-01,732.0,6.72,6.83,5.81,341,694,0.3438,0.8612,0.03749,-0.435,0.038
2026-10-01 15:15:53,738.34,2026-10-01,733.0,5.68,5.92,5.21,1052,358,0.3124,0.8428,0.04484,-0.46,0.0413
2026-10-01 15:15:53,738.34,2026-10-01,734.0,4.9,4.95,4.91,2351,411,0.3004,0.8026,0.05387,-0.585,0.0477
2026-10-01 15:15:53,738.34,2026-10-01,735.0,4.07,4.11,4.18,4757,1086,0.2889,0.7524,0.06376,-0.75,0.0543
2026-10-01 15:15:53,738.34,2026-10-01,736.0,3.33,3.36,3.17,4999,1570,0.2842,0.6869,0.07262,-1.005,0.0608
2026-10-01 15:15:53,738.34,2026-10-01,737.0,2.67,2.68,2.68,12374,1269,0.2807,0.6122,0.07949,-1.335,0.0658
2026-10-01 15:15:53,738.34,2026-10-01,738.0,2.009,2.08,2.1,45672,2192,0.2717,0.5318,0.08525,-1.7045,0.0683
2026-10-01 15:15:53,738.34,2026-10-01,739.0,1.55,1.56,1.55,79359,2072,0.2713,0.4464,0.08489,-1.555,0.0679
2026-10-01 15:15:53,738.34,2026-10-01,740.0,1.1,1.15,1.15,120525,7644,0.267,0.3613,0.08174,-1.125,0.0643
2026-10-01 15:15:53,738.34,2026-10-01,741.0,0.82,0.83,0.84,86676,625,0.2703,0.2859,0.07328,-0.825,0.0584
2026-10-01 15:15:53,738.34,2026-10-01,742.0,0.57,0.59,0.59,128294,791,0.2711,0.2184,0.06335,-0.58,0.0506
2026-10-01 15:15:53,738.34,2026-10-01,743.0,0.41,0.42,0.42,108096,1170,0.2763,0.1654,0.05241,-0.415,0.0427
2026-10-01 15:15:53,738.34,2026-10-01,744.0,0.29,0.3,0.26,117389,984,0.282,0.1234,0.04215,-0.295,0.035
2026-10-01 15:15:53,738.34,2026-10-01,745.0,0.21,0.22,0.21,123930,3180,0.2903,0.0928,0.03333,-0.215,0.0285
2026-10-01 15:15:53,738.34,2026-10-01,746.0,0.15,0.16,0.16,84339,1342,0.2978,0.0689,0.02595,-0.155,0.0228
2026-10-01 15:15:53,738.34,2026-10-01,747.0,0.07,0.12,0.12,41441,2595,0.2957,0.0456,0.01886,-0.095,0.0164
2026-10-01 15:15:53,738.34,2026-10-01,748.0,0.08,0.09,0.05,27218,1417,0.3161,0.039,0.01557,-0.085,0.0145
2026-10-01 15:15:53,738.34,2026-10-01,749.0,0.02,0.07,0.06,26848,1391,0.3076,0.0229,0.01027,-0.045,0.0093
2026-10-01 15:15:53,738.34,2026-10-01,750.0,0.01,0.02,0.05,54436,4016,0.2848,0.0092,0.00505,-0.015,0.0042
2026-10-01 15:15:53,738.34,2026-10-01,751.0,0.04,0.05,0.04,11971,1052,0.3553,0.0201,0.00798,-0.045,0.0084
2026-10-01 15:15:53,738.34,2026-10-01,752.0,0.01,0.02,0.02,13373,878,0.3269,0.0081,0.00394,-0.015,0.0038
2026-10-01 15:15:53,738.34,2026-10-01,753.0,0.01,0.02,0.02,12666,2353,0.3477,0.0076,0.00353,-0.015,0.0036
2026-10-01 15:16:54,738.62,2026-10-01,724.0,14.39,14.7,12.7,46,39,,,,,
2026-10-01 15:16:54,738.62,2026-10-01,725.0,13.89,14.01,12.15,108,1221,0.5557,0.9267,0.01461,-0.33,0.0239
2026-10-01 15:16:54,738.62,2026-10-01,726.0,12.54,12.72,12.28,69,57,,,,,
2026-10-01 15:16:54,738.62,2026-10-01,727.0,11.5,11.67,10.18,94,146,,,,,
2026-10-01 15:16:54,738.62,2026-10-01,728.0,10.69,10.83,8.93,85,130,0.373,0.9535,0.01521,-0.14,0.0167
2026-10-01 15:16:54,738.62,2026-10-01,729.0,9.81,9.98,9.61,115,390,0.4064,0.9188,0.02158,-0.275,0.0258
2026-10-01 15:16:54,738.62,2026-10-01,730.0,8.75,8.95,7.61,1237,1877,0.3568,0.9229,0.02364,-0.23,0.0248
2026-10-01 15:16:54,738.62,2026-10-01,731.0,7.59,7.81,7.73,347,227,0.2506,0.9632,0.01872,-0.08,0.0138
2026-10-01 15:16:54,738.62,2026-10-01,732.0,6.95,7.06,5.81,341,694,0.3409,0.8738,0.03545,-0.385,0.0355
2026-10-01 15:16:54,738.62,2026-10-01,733.0,5.85,6.04,5.92,1083,358,0.2881,0.8748,0.04174,-0.325,0.0353
2026-10-01 15:16:54,738.62,2026-10-01,734.0,5.18,5.24,5.06,2366,411,0.3135,0.8076,0.05088,-0.59,0.0469
2026-10-01 15:16:54,738.62,2026-10-01,735.0,4.3,4.33,4.4,4812,1086,0.2917,0.7681,0.06101,-0.695,0.0523
2026-10-01 15:16:54,738.62,2026-10-01,736.0,3.48,3.52,3.41,5066,1570,0.2779,0.7115,0.07168,-0.88,0.0585
2026-10-01 15:16:54,738.62,2026-10-01,737.0,2.83,2.85,2.84,13006,1269,0.2797,0.635,0.07839,-1.22,0.0644
2026-10-01 15:16:54,738.62,2026-10-01,738.0,2.15,2.22,2.2,47335,2192,0.2705,0.5559,0.08519,-1.565,0.0677
2026-10-01 15:16:54,738.62,2026-10-01,739.0,1.68,1.69,1.65,80823,2072,0.272,0.4702,0.08531,-1.685,0.0682
2026-10-01 15:16:54,738.62,2026-10-01,740.0,1.23,1.24,1.23,123635,7644,0.2683,0.3848,0.0831,-1.235,0.0655
2026-10-01 15:16:54,738.62,2026-10-01,741.0,0.85,0.9,0.85,87658,625,0.2653,0.3031,0.0768,-0.875,0.0599
2026-10-01 15:16:54,738.62,2026-10-01,742.0,0.58,0.63,0.62,129624,791,0.2642,0.2303,0.0671,-0.605,0.0521
2026-10-01 15:16:54,738.62,2026-10-01,743.0,0.43,0.44,0.39,109115,1170,0.2704,0.1748,0.05557,-0.435,0.0442
2026-10-01 15:16:54,738.62,2026-10-01,744.0,0.3,0.31,0.3,118448,984,0.2754,0.1295,0.04469,-0.305,0.0362
2026-10-01 15:16:54,738.62,2026-10-01,745.0,0.17,0.18,0.21,126221,3180,0.2672,0.0838,0.03361,-0.175,0.0264
2026-10-01 15:16:54,738.62,2026-10-01,746.0,0.11,0.16,0.14,84802,1342,0.2809,0.0645,0.02617,-0.135,0.0216
2026-10-01 15:16:54,738.62,2026-10-01,747.0,0.07,0.12,0.11,41504,2595,0.2884,0.0466,0.01972,-0.095,0.0167
2026-10-01 15:16:54,738.62,2026-10-01,748.0,0.09,0.1,0.06,27235,1417,0.3157,0.0431,0.01692,-0.095,0.0157
2026-10-01 15:16:54,738.62,2026-10-01,749.0,0.03,0.08,0.07,27107,1391,0.3112,0.0271,0.01171,-0.055,0.0107
2026-10-01 15:16:54,738.62,2026-10-01,750.0,0.05,0.06,0.04,54489,4016,0.3359,0.0253,0.01026,-0.055,0.0101
2026-10-01 15:16:54,738.62,2026-10-01,751.0,0.01,0.05,0.02,12001,1052,0.3291,0.015,0.00672,-0.03,0.0065
2026-10-01 15:16:54,738.62,2026-10-01,752.0,0.01,0.05,0.02,13373,878,0.3517,0.0142,0.00598,-0.03,0.0062
2026-10-01 15:16:54,738.62,2026-10-01,753.0,0.01,0.02,0.02,12692,2353,0.3424,0.0078,0.00364,-0.015,0.0037
2026-10-01 15:17:56,739.03,2026-10-01,725.0,13.94,14.05,12.15,108,1221,,,,,
2026-10-01 15:17:56,739.03,2026-10-01,726.0,13.12,13.44,12.28,69,57,0.5025,0.9377,0.01426,-0.25,0.021
2026-10-01 15:17:56,739.03,2026-10-01,727.0,11.94,11.97,10.18,94,146,,,,,
2026-10-01 15:17:56,739.03,2026-10-01,728.0,11.32,11.44,8.93,85,130,0.481,0.9126,0.01929,-0.35,0.0272
2026-10-01 15:17:56,739.03,2026-10-01,729.0,10.03,10.19,9.75,116,390,0.3151,0.9699,0.01266,-0.08,0.0117
2026-10-01 15:17:56,739.03,2026-10-01,730.0,9.26,9.28,8.78,1237,1877,0.3743,0.9229,0.02256,-0.24,0.0247
2026-10-01 15:17:56,739.03,2026-10-01,731.0,8.039,8.18,7.73,347,227,0.2617,0.9648,0.01734,-0.0795,0.0133
2026-10-01 15:17:56,739.03,2026-10-01,732.0,7.33,7.47,6.94,347,694,0.3517,0.881,0.03303,-0.37,0.034
2026-10-01 15:17:56,739.03,2026-10-01,733.0,6.38,6.48,6.11,1084,358,0.324,0.864,0.03934,-0.4,0.0374
2026-10-01 15:17:56,739.03,2026-10-01,734.0,5.44,5.51,5.29,2377,411,0.2976,0.8407,0.04761,-0.445,0.0415
2026-10-01 15:17:56,739.03,2026-10-01,735.0,4.58,4.69,4.58,4831,1086,0.2922,0.7923,0.05723,-0.605,0.049
2026-10-01 15:17:56,739.03,2026-10-01,736.0,3.79,3.9,3.79,5085,1570,0.2869,0.734,0.06681,-0.815,0.0562
2026-10-01 15:17:56,739.03,2026-10-01,737.0,3.1,3.11,3.1,13278,1269,0.28,0.6667,0.07585,-1.075,0.0622
2026-10-01 15:17:56,739.03,2026-10-01,738.0,2.38,2.39,2.38,48380,2192,0.2657,0.5923,0.08534,-1.355,0.0665
2026-10-01 15:17:56,739.03,2026-10-01,739.0,1.87,1.89,1.87,81598,2072,0.2718,0.5053,0.08572,-1.85,0.0683
2026-10-01 15:17:56,739.03,2026-10-01,740.0,1.33,1.34,1.33,124789,7644,0.2591,0.4162,0.08794,-1.335,0.0668
2026-10-01 15:17:56,739.03,2026-10-01,741.0,0.99,1,0.99,88335,625,0.2641,0.3342,0.08051,-0.995,0.0623
2026-10-01 15:17:56,739.03,2026-10-01,742.0,0.69,0.7,0.69,131154,791,0.2629,0.2573,0.07168,-0.695,0.0552
2026-10-01 15:17:56,739.03,2026-10-01,743.0,0.48,0.49,0.44,110030,1170,0.2653,0.1936,0.06042,-0.485,0.047
2026-10-01 15:17:56,739.03,2026-10-01,744.0,0.33,0.34,0.32,119002,984,0.269,0.1426,0.04893,-0.335,0.0386
2026-10-01 15:17:56,739.03,2026-10-01,745.0,0.19,0.24,0.19,126787,3180,0.2686,0.0992,0.03794,-0.215,0.0299
2026-10-01 15:17:56,739.03,2026-10-01,746.0,0.12,0.17,0.16,85530,1342,0.2735,0.0702,0.02872,-0.145,0.023
2026-10-01 15:17:56,739.03,2026-10-01,747.0,0.08,0.13,0.1,41762,2595,0.2831,0.0517,0.02185,-0.105,0.0181
2026-10-01 15:17:56,739.03,2026-10-01,748.0,0.05,0.06,0.07,27278,1417,0.2761,0.0301,0.01443,-0.055,0.0117
2026-10-01 15:17:56,739.03,2026-10-01,749.0,0.03,0.08,0.04,27225,1391,0.3013,0.0279,0.01241,-0.055,0.011
2026-10-01 15:17:56,739.03,2026-10-01,750.0,0.05,0.06,0.04,54508,4016,0.3262,0.026,0.01081,-0.055,0.0103
2026-10-01 15:17:56,739.03,2026-10-01,751.0,0.05,0.06,0.02,12008,1052,0.3507,0.0244,0.00953,-0.055,0.0098
2026-10-01 15:17:56,739.03,2026-10-01,752.0,0.01,0.05,0.04,13456,878,0.3429,0.0145,0.00627,-0.03,0.0063
2026-10-01 15:17:56,739.03,2026-10-01,753.0,0.01,0.02,0.02,12692,2353,0.3343,0.0079,0.00381,-0.015,0.0037
2026-10-01 15:17:56,739.03,2026-10-01,754.0,0.03,0.04,0.03,11114,606,0.3959,0.0146,0.00547,-0.035,0.0064
2026-10-01 15:18:57,739.08,2026-10-01,725.0,13.78,13.95,12.15,108,1221,,,,,
2026-10-01 15:18:57,739.08,2026-10-01,726.0,12.72,12.91,12.28,69,57,,,,,
2026-10-01 15:18:57,739.08,2026-10-01,727.0,11.67,11.96,10.18,94,146,,,,,
2026-10-01 15:18:57,739.08,2026-10-01,728.0,10.88,10.93,8.93,85,130,,,,,
2026-10-01 15:18:57,739.08,2026-10-01,729.0,9.81,9.92,9.75,116,390,,,,,
2026-10-01 15:18:57,739.08,2026-10-01,730.0,8.86,8.92,8.95,1444,1877,,,,,
2026-10-01 15:18:57,739.08,2026-10-01,731.0,8,8.22,8.44,348,227,0.2077,0.9891,0.00806,-0.03,0.0049
2026-10-01 15:18:57,739.08,2026-10-01,732.0,6.93,7.14,6.94,347,694,,,,,
2026-10-01 15:18:57,739.08,2026-10-01,733.0,6.18,6.2,6.55,1096,358,0.2263,0.9436,0.02934,-0.11,0.0194
2026-10-01 15:18:57,739.08,2026-10-01,734.0,5.15,5.33,5.44,2416,411,0.2175,0.916,0.0415,-0.16,0.0264
2026-10-01 15:18:57,739.08,2026-10-01,735.0,4.39,4.45,4.55,4913,1086,0.2359,0.8465,0.05871,-0.34,0.0405
2026-10-01 15:18:57,739.08,2026-10-01,736.0,3.67,3.69,3.77,5147,1570,0.2501,0.767,0.07156,-0.6,0.0523
2026-10-01 15:18:57,739.08,2026-10-01,737.0,2.96,2.99,2.97,13857,1269,0.2538,0.6869,0.08169,-0.895,0.0606
2026-10-01 15:18:57,739.08,2026-10-01,738.0,2.32,2.34,2.32,49277,2192,0.2534,0.6012,0.08914,-1.25,0.066
2026-10-01 15:18:57,739.08,2026-10-01,739.0,1.77,1.78,1.77,82603,2072,0.2532,0.5101,0.09217,-1.695,0.0682
2026-10-01 15:18:57,739.08,2026-10-01,740.0,1.27,1.32,1.27,125700,7644,0.2505,0.4176,0.09121,-1.295,0.0667
2026-10-01 15:18:57,739.08,2026-10-01,741.0,0.93,0.95,0.93,89038,625,0.253,0.3312,0.08387,-0.94,0.062
2026-10-01 15:18:57,739.08,2026-10-01,742.0,0.66,0.67,0.66,131590,791,0.2556,0.2545,0.07345,-0.665,0.0548
2026-10-01 15:18:57,739.08,2026-10-01,743.0,0.41,0.42,0.43,110563,1170,0.2485,0.1805,0.06188,-0.415,0.0449
2026-10-01 15:18:57,739.08,2026-10-01,744.0,0.28,0.29,0.32,120621,984,0.2543,0.131,0.04894,-0.285,0.0364
2026-10-01 15:18:57,739.08,2026-10-01,745.0,0.22,0.23,0.19,127144,3180,0.2707,0.1025,0.03861,-0.225,0.0305
2026-10-01 15:18:57,739.08,2026-10-01,746.0,0.16,0.17,0.13,85644,1342,0.2809,0.0766,0.02998,-0.165,0.0246
2026-10-01 15:18:57,739.08,2026-10-01,747.0,0.08,0.13,0.09,41843,2595,0.2822,0.0519,0.02203,-0.105,0.0182
2026-10-01 15:18:57,739.08,2026-10-01,748.0,0.05,0.06,0.06,27313,1417,0.2753,0.0302,0.01455,-0.055,0.0117
2026-10-01 15:18:57,739.08,2026-10-01,749.0,0.07,0.08,0.05,27229,1391,0.3171,0.035,0.01427,-0.075,0.0132
2026-10-01 15:18:57,739.08,2026-10-01,750.0,0.06,0.07,0.06,54789,4016,0.3347,0.0295,0.01173,-0.065,0.0115
2026-10-01 15:18:57,739.08,2026-10-01,751.0,0.05,0.06,0.05,12024,1052,0.3501,0.0245,0.00959,-0.055,0.0098
2026-10-01 15:18:57,739.08,2026-10-01,752.0,0.01,0.02,0.04,13471,878,0.3128,0.0084,0.0043,-0.015,0.0039
2026-10-01 15:18:57,739.08,2026-10-01,753.0,0.01,0.02,0.02,12694,2353,0.3338,0.008,0.00383,-0.015,0.0037
2026-10-01 15:18:57,739.08,2026-10-01,754.0,0.03,0.04,0.03,11114,606,0.3955,0.0147,0.0055,-0.035,0.0064
2026-10-01 15:19:59,739.25,2026-10-01,725.0,14.31,14.35,12.15,108,1221,0.4199,0.9781,0.00729,-0.075,0.0089
2026-10-01 15:19:59,739.25,2026-10-01,726.0,13.4,13.45,12.28,69,57,0.4682,0.9537,0.01214,-0.17,0.0166
2026-10-01 15:19:59,739.25,2026-10-01,727.0,12.15,12.51,10.18,94,146,0.3692,0.9755,0.00912,-0.075,0.0098
2026-10-01 15:19:59,739.25,2026-10-01,728.0,11.06,11.07,8.93,85,130,,,,,
2026-10-01 15:19:59,739.25,2026-10-01,729.0,9.99,10.28,10.07,117,390,,,,,
2026-10-01 15:19:59,739.25,2026-10-01,730.0,9.18,9.25,8.95,1544,1877,,,,,
2026-10-01 15:19:59,739.25,2026-10-01,731.0,8.35,8.48,8.07,350,227,0.3164,0.9388,0.02242,-0.16,0.0207
2026-10-01 15:19:59,739.25,2026-10-01,732.0,7.22,7.52,6.94,347,694,0.2637,0.9482,0.02359,-0.115,0.0181
2026-10-01 15:19:59,739.25,2026-10-01,733.0,6.25,6.47,6.22,1116,358,0.2292,0.9467,0.02776,-0.105,0.0185
2026-10-01 15:19:59,739.25,2026-10-01,734.0,5.51,5.6,5.56,2432,411,0.2692,0.8759,0.04458,-0.3,0.0349
2026-10-01 15:19:59,739.25,2026-10-01,735.0,4.69,4.74,4.68,4941,1086,0.2715,0.8233,0.05599,-0.46,0.0443
2026-10-01 15:19:59,739.25,2026-10-01,736.0,3.79,3.82,3.88,5271,1570,0.2485,0.7811,0.06961,-0.55,0.0504
2026-10-01 15:19:59,739.25,2026-10-01,737.0,3.06,3.16,3.18,14231,1269,0.2565,0.6994,0.0795,-0.855,0.0594
2026-10-01 15:19:59,739.25,2026-10-01,738.0,2.45,2.48,2.47,50486,2192,0.2582,0.6148,0.08677,-1.21,0.0652
2026-10-01 15:19:59,739.25,2026-10-01,739.0,1.9,1.91,1.88,83511,2072,0.2594,0.5257,0.08993,-1.65,0.0679
2026-10-01 15:19:59,739.25,2026-10-01,740.0,1.4,1.41,1.42,126885,7644,0.2562,0.4351,0.09004,-1.405,0.0672
2026-10-01 15:19:59,739.25,2026-10-01,741.0,0.97,0.98,1.01,90046,625,0.2496,0.3437,0.08638,-0.975,0.0628
2026-10-01 15:19:59,739.25,2026-10-01,742.0,0.67,0.68,0.67,132127,791,0.2496,0.2623,0.07649,-0.675,0.0556
2026-10-01 15:19:59,739.25,2026-10-01,743.0,0.5,0.51,0.45,110804,1170,0.2611,0.2028,0.06336,-0.505,0.0482
2026-10-01 15:19:59,739.25,2026-10-01,744.0,0.3,0.35,0.34,121073,984,0.259,0.1438,0.05128,-0.325,0.0387
2026-10-01 15:19:59,739.25,2026-10-01,745.0,0.24,0.25,0.24,127843,3180,0.2717,0.1098,0.0405,-0.245,0.032
2026-10-01 15:19:59,739.25,2026-10-01,746.0,0.17,0.18,0.17,85901,1342,0.2799,0.0809,0.03139,-0.175,0.0256
2026-10-01 15:19:59,739.25,2026-10-01,747.0,0.12,0.13,0.09,41901,2595,0.2881,0.0593,0.02402,-0.125,0.0201
2026-10-01 15:19:59,739.25,2026-10-01,748.0,0.05,0.06,0.09,27365,1417,0.2713,0.0307,0.01496,-0.055,0.0118
2026-10-01 15:19:59,739.25,2026-10-01,749.0,0.07,0.08,0.05,27242,1391,0.3131,0.0355,0.01463,-0.075,0.0133
2026-10-01 15:19:59,739.25,2026-10-01,750.0,0.06,0.07,0.03,54810,4016,0.3308,0.0298,0.012,-0.065,0.0116
2026-10-01 15:19:59,739.25,2026-10-01,751.0,0.05,0.06,0.05,12028,1052,0.3464,0.0247,0.0098,-0.055,0.0099
2026-10-01 15:19:59,739.25,2026-10-01,752.0,0.01,0.05,0.04,13477,878,0.3389,0.0147,0.00644,-0.03,0.0064
2026-10-01 15:19:59,739.25,2026-10-01,753.0,0.04,0.05,0.02,12700,2353,0.3831,0.0189,0.00707,-0.045,0.0079
2026-10-01 15:19:59,739.25,2026-10-01,754.0,0.03,0.04,0.02,11115,606,0.3921,0.0148,0.0056,-0.035,0.0064
2026-10-01 15:21:10,738.47,2026-10-01,724.0,14.49,14.62,12.7,46,39,0.4375,0.9756,0.00768,-0.085,0.0097
2026-10-01 15:21:10,738.47,2026-10-01,725.0,13.3,13.57,12.15,108,1221,,,,,
2026-10-01 15:21:10,738.47,2026-10-01,726.0,12.48,12.69,12.28,69,57,0.4109,0.9646,0.01116,-0.115,0.0133
2026-10-01 15:21:10,738.47,2026-10-01,727.0,11.46,11.48,10.18,94,146,,,,,
2026-10-01 15:21:10,738.47,2026-10-01,728.0,10.68,10.8,8.93,87,130,0.435,0.924,0.01932,-0.27,0.0243
2026-10-01 15:21:10,738.47,2026-10-01,729.0,9.41,9.86,10.07,117,390,0.3564,0.9429,0.01891,-0.165,0.0195
2026-10-01 15:21:10,738.47,2026-10-01,730.0,8.69,8.83,9.71,1747,1877,0.3776,0.9088,0.02554,-0.29,0.0279
2026-10-01 15:21:10,738.47,2026-10-01,731.0,7.66,7.7,8.07,350,227,0.3149,0.9205,0.02762,-0.21,0.0252
2026-10-01 15:21:10,738.47,2026-10-01,732.0,6.6,6.78,6.91,350,694,0.2862,0.9101,0.03332,-0.22,0.0276
2026-10-01 15:21:10,738.47,2026-10-01,733.0,5.68,5.95,6.23,1123,358,0.2905,0.8682,0.04322,-0.345,0.0363
2026-10-01 15:21:10,738.47,2026-10-01,734.0,4.95,5,5.78,2484,411,0.2912,0.8191,0.05314,-0.505,0.0448
2026-10-01 15:21:10,738.47,2026-10-01,735.0,4.21,4.26,4.24,4959,1086,0.3004,0.7541,0.06165,-0.765,0.0536
2026-10-01 15:21:10,738.47,2026-10-01,736.0,3.41,3.42,3.47,5392,1570,0.2836,0.6984,0.07226,-0.945,0.0593
2026-10-01 15:21:10,738.47,2026-10-01,737.0,2.73,2.74,2.77,14995,1269,0.2803,0.6238,0.07963,-1.265,0.0646
2026-10-01 15:21:10,738.47,2026-10-01,738.0,2.11,2.12,2.12,52217,2192,0.2744,0.5428,0.08498,-1.645,0.0675
2026-10-01 15:21:10,738.47,2026-10-01,739.0,1.56,1.58,1.56,85370,2072,0.2674,0.4563,0.08719,-1.57,0.0674
2026-10-01 15:21:10,738.47,2026-10-01,740.0,1.17,1.19,1.13,129330,7644,0.2706,0.3725,0.0822,-1.18,0.0644
2026-10-01 15:21:10,738.47,2026-10-01,741.0,0.79,0.8,0.79,91169,625,0.2613,0.2872,0.07668,-0.795,0.058
2026-10-01 15:21:10,738.47,2026-10-01,742.0,0.54,0.59,0.54,133385,791,0.265,0.2193,0.06557,-0.565,0.0503
2026-10-01 15:21:10,738.47,2026-10-01,743.0,0.4,0.41,0.4,112475,1170,0.2715,0.1657,0.05391,-0.405,0.0423
2026-10-01 15:21:10,738.47,2026-10-01,744.0,0.24,0.29,0.3,121904,984,0.2713,0.1176,0.04273,-0.265,0.0335
2026-10-01 15:21:10,738.47,2026-10-01,745.0,0.16,0.21,0.21,129473,3180,0.2778,0.0855,0.03307,-0.185,0.0266
2026-10-01 15:21:10,738.47,2026-10-01,746.0,0.14,0.15,0.13,86200,1342,0.2922,0.0667,0.02603,-0.145,0.022
2026-10-01 15:21:10,738.47,2026-10-01,747.0,0.07,0.12,0.11,42121,2595,0.2948,0.046,0.01925,-0.095,0.0164
2026-10-01 15:21:10,738.47,2026-10-01,748.0,0.04,0.05,0.09,27414,1417,0.2827,0.0248,0.01209,-0.045,0.0099
2026-10-01 15:21:10,738.47,2026-10-01,749.0,0.03,0.08,0.07,27248,1391,0.3174,0.0268,0.01147,-0.055,0.0105
2026-10-01 15:21:10,738.47,2026-10-01,750.0,0.06,0.07,0.04,54888,4016,0.3517,0.0284,0.01085,-0.065,0.011
2026-10-01 15:21:10,738.47,2026-10-01,751.0,0.05,0.06,0.05,12037,1052,0.3668,0.0236,0.00892,-0.055,0.0095
2026-10-01 15:21:10,738.47,2026-10-01,752.0,0.04,0.05,0.02,13589,878,0.3793,0.0192,0.00724,-0.045,0.0079
2026-10-01 15:21:10,738.47,2026-10-01,753.0,0.04,0.05,0.02,12705,2353,0.4028,0.0182,0.00651,-0.045,0.0076
2026-10-01 15:22:11,738.81,2026-10-01,724.0,14.6,15.1,12.7,46,39,0.3833,0.9894,0.0043,-0.04,0.0048
2026-10-01 15:22:11,738.81,2026-10-01,725.0,14.09,14.11,12.15,108,1221,0.5494,0.9335,0.01384,-0.29,0.0219
2026-10-01 15:22:11,738.81,2026-10-01,726.0,12.85,13.13,12.81,74,57,0.4635,0.9504,0.01301,-0.18,0.0174
2026-10-01 15:22:11,738.81,2026-10-01,727.0,11.96,12.06,10.18,94,146,0.4448,0.9433,0.01508,-0.2,0.0194
2026-10-01 15:22:11,738.81,2026-10-01,728.0,10.86,11.18,10.83,87,130,0.4196,0.9376,0.01723,-0.21,0.0209
2026-10-01 15:22:11,738.81,2026-10-01,729.0,9.91,9.95,10.07,117,390,0.3412,0.9565,0.01593,-0.12,0.0157
2026-10-01 15:22:11,738.81,2026-10-01,730.0,8.83,8.95,8.89,1747,1877,0.2853,0.9668,0.01527,-0.08,0.0126
2026-10-01 15:22:11,738.81,2026-10-01,731.0,7.9,8.119,8.07,351,227,0.3219,0.9255,0.02577,-0.1995,0.0239
2026-10-01 15:22:11,738.81,2026-10-01,732.0,6.93,7.13,6.91,350,694,0.2978,0.913,0.03131,-0.22,0.0269
2026-10-01 15:22:11,738.81,2026-10-01,733.0,6.11,6.14,5.95,1148,358,0.2947,0.8794,0.0401,-0.315,0.0341
2026-10-01 15:22:11,738.81,2026-10-01,734.0,5.31,5.37,5.31,2494,411,0.3111,0.8212,0.04945,-0.53,0.0444
2026-10-01 15:22:11,738.81,2026-10-01,735.0,4.34,4.39,4.37,5016,1086,0.2748,0.7953,0.06081,-0.555,0.0482
2026-10-01 15:22:11,738.81,2026-10-01,736.0,3.63,3.67,3.52,5589,1570,0.283,0.7233,0.06964,-0.84,0.0569
2026-10-01 15:22:11,738.81,2026-10-01,737.0,2.9,2.92,2.88,15565,1269,0.2741,0.6539,0.07922,-1.1,0.0627
2026-10-01 15:22:11,738.81,2026-10-01,738.0,2.29,2.31,2.29,53303,2192,0.2743,0.5717,0.08425,-1.49,0.0667
2026-10-01 15:22:11,738.81,2026-10-01,739.0,1.69,1.75,1.72,87028,2072,0.2664,0.486,0.08812,-1.72,0.0677
2026-10-01 15:22:11,738.81,2026-10-01,740.0,1.23,1.29,1.28,132006,7644,0.2633,0.3978,0.08626,-1.26,0.0655
2026-10-01 15:22:11,738.81,2026-10-01,741.0,0.92,0.93,0.87,91807,625,0.2664,0.3168,0.07871,-0.925,0.0605
2026-10-01 15:22:11,738.81,2026-10-01,742.0,0.65,0.66,0.59,134180,791,0.2677,0.2441,0.069,-0.655,0.0533
2026-10-01 15:22:11,738.81,2026-10-01,743.0,0.45,0.46,0.45,113267,1170,0.2699,0.1828,0.0578,-0.455,0.045
2026-10-01 15:22:11,738.81,2026-10-01,744.0,0.31,0.32,0.31,122375,984,0.2738,0.1345,0.04657,-0.315,0.0368
2026-10-01 15:22:11,738.81,2026-10-01,745.0,0.18,0.19,0.19,129927,3180,0.2674,0.0884,0.03529,-0.185,0.0272
2026-10-01 15:22:11,738.81,2026-10-01,746.0,0.12,0.17,0.13,86438,1342,0.2824,0.0687,0.02761,-0.145,0.0225
2026-10-01 15:22:11,738.81,2026-10-01,747.0,0.12,0.13,0.09,42170,2595,0.3024,0.0571,0.02232,-0.125,0.0195
2026-10-01 15:22:11,738.81,2026-10-01,748.0,0.05,0.06,0.09,27417,1417,0.2839,0.0296,0.01394,-0.055,0.0114
2026-10-01 15:22:11,738.81,2026-10-01,749.0,0.07,0.08,0.04,27268,1391,0.3262,0.0344,0.01374,-0.075,0.0129
2026-10-01 15:22:11,738.81,2026-10-01,750.0,0.02,0.07,0.06,54974,4016,0.3238,0.0221,0.00957,-0.045,0.0089
2026-10-01 15:22:11,738.81,2026-10-01,751.0,0.01,0.02,0.05,12037,1052,0.2992,0.0088,0.00471,-0.015,0.0041
2026-10-01 15:22:11,738.81,2026-10-01,752.0,0.04,0.05,0.04,13605,878,0.3717,0.0195,0.00751,-0.045,0.0081
2026-10-01 15:22:11,738.81,2026-10-01,753.0,0.04,0.05,0.04,12717,2353,0.3953,0.0185,0.00674,-0.045,0.0077
2026-10-01 15:23:13,738.95,2026-10-01,724.0,14.47,15.01,12.7,46,39,,,,,
2026-10-01 15:23:13,738.95,2026-10-01,725.0,13.73,14.06,13.74,114,1221,,,,,
2026-10-01 15:23:13,738.95,2026-10-01,726.0,12.96,13.03,12.81,74,57,0.3581,0.9845,0.00641,-0.05,0.0066
2026-10-01 15:23:13,738.95,2026-10-01,727.0,11.91,12.02,10.18,94,146,0.2561,0.9973,0.00193,-0.02,0.0014
2026-10-01 15:23:13,738.95,2026-10-01,728.0,10.78,11.13,10.83,102,130,,,,,
2026-10-01 15:23:13,738.95,2026-10-01,729.0,9.85,9.96,10.07,128,390,,,,,
2026-10-01 15:23:13,738.95,2026-10-01,730.0,8.82,8.98,8.66,1796,1877,,,,,
2026-10-01 15:23:13,738.95,2026-10-01,731.0,7.81,7.85,7.9,354,227,,,,,
2026-10-01 15:23:13,738.95,2026-10-01,732.0,7.06,7.17,6.84,360,694,0.2827,0.9282,0.02857,-0.17,0.0232
2026-10-01 15:23:13,738.95,2026-10-01,733.0,6.08,6.18,6.04,1165,358,0.2569,0.9157,0.03549,-0.185,0.0262
2026-10-01 15:23:13,738.95,2026-10-01,734.0,5.2,5.25,5.23,2545,411,0.254,0.8767,0.04733,-0.28,0.0346
2026-10-01 15:23:13,738.95,2026-10-01,735.0,4.26,4.31,4.26,5483,1086,0.2326,0.8437,0.06075,-0.34,0.0406
2026-10-01 15:23:13,738.95,2026-10-01,736.0,3.51,3.56,3.5,6216,1570,0.2441,0.7642,0.07439,-0.59,0.0522
2026-10-01 15:23:13,738.95,2026-10-01,737.0,2.82,2.84,2.81,16713,1269,0.247,0.6814,0.08521,-0.885,0.0605
2026-10-01 15:23:13,738.95,2026-10-01,738.0,2.17,2.2,2.24,54860,2192,0.2455,0.5925,0.09323,-1.24,0.0658
2026-10-01 15:23:13,738.95,2026-10-01,739.0,1.7,1.71,1.71,88364,2072,0.2548,0.4976,0.09231,-1.705,0.0676
2026-10-01 15:23:13,738.95,2026-10-01,740.0,1.24,1.25,1.25,135641,7644,0.2532,0.4057,0.09029,-1.245,0.0657
2026-10-01 15:23:13,738.95,2026-10-01,741.0,0.89,0.91,0.89,93095,625,0.2556,0.3204,0.08254,-0.9,0.0607
2026-10-01 15:23:13,738.95,2026-10-01,742.0,0.59,0.64,0.59,135461,791,0.2545,0.242,0.07238,-0.615,0.053
2026-10-01 15:23:13,738.95,2026-10-01,743.0,0.43,0.44,0.43,114801,1170,0.2604,0.1817,0.05977,-0.435,0.0448
2026-10-01 15:23:13,738.95,2026-10-01,744.0,0.3,0.31,0.3,123513,984,0.2667,0.1341,0.04779,-0.305,0.0366
2026-10-01 15:23:13,738.95,2026-10-01,745.0,0.18,0.19,0.22,130496,3180,0.2635,0.0896,0.03624,-0.185,0.0275
2026-10-01 15:23:13,738.95,2026-10-01,746.0,0.16,0.17,0.12,86830,1342,0.2873,0.0757,0.02926,-0.165,0.0242
2026-10-01 15:23:13,738.95,2026-10-01,747.0,0.08,0.13,0.12,42450,2595,0.2883,0.0513,0.02154,-0.105,0.0179
2026-10-01 15:23:13,738.95,2026-10-01,748.0,0.05,0.06,0.09,27484,1417,0.281,0.0299,0.01424,-0.055,0.0115
2026-10-01 15:23:13,738.95,2026-10-01,749.0,0.03,0.04,0.05,27669,1391,0.2852,0.0198,0.00992,-0.035,0.0081
2026-10-01 15:23:13,738.95,2026-10-01,750.0,0.06,0.07,0.03,55023,4016,0.3408,0.0292,0.01152,-0.065,0.0113
2026-10-01 15:23:13,738.95,2026-10-01,751.0,0.05,0.06,0.03,12040,1052,0.3562,0.0243,0.00944,-0.055,0.0097
2026-10-01 15:23:13,738.95,2026-10-01,752.0,0.01,0.02,0.04,13628,878,0.3181,0.0084,0.00423,-0.015,0.0039
2026-10-01 15:23:13,738.95,2026-10-01,753.0,0.01,0.02,0.04,12719,2353,0.3393,0.0079,0.00377,-0.015,0.0037
2026-10-01 15:24:14,738.78,2026-10-01,724.0,15.13,15.24,12.7,46,39,0.6314,0.9202,0.01389,-0.405,0.0251
2026-10-01 15:24:14,738.78,2026-10-01,725.0,13.93,14.07,13.74,114,1221,0.5161,0.9453,0.01269,-0.22,0.0188
2026-10-01 15:24:14,738.78,2026-10-01,726.0,12.91,13.02,12.81,74,57,0.4672,0.9493,0.01319,-0.185,0.0177
2026-10-01 15:24:14,738.78,2026-10-01,727.0,11.83,11.94,10.18,94,146,0.3866,0.9658,0.01159,-0.105,0.0128
2026-10-01 15:24:14,738.78,2026-10-01,728.0,10.93,10.96,10.87,104,130,0.3972,0.9477,0.01591,-0.165,0.0181
2026-10-01 15:24:14,738.78,2026-10-01,729.0,9.73,9.94,9.8,128,390,0.288,0.9787,0.01049,-0.055,0.0087
2026-10-01 15:24:14,738.78,2026-10-01,730.0,8.89,9.01,8.81,1798,1877,0.34,0.9385,0.02112,-0.17,0.0206
2026-10-01 15:24:14,738.78,2026-10-01,731.0,7.97,8.23,7.81,369,227,0.3666,0.8975,0.0288,-0.32,0.0302
2026-10-01 15:24:14,738.78,2026-10-01,732.0,7.03,7.07,7.03,377,694,0.3157,0.9001,0.03284,-0.27,0.0297
2026-10-01 15:24:14,738.78,2026-10-01,733.0,6.16,6.26,5.95,1179,358,0.3264,0.8548,0.0413,-0.43,0.0386
2026-10-01 15:24:14,738.78,2026-10-01,734.0,5.3,5.39,5.11,2594,411,0.3189,0.8147,0.04951,-0.565,0.0452
2026-10-01 15:24:14,738.78,2026-10-01,735.0,4.46,4.56,4.24,5658,1086,0.3096,0.7674,0.05834,-0.73,0.0517
2026-10-01 15:24:14,738.78,2026-10-01,736.0,3.64,3.68,3.6,6566,1570,0.2896,0.7174,0.06901,-0.88,0.0572
2026-10-01 15:24:14,738.78,2026-10-01,737.0,2.9,2.91,2.9,17573,1269,0.2775,0.6503,0.07885,-1.125,0.0627
2026-10-01 15:24:14,738.78,2026-10-01,738.0,2.24,2.31,2.25,56326,2192,0.2741,0.5695,0.0847,-1.495,0.0665
2026-10-01 15:24:14,738.78,2026-10-01,739.0,1.75,1.76,1.75,89555,2072,0.2747,0.4838,0.08574,-1.755,0.0675
2026-10-01 15:24:14,738.78,2026-10-01,740.0,1.26,1.27,1.28,137294,7644,0.2669,0.3962,0.08533,-1.265,0.0652
2026-10-01 15:24:14,738.78,2026-10-01,741.0,0.87,0.92,0.87,93761,625,0.2639,0.3122,0.07924,-0.895,0.0599
2026-10-01 15:24:14,738.78,2026-10-01,742.0,0.64,0.65,0.64,136251,791,0.2682,0.2416,0.06875,-0.645,0.0528
2026-10-01 15:24:14,738.78,2026-10-01,743.0,0.44,0.45,0.4,115024,1170,0.2698,0.1801,0.05749,-0.445,0.0444
2026-10-01 15:24:14,738.78,2026-10-01,744.0,0.26,0.27,0.26,123864,984,0.2618,0.1215,0.04556,-0.265,0.0342
2026-10-01 15:24:14,738.78,2026-10-01,745.0,0.17,0.18,0.17,131415,3180,0.2656,0.0851,0.03466,-0.175,0.0264
2026-10-01 15:24:14,738.78,2026-10-01,746.0,0.15,0.16,0.11,86922,1342,0.2887,0.0716,0.02797,-0.155,0.0231
2026-10-01 15:24:14,738.78,2026-10-01,747.0,0.08,0.09,0.08,42863,2595,0.2815,0.0437,0.01944,-0.085,0.0157
2026-10-01 15:24:14,738.78,2026-10-01,748.0,0.09,0.1,0.09,27537,1417,0.3154,0.0436,0.01732,-0.095,0.0156
2026-10-01 15:24:14,738.78,2026-10-01,749.0,0.03,0.04,0.07,27682,1391,0.2898,0.0195,0.00968,-0.035,0.008
2026-10-01 15:24:14,738.78,2026-10-01,750.0,0.06,0.07,0.06,55084,4016,0.3457,0.0289,0.01128,-0.065,0.0112
2026-10-01 15:24:14,738.78,2026-10-01,751.0,0.05,0.06,0.05,12048,1052,0.361,0.024,0.00925,-0.055,0.0096
2026-10-01 15:24:14,738.78,2026-10-01,752.0,0.04,0.05,0.03,13639,878,0.3738,0.0195,0.00749,-0.045,0.008
2026-10-01 15:24:14,738.78,2026-10-01,753.0,0.04,0.05,0.04,12719,2353,0.3975,0.0185,0.00672,-0.045,0.0077
2026-10-01 15:25:15,739.04,2026-10-01,725.0,13.92,14.15,13.74,114,1221,,,,,
2026-10-01 15:25:15,739.04,2026-10-01,726.0,13.06,13.17,12.81,74,57,0.388,0.978,0.008,-0.07,0.0089
2026-10-01 15:25:15,739.04,2026-10-01,727.0,11.88,12.18,10.18,94,146,,,,,
2026-10-01 15:25:15,739.04,2026-10-01,728.0,10.93,11.07,11.07,104,130,,,,,
2026-10-01 15:25:15,739.04,2026-10-01,729.0,9.92,10.04,9.8,128,390,,,,,
2026-10-01 15:25:15,739.04,2026-10-01,730.0,9.2,9.31,9.21,1852,1877,0.3672,0.9297,0.02171,-0.21,0.0228
2026-10-01 15:25:15,739.04,2026-10-01,731.0,7.94,8.07,8.25,371,227,,,,,
2026-10-01 15:25:15,739.04,2026-10-01,732.0,7.14,7.37,7.03,396,694,0.3033,0.9174,0.02971,-0.21,0.0257
2026-10-01 15:25:15,739.04,2026-10-01,733.0,6.06,6.18,6.27,1223,358,0.2075,0.9589,0.02512,-0.075,0.0149
2026-10-01 15:25:15,739.04,2026-10-01,734.0,5.31,5.34,5.31,2649,411,0.2585,0.8781,0.0463,-0.28,0.0342
2026-10-01 15:25:15,739.04,2026-10-01,735.0,4.55,4.6,4.4,5877,1086,0.281,0.8054,0.058,-0.53,0.0465
2026-10-01 15:25:15,739.04,2026-10-01,736.0,3.65,3.75,3.65,7399,1570,0.262,0.7568,0.07074,-0.655,0.0529
2026-10-01 15:25:15,739.04,2026-10-01,737.0,3.02,3.03,2.98,18599,1269,0.269,0.6763,0.07906,-0.98,0.0607
2026-10-01 15:25:15,739.04,2026-10-01,738.0,2.32,2.33,2.32,57865,2192,0.2588,0.5971,0.08853,-1.28,0.0654
2026-10-01 15:25:15,739.04,2026-10-01,739.0,1.72,1.78,1.72,90948,2072,0.255,0.5069,0.09257,-1.705,0.0674
2026-10-01 15:25:15,739.04,2026-10-01,740.0,1.31,1.32,1.28,139079,7644,0.2586,0.4162,0.08929,-1.315,0.0659
2026-10-01 15:25:15,739.04,2026-10-01,741.0,0.92,0.93,0.92,94516,625,0.2554,0.3279,0.08372,-0.925,0.061
2026-10-01 15:25:15,739.04,2026-10-01,742.0,0.65,0.66,0.64,137186,791,0.2583,0.2517,0.07308,-0.655,0.0539
2026-10-01 15:25:15,739.04,2026-10-01,743.0,0.41,0.42,0.41,116621,1170,0.2528,0.1797,0.06136,-0.415,0.0443
2026-10-01 15:25:15,739.04,2026-10-01,744.0,0.31,0.32,0.27,127927,984,0.2667,0.138,0.04892,-0.315,0.0372
2026-10-01 15:25:15,739.04,2026-10-01,745.0,0.18,0.23,0.22,131848,3180,0.2682,0.0965,0.03772,-0.205,0.0289
2026-10-01 15:25:15,739.04,2026-10-01,746.0,0.16,0.17,0.12,87209,1342,0.2852,0.0764,0.02979,-0.165,0.0243
2026-10-01 15:25:15,739.04,2026-10-01,747.0,0.08,0.13,0.08,42982,2595,0.2865,0.0518,0.0219,-0.105,0.0179
2026-10-01 15:25:15,739.04,2026-10-01,748.0,0.09,0.1,0.09,27542,1417,0.3086,0.0445,0.01802,-0.095,0.0159
2026-10-01 15:25:15,739.04,2026-10-01,749.0,0.07,0.08,0.04,27728,1391,0.3217,0.035,0.0142,-0.075,0.013
2026-10-01 15:25:15,739.04,2026-10-01,750.0,0.02,0.03,0.03,55133,4016,0.2932,0.0143,0.00735,-0.025,0.0062
2026-10-01 15:25:15,739.04,2026-10-01,751.0,0.05,0.06,0.02,12073,1052,0.355,0.0244,0.00955,-0.055,0.0097
2026-10-01 15:25:15,739.04,2026-10-01,752.0,0.01,0.02,0.02,13704,878,0.3172,0.0084,0.00428,-0.015,0.0039
2026-10-01 15:25:15,739.04,2026-10-01,753.0,0.01,0.02,0.04,12719,2353,0.3384,0.0079,0.00381,-0.015,0.0037
2026-10-01 15:25:15,739.04,2026-10-01,754.0,0.03,0.04,0.03,11263,606,0.4008,0.0147,0.00548,-0.035,0.0063
2026-10-01 15:26:25,739.23,2026-10-01,725.0,14.3,14.43,13.9,116,1221,0.4782,0.9632,0.00998,-0.135,0.0136
2026-10-01 15:26:25,739.23,2026-10-01,726.0,13.33,13.45,12.81,74,57,0.467,0.9557,0.01189,-0.16,0.0158
2026-10-01 15:26:25,739.23,2026-10-01,727.0,12.04,12.46,11.98,105,146,0.2644,0.9972,0.00192,-0.02,0.0014
2026-10-01 15:26:25,739.23,2026-10-01,728.0,11.37,11.49,11.01,108,130,0.4306,0.9413,0.01613,-0.2,0.0198
2026-10-01 15:26:25,739.23,2026-10-01,729.0,10.32,10.43,9.8,128,390,0.3711,0.9508,0.01626,-0.145,0.0172
2026-10-01 15:26:25,739.23,2026-10-01,730.0,9.12,9.46,9.37,1871,1877,0.2806,0.9756,0.01212,-0.06,0.0097
2026-10-01 15:26:25,739.23,2026-10-01,731.0,8.28,8.37,8.189,392,227,0.2826,0.9593,0.01832,-0.095,0.0147
2026-10-01 15:26:25,739.23,2026-10-01,732.0,7.38,7.46,7.17,445,694,0.3018,0.9242,0.02803,-0.19,0.0241
2026-10-01 15:26:25,739.23,2026-10-01,733.0,6.36,6.39,6.39,1248,358,0.2509,0.9312,0.03129,-0.145,0.0223
2026-10-01 15:26:25,739.23,2026-10-01,734.0,5.36,5.56,5.36,2739,411,0.2502,0.8945,0.04325,-0.23,0.0308
2026-10-01 15:26:25,739.23,2026-10-01,735.0,4.71,4.75,4.71,6194,1086,0.2827,0.815,0.05599,-0.5,0.045
2026-10-01 15:26:25,739.23,2026-10-01,736.0,3.85,3.89,3.77,8230,1570,0.2681,0.765,0.06796,-0.64,0.0518
2026-10-01 15:26:25,739.23,2026-10-01,737.0,3.04,3.14,3.06,20539,1269,0.2592,0.6977,0.07983,-0.86,0.0588
2026-10-01 15:26:25,739.23,2026-10-01,738.0,2.45,2.48,2.43,59316,2192,0.2637,0.6116,0.08618,-1.235,0.0646
2026-10-01 15:26:25,739.23,2026-10-01,739.0,1.87,1.88,1.86,92238,2072,0.26,0.5236,0.09082,-1.645,0.0672
2026-10-01 15:26:25,739.23,2026-10-01,740.0,1.34,1.35,1.33,140872,7644,0.2518,0.4308,0.09252,-1.345,0.0663
2026-10-01 15:26:25,739.23,2026-10-01,741.0,1,1.01,0.98,95210,625,0.2588,0.3452,0.08444,-1.005,0.0622
2026-10-01 15:26:25,739.23,2026-10-01,742.0,0.7,0.71,0.7,138454,791,0.2592,0.2658,0.07503,-0.705,0.0553
2026-10-01 15:26:25,739.23,2026-10-01,743.0,0.45,0.5,0.48,117447,1170,0.2589,0.1964,0.06342,-0.475,0.0467
2026-10-01 15:26:25,739.23,2026-10-01,744.0,0.34,0.35,0.34,128694,984,0.2682,0.1481,0.05112,-0.345,0.039
2026-10-01 15:26:25,739.23,2026-10-01,745.0,0.2,0.21,0.23,132555,3180,0.2626,0.0983,0.03915,-0.205,0.0292
2026-10-01 15:26:25,739.23,2026-10-01,746.0,0.17,0.18,0.17,87798,1342,0.284,0.0807,0.03124,-0.175,0.0252
2026-10-01 15:26:25,739.23,2026-10-01,747.0,0.08,0.13,0.08,43130,2595,0.2817,0.0526,0.0226,-0.105,0.0181
2026-10-01 15:26:25,739.23,2026-10-01,748.0,0.09,0.1,0.05,27577,1417,0.304,0.0452,0.01854,-0.095,0.016
2026-10-01 15:26:25,739.23,2026-10-01,749.0,0.03,0.04,0.04,27753,1391,0.2799,0.0202,0.01035,-0.035,0.0082
2026-10-01 15:26:25,739.23,2026-10-01,750.0,0.02,0.07,0.06,55265,4016,0.3158,0.0227,0.01012,-0.045,0.0091
2026-10-01 15:26:25,739.23,2026-10-01,751.0,0.01,0.02,0.05,12081,1052,0.2923,0.0091,0.00497,-0.015,0.0041
2026-10-01 15:26:25,739.23,2026-10-01,752.0,0.01,0.02,0.04,13725,878,0.3138,0.0085,0.00438,-0.015,0.0039
2026-10-01 15:26:25,739.23,2026-10-01,753.0,0.04,0.05,0.04,12722,2353,0.3882,0.0189,0.00705,-0.045,0.0078
2026-10-01 15:26:25,739.23,2026-10-01,754.0,0.01,0.02,0.03,11263,606,0.3562,0.0076,0.00349,-0.015,0.0035
2026-10-01 15:27:27,739.38,2026-10-01,725.0,14.38,14.42,14.28,116,1221,0.3078,0.9975,0.00149,-0.02,0.0013
2026-10-01 15:27:27,739.38,2026-10-01,726.0,13.33,13.47,12.81,74,57,0.288,0.9974,0.00167,-0.02,0.0014
2026-10-01 15:27:27,739.38,2026-10-01,727.0,12.53,12.65,12.28,106,146,0.4713,0.943,0.01441,-0.21,0.0193
2026-10-01 15:27:27,739.38,2026-10-01,728.0,11.5,11.58,11.17,108,130,0.4141,0.9507,0.01462,-0.16,0.0172
2026-10-01 15:27:27,739.38,2026-10-01,729.0,10.38,10.51,9.8,128,390,0.3159,0.9757,0.01073,-0.065,0.0096
2026-10-01 15:27:27,739.38,2026-10-01,730.0,9.24,9.62,9.23,1872,1877,0.2736,0.9801,0.01047,-0.05,0.0081
2026-10-01 15:27:27,739.38,2026-10-01,731.0,8.43,8.52,8.25,392,227,0.2874,0.9598,0.01788,-0.095,0.0146
2026-10-01 15:27:27,739.38,2026-10-01,732.0,7.39,7.57,7.7,446,694,0.2623,0.9541,0.0218,-0.1,0.0162
2026-10-01 15:27:27,739.38,2026-10-01,733.0,6.45,6.79,6.82,1260,358,0.2934,0.9039,0.03452,-0.24,0.0287
2026-10-01 15:27:27,739.38,2026-10-01,734.0,5.72,5.74,5.72,2767,411,0.2916,0.8657,0.04406,-0.35,0.0364
2026-10-01 15:27:27,739.38,2026-10-01,735.0,4.77,4.9,4.77,6402,1086,0.2792,0.8267,0.0545,-0.455,0.0431
2026-10-01 15:27:27,739.38,2026-10-01,736.0,4.01,4.05,4.01,8666,1570,0.2774,0.768,0.06535,-0.65,0.0514
2026-10-01 15:27:27,739.38,2026-10-01,737.0,3.16,3.24,3.16,22060,1269,0.2604,0.709,0.0782,-0.82,0.0577
2026-10-01 15:27:27,739.38,2026-10-01,738.0,2.57,2.59,2.57,60823,2192,0.2676,0.6229,0.08429,-1.2,0.064
2026-10-01 15:27:27,739.38,2026-10-01,739.0,1.97,1.98,1.96,93365,2072,0.2635,0.5368,0.08953,-1.595,0.0669
2026-10-01 15:27:27,739.38,2026-10-01,740.0,1.46,1.47,1.46,141689,7644,0.2605,0.4465,0.09015,-1.465,0.0666
2026-10-01 15:27:27,739.38,2026-10-01,741.0,1.02,1.03,1.02,95774,625,0.2541,0.3551,0.08704,-1.025,0.0627
2026-10-01 15:27:27,739.38,2026-10-01,742.0,0.74,0.75,0.74,139114,791,0.2596,0.277,0.07662,-0.745,0.0564
2026-10-01 15:27:27,739.38,2026-10-01,743.0,0.47,0.48,0.51,117772,1170,0.253,0.2002,0.06575,-0.475,0.0472
2026-10-01 15:27:27,739.38,2026-10-01,744.0,0.36,0.37,0.36,129986,984,0.268,0.1553,0.05288,-0.365,0.0402
2026-10-01 15:27:27,739.38,2026-10-01,745.0,0.25,0.26,0.25,134556,3180,0.2742,0.1139,0.04175,-0.255,0.0325
2026-10-01 15:27:27,739.38,2026-10-01,746.0,0.14,0.19,0.14,87906,1342,0.2757,0.0788,0.03167,-0.165,0.0248
2026-10-01 15:27:27,739.38,2026-10-01,747.0,0.09,0.1,0.09,43346,2595,0.2722,0.0498,0.02241,-0.095,0.0173
2026-10-01 15:27:27,739.38,2026-10-01,748.0,0.09,0.1,0.09,27646,1417,0.3004,0.0457,0.01898,-0.095,0.0162
2026-10-01 15:27:27,739.38,2026-10-01,749.0,0.03,0.04,0.07,29070,1391,0.2767,0.0204,0.01059,-0.035,0.0083
2026-10-01 15:27:27,739.38,2026-10-01,750.0,0.06,0.07,0.06,55367,4016,0.332,0.0301,0.0122,-0.065,0.0115
2026-10-01 15:27:27,739.38,2026-10-01,751.0,0.05,0.06,0.03,12081,1052,0.348,0.0249,0.00995,-0.055,0.0098
2026-10-01 15:27:27,739.38,2026-10-01,752.0,0.01,0.05,0.02,13808,878,0.3406,0.0148,0.00653,-0.03,0.0063
2026-10-01 15:27:27,739.38,2026-10-01,753.0,0.04,0.05,0.04,12883,2353,0.3853,0.0191,0.00717,-0.045,0.0078
2026-10-01 15:27:27,739.38,2026-10-01,754.0,0.03,0.04,0.01,11293,606,0.3945,0.0149,0.00567,-0.035,0.0063
2026-10-01 15:28:28,739.5,2026-10-01,725.0,14.34,14.96,14.28,116,1221,0.4982,0.9605,0.01019,-0.15,0.0143
2026-10-01 15:28:28,739.5,2026-10-01,726.0,13.48,13.51,12.81,74,57,,,,,
2026-10-01 15:28:28,739.5,2026-10-01,727.0,12.6,12.81,12.28,106,146,0.4732,0.9444,0.01411,-0.205,0.0189
2026-10-01 15:28:28,739.5,2026-10-01,728.0,11.34,11.64,11.17,108,130,,,,,
2026-10-01 15:28:28,739.5,2026-10-01,729.0,10.74,10.87,9.8,128,390,0.4554,0.9176,0.01987,-0.305,0.0256
2026-10-01 15:28:28,739.5,2026-10-01,730.0,9.42,9.68,9.63,1875,1877,0.2772,0.9803,0.01028,-0.05,0.008
2026-10-01 15:28:28,739.5,2026-10-01,731.0,8.65,8.83,8.9,397,227,0.3643,0.9197,0.02435,-0.24,0.0251
2026-10-01 15:28:28,739.5,2026-10-01,732.0,7.69,7.78,7.73,457,694,0.3296,0.9143,0.02827,-0.235,0.0263
2026-10-01 15:28:28,739.5,2026-10-01,733.0,6.64,6.8,6.5,1278,358,0.2908,0.9103,0.03315,-0.22,0.0272
2026-10-01 15:28:28,739.5,2026-10-01,734.0,5.88,6,5.78,2789,411,0.3204,0.8489,0.0435,-0.44,0.0394
2026-10-01 15:28:28,739.5,2026-10-01,735.0,4.91,5.02,4.86,6522,1086,0.2868,0.8271,0.05305,-0.465,0.043
2026-10-01 15:28:28,739.5,2026-10-01,736.0,4.1,4.14,4.03,9495,1570,0.2774,0.7761,0.06415,-0.62,0.0503
2026-10-01 15:28:28,739.5,2026-10-01,737.0,3.28,3.31,3.28,23982,1269,0.2626,0.7171,0.07666,-0.795,0.0569
2026-10-01 15:28:28,739.5,2026-10-01,738.0,2.61,2.66,2.61,63695,2192,0.2649,0.6345,0.08444,-1.135,0.0632
2026-10-01 15:28:28,739.5,2026-10-01,739.0,2,2.07,2,94880,2072,0.2633,0.5477,0.08951,-1.535,0.0666
2026-10-01 15:28:28,739.5,2026-10-01,740.0,1.52,1.53,1.52,143338,7644,0.2618,0.4574,0.09014,-1.525,0.0667
2026-10-01 15:28:28,739.5,2026-10-01,741.0,1.07,1.08,1.06,96400,625,0.2556,0.3662,0.08758,-1.075,0.0632
2026-10-01 15:28:28,739.5,2026-10-01,742.0,0.73,0.74,0.77,140297,791,0.2524,0.2804,0.07941,-0.735,0.0566
2026-10-01 15:28:28,739.5,2026-10-01,743.0,0.54,0.55,0.54,118268,1170,0.2629,0.2166,0.06643,-0.545,0.0493
2026-10-01 15:28:28,739.5,2026-10-01,744.0,0.32,0.37,0.33,130872,984,0.2588,0.1528,0.05426,-0.345,0.0397
2026-10-01 15:28:28,739.5,2026-10-01,745.0,0.22,0.23,0.26,134823,3180,0.261,0.1071,0.04203,-0.225,0.031
2026-10-01 15:28:28,739.5,2026-10-01,746.0,0.18,0.19,0.18,88152,1342,0.2802,0.0857,0.03326,-0.185,0.0263
2026-10-01 15:28:28,739.5,2026-10-01,747.0,0.09,0.14,0.13,43406,2595,0.2802,0.0573,0.02439,-0.115,0.0193
2026-10-01 15:28:28,739.5,2026-10-01,748.0,0.1,0.11,0.1,27678,1417,0.3035,0.0495,0.02005,-0.105,0.0172
2026-10-01 15:28:28,739.5,2026-10-01,749.0,0.07,0.08,0.04,29129,1391,0.3113,0.0361,0.01516,-0.075,0.0133
2026-10-01 15:28:28,739.5,2026-10-01,750.0,0.02,0.03,0.06,55427,4016,0.2843,0.0148,0.00784,-0.025,0.0063
2026-10-01 15:28:28,739.5,2026-10-01,751.0,0.05,0.06,0.03,12085,1052,0.3456,0.0251,0.0101,-0.055,0.0099
2026-10-01 15:28:28,739.5,2026-10-01,752.0,0.01,0.02,0.04,13810,878,0.3091,0.0087,0.00453,-0.015,0.004
2026-10-01 15:28:28,739.5,2026-10-01,753.0,0.01,0.02,0.02,12898,2353,0.3305,0.0082,0.00402,-0.015,0.0037
2026-10-01 15:28:28,739.5,2026-10-01,754.0,0.03,0.04,0.01,11293,606,0.3925,0.015,0.00574,-0.035,0.0064
2026-10-01 15:29:29,739.0,2026-10-01,724.0,14.79,14.97,14.52,48,39,,,,,
2026-10-01 15:29:29,739.0,2026-10-01,725.0,13.97,14.09,14.28,116,1221,0.3593,0.9907,0.00416,-0.035,0.0042
2026-10-01 15:29:29,739.0,2026-10-01,726.0,13.26,13.38,12.81,74,57,0.5462,0.925,0.01545,-0.325,0.0237
2026-10-01 15:29:29,739.0,2026-10-01,727.0,12.09,12.21,12.28,106,146,0.431,0.9536,0.01344,-0.155,0.0163
2026-10-01 15:29:29,739.0,2026-10-01,728.0,10.86,11.17,10.81,113,130,0.2425,0.9968,0.00235,-0.02,0.0016
2026-10-01 15:29:29,739.0,2026-10-01,729.0,10.14,10.25,9.87,132,390,0.3953,0.9364,0.01881,-0.2,0.0209
2026-10-01 15:29:29,739.0,2026-10-01,730.0,9.09,9.19,8.66,2484,1877,0.3369,0.9462,0.01935,-0.145,0.0183
2026-10-01 15:29:29,739.0,2026-10-01,731.0,8.189,8.32,7.85,418,227,0.3561,0.912,0.02675,-0.2595,0.0268
2026-10-01 15:29:29,739.0,2026-10-01,732.0,7.07,7.35,7.23,462,694,0.3061,0.9156,0.03016,-0.215,0.0259
2026-10-01 15:29:29,739.0,2026-10-01,733.0,6.32,6.43,6.01,1339,358,0.3242,0.8674,0.03946,-0.38,0.036
2026-10-01 15:29:29,739.0,2026-10-01,734.0,5.37,5.46,5.29,2796,411,0.2965,0.8449,0.04795,-0.42,0.04
2026-10-01 15:29:29,739.0,2026-10-01,735.0,4.48,4.57,4.45,6741,1086,0.2811,0.8042,0.05865,-0.53,0.0463
2026-10-01 15:29:29,739.0,2026-10-01,736.0,3.63,3.71,3.76,10048,1570,0.2655,0.752,0.07108,-0.675,0.053
2026-10-01 15:29:29,739.0,2026-10-01,737.0,3,3.01,2.97,25856,1269,0.2734,0.671,0.07893,-1.01,0.0606
2026-10-01 15:29:29,739.0,2026-10-01,738.0,2.29,2.3,2.32,66876,2192,0.2608,0.5927,0.08878,-1.3,0.0651
2026-10-01 15:29:29,739.0,2026-10-01,739.0,1.78,1.79,1.75,97334,2072,0.266,0.5022,0.08945,-1.785,0.0669
2026-10-01 15:29:29,739.0,2026-10-01,740.0,1.31,1.32,1.31,146387,7644,0.2638,0.4128,0.08805,-1.315,0.0653
2026-10-01 15:29:29,739.0,2026-10-01,741.0,0.9,0.95,0.9,97177,625,0.2601,0.3254,0.0826,-0.925,0.0604
2026-10-01 15:29:29,739.0,2026-10-01,742.0,0.66,0.67,0.64,141486,791,0.2645,0.2516,0.07189,-0.665,0.0535
2026-10-01 15:29:29,739.0,2026-10-01,743.0,0.41,0.42,0.41,118787,1170,0.2568,0.1785,0.06063,-0.415,0.0438
2026-10-01 15:29:29,739.0,2026-10-01,744.0,0.27,0.28,0.27,132370,984,0.2595,0.1272,0.04789,-0.275,0.0349
2026-10-01 15:29:29,739.0,2026-10-01,745.0,0.18,0.23,0.18,135631,3180,0.272,0.096,0.03734,-0.205,0.0286
2026-10-01 15:29:29,739.0,2026-10-01,746.0,0.15,0.16,0.15,88259,1342,0.2848,0.073,0.02905,-0.155,0.0233
2026-10-01 15:29:29,739.0,2026-10-01,747.0,0.07,0.08,0.11,43485,2595,0.2716,0.0408,0.01922,-0.075,0.0147
2026-10-01 15:29:29,739.0,2026-10-01,748.0,0.08,0.09,0.08,27707,1417,0.3058,0.041,0.01715,-0.085,0.0147
2026-10-01 15:29:29,739.0,2026-10-01,749.0,0.03,0.08,0.07,29295,1391,0.3086,0.0278,0.01235,-0.055,0.0107
2026-10-01 15:29:29,739.0,2026-10-01,750.0,0.05,0.06,0.05,55465,4016,0.334,0.0259,0.01076,-0.055,0.0101
2026-10-01 15:29:29,739.0,2026-10-01,751.0,0.05,0.06,0.05,12096,1052,0.3591,0.0243,0.00949,-0.055,0.0096
2026-10-01 15:29:29,739.0,2026-10-01,752.0,0.01,0.02,0.03,13815,878,0.3207,0.0084,0.00426,-0.015,0.0038
2026-10-01 15:29:29,739.0,2026-10-01,753.0,0.04,0.05,0.02,12995,2353,0.3961,0.0187,0.00688,-0.045,0.0077
2026-10-01 15:30:30,738.41,2026-10-01,724.0,14.24,14.55,14.52,48,39,,,,,
2026-10-01 15:30:30,738.41,2026-10-01,725.0,13.6,13.74,13.71,117,1221,0.5316,0.9371,0.01391,-0.26,0.0207
2026-10-01 15:30:30,738.41,2026-10-01,726.0,12.57,12.72,12.81,74,57,0.4883,0.9383,0.01492,-0.235,0.0204
2026-10-01 15:30:30,738.41,2026-10-01,727.0,11.57,11.71,12.28,106,146,0.4548,0.9357,0.01654,-0.23,0.021
2026-10-01 15:30:30,738.41,2026-10-01,728.0,10.57,10.66,10.67,124,130,0.4117,0.937,0.01798,-0.205,0.0207
2026-10-01 15:30:30,738.41,2026-10-01,729.0,9.53,9.73,9.84,132,390,0.3872,0.9292,0.02093,-0.22,0.0227
2026-10-01 15:30:30,738.41,2026-10-01,730.0,8.44,8.53,9.07,2485,1877,0.2753,0.9674,0.01583,-0.075,0.0122
2026-10-01 15:30:30,738.41,2026-10-01,731.0,7.36,7.57,7.44,419,227,0.2309,0.9736,0.01586,-0.055,0.0102
2026-10-01 15:30:30,738.41,2026-10-01,732.0,6.52,6.6,6.83,464,694,0.2611,0.9307,0.03051,-0.15,0.0223
2026-10-01 15:30:30,738.41,2026-10-01,733.0,5.61,5.78,5.71,1352,358,0.2761,0.8816,0.04293,-0.285,0.0331
2026-10-01 15:30:30,738.41,2026-10-01,734.0,4.73,4.89,4.78,2827,411,0.2692,0.8387,0.05433,-0.4,0.0409
2026-10-01 15:30:30,738.41,2026-10-01,735.0,4.05,4.1,4.17,6995,1086,0.2836,0.7665,0.06457,-0.665,0.0512
2026-10-01 15:30:30,738.41,2026-10-01,736.0,3.22,3.31,3.2,10491,1570,0.2699,0.7059,0.07634,-0.855,0.0576
2026-10-01 15:30:30,738.41,2026-10-01,737.0,2.54,2.6,2.57,27213,1269,0.265,0.6275,0.0854,-1.16,0.0633
2026-10-01 15:30:30,738.41,2026-10-01,738.0,1.91,1.99,1.99,68867,2192,0.2592,0.5404,0.09158,-1.54,0.0664
2026-10-01 15:30:30,738.41,2026-10-01,739.0,1.42,1.43,1.43,98696,2072,0.2542,0.4475,0.09304,-1.425,0.0661
2026-10-01 15:30:30,738.41,2026-10-01,740.0,1.03,1.04,1.07,148750,7644,0.2557,0.3577,0.08729,-1.035,0.0624
2026-10-01 15:30:30,738.41,2026-10-01,741.0,0.71,0.76,0.76,98038,625,0.2582,0.2768,0.07756,-0.735,0.056
2026-10-01 15:30:30,738.41,2026-10-01,742.0,0.48,0.53,0.53,142381,791,0.2599,0.2068,0.06573,-0.505,0.0478
2026-10-01 15:30:30,738.41,2026-10-01,743.0,0.35,0.36,0.36,119300,1170,0.2662,0.1535,0.0532,-0.355,0.0396
2026-10-01 15:30:30,738.41,2026-10-01,744.0,0.2,0.21,0.24,133046,984,0.2588,0.1002,0.04063,-0.205,0.0294
2026-10-01 15:30:30,738.41,2026-10-01,745.0,0.17,0.18,0.18,135900,3180,0.2807,0.0821,0.03229,-0.175,0.0253
2026-10-01 15:30:30,738.41,2026-10-01,746.0,0.13,0.14,0.12,88475,1342,0.2943,0.0633,0.02523,-0.135,0.0208
2026-10-01 15:30:30,738.41,2026-10-01,747.0,0.06,0.07,0.07,43540,2595,0.2809,0.035,0.01646,-0.065,0.0129
2026-10-01 15:30:30,738.41,2026-10-01,748.0,0.04,0.05,0.08,27716,1417,0.2891,0.0247,0.01198,-0.045,0.0097
2026-10-01 15:30:30,738.41,2026-10-01,749.0,0.06,0.07,0.03,29322,1391,0.3336,0.0302,0.01225,-0.065,0.0114
2026-10-01 15:30:30,738.41,2026-10-01,750.0,0.01,0.06,0.05,55467,4016,0.3262,0.0178,0.00803,-0.035,0.0073
2026-10-01 15:30:30,738.41,2026-10-01,751.0,0.04,0.05,0.05,12096,1052,0.3631,0.0202,0.00805,-0.045,0.0082
2026-10-01 15:30:30,738.41,2026-10-01,752.0,0.01,0.02,0.03,13816,878,0.3342,0.0081,0.00397,-0.015,0.0037
2026-10-01 15:30:30,738.41,2026-10-01,753.0,0.01,0.02,0.04,14725,2353,0.3555,0.0077,0.00356,-0.015,0.0035
2026-10-01 15:31:40,738.57,2026-10-01,724.0,14.22,14.35,14.52,48,39,,,,,
2026-10-01 15:31:40,738.57,2026-10-01,725.0,13.43,13.57,13.71,117,1221,,,,,
2026-10-01 15:31:40,738.57,2026-10-01,726.0,12.46,12.62,12.81,74,57,,,,,
2026-10-01 15:31:40,738.57,2026-10-01,727.0,11.42,11.55,12.28,106,146,,,,,
2026-10-01 15:31:40,738.57,2026-10-01,728.0,10.45,10.58,10.67,124,130,,,,,
2026-10-01 15:31:40,738.57,2026-10-01,729.0,9.48,9.57,9.84,133,390,,,,,
2026-10-01 15:31:40,738.57,2026-10-01,730.0,8.53,8.65,8.46,2499,1877,0.2134,0.9924,0.00591,-0.025,0.0035
2026-10-01 15:31:40,738.57,2026-10-01,731.0,7.6,7.67,7.73,422,227,0.2488,0.967,0.01774,-0.07,0.0123
2026-10-01 15:31:40,738.57,2026-10-01,732.0,6.49,6.52,6.68,465,694,,,,,
2026-10-01 15:31:40,738.57,2026-10-01,733.0,5.6,5.67,5.76,1370,358,0.1934,0.9589,0.02731,-0.07,0.0147
2026-10-01 15:31:40,738.57,2026-10-01,734.0,4.71,4.91,4.86,2847,411,0.234,0.8809,0.05096,-0.245,0.0332
2026-10-01 15:31:40,738.57,2026-10-01,735.0,3.98,4.03,3.92,7028,1086,0.2445,0.8113,0.06624,-0.44,0.0451
2026-10-01 15:31:40,738.57,2026-10-01,736.0,3.25,3.28,3.28,10764,1570,0.2507,0.7327,0.07865,-0.7,0.0549
2026-10-01 15:31:40,738.57,2026-10-01,737.0,2.48,2.59,2.56,27782,1269,0.2441,0.6522,0.09072,-0.97,0.0617
2026-10-01 15:31:40,738.57,2026-10-01,738.0,1.98,1.99,1.99,71192,2192,0.2522,0.5561,0.09385,-1.42,0.0659
2026-10-01 15:31:40,738.57,2026-10-01,739.0,1.42,1.47,1.47,100703,2072,0.2472,0.4607,0.09625,-1.445,0.0662
2026-10-01 15:31:40,738.57,2026-10-01,740.0,1.05,1.06,1.06,152966,7644,0.2505,0.3683,0.09019,-1.055,0.0629
2026-10-01 15:31:40,738.57,2026-10-01,741.0,0.69,0.7,0.7,99125,625,0.2439,0.2774,0.08234,-0.695,0.0559
2026-10-01 15:31:40,738.57,2026-10-01,742.0,0.47,0.52,0.51,143043,791,0.2516,0.2091,0.06847,-0.495,0.048
2026-10-01 15:31:40,738.57,2026-10-01,743.0,0.34,0.35,0.35,120157,1170,0.2582,0.154,0.05506,-0.345,0.0396
2026-10-01 15:31:40,738.57,2026-10-01,744.0,0.19,0.2,0.24,133673,984,0.2507,0.0989,0.04162,-0.195,0.0291
2026-10-01 15:31:40,738.57,2026-10-01,745.0,0.13,0.14,0.18,136246,3180,0.2597,0.0705,0.03116,-0.135,0.0225
2026-10-01 15:31:40,738.57,2026-10-01,746.0,0.12,0.13,0.13,88539,1342,0.2854,0.0609,0.02532,-0.125,0.0201
2026-10-01 15:31:40,738.57,2026-10-01,747.0,0.09,0.1,0.06,43697,2595,0.2979,0.0464,0.01955,-0.095,0.0162
2026-10-01 15:31:40,738.57,2026-10-01,748.0,0.04,0.09,0.08,27722,1417,0.304,0.0328,0.01443,-0.065,0.0122
2026-10-01 15:31:40,738.57,2026-10-01,749.0,0.06,0.07,0.06,29389,1391,0.3302,0.0305,0.01251,-0.065,0.0115
2026-10-01 15:31:40,738.57,2026-10-01,750.0,0.01,0.06,0.04,55570,4016,0.3231,0.018,0.00819,-0.035,0.0074
2026-10-01 15:31:40,738.57,2026-10-01,751.0,0.04,0.05,0.03,12398,1052,0.3601,0.0204,0.0082,-0.045,0.0082
2026-10-01 15:31:40,738.57,2026-10-01,752.0,0.04,0.05,0.02,13866,878,0.3843,0.0193,0.00731,-0.045,0.0078
2026-10-01 15:31:40,738.57,2026-10-01,753.0,0.01,0.02,0.02,14726,2353,0.3529,0.0077,0.00362,-0.015,0.0036
2026-10-01 15:32:42,738.02,2026-10-01,724.0,13.95,14.34,14.52,48,39,0.4676,0.9661,0.00966,-0.12,0.0125
2026-10-01 15:32:42,738.02,2026-10-01,725.0,13.18,13.33,13.71,117,1221,0.5072,0.9411,0.0139,-0.23,0.0195
2026-10-01 15:32:42,738.02,2026-10-01,726.0,11.99,12.28,12.81,75,57,0.4042,0.9648,0.01154,-0.11,0.0129
2026-10-01 15:32:42,738.02,2026-10-01,727.0,10.99,11.25,12.28,106,146,0.3647,0.9669,0.01216,-0.095,0.0123
2026-10-01 15:32:42,738.02,2026-10-01,728.0,10.21,10.36,10.67,125,130,0.4261,0.9237,0.02022,-0.26,0.0239
2026-10-01 15:32:42,738.02,2026-10-01,729.0,9.31,9.51,9.7,133,390,0.4383,0.8947,0.02498,-0.385,0.0303
2026-10-01 15:32:42,738.02,2026-10-01,730.0,8.21,8.47,8.44,2500,1877,0.3797,0.9003,0.0277,-0.315,0.0291
2026-10-01 15:32:42,738.02,2026-10-01,731.0,7.27,7.38,7.15,424,227,0.3398,0.8953,0.0321,-0.3,0.0302
2026-10-01 15:32:42,738.02,2026-10-01,732.0,6.32,6.43,6.37,466,694,0.3192,0.874,0.03897,-0.35,0.0345
2026-10-01 15:32:42,738.02,2026-10-01,733.0,5.36,5.64,5.36,1391,358,0.3135,0.8347,0.04763,-0.475,0.0414
2026-10-01 15:32:42,738.02,2026-10-01,734.0,4.68,4.73,4.53,2859,411,0.316,0.7805,0.05622,-0.68,0.0492
2026-10-01 15:32:42,738.02,2026-10-01,735.0,3.86,3.88,3.75,7147,1086,0.3005,0.73,0.06612,-0.845,0.055
2026-10-01 15:32:42,738.02,2026-10-01,736.0,3.11,3.13,3.07,11031,1570,0.2911,0.6646,0.07523,-1.095,0.0607
2026-10-01 15:32:42,738.02,2026-10-01,737.0,2.48,2.49,2.47,28533,1269,0.2893,0.5869,0.08087,-1.46,0.0648
2026-10-01 15:32:42,738.02,2026-10-01,738.0,1.86,1.88,1.84,73588,2192,0.2785,0.5048,0.08605,-1.845,0.0664
2026-10-01 15:32:42,738.02,2026-10-01,739.0,1.39,1.41,1.41,103206,2072,0.2769,0.4189,0.08477,-1.4,0.065
2026-10-01 15:32:42,738.02,2026-10-01,740.0,1.01,1.02,1.02,155435,7644,0.2753,0.3358,0.0796,-1.015,0.0607
2026-10-01 15:32:42,738.02,2026-10-01,741.0,0.71,0.72,0.72,100440,625,0.2744,0.2599,0.07102,-0.715,0.054
2026-10-01 15:32:42,738.02,2026-10-01,742.0,0.49,0.5,0.5,144306,791,0.2754,0.1953,0.06022,-0.495,0.0459
2026-10-01 15:32:42,738.02,2026-10-01,743.0,0.29,0.34,0.33,122593,1170,0.2715,0.1377,0.04871,-0.315,0.0366
2026-10-01 15:32:42,738.02,2026-10-01,744.0,0.19,0.24,0.19,134071,984,0.2765,0.0991,0.03789,-0.215,0.029
2026-10-01 15:32:42,738.02,2026-10-01,745.0,0.12,0.13,0.17,136751,3180,0.2723,0.0636,0.0275,-0.125,0.0207
2026-10-01 15:32:42,738.02,2026-10-01,746.0,0.12,0.13,0.13,88746,1342,0.3022,0.0582,0.02311,-0.125,0.0193
2026-10-01 15:32:42,738.02,2026-10-01,747.0,0.05,0.06,0.1,43875,2595,0.2842,0.0301,0.01442,-0.055,0.0114
2026-10-01 15:32:42,738.02,2026-10-01,748.0,0.04,0.05,0.05,27731,1417,0.3001,0.024,0.01132,-0.045,0.0094
2026-10-01 15:32:42,738.02,2026-10-01,749.0,0.02,0.03,0.06,29392,1391,0.2982,0.0143,0.00733,-0.025,0.0061
2026-10-01 15:32:42,738.02,2026-10-01,750.0,0.01,0.06,0.02,55670,4016,0.3369,0.0173,0.00765,-0.035,0.0071
2026-10-01 15:32:42,738.02,2026-10-01,751.0,0.01,0.02,0.04,12421,1052,0.3224,0.0084,0.00427,-0.015,0.0038
2026-10-01 15:32:42,738.02,2026-10-01,752.0,0.01,0.05,0.02,13868,878,0.376,0.0137,0.0056,-0.03,0.0058
2026-10-01 15:32:42,738.02,2026-10-01,753.0,0.04,0.05,0.02,14726,2353,0.4222,0.0178,0.00623,-0.045,0.0073
2026-10-01 15:33:43,738.29,2026-10-01,724.0,14.07,14.11,14.52,48,39,,,,,
2026-10-01 15:33:43,738.29,2026-10-01,725.0,13.32,13.54,12.91,617,1221,0.4626,0.9601,0.01119,-0.14,0.0143
2026-10-01 15:33:43,738.29,2026-10-01,726.0,12.43,12.59,12.17,76,57,0.4802,0.9407,0.01479,-0.22,0.0196
2026-10-01 15:33:43,738.29,2026-10-01,727.0,11.05,11.55,12.28,106,146,,,,,
2026-10-01 15:33:43,738.29,2026-10-01,728.0,10.22,10.62,10.44,125,130,0.3695,0.9549,0.01546,-0.13,0.0158
2026-10-01 15:33:43,738.29,2026-10-01,729.0,9.26,9.49,9.7,133,390,0.3094,0.966,0.01468,-0.085,0.0125
2026-10-01 15:33:43,738.29,2026-10-01,730.0,8.17,8.55,8.36,2500,1877,0.2697,0.969,0.01559,-0.07,0.0116
2026-10-01 15:33:43,738.29,2026-10-01,731.0,7.45,7.63,7.15,427,227,0.332,0.909,0.02968,-0.25,0.0272
2026-10-01 15:33:43,738.29,2026-10-01,732.0,6.35,6.59,6.29,468,694,0.2718,0.92,0.03291,-0.18,0.0247
2026-10-01 15:33:43,738.29,2026-10-01,733.0,5.46,5.62,5.22,1392,358,0.2626,0.8894,0.04327,-0.25,0.0314
2026-10-01 15:33:43,738.29,2026-10-01,734.0,4.64,4.69,4.8,2869,411,0.26,0.842,0.05587,-0.375,0.0401
2026-10-01 15:33:43,738.29,2026-10-01,735.0,3.86,3.91,3.9,7182,1086,0.266,0.7741,0.06799,-0.595,0.0499
2026-10-01 15:33:43,738.29,2026-10-01,736.0,3.19,3.2,3.21,11078,1570,0.274,0.6951,0.07692,-0.905,0.0582
2026-10-01 15:33:43,738.29,2026-10-01,737.0,2.5,2.52,2.45,29189,1269,0.2689,0.6162,0.08545,-1.22,0.0635
2026-10-01 15:33:43,738.29,2026-10-01,738.0,1.89,1.9,1.9,74720,2192,0.2622,0.5292,0.09133,-1.605,0.0661
2026-10-01 15:33:43,738.29,2026-10-01,739.0,1.44,1.45,1.45,104712,2072,0.2669,0.4391,0.08889,-1.445,0.0655
2026-10-01 15:33:43,738.29,2026-10-01,740.0,1,1.01,1.05,159225,7644,0.2593,0.3484,0.08582,-1.005,0.0614
2026-10-01 15:33:43,738.29,2026-10-01,741.0,0.68,0.69,0.69,102302,625,0.2565,0.265,0.07684,-0.685,0.0544
2026-10-01 15:33:43,738.29,2026-10-01,742.0,0.46,0.51,0.51,145998,791,0.2624,0.1999,0.06418,-0.485,0.0465
2026-10-01 15:33:43,738.29,2026-10-01,743.0,0.3,0.31,0.35,123570,1170,0.2593,0.1394,0.05151,-0.305,0.0369
2026-10-01 15:33:43,738.29,2026-10-01,744.0,0.23,0.24,0.2,135656,984,0.2746,0.1075,0.04053,-0.235,0.0307
2026-10-01 15:33:43,738.29,2026-10-01,745.0,0.16,0.17,0.17,137674,3180,0.2822,0.0782,0.03114,-0.165,0.0243
2026-10-01 15:33:43,738.29,2026-10-01,746.0,0.12,0.13,0.13,89201,1342,0.2948,0.0595,0.02415,-0.125,0.0197
2026-10-01 15:33:43,738.29,2026-10-01,747.0,0.05,0.1,0.1,43912,2595,0.2934,0.0384,0.0171,-0.075,0.0139
2026-10-01 15:33:43,738.29,2026-10-01,748.0,0.03,0.04,0.04,27790,1417,0.2826,0.0203,0.01044,-0.035,0.0081
2026-10-01 15:33:43,738.29,2026-10-01,749.0,0.06,0.07,0.03,29403,1391,0.3388,0.0299,0.01206,-0.065,0.0113
2026-10-01 15:33:43,738.29,2026-10-01,750.0,0.01,0.06,0.05,55704,4016,0.3311,0.0176,0.00791,-0.035,0.0072
2026-10-01 15:33:43,738.29,2026-10-01,751.0,0.04,0.05,0.04,12427,1052,0.3683,0.0201,0.00794,-0.045,0.0081
2026-10-01 15:33:43,738.29,2026-10-01,752.0,0.04,0.05,0.04,13933,878,0.3926,0.019,0.0071,-0.045,0.0077
2026-10-01 15:33:43,738.29,2026-10-01,753.0,0.01,0.05,0.04,14734,2353,0.3934,0.0132,0.00518,-0.03,0.0056
2026-10-01 15:34:45,737.34,2026-10-01,723.0,14.23,14.66,15.53,20,41,0.4659,0.9702,0.00877,-0.105,0.0112
2026-10-01 15:34:45,737.34,2026-10-01,724.0,13.36,13.5,14.52,48,39,0.4251,0.9725,0.00899,-0.09,0.0105
2026-10-01 15:34:45,737.34,2026-10-01,725.0,12.19,12.39,12.91,617,1221,,,,,
2026-10-01 15:34:45,737.34,2026-10-01,726.0,11.13,11.62,12.17,76,57,0.3029,0.9888,0.00585,-0.035,0.0049
2026-10-01 15:34:45,737.34,2026-10-01,727.0,10.28,10.46,12.28,106,146,0.2687,0.9905,0.00571,-0.03,0.0042
2026-10-01 15:34:45,737.34,2026-10-01,728.0,9.32,9.47,10.44,125,130,0.2836,0.9776,0.01133,-0.055,0.0088
2026-10-01 15:34:45,737.34,2026-10-01,729.0,8.23,8.45,9.7,133,390,,,,,
2026-10-01 15:34:45,737.34,2026-10-01,730.0,7.42,7.51,7.84,2513,1877,0.2802,0.9448,0.02405,-0.125,0.0185
2026-10-01 15:34:45,737.34,2026-10-01,731.0,6.56,6.69,6.69,429,227,0.3122,0.8921,0.03586,-0.285,0.0307
2026-10-01 15:34:45,737.34,2026-10-01,732.0,5.52,5.64,5.97,471,694,0.262,0.8928,0.04253,-0.24,0.0306
2026-10-01 15:34:45,737.34,2026-10-01,733.0,4.73,4.91,4.94,1393,358,0.288,0.8209,0.05482,-0.48,0.0433
2026-10-01 15:34:45,737.34,2026-10-01,734.0,3.94,4.07,4.54,2870,411,0.2831,0.7644,0.06563,-0.665,0.051
2026-10-01 15:34:45,737.34,2026-10-01,735.0,3.28,3.3,3.27,7213,1086,0.2853,0.6924,0.07441,-0.95,0.0582
2026-10-01 15:34:45,737.34,2026-10-01,736.0,2.54,2.62,2.59,11164,1570,0.276,0.6179,0.08342,-1.24,0.0632
2026-10-01 15:34:45,737.34,2026-10-01,737.0,2.009,2.029,2.009,29388,1269,0.2778,0.5321,0.08641,-1.679,0.0659
2026-10-01 15:34:45,737.34,2026-10-01,738.0,1.46,1.47,1.47,75286,2192,0.2675,0.4434,0.08913,-1.465,0.0654
2026-10-01 15:34:45,737.34,2026-10-01,739.0,1.1,1.11,1.1,105782,2072,0.2735,0.3597,0.08255,-1.105,0.0619
2026-10-01 15:34:45,737.34,2026-10-01,740.0,0.74,0.8,0.8,161340,7644,0.2704,0.2788,0.07501,-0.77,0.0556
2026-10-01 15:34:45,737.34,2026-10-01,741.0,0.55,0.56,0.56,103339,625,0.2759,0.2141,0.06378,-0.555,0.0483
2026-10-01 15:34:45,737.34,2026-10-01,742.0,0.34,0.35,0.35,146960,791,0.2689,0.15,0.05235,-0.345,0.0386
2026-10-01 15:34:45,737.34,2026-10-01,743.0,0.22,0.23,0.23,124271,1170,0.2704,0.1053,0.04067,-0.225,0.0302
2026-10-01 15:34:45,737.34,2026-10-01,744.0,0.15,0.2,0.2,135818,984,0.2856,0.0815,0.03188,-0.175,0.025
2026-10-01 15:34:45,737.34,2026-10-01,745.0,0.14,0.15,0.15,138050,3180,0.304,0.066,0.02546,-0.145,0.0212
2026-10-01 15:34:45,737.34,2026-10-01,746.0,0.06,0.11,0.12,89430,1342,0.3,0.0422,0.0181,-0.085,0.0149
2026-10-01 15:34:45,737.34,2026-10-01,747.0,0.05,0.06,0.1,44066,2595,0.3034,0.0285,0.01298,-0.055,0.0108
2026-10-01 15:34:45,737.34,2026-10-01,748.0,0.03,0.04,0.04,27808,1417,0.3068,0.0189,0.0091,-0.035,0.0077
2026-10-01 15:34:45,737.34,2026-10-01,749.0,0.06,0.07,0.03,29411,1391,0.3646,0.0281,0.01068,-0.065,0.0107
2026-10-01 15:34:45,737.34,2026-10-01,750.0,0.05,0.06,0.02,55811,4016,0.3799,0.0234,0.00879,-0.055,0.0092
2026-10-01 15:34:45,737.34,2026-10-01,751.0,0.04,0.05,0.02,12429,1052,0.3926,0.019,0.00713,-0.045,0.0077
2026-10-01 15:34:45,737.34,2026-10-01,752.0,0.04,0.05,0.04,13933,878,0.4167,0.018,0.00643,-0.045,0.0073
2026-10-01 15:35:46,737.04,2026-10-01,723.0,14.02,14.33,14.58,23,41,0.4831,0.9627,0.01019,-0.135,0.0134
2026-10-01 15:35:46,737.04,2026-10-01,724.0,12.94,12.98,14.52,48,39,,,,,
2026-10-01 15:35:46,737.04,2026-10-01,725.0,11.87,12.02,12.38,635,1221,,,,,
2026-10-01 15:35:46,737.04,2026-10-01,726.0,11.27,11.4,11.27,78,57,0.4773,0.9219,0.01852,-0.295,0.0241
2026-10-01 15:35:46,737.04,2026-10-01,727.0,9.95,10.17,12.28,106,146,0.2288,0.9963,0.00291,-0.02,0.0018
2026-10-01 15:35:46,737.04,2026-10-01,728.0,9.12,9.24,10.44,125,130,0.3406,0.9477,0.019,-0.14,0.0177
2026-10-01 15:35:46,737.04,2026-10-01,729.0,8.01,8.17,8.49,140,390,0.2451,0.9774,0.01327,-0.05,0.0089
2026-10-01 15:35:46,737.04,2026-10-01,730.0,7.12,7.31,7.33,2516,1877,0.2957,0.9271,0.02836,-0.175,0.0229
2026-10-01 15:35:46,737.04,2026-10-01,731.0,6.23,6.52,6.69,1044,227,0.3177,0.8774,0.03869,-0.335,0.0336
2026-10-01 15:35:46,737.04,2026-10-01,732.0,5.41,5.54,5.97,473,694,0.3065,0.8426,0.04753,-0.435,0.0398
2026-10-01 15:35:46,737.04,2026-10-01,733.0,4.5,4.57,4.67,1412,358,0.2795,0.8116,0.05846,-0.495,0.0446
2026-10-01 15:35:46,737.04,2026-10-01,734.0,3.73,3.78,4.54,2943,411,0.2792,0.7476,0.06923,-0.715,0.0528
2026-10-01 15:35:46,737.04,2026-10-01,735.0,3.01,3.02,3.17,7272,1086,0.274,0.6764,0.07935,-0.975,0.0594
2026-10-01 15:35:46,737.04,2026-10-01,736.0,2.37,2.45,2.45,11291,1570,0.2784,0.5921,0.0844,-1.37,0.0642
2026-10-01 15:35:46,737.04,2026-10-01,737.0,1.87,1.89,1.9,29799,1269,0.2809,0.5061,0.08593,-1.84,0.0659
2026-10-01 15:35:46,737.04,2026-10-01,738.0,1.4,1.42,1.42,76822,2192,0.2795,0.4203,0.08465,-1.41,0.0646
2026-10-01 15:35:46,737.04,2026-10-01,739.0,0.99,1.04,1.04,107678,2072,0.2764,0.3365,0.0799,-1.015,0.0603
2026-10-01 15:35:46,737.04,2026-10-01,740.0,0.69,0.74,0.74,165161,7644,0.2756,0.2605,0.07127,-0.715,0.0537
2026-10-01 15:35:46,737.04,2026-10-01,741.0,0.51,0.52,0.52,104936,625,0.2811,0.1994,0.06017,-0.515,0.0462
2026-10-01 15:35:46,737.04,2026-10-01,742.0,0.35,0.36,0.36,148572,791,0.2836,0.1473,0.04914,-0.355,0.0381
2026-10-01 15:35:46,737.04,2026-10-01,743.0,0.21,0.22,0.26,126351,1170,0.278,0.0993,0.038,-0.215,0.0288
2026-10-01 15:35:46,737.04,2026-10-01,744.0,0.13,0.18,0.18,138614,984,0.2875,0.0733,0.02928,-0.155,0.023
2026-10-01 15:35:46,737.04,2026-10-01,745.0,0.13,0.14,0.14,139139,3180,0.309,0.0613,0.02373,-0.135,0.02
2026-10-01 15:35:46,737.04,2026-10-01,746.0,0.06,0.11,0.11,90015,1342,0.309,0.0412,0.01727,-0.085,0.0146
2026-10-01 15:35:46,737.04,2026-10-01,747.0,0.04,0.09,0.09,44215,2595,0.3209,0.0315,0.01336,-0.065,0.0117
2026-10-01 15:35:46,737.04,2026-10-01,748.0,0.02,0.03,0.07,27872,1417,0.3,0.0143,0.00734,-0.025,0.006
2026-10-01 15:35:46,737.04,2026-10-01,749.0,0.05,0.06,0.06,29412,1391,0.3631,0.0244,0.00954,-0.055,0.0095
2026-10-01 15:35:46,737.04,2026-10-01,750.0,0.01,0.02,0.05,55839,4016,0.3244,0.0084,0.00428,-0.015,0.0038
2026-10-01 15:35:46,737.04,2026-10-01,751.0,0.01,0.02,0.02,12433,1052,0.3461,0.0079,0.00381,-0.015,0.0036
2026-10-01 15:35:46,737.04,2026-10-01,752.0,0.01,0.02,0.04,13953,878,0.3676,0.0075,0.00342,-0.015,0.0034
