run_time,spot,expiration,strike,bid,ask,last,volume,open_interest,iv,delta,gamma,theta,vega
2026-08-27 19:15:14,718.69,2026-08-27,712.0,0.01,0.04,0.02,89230,783,0.497,-0.0206,0.01504,-0.025,0.0033
2026-08-27 19:15:14,718.69,2026-08-27,713.0,0.03,0.04,0.03,67934,598,0.4579,-0.0298,0.02226,-0.035,0.0045
2026-08-27 19:15:14,718.69,2026-08-27,714.0,0.03,0.04,0.04,113193,2092,0.3901,-0.0342,0.02934,-0.035,0.005
2026-08-27 19:15:14,718.69,2026-08-27,715.0,0.04,0.05,0.05,220163,1959,0.3366,-0.0484,0.04505,-0.045,0.0067
2026-08-27 19:15:14,718.69,2026-08-27,716.0,0.07,0.08,0.08,229019,252,0.295,-0.0838,0.07866,-0.075,0.0102
2026-08-27 19:15:14,718.69,2026-08-27,717.0,0.16,0.17,0.17,296017,271,0.2701,-0.1717,0.1422,-0.165,0.0169
2026-08-27 19:15:14,718.69,2026-08-27,718.0,0.32,0.37,0.39,405303,609,0.2389,-0.3305,0.2287,-0.345,0.024
2026-08-27 19:15:14,718.69,2026-08-27,719.0,0.74,0.76,0.8,280558,157,0.2205,-0.5828,0.26693,-0.44,0.0259
2026-08-27 19:15:14,718.69,2026-08-27,720.0,1.42,1.45,1.58,180272,343,0.2083,-0.8276,0.18486,-0.125,0.0169
2026-08-27 19:15:14,718.69,2026-08-27,721.0,2.26,2.43,2.22,39626,113,0.2225,-0.9406,0.08007,-0.035,0.0078
2026-08-27 19:15:14,718.69,2026-08-27,722.0,3.18,3.39,3.4,13035,335,,,,,
2026-08-27 19:15:14,718.69,2026-08-27,723.0,4.25,4.38,4.33,5028,65,0.2856,-0.9883,0.01616,-0.005,0.002
2026-08-27 19:15:14,718.69,2026-08-27,724.0,5.25,5.47,5.23,1794,103,0.4618,-0.9577,0.02944,-0.05,0.006
2026-08-27 19:15:14,718.69,2026-08-27,725.0,6.16,6.54,6.5,1172,110,0.5114,-0.9678,0.02128,-0.04,0.0048
2026-08-27 19:16:15,718.9,2026-08-27,712.0,0.01,0.04,0.01,89575,783,0.5159,-0.0201,0.01436,-0.025,0.0032
2026-08-27 19:16:15,718.9,2026-08-27,713.0,0.03,0.04,0.03,67936,598,0.4772,-0.029,0.02112,-0.035,0.0043
2026-08-27 19:16:15,718.9,2026-08-27,714.0,0.01,0.04,0.03,113245,2092,0.3862,-0.026,0.02381,-0.025,0.004
2026-08-27 19:16:15,718.9,2026-08-27,715.0,0.01,0.05,0.05,220266,1959,0.3296,-0.035,0.03576,-0.03,0.0051
2026-08-27 19:16:15,718.9,2026-08-27,716.0,0.03,0.04,0.04,229275,252,0.2668,-0.0481,0.05716,-0.035,0.0066
2026-08-27 19:16:15,718.9,2026-08-27,717.0,0.13,0.14,0.14,297220,271,0.2752,-0.1453,0.12646,-0.135,0.015
2026-08-27 19:16:15,718.9,2026-08-27,718.0,0.26,0.31,0.31,406169,609,0.2437,-0.2856,0.21265,-0.285,0.0223
2026-08-27 19:16:15,718.9,2026-08-27,719.0,0.63,0.64,0.63,280837,157,0.2236,-0.5261,0.2715,-0.535,0.0261
2026-08-27 19:16:15,718.9,2026-08-27,720.0,1.24,1.27,1.33,180399,343,0.2051,-0.7922,0.21288,-0.155,0.0188
2026-08-27 19:16:15,718.9,2026-08-27,721.0,2.06,2.19,2.19,39629,113,0.1955,-0.9487,0.08209,-0.025,0.0069
2026-08-27 19:16:15,718.9,2026-08-27,722.0,3.05,3.19,3.37,13035,335,0.2579,-0.9661,0.04452,-0.02,0.0049
2026-08-27 19:16:15,718.9,2026-08-27,723.0,4.019,4.32,4.33,5028,65,0.4057,-0.9374,0.04625,-0.0695,0.0081
2026-08-27 19:16:15,718.9,2026-08-27,724.0,5.02,5.21,5.23,1794,103,0.3751,-0.9804,0.01931,-0.015,0.0031
2026-08-27 19:16:15,718.9,2026-08-27,725.0,5.92,6.16,6.5,1172,110,,,,,
2026-08-27 19:17:16,718.93,2026-08-27,712.0,0.03,0.04,0.03,89672,783,0.5524,-0.0257,0.01672,-0.035,0.0039
2026-08-27 19:17:16,718.93,2026-08-27,713.0,0.03,0.04,0.03,67946,598,0.4848,-0.0289,0.02097,-0.035,0.0043
2026-08-27 19:17:16,718.93,2026-08-27,714.0,0.03,0.04,0.03,113261,2092,0.4158,-0.033,0.02733,-0.035,0.0048
2026-08-27 19:17:16,718.93,2026-08-27,715.0,0.01,0.05,0.02,220333,1959,0.3356,-0.0348,0.03538,-0.03,0.005
2026-08-27 19:17:16,718.93,2026-08-27,716.0,0.02,0.03,0.03,229785,252,0.2552,-0.0377,0.04968,-0.025,0.0053
2026-08-27 19:17:16,718.93,2026-08-27,717.0,0.13,0.14,0.1,297746,271,0.2814,-0.1441,0.12442,-0.135,0.0147
2026-08-27 19:17:16,718.93,2026-08-27,718.0,0.3,0.31,0.31,407338,609,0.2595,-0.2891,0.20321,-0.305,0.0222
2026-08-27 19:17:16,718.93,2026-08-27,719.0,0.67,0.68,0.68,280973,157,0.2477,-0.5163,0.24822,-0.605,0.0258
2026-08-27 19:17:16,718.93,2026-08-27,720.0,1.28,1.32,1.34,180556,343,0.2422,-0.7512,0.20186,-0.23,0.0205
2026-08-27 19:17:16,718.93,2026-08-27,721.0,2.11,2.19,2.23,39630,113,0.2538,-0.895,0.11051,-0.08,0.0118
2026-08-27 19:17:16,718.93,2026-08-27,722.0,3.08,3.18,3.37,13037,335,0.3178,-0.9311,0.06436,-0.06,0.0086
2026-08-27 19:17:16,718.93,2026-08-27,723.0,3.99,4.23,4.33,5029,65,0.366,-0.9562,0.03912,-0.04,0.006
2026-08-27 19:17:16,718.93,2026-08-27,724.0,4.98,5.12,5.23,1794,103,,,,,
2026-08-27 19:17:16,718.93,2026-08-27,725.0,6,6.29,6.5,1172,110,0.5673,-0.9495,0.02825,-0.075,0.0067
2026-08-27 19:18:16,718.84,2026-08-27,712.0,0.01,0.02,0.03,89692,783,0.487,-0.0137,0.01122,-0.015,0.0022
2026-08-27 19:18:16,718.84,2026-08-27,713.0,0.03,0.04,0.03,67962,598,0.4844,-0.0292,0.02144,-0.035,0.0043
2026-08-27 19:18:16,718.84,2026-08-27,714.0,0.03,0.04,0.03,113291,2092,0.4145,-0.0335,0.02806,-0.035,0.0048
2026-08-27 19:18:16,718.84,2026-08-27,715.0,0.01,0.02,0.02,220379,1959,0.2969,-0.0213,0.02686,-0.015,0.0033
2026-08-27 19:18:16,718.84,2026-08-27,716.0,0.07,0.08,0.04,229988,252,0.3182,-0.0809,0.07358,-0.075,0.0096
2026-08-27 19:18:16,718.84,2026-08-27,717.0,0.11,0.16,0.16,298255,271,0.2758,-0.1479,0.13074,-0.135,0.0148
2026-08-27 19:18:16,718.84,2026-08-27,718.0,0.33,0.38,0.38,408171,609,0.2728,-0.3143,0.20311,-0.355,0.0227
2026-08-27 19:18:16,718.84,2026-08-27,719.0,0.77,0.79,0.82,281111,157,0.2733,-0.5354,0.22701,-0.62,0.0255
2026-08-27 19:18:16,718.84,2026-08-27,720.0,1.52,1.56,1.55,180581,343,0.3273,-0.7089,0.16357,-0.38,0.022
2026-08-27 19:18:16,718.84,2026-08-27,721.0,2.36,2.41,2.45,39634,113,0.3659,-0.8206,0.11174,-0.225,0.0168
2026-08-27 19:18:16,718.84,2026-08-27,722.0,3.23,3.45,3.28,13037,335,0.4367,-0.8696,0.07579,-0.18,0.0136
2026-08-27 19:18:16,718.84,2026-08-27,723.0,4.25,4.43,4.16,5029,65,0.5297,-0.8887,0.0559,-0.18,0.0121
2026-08-27 19:18:16,718.84,2026-08-27,724.0,5.15,5.56,5.23,1794,103,0.6322,-0.8973,0.04419,-0.195,0.0115
2026-08-27 19:18:16,718.84,2026-08-27,725.0,6.28,6.38,6.5,1172,110,0.6952,-0.9153,0.03487,-0.17,0.0099
2026-08-27 19:19:16,718.8,2026-08-27,712.0,0.03,0.04,0.02,90001,783,0.5574,-0.0261,0.01717,-0.035,0.0038
2026-08-27 19:19:16,718.8,2026-08-27,713.0,0.03,0.04,0.02,68002,598,0.488,-0.0293,0.02163,-0.035,0.0042
2026-08-27 19:19:16,718.8,2026-08-27,714.0,0.03,0.04,0.02,113429,2092,0.4171,-0.0337,0.02835,-0.035,0.0047
2026-08-27 19:19:16,718.8,2026-08-27,715.0,0.04,0.05,0.05,220615,1959,0.3616,-0.0474,0.04322,-0.045,0.0063
2026-08-27 19:19:16,718.8,2026-08-27,716.0,0.06,0.07,0.07,230769,252,0.3083,-0.0744,0.07216,-0.065,0.0089
2026-08-27 19:19:16,718.8,2026-08-27,717.0,0.09,0.15,0.15,299497,271,0.2652,-0.1402,0.13274,-0.12,0.0141
2026-08-27 19:19:16,718.8,2026-08-27,718.0,0.29,0.34,0.34,410241,609,0.2534,-0.3068,0.21905,-0.315,0.0222
2026-08-27 19:19:16,718.8,2026-08-27,719.0,0.69,0.75,0.75,281950,157,0.2452,-0.549,0.25524,-0.525,0.0251
2026-08-27 19:19:16,718.8,2026-08-27,720.0,1.34,1.42,1.45,180774,343,0.2399,-0.7835,0.1933,-0.185,0.0186
2026-08-27 19:19:16,718.8,2026-08-27,721.0,2.26,2.3,2.3,39655,113,0.2757,-0.8951,0.1042,-0.085,0.0115
2026-08-27 19:19:16,718.8,2026-08-27,722.0,3.14,3.27,3.28,13078,335,0.2483,-0.9787,0.03257,-0.01,0.0032
2026-08-27 19:19:16,718.8,2026-08-27,723.0,4.16,4.37,4.16,5031,65,0.4286,-0.9382,0.04496,-0.07,0.0077
2026-08-27 19:19:16,718.8,2026-08-27,724.0,5.04,5.35,5.23,1794,103,0.3082,-0.996,0.00607,0.0,0.0007
2026-08-27 19:19:16,718.8,2026-08-27,725.0,6.04,6.44,6.5,1172,110,0.538,-0.9648,0.02282,-0.045,0.0049
2026-08-27 19:20:17,718.93,2026-08-27,712.0,0.03,0.04,0.03,90428,783,0.5734,-0.0257,0.0167,-0.035,0.0037
2026-08-27 19:20:17,718.93,2026-08-27,713.0,0.03,0.04,0.03,68010,598,0.5032,-0.0288,0.02094,-0.035,0.0041
2026-08-27 19:20:17,718.93,2026-08-27,714.0,0.01,0.04,0.03,113930,2092,0.4077,-0.0258,0.02357,-0.025,0.0038
2026-08-27 19:20:17,718.93,2026-08-27,715.0,0.01,0.02,0.02,221195,1959,0.3106,-0.0209,0.0259,-0.015,0.0031
2026-08-27 19:20:17,718.93,2026-08-27,716.0,0.02,0.03,0.03,231628,252,0.265,-0.0377,0.04957,-0.025,0.0051
2026-08-27 19:20:17,718.93,2026-08-27,717.0,0.08,0.13,0.13,300233,271,0.2702,-0.1251,0.12196,-0.105,0.0129
2026-08-27 19:20:17,718.93,2026-08-27,718.0,0.25,0.26,0.26,412316,609,0.246,-0.2706,0.21527,-0.255,0.0207
2026-08-27 19:20:17,718.93,2026-08-27,719.0,0.63,0.64,0.64,283044,157,0.2419,-0.5161,0.26367,-0.57,0.0249
2026-08-27 19:20:17,718.93,2026-08-27,720.0,1.24,1.28,1.35,181283,343,0.2326,-0.7671,0.21033,-0.195,0.0191
2026-08-27 19:20:17,718.93,2026-08-27,721.0,2.14,2.22,2.18,39671,113,0.2912,-0.8709,0.1157,-0.115,0.0132
2026-08-27 19:20:17,718.93,2026-08-27,722.0,3.14,3.21,3.12,13115,335,0.3809,-0.9001,0.07366,-0.11,0.011
2026-08-27 19:20:17,718.93,2026-08-27,723.0,3.98,4.28,4.29,5032,65,0.4167,-0.9399,0.04581,-0.065,0.0075
2026-08-27 19:20:17,718.93,2026-08-27,724.0,5.03,5.33,5.23,1794,103,0.5599,-0.925,0.04047,-0.115,0.0088
2026-08-27 19:20:17,718.93,2026-08-27,725.0,6.09,6.27,6.5,1172,110,0.6427,-0.9332,0.03223,-0.115,0.0081
2026-08-27 19:21:19,719.0,2026-08-27,712.0,0.03,0.04,0.02,90428,783,0.5851,-0.0255,0.01649,-0.035,0.0037
2026-08-27 19:21:19,719.0,2026-08-27,713.0,0.01,0.02,0.02,68041,598,0.4512,-0.0152,0.01373,-0.015,0.0024
2026-08-27 19:21:19,719.0,2026-08-27,714.0,0.01,0.04,0.03,113956,2092,0.4173,-0.0256,0.02316,-0.025,0.0037
2026-08-27 19:21:19,719.0,2026-08-27,715.0,0.04,0.05,0.04,221263,1959,0.3857,-0.0458,0.04044,-0.045,0.0059
2026-08-27 19:21:19,719.0,2026-08-27,716.0,0.06,0.07,0.07,232378,252,0.3325,-0.0713,0.06642,-0.065,0.0084
2026-08-27 19:21:19,719.0,2026-08-27,717.0,0.11,0.12,0.12,301017,271,0.2875,-0.1294,0.11893,-0.115,0.013
2026-08-27 19:21:19,719.0,2026-08-27,718.0,0.24,0.29,0.29,414049,609,0.2621,-0.2682,0.2038,-0.265,0.0203
2026-08-27 19:21:19,719.0,2026-08-27,719.0,0.63,0.65,0.63,283376,157,0.2595,-0.5002,0.24921,-0.635,0.0246
2026-08-27 19:21:19,719.0,2026-08-27,720.0,1.28,1.3,1.27,181389,343,0.2734,-0.7234,0.19844,-0.285,0.0206
2026-08-27 19:21:19,719.0,2026-08-27,721.0,1.99,2.18,2.15,39691,113,0.2605,-0.8932,0.11458,-0.08,0.0114
2026-08-27 19:21:19,719.0,2026-08-27,722.0,2.96,3.15,3.17,13121,335,0.3157,-0.9379,0.06282,-0.05,0.0075
2026-08-27 19:21:19,719.0,2026-08-27,723.0,3.87,4.26,4.29,5032,65,0.4104,-0.9424,0.04558,-0.06,0.0071
2026-08-27 19:21:19,719.0,2026-08-27,724.0,4.88,5.29,5.23,1794,103,0.5187,-0.9401,0.03716,-0.08,0.0073
2026-08-27 19:21:19,719.0,2026-08-27,725.0,5.96,6.24,6.5,1172,110,0.62,-0.9407,0.03087,-0.095,0.0073
2026-08-27 19:22:19,718.97,2026-08-27,712.0,0.03,0.04,0.02,90572,783,0.5912,-0.0256,0.01658,-0.035,0.0036
2026-08-27 19:22:19,718.97,2026-08-27,713.0,0.03,0.04,0.02,68042,598,0.5192,-0.0287,0.02077,-0.035,0.004
2026-08-27 19:22:19,718.97,2026-08-27,714.0,0.01,0.02,0.02,113957,2092,0.3891,-0.0175,0.01826,-0.015,0.0026
2026-08-27 19:22:19,718.97,2026-08-27,715.0,0.01,0.05,0.02,221450,1959,0.3604,-0.0346,0.03488,-0.03,0.0047
2026-08-27 19:22:19,718.97,2026-08-27,716.0,0.06,0.07,0.07,232730,252,0.3348,-0.0717,0.06714,-0.065,0.0083
2026-08-27 19:22:19,718.97,2026-08-27,717.0,0.07,0.08,0.08,301461,271,0.2552,-0.1016,0.11429,-0.075,0.0108
2026-08-27 19:22:19,718.97,2026-08-27,718.0,0.27,0.28,0.28,414999,609,0.2672,-0.2745,0.20496,-0.275,0.0203
2026-08-27 19:22:19,718.97,2026-08-27,719.0,0.59,0.65,0.61,283624,157,0.2495,-0.5069,0.26259,-0.59,0.0243
2026-08-27 19:22:19,718.97,2026-08-27,720.0,1.23,1.27,1.3,181596,343,0.2475,-0.7519,0.21003,-0.22,0.0193
2026-08-27 19:22:19,718.97,2026-08-27,721.0,2.09,2.14,2.13,39691,113,0.2707,-0.8902,0.11395,-0.085,0.0114
2026-08-27 19:22:19,718.97,2026-08-27,722.0,2.97,3.2,3.22,13280,335,0.3284,-0.9345,0.06383,-0.055,0.0078
2026-08-27 19:22:19,718.97,2026-08-27,723.0,3.97,4.13,4.29,5032,65,0.3442,-0.9723,0.03041,-0.02,0.0039
2026-08-27 19:22:19,718.97,2026-08-27,724.0,4.98,5.15,5.23,1794,103,0.4517,-0.9656,0.02768,-0.035,0.0046
2026-08-27 19:22:19,718.97,2026-08-27,725.0,5.96,6.25,6.5,1172,110,0.6006,-0.9494,0.02846,-0.075,0.0063
2026-08-27 19:23:19,719.08,2026-08-27,713.0,0.03,0.04,0.03,68080,598,0.5343,-0.0283,0.02023,-0.035,0.0039
2026-08-27 19:23:19,719.08,2026-08-27,714.0,0.03,0.04,0.04,114017,2092,0.4601,-0.0323,0.02619,-0.035,0.0043
2026-08-27 19:23:19,719.08,2026-08-27,715.0,0.01,0.05,0.02,221558,1959,0.3735,-0.0339,0.03355,-0.03,0.0045
2026-08-27 19:23:19,719.08,2026-08-27,716.0,0.01,0.02,0.02,233152,252,0.2628,-0.0251,0.03717,-0.015,0.0035
2026-08-27 19:23:19,719.08,2026-08-27,717.0,0.1,0.11,0.11,302144,271,0.2958,-0.12,0.1126,-0.105,0.012
2026-08-27 19:23:19,719.08,2026-08-27,718.0,0.23,0.24,0.2,416838,609,0.2651,-0.2478,0.19868,-0.235,0.019
2026-08-27 19:23:19,719.08,2026-08-27,719.0,0.57,0.58,0.54,283996,157,0.2568,-0.4783,0.25831,-0.575,0.0239
2026-08-27 19:23:19,719.08,2026-08-27,720.0,1.14,1.17,1.16,182066,343,0.244,-0.7339,0.22392,-0.235,0.0197
2026-08-27 19:23:19,719.08,2026-08-27,721.0,1.98,2.09,2.07,39701,113,0.288,-0.8656,0.12511,-0.115,0.013
2026-08-27 19:23:19,719.08,2026-08-27,722.0,2.95,3.05,3.07,13281,335,0.3526,-0.9152,0.07334,-0.08,0.0093
2026-08-27 19:23:19,719.08,2026-08-27,723.0,3.9,4.12,4.29,5032,65,0.4528,-0.9243,0.0524,-0.09,0.0086
2026-08-27 19:23:19,719.08,2026-08-27,724.0,4.97,5.02,5.23,1794,103,0.5184,-0.942,0.03725,-0.075,0.007
2026-08-27 19:23:19,719.08,2026-08-27,725.0,5.86,6.1,6.5,1172,110,0.5746,-0.9559,0.027,-0.06,0.0056
2026-08-27 19:23:19,719.08,2026-08-27,726.0,7,7.09,7.25,220,28,0.7538,-0.9354,0.02786,-0.125,0.0076
2026-08-27 19:24:20,718.95,2026-08-27,712.0,0.01,0.02,0.01,90624,783,0.5341,-0.0135,0.01095,-0.015,0.0021
2026-08-27 19:24:20,718.95,2026-08-27,713.0,0.03,0.04,0.03,68184,598,0.5321,-0.0288,0.02087,-0.035,0.0039
2026-08-27 19:24:20,718.95,2026-08-27,714.0,0.03,0.04,0.03,114109,2092,0.4567,-0.0329,0.02718,-0.035,0.0044
2026-08-27 19:24:20,718.95,2026-08-27,715.0,0.04,0.05,0.03,221752,1959,0.398,-0.0462,0.04107,-0.045,0.0057
2026-08-27 19:24:20,718.95,2026-08-27,716.0,0.01,0.06,0.06,233295,252,0.2995,-0.0476,0.05586,-0.035,0.0059
2026-08-27 19:24:20,718.95,2026-08-27,717.0,0.1,0.11,0.11,302571,271,0.2867,-0.1245,0.12094,-0.105,0.0122
2026-08-27 19:24:20,718.95,2026-08-27,718.0,0.25,0.26,0.26,417313,609,0.2617,-0.269,0.21296,-0.255,0.0195
2026-08-27 19:24:20,718.95,2026-08-27,719.0,0.61,0.62,0.62,284353,157,0.25,-0.5125,0.26929,-0.565,0.0236
2026-08-27 19:24:20,718.95,2026-08-27,720.0,1.24,1.28,1.28,182290,343,0.2516,-0.7586,0.2093,-0.21,0.0185
2026-08-27 19:24:20,718.95,2026-08-27,721.0,2.05,2.11,2.15,39704,113,0.2193,-0.9422,0.08906,-0.03,0.0069
2026-08-27 19:24:20,718.95,2026-08-27,722.0,2.95,3.1,3.11,13282,335,,,,,
2026-08-27 19:24:20,718.95,2026-08-27,723.0,3.82,4.12,4.1,5034,65,,,,,
2026-08-27 19:24:20,718.95,2026-08-27,724.0,4.99,5.25,5.23,1794,103,0.529,-0.9456,0.03521,-0.07,0.0065
2026-08-27 19:24:20,718.95,2026-08-27,725.0,5.85,6.12,6.5,1172,110,,,,,
2026-08-27 19:25:20,718.76,2026-08-27,712.0,0.01,0.04,0.03,90695,783,0.5697,-0.0204,0.01481,-0.025,0.0029
2026-08-27 19:25:20,718.76,2026-08-27,713.0,0.01,0.02,0.03,68184,598,0.4607,-0.0156,0.0146,-0.015,0.0023
2026-08-27 19:25:20,718.76,2026-08-27,714.0,0.03,0.04,0.02,114139,2092,0.4486,-0.0339,0.02874,-0.035,0.0044
2026-08-27 19:25:20,718.76,2026-08-27,715.0,0.01,0.02,0.03,221976,1959,0.32,-0.0216,0.02771,-0.015,0.003
2026-08-27 19:25:20,718.76,2026-08-27,716.0,0.01,0.06,0.06,233731,252,0.2881,-0.0498,0.06113,-0.035,0.006
2026-08-27 19:25:20,718.76,2026-08-27,717.0,0.07,0.08,0.12,303034,271,0.2453,-0.1087,0.13024,-0.075,0.0109
2026-08-27 19:25:20,718.76,2026-08-27,718.0,0.25,0.31,0.31,418382,609,0.2508,-0.3008,0.23787,-0.28,0.0203
2026-08-27 19:25:20,718.76,2026-08-27,719.0,0.66,0.71,0.71,284696,157,0.2396,-0.5672,0.28124,-0.445,0.023
2026-08-27 19:25:20,718.76,2026-08-27,720.0,1.34,1.4,1.31,182580,343,0.2315,-0.8198,0.19436,-0.13,0.0153
2026-08-27 19:25:20,718.76,2026-08-27,721.0,2.26,2.32,2.18,39715,113,0.2657,-0.925,0.09126,-0.05,0.0083
2026-08-27 19:25:20,718.76,2026-08-27,722.0,3.12,3.24,3.11,13283,335,,,,,
2026-08-27 19:25:20,718.76,2026-08-27,723.0,4.05,4.32,4.1,5035,65,,,,,
2026-08-27 19:25:20,718.76,2026-08-27,724.0,5.13,5.26,5.23,1794,103,,,,,
2026-08-27 19:25:20,718.76,2026-08-27,725.0,6.15,6.38,6.5,1172,110,0.5339,-0.9768,0.01764,-0.025,0.0032
2026-08-27 19:26:22,719.05,2026-08-27,713.0,0.03,0.04,0.03,68184,598,0.5557,-0.0284,0.02037,-0.035,0.0037
2026-08-27 19:26:22,719.05,2026-08-27,714.0,0.01,0.04,0.02,114139,2092,0.4517,-0.0254,0.02279,-0.025,0.0034
2026-08-27 19:26:22,719.05,2026-08-27,715.0,0.01,0.05,0.04,222201,1959,0.3877,-0.0341,0.03391,-0.03,0.0043
2026-08-27 19:26:22,719.05,2026-08-27,716.0,0.05,0.06,0.06,234110,252,0.3482,-0.0632,0.06192,-0.055,0.0071
2026-08-27 19:26:22,719.05,2026-08-27,717.0,0.09,0.1,0.1,303730,271,0.2969,-0.1142,0.11309,-0.095,0.0111
2026-08-27 19:26:22,719.05,2026-08-27,718.0,0.21,0.22,0.22,419306,609,0.2617,-0.2418,0.20741,-0.215,0.0179
2026-08-27 19:26:22,719.05,2026-08-27,719.0,0.49,0.5,0.55,285265,157,0.2269,-0.4838,0.30546,-0.495,0.0229
2026-08-27 19:26:22,719.05,2026-08-27,720.0,1.14,1.17,1.17,182680,343,0.2428,-0.751,0.22712,-0.205,0.0182
2026-08-27 19:26:22,719.05,2026-08-27,721.0,2.1,2.16,2.28,39715,113,0.3521,-0.8313,0.12436,-0.18,0.0145
2026-08-27 19:26:22,719.05,2026-08-27,722.0,2.9,3.02,3.19,13283,335,0.2541,-0.9779,0.03603,-0.01,0.003
2026-08-27 19:26:22,719.05,2026-08-27,723.0,3.88,4.12,4.3,5035,65,0.4193,-0.9486,0.04374,-0.05,0.0061
2026-08-27 19:26:22,719.05,2026-08-27,724.0,4.84,5.06,5.23,1794,103,0.3184,-0.9964,0.00582,-0.0,0.0006
2026-08-27 19:26:22,719.05,2026-08-27,725.0,5.95,6.25,6.5,1172,110,0.7313,-0.9201,0.03533,-0.15,0.0085
2026-08-27 19:26:22,719.05,2026-08-27,726.0,6.92,7.17,7.06,223,28,0.7453,-0.9463,0.02545,-0.095,0.0063
2026-08-27 19:27:23,718.99,2026-08-27,712.0,0.01,0.02,0.02,90726,783,0.5612,-0.0135,0.01085,-0.015,0.002
2026-08-27 19:27:23,718.99,2026-08-27,713.0,0.01,0.02,0.03,68226,598,0.491,-0.0152,0.01375,-0.015,0.0022
2026-08-27 19:27:23,718.99,2026-08-27,714.0,0.03,0.04,0.02,114189,2092,0.4807,-0.0327,0.02687,-0.035,0.0041
2026-08-27 19:27:23,718.99,2026-08-27,715.0,0.04,0.05,0.02,222428,1959,0.4196,-0.0459,0.04051,-0.045,0.0055
2026-08-27 19:27:23,718.99,2026-08-27,716.0,0.01,0.06,0.02,234450,252,0.3166,-0.0471,0.05486,-0.035,0.0056
2026-08-27 19:27:23,718.99,2026-08-27,717.0,0.06,0.11,0.11,304024,271,0.286,-0.1088,0.11522,-0.085,0.0106
2026-08-27 19:27:23,718.99,2026-08-27,718.0,0.26,0.27,0.27,420133,609,0.2847,-0.2687,0.20456,-0.265,0.0187
2026-08-27 19:27:23,718.99,2026-08-27,719.0,0.6,0.65,0.65,285865,157,0.2748,-0.5016,0.25631,-0.615,0.0226
2026-08-27 19:27:23,718.99,2026-08-27,720.0,1.31,1.35,1.35,183170,343,0.3166,-0.7124,0.19013,-0.32,0.0193
2026-08-27 19:27:23,718.99,2026-08-27,721.0,2.029,2.22,2.22,39724,113,0.3146,-0.8695,0.11902,-0.1145,0.012
2026-08-27 19:27:23,718.99,2026-08-27,722.0,2.97,3.21,3.19,13283,335,0.3822,-0.917,0.07061,-0.08,0.0087
2026-08-27 19:27:23,718.99,2026-08-27,723.0,3.91,4.24,4.24,5038,65,0.4544,-0.9396,0.04654,-0.065,0.0068
2026-08-27 19:27:23,718.99,2026-08-27,724.0,4.89,5.25,5.23,1794,103,0.5328,-0.9507,0.03379,-0.06,0.0058
2026-08-27 19:27:23,718.99,2026-08-27,725.0,5.85,6.3,6.5,1172,110,0.6257,-0.9541,0.02718,-0.065,0.0055
2026-08-27 19:28:23,718.74,2026-08-27,712.0,0.03,0.04,0.01,90736,783,0.6276,-0.0263,0.01741,-0.035,0.0034
2026-08-27 19:28:23,718.74,2026-08-27,713.0,0.01,0.04,0.01,68282,598,0.5192,-0.0231,0.01888,-0.025,0.003
2026-08-27 19:28:23,718.74,2026-08-27,714.0,0.03,0.04,0.03,114333,2092,0.4681,-0.034,0.02891,-0.035,0.0042
2026-08-27 19:28:23,718.74,2026-08-27,715.0,0.04,0.05,0.02,222493,1959,0.4047,-0.048,0.04425,-0.045,0.0056
2026-08-27 19:28:23,718.74,2026-08-27,716.0,0.01,0.02,0.05,234762,252,0.2567,-0.0274,0.04408,-0.015,0.0035
2026-08-27 19:28:23,718.74,2026-08-27,717.0,0.1,0.11,0.11,304662,271,0.2814,-0.1329,0.13691,-0.105,0.012
2026-08-27 19:28:23,718.74,2026-08-27,718.0,0.22,0.23,0.23,420973,609,0.2307,-0.2816,0.26247,-0.225,0.0188
2026-08-27 19:28:23,718.74,2026-08-27,719.0,0.64,0.65,0.63,286460,157,0.2273,-0.5804,0.30851,-0.385,0.0218
2026-08-27 19:28:23,718.74,2026-08-27,720.0,1.26,1.33,1.43,183292,343,0.1656,-0.9132,0.17117,-0.035,0.0088
2026-08-27 19:28:23,718.74,2026-08-27,721.0,2.2,2.34,2.3,39795,113,0.2093,-0.9733,0.05293,-0.01,0.0034
2026-08-27 19:28:23,718.74,2026-08-27,722.0,3.11,3.25,3.3,13307,335,,,,,
2026-08-27 19:28:23,718.74,2026-08-27,723.0,4.15,4.38,4.28,5038,65,0.3317,-0.9891,0.01551,-0.005,0.0016
2026-08-27 19:28:23,718.74,2026-08-27,724.0,5.17,5.39,5.23,1794,103,0.4685,-0.9775,0.02049,-0.02,0.003
2026-08-27 19:28:23,718.74,2026-08-27,725.0,6.17,6.39,6.5,1172,110,0.5425,-0.9802,0.01585,-0.02,0.0027
2026-08-27 19:29:23,718.89,2026-08-27,712.0,0.03,0.04,0.03,90764,783,0.6496,-0.0258,0.01686,-0.035,0.0033
2026-08-27 19:29:23,718.89,2026-08-27,713.0,0.03,0.04,0.03,68337,598,0.5696,-0.029,0.02118,-0.035,0.0036
2026-08-27 19:29:23,718.89,2026-08-27,714.0,0.01,0.02,0.01,114337,2092,0.4258,-0.0177,0.01871,-0.015,0.0024
2026-08-27 19:29:23,718.89,2026-08-27,715.0,0.03,0.04,0.04,222910,1959,0.4044,-0.0392,0.03818,-0.035,0.0046
2026-08-27 19:29:23,718.89,2026-08-27,716.0,0.01,0.02,0.05,235658,252,0.2728,-0.0263,0.0408,-0.015,0.0033
2026-08-27 19:29:23,718.89,2026-08-27,717.0,0.08,0.09,0.09,305321,271,0.2845,-0.1122,0.12221,-0.085,0.0105
2026-08-27 19:29:23,718.89,2026-08-27,718.0,0.21,0.22,0.22,422783,609,0.2513,-0.2584,0.23455,-0.215,0.0177
2026-08-27 19:29:23,718.89,2026-08-27,719.0,0.52,0.57,0.53,287314,157,0.2234,-0.5348,0.32426,-0.435,0.0218
2026-08-27 19:29:23,718.89,2026-08-27,720.0,1.18,1.21,1.11,183673,343,0.1977,-0.8463,0.21858,-0.085,0.013
2026-08-27 19:29:23,718.89,2026-08-27,721.0,2.04,2.06,2.02,39830,113,,,,,
2026-08-27 19:29:23,718.89,2026-08-27,722.0,2.86,3.07,3.14,13317,335,,,,,
2026-08-27 19:29:23,718.89,2026-08-27,723.0,3.79,4.11,4.28,5039,65,,,,,
2026-08-27 19:29:23,718.89,2026-08-27,724.0,4.89,5.07,5.23,1794,103,,,,,
2026-08-27 19:29:23,718.89,2026-08-27,725.0,5.84,5.98,6.5,1172,110,,,,,
2026-08-27 19:30:24,718.75,2026-08-27,712.0,0.01,0.02,0.02,90770,783,0.5721,-0.0138,0.01144,-0.015,0.0019
2026-08-27 19:30:24,718.75,2026-08-27,713.0,0.01,0.04,0.03,68407,598,0.5377,-0.023,0.01881,-0.025,0.0029
2026-08-27 19:30:24,718.75,2026-08-27,714.0,0.03,0.04,0.03,114354,2092,0.485,-0.0339,0.02878,-0.035,0.0041
2026-08-27 19:30:24,718.75,2026-08-27,715.0,0.01,0.04,0.03,223181,1959,0.3761,-0.0316,0.03499,-0.025,0.0038
2026-08-27 19:30:24,718.75,2026-08-27,716.0,0.01,0.06,0.05,235829,252,0.3113,-0.0499,0.06129,-0.035,0.0056
2026-08-27 19:30:24,718.75,2026-08-27,717.0,0.07,0.12,0.12,305907,271,0.2837,-0.125,0.1345,-0.095,0.0111
2026-08-27 19:30:24,718.75,2026-08-27,718.0,0.24,0.25,0.25,424388,609,0.2517,-0.2882,0.25141,-0.245,0.0184
2026-08-27 19:30:24,718.75,2026-08-27,719.0,0.65,0.67,0.72,287874,157,0.246,-0.5723,0.29567,-0.415,0.0212
2026-08-27 19:30:24,718.75,2026-08-27,720.0,1.38,1.41,1.41,184335,343,0.2648,-0.8075,0.19152,-0.15,0.0148
2026-08-27 19:30:24,718.75,2026-08-27,721.0,2.3,2.38,2.32,39850,113,0.3382,-0.89,0.10307,-0.095,0.0101
2026-08-27 19:30:24,718.75,2026-08-27,722.0,3.19,3.28,3.29,13319,335,,,,,
2026-08-27 19:30:24,718.75,2026-08-27,723.0,4.08,4.29,4.2,5039,65,,,,,
2026-08-27 19:30:24,718.75,2026-08-27,724.0,5.16,5.27,5.23,1794,103,,,,,
2026-08-27 19:30:24,718.75,2026-08-27,725.0,6.21,6.44,6.5,1172,110,0.7051,-0.9487,0.0277,-0.08,0.0057
2026-08-27 19:31:27,719.0,2026-08-27,712.0,0.03,0.04,0.03,90777,783,0.6812,-0.0255,0.01649,-0.035,0.0032
2026-08-27 19:31:27,719.0,2026-08-27,713.0,0.01,0.02,0.03,68409,598,0.5253,-0.0152,0.01373,-0.015,0.002
2026-08-27 19:31:27,719.0,2026-08-27,714.0,0.03,0.04,0.03,114405,2092,0.5143,-0.0327,0.02683,-0.035,0.0039
2026-08-27 19:31:27,719.0,2026-08-27,715.0,0.03,0.04,0.02,223834,1959,0.428,-0.0384,0.03679,-0.035,0.0044
2026-08-27 19:31:27,719.0,2026-08-27,716.0,0.01,0.06,0.04,236299,252,0.3389,-0.0471,0.05474,-0.035,0.0052
2026-08-27 19:31:27,719.0,2026-08-27,717.0,0.08,0.09,0.1,306647,271,0.3062,-0.1087,0.1149,-0.085,0.0099
2026-08-27 19:31:27,719.0,2026-08-27,718.0,0.22,0.23,0.23,425514,609,0.2818,-0.2517,0.21361,-0.225,0.0169
2026-08-27 19:31:27,719.0,2026-08-27,719.0,0.56,0.58,0.58,288831,157,0.2689,-0.5005,0.28004,-0.565,0.0211
2026-08-27 19:31:27,719.0,2026-08-27,720.0,1.18,1.26,1.26,184768,343,0.2775,-0.7521,0.21521,-0.215,0.0168
2026-08-27 19:31:27,719.0,2026-08-27,721.0,2.08,2.16,2.17,39864,113,0.336,-0.8692,0.11935,-0.115,0.0113
2026-08-27 19:31:27,719.0,2026-08-27,722.0,2.95,3.17,3.12,13569,335,0.3742,-0.9345,0.06432,-0.055,0.0068
2026-08-27 19:31:27,719.0,2026-08-27,723.0,3.9,4.17,4.2,5043,65,0.4185,-0.964,0.03567,-0.03,0.0042
2026-08-27 19:31:27,719.0,2026-08-27,724.0,4.92,5.24,5.23,1794,103,0.5949,-0.9429,0.03634,-0.075,0.0061
2026-08-27 19:31:27,719.0,2026-08-27,725.0,6.03,6.33,6.5,1172,110,0.8298,-0.9126,0.03615,-0.175,0.0084
2026-08-27 19:32:28,719.18,2026-08-27,713.0,0.01,0.04,0.01,68409,598,0.5919,-0.0218,0.01692,-0.025,0.0027
2026-08-27 19:32:28,719.18,2026-08-27,714.0,0.01,0.04,0.02,114406,2092,0.5099,-0.0249,0.02196,-0.025,0.003
2026-08-27 19:32:28,719.18,2026-08-27,715.0,0.01,0.02,0.03,224052,1959,0.3925,-0.02,0.02368,-0.015,0.0025
2026-08-27 19:32:28,719.18,2026-08-27,716.0,0.01,0.05,0.04,236412,252,0.3514,-0.0405,0.04761,-0.03,0.0045
2026-08-27 19:32:28,719.18,2026-08-27,717.0,0.03,0.04,0.08,306951,271,0.268,-0.0585,0.08372,-0.035,0.0061
2026-08-27 19:32:28,719.18,2026-08-27,718.0,0.17,0.18,0.18,426025,609,0.2823,-0.2102,0.19623,-0.175,0.015
2026-08-27 19:32:28,719.18,2026-08-27,719.0,0.48,0.49,0.49,289549,157,0.2751,-0.4491,0.27632,-0.485,0.0206
2026-08-27 19:32:28,719.18,2026-08-27,720.0,1.01,1.07,1.03,184980,343,0.257,-0.7292,0.24751,-0.22,0.0172
2026-08-27 19:32:28,719.18,2026-08-27,721.0,1.85,1.92,1.93,39895,113,0.2717,-0.9003,0.12382,-0.065,0.0091
2026-08-27 19:32:28,719.18,2026-08-27,722.0,2.76,2.87,3.12,13569,335,,,,,
2026-08-27 19:32:28,719.18,2026-08-27,723.0,3.73,4.12,4,5047,65,0.531,-0.9156,0.05601,-0.105,0.0081
2026-08-27 19:32:28,719.18,2026-08-27,724.0,4.81,4.9,5.23,1794,103,0.5087,-0.965,0.02918,-0.035,0.004
2026-08-27 19:32:28,719.18,2026-08-27,725.0,5.81,5.94,6.5,1174,110,0.6425,-0.9582,0.02668,-0.055,0.0046
2026-08-27 19:32:28,719.18,2026-08-27,726.0,6.72,6.94,7.06,223,28,0.572,-0.9886,0.01002,-0.01,0.0016
2026-08-27 19:33:28,719.22,2026-08-27,713.0,0.03,0.04,0.02,68414,598,0.6397,-0.0279,0.0196,-0.035,0.0033
2026-08-27 19:33:28,719.22,2026-08-27,714.0,0.01,0.04,0.01,114417,2092,0.5224,-0.0248,0.02174,-0.025,0.003
2026-08-27 19:33:28,719.22,2026-08-27,715.0,0.03,0.04,0.03,224059,1959,0.4637,-0.037,0.03413,-0.035,0.0041
2026-08-27 19:33:28,719.22,2026-08-27,716.0,0.01,0.05,0.05,236573,252,0.3612,-0.0402,0.04689,-0.03,0.0044
2026-08-27 19:33:28,719.22,2026-08-27,717.0,0.03,0.04,0.04,307414,271,0.2764,-0.0579,0.08199,-0.035,0.0059
2026-08-27 19:33:28,719.22,2026-08-27,718.0,0.17,0.18,0.18,427412,609,0.2926,-0.2074,0.19137,-0.175,0.0146
2026-08-27 19:33:28,719.22,2026-08-27,719.0,0.41,0.47,0.47,290414,157,0.2657,-0.4362,0.29016,-0.44,0.0201
2026-08-27 19:33:28,719.22,2026-08-27,720.0,0.98,1,1,185220,343,0.2474,-0.7319,0.26069,-0.205,0.0168
2026-08-27 19:33:28,719.22,2026-08-27,721.0,1.78,1.87,1.96,39910,113,0.2421,-0.9249,0.11451,-0.04,0.0072
2026-08-27 19:33:28,719.22,2026-08-27,722.0,2.77,2.83,2.83,13571,335,0.2873,-0.9707,0.04541,-0.015,0.0034
2026-08-27 19:33:28,719.22,2026-08-27,723.0,3.77,3.88,3.85,5049,65,0.4363,-0.9546,0.04281,-0.04,0.0049
2026-08-27 19:33:28,719.22,2026-08-27,724.0,4.73,4.92,5.23,1794,103,0.5272,-0.9615,0.03102,-0.04,0.0043
2026-08-27 19:33:28,719.22,2026-08-27,725.0,5.72,6.03,5.89,1174,110,0.7177,-0.9416,0.0318,-0.09,0.006
2026-08-27 19:33:28,719.22,2026-08-27,726.0,6.83,6.95,7.06,223,28,0.8398,-0.9419,0.02708,-0.105,0.0059
2026-08-27 19:34:29,719.26,2026-08-27,713.0,0.03,0.04,0.02,68414,598,0.6561,-0.0277,0.01939,-0.035,0.0032
2026-08-27 19:34:29,719.26,2026-08-27,714.0,0.01,0.04,0.03,114495,2092,0.5365,-0.0246,0.02147,-0.025,0.0029
2026-08-27 19:34:29,719.26,2026-08-27,715.0,0.03,0.04,0.03,224158,1959,0.4769,-0.0367,0.03362,-0.035,0.004
2026-08-27 19:34:29,719.26,2026-08-27,716.0,0.01,0.05,0.04,236610,252,0.3724,-0.0398,0.046,-0.03,0.0043
2026-08-27 19:34:29,719.26,2026-08-27,717.0,0.06,0.07,0.08,307743,271,0.3304,-0.0855,0.09437,-0.065,0.0078
2026-08-27 19:34:29,719.26,2026-08-27,718.0,0.14,0.15,0.15,428068,609,0.2831,-0.1865,0.18908,-0.145,0.0134
2026-08-27 19:34:29,719.26,2026-08-27,719.0,0.4,0.41,0.41,291034,157,0.2629,-0.4209,0.29689,-0.405,0.0196
2026-08-27 19:34:29,719.26,2026-08-27,720.0,0.88,0.9,0.94,185453,343,0.2109,-0.7573,0.29593,-0.15,0.0157
2026-08-27 19:34:29,719.26,2026-08-27,721.0,1.67,1.83,1.78,39950,113,0.1864,-0.9684,0.076,-0.01,0.0036
2026-08-27 19:34:29,719.26,2026-08-27,722.0,2.56,2.71,2.77,13571,335,,,,,
2026-08-27 19:34:29,719.26,2026-08-27,723.0,3.65,3.84,3.88,5050,65,0.3273,-0.9885,0.0184,-0.005,0.0015
2026-08-27 19:34:29,719.26,2026-08-27,724.0,4.6,4.88,5.23,1794,103,0.3419,-0.9971,0.00523,0.0,0.0004
2026-08-27 19:34:29,719.26,2026-08-27,725.0,5.68,5.76,5.89,1174,110,,,,,
2026-08-27 19:34:29,719.26,2026-08-27,726.0,6.51,6.78,7.06,223,28,,,,,
2026-08-27 19:35:30,719.49,2026-08-27,713.0,0.03,0.04,0.01,68416,598,0.6899,-0.027,0.0184,-0.035,0.0031
2026-08-27 19:35:30,719.49,2026-08-27,714.0,0.01,0.04,0.03,114521,2092,0.5674,-0.0239,0.02016,-0.025,0.0028
2026-08-27 19:35:30,719.49,2026-08-27,715.0,0.01,0.02,0.02,224237,1959,0.4421,-0.0189,0.02128,-0.015,0.0023
2026-08-27 19:35:30,719.49,2026-08-27,716.0,0.04,0.05,0.04,236705,252,0.4345,-0.0503,0.0486,-0.045,0.0051
2026-08-27 19:35:30,719.49,2026-08-27,717.0,0.06,0.07,0.07,307960,271,0.3626,-0.0804,0.08377,-0.065,0.0073
2026-08-27 19:35:30,719.49,2026-08-27,718.0,0.08,0.09,0.13,428816,609,0.2687,-0.1288,0.15924,-0.085,0.0103
2026-08-27 19:35:30,719.49,2026-08-27,719.0,0.3,0.35,0.32,291618,157,0.2732,-0.3567,0.27788,-0.325,0.0183
2026-08-27 19:35:30,719.49,2026-08-27,720.0,0.82,0.83,0.86,185538,343,0.2717,-0.648,0.27814,-0.315,0.0182
2026-08-27 19:35:30,719.49,2026-08-27,721.0,1.57,1.7,1.72,39950,113,0.3074,-0.8406,0.16073,-0.125,0.0119
2026-08-27 19:35:30,719.49,2026-08-27,722.0,2.48,2.66,2.77,13574,335,0.3583,-0.9224,0.08251,-0.06,0.0071
2026-08-27 19:35:30,719.49,2026-08-27,723.0,3.5,3.85,3.97,5052,65,0.5963,-0.8835,0.06686,-0.165,0.0096
2026-08-27 19:35:30,719.49,2026-08-27,724.0,4.55,4.74,5.23,1794,103,0.6776,-0.9112,0.04831,-0.135,0.0079
2026-08-27 19:35:30,719.49,2026-08-27,725.0,5.41,5.64,5.89,1174,110,0.5296,-0.9825,0.01664,-0.015,0.0021
2026-08-27 19:35:30,719.49,2026-08-27,726.0,6.49,6.73,7.06,223,28,0.8368,-0.9422,0.02815,-0.1,0.0057
2026-08-27 19:36:32,719.36,2026-08-27,713.0,0.01,0.04,0.03,68436,598,0.6567,-0.0214,0.01622,-0.025,0.0025
2026-08-27 19:36:32,719.36,2026-08-27,714.0,0.01,0.02,0.03,114625,2092,0.5257,-0.0165,0.01629,-0.015,0.002
2026-08-27 19:36:32,719.36,2026-08-27,715.0,0.03,0.04,0.03,224457,1959,0.5067,-0.0361,0.03254,-0.035,0.0038
2026-08-27 19:36:32,719.36,2026-08-27,716.0,0.01,0.02,0.04,236804,252,0.3533,-0.0235,0.03273,-0.015,0.0027
2026-08-27 19:36:32,719.36,2026-08-27,717.0,0.02,0.03,0.03,308576,271,0.2886,-0.044,0.06709,-0.025,0.0045
2026-08-27 19:36:32,719.36,2026-08-27,718.0,0.09,0.14,0.14,429752,609,0.2849,-0.1596,0.1774,-0.115,0.0117
2026-08-27 19:36:32,719.36,2026-08-27,719.0,0.34,0.39,0.39,292407,157,0.2744,-0.3917,0.29125,-0.365,0.0185
2026-08-27 19:36:32,719.36,2026-08-27,720.0,0.85,0.87,0.94,185661,343,0.247,-0.7043,0.29095,-0.22,0.0166
2026-08-27 19:36:32,719.36,2026-08-27,721.0,1.72,1.74,1.76,39996,113,0.299,-0.8724,0.1453,-0.09,0.01
2026-08-27 19:36:32,719.36,2026-08-27,722.0,2.59,2.72,2.7,13585,335,0.2916,-0.9698,0.04879,-0.015,0.0033
2026-08-27 19:36:32,719.36,2026-08-27,723.0,3.42,3.95,3.88,5053,65,0.4594,-0.9497,0.04692,-0.045,0.005
2026-08-27 19:36:32,719.36,2026-08-27,724.0,4.55,4.8,4.6,1795,103,0.5334,-0.9642,0.0307,-0.035,0.0038
2026-08-27 19:36:32,719.36,2026-08-27,725.0,5.53,5.73,5.89,1174,110,,,,,
2026-08-27 19:36:32,719.36,2026-08-27,726.0,6.44,6.75,7.06,223,28,,,,,
2026-08-27 19:37:32,719.49,2026-08-27,713.0,0.03,0.04,0.03,68561,598,0.7205,-0.027,0.0184,-0.035,0.0029
2026-08-27 19:37:32,719.49,2026-08-27,714.0,0.03,0.04,0.01,114631,2092,0.6265,-0.0305,0.02344,-0.035,0.0032
2026-08-27 19:37:32,719.49,2026-08-27,715.0,0.01,0.04,0.02,224489,1959,0.5005,-0.0277,0.02705,-0.025,0.003
2026-08-27 19:37:32,719.49,2026-08-27,716.0,0.01,0.02,0.02,236821,252,0.3728,-0.0229,0.03095,-0.015,0.0026
2026-08-27 19:37:32,719.49,2026-08-27,717.0,0.06,0.07,0.07,309387,271,0.3787,-0.0804,0.08377,-0.065,0.007
2026-08-27 19:37:32,719.49,2026-08-27,718.0,0.13,0.14,0.14,430594,609,0.3267,-0.1654,0.16178,-0.135,0.0117
2026-08-27 19:37:32,719.49,2026-08-27,719.0,0.31,0.32,0.36,292897,157,0.2796,-0.354,0.2828,-0.315,0.0175
2026-08-27 19:37:32,719.49,2026-08-27,720.0,0.8,0.81,0.85,185942,343,0.2722,-0.6541,0.2881,-0.295,0.0173
2026-08-27 19:37:32,719.49,2026-08-27,721.0,1.58,1.64,1.75,40153,113,0.2982,-0.8585,0.15986,-0.1,0.0105
2026-08-27 19:37:32,719.49,2026-08-27,722.0,2.52,2.63,2.7,13585,335,0.3812,-0.9186,0.08403,-0.065,0.0071
2026-08-27 19:37:32,719.49,2026-08-27,723.0,3.52,3.64,3.88,5053,65,0.5006,-0.9312,0.05626,-0.07,0.0062
2026-08-27 19:37:32,719.49,2026-08-27,724.0,4.55,4.74,4.6,1795,103,0.7076,-0.9112,0.0483,-0.135,0.0076
2026-08-27 19:37:32,719.49,2026-08-27,725.0,5.4,5.76,5.89,1174,110,0.7122,-0.9491,0.03124,-0.07,0.0049
2026-08-27 19:37:32,719.49,2026-08-27,726.0,6.35,6.65,7.06,223,28,,,,,
2026-08-27 19:38:32,719.54,2026-08-27,713.0,0.03,0.04,0.03,68572,598,0.7419,-0.0269,0.0182,-0.035,0.0029
2026-08-27 19:38:32,719.54,2026-08-27,714.0,0.03,0.04,0.01,114642,2092,0.6459,-0.0303,0.02314,-0.035,0.0032
2026-08-27 19:38:32,719.54,2026-08-27,715.0,0.03,0.04,0.03,224622,1959,0.5477,-0.0351,0.03074,-0.035,0.0036
2026-08-27 19:38:32,719.54,2026-08-27,716.0,0.01,0.02,0.04,237064,252,0.386,-0.0226,0.03031,-0.015,0.0025
2026-08-27 19:38:32,719.54,2026-08-27,717.0,0.06,0.07,0.07,309634,271,0.3933,-0.0794,0.08173,-0.065,0.0068
2026-08-27 19:38:32,719.54,2026-08-27,718.0,0.08,0.13,0.13,431544,609,0.3138,-0.1422,0.15592,-0.105,0.0103
2026-08-27 19:38:32,719.54,2026-08-27,719.0,0.32,0.33,0.33,293511,157,0.3023,-0.348,0.26604,-0.325,0.017
2026-08-27 19:38:32,719.54,2026-08-27,720.0,0.76,0.77,0.81,186590,343,0.274,-0.6418,0.2965,-0.305,0.0172
2026-08-27 19:38:32,719.54,2026-08-27,721.0,1.53,1.57,1.62,40354,113,0.2885,-0.8639,0.16464,-0.09,0.01
2026-08-27 19:38:32,719.54,2026-08-27,722.0,2.44,2.55,2.7,13585,335,0.3348,-0.9445,0.07279,-0.035,0.0051
2026-08-27 19:38:32,719.54,2026-08-27,723.0,3.44,3.63,3.88,5053,65,0.5145,-0.9275,0.05834,-0.075,0.0063
2026-08-27 19:38:32,719.54,2026-08-27,724.0,4.44,4.62,4.6,1795,103,0.6167,-0.9413,0.0413,-0.07,0.0054
2026-08-27 19:38:32,719.54,2026-08-27,725.0,5.51,5.68,5.89,1174,110,0.8352,-0.9213,0.03825,-0.135,0.0068
2026-08-27 19:38:32,719.54,2026-08-27,726.0,6.51,6.79,7.06,223,28,1.0302,-0.9122,0.03366,-0.19,0.0073
2026-08-27 19:39:33,719.51,2026-08-27,713.0,0.03,0.04,0.03,68579,598,0.7571,-0.027,0.01832,-0.035,0.0028
2026-08-27 19:39:33,719.51,2026-08-27,714.0,0.03,0.04,0.01,114716,2092,0.6586,-0.0305,0.02332,-0.035,0.0031
2026-08-27 19:39:33,719.51,2026-08-27,715.0,0.03,0.04,0.03,224644,1959,0.558,-0.0352,0.03103,-0.035,0.0035
2026-08-27 19:39:33,719.51,2026-08-27,716.0,0.01,0.02,0.04,237071,252,0.3926,-0.0228,0.03069,-0.015,0.0024
2026-08-27 19:39:33,719.51,2026-08-27,717.0,0.05,0.06,0.06,309968,271,0.3837,-0.0718,0.07954,-0.055,0.0061
2026-08-27 19:39:33,719.51,2026-08-27,718.0,0.12,0.13,0.13,432090,609,0.3363,-0.1578,0.15978,-0.125,0.0108
2026-08-27 19:39:33,719.51,2026-08-27,719.0,0.27,0.28,0.28,294307,157,0.273,-0.3379,0.29832,-0.275,0.0164
2026-08-27 19:39:33,719.51,2026-08-27,720.0,0.74,0.81,0.81,187647,343,0.275,-0.6536,0.299,-0.285,0.0166
2026-08-27 19:39:33,719.51,2026-08-27,721.0,1.54,1.64,1.65,40384,113,0.3097,-0.8575,0.16208,-0.1,0.0101
2026-08-27 19:39:33,719.51,2026-08-27,722.0,2.46,2.6,2.7,13585,335,0.3558,-0.94,0.07459,-0.04,0.0053
2026-08-27 19:39:33,719.51,2026-08-27,723.0,3.38,3.59,3.88,5053,65,,,,,
2026-08-27 19:39:33,719.51,2026-08-27,724.0,4.49,4.64,4.64,1796,103,0.6444,-0.9389,0.04179,-0.075,0.0054
2026-08-27 19:39:33,719.51,2026-08-27,725.0,5.47,5.75,5.89,1174,110,0.8355,-0.9273,0.03688,-0.12,0.0062
2026-08-27 19:39:33,719.51,2026-08-27,726.0,6.45,6.73,7.06,223,28,0.9133,-0.9422,0.02824,-0.1,0.0052
2026-08-27 19:40:33,719.46,2026-08-27,713.0,0.03,0.04,0.02,68581,598,0.771,-0.0271,0.01855,-0.035,0.0027
2026-08-27 19:40:33,719.46,2026-08-27,714.0,0,0.01,0.01,114725,2092,0.5544,-0.0119,0.0128,-0.01,0.0014
2026-08-27 19:40:33,719.46,2026-08-27,715.0,0.01,0.04,0.02,224657,1959,0.5345,-0.0279,0.02736,-0.025,0.0028
2026-08-27 19:40:33,719.46,2026-08-27,716.0,0.03,0.04,0.03,237247,252,0.4604,-0.0426,0.04502,-0.035,0.004
2026-08-27 19:40:33,719.46,2026-08-27,717.0,0.01,0.02,0.06,310372,271,0.2984,-0.0297,0.05167,-0.015,0.003
2026-08-27 19:40:33,719.46,2026-08-27,718.0,0.12,0.13,0.13,433250,609,0.3366,-0.1609,0.16582,-0.125,0.0107
2026-08-27 19:40:33,719.46,2026-08-27,719.0,0.29,0.3,0.34,295718,157,0.2806,-0.3548,0.30316,-0.295,0.0163
2026-08-27 19:40:33,719.46,2026-08-27,720.0,0.77,0.83,0.84,188175,343,0.2748,-0.6741,0.29968,-0.255,0.0158
2026-08-27 19:40:33,719.46,2026-08-27,721.0,1.57,1.68,1.63,40572,113,0.304,-0.8767,0.15331,-0.08,0.0089
2026-08-27 19:40:33,719.46,2026-08-27,722.0,2.55,2.6,2.56,13624,335,0.3503,-0.9511,0.06607,-0.03,0.0044
2026-08-27 19:40:33,719.46,2026-08-27,723.0,3.39,3.68,3.72,5054,65,,,,,
2026-08-27 19:40:33,719.46,2026-08-27,724.0,4.49,4.66,4.64,1796,103,0.5605,-0.9675,0.02963,-0.03,0.0032
2026-08-27 19:40:33,719.46,2026-08-27,725.0,5.31,5.58,5.57,1175,110,,,,,
2026-08-27 19:40:33,719.46,2026-08-27,726.0,6.39,6.75,7.06,223,28,0.7375,-0.9781,0.01618,-0.025,0.0023
2026-08-27 19:41:36,719.39,2026-08-27,713.0,0.03,0.04,0.03,68582,598,0.7861,-0.0273,0.01882,-0.035,0.0027
2026-08-27 19:41:36,719.39,2026-08-27,714.0,0,0.03,0.01,114726,2092,0.5641,-0.012,0.01304,-0.01,0.0013
2026-08-27 19:41:36,719.39,2026-08-27,715.0,0.03,0.04,0.02,224690,1959,0.5756,-0.0359,0.03223,-0.035,0.0034
2026-08-27 19:41:36,719.39,2026-08-27,716.0,0.03,0.04,0.02,237303,252,0.4662,-0.0432,0.04621,-0.035,0.0039
2026-08-27 19:41:36,719.39,2026-08-27,717.0,0.01,0.02,0.06,311577,271,0.3001,-0.0303,0.0537,-0.015,0.0029
2026-08-27 19:41:36,719.39,2026-08-27,718.0,0.11,0.12,0.08,434876,609,0.3264,-0.1578,0.17361,-0.115,0.0103
2026-08-27 19:41:36,719.39,2026-08-27,719.0,0.28,0.29,0.29,296852,157,0.2675,-0.3653,0.33029,-0.285,0.016
2026-08-27 19:41:36,719.39,2026-08-27,720.0,0.74,0.78,0.78,188810,343,0.2241,-0.7382,0.34143,-0.15,0.0139
2026-08-27 19:41:36,719.39,2026-08-27,721.0,1.56,1.65,1.68,40583,113,,,,,
2026-08-27 19:41:36,719.39,2026-08-27,722.0,2.46,2.6,2.65,13659,335,,,,,
2026-08-27 19:41:36,719.39,2026-08-27,723.0,3.43,3.63,3.62,5057,65,,,,,
2026-08-27 19:41:36,719.39,2026-08-27,724.0,4.37,4.61,4.72,1798,103,,,,,
2026-08-27 19:41:36,719.39,2026-08-27,725.0,5.38,5.63,5.64,1176,110,,,,,
2026-08-27 19:41:36,719.39,2026-08-27,726.0,6.32,6.53,7.06,223,28,,,,,
2026-08-27 19:42:37,719.52,2026-08-27,713.0,0,0.01,0.03,68583,598,0.8017,-0.024,0.01704,-0.03,0.0023
2026-08-27 19:42:37,719.52,2026-08-27,714.0,0,0.01,0.01,114742,2092,0.5923,-0.0118,0.01257,-0.01,0.0013
2026-08-27 19:42:37,719.52,2026-08-27,715.0,0.01,0.04,0.02,224766,1959,0.572,-0.0276,0.02679,-0.025,0.0026
2026-08-27 19:42:37,719.52,2026-08-27,716.0,0.03,0.04,0.04,237372,252,0.4942,-0.042,0.04388,-0.035,0.0037
2026-08-27 19:42:37,719.52,2026-08-27,717.0,0.05,0.06,0.06,311726,271,0.4173,-0.0716,0.07915,-0.055,0.0057
2026-08-27 19:42:37,719.52,2026-08-27,718.0,0.06,0.07,0.11,435542,609,0.2989,-0.109,0.15102,-0.065,0.0077
2026-08-27 19:42:37,719.52,2026-08-27,719.0,0.27,0.28,0.28,297795,157,0.2983,-0.3361,0.29552,-0.275,0.0151
2026-08-27 19:42:37,719.52,2026-08-27,720.0,0.72,0.75,0.73,190136,343,0.2762,-0.6621,0.31987,-0.255,0.0151
2026-08-27 19:42:37,719.52,2026-08-27,721.0,1.49,1.6,1.62,40623,113,0.2936,-0.8878,0.15692,-0.065,0.0079
2026-08-27 19:42:37,719.52,2026-08-27,722.0,2.5,2.53,2.65,13683,335,0.3738,-0.9451,0.07185,-0.035,0.0046
2026-08-27 19:42:37,719.52,2026-08-27,723.0,3.39,3.55,3.62,5058,65,,,,,
2026-08-27 19:42:37,719.52,2026-08-27,724.0,4.43,4.58,4.63,1798,103,0.5679,-0.9712,0.02799,-0.025,0.0027
2026-08-27 19:42:37,719.52,2026-08-27,725.0,5.32,5.7,5.64,1177,110,0.6912,-0.9717,0.02266,-0.03,0.0027
2026-08-27 19:42:37,719.52,2026-08-27,726.0,6.37,6.56,7.06,223,28,,,,,
2026-08-27 19:43:37,719.47,2026-08-27,713.0,0,0.01,0.01,68618,598,0.7011,-0.0104,0.00981,-0.01,0.0011
2026-08-27 19:43:37,719.47,2026-08-27,714.0,0,0.01,0.02,120246,2092,0.6681,-0.0202,0.01823,-0.02,0.002
2026-08-27 19:43:37,719.47,2026-08-27,715.0,0.03,0.04,0.02,225214,1959,0.619,-0.0355,0.03142,-0.035,0.0031
2026-08-27 19:43:37,719.47,2026-08-27,716.0,0.03,0.04,0.03,237544,252,0.5033,-0.0425,0.04475,-0.035,0.0036
2026-08-27 19:43:37,719.47,2026-08-27,717.0,0.01,0.06,0.06,312524,271,0.3832,-0.0538,0.07099,-0.035,0.0044
2026-08-27 19:43:37,719.47,2026-08-27,718.0,0.09,0.1,0.1,437246,609,0.337,-0.1381,0.16293,-0.095,0.0089
2026-08-27 19:43:37,719.47,2026-08-27,719.0,0.24,0.29,0.29,298786,157,0.289,-0.3421,0.31645,-0.265,0.0147
2026-08-27 19:43:37,719.47,2026-08-27,720.0,0.7,0.77,0.8,190364,343,0.261,-0.6928,0.33522,-0.205,0.0141
2026-08-27 19:43:37,719.47,2026-08-27,721.0,1.56,1.63,1.76,40652,113,0.3098,-0.8901,0.15107,-0.065,0.0075
2026-08-27 19:43:37,719.47,2026-08-27,722.0,2.45,2.66,2.64,13719,335,0.3665,-0.9568,0.06236,-0.025,0.0037
2026-08-27 19:43:37,719.47,2026-08-27,723.0,3.48,3.79,3.55,5060,65,0.6479,-0.9117,0.06154,-0.105,0.0064
2026-08-27 19:43:37,719.47,2026-08-27,724.0,4.43,4.73,4.63,1798,103,0.6672,-0.9538,0.03611,-0.05,0.0039
2026-08-27 19:43:37,719.47,2026-08-27,725.0,5.42,5.71,5.65,1177,110,0.7357,-0.9687,0.02385,-0.035,0.0028
2026-08-27 19:43:37,719.47,2026-08-27,726.0,6.47,6.65,7.06,223,28,0.8237,-0.9752,0.01758,-0.03,0.0023
2026-08-27 19:44:37,719.5,2026-08-27,713.0,0,0.01,0.01,68623,598,0.727,-0.0104,0.00973,-0.01,0.0011
2026-08-27 19:44:37,719.5,2026-08-27,714.0,0,0.03,0.01,120254,2092,0.6284,-0.0118,0.01262,-0.01,0.0012
2026-08-27 19:44:37,719.5,2026-08-27,715.0,0.03,0.04,0.01,225395,1959,0.643,-0.0353,0.03108,-0.035,0.003
2026-08-27 19:44:37,719.5,2026-08-27,716.0,0.03,0.04,0.04,237679,252,0.5238,-0.0422,0.04414,-0.035,0.0035
2026-08-27 19:44:37,719.5,2026-08-27,717.0,0.05,0.06,0.02,313076,271,0.4418,-0.0719,0.07976,-0.055,0.0053
2026-08-27 19:44:37,719.5,2026-08-27,718.0,0.05,0.06,0.06,438286,609,0.3014,-0.0992,0.14874,-0.055,0.0068
2026-08-27 19:44:37,719.5,2026-08-27,719.0,0.22,0.23,0.23,300149,157,0.2782,-0.3198,0.33033,-0.225,0.0139
2026-08-27 19:44:37,719.5,2026-08-27,720.0,0.72,0.74,0.75,190520,343,0.283,-0.6728,0.32772,-0.235,0.014
2026-08-27 19:44:37,719.5,2026-08-27,721.0,1.55,1.57,1.57,40663,113,0.3144,-0.8886,0.15508,-0.065,0.0074
2026-08-27 19:44:37,719.5,2026-08-27,722.0,2.43,2.6,2.55,13734,335,0.3591,-0.9625,0.05846,-0.02,0.0032
2026-08-27 19:44:37,719.5,2026-08-27,723.0,3.41,3.7,3.68,5067,65,0.5823,-0.9379,0.05404,-0.06,0.0048
2026-08-27 19:44:37,719.5,2026-08-27,724.0,4.45,4.62,4.63,1798,103,0.6561,-0.9602,0.03361,-0.04,0.0033
2026-08-27 19:44:37,719.5,2026-08-27,725.0,5.46,5.52,5.57,1178,110,,,,,
2026-08-27 19:44:37,719.5,2026-08-27,726.0,6.55,6.56,7.06,223,28,0.9521,-0.9593,0.02359,-0.06,0.0034
2026-08-27 19:45:38,719.67,2026-08-27,713.0,0,0.03,0.01,68870,598,0.7687,-0.0102,0.00936,-0.01,0.001
2026-08-27 19:45:38,719.67,2026-08-27,714.0,0,0.03,0.02,120273,2092,0.7354,-0.0197,0.01728,-0.02,0.0018
2026-08-27 19:45:38,719.67,2026-08-27,715.0,0,0.03,0.01,225648,1959,0.5634,-0.0135,0.01628,-0.01,0.0013
2026-08-27 19:45:38,719.67,2026-08-27,716.0,0,0.01,0.01,237827,252,0.4576,-0.0162,0.02352,-0.01,0.0015
2026-08-27 19:45:38,719.67,2026-08-27,717.0,0.01,0.04,0.04,313664,271,0.4074,-0.0403,0.0566,-0.025,0.0033
2026-08-27 19:45:38,719.67,2026-08-27,718.0,0.04,0.09,0.05,439690,609,0.3519,-0.103,0.13547,-0.065,0.0067
2026-08-27 19:45:38,719.67,2026-08-27,719.0,0.24,0.26,0.26,300919,157,0.3452,-0.3023,0.2687,-0.25,0.0131
2026-08-27 19:45:38,719.67,2026-08-27,720.0,0.67,0.7,0.67,190688,343,0.3354,-0.6026,0.30573,-0.355,0.0145
2026-08-27 19:45:38,719.67,2026-08-27,721.0,1.45,1.57,1.52,40693,113,0.4237,-0.7973,0.17706,-0.18,0.0106
2026-08-27 19:45:38,719.67,2026-08-27,722.0,2.38,2.46,2.51,13744,335,0.4895,-0.8964,0.09776,-0.09,0.0068
2026-08-27 19:45:38,719.67,2026-08-27,723.0,3.34,3.55,3.57,5070,65,0.6781,-0.9033,0.06715,-0.115,0.0064
2026-08-27 19:45:38,719.67,2026-08-27,724.0,4.27,4.58,4.63,1798,103,0.7873,-0.9272,0.04671,-0.095,0.0052
2026-08-27 19:45:38,719.67,2026-08-27,725.0,5.29,5.6,5.57,1178,110,0.9643,-0.928,0.03782,-0.115,0.0052
2026-08-27 19:45:38,719.67,2026-08-27,726.0,6.16,6.54,7.06,223,28,0.8057,-0.9811,0.01522,-0.02,0.0017
2026-08-27 19:46:40,719.82,2026-08-27,713.0,0,0.01,0.01,68884,598,0.8132,-0.01,0.00904,-0.01,0.001
2026-08-27 19:46:40,719.82,2026-08-27,714.0,0,0.03,0.02,120315,2092,0.7802,-0.0193,0.01662,-0.02,0.0017
2026-08-27 19:46:40,719.82,2026-08-27,715.0,0,0.01,0.01,225941,1959,0.6008,-0.0131,0.01551,-0.01,0.0012
2026-08-27 19:46:40,719.82,2026-08-27,716.0,0,0.01,0.01,238148,252,0.4915,-0.0157,0.02214,-0.01,0.0014
2026-08-27 19:46:40,719.82,2026-08-27,717.0,0.01,0.04,0.04,314008,271,0.442,-0.0388,0.05245,-0.025,0.003
2026-08-27 19:46:40,719.82,2026-08-27,718.0,0.04,0.09,0.09,440813,609,0.3888,-0.0978,0.12247,-0.065,0.0063
2026-08-27 19:46:40,719.82,2026-08-27,719.0,0.21,0.22,0.22,301692,157,0.3644,-0.2668,0.24877,-0.215,0.0119
2026-08-27 19:46:40,719.82,2026-08-27,720.0,0.6,0.67,0.66,191474,343,0.3738,-0.5522,0.29188,-0.455,0.0143
2026-08-27 19:46:40,719.82,2026-08-27,721.0,1.36,1.39,1.49,40758,113,0.4237,-0.7782,0.19368,-0.195,0.0108
2026-08-27 19:46:40,719.82,2026-08-27,722.0,2.17,2.37,2.41,13769,335,0.484,-0.8923,0.10555,-0.09,0.0067
2026-08-27 19:46:40,719.82,2026-08-27,723.0,3.17,3.4,3.32,5071,65,0.664,-0.9059,0.06971,-0.105,0.0061
2026-08-27 19:46:40,719.82,2026-08-27,724.0,4.14,4.42,4.63,1798,103,0.8048,-0.9231,0.04945,-0.1,0.0052
2026-08-27 19:46:40,719.82,2026-08-27,725.0,5.06,5.39,5.57,1196,110,0.8067,-0.961,0.02886,-0.045,0.0031
2026-08-27 19:46:40,719.82,2026-08-27,726.0,6.07,6.32,7.06,223,28,0.7867,-0.9844,0.01371,-0.015,0.0014
2026-08-27 19:47:40,719.87,2026-08-27,713.0,0,0.03,0.01,68890,598,0.8511,-0.0099,0.00893,-0.01,0.0009
2026-08-27 19:47:40,719.87,2026-08-27,714.0,0,0.03,0.01,120349,2092,0.7416,-0.0113,0.01143,-0.01,0.001
2026-08-27 19:47:40,719.87,2026-08-27,715.0,0,0.01,0.01,225988,1959,0.6304,-0.013,0.01526,-0.01,0.0012
2026-08-27 19:47:40,719.87,2026-08-27,716.0,0,0.03,0.02,238602,252,0.5745,-0.0262,0.03038,-0.02,0.0021
2026-08-27 19:47:40,719.87,2026-08-27,717.0,0.01,0.04,0.04,314223,271,0.4663,-0.0383,0.05118,-0.025,0.0029
2026-08-27 19:47:40,719.87,2026-08-27,718.0,0.08,0.09,0.09,442028,609,0.4441,-0.113,0.12378,-0.085,0.0067
2026-08-27 19:47:40,719.87,2026-08-27,719.0,0.24,0.25,0.23,302913,157,0.4167,-0.274,0.22927,-0.245,0.0116
2026-08-27 19:47:40,719.87,2026-08-27,720.0,0.65,0.68,0.63,193345,343,0.43,-0.5339,0.26514,-0.535,0.0139
2026-08-27 19:47:40,719.87,2026-08-27,721.0,1.3,1.37,1.37,40881,113,0.4393,-0.769,0.19871,-0.205,0.0106
2026-08-27 19:47:40,719.87,2026-08-27,722.0,2.24,2.3,2.41,13769,335,0.5647,-0.8596,0.11327,-0.14,0.0078
2026-08-27 19:47:40,719.87,2026-08-27,723.0,3.1,3.36,3.32,5071,65,0.6739,-0.9078,0.07036,-0.1,0.0058
2026-08-27 19:47:40,719.87,2026-08-27,724.0,4.09,4.3,4.63,1798,103,0.7526,-0.9415,0.04451,-0.065,0.0041
2026-08-27 19:47:40,719.87,2026-08-27,725.0,5.06,5.35,5.42,1196,110,0.9194,-0.9443,0.03503,-0.075,0.0039
2026-08-27 19:47:40,719.87,2026-08-27,726.0,5.96,6.46,7.06,223,28,1.0722,-0.9485,0.02826,-0.08,0.0037
2026-08-27 19:48:41,719.89,2026-08-27,713.0,0,0.03,0.01,68904,598,0.8907,-0.0099,0.00889,-0.01,0.0009
2026-08-27 19:48:41,719.89,2026-08-27,714.0,0,0.03,0.01,120352,2092,0.7765,-0.0112,0.01137,-0.01,0.001
2026-08-27 19:48:41,719.89,2026-08-27,715.0,0,0.01,0.02,226002,1959,0.7304,-0.022,0.02154,-0.02,0.0018
2026-08-27 19:48:41,719.89,2026-08-27,716.0,0,0.03,0.02,238643,252,0.6023,-0.0261,0.03016,-0.02,0.002
2026-08-27 19:48:41,719.89,2026-08-27,717.0,0.01,0.04,0.04,314513,271,0.4895,-0.0381,0.05069,-0.025,0.0028
2026-08-27 19:48:41,719.89,2026-08-27,718.0,0.05,0.06,0.06,443251,609,0.4156,-0.0861,0.11323,-0.055,0.0052
2026-08-27 19:48:41,719.89,2026-08-27,719.0,0.2,0.21,0.21,303787,157,0.4032,-0.2537,0.23785,-0.205,0.0107
2026-08-27 19:48:41,719.89,2026-08-27,720.0,0.62,0.64,0.64,193685,343,0.4305,-0.5299,0.27667,-0.52,0.0133
2026-08-27 19:48:41,719.89,2026-08-27,721.0,1.3,1.32,1.33,40997,113,0.4491,-0.7697,0.20257,-0.2,0.0101
2026-08-27 19:48:41,719.89,2026-08-27,722.0,2.17,2.23,2.3,13792,335,0.5131,-0.8903,0.10954,-0.09,0.0063
2026-08-27 19:48:41,719.89,2026-08-27,723.0,3.03,4.13,3.76,5074,65,1.1648,-0.7866,0.07477,-0.47,0.0097
2026-08-27 19:48:41,719.89,2026-08-27,724.0,4.05,4.26,4.42,1799,103,0.7263,-0.9542,0.0396,-0.045,0.0032
2026-08-27 19:48:41,719.89,2026-08-27,725.0,5.07,5.25,5.42,1196,110,0.8828,-0.9577,0.03057,-0.05,0.003
2026-08-27 19:48:41,719.89,2026-08-27,726.0,5.91,6.39,7.06,223,28,0.9811,-0.9682,0.02181,-0.04,0.0024
2026-08-27 19:49:41,719.88,2026-08-27,713.0,0,0.01,0.01,69118,598,0.9326,-0.0099,0.0089,-0.01,0.0008
2026-08-27 19:49:41,719.88,2026-08-27,714.0,0,0.01,0.02,120699,2092,0.8958,-0.0192,0.01634,-0.02,0.0015
2026-08-27 19:49:41,719.88,2026-08-27,715.0,0,0.01,0.01,226212,1959,0.6912,-0.013,0.01519,-0.01,0.0011
2026-08-27 19:49:41,719.88,2026-08-27,716.0,0,0.03,0.01,240396,252,0.5671,-0.0155,0.02158,-0.01,0.0012
2026-08-27 19:49:41,719.88,2026-08-27,717.0,0.03,0.04,0.04,315051,271,0.5463,-0.0483,0.05762,-0.035,0.0032
2026-08-27 19:49:41,719.88,2026-08-27,718.0,0.09,0.1,0.1,444691,609,0.5045,-0.12,0.12436,-0.095,0.0064
2026-08-27 19:49:41,719.88,2026-08-27,719.0,0.25,0.27,0.27,304892,157,0.4737,-0.2783,0.22228,-0.26,0.0107
2026-08-27 19:49:41,719.88,2026-08-27,720.0,0.64,0.66,0.66,194225,343,0.4647,-0.5304,0.26852,-0.535,0.0127
2026-08-27 19:49:41,719.88,2026-08-27,721.0,1.29,1.34,1.34,41145,113,0.4717,-0.7702,0.20185,-0.2,0.0097
2026-08-27 19:49:41,719.88,2026-08-27,722.0,2.12,2.27,2.3,13793,335,0.5212,-0.8979,0.10726,-0.08,0.0057
2026-08-27 19:49:41,719.88,2026-08-27,723.0,3.06,3.29,3.76,5074,65,0.6493,-0.9332,0.06258,-0.06,0.0041
2026-08-27 19:49:41,719.88,2026-08-27,724.0,4.08,4.26,4.42,1799,103,0.7924,-0.9476,0.04236,-0.055,0.0034
2026-08-27 19:49:41,719.88,2026-08-27,725.0,4.88,5.39,5.42,1196,110,0.7929,-0.978,0.02074,-0.02,0.0017
2026-08-27 19:49:41,719.88,2026-08-27,726.0,6.07,6.23,7.06,223,28,1.0054,-0.9711,0.02057,-0.035,0.0021
2026-08-27 19:50:42,719.51,2026-08-27,713.0,0,0.03,0.01,69342,598,0.9354,-0.0104,0.00972,-0.01,0.0008
2026-08-27 19:50:42,719.51,2026-08-27,714.0,0,0.03,0.02,120718,2092,0.8921,-0.0201,0.01804,-0.02,0.0015
2026-08-27 19:50:42,719.51,2026-08-27,715.0,0,0.01,0.02,226227,1959,0.7528,-0.0234,0.02428,-0.02,0.0017
2026-08-27 19:50:42,719.51,2026-08-27,716.0,0,0.01,0.01,240470,252,0.5475,-0.0168,0.02517,-0.01,0.0013
2026-08-27 19:50:42,719.51,2026-08-27,717.0,0.04,0.05,0.04,315391,271,0.5435,-0.063,0.07521,-0.045,0.0037
2026-08-27 19:50:42,719.51,2026-08-27,718.0,0.06,0.11,0.11,445637,609,0.44,-0.1278,0.15705,-0.085,0.0063
2026-08-27 19:50:42,719.51,2026-08-27,719.0,0.28,0.3,0.3,306089,157,0.4182,-0.343,0.29047,-0.29,0.0111
2026-08-27 19:50:42,719.51,2026-08-27,720.0,0.72,0.76,0.76,194972,343,0.3759,-0.6662,0.31986,-0.25,0.011
2026-08-27 19:50:42,719.51,2026-08-27,721.0,1.42,1.68,1.66,41260,113,0.3939,-0.8939,0.15371,-0.06,0.0055
2026-08-27 19:50:42,719.51,2026-08-27,722.0,2.38,2.59,2.3,13794,335,,,,,
2026-08-27 19:50:42,719.51,2026-08-27,723.0,3.28,3.57,3.76,5074,65,,,,,
2026-08-27 19:50:42,719.51,2026-08-27,724.0,4.4,4.59,4.42,1801,103,0.6228,-0.9912,0.01266,-0.005,0.0007
2026-08-27 19:50:42,719.51,2026-08-27,725.0,5.35,5.61,5.42,1198,110,,,,,
2026-08-27 19:50:42,719.51,2026-08-27,726.0,6.39,6.69,6.7,227,28,1.1823,-0.9643,0.02194,-0.05,0.0024
2026-08-27 19:51:45,719.75,2026-08-27,713.0,0,0.03,0.01,69346,598,1.0257,-0.0101,0.00917,-0.01,0.0008
2026-08-27 19:51:45,719.75,2026-08-27,714.0,0,0.01,0.01,121020,2092,0.8915,-0.0114,0.01178,-0.01,0.0009
2026-08-27 19:51:45,719.75,2026-08-27,715.0,0,0.01,0.01,226239,1959,0.7552,-0.0133,0.01583,-0.01,0.001
2026-08-27 19:51:45,719.75,2026-08-27,716.0,0,0.03,0.03,240691,252,0.7348,-0.036,0.03775,-0.03,0.0023
2026-08-27 19:51:45,719.75,2026-08-27,717.0,0.01,0.05,0.04,315601,271,0.5711,-0.0448,0.05806,-0.03,0.0027
2026-08-27 19:51:45,719.75,2026-08-27,718.0,0.05,0.06,0.1,445983,609,0.4607,-0.0902,0.1239,-0.055,0.0046
2026-08-27 19:51:45,719.75,2026-08-27,719.0,0.24,0.25,0.25,307185,157,0.4759,-0.2884,0.25167,-0.245,0.0097
2026-08-27 19:51:45,719.75,2026-08-27,720.0,0.64,0.67,0.67,195329,343,0.4605,-0.5735,0.29879,-0.41,0.0112
2026-08-27 19:51:45,719.75,2026-08-27,721.0,1.36,1.41,1.52,41358,113,0.4868,-0.8146,0.1926,-0.14,0.0076
2026-08-27 19:51:45,719.75,2026-08-27,722.0,2.29,2.31,2.46,13815,335,0.5538,-0.922,0.09239,-0.055,0.0042
2026-08-27 19:51:45,719.75,2026-08-27,723.0,3.12,3.81,3.76,5075,65,1.0611,-0.8573,0.07455,-0.22,0.0064
2026-08-27 19:51:45,719.75,2026-08-27,724.0,4.19,4.43,4.48,1802,103,0.9398,-0.9427,0.04288,-0.065,0.0033
2026-08-27 19:51:45,719.75,2026-08-27,725.0,5.2,5.33,5.31,1200,110,0.9048,-0.9785,0.01994,-0.02,0.0015
2026-08-27 19:51:45,719.75,2026-08-27,726.0,6.06,6.43,6.7,227,28,0.6982,-0.9991,0.00153,0.0,0.0001
2026-08-27 19:52:45,720.26,2026-08-27,714.0,0,0.03,0.01,121024,2092,1.024,-0.0107,0.01032,-0.01,0.0008
2026-08-27 19:52:45,720.26,2026-08-27,715.0,0,0.01,0.01,226381,1959,0.8798,-0.0123,0.01353,-0.01,0.0009
2026-08-27 19:52:45,720.26,2026-08-27,716.0,0,0.01,0.01,241451,252,0.733,-0.0144,0.01871,-0.01,0.001
2026-08-27 19:52:45,720.26,2026-08-27,717.0,0.01,0.04,0.04,315721,271,0.676,-0.0349,0.0427,-0.025,0.0021
2026-08-27 19:52:45,720.26,2026-08-27,718.0,0.06,0.07,0.07,446969,609,0.6202,-0.0854,0.09417,-0.065,0.0042
2026-08-27 19:52:45,720.26,2026-08-27,719.0,0.12,0.17,0.17,308589,157,0.5318,-0.1862,0.18854,-0.145,0.0072
2026-08-27 19:52:45,720.26,2026-08-27,720.0,0.42,0.45,0.41,195587,343,0.5231,-0.4243,0.28018,-0.435,0.0105
2026-08-27 19:52:45,720.26,2026-08-27,721.0,0.96,1.09,1.09,41399,113,0.5492,-0.6912,0.23994,-0.29,0.0094
2026-08-27 19:52:45,720.26,2026-08-27,722.0,1.82,1.91,1.96,13817,335,0.626,-0.8495,0.13966,-0.13,0.0062
2026-08-27 19:52:45,720.26,2026-08-27,723.0,2.67,3.75,3.71,5075,65,1.3581,-0.7732,0.083,-0.475,0.0081
2026-08-27 19:52:45,720.26,2026-08-27,724.0,3.68,4.22,4.24,1808,103,1.2365,-0.8697,0.06412,-0.215,0.0057
2026-08-27 19:52:45,720.26,2026-08-27,725.0,4.72,4.98,4.98,1211,110,1.2394,-0.9225,0.0438,-0.115,0.0039
2026-08-27 19:52:45,720.26,2026-08-27,726.0,5.64,5.88,6.7,227,28,1.0759,-0.9764,0.01937,-0.025,0.0015
2026-08-27 19:52:45,720.26,2026-08-27,727.0,6.61,6.82,8.3,270,34,,,,,
2026-08-27 19:53:46,720.29,2026-08-27,714.0,0,0.01,0.01,121031,2092,1.1072,-0.0107,0.01026,-0.01,0.0007
2026-08-27 19:53:46,720.29,2026-08-27,715.0,0,0.01,0.02,226525,1959,1.0512,-0.0208,0.01917,-0.02,0.0012
2026-08-27 19:53:46,720.29,2026-08-27,716.0,0,0.03,0.02,241674,252,0.8804,-0.0243,0.02614,-0.02,0.0014
2026-08-27 19:53:46,720.29,2026-08-27,717.0,0.03,0.04,0.04,316782,271,0.7804,-0.0441,0.04817,-0.035,0.0023
2026-08-27 19:53:46,720.29,2026-08-27,718.0,0.01,0.02,0.06,447588,609,0.4967,-0.0312,0.05711,-0.015,0.0017
2026-08-27 19:53:46,720.29,2026-08-27,719.0,0.11,0.16,0.16,310059,157,0.5648,-0.178,0.18602,-0.135,0.0065
2026-08-27 19:53:46,720.29,2026-08-27,720.0,0.41,0.44,0.43,198211,343,0.5642,-0.4174,0.27893,-0.425,0.0097
2026-08-27 19:53:46,720.29,2026-08-27,721.0,0.92,1.02,1.01,41707,113,0.5485,-0.6986,0.2561,-0.26,0.0086
2026-08-27 19:53:46,720.29,2026-08-27,722.0,1.78,1.9,1.79,13820,335,0.668,-0.8483,0.14174,-0.13,0.0058
2026-08-27 19:53:46,720.29,2026-08-27,723.0,2.57,2.83,3.71,5075,65,,,,,
2026-08-27 19:53:46,720.29,2026-08-27,724.0,3.63,3.92,3.93,1808,103,0.9718,-0.9374,0.05108,-0.065,0.0031
2026-08-27 19:53:46,720.29,2026-08-27,725.0,4.49,4.77,4.84,1214,110,,,,,
2026-08-27 19:53:46,720.29,2026-08-27,726.0,5.64,5.99,5.81,229,28,1.5091,-0.9353,0.03374,-0.105,0.0031
2026-08-27 19:53:46,720.29,2026-08-27,727.0,6.5,6.86,8.3,270,34,,,,,
2026-08-27 19:54:46,720.78,2026-08-27,714.0,0,0.01,0.01,121122,2092,1.2902,-0.01,0.00912,-0.01,0.0006
2026-08-27 19:54:46,720.78,2026-08-27,715.0,0,0.03,0.02,226541,1959,1.2369,-0.0194,0.01679,-0.02,0.0011
2026-08-27 19:54:46,720.78,2026-08-27,716.0,0,0.01,0.01,243719,252,0.9511,-0.0132,0.01571,-0.01,0.0008
2026-08-27 19:54:46,720.78,2026-08-27,717.0,0.03,0.04,0.03,317184,271,0.9531,-0.04,0.03976,-0.035,0.002
2026-08-27 19:54:46,720.78,2026-08-27,718.0,0.01,0.06,0.02,448377,609,0.7436,-0.0496,0.06059,-0.035,0.0023
2026-08-27 19:54:46,720.78,2026-08-27,719.0,0.12,0.13,0.13,311342,157,0.7404,-0.1445,0.13512,-0.125,0.0052
2026-08-27 19:54:46,720.78,2026-08-27,720.0,0.27,0.29,0.25,198901,343,0.6508,-0.2985,0.23449,-0.28,0.0079
2026-08-27 19:54:46,720.78,2026-08-27,721.0,0.66,0.68,0.69,42145,113,0.6099,-0.5626,0.28418,-0.45,0.009
2026-08-27 19:54:46,720.78,2026-08-27,722.0,1.35,1.41,1.79,13829,335,0.6346,-0.8006,0.19371,-0.16,0.0064
2026-08-27 19:54:46,720.78,2026-08-27,723.0,2.19,2.64,3.71,5075,65,0.9936,-0.8364,0.10931,-0.195,0.0056
2026-08-27 19:54:46,720.78,2026-08-27,724.0,3.02,3.73,3.79,1809,103,1.1884,-0.8824,0.07298,-0.155,0.0045
2026-08-27 19:54:46,720.78,2026-08-27,725.0,4.11,4.41,4.84,1214,110,1.0642,-0.9588,0.03645,-0.04,0.002
2026-08-27 19:54:46,720.78,2026-08-27,726.0,5.1,5.41,5.81,229,28,1.2356,-0.9678,0.02567,-0.035,0.0016
2026-08-27 19:54:46,720.78,2026-08-27,727.0,5.99,6.46,8.3,270,34,1.0976,-0.9934,0.00738,-0.005,0.0004
2026-08-27 19:55:47,720.74,2026-08-27,714.0,0,0.03,0.01,121124,2092,1.4301,-0.0101,0.00921,-0.01,0.0005
2026-08-27 19:55:47,720.74,2026-08-27,715.0,0,0.03,0.02,226571,1959,1.37,-0.0195,0.01697,-0.02,0.001
2026-08-27 19:55:47,720.74,2026-08-27,716.0,0,0.03,0.01,243821,252,1.0521,-0.0133,0.01591,-0.01,0.0007
2026-08-27 19:55:47,720.74,2026-08-27,717.0,0.01,0.02,0.03,317327,271,0.9108,-0.0217,0.02796,-0.015,0.0011
2026-08-27 19:55:47,720.74,2026-08-27,718.0,0.01,0.02,0.06,448961,609,0.701,-0.0274,0.04412,-0.015,0.0013
2026-08-27 19:55:47,720.74,2026-08-27,719.0,0.1,0.11,0.07,312089,157,0.7683,-0.1329,0.13705,-0.105,0.0044
2026-08-27 19:55:47,720.74,2026-08-27,720.0,0.21,0.23,0.23,199738,343,0.6224,-0.2796,0.26488,-0.22,0.0069
2026-08-27 19:55:47,720.74,2026-08-27,721.0,0.61,0.7,0.7,42483,113,0.6323,-0.5794,0.30311,-0.395,0.008
2026-08-27 19:55:47,720.74,2026-08-27,722.0,1.33,1.49,1.45,13837,335,0.7031,-0.8096,0.18942,-0.15,0.0055
2026-08-27 19:55:47,720.74,2026-08-27,723.0,2.19,2.39,2.32,5076,65,0.6795,-0.9481,0.07667,-0.03,0.0022
2026-08-27 19:55:47,720.74,2026-08-27,724.0,3.12,3.49,3.46,1811,103,0.9869,-0.9467,0.05388,-0.045,0.0022
2026-08-27 19:55:47,720.74,2026-08-27,725.0,4.12,4.49,4.36,1215,110,1.2215,-0.9557,0.03758,-0.045,0.0019
2026-08-27 19:55:47,720.74,2026-08-27,726.0,5.12,5.58,5.81,229,28,1.6636,-0.9384,0.03582,-0.09,0.0025
2026-08-27 19:55:47,720.74,2026-08-27,727.0,6.12,6.45,8.3,270,34,1.5152,-0.978,0.01698,-0.025,0.0011
2026-08-27 19:56:49,720.84,2026-08-27,714.0,0,0.03,0.01,121139,2092,1.6688,-0.01,0.009,-0.01,0.0005
2026-08-27 19:56:49,720.84,2026-08-27,715.0,0,0.03,0.01,226584,1959,1.4532,-0.0113,0.01152,-0.01,0.0005
2026-08-27 19:56:49,720.84,2026-08-27,716.0,0,0.01,0.02,243840,252,1.3652,-0.0222,0.02188,-0.02,0.0009
2026-08-27 19:56:49,720.84,2026-08-27,717.0,0.03,0.04,0.04,317799,271,1.2391,-0.0395,0.0389,-0.035,0.0015
2026-08-27 19:56:49,720.84,2026-08-27,718.0,0.01,0.02,0.02,449679,609,0.8321,-0.0267,0.04188,-0.015,0.0011
2026-08-27 19:56:49,720.84,2026-08-27,719.0,0.04,0.09,0.09,313186,157,0.8021,-0.0971,0.12094,-0.065,0.003
2026-08-27 19:56:49,720.84,2026-08-27,720.0,0.2,0.22,0.21,200531,343,0.7462,-0.2621,0.24643,-0.21,0.0058
2026-08-27 19:56:49,720.84,2026-08-27,721.0,0.56,0.6,0.6,42762,113,0.7019,-0.5508,0.31831,-0.42,0.007
2026-08-27 19:56:49,720.84,2026-08-27,722.0,1.25,1.38,1.43,13840,335,0.7802,-0.7989,0.20327,-0.155,0.005
2026-08-27 19:56:49,720.84,2026-08-27,723.0,2.08,2.49,2.46,5077,65,1.0819,-0.8695,0.11068,-0.125,0.0038
2026-08-27 19:56:49,720.84,2026-08-27,724.0,3.01,3.49,3.38,1812,103,1.2989,-0.9145,0.06795,-0.09,0.0028
2026-08-27 19:56:49,720.84,2026-08-27,725.0,3.91,4.34,4.36,1215,110,,,,,
2026-08-27 19:56:49,720.84,2026-08-27,726.0,5,5.43,5.81,229,28,1.7057,-0.9554,0.03114,-0.055,0.0017
2026-08-27 19:56:49,720.84,2026-08-27,727.0,6.03,6.45,8.3,270,34,2.116,-0.9489,0.02801,-0.08,0.0019
2026-08-27 19:57:50,721.04,2026-08-27,715.0,0,0.03,0.01,226588,1959,1.811,-0.011,0.01093,-0.01,0.0004
2026-08-27 19:57:50,721.04,2026-08-27,716.0,0,0.01,0.01,244387,252,1.5467,-0.0127,0.01448,-0.01,0.0005
2026-08-27 19:57:50,721.04,2026-08-27,717.0,0.01,0.04,0.03,317936,271,1.4722,-0.0299,0.03152,-0.025,0.001
2026-08-27 19:57:50,721.04,2026-08-27,718.0,0.03,0.04,0.04,450129,609,1.2408,-0.0466,0.05368,-0.035,0.0014
2026-08-27 19:57:50,721.04,2026-08-27,719.0,0.01,0.03,0.07,314223,157,0.8065,-0.0417,0.07548,-0.02,0.0013
2026-08-27 19:57:50,721.04,2026-08-27,720.0,0.1,0.15,0.15,201698,343,0.8129,-0.1906,0.22853,-0.125,0.004
2026-08-27 19:57:50,721.04,2026-08-27,721.0,0.4,0.45,0.48,42807,113,0.7617,-0.4853,0.35758,-0.425,0.0058
2026-08-27 19:57:50,721.04,2026-08-27,722.0,1.05,1.21,1.43,13841,335,0.8789,-0.7718,0.235,-0.17,0.0044
2026-08-27 19:57:50,721.04,2026-08-27,723.0,1.89,2.2,2.24,5078,65,1.0911,-0.8896,0.11805,-0.085,0.0028
2026-08-27 19:57:50,721.04,2026-08-27,724.0,2.79,3.21,3.38,1812,103,1.2433,-0.9476,0.05884,-0.04,0.0016
2026-08-27 19:57:50,721.04,2026-08-27,725.0,3.11,4.22,4.13,1245,110,,,,,
2026-08-27 19:57:50,721.04,2026-08-27,726.0,4.8,5.08,5.81,229,28,,,,,
2026-08-27 19:57:50,721.04,2026-08-27,727.0,5.8,6.22,8.3,270,34,2.2771,-0.9623,0.02462,-0.05,0.0012
2026-08-27 19:57:50,721.04,2026-08-27,728.0,6.8,7.17,9.18,122,11,2.3076,-0.9797,0.01449,-0.025,0.0007
2026-08-27 19:58:50,721.21,2026-08-27,715.0,0,0.01,0.01,226708,1959,2.536,-0.0108,0.01047,-0.01,0.0003
2026-08-27 19:58:50,721.21,2026-08-27,716.0,0,0.01,0.01,244425,252,2.1759,-0.0124,0.01375,-0.01,0.0003
2026-08-27 19:58:50,721.21,2026-08-27,717.0,0,0.01,0.01,317990,271,1.809,-0.0146,0.01909,-0.01,0.0004
2026-08-27 19:58:50,721.21,2026-08-27,718.0,0,0.03,0.03,450589,609,1.7203,-0.0403,0.04703,-0.03,0.0009
2026-08-27 19:58:50,721.21,2026-08-27,719.0,0.04,0.05,0.05,315314,157,1.391,-0.0685,0.08865,-0.045,0.0014
2026-08-27 19:58:50,721.21,2026-08-27,720.0,0.06,0.12,0.07,202310,343,1.0883,-0.1492,0.19933,-0.09,0.0025
2026-08-27 19:58:50,721.21,2026-08-27,721.0,0.3,0.37,0.4,42950,113,1.0112,-0.4228,0.3615,-0.335,0.0042
2026-08-27 19:58:50,721.21,2026-08-27,722.0,0.95,1.01,1.01,13928,335,1.1378,-0.7412,0.26556,-0.19,0.0035
2026-08-27 19:58:50,721.21,2026-08-27,723.0,1.73,1.94,2.24,5078,65,1.181,-0.9211,0.1163,-0.045,0.0016
2026-08-27 19:58:50,721.21,2026-08-27,724.0,2.75,2.91,3.05,1814,103,1.6213,-0.9455,0.06362,-0.04,0.0012
2026-08-27 19:58:50,721.21,2026-08-27,725.0,1.84,3.96,4.13,1245,110,,,,,
2026-08-27 19:58:50,721.21,2026-08-27,726.0,4.58,4.93,5.81,229,28,,,,,
2026-08-27 19:58:50,721.21,2026-08-27,727.0,5.63,5.97,8.3,270,34,2.3685,-0.9885,0.01191,-0.01,0.0003
2026-08-27 19:58:50,721.21,2026-08-27,728.0,6.43,7.09,9.18,122,11,,,,,
2026-08-27 19:59:50,721.23,2026-08-27,715.0,0,0.01,0.01,227017,1959,2.7376,-0.0107,0.01041,-0.01,0.0003
2026-08-27 19:59:50,721.23,2026-08-27,716.0,0,0.01,0.02,244465,252,2.5957,-0.0209,0.0195,-0.02,0.0005
2026-08-27 19:59:50,721.23,2026-08-27,717.0,0,0.01,0.02,318611,271,2.1691,-0.0246,0.02669,-0.02,0.0006
2026-08-27 19:59:50,721.23,2026-08-27,718.0,0,0.03,0.01,451290,609,1.5508,-0.0179,0.02854,-0.01,0.0004
2026-08-27 19:59:50,721.23,2026-08-27,719.0,0.03,0.05,0.02,316505,157,1.4684,-0.063,0.08472,-0.04,0.0012
2026-08-27 19:59:50,721.23,2026-08-27,720.0,0.05,0.06,0.06,202766,343,1.0181,-0.112,0.18801,-0.055,0.0019
2026-08-27 19:59:50,721.23,2026-08-27,721.0,0.32,0.35,0.37,43001,113,1.1101,-0.4172,0.35343,-0.335,0.0039
2026-08-27 19:59:50,721.23,2026-08-27,722.0,0.89,1.01,1.02,13936,335,1.1776,-0.7441,0.2746,-0.18,0.0032
2026-08-27 19:59:50,721.23,2026-08-27,723.0,1.72,2,2.07,5080,65,1.5179,-0.8789,0.13331,-0.09,0.002
2026-08-27 19:59:50,721.23,2026-08-27,724.0,2.68,3.09,3.04,1815,103,2.2394,-0.8924,0.08307,-0.115,0.0018
2026-08-27 19:59:50,721.23,2026-08-27,725.0,2.94,3.94,4.13,1245,110,,,,,
2026-08-27 19:59:50,721.23,2026-08-27,726.0,4.5,4.99,5.81,229,28,,,,,
2026-08-27 19:59:50,721.23,2026-08-27,727.0,5.65,5.91,8.3,270,34,2.5416,-0.9884,0.01197,-0.01,0.0003
2026-08-27 19:59:50,721.23,2026-08-27,728.0,6.44,7.08,9.18,122,11,,,,,
2026-08-27 20:00:51,721.2,2026-08-27,715.0,0,0.01,0.01,227845,1959,2.7261,-0.0108,0.01049,-0.01,0.0003
2026-08-27 20:00:51,721.2,2026-08-27,716.0,0,0.01,0.01,246056,252,2.3384,-0.0124,0.01379,-0.01,0.0003
2026-08-27 20:00:51,721.2,2026-08-27,717.0,0,0.01,0.01,325364,271,1.9433,-0.0146,0.01916,-0.01,0.0004
2026-08-27 20:00:51,721.2,2026-08-27,718.0,0,0.01,0.03,454811,609,1.8472,-0.0404,0.04723,-0.03,0.0009
2026-08-27 20:00:51,721.2,2026-08-27,719.0,0.01,0.05,0.04,323249,157,1.3663,-0.0524,0.07875,-0.03,0.0011
2026-08-27 20:00:51,721.2,2026-08-27,720.0,0.04,0.1,0.06,204607,343,1.0749,-0.1305,0.19837,-0.07,0.0021
2026-08-27 20:00:51,721.2,2026-08-27,721.0,0.31,0.32,0.29,43412,113,1.0263,-0.422,0.38328,-0.315,0.0039
2026-08-27 20:00:51,721.2,2026-08-27,722.0,0.84,1.08,1.15,13943,335,1.1377,-0.7598,0.2748,-0.16,0.0031
2026-08-27 20:00:51,721.2,2026-08-27,723.0,1.58,2.13,2.13,5089,65,1.3419,-0.9108,0.12084,-0.055,0.0016
2026-08-27 20:00:51,721.2,2026-08-27,724.0,1.81,4.08,4.019,1829,103,2.4126,-0.8775,0.08455,-0.145,0.002
2026-08-27 20:00:51,721.2,2026-08-27,725.0,2.06,5.03,4.05,1276,110,,,,,
2026-08-27 20:00:51,721.2,2026-08-27,726.0,4.41,6.82,5.81,229,28,,,,,
2026-08-27 20:00:51,721.2,2026-08-27,727.0,4.12,8.09,8.3,270,34,,,,,
2026-08-27 20:00:51,721.2,2026-08-27,728.0,5.05,8.98,9.18,122,11,,,,,
2026-08-27 20:01:53,720.99,2026-08-27,714.0,0,0.03,0.01,121260,2092,3.0292,-0.0098,0.0087,-0.01,0.0003
2026-08-27 20:01:53,720.99,2026-08-27,715.0,0,0.01,0.01,227850,1959,2.646,-0.0111,0.01107,-0.01,0.0003
2026-08-27 20:01:53,720.99,2026-08-27,716.0,0,0.01,0.01,246107,252,2.2568,-0.0128,0.0147,-0.01,0.0003
2026-08-27 20:01:53,720.99,2026-08-27,717.0,0,0.01,0.02,325475,271,2.0659,-0.0257,0.02907,-0.02,0.0006
2026-08-27 20:01:53,720.99,2026-08-27,718.0,0,0.01,0.03,455056,609,1.7486,-0.0423,0.05189,-0.03,0.0009
2026-08-27 20:01:53,720.99,2026-08-27,719.0,0.01,0.05,0.05,324086,157,1.2622,-0.0561,0.09001,-0.03,0.0011
2026-08-27 20:01:53,720.99,2026-08-27,720.0,0.04,0.1,0.13,206599,343,0.9428,-0.1452,0.2433,-0.07,0.0023
2026-08-27 20:01:53,720.99,2026-08-27,721.0,0.31,0.32,0.47,43466,113,0.7814,-0.5049,0.51336,-0.305,0.004
2026-08-27 20:01:53,720.99,2026-08-27,722.0,0.84,1.08,1.14,13969,335,,,,,
2026-08-27 20:01:53,720.99,2026-08-27,723.0,1.58,2.13,2.13,5089,65,,,,,
2026-08-27 20:01:53,720.99,2026-08-27,724.0,1.81,4.08,4.019,1829,103,,,,,
2026-08-27 20:01:53,720.99,2026-08-27,725.0,2.06,5.03,4.05,1276,110,,,,,
2026-08-27 20:01:53,720.99,2026-08-27,726.0,4.41,6.82,5.81,229,28,,,,,
2026-08-27 20:01:53,720.99,2026-08-27,727.0,4.12,8.09,8.3,270,34,3.8298,-0.9416,0.0306,-0.095,0.0012
2026-08-27 20:02:53,720.83,2026-08-27,714.0,0,0.03,0.01,121261,2092,2.9689,-0.01,0.00902,-0.01,0.0003
2026-08-27 20:02:53,720.83,2026-08-27,715.0,0,0.01,0.01,227853,1959,2.5847,-0.0113,0.01155,-0.01,0.0003
2026-08-27 20:02:53,720.83,2026-08-27,716.0,0,0.01,0.01,246336,252,2.1943,-0.0131,0.01546,-0.01,0.0003
2026-08-27 20:02:53,720.83,2026-08-27,717.0,0,0.01,0.01,325891,271,1.7958,-0.0157,0.02205,-0.01,0.0004
2026-08-27 20:02:53,720.83,2026-08-27,718.0,0,0.01,0.03,456321,609,1.6728,-0.044,0.05597,-0.03,0.0009
2026-08-27 20:02:53,720.83,2026-08-27,719.0,0.01,0.05,0.02,324725,157,1.1819,-0.0594,0.10052,-0.03,0.0012
2026-08-27 20:02:53,720.83,2026-08-27,720.0,0.04,0.1,0.1,207767,343,0.8388,-0.1595,0.29117,-0.07,0.0024
2026-08-27 20:02:53,720.83,2026-08-27,721.0,0.31,0.32,0.46,44513,113,0.5537,-0.6211,0.69104,-0.145,0.0038
2026-08-27 20:02:53,720.83,2026-08-27,722.0,0.84,1.08,1.26,13969,335,,,,,
2026-08-27 20:02:53,720.83,2026-08-27,723.0,1.58,2.13,2.48,5090,65,,,,,
2026-08-27 20:02:53,720.83,2026-08-27,724.0,1.81,4.08,4.019,1830,103,,,,,
2026-08-27 20:02:53,720.83,2026-08-27,725.0,2.06,5.03,4.05,1277,110,,,,,
2026-08-27 20:02:53,720.83,2026-08-27,726.0,4.41,6.82,5.35,230,28,,,,,
2026-08-27 20:02:53,720.83,2026-08-27,727.0,4.12,8.09,8.3,270,34,,,,,
2026-08-27 20:03:53,720.75,2026-08-27,714.0,0,0.03,0.01,121261,2092,2.9387,-0.0101,0.00919,-0.01,0.0003
2026-08-27 20:03:53,720.75,2026-08-27,715.0,0,0.01,0.01,227869,1959,2.554,-0.0114,0.0118,-0.01,0.0003
2026-08-27 20:03:53,720.75,2026-08-27,716.0,0,0.01,0.01,246342,252,2.163,-0.0133,0.01586,-0.01,0.0003
2026-08-27 20:03:53,720.75,2026-08-27,717.0,0,0.01,0.01,327045,271,1.7637,-0.016,0.02277,-0.01,0.0004
2026-08-27 20:03:53,720.75,2026-08-27,718.0,0,0.01,0.03,456515,609,1.6347,-0.0449,0.05821,-0.03,0.0009
2026-08-27 20:03:53,720.75,2026-08-27,719.0,0.01,0.05,0.02,325903,157,1.1413,-0.0612,0.10658,-0.03,0.0012
2026-08-27 20:03:53,720.75,2026-08-27,720.0,0.04,0.1,0.15,208047,343,0.7855,-0.1681,0.32177,-0.07,0.0025
2026-08-27 20:03:53,720.75,2026-08-27,721.0,0.31,0.32,0.58,44563,113,0.4031,-0.7334,0.81971,-0.065,0.0033
2026-08-27 20:03:53,720.75,2026-08-27,722.0,0.84,1.08,1.26,13969,335,,,,,
2026-08-27 20:03:53,720.75,2026-08-27,723.0,1.58,2.13,2.48,5090,65,,,,,
2026-08-27 20:03:53,720.75,2026-08-27,724.0,1.81,4.08,4.23,1830,103,,,,,
2026-08-27 20:03:53,720.75,2026-08-27,725.0,2.06,5.03,4.46,1277,110,,,,,
2026-08-27 20:03:53,720.75,2026-08-27,726.0,4.41,6.82,5.35,230,28,4.9526,-0.8552,0.04625,-0.365,0.0023
2026-08-27 20:03:53,720.75,2026-08-27,727.0,4.12,8.09,8.3,270,34,,,,,
2026-08-27 20:04:54,720.67,2026-08-27,714.0,0,0.03,0.01,121280,2092,2.9084,-0.0102,0.00936,-0.01,0.0003
2026-08-27 20:04:54,720.67,2026-08-27,715.0,0,0.01,0.01,227879,1959,2.5233,-0.0116,0.01206,-0.01,0.0003
2026-08-27 20:04:54,720.67,2026-08-27,716.0,0,0.01,0.01,246350,252,2.1316,-0.0135,0.01628,-0.01,0.0003
2026-08-27 20:04:54,720.67,2026-08-27,717.0,0,0.01,0.01,327182,271,1.7315,-0.0162,0.02353,-0.01,0.0004
2026-08-27 20:04:54,720.67,2026-08-27,718.0,0,0.01,0.01,457152,609,1.3196,-0.0207,0.03795,-0.01,0.0005
2026-08-27 20:04:54,720.67,2026-08-27,719.0,0.01,0.05,0.05,326206,157,1.1004,-0.0631,0.11327,-0.03,0.0012
2026-08-27 20:04:54,720.67,2026-08-27,720.0,0.04,0.1,0.16,208266,343,0.7311,-0.178,0.35856,-0.07,0.0026
2026-08-27 20:04:54,720.67,2026-08-27,721.0,0.31,0.32,0.58,44788,113,,,,,
2026-08-27 20:04:54,720.67,2026-08-27,722.0,0.84,1.08,1.58,13970,335,,,,,
2026-08-27 20:04:54,720.67,2026-08-27,723.0,1.58,2.13,2.53,5093,65,,,,,
2026-08-27 20:04:54,720.67,2026-08-27,724.0,1.81,4.08,4.23,1830,103,,,,,
2026-08-27 20:04:54,720.67,2026-08-27,725.0,2.06,5.03,4.53,1309,110,,,,,
2026-08-27 20:04:54,720.67,2026-08-27,726.0,4.41,6.82,5.35,230,28,4.6318,-0.875,0.04472,-0.285,0.002
2026-08-27 20:04:54,720.67,2026-08-27,727.0,4.12,8.09,8.3,270,34,,,,,
2026-08-27 20:05:54,720.67,2026-08-27,714.0,0,0.03,0.01,121324,2092,2.9084,-0.0102,0.00936,-0.01,0.0003
2026-08-27 20:05:54,720.67,2026-08-27,715.0,0,0.01,0.01,227915,1959,2.5233,-0.0116,0.01206,-0.01,0.0003
2026-08-27 20:05:54,720.67,2026-08-27,716.0,0,0.01,0.01,246458,252,2.1316,-0.0135,0.01628,-0.01,0.0003
2026-08-27 20:05:54,720.67,2026-08-27,717.0,0,0.01,0.01,327441,271,1.7315,-0.0162,0.02353,-0.01,0.0004
2026-08-27 20:05:54,720.67,2026-08-27,718.0,0,0.01,0.01,457579,609,1.3196,-0.0207,0.03795,-0.01,0.0005
2026-08-27 20:05:54,720.67,2026-08-27,719.0,0.01,0.05,0.03,326794,157,1.1004,-0.0631,0.11327,-0.03,0.0012
2026-08-27 20:05:54,720.67,2026-08-27,720.0,0.04,0.1,0.11,208897,343,0.7311,-0.178,0.35856,-0.07,0.0026
2026-08-27 20:05:54,720.67,2026-08-27,721.0,0.31,0.32,0.41,45124,113,,,,,
2026-08-27 20:05:54,720.67,2026-08-27,722.0,0.84,1.08,2.06,13987,335,,,,,
2026-08-27 20:05:54,720.67,2026-08-27,723.0,1.58,2.13,2.47,5093,65,,,,,
2026-08-27 20:05:54,720.67,2026-08-27,724.0,1.81,4.08,4.23,1830,103,,,,,
2026-08-27 20:05:54,720.67,2026-08-27,725.0,2.06,5.03,4.53,1309,110,,,,,
2026-08-27 20:05:54,720.67,2026-08-27,726.0,4.41,6.82,5.34,231,28,4.6318,-0.875,0.04472,-0.285,0.002
2026-08-27 20:05:54,720.67,2026-08-27,727.0,4.12,8.09,8.3,270,34,,,,,
2026-08-27 20:06:58,720.67,2026-08-27,714.0,0,0.03,0.01,121325,2092,2.9084,-0.0102,0.00936,-0.01,0.0003
2026-08-27 20:06:58,720.67,2026-08-27,715.0,0,0.01,0.01,227926,1959,2.5233,-0.0116,0.01206,-0.01,0.0003
2026-08-27 20:06:58,720.67,2026-08-27,716.0,0,0.01,0.01,246460,252,2.1316,-0.0135,0.01628,-0.01,0.0003
2026-08-27 20:06:58,720.67,2026-08-27,717.0,0,0.01,0.03,327593,271,2.0677,-0.0366,0.039,-0.03,0.0008
2026-08-27 20:06:58,720.67,2026-08-27,718.0,0,0.01,0.03,457688,609,1.5965,-0.0458,0.06061,-0.03,0.001
2026-08-27 20:06:58,720.67,2026-08-27,719.0,0.01,0.05,0.04,327143,157,1.1004,-0.0631,0.11327,-0.03,0.0012
2026-08-27 20:06:58,720.67,2026-08-27,720.0,0.04,0.1,0.11,209095,343,0.7311,-0.178,0.35856,-0.07,0.0026
2026-08-27 20:06:58,720.67,2026-08-27,721.0,0.31,0.32,0.58,45638,113,,,,,
2026-08-27 20:06:58,720.67,2026-08-27,722.0,0.84,1.08,2.06,13987,335,,,,,
2026-08-27 20:06:58,720.67,2026-08-27,723.0,1.58,2.13,2.47,5093,65,,,,,
2026-08-27 20:06:58,720.67,2026-08-27,724.0,1.81,4.08,4.23,1830,103,,,,,
2026-08-27 20:06:58,720.67,2026-08-27,725.0,2.06,5.03,4.53,1309,110,,,,,
2026-08-27 20:06:58,720.67,2026-08-27,726.0,4.41,6.82,5.34,231,28,4.6318,-0.875,0.04472,-0.285,0.002
2026-08-27 20:06:58,720.67,2026-08-27,727.0,4.12,8.09,8.3,270,34,,,,,
2026-08-27 20:07:58,720.67,2026-08-27,714.0,0,0.03,0.01,121405,2092,2.9084,-0.0102,0.00936,-0.01,0.0003
2026-08-27 20:07:58,720.67,2026-08-27,715.0,0,0.01,0.01,228002,1959,2.5233,-0.0116,0.01206,-0.01,0.0003
2026-08-27 20:07:58,720.67,2026-08-27,716.0,0,0.01,0.01,246573,252,2.1316,-0.0135,0.01628,-0.01,0.0003
2026-08-27 20:07:58,720.67,2026-08-27,717.0,0,0.01,0.02,327668,271,1.9269,-0.0273,0.03283,-0.02,0.0006
2026-08-27 20:07:58,720.67,2026-08-27,718.0,0,0.01,0.03,459101,609,1.5965,-0.0458,0.06061,-0.03,0.001
2026-08-27 20:07:58,720.67,2026-08-27,719.0,0.01,0.05,0.04,328375,157,1.1004,-0.0631,0.11327,-0.03,0.0012
2026-08-27 20:07:58,720.67,2026-08-27,720.0,0.04,0.1,0.12,209849,343,0.7311,-0.178,0.35856,-0.07,0.0026
2026-08-27 20:07:58,720.67,2026-08-27,721.0,0.31,0.32,0.61,45747,113,,,,,
2026-08-27 20:07:58,720.67,2026-08-27,722.0,0.84,1.08,1.68,14008,335,,,,,
2026-08-27 20:07:58,720.67,2026-08-27,723.0,1.58,2.13,2.9,5096,65,,,,,
2026-08-27 20:07:58,720.67,2026-08-27,724.0,1.81,4.08,4.23,1830,103,,,,,
2026-08-27 20:07:58,720.67,2026-08-27,725.0,2.06,5.03,4.53,1309,110,,,,,
2026-08-27 20:07:58,720.67,2026-08-27,726.0,4.41,6.82,5.34,231,28,4.6318,-0.875,0.04472,-0.285,0.002
2026-08-27 20:07:58,720.67,2026-08-27,727.0,4.12,8.09,8.3,270,34,,,,,
2026-08-27 20:08:59,720.67,2026-08-27,714.0,0,0.03,0.01,121457,2092,2.9084,-0.0102,0.00936,-0.01,0.0003
2026-08-27 20:08:59,720.67,2026-08-27,715.0,0,0.01,0.01,228008,1959,2.5233,-0.0116,0.01206,-0.01,0.0003
2026-08-27 20:08:59,720.67,2026-08-27,716.0,0,0.01,0.02,246728,252,2.3599,-0.0228,0.02307,-0.02,0.0005
2026-08-27 20:08:59,720.67,2026-08-27,717.0,0,0.01,0.01,327863,271,1.7315,-0.0162,0.02353,-0.01,0.0004
2026-08-27 20:08:59,720.67,2026-08-27,718.0,0,0.01,0.03,459281,609,1.5965,-0.0458,0.06061,-0.03,0.001
2026-08-27 20:08:59,720.67,2026-08-27,719.0,0.01,0.05,0.05,330843,157,1.1004,-0.0631,0.11327,-0.03,0.0012
2026-08-27 20:08:59,720.67,2026-08-27,720.0,0.04,0.1,0.15,210634,343,0.7311,-0.178,0.35856,-0.07,0.0026
2026-08-27 20:08:59,720.67,2026-08-27,721.0,0.31,0.32,0.78,46165,113,,,,,
2026-08-27 20:08:59,720.67,2026-08-27,722.0,0.84,1.08,1.7,14031,335,,,,,
2026-08-27 20:08:59,720.67,2026-08-27,723.0,1.58,2.13,2.9,5096,65,,,,,
2026-08-27 20:08:59,720.67,2026-08-27,724.0,1.81,4.08,4.23,1830,103,,,,,
2026-08-27 20:08:59,720.67,2026-08-27,725.0,2.06,5.03,4.67,1312,110,,,,,
2026-08-27 20:08:59,720.67,2026-08-27,726.0,4.41,6.82,5.34,231,28,4.6318,-0.875,0.04472,-0.285,0.002
2026-08-27 20:08:59,720.67,2026-08-27,727.0,4.12,8.09,8.3,270,34,,,,,
2026-08-27 20:09:59,720.67,2026-08-27,714.0,0,0.03,0.01,121457,2092,2.9084,-0.0102,0.00936,-0.01,0.0003
2026-08-27 20:09:59,720.67,2026-08-27,715.0,0,0.01,0.01,228110,1959,2.5233,-0.0116,0.01206,-0.01,0.0003
2026-08-27 20:09:59,720.67,2026-08-27,716.0,0,0.01,0.01,246738,252,2.1316,-0.0135,0.01628,-0.01,0.0003
2026-08-27 20:09:59,720.67,2026-08-27,717.0,0,0.01,0.01,327952,271,1.7315,-0.0162,0.02353,-0.01,0.0004
2026-08-27 20:09:59,720.67,2026-08-27,718.0,0,0.01,0.01,459501,609,1.3196,-0.0207,0.03795,-0.01,0.0005
2026-08-27 20:09:59,720.67,2026-08-27,719.0,0.01,0.05,0.05,333060,157,1.1004,-0.0631,0.11327,-0.03,0.0012
2026-08-27 20:09:59,720.67,2026-08-27,720.0,0.04,0.1,0.2,212573,343,0.7311,-0.178,0.35856,-0.07,0.0026
2026-08-27 20:09:59,720.67,2026-08-27,721.0,0.31,0.32,0.81,46314,113,,,,,
2026-08-27 20:09:59,720.67,2026-08-27,722.0,0.84,1.08,1.64,14054,335,,,,,
2026-08-27 20:09:59,720.67,2026-08-27,723.0,1.58,2.13,2.6,5112,65,,,,,
2026-08-27 20:09:59,720.67,2026-08-27,724.0,1.81,4.08,4.23,1830,103,,,,,
2026-08-27 20:09:59,720.67,2026-08-27,725.0,2.06,5.03,4.62,1313,110,,,,,
2026-08-27 20:09:59,720.67,2026-08-27,726.0,4.41,6.82,5.34,231,28,4.6318,-0.875,0.04472,-0.285,0.002
2026-08-27 20:09:59,720.67,2026-08-27,727.0,4.12,8.09,6.52,271,34,,,,,
2026-08-27 20:10:59,720.67,2026-08-27,714.0,0,0.03,0.01,121457,2092,2.9084,-0.0102,0.00936,-0.01,0.0003
2026-08-27 20:10:59,720.67,2026-08-27,715.0,0,0.01,0.01,228122,1959,2.5233,-0.0116,0.01206,-0.01,0.0003
2026-08-27 20:10:59,720.67,2026-08-27,716.0,0,0.01,0.01,246748,252,2.1316,-0.0135,0.01628,-0.01,0.0003
2026-08-27 20:10:59,720.67,2026-08-27,717.0,0,0.01,0.01,327968,271,1.7315,-0.0162,0.02353,-0.01,0.0004
2026-08-27 20:10:59,720.67,2026-08-27,718.0,0,0.01,0.03,459776,609,1.5965,-0.0458,0.06061,-0.03,0.001
2026-08-27 20:10:59,720.67,2026-08-27,719.0,0.01,0.05,0.04,333302,157,1.1004,-0.0631,0.11327,-0.03,0.0012
2026-08-27 20:10:59,720.67,2026-08-27,720.0,0.04,0.1,0.17,213367,343,0.7311,-0.178,0.35856,-0.07,0.0026
2026-08-27 20:10:59,720.67,2026-08-27,721.0,0.31,0.32,0.72,47183,113,,,,,
2026-08-27 20:10:59,720.67,2026-08-27,722.0,0.84,1.08,1.6,14094,335,,,,,
2026-08-27 20:10:59,720.67,2026-08-27,723.0,1.58,2.13,2.55,5116,65,,,,,
2026-08-27 20:10:59,720.67,2026-08-27,724.0,1.81,4.08,4.23,1830,103,,,,,
2026-08-27 20:10:59,720.67,2026-08-27,725.0,2.06,5.03,4.62,1313,110,,,,,
2026-08-27 20:10:59,720.67,2026-08-27,726.0,4.41,6.82,5.34,231,28,4.6318,-0.875,0.04472,-0.285,0.002
2026-08-27 20:10:59,720.67,2026-08-27,727.0,4.12,8.09,6.52,271,34,,,,,
2026-08-27 20:12:01,720.67,2026-08-27,714.0,0,0.03,0.01,121559,2092,2.9084,-0.0102,0.00936,-0.01,0.0003
2026-08-27 20:12:01,720.67,2026-08-27,715.0,0,0.01,0.01,228123,1959,2.5233,-0.0116,0.01206,-0.01,0.0003
2026-08-27 20:12:01,720.67,2026-08-27,716.0,0,0.01,0.01,246752,252,2.1316,-0.0135,0.01628,-0.01,0.0003
2026-08-27 20:12:01,720.67,2026-08-27,717.0,0,0.01,0.01,328062,271,1.7315,-0.0162,0.02353,-0.01,0.0004
2026-08-27 20:12:01,720.67,2026-08-27,718.0,0,0.01,0.01,459978,609,1.3196,-0.0207,0.03795,-0.01,0.0005
2026-08-27 20:12:01,720.67,2026-08-27,719.0,0.01,0.05,0.04,333914,157,1.1004,-0.0631,0.11327,-0.03,0.0012
2026-08-27 20:12:01,720.67,2026-08-27,720.0,0.04,0.1,0.17,215556,343,0.7311,-0.178,0.35856,-0.07,0.0026
2026-08-27 20:12:01,720.67,2026-08-27,721.0,0.31,0.32,0.89,48133,113,,,,,
2026-08-27 20:12:01,720.67,2026-08-27,722.0,0.84,1.08,1.7,16255,335,,,,,
2026-08-27 20:12:01,720.67,2026-08-27,723.0,1.58,2.13,2.54,5326,65,,,,,
2026-08-27 20:12:01,720.67,2026-08-27,724.0,1.81,4.08,4.23,1832,103,,,,,
2026-08-27 20:12:01,720.67,2026-08-27,725.0,2.06,5.03,4.62,1313,110,,,,,
2026-08-27 20:12:01,720.67,2026-08-27,726.0,4.41,6.82,5.34,233,28,4.6318,-0.875,0.04472,-0.285,0.002
2026-08-27 20:12:01,720.67,2026-08-27,727.0,4.12,8.09,6.52,271,34,,,,,
2026-08-27 20:13:01,720.67,2026-08-27,714.0,0,0.03,0.01,121559,2092,2.9084,-0.0102,0.00936,-0.01,0.0003
2026-08-27 20:13:01,720.67,2026-08-27,715.0,0,0.01,0.01,228123,1959,2.5233,-0.0116,0.01206,-0.01,0.0003
2026-08-27 20:13:01,720.67,2026-08-27,716.0,0,0.01,0.01,246753,252,2.1316,-0.0135,0.01628,-0.01,0.0003
2026-08-27 20:13:01,720.67,2026-08-27,717.0,0,0.01,0.01,328463,271,1.7315,-0.0162,0.02353,-0.01,0.0004
2026-08-27 20:13:01,720.67,2026-08-27,718.0,0,0.01,0.01,460110,609,1.3196,-0.0207,0.03795,-0.01,0.0005
2026-08-27 20:13:01,720.67,2026-08-27,719.0,0.01,0.05,0.04,334566,157,1.1004,-0.0631,0.11327,-0.03,0.0012
2026-08-27 20:13:01,720.67,2026-08-27,720.0,0.04,0.1,0.2,216748,343,0.7311,-0.178,0.35856,-0.07,0.0026
2026-08-27 20:13:01,720.67,2026-08-27,721.0,0.31,0.32,0.93,48710,113,,,,,
2026-08-27 20:13:01,720.67,2026-08-27,722.0,0.84,1.08,1.74,16374,335,,,,,
2026-08-27 20:13:01,720.67,2026-08-27,723.0,1.58,2.13,2.64,5330,65,,,,,
2026-08-27 20:13:01,720.67,2026-08-27,724.0,1.81,4.08,3.74,1837,103,,,,,
2026-08-27 20:13:01,720.67,2026-08-27,725.0,2.06,5.03,4.62,1313,110,,,,,
2026-08-27 20:13:01,720.67,2026-08-27,726.0,4.41,6.82,5.63,233,28,4.6318,-0.875,0.04472,-0.285,0.002
2026-08-27 20:13:01,720.67,2026-08-27,727.0,4.12,8.09,6.52,271,34,,,,,
2026-08-27 20:14:02,720.67,2026-08-27,714.0,0,0.03,0.01,121576,2092,2.9084,-0.0102,0.00936,-0.01,0.0003
2026-08-27 20:14:02,720.67,2026-08-27,715.0,0,0.01,0.01,228530,1959,2.5233,-0.0116,0.01206,-0.01,0.0003
2026-08-27 20:14:02,720.67,2026-08-27,716.0,0,0.01,0.01,246754,252,2.1316,-0.0135,0.01628,-0.01,0.0003
2026-08-27 20:14:02,720.67,2026-08-27,717.0,0,0.01,0.01,328473,271,1.7315,-0.0162,0.02353,-0.01,0.0004
2026-08-27 20:14:02,720.67,2026-08-27,718.0,0,0.01,0.01,460252,609,1.3196,-0.0207,0.03795,-0.01,0.0005
2026-08-27 20:14:02,720.67,2026-08-27,719.0,0.01,0.05,0.04,334769,157,1.1004,-0.0631,0.11327,-0.03,0.0012
2026-08-27 20:14:02,720.67,2026-08-27,720.0,0.04,0.1,0.25,217298,343,0.7311,-0.178,0.35856,-0.07,0.0026
2026-08-27 20:14:02,720.67,2026-08-27,721.0,0.31,0.32,0.98,50108,113,,,,,
2026-08-27 20:14:02,720.67,2026-08-27,722.0,0.84,1.08,1.85,16524,335,,,,,
2026-08-27 20:14:02,720.67,2026-08-27,723.0,1.58,2.13,2.81,5332,65,,,,,
2026-08-27 20:14:02,720.67,2026-08-27,724.0,1.81,4.08,3.68,1842,103,,,,,
2026-08-27 20:14:02,720.67,2026-08-27,725.0,2.06,5.03,4.62,1313,110,,,,,
2026-08-27 20:14:02,720.67,2026-08-27,726.0,4.41,6.82,5.63,233,28,4.6318,-0.875,0.04472,-0.285,0.002
2026-08-27 20:14:02,720.67,2026-08-27,727.0,4.12,8.09,6.52,271,34,,,,,
2026-08-27 20:15:02,720.67,2026-08-27,714.0,0,0.03,0.01,121626,2092,2.9084,-0.0102,0.00936,-0.01,0.0003
2026-08-27 20:15:02,720.67,2026-08-27,715.0,0,0.01,0.01,228534,1959,2.5233,-0.0116,0.01206,-0.01,0.0003
2026-08-27 20:15:02,720.67,2026-08-27,716.0,0,0.01,0.01,246757,252,2.1316,-0.0135,0.01628,-0.01,0.0003
2026-08-27 20:15:02,720.67,2026-08-27,717.0,0,0.01,0.01,328487,271,1.7315,-0.0162,0.02353,-0.01,0.0004
2026-08-27 20:15:02,720.67,2026-08-27,718.0,0,0.01,0.02,460267,609,1.4798,-0.0344,0.0518,-0.02,0.0008
2026-08-27 20:15:02,720.67,2026-08-27,719.0,0.01,0.05,0.03,338158,157,1.1004,-0.0631,0.11327,-0.03,0.0012
2026-08-27 20:15:02,720.67,2026-08-27,720.0,0.04,0.1,0.15,217866,343,0.7311,-0.178,0.35856,-0.07,0.0026
2026-08-27 20:15:02,720.67,2026-08-27,721.0,0.31,0.32,0.95,51691,113,,,,,
2026-08-27 20:15:02,720.67,2026-08-27,722.0,0.84,1.08,1.82,16588,335,,,,,
2026-08-27 20:15:02,720.67,2026-08-27,723.0,1.58,2.13,2.82,5333,65,,,,,
2026-08-27 20:15:02,720.67,2026-08-27,724.0,1.81,4.08,3.8,1846,103,,,,,
2026-08-27 20:15:02,720.67,2026-08-27,725.0,2.06,5.03,4.62,1313,110,,,,,
2026-08-27 20:15:02,720.67,2026-08-27,726.0,4.41,6.82,5.63,233,28,4.6318,-0.875,0.04472,-0.285,0.002
2026-08-27 20:15:02,720.67,2026-08-27,727.0,4.12,8.09,6.52,271,34,,,,,
2026-08-27 20:16:02,720.67,2026-08-27,714.0,0,0.03,0.01,121626,2092,2.9084,-0.0102,0.00936,-0.01,0.0003
2026-08-27 20:16:02,720.67,2026-08-27,715.0,0,0.01,0.01,228605,1959,2.5233,-0.0116,0.01206,-0.01,0.0003
2026-08-27 20:16:02,720.67,2026-08-27,716.0,0,0.01,0.01,246757,252,2.1316,-0.0135,0.01628,-0.01,0.0003
2026-08-27 20:16:02,720.67,2026-08-27,717.0,0,0.01,0.01,328490,271,1.7315,-0.0162,0.02353,-0.01,0.0004
2026-08-27 20:16:02,720.67,2026-08-27,718.0,0,0.01,0.01,460271,609,1.3196,-0.0207,0.03795,-0.01,0.0005
2026-08-27 20:16:02,720.67,2026-08-27,719.0,0.01,0.05,0.03,338470,157,1.1004,-0.0631,0.11327,-0.03,0.0012
2026-08-27 20:16:02,720.67,2026-08-27,720.0,0.04,0.1,0.15,218300,343,0.7311,-0.178,0.35856,-0.07,0.0026
2026-08-27 20:16:02,720.67,2026-08-27,721.0,0.31,0.32,0.95,54057,113,,,,,
2026-08-27 20:16:02,720.67,2026-08-27,722.0,0.84,1.08,1.82,17757,335,,,,,
2026-08-27 20:16:02,720.67,2026-08-27,723.0,1.58,2.13,2.87,5335,65,,,,,
2026-08-27 20:16:02,720.67,2026-08-27,724.0,1.81,4.08,3.84,1846,103,,,,,
2026-08-27 20:16:02,720.67,2026-08-27,725.0,2.06,5.03,4.62,1313,110,,,,,
2026-08-27 20:16:02,720.67,2026-08-27,726.0,4.41,6.82,5.63,233,28,4.6318,-0.875,0.04472,-0.285,0.002
2026-08-27 20:16:02,720.67,2026-08-27,727.0,4.12,8.09,6.52,271,34,,,,,
2026-08-27 20:17:04,720.67,2026-08-27,714.0,0,0.03,0.01,121644,2092,2.9084,-0.0102,0.00936,-0.01,0.0003
2026-08-27 20:17:04,720.67,2026-08-27,715.0,0,0.01,0.01,228605,1959,2.5233,-0.0116,0.01206,-0.01,0.0003
2026-08-27 20:17:04,720.67,2026-08-27,716.0,0,0.01,0.01,246758,252,2.1316,-0.0135,0.01628,-0.01,0.0003
2026-08-27 20:17:04,720.67,2026-08-27,717.0,0,0.01,0.01,328490,271,1.7315,-0.0162,0.02353,-0.01,0.0004
2026-08-27 20:17:04,720.67,2026-08-27,718.0,0,0.01,0.01,460279,609,1.3196,-0.0207,0.03795,-0.01,0.0005
2026-08-27 20:17:04,720.67,2026-08-27,719.0,0.01,0.05,0.03,338534,157,1.1004,-0.0631,0.11327,-0.03,0.0012
2026-08-27 20:17:04,720.67,2026-08-27,720.0,0.04,0.1,0.15,218594,343,0.7311,-0.178,0.35856,-0.07,0.0026
2026-08-27 20:17:04,720.67,2026-08-27,721.0,0.31,0.32,0.95,55298,113,,,,,
2026-08-27 20:17:04,720.67,2026-08-27,722.0,0.84,1.08,1.82,17811,335,,,,,
2026-08-27 20:17:04,720.67,2026-08-27,723.0,1.58,2.13,2.87,5537,65,,,,,
2026-08-27 20:17:04,720.67,2026-08-27,724.0,1.81,4.08,3.84,1856,103,,,,,
2026-08-27 20:17:04,720.67,2026-08-27,725.0,2.06,5.03,4.62,1313,110,,,,,
2026-08-27 20:17:04,720.67,2026-08-27,726.0,4.41,6.82,5.63,233,28,4.6318,-0.875,0.04472,-0.285,0.002
2026-08-27 20:17:04,720.67,2026-08-27,727.0,4.12,8.09,6.52,271,34,,,,,
2026-08-27 20:18:04,720.67,2026-08-27,714.0,0,0.03,0.01,121646,2092,2.9084,-0.0102,0.00936,-0.01,0.0003
2026-08-27 20:18:04,720.67,2026-08-27,715.0,0,0.01,0.01,228744,1959,2.5233,-0.0116,0.01206,-0.01,0.0003
2026-08-27 20:18:04,720.67,2026-08-27,716.0,0,0.01,0.01,246769,252,2.1316,-0.0135,0.01628,-0.01,0.0003
2026-08-27 20:18:04,720.67,2026-08-27,717.0,0,0.01,0.01,328492,271,1.7315,-0.0162,0.02353,-0.01,0.0004
2026-08-27 20:18:04,720.67,2026-08-27,718.0,0,0.01,0.01,460281,609,1.3196,-0.0207,0.03795,-0.01,0.0005
2026-08-27 20:18:04,720.67,2026-08-27,719.0,0.01,0.05,0.03,338658,157,1.1004,-0.0631,0.11327,-0.03,0.0012
2026-08-27 20:18:04,720.67,2026-08-27,720.0,0.04,0.1,0.15,218994,343,0.7311,-0.178,0.35856,-0.07,0.0026
2026-08-27 20:18:04,720.67,2026-08-27,721.0,0.31,0.32,0.95,56714,113,,,,,
2026-08-27 20:18:04,720.67,2026-08-27,722.0,0.84,1.08,1.82,17883,335,,,,,
2026-08-27 20:18:04,720.67,2026-08-27,723.0,1.58,2.13,2.87,5537,65,,,,,
2026-08-27 20:18:04,720.67,2026-08-27,724.0,1.81,4.08,3.84,1856,103,,,,,
2026-08-27 20:18:04,720.67,2026-08-27,725.0,2.06,5.03,4.62,1314,110,,,,,
2026-08-27 20:18:04,720.67,2026-08-27,726.0,4.41,6.82,5.63,233,28,4.6318,-0.875,0.04472,-0.285,0.002
2026-08-27 20:18:04,720.67,2026-08-27,727.0,4.12,8.09,6.52,271,34,,,,,
2026-08-27 20:19:05,720.67,2026-08-27,714.0,0,0.03,0.01,121646,2092,2.9084,-0.0102,0.00936,-0.01,0.0003
2026-08-27 20:19:05,720.67,2026-08-27,715.0,0,0.01,0.01,228749,1959,2.5233,-0.0116,0.01206,-0.01,0.0003
2026-08-27 20:19:05,720.67,2026-08-27,716.0,0,0.01,0.01,246872,252,2.1316,-0.0135,0.01628,-0.01,0.0003
2026-08-27 20:19:05,720.67,2026-08-27,717.0,0,0.01,0.01,328492,271,1.7315,-0.0162,0.02353,-0.01,0.0004
2026-08-27 20:19:05,720.67,2026-08-27,718.0,0,0.01,0.01,460285,609,1.3196,-0.0207,0.03795,-0.01,0.0005
2026-08-27 20:19:05,720.67,2026-08-27,719.0,0.01,0.05,0.03,338732,157,1.1004,-0.0631,0.11327,-0.03,0.0012
2026-08-27 20:19:05,720.67,2026-08-27,720.0,0.04,0.1,0.15,219512,343,0.7311,-0.178,0.35856,-0.07,0.0026
2026-08-27 20:19:05,720.67,2026-08-27,721.0,0.31,0.32,0.95,56917,113,,,,,
2026-08-27 20:19:05,720.67,2026-08-27,722.0,0.84,1.08,1.82,18889,335,,,,,
2026-08-27 20:19:05,720.67,2026-08-27,723.0,1.58,2.13,2.87,5537,65,,,,,
2026-08-27 20:19:05,720.67,2026-08-27,724.0,1.81,4.08,3.84,1856,103,,,,,
2026-08-27 20:19:05,720.67,2026-08-27,725.0,2.06,5.03,4.26,1314,110,,,,,
2026-08-27 20:19:05,720.67,2026-08-27,726.0,4.41,6.82,5.63,233,28,4.6318,-0.875,0.04472,-0.285,0.002
2026-08-27 20:19:05,720.67,2026-08-27,727.0,4.12,8.09,6.52,271,34,,,,,
2026-08-27 20:20:05,720.67,2026-08-27,714.0,0,0.03,0.01,121650,2092,2.9084,-0.0102,0.00936,-0.01,0.0003
2026-08-27 20:20:05,720.67,2026-08-27,715.0,0,0.01,0.01,228769,1959,2.5233,-0.0116,0.01206,-0.01,0.0003
2026-08-27 20:20:05,720.67,2026-08-27,716.0,0,0.01,0.01,246900,252,2.1316,-0.0135,0.01628,-0.01,0.0003
2026-08-27 20:20:05,720.67,2026-08-27,717.0,0,0.01,0.01,328493,271,1.7315,-0.0162,0.02353,-0.01,0.0004
2026-08-27 20:20:05,720.67,2026-08-27,718.0,0,0.01,0.01,461036,609,1.3196,-0.0207,0.03795,-0.01,0.0005
2026-08-27 20:20:05,720.67,2026-08-27,719.0,0.01,0.05,0.03,338797,157,1.1004,-0.0631,0.11327,-0.03,0.0012
2026-08-27 20:20:05,720.67,2026-08-27,720.0,0.04,0.1,0.2,219807,343,0.7311,-0.178,0.35856,-0.07,0.0026
2026-08-27 20:20:05,720.67,2026-08-27,721.0,0.31,0.32,0.95,57226,113,,,,,
2026-08-27 20:20:05,720.67,2026-08-27,722.0,0.84,1.08,1.82,18972,335,,,,,
2026-08-27 20:20:05,720.67,2026-08-27,723.0,1.58,2.13,2.87,5543,65,,,,,
2026-08-27 20:20:05,720.67,2026-08-27,724.0,1.81,4.08,3.84,1856,103,,,,,
2026-08-27 20:20:05,720.67,2026-08-27,725.0,2.06,5.03,4.26,1314,110,,,,,
2026-08-27 20:20:05,720.67,2026-08-27,726.0,4.41,6.82,5.63,233,28,4.6318,-0.875,0.04472,-0.285,0.002
2026-08-27 20:20:05,720.67,2026-08-27,727.0,4.12,8.09,6.52,271,34,,,,,
2026-08-27 20:21:05,720.67,2026-08-27,714.0,0,0.03,0.01,121652,2092,2.9084,-0.0102,0.00936,-0.01,0.0003
2026-08-27 20:21:05,720.67,2026-08-27,715.0,0,0.01,0.01,228784,1959,2.5233,-0.0116,0.01206,-0.01,0.0003
2026-08-27 20:21:05,720.67,2026-08-27,716.0,0,0.01,0.01,246912,252,2.1316,-0.0135,0.01628,-0.01,0.0003
2026-08-27 20:21:05,720.67,2026-08-27,717.0,0,0.01,0.01,328493,271,1.7315,-0.0162,0.02353,-0.01,0.0004
2026-08-27 20:21:05,720.67,2026-08-27,718.0,0,0.01,0.01,461041,609,1.3196,-0.0207,0.03795,-0.01,0.0005
2026-08-27 20:21:05,720.67,2026-08-27,719.0,0.01,0.05,0.03,338825,157,1.1004,-0.0631,0.11327,-0.03,0.0012
2026-08-27 20:21:05,720.67,2026-08-27,720.0,0.04,0.1,0.15,220471,343,0.7311,-0.178,0.35856,-0.07,0.0026
2026-08-27 20:21:05,720.67,2026-08-27,721.0,0.31,0.32,0.95,57334,113,,,,,
2026-08-27 20:21:05,720.67,2026-08-27,722.0,0.84,1.08,1.82,18973,335,,,,,
2026-08-27 20:21:05,720.67,2026-08-27,723.0,1.58,2.13,2.87,5543,65,,,,,
2026-08-27 20:21:05,720.67,2026-08-27,724.0,1.81,4.08,3.84,1858,103,,,,,
2026-08-27 20:21:05,720.67,2026-08-27,725.0,2.06,5.03,4.26,1314,110,,,,,
2026-08-27 20:21:05,720.67,2026-08-27,726.0,4.41,6.82,5.63,233,28,4.6318,-0.875,0.04472,-0.285,0.002
2026-08-27 20:21:05,720.67,2026-08-27,727.0,4.12,8.09,6.52,271,34,,,,,
2026-08-27 20:22:07,720.67,2026-08-27,714.0,0,0.03,0.01,121752,2092,2.9084,-0.0102,0.00936,-0.01,0.0003
2026-08-27 20:22:07,720.67,2026-08-27,715.0,0,0.01,0.01,228785,1959,2.5233,-0.0116,0.01206,-0.01,0.0003
2026-08-27 20:22:07,720.67,2026-08-27,716.0,0,0.01,0.01,246912,252,2.1316,-0.0135,0.01628,-0.01,0.0003
2026-08-27 20:22:07,720.67,2026-08-27,717.0,0,0.01,0.01,328662,271,1.7315,-0.0162,0.02353,-0.01,0.0004
2026-08-27 20:22:07,720.67,2026-08-27,718.0,0,0.01,0.01,461073,609,1.3196,-0.0207,0.03795,-0.01,0.0005
2026-08-27 20:22:07,720.67,2026-08-27,719.0,0.01,0.05,0.03,338879,157,1.1004,-0.0631,0.11327,-0.03,0.0012
2026-08-27 20:22:07,720.67,2026-08-27,720.0,0.04,0.1,0.15,220667,343,0.7311,-0.178,0.35856,-0.07,0.0026
2026-08-27 20:22:07,720.67,2026-08-27,721.0,0.31,0.32,0.95,57406,113,,,,,
2026-08-27 20:22:07,720.67,2026-08-27,722.0,0.84,1.08,1.82,18981,335,,,,,
2026-08-27 20:22:07,720.67,2026-08-27,723.0,1.58,2.13,2.87,5543,65,,,,,
2026-08-27 20:22:07,720.67,2026-08-27,724.0,1.81,4.08,3.84,1860,103,,,,,
2026-08-27 20:22:07,720.67,2026-08-27,725.0,2.06,5.03,4.26,1314,110,,,,,
2026-08-27 20:22:07,720.67,2026-08-27,726.0,4.41,6.82,5.63,233,28,4.6318,-0.875,0.04472,-0.285,0.002
2026-08-27 20:22:07,720.67,2026-08-27,727.0,4.12,8.09,6.52,271,34,,,,,
2026-08-27 20:23:08,720.67,2026-08-27,714.0,0,0.03,0.01,121754,2092,2.9084,-0.0102,0.00936,-0.01,0.0003
2026-08-27 20:23:08,720.67,2026-08-27,715.0,0,0.01,0.01,228787,1959,2.5233,-0.0116,0.01206,-0.01,0.0003
2026-08-27 20:23:08,720.67,2026-08-27,716.0,0,0.01,0.01,246912,252,2.1316,-0.0135,0.01628,-0.01,0.0003
2026-08-27 20:23:08,720.67,2026-08-27,717.0,0,0.01,0.01,328665,271,1.7315,-0.0162,0.02353,-0.01,0.0004
2026-08-27 20:23:08,720.67,2026-08-27,718.0,0,0.01,0.01,461078,609,1.3196,-0.0207,0.03795,-0.01,0.0005
2026-08-27 20:23:08,720.67,2026-08-27,719.0,0.01,0.05,0.03,338905,157,1.1004,-0.0631,0.11327,-0.03,0.0012
2026-08-27 20:23:08,720.67,2026-08-27,720.0,0.04,0.1,0.15,221353,343,0.7311,-0.178,0.35856,-0.07,0.0026
2026-08-27 20:23:08,720.67,2026-08-27,721.0,0.31,0.32,0.95,57472,113,,,,,
2026-08-27 20:23:08,720.67,2026-08-27,722.0,0.84,1.08,1.82,19048,335,,,,,
2026-08-27 20:23:08,720.67,2026-08-27,723.0,1.58,2.13,2.87,5543,65,,,,,
2026-08-27 20:23:08,720.67,2026-08-27,724.0,1.81,4.08,3.84,1860,103,,,,,
2026-08-27 20:23:08,720.67,2026-08-27,725.0,2.06,5.03,4.26,1314,110,,,,,
2026-08-27 20:23:08,720.67,2026-08-27,726.0,4.41,6.82,5.63,233,28,4.6318,-0.875,0.04472,-0.285,0.002
2026-08-27 20:23:08,720.67,2026-08-27,727.0,4.12,8.09,6.52,272,34,,,,,
2026-08-27 20:24:08,720.67,2026-08-27,714.0,0,0.03,0.01,121802,2092,2.9084,-0.0102,0.00936,-0.01,0.0003
2026-08-27 20:24:08,720.67,2026-08-27,715.0,0,0.01,0.01,228787,1959,2.5233,-0.0116,0.01206,-0.01,0.0003
2026-08-27 20:24:08,720.67,2026-08-27,716.0,0,0.01,0.01,246920,252,2.1316,-0.0135,0.01628,-0.01,0.0003
2026-08-27 20:24:08,720.67,2026-08-27,717.0,0,0.01,0.01,328665,271,1.7315,-0.0162,0.02353,-0.01,0.0004
2026-08-27 20:24:08,720.67,2026-08-27,718.0,0,0.01,0.01,461093,609,1.3196,-0.0207,0.03795,-0.01,0.0005
2026-08-27 20:24:08,720.67,2026-08-27,719.0,0.01,0.05,0.03,338921,157,1.1004,-0.0631,0.11327,-0.03,0.0012
2026-08-27 20:24:08,720.67,2026-08-27,720.0,0.04,0.1,0.15,222099,343,0.7311,-0.178,0.35856,-0.07,0.0026
2026-08-27 20:24:08,720.67,2026-08-27,721.0,0.31,0.32,0.95,57551,113,,,,,
2026-08-27 20:24:08,720.67,2026-08-27,722.0,0.84,1.08,1.84,19048,335,,,,,
2026-08-27 20:24:08,720.67,2026-08-27,723.0,1.58,2.13,2.87,5543,65,,,,,
2026-08-27 20:24:08,720.67,2026-08-27,724.0,1.81,4.08,3.84,1860,103,,,,,
2026-08-27 20:24:08,720.67,2026-08-27,725.0,2.06,5.03,4.26,1314,110,,,,,
2026-08-27 20:24:08,720.67,2026-08-27,726.0,4.41,6.82,5.63,233,28,4.6318,-0.875,0.04472,-0.285,0.002
2026-08-27 20:24:08,720.67,2026-08-27,727.0,4.12,8.09,6.73,272,34,,,,,
2026-08-27 20:25:09,720.67,2026-08-27,714.0,0,0.03,0.01,121802,2092,2.9084,-0.0102,0.00936,-0.01,0.0003
2026-08-27 20:25:09,720.67,2026-08-27,715.0,0,0.01,0.01,228787,1959,2.5233,-0.0116,0.01206,-0.01,0.0003
2026-08-27 20:25:09,720.67,2026-08-27,716.0,0,0.01,0.01,246975,252,2.1316,-0.0135,0.01628,-0.01,0.0003
2026-08-27 20:25:09,720.67,2026-08-27,717.0,0,0.01,0.01,328851,271,1.7315,-0.0162,0.02353,-0.01,0.0004
2026-08-27 20:25:09,720.67,2026-08-27,718.0,0,0.01,0.01,461101,609,1.3196,-0.0207,0.03795,-0.01,0.0005
2026-08-27 20:25:09,720.67,2026-08-27,719.0,0.01,0.05,0.03,338992,157,1.1004,-0.0631,0.11327,-0.03,0.0012
2026-08-27 20:25:09,720.67,2026-08-27,720.0,0.04,0.1,0.15,222447,343,0.7311,-0.178,0.35856,-0.07,0.0026
2026-08-27 20:25:09,720.67,2026-08-27,721.0,0.31,0.32,0.95,57581,113,,,,,
2026-08-27 20:25:09,720.67,2026-08-27,722.0,0.84,1.08,1.84,19058,335,,,,,
2026-08-27 20:25:09,720.67,2026-08-27,723.0,1.58,2.13,2.87,5543,65,,,,,
2026-08-27 20:25:09,720.67,2026-08-27,724.0,1.81,4.08,3.84,1866,103,,,,,
2026-08-27 20:25:09,720.67,2026-08-27,725.0,2.06,5.03,4.26,1314,110,,,,,
2026-08-27 20:25:09,720.67,2026-08-27,726.0,4.41,6.82,5.63,233,28,4.6318,-0.875,0.04472,-0.285,0.002
2026-08-27 20:25:09,720.67,2026-08-27,727.0,4.12,8.09,6.73,272,34,,,,,
2026-08-27 20:26:09,720.67,2026-08-27,714.0,0,0.03,0.01,121803,2092,2.9084,-0.0102,0.00936,-0.01,0.0003
2026-08-27 20:26:09,720.67,2026-08-27,715.0,0,0.01,0.01,228787,1959,2.5233,-0.0116,0.01206,-0.01,0.0003
2026-08-27 20:26:09,720.67,2026-08-27,716.0,0,0.01,0.01,246975,252,2.1316,-0.0135,0.01628,-0.01,0.0003
2026-08-27 20:26:09,720.67,2026-08-27,717.0,0,0.01,0.01,328852,271,1.7315,-0.0162,0.02353,-0.01,0.0004
2026-08-27 20:26:09,720.67,2026-08-27,718.0,0,0.01,0.01,461108,609,1.3196,-0.0207,0.03795,-0.01,0.0005
2026-08-27 20:26:09,720.67,2026-08-27,719.0,0.01,0.05,0.03,338997,157,1.1004,-0.0631,0.11327,-0.03,0.0012
2026-08-27 20:26:09,720.67,2026-08-27,720.0,0.04,0.1,0.15,222539,343,0.7311,-0.178,0.35856,-0.07,0.0026
2026-08-27 20:26:09,720.67,2026-08-27,721.0,0.31,0.32,0.95,57589,113,,,,,
2026-08-27 20:26:09,720.67,2026-08-27,722.0,0.84,1.08,1.82,19059,335,,,,,
2026-08-27 20:26:09,720.67,2026-08-27,723.0,1.58,2.13,2.87,5543,65,,,,,
2026-08-27 20:26:09,720.67,2026-08-27,724.0,1.81,4.08,3.84,1866,103,,,,,
2026-08-27 20:26:09,720.67,2026-08-27,725.0,2.06,5.03,4.26,1314,110,,,,,
2026-08-27 20:26:09,720.67,2026-08-27,726.0,4.41,6.82,5.63,233,28,4.6318,-0.875,0.04472,-0.285,0.002
2026-08-27 20:26:09,720.67,2026-08-27,727.0,4.12,8.09,6.73,272,34,,,,,
2026-08-27 20:27:12,720.67,2026-08-27,714.0,0,0.03,0.01,121810,2092,2.9084,-0.0102,0.00936,-0.01,0.0003
2026-08-27 20:27:12,720.67,2026-08-27,715.0,0,0.01,0.01,228787,1959,2.5233,-0.0116,0.01206,-0.01,0.0003
2026-08-27 20:27:12,720.67,2026-08-27,716.0,0,0.01,0.01,246981,252,2.1316,-0.0135,0.01628,-0.01,0.0003
2026-08-27 20:27:12,720.67,2026-08-27,717.0,0,0.01,0.01,328852,271,1.7315,-0.0162,0.02353,-0.01,0.0004
2026-08-27 20:27:12,720.67,2026-08-27,718.0,0,0.01,0.01,461149,609,1.3196,-0.0207,0.03795,-0.01,0.0005
2026-08-27 20:27:12,720.67,2026-08-27,719.0,0.01,0.05,0.03,339071,157,1.1004,-0.0631,0.11327,-0.03,0.0012
2026-08-27 20:27:12,720.67,2026-08-27,720.0,0.04,0.1,0.15,223061,343,0.7311,-0.178,0.35856,-0.07,0.0026
2026-08-27 20:27:12,720.67,2026-08-27,721.0,0.31,0.32,0.95,57614,113,,,,,
2026-08-27 20:27:12,720.67,2026-08-27,722.0,0.84,1.08,1.82,19059,335,,,,,
2026-08-27 20:27:12,720.67,2026-08-27,723.0,1.58,2.13,2.87,5543,65,,,,,
2026-08-27 20:27:12,720.67,2026-08-27,724.0,1.81,4.08,3.84,1866,103,,,,,
2026-08-27 20:27:12,720.67,2026-08-27,725.0,2.06,5.03,4.26,1314,110,,,,,
2026-08-27 20:27:12,720.67,2026-08-27,726.0,4.41,6.82,5.63,233,28,4.6318,-0.875,0.04472,-0.285,0.002
2026-08-27 20:27:12,720.67,2026-08-27,727.0,4.12,8.09,6.73,272,34,,,,,
2026-08-27 20:28:13,720.67,2026-08-27,714.0,0,0.03,0.01,121811,2092,2.9084,-0.0102,0.00936,-0.01,0.0003
2026-08-27 20:28:13,720.67,2026-08-27,715.0,0,0.01,0.01,228787,1959,2.5233,-0.0116,0.01206,-0.01,0.0003
2026-08-27 20:28:13,720.67,2026-08-27,716.0,0,0.01,0.01,246981,252,2.1316,-0.0135,0.01628,-0.01,0.0003
2026-08-27 20:28:13,720.67,2026-08-27,717.0,0,0.01,0.01,328852,271,1.7315,-0.0162,0.02353,-0.01,0.0004
2026-08-27 20:28:13,720.67,2026-08-27,718.0,0,0.01,0.01,461159,609,1.3196,-0.0207,0.03795,-0.01,0.0005
2026-08-27 20:28:13,720.67,2026-08-27,719.0,0.01,0.05,0.03,339710,157,1.1004,-0.0631,0.11327,-0.03,0.0012
2026-08-27 20:28:13,720.67,2026-08-27,720.0,0.04,0.1,0.18,223137,343,0.7311,-0.178,0.35856,-0.07,0.0026
2026-08-27 20:28:13,720.67,2026-08-27,721.0,0.31,0.32,0.95,57624,113,,,,,
2026-08-27 20:28:13,720.67,2026-08-27,722.0,0.84,1.08,1.82,19060,335,,,,,
2026-08-27 20:28:13,720.67,2026-08-27,723.0,1.58,2.13,2.87,5543,65,,,,,
2026-08-27 20:28:13,720.67,2026-08-27,724.0,1.81,4.08,3.84,1866,103,,,,,
2026-08-27 20:28:13,720.67,2026-08-27,725.0,2.06,5.03,4.26,1314,110,,,,,
2026-08-27 20:28:13,720.67,2026-08-27,726.0,4.41,6.82,5.63,233,28,4.6318,-0.875,0.04472,-0.285,0.002
2026-08-27 20:28:13,720.67,2026-08-27,727.0,4.12,8.09,6.73,272,34,,,,,
2026-08-27 20:29:13,720.67,2026-08-27,714.0,0,0.03,0.01,121811,2092,2.9084,-0.0102,0.00936,-0.01,0.0003
2026-08-27 20:29:13,720.67,2026-08-27,715.0,0,0.01,0.01,228787,1959,2.5233,-0.0116,0.01206,-0.01,0.0003
2026-08-27 20:29:13,720.67,2026-08-27,716.0,0,0.01,0.01,246981,252,2.1316,-0.0135,0.01628,-0.01,0.0003
2026-08-27 20:29:13,720.67,2026-08-27,717.0,0,0.01,0.01,328852,271,1.7315,-0.0162,0.02353,-0.01,0.0004
2026-08-27 20:29:13,720.67,2026-08-27,718.0,0,0.01,0.01,461159,609,1.3196,-0.0207,0.03795,-0.01,0.0005
2026-08-27 20:29:13,720.67,2026-08-27,719.0,0.01,0.05,0.03,340139,157,1.1004,-0.0631,0.11327,-0.03,0.0012
2026-08-27 20:29:13,720.67,2026-08-27,720.0,0.04,0.1,0.19,223759,343,0.7311,-0.178,0.35856,-0.07,0.0026
2026-08-27 20:29:13,720.67,2026-08-27,721.0,0.31,0.32,1.05,57649,113,,,,,
2026-08-27 20:29:13,720.67,2026-08-27,722.0,0.84,1.08,1.9,19060,335,,,,,
2026-08-27 20:29:13,720.67,2026-08-27,723.0,1.58,2.13,2.87,5543,65,,,,,
2026-08-27 20:29:13,720.67,2026-08-27,724.0,1.81,4.08,3.84,1866,103,,,,,
2026-08-27 20:29:13,720.67,2026-08-27,725.0,2.06,5.03,4.26,1314,110,,,,,
2026-08-27 20:29:13,720.67,2026-08-27,726.0,4.41,6.82,5.63,233,28,4.6318,-0.875,0.04472,-0.285,0.002
2026-08-27 20:29:13,720.67,2026-08-27,727.0,4.12,8.09,6.73,272,34,,,,,
2026-08-27 20:30:14,720.67,2026-08-27,714.0,0,0.03,0.01,121811,2092,2.9084,-0.0102,0.00936,-0.01,0.0003
2026-08-27 20:30:14,720.67,2026-08-27,715.0,0,0.01,0.01,228787,1959,2.5233,-0.0116,0.01206,-0.01,0.0003
2026-08-27 20:30:14,720.67,2026-08-27,716.0,0,0.01,0.01,246981,252,2.1316,-0.0135,0.01628,-0.01,0.0003
2026-08-27 20:30:14,720.67,2026-08-27,717.0,0,0.01,0.01,328852,271,1.7315,-0.0162,0.02353,-0.01,0.0004
2026-08-27 20:30:14,720.67,2026-08-27,718.0,0,0.01,0.01,461159,609,1.3196,-0.0207,0.03795,-0.01,0.0005
2026-08-27 20:30:14,720.67,2026-08-27,719.0,0.01,0.05,0.03,340139,157,1.1004,-0.0631,0.11327,-0.03,0.0012
2026-08-27 20:30:14,720.67,2026-08-27,720.0,0.04,0.1,0.17,223759,343,0.7311,-0.178,0.35856,-0.07,0.0026
2026-08-27 20:30:14,720.67,2026-08-27,721.0,0.31,0.32,1.01,57649,113,,,,,
2026-08-27 20:30:14,720.67,2026-08-27,722.0,0.84,1.08,1.9,19060,335,,,,,
2026-08-27 20:30:14,720.67,2026-08-27,723.0,1.58,2.13,2.87,5543,65,,,,,
2026-08-27 20:30:14,720.67,2026-08-27,724.0,1.81,4.08,3.84,1866,103,,,,,
2026-08-27 20:30:14,720.67,2026-08-27,725.0,2.06,5.03,4.26,1314,110,,,,,
2026-08-27 20:30:14,720.67,2026-08-27,726.0,4.41,6.82,5.63,233,28,4.6318,-0.875,0.04472,-0.285,0.002
2026-08-27 20:30:14,720.67,2026-08-27,727.0,4.12,8.09,6.73,272,34,,,,,
