run_time,spot,expiration,strike,bid,ask,last,volume,open_interest,iv,delta,gamma,theta,vega
2026-09-02 19:15:18,708.7,2026-09-02,702.0,0.01,0.05,0.04,45866,628,0.5192,-0.0235,0.01638,-0.03,0.0036
2026-09-02 19:15:18,708.7,2026-09-02,703.0,0.05,0.06,0.04,53946,513,0.5043,-0.0411,0.02673,-0.055,0.0058
2026-09-02 19:15:18,708.7,2026-09-02,704.0,0.02,0.03,0.07,121502,1056,0.374,-0.0268,0.02534,-0.025,0.004
2026-09-02 19:15:18,708.7,2026-09-02,705.0,0.06,0.07,0.11,184454,2016,0.3694,-0.0621,0.05069,-0.065,0.008
2026-09-02 19:15:18,708.7,2026-09-02,706.0,0.17,0.18,0.18,217759,1007,0.3806,-0.1383,0.08871,-0.175,0.0144
2026-09-02 19:15:18,708.7,2026-09-02,707.0,0.28,0.29,0.33,325311,2480,0.3407,-0.2221,0.13373,-0.285,0.0195
2026-09-02 19:15:18,708.7,2026-09-02,708.0,0.59,0.6,0.6,449243,598,0.3458,-0.3781,0.16822,-0.595,0.0248
2026-09-02 19:15:18,708.7,2026-09-02,709.0,1.03,1.04,1.04,238271,382,0.3357,-0.5542,0.18015,-0.73,0.0258
2026-09-02 19:15:18,708.7,2026-09-02,710.0,1.59,1.67,1.61,78228,3204,0.314,-0.7365,0.15916,-0.325,0.0213
2026-09-02 19:15:18,708.7,2026-09-02,711.0,2.43,2.44,2.45,18710,634,0.3119,-0.87,0.1038,-0.13,0.0138
2026-09-02 19:15:18,708.7,2026-09-02,712.0,3.27,3.37,3.36,7138,885,0.2615,-0.973,0.03648,-0.015,0.0041
2026-09-02 19:15:18,708.7,2026-09-02,713.0,4.22,4.37,4.47,3131,975,,,,,
2026-09-02 19:15:18,708.7,2026-09-02,714.0,5.22,5.34,5.35,1793,1793,,,,,
2026-09-02 19:15:18,708.7,2026-09-02,715.0,6.37,6.48,6.32,1437,2890,0.6394,-0.933,0.03106,-0.12,0.0085
2026-09-02 19:16:19,708.55,2026-09-02,702.0,0.04,0.05,0.04,45929,628,0.5522,-0.0322,0.02022,-0.045,0.0047
2026-09-02 19:16:19,708.55,2026-09-02,703.0,0.04,0.05,0.05,54080,513,0.4817,-0.0363,0.02558,-0.045,0.0051
2026-09-02 19:16:19,708.55,2026-09-02,704.0,0.02,0.03,0.03,121543,1056,0.3689,-0.0274,0.02648,-0.025,0.0041
2026-09-02 19:16:19,708.55,2026-09-02,705.0,0.06,0.07,0.11,184568,2016,0.3626,-0.0637,0.0533,-0.065,0.0081
2026-09-02 19:16:19,708.55,2026-09-02,706.0,0.14,0.15,0.19,218088,1007,0.3501,-0.1282,0.09268,-0.145,0.0135
2026-09-02 19:16:19,708.55,2026-09-02,707.0,0.29,0.3,0.34,325608,2480,0.3334,-0.234,0.14238,-0.295,0.0198
2026-09-02 19:16:19,708.55,2026-09-02,708.0,0.58,0.63,0.59,449593,598,0.3319,-0.3968,0.17981,-0.605,0.0249
2026-09-02 19:16:19,708.55,2026-09-02,709.0,1.08,1.09,1.08,238451,382,0.328,-0.5821,0.18431,-0.64,0.0252
2026-09-02 19:16:19,708.55,2026-09-02,710.0,1.72,1.77,1.78,78277,3204,0.3227,-0.7549,0.15086,-0.3,0.0203
2026-09-02 19:16:19,708.55,2026-09-02,711.0,2.55,2.63,2.65,18713,634,0.3397,-0.8664,0.09823,-0.145,0.0139
2026-09-02 19:16:19,708.55,2026-09-02,712.0,3.4,3.57,3.36,7141,885,0.3214,-0.9508,0.04905,-0.04,0.0066
2026-09-02 19:16:19,708.55,2026-09-02,713.0,4.48,4.55,4.47,3131,975,0.4393,-0.9405,0.04173,-0.07,0.0076
2026-09-02 19:16:19,708.55,2026-09-02,714.0,5.41,5.59,5.35,1793,1793,0.4921,-0.9558,0.02942,-0.055,0.006
2026-09-02 19:16:19,708.55,2026-09-02,715.0,6.35,6.5,6.32,1437,2890,,,,,
2026-09-02 19:17:20,708.7,2026-09-02,702.0,0.01,0.02,0.02,46033,628,0.4796,-0.0139,0.01159,-0.015,0.0023
2026-09-02 19:17:20,708.7,2026-09-02,703.0,0.04,0.05,0.05,54156,513,0.4974,-0.0356,0.0247,-0.045,0.005
2026-09-02 19:17:20,708.7,2026-09-02,704.0,0.02,0.03,0.07,121584,1056,0.3828,-0.0268,0.02534,-0.025,0.004
2026-09-02 19:17:20,708.7,2026-09-02,705.0,0.09,0.1,0.1,184817,2016,0.4128,-0.0795,0.05614,-0.095,0.0094
2026-09-02 19:17:20,708.7,2026-09-02,706.0,0.12,0.13,0.17,218219,1007,0.3518,-0.1142,0.08596,-0.125,0.0123
2026-09-02 19:17:20,708.7,2026-09-02,707.0,0.27,0.28,0.28,325772,2480,0.3434,-0.2187,0.13458,-0.275,0.0188
2026-09-02 19:17:20,708.7,2026-09-02,708.0,0.58,0.59,0.59,449869,598,0.3498,-0.3768,0.17002,-0.585,0.0242
2026-09-02 19:17:20,708.7,2026-09-02,709.0,1.02,1.04,1.02,238692,382,0.3416,-0.5545,0.18118,-0.725,0.0252
2026-09-02 19:17:20,708.7,2026-09-02,710.0,1.6,1.64,1.67,78297,3204,0.3165,-0.7397,0.16059,-0.315,0.0207
2026-09-02 19:17:20,708.7,2026-09-02,711.0,2.38,2.53,2.59,18713,634,0.3336,-0.8594,0.10479,-0.15,0.0142
2026-09-02 19:17:20,708.7,2026-09-02,712.0,3.37,3.41,3.58,7142,885,0.3696,-0.9184,0.06394,-0.085,0.0096
2026-09-02 19:17:20,708.7,2026-09-02,713.0,4.25,4.32,4.47,3131,975,,,,,
2026-09-02 19:17:20,708.7,2026-09-02,714.0,5.19,5.29,5.35,1793,1793,,,,,
2026-09-02 19:17:20,708.7,2026-09-02,715.0,6.31,6.5,6.32,1437,2890,0.6291,-0.9405,0.02945,-0.1,0.0076
2026-09-02 19:18:21,708.7,2026-09-02,702.0,0.01,0.02,0.04,46058,628,0.4854,-0.0139,0.01159,-0.015,0.0022
2026-09-02 19:18:21,708.7,2026-09-02,703.0,0.01,0.05,0.05,54227,513,0.4694,-0.0266,0.02076,-0.03,0.0039
2026-09-02 19:18:21,708.7,2026-09-02,704.0,0.06,0.07,0.07,121744,1056,0.4622,-0.0528,0.03693,-0.065,0.0068
2026-09-02 19:18:21,708.7,2026-09-02,705.0,0.09,0.1,0.06,185118,2016,0.4178,-0.0795,0.05614,-0.095,0.0093
2026-09-02 19:18:21,708.7,2026-09-02,706.0,0.13,0.18,0.18,218440,1007,0.3796,-0.1292,0.08796,-0.155,0.0133
2026-09-02 19:18:21,708.7,2026-09-02,707.0,0.33,0.34,0.34,326357,2480,0.379,-0.2381,0.12946,-0.335,0.0195
2026-09-02 19:18:21,708.7,2026-09-02,708.0,0.58,0.59,0.63,450945,598,0.354,-0.3768,0.17003,-0.585,0.024
2026-09-02 19:18:21,708.7,2026-09-02,709.0,1.1,1.11,1.12,239001,382,0.3758,-0.5501,0.16694,-0.8,0.025
2026-09-02 19:18:21,708.7,2026-09-02,710.0,1.75,1.78,1.8,78363,3204,0.3886,-0.7016,0.14147,-0.46,0.0219
2026-09-02 19:18:21,708.7,2026-09-02,711.0,2.52,2.64,2.67,18736,634,0.4169,-0.8084,0.10369,-0.275,0.0172
2026-09-02 19:18:21,708.7,2026-09-02,712.0,3.41,3.58,3.6,7144,885,0.4648,-0.869,0.07253,-0.19,0.0134
2026-09-02 19:18:21,708.7,2026-09-02,713.0,4.42,4.57,4.51,3132,975,0.5595,-0.8874,0.05417,-0.19,0.0121
2026-09-02 19:18:21,708.7,2026-09-02,714.0,5.4,5.48,5.35,1796,1793,0.5966,-0.9194,0.03973,-0.135,0.0094
2026-09-02 19:18:21,708.7,2026-09-02,715.0,6.38,6.66,6.32,1438,2890,0.7621,-0.9035,0.03556,-0.215,0.0108
2026-09-02 19:19:22,708.62,2026-09-02,702.0,0.04,0.05,0.04,46328,628,0.5773,-0.032,0.01994,-0.045,0.0045
2026-09-02 19:19:22,708.62,2026-09-02,703.0,0.04,0.05,0.04,54294,513,0.5042,-0.036,0.02517,-0.045,0.0049
2026-09-02 19:19:22,708.62,2026-09-02,704.0,0.06,0.07,0.07,121751,1056,0.4621,-0.0534,0.03774,-0.065,0.0068
2026-09-02 19:19:22,708.62,2026-09-02,705.0,0.09,0.1,0.1,185165,2016,0.4165,-0.0806,0.05759,-0.095,0.0093
2026-09-02 19:19:22,708.62,2026-09-02,706.0,0.12,0.13,0.17,218503,1007,0.3534,-0.1161,0.08875,-0.125,0.0122
2026-09-02 19:19:22,708.62,2026-09-02,707.0,0.27,0.32,0.32,326637,2480,0.3536,-0.23,0.13784,-0.295,0.0189
2026-09-02 19:19:22,708.62,2026-09-02,708.0,0.55,0.56,0.61,451164,598,0.3338,-0.3818,0.18335,-0.555,0.0238
2026-09-02 19:19:22,708.62,2026-09-02,709.0,1.03,1.04,1.02,239151,382,0.3349,-0.5712,0.18815,-0.655,0.0245
2026-09-02 19:19:22,708.62,2026-09-02,710.0,1.62,1.65,1.71,78386,3204,0.3032,-0.7665,0.16211,-0.255,0.0191
2026-09-02 19:19:22,708.62,2026-09-02,711.0,2.49,2.59,2.54,18736,634,0.3565,-0.857,0.10164,-0.16,0.0141
2026-09-02 19:19:22,708.62,2026-09-02,712.0,3.44,3.53,3.49,7149,885,0.4056,-0.9085,0.06505,-0.105,0.0102
2026-09-02 19:19:22,708.62,2026-09-02,713.0,4.29,4.52,4.46,3135,975,0.3732,-0.9696,0.02957,-0.025,0.0043
2026-09-02 19:19:22,708.62,2026-09-02,714.0,5.35,5.4,5.59,1796,1793,,,,,
2026-09-02 19:19:22,708.62,2026-09-02,715.0,6.24,6.48,6.57,1438,2890,,,,,
2026-09-02 19:20:23,708.62,2026-09-02,702.0,0.04,0.05,0.04,46432,628,0.5846,-0.032,0.01994,-0.045,0.0044
2026-09-02 19:20:23,708.62,2026-09-02,703.0,0.01,0.02,0.04,54320,513,0.428,-0.0159,0.01515,-0.015,0.0025
2026-09-02 19:20:23,708.62,2026-09-02,704.0,0.06,0.07,0.03,121952,1056,0.468,-0.0534,0.03774,-0.065,0.0067
2026-09-02 19:20:23,708.62,2026-09-02,705.0,0.09,0.1,0.1,185578,2016,0.4218,-0.0806,0.05759,-0.095,0.0092
2026-09-02 19:20:23,708.62,2026-09-02,706.0,0.18,0.19,0.19,218834,1007,0.4039,-0.1448,0.09164,-0.185,0.014
2026-09-02 19:20:23,708.62,2026-09-02,707.0,0.32,0.33,0.35,327129,2480,0.374,-0.2396,0.13501,-0.325,0.0191
2026-09-02 19:20:23,708.62,2026-09-02,708.0,0.68,0.69,0.68,451888,598,0.3931,-0.3978,0.15952,-0.685,0.0237
2026-09-02 19:20:23,708.62,2026-09-02,709.0,1.14,1.15,1.14,239666,382,0.3846,-0.5627,0.16652,-0.765,0.0242
2026-09-02 19:20:23,708.62,2026-09-02,710.0,1.8,1.87,1.56,78403,3204,0.4065,-0.7084,0.13724,-0.455,0.0211
2026-09-02 19:20:23,708.62,2026-09-02,711.0,2.67,2.73,2.55,18744,634,0.4625,-0.7974,0.09917,-0.32,0.0174
2026-09-02 19:20:23,708.62,2026-09-02,712.0,3.62,3.64,3.49,7149,885,0.5279,-0.8497,0.07188,-0.25,0.0144
2026-09-02 19:20:23,708.62,2026-09-02,713.0,4.5,4.61,4.46,3138,975,0.5677,-0.8938,0.05248,-0.175,0.0113
2026-09-02 19:20:23,708.62,2026-09-02,714.0,5.59,5.69,5.26,1798,1793,0.7348,-0.8814,0.04389,-0.26,0.0122
2026-09-02 19:20:23,708.62,2026-09-02,715.0,6.44,6.5,6.57,1438,2890,0.6446,-0.945,0.02805,-0.09,0.0068
2026-09-02 19:21:26,708.59,2026-09-02,702.0,0.04,0.05,0.03,46434,628,0.5903,-0.0321,0.02007,-0.045,0.0044
2026-09-02 19:21:26,708.59,2026-09-02,703.0,0.01,0.05,0.03,54353,513,0.4803,-0.0269,0.02133,-0.03,0.0038
2026-09-02 19:21:26,708.59,2026-09-02,704.0,0.06,0.07,0.06,122471,1056,0.4718,-0.0536,0.03807,-0.065,0.0066
2026-09-02 19:21:26,708.59,2026-09-02,705.0,0.09,0.1,0.1,186043,2016,0.4248,-0.081,0.05819,-0.095,0.0091
2026-09-02 19:21:26,708.59,2026-09-02,706.0,0.16,0.17,0.17,218988,1007,0.3915,-0.1368,0.09223,-0.165,0.0133
2026-09-02 19:21:26,708.59,2026-09-02,707.0,0.26,0.31,0.31,328136,2480,0.3537,-0.2285,0.14089,-0.285,0.0184
2026-09-02 19:21:26,708.59,2026-09-02,708.0,0.53,0.58,0.59,452549,598,0.3376,-0.3857,0.18663,-0.555,0.0232
2026-09-02 19:21:26,708.59,2026-09-02,709.0,0.95,0.96,1.02,240473,382,0.3027,-0.5873,0.21193,-0.545,0.0236
2026-09-02 19:21:26,708.59,2026-09-02,710.0,1.61,1.65,1.69,78443,3204,0.2957,-0.783,0.16369,-0.22,0.0178
2026-09-02 19:21:26,708.59,2026-09-02,711.0,2.41,2.54,2.49,18949,634,0.2874,-0.9157,0.08865,-0.065,0.0094
2026-09-02 19:21:26,708.59,2026-09-02,712.0,3.37,3.4,3.49,7149,885,,,,,
2026-09-02 19:21:26,708.59,2026-09-02,713.0,4.33,4.46,4.46,3138,975,,,,,
2026-09-02 19:21:26,708.59,2026-09-02,714.0,5.18,5.49,5.26,1798,1793,,,,,
2026-09-02 19:21:26,708.59,2026-09-02,715.0,6.16,6.3,6.54,1440,2890,,,,,
2026-09-02 19:22:27,708.74,2026-09-02,702.0,0.04,0.05,0.02,46438,628,0.609,-0.0316,0.01946,-0.045,0.0043
2026-09-02 19:22:27,708.74,2026-09-02,703.0,0.04,0.05,0.04,54387,513,0.5332,-0.0355,0.02446,-0.045,0.0047
2026-09-02 19:22:27,708.74,2026-09-02,704.0,0.02,0.07,0.03,122518,1056,0.4558,-0.0407,0.032,-0.045,0.0052
2026-09-02 19:22:27,708.74,2026-09-02,705.0,0.05,0.06,0.06,186111,2016,0.392,-0.0551,0.04744,-0.055,0.0067
2026-09-02 19:22:27,708.74,2026-09-02,706.0,0.11,0.16,0.16,219112,1007,0.3875,-0.1184,0.08536,-0.135,0.0119
2026-09-02 19:22:27,708.74,2026-09-02,707.0,0.3,0.31,0.31,328430,2480,0.3878,-0.2265,0.1296,-0.305,0.018
2026-09-02 19:22:27,708.74,2026-09-02,708.0,0.56,0.57,0.57,453110,598,0.3706,-0.3693,0.16997,-0.565,0.0226
2026-09-02 19:22:27,708.74,2026-09-02,709.0,0.95,0.96,0.95,241349,382,0.3418,-0.5505,0.19331,-0.69,0.0237
2026-09-02 19:22:27,708.74,2026-09-02,710.0,1.59,1.62,1.62,78487,3204,0.3446,-0.729,0.16048,-0.34,0.0198
2026-09-02 19:22:27,708.74,2026-09-02,711.0,2.4,2.51,2.55,18959,634,0.3797,-0.8393,0.10727,-0.19,0.0146
2026-09-02 19:22:27,708.74,2026-09-02,712.0,3.3,3.42,3.49,7149,885,0.4008,-0.9122,0.06643,-0.095,0.0096
2026-09-02 19:22:27,708.74,2026-09-02,713.0,4.19,4.45,4.46,3138,975,0.4362,-0.9479,0.04079,-0.055,0.0064
2026-09-02 19:22:27,708.74,2026-09-02,714.0,5.29,5.4,5.26,1798,1793,0.5555,-0.9422,0.03477,-0.08,0.0069
2026-09-02 19:22:27,708.74,2026-09-02,715.0,6.26,6.4,6.33,1443,2890,0.612,-0.9553,0.02573,-0.065,0.0057
2026-09-02 19:23:28,708.63,2026-09-02,702.0,0.01,0.05,0.04,46447,628,0.5697,-0.0237,0.01662,-0.03,0.0033
2026-09-02 19:23:28,708.63,2026-09-02,703.0,0.04,0.05,0.04,54449,513,0.5325,-0.0359,0.02511,-0.045,0.0047
2026-09-02 19:23:28,708.63,2026-09-02,704.0,0.06,0.07,0.06,122570,1056,0.4882,-0.0533,0.03763,-0.065,0.0064
2026-09-02 19:23:28,708.63,2026-09-02,705.0,0.09,0.1,0.1,186181,2016,0.4402,-0.0804,0.0574,-0.095,0.0088
2026-09-02 19:23:28,708.63,2026-09-02,706.0,0.12,0.17,0.13,219174,1007,0.3905,-0.1262,0.08981,-0.145,0.0122
2026-09-02 19:23:28,708.63,2026-09-02,707.0,0.27,0.32,0.31,328585,2480,0.3742,-0.2294,0.13718,-0.295,0.0179
2026-09-02 19:23:28,708.63,2026-09-02,708.0,0.59,0.6,0.6,453559,598,0.3714,-0.386,0.17434,-0.595,0.0226
2026-09-02 19:23:28,708.63,2026-09-02,709.0,0.98,1,1.06,241482,382,0.3362,-0.5729,0.19751,-0.62,0.0232
2026-09-02 19:23:28,708.63,2026-09-02,710.0,1.67,1.7,1.67,78585,3204,0.3507,-0.7448,0.15506,-0.315,0.019
2026-09-02 19:23:28,708.63,2026-09-02,711.0,2.41,2.59,2.59,18966,634,0.3514,-0.8723,0.10066,-0.13,0.0123
2026-09-02 19:23:28,708.63,2026-09-02,712.0,3.33,3.47,3.49,7152,885,0.327,-0.9589,0.0456,-0.03,0.0052
2026-09-02 19:23:28,708.63,2026-09-02,713.0,4.3,4.46,4.46,3138,975,0.3458,-0.9834,0.02019,-0.01,0.0024
2026-09-02 19:23:28,708.63,2026-09-02,714.0,5.29,5.4,5.26,1798,1793,,,,,
2026-09-02 19:23:28,708.63,2026-09-02,715.0,6.29,6.52,6.32,1445,2890,0.565,-0.9711,0.01977,-0.035,0.0039
2026-09-02 19:24:29,708.53,2026-09-02,702.0,0.04,0.05,0.04,46550,628,0.6106,-0.0323,0.02034,-0.045,0.0042
2026-09-02 19:24:29,708.53,2026-09-02,703.0,0.01,0.05,0.03,54489,513,0.4961,-0.0271,0.02167,-0.03,0.0036
2026-09-02 19:24:29,708.53,2026-09-02,704.0,0.02,0.03,0.05,122631,1056,0.4073,-0.0275,0.0267,-0.025,0.0037
2026-09-02 19:24:29,708.53,2026-09-02,705.0,0.05,0.06,0.06,186569,2016,0.3856,-0.0573,0.05113,-0.055,0.0067
2026-09-02 19:24:29,708.53,2026-09-02,706.0,0.17,0.18,0.18,219511,1007,0.4092,-0.1432,0.09483,-0.175,0.0132
2026-09-02 19:24:29,708.53,2026-09-02,707.0,0.32,0.33,0.33,330439,2480,0.383,-0.2453,0.14106,-0.325,0.0183
2026-09-02 19:24:29,708.53,2026-09-02,708.0,0.61,0.62,0.63,454964,598,0.3681,-0.4014,0.1804,-0.615,0.0225
2026-09-02 19:24:29,708.53,2026-09-02,709.0,1.08,1.1,1.1,241918,382,0.3594,-0.5879,0.18597,-0.62,0.0227
2026-09-02 19:24:29,708.53,2026-09-02,710.0,1.68,1.77,1.77,78674,3204,0.3359,-0.7728,0.15414,-0.255,0.0176
2026-09-02 19:24:29,708.53,2026-09-02,711.0,2.52,2.58,2.6,18976,634,0.321,-0.906,0.08971,-0.08,0.0098
2026-09-02 19:24:29,708.53,2026-09-02,712.0,3.46,3.54,3.59,7164,885,0.3395,-0.9598,0.04376,-0.03,0.005
2026-09-02 19:24:29,708.53,2026-09-02,713.0,4.37,4.5,4.46,3138,975,,,,,
2026-09-02 19:24:29,708.53,2026-09-02,714.0,5.34,5.59,5.26,1798,1793,,,,,
2026-09-02 19:24:29,708.53,2026-09-02,715.0,6.28,6.66,6.44,1445,2890,0.4013,-0.997,0.00386,0.0,0.0005
2026-09-02 19:25:30,708.48,2026-09-02,702.0,0.03,0.04,0.03,46562,628,0.5898,-0.027,0.01844,-0.035,0.0036
2026-09-02 19:25:30,708.48,2026-09-02,703.0,0.01,0.02,0.02,54699,513,0.4488,-0.0162,0.01575,-0.015,0.0023
2026-09-02 19:25:30,708.48,2026-09-02,704.0,0.06,0.07,0.05,122684,1056,0.4895,-0.0545,0.03933,-0.065,0.0063
2026-09-02 19:25:30,708.48,2026-09-02,705.0,0.05,0.06,0.09,186681,2016,0.3869,-0.0578,0.0521,-0.055,0.0066
2026-09-02 19:25:30,708.48,2026-09-02,706.0,0.17,0.18,0.14,220297,1007,0.4096,-0.1447,0.09683,-0.175,0.0131
2026-09-02 19:25:30,708.48,2026-09-02,707.0,0.29,0.34,0.3,332627,2480,0.3762,-0.2455,0.14576,-0.315,0.0181
2026-09-02 19:25:30,708.48,2026-09-02,708.0,0.58,0.59,0.58,456650,598,0.3509,-0.4048,0.19245,-0.585,0.0222
2026-09-02 19:25:30,708.48,2026-09-02,709.0,1.06,1.11,1.1,242618,382,0.349,-0.6014,0.19268,-0.565,0.0222
2026-09-02 19:25:30,708.48,2026-09-02,710.0,1.73,1.8,1.73,78753,3204,0.3415,-0.78,0.15106,-0.245,0.017
2026-09-02 19:25:30,708.48,2026-09-02,711.0,2.61,2.67,2.54,19099,634,0.3688,-0.8822,0.09328,-0.12,0.0113
2026-09-02 19:25:30,708.48,2026-09-02,712.0,3.53,3.64,3.49,7165,885,0.4053,-0.9341,0.0551,-0.065,0.0074
2026-09-02 19:25:30,708.48,2026-09-02,713.0,4.51,4.61,4.46,3139,975,0.4489,-0.9596,0.03371,-0.04,0.005
2026-09-02 19:25:30,708.48,2026-09-02,714.0,5.55,5.6,5.26,1798,1793,0.559,-0.9565,0.02877,-0.055,0.0053
2026-09-02 19:25:30,708.48,2026-09-02,715.0,6.57,6.6,6.44,1446,2890,0.6592,-0.9566,0.02434,-0.065,0.0053
2026-09-02 19:26:33,708.43,2026-09-02,702.0,0.01,0.04,0.03,46569,628,0.5639,-0.0212,0.01595,-0.025,0.0029
2026-09-02 19:26:33,708.43,2026-09-02,703.0,0.01,0.02,0.02,54850,513,0.4522,-0.0164,0.01597,-0.015,0.0023
2026-09-02 19:26:33,708.43,2026-09-02,704.0,0.06,0.07,0.06,122689,1056,0.4927,-0.0549,0.03992,-0.065,0.0063
2026-09-02 19:26:33,708.43,2026-09-02,705.0,0.09,0.1,0.09,186732,2016,0.4408,-0.0834,0.06156,-0.095,0.0087
2026-09-02 19:26:33,708.43,2026-09-02,706.0,0.13,0.18,0.17,220421,1007,0.3945,-0.1369,0.09833,-0.155,0.0124
2026-09-02 19:26:33,708.43,2026-09-02,707.0,0.29,0.3,0.3,333148,2480,0.3639,-0.2424,0.15201,-0.295,0.0177
2026-09-02 19:26:33,708.43,2026-09-02,708.0,0.64,0.65,0.64,457411,598,0.3742,-0.4185,0.18469,-0.645,0.0221
2026-09-02 19:26:33,708.43,2026-09-02,709.0,1.13,1.15,1.13,243262,382,0.3658,-0.6077,0.18591,-0.57,0.0217
2026-09-02 19:26:33,708.43,2026-09-02,710.0,1.77,1.89,1.8,78828,3204,0.3623,-0.7774,0.14558,-0.26,0.0168
2026-09-02 19:26:33,708.43,2026-09-02,711.0,2.61,2.72,2.62,19120,634,0.356,-0.8984,0.08822,-0.095,0.01
2026-09-02 19:26:33,708.43,2026-09-02,712.0,3.62,3.75,3.57,7165,885,0.4761,-0.9067,0.06197,-0.115,0.0094
2026-09-02 19:26:33,708.43,2026-09-02,713.0,4.61,4.62,4.6,3141,975,0.4698,-0.9567,0.03464,-0.045,0.0052
2026-09-02 19:26:33,708.43,2026-09-02,714.0,5.48,5.72,5.63,1800,1793,0.5153,-0.9714,0.02243,-0.03,0.0037
2026-09-02 19:26:33,708.43,2026-09-02,715.0,6.53,6.73,6.49,1448,2890,0.6636,-0.9591,0.02338,-0.06,0.005
2026-09-02 19:27:34,708.55,2026-09-02,702.0,0.01,0.02,0.03,46576,628,0.5398,-0.0142,0.01199,-0.015,0.002
2026-09-02 19:27:34,708.55,2026-09-02,703.0,0.04,0.05,0.04,54852,513,0.5585,-0.0363,0.02562,-0.045,0.0044
2026-09-02 19:27:34,708.55,2026-09-02,704.0,0.02,0.07,0.05,122727,1056,0.4748,-0.0418,0.03382,-0.045,0.005
2026-09-02 19:27:34,708.55,2026-09-02,705.0,0.05,0.1,0.09,186841,2016,0.4341,-0.0701,0.05561,-0.075,0.0075
2026-09-02 19:27:34,708.55,2026-09-02,706.0,0.16,0.17,0.16,220687,1007,0.4223,-0.138,0.09378,-0.165,0.0123
2026-09-02 19:27:34,708.55,2026-09-02,707.0,0.31,0.32,0.28,333545,2480,0.3977,-0.2409,0.14072,-0.315,0.0173
2026-09-02 19:27:34,708.55,2026-09-02,708.0,0.6,0.61,0.6,458813,598,0.3842,-0.3975,0.18039,-0.605,0.0215
2026-09-02 19:27:34,708.55,2026-09-02,709.0,1.03,1.05,1.03,243839,382,0.3583,-0.5883,0.1951,-0.59,0.0217
2026-09-02 19:27:34,708.55,2026-09-02,710.0,1.74,1.78,1.73,78922,3204,0.3806,-0.7522,0.1493,-0.31,0.0176
2026-09-02 19:27:34,708.55,2026-09-02,711.0,2.59,2.62,2.56,19135,634,0.4026,-0.8619,0.09839,-0.155,0.0123
2026-09-02 19:27:34,708.55,2026-09-02,712.0,3.54,3.65,3.45,7167,885,0.5015,-0.8907,0.06705,-0.145,0.0104
2026-09-02 19:27:34,708.55,2026-09-02,713.0,4.49,4.54,4.44,3143,975,0.5016,-0.9437,0.0406,-0.065,0.0063
2026-09-02 19:27:34,708.55,2026-09-02,714.0,5.49,5.5,5.63,1800,1793,0.5499,-0.9617,0.02716,-0.045,0.0046
2026-09-02 19:27:34,708.55,2026-09-02,715.0,6.49,6.6,6.48,1450,2890,0.726,-0.9436,0.02808,-0.095,0.0063
2026-09-02 19:28:35,708.65,2026-09-02,702.0,0.01,0.02,0.02,46579,628,0.5557,-0.014,0.01172,-0.015,0.002
2026-09-02 19:28:35,708.65,2026-09-02,703.0,0.04,0.05,0.04,54855,513,0.5758,-0.0359,0.02498,-0.045,0.0043
2026-09-02 19:28:35,708.65,2026-09-02,704.0,0.02,0.03,0.03,123100,1056,0.4425,-0.027,0.0257,-0.025,0.0034
2026-09-02 19:28:35,708.65,2026-09-02,705.0,0.04,0.09,0.05,187075,2016,0.4364,-0.0626,0.05151,-0.065,0.0067
2026-09-02 19:28:35,708.65,2026-09-02,706.0,0.15,0.16,0.15,220913,1007,0.432,-0.1305,0.0896,-0.155,0.0116
2026-09-02 19:28:35,708.65,2026-09-02,707.0,0.29,0.3,0.3,334015,2480,0.4062,-0.2282,0.13586,-0.295,0.0166
2026-09-02 19:28:35,708.65,2026-09-02,708.0,0.55,0.56,0.56,459313,598,0.385,-0.378,0.18024,-0.555,0.0208
2026-09-02 19:28:35,708.65,2026-09-02,709.0,0.99,1,0.96,244151,382,0.3701,-0.5676,0.19394,-0.645,0.0215
2026-09-02 19:28:35,708.65,2026-09-02,710.0,1.58,1.63,1.64,78940,3204,0.3404,-0.7645,0.16497,-0.255,0.0169
2026-09-02 19:28:35,708.65,2026-09-02,711.0,2.42,2.52,2.46,19140,634,0.3677,-0.8775,0.10078,-0.12,0.0111
2026-09-02 19:28:35,708.65,2026-09-02,712.0,3.28,3.5,3.4,7192,885,0.3694,-0.9504,0.05062,-0.04,0.0056
2026-09-02 19:28:35,708.65,2026-09-02,713.0,4.26,4.41,4.44,3143,975,,,,,
2026-09-02 19:28:35,708.65,2026-09-02,714.0,5.29,5.4,5.43,1801,1793,,,,,
2026-09-02 19:28:35,708.65,2026-09-02,715.0,6.2,6.53,6.48,1450,2890,0.5376,-0.984,0.01361,-0.015,0.0022
2026-09-02 19:29:36,708.76,2026-09-02,702.0,0.03,0.04,0.03,46605,628,0.6507,-0.0262,0.01733,-0.035,0.0033
2026-09-02 19:29:36,708.76,2026-09-02,703.0,0.04,0.05,0.02,54881,513,0.5947,-0.0354,0.02431,-0.045,0.0042
2026-09-02 19:29:36,708.76,2026-09-02,704.0,0.02,0.07,0.06,123220,1056,0.5087,-0.0405,0.03177,-0.045,0.0047
2026-09-02 19:29:36,708.76,2026-09-02,705.0,0.04,0.05,0.05,187277,2016,0.4203,-0.0478,0.04393,-0.045,0.0054
2026-09-02 19:29:36,708.76,2026-09-02,706.0,0.14,0.15,0.15,221044,1007,0.4427,-0.1227,0.08518,-0.145,0.011
2026-09-02 19:29:36,708.76,2026-09-02,707.0,0.27,0.28,0.28,334176,2480,0.4156,-0.2151,0.13045,-0.275,0.0158
2026-09-02 19:29:36,708.76,2026-09-02,708.0,0.5,0.55,0.54,459599,598,0.3966,-0.3601,0.17505,-0.525,0.0202
2026-09-02 19:29:36,708.76,2026-09-02,709.0,0.94,1,1,244698,382,0.3932,-0.5442,0.1871,-0.73,0.0214
2026-09-02 19:29:36,708.76,2026-09-02,710.0,1.58,1.66,1.61,78958,3204,0.4011,-0.7159,0.15679,-0.38,0.0183
2026-09-02 19:29:36,708.76,2026-09-02,711.0,2.36,2.46,2.4,19190,634,0.4032,-0.8477,0.10836,-0.17,0.0127
2026-09-02 19:29:36,708.76,2026-09-02,712.0,3.32,3.37,3.33,7193,885,0.4538,-0.9064,0.06833,-0.105,0.009
2026-09-02 19:29:36,708.76,2026-09-02,713.0,4.29,4.47,4.29,3144,975,0.5958,-0.9055,0.05243,-0.14,0.0091
2026-09-02 19:29:36,708.76,2026-09-02,714.0,5.17,5.48,5.43,1801,1793,0.6224,-0.9398,0.03558,-0.085,0.0064
2026-09-02 19:29:36,708.76,2026-09-02,715.0,6.33,6.37,6.34,1451,2890,0.7535,-0.9366,0.03064,-0.11,0.0067
2026-09-02 19:30:37,708.71,2026-09-02,702.0,0.01,0.04,0.03,46636,628,0.6232,-0.0205,0.01499,-0.025,0.0026
2026-09-02 19:30:37,708.71,2026-09-02,703.0,0.01,0.05,0.04,54906,513,0.5597,-0.0265,0.02071,-0.03,0.0033
2026-09-02 19:30:37,708.71,2026-09-02,704.0,0.05,0.06,0.06,123379,1056,0.5329,-0.047,0.03477,-0.055,0.0052
2026-09-02 19:30:37,708.71,2026-09-02,705.0,0.08,0.09,0.08,187665,2016,0.4853,-0.0739,0.05444,-0.085,0.0074
2026-09-02 19:30:37,708.71,2026-09-02,706.0,0.1,0.15,0.15,221113,1007,0.425,-0.1139,0.08563,-0.125,0.0102
2026-09-02 19:30:37,708.71,2026-09-02,707.0,0.24,0.25,0.25,334467,2480,0.3956,-0.2071,0.13635,-0.245,0.0151
2026-09-02 19:30:37,708.71,2026-09-02,708.0,0.55,0.56,0.52,460220,598,0.4084,-0.3713,0.17472,-0.555,0.02
2026-09-02 19:30:37,708.71,2026-09-02,709.0,0.95,1.01,0.99,245246,382,0.3903,-0.5558,0.19105,-0.685,0.0209
2026-09-02 19:30:37,708.71,2026-09-02,710.0,1.6,1.64,1.59,78980,3204,0.3854,-0.7361,0.16007,-0.325,0.0173
2026-09-02 19:30:37,708.71,2026-09-02,711.0,2.38,2.48,2.42,19222,634,0.3873,-0.8674,0.1045,-0.135,0.0114
2026-09-02 19:30:37,708.71,2026-09-02,712.0,3.27,3.47,3.35,7199,885,0.4306,-0.9249,0.06213,-0.075,0.0075
2026-09-02 19:30:37,708.71,2026-09-02,713.0,4.26,4.48,4.29,3145,975,0.5279,-0.9368,0.04436,-0.075,0.0066
2026-09-02 19:30:37,708.71,2026-09-02,714.0,5.36,5.46,5.43,1801,1793,0.6823,-0.9273,0.03822,-0.115,0.0073
2026-09-02 19:30:37,708.71,2026-09-02,715.0,6.17,6.45,6.34,1451,2890,0.5512,-0.984,0.01374,-0.015,0.0021
2026-09-02 19:31:40,708.66,2026-09-02,702.0,0.03,0.04,0.02,46658,628,0.6657,-0.0265,0.01772,-0.035,0.0032
2026-09-02 19:31:40,708.66,2026-09-02,703.0,0.01,0.05,0.04,54965,513,0.5661,-0.0267,0.02095,-0.03,0.0032
2026-09-02 19:31:40,708.66,2026-09-02,704.0,0.01,0.06,0.05,123522,1056,0.4945,-0.0344,0.02961,-0.035,0.004
2026-09-02 19:31:40,708.66,2026-09-02,705.0,0.08,0.09,0.09,187792,2016,0.4895,-0.0745,0.05529,-0.085,0.0073
2026-09-02 19:31:40,708.66,2026-09-02,706.0,0.11,0.12,0.16,221203,1007,0.4176,-0.1096,0.0863,-0.115,0.0098
2026-09-02 19:31:40,708.66,2026-09-02,707.0,0.29,0.3,0.3,334765,2480,0.4291,-0.2276,0.13521,-0.295,0.0157
2026-09-02 19:31:40,708.66,2026-09-02,708.0,0.52,0.53,0.53,461009,598,0.392,-0.3722,0.18546,-0.525,0.0197
2026-09-02 19:31:40,708.66,2026-09-02,709.0,0.95,1.01,1.01,245728,382,0.3851,-0.5665,0.19636,-0.64,0.0205
2026-09-02 19:31:40,708.66,2026-09-02,710.0,1.56,1.6,1.71,79206,3204,0.3475,-0.7698,0.16803,-0.24,0.0158
2026-09-02 19:31:40,708.66,2026-09-02,711.0,2.41,2.48,2.55,19240,634,0.3713,-0.8863,0.09966,-0.105,0.01
2026-09-02 19:31:40,708.66,2026-09-02,712.0,3.34,3.46,3.51,7208,885,0.4214,-0.9354,0.05753,-0.06,0.0066
2026-09-02 19:31:40,708.66,2026-09-02,713.0,4.26,4.48,4.34,3145,975,0.455,-0.966,0.03185,-0.03,0.0039
2026-09-02 19:31:40,708.66,2026-09-02,714.0,5.22,5.33,5.43,1801,1793,,,,,
2026-09-02 19:31:40,708.66,2026-09-02,715.0,6.31,6.37,6.26,1452,2890,0.4315,-0.9975,0.00344,-0.0,0.0004
2026-09-02 19:32:41,708.71,2026-09-02,702.0,0.01,0.02,0.02,46660,628,0.6001,-0.0139,0.01157,-0.015,0.0018
2026-09-02 19:32:41,708.71,2026-09-02,703.0,0.04,0.05,0.04,55048,513,0.6224,-0.0356,0.02465,-0.045,0.004
2026-09-02 19:32:41,708.71,2026-09-02,704.0,0.05,0.06,0.05,123583,1056,0.5526,-0.047,0.03477,-0.055,0.005
2026-09-02 19:32:41,708.71,2026-09-02,705.0,0.08,0.09,0.08,187898,2016,0.5032,-0.0739,0.05445,-0.085,0.0072
2026-09-02 19:32:41,708.71,2026-09-02,706.0,0.14,0.15,0.15,221365,1007,0.4604,-0.1242,0.0871,-0.145,0.0105
2026-09-02 19:32:41,708.71,2026-09-02,707.0,0.24,0.25,0.25,335107,2480,0.4103,-0.2071,0.13636,-0.245,0.0146
2026-09-02 19:32:41,708.71,2026-09-02,708.0,0.56,0.57,0.57,461732,598,0.4286,-0.3728,0.17284,-0.565,0.0193
2026-09-02 19:32:41,708.71,2026-09-02,709.0,0.97,0.98,0.99,246304,382,0.4022,-0.5562,0.19221,-0.68,0.0202
2026-09-02 19:32:41,708.71,2026-09-02,710.0,1.6,1.67,1.62,79224,3204,0.4085,-0.7316,0.15794,-0.34,0.0168
2026-09-02 19:32:41,708.71,2026-09-02,711.0,2.35,2.43,2.46,19243,634,0.3625,-0.8916,0.10048,-0.095,0.0095
2026-09-02 19:32:41,708.71,2026-09-02,712.0,3.22,3.39,3.35,7209,885,0.3124,-0.9802,0.0301,-0.01,0.0025
2026-09-02 19:32:41,708.71,2026-09-02,713.0,4.24,4.34,4.34,3145,975,,,,,
2026-09-02 19:32:41,708.71,2026-09-02,714.0,5.23,5.45,5.43,1801,1793,0.5845,-0.9611,0.0282,-0.045,0.0043
2026-09-02 19:32:41,708.71,2026-09-02,715.0,6.31,6.4,6.26,1452,2890,0.7084,-0.9581,0.02474,-0.06,0.0046
2026-09-02 19:33:42,708.71,2026-09-02,702.0,0.01,0.02,0.02,46660,628,0.612,-0.0139,0.01156,-0.015,0.0018
2026-09-02 19:33:42,708.71,2026-09-02,703.0,0.01,0.05,0.04,55054,513,0.5919,-0.0265,0.02069,-0.03,0.0031
2026-09-02 19:33:42,708.71,2026-09-02,704.0,0.05,0.06,0.05,123627,1056,0.5637,-0.047,0.03472,-0.055,0.0049
2026-09-02 19:33:42,708.71,2026-09-02,705.0,0.08,0.09,0.05,187952,2016,0.5134,-0.0738,0.05435,-0.085,0.007
2026-09-02 19:33:42,708.71,2026-09-02,706.0,0.13,0.14,0.14,221483,1007,0.46,-0.119,0.08626,-0.135,0.01
2026-09-02 19:33:42,708.71,2026-09-02,707.0,0.26,0.27,0.27,335266,2480,0.4327,-0.2143,0.13446,-0.265,0.0146
2026-09-02 19:33:42,708.71,2026-09-02,708.0,0.49,0.5,0.49,462141,598,0.4007,-0.361,0.18642,-0.495,0.0188
2026-09-02 19:33:42,708.71,2026-09-02,709.0,0.97,0.98,0.98,246502,382,0.4113,-0.555,0.19164,-0.685,0.0198
2026-09-02 19:33:42,708.71,2026-09-02,710.0,1.53,1.61,1.64,79236,3204,0.3786,-0.7508,0.16716,-0.28,0.0159
2026-09-02 19:33:42,708.71,2026-09-02,711.0,2.34,2.45,2.34,19284,634,0.3793,-0.885,0.1021,-0.105,0.0097
2026-09-02 19:33:42,708.71,2026-09-02,712.0,3.19,3.3,3.31,7232,885,,,,,
2026-09-02 19:33:42,708.71,2026-09-02,713.0,4.12,4.37,4.34,3145,975,,,,,
2026-09-02 19:33:42,708.71,2026-09-02,714.0,5.19,5.29,5.36,1803,1793,,,,,
2026-09-02 19:33:42,708.71,2026-09-02,715.0,6.13,6.33,6.42,1464,2890,,,,,
2026-09-02 19:34:43,708.62,2026-09-02,702.0,0.01,0.02,0.03,46664,628,0.6174,-0.014,0.01178,-0.015,0.0018
2026-09-02 19:34:43,708.62,2026-09-02,703.0,0.04,0.05,0.03,55057,513,0.6396,-0.036,0.02514,-0.045,0.0039
2026-09-02 19:34:43,708.62,2026-09-02,704.0,0.05,0.06,0.02,123719,1056,0.5666,-0.0476,0.03559,-0.055,0.0049
2026-09-02 19:34:43,708.62,2026-09-02,705.0,0.08,0.09,0.08,188143,2016,0.5145,-0.075,0.05597,-0.085,0.007
2026-09-02 19:34:43,708.62,2026-09-02,706.0,0.09,0.1,0.15,221704,1007,0.4154,-0.0985,0.085,-0.095,0.0085
2026-09-02 19:34:43,708.62,2026-09-02,707.0,0.23,0.28,0.28,335546,2480,0.4216,-0.2155,0.14123,-0.255,0.0144
2026-09-02 19:34:43,708.62,2026-09-02,708.0,0.52,0.53,0.53,462687,598,0.408,-0.3768,0.18941,-0.525,0.0187
2026-09-02 19:34:43,708.62,2026-09-02,709.0,0.91,0.96,0.96,246718,382,0.3738,-0.58,0.21276,-0.56,0.0192
2026-09-02 19:34:43,708.62,2026-09-02,710.0,1.53,1.6,1.65,79253,3204,0.3385,-0.795,0.17083,-0.19,0.014
2026-09-02 19:34:43,708.62,2026-09-02,711.0,2.3,2.39,2.47,19309,634,,,,,
2026-09-02 19:34:43,708.62,2026-09-02,712.0,3.2,3.4,3.38,7233,885,,,,,
2026-09-02 19:34:43,708.62,2026-09-02,713.0,4.19,4.31,4.34,3145,975,,,,,
2026-09-02 19:34:43,708.62,2026-09-02,714.0,5.28,5.32,5.38,1808,1793,,,,,
2026-09-02 19:34:43,708.62,2026-09-02,715.0,6.14,6.39,6.31,1464,2890,,,,,
2026-09-02 19:35:44,708.72,2026-09-02,702.0,0.01,0.02,0.03,46711,628,0.6375,-0.0139,0.01154,-0.015,0.0017
2026-09-02 19:35:44,708.72,2026-09-02,703.0,0.04,0.05,0.03,55626,513,0.6613,-0.0356,0.02459,-0.045,0.0038
2026-09-02 19:35:44,708.72,2026-09-02,704.0,0.05,0.06,0.05,123826,1056,0.5873,-0.0469,0.03467,-0.055,0.0047
2026-09-02 19:35:44,708.72,2026-09-02,705.0,0.08,0.09,0.09,188240,2016,0.535,-0.0738,0.05426,-0.085,0.0067
2026-09-02 19:35:44,708.72,2026-09-02,706.0,0.14,0.15,0.15,222369,1007,0.4898,-0.1239,0.08675,-0.145,0.0099
2026-09-02 19:35:44,708.72,2026-09-02,707.0,0.23,0.28,0.28,338366,2480,0.444,-0.2103,0.13492,-0.255,0.0139
2026-09-02 19:35:44,708.72,2026-09-02,708.0,0.54,0.55,0.55,463774,598,0.4458,-0.3687,0.17568,-0.545,0.0182
2026-09-02 19:35:44,708.72,2026-09-02,709.0,0.91,0.96,0.93,248053,382,0.4086,-0.5567,0.20071,-0.65,0.019
2026-09-02 19:35:44,708.72,2026-09-02,710.0,1.52,1.6,1.62,79541,3204,0.39,-0.7523,0.16841,-0.275,0.0152
2026-09-02 19:35:44,708.72,2026-09-02,711.0,2.31,2.37,2.44,19369,634,0.3334,-0.922,0.0908,-0.055,0.007
2026-09-02 19:35:44,708.72,2026-09-02,712.0,3.27,3.32,3.27,7236,885,0.3299,-0.9804,0.03001,-0.01,0.0023
2026-09-02 19:35:44,708.72,2026-09-02,713.0,4.18,4.32,4.34,3145,975,,,,,
2026-09-02 19:35:44,708.72,2026-09-02,714.0,5.27,5.34,5.32,1815,1793,0.5427,-0.9779,0.02014,-0.02,0.0025
2026-09-02 19:35:44,708.72,2026-09-02,715.0,6.21,6.43,6.36,1466,2890,0.6833,-0.9712,0.01998,-0.035,0.0032
2026-09-02 19:36:46,708.65,2026-09-02,702.0,0.03,0.04,0.02,46712,628,0.7344,-0.0265,0.01776,-0.035,0.0029
2026-09-02 19:36:46,708.65,2026-09-02,703.0,0.04,0.05,0.04,55628,513,0.6698,-0.0359,0.02499,-0.045,0.0037
2026-09-02 19:36:46,708.65,2026-09-02,704.0,0.01,0.02,0.04,123841,1056,0.475,-0.0184,0.02019,-0.015,0.0021
2026-09-02 19:36:46,708.65,2026-09-02,705.0,0.04,0.05,0.08,188264,2016,0.4697,-0.0488,0.04574,-0.045,0.0048
2026-09-02 19:36:46,708.65,2026-09-02,706.0,0.15,0.16,0.15,222868,1007,0.5024,-0.1305,0.08962,-0.155,0.01
2026-09-02 19:36:46,708.65,2026-09-02,707.0,0.25,0.26,0.26,338634,2480,0.4438,-0.2141,0.13943,-0.255,0.0137
2026-09-02 19:36:46,708.65,2026-09-02,708.0,0.53,0.54,0.58,464559,598,0.4365,-0.3751,0.18445,-0.535,0.0179
2026-09-02 19:36:46,708.65,2026-09-02,709.0,1.03,1.04,1.04,248974,382,0.4519,-0.5645,0.18499,-0.685,0.0185
2026-09-02 19:36:46,708.65,2026-09-02,710.0,1.64,1.68,1.69,79663,3204,0.4328,-0.7452,0.15744,-0.31,0.0151
2026-09-02 19:36:46,708.65,2026-09-02,711.0,2.37,2.52,2.45,19371,634,0.3998,-0.8932,0.09774,-0.095,0.0087
2026-09-02 19:36:46,708.65,2026-09-02,712.0,3.37,3.42,3.39,7237,885,0.4389,-0.9468,0.05241,-0.045,0.0051
2026-09-02 19:36:46,708.65,2026-09-02,713.0,4.24,4.48,4.35,3149,975,0.428,-0.9842,0.01965,-0.01,0.0019
2026-09-02 19:36:46,708.65,2026-09-02,714.0,5.3,5.39,5.32,1816,1793,,,,,
2026-09-02 19:36:46,708.65,2026-09-02,715.0,6.3,6.36,6.35,1470,2890,,,,,
2026-09-02 19:37:47,708.68,2026-09-02,702.0,0.03,0.04,0.03,46714,628,0.7542,-0.0264,0.01762,-0.035,0.0028
2026-09-02 19:37:47,708.68,2026-09-02,703.0,0.04,0.05,0.04,55635,513,0.6883,-0.0357,0.02477,-0.045,0.0036
2026-09-02 19:37:47,708.68,2026-09-02,704.0,0.05,0.06,0.05,123873,1056,0.6108,-0.0472,0.03498,-0.055,0.0045
2026-09-02 19:37:47,708.68,2026-09-02,705.0,0.04,0.05,0.05,188422,2016,0.4839,-0.0485,0.04515,-0.045,0.0046
2026-09-02 19:37:47,708.68,2026-09-02,706.0,0.15,0.16,0.14,223158,1007,0.5184,-0.1295,0.08835,-0.155,0.0097
2026-09-02 19:37:47,708.68,2026-09-02,707.0,0.3,0.31,0.27,338895,2480,0.496,-0.2295,0.13274,-0.305,0.014
2026-09-02 19:37:47,708.68,2026-09-02,708.0,0.54,0.55,0.56,465236,598,0.4596,-0.3723,0.17871,-0.545,0.0174
2026-09-02 19:37:47,708.68,2026-09-02,709.0,1.01,1.02,1.01,249447,382,0.4619,-0.558,0.18553,-0.7,0.0182
2026-09-02 19:37:47,708.68,2026-09-02,710.0,1.67,1.76,1.73,79720,3204,0.4956,-0.7168,0.14828,-0.4,0.0156
2026-09-02 19:37:47,708.68,2026-09-02,711.0,2.52,2.55,2.48,19374,634,0.5264,-0.8292,0.10468,-0.22,0.0117
2026-09-02 19:37:47,708.68,2026-09-02,712.0,3.48,3.5,3.39,7237,885,0.6213,-0.8756,0.0717,-0.175,0.0095
2026-09-02 19:37:47,708.68,2026-09-02,713.0,4.45,4.49,4.35,3149,975,0.7248,-0.9008,0.05228,-0.155,0.008
2026-09-02 19:37:47,708.68,2026-09-02,714.0,5.37,5.47,5.42,1816,1793,0.7703,-0.9318,0.03708,-0.105,0.0061
2026-09-02 19:37:47,708.68,2026-09-02,715.0,6.33,6.38,6.33,1480,2890,0.7327,-0.9686,0.02096,-0.04,0.0033
2026-09-02 19:38:48,708.49,2026-09-02,702.0,0.03,0.04,0.03,46729,628,0.7533,-0.027,0.0184,-0.035,0.0028
2026-09-02 19:38:48,708.49,2026-09-02,703.0,0.04,0.05,0.04,55663,513,0.6849,-0.0366,0.02602,-0.045,0.0036
2026-09-02 19:38:48,708.49,2026-09-02,704.0,0.05,0.06,0.04,123903,1056,0.6044,-0.0486,0.03706,-0.055,0.0045
2026-09-02 19:38:48,708.49,2026-09-02,705.0,0.08,0.09,0.08,188444,2016,0.546,-0.0768,0.0587,-0.085,0.0065
2026-09-02 19:38:48,708.49,2026-09-02,706.0,0.15,0.16,0.12,223386,1007,0.5039,-0.1351,0.09584,-0.155,0.0098
2026-09-02 19:38:48,708.49,2026-09-02,707.0,0.31,0.32,0.3,339107,2480,0.4816,-0.2449,0.14508,-0.315,0.0141
2026-09-02 19:38:48,708.49,2026-09-02,708.0,0.6,0.61,0.6,466168,598,0.4613,-0.4058,0.18688,-0.605,0.0174
2026-09-02 19:38:48,708.49,2026-09-02,709.0,1.04,1.09,1.08,249886,382,0.437,-0.6015,0.19634,-0.555,0.0174
2026-09-02 19:38:48,708.49,2026-09-02,710.0,1.69,1.79,1.75,79735,3204,0.4223,-0.7859,0.15347,-0.23,0.0131
2026-09-02 19:38:48,708.49,2026-09-02,711.0,2.49,2.63,2.58,19385,634,0.3749,-0.9311,0.07868,-0.05,0.006
2026-09-02 19:38:48,708.49,2026-09-02,712.0,3.37,3.64,3.39,7237,885,,,,,
2026-09-02 19:38:48,708.49,2026-09-02,713.0,4.42,4.56,4.35,3149,975,,,,,
2026-09-02 19:38:48,708.49,2026-09-02,714.0,5.49,5.72,5.42,1816,1793,0.7932,-0.9377,0.0344,-0.095,0.0055
2026-09-02 19:38:48,708.49,2026-09-02,715.0,6.36,6.62,6.33,1491,2890,,,,,
2026-09-02 19:39:49,708.53,2026-09-02,702.0,0.03,0.04,0.03,46737,628,0.776,-0.0269,0.01823,-0.035,0.0027
2026-09-02 19:39:49,708.53,2026-09-02,703.0,0.04,0.05,0.04,55684,513,0.7061,-0.0364,0.02576,-0.045,0.0035
2026-09-02 19:39:49,708.53,2026-09-02,704.0,0.05,0.06,0.05,124081,1056,0.6239,-0.0483,0.03662,-0.055,0.0044
2026-09-02 19:39:49,708.53,2026-09-02,705.0,0.04,0.09,0.08,188486,2016,0.5305,-0.064,0.05381,-0.065,0.0055
2026-09-02 19:39:49,708.53,2026-09-02,706.0,0.11,0.12,0.16,223721,1007,0.4775,-0.1129,0.09139,-0.115,0.0084
2026-09-02 19:39:49,708.53,2026-09-02,707.0,0.24,0.25,0.25,339436,2480,0.4482,-0.2175,0.14954,-0.245,0.0129
2026-09-02 19:39:49,708.53,2026-09-02,708.0,0.51,0.57,0.57,466973,598,0.4438,-0.392,0.19724,-0.54,0.0169
2026-09-02 19:39:49,708.53,2026-09-02,709.0,1.01,1.03,1.03,250387,382,0.4354,-0.5963,0.20261,-0.55,0.017
2026-09-02 19:39:49,708.53,2026-09-02,710.0,1.66,1.67,1.73,79778,3204,0.3983,-0.799,0.16062,-0.195,0.0123
2026-09-02 19:39:49,708.53,2026-09-02,711.0,2.47,2.61,2.57,19389,634,0.4107,-0.914,0.08708,-0.07,0.0069
2026-09-02 19:39:49,708.53,2026-09-02,712.0,3.36,3.56,3.5,7238,885,,,,,
2026-09-02 19:39:49,708.53,2026-09-02,713.0,4.37,4.55,4.35,3149,975,,,,,
2026-09-02 19:39:49,708.53,2026-09-02,714.0,5.47,5.55,5.42,1820,1793,0.6831,-0.9652,0.02564,-0.04,0.0034
2026-09-02 19:39:49,708.53,2026-09-02,715.0,6.36,6.49,6.5,1491,2890,,,,,
2026-09-02 19:40:50,708.62,2026-09-02,702.0,0.03,0.04,0.03,46840,628,0.8055,-0.0266,0.01787,-0.035,0.0026
2026-09-02 19:40:50,708.62,2026-09-02,703.0,0.04,0.05,0.02,55750,513,0.7342,-0.036,0.02518,-0.045,0.0034
2026-09-02 19:40:50,708.62,2026-09-02,704.0,0.05,0.06,0.04,124125,1056,0.6504,-0.0476,0.03565,-0.055,0.0042
2026-09-02 19:40:50,708.62,2026-09-02,705.0,0.03,0.04,0.08,188745,2016,0.4891,-0.0412,0.0422,-0.035,0.0038
2026-09-02 19:40:50,708.62,2026-09-02,706.0,0.09,0.14,0.14,224103,1007,0.5024,-0.1106,0.08783,-0.115,0.0081
2026-09-02 19:40:50,708.62,2026-09-02,707.0,0.27,0.28,0.28,339595,2480,0.4992,-0.2232,0.13979,-0.275,0.0128
2026-09-02 19:40:50,708.62,2026-09-02,708.0,0.53,0.54,0.54,468949,598,0.4736,-0.379,0.18779,-0.535,0.0163
2026-09-02 19:40:50,708.62,2026-09-02,709.0,0.95,0.97,0.99,250773,382,0.4426,-0.5788,0.2066,-0.58,0.0167
2026-09-02 19:40:50,708.62,2026-09-02,710.0,1.62,1.66,1.66,79832,3204,0.4447,-0.7651,0.1615,-0.26,0.0131
2026-09-02 19:40:50,708.62,2026-09-02,711.0,2.42,2.47,2.49,19402,634,0.4024,-0.916,0.08963,-0.065,0.0066
2026-09-02 19:40:50,708.62,2026-09-02,712.0,3.34,3.47,3.47,7259,885,0.4358,-0.9646,0.04182,-0.025,0.0033
2026-09-02 19:40:50,708.62,2026-09-02,713.0,4.27,4.56,4.49,3151,975,0.571,-0.9629,0.03317,-0.035,0.0035
2026-09-02 19:40:50,708.62,2026-09-02,714.0,5.22,5.48,5.58,1823,1793,,,,,
2026-09-02 19:40:50,708.62,2026-09-02,715.0,6.39,6.65,6.65,1492,2890,1.0184,-0.9271,0.03179,-0.14,0.0059
2026-09-02 19:41:53,708.56,2026-09-02,702.0,0.03,0.04,0.02,47344,628,0.8223,-0.0268,0.01811,-0.035,0.0026
2026-09-02 19:41:53,708.56,2026-09-02,703.0,0.04,0.05,0.02,55756,513,0.7486,-0.0363,0.02556,-0.045,0.0033
2026-09-02 19:41:53,708.56,2026-09-02,704.0,0.05,0.06,0.05,124317,1056,0.662,-0.048,0.03629,-0.055,0.0042
2026-09-02 19:41:53,708.56,2026-09-02,705.0,0.03,0.08,0.04,188813,2016,0.5435,-0.0569,0.05058,-0.055,0.0048
2026-09-02 19:41:53,708.56,2026-09-02,706.0,0.09,0.1,0.1,224695,1007,0.482,-0.1,0.08756,-0.095,0.0073
2026-09-02 19:41:53,708.56,2026-09-02,707.0,0.23,0.28,0.24,340374,2480,0.4865,-0.2195,0.14616,-0.255,0.0123
2026-09-02 19:41:53,708.56,2026-09-02,708.0,0.54,0.55,0.55,469747,598,0.4789,-0.3885,0.19244,-0.545,0.0159
2026-09-02 19:41:53,708.56,2026-09-02,709.0,0.95,1.01,1.01,251038,382,0.4458,-0.593,0.20929,-0.54,0.0161
2026-09-02 19:41:53,708.56,2026-09-02,710.0,1.65,1.68,1.72,79883,3204,0.4402,-0.7835,0.16027,-0.225,0.0122
2026-09-02 19:41:53,708.56,2026-09-02,711.0,2.42,2.61,2.62,19435,634,0.4369,-0.9097,0.08962,-0.075,0.0068
2026-09-02 19:41:53,708.56,2026-09-02,712.0,3.42,3.58,3.55,7280,885,0.5383,-0.9371,0.05521,-0.06,0.0051
2026-09-02 19:41:53,708.56,2026-09-02,713.0,4.33,4.62,4.58,3152,975,0.5937,-0.9633,0.03253,-0.035,0.0033
2026-09-02 19:41:53,708.56,2026-09-02,714.0,5.37,5.52,5.46,1825,1793,0.5417,-0.9919,0.00986,-0.005,0.0009
2026-09-02 19:41:53,708.56,2026-09-02,715.0,6.2,6.6,6.65,1492,2890,,,,,
2026-09-02 19:42:54,708.58,2026-09-02,702.0,0.01,0.04,0.02,47844,628,0.8037,-0.0208,0.01543,-0.025,0.002
2026-09-02 19:42:54,708.58,2026-09-02,703.0,0.01,0.05,0.02,55756,513,0.7198,-0.027,0.02143,-0.03,0.0025
2026-09-02 19:42:54,708.58,2026-09-02,704.0,0.05,0.06,0.02,124340,1056,0.6832,-0.0479,0.03613,-0.055,0.004
2026-09-02 19:42:54,708.58,2026-09-02,705.0,0.07,0.08,0.07,188881,2016,0.6012,-0.0698,0.05513,-0.075,0.0054
2026-09-02 19:42:54,708.58,2026-09-02,706.0,0.09,0.14,0.14,225070,1007,0.5253,-0.1117,0.08958,-0.115,0.0077
2026-09-02 19:42:54,708.58,2026-09-02,707.0,0.26,0.27,0.27,341057,2480,0.5119,-0.2223,0.14403,-0.265,0.012
2026-09-02 19:42:54,708.58,2026-09-02,708.0,0.52,0.53,0.53,470730,598,0.4837,-0.3835,0.19537,-0.525,0.0154
2026-09-02 19:42:54,708.58,2026-09-02,709.0,0.98,1,1,251548,382,0.4709,-0.5876,0.20461,-0.565,0.0157
2026-09-02 19:42:54,708.58,2026-09-02,710.0,1.65,1.69,1.69,79915,3204,0.467,-0.7742,0.15929,-0.245,0.0121
2026-09-02 19:42:54,708.58,2026-09-02,711.0,2.48,2.62,2.55,19443,634,0.5149,-0.8773,0.09766,-0.125,0.0082
2026-09-02 19:42:54,708.58,2026-09-02,712.0,3.31,3.49,3.55,7280,885,,,,,
2026-09-02 19:42:54,708.58,2026-09-02,713.0,4.29,4.51,4.47,3153,975,,,,,
2026-09-02 19:42:54,708.58,2026-09-02,714.0,5.39,5.64,5.46,1825,1793,0.8619,-0.9393,0.03451,-0.09,0.0049
2026-09-02 19:42:54,708.58,2026-09-02,715.0,6.41,6.59,6.65,1492,2890,0.9486,-0.9521,0.02599,-0.075,0.004
2026-09-02 19:43:55,708.92,2026-09-02,702.0,0.01,0.02,0.03,47974,628,0.8042,-0.0136,0.01101,-0.015,0.0014
2026-09-02 19:43:55,708.92,2026-09-02,703.0,0.04,0.05,0.02,55820,513,0.8367,-0.0347,0.02336,-0.045,0.003
2026-09-02 19:43:55,708.92,2026-09-02,704.0,0.01,0.06,0.05,124625,1056,0.6869,-0.0331,0.02738,-0.035,0.0029
2026-09-02 19:43:55,708.92,2026-09-02,705.0,0.02,0.03,0.07,189023,2016,0.5367,-0.0306,0.03284,-0.025,0.0027
2026-09-02 19:43:55,708.92,2026-09-02,706.0,0.06,0.11,0.11,225241,1007,0.5481,-0.086,0.07304,-0.085,0.0062
2026-09-02 19:43:55,708.92,2026-09-02,707.0,0.19,0.2,0.2,341671,2480,0.5272,-0.175,0.12472,-0.195,0.0101
2026-09-02 19:43:55,708.92,2026-09-02,708.0,0.35,0.36,0.4,472141,598,0.4645,-0.305,0.19236,-0.355,0.0137
2026-09-02 19:43:55,708.92,2026-09-02,709.0,0.77,0.78,0.78,252508,382,0.4714,-0.5155,0.21569,-0.7,0.0156
2026-09-02 19:43:55,708.92,2026-09-02,710.0,1.32,1.35,1.35,80344,3204,0.4245,-0.7401,0.19486,-0.26,0.0127
2026-09-02 19:43:55,708.92,2026-09-02,711.0,2.08,2.26,2.4,19446,634,0.4389,-0.8854,0.11253,-0.095,0.0076
2026-09-02 19:43:55,708.92,2026-09-02,712.0,3.07,3.32,3.48,7281,885,0.6211,-0.8958,0.07426,-0.12,0.0071
2026-09-02 19:43:55,708.92,2026-09-02,713.0,3.98,4.21,4.22,3172,975,0.5342,-0.9737,0.02912,-0.02,0.0024
2026-09-02 19:43:55,708.92,2026-09-02,714.0,5,5.25,5.44,1830,1793,0.7486,-0.9574,0.03093,-0.05,0.0036
2026-09-02 19:43:55,708.92,2026-09-02,715.0,6.06,6.33,6.44,1494,2890,1.0329,-0.932,0.03243,-0.12,0.0051
2026-09-02 19:44:56,708.86,2026-09-02,702.0,0.03,0.04,0.01,47975,628,0.9357,-0.0259,0.01697,-0.035,0.0023
2026-09-02 19:44:56,708.86,2026-09-02,703.0,0.03,0.04,0.03,55831,513,0.82,-0.0291,0.02134,-0.035,0.0025
2026-09-02 19:44:56,708.86,2026-09-02,704.0,0.01,0.06,0.02,124687,1056,0.702,-0.0334,0.02791,-0.035,0.0028
2026-09-02 19:44:56,708.86,2026-09-02,705.0,0.06,0.07,0.06,189078,2016,0.6581,-0.0603,0.0479,-0.065,0.0045
2026-09-02 19:44:56,708.86,2026-09-02,706.0,0.1,0.11,0.11,225385,1007,0.5885,-0.0993,0.07821,-0.105,0.0066
2026-09-02 19:44:56,708.86,2026-09-02,707.0,0.15,0.16,0.16,342507,2480,0.491,-0.1583,0.12969,-0.155,0.0092
2026-09-02 19:44:56,708.86,2026-09-02,708.0,0.41,0.42,0.42,473133,598,0.5091,-0.3273,0.18688,-0.415,0.0137
2026-09-02 19:44:56,708.86,2026-09-02,709.0,0.81,0.82,0.82,253075,382,0.491,-0.5292,0.21355,-0.675,0.0151
2026-09-02 19:44:56,708.86,2026-09-02,710.0,1.37,1.44,1.43,80372,3204,0.4563,-0.7442,0.1858,-0.265,0.0122
2026-09-02 19:44:56,708.86,2026-09-02,711.0,2.13,2.23,2.29,19491,634,0.3734,-0.934,0.09052,-0.04,0.0049
2026-09-02 19:44:56,708.86,2026-09-02,712.0,2.98,3.31,3.29,7290,885,0.3666,-0.9878,0.02279,-0.005,0.0012
2026-09-02 19:44:56,708.86,2026-09-02,713.0,3.97,4.2,4.27,3180,975,,,,,
2026-09-02 19:44:56,708.86,2026-09-02,714.0,4.93,5.24,5.28,1832,1793,,,,,
2026-09-02 19:44:56,708.86,2026-09-02,715.0,6.04,6.29,6.44,1494,2890,0.8046,-0.9773,0.01768,-0.025,0.002
2026-09-02 19:45:57,708.94,2026-09-02,702.0,0.03,0.04,0.03,48038,628,0.9783,-0.0257,0.01668,-0.035,0.0022
2026-09-02 19:45:57,708.94,2026-09-02,703.0,0.03,0.04,0.02,55946,513,0.8586,-0.0288,0.02092,-0.035,0.0024
2026-09-02 19:45:57,708.94,2026-09-02,704.0,0.01,0.02,0.04,125174,1056,0.6429,-0.0176,0.01843,-0.015,0.0016
2026-09-02 19:45:57,708.94,2026-09-02,705.0,0.01,0.06,0.06,190227,2016,0.6117,-0.0388,0.03751,-0.035,0.0031
2026-09-02 19:45:57,708.94,2026-09-02,706.0,0.04,0.05,0.05,225753,1007,0.5081,-0.0566,0.06112,-0.045,0.0042
2026-09-02 19:45:57,708.94,2026-09-02,707.0,0.17,0.18,0.18,343405,2480,0.5452,-0.165,0.12424,-0.175,0.0091
2026-09-02 19:45:57,708.94,2026-09-02,708.0,0.39,0.4,0.4,474236,598,0.5314,-0.3139,0.18214,-0.395,0.013
2026-09-02 19:45:57,708.94,2026-09-02,709.0,0.74,0.75,0.75,253829,382,0.4891,-0.5127,0.22249,-0.685,0.0146
2026-09-02 19:45:57,708.94,2026-09-02,710.0,1.37,1.4,1.34,80522,3204,0.5041,-0.7162,0.1834,-0.325,0.0124
2026-09-02 19:45:57,708.94,2026-09-02,711.0,2.14,2.21,2.13,19628,634,0.494,-0.8717,0.11578,-0.115,0.0077
2026-09-02 19:45:57,708.94,2026-09-02,712.0,2.95,3.14,3.1,7296,885,,,,,
2026-09-02 19:45:57,708.94,2026-09-02,713.0,4.01,4.19,4.27,3180,975,0.6413,-0.9573,0.03863,-0.04,0.0033
2026-09-02 19:45:57,708.94,2026-09-02,714.0,4.84,5.17,5.28,1832,1793,,,,,
2026-09-02 19:45:57,708.94,2026-09-02,715.0,5.96,6.09,6.05,1495,2890,,,,,
2026-09-02 19:47:00,708.98,2026-09-02,702.0,0.01,0.04,0.03,48285,628,0.9691,-0.0199,0.01412,-0.025,0.0017
2026-09-02 19:47:00,708.98,2026-09-02,703.0,0.01,0.04,0.03,55989,513,0.8497,-0.0224,0.01777,-0.025,0.0019
2026-09-02 19:47:00,708.98,2026-09-02,704.0,0.01,0.02,0.03,125344,1056,0.6728,-0.0175,0.01821,-0.015,0.0015
2026-09-02 19:47:00,708.98,2026-09-02,705.0,0.05,0.06,0.06,190411,2016,0.7003,-0.0528,0.0436,-0.055,0.0038
2026-09-02 19:47:00,708.98,2026-09-02,706.0,0.04,0.05,0.09,226179,1007,0.5338,-0.0561,0.06003,-0.045,0.004
2026-09-02 19:47:00,708.98,2026-09-02,707.0,0.18,0.19,0.19,344006,2480,0.5856,-0.168,0.12163,-0.185,0.0089
2026-09-02 19:47:00,708.98,2026-09-02,708.0,0.39,0.4,0.4,475550,598,0.5624,-0.3098,0.17788,-0.395,0.0124
2026-09-02 19:47:00,708.98,2026-09-02,709.0,0.73,0.79,0.79,254822,382,0.5334,-0.5036,0.21211,-0.74,0.0141
2026-09-02 19:47:00,708.98,2026-09-02,710.0,1.3,1.32,1.39,80760,3204,0.485,-0.7239,0.19551,-0.29,0.0118
2026-09-02 19:47:00,708.98,2026-09-02,711.0,2.07,2.23,2.23,19651,634,0.5261,-0.8612,0.11929,-0.13,0.0078
2026-09-02 19:47:00,708.98,2026-09-02,712.0,3.05,3.16,3.21,7301,885,0.6227,-0.9148,0.07102,-0.085,0.0055
2026-09-02 19:47:00,708.98,2026-09-02,713.0,3.95,4.2,4.2,3190,975,0.7037,-0.9467,0.04374,-0.055,0.0038
2026-09-02 19:47:00,708.98,2026-09-02,714.0,4.95,5.17,5.28,1832,1793,0.7915,-0.9633,0.02879,-0.04,0.0028
2026-09-02 19:47:00,708.98,2026-09-02,715.0,5.99,6.17,6.12,1510,2890,0.9878,-0.9572,0.02616,-0.06,0.0032
2026-09-02 19:48:01,708.97,2026-09-02,702.0,0.03,0.04,0.02,48288,628,1.0623,-0.0256,0.0166,-0.035,0.002
2026-09-02 19:48:01,708.97,2026-09-02,703.0,0.03,0.04,0.03,56096,513,0.9328,-0.0287,0.0208,-0.035,0.0022
2026-09-02 19:48:01,708.97,2026-09-02,704.0,0.03,0.04,0.02,125429,1056,0.8008,-0.0329,0.02707,-0.035,0.0025
2026-09-02 19:48:01,708.97,2026-09-02,705.0,0.01,0.06,0.06,190613,2016,0.6656,-0.0386,0.03719,-0.035,0.0028
2026-09-02 19:48:01,708.97,2026-09-02,706.0,0.08,0.09,0.09,226451,1007,0.6413,-0.0853,0.07184,-0.085,0.0053
2026-09-02 19:48:01,708.97,2026-09-02,707.0,0.15,0.2,0.2,344676,2480,0.5951,-0.1639,0.12269,-0.175,0.0084
2026-09-02 19:48:01,708.97,2026-09-02,708.0,0.37,0.42,0.42,476639,598,0.5818,-0.3113,0.17946,-0.395,0.012
2026-09-02 19:48:01,708.97,2026-09-02,709.0,0.75,0.8,0.82,255454,382,0.5611,-0.5067,0.21002,-0.74,0.0135
2026-09-02 19:48:01,708.97,2026-09-02,710.0,1.34,1.37,1.4,80767,3204,0.5352,-0.7154,0.18728,-0.32,0.0115
2026-09-02 19:48:01,708.97,2026-09-02,711.0,2.05,2.24,2.13,19729,634,0.523,-0.8741,0.11684,-0.11,0.007
2026-09-02 19:48:01,708.97,2026-09-02,712.0,3.05,3.08,3.21,7301,885,0.52,-0.9572,0.05172,-0.03,0.0031
2026-09-02 19:48:01,708.97,2026-09-02,713.0,3.95,4.11,4.2,3190,975,,,,,
2026-09-02 19:48:01,708.97,2026-09-02,714.0,4.93,5.2,5.28,1832,1793,0.7862,-0.9702,0.02546,-0.03,0.0023
2026-09-02 19:48:01,708.97,2026-09-02,715.0,5.85,6.11,6.16,1521,2890,,,,,
2026-09-02 19:49:02,709.14,2026-09-02,703.0,0.01,0.04,0.03,56107,513,0.9465,-0.0219,0.01707,-0.025,0.0017
2026-09-02 19:49:02,709.14,2026-09-02,704.0,0.01,0.02,0.04,125549,1056,0.7532,-0.0171,0.01733,-0.015,0.0014
2026-09-02 19:49:02,709.14,2026-09-02,705.0,0.01,0.06,0.05,190936,2016,0.7213,-0.0374,0.03495,-0.035,0.0026
2026-09-02 19:49:02,709.14,2026-09-02,706.0,0.08,0.09,0.09,226822,1007,0.7006,-0.0821,0.06683,-0.085,0.0049
2026-09-02 19:49:02,709.14,2026-09-02,707.0,0.17,0.18,0.18,345372,2480,0.6586,-0.1565,0.11243,-0.175,0.0078
2026-09-02 19:49:02,709.14,2026-09-02,708.0,0.33,0.34,0.38,477799,598,0.6019,-0.2778,0.17199,-0.335,0.0109
2026-09-02 19:49:02,709.14,2026-09-02,709.0,0.73,0.75,0.75,255815,382,0.6275,-0.4709,0.19577,-0.74,0.0129
2026-09-02 19:49:02,709.14,2026-09-02,710.0,1.23,1.3,1.32,80785,3204,0.5901,-0.672,0.18903,-0.41,0.0117
2026-09-02 19:49:02,709.14,2026-09-02,711.0,1.95,2.04,2,19732,634,0.5538,-0.8488,0.13069,-0.14,0.0076
2026-09-02 19:49:02,709.14,2026-09-02,712.0,2.79,2.95,3.21,7301,885,0.4583,-0.9725,0.0427,-0.015,0.0021
2026-09-02 19:49:02,709.14,2026-09-02,713.0,3.85,4.11,4.2,3190,975,0.8958,-0.907,0.05733,-0.125,0.0054
2026-09-02 19:49:02,709.14,2026-09-02,714.0,4.74,5,5.28,1833,1793,0.716,-0.9814,0.01959,-0.015,0.0015
2026-09-02 19:49:02,709.14,2026-09-02,715.0,5.71,6,6.2,1523,2890,0.5923,-0.9988,0.00206,-0.0,0.0001
2026-09-02 19:49:02,709.14,2026-09-02,716.0,6.93,7.18,7.51,335,956,1.5465,-0.9128,0.03166,-0.2,0.0051
2026-09-02 19:50:03,709.18,2026-09-02,703.0,0.03,0.04,0.03,56212,513,1.0541,-0.028,0.01976,-0.035,0.002
2026-09-02 19:50:03,709.18,2026-09-02,704.0,0.01,0.02,0.03,125641,1056,0.7953,-0.017,0.01716,-0.015,0.0013
2026-09-02 19:50:03,709.18,2026-09-02,705.0,0.05,0.06,0.06,192037,2016,0.8321,-0.051,0.04083,-0.055,0.0032
2026-09-02 19:50:03,709.18,2026-09-02,706.0,0.03,0.08,0.09,226877,1007,0.6703,-0.0614,0.05868,-0.055,0.0037
2026-09-02 19:50:03,709.18,2026-09-02,707.0,0.16,0.17,0.17,345673,2480,0.6851,-0.1504,0.1105,-0.165,0.0072
2026-09-02 19:50:03,709.18,2026-09-02,708.0,0.32,0.33,0.37,478819,598,0.6315,-0.2717,0.17021,-0.325,0.0102
2026-09-02 19:50:03,709.18,2026-09-02,709.0,0.73,0.74,0.68,256718,382,0.668,-0.4645,0.1928,-0.735,0.0123
2026-09-02 19:50:03,709.18,2026-09-02,710.0,1.22,1.28,1.3,80827,3204,0.6269,-0.6635,0.18868,-0.43,0.0113
2026-09-02 19:50:03,709.18,2026-09-02,711.0,1.96,2.009,2.06,19732,634,0.6067,-0.8338,0.13322,-0.1645,0.0077
2026-09-02 19:50:03,709.18,2026-09-02,712.0,1.98,3.01,3.21,7301,885,,,,,
2026-09-02 19:50:03,709.18,2026-09-02,713.0,3.81,4.86,4.2,3190,975,1.4772,-0.7974,0.06189,-0.515,0.0087
2026-09-02 19:50:03,709.18,2026-09-02,714.0,4.55,6.1,4.93,1835,1793,1.6902,-0.8205,0.05023,-0.505,0.0081
2026-09-02 19:50:03,709.18,2026-09-02,715.0,4.95,6.9,5.97,1523,2890,1.2317,-0.936,0.03295,-0.105,0.0039
2026-09-02 19:50:03,709.18,2026-09-02,716.0,5.54,8.08,7.51,335,956,,,,,
2026-09-02 19:51:04,709.1,2026-09-02,703.0,0.01,0.02,0.03,56228,513,0.9656,-0.015,0.01339,-0.015,0.0011
2026-09-02 19:51:04,709.1,2026-09-02,704.0,0.01,0.04,0.04,125658,1056,0.8952,-0.0252,0.0225,-0.025,0.0017
2026-09-02 19:51:04,709.1,2026-09-02,705.0,0.04,0.05,0.05,192081,2016,0.83,-0.0451,0.03912,-0.045,0.0028
2026-09-02 19:51:04,709.1,2026-09-02,706.0,0.03,0.08,0.04,227252,1007,0.6927,-0.0626,0.06079,-0.055,0.0036
2026-09-02 19:51:04,709.1,2026-09-02,707.0,0.16,0.17,0.17,346000,2480,0.7042,-0.1536,0.11509,-0.165,0.0069
2026-09-02 19:51:04,709.1,2026-09-02,708.0,0.35,0.36,0.37,479194,598,0.6728,-0.2881,0.17352,-0.355,0.01
2026-09-02 19:51:04,709.1,2026-09-02,709.0,0.72,0.73,0.73,257183,382,0.6619,-0.4798,0.20593,-0.725,0.0116
2026-09-02 19:51:04,709.1,2026-09-02,710.0,1.22,1.27,1.34,80858,3204,0.6016,-0.6959,0.19891,-0.34,0.0102
2026-09-02 19:51:04,709.1,2026-09-02,711.0,1.94,2.009,2.08,19779,634,0.5071,-0.9001,0.11831,-0.0695,0.0051
2026-09-02 19:51:04,709.1,2026-09-02,712.0,2.9,3,3.21,7301,885,0.6298,-0.9422,0.06287,-0.045,0.0034
2026-09-02 19:51:04,709.1,2026-09-02,713.0,3.88,4.08,4.059,3192,975,0.886,-0.9334,0.04989,-0.075,0.0038
2026-09-02 19:51:04,709.1,2026-09-02,714.0,4.75,5.06,4.99,1837,1793,0.5489,-0.9988,0.00241,0.0,0.0001
2026-09-02 19:51:04,709.1,2026-09-02,715.0,5.92,6.18,5.97,1523,2890,1.4158,-0.9219,0.03528,-0.145,0.0043
2026-09-02 19:51:04,709.1,2026-09-02,716.0,6.72,7.01,7.51,335,956,,,,,
2026-09-02 19:52:06,708.93,2026-09-02,702.0,0.01,0.02,0.02,48332,628,1.1484,-0.0135,0.011,-0.015,0.001
2026-09-02 19:52:06,708.93,2026-09-02,703.0,0.01,0.02,0.03,56233,513,1.0035,-0.0153,0.01397,-0.015,0.0011
2026-09-02 19:52:06,708.93,2026-09-02,704.0,0.01,0.04,0.02,125667,1056,0.9266,-0.0258,0.02361,-0.025,0.0017
2026-09-02 19:52:06,708.93,2026-09-02,705.0,0.01,0.05,0.02,192130,2016,0.7917,-0.0348,0.0354,-0.03,0.0021
2026-09-02 19:52:06,708.93,2026-09-02,706.0,0.04,0.05,0.09,227620,1007,0.676,-0.0567,0.0614,-0.045,0.0031
2026-09-02 19:52:06,708.93,2026-09-02,707.0,0.14,0.19,0.19,346427,2480,0.71,-0.1605,0.12499,-0.165,0.0067
2026-09-02 19:52:06,708.93,2026-09-02,708.0,0.36,0.41,0.41,480356,598,0.6954,-0.3125,0.18534,-0.385,0.0097
2026-09-02 19:52:06,708.93,2026-09-02,709.0,0.77,0.78,0.82,257736,382,0.675,-0.5144,0.21503,-0.705,0.011
2026-09-02 19:52:06,708.93,2026-09-02,710.0,1.39,1.41,1.41,80883,3204,0.6807,-0.7157,0.18134,-0.33,0.0093
2026-09-02 19:52:06,708.93,2026-09-02,711.0,2.16,2.26,2.31,19849,634,0.7026,-0.8576,0.11669,-0.14,0.0062
2026-09-02 19:52:06,708.93,2026-09-02,712.0,3.03,3.23,3.21,7315,885,0.7448,-0.9326,0.06371,-0.06,0.0036
2026-09-02 19:52:06,708.93,2026-09-02,713.0,3.98,4.23,4.059,3192,975,0.835,-0.9614,0.03647,-0.035,0.0023
2026-09-02 19:52:06,708.93,2026-09-02,714.0,4.98,5.03,5.06,1837,1793,,,,,
2026-09-02 19:52:06,708.93,2026-09-02,715.0,5.94,6.14,5.97,1525,2890,,,,,
2026-09-02 19:53:07,708.86,2026-09-02,702.0,0.01,0.02,0.02,48337,628,1.2192,-0.0137,0.01118,-0.015,0.0009
2026-09-02 19:53:07,708.86,2026-09-02,703.0,0.03,0.04,0.03,56301,513,1.213,-0.0291,0.02137,-0.035,0.0017
2026-09-02 19:53:07,708.86,2026-09-02,704.0,0.03,0.04,0.03,125703,1056,1.0382,-0.0334,0.02795,-0.035,0.0019
2026-09-02 19:53:07,708.86,2026-09-02,705.0,0.04,0.05,0.05,192448,2016,0.9016,-0.047,0.04248,-0.045,0.0025
2026-09-02 19:53:07,708.86,2026-09-02,706.0,0.03,0.08,0.08,227791,1007,0.7419,-0.066,0.06749,-0.055,0.0033
2026-09-02 19:53:07,708.86,2026-09-02,707.0,0.17,0.18,0.18,347026,2480,0.7572,-0.1688,0.12983,-0.175,0.0065
2026-09-02 19:53:07,708.86,2026-09-02,708.0,0.35,0.4,0.4,481128,598,0.7082,-0.3182,0.19654,-0.375,0.0091
2026-09-02 19:53:07,708.86,2026-09-02,709.0,0.76,0.78,0.78,258141,382,0.68,-0.5326,0.22816,-0.625,0.0102
2026-09-02 19:53:07,708.86,2026-09-02,710.0,1.4,1.44,1.43,80910,3204,0.6887,-0.7411,0.18337,-0.275,0.0083
2026-09-02 19:53:07,708.86,2026-09-02,711.0,2.16,2.35,2.3,19865,634,0.7162,-0.8781,0.11022,-0.11,0.0052
2026-09-02 19:53:07,708.86,2026-09-02,712.0,3.02,3.21,3.25,7315,885,,,,,
2026-09-02 19:53:07,708.86,2026-09-02,713.0,4.1,4.23,4.059,3192,975,0.8255,-0.9745,0.02807,-0.02,0.0015
2026-09-02 19:53:07,708.86,2026-09-02,714.0,5.11,5.23,5.06,1837,1793,1.0245,-0.9744,0.02268,-0.025,0.0015
2026-09-02 19:53:07,708.86,2026-09-02,715.0,6.17,6.36,6.16,1526,2890,1.5925,-0.9327,0.03192,-0.12,0.0033
2026-09-02 19:54:09,708.96,2026-09-02,702.0,0.03,0.04,0.02,48417,628,1.5198,-0.0256,0.01662,-0.035,0.0014
2026-09-02 19:54:09,708.96,2026-09-02,703.0,0.03,0.04,0.03,56375,513,1.3344,-0.0288,0.02083,-0.035,0.0016
2026-09-02 19:54:09,708.96,2026-09-02,704.0,0.03,0.04,0.02,125818,1056,1.1454,-0.0329,0.02711,-0.035,0.0017
2026-09-02 19:54:09,708.96,2026-09-02,705.0,0.01,0.05,0.05,192477,2016,0.9255,-0.0346,0.03502,-0.03,0.0018
2026-09-02 19:54:09,708.96,2026-09-02,706.0,0.03,0.04,0.08,227982,1007,0.7519,-0.0475,0.05565,-0.035,0.0023
2026-09-02 19:54:09,708.96,2026-09-02,707.0,0.15,0.16,0.16,347738,2480,0.8155,-0.154,0.12305,-0.155,0.0056
2026-09-02 19:54:09,708.96,2026-09-02,708.0,0.34,0.35,0.39,481862,598,0.7706,-0.2985,0.19039,-0.345,0.0082
2026-09-02 19:54:09,708.96,2026-09-02,709.0,0.78,0.8,0.8,258380,382,0.8163,-0.5077,0.20666,-0.75,0.0094
2026-09-02 19:54:09,708.96,2026-09-02,710.0,1.33,1.36,1.39,80955,3204,0.7488,-0.7209,0.18983,-0.305,0.0079
2026-09-02 19:54:09,708.96,2026-09-02,711.0,2.13,2.26,2.29,19872,634,0.8355,-0.8484,0.11886,-0.155,0.0056
2026-09-02 19:54:09,708.96,2026-09-02,712.0,3.03,3.17,3.25,7315,885,0.8583,-0.9323,0.06448,-0.06,0.0031
2026-09-02 19:54:09,708.96,2026-09-02,713.0,4.04,4.24,4.059,3192,975,1.2013,-0.9216,0.05153,-0.1,0.0035
2026-09-02 19:54:09,708.96,2026-09-02,714.0,4.92,5.23,5.06,1837,1793,1.1543,-0.967,0.02699,-0.035,0.0017
2026-09-02 19:54:09,708.96,2026-09-02,715.0,5.87,6.25,6.16,1526,2890,1.2274,-0.9808,0.01612,-0.02,0.0011
2026-09-02 19:55:10,709.13,2026-09-02,703.0,0.01,0.02,0.03,56430,513,1.3196,-0.0149,0.01328,-0.015,0.0008
2026-09-02 19:55:10,709.13,2026-09-02,704.0,0.03,0.04,0.04,125866,1056,1.2956,-0.0321,0.02584,-0.035,0.0015
2026-09-02 19:55:10,709.13,2026-09-02,705.0,0.03,0.04,0.04,192667,2016,1.0836,-0.0375,0.03513,-0.035,0.0018
2026-09-02 19:55:10,709.13,2026-09-02,706.0,0.02,0.03,0.03,228306,1007,0.8118,-0.036,0.04533,-0.025,0.0017
2026-09-02 19:55:10,709.13,2026-09-02,707.0,0.13,0.14,0.14,347993,2480,0.9068,-0.1366,0.11227,-0.135,0.0047
2026-09-02 19:55:10,709.13,2026-09-02,708.0,0.32,0.34,0.28,482084,598,0.8941,-0.2776,0.17442,-0.33,0.0072
2026-09-02 19:55:10,709.13,2026-09-02,709.0,0.65,0.66,0.71,258503,382,0.8377,-0.4707,0.22096,-0.655,0.0086
2026-09-02 19:55:10,709.13,2026-09-02,710.0,1.26,1.28,1.26,81018,3204,0.8822,-0.6762,0.18952,-0.4,0.0077
2026-09-02 19:55:10,709.13,2026-09-02,711.0,2.029,2.09,2.02,19877,634,0.9318,-0.824,0.12915,-0.1895,0.0056
2026-09-02 19:55:10,709.13,2026-09-02,712.0,2.72,3,2.94,7326,885,,,,,
2026-09-02 19:55:10,709.13,2026-09-02,713.0,3.74,4.04,4.059,3192,975,0.9286,-0.9733,0.03092,-0.02,0.0013
2026-09-02 19:55:10,709.13,2026-09-02,714.0,4.72,4.92,5.06,1837,1793,,,,,
2026-09-02 19:55:10,709.13,2026-09-02,715.0,5.73,5.98,6.16,1526,2890,,,,,
2026-09-02 19:55:10,709.13,2026-09-02,716.0,6.71,7.04,7.51,335,956,1.2662,-0.994,0.00628,-0.005,0.0004
2026-09-02 19:56:11,708.89,2026-09-02,702.0,0,0.03,0.01,48505,628,1.5574,-0.0099,0.00889,-0.01,0.0005
2026-09-02 19:56:11,708.89,2026-09-02,703.0,0.03,0.04,0.03,56436,513,1.6355,-0.029,0.02118,-0.035,0.0013
2026-09-02 19:56:11,708.89,2026-09-02,704.0,0.03,0.04,0.04,125896,1056,1.4012,-0.0332,0.02767,-0.035,0.0014
2026-09-02 19:56:11,708.89,2026-09-02,705.0,0.01,0.04,0.04,192806,2016,1.0932,-0.0308,0.03328,-0.025,0.0013
2026-09-02 19:56:11,708.89,2026-09-02,706.0,0.02,0.03,0.03,228350,1007,0.8558,-0.0381,0.0507,-0.025,0.0016
2026-09-02 19:56:11,708.89,2026-09-02,707.0,0.11,0.16,0.16,348138,2480,0.9408,-0.1458,0.12732,-0.135,0.0044
2026-09-02 19:56:11,708.89,2026-09-02,708.0,0.33,0.34,0.39,482503,598,0.907,-0.3032,0.20162,-0.335,0.0067
2026-09-02 19:56:11,708.89,2026-09-02,709.0,0.76,0.78,0.8,258606,382,0.9366,-0.524,0.22259,-0.66,0.0076
2026-09-02 19:56:11,708.89,2026-09-02,710.0,1.35,1.39,1.4,81130,3204,0.8849,-0.7437,0.19047,-0.26,0.0061
2026-09-02 19:56:11,708.89,2026-09-02,711.0,2.15,2.28,2.19,19975,634,0.9365,-0.8803,0.11164,-0.105,0.0038
2026-09-02 19:56:11,708.89,2026-09-02,712.0,3.03,3.22,3.11,7327,885,0.8309,-0.9746,0.03726,-0.015,0.0011
2026-09-02 19:56:11,708.89,2026-09-02,713.0,4.01,4.2,4.059,3192,975,,,,,
2026-09-02 19:56:11,708.89,2026-09-02,714.0,5.08,5.19,5.06,1837,1793,1.3652,-0.9744,0.02283,-0.025,0.0011
2026-09-02 19:56:11,708.89,2026-09-02,715.0,6.05,6.28,6.16,1526,2890,1.8123,-0.9604,0.02471,-0.055,0.0016
2026-09-02 19:57:13,709.05,2026-09-02,703.0,0.01,0.04,0.02,56460,513,1.8567,-0.0222,0.01747,-0.025,0.0009
2026-09-02 19:57:13,709.05,2026-09-02,704.0,0.03,0.04,0.03,125905,1056,1.6872,-0.0325,0.02643,-0.035,0.0012
2026-09-02 19:57:13,709.05,2026-09-02,705.0,0.03,0.04,0.04,192866,2016,1.4068,-0.0381,0.03611,-0.035,0.0013
2026-09-02 19:57:13,709.05,2026-09-02,706.0,0.05,0.06,0.07,228413,1007,1.2285,-0.0632,0.06197,-0.055,0.002
2026-09-02 19:57:13,709.05,2026-09-02,707.0,0.12,0.13,0.13,348278,2480,1.1374,-0.1337,0.11637,-0.125,0.0035
2026-09-02 19:57:13,709.05,2026-09-02,708.0,0.32,0.33,0.33,483179,598,1.1294,-0.2835,0.18403,-0.325,0.0055
2026-09-02 19:57:13,709.05,2026-09-02,709.0,0.66,0.71,0.7,258784,382,1.092,-0.4883,0.22412,-0.685,0.0065
2026-09-02 19:57:13,709.05,2026-09-02,710.0,1.26,1.28,1.28,81161,3204,1.0672,-0.707,0.19781,-0.32,0.0056
2026-09-02 19:57:13,709.05,2026-09-02,711.0,2,2.14,2.31,19979,634,1.0823,-0.865,0.12314,-0.12,0.0035
2026-09-02 19:57:13,709.05,2026-09-02,712.0,2.96,3.08,3.11,7327,885,1.2608,-0.9239,0.0697,-0.07,0.0023
2026-09-02 19:57:13,709.05,2026-09-02,713.0,3.92,4.21,4.059,3193,975,1.7734,-0.9133,0.05467,-0.115,0.0026
2026-09-02 19:57:13,709.05,2026-09-02,714.0,4.96,5.05,5.06,1837,1793,1.7932,-0.9541,0.03295,-0.055,0.0016
2026-09-02 19:57:13,709.05,2026-09-02,715.0,5.93,6.07,6.16,1526,2890,2.0429,-0.9623,0.02468,-0.05,0.0013
2026-09-02 19:57:13,709.05,2026-09-02,716.0,6.97,7.07,7.51,335,956,2.4665,-0.9571,0.02269,-0.07,0.0015
2026-09-02 19:58:14,709.11,2026-09-02,703.0,0.03,0.04,0.03,56489,513,2.4822,-0.0282,0.02009,-0.035,0.0008
2026-09-02 19:58:14,709.11,2026-09-02,704.0,0.01,0.02,0.03,126001,1056,1.8686,-0.0171,0.01752,-0.015,0.0006
2026-09-02 19:58:14,709.11,2026-09-02,705.0,0.01,0.02,0.04,193038,2016,1.5514,-0.0202,0.02429,-0.015,0.0006
2026-09-02 19:58:14,709.11,2026-09-02,706.0,0.04,0.05,0.05,228614,1007,1.4999,-0.0545,0.05674,-0.045,0.0014
2026-09-02 19:58:14,709.11,2026-09-02,707.0,0.11,0.12,0.12,349362,2480,1.4199,-0.1255,0.112,-0.115,0.0027
2026-09-02 19:58:14,709.11,2026-09-02,708.0,0.25,0.31,0.31,484280,598,1.3518,-0.2629,0.18594,-0.28,0.0042
2026-09-02 19:58:14,709.11,2026-09-02,709.0,0.69,0.7,0.7,259509,382,1.4463,-0.4761,0.21216,-0.695,0.0052
2026-09-02 19:58:14,709.11,2026-09-02,710.0,1.21,1.27,1.27,81383,3204,1.3663,-0.6916,0.19852,-0.35,0.0046
2026-09-02 19:58:14,709.11,2026-09-02,711.0,2.02,2.07,2.06,20007,634,1.4468,-0.8423,0.12837,-0.155,0.0031
2026-09-02 19:58:14,709.11,2026-09-02,712.0,2.86,3.05,2.99,7336,885,1.531,-0.9265,0.07016,-0.065,0.0018
2026-09-02 19:58:14,709.11,2026-09-02,713.0,3.86,4.11,4.09,3193,975,2.0998,-0.9224,0.05329,-0.095,0.0019
2026-09-02 19:58:14,709.11,2026-09-02,714.0,4.93,4.97,5.06,1837,1793,2.2678,-0.9509,0.03453,-0.06,0.0013
2026-09-02 19:58:14,709.11,2026-09-02,715.0,5.82,6.17,6.16,1528,2890,2.9527,-0.9367,0.0324,-0.105,0.0016
2026-09-02 19:58:14,709.11,2026-09-02,716.0,6.76,6.98,7.51,335,956,,,,,
2026-09-02 19:59:15,709.25,2026-09-02,703.0,0.01,0.04,0.02,56802,513,3.1767,-0.0217,0.01667,-0.025,0.0005
2026-09-02 19:59:15,709.25,2026-09-02,704.0,0.03,0.04,0.03,126066,1056,2.8995,-0.0316,0.02503,-0.035,0.0007
2026-09-02 19:59:15,709.25,2026-09-02,705.0,0.03,0.04,0.04,193305,2016,2.4351,-0.0368,0.0338,-0.035,0.0008
2026-09-02 19:59:15,709.25,2026-09-02,706.0,0.01,0.05,0.05,228727,1007,1.8999,-0.04,0.04632,-0.03,0.0008
2026-09-02 19:59:15,709.25,2026-09-02,707.0,0.05,0.06,0.06,350079,2480,1.6154,-0.0772,0.09159,-0.055,0.0014
2026-09-02 19:59:15,709.25,2026-09-02,708.0,0.27,0.28,0.26,485221,598,1.8875,-0.2495,0.1719,-0.275,0.0031
2026-09-02 19:59:15,709.25,2026-09-02,709.0,0.64,0.66,0.62,260073,382,1.9638,-0.4487,0.20594,-0.65,0.0039
2026-09-02 19:59:15,709.25,2026-09-02,710.0,1.15,1.23,1.22,81457,3204,1.9286,-0.6549,0.1953,-0.435,0.0036
2026-09-02 19:59:15,709.25,2026-09-02,711.0,1.94,1.96,2.05,20044,634,1.9878,-0.8159,0.13683,-0.195,0.0026
2026-09-02 19:59:15,709.25,2026-09-02,712.0,2.7,2.84,3.01,7336,885,1.4639,-0.9725,0.04419,-0.015,0.0006
2026-09-02 19:59:15,709.25,2026-09-02,713.0,3.77,3.88,4.09,3193,975,2.5258,-0.935,0.05133,-0.07,0.0012
2026-09-02 19:59:15,709.25,2026-09-02,714.0,4.75,4.96,5.06,1837,1793,3.2847,-0.9296,0.04199,-0.1,0.0013
2026-09-02 19:59:15,709.25,2026-09-02,715.0,5.66,5.92,6.07,1528,2890,3.1077,-0.9702,0.02228,-0.035,0.0007
2026-09-02 19:59:15,709.25,2026-09-02,716.0,6.58,7.07,7.51,335,956,4.0139,-0.9563,0.02357,-0.07,0.0009
2026-09-02 20:00:16,709.32,2026-09-02,703.0,0.03,0.04,0.03,57708,513,3.3869,-0.0275,0.01913,-0.035,0.0006
2026-09-02 20:00:16,709.32,2026-09-02,704.0,0.03,0.04,0.01,127707,1056,2.9336,-0.0313,0.02453,-0.035,0.0007
2026-09-02 20:00:16,709.32,2026-09-02,705.0,0,0.01,0.01,194837,2016,2.0247,-0.0143,0.01835,-0.01,0.0004
2026-09-02 20:00:16,709.32,2026-09-02,706.0,0.01,0.04,0.04,230175,1007,1.8721,-0.0345,0.04171,-0.025,0.0007
2026-09-02 20:00:16,709.32,2026-09-02,707.0,0.07,0.08,0.07,353573,2480,1.789,-0.0919,0.09426,-0.075,0.0016
2026-09-02 20:00:16,709.32,2026-09-02,708.0,0.17,0.19,0.19,488964,598,1.6224,-0.2023,0.17757,-0.18,0.0028
2026-09-02 20:00:16,709.32,2026-09-02,709.0,0.57,0.59,0.51,261751,382,1.8678,-0.43,0.21494,-0.58,0.0038
2026-09-02 20:00:16,709.32,2026-09-02,710.0,1.03,1.12,1.02,81743,3204,1.7458,-0.6542,0.21589,-0.395,0.0036
2026-09-02 20:00:16,709.32,2026-09-02,711.0,1.81,1.97,1.79,20149,634,1.9908,-0.8051,0.14149,-0.21,0.0027
2026-09-02 20:00:16,709.32,2026-09-02,712.0,2.65,3.04,2.71,7374,885,2.4755,-0.8649,0.08968,-0.165,0.0021
2026-09-02 20:00:16,709.32,2026-09-02,713.0,3.62,4.05,3.78,3221,975,3.0351,-0.8914,0.06275,-0.155,0.0018
2026-09-02 20:00:16,709.32,2026-09-02,714.0,4.58,4.98,4.84,1846,1793,3.2447,-0.9288,0.04284,-0.1,0.0013
2026-09-02 20:00:16,709.32,2026-09-02,715.0,5.61,5.78,5.73,1534,2890,2.6943,-0.984,0.01519,-0.015,0.0004
2026-09-02 20:00:16,709.32,2026-09-02,716.0,6.32,7.14,6.82,349,956,3.737,-0.9653,0.02098,-0.05,0.0008
2026-09-02 20:01:17,709.32,2026-09-02,703.0,0.03,0.04,0.03,57740,513,3.3869,-0.0275,0.01913,-0.035,0.0006
2026-09-02 20:01:17,709.32,2026-09-02,704.0,0.03,0.04,0.03,127847,1056,2.9336,-0.0313,0.02453,-0.035,0.0007
2026-09-02 20:01:17,709.32,2026-09-02,705.0,0,0.01,0.01,195098,2016,2.0247,-0.0143,0.01835,-0.01,0.0004
2026-09-02 20:01:17,709.32,2026-09-02,706.0,0.01,0.04,0.02,230792,1007,1.8721,-0.0345,0.04171,-0.025,0.0007
2026-09-02 20:01:17,709.32,2026-09-02,707.0,0.07,0.08,0.04,354009,2480,1.789,-0.0919,0.09426,-0.075,0.0016
2026-09-02 20:01:17,709.32,2026-09-02,708.0,0.17,0.19,0.24,489413,598,1.6224,-0.2023,0.17757,-0.18,0.0028
2026-09-02 20:01:17,709.32,2026-09-02,709.0,0.57,0.59,0.59,262353,382,1.8678,-0.43,0.21494,-0.58,0.0038
2026-09-02 20:01:17,709.32,2026-09-02,710.0,1.03,1.12,1.09,81768,3204,1.7458,-0.6542,0.21589,-0.395,0.0036
2026-09-02 20:01:17,709.32,2026-09-02,711.0,1.81,1.97,1.97,20198,634,1.9908,-0.8051,0.14149,-0.21,0.0027
2026-09-02 20:01:17,709.32,2026-09-02,712.0,2.65,3.04,2.92,7374,885,2.4755,-0.8649,0.08968,-0.165,0.0021
2026-09-02 20:01:17,709.32,2026-09-02,713.0,3.62,4.05,3.8,3221,975,3.0351,-0.8914,0.06275,-0.155,0.0018
2026-09-02 20:01:17,709.32,2026-09-02,714.0,4.58,4.98,4.91,1849,1793,3.2447,-0.9288,0.04284,-0.1,0.0013
2026-09-02 20:01:17,709.32,2026-09-02,715.0,5.61,5.78,5.79,1539,2890,2.6943,-0.984,0.01519,-0.015,0.0004
2026-09-02 20:01:17,709.32,2026-09-02,716.0,6.32,7.14,6.75,349,956,3.737,-0.9653,0.02098,-0.05,0.0008
2026-09-02 20:02:20,709.33,2026-09-02,703.0,0.03,0.04,0.01,57796,513,3.3914,-0.0275,0.01908,-0.035,0.0006
2026-09-02 20:02:20,709.33,2026-09-02,704.0,0.03,0.04,0.01,127864,1056,2.9381,-0.0312,0.02446,-0.035,0.0007
2026-09-02 20:02:20,709.33,2026-09-02,705.0,0,0.01,0.01,195147,2016,2.0287,-0.0143,0.01828,-0.01,0.0004
2026-09-02 20:02:20,709.33,2026-09-02,706.0,0.01,0.04,0.02,230846,1007,1.8767,-0.0344,0.04153,-0.025,0.0007
2026-09-02 20:02:20,709.33,2026-09-02,707.0,0.07,0.08,0.08,354229,2480,1.7947,-0.0917,0.09377,-0.075,0.0016
2026-09-02 20:02:20,709.33,2026-09-02,708.0,0.17,0.19,0.23,489538,598,1.6298,-0.2016,0.1764,-0.18,0.0028
2026-09-02 20:02:20,709.33,2026-09-02,709.0,0.57,0.59,0.56,262460,382,1.879,-0.4282,0.21349,-0.58,0.0038
2026-09-02 20:02:20,709.33,2026-09-02,710.0,1.03,1.12,1.05,81861,3204,1.7639,-0.6505,0.2145,-0.405,0.0036
2026-09-02 20:02:20,709.33,2026-09-02,711.0,1.81,1.97,1.93,22272,634,2.0203,-0.8002,0.14154,-0.22,0.0027
2026-09-02 20:02:20,709.33,2026-09-02,712.0,2.65,3.04,2.92,7397,885,2.5156,-0.8602,0.09036,-0.175,0.0022
2026-09-02 20:02:20,709.33,2026-09-02,713.0,3.62,4.05,3.8,3231,975,3.0832,-0.8871,0.0635,-0.165,0.0019
2026-09-02 20:02:20,709.33,2026-09-02,714.0,4.58,4.98,4.91,1851,1793,3.3126,-0.9242,0.04403,-0.11,0.0014
2026-09-02 20:02:20,709.33,2026-09-02,715.0,5.61,5.78,5.79,1539,2890,2.9044,-0.9764,0.01956,-0.025,0.0005
2026-09-02 20:02:20,709.33,2026-09-02,716.0,6.32,7.14,6.75,349,956,3.8585,-0.9604,0.02262,-0.06,0.0008
2026-09-02 20:03:21,709.33,2026-09-02,703.0,0.03,0.04,0.01,57826,513,3.3914,-0.0275,0.01908,-0.035,0.0006
2026-09-02 20:03:21,709.33,2026-09-02,704.0,0.03,0.04,0.03,127977,1056,2.9381,-0.0312,0.02446,-0.035,0.0007
2026-09-02 20:03:21,709.33,2026-09-02,705.0,0,0.01,0.03,195226,2016,2.4076,-0.0325,0.03085,-0.03,0.0007
2026-09-02 20:03:21,709.33,2026-09-02,706.0,0.01,0.04,0.04,230968,1007,1.8767,-0.0344,0.04153,-0.025,0.0007
2026-09-02 20:03:21,709.33,2026-09-02,707.0,0.07,0.08,0.07,354529,2480,1.7947,-0.0917,0.09377,-0.075,0.0016
2026-09-02 20:03:21,709.33,2026-09-02,708.0,0.17,0.19,0.22,489899,598,1.6298,-0.2016,0.1764,-0.18,0.0028
2026-09-02 20:03:21,709.33,2026-09-02,709.0,0.57,0.59,0.51,262512,382,1.879,-0.4282,0.21349,-0.58,0.0038
2026-09-02 20:03:21,709.33,2026-09-02,710.0,1.03,1.12,1.07,81886,3204,1.7639,-0.6505,0.2145,-0.405,0.0036
2026-09-02 20:03:21,709.33,2026-09-02,711.0,1.81,1.97,1.93,22279,634,2.0203,-0.8002,0.14154,-0.22,0.0027
2026-09-02 20:03:21,709.33,2026-09-02,712.0,2.65,3.04,2.92,7417,885,2.5156,-0.8602,0.09036,-0.175,0.0022
2026-09-02 20:03:21,709.33,2026-09-02,713.0,3.62,4.05,3.92,3234,975,3.0832,-0.8871,0.0635,-0.165,0.0019
2026-09-02 20:03:21,709.33,2026-09-02,714.0,4.58,4.98,4.85,1851,1793,3.3126,-0.9242,0.04403,-0.11,0.0014
2026-09-02 20:03:21,709.33,2026-09-02,715.0,5.61,5.78,5.79,1539,2890,2.9044,-0.9764,0.01956,-0.025,0.0005
2026-09-02 20:03:21,709.33,2026-09-02,716.0,6.32,7.14,6.75,355,956,3.8585,-0.9604,0.02262,-0.06,0.0008
2026-09-02 20:04:22,709.36,2026-09-02,703.0,0.03,0.04,0.02,57852,513,3.4047,-0.0274,0.01895,-0.035,0.0006
2026-09-02 20:04:22,709.36,2026-09-02,704.0,0.03,0.04,0.03,128001,1056,2.9517,-0.0311,0.02427,-0.035,0.0007
2026-09-02 20:04:22,709.36,2026-09-02,705.0,0,0.01,0.01,195566,2016,2.0407,-0.0142,0.01809,-0.01,0.0004
2026-09-02 20:04:22,709.36,2026-09-02,706.0,0.01,0.04,0.04,231905,1007,1.8906,-0.0342,0.04101,-0.025,0.0007
2026-09-02 20:04:22,709.36,2026-09-02,707.0,0.07,0.08,0.08,354932,2480,1.8118,-0.091,0.09234,-0.075,0.0016
2026-09-02 20:04:22,709.36,2026-09-02,708.0,0.17,0.19,0.2,490189,598,1.6517,-0.1995,0.17296,-0.18,0.0027
2026-09-02 20:04:22,709.36,2026-09-02,709.0,0.57,0.59,0.52,262799,382,1.9122,-0.4232,0.20925,-0.58,0.0038
2026-09-02 20:04:22,709.36,2026-09-02,710.0,1.03,1.12,1.06,81947,3204,1.817,-0.64,0.21042,-0.435,0.0037
2026-09-02 20:04:22,709.36,2026-09-02,711.0,1.81,1.97,1.96,22305,634,2.1055,-0.7863,0.14133,-0.25,0.0028
2026-09-02 20:04:22,709.36,2026-09-02,712.0,2.65,3.04,2.82,7420,885,2.6295,-0.8467,0.09195,-0.205,0.0023
2026-09-02 20:04:22,709.36,2026-09-02,713.0,3.62,4.05,3.91,3234,975,3.2191,-0.875,0.06535,-0.195,0.002
2026-09-02 20:04:22,709.36,2026-09-02,714.0,4.58,4.98,4.81,1852,1793,3.498,-0.9113,0.04693,-0.14,0.0016
2026-09-02 20:04:22,709.36,2026-09-02,715.0,5.61,5.78,5.79,1542,2890,3.3148,-0.9582,0.02756,-0.055,0.0009
2026-09-02 20:04:22,709.36,2026-09-02,716.0,6.32,7.14,6.85,355,956,4.1619,-0.9474,0.02637,-0.09,0.0011
2026-09-02 20:05:23,709.36,2026-09-02,703.0,0.03,0.04,0.01,57895,513,3.4047,-0.0274,0.01895,-0.035,0.0006
2026-09-02 20:05:23,709.36,2026-09-02,704.0,0.03,0.04,0.03,128117,1056,2.9517,-0.0311,0.02427,-0.035,0.0007
2026-09-02 20:05:23,709.36,2026-09-02,705.0,0,0.01,0.03,195773,2016,2.4213,-0.0323,0.03055,-0.03,0.0007
2026-09-02 20:05:23,709.36,2026-09-02,706.0,0.01,0.04,0.04,232401,1007,1.8906,-0.0342,0.04101,-0.025,0.0007
2026-09-02 20:05:23,709.36,2026-09-02,707.0,0.07,0.08,0.03,355846,2480,1.8118,-0.091,0.09234,-0.075,0.0016
2026-09-02 20:05:23,709.36,2026-09-02,708.0,0.17,0.19,0.15,493997,598,1.6517,-0.1995,0.17296,-0.18,0.0027
2026-09-02 20:05:23,709.36,2026-09-02,709.0,0.57,0.59,0.49,263280,382,1.9122,-0.4232,0.20925,-0.58,0.0038
2026-09-02 20:05:23,709.36,2026-09-02,710.0,1.03,1.12,1.04,82337,3204,1.817,-0.64,0.21042,-0.435,0.0037
2026-09-02 20:05:23,709.36,2026-09-02,711.0,1.81,1.97,1.76,22338,634,2.1055,-0.7863,0.14133,-0.25,0.0028
2026-09-02 20:05:23,709.36,2026-09-02,712.0,2.65,3.04,2.75,7421,885,2.6295,-0.8467,0.09195,-0.205,0.0023
2026-09-02 20:05:23,709.36,2026-09-02,713.0,3.62,4.05,3.91,3234,975,3.2191,-0.875,0.06535,-0.195,0.002
2026-09-02 20:05:23,709.36,2026-09-02,714.0,4.58,4.98,4.81,1852,1793,3.498,-0.9113,0.04693,-0.14,0.0016
2026-09-02 20:05:23,709.36,2026-09-02,715.0,5.61,5.78,5.88,1542,2890,3.3148,-0.9582,0.02756,-0.055,0.0009
2026-09-02 20:05:23,709.36,2026-09-02,716.0,6.32,7.14,6.85,355,956,4.1619,-0.9474,0.02637,-0.09,0.0011
2026-09-02 20:06:24,709.36,2026-09-02,703.0,0.03,0.04,0.02,58101,513,3.4047,-0.0274,0.01895,-0.035,0.0006
2026-09-02 20:06:24,709.36,2026-09-02,704.0,0.03,0.04,0.03,128136,1056,2.9517,-0.0311,0.02427,-0.035,0.0007
2026-09-02 20:06:24,709.36,2026-09-02,705.0,0,0.01,0.03,195813,2016,2.4213,-0.0323,0.03055,-0.03,0.0007
2026-09-02 20:06:24,709.36,2026-09-02,706.0,0.01,0.04,0.04,232438,1007,1.8906,-0.0342,0.04101,-0.025,0.0007
2026-09-02 20:06:24,709.36,2026-09-02,707.0,0.07,0.08,0.07,356078,2480,1.8118,-0.091,0.09234,-0.075,0.0016
2026-09-02 20:06:24,709.36,2026-09-02,708.0,0.17,0.19,0.16,494689,598,1.6517,-0.1995,0.17296,-0.18,0.0027
2026-09-02 20:06:24,709.36,2026-09-02,709.0,0.57,0.59,0.37,263473,382,1.9122,-0.4232,0.20925,-0.58,0.0038
2026-09-02 20:06:24,709.36,2026-09-02,710.0,1.03,1.12,0.88,82417,3204,1.817,-0.64,0.21042,-0.435,0.0037
2026-09-02 20:06:24,709.36,2026-09-02,711.0,1.81,1.97,1.58,22346,634,2.1055,-0.7863,0.14133,-0.25,0.0028
2026-09-02 20:06:24,709.36,2026-09-02,712.0,2.65,3.04,2.52,7425,885,2.6295,-0.8467,0.09195,-0.205,0.0023
2026-09-02 20:06:24,709.36,2026-09-02,713.0,3.62,4.05,3.91,3234,975,3.2191,-0.875,0.06535,-0.195,0.002
2026-09-02 20:06:24,709.36,2026-09-02,714.0,4.58,4.98,4.81,1852,1793,3.498,-0.9113,0.04693,-0.14,0.0016
2026-09-02 20:06:24,709.36,2026-09-02,715.0,5.61,5.78,5.88,1542,2890,3.3148,-0.9582,0.02756,-0.055,0.0009
2026-09-02 20:06:24,709.36,2026-09-02,716.0,6.32,7.14,6.41,357,956,4.1619,-0.9474,0.02637,-0.09,0.0011
2026-09-02 20:07:27,709.69,2026-09-02,703.0,0.03,0.04,0.01,58165,513,3.5507,-0.0264,0.01761,-0.035,0.0006
2026-09-02 20:07:27,709.69,2026-09-02,704.0,0.03,0.04,0.02,128243,1056,3.1008,-0.0298,0.02227,-0.035,0.0007
2026-09-02 20:07:27,709.69,2026-09-02,705.0,0,0.01,0.01,195839,2016,2.1728,-0.0134,0.01617,-0.01,0.0003
2026-09-02 20:07:27,709.69,2026-09-02,706.0,0.01,0.04,0.01,232505,1007,2.0418,-0.032,0.03589,-0.025,0.0007
2026-09-02 20:07:27,709.69,2026-09-02,707.0,0.07,0.08,0.02,356609,2480,1.9972,-0.0838,0.07875,-0.075,0.0015
2026-09-02 20:07:27,709.69,2026-09-02,708.0,0.17,0.19,0.15,495165,598,1.8873,-0.1795,0.14179,-0.18,0.0026
2026-09-02 20:07:27,709.69,2026-09-02,709.0,0.57,0.59,0.37,264793,382,2.2607,-0.3769,0.17163,-0.58,0.0037
2026-09-02 20:07:27,709.69,2026-09-02,710.0,1.03,1.12,0.87,82523,3204,2.3339,-0.5533,0.17305,-0.765,0.0039
2026-09-02 20:07:27,709.69,2026-09-02,711.0,1.81,1.97,1.61,22410,634,2.8518,-0.6797,0.12815,-0.58,0.0035
2026-09-02 20:07:27,709.69,2026-09-02,712.0,2.65,3.04,2.41,7430,885,3.5703,-0.7445,0.09196,-0.535,0.0031
2026-09-02 20:07:27,709.69,2026-09-02,713.0,3.62,4.05,3.91,3234,975,4.3136,-0.782,0.06975,-0.525,0.0029
2026-09-02 20:07:27,709.69,2026-09-02,714.0,4.58,4.98,4.42,1853,1793,4.8354,-0.8171,0.05599,-0.47,0.0026
2026-09-02 20:07:27,709.69,2026-09-02,715.0,5.61,5.78,5.88,1582,2890,,,,,
2026-09-02 20:07:27,709.69,2026-09-02,716.0,6.32,7.14,6.41,357,956,,,,,
2026-09-02 20:08:28,709.69,2026-09-02,703.0,0.03,0.04,0.01,58178,513,3.5507,-0.0264,0.01761,-0.035,0.0006
2026-09-02 20:08:28,709.69,2026-09-02,704.0,0.03,0.04,0.01,128269,1056,3.1008,-0.0298,0.02227,-0.035,0.0007
2026-09-02 20:08:28,709.69,2026-09-02,705.0,0,0.01,0.02,195857,2016,2.4052,-0.0227,0.02292,-0.02,0.0005
2026-09-02 20:08:28,709.69,2026-09-02,706.0,0.01,0.04,0.03,232573,1007,2.0418,-0.032,0.03589,-0.025,0.0007
2026-09-02 20:08:28,709.69,2026-09-02,707.0,0.07,0.08,0.02,356884,2480,1.9972,-0.0838,0.07875,-0.075,0.0015
2026-09-02 20:08:28,709.69,2026-09-02,708.0,0.17,0.19,0.17,495788,598,1.8873,-0.1795,0.14179,-0.18,0.0026
2026-09-02 20:08:28,709.69,2026-09-02,709.0,0.57,0.59,0.42,264943,382,2.2607,-0.3769,0.17163,-0.58,0.0037
2026-09-02 20:08:28,709.69,2026-09-02,710.0,1.03,1.12,0.85,82556,3204,2.3339,-0.5533,0.17305,-0.765,0.0039
2026-09-02 20:08:28,709.69,2026-09-02,711.0,1.81,1.97,1.57,22410,634,2.8518,-0.6797,0.12815,-0.58,0.0035
2026-09-02 20:08:28,709.69,2026-09-02,712.0,2.65,3.04,2.49,7431,885,3.5703,-0.7445,0.09196,-0.535,0.0031
2026-09-02 20:08:28,709.69,2026-09-02,713.0,3.62,4.05,3.91,3234,975,4.3136,-0.782,0.06975,-0.525,0.0029
2026-09-02 20:08:28,709.69,2026-09-02,714.0,4.58,4.98,4.52,1854,1793,4.8354,-0.8171,0.05599,-0.47,0.0026
2026-09-02 20:08:28,709.69,2026-09-02,715.0,5.61,5.78,5.68,1592,2890,,,,,
2026-09-02 20:08:28,709.69,2026-09-02,716.0,6.32,7.14,6.33,360,956,,,,,
2026-09-02 20:09:29,709.69,2026-09-02,703.0,0.03,0.04,0.01,58430,513,3.5507,-0.0264,0.01761,-0.035,0.0006
2026-09-02 20:09:29,709.69,2026-09-02,704.0,0.03,0.04,0.01,128404,1056,3.1008,-0.0298,0.02227,-0.035,0.0007
2026-09-02 20:09:29,709.69,2026-09-02,705.0,0,0.01,0.01,196027,2016,2.1728,-0.0134,0.01617,-0.01,0.0003
2026-09-02 20:09:29,709.69,2026-09-02,706.0,0.01,0.04,0.01,232927,1007,2.0418,-0.032,0.03589,-0.025,0.0007
2026-09-02 20:09:29,709.69,2026-09-02,707.0,0.07,0.08,0.04,357399,2480,1.9972,-0.0838,0.07875,-0.075,0.0015
2026-09-02 20:09:29,709.69,2026-09-02,708.0,0.17,0.19,0.2,496285,598,1.8873,-0.1795,0.14179,-0.18,0.0026
2026-09-02 20:09:29,709.69,2026-09-02,709.0,0.57,0.59,0.48,265599,382,2.2607,-0.3769,0.17163,-0.58,0.0037
2026-09-02 20:09:29,709.69,2026-09-02,710.0,1.03,1.12,0.95,82722,3204,2.3339,-0.5533,0.17305,-0.765,0.0039
2026-09-02 20:09:29,709.69,2026-09-02,711.0,1.81,1.97,1.7,22416,634,2.8518,-0.6797,0.12815,-0.58,0.0035
2026-09-02 20:09:29,709.69,2026-09-02,712.0,2.65,3.04,2.49,7434,885,3.5703,-0.7445,0.09196,-0.535,0.0031
2026-09-02 20:09:29,709.69,2026-09-02,713.0,3.62,4.05,3.91,3236,975,4.3136,-0.782,0.06975,-0.525,0.0029
2026-09-02 20:09:29,709.69,2026-09-02,714.0,4.58,4.98,4.52,1855,1793,4.8354,-0.8171,0.05599,-0.47,0.0026
2026-09-02 20:09:29,709.69,2026-09-02,715.0,5.61,5.78,5.68,1592,2890,,,,,
2026-09-02 20:09:29,709.69,2026-09-02,716.0,6.32,7.14,6.33,360,956,,,,,
2026-09-02 20:10:30,709.48,2026-09-02,703.0,0.03,0.04,0.02,58460,513,3.4579,-0.027,0.01844,-0.035,0.0006
2026-09-02 20:10:30,709.48,2026-09-02,704.0,0.03,0.04,0.01,128463,1056,3.0061,-0.0306,0.02351,-0.035,0.0007
2026-09-02 20:10:30,709.48,2026-09-02,705.0,0,0.01,0.01,196088,2016,2.0889,-0.0139,0.01735,-0.01,0.0003
2026-09-02 20:10:30,709.48,2026-09-02,706.0,0.01,0.04,0.04,233001,1007,1.9458,-0.0334,0.03902,-0.025,0.0007
2026-09-02 20:10:30,709.48,2026-09-02,707.0,0.07,0.08,0.09,357721,2480,1.8797,-0.0882,0.08697,-0.075,0.0016
2026-09-02 20:10:30,709.48,2026-09-02,708.0,0.17,0.19,0.22,496621,598,1.7385,-0.1916,0.16032,-0.18,0.0027
2026-09-02 20:10:30,709.48,2026-09-02,709.0,0.57,0.59,0.51,266189,382,2.0425,-0.4045,0.19385,-0.58,0.0038
2026-09-02 20:10:30,709.48,2026-09-02,710.0,1.03,1.12,1,82912,3204,2.0173,-0.6033,0.19527,-0.555,0.0038
2026-09-02 20:10:30,709.48,2026-09-02,711.0,1.81,1.97,1.79,22469,634,2.4082,-0.7398,0.1377,-0.37,0.0032
2026-09-02 20:10:30,709.48,2026-09-02,712.0,2.65,3.04,2.56,7463,885,3.0205,-0.802,0.09413,-0.325,0.0027
2026-09-02 20:10:30,709.48,2026-09-02,713.0,3.62,4.05,3.68,3236,975,3.6786,-0.8347,0.06904,-0.315,0.0024
2026-09-02 20:10:30,709.48,2026-09-02,714.0,4.58,4.98,4.62,1856,1793,4.0815,-0.8698,0.05303,-0.26,0.0021
2026-09-02 20:10:30,709.48,2026-09-02,715.0,5.61,5.78,5.68,1592,2890,4.2112,-0.9085,0.0399,-0.175,0.0016
2026-09-02 20:10:30,709.48,2026-09-02,716.0,6.32,7.14,6.33,360,956,4.991,-0.9075,0.03394,-0.21,0.0016
2026-09-02 20:11:31,709.48,2026-09-02,703.0,0.03,0.04,0.01,58475,513,3.4579,-0.027,0.01844,-0.035,0.0006
2026-09-02 20:11:31,709.48,2026-09-02,704.0,0.03,0.04,0.01,128499,1056,3.0061,-0.0306,0.02351,-0.035,0.0007
2026-09-02 20:11:31,709.48,2026-09-02,705.0,0,0.01,0.01,196100,2016,2.0889,-0.0139,0.01735,-0.01,0.0003
2026-09-02 20:11:31,709.48,2026-09-02,706.0,0.01,0.04,0.02,233023,1007,1.9458,-0.0334,0.03902,-0.025,0.0007
2026-09-02 20:11:31,709.48,2026-09-02,707.0,0.07,0.08,0.09,357870,2480,1.8797,-0.0882,0.08697,-0.075,0.0016
2026-09-02 20:11:31,709.48,2026-09-02,708.0,0.17,0.19,0.22,497022,598,1.7385,-0.1916,0.16032,-0.18,0.0027
2026-09-02 20:11:31,709.48,2026-09-02,709.0,0.57,0.59,0.52,266386,382,2.0425,-0.4045,0.19385,-0.58,0.0038
2026-09-02 20:11:31,709.48,2026-09-02,710.0,1.03,1.12,1.09,83158,3204,2.0173,-0.6033,0.19527,-0.555,0.0038
2026-09-02 20:11:31,709.48,2026-09-02,711.0,1.81,1.97,1.82,22484,634,2.4082,-0.7398,0.1377,-0.37,0.0032
2026-09-02 20:11:31,709.48,2026-09-02,712.0,2.65,3.04,2.7,7466,885,3.0205,-0.802,0.09413,-0.325,0.0027
2026-09-02 20:11:31,709.48,2026-09-02,713.0,3.62,4.05,3.68,3236,975,3.6786,-0.8347,0.06904,-0.315,0.0024
2026-09-02 20:11:31,709.48,2026-09-02,714.0,4.58,4.98,4.62,1856,1793,4.0815,-0.8698,0.05303,-0.26,0.0021
2026-09-02 20:11:31,709.48,2026-09-02,715.0,5.61,5.78,5.64,1595,2890,4.2112,-0.9085,0.0399,-0.175,0.0016
2026-09-02 20:11:31,709.48,2026-09-02,716.0,6.32,7.14,6.33,360,956,4.991,-0.9075,0.03394,-0.21,0.0016
2026-09-02 20:12:34,709.48,2026-09-02,703.0,0.03,0.04,0.02,58503,513,3.4579,-0.027,0.01844,-0.035,0.0006
2026-09-02 20:12:34,709.48,2026-09-02,704.0,0.03,0.04,0.01,128572,1056,3.0061,-0.0306,0.02351,-0.035,0.0007
2026-09-02 20:12:34,709.48,2026-09-02,705.0,0,0.01,0.01,196424,2016,2.0889,-0.0139,0.01735,-0.01,0.0003
2026-09-02 20:12:34,709.48,2026-09-02,706.0,0.01,0.04,0.04,233326,1007,1.9458,-0.0334,0.03902,-0.025,0.0007
2026-09-02 20:12:34,709.48,2026-09-02,707.0,0.07,0.08,0.09,359788,2480,1.8797,-0.0882,0.08697,-0.075,0.0016
2026-09-02 20:12:34,709.48,2026-09-02,708.0,0.17,0.19,0.21,497576,598,1.7385,-0.1916,0.16032,-0.18,0.0027
2026-09-02 20:12:34,709.48,2026-09-02,709.0,0.57,0.59,0.49,266761,382,2.0425,-0.4045,0.19385,-0.58,0.0038
2026-09-02 20:12:34,709.48,2026-09-02,710.0,1.03,1.12,1.09,83337,3204,2.0173,-0.6033,0.19527,-0.555,0.0038
2026-09-02 20:12:34,709.48,2026-09-02,711.0,1.81,1.97,1.93,22532,634,2.4082,-0.7398,0.1377,-0.37,0.0032
2026-09-02 20:12:34,709.48,2026-09-02,712.0,2.65,3.04,2.66,7471,885,3.0205,-0.802,0.09413,-0.325,0.0027
2026-09-02 20:12:34,709.48,2026-09-02,713.0,3.62,4.05,3.68,3236,975,3.6786,-0.8347,0.06904,-0.315,0.0024
2026-09-02 20:12:34,709.48,2026-09-02,714.0,4.58,4.98,4.62,1856,1793,4.0815,-0.8698,0.05303,-0.26,0.0021
2026-09-02 20:12:34,709.48,2026-09-02,715.0,5.61,5.78,5.64,1595,2890,4.2112,-0.9085,0.0399,-0.175,0.0016
2026-09-02 20:12:34,709.48,2026-09-02,716.0,6.32,7.14,6.33,360,956,4.991,-0.9075,0.03394,-0.21,0.0016
2026-09-02 20:13:35,709.48,2026-09-02,703.0,0.03,0.04,0.01,58531,513,3.4579,-0.027,0.01844,-0.035,0.0006
2026-09-02 20:13:35,709.48,2026-09-02,704.0,0.03,0.04,0.01,128593,1056,3.0061,-0.0306,0.02351,-0.035,0.0007
2026-09-02 20:13:35,709.48,2026-09-02,705.0,0,0.01,0.01,197134,2016,2.0889,-0.0139,0.01735,-0.01,0.0003
2026-09-02 20:13:35,709.48,2026-09-02,706.0,0.01,0.04,0.03,236731,1007,1.9458,-0.0334,0.03902,-0.025,0.0007
2026-09-02 20:13:35,709.48,2026-09-02,707.0,0.07,0.08,0.09,360192,2480,1.8797,-0.0882,0.08697,-0.075,0.0016
2026-09-02 20:13:35,709.48,2026-09-02,708.0,0.17,0.19,0.24,498008,598,1.7385,-0.1916,0.16032,-0.18,0.0027
2026-09-02 20:13:35,709.48,2026-09-02,709.0,0.57,0.59,0.49,267208,382,2.0425,-0.4045,0.19385,-0.58,0.0038
2026-09-02 20:13:35,709.48,2026-09-02,710.0,1.03,1.12,1.07,83416,3204,2.0173,-0.6033,0.19527,-0.555,0.0038
2026-09-02 20:13:35,709.48,2026-09-02,711.0,1.81,1.97,1.87,22532,634,2.4082,-0.7398,0.1377,-0.37,0.0032
2026-09-02 20:13:35,709.48,2026-09-02,712.0,2.65,3.04,2.61,7474,885,3.0205,-0.802,0.09413,-0.325,0.0027
2026-09-02 20:13:35,709.48,2026-09-02,713.0,3.62,4.05,3.68,3286,975,3.6786,-0.8347,0.06904,-0.315,0.0024
2026-09-02 20:13:35,709.48,2026-09-02,714.0,4.58,4.98,4.62,1856,1793,4.0815,-0.8698,0.05303,-0.26,0.0021
2026-09-02 20:13:35,709.48,2026-09-02,715.0,5.61,5.78,5.64,1595,2890,4.2112,-0.9085,0.0399,-0.175,0.0016
2026-09-02 20:13:35,709.48,2026-09-02,716.0,6.32,7.14,6.33,360,956,4.991,-0.9075,0.03394,-0.21,0.0016
2026-09-02 20:14:35,709.48,2026-09-02,703.0,0.03,0.04,0.01,58740,513,3.4579,-0.027,0.01844,-0.035,0.0006
2026-09-02 20:14:35,709.48,2026-09-02,704.0,0.03,0.04,0.01,128629,1056,3.0061,-0.0306,0.02351,-0.035,0.0007
2026-09-02 20:14:35,709.48,2026-09-02,705.0,0,0.01,0.01,197527,2016,2.0889,-0.0139,0.01735,-0.01,0.0003
2026-09-02 20:14:35,709.48,2026-09-02,706.0,0.01,0.04,0.02,237050,1007,1.9458,-0.0334,0.03902,-0.025,0.0007
2026-09-02 20:14:35,709.48,2026-09-02,707.0,0.07,0.08,0.05,361111,2480,1.8797,-0.0882,0.08697,-0.075,0.0016
2026-09-02 20:14:35,709.48,2026-09-02,708.0,0.17,0.19,0.23,499366,598,1.7385,-0.1916,0.16032,-0.18,0.0027
2026-09-02 20:14:35,709.48,2026-09-02,709.0,0.57,0.59,0.54,267998,382,2.0425,-0.4045,0.19385,-0.58,0.0038
2026-09-02 20:14:35,709.48,2026-09-02,710.0,1.03,1.12,1.07,83603,3204,2.0173,-0.6033,0.19527,-0.555,0.0038
2026-09-02 20:14:35,709.48,2026-09-02,711.0,1.81,1.97,1.9,22553,634,2.4082,-0.7398,0.1377,-0.37,0.0032
2026-09-02 20:14:35,709.48,2026-09-02,712.0,2.65,3.04,2.7,7495,885,3.0205,-0.802,0.09413,-0.325,0.0027
2026-09-02 20:14:35,709.48,2026-09-02,713.0,3.62,4.05,3.75,3286,975,3.6786,-0.8347,0.06904,-0.315,0.0024
2026-09-02 20:14:35,709.48,2026-09-02,714.0,4.58,4.98,4.62,1857,1793,4.0815,-0.8698,0.05303,-0.26,0.0021
2026-09-02 20:14:35,709.48,2026-09-02,715.0,5.61,5.78,5.66,1622,2890,4.2112,-0.9085,0.0399,-0.175,0.0016
2026-09-02 20:14:35,709.48,2026-09-02,716.0,6.32,7.14,6.33,360,956,4.991,-0.9075,0.03394,-0.21,0.0016
2026-09-02 20:15:36,709.48,2026-09-02,703.0,0.03,0.04,0.01,58805,513,3.4579,-0.027,0.01844,-0.035,0.0006
2026-09-02 20:15:36,709.48,2026-09-02,704.0,0.03,0.04,0.01,128689,1056,3.0061,-0.0306,0.02351,-0.035,0.0007
2026-09-02 20:15:36,709.48,2026-09-02,705.0,0,0.01,0.01,197667,2016,2.0889,-0.0139,0.01735,-0.01,0.0003
2026-09-02 20:15:36,709.48,2026-09-02,706.0,0.01,0.04,0.03,237374,1007,1.9458,-0.0334,0.03902,-0.025,0.0007
2026-09-02 20:15:36,709.48,2026-09-02,707.0,0.07,0.08,0.06,361632,2480,1.8797,-0.0882,0.08697,-0.075,0.0016
2026-09-02 20:15:36,709.48,2026-09-02,708.0,0.17,0.19,0.23,500439,598,1.7385,-0.1916,0.16032,-0.18,0.0027
2026-09-02 20:15:36,709.48,2026-09-02,709.0,0.57,0.59,0.49,268544,382,2.0425,-0.4045,0.19385,-0.58,0.0038
2026-09-02 20:15:36,709.48,2026-09-02,710.0,1.03,1.12,1.02,84047,3204,2.0173,-0.6033,0.19527,-0.555,0.0038
2026-09-02 20:15:36,709.48,2026-09-02,711.0,1.81,1.97,1.95,22554,634,2.4082,-0.7398,0.1377,-0.37,0.0032
2026-09-02 20:15:36,709.48,2026-09-02,712.0,2.65,3.04,2.68,7539,885,3.0205,-0.802,0.09413,-0.325,0.0027
2026-09-02 20:15:36,709.48,2026-09-02,713.0,3.62,4.05,3.67,3287,975,3.6786,-0.8347,0.06904,-0.315,0.0024
2026-09-02 20:15:36,709.48,2026-09-02,714.0,4.58,4.98,4.74,1857,1793,4.0815,-0.8698,0.05303,-0.26,0.0021
2026-09-02 20:15:36,709.48,2026-09-02,715.0,5.61,5.78,5.64,1624,2890,4.2112,-0.9085,0.0399,-0.175,0.0016
2026-09-02 20:15:36,709.48,2026-09-02,716.0,6.32,7.14,6.33,360,956,4.991,-0.9075,0.03394,-0.21,0.0016
2026-09-02 20:16:37,709.48,2026-09-02,703.0,0.03,0.04,0.01,58892,513,3.4579,-0.027,0.01844,-0.035,0.0006
2026-09-02 20:16:37,709.48,2026-09-02,704.0,0.03,0.04,0.01,128842,1056,3.0061,-0.0306,0.02351,-0.035,0.0007
2026-09-02 20:16:37,709.48,2026-09-02,705.0,0,0.01,0.01,197670,2016,2.0889,-0.0139,0.01735,-0.01,0.0003
2026-09-02 20:16:37,709.48,2026-09-02,706.0,0.01,0.04,0.03,237417,1007,1.9458,-0.0334,0.03902,-0.025,0.0007
2026-09-02 20:16:37,709.48,2026-09-02,707.0,0.07,0.08,0.05,361721,2480,1.8797,-0.0882,0.08697,-0.075,0.0016
2026-09-02 20:16:37,709.48,2026-09-02,708.0,0.17,0.19,0.23,500841,598,1.7385,-0.1916,0.16032,-0.18,0.0027
2026-09-02 20:16:37,709.48,2026-09-02,709.0,0.57,0.59,0.52,268708,382,2.0425,-0.4045,0.19385,-0.58,0.0038
2026-09-02 20:16:37,709.48,2026-09-02,710.0,1.03,1.12,1.05,84143,3204,2.0173,-0.6033,0.19527,-0.555,0.0038
2026-09-02 20:16:37,709.48,2026-09-02,711.0,1.81,1.97,1.8,22554,634,2.4082,-0.7398,0.1377,-0.37,0.0032
2026-09-02 20:16:37,709.48,2026-09-02,712.0,2.65,3.04,2.68,7539,885,3.0205,-0.802,0.09413,-0.325,0.0027
2026-09-02 20:16:37,709.48,2026-09-02,713.0,3.62,4.05,3.67,3287,975,3.6786,-0.8347,0.06904,-0.315,0.0024
2026-09-02 20:16:37,709.48,2026-09-02,714.0,4.58,4.98,4.74,1857,1793,4.0815,-0.8698,0.05303,-0.26,0.0021
2026-09-02 20:16:37,709.48,2026-09-02,715.0,5.61,5.78,5.64,1624,2890,4.2112,-0.9085,0.0399,-0.175,0.0016
2026-09-02 20:16:37,709.48,2026-09-02,716.0,6.32,7.14,6.33,360,956,4.991,-0.9075,0.03394,-0.21,0.0016
2026-09-02 20:17:40,709.48,2026-09-02,703.0,0.03,0.04,0.01,58930,513,3.4579,-0.027,0.01844,-0.035,0.0006
2026-09-02 20:17:40,709.48,2026-09-02,704.0,0.03,0.04,0.01,128927,1056,3.0061,-0.0306,0.02351,-0.035,0.0007
2026-09-02 20:17:40,709.48,2026-09-02,705.0,0,0.01,0.01,197676,2016,2.0889,-0.0139,0.01735,-0.01,0.0003
2026-09-02 20:17:40,709.48,2026-09-02,706.0,0.01,0.04,0.03,237470,1007,1.9458,-0.0334,0.03902,-0.025,0.0007
2026-09-02 20:17:40,709.48,2026-09-02,707.0,0.07,0.08,0.05,361796,2480,1.8797,-0.0882,0.08697,-0.075,0.0016
2026-09-02 20:17:40,709.48,2026-09-02,708.0,0.17,0.19,0.23,501324,598,1.7385,-0.1916,0.16032,-0.18,0.0027
2026-09-02 20:17:40,709.48,2026-09-02,709.0,0.57,0.59,0.53,269114,382,2.0425,-0.4045,0.19385,-0.58,0.0038
2026-09-02 20:17:40,709.48,2026-09-02,710.0,1.03,1.12,1.04,84356,3204,2.0173,-0.6033,0.19527,-0.555,0.0038
2026-09-02 20:17:40,709.48,2026-09-02,711.0,1.81,1.97,1.82,22556,634,2.4082,-0.7398,0.1377,-0.37,0.0032
2026-09-02 20:17:40,709.48,2026-09-02,712.0,2.65,3.04,2.83,7545,885,3.0205,-0.802,0.09413,-0.325,0.0027
2026-09-02 20:17:40,709.48,2026-09-02,713.0,3.62,4.05,3.75,3292,975,3.6786,-0.8347,0.06904,-0.315,0.0024
2026-09-02 20:17:40,709.48,2026-09-02,714.0,4.58,4.98,4.74,1857,1793,4.0815,-0.8698,0.05303,-0.26,0.0021
2026-09-02 20:17:40,709.48,2026-09-02,715.0,5.61,5.78,5.64,1624,2890,4.2112,-0.9085,0.0399,-0.175,0.0016
2026-09-02 20:17:40,709.48,2026-09-02,716.0,6.32,7.14,6.33,360,956,4.991,-0.9075,0.03394,-0.21,0.0016
2026-09-02 20:18:41,709.48,2026-09-02,703.0,0.03,0.04,0.01,58940,513,3.4579,-0.027,0.01844,-0.035,0.0006
2026-09-02 20:18:41,709.48,2026-09-02,704.0,0.03,0.04,0.01,128966,1056,3.0061,-0.0306,0.02351,-0.035,0.0007
2026-09-02 20:18:41,709.48,2026-09-02,705.0,0,0.01,0.01,197694,2016,2.0889,-0.0139,0.01735,-0.01,0.0003
2026-09-02 20:18:41,709.48,2026-09-02,706.0,0.01,0.04,0.03,237494,1007,1.9458,-0.0334,0.03902,-0.025,0.0007
2026-09-02 20:18:41,709.48,2026-09-02,707.0,0.07,0.08,0.05,361857,2480,1.8797,-0.0882,0.08697,-0.075,0.0016
2026-09-02 20:18:41,709.48,2026-09-02,708.0,0.17,0.19,0.23,501434,598,1.7385,-0.1916,0.16032,-0.18,0.0027
2026-09-02 20:18:41,709.48,2026-09-02,709.0,0.57,0.59,0.5,269151,382,2.0425,-0.4045,0.19385,-0.58,0.0038
2026-09-02 20:18:41,709.48,2026-09-02,710.0,1.03,1.12,1.04,84418,3204,2.0173,-0.6033,0.19527,-0.555,0.0038
2026-09-02 20:18:41,709.48,2026-09-02,711.0,1.81,1.97,1.88,22596,634,2.4082,-0.7398,0.1377,-0.37,0.0032
2026-09-02 20:18:41,709.48,2026-09-02,712.0,2.65,3.04,2.74,7705,885,3.0205,-0.802,0.09413,-0.325,0.0027
2026-09-02 20:18:41,709.48,2026-09-02,713.0,3.62,4.05,3.75,3292,975,3.6786,-0.8347,0.06904,-0.315,0.0024
2026-09-02 20:18:41,709.48,2026-09-02,714.0,4.58,4.98,4.74,1857,1793,4.0815,-0.8698,0.05303,-0.26,0.0021
2026-09-02 20:18:41,709.48,2026-09-02,715.0,5.61,5.78,5.72,1638,2890,4.2112,-0.9085,0.0399,-0.175,0.0016
2026-09-02 20:18:41,709.48,2026-09-02,716.0,6.32,7.14,6.33,370,956,4.991,-0.9075,0.03394,-0.21,0.0016
2026-09-02 20:19:42,709.48,2026-09-02,703.0,0.03,0.04,0.01,58945,513,3.4579,-0.027,0.01844,-0.035,0.0006
2026-09-02 20:19:42,709.48,2026-09-02,704.0,0.03,0.04,0.02,128968,1056,3.0061,-0.0306,0.02351,-0.035,0.0007
2026-09-02 20:19:42,709.48,2026-09-02,705.0,0,0.01,0.01,197715,2016,2.0889,-0.0139,0.01735,-0.01,0.0003
2026-09-02 20:19:42,709.48,2026-09-02,706.0,0.01,0.04,0.03,237573,1007,1.9458,-0.0334,0.03902,-0.025,0.0007
2026-09-02 20:19:42,709.48,2026-09-02,707.0,0.07,0.08,0.05,361907,2480,1.8797,-0.0882,0.08697,-0.075,0.0016
2026-09-02 20:19:42,709.48,2026-09-02,708.0,0.17,0.19,0.23,501573,598,1.7385,-0.1916,0.16032,-0.18,0.0027
2026-09-02 20:19:42,709.48,2026-09-02,709.0,0.57,0.59,0.45,269281,382,2.0425,-0.4045,0.19385,-0.58,0.0038
2026-09-02 20:19:42,709.48,2026-09-02,710.0,1.03,1.12,1,84437,3204,2.0173,-0.6033,0.19527,-0.555,0.0038
2026-09-02 20:19:42,709.48,2026-09-02,711.0,1.81,1.97,1.83,22598,634,2.4082,-0.7398,0.1377,-0.37,0.0032
2026-09-02 20:19:42,709.48,2026-09-02,712.0,2.65,3.04,2.69,7707,885,3.0205,-0.802,0.09413,-0.325,0.0027
2026-09-02 20:19:42,709.48,2026-09-02,713.0,3.62,4.05,3.75,3292,975,3.6786,-0.8347,0.06904,-0.315,0.0024
2026-09-02 20:19:42,709.48,2026-09-02,714.0,4.58,4.98,4.74,1857,1793,4.0815,-0.8698,0.05303,-0.26,0.0021
2026-09-02 20:19:42,709.48,2026-09-02,715.0,5.61,5.78,5.71,1638,2890,4.2112,-0.9085,0.0399,-0.175,0.0016
2026-09-02 20:19:42,709.48,2026-09-02,716.0,6.32,7.14,6.69,370,956,4.991,-0.9075,0.03394,-0.21,0.0016
2026-09-02 20:20:43,709.48,2026-09-02,703.0,0.03,0.04,0.01,59056,513,3.4579,-0.027,0.01844,-0.035,0.0006
2026-09-02 20:20:43,709.48,2026-09-02,704.0,0.03,0.04,0.01,128988,1056,3.0061,-0.0306,0.02351,-0.035,0.0007
2026-09-02 20:20:43,709.48,2026-09-02,705.0,0,0.01,0.01,197724,2016,2.0889,-0.0139,0.01735,-0.01,0.0003
2026-09-02 20:20:43,709.48,2026-09-02,706.0,0.01,0.04,0.03,237950,1007,1.9458,-0.0334,0.03902,-0.025,0.0007
2026-09-02 20:20:43,709.48,2026-09-02,707.0,0.07,0.08,0.05,362392,2480,1.8797,-0.0882,0.08697,-0.075,0.0016
2026-09-02 20:20:43,709.48,2026-09-02,708.0,0.17,0.19,0.23,502101,598,1.7385,-0.1916,0.16032,-0.18,0.0027
2026-09-02 20:20:43,709.48,2026-09-02,709.0,0.57,0.59,0.45,269464,382,2.0425,-0.4045,0.19385,-0.58,0.0038
2026-09-02 20:20:43,709.48,2026-09-02,710.0,1.03,1.12,0.91,84472,3204,2.0173,-0.6033,0.19527,-0.555,0.0038
2026-09-02 20:20:43,709.48,2026-09-02,711.0,1.81,1.97,1.68,22631,634,2.4082,-0.7398,0.1377,-0.37,0.0032
2026-09-02 20:20:43,709.48,2026-09-02,712.0,2.65,3.04,2.55,7708,885,3.0205,-0.802,0.09413,-0.325,0.0027
2026-09-02 20:20:43,709.48,2026-09-02,713.0,3.62,4.05,3.75,3292,975,3.6786,-0.8347,0.06904,-0.315,0.0024
2026-09-02 20:20:43,709.48,2026-09-02,714.0,4.58,4.98,4.5,1859,1793,4.0815,-0.8698,0.05303,-0.26,0.0021
2026-09-02 20:20:43,709.48,2026-09-02,715.0,5.61,5.78,5.71,1638,2890,4.2112,-0.9085,0.0399,-0.175,0.0016
2026-09-02 20:20:43,709.48,2026-09-02,716.0,6.32,7.14,6.69,370,956,4.991,-0.9075,0.03394,-0.21,0.0016
2026-09-02 20:21:44,709.48,2026-09-02,703.0,0.03,0.04,0.01,59056,513,3.4579,-0.027,0.01844,-0.035,0.0006
2026-09-02 20:21:44,709.48,2026-09-02,704.0,0.03,0.04,0.01,129082,1056,3.0061,-0.0306,0.02351,-0.035,0.0007
2026-09-02 20:21:44,709.48,2026-09-02,705.0,0,0.01,0.01,197741,2016,2.0889,-0.0139,0.01735,-0.01,0.0003
2026-09-02 20:21:44,709.48,2026-09-02,706.0,0.01,0.04,0.03,238053,1007,1.9458,-0.0334,0.03902,-0.025,0.0007
2026-09-02 20:21:44,709.48,2026-09-02,707.0,0.07,0.08,0.05,362593,2480,1.8797,-0.0882,0.08697,-0.075,0.0016
2026-09-02 20:21:44,709.48,2026-09-02,708.0,0.17,0.19,0.23,502192,598,1.7385,-0.1916,0.16032,-0.18,0.0027
2026-09-02 20:21:44,709.48,2026-09-02,709.0,0.57,0.59,0.37,269801,382,2.0425,-0.4045,0.19385,-0.58,0.0038
2026-09-02 20:21:44,709.48,2026-09-02,710.0,1.03,1.12,0.86,84589,3204,2.0173,-0.6033,0.19527,-0.555,0.0038
2026-09-02 20:21:44,709.48,2026-09-02,711.0,1.81,1.97,1.5,22659,634,2.4082,-0.7398,0.1377,-0.37,0.0032
2026-09-02 20:21:44,709.48,2026-09-02,712.0,2.65,3.04,2.39,7714,885,3.0205,-0.802,0.09413,-0.325,0.0027
2026-09-02 20:21:44,709.48,2026-09-02,713.0,3.62,4.05,3.75,3292,975,3.6786,-0.8347,0.06904,-0.315,0.0024
2026-09-02 20:21:44,709.48,2026-09-02,714.0,4.58,4.98,4.5,1860,1793,4.0815,-0.8698,0.05303,-0.26,0.0021
2026-09-02 20:21:44,709.48,2026-09-02,715.0,5.61,5.78,5.48,1643,2890,4.2112,-0.9085,0.0399,-0.175,0.0016
2026-09-02 20:21:44,709.48,2026-09-02,716.0,6.32,7.14,6.69,370,956,4.991,-0.9075,0.03394,-0.21,0.0016
2026-09-02 20:22:47,709.48,2026-09-02,703.0,0.03,0.04,0.01,59061,513,3.4579,-0.027,0.01844,-0.035,0.0006
2026-09-02 20:22:47,709.48,2026-09-02,704.0,0.03,0.04,0.01,129193,1056,3.0061,-0.0306,0.02351,-0.035,0.0007
2026-09-02 20:22:47,709.48,2026-09-02,705.0,0,0.01,0.01,197741,2016,2.0889,-0.0139,0.01735,-0.01,0.0003
2026-09-02 20:22:47,709.48,2026-09-02,706.0,0.01,0.04,0.03,238054,1007,1.9458,-0.0334,0.03902,-0.025,0.0007
2026-09-02 20:22:47,709.48,2026-09-02,707.0,0.07,0.08,0.05,362620,2480,1.8797,-0.0882,0.08697,-0.075,0.0016
2026-09-02 20:22:47,709.48,2026-09-02,708.0,0.17,0.19,0.23,502322,598,1.7385,-0.1916,0.16032,-0.18,0.0027
2026-09-02 20:22:47,709.48,2026-09-02,709.0,0.57,0.59,0.38,270165,382,2.0425,-0.4045,0.19385,-0.58,0.0038
2026-09-02 20:22:47,709.48,2026-09-02,710.0,1.03,1.12,0.82,84823,3204,2.0173,-0.6033,0.19527,-0.555,0.0038
2026-09-02 20:22:47,709.48,2026-09-02,711.0,1.81,1.97,1.52,22707,634,2.4082,-0.7398,0.1377,-0.37,0.0032
2026-09-02 20:22:47,709.48,2026-09-02,712.0,2.65,3.04,2.39,7714,885,3.0205,-0.802,0.09413,-0.325,0.0027
2026-09-02 20:22:47,709.48,2026-09-02,713.0,3.62,4.05,3.75,3292,975,3.6786,-0.8347,0.06904,-0.315,0.0024
2026-09-02 20:22:47,709.48,2026-09-02,714.0,4.58,4.98,4.39,1860,1793,4.0815,-0.8698,0.05303,-0.26,0.0021
2026-09-02 20:22:47,709.48,2026-09-02,715.0,5.61,5.78,5.48,1643,2890,4.2112,-0.9085,0.0399,-0.175,0.0016
2026-09-02 20:22:47,709.48,2026-09-02,716.0,6.32,7.14,6.69,370,956,4.991,-0.9075,0.03394,-0.21,0.0016
2026-09-02 20:23:48,709.48,2026-09-02,703.0,0.03,0.04,0.01,59061,513,3.4579,-0.027,0.01844,-0.035,0.0006
2026-09-02 20:23:48,709.48,2026-09-02,704.0,0.03,0.04,0.01,129198,1056,3.0061,-0.0306,0.02351,-0.035,0.0007
2026-09-02 20:23:48,709.48,2026-09-02,705.0,0,0.01,0.01,197741,2016,2.0889,-0.0139,0.01735,-0.01,0.0003
2026-09-02 20:23:48,709.48,2026-09-02,706.0,0.01,0.04,0.03,238259,1007,1.9458,-0.0334,0.03902,-0.025,0.0007
2026-09-02 20:23:48,709.48,2026-09-02,707.0,0.07,0.08,0.05,362738,2480,1.8797,-0.0882,0.08697,-0.075,0.0016
2026-09-02 20:23:48,709.48,2026-09-02,708.0,0.17,0.19,0.23,502395,598,1.7385,-0.1916,0.16032,-0.18,0.0027
2026-09-02 20:23:48,709.48,2026-09-02,709.0,0.57,0.59,0.45,270346,382,2.0425,-0.4045,0.19385,-0.58,0.0038
2026-09-02 20:23:48,709.48,2026-09-02,710.0,1.03,1.12,0.9,84859,3204,2.0173,-0.6033,0.19527,-0.555,0.0038
2026-09-02 20:23:48,709.48,2026-09-02,711.0,1.81,1.97,1.57,22722,634,2.4082,-0.7398,0.1377,-0.37,0.0032
2026-09-02 20:23:48,709.48,2026-09-02,712.0,2.65,3.04,2.39,7714,885,3.0205,-0.802,0.09413,-0.325,0.0027
2026-09-02 20:23:48,709.48,2026-09-02,713.0,3.62,4.05,3.75,3292,975,3.6786,-0.8347,0.06904,-0.315,0.0024
2026-09-02 20:23:48,709.48,2026-09-02,714.0,4.58,4.98,4.5,1861,1793,4.0815,-0.8698,0.05303,-0.26,0.0021
2026-09-02 20:23:48,709.48,2026-09-02,715.0,5.61,5.78,5.5,1644,2890,4.2112,-0.9085,0.0399,-0.175,0.0016
2026-09-02 20:23:48,709.48,2026-09-02,716.0,6.32,7.14,6.69,370,956,4.991,-0.9075,0.03394,-0.21,0.0016
2026-09-02 20:24:48,709.48,2026-09-02,703.0,0.03,0.04,0.01,59061,513,3.4579,-0.027,0.01844,-0.035,0.0006
2026-09-02 20:24:48,709.48,2026-09-02,704.0,0.03,0.04,0.01,129214,1056,3.0061,-0.0306,0.02351,-0.035,0.0007
2026-09-02 20:24:48,709.48,2026-09-02,705.0,0,0.01,0.03,197744,2016,2.476,-0.0317,0.02938,-0.03,0.0007
2026-09-02 20:24:48,709.48,2026-09-02,706.0,0.01,0.04,0.03,238334,1007,1.9458,-0.0334,0.03902,-0.025,0.0007
2026-09-02 20:24:48,709.48,2026-09-02,707.0,0.07,0.08,0.05,362971,2480,1.8797,-0.0882,0.08697,-0.075,0.0016
2026-09-02 20:24:48,709.48,2026-09-02,708.0,0.17,0.19,0.23,502576,598,1.7385,-0.1916,0.16032,-0.18,0.0027
2026-09-02 20:24:48,709.48,2026-09-02,709.0,0.57,0.59,0.46,270522,382,2.0425,-0.4045,0.19385,-0.58,0.0038
2026-09-02 20:24:48,709.48,2026-09-02,710.0,1.03,1.12,0.96,84883,3204,2.0173,-0.6033,0.19527,-0.555,0.0038
2026-09-02 20:24:48,709.48,2026-09-02,711.0,1.81,1.97,1.71,22732,634,2.4082,-0.7398,0.1377,-0.37,0.0032
2026-09-02 20:24:48,709.48,2026-09-02,712.0,2.65,3.04,2.39,7714,885,3.0205,-0.802,0.09413,-0.325,0.0027
2026-09-02 20:24:48,709.48,2026-09-02,713.0,3.62,4.05,3.75,3292,975,3.6786,-0.8347,0.06904,-0.315,0.0024
2026-09-02 20:24:48,709.48,2026-09-02,714.0,4.58,4.98,4.5,1861,1793,4.0815,-0.8698,0.05303,-0.26,0.0021
2026-09-02 20:24:48,709.48,2026-09-02,715.0,5.61,5.78,5.5,1644,2890,4.2112,-0.9085,0.0399,-0.175,0.0016
2026-09-02 20:24:48,709.48,2026-09-02,716.0,6.32,7.14,6.69,370,956,4.991,-0.9075,0.03394,-0.21,0.0016
2026-09-02 20:25:49,709.48,2026-09-02,703.0,0.03,0.04,0.01,59061,513,3.4579,-0.027,0.01844,-0.035,0.0006
2026-09-02 20:25:49,709.48,2026-09-02,704.0,0.03,0.04,0.01,129214,1056,3.0061,-0.0306,0.02351,-0.035,0.0007
2026-09-02 20:25:49,709.48,2026-09-02,705.0,0,0.01,0.03,197744,2016,2.476,-0.0317,0.02938,-0.03,0.0007
2026-09-02 20:25:49,709.48,2026-09-02,706.0,0.01,0.04,0.03,238386,1007,1.9458,-0.0334,0.03902,-0.025,0.0007
2026-09-02 20:25:49,709.48,2026-09-02,707.0,0.07,0.08,0.06,363278,2480,1.8797,-0.0882,0.08697,-0.075,0.0016
2026-09-02 20:25:49,709.48,2026-09-02,708.0,0.17,0.19,0.23,502695,598,1.7385,-0.1916,0.16032,-0.18,0.0027
2026-09-02 20:25:49,709.48,2026-09-02,709.0,0.57,0.59,0.5,270682,382,2.0425,-0.4045,0.19385,-0.58,0.0038
2026-09-02 20:25:49,709.48,2026-09-02,710.0,1.03,1.12,0.93,84888,3204,2.0173,-0.6033,0.19527,-0.555,0.0038
2026-09-02 20:25:49,709.48,2026-09-02,711.0,1.81,1.97,1.71,22732,634,2.4082,-0.7398,0.1377,-0.37,0.0032
2026-09-02 20:25:49,709.48,2026-09-02,712.0,2.65,3.04,2.39,7714,885,3.0205,-0.802,0.09413,-0.325,0.0027
2026-09-02 20:25:49,709.48,2026-09-02,713.0,3.62,4.05,3.75,3292,975,3.6786,-0.8347,0.06904,-0.315,0.0024
2026-09-02 20:25:49,709.48,2026-09-02,714.0,4.58,4.98,4.5,1861,1793,4.0815,-0.8698,0.05303,-0.26,0.0021
2026-09-02 20:25:49,709.48,2026-09-02,715.0,5.61,5.78,5.5,1644,2890,4.2112,-0.9085,0.0399,-0.175,0.0016
2026-09-02 20:25:49,709.48,2026-09-02,716.0,6.32,7.14,6.69,370,956,4.991,-0.9075,0.03394,-0.21,0.0016
2026-09-02 20:26:50,709.48,2026-09-02,703.0,0.03,0.04,0.01,59061,513,3.4579,-0.027,0.01844,-0.035,0.0006
2026-09-02 20:26:50,709.48,2026-09-02,704.0,0.03,0.04,0.01,129214,1056,3.0061,-0.0306,0.02351,-0.035,0.0007
2026-09-02 20:26:50,709.48,2026-09-02,705.0,0,0.01,0.01,197745,2016,2.0889,-0.0139,0.01735,-0.01,0.0003
2026-09-02 20:26:50,709.48,2026-09-02,706.0,0.01,0.04,0.03,238391,1007,1.9458,-0.0334,0.03902,-0.025,0.0007
2026-09-02 20:26:50,709.48,2026-09-02,707.0,0.07,0.08,0.07,363326,2480,1.8797,-0.0882,0.08697,-0.075,0.0016
2026-09-02 20:26:50,709.48,2026-09-02,708.0,0.17,0.19,0.23,502850,598,1.7385,-0.1916,0.16032,-0.18,0.0027
2026-09-02 20:26:50,709.48,2026-09-02,709.0,0.57,0.59,0.51,271353,382,2.0425,-0.4045,0.19385,-0.58,0.0038
2026-09-02 20:26:50,709.48,2026-09-02,710.0,1.03,1.12,0.98,84918,3204,2.0173,-0.6033,0.19527,-0.555,0.0038
2026-09-02 20:26:50,709.48,2026-09-02,711.0,1.81,1.97,1.71,22732,634,2.4082,-0.7398,0.1377,-0.37,0.0032
2026-09-02 20:26:50,709.48,2026-09-02,712.0,2.65,3.04,2.39,7714,885,3.0205,-0.802,0.09413,-0.325,0.0027
2026-09-02 20:26:50,709.48,2026-09-02,713.0,3.62,4.05,3.75,3292,975,3.6786,-0.8347,0.06904,-0.315,0.0024
2026-09-02 20:26:50,709.48,2026-09-02,714.0,4.58,4.98,4.5,1861,1793,4.0815,-0.8698,0.05303,-0.26,0.0021
2026-09-02 20:26:50,709.48,2026-09-02,715.0,5.61,5.78,5.5,1644,2890,4.2112,-0.9085,0.0399,-0.175,0.0016
2026-09-02 20:26:50,709.48,2026-09-02,716.0,6.32,7.14,6.69,370,956,4.991,-0.9075,0.03394,-0.21,0.0016
2026-09-02 20:27:53,709.48,2026-09-02,703.0,0.03,0.04,0.01,59062,513,3.4579,-0.027,0.01844,-0.035,0.0006
2026-09-02 20:27:53,709.48,2026-09-02,704.0,0.03,0.04,0.01,129214,1056,3.0061,-0.0306,0.02351,-0.035,0.0007
2026-09-02 20:27:53,709.48,2026-09-02,705.0,0,0.01,0.01,197745,2016,2.0889,-0.0139,0.01735,-0.01,0.0003
2026-09-02 20:27:53,709.48,2026-09-02,706.0,0.01,0.04,0.03,238434,1007,1.9458,-0.0334,0.03902,-0.025,0.0007
2026-09-02 20:27:53,709.48,2026-09-02,707.0,0.07,0.08,0.06,363417,2480,1.8797,-0.0882,0.08697,-0.075,0.0016
2026-09-02 20:27:53,709.48,2026-09-02,708.0,0.17,0.19,0.23,502940,598,1.7385,-0.1916,0.16032,-0.18,0.0027
2026-09-02 20:27:53,709.48,2026-09-02,709.0,0.57,0.59,0.48,271669,382,2.0425,-0.4045,0.19385,-0.58,0.0038
2026-09-02 20:27:53,709.48,2026-09-02,710.0,1.03,1.12,0.98,84918,3204,2.0173,-0.6033,0.19527,-0.555,0.0038
2026-09-02 20:27:53,709.48,2026-09-02,711.0,1.81,1.97,1.71,22732,634,2.4082,-0.7398,0.1377,-0.37,0.0032
2026-09-02 20:27:53,709.48,2026-09-02,712.0,2.65,3.04,2.39,7714,885,3.0205,-0.802,0.09413,-0.325,0.0027
2026-09-02 20:27:53,709.48,2026-09-02,713.0,3.62,4.05,3.75,3292,975,3.6786,-0.8347,0.06904,-0.315,0.0024
2026-09-02 20:27:53,709.48,2026-09-02,714.0,4.58,4.98,4.5,1861,1793,4.0815,-0.8698,0.05303,-0.26,0.0021
2026-09-02 20:27:53,709.48,2026-09-02,715.0,5.61,5.78,5.5,1645,2890,4.2112,-0.9085,0.0399,-0.175,0.0016
2026-09-02 20:27:53,709.48,2026-09-02,716.0,6.32,7.14,6.69,370,956,4.991,-0.9075,0.03394,-0.21,0.0016
2026-09-02 20:28:53,709.48,2026-09-02,703.0,0.03,0.04,0.01,59067,513,3.4579,-0.027,0.01844,-0.035,0.0006
2026-09-02 20:28:53,709.48,2026-09-02,704.0,0.03,0.04,0.01,129214,1056,3.0061,-0.0306,0.02351,-0.035,0.0007
2026-09-02 20:28:53,709.48,2026-09-02,705.0,0,0.01,0.01,197777,2016,2.0889,-0.0139,0.01735,-0.01,0.0003
2026-09-02 20:28:53,709.48,2026-09-02,706.0,0.01,0.04,0.03,238500,1007,1.9458,-0.0334,0.03902,-0.025,0.0007
2026-09-02 20:28:53,709.48,2026-09-02,707.0,0.07,0.08,0.07,363447,2480,1.8797,-0.0882,0.08697,-0.075,0.0016
2026-09-02 20:28:53,709.48,2026-09-02,708.0,0.17,0.19,0.23,504289,598,1.7385,-0.1916,0.16032,-0.18,0.0027
2026-09-02 20:28:53,709.48,2026-09-02,709.0,0.57,0.59,0.45,271902,382,2.0425,-0.4045,0.19385,-0.58,0.0038
2026-09-02 20:28:53,709.48,2026-09-02,710.0,1.03,1.12,0.98,84918,3204,2.0173,-0.6033,0.19527,-0.555,0.0038
2026-09-02 20:28:53,709.48,2026-09-02,711.0,1.81,1.97,1.71,22732,634,2.4082,-0.7398,0.1377,-0.37,0.0032
2026-09-02 20:28:53,709.48,2026-09-02,712.0,2.65,3.04,2.54,7715,885,3.0205,-0.802,0.09413,-0.325,0.0027
2026-09-02 20:28:53,709.48,2026-09-02,713.0,3.62,4.05,3.75,3292,975,3.6786,-0.8347,0.06904,-0.315,0.0024
2026-09-02 20:28:53,709.48,2026-09-02,714.0,4.58,4.98,4.5,1861,1793,4.0815,-0.8698,0.05303,-0.26,0.0021
2026-09-02 20:28:53,709.48,2026-09-02,715.0,5.61,5.78,5.5,1645,2890,4.2112,-0.9085,0.0399,-0.175,0.0016
2026-09-02 20:28:53,709.48,2026-09-02,716.0,6.32,7.14,6.69,370,956,4.991,-0.9075,0.03394,-0.21,0.0016
2026-09-02 20:29:54,709.48,2026-09-02,703.0,0.03,0.04,0.01,59069,513,3.4579,-0.027,0.01844,-0.035,0.0006
2026-09-02 20:29:54,709.48,2026-09-02,704.0,0.03,0.04,0.01,129264,1056,3.0061,-0.0306,0.02351,-0.035,0.0007
2026-09-02 20:29:54,709.48,2026-09-02,705.0,0,0.01,0.01,197777,2016,2.0889,-0.0139,0.01735,-0.01,0.0003
2026-09-02 20:29:54,709.48,2026-09-02,706.0,0.01,0.04,0.03,238678,1007,1.9458,-0.0334,0.03902,-0.025,0.0007
2026-09-02 20:29:54,709.48,2026-09-02,707.0,0.07,0.08,0.07,363524,2480,1.8797,-0.0882,0.08697,-0.075,0.0016
2026-09-02 20:29:54,709.48,2026-09-02,708.0,0.17,0.19,0.23,504354,598,1.7385,-0.1916,0.16032,-0.18,0.0027
2026-09-02 20:29:54,709.48,2026-09-02,709.0,0.57,0.59,0.52,274042,382,2.0425,-0.4045,0.19385,-0.58,0.0038
2026-09-02 20:29:54,709.48,2026-09-02,710.0,1.03,1.12,1.02,84921,3204,2.0173,-0.6033,0.19527,-0.555,0.0038
2026-09-02 20:29:54,709.48,2026-09-02,711.0,1.81,1.97,1.71,22732,634,2.4082,-0.7398,0.1377,-0.37,0.0032
2026-09-02 20:29:54,709.48,2026-09-02,712.0,2.65,3.04,2.54,7715,885,3.0205,-0.802,0.09413,-0.325,0.0027
2026-09-02 20:29:54,709.48,2026-09-02,713.0,3.62,4.05,3.75,3292,975,3.6786,-0.8347,0.06904,-0.315,0.0024
2026-09-02 20:29:54,709.48,2026-09-02,714.0,4.58,4.98,4.5,1861,1793,4.0815,-0.8698,0.05303,-0.26,0.0021
2026-09-02 20:29:54,709.48,2026-09-02,715.0,5.61,5.78,5.5,1645,2890,4.2112,-0.9085,0.0399,-0.175,0.0016
2026-09-02 20:29:54,709.48,2026-09-02,716.0,6.32,7.14,6.69,370,956,4.991,-0.9075,0.03394,-0.21,0.0016
