run_time,spot,expiration,strike,bid,ask,last,volume,open_interest,iv,delta,gamma,theta,vega
2026-09-02 19:15:17,708.7,2026-09-02,702.0,6.54,6.76,6.58,1996,82,,,,,
2026-09-02 19:15:17,708.7,2026-09-02,703.0,5.61,5.84,5.64,3237,100,0.4465,0.9751,0.01993,-0.03,0.0038
2026-09-02 19:15:17,708.7,2026-09-02,704.0,4.78,4.9,4.69,6841,115,0.5343,0.9118,0.04579,-0.145,0.0105
2026-09-02 19:15:17,708.7,2026-09-02,705.0,3.8,3.91,3.82,32465,396,0.4602,0.8915,0.0619,-0.16,0.0122
2026-09-02 19:15:17,708.7,2026-09-02,706.0,2.79,2.89,2.8,86357,204,0.3571,0.8769,0.08726,-0.145,0.0133
2026-09-02 19:15:17,708.7,2026-09-02,707.0,2.009,2.06,2.009,164446,518,0.3668,0.7614,0.12928,-0.3395,0.0203
2026-09-02 19:15:17,708.7,2026-09-02,708.0,1.28,1.3,1.29,310978,215,0.3447,0.6222,0.16868,-0.595,0.0248
2026-09-02 19:15:17,708.7,2026-09-02,709.0,0.72,0.73,0.72,448057,142,0.3328,0.4453,0.18171,-0.725,0.0258
2026-09-02 19:15:17,708.7,2026-09-02,710.0,0.31,0.36,0.34,432228,710,0.3174,0.2657,0.15811,-0.335,0.0214
2026-09-02 19:15:17,708.7,2026-09-02,711.0,0.11,0.16,0.12,170609,278,0.3136,0.1314,0.10395,-0.135,0.0139
2026-09-02 19:15:17,708.7,2026-09-02,712.0,0.04,0.05,0.05,104992,246,0.3109,0.0526,0.05286,-0.045,0.007
2026-09-02 19:15:17,708.7,2026-09-02,713.0,0.01,0.02,0.05,52548,356,0.3183,0.0197,0.02297,-0.015,0.0031
2026-09-02 19:15:17,708.7,2026-09-02,714.0,0.01,0.05,0.04,37736,834,0.4234,0.0283,0.0234,-0.03,0.0042
2026-09-02 19:15:17,708.7,2026-09-02,715.0,0.03,0.04,0.03,32653,1741,0.5013,0.0279,0.01955,-0.035,0.0042
2026-09-02 19:16:18,708.55,2026-09-02,702.0,6.39,6.56,6.58,1996,82,,,,,
2026-09-02 19:16:18,708.55,2026-09-02,703.0,5.41,5.56,5.55,3238,100,,,,,
2026-09-02 19:16:18,708.55,2026-09-02,704.0,4.47,4.64,4.69,6841,115,,,,,
2026-09-02 19:16:18,708.55,2026-09-02,705.0,3.61,3.74,3.6,32474,396,0.4182,0.9069,0.06162,-0.12,0.0108
2026-09-02 19:16:18,708.55,2026-09-02,706.0,2.66,2.78,2.8,86357,204,0.3627,0.8633,0.09347,-0.165,0.0141
2026-09-02 19:16:18,708.55,2026-09-02,707.0,1.83,1.87,1.88,164536,518,0.3321,0.7668,0.14264,-0.295,0.0198
2026-09-02 19:16:18,708.55,2026-09-02,708.0,1.12,1.18,1.12,311435,215,0.3269,0.6047,0.18239,-0.595,0.0249
2026-09-02 19:16:18,708.55,2026-09-02,709.0,0.58,0.63,0.62,448363,142,0.313,0.414,0.19268,-0.605,0.0252
2026-09-02 19:16:18,708.55,2026-09-02,710.0,0.24,0.25,0.28,432383,710,0.2937,0.2242,0.15775,-0.245,0.0193
2026-09-02 19:16:18,708.55,2026-09-02,711.0,0.12,0.13,0.13,170764,278,0.323,0.1216,0.09676,-0.125,0.013
2026-09-02 19:16:18,708.55,2026-09-02,712.0,0.07,0.08,0.07,105045,246,0.3634,0.072,0.05843,-0.075,0.0089
2026-09-02 19:16:18,708.55,2026-09-02,713.0,0.05,0.06,0.05,52580,356,0.4146,0.0493,0.03809,-0.055,0.0066
2026-09-02 19:16:18,708.55,2026-09-02,714.0,0.01,0.05,0.04,37797,834,0.4378,0.0277,0.02254,-0.03,0.0041
2026-09-02 19:16:18,708.55,2026-09-02,715.0,0.03,0.04,0.03,32761,1741,0.5166,0.0275,0.01894,-0.035,0.0041
2026-09-02 19:17:19,708.7,2026-09-02,702.0,6.72,6.81,6.58,1996,82,0.6123,0.9576,0.02309,-0.07,0.0058
2026-09-02 19:17:19,708.7,2026-09-02,703.0,5.72,5.85,5.55,3238,100,0.5666,0.9434,0.03146,-0.09,0.0073
2026-09-02 19:17:19,708.7,2026-09-02,704.0,4.69,4.82,4.69,6841,115,0.4455,0.9514,0.03542,-0.06,0.0064
2026-09-02 19:17:19,708.7,2026-09-02,705.0,3.67,3.86,3.6,32481,396,0.3812,0.9363,0.05127,-0.07,0.008
2026-09-02 19:17:19,708.7,2026-09-02,706.0,2.75,2.86,2.8,86458,204,0.3372,0.8956,0.08412,-0.11,0.0116
2026-09-02 19:17:19,708.7,2026-09-02,707.0,1.93,1.96,1.96,164571,518,0.3286,0.7914,0.1368,-0.25,0.0183
2026-09-02 19:17:19,708.7,2026-09-02,708.0,1.25,1.26,1.25,311598,215,0.3384,0.6272,0.17514,-0.56,0.0242
2026-09-02 19:17:19,708.7,2026-09-02,709.0,0.69,0.7,0.69,448591,142,0.3287,0.4433,0.18813,-0.695,0.0252
2026-09-02 19:17:19,708.7,2026-09-02,710.0,0.28,0.33,0.28,432492,710,0.3105,0.2562,0.16239,-0.305,0.0206
2026-09-02 19:17:19,708.7,2026-09-02,711.0,0.14,0.15,0.14,170783,278,0.3283,0.1367,0.10448,-0.145,0.014
2026-09-02 19:17:19,708.7,2026-09-02,712.0,0.03,0.08,0.07,105078,246,0.332,0.0603,0.05638,-0.055,0.0076
2026-09-02 19:17:19,708.7,2026-09-02,713.0,0.01,0.05,0.02,52622,356,0.3647,0.0329,0.03151,-0.03,0.0047
2026-09-02 19:17:19,708.7,2026-09-02,714.0,0.01,0.02,0.04,37801,834,0.3891,0.0168,0.01681,-0.015,0.0027
2026-09-02 19:17:19,708.7,2026-09-02,715.0,0.01,0.02,0.03,32862,1741,0.451,0.0147,0.01295,-0.015,0.0024
2026-09-02 19:18:20,708.7,2026-09-02,702.0,6.44,6.59,6.58,1996,82,,,,,
2026-09-02 19:18:20,708.7,2026-09-02,703.0,5.59,5.64,5.49,3249,100,,,,,
2026-09-02 19:18:20,708.7,2026-09-02,704.0,4.57,4.6,4.69,6841,115,,,,,
2026-09-02 19:18:20,708.7,2026-09-02,705.0,3.5,3.69,3.66,32485,396,,,,,
2026-09-02 19:18:20,708.7,2026-09-02,706.0,2.68,2.69,2.67,86493,204,,,,,
2026-09-02 19:18:20,708.7,2026-09-02,707.0,1.81,1.88,1.83,164846,518,0.2734,0.8381,0.14218,-0.15,0.0155
2026-09-02 19:18:20,708.7,2026-09-02,708.0,1.16,1.17,1.16,312329,215,0.3046,0.6422,0.19425,-0.47,0.0236
2026-09-02 19:18:20,708.7,2026-09-02,709.0,0.59,0.6,0.6,449546,142,0.2925,0.4354,0.21333,-0.595,0.0248
2026-09-02 19:18:20,708.7,2026-09-02,710.0,0.26,0.27,0.3,433610,710,0.2942,0.242,0.16824,-0.265,0.0197
2026-09-02 19:18:20,708.7,2026-09-02,711.0,0.13,0.14,0.13,170822,278,0.3249,0.1313,0.10394,-0.135,0.0134
2026-09-02 19:18:20,708.7,2026-09-02,712.0,0.03,0.04,0.06,105117,246,0.3063,0.0442,0.04837,-0.035,0.0059
2026-09-02 19:18:20,708.7,2026-09-02,713.0,0.01,0.05,0.03,52649,356,0.3692,0.0329,0.03151,-0.03,0.0046
2026-09-02 19:18:20,708.7,2026-09-02,714.0,0.01,0.02,0.04,37801,834,0.3938,0.0168,0.01681,-0.015,0.0026
2026-09-02 19:18:20,708.7,2026-09-02,715.0,0.03,0.04,0.01,32868,1741,0.5194,0.0279,0.01955,-0.035,0.004
2026-09-02 19:19:22,708.62,2026-09-02,702.0,6.64,6.73,6.58,1996,82,0.613,0.9595,0.02279,-0.065,0.0054
2026-09-02 19:19:22,708.62,2026-09-02,703.0,5.58,5.8,5.5,3249,100,0.5449,0.9521,0.02937,-0.07,0.0062
2026-09-02 19:19:22,708.62,2026-09-02,704.0,4.61,4.76,4.69,6841,115,0.4586,0.9479,0.03728,-0.065,0.0066
2026-09-02 19:19:22,708.62,2026-09-02,705.0,3.56,3.78,3.58,32485,396,0.3569,0.9489,0.04716,-0.05,0.0065
2026-09-02 19:19:22,708.62,2026-09-02,706.0,2.76,2.79,2.76,86499,204,0.3752,0.8698,0.09058,-0.155,0.0132
2026-09-02 19:19:22,708.62,2026-09-02,707.0,1.91,1.95,1.89,164869,518,0.3602,0.7659,0.13665,-0.31,0.0191
2026-09-02 19:19:22,708.62,2026-09-02,708.0,1.24,1.26,1.24,312744,215,0.3643,0.6087,0.16922,-0.63,0.0239
2026-09-02 19:19:22,708.62,2026-09-02,709.0,0.64,0.69,0.64,450057,142,0.338,0.4294,0.18647,-0.665,0.0245
2026-09-02 19:19:22,708.62,2026-09-02,710.0,0.32,0.33,0.28,433697,710,0.3377,0.257,0.15324,-0.325,0.0201
2026-09-02 19:19:22,708.62,2026-09-02,711.0,0.14,0.15,0.11,170849,278,0.3439,0.1343,0.10097,-0.145,0.0135
2026-09-02 19:19:22,708.62,2026-09-02,712.0,0.07,0.08,0.07,105174,246,0.3713,0.0729,0.05985,-0.075,0.0086
2026-09-02 19:19:22,708.62,2026-09-02,713.0,0.01,0.05,0.04,52657,356,0.3792,0.0325,0.03075,-0.03,0.0045
2026-09-02 19:19:22,708.62,2026-09-02,714.0,0.01,0.05,0.04,37801,834,0.4494,0.028,0.02293,-0.03,0.004
2026-09-02 19:19:22,708.62,2026-09-02,715.0,0.03,0.04,0.01,32869,1741,0.5311,0.0277,0.01922,-0.035,0.004
2026-09-02 19:20:23,708.62,2026-09-02,702.0,6.39,6.44,6.58,1996,82,,,,,
2026-09-02 19:20:23,708.62,2026-09-02,703.0,5.45,5.49,5.5,3249,100,,,,,
2026-09-02 19:20:23,708.62,2026-09-02,704.0,4.4,4.46,4.69,6841,115,,,,,
2026-09-02 19:20:23,708.62,2026-09-02,705.0,3.54,3.6,3.58,32491,396,,,,,
2026-09-02 19:20:23,708.62,2026-09-02,706.0,2.6,2.72,2.58,86510,204,0.2663,0.9457,0.06721,-0.04,0.0068
2026-09-02 19:20:23,708.62,2026-09-02,707.0,1.77,1.82,1.78,164994,518,0.2882,0.8205,0.14773,-0.175,0.0161
2026-09-02 19:20:23,708.62,2026-09-02,708.0,1.06,1.07,1.07,313347,215,0.2898,0.637,0.21044,-0.445,0.0231
2026-09-02 19:20:23,708.62,2026-09-02,709.0,0.56,0.57,0.57,451319,142,0.3008,0.4197,0.21117,-0.565,0.024
2026-09-02 19:20:23,708.62,2026-09-02,710.0,0.29,0.3,0.28,434230,710,0.3267,0.2472,0.15715,-0.295,0.0194
2026-09-02 19:20:23,708.62,2026-09-02,711.0,0.13,0.14,0.13,171152,278,0.3407,0.129,0.1004,-0.135,0.0129
2026-09-02 19:20:23,708.62,2026-09-02,712.0,0.03,0.04,0.07,105186,246,0.3199,0.0435,0.04691,-0.035,0.0057
2026-09-02 19:20:23,708.62,2026-09-02,713.0,0.01,0.02,0.02,52688,356,0.3432,0.0194,0.02238,-0.015,0.0029
2026-09-02 19:20:23,708.62,2026-09-02,714.0,0.04,0.05,0.02,37835,834,0.4885,0.0375,0.02721,-0.045,0.005
2026-09-02 19:20:23,708.62,2026-09-02,715.0,0.03,0.04,0.03,32911,1741,0.5379,0.0277,0.01922,-0.035,0.0039
2026-09-02 19:21:25,708.59,2026-09-02,702.0,6.55,6.74,6.58,1996,82,0.6072,0.964,0.02144,-0.055,0.0048
2026-09-02 19:21:25,708.59,2026-09-02,703.0,5.55,5.88,5.55,3251,100,0.6334,0.9283,0.03558,-0.125,0.0083
2026-09-02 19:21:25,708.59,2026-09-02,704.0,4.71,4.84,4.53,6846,115,0.6044,0.8959,0.04927,-0.185,0.011
2026-09-02 19:21:25,708.59,2026-09-02,705.0,3.61,3.75,3.5,32493,396,0.4167,0.923,0.05709,-0.09,0.0088
2026-09-02 19:21:25,708.59,2026-09-02,706.0,2.79,2.92,2.7,86537,204,0.4587,0.825,0.09257,-0.265,0.0156
2026-09-02 19:21:25,708.59,2026-09-02,707.0,1.99,2.029,1.88,165114,518,0.4226,0.7334,0.12808,-0.4195,0.0199
2026-09-02 19:21:25,708.59,2026-09-02,708.0,1.22,1.23,1.22,314025,215,0.371,0.6044,0.17106,-0.635,0.0234
2026-09-02 19:21:25,708.59,2026-09-02,709.0,0.65,0.66,0.67,452253,142,0.3481,0.4241,0.18537,-0.655,0.0238
2026-09-02 19:21:25,708.59,2026-09-02,710.0,0.33,0.34,0.32,434926,710,0.3557,0.2579,0.14961,-0.335,0.0196
2026-09-02 19:21:25,708.59,2026-09-02,711.0,0.1,0.15,0.14,171278,278,0.3403,0.1226,0.0983,-0.125,0.0123
2026-09-02 19:21:25,708.59,2026-09-02,712.0,0.06,0.07,0.06,105245,246,0.3714,0.066,0.05689,-0.065,0.0078
2026-09-02 19:21:25,708.59,2026-09-02,713.0,0.04,0.05,0.02,52716,356,0.4215,0.0431,0.0358,-0.045,0.0056
2026-09-02 19:21:25,708.59,2026-09-02,714.0,0.01,0.02,0.04,37836,834,0.4162,0.0166,0.01632,-0.015,0.0025
2026-09-02 19:21:25,708.59,2026-09-02,715.0,0.03,0.04,0.01,32912,1741,0.5473,0.0276,0.01909,-0.035,0.0038
2026-09-02 19:22:26,708.74,2026-09-02,702.0,6.63,6.92,6.62,1998,82,0.5912,0.9722,0.01805,-0.04,0.0038
2026-09-02 19:22:26,708.74,2026-09-02,703.0,5.58,5.92,5.55,3254,100,0.4375,0.9861,0.01355,-0.015,0.0021
2026-09-02 19:22:26,708.74,2026-09-02,704.0,4.77,4.85,4.53,6846,115,0.5019,0.9433,0.0379,-0.075,0.0068
2026-09-02 19:22:26,708.74,2026-09-02,705.0,3.7,3.86,3.7,32495,396,0.3725,0.9536,0.04355,-0.045,0.0058
2026-09-02 19:22:26,708.74,2026-09-02,706.0,2.82,2.87,2.82,86643,204,0.3635,0.8963,0.08274,-0.11,0.0108
2026-09-02 19:22:26,708.74,2026-09-02,707.0,1.99,2.02,1.99,165459,518,0.3668,0.7861,0.13256,-0.27,0.0175
2026-09-02 19:22:26,708.74,2026-09-02,708.0,1.27,1.28,1.31,314645,215,0.3585,0.6349,0.17502,-0.54,0.0225
2026-09-02 19:22:26,708.74,2026-09-02,709.0,0.73,0.74,0.69,453143,142,0.3598,0.4521,0.18376,-0.735,0.0237
2026-09-02 19:22:26,708.74,2026-09-02,710.0,0.31,0.36,0.35,435386,710,0.3409,0.2689,0.16154,-0.335,0.0198
2026-09-02 19:22:26,708.74,2026-09-02,711.0,0.11,0.16,0.15,171393,278,0.3381,0.1326,0.1059,-0.135,0.0128
2026-09-02 19:22:26,708.74,2026-09-02,712.0,0.07,0.08,0.07,105249,246,0.3761,0.0745,0.0625,-0.075,0.0084
2026-09-02 19:22:26,708.74,2026-09-02,713.0,0.01,0.02,0.02,52720,356,0.3446,0.0198,0.02328,-0.015,0.0029
2026-09-02 19:22:26,708.74,2026-09-02,714.0,0.04,0.05,0.04,37837,834,0.493,0.0381,0.02804,-0.045,0.005
2026-09-02 19:22:26,708.74,2026-09-02,715.0,0.01,0.02,0.03,32926,1741,0.4781,0.0148,0.01308,-0.015,0.0022
2026-09-02 19:23:27,708.63,2026-09-02,702.0,6.52,6.61,6.62,1998,82,,,,,
2026-09-02 19:23:27,708.63,2026-09-02,703.0,5.54,5.68,5.72,3254,100,,,,,
2026-09-02 19:23:27,708.63,2026-09-02,704.0,4.52,4.68,4.53,6846,115,,,,,
2026-09-02 19:23:27,708.63,2026-09-02,705.0,3.69,3.79,3.79,32504,396,0.4543,0.9129,0.05906,-0.11,0.0094
2026-09-02 19:23:27,708.63,2026-09-02,706.0,2.74,2.84,2.69,86652,204,0.4008,0.8676,0.09046,-0.16,0.0127
2026-09-02 19:23:27,708.63,2026-09-02,707.0,1.95,1.98,1.9,165468,518,0.395,0.7586,0.13364,-0.335,0.0184
2026-09-02 19:23:27,708.63,2026-09-02,708.0,1.2,1.21,1.2,314894,215,0.3616,0.617,0.17866,-0.575,0.0225
2026-09-02 19:23:27,708.63,2026-09-02,709.0,0.64,0.69,0.68,453327,142,0.3546,0.4309,0.18754,-0.665,0.0232
2026-09-02 19:23:27,708.63,2026-09-02,710.0,0.28,0.33,0.32,435533,710,0.3443,0.2513,0.15666,-0.305,0.0188
2026-09-02 19:23:27,708.63,2026-09-02,711.0,0.14,0.15,0.11,171414,278,0.3616,0.1346,0.10141,-0.145,0.0128
2026-09-02 19:23:27,708.63,2026-09-02,712.0,0.03,0.04,0.04,105250,246,0.3323,0.0436,0.04709,-0.035,0.0055
2026-09-02 19:23:27,708.63,2026-09-02,713.0,0.04,0.05,0.02,52721,356,0.4299,0.0434,0.03625,-0.045,0.0054
2026-09-02 19:23:27,708.63,2026-09-02,714.0,0.01,0.05,0.02,37847,834,0.4732,0.028,0.02299,-0.03,0.0038
2026-09-02 19:23:27,708.63,2026-09-02,715.0,0.01,0.04,0.01,32928,1741,0.53,0.0216,0.01649,-0.025,0.003
2026-09-02 19:24:29,708.53,2026-09-02,702.0,6.62,6.72,6.62,1999,82,0.7647,0.9301,0.03011,-0.14,0.0078
2026-09-02 19:24:29,708.53,2026-09-02,703.0,5.55,5.57,5.72,3267,100,0.4903,0.9742,0.021,-0.03,0.0035
2026-09-02 19:24:29,708.53,2026-09-02,704.0,4.58,4.69,4.53,6927,115,0.5389,0.9266,0.04437,-0.105,0.0081
2026-09-02 19:24:29,708.53,2026-09-02,705.0,3.55,3.72,3.59,32519,396,0.446,0.9139,0.0605,-0.105,0.0092
2026-09-02 19:24:29,708.53,2026-09-02,706.0,2.65,2.73,2.67,86709,204,0.3959,0.8647,0.0943,-0.16,0.0127
2026-09-02 19:24:29,708.53,2026-09-02,707.0,1.82,1.92,1.84,165623,518,0.39,0.7508,0.13969,-0.34,0.0185
2026-09-02 19:24:29,708.53,2026-09-02,708.0,1.12,1.18,1.16,315669,215,0.3693,0.5983,0.1798,-0.62,0.0225
2026-09-02 19:24:29,708.53,2026-09-02,709.0,0.63,0.65,0.6,454685,142,0.3673,0.414,0.18216,-0.64,0.0227
2026-09-02 19:24:29,708.53,2026-09-02,710.0,0.26,0.31,0.28,435960,710,0.3516,0.2374,0.15091,-0.285,0.018
2026-09-02 19:24:29,708.53,2026-09-02,711.0,0.13,0.14,0.13,171595,278,0.3693,0.1263,0.09641,-0.135,0.0121
2026-09-02 19:24:29,708.53,2026-09-02,712.0,0.03,0.04,0.06,105265,246,0.3451,0.0427,0.04524,-0.035,0.0053
2026-09-02 19:24:29,708.53,2026-09-02,713.0,0.01,0.02,0.02,52722,356,0.3688,0.0191,0.02171,-0.015,0.0027
2026-09-02 19:24:29,708.53,2026-09-02,714.0,0.01,0.05,0.02,37891,834,0.4874,0.0276,0.02239,-0.03,0.0037
2026-09-02 19:24:29,708.53,2026-09-02,715.0,0.03,0.04,0.03,32929,1741,0.5748,0.0274,0.01884,-0.035,0.0037
2026-09-02 19:25:30,708.48,2026-09-02,702.0,6.43,6.54,6.6,1999,82,0.4277,0.996,0.00479,-0.005,0.0007
2026-09-02 19:25:30,708.48,2026-09-02,703.0,5.55,5.66,5.55,3267,100,0.66,0.9272,0.03651,-0.125,0.0079
2026-09-02 19:25:30,708.48,2026-09-02,704.0,4.46,4.63,4.64,6927,115,0.4863,0.9466,0.03893,-0.065,0.0062
2026-09-02 19:25:30,708.48,2026-09-02,705.0,3.55,3.56,3.58,32551,396,0.412,0.9303,0.05662,-0.075,0.0077
2026-09-02 19:25:30,708.48,2026-09-02,706.0,2.64,2.73,2.73,86733,204,0.4305,0.8433,0.09714,-0.205,0.0138
2026-09-02 19:25:30,708.48,2026-09-02,707.0,1.82,1.84,1.8,165778,518,0.3943,0.7445,0.14205,-0.35,0.0185
2026-09-02 19:25:30,708.48,2026-09-02,708.0,1.12,1.14,1.13,316833,215,0.3791,0.5883,0.17883,-0.65,0.0223
2026-09-02 19:25:30,708.48,2026-09-02,709.0,0.56,0.61,0.61,456278,142,0.3571,0.4008,0.18859,-0.585,0.0222
2026-09-02 19:25:30,708.48,2026-09-02,710.0,0.28,0.29,0.29,437250,710,0.3634,0.2341,0.147,-0.285,0.0176
2026-09-02 19:25:30,708.48,2026-09-02,711.0,0.12,0.13,0.13,171815,278,0.3714,0.1195,0.09355,-0.125,0.0114
2026-09-02 19:25:30,708.48,2026-09-02,712.0,0.02,0.03,0.06,105288,246,0.3331,0.0333,0.0388,-0.025,0.0043
2026-09-02 19:25:30,708.48,2026-09-02,713.0,0.01,0.05,0.02,52724,356,0.4224,0.0317,0.0294,-0.03,0.0041
2026-09-02 19:25:30,708.48,2026-09-02,714.0,0.01,0.05,0.02,37901,834,0.4984,0.0275,0.0221,-0.03,0.0036
2026-09-02 19:25:30,708.48,2026-09-02,715.0,0.01,0.02,0.01,32956,1741,0.5164,0.0144,0.01231,-0.015,0.0021
2026-09-02 19:26:32,708.43,2026-09-02,702.0,6.45,6.54,6.6,1999,82,0.6606,0.9585,0.0238,-0.065,0.005
2026-09-02 19:26:32,708.43,2026-09-02,703.0,5.39,5.57,5.55,3285,100,0.5469,0.9613,0.02712,-0.05,0.0047
2026-09-02 19:26:32,708.43,2026-09-02,704.0,4.43,4.47,4.64,6951,115,0.3908,0.978,0.02376,-0.02,0.003
2026-09-02 19:26:32,708.43,2026-09-02,705.0,3.41,3.58,3.56,32553,396,0.4003,0.936,0.05535,-0.065,0.0071
2026-09-02 19:26:32,708.43,2026-09-02,706.0,2.51,2.55,2.53,86780,204,0.3445,0.8948,0.09351,-0.1,0.0103
2026-09-02 19:26:32,708.43,2026-09-02,707.0,1.69,1.78,1.76,165840,518,0.3684,0.7549,0.15103,-0.305,0.0178
2026-09-02 19:26:32,708.43,2026-09-02,708.0,1.06,1.08,1.08,317338,215,0.371,0.5822,0.18619,-0.64,0.0221
2026-09-02 19:26:32,708.43,2026-09-02,709.0,0.56,0.57,0.57,457332,142,0.3626,0.3914,0.18743,-0.565,0.0217
2026-09-02 19:26:32,708.43,2026-09-02,710.0,0.22,0.27,0.27,437943,710,0.3521,0.216,0.14723,-0.245,0.0166
2026-09-02 19:26:32,708.43,2026-09-02,711.0,0.08,0.13,0.13,172055,278,0.3639,0.1066,0.08937,-0.105,0.0104
2026-09-02 19:26:32,708.43,2026-09-02,712.0,0.06,0.07,0.06,105310,246,0.4133,0.064,0.05363,-0.065,0.0071
2026-09-02 19:26:32,708.43,2026-09-02,713.0,0.01,0.02,0.04,52735,356,0.3873,0.0188,0.02101,-0.015,0.0026
2026-09-02 19:26:32,708.43,2026-09-02,714.0,0.01,0.05,0.02,37911,834,0.5099,0.0273,0.02181,-0.03,0.0036
2026-09-02 19:26:32,708.43,2026-09-02,715.0,0.01,0.02,0.02,32958,1741,0.5278,0.0143,0.01217,-0.015,0.0021
2026-09-02 19:27:33,708.55,2026-09-02,702.0,6.56,6.6,6.6,1999,82,0.5923,0.9772,0.01642,-0.03,0.003
2026-09-02 19:27:33,708.55,2026-09-02,703.0,5.41,5.56,5.53,3285,100,,,,,
2026-09-02 19:27:33,708.55,2026-09-02,704.0,4.57,4.62,4.59,6951,115,0.471,0.9594,0.03328,-0.045,0.0049
2026-09-02 19:27:33,708.55,2026-09-02,705.0,3.54,3.56,3.66,32571,396,,,,,
2026-09-02 19:27:33,708.55,2026-09-02,706.0,2.57,2.72,2.68,86830,204,0.3572,0.901,0.08763,-0.095,0.0097
2026-09-02 19:27:33,708.55,2026-09-02,707.0,1.77,1.85,1.85,165964,518,0.3642,0.7787,0.14656,-0.26,0.0165
2026-09-02 19:27:33,708.55,2026-09-02,708.0,1.07,1.13,1.08,318515,215,0.3576,0.6098,0.1928,-0.55,0.0214
2026-09-02 19:27:33,708.55,2026-09-02,709.0,0.55,0.56,0.56,459323,142,0.3413,0.4073,0.20432,-0.555,0.0216
2026-09-02 19:27:33,708.55,2026-09-02,710.0,0.27,0.28,0.28,438551,710,0.3593,0.2352,0.1537,-0.275,0.0171
2026-09-02 19:27:33,708.55,2026-09-02,711.0,0.12,0.13,0.13,172286,278,0.3754,0.1214,0.09651,-0.125,0.0112
2026-09-02 19:27:33,708.55,2026-09-02,712.0,0.02,0.07,0.06,105351,246,0.3778,0.0511,0.0499,-0.045,0.0058
2026-09-02 19:27:33,708.55,2026-09-02,713.0,0.01,0.05,0.02,52738,356,0.43,0.0321,0.03006,-0.03,0.004
2026-09-02 19:27:33,708.55,2026-09-02,714.0,0.04,0.05,0.04,37912,834,0.5457,0.0372,0.02672,-0.045,0.0045
2026-09-02 19:27:33,708.55,2026-09-02,715.0,0.03,0.04,0.03,32961,1741,0.5999,0.0274,0.01892,-0.035,0.0035
2026-09-02 19:28:34,708.65,2026-09-02,702.0,6.67,6.76,6.75,2000,82,0.7006,0.9594,0.02273,-0.065,0.0048
2026-09-02 19:28:34,708.65,2026-09-02,703.0,5.48,5.82,5.53,3285,100,,,,,
2026-09-02 19:28:34,708.65,2026-09-02,704.0,4.55,4.81,4.76,6952,115,0.4514,0.9705,0.0271,-0.03,0.0037
2026-09-02 19:28:34,708.65,2026-09-02,705.0,3.62,3.82,3.68,32576,396,0.441,0.9354,0.05224,-0.07,0.0069
2026-09-02 19:28:34,708.65,2026-09-02,706.0,2.75,2.84,2.8,86893,204,0.4216,0.8753,0.08897,-0.145,0.0113
2026-09-02 19:28:34,708.65,2026-09-02,707.0,1.93,1.96,1.96,166017,518,0.405,0.7724,0.13602,-0.295,0.0165
2026-09-02 19:28:34,708.65,2026-09-02,708.0,1.16,1.22,1.21,319118,215,0.3769,0.6245,0.18372,-0.54,0.0208
2026-09-02 19:28:34,708.65,2026-09-02,709.0,0.6,0.65,0.65,459937,142,0.3599,0.4305,0.19924,-0.625,0.0215
2026-09-02 19:28:34,708.65,2026-09-02,710.0,0.26,0.31,0.31,438863,710,0.3569,0.2459,0.16109,-0.285,0.0173
2026-09-02 19:28:34,708.65,2026-09-02,711.0,0.13,0.14,0.1,172431,278,0.3792,0.1299,0.10177,-0.135,0.0116
2026-09-02 19:28:34,708.65,2026-09-02,712.0,0.02,0.07,0.07,105375,246,0.3749,0.0521,0.0519,-0.045,0.0058
2026-09-02 19:28:34,708.65,2026-09-02,713.0,0.01,0.02,0.04,52744,356,0.3832,0.0195,0.02261,-0.015,0.0026
2026-09-02 19:28:34,708.65,2026-09-02,714.0,0.01,0.05,0.04,37913,834,0.5087,0.0281,0.02311,-0.03,0.0035
2026-09-02 19:28:34,708.65,2026-09-02,715.0,0.01,0.04,0.01,32963,1741,0.57,0.0216,0.01656,-0.025,0.0028
2026-09-02 19:29:35,708.76,2026-09-02,702.0,6.72,6.83,6.75,2000,82,0.5633,0.9875,0.01069,-0.015,0.0018
2026-09-02 19:29:35,708.76,2026-09-02,703.0,5.54,5.88,5.53,3285,100,,,,,
2026-09-02 19:29:35,708.76,2026-09-02,704.0,4.64,4.71,4.79,6960,115,,,,,
2026-09-02 19:29:35,708.76,2026-09-02,705.0,3.74,3.84,3.83,32581,396,0.3849,0.9656,0.03675,-0.03,0.0041
2026-09-02 19:29:35,708.76,2026-09-02,706.0,2.71,2.84,2.84,86893,204,0.2617,0.9751,0.04122,-0.015,0.0031
2026-09-02 19:29:35,708.76,2026-09-02,707.0,1.93,1.97,2.02,166046,518,0.3577,0.8202,0.13598,-0.19,0.0141
2026-09-02 19:29:35,708.76,2026-09-02,708.0,1.21,1.22,1.22,319566,215,0.3607,0.653,0.1899,-0.455,0.0199
2026-09-02 19:29:35,708.76,2026-09-02,709.0,0.62,0.63,0.63,460356,142,0.3431,0.4493,0.21395,-0.625,0.0213
2026-09-02 19:29:35,708.76,2026-09-02,710.0,0.3,0.31,0.33,439278,710,0.3583,0.2613,0.16841,-0.305,0.0175
2026-09-02 19:29:35,708.76,2026-09-02,711.0,0.09,0.1,0.14,172661,278,0.3361,0.1089,0.10307,-0.095,0.0101
2026-09-02 19:29:35,708.76,2026-09-02,712.0,0.06,0.07,0.06,105405,246,0.402,0.0682,0.06073,-0.065,0.0071
2026-09-02 19:29:35,708.76,2026-09-02,713.0,0.01,0.05,0.04,52750,356,0.4268,0.0332,0.03219,-0.03,0.004
2026-09-02 19:29:35,708.76,2026-09-02,714.0,0.01,0.02,0.04,37913,834,0.4562,0.017,0.01712,-0.015,0.0023
2026-09-02 19:29:35,708.76,2026-09-02,715.0,0.01,0.02,0.01,32965,1741,0.5295,0.0149,0.01316,-0.015,0.002
2026-09-02 19:30:37,708.71,2026-09-02,702.0,6.61,6.85,6.75,2000,82,0.6166,0.9805,0.01449,-0.025,0.0025
2026-09-02 19:30:37,708.71,2026-09-02,703.0,5.62,5.79,5.53,3288,100,,,,,
2026-09-02 19:30:37,708.71,2026-09-02,704.0,4.73,4.75,4.79,6960,115,0.4851,0.967,0.02862,-0.035,0.0039
2026-09-02 19:30:37,708.71,2026-09-02,705.0,3.67,3.73,3.79,32584,396,,,,,
2026-09-02 19:30:37,708.71,2026-09-02,706.0,2.79,2.89,2.84,87005,204,0.433,0.8817,0.08631,-0.135,0.0105
2026-09-02 19:30:37,708.71,2026-09-02,707.0,1.97,2.02,1.99,166085,518,0.4236,0.7773,0.13287,-0.29,0.0158
2026-09-02 19:30:37,708.71,2026-09-02,708.0,1.21,1.22,1.26,320121,215,0.3849,0.6361,0.1841,-0.51,0.0199
2026-09-02 19:30:37,708.71,2026-09-02,709.0,0.68,0.69,0.69,461065,142,0.3894,0.4441,0.19144,-0.685,0.0209
2026-09-02 19:30:37,708.71,2026-09-02,710.0,0.28,0.29,0.29,444837,710,0.3609,0.2501,0.16618,-0.285,0.0168
2026-09-02 19:30:37,708.71,2026-09-02,711.0,0.09,0.14,0.14,172740,278,0.3675,0.1201,0.1028,-0.115,0.0106
2026-09-02 19:30:37,708.71,2026-09-02,712.0,0.02,0.03,0.07,105458,246,0.3418,0.0349,0.04259,-0.025,0.0041
2026-09-02 19:30:37,708.71,2026-09-02,713.0,0.04,0.05,0.04,52764,356,0.4728,0.0439,0.03711,-0.045,0.0049
2026-09-02 19:30:37,708.71,2026-09-02,714.0,0.04,0.05,0.04,37916,834,0.56,0.0379,0.02781,-0.045,0.0044
2026-09-02 19:30:37,708.71,2026-09-02,715.0,0.03,0.04,0.03,32966,1741,0.6176,0.0279,0.01959,-0.035,0.0034
2026-09-02 19:31:39,708.66,2026-09-02,702.0,6.5,6.86,6.65,2002,82,0.6028,0.9837,0.01299,-0.02,0.0021
2026-09-02 19:31:39,708.66,2026-09-02,703.0,5.62,5.83,5.74,3288,100,0.6476,0.9544,0.02842,-0.065,0.005
2026-09-02 19:31:39,708.66,2026-09-02,704.0,4.62,4.79,4.79,6960,115,0.5143,0.9599,0.03226,-0.045,0.0045
2026-09-02 19:31:39,708.66,2026-09-02,705.0,3.66,3.83,3.7,32589,396,0.4873,0.9264,0.05502,-0.085,0.0073
2026-09-02 19:31:39,708.66,2026-09-02,706.0,2.79,2.84,2.71,87016,204,0.4545,0.8706,0.08916,-0.155,0.011
2026-09-02 19:31:39,708.66,2026-09-02,707.0,1.94,2.02,1.89,166210,518,0.4438,0.7648,0.13311,-0.32,0.016
2026-09-02 19:31:39,708.66,2026-09-02,708.0,1.26,1.27,1.22,320703,215,0.4316,0.6165,0.17,-0.605,0.0199
2026-09-02 19:31:39,708.66,2026-09-02,709.0,0.7,0.71,0.7,461894,142,0.4159,0.4385,0.18213,-0.705,0.0205
2026-09-02 19:31:39,708.66,2026-09-02,710.0,0.29,0.34,0.29,445758,710,0.3924,0.2567,0.15783,-0.315,0.0168
2026-09-02 19:31:39,708.66,2026-09-02,711.0,0.14,0.15,0.11,172941,278,0.4071,0.1355,0.10278,-0.145,0.0113
2026-09-02 19:31:39,708.66,2026-09-02,712.0,0.02,0.07,0.06,105540,246,0.3939,0.0522,0.0521,-0.045,0.0056
2026-09-02 19:31:39,708.66,2026-09-02,713.0,0.01,0.02,0.02,53035,356,0.4027,0.0196,0.02269,-0.015,0.0025
2026-09-02 19:31:39,708.66,2026-09-02,714.0,0.03,0.04,0.04,37938,834,0.549,0.0315,0.02478,-0.035,0.0037
2026-09-02 19:31:39,708.66,2026-09-02,715.0,0.03,0.04,0.01,33021,1741,0.6327,0.0278,0.01939,-0.035,0.0033
2026-09-02 19:32:40,708.71,2026-09-02,702.0,6.54,6.67,6.56,2004,82,,,,,
2026-09-02 19:32:40,708.71,2026-09-02,703.0,5.72,5.79,5.74,3288,100,0.6307,0.9625,0.02538,-0.05,0.0042
2026-09-02 19:32:40,708.71,2026-09-02,704.0,4.68,4.83,4.79,6965,115,0.539,0.957,0.03319,-0.05,0.0047
2026-09-02 19:32:40,708.71,2026-09-02,705.0,3.63,3.76,3.7,32589,396,,,,,
2026-09-02 19:32:40,708.71,2026-09-02,706.0,2.81,2.83,2.78,87136,204,0.4287,0.8924,0.08448,-0.115,0.0095
2026-09-02 19:32:40,708.71,2026-09-02,707.0,1.9,1.99,1.9,166276,518,0.4057,0.7955,0.13686,-0.24,0.0145
2026-09-02 19:32:40,708.71,2026-09-02,708.0,1.22,1.23,1.25,321006,215,0.4044,0.6344,0.182,-0.52,0.0192
2026-09-02 19:32:40,708.71,2026-09-02,709.0,0.67,0.68,0.68,462261,142,0.3989,0.4433,0.19375,-0.675,0.0202
2026-09-02 19:32:40,708.71,2026-09-02,710.0,0.32,0.33,0.32,446508,710,0.3986,0.2634,0.16031,-0.325,0.0167
2026-09-02 19:32:40,708.71,2026-09-02,711.0,0.13,0.14,0.13,173011,278,0.4001,0.1316,0.10439,-0.135,0.0109
2026-09-02 19:32:40,708.71,2026-09-02,712.0,0.02,0.07,0.06,105547,246,0.3968,0.0527,0.05305,-0.045,0.0055
2026-09-02 19:32:40,708.71,2026-09-02,713.0,0.04,0.05,0.04,53544,356,0.4903,0.0439,0.03711,-0.045,0.0048
2026-09-02 19:32:40,708.71,2026-09-02,714.0,0.03,0.04,0.03,37939,834,0.5552,0.0317,0.02508,-0.035,0.0036
2026-09-02 19:32:40,708.71,2026-09-02,715.0,0.01,0.02,0.03,33113,1741,0.5628,0.0148,0.01298,-0.015,0.0019
2026-09-02 19:33:41,708.71,2026-09-02,702.0,6.74,6.95,6.56,2004,82,0.9004,0.9328,0.02882,-0.135,0.0065
2026-09-02 19:33:41,708.71,2026-09-02,703.0,5.75,5.88,5.74,3288,100,0.7498,0.9368,0.03301,-0.105,0.0062
2026-09-02 19:33:41,708.71,2026-09-02,704.0,4.77,4.94,4.79,6965,115,0.6994,0.9116,0.0457,-0.145,0.008
2026-09-02 19:33:41,708.71,2026-09-02,705.0,3.82,3.93,3.73,32591,396,0.6081,0.8893,0.06196,-0.165,0.0095
2026-09-02 19:33:41,708.71,2026-09-02,706.0,2.8,2.88,2.95,87157,204,0.4533,0.8843,0.08575,-0.13,0.0098
2026-09-02 19:33:41,708.71,2026-09-02,707.0,1.99,2.029,1.96,166284,518,0.4548,0.7743,0.13175,-0.2995,0.0151
2026-09-02 19:33:41,708.71,2026-09-02,708.0,1.27,1.28,1.23,321432,215,0.437,0.628,0.17266,-0.565,0.019
2026-09-02 19:33:41,708.71,2026-09-02,709.0,0.66,0.67,0.71,462688,142,0.4004,0.4434,0.19674,-0.665,0.0198
2026-09-02 19:33:41,708.71,2026-09-02,710.0,0.29,0.34,0.3,447047,710,0.3994,0.2606,0.1622,-0.315,0.0163
2026-09-02 19:33:41,708.71,2026-09-02,711.0,0.1,0.15,0.11,173083,278,0.3977,0.1262,0.10393,-0.125,0.0104
2026-09-02 19:33:41,708.71,2026-09-02,712.0,0.06,0.07,0.03,105665,246,0.4374,0.0675,0.05955,-0.065,0.0065
2026-09-02 19:33:41,708.71,2026-09-02,713.0,0.04,0.05,0.04,53547,356,0.4993,0.044,0.03717,-0.045,0.0047
2026-09-02 19:33:41,708.71,2026-09-02,714.0,0.03,0.04,0.02,37945,834,0.5655,0.0317,0.02511,-0.035,0.0036
2026-09-02 19:33:41,708.71,2026-09-02,715.0,0.03,0.04,0.03,33113,1741,0.6524,0.0279,0.01961,-0.035,0.0032
2026-09-02 19:34:42,708.62,2026-09-02,702.0,6.67,6.79,6.56,2004,82,0.8598,0.9428,0.02716,-0.105,0.0056
2026-09-02 19:34:42,708.62,2026-09-02,703.0,5.72,5.84,5.74,3290,100,0.8293,0.9176,0.03731,-0.155,0.0075
2026-09-02 19:34:42,708.62,2026-09-02,704.0,4.78,4.91,4.79,6967,115,0.7893,0.8848,0.0501,-0.22,0.0096
2026-09-02 19:34:42,708.62,2026-09-02,705.0,3.67,3.8,3.65,32594,396,0.5463,0.9125,0.05925,-0.11,0.0078
2026-09-02 19:34:42,708.62,2026-09-02,706.0,2.84,2.95,2.74,87173,204,0.5758,0.8243,0.09132,-0.27,0.0127
2026-09-02 19:34:42,708.62,2026-09-02,707.0,2,2.04,1.95,166443,518,0.5127,0.7415,0.12834,-0.395,0.0159
2026-09-02 19:34:42,708.62,2026-09-02,708.0,1.24,1.26,1.24,321594,215,0.4604,0.6097,0.16959,-0.625,0.0189
2026-09-02 19:34:42,708.62,2026-09-02,709.0,0.67,0.72,0.7,463606,142,0.4431,0.4325,0.18056,-0.695,0.0193
2026-09-02 19:34:42,708.62,2026-09-02,710.0,0.29,0.3,0.33,449069,710,0.4083,0.2475,0.1575,-0.295,0.0155
2026-09-02 19:34:42,708.62,2026-09-02,711.0,0.13,0.14,0.13,173172,278,0.4259,0.1291,0.10059,-0.135,0.0103
2026-09-02 19:34:42,708.62,2026-09-02,712.0,0.02,0.03,0.06,105692,246,0.3758,0.0343,0.04117,-0.025,0.0037
2026-09-02 19:34:42,708.62,2026-09-02,713.0,0.04,0.05,0.04,53631,356,0.5173,0.0434,0.03618,-0.045,0.0045
2026-09-02 19:34:42,708.62,2026-09-02,714.0,0.03,0.04,0.03,37946,834,0.5844,0.0313,0.02455,-0.035,0.0035
2026-09-02 19:34:42,708.62,2026-09-02,715.0,0.01,0.04,0.03,33113,1741,0.6376,0.0216,0.01646,-0.025,0.0025
2026-09-02 19:35:43,708.72,2026-09-02,702.0,6.83,6.86,6.56,2004,82,0.93,0.9345,0.02849,-0.13,0.0061
2026-09-02 19:35:43,708.72,2026-09-02,703.0,5.79,5.91,5.8,3315,100,0.8282,0.9253,0.03537,-0.135,0.0068
2026-09-02 19:35:43,708.72,2026-09-02,704.0,4.74,4.75,4.75,6968,115,0.5208,0.9705,0.02674,-0.03,0.0032
2026-09-02 19:35:43,708.72,2026-09-02,705.0,3.73,3.85,3.81,32595,396,0.5174,0.9328,0.0522,-0.075,0.0063
2026-09-02 19:35:43,708.72,2026-09-02,706.0,2.84,2.93,2.93,87183,204,0.513,0.8651,0.08785,-0.17,0.0105
2026-09-02 19:35:43,708.72,2026-09-02,707.0,1.97,2.08,1.94,166524,518,0.4816,0.7711,0.13056,-0.31,0.0146
2026-09-02 19:35:43,708.72,2026-09-02,708.0,1.26,1.27,1.26,322935,215,0.4477,0.6308,0.17499,-0.55,0.0182
2026-09-02 19:35:43,708.72,2026-09-02,709.0,0.68,0.73,0.68,464379,142,0.4367,0.447,0.18801,-0.705,0.019
2026-09-02 19:35:43,708.72,2026-09-02,710.0,0.34,0.35,0.34,451549,710,0.4339,0.2702,0.15828,-0.345,0.0159
2026-09-02 19:35:43,708.72,2026-09-02,711.0,0.1,0.15,0.11,173558,278,0.4134,0.1263,0.10418,-0.125,0.01
2026-09-02 19:35:43,708.72,2026-09-02,712.0,0.02,0.03,0.06,105763,246,0.3752,0.035,0.04276,-0.025,0.0037
2026-09-02 19:35:43,708.72,2026-09-02,713.0,0.04,0.05,0.04,53712,356,0.5193,0.044,0.03722,-0.045,0.0045
2026-09-02 19:35:43,708.72,2026-09-02,714.0,0.01,0.04,0.02,37948,834,0.556,0.0248,0.02166,-0.025,0.0028
2026-09-02 19:35:43,708.72,2026-09-02,715.0,0.01,0.04,0.03,33118,1741,0.643,0.0218,0.01681,-0.025,0.0025
2026-09-02 19:36:46,708.65,2026-09-02,702.0,6.63,6.86,6.56,2004,82,0.881,0.9467,0.02616,-0.095,0.0051
2026-09-02 19:36:46,708.65,2026-09-02,703.0,5.57,5.83,5.8,3315,100,0.6793,0.9621,0.02578,-0.05,0.0039
2026-09-02 19:36:46,708.65,2026-09-02,704.0,4.67,4.69,4.75,6968,115,0.5265,0.9702,0.0273,-0.03,0.0032
2026-09-02 19:36:46,708.65,2026-09-02,705.0,3.71,3.82,3.71,32601,396,0.5797,0.9103,0.05933,-0.115,0.0076
2026-09-02 19:36:46,708.65,2026-09-02,706.0,2.7,2.81,2.77,87251,204,0.4469,0.8968,0.08532,-0.105,0.0085
2026-09-02 19:36:46,708.65,2026-09-02,707.0,1.94,1.99,1.94,166623,518,0.4853,0.7657,0.13419,-0.315,0.0145
2026-09-02 19:36:46,708.65,2026-09-02,708.0,1.23,1.24,1.23,323697,215,0.4636,0.6179,0.17464,-0.585,0.018
2026-09-02 19:36:46,708.65,2026-09-02,709.0,0.64,0.69,0.64,465165,142,0.4403,0.4338,0.18969,-0.665,0.0185
2026-09-02 19:36:46,708.65,2026-09-02,710.0,0.32,0.33,0.32,452846,710,0.4418,0.2591,0.1556,-0.325,0.0153
2026-09-02 19:36:46,708.65,2026-09-02,711.0,0.13,0.14,0.13,173731,278,0.4412,0.1299,0.10174,-0.135,0.01
2026-09-02 19:36:46,708.65,2026-09-02,712.0,0.06,0.07,0.05,105785,246,0.4721,0.0667,0.05818,-0.065,0.0061
2026-09-02 19:36:46,708.65,2026-09-02,713.0,0.01,0.02,0.04,53716,356,0.4457,0.0195,0.02261,-0.015,0.0022
2026-09-02 19:36:46,708.65,2026-09-02,714.0,0.03,0.04,0.02,37948,834,0.6074,0.0314,0.02471,-0.035,0.0033
2026-09-02 19:36:46,708.65,2026-09-02,715.0,0.01,0.04,0.02,33120,1741,0.6631,0.0216,0.01656,-0.025,0.0024
2026-09-02 19:37:47,708.68,2026-09-02,702.0,6.37,6.5,6.56,2004,82,,,,,
2026-09-02 19:37:47,708.68,2026-09-02,703.0,5.4,5.59,5.8,3315,100,,,,,
2026-09-02 19:37:47,708.68,2026-09-02,704.0,4.49,4.52,4.69,6974,115,,,,,
2026-09-02 19:37:47,708.68,2026-09-02,705.0,3.57,3.72,3.8,32611,396,,,,,
2026-09-02 19:37:47,708.68,2026-09-02,706.0,2.64,2.73,2.77,87253,204,,,,,
2026-09-02 19:37:47,708.68,2026-09-02,707.0,1.86,1.89,1.86,166728,518,0.4077,0.816,0.14165,-0.19,0.0123
2026-09-02 19:37:47,708.68,2026-09-02,708.0,1.14,1.15,1.15,324193,215,0.4097,0.6425,0.19774,-0.46,0.0172
2026-09-02 19:37:47,708.68,2026-09-02,709.0,0.57,0.62,0.61,465945,142,0.4033,0.4335,0.21175,-0.595,0.0181
2026-09-02 19:37:47,708.68,2026-09-02,710.0,0.24,0.25,0.28,453473,710,0.3908,0.2334,0.17005,-0.245,0.0141
2026-09-02 19:37:47,708.68,2026-09-02,711.0,0.07,0.08,0.08,173990,278,0.378,0.0925,0.09519,-0.075,0.0076
2026-09-02 19:37:47,708.68,2026-09-02,712.0,0.06,0.07,0.06,105848,246,0.4789,0.0672,0.05897,-0.065,0.006
2026-09-02 19:37:47,708.68,2026-09-02,713.0,0.01,0.05,0.02,53719,356,0.5067,0.0328,0.0314,-0.03,0.0034
2026-09-02 19:37:47,708.68,2026-09-02,714.0,0.03,0.04,0.03,37949,834,0.6178,0.0316,0.02494,-0.035,0.0033
2026-09-02 19:37:47,708.68,2026-09-02,715.0,0.01,0.02,0.02,33229,1741,0.626,0.0147,0.01292,-0.015,0.0017
2026-09-02 19:38:48,708.49,2026-09-02,702.0,6.55,6.64,6.55,2005,82,0.9245,0.9419,0.02793,-0.105,0.0052
2026-09-02 19:38:48,708.49,2026-09-02,703.0,5.49,5.72,5.8,3315,100,0.8279,0.9309,0.03568,-0.115,0.006
2026-09-02 19:38:48,708.49,2026-09-02,704.0,4.47,4.58,4.55,6976,115,0.5511,0.9655,0.03077,-0.035,0.0034
2026-09-02 19:38:48,708.49,2026-09-02,705.0,3.46,3.62,3.56,32616,396,0.4823,0.9468,0.04994,-0.05,0.0049
2026-09-02 19:38:48,708.49,2026-09-02,706.0,2.67,2.71,2.72,87300,204,0.5466,0.8453,0.09677,-0.2,0.0107
2026-09-02 19:38:48,708.49,2026-09-02,707.0,1.75,1.86,1.88,166757,518,0.4807,0.7555,0.14521,-0.315,0.0141
2026-09-02 19:38:48,708.49,2026-09-02,708.0,1.12,1.13,1.14,324421,215,0.4777,0.591,0.18078,-0.635,0.0175
2026-09-02 19:38:48,708.49,2026-09-02,709.0,0.56,0.57,0.61,466317,142,0.442,0.3996,0.19424,-0.565,0.0174
2026-09-02 19:38:48,708.49,2026-09-02,710.0,0.27,0.28,0.28,457260,710,0.4548,0.2311,0.1488,-0.275,0.0137
2026-09-02 19:38:48,708.49,2026-09-02,711.0,0.07,0.08,0.08,174125,278,0.4109,0.088,0.08637,-0.075,0.0072
2026-09-02 19:38:48,708.49,2026-09-02,712.0,0.05,0.06,0.05,105901,246,0.4941,0.0579,0.05209,-0.055,0.0052
2026-09-02 19:38:48,708.49,2026-09-02,713.0,0.01,0.02,0.02,53732,356,0.4812,0.019,0.02142,-0.015,0.0021
2026-09-02 19:38:48,708.49,2026-09-02,714.0,0.03,0.04,0.03,37964,834,0.6516,0.0308,0.0237,-0.035,0.0031
2026-09-02 19:38:48,708.49,2026-09-02,715.0,0.01,0.02,0.02,33249,1741,0.6579,0.0144,0.01234,-0.015,0.0016
2026-09-02 19:39:49,708.53,2026-09-02,702.0,6.39,6.75,6.55,2005,82,0.7896,0.971,0.0191,-0.04,0.0029
2026-09-02 19:39:49,708.53,2026-09-02,703.0,5.31,5.71,5.8,3315,100,,,,,
2026-09-02 19:39:49,708.53,2026-09-02,704.0,4.48,4.61,4.66,6978,115,0.4925,0.9823,0.02017,-0.015,0.0019
2026-09-02 19:39:49,708.53,2026-09-02,705.0,3.55,3.7,3.56,32617,396,0.578,0.9188,0.05927,-0.095,0.0066
2026-09-02 19:39:49,708.53,2026-09-02,706.0,2.7,2.77,2.7,87312,204,0.5709,0.8446,0.09524,-0.205,0.0105
2026-09-02 19:39:49,708.53,2026-09-02,707.0,1.81,1.91,1.83,166763,518,0.5106,0.7534,0.14071,-0.33,0.0138
2026-09-02 19:39:49,708.53,2026-09-02,708.0,1.1,1.12,1.14,324718,215,0.4667,0.6029,0.1882,-0.58,0.0169
2026-09-02 19:39:49,708.53,2026-09-02,709.0,0.56,0.61,0.6,466671,142,0.4553,0.4078,0.19426,-0.585,0.017
2026-09-02 19:39:49,708.53,2026-09-02,710.0,0.23,0.24,0.23,459874,710,0.4289,0.2183,0.15655,-0.235,0.0129
2026-09-02 19:39:49,708.53,2026-09-02,711.0,0.11,0.12,0.08,174332,278,0.4673,0.1151,0.09467,-0.115,0.0085
2026-09-02 19:39:49,708.53,2026-09-02,712.0,0.05,0.06,0.05,106001,246,0.5019,0.0583,0.05288,-0.055,0.0051
2026-09-02 19:39:49,708.53,2026-09-02,713.0,0.03,0.04,0.03,53735,356,0.5625,0.0357,0.03184,-0.035,0.0035
2026-09-02 19:39:49,708.53,2026-09-02,714.0,0.03,0.04,0.02,37968,834,0.6638,0.0309,0.02394,-0.035,0.0031
2026-09-02 19:39:49,708.53,2026-09-02,715.0,0,0.01,0.02,33255,1741,0.6989,0.018,0.01444,-0.02,0.0019
2026-09-02 19:40:50,708.62,2026-09-02,702.0,6.71,6.81,6.55,2005,82,1.0536,0.9304,0.02965,-0.14,0.0057
2026-09-02 19:40:50,708.62,2026-09-02,703.0,5.52,5.67,5.8,3315,100,,,,,
2026-09-02 19:40:50,708.62,2026-09-02,704.0,4.48,4.72,4.48,6983,115,,,,,
2026-09-02 19:40:50,708.62,2026-09-02,705.0,3.66,3.72,3.63,32619,396,0.5623,0.9346,0.05297,-0.07,0.0055
2026-09-02 19:40:50,708.62,2026-09-02,706.0,2.69,2.8,2.69,87318,204,0.5131,0.8845,0.0887,-0.125,0.0083
2026-09-02 19:40:50,708.62,2026-09-02,707.0,1.84,1.93,1.92,166795,518,0.4904,0.7808,0.14082,-0.265,0.0126
2026-09-02 19:40:50,708.62,2026-09-02,708.0,1.12,1.17,1.16,325322,215,0.4667,0.6227,0.19028,-0.525,0.0163
2026-09-02 19:40:50,708.62,2026-09-02,709.0,0.61,0.62,0.61,467235,142,0.4628,0.4247,0.19791,-0.615,0.0168
2026-09-02 19:40:50,708.62,2026-09-02,710.0,0.27,0.28,0.27,461035,710,0.4552,0.2401,0.15968,-0.275,0.0133
2026-09-02 19:40:50,708.62,2026-09-02,711.0,0.06,0.07,0.1,174674,278,0.4007,0.0831,0.08928,-0.065,0.0065
2026-09-02 19:40:50,708.62,2026-09-02,712.0,0.05,0.06,0.05,106329,246,0.5045,0.0594,0.05472,-0.055,0.0051
2026-09-02 19:40:50,708.62,2026-09-02,713.0,0.01,0.02,0.03,55275,356,0.4936,0.0194,0.02237,-0.015,0.002
2026-09-02 19:40:50,708.62,2026-09-02,714.0,0.01,0.02,0.03,38029,834,0.5879,0.0166,0.01645,-0.015,0.0018
2026-09-02 19:40:50,708.62,2026-09-02,715.0,0,0.01,0.02,33256,1741,0.7087,0.0182,0.01474,-0.02,0.0019
2026-09-02 19:41:53,708.56,2026-09-02,702.0,6.37,6.63,6.55,2005,82,,,,,
2026-09-02 19:41:53,708.56,2026-09-02,703.0,5.54,5.76,5.8,3315,100,0.8563,0.9418,0.03266,-0.09,0.0048
2026-09-02 19:41:53,708.56,2026-09-02,704.0,4.48,4.76,4.48,6983,115,0.6712,0.9496,0.03718,-0.06,0.0043
2026-09-02 19:41:53,708.56,2026-09-02,705.0,3.61,3.68,3.63,32619,396,0.5977,0.9247,0.05708,-0.085,0.0059
2026-09-02 19:41:53,708.56,2026-09-02,706.0,2.66,2.72,2.69,87519,204,0.5253,0.8802,0.09147,-0.13,0.0083
2026-09-02 19:41:53,708.56,2026-09-02,707.0,1.85,1.9,1.85,166836,518,0.5332,0.76,0.14019,-0.315,0.0129
2026-09-02 19:41:53,708.56,2026-09-02,708.0,1.13,1.15,1.13,325646,215,0.5001,0.6069,0.18487,-0.58,0.016
2026-09-02 19:41:53,708.56,2026-09-02,709.0,0.55,0.6,0.56,468723,142,0.4668,0.4111,0.20037,-0.575,0.0162
2026-09-02 19:41:53,708.56,2026-09-02,710.0,0.26,0.27,0.26,461804,710,0.4714,0.2321,0.15568,-0.265,0.0127
2026-09-02 19:41:53,708.56,2026-09-02,711.0,0.1,0.11,0.1,174824,278,0.4765,0.1099,0.09481,-0.105,0.0078
2026-09-02 19:41:53,708.56,2026-09-02,712.0,0.01,0.06,0.05,106464,246,0.48,0.043,0.04577,-0.035,0.0038
2026-09-02 19:41:53,708.56,2026-09-02,713.0,0.01,0.02,0.02,55323,356,0.5137,0.0192,0.02193,-0.015,0.0019
2026-09-02 19:41:53,708.56,2026-09-02,714.0,0.01,0.04,0.03,38052,834,0.6596,0.0242,0.02076,-0.025,0.0024
2026-09-02 19:41:53,708.56,2026-09-02,715.0,0,0.03,0.02,33256,1741,0.7348,0.0181,0.01454,-0.02,0.0018
2026-09-02 19:42:54,708.58,2026-09-02,702.0,6.48,6.74,6.55,2005,82,0.8439,0.9738,0.01782,-0.035,0.0025
2026-09-02 19:42:54,708.58,2026-09-02,703.0,5.64,5.75,5.8,3315,100,0.9425,0.9296,0.03542,-0.12,0.0055
2026-09-02 19:42:54,708.58,2026-09-02,704.0,4.59,4.77,4.48,6983,115,0.7843,0.9266,0.04395,-0.105,0.0056
2026-09-02 19:42:54,708.58,2026-09-02,705.0,3.56,3.7,3.67,32621,396,0.5591,0.9439,0.05001,-0.055,0.0046
2026-09-02 19:42:54,708.58,2026-09-02,706.0,2.62,2.76,2.71,87522,204,0.5239,0.8889,0.08948,-0.115,0.0077
2026-09-02 19:42:54,708.58,2026-09-02,707.0,1.76,1.81,1.8,166841,518,0.4639,0.8004,0.14918,-0.21,0.0113
2026-09-02 19:42:54,708.58,2026-09-02,708.0,1.09,1.1,1.1,325842,215,0.4798,0.6174,0.19681,-0.52,0.0154
2026-09-02 19:42:54,708.58,2026-09-02,709.0,0.55,0.56,0.56,469739,142,0.4638,0.4111,0.20754,-0.555,0.0157
2026-09-02 19:42:54,708.58,2026-09-02,710.0,0.2,0.25,0.21,462322,710,0.4494,0.2171,0.1618,-0.225,0.0119
2026-09-02 19:42:54,708.58,2026-09-02,711.0,0.09,0.1,0.1,174868,278,0.4749,0.1039,0.09403,-0.095,0.0073
2026-09-02 19:42:54,708.58,2026-09-02,712.0,0.04,0.05,0.05,106601,246,0.5175,0.0513,0.05037,-0.045,0.0043
2026-09-02 19:42:54,708.58,2026-09-02,713.0,0.03,0.04,0.02,55323,356,0.6061,0.036,0.03229,-0.035,0.0032
2026-09-02 19:42:54,708.58,2026-09-02,714.0,0.01,0.02,0.03,38058,834,0.6268,0.0165,0.01625,-0.015,0.0017
2026-09-02 19:42:54,708.58,2026-09-02,715.0,0,0.01,0.01,33261,1741,0.6861,0.0106,0.01011,-0.01,0.0011
2026-09-02 19:43:55,708.92,2026-09-02,702.0,6.71,6.86,6.55,2005,82,,,,,
2026-09-02 19:43:55,708.92,2026-09-02,703.0,5.76,6.09,5.6,3319,100,,,,,
2026-09-02 19:43:55,708.92,2026-09-02,704.0,4.79,5.02,4.48,6983,115,,,,,
2026-09-02 19:43:55,708.92,2026-09-02,705.0,3.79,3.98,3.86,32628,396,,,,,
2026-09-02 19:43:55,708.92,2026-09-02,706.0,2.91,3.02,2.98,87526,204,0.4593,0.9484,0.05874,-0.04,0.0041
2026-09-02 19:43:55,708.92,2026-09-02,707.0,2.029,2.18,2.1,166902,518,0.5106,0.8326,0.12513,-0.1795,0.0098
2026-09-02 19:43:55,708.92,2026-09-02,708.0,1.33,1.34,1.33,326758,215,0.5034,0.6811,0.18092,-0.41,0.014
2026-09-02 19:43:55,708.92,2026-09-02,709.0,0.67,0.68,0.67,470694,142,0.4548,0.4839,0.22354,-0.675,0.0156
2026-09-02 19:43:55,708.92,2026-09-02,710.0,0.31,0.32,0.31,464274,710,0.4661,0.279,0.18384,-0.315,0.0132
2026-09-02 19:43:55,708.92,2026-09-02,711.0,0.11,0.12,0.12,175009,278,0.463,0.1272,0.1148,-0.115,0.0082
2026-09-02 19:43:55,708.92,2026-09-02,712.0,0.01,0.05,0.05,106642,246,0.4516,0.0417,0.05037,-0.03,0.0035
2026-09-02 19:43:55,708.92,2026-09-02,713.0,0.01,0.04,0.02,55337,356,0.5502,0.03,0.0315,-0.025,0.0027
2026-09-02 19:43:55,708.92,2026-09-02,714.0,0,0.01,0.03,38060,834,0.6805,0.0292,0.02492,-0.03,0.0026
2026-09-02 19:43:55,708.92,2026-09-02,715.0,0,0.01,0.01,33490,1741,0.6736,0.0111,0.01102,-0.01,0.0011
2026-09-02 19:44:56,708.86,2026-09-02,702.0,6.8,6.93,6.55,2007,82,0.7039,0.9951,0.00532,-0.005,0.0005
2026-09-02 19:44:56,708.86,2026-09-02,703.0,5.86,5.96,5.6,3319,100,0.8703,0.9628,0.02459,-0.05,0.0031
2026-09-02 19:44:56,708.86,2026-09-02,704.0,4.8,4.96,4.8,6990,115,0.6351,0.9786,0.02128,-0.02,0.0019
2026-09-02 19:44:56,708.86,2026-09-02,705.0,3.83,3.97,3.81,32631,396,0.5932,0.9574,0.04028,-0.04,0.0034
2026-09-02 19:44:56,708.86,2026-09-02,706.0,2.96,3.02,2.95,87533,204,0.6232,0.8876,0.08075,-0.13,0.0072
2026-09-02 19:44:56,708.86,2026-09-02,707.0,1.97,2.12,2.03,167240,518,0.5218,0.827,0.12923,-0.185,0.0097
2026-09-02 19:44:56,708.86,2026-09-02,708.0,1.25,1.3,1.29,327099,215,0.5084,0.6729,0.18707,-0.415,0.0137
2026-09-02 19:44:56,708.86,2026-09-02,709.0,0.65,0.7,0.7,472337,142,0.4904,0.4707,0.2138,-0.675,0.0151
2026-09-02 19:44:56,708.86,2026-09-02,710.0,0.25,0.3,0.3,465079,710,0.4636,0.2592,0.18408,-0.275,0.0123
2026-09-02 19:44:56,708.86,2026-09-02,711.0,0.1,0.11,0.07,175214,278,0.4757,0.1186,0.10991,-0.105,0.0075
2026-09-02 19:44:56,708.86,2026-09-02,712.0,0.01,0.05,0.05,106684,246,0.4746,0.0411,0.04894,-0.03,0.0033
2026-09-02 19:44:56,708.86,2026-09-02,713.0,0.01,0.04,0.03,55351,356,0.576,0.0296,0.0308,-0.025,0.0026
2026-09-02 19:44:56,708.86,2026-09-02,714.0,0,0.01,0.01,38060,834,0.6024,0.0126,0.01425,-0.01,0.0012
2026-09-02 19:44:56,708.86,2026-09-02,715.0,0,0.01,0.02,33492,1741,0.7734,0.0187,0.01561,-0.02,0.0017
2026-09-02 19:45:57,708.94,2026-09-02,702.0,6.8,7.15,6.8,2007,82,0.9744,0.9747,0.01651,-0.035,0.0022
2026-09-02 19:45:57,708.94,2026-09-02,703.0,5.94,6.04,5.87,3322,100,0.9114,0.9631,0.02414,-0.05,0.003
2026-09-02 19:45:57,708.94,2026-09-02,704.0,4.97,5.15,4.78,6993,115,0.9472,0.9237,0.0413,-0.12,0.0053
2026-09-02 19:45:57,708.94,2026-09-02,705.0,3.97,4.059,4.07,32632,396,0.7117,0.9353,0.04841,-0.0745,0.0046
2026-09-02 19:45:57,708.94,2026-09-02,706.0,3.02,3.12,3.02,87542,204,0.6582,0.8894,0.07826,-0.13,0.0069
2026-09-02 19:45:57,708.94,2026-09-02,707.0,2.05,2.16,2.15,167290,518,0.5331,0.8404,0.12433,-0.165,0.0089
2026-09-02 19:45:57,708.94,2026-09-02,708.0,1.34,1.36,1.32,327975,215,0.5422,0.6826,0.17931,-0.41,0.0131
2026-09-02 19:45:57,708.94,2026-09-02,709.0,0.72,0.73,0.72,474097,142,0.5158,0.488,0.21093,-0.725,0.0146
2026-09-02 19:45:57,708.94,2026-09-02,710.0,0.32,0.33,0.32,466271,710,0.5034,0.2835,0.18356,-0.325,0.0124
2026-09-02 19:45:57,708.94,2026-09-02,711.0,0.07,0.12,0.08,175432,278,0.4657,0.1144,0.1133,-0.095,0.0071
2026-09-02 19:45:57,708.94,2026-09-02,712.0,0.04,0.05,0.04,106852,246,0.5219,0.0554,0.0585,-0.045,0.0041
2026-09-02 19:45:57,708.94,2026-09-02,713.0,0.03,0.04,0.02,55448,356,0.623,0.0383,0.03641,-0.035,0.003
2026-09-02 19:45:57,708.94,2026-09-02,714.0,0,0.01,0.02,38132,834,0.6801,0.0217,0.02078,-0.02,0.0019
2026-09-02 19:45:57,708.94,2026-09-02,715.0,0,0.03,0.01,33684,1741,0.7191,0.0111,0.01106,-0.01,0.0011
2026-09-02 19:46:59,708.98,2026-09-02,702.0,6.8,7.15,6.93,2008,82,,,,,
2026-09-02 19:46:59,708.98,2026-09-02,703.0,5.9,6.15,5.91,3325,100,0.9344,0.966,0.0229,-0.045,0.0027
2026-09-02 19:46:59,708.98,2026-09-02,704.0,4.91,5.12,4.94,7003,115,0.7677,0.9677,0.02671,-0.035,0.0026
2026-09-02 19:46:59,708.98,2026-09-02,705.0,3.86,4.13,3.85,32633,396,0.5513,0.98,0.02485,-0.015,0.0017
2026-09-02 19:46:59,708.98,2026-09-02,706.0,2.89,3.13,2.88,87544,204,0.4895,0.9583,0.05161,-0.03,0.0031
2026-09-02 19:46:59,708.98,2026-09-02,707.0,2.11,2.2,2.09,167395,518,0.5732,0.8371,0.12178,-0.175,0.0087
2026-09-02 19:46:59,708.98,2026-09-02,708.0,1.38,1.4,1.38,328877,215,0.5737,0.6867,0.17518,-0.41,0.0125
2026-09-02 19:46:59,708.98,2026-09-02,709.0,0.72,0.77,0.72,474797,142,0.5363,0.4965,0.21091,-0.745,0.0141
2026-09-02 19:46:59,708.98,2026-09-02,710.0,0.34,0.35,0.33,467650,710,0.5302,0.2934,0.18406,-0.345,0.0121
2026-09-02 19:46:59,708.98,2026-09-02,711.0,0.08,0.09,0.13,175716,278,0.4624,0.1084,0.11407,-0.085,0.0066
2026-09-02 19:46:59,708.98,2026-09-02,712.0,0.04,0.05,0.02,106920,246,0.5368,0.0559,0.05953,-0.045,0.004
2026-09-02 19:46:59,708.98,2026-09-02,713.0,0.03,0.04,0.02,55469,356,0.6423,0.0385,0.03691,-0.035,0.0029
2026-09-02 19:46:59,708.98,2026-09-02,714.0,0,0.03,0.01,38296,834,0.6352,0.0128,0.01478,-0.01,0.0012
2026-09-02 19:46:59,708.98,2026-09-02,715.0,0,0.03,0.01,33765,1741,0.7431,0.0111,0.01118,-0.01,0.001
2026-09-02 19:48:00,708.97,2026-09-02,702.0,6.98,7.03,6.98,2010,82,1.0826,0.9721,0.01749,-0.04,0.0022
2026-09-02 19:48:00,708.97,2026-09-02,703.0,5.95,6.09,5.91,3325,100,1.0082,0.9606,0.02495,-0.055,0.0029
2026-09-02 19:48:00,708.97,2026-09-02,704.0,4.84,5.07,4.94,7015,115,,,,,
2026-09-02 19:48:00,708.97,2026-09-02,705.0,3.89,4.13,3.94,32640,396,0.696,0.9544,0.04065,-0.045,0.0032
2026-09-02 19:48:00,708.97,2026-09-02,706.0,3.02,3.18,3,87556,204,0.7248,0.8874,0.07792,-0.135,0.0065
2026-09-02 19:48:00,708.97,2026-09-02,707.0,2.15,2.19,2.17,167594,518,0.6291,0.8227,0.12203,-0.205,0.0088
2026-09-02 19:48:00,708.97,2026-09-02,708.0,1.37,1.39,1.32,329929,215,0.5978,0.684,0.17576,-0.415,0.012
2026-09-02 19:48:00,708.97,2026-09-02,709.0,0.77,0.79,0.77,477888,142,0.5901,0.4937,0.19966,-0.78,0.0135
2026-09-02 19:48:00,708.97,2026-09-02,710.0,0.34,0.35,0.3,468745,710,0.5561,0.292,0.18239,-0.345,0.0116
2026-09-02 19:48:00,708.97,2026-09-02,711.0,0.08,0.13,0.12,176124,278,0.5147,0.1221,0.11621,-0.105,0.0069
2026-09-02 19:48:00,708.97,2026-09-02,712.0,0.04,0.05,0.02,107169,246,0.5614,0.0557,0.05914,-0.045,0.0038
2026-09-02 19:48:00,708.97,2026-09-02,713.0,0.03,0.04,0.03,55471,356,0.671,0.0384,0.03672,-0.035,0.0028
2026-09-02 19:48:00,708.97,2026-09-02,714.0,0,0.01,0.01,38325,834,0.6633,0.0128,0.01471,-0.01,0.0011
2026-09-02 19:48:00,708.97,2026-09-02,715.0,0,0.03,0.01,33816,1741,0.7756,0.0111,0.01113,-0.01,0.001
2026-09-02 19:49:01,709.14,2026-09-02,703.0,6.03,6.27,5.91,3325,100,0.7518,0.9944,0.00657,-0.005,0.0005
2026-09-02 19:49:01,709.14,2026-09-02,704.0,4.99,5.19,4.9,7016,115,,,,,
2026-09-02 19:49:01,709.14,2026-09-02,705.0,3.97,4.18,3.87,32640,396,,,,,
2026-09-02 19:49:01,709.14,2026-09-02,706.0,3.01,3.27,3,87556,204,,,,,
2026-09-02 19:49:01,709.14,2026-09-02,707.0,2.22,2.3,2.22,167610,518,0.5745,0.8761,0.1099,-0.115,0.0066
2026-09-02 19:49:01,709.14,2026-09-02,708.0,1.47,1.48,1.47,330258,215,0.5966,0.7239,0.17296,-0.33,0.0108
2026-09-02 19:49:01,709.14,2026-09-02,709.0,0.86,0.88,0.85,478548,142,0.6152,0.5297,0.1996,-0.725,0.0129
2026-09-02 19:49:01,709.14,2026-09-02,710.0,0.36,0.37,0.36,470137,710,0.5507,0.3166,0.19954,-0.365,0.0115
2026-09-02 19:49:01,709.14,2026-09-02,711.0,0.15,0.16,0.11,176294,278,0.5723,0.1592,0.13083,-0.155,0.0079
2026-09-02 19:49:01,709.14,2026-09-02,712.0,0.05,0.06,0.05,107203,246,0.5843,0.0664,0.06807,-0.055,0.0042
2026-09-02 19:49:01,709.14,2026-09-02,713.0,0.03,0.04,0.03,55699,356,0.6758,0.0397,0.03912,-0.035,0.0028
2026-09-02 19:49:01,709.14,2026-09-02,714.0,0,0.01,0.01,38326,834,0.6718,0.0132,0.01555,-0.01,0.0011
2026-09-02 19:49:01,709.14,2026-09-02,715.0,0,0.03,0.01,33827,1741,0.7896,0.0114,0.01167,-0.01,0.001
2026-09-02 19:49:01,709.14,2026-09-02,716.0,0,0.03,0.02,17252,912,0.9947,0.0172,0.01324,-0.02,0.0014
2026-09-02 19:50:02,709.18,2026-09-02,703.0,5.97,6.29,5.91,3325,100,,,,,
2026-09-02 19:50:02,709.18,2026-09-02,704.0,4.83,5.69,5.16,7116,115,1.065,0.9434,0.03461,-0.08,0.0035
2026-09-02 19:50:02,709.18,2026-09-02,705.0,3.86,4.23,3.87,32655,396,,,,,
2026-09-02 19:50:02,709.18,2026-09-02,706.0,2.99,3.22,3,87586,204,,,,,
2026-09-02 19:50:02,709.18,2026-09-02,707.0,2.13,2.43,2.21,167742,518,0.5854,0.8869,0.10619,-0.1,0.0059
2026-09-02 19:50:02,709.18,2026-09-02,708.0,1.45,1.49,1.45,330804,215,0.5962,0.74,0.17627,-0.29,0.01
2026-09-02 19:50:02,709.18,2026-09-02,709.0,0.85,0.9,0.85,479867,142,0.6347,0.5373,0.20277,-0.695,0.0123
2026-09-02 19:50:02,709.18,2026-09-02,710.0,0.38,0.39,0.38,471472,710,0.586,0.3258,0.1992,-0.385,0.0111
2026-09-02 19:50:02,709.18,2026-09-02,711.0,0.16,0.17,0.16,176603,278,0.6064,0.1661,0.13322,-0.165,0.0077
2026-09-02 19:50:02,709.18,2026-09-02,712.0,0.02,0.03,0.06,107215,246,0.517,0.039,0.0529,-0.025,0.0026
2026-09-02 19:50:02,709.18,2026-09-02,713.0,0.01,0.04,0.03,55710,356,0.6628,0.0314,0.03454,-0.025,0.0022
2026-09-02 19:50:02,709.18,2026-09-02,714.0,0,0.03,0.01,38344,834,0.7008,0.0132,0.01572,-0.01,0.001
2026-09-02 19:50:02,709.18,2026-09-02,715.0,0,0.03,0.01,33838,1741,0.8246,0.0114,0.01177,-0.01,0.0009
2026-09-02 19:50:02,709.18,2026-09-02,716.0,0,0.01,0.01,17299,912,0.9461,0.0101,0.00921,-0.01,0.0008
2026-09-02 19:51:03,709.1,2026-09-02,703.0,5.98,6.28,5.91,3326,100,1.0967,0.972,0.02003,-0.035,0.0019
2026-09-02 19:51:03,709.1,2026-09-02,704.0,4.94,5.1,5.01,7116,115,,,,,
2026-09-02 19:51:03,709.1,2026-09-02,705.0,4.11,4.18,4.05,32656,396,0.8454,0.9519,0.04047,-0.05,0.0029
2026-09-02 19:51:03,709.1,2026-09-02,706.0,2.97,3.17,2.99,87586,204,,,,,
2026-09-02 19:51:03,709.1,2026-09-02,707.0,2.21,2.29,2.14,167778,518,0.6886,0.8517,0.11493,-0.155,0.0068
2026-09-02 19:51:03,709.1,2026-09-02,708.0,1.49,1.52,1.49,331038,215,0.7265,0.6976,0.16424,-0.41,0.0102
2026-09-02 19:51:03,709.1,2026-09-02,709.0,0.87,0.88,0.87,480745,142,0.7084,0.519,0.19237,-0.78,0.0117
2026-09-02 19:51:03,709.1,2026-09-02,710.0,0.41,0.42,0.35,472123,710,0.6732,0.3235,0.1825,-0.415,0.0105
2026-09-02 19:51:03,709.1,2026-09-02,711.0,0.12,0.13,0.16,176823,278,0.6009,0.1398,0.12655,-0.125,0.0065
2026-09-02 19:51:03,709.1,2026-09-02,712.0,0.02,0.03,0.06,107230,246,0.559,0.0382,0.05076,-0.025,0.0024
2026-09-02 19:51:03,709.1,2026-09-02,713.0,0.01,0.02,0.03,55711,356,0.6555,0.0212,0.02652,-0.015,0.0015
2026-09-02 19:51:03,709.1,2026-09-02,714.0,0,0.01,0.02,38372,834,0.8305,0.0222,0.02175,-0.02,0.0015
2026-09-02 19:51:03,709.1,2026-09-02,715.0,0,0.03,0.02,33839,1741,0.9711,0.0193,0.01654,-0.02,0.0014
2026-09-02 19:51:03,709.1,2026-09-02,716.0,0,0.03,0.01,17331,912,1.0093,0.01,0.00904,-0.01,0.0008
2026-09-02 19:52:06,708.93,2026-09-02,702.0,6.85,6.95,6.98,2010,82,,,,,
2026-09-02 19:52:06,708.93,2026-09-02,703.0,5.93,6.09,5.75,3326,100,1.3324,0.9484,0.0289,-0.08,0.0029
2026-09-02 19:52:06,708.93,2026-09-02,704.0,4.88,5.01,4.83,7135,115,0.8521,0.9828,0.0182,-0.015,0.0012
2026-09-02 19:52:06,708.93,2026-09-02,705.0,3.88,4.07,3.86,32657,396,0.8525,0.9539,0.04123,-0.045,0.0027
2026-09-02 19:52:06,708.93,2026-09-02,706.0,2.9,3.02,2.99,87591,204,0.6209,0.9575,0.05304,-0.03,0.0025
2026-09-02 19:52:06,708.93,2026-09-02,707.0,2.1,2.17,2.07,167828,518,0.7667,0.821,0.12413,-0.205,0.0072
2026-09-02 19:52:06,708.93,2026-09-02,708.0,1.36,1.37,1.36,331416,215,0.7457,0.6758,0.17549,-0.435,0.0099
2026-09-02 19:52:06,708.93,2026-09-02,709.0,0.72,0.73,0.72,481955,142,0.6926,0.486,0.2095,-0.725,0.011
2026-09-02 19:52:06,708.93,2026-09-02,710.0,0.35,0.36,0.31,473836,710,0.7067,0.2915,0.17671,-0.355,0.0094
2026-09-02 19:52:06,708.93,2026-09-02,711.0,0.14,0.15,0.12,177269,278,0.7097,0.1449,0.11685,-0.145,0.0063
2026-09-02 19:52:06,708.93,2026-09-02,712.0,0.02,0.03,0.03,107338,246,0.6223,0.0367,0.047,-0.025,0.0022
2026-09-02 19:52:06,708.93,2026-09-02,713.0,0.03,0.04,0.03,55993,356,0.8327,0.0382,0.03628,-0.035,0.0023
2026-09-02 19:52:06,708.93,2026-09-02,714.0,0,0.03,0.01,38375,834,0.8223,0.0127,0.01455,-0.01,0.0009
2026-09-02 19:52:06,708.93,2026-09-02,715.0,0,0.03,0.01,33851,1741,0.9606,0.0111,0.01103,-0.01,0.0008
2026-09-02 19:53:07,708.86,2026-09-02,702.0,6.78,6.98,6.98,2010,82,1.3091,0.9801,0.01439,-0.025,0.0012
2026-09-02 19:53:07,708.86,2026-09-02,703.0,5.71,5.97,5.75,3326,100,,,,,
2026-09-02 19:53:07,708.86,2026-09-02,704.0,4.84,5.02,4.89,7139,115,1.2019,0.9433,0.03697,-0.075,0.0029
2026-09-02 19:53:07,708.86,2026-09-02,705.0,3.86,3.94,3.92,32672,396,0.8998,0.9533,0.04235,-0.045,0.0025
2026-09-02 19:53:07,708.86,2026-09-02,706.0,2.8,3.01,3.08,87594,204,0.7248,0.9384,0.06548,-0.05,0.0031
2026-09-02 19:53:07,708.86,2026-09-02,707.0,1.98,2.05,1.98,167857,518,0.7327,0.839,0.13006,-0.16,0.0063
2026-09-02 19:53:07,708.86,2026-09-02,708.0,1.29,1.31,1.24,332120,215,0.7833,0.6655,0.1813,-0.445,0.0093
2026-09-02 19:53:07,708.86,2026-09-02,709.0,0.67,0.72,0.67,482544,142,0.748,0.4705,0.20746,-0.695,0.0102
2026-09-02 19:53:07,708.86,2026-09-02,710.0,0.31,0.32,0.27,474510,710,0.7356,0.2725,0.17616,-0.315,0.0085
2026-09-02 19:53:07,708.86,2026-09-02,711.0,0.12,0.13,0.09,177470,278,0.7434,0.1309,0.11152,-0.125,0.0054
2026-09-02 19:53:07,708.86,2026-09-02,712.0,0.01,0.02,0.04,107404,246,0.6234,0.0249,0.03642,-0.015,0.0015
2026-09-02 19:53:07,708.86,2026-09-02,713.0,0.01,0.04,0.03,56171,356,0.8536,0.0296,0.03074,-0.025,0.0017
2026-09-02 19:53:07,708.86,2026-09-02,714.0,0,0.01,0.02,38376,834,0.9861,0.0214,0.02027,-0.02,0.0013
2026-09-02 19:53:07,708.86,2026-09-02,715.0,0,0.03,0.01,34010,1741,1.0406,0.011,0.01083,-0.01,0.0007
2026-09-02 19:54:08,708.96,2026-09-02,702.0,6.83,7.06,6.98,2010,82,,,,,
2026-09-02 19:54:08,708.96,2026-09-02,703.0,5.88,6.15,5.75,3326,100,1.4438,0.9604,0.02504,-0.055,0.002
2026-09-02 19:54:08,708.96,2026-09-02,704.0,4.84,4.98,4.77,7139,115,,,,,
2026-09-02 19:54:08,708.96,2026-09-02,705.0,3.9,4.019,3.84,32699,396,,,,,
2026-09-02 19:54:08,708.96,2026-09-02,706.0,2.95,3.03,2.89,87609,204,0.7277,0.9577,0.05238,-0.03,0.0021
2026-09-02 19:54:08,708.96,2026-09-02,707.0,2.13,2.2,2.07,167869,518,0.8994,0.8223,0.12234,-0.205,0.0062
2026-09-02 19:54:08,708.96,2026-09-02,708.0,1.29,1.31,1.29,332336,215,0.7638,0.703,0.19156,-0.34,0.0082
2026-09-02 19:54:08,708.96,2026-09-02,709.0,0.74,0.75,0.71,483323,142,0.8103,0.4923,0.2081,-0.745,0.0094
2026-09-02 19:54:08,708.96,2026-09-02,710.0,0.29,0.34,0.33,475114,710,0.7606,0.2823,0.18782,-0.315,0.008
2026-09-02 19:54:08,708.96,2026-09-02,711.0,0.13,0.14,0.13,177494,278,0.7976,0.1405,0.11824,-0.135,0.0053
2026-09-02 19:54:08,708.96,2026-09-02,712.0,0.01,0.02,0.04,107472,246,0.6567,0.0255,0.03826,-0.015,0.0014
2026-09-02 19:54:08,708.96,2026-09-02,713.0,0.01,0.04,0.02,56177,356,0.9057,0.0301,0.03189,-0.025,0.0016
2026-09-02 19:54:08,708.96,2026-09-02,714.0,0,0.03,0.02,38386,834,1.0503,0.0217,0.0209,-0.02,0.0012
2026-09-02 19:54:08,708.96,2026-09-02,715.0,0,0.03,0.01,34169,1741,1.111,0.0111,0.01112,-0.01,0.0007
2026-09-02 19:55:09,709.13,2026-09-02,703.0,6.16,6.35,5.75,3326,100,1.9261,0.9318,0.03178,-0.125,0.0028
2026-09-02 19:55:09,709.13,2026-09-02,704.0,5.03,5.25,4.77,7141,115,1.065,0.9878,0.01387,-0.01,0.0007
2026-09-02 19:55:09,709.13,2026-09-02,705.0,4.09,4.24,3.98,32707,396,1.0814,0.9627,0.03502,-0.035,0.0018
2026-09-02 19:55:09,709.13,2026-09-02,706.0,3.14,3.31,3.12,87617,204,1.0802,0.9118,0.06885,-0.095,0.0034
2026-09-02 19:55:09,709.13,2026-09-02,707.0,2.19,2.25,2.39,167888,518,0.8025,0.892,0.1075,-0.09,0.004
2026-09-02 19:55:09,709.13,2026-09-02,708.0,1.4,1.42,1.39,332611,215,0.8229,0.7391,0.18363,-0.28,0.007
2026-09-02 19:55:09,709.13,2026-09-02,709.0,0.78,0.8,0.78,484290,142,0.8427,0.5292,0.21952,-0.66,0.0086
2026-09-02 19:55:09,709.13,2026-09-02,710.0,0.31,0.32,0.31,475525,710,0.7697,0.3002,0.21009,-0.315,0.0075
2026-09-02 19:55:09,709.13,2026-09-02,711.0,0.14,0.15,0.1,177546,278,0.8473,0.1531,0.12968,-0.145,0.0051
2026-09-02 19:55:09,709.13,2026-09-02,712.0,0.06,0.07,0.03,107501,246,0.9185,0.0738,0.07075,-0.065,0.003
2026-09-02 19:55:09,709.13,2026-09-02,713.0,0.01,0.04,0.01,56257,356,0.9614,0.0311,0.0339,-0.025,0.0015
2026-09-02 19:55:09,709.13,2026-09-02,714.0,0,0.01,0.01,38463,834,1.0147,0.0131,0.01548,-0.01,0.0007
2026-09-02 19:55:09,709.13,2026-09-02,715.0,0,0.03,0.01,34171,1741,1.1922,0.0114,0.01162,-0.01,0.0006
2026-09-02 19:55:09,709.13,2026-09-02,716.0,0,0.01,0.01,17628,912,1.3663,0.0101,0.00911,-0.01,0.0006
2026-09-02 19:56:10,708.89,2026-09-02,702.0,6.79,6.93,6.78,2011,82,,,,,
2026-09-02 19:56:10,708.89,2026-09-02,703.0,5.74,5.94,5.75,3327,100,,,,,
2026-09-02 19:56:10,708.89,2026-09-02,704.0,4.72,4.99,4.88,7141,115,,,,,
2026-09-02 19:56:10,708.89,2026-09-02,705.0,3.75,3.92,3.78,32707,396,,,,,
2026-09-02 19:56:10,708.89,2026-09-02,706.0,2.87,2.94,2.82,87618,204,0.7806,0.9739,0.04055,-0.015,0.0012
2026-09-02 19:56:10,708.89,2026-09-02,707.0,2.009,2.02,2,167892,518,0.9155,0.8606,0.12684,-0.1245,0.0042
2026-09-02 19:56:10,708.89,2026-09-02,708.0,1.24,1.27,1.22,332651,215,0.9509,0.6884,0.19455,-0.365,0.0068
2026-09-02 19:56:10,708.89,2026-09-02,709.0,0.69,0.7,0.7,484579,142,0.9818,0.4772,0.21227,-0.695,0.0076
2026-09-02 19:56:10,708.89,2026-09-02,710.0,0.29,0.3,0.26,476878,710,0.9402,0.269,0.18366,-0.295,0.0063
2026-09-02 19:56:10,708.89,2026-09-02,711.0,0.11,0.12,0.08,177599,278,0.9612,0.126,0.11269,-0.115,0.004
2026-09-02 19:56:10,708.89,2026-09-02,712.0,0.05,0.06,0.05,108119,246,1.0586,0.0627,0.06096,-0.055,0.0024
2026-09-02 19:56:10,708.89,2026-09-02,713.0,0.03,0.04,0.03,56281,356,1.2068,0.0379,0.03579,-0.035,0.0016
2026-09-02 19:56:10,708.89,2026-09-02,714.0,0,0.01,0.02,38504,834,1.3152,0.0215,0.02048,-0.02,0.001
2026-09-02 19:56:10,708.89,2026-09-02,715.0,0,0.03,0.01,34171,1741,1.3889,0.011,0.01092,-0.01,0.0006
2026-09-02 19:57:13,709.05,2026-09-02,703.0,5.87,6.16,5.79,3328,100,,,,,
2026-09-02 19:57:13,709.05,2026-09-02,704.0,4.81,5.06,4.88,7141,115,,,,,
2026-09-02 19:57:13,709.05,2026-09-02,705.0,3.86,4.04,3.78,32713,396,,,,,
2026-09-02 19:57:13,709.05,2026-09-02,706.0,3.02,3.16,2.77,87619,204,1.1461,0.9492,0.05591,-0.04,0.0017
2026-09-02 19:57:13,709.05,2026-09-02,707.0,2.1,2.23,2.05,167896,518,1.107,0.8726,0.11558,-0.115,0.0034
2026-09-02 19:57:13,709.05,2026-09-02,708.0,1.36,1.39,1.31,332821,215,1.1282,0.7165,0.18407,-0.325,0.0055
2026-09-02 19:57:13,709.05,2026-09-02,709.0,0.71,0.76,0.72,484944,142,1.0908,0.5117,0.22417,-0.685,0.0065
2026-09-02 19:57:13,709.05,2026-09-02,710.0,0.32,0.34,0.32,481706,710,1.0838,0.296,0.19554,-0.33,0.0056
2026-09-02 19:57:13,709.05,2026-09-02,711.0,0.12,0.13,0.12,177846,278,1.0949,0.138,0.12345,-0.125,0.0036
2026-09-02 19:57:13,709.05,2026-09-02,712.0,0.05,0.06,0.02,108709,246,1.1909,0.065,0.06525,-0.055,0.0021
2026-09-02 19:57:13,709.05,2026-09-02,713.0,0.01,0.04,0.03,56314,356,1.2896,0.0306,0.03292,-0.025,0.0011
2026-09-02 19:57:13,709.05,2026-09-02,714.0,0,0.03,0.01,38506,834,1.3572,0.013,0.01509,-0.01,0.0005
2026-09-02 19:57:13,709.05,2026-09-02,715.0,0,0.01,0.01,34190,1741,1.5909,0.0112,0.01138,-0.01,0.0005
2026-09-02 19:57:13,709.05,2026-09-02,716.0,0,0.01,0.01,17646,912,1.8202,0.01,0.00895,-0.01,0.0004
2026-09-02 19:58:14,709.11,2026-09-02,703.0,5.93,6.19,5.79,3331,100,,,,,
2026-09-02 19:58:14,709.11,2026-09-02,704.0,5.05,5.15,4.88,7144,115,,,,,
2026-09-02 19:58:14,709.11,2026-09-02,705.0,3.94,4.2,3.91,32730,396,,,,,
2026-09-02 19:58:14,709.11,2026-09-02,706.0,3.06,3.15,3.16,87726,204,,,,,
2026-09-02 19:58:14,709.11,2026-09-02,707.0,2.17,2.22,2.16,168186,518,1.2989,0.8949,0.10778,-0.085,0.0024
2026-09-02 19:58:14,709.11,2026-09-02,708.0,1.33,1.4,1.33,333244,215,1.2902,0.7466,0.19089,-0.255,0.0042
2026-09-02 19:58:14,709.11,2026-09-02,709.0,0.77,0.78,0.77,487440,142,1.3863,0.5249,0.22103,-0.665,0.0052
2026-09-02 19:58:14,709.11,2026-09-02,710.0,0.29,0.31,0.33,482557,710,1.2538,0.293,0.2111,-0.3,0.0045
2026-09-02 19:58:14,709.11,2026-09-02,711.0,0.08,0.09,0.12,178201,278,1.197,0.1127,0.123,-0.085,0.0025
2026-09-02 19:58:14,709.11,2026-09-02,712.0,0.01,0.02,0.05,108801,246,1.1461,0.0265,0.04117,-0.015,0.0008
2026-09-02 19:58:14,709.11,2026-09-02,713.0,0.01,0.02,0.01,56367,356,1.4704,0.0212,0.02666,-0.015,0.0007
2026-09-02 19:58:14,709.11,2026-09-02,714.0,0,0.03,0.01,38754,834,1.6854,0.0131,0.01538,-0.01,0.0004
2026-09-02 19:58:14,709.11,2026-09-02,715.0,0,0.01,0.01,34195,1741,1.979,0.0113,0.01156,-0.01,0.0004
2026-09-02 19:58:14,709.11,2026-09-02,716.0,0,0.01,0.01,17646,912,2.2671,0.01,0.00907,-0.01,0.0003
2026-09-02 19:59:14,709.25,2026-09-02,703.0,6.17,6.34,5.88,3332,100,2.7878,0.9893,0.01034,-0.01,0.0003
2026-09-02 19:59:14,709.25,2026-09-02,704.0,5.09,5.32,5.01,7146,115,,,,,
2026-09-02 19:59:14,709.25,2026-09-02,705.0,4.09,4.29,3.98,32738,396,,,,,
2026-09-02 19:59:14,709.25,2026-09-02,706.0,3.15,3.34,3.19,87753,204,,,,,
2026-09-02 19:59:14,709.25,2026-09-02,707.0,2.27,2.32,2.19,168307,518,1.5788,0.9274,0.08937,-0.05,0.0014
2026-09-02 19:59:14,709.25,2026-09-02,708.0,1.42,1.46,1.42,333733,215,1.6199,0.7845,0.18463,-0.195,0.0029
2026-09-02 19:59:14,709.25,2026-09-02,709.0,0.77,0.79,0.77,488105,142,1.6661,0.5602,0.24197,-0.535,0.0039
2026-09-02 19:59:14,709.25,2026-09-02,710.0,0.32,0.34,0.34,483958,710,1.6329,0.3187,0.22349,-0.33,0.0035
2026-09-02 19:59:14,709.25,2026-09-02,711.0,0.09,0.14,0.09,178516,278,1.6544,0.1397,0.1373,-0.115,0.0022
2026-09-02 19:59:14,709.25,2026-09-02,712.0,0.01,0.06,0.05,108991,246,1.7088,0.0501,0.06182,-0.035,0.001
2026-09-02 19:59:14,709.25,2026-09-02,713.0,0.03,0.04,0.02,56377,356,2.191,0.0404,0.04056,-0.035,0.0009
2026-09-02 19:59:14,709.25,2026-09-02,714.0,0,0.01,0.01,38826,834,2.1855,0.0134,0.01605,-0.01,0.0003
2026-09-02 19:59:14,709.25,2026-09-02,715.0,0,0.03,0.01,34202,1741,2.5766,0.0115,0.01198,-0.01,0.0003
2026-09-02 19:59:14,709.25,2026-09-02,716.0,0,0.03,0.01,17650,912,2.9601,0.0102,0.00935,-0.01,0.0003
2026-09-02 20:00:15,709.32,2026-09-02,703.0,5.86,6.29,6.29,3336,100,,,,,
2026-09-02 20:00:15,709.32,2026-09-02,704.0,4.98,5.29,5.31,7165,115,,,,,
2026-09-02 20:00:15,709.32,2026-09-02,705.0,3.9,4.28,4.34,32878,396,,,,,
2026-09-02 20:00:15,709.32,2026-09-02,706.0,3.07,3.4,3.22,87957,204,,,,,
2026-09-02 20:00:15,709.32,2026-09-02,707.0,2.16,2.41,2.41,168602,518,,,,,
2026-09-02 20:00:15,709.32,2026-09-02,708.0,1.4,1.47,1.54,334890,215,1.3713,0.8379,0.18292,-0.115,0.0024
2026-09-02 20:00:15,709.32,2026-09-02,709.0,0.84,0.86,0.84,491899,142,1.7374,0.5752,0.23052,-0.53,0.0038
2026-09-02 20:00:15,709.32,2026-09-02,710.0,0.32,0.33,0.34,486900,710,1.5497,0.3274,0.23808,-0.325,0.0035
2026-09-02 20:00:15,709.32,2026-09-02,711.0,0.09,0.14,0.14,180012,278,1.6061,0.143,0.14373,-0.115,0.0022
2026-09-02 20:00:15,709.32,2026-09-02,712.0,0.01,0.06,0.03,110139,246,1.6715,0.0511,0.06415,-0.035,0.001
2026-09-02 20:00:15,709.32,2026-09-02,713.0,0.03,0.04,0.03,57210,356,2.1553,0.041,0.0417,-0.035,0.0009
2026-09-02 20:00:15,709.32,2026-09-02,714.0,0,0.03,0.01,39397,834,2.1556,0.0135,0.01644,-0.01,0.0003
2026-09-02 20:00:15,709.32,2026-09-02,715.0,0,0.01,0.01,34591,1741,2.5473,0.0117,0.01222,-0.01,0.0003
2026-09-02 20:00:15,709.32,2026-09-02,716.0,0,0.01,0.01,17742,912,2.9313,0.0103,0.00951,-0.01,0.0003
2026-09-02 20:01:17,709.32,2026-09-02,703.0,5.86,6.29,6.11,3342,100,,,,,
2026-09-02 20:01:17,709.32,2026-09-02,704.0,4.98,5.29,5.1,7172,115,,,,,
2026-09-02 20:01:17,709.32,2026-09-02,705.0,3.9,4.28,4.08,32889,396,,,,,
2026-09-02 20:01:17,709.32,2026-09-02,706.0,3.07,3.4,3.19,87958,204,,,,,
2026-09-02 20:01:17,709.32,2026-09-02,707.0,2.16,2.41,2.22,168617,518,,,,,
2026-09-02 20:01:17,709.32,2026-09-02,708.0,1.4,1.47,1.35,335163,215,1.3713,0.8379,0.18292,-0.115,0.0024
2026-09-02 20:01:17,709.32,2026-09-02,709.0,0.84,0.86,0.72,492166,142,1.7374,0.5752,0.23052,-0.53,0.0038
2026-09-02 20:01:17,709.32,2026-09-02,710.0,0.32,0.33,0.27,488353,710,1.5497,0.3274,0.23808,-0.325,0.0035
2026-09-02 20:01:17,709.32,2026-09-02,711.0,0.09,0.14,0.1,180213,278,1.6061,0.143,0.14373,-0.115,0.0022
2026-09-02 20:01:17,709.32,2026-09-02,712.0,0.01,0.06,0.03,110244,246,1.6715,0.0511,0.06415,-0.035,0.001
2026-09-02 20:01:17,709.32,2026-09-02,713.0,0.03,0.04,0.01,57278,356,2.1553,0.041,0.0417,-0.035,0.0009
2026-09-02 20:01:17,709.32,2026-09-02,714.0,0,0.03,0.01,39408,834,2.1556,0.0135,0.01644,-0.01,0.0003
2026-09-02 20:01:17,709.32,2026-09-02,715.0,0,0.01,0.02,34918,1741,2.8089,0.0199,0.01752,-0.02,0.0005
2026-09-02 20:01:17,709.32,2026-09-02,716.0,0,0.01,0.01,17827,912,2.9313,0.0103,0.00951,-0.01,0.0003
2026-09-02 20:02:20,709.33,2026-09-02,703.0,5.86,6.29,6.09,3345,100,,,,,
2026-09-02 20:02:20,709.33,2026-09-02,704.0,4.98,5.29,5.21,7174,115,,,,,
2026-09-02 20:02:20,709.33,2026-09-02,705.0,3.9,4.28,4.16,32891,396,,,,,
2026-09-02 20:02:20,709.33,2026-09-02,706.0,3.07,3.4,3.21,87959,204,,,,,
2026-09-02 20:02:20,709.33,2026-09-02,707.0,2.16,2.41,2.26,168646,518,,,,,
2026-09-02 20:02:20,709.33,2026-09-02,708.0,1.4,1.47,1.41,335476,215,1.3356,0.8461,0.18152,-0.105,0.0023
2026-09-02 20:02:20,709.33,2026-09-02,709.0,0.84,0.86,0.78,493078,142,1.7223,0.5781,0.23219,-0.52,0.0038
2026-09-02 20:02:20,709.33,2026-09-02,710.0,0.32,0.33,0.29,488703,710,1.5404,0.3288,0.23993,-0.325,0.0035
2026-09-02 20:02:20,709.33,2026-09-02,711.0,0.09,0.14,0.07,180722,278,1.5996,0.1435,0.14463,-0.115,0.0022
2026-09-02 20:02:20,709.33,2026-09-02,712.0,0.01,0.06,0.02,110277,246,1.6666,0.0512,0.06447,-0.035,0.001
2026-09-02 20:02:20,709.33,2026-09-02,713.0,0.03,0.04,0.02,57363,356,2.1505,0.0411,0.04186,-0.035,0.0009
2026-09-02 20:02:20,709.33,2026-09-02,714.0,0,0.03,0.01,39497,834,2.1516,0.0136,0.0165,-0.01,0.0003
2026-09-02 20:02:20,709.33,2026-09-02,715.0,0,0.01,0.02,34978,1741,2.8047,0.0199,0.01756,-0.02,0.0005
2026-09-02 20:02:20,709.33,2026-09-02,716.0,0,0.01,0.01,17834,912,2.9275,0.0103,0.00954,-0.01,0.0003
2026-09-02 20:03:21,709.33,2026-09-02,703.0,5.86,6.29,6.25,3348,100,,,,,
2026-09-02 20:03:21,709.33,2026-09-02,704.0,4.98,5.29,5.16,7174,115,,,,,
2026-09-02 20:03:21,709.33,2026-09-02,705.0,3.9,4.28,4.21,32891,396,,,,,
2026-09-02 20:03:21,709.33,2026-09-02,706.0,3.07,3.4,3.1,87984,204,,,,,
2026-09-02 20:03:21,709.33,2026-09-02,707.0,2.16,2.41,2.31,168784,518,,,,,
2026-09-02 20:03:21,709.33,2026-09-02,708.0,1.4,1.47,1.45,335642,215,1.3356,0.8461,0.18152,-0.105,0.0023
2026-09-02 20:03:21,709.33,2026-09-02,709.0,0.84,0.86,0.78,493474,142,1.7223,0.5781,0.23219,-0.52,0.0038
2026-09-02 20:03:21,709.33,2026-09-02,710.0,0.32,0.33,0.32,489277,710,1.5404,0.3288,0.23993,-0.325,0.0035
2026-09-02 20:03:21,709.33,2026-09-02,711.0,0.09,0.14,0.08,180937,278,1.5996,0.1435,0.14463,-0.115,0.0022
2026-09-02 20:03:21,709.33,2026-09-02,712.0,0.01,0.06,0.04,110449,246,1.6666,0.0512,0.06447,-0.035,0.001
2026-09-02 20:03:21,709.33,2026-09-02,713.0,0.03,0.04,0.01,57444,356,2.1505,0.0411,0.04186,-0.035,0.0009
2026-09-02 20:03:21,709.33,2026-09-02,714.0,0,0.03,0.01,39545,834,2.1516,0.0136,0.0165,-0.01,0.0003
2026-09-02 20:03:21,709.33,2026-09-02,715.0,0,0.01,0.01,34984,1741,2.5433,0.0117,0.01225,-0.01,0.0003
2026-09-02 20:03:21,709.33,2026-09-02,716.0,0,0.01,0.01,17872,912,2.9275,0.0103,0.00954,-0.01,0.0003
2026-09-02 20:04:22,709.36,2026-09-02,703.0,5.86,6.29,6.22,3348,100,,,,,
2026-09-02 20:04:22,709.36,2026-09-02,704.0,4.98,5.29,5.2,7178,115,,,,,
2026-09-02 20:04:22,709.36,2026-09-02,705.0,3.9,4.28,4.24,32898,396,,,,,
2026-09-02 20:04:22,709.36,2026-09-02,706.0,3.07,3.4,3.22,88272,204,,,,,
2026-09-02 20:04:22,709.36,2026-09-02,707.0,2.16,2.41,2.31,168854,518,,,,,
2026-09-02 20:04:22,709.36,2026-09-02,708.0,1.4,1.47,1.5,335954,215,1.2173,0.8737,0.17413,-0.075,0.002
2026-09-02 20:04:22,709.36,2026-09-02,709.0,0.84,0.86,0.85,494209,142,1.6765,0.5873,0.23734,-0.49,0.0038
2026-09-02 20:04:22,709.36,2026-09-02,710.0,0.32,0.33,0.34,489946,710,1.5124,0.3332,0.24565,-0.325,0.0036
2026-09-02 20:04:22,709.36,2026-09-02,711.0,0.09,0.14,0.11,181554,278,1.5801,0.1449,0.14738,-0.115,0.0022
2026-09-02 20:04:22,709.36,2026-09-02,712.0,0.01,0.06,0.04,110572,246,1.6516,0.0516,0.06545,-0.035,0.001
2026-09-02 20:04:22,709.36,2026-09-02,713.0,0.03,0.04,0.03,57562,356,2.1362,0.0413,0.04233,-0.035,0.0009
2026-09-02 20:04:22,709.36,2026-09-02,714.0,0,0.03,0.01,39561,834,2.1396,0.0136,0.01666,-0.01,0.0003
2026-09-02 20:04:22,709.36,2026-09-02,715.0,0,0.01,0.01,34999,1741,2.5316,0.0117,0.01236,-0.01,0.0003
2026-09-02 20:04:22,709.36,2026-09-02,716.0,0,0.01,0.02,17905,912,3.206,0.0177,0.01388,-0.02,0.0004
2026-09-02 20:05:23,709.36,2026-09-02,703.0,5.86,6.29,6.22,3348,100,,,,,
2026-09-02 20:05:23,709.36,2026-09-02,704.0,4.98,5.29,5.2,7178,115,,,,,
2026-09-02 20:05:23,709.36,2026-09-02,705.0,3.9,4.28,4.27,32908,396,,,,,
2026-09-02 20:05:23,709.36,2026-09-02,706.0,3.07,3.4,3.24,88273,204,,,,,
2026-09-02 20:05:23,709.36,2026-09-02,707.0,2.16,2.41,2.39,168937,518,,,,,
2026-09-02 20:05:23,709.36,2026-09-02,708.0,1.4,1.47,1.55,336119,215,1.2173,0.8737,0.17413,-0.075,0.002
2026-09-02 20:05:23,709.36,2026-09-02,709.0,0.84,0.86,0.83,496177,142,1.6765,0.5873,0.23734,-0.49,0.0038
2026-09-02 20:05:23,709.36,2026-09-02,710.0,0.32,0.33,0.35,491344,710,1.5124,0.3332,0.24565,-0.325,0.0036
2026-09-02 20:05:23,709.36,2026-09-02,711.0,0.09,0.14,0.1,182318,278,1.5801,0.1449,0.14738,-0.115,0.0022
2026-09-02 20:05:23,709.36,2026-09-02,712.0,0.01,0.06,0.02,111265,246,1.6516,0.0516,0.06545,-0.035,0.001
2026-09-02 20:05:23,709.36,2026-09-02,713.0,0.03,0.04,0.02,57604,356,2.1362,0.0413,0.04233,-0.035,0.0009
2026-09-02 20:05:23,709.36,2026-09-02,714.0,0,0.03,0.01,39662,834,2.1396,0.0136,0.01666,-0.01,0.0003
2026-09-02 20:05:23,709.36,2026-09-02,715.0,0,0.01,0.01,35002,1741,2.5316,0.0117,0.01236,-0.01,0.0003
2026-09-02 20:05:23,709.36,2026-09-02,716.0,0,0.01,0.01,17913,912,2.9159,0.0103,0.0096,-0.01,0.0003
2026-09-02 20:06:24,709.36,2026-09-02,703.0,5.86,6.29,6.22,3348,100,,,,,
2026-09-02 20:06:24,709.36,2026-09-02,704.0,4.98,5.29,5.2,7178,115,,,,,
2026-09-02 20:06:24,709.36,2026-09-02,705.0,3.9,4.28,4.28,32917,396,,,,,
2026-09-02 20:06:24,709.36,2026-09-02,706.0,3.07,3.4,3.36,88376,204,,,,,
2026-09-02 20:06:24,709.36,2026-09-02,707.0,2.16,2.41,2.51,168942,518,,,,,
2026-09-02 20:06:24,709.36,2026-09-02,708.0,1.4,1.47,1.68,336207,215,1.2173,0.8737,0.17413,-0.075,0.002
2026-09-02 20:06:24,709.36,2026-09-02,709.0,0.84,0.86,1,496689,142,1.6765,0.5873,0.23734,-0.49,0.0038
2026-09-02 20:06:24,709.36,2026-09-02,710.0,0.32,0.33,0.4,491871,710,1.5124,0.3332,0.24565,-0.325,0.0036
2026-09-02 20:06:24,709.36,2026-09-02,711.0,0.09,0.14,0.16,183495,278,1.5801,0.1449,0.14738,-0.115,0.0022
2026-09-02 20:06:24,709.36,2026-09-02,712.0,0.01,0.06,0.02,111335,246,1.6516,0.0516,0.06545,-0.035,0.001
2026-09-02 20:06:24,709.36,2026-09-02,713.0,0.03,0.04,0.01,57626,356,2.1362,0.0413,0.04233,-0.035,0.0009
2026-09-02 20:06:24,709.36,2026-09-02,714.0,0,0.03,0.01,39677,834,2.1396,0.0136,0.01666,-0.01,0.0003
2026-09-02 20:06:24,709.36,2026-09-02,715.0,0,0.01,0.01,35002,1741,2.5316,0.0117,0.01236,-0.01,0.0003
2026-09-02 20:06:24,709.36,2026-09-02,716.0,0,0.01,0.01,17915,912,2.9159,0.0103,0.0096,-0.01,0.0003
2026-09-02 20:07:27,709.69,2026-09-02,703.0,5.86,6.29,6.22,3348,100,,,,,
2026-09-02 20:07:27,709.69,2026-09-02,704.0,4.98,5.29,5.2,7178,115,,,,,
2026-09-02 20:07:27,709.69,2026-09-02,705.0,3.9,4.28,4.62,32919,396,,,,,
2026-09-02 20:07:27,709.69,2026-09-02,706.0,3.07,3.4,3.49,88382,204,,,,,
2026-09-02 20:07:27,709.69,2026-09-02,707.0,2.16,2.41,2.59,169196,518,,,,,
2026-09-02 20:07:27,709.69,2026-09-02,708.0,1.4,1.47,1.76,336527,215,,,,,
2026-09-02 20:07:27,709.69,2026-09-02,709.0,0.84,0.86,0.96,497336,142,1.0691,0.7455,0.3065,-0.16,0.0031
2026-09-02 20:07:27,709.69,2026-09-02,710.0,0.32,0.33,0.46,493459,710,1.1868,0.3952,0.33147,-0.325,0.0038
2026-09-02 20:07:27,709.69,2026-09-02,711.0,0.09,0.14,0.17,183893,278,1.3614,0.1633,0.185,-0.115,0.0024
2026-09-02 20:07:27,709.69,2026-09-02,712.0,0.01,0.06,0.05,111392,246,1.4856,0.0565,0.07814,-0.035,0.0011
2026-09-02 20:07:27,709.69,2026-09-02,713.0,0.03,0.04,0.01,59581,356,1.9777,0.0442,0.04822,-0.035,0.0009
2026-09-02 20:07:27,709.69,2026-09-02,714.0,0,0.03,0.01,39679,834,2.0073,0.0144,0.01864,-0.01,0.0004
2026-09-02 20:07:27,709.69,2026-09-02,715.0,0,0.01,0.01,35003,1741,2.4021,0.0123,0.01355,-0.01,0.0003
2026-09-02 20:07:27,709.69,2026-09-02,716.0,0,0.01,0.01,17916,912,2.7886,0.0107,0.01039,-0.01,0.0003
2026-09-02 20:08:28,709.69,2026-09-02,703.0,5.86,6.29,6.22,3348,100,,,,,
2026-09-02 20:08:28,709.69,2026-09-02,704.0,4.98,5.29,5.2,7178,115,,,,,
2026-09-02 20:08:28,709.69,2026-09-02,705.0,3.9,4.28,4.57,32939,396,,,,,
2026-09-02 20:08:28,709.69,2026-09-02,706.0,3.07,3.4,3.35,88397,204,,,,,
2026-09-02 20:08:28,709.69,2026-09-02,707.0,2.16,2.41,2.51,169209,518,,,,,
2026-09-02 20:08:28,709.69,2026-09-02,708.0,1.4,1.47,1.71,336635,215,,,,,
2026-09-02 20:08:28,709.69,2026-09-02,709.0,0.84,0.86,0.94,497521,142,1.0691,0.7455,0.3065,-0.16,0.0031
2026-09-02 20:08:28,709.69,2026-09-02,710.0,0.32,0.33,0.39,494907,710,1.1868,0.3952,0.33147,-0.325,0.0038
2026-09-02 20:08:28,709.69,2026-09-02,711.0,0.09,0.14,0.12,184004,278,1.3614,0.1633,0.185,-0.115,0.0024
2026-09-02 20:08:28,709.69,2026-09-02,712.0,0.01,0.06,0.05,111428,246,1.4856,0.0565,0.07814,-0.035,0.0011
2026-09-02 20:08:28,709.69,2026-09-02,713.0,0.03,0.04,0.03,59734,356,1.9777,0.0442,0.04822,-0.035,0.0009
2026-09-02 20:08:28,709.69,2026-09-02,714.0,0,0.03,0.01,39685,834,2.0073,0.0144,0.01864,-0.01,0.0004
2026-09-02 20:08:28,709.69,2026-09-02,715.0,0,0.01,0.01,35006,1741,2.4021,0.0123,0.01355,-0.01,0.0003
2026-09-02 20:08:28,709.69,2026-09-02,716.0,0,0.01,0.01,17950,912,2.7886,0.0107,0.01039,-0.01,0.0003
2026-09-02 20:09:29,709.69,2026-09-02,703.0,5.86,6.29,6.22,3348,100,,,,,
2026-09-02 20:09:29,709.69,2026-09-02,704.0,4.98,5.29,5.31,7184,115,,,,,
2026-09-02 20:09:29,709.69,2026-09-02,705.0,3.9,4.28,4.36,32948,396,,,,,
2026-09-02 20:09:29,709.69,2026-09-02,706.0,3.07,3.4,3.44,88498,204,,,,,
2026-09-02 20:09:29,709.69,2026-09-02,707.0,2.16,2.41,2.45,169261,518,,,,,
2026-09-02 20:09:29,709.69,2026-09-02,708.0,1.4,1.47,1.58,336901,215,,,,,
2026-09-02 20:09:29,709.69,2026-09-02,709.0,0.84,0.86,0.93,498037,142,1.0691,0.7455,0.3065,-0.16,0.0031
2026-09-02 20:09:29,709.69,2026-09-02,710.0,0.32,0.33,0.4,496714,710,1.1868,0.3952,0.33147,-0.325,0.0038
2026-09-02 20:09:29,709.69,2026-09-02,711.0,0.09,0.14,0.16,184406,278,1.3614,0.1633,0.185,-0.115,0.0024
2026-09-02 20:09:29,709.69,2026-09-02,712.0,0.01,0.06,0.02,111560,246,1.4856,0.0565,0.07814,-0.035,0.0011
2026-09-02 20:09:29,709.69,2026-09-02,713.0,0.03,0.04,0.03,59998,356,1.9777,0.0442,0.04822,-0.035,0.0009
2026-09-02 20:09:29,709.69,2026-09-02,714.0,0,0.03,0.01,39685,834,2.0073,0.0144,0.01864,-0.01,0.0004
2026-09-02 20:09:29,709.69,2026-09-02,715.0,0,0.01,0.01,35006,1741,2.4021,0.0123,0.01355,-0.01,0.0003
2026-09-02 20:09:29,709.69,2026-09-02,716.0,0,0.01,0.01,17950,912,2.7886,0.0107,0.01039,-0.01,0.0003
2026-09-02 20:10:30,709.48,2026-09-02,703.0,5.86,6.29,6.22,3348,100,,,,,
2026-09-02 20:10:30,709.48,2026-09-02,704.0,4.98,5.29,5.36,7194,115,,,,,
2026-09-02 20:10:30,709.48,2026-09-02,705.0,3.9,4.28,4.33,32968,396,,,,,
2026-09-02 20:10:30,709.48,2026-09-02,706.0,3.07,3.4,3.39,88502,204,,,,,
2026-09-02 20:10:30,709.48,2026-09-02,707.0,2.16,2.41,2.33,169293,518,,,,,
2026-09-02 20:10:30,709.48,2026-09-02,708.0,1.4,1.47,1.59,337163,215,,,,,
2026-09-02 20:10:30,709.48,2026-09-02,709.0,0.84,0.86,0.92,499363,142,1.4824,0.6301,0.26025,-0.37,0.0037
2026-09-02 20:10:30,709.48,2026-09-02,710.0,0.32,0.33,0.42,497122,710,1.3981,0.3524,0.27138,-0.325,0.0036
2026-09-02 20:10:30,709.48,2026-09-02,711.0,0.09,0.14,0.15,184646,278,1.5016,0.151,0.15936,-0.115,0.0023
2026-09-02 20:10:30,709.48,2026-09-02,712.0,0.01,0.06,0.02,111652,246,1.5916,0.0533,0.06964,-0.035,0.0011
2026-09-02 20:10:30,709.48,2026-09-02,713.0,0.03,0.04,0.03,60343,356,2.0788,0.0423,0.04433,-0.035,0.0009
2026-09-02 20:10:30,709.48,2026-09-02,714.0,0,0.03,0.01,39688,834,2.0916,0.0139,0.01734,-0.01,0.0003
2026-09-02 20:10:30,709.48,2026-09-02,715.0,0,0.01,0.01,35006,1741,2.4846,0.0119,0.01277,-0.01,0.0003
2026-09-02 20:10:30,709.48,2026-09-02,716.0,0,0.01,0.01,17958,912,2.8697,0.0105,0.00988,-0.01,0.0003
2026-09-02 20:11:31,709.48,2026-09-02,703.0,5.86,6.29,6.22,3348,100,,,,,
2026-09-02 20:11:31,709.48,2026-09-02,704.0,4.98,5.29,5.26,7194,115,,,,,
2026-09-02 20:11:31,709.48,2026-09-02,705.0,3.9,4.28,4.35,32968,396,,,,,
2026-09-02 20:11:31,709.48,2026-09-02,706.0,3.07,3.4,3.21,88504,204,,,,,
2026-09-02 20:11:31,709.48,2026-09-02,707.0,2.16,2.41,2.26,169394,518,,,,,
2026-09-02 20:11:31,709.48,2026-09-02,708.0,1.4,1.47,1.49,337226,215,,,,,
2026-09-02 20:11:31,709.48,2026-09-02,709.0,0.84,0.86,0.8,499634,142,1.4824,0.6301,0.26025,-0.37,0.0037
2026-09-02 20:11:31,709.48,2026-09-02,710.0,0.32,0.33,0.34,497919,710,1.3981,0.3524,0.27138,-0.325,0.0036
2026-09-02 20:11:31,709.48,2026-09-02,711.0,0.09,0.14,0.1,186481,278,1.5016,0.151,0.15936,-0.115,0.0023
2026-09-02 20:11:31,709.48,2026-09-02,712.0,0.01,0.06,0.05,111757,246,1.5916,0.0533,0.06964,-0.035,0.0011
2026-09-02 20:11:31,709.48,2026-09-02,713.0,0.03,0.04,0.02,60449,356,2.0788,0.0423,0.04433,-0.035,0.0009
2026-09-02 20:11:31,709.48,2026-09-02,714.0,0,0.03,0.01,39689,834,2.0916,0.0139,0.01734,-0.01,0.0003
2026-09-02 20:11:31,709.48,2026-09-02,715.0,0,0.01,0.01,35006,1741,2.4846,0.0119,0.01277,-0.01,0.0003
2026-09-02 20:11:31,709.48,2026-09-02,716.0,0,0.01,0.01,17963,912,2.8697,0.0105,0.00988,-0.01,0.0003
2026-09-02 20:12:33,709.48,2026-09-02,703.0,5.86,6.29,6.22,3348,100,,,,,
2026-09-02 20:12:33,709.48,2026-09-02,704.0,4.98,5.29,5.26,7194,115,,,,,
2026-09-02 20:12:33,709.48,2026-09-02,705.0,3.9,4.28,4.35,32968,396,,,,,
2026-09-02 20:12:33,709.48,2026-09-02,706.0,3.07,3.4,3.08,88512,204,,,,,
2026-09-02 20:12:33,709.48,2026-09-02,707.0,2.16,2.41,2.25,169441,518,,,,,
2026-09-02 20:12:33,709.48,2026-09-02,708.0,1.4,1.47,1.48,338337,215,,,,,
2026-09-02 20:12:33,709.48,2026-09-02,709.0,0.84,0.86,0.8,500597,142,1.4824,0.6301,0.26025,-0.37,0.0037
2026-09-02 20:12:33,709.48,2026-09-02,710.0,0.32,0.33,0.35,498616,710,1.3981,0.3524,0.27138,-0.325,0.0036
2026-09-02 20:12:33,709.48,2026-09-02,711.0,0.09,0.14,0.1,187105,278,1.5016,0.151,0.15936,-0.115,0.0023
2026-09-02 20:12:33,709.48,2026-09-02,712.0,0.01,0.06,0.02,112135,246,1.5916,0.0533,0.06964,-0.035,0.0011
2026-09-02 20:12:33,709.48,2026-09-02,713.0,0.03,0.04,0.01,60479,356,2.0788,0.0423,0.04433,-0.035,0.0009
2026-09-02 20:12:33,709.48,2026-09-02,714.0,0,0.03,0.01,39697,834,2.0916,0.0139,0.01734,-0.01,0.0003
2026-09-02 20:12:33,709.48,2026-09-02,715.0,0,0.01,0.01,35011,1741,2.4846,0.0119,0.01277,-0.01,0.0003
2026-09-02 20:12:33,709.48,2026-09-02,716.0,0,0.01,0.01,17963,912,2.8697,0.0105,0.00988,-0.01,0.0003
2026-09-02 20:13:34,709.48,2026-09-02,703.0,5.86,6.29,6.22,3348,100,,,,,
2026-09-02 20:13:34,709.48,2026-09-02,704.0,4.98,5.29,5.26,7194,115,,,,,
2026-09-02 20:13:34,709.48,2026-09-02,705.0,3.9,4.28,4.36,32993,396,,,,,
2026-09-02 20:13:34,709.48,2026-09-02,706.0,3.07,3.4,3.14,88512,204,,,,,
2026-09-02 20:13:34,709.48,2026-09-02,707.0,2.16,2.41,2.29,169550,518,,,,,
2026-09-02 20:13:34,709.48,2026-09-02,708.0,1.4,1.47,1.53,338476,215,,,,,
2026-09-02 20:13:34,709.48,2026-09-02,709.0,0.84,0.86,0.88,501209,142,1.4824,0.6301,0.26025,-0.37,0.0037
2026-09-02 20:13:34,709.48,2026-09-02,710.0,0.32,0.33,0.38,498884,710,1.3981,0.3524,0.27138,-0.325,0.0036
2026-09-02 20:13:34,709.48,2026-09-02,711.0,0.09,0.14,0.11,187280,278,1.5016,0.151,0.15936,-0.115,0.0023
2026-09-02 20:13:34,709.48,2026-09-02,712.0,0.01,0.06,0.05,112274,246,1.5916,0.0533,0.06964,-0.035,0.0011
2026-09-02 20:13:34,709.48,2026-09-02,713.0,0.03,0.04,0.03,60497,356,2.0788,0.0423,0.04433,-0.035,0.0009
2026-09-02 20:13:34,709.48,2026-09-02,714.0,0,0.03,0.01,39800,834,2.0916,0.0139,0.01734,-0.01,0.0003
2026-09-02 20:13:34,709.48,2026-09-02,715.0,0,0.01,0.01,35013,1741,2.4846,0.0119,0.01277,-0.01,0.0003
2026-09-02 20:13:34,709.48,2026-09-02,716.0,0,0.01,0.01,17967,912,2.8697,0.0105,0.00988,-0.01,0.0003
2026-09-02 20:14:35,709.48,2026-09-02,703.0,5.86,6.29,6.22,3348,100,,,,,
2026-09-02 20:14:35,709.48,2026-09-02,704.0,4.98,5.29,5.26,7204,115,,,,,
2026-09-02 20:14:35,709.48,2026-09-02,705.0,3.9,4.28,4.19,33010,396,,,,,
2026-09-02 20:14:35,709.48,2026-09-02,706.0,3.07,3.4,3.15,88527,204,,,,,
2026-09-02 20:14:35,709.48,2026-09-02,707.0,2.16,2.41,2.27,169755,518,,,,,
2026-09-02 20:14:35,709.48,2026-09-02,708.0,1.4,1.47,1.67,338839,215,,,,,
2026-09-02 20:14:35,709.48,2026-09-02,709.0,0.84,0.86,0.8,501965,142,1.4824,0.6301,0.26025,-0.37,0.0037
2026-09-02 20:14:35,709.48,2026-09-02,710.0,0.32,0.33,0.38,500051,710,1.3981,0.3524,0.27138,-0.325,0.0036
2026-09-02 20:14:35,709.48,2026-09-02,711.0,0.09,0.14,0.16,188156,278,1.5016,0.151,0.15936,-0.115,0.0023
2026-09-02 20:14:35,709.48,2026-09-02,712.0,0.01,0.06,0.02,112898,246,1.5916,0.0533,0.06964,-0.035,0.0011
2026-09-02 20:14:35,709.48,2026-09-02,713.0,0.03,0.04,0.03,60713,356,2.0788,0.0423,0.04433,-0.035,0.0009
2026-09-02 20:14:35,709.48,2026-09-02,714.0,0,0.03,0.01,40005,834,2.0916,0.0139,0.01734,-0.01,0.0003
2026-09-02 20:14:35,709.48,2026-09-02,715.0,0,0.01,0.01,35035,1741,2.4846,0.0119,0.01277,-0.01,0.0003
2026-09-02 20:14:35,709.48,2026-09-02,716.0,0,0.01,0.01,17967,912,2.8697,0.0105,0.00988,-0.01,0.0003
2026-09-02 20:15:36,709.48,2026-09-02,703.0,5.86,6.29,6.39,3350,100,,,,,
2026-09-02 20:15:36,709.48,2026-09-02,704.0,4.98,5.29,5.38,7221,115,,,,,
2026-09-02 20:15:36,709.48,2026-09-02,705.0,3.9,4.28,4.46,33029,396,,,,,
2026-09-02 20:15:36,709.48,2026-09-02,706.0,3.07,3.4,3.34,88775,204,,,,,
2026-09-02 20:15:36,709.48,2026-09-02,707.0,2.16,2.41,2.42,169898,518,,,,,
2026-09-02 20:15:36,709.48,2026-09-02,708.0,1.4,1.47,1.52,339096,215,,,,,
2026-09-02 20:15:36,709.48,2026-09-02,709.0,0.84,0.86,0.8,503104,142,1.4824,0.6301,0.26025,-0.37,0.0037
2026-09-02 20:15:36,709.48,2026-09-02,710.0,0.32,0.33,0.37,500761,710,1.3981,0.3524,0.27138,-0.325,0.0036
2026-09-02 20:15:36,709.48,2026-09-02,711.0,0.09,0.14,0.15,188850,278,1.5016,0.151,0.15936,-0.115,0.0023
2026-09-02 20:15:36,709.48,2026-09-02,712.0,0.01,0.06,0.02,114296,246,1.5916,0.0533,0.06964,-0.035,0.0011
2026-09-02 20:15:36,709.48,2026-09-02,713.0,0.03,0.04,0.03,61910,356,2.0788,0.0423,0.04433,-0.035,0.0009
2026-09-02 20:15:36,709.48,2026-09-02,714.0,0,0.03,0.01,40022,834,2.0916,0.0139,0.01734,-0.01,0.0003
2026-09-02 20:15:36,709.48,2026-09-02,715.0,0,0.01,0.01,35036,1741,2.4846,0.0119,0.01277,-0.01,0.0003
2026-09-02 20:15:36,709.48,2026-09-02,716.0,0,0.01,0.01,17967,912,2.8697,0.0105,0.00988,-0.01,0.0003
2026-09-02 20:16:37,709.48,2026-09-02,703.0,5.86,6.29,6.39,3350,100,,,,,
2026-09-02 20:16:37,709.48,2026-09-02,704.0,4.98,5.29,5.38,7221,115,,,,,
2026-09-02 20:16:37,709.48,2026-09-02,705.0,3.9,4.28,4.28,33040,396,,,,,
2026-09-02 20:16:37,709.48,2026-09-02,706.0,3.07,3.4,3.3,88775,204,,,,,
2026-09-02 20:16:37,709.48,2026-09-02,707.0,2.16,2.41,2.2,169916,518,,,,,
2026-09-02 20:16:37,709.48,2026-09-02,708.0,1.4,1.47,1.52,339200,215,,,,,
2026-09-02 20:16:37,709.48,2026-09-02,709.0,0.84,0.86,0.78,503157,142,1.4824,0.6301,0.26025,-0.37,0.0037
2026-09-02 20:16:37,709.48,2026-09-02,710.0,0.32,0.33,0.37,501477,710,1.3981,0.3524,0.27138,-0.325,0.0036
2026-09-02 20:16:37,709.48,2026-09-02,711.0,0.09,0.14,0.15,189003,278,1.5016,0.151,0.15936,-0.115,0.0023
2026-09-02 20:16:37,709.48,2026-09-02,712.0,0.01,0.06,0.02,114554,246,1.5916,0.0533,0.06964,-0.035,0.0011
2026-09-02 20:16:37,709.48,2026-09-02,713.0,0.03,0.04,0.03,62022,356,2.0788,0.0423,0.04433,-0.035,0.0009
2026-09-02 20:16:37,709.48,2026-09-02,714.0,0,0.03,0.01,40032,834,2.0916,0.0139,0.01734,-0.01,0.0003
2026-09-02 20:16:37,709.48,2026-09-02,715.0,0,0.01,0.01,35036,1741,2.4846,0.0119,0.01277,-0.01,0.0003
2026-09-02 20:16:37,709.48,2026-09-02,716.0,0,0.01,0.01,17967,912,2.8697,0.0105,0.00988,-0.01,0.0003
2026-09-02 20:17:40,709.48,2026-09-02,703.0,5.86,6.29,6.39,3350,100,,,,,
2026-09-02 20:17:40,709.48,2026-09-02,704.0,4.98,5.29,5.27,7222,115,,,,,
2026-09-02 20:17:40,709.48,2026-09-02,705.0,3.9,4.28,4.25,33041,396,,,,,
2026-09-02 20:17:40,709.48,2026-09-02,706.0,3.07,3.4,3.24,88813,204,,,,,
2026-09-02 20:17:40,709.48,2026-09-02,707.0,2.16,2.41,2.28,169956,518,,,,,
2026-09-02 20:17:40,709.48,2026-09-02,708.0,1.4,1.47,1.52,339408,215,,,,,
2026-09-02 20:17:40,709.48,2026-09-02,709.0,0.84,0.86,0.74,503280,142,1.4824,0.6301,0.26025,-0.37,0.0037
2026-09-02 20:17:40,709.48,2026-09-02,710.0,0.32,0.33,0.37,501965,710,1.3981,0.3524,0.27138,-0.325,0.0036
2026-09-02 20:17:40,709.48,2026-09-02,711.0,0.09,0.14,0.15,189092,278,1.5016,0.151,0.15936,-0.115,0.0023
2026-09-02 20:17:40,709.48,2026-09-02,712.0,0.01,0.06,0.02,114589,246,1.5916,0.0533,0.06964,-0.035,0.0011
2026-09-02 20:17:40,709.48,2026-09-02,713.0,0.03,0.04,0.03,62034,356,2.0788,0.0423,0.04433,-0.035,0.0009
2026-09-02 20:17:40,709.48,2026-09-02,714.0,0,0.03,0.01,40032,834,2.0916,0.0139,0.01734,-0.01,0.0003
2026-09-02 20:17:40,709.48,2026-09-02,715.0,0,0.01,0.01,35036,1741,2.4846,0.0119,0.01277,-0.01,0.0003
2026-09-02 20:17:40,709.48,2026-09-02,716.0,0,0.01,0.01,17968,912,2.8697,0.0105,0.00988,-0.01,0.0003
2026-09-02 20:18:41,709.48,2026-09-02,703.0,5.86,6.29,6.39,3350,100,,,,,
2026-09-02 20:18:41,709.48,2026-09-02,704.0,4.98,5.29,5.27,7222,115,,,,,
2026-09-02 20:18:41,709.48,2026-09-02,705.0,3.9,4.28,4.33,33042,396,,,,,
2026-09-02 20:18:41,709.48,2026-09-02,706.0,3.07,3.4,3.28,88814,204,,,,,
2026-09-02 20:18:41,709.48,2026-09-02,707.0,2.16,2.41,2.33,170043,518,,,,,
2026-09-02 20:18:41,709.48,2026-09-02,708.0,1.4,1.47,1.52,339799,215,,,,,
2026-09-02 20:18:41,709.48,2026-09-02,709.0,0.84,0.86,0.77,503396,142,1.4824,0.6301,0.26025,-0.37,0.0037
2026-09-02 20:18:41,709.48,2026-09-02,710.0,0.32,0.33,0.37,502173,710,1.3981,0.3524,0.27138,-0.325,0.0036
2026-09-02 20:18:41,709.48,2026-09-02,711.0,0.09,0.14,0.15,189184,278,1.5016,0.151,0.15936,-0.115,0.0023
2026-09-02 20:18:41,709.48,2026-09-02,712.0,0.01,0.06,0.02,114608,246,1.5916,0.0533,0.06964,-0.035,0.0011
2026-09-02 20:18:41,709.48,2026-09-02,713.0,0.03,0.04,0.03,62424,356,2.0788,0.0423,0.04433,-0.035,0.0009
2026-09-02 20:18:41,709.48,2026-09-02,714.0,0,0.03,0.01,40032,834,2.0916,0.0139,0.01734,-0.01,0.0003
2026-09-02 20:18:41,709.48,2026-09-02,715.0,0,0.01,0.01,35036,1741,2.4846,0.0119,0.01277,-0.01,0.0003
2026-09-02 20:18:41,709.48,2026-09-02,716.0,0,0.01,0.01,17968,912,2.8697,0.0105,0.00988,-0.01,0.0003
2026-09-02 20:19:42,709.48,2026-09-02,703.0,5.86,6.29,6.39,3350,100,,,,,
2026-09-02 20:19:42,709.48,2026-09-02,704.0,4.98,5.29,5.27,7222,115,,,,,
2026-09-02 20:19:42,709.48,2026-09-02,705.0,3.9,4.28,4.33,33042,396,,,,,
2026-09-02 20:19:42,709.48,2026-09-02,706.0,3.07,3.4,3.39,88815,204,,,,,
2026-09-02 20:19:42,709.48,2026-09-02,707.0,2.16,2.41,2.35,170045,518,,,,,
2026-09-02 20:19:42,709.48,2026-09-02,708.0,1.4,1.47,1.54,339880,215,,,,,
2026-09-02 20:19:42,709.48,2026-09-02,709.0,0.84,0.86,0.82,504042,142,1.4824,0.6301,0.26025,-0.37,0.0037
2026-09-02 20:19:42,709.48,2026-09-02,710.0,0.32,0.33,0.37,502743,710,1.3981,0.3524,0.27138,-0.325,0.0036
2026-09-02 20:19:42,709.48,2026-09-02,711.0,0.09,0.14,0.15,189319,278,1.5016,0.151,0.15936,-0.115,0.0023
2026-09-02 20:19:42,709.48,2026-09-02,712.0,0.01,0.06,0.02,114744,246,1.5916,0.0533,0.06964,-0.035,0.0011
2026-09-02 20:19:42,709.48,2026-09-02,713.0,0.03,0.04,0.03,62575,356,2.0788,0.0423,0.04433,-0.035,0.0009
2026-09-02 20:19:42,709.48,2026-09-02,714.0,0,0.03,0.01,40132,834,2.0916,0.0139,0.01734,-0.01,0.0003
2026-09-02 20:19:42,709.48,2026-09-02,715.0,0,0.01,0.01,35046,1741,2.4846,0.0119,0.01277,-0.01,0.0003
2026-09-02 20:19:42,709.48,2026-09-02,716.0,0,0.01,0.01,17968,912,2.8697,0.0105,0.00988,-0.01,0.0003
2026-09-02 20:20:43,709.48,2026-09-02,703.0,5.86,6.29,6.39,3350,100,,,,,
2026-09-02 20:20:43,709.48,2026-09-02,704.0,4.98,5.29,5.27,7222,115,,,,,
2026-09-02 20:20:43,709.48,2026-09-02,705.0,3.9,4.28,4.33,33042,396,,,,,
2026-09-02 20:20:43,709.48,2026-09-02,706.0,3.07,3.4,3.39,88815,204,,,,,
2026-09-02 20:20:43,709.48,2026-09-02,707.0,2.16,2.41,2.52,170057,518,,,,,
2026-09-02 20:20:43,709.48,2026-09-02,708.0,1.4,1.47,1.57,339896,215,,,,,
2026-09-02 20:20:43,709.48,2026-09-02,709.0,0.84,0.86,0.89,504075,142,1.4824,0.6301,0.26025,-0.37,0.0037
2026-09-02 20:20:43,709.48,2026-09-02,710.0,0.32,0.33,0.37,504037,710,1.3981,0.3524,0.27138,-0.325,0.0036
2026-09-02 20:20:43,709.48,2026-09-02,711.0,0.09,0.14,0.15,189707,278,1.5016,0.151,0.15936,-0.115,0.0023
2026-09-02 20:20:43,709.48,2026-09-02,712.0,0.01,0.06,0.02,114997,246,1.5916,0.0533,0.06964,-0.035,0.0011
2026-09-02 20:20:43,709.48,2026-09-02,713.0,0.03,0.04,0.03,62766,356,2.0788,0.0423,0.04433,-0.035,0.0009
2026-09-02 20:20:43,709.48,2026-09-02,714.0,0,0.03,0.01,40135,834,2.0916,0.0139,0.01734,-0.01,0.0003
2026-09-02 20:20:43,709.48,2026-09-02,715.0,0,0.01,0.01,35046,1741,2.4846,0.0119,0.01277,-0.01,0.0003
2026-09-02 20:20:43,709.48,2026-09-02,716.0,0,0.01,0.01,17968,912,2.8697,0.0105,0.00988,-0.01,0.0003
2026-09-02 20:21:44,709.48,2026-09-02,703.0,5.86,6.29,6.39,3350,100,,,,,
2026-09-02 20:21:44,709.48,2026-09-02,704.0,4.98,5.29,5.27,7222,115,,,,,
2026-09-02 20:21:44,709.48,2026-09-02,705.0,3.9,4.28,4.7,33053,396,,,,,
2026-09-02 20:21:44,709.48,2026-09-02,706.0,3.07,3.4,3.39,88816,204,,,,,
2026-09-02 20:21:44,709.48,2026-09-02,707.0,2.16,2.41,2.59,170082,518,,,,,
2026-09-02 20:21:44,709.48,2026-09-02,708.0,1.4,1.47,1.61,340070,215,,,,,
2026-09-02 20:21:44,709.48,2026-09-02,709.0,0.84,0.86,0.98,504798,142,1.4824,0.6301,0.26025,-0.37,0.0037
2026-09-02 20:21:44,709.48,2026-09-02,710.0,0.32,0.33,0.39,504252,710,1.3981,0.3524,0.27138,-0.325,0.0036
2026-09-02 20:21:44,709.48,2026-09-02,711.0,0.09,0.14,0.15,189819,278,1.5016,0.151,0.15936,-0.115,0.0023
2026-09-02 20:21:44,709.48,2026-09-02,712.0,0.01,0.06,0.02,115284,246,1.5916,0.0533,0.06964,-0.035,0.0011
2026-09-02 20:21:44,709.48,2026-09-02,713.0,0.03,0.04,0.03,62787,356,2.0788,0.0423,0.04433,-0.035,0.0009
2026-09-02 20:21:44,709.48,2026-09-02,714.0,0,0.03,0.01,40135,834,2.0916,0.0139,0.01734,-0.01,0.0003
2026-09-02 20:21:44,709.48,2026-09-02,715.0,0,0.01,0.01,35046,1741,2.4846,0.0119,0.01277,-0.01,0.0003
2026-09-02 20:21:44,709.48,2026-09-02,716.0,0,0.01,0.01,17968,912,2.8697,0.0105,0.00988,-0.01,0.0003
2026-09-02 20:22:46,709.48,2026-09-02,703.0,5.86,6.29,6.39,3350,100,,,,,
2026-09-02 20:22:46,709.48,2026-09-02,704.0,4.98,5.29,5.27,7222,115,,,,,
2026-09-02 20:22:46,709.48,2026-09-02,705.0,3.9,4.28,4.7,33053,396,,,,,
2026-09-02 20:22:46,709.48,2026-09-02,706.0,3.07,3.4,3.65,88816,204,,,,,
2026-09-02 20:22:46,709.48,2026-09-02,707.0,2.16,2.41,2.59,170114,518,,,,,
2026-09-02 20:22:46,709.48,2026-09-02,708.0,1.4,1.47,1.61,340091,215,,,,,
2026-09-02 20:22:46,709.48,2026-09-02,709.0,0.84,0.86,1,504871,142,1.4824,0.6301,0.26025,-0.37,0.0037
2026-09-02 20:22:46,709.48,2026-09-02,710.0,0.32,0.33,0.39,504696,710,1.3981,0.3524,0.27138,-0.325,0.0036
2026-09-02 20:22:46,709.48,2026-09-02,711.0,0.09,0.14,0.15,189994,278,1.5016,0.151,0.15936,-0.115,0.0023
2026-09-02 20:22:46,709.48,2026-09-02,712.0,0.01,0.06,0.02,115367,246,1.5916,0.0533,0.06964,-0.035,0.0011
2026-09-02 20:22:46,709.48,2026-09-02,713.0,0.03,0.04,0.03,62887,356,2.0788,0.0423,0.04433,-0.035,0.0009
2026-09-02 20:22:46,709.48,2026-09-02,714.0,0,0.03,0.01,40147,834,2.0916,0.0139,0.01734,-0.01,0.0003
2026-09-02 20:22:46,709.48,2026-09-02,715.0,0,0.01,0.01,35046,1741,2.4846,0.0119,0.01277,-0.01,0.0003
2026-09-02 20:22:46,709.48,2026-09-02,716.0,0,0.01,0.01,17968,912,2.8697,0.0105,0.00988,-0.01,0.0003
2026-09-02 20:23:47,709.48,2026-09-02,703.0,5.86,6.29,6.39,3350,100,,,,,
2026-09-02 20:23:47,709.48,2026-09-02,704.0,4.98,5.29,5.27,7222,115,,,,,
2026-09-02 20:23:47,709.48,2026-09-02,705.0,3.9,4.28,4.6,33413,396,,,,,
2026-09-02 20:23:47,709.48,2026-09-02,706.0,3.07,3.4,3.54,88827,204,,,,,
2026-09-02 20:23:47,709.48,2026-09-02,707.0,2.16,2.41,2.59,170475,518,,,,,
2026-09-02 20:23:47,709.48,2026-09-02,708.0,1.4,1.47,1.61,340111,215,,,,,
2026-09-02 20:23:47,709.48,2026-09-02,709.0,0.84,0.86,0.91,505010,142,1.4824,0.6301,0.26025,-0.37,0.0037
2026-09-02 20:23:47,709.48,2026-09-02,710.0,0.32,0.33,0.39,505845,710,1.3981,0.3524,0.27138,-0.325,0.0036
2026-09-02 20:23:47,709.48,2026-09-02,711.0,0.09,0.14,0.15,191426,278,1.5016,0.151,0.15936,-0.115,0.0023
2026-09-02 20:23:47,709.48,2026-09-02,712.0,0.01,0.06,0.02,115635,246,1.5916,0.0533,0.06964,-0.035,0.0011
2026-09-02 20:23:47,709.48,2026-09-02,713.0,0.03,0.04,0.03,62944,356,2.0788,0.0423,0.04433,-0.035,0.0009
2026-09-02 20:23:47,709.48,2026-09-02,714.0,0,0.03,0.01,40147,834,2.0916,0.0139,0.01734,-0.01,0.0003
2026-09-02 20:23:47,709.48,2026-09-02,715.0,0,0.01,0.01,35046,1741,2.4846,0.0119,0.01277,-0.01,0.0003
2026-09-02 20:23:47,709.48,2026-09-02,716.0,0,0.01,0.01,17968,912,2.8697,0.0105,0.00988,-0.01,0.0003
2026-09-02 20:24:48,709.48,2026-09-02,703.0,5.86,6.29,6.39,3350,100,,,,,
2026-09-02 20:24:48,709.48,2026-09-02,704.0,4.98,5.29,5.27,7222,115,,,,,
2026-09-02 20:24:48,709.48,2026-09-02,705.0,3.9,4.28,4.6,33413,396,,,,,
2026-09-02 20:24:48,709.48,2026-09-02,706.0,3.07,3.4,3.54,88827,204,,,,,
2026-09-02 20:24:48,709.48,2026-09-02,707.0,2.16,2.41,2.59,170475,518,,,,,
2026-09-02 20:24:48,709.48,2026-09-02,708.0,1.4,1.47,1.61,340138,215,,,,,
2026-09-02 20:24:48,709.48,2026-09-02,709.0,0.84,0.86,0.95,505070,142,1.4824,0.6301,0.26025,-0.37,0.0037
2026-09-02 20:24:48,709.48,2026-09-02,710.0,0.32,0.33,0.39,506653,710,1.3981,0.3524,0.27138,-0.325,0.0036
2026-09-02 20:24:48,709.48,2026-09-02,711.0,0.09,0.14,0.15,191764,278,1.5016,0.151,0.15936,-0.115,0.0023
2026-09-02 20:24:48,709.48,2026-09-02,712.0,0.01,0.06,0.02,115797,246,1.5916,0.0533,0.06964,-0.035,0.0011
2026-09-02 20:24:48,709.48,2026-09-02,713.0,0.03,0.04,0.03,62950,356,2.0788,0.0423,0.04433,-0.035,0.0009
2026-09-02 20:24:48,709.48,2026-09-02,714.0,0,0.03,0.01,40147,834,2.0916,0.0139,0.01734,-0.01,0.0003
2026-09-02 20:24:48,709.48,2026-09-02,715.0,0,0.01,0.01,35046,1741,2.4846,0.0119,0.01277,-0.01,0.0003
2026-09-02 20:24:48,709.48,2026-09-02,716.0,0,0.01,0.01,17968,912,2.8697,0.0105,0.00988,-0.01,0.0003
2026-09-02 20:25:49,709.48,2026-09-02,703.0,5.86,6.29,6.39,3350,100,,,,,
2026-09-02 20:25:49,709.48,2026-09-02,704.0,4.98,5.29,5.27,7222,115,,,,,
2026-09-02 20:25:49,709.48,2026-09-02,705.0,3.9,4.28,4.6,33413,396,,,,,
2026-09-02 20:25:49,709.48,2026-09-02,706.0,3.07,3.4,3.54,88827,204,,,,,
2026-09-02 20:25:49,709.48,2026-09-02,707.0,2.16,2.41,2.59,170479,518,,,,,
2026-09-02 20:25:49,709.48,2026-09-02,708.0,1.4,1.47,1.61,340199,215,,,,,
2026-09-02 20:25:49,709.48,2026-09-02,709.0,0.84,0.86,0.94,505311,142,1.4824,0.6301,0.26025,-0.37,0.0037
2026-09-02 20:25:49,709.48,2026-09-02,710.0,0.32,0.33,0.39,506908,710,1.3981,0.3524,0.27138,-0.325,0.0036
2026-09-02 20:25:49,709.48,2026-09-02,711.0,0.09,0.14,0.15,193180,278,1.5016,0.151,0.15936,-0.115,0.0023
2026-09-02 20:25:49,709.48,2026-09-02,712.0,0.01,0.06,0.02,115829,246,1.5916,0.0533,0.06964,-0.035,0.0011
2026-09-02 20:25:49,709.48,2026-09-02,713.0,0.03,0.04,0.03,62963,356,2.0788,0.0423,0.04433,-0.035,0.0009
2026-09-02 20:25:49,709.48,2026-09-02,714.0,0,0.03,0.01,40177,834,2.0916,0.0139,0.01734,-0.01,0.0003
2026-09-02 20:25:49,709.48,2026-09-02,715.0,0,0.01,0.01,35047,1741,2.4846,0.0119,0.01277,-0.01,0.0003
2026-09-02 20:25:49,709.48,2026-09-02,716.0,0,0.01,0.01,17968,912,2.8697,0.0105,0.00988,-0.01,0.0003
2026-09-02 20:26:50,709.48,2026-09-02,703.0,5.86,6.29,6.39,3350,100,,,,,
2026-09-02 20:26:50,709.48,2026-09-02,704.0,4.98,5.29,5.27,7222,115,,,,,
2026-09-02 20:26:50,709.48,2026-09-02,705.0,3.9,4.28,4.32,33414,396,,,,,
2026-09-02 20:26:50,709.48,2026-09-02,706.0,3.07,3.4,3.41,88830,204,,,,,
2026-09-02 20:26:50,709.48,2026-09-02,707.0,2.16,2.41,2.36,170484,518,,,,,
2026-09-02 20:26:50,709.48,2026-09-02,708.0,1.4,1.47,1.54,340227,215,,,,,
2026-09-02 20:26:50,709.48,2026-09-02,709.0,0.84,0.86,0.85,505470,142,1.4824,0.6301,0.26025,-0.37,0.0037
2026-09-02 20:26:50,709.48,2026-09-02,710.0,0.32,0.33,0.37,507618,710,1.3981,0.3524,0.27138,-0.325,0.0036
2026-09-02 20:26:50,709.48,2026-09-02,711.0,0.09,0.14,0.15,193303,278,1.5016,0.151,0.15936,-0.115,0.0023
2026-09-02 20:26:50,709.48,2026-09-02,712.0,0.01,0.06,0.02,115925,246,1.5916,0.0533,0.06964,-0.035,0.0011
2026-09-02 20:26:50,709.48,2026-09-02,713.0,0.03,0.04,0.03,62972,356,2.0788,0.0423,0.04433,-0.035,0.0009
2026-09-02 20:26:50,709.48,2026-09-02,714.0,0,0.03,0.01,40184,834,2.0916,0.0139,0.01734,-0.01,0.0003
2026-09-02 20:26:50,709.48,2026-09-02,715.0,0,0.01,0.01,35047,1741,2.4846,0.0119,0.01277,-0.01,0.0003
2026-09-02 20:26:50,709.48,2026-09-02,716.0,0,0.01,0.01,17968,912,2.8697,0.0105,0.00988,-0.01,0.0003
2026-09-02 20:27:52,709.48,2026-09-02,703.0,5.86,6.29,6.39,3350,100,,,,,
2026-09-02 20:27:52,709.48,2026-09-02,704.0,4.98,5.29,5.36,7224,115,,,,,
2026-09-02 20:27:52,709.48,2026-09-02,705.0,3.9,4.28,4.45,33416,396,,,,,
2026-09-02 20:27:52,709.48,2026-09-02,706.0,3.07,3.4,3.41,88841,204,,,,,
2026-09-02 20:27:52,709.48,2026-09-02,707.0,2.16,2.41,2.46,170484,518,,,,,
2026-09-02 20:27:52,709.48,2026-09-02,708.0,1.4,1.47,1.56,340241,215,,,,,
2026-09-02 20:27:52,709.48,2026-09-02,709.0,0.84,0.86,0.89,505568,142,1.4824,0.6301,0.26025,-0.37,0.0037
2026-09-02 20:27:52,709.48,2026-09-02,710.0,0.32,0.33,0.39,507924,710,1.3981,0.3524,0.27138,-0.325,0.0036
2026-09-02 20:27:52,709.48,2026-09-02,711.0,0.09,0.14,0.15,193341,278,1.5016,0.151,0.15936,-0.115,0.0023
2026-09-02 20:27:52,709.48,2026-09-02,712.0,0.01,0.06,0.02,115951,246,1.5916,0.0533,0.06964,-0.035,0.0011
2026-09-02 20:27:52,709.48,2026-09-02,713.0,0.03,0.04,0.03,63046,356,2.0788,0.0423,0.04433,-0.035,0.0009
2026-09-02 20:27:52,709.48,2026-09-02,714.0,0,0.03,0.01,40184,834,2.0916,0.0139,0.01734,-0.01,0.0003
2026-09-02 20:27:52,709.48,2026-09-02,715.0,0,0.01,0.01,35049,1741,2.4846,0.0119,0.01277,-0.01,0.0003
2026-09-02 20:27:52,709.48,2026-09-02,716.0,0,0.01,0.01,17970,912,2.8697,0.0105,0.00988,-0.01,0.0003
2026-09-02 20:28:53,709.48,2026-09-02,703.0,5.86,6.29,6.39,3350,100,,,,,
2026-09-02 20:28:53,709.48,2026-09-02,704.0,4.98,5.29,5.54,7262,115,,,,,
2026-09-02 20:28:53,709.48,2026-09-02,705.0,3.9,4.28,4.45,33416,396,,,,,
2026-09-02 20:28:53,709.48,2026-09-02,706.0,3.07,3.4,3.41,88841,204,,,,,
2026-09-02 20:28:53,709.48,2026-09-02,707.0,2.16,2.41,2.27,170535,518,,,,,
2026-09-02 20:28:53,709.48,2026-09-02,708.0,1.4,1.47,1.61,340246,215,,,,,
2026-09-02 20:28:53,709.48,2026-09-02,709.0,0.84,0.86,0.97,505648,142,1.4824,0.6301,0.26025,-0.37,0.0037
2026-09-02 20:28:53,709.48,2026-09-02,710.0,0.32,0.33,0.39,508175,710,1.3981,0.3524,0.27138,-0.325,0.0036
2026-09-02 20:28:53,709.48,2026-09-02,711.0,0.09,0.14,0.15,193424,278,1.5016,0.151,0.15936,-0.115,0.0023
2026-09-02 20:28:53,709.48,2026-09-02,712.0,0.01,0.06,0.02,115968,246,1.5916,0.0533,0.06964,-0.035,0.0011
2026-09-02 20:28:53,709.48,2026-09-02,713.0,0.03,0.04,0.03,63047,356,2.0788,0.0423,0.04433,-0.035,0.0009
2026-09-02 20:28:53,709.48,2026-09-02,714.0,0,0.03,0.01,40185,834,2.0916,0.0139,0.01734,-0.01,0.0003
2026-09-02 20:28:53,709.48,2026-09-02,715.0,0,0.01,0.01,35049,1741,2.4846,0.0119,0.01277,-0.01,0.0003
2026-09-02 20:28:53,709.48,2026-09-02,716.0,0,0.01,0.01,17971,912,2.8697,0.0105,0.00988,-0.01,0.0003
2026-09-02 20:29:54,709.48,2026-09-02,703.0,5.86,6.29,6.39,3350,100,,,,,
2026-09-02 20:29:54,709.48,2026-09-02,704.0,4.98,5.29,5.54,7262,115,,,,,
2026-09-02 20:29:54,709.48,2026-09-02,705.0,3.9,4.28,4.41,33439,396,,,,,
2026-09-02 20:29:54,709.48,2026-09-02,706.0,3.07,3.4,3.46,88842,204,,,,,
2026-09-02 20:29:54,709.48,2026-09-02,707.0,2.16,2.41,2.55,170538,518,,,,,
2026-09-02 20:29:54,709.48,2026-09-02,708.0,1.4,1.47,1.6,340297,215,,,,,
2026-09-02 20:29:54,709.48,2026-09-02,709.0,0.84,0.86,0.78,505662,142,1.4824,0.6301,0.26025,-0.37,0.0037
2026-09-02 20:29:54,709.48,2026-09-02,710.0,0.32,0.33,0.37,508349,710,1.3981,0.3524,0.27138,-0.325,0.0036
2026-09-02 20:29:54,709.48,2026-09-02,711.0,0.09,0.14,0.15,193620,278,1.5016,0.151,0.15936,-0.115,0.0023
2026-09-02 20:29:54,709.48,2026-09-02,712.0,0.01,0.06,0.02,116026,246,1.5916,0.0533,0.06964,-0.035,0.0011
2026-09-02 20:29:54,709.48,2026-09-02,713.0,0.03,0.04,0.03,63228,356,2.0788,0.0423,0.04433,-0.035,0.0009
2026-09-02 20:29:54,709.48,2026-09-02,714.0,0,0.03,0.01,40186,834,2.0916,0.0139,0.01734,-0.01,0.0003
2026-09-02 20:29:54,709.48,2026-09-02,715.0,0,0.01,0.01,35350,1741,2.4846,0.0119,0.01277,-0.01,0.0003
2026-09-02 20:29:54,709.48,2026-09-02,716.0,0,0.01,0.01,17971,912,2.8697,0.0105,0.00988,-0.01,0.0003
